seed,bot,move,meterBefore,meterAfter,tierBefore,stateAfter,pts,steps,gained,protein,carb,rushTaken,tierChange,refund,frenzyStarted,frenzyEnded,movesLeftAfter,altProteinPts,altCarbPts
1,random,1,50,40,normal,normal,45,1,3,0,3,true,0,0,false,false,29,60,45
1,random,2,40,51,normal,normal,30,1,3,3,0,false,0,0,false,false,28,60,60
1,random,3,51,39,normal,normal,60,1,4,0,4,true,0,0,false,false,27,,60
1,random,4,39,30,normal,normal,45,1,3,0,3,true,0,0,false,false,26,30,45
1,random,5,30,21,normal,normal,45,1,3,0,3,true,0,0,false,false,25,40,45
1,random,6,21,33,normal,normal,30,1,3,3,0,false,0,0,false,false,24,50,45
1,random,7,33,24,normal,normal,45,1,3,0,3,true,0,0,false,false,23,100,45
1,random,8,24,24,normal,normal,150,2,7,3,4,false,0,0,false,false,22,60,45
1,random,9,24,40,normal,normal,40,1,4,4,0,false,0,0,false,false,21,50,60
1,random,10,40,20,normal,normal,150,2,9,1,8,false,0,0,false,false,20,,60
1,random,11,20,28,normal,normal,390,3,17,3,14,true,0,0,false,false,19,30,120
1,random,12,28,40,normal,normal,30,1,3,3,0,false,0,0,false,false,18,40,45
1,random,13,40,51,normal,normal,30,1,3,3,0,false,0,0,false,false,17,70,
1,random,14,51,62,normal,normal,30,1,3,3,0,false,0,0,false,false,16,30,
1,random,15,62,72,normal,keto,30,1,3,3,0,false,1,2,false,false,17,30,45
1,random,16,72,71,keto,keto,960,4,15,6,9,false,0,0,false,false,16,60,120
1,random,17,71,81,keto,keto,60,1,3,3,0,false,0,0,false,false,15,60,90
1,random,18,81,90,keto,deep,60,1,3,3,0,false,1,2,false,false,16,60,90
1,random,19,90,79,deep,keto,135,1,3,0,3,true,-1,0,false,false,15,180,135
1,random,20,79,68,keto,normal,270,2,6,0,6,true,-1,0,false,false,14,60,90
1,random,21,68,82,normal,keto,350,2,11,7,4,false,1,2,false,false,15,60,60
1,random,22,82,91,keto,deep,60,1,3,3,0,false,1,2,false,false,16,80,120
1,random,23,91,100,deep,frenzy,540,2,9,4,5,false,frenzy,5,true,false,20,540,180
1,random,24,100,100,frenzy,frenzy,3440,5,24,9,15,true,0,0,false,false,19,160,360
1,random,25,100,100,frenzy,frenzy,600,2,9,5,4,false,0,0,false,false,18,440,320
1,random,26,100,100,frenzy,frenzy,420,2,6,3,3,true,0,0,false,false,17,120,240
1,random,27,100,100,frenzy,frenzy,120,1,3,3,0,false,0,0,false,false,16,120,180
1,random,28,100,70,frenzy,keto,180,1,3,0,3,true,-1,0,false,true,15,120,180
1,random,29,70,78,keto,keto,120,1,6,4,2,false,0,0,false,false,14,120,90
1,random,30,78,68,keto,normal,90,1,3,0,3,true,-1,0,false,false,13,140,90
1,random,31,68,78,normal,keto,30,1,3,3,0,false,1,2,false,false,14,40,
1,random,32,78,87,keto,deep,60,1,3,3,0,false,1,2,false,false,15,120,90
1,random,33,87,87,deep,deep,255,2,6,3,3,true,0,2,false,false,16,180,135
1,random,34,87,82,deep,keto,660,3,9,3,6,true,-1,2,false,false,17,180,135
1,random,35,82,68,keto,normal,270,2,6,0,6,true,-1,0,false,false,16,120,90
1,random,36,68,78,normal,keto,30,1,3,3,0,false,1,2,false,false,17,40,45
1,random,37,78,68,keto,normal,90,1,3,0,3,true,-1,0,false,false,16,80,90
1,random,38,68,82,normal,keto,40,1,4,4,0,false,1,2,false,false,17,40,45
1,random,39,82,71,keto,keto,90,1,3,0,3,true,0,0,false,false,16,60,90
1,random,40,71,61,keto,normal,90,1,3,0,3,true,-1,0,false,false,15,60,90
1,random,41,61,71,normal,keto,30,1,3,3,0,false,1,2,false,false,16,30,45
1,random,42,71,84,keto,keto,380,2,11,7,4,false,0,2,false,false,17,120,90
1,random,43,84,68,keto,normal,270,2,6,0,6,true,-1,0,false,false,16,120,90
1,random,44,68,69,normal,normal,105,2,6,3,3,true,0,2,false,false,17,60,45
1,random,45,69,70,normal,keto,60,1,6,3,3,false,1,2,false,false,18,60,45
1,random,46,70,71,keto,keto,150,2,6,3,3,true,0,2,false,false,19,,90
1,random,47,71,61,keto,normal,90,1,3,0,3,true,-1,0,false,false,18,60,90
1,random,48,61,34,normal,normal,270,3,9,0,9,true,0,0,false,false,17,30,45
1,random,49,34,37,normal,normal,120,2,6,3,3,false,0,0,false,false,16,30,
1,random,50,37,28,normal,normal,45,1,3,0,3,true,0,0,false,false,15,30,45
1,random,51,28,40,normal,normal,30,1,3,3,0,false,0,0,false,false,14,30,
1,random,52,40,42,normal,normal,120,2,6,3,3,false,0,0,false,false,13,30,45
1,random,53,42,33,normal,normal,45,1,3,0,3,true,0,0,false,false,12,60,45
1,random,54,33,36,normal,normal,105,2,6,3,3,true,0,0,false,false,11,60,45
1,random,55,36,16,normal,normal,435,3,15,3,12,true,0,0,false,false,10,,45
1,random,56,16,28,normal,normal,30,1,3,3,0,false,0,0,false,false,9,30,45
1,random,57,28,16,normal,normal,60,1,4,0,4,true,0,0,false,false,8,,75
1,random,58,16,0,normal,crash,90,2,6,0,6,true,-1,0,false,false,7,,45
1,random,59,0,0,crash,crash,225,3,14,3,11,false,0,0,false,false,6,15,23
1,random,60,0,3,crash,crash,121,3,9,3,6,true,0,0,false,false,5,15,40
1,random,61,3,31,crash,normal,55,2,7,7,0,false,1,0,false,false,4,30,40
1,random,62,31,34,normal,normal,405,3,13,6,7,false,0,0,false,false,3,60,45
1,random,63,34,45,normal,normal,30,1,3,3,0,false,0,0,false,false,2,60,180
1,random,64,45,48,normal,normal,80,1,8,4,4,false,0,0,false,false,1,80,180
1,random,65,48,59,normal,normal,30,1,3,3,0,false,0,0,false,false,0,60,140
2,random,1,50,40,normal,normal,45,1,3,0,3,true,0,0,false,false,29,,60
2,random,2,40,31,normal,normal,45,1,3,0,3,true,0,0,false,false,28,,45
3,random,1,50,40,normal,normal,45,1,3,0,3,true,0,0,false,false,29,30,45
3,random,2,40,28,normal,normal,60,1,4,0,4,true,0,0,false,false,28,30,60
3,random,3,28,19,normal,normal,255,3,10,3,7,true,0,0,false,false,27,30,60
3,random,4,19,10,normal,crash,45,1,3,0,3,true,-1,0,false,false,26,30,60
3,random,5,10,1,crash,crash,23,1,3,0,3,true,0,0,false,false,25,15,30
3,random,6,1,13,crash,crash,15,1,3,3,0,false,0,0,false,false,24,15,23
3,random,7,13,0,crash,crash,75,2,9,1,8,false,0,0,false,false,23,15,23
3,random,8,0,0,crash,crash,23,1,3,0,3,true,0,0,false,false,22,15,23
3,random,9,0,0,crash,crash,23,1,3,0,3,true,0,0,false,false,21,15,23
3,random,10,0,12,crash,crash,15,1,3,3,0,false,0,0,false,false,20,50,23
3,random,11,12,3,crash,crash,23,1,3,0,3,true,0,0,false,false,19,50,23
3,random,12,3,0,crash,crash,23,1,3,0,3,true,0,0,false,false,18,15,30
3,random,13,0,0,crash,crash,143,3,12,1,11,false,0,0,false,false,17,15,23
3,random,14,0,0,crash,crash,23,1,3,0,3,true,0,0,false,false,16,15,23
3,random,15,0,15,crash,crash,75,2,9,6,3,false,0,0,false,false,15,15,
3,random,16,15,18,crash,normal,53,2,6,3,3,true,1,0,false,false,14,15,23
3,random,17,18,24,normal,normal,255,3,12,6,6,false,0,0,false,false,13,60,60
3,random,18,24,27,normal,normal,120,2,6,3,3,false,0,0,false,false,12,30,45
3,random,19,27,18,normal,normal,45,1,3,0,3,true,0,0,false,false,11,30,45
3,random,20,18,33,normal,normal,210,3,9,6,3,false,0,0,false,false,10,30,60
3,random,21,33,21,normal,normal,60,1,4,0,4,true,0,0,false,false,9,30,60
3,random,22,21,24,normal,normal,75,2,6,3,3,true,0,0,false,false,8,30,45
3,random,23,24,27,normal,normal,120,2,6,3,3,false,0,0,false,false,7,30,60
3,random,24,27,50,normal,normal,90,2,6,6,0,false,0,0,false,false,6,40,60
3,random,25,50,40,normal,normal,45,1,3,0,3,true,0,0,false,false,5,30,105
3,random,26,40,54,normal,normal,210,3,9,6,3,false,0,0,false,false,4,30,45
3,random,27,54,44,normal,normal,45,1,3,0,3,true,0,0,false,false,3,30,45
3,random,28,44,55,normal,normal,30,1,3,3,0,false,0,0,false,false,2,30,45
3,random,29,55,66,normal,normal,30,1,3,3,0,false,0,0,false,false,1,30,45
3,random,30,66,56,normal,normal,45,1,3,0,3,true,0,0,false,false,0,30,45
4,random,1,50,32,normal,normal,135,2,6,0,6,true,0,0,false,false,29,30,60
4,random,2,32,35,normal,normal,120,2,6,3,3,false,0,0,false,false,28,80,60
4,random,3,35,46,normal,normal,30,1,3,3,0,false,0,0,false,false,27,80,60
4,random,4,46,48,normal,normal,60,1,6,3,3,false,0,0,false,false,26,80,60
4,random,5,48,39,normal,normal,45,1,3,0,3,true,0,0,false,false,25,,60
4,random,6,39,30,normal,normal,45,1,3,0,3,true,0,0,false,false,24,70,60
4,random,7,30,41,normal,normal,30,1,3,3,0,false,0,0,false,false,23,70,60
4,random,8,41,32,normal,normal,45,1,3,0,3,true,0,0,false,false,22,70,60
4,random,9,32,17,normal,normal,570,4,19,6,13,false,0,0,false,false,21,70,60
4,random,10,17,0,normal,crash,90,1,6,0,6,true,-1,0,false,false,20,30,90
4,random,11,0,12,crash,crash,15,1,3,3,0,false,0,0,false,false,19,15,23
4,random,12,12,24,crash,normal,15,1,3,3,0,false,1,0,false,false,18,15,40
4,random,13,24,6,normal,crash,90,2,6,0,6,true,-1,0,false,false,17,30,60
4,random,14,6,0,crash,crash,23,1,3,0,3,true,0,0,false,false,16,55,40
4,random,15,0,16,crash,normal,225,3,10,6,4,false,1,0,false,false,15,15,23
4,random,16,16,7,normal,crash,45,1,3,0,3,true,-1,0,false,false,14,130,45
4,random,17,7,0,crash,crash,55,1,11,2,9,false,0,0,false,false,13,65,23
4,random,18,0,12,crash,crash,15,1,3,3,0,false,0,0,false,false,12,15,23
4,random,19,12,3,crash,crash,23,1,3,0,3,true,0,0,false,false,11,,23
4,random,20,3,0,crash,crash,23,1,3,0,3,true,0,0,false,false,10,15,23
4,random,21,0,12,crash,crash,15,1,3,3,0,false,0,0,false,false,9,15,23
4,random,22,12,24,crash,normal,15,1,3,3,0,false,1,0,false,false,8,15,23
4,random,23,24,15,normal,crash,45,1,3,0,3,true,-1,0,false,false,7,,45
4,random,24,15,0,crash,crash,68,2,6,0,6,true,0,0,false,false,6,,23
4,random,25,0,12,crash,crash,15,1,3,3,0,false,0,0,false,false,5,15,23
4,random,26,12,0,crash,crash,68,2,6,0,6,true,0,0,false,false,4,,23
4,random,27,0,12,crash,crash,15,1,3,3,0,false,0,0,false,false,3,20,23
4,random,28,12,0,crash,crash,68,2,6,0,6,true,0,0,false,false,2,15,23
4,random,29,0,0,crash,crash,23,1,3,0,3,true,0,0,false,false,1,15,30
4,random,30,0,12,crash,crash,53,2,6,3,3,true,0,0,false,false,0,30,30
5,random,1,50,52,normal,normal,120,2,6,3,3,false,0,0,false,false,29,40,45
5,random,2,52,42,normal,normal,45,1,3,0,3,true,0,0,false,false,28,30,45
5,random,3,42,36,normal,normal,255,3,9,3,6,false,0,0,false,false,27,30,45
5,random,4,36,27,normal,normal,45,1,3,0,3,true,0,0,false,false,26,60,45
5,random,5,27,42,normal,normal,40,1,4,4,0,false,0,0,false,false,25,40,60
5,random,6,42,48,normal,normal,70,1,7,4,3,false,0,0,false,false,24,80,45
5,random,7,48,36,normal,normal,60,1,4,0,4,true,0,0,false,false,23,80,75
5,random,8,36,45,normal,normal,130,1,13,7,6,false,0,0,false,false,22,130,
5,random,9,45,56,normal,normal,30,1,3,3,0,false,0,0,false,false,21,40,60
5,random,10,56,43,normal,normal,60,1,4,0,4,true,0,0,false,false,20,,60
5,random,11,43,54,normal,normal,30,1,3,3,0,false,0,0,false,false,19,30,
5,random,12,54,65,normal,normal,30,1,3,3,0,false,0,0,false,false,18,30,45
5,random,13,65,55,normal,normal,45,1,3,0,3,true,0,0,false,false,17,,45
5,random,14,55,66,normal,normal,30,1,3,3,0,false,0,0,false,false,16,30,
5,random,15,66,56,normal,normal,45,1,3,0,3,true,0,0,false,false,15,,45
5,random,16,56,67,normal,normal,30,1,3,3,0,false,0,0,false,false,14,30,
5,random,17,67,57,normal,normal,45,1,3,0,3,true,0,0,false,false,13,30,45
5,random,18,57,68,normal,normal,30,1,3,3,0,false,0,0,false,false,12,30,
5,random,19,68,58,normal,normal,45,1,3,0,3,true,0,0,false,false,11,30,45
5,random,20,58,53,normal,normal,60,1,6,2,4,false,0,0,false,false,10,,45
5,random,21,53,43,normal,normal,45,1,3,0,3,true,0,0,false,false,9,,45
5,random,22,43,45,normal,normal,120,2,6,3,3,false,0,0,false,false,8,30,45
5,random,23,45,56,normal,normal,30,1,3,3,0,false,0,0,false,false,7,30,45
5,random,24,56,46,normal,normal,45,1,3,0,3,true,0,0,false,false,6,,45
5,random,25,46,37,normal,normal,45,1,3,0,3,true,0,0,false,false,5,,90
5,random,26,37,25,normal,normal,60,1,4,0,4,true,0,0,false,false,4,60,60
5,random,27,25,37,normal,normal,30,1,3,3,0,false,0,0,false,false,3,40,45
5,random,28,37,48,normal,normal,30,1,3,3,0,false,0,0,false,false,2,50,45
5,random,29,48,54,normal,normal,130,2,7,4,3,false,0,0,false,false,1,40,80
5,random,30,54,44,normal,normal,45,1,3,0,3,true,0,0,false,false,0,30,60
6,random,1,50,40,normal,normal,45,1,3,0,3,true,0,0,false,false,29,40,75
6,random,2,40,65,normal,normal,2115,6,47,23,24,true,0,0,false,false,28,40,105
6,random,3,65,75,normal,keto,30,1,3,3,0,false,1,2,false,false,29,30,60
6,random,4,75,68,keto,normal,270,3,9,3,6,true,-1,0,false,false,28,60,120
6,random,5,68,79,normal,keto,180,2,12,7,5,false,1,2,false,false,29,30,60
6,random,6,79,88,keto,deep,60,1,3,3,0,false,1,2,false,false,30,60,120
6,random,7,88,77,deep,keto,135,1,3,0,3,true,-1,0,false,false,29,,225
6,random,8,77,67,keto,normal,90,1,3,0,3,true,-1,0,false,false,28,,180
6,random,9,67,46,normal,normal,90,1,9,1,8,false,0,0,false,false,27,30,75
6,random,10,46,48,normal,normal,105,2,6,3,3,true,0,0,false,false,26,30,45
6,random,11,48,36,normal,normal,60,1,4,0,4,true,0,0,false,false,25,40,60
6,random,12,36,51,normal,normal,40,1,4,4,0,false,0,0,false,false,24,40,
6,random,13,51,41,normal,normal,45,1,3,0,3,true,0,0,false,false,23,30,45
6,random,14,41,52,normal,normal,30,1,3,3,0,false,0,0,false,false,22,30,
6,random,15,52,54,normal,normal,60,1,6,3,3,false,0,0,false,false,21,60,45
6,random,16,54,65,normal,normal,30,1,3,3,0,false,0,0,false,false,20,30,110
6,random,17,65,70,normal,keto,125,2,7,4,3,true,1,2,false,false,21,40,110
6,random,18,70,60,keto,normal,90,1,3,0,3,true,-1,0,false,false,20,120,90
6,random,19,60,56,normal,normal,80,1,8,3,5,false,0,0,false,false,19,30,45
6,random,20,56,59,normal,normal,680,5,29,13,16,false,0,0,false,false,18,110,45
6,random,21,59,40,normal,normal,135,2,6,0,6,true,0,0,false,false,17,30,60
6,random,22,40,31,normal,normal,45,1,3,0,3,true,0,0,false,false,16,30,45
6,random,23,31,22,normal,normal,45,1,3,0,3,true,0,0,false,false,15,30,45
6,random,24,22,25,normal,normal,120,2,6,3,3,false,0,0,false,false,14,30,60
6,random,25,25,37,normal,normal,30,1,3,3,0,false,0,0,false,false,13,30,45
6,random,26,37,48,normal,normal,30,1,3,3,0,false,0,0,false,false,12,30,60
6,random,27,48,50,normal,normal,105,2,6,3,3,true,0,0,false,false,11,30,45
6,random,28,50,40,normal,normal,45,1,3,0,3,true,0,0,false,false,10,30,45
6,random,29,40,31,normal,normal,45,1,3,0,3,true,0,0,false,false,9,,60
6,random,30,31,22,normal,normal,45,1,3,0,3,true,0,0,false,false,8,,45
6,random,31,22,13,normal,crash,45,1,3,0,3,true,-1,0,false,false,7,30,45
6,random,32,13,25,crash,normal,15,1,3,3,0,false,1,0,false,false,6,15,23
6,random,33,25,16,normal,normal,45,1,3,0,3,true,0,0,false,false,5,60,45
6,random,34,16,7,normal,crash,45,1,3,0,3,true,-1,0,false,false,4,30,45
6,random,35,7,27,crash,normal,25,1,5,5,0,false,1,0,false,false,3,25,23
6,random,36,27,41,normal,normal,120,2,9,6,3,false,0,0,false,false,2,60,90
6,random,37,41,17,normal,normal,180,2,8,0,8,true,0,0,false,false,1,30,90
6,random,38,17,8,normal,crash,45,1,3,0,3,true,-1,0,false,false,0,30,45
7,random,1,50,40,normal,normal,45,1,3,0,3,true,0,0,false,false,29,30,60
7,random,2,40,51,normal,normal,30,1,3,3,0,false,0,0,false,false,28,60,60
7,random,3,51,62,normal,normal,30,1,3,3,0,false,0,0,false,false,27,80,60
7,random,4,62,52,normal,normal,180,2,10,3,7,true,0,0,false,false,26,30,60
7,random,5,52,42,normal,normal,45,1,3,0,3,true,0,0,false,false,25,30,45
7,random,6,42,44,normal,normal,530,4,20,9,11,false,0,0,false,false,24,30,45
7,random,7,44,35,normal,normal,45,1,3,0,3,true,0,0,false,false,23,60,45
7,random,8,35,38,normal,normal,60,1,6,3,3,false,0,0,false,false,22,60,45
7,random,9,38,29,normal,normal,45,1,3,0,3,true,0,0,false,false,21,,45
7,random,10,29,20,normal,normal,45,1,3,0,3,true,0,0,false,false,20,,45
7,random,11,20,2,normal,crash,90,2,6,0,6,true,-1,0,false,false,19,,90
7,random,12,2,0,crash,crash,23,1,3,0,3,true,0,0,false,false,18,,23
7,random,13,0,12,crash,crash,211,4,15,6,9,true,0,0,false,false,17,,23
7,random,14,12,16,crash,normal,608,6,21,6,15,true,1,0,false,false,16,15,23
7,random,15,16,40,normal,normal,90,2,6,6,0,false,0,0,false,false,15,30,45
7,random,16,40,51,normal,normal,30,1,3,3,0,false,0,0,false,false,14,30,45
7,random,17,51,41,normal,normal,45,1,3,0,3,true,0,0,false,false,13,30,75
7,random,18,41,52,normal,normal,30,1,3,3,0,false,0,0,false,false,12,30,45
7,random,19,52,42,normal,normal,45,1,3,0,3,true,0,0,false,false,11,,45
7,random,20,42,27,normal,normal,75,1,5,0,5,true,0,0,false,false,10,,90
7,random,21,27,16,normal,normal,2275,9,37,9,28,true,0,0,false,false,9,,90
7,random,22,16,7,normal,crash,45,1,3,0,3,true,-1,0,false,false,8,60,60
7,random,23,7,4,crash,crash,210,4,15,6,9,false,0,0,false,false,7,30,30
7,random,24,4,16,crash,normal,135,2,7,3,4,false,1,0,false,false,6,15,23
7,random,25,16,16,normal,normal,60,1,6,2,4,false,0,0,false,false,5,,45
7,random,26,16,19,normal,normal,120,2,6,3,3,false,0,0,false,false,4,30,45
7,random,27,19,10,normal,crash,45,1,3,0,3,true,-1,0,false,false,3,30,45
7,random,28,10,25,crash,normal,135,2,9,6,3,false,1,0,false,false,2,15,23
7,random,29,25,0,normal,crash,195,2,13,0,13,true,-1,0,false,false,1,,90
7,random,30,0,3,crash,crash,30,1,6,3,3,false,0,0,false,false,0,15,38
8,random,1,50,40,normal,normal,45,1,3,0,3,true,0,0,false,false,29,30,45
8,random,2,40,51,normal,normal,30,1,3,3,0,false,0,0,false,false,28,40,45
8,random,3,51,33,normal,normal,135,2,6,0,6,true,0,0,false,false,27,30,45
8,random,4,33,44,normal,normal,30,1,3,3,0,false,0,0,false,false,26,60,45
8,random,5,44,46,normal,normal,120,2,6,3,3,false,0,0,false,false,25,60,45
8,random,6,46,57,normal,normal,30,1,3,3,0,false,0,0,false,false,24,30,45
8,random,7,57,39,normal,normal,135,2,6,0,6,true,0,0,false,false,23,30,45
8,random,8,39,50,normal,normal,30,1,3,3,0,false,0,0,false,false,22,30,45
8,random,9,50,61,normal,normal,30,1,3,3,0,false,0,0,false,false,21,30,45
8,random,10,61,34,normal,normal,270,3,9,0,9,true,0,0,false,false,20,,45
8,random,11,34,25,normal,normal,45,1,3,0,3,true,0,0,false,false,19,40,60
8,random,12,25,16,normal,normal,45,1,3,0,3,true,0,0,false,false,18,40,45
8,random,13,16,32,normal,normal,40,1,4,4,0,false,0,0,false,false,17,40,
8,random,14,32,42,normal,normal,80,1,8,5,3,false,0,0,false,false,16,40,45
8,random,15,42,33,normal,normal,45,1,3,0,3,true,0,0,false,false,15,40,45
8,random,16,33,40,normal,normal,130,2,7,4,3,false,0,0,false,false,14,40,45
8,random,17,40,31,normal,normal,45,1,3,0,3,true,0,0,false,false,13,,60
8,random,18,31,42,normal,normal,30,1,3,3,0,false,0,0,false,false,12,30,45
8,random,19,42,53,normal,normal,30,1,3,3,0,false,0,0,false,false,11,30,45
8,random,20,53,58,normal,normal,300,3,12,6,6,false,0,0,false,false,10,30,45
8,random,21,58,48,normal,normal,45,1,3,0,3,true,0,0,false,false,9,30,45
8,random,22,48,63,normal,normal,40,1,4,4,0,false,0,0,false,false,8,40,
8,random,23,63,53,normal,normal,45,1,3,0,3,true,0,0,false,false,7,,45
8,random,24,53,43,normal,normal,45,1,3,0,3,true,0,0,false,false,6,,45
9,random,1,50,40,normal,normal,45,1,3,0,3,true,0,0,false,false,29,30,60
9,random,2,40,31,normal,normal,45,1,3,0,3,true,0,0,false,false,28,30,60
9,random,3,31,22,normal,normal,45,1,3,0,3,true,0,0,false,false,27,40,45
9,random,4,22,13,normal,crash,45,1,3,0,3,true,-1,0,false,false,26,40,45
9,random,5,13,4,crash,crash,23,1,3,0,3,true,0,0,false,false,25,20,23
9,random,6,4,20,crash,normal,20,1,4,4,0,false,1,0,false,false,24,20,23
9,random,7,20,11,normal,crash,45,1,3,0,3,true,-1,0,false,false,23,30,45
9,random,8,11,2,crash,crash,23,1,3,0,3,true,0,0,false,false,22,15,23
9,random,9,2,16,crash,normal,444,6,19,7,12,true,1,0,false,false,21,20,30
9,random,10,16,7,normal,crash,45,1,3,0,3,true,-1,0,false,false,20,30,45
9,random,11,7,19,crash,normal,15,1,3,3,0,false,1,0,false,false,19,30,23
9,random,12,19,1,normal,crash,90,2,6,0,6,true,-1,0,false,false,18,60,90
9,random,13,1,0,crash,crash,23,1,3,0,3,true,0,0,false,false,17,15,23
9,random,14,0,1,crash,crash,75,2,9,4,5,false,0,0,false,false,16,30,
9,random,15,1,21,crash,normal,80,2,12,8,4,false,1,0,false,false,15,35,23
9,random,16,21,44,normal,normal,90,2,6,6,0,false,0,0,false,false,14,130,45
9,random,17,44,16,normal,normal,1155,6,26,6,20,false,0,0,false,false,13,60,75
9,random,18,16,28,normal,normal,30,1,3,3,0,false,0,0,false,false,12,30,45
9,random,19,28,16,normal,normal,60,1,4,0,4,true,0,0,false,false,11,30,60
9,random,20,16,19,normal,normal,120,2,6,3,3,false,0,0,false,false,10,70,60
9,random,21,19,10,normal,crash,45,1,3,0,3,true,-1,0,false,false,9,60,140
9,random,22,10,15,crash,crash,115,2,17,8,9,false,0,0,false,false,8,15,100
9,random,23,15,6,crash,crash,23,1,3,0,3,true,0,0,false,false,7,20,45
9,random,24,6,16,crash,normal,105,2,6,3,3,false,1,0,false,false,6,30,23
9,random,25,16,0,normal,crash,90,2,6,0,6,true,-1,0,false,false,5,60,45
9,random,26,0,0,crash,crash,105,2,9,3,6,false,0,0,false,false,4,20,23
9,random,27,0,0,crash,crash,23,1,3,0,3,true,0,0,false,false,3,15,23
9,random,28,0,3,crash,crash,60,2,6,3,3,false,0,0,false,false,2,15,23
9,random,29,3,0,crash,crash,30,1,4,0,4,true,0,0,false,false,1,30,30
9,random,30,0,0,crash,crash,23,1,3,0,3,true,0,0,false,false,0,15,23
10,random,1,50,61,normal,normal,30,1,3,3,0,false,0,0,false,false,29,60,45
10,random,2,61,71,normal,keto,30,1,3,3,0,false,1,2,false,false,30,30,45
10,random,3,71,61,keto,normal,90,1,3,0,3,true,-1,0,false,false,29,60,90
10,random,4,61,68,normal,normal,210,2,6,3,3,false,0,2,false,false,30,30,45
10,random,5,68,49,normal,normal,135,2,6,0,6,true,0,0,false,false,29,30,45
10,random,6,49,54,normal,normal,285,3,12,6,6,false,0,0,false,false,28,30,90
10,random,7,54,44,normal,normal,45,1,3,0,3,true,0,0,false,false,27,30,90
10,random,8,44,35,normal,normal,45,1,3,0,3,true,0,0,false,false,26,30,45
10,random,9,35,46,normal,normal,30,1,3,3,0,false,0,0,false,false,25,30,45
10,random,10,46,40,normal,normal,210,2,9,3,6,false,0,0,false,false,24,30,45
10,random,11,40,51,normal,normal,30,1,3,3,0,false,0,0,false,false,23,60,45
10,random,12,51,41,normal,normal,45,1,3,0,3,true,0,0,false,false,22,60,45
10,random,13,41,32,normal,normal,45,1,3,0,3,true,0,0,false,false,21,60,45
10,random,14,32,23,normal,normal,45,1,3,0,3,true,0,0,false,false,20,60,45
10,random,15,23,17,normal,normal,255,3,9,3,6,false,0,0,false,false,19,40,45
10,random,16,17,20,normal,normal,75,2,6,3,3,true,0,0,false,false,18,40,45
10,random,17,20,51,normal,normal,110,2,8,8,0,false,0,0,false,false,17,50,60
10,random,18,51,41,normal,normal,45,1,3,0,3,true,0,0,false,false,16,30,60
10,random,19,41,40,normal,normal,120,2,7,3,4,true,0,0,false,false,15,30,60
10,random,20,40,31,normal,normal,45,1,3,0,3,true,0,0,false,false,14,30,90
10,random,21,31,22,normal,normal,45,1,3,0,3,true,0,0,false,false,13,30,45
10,random,22,22,4,normal,crash,90,2,6,0,6,true,-1,0,false,false,12,30,45
10,random,23,4,3,crash,crash,318,4,25,9,16,true,0,0,false,false,11,15,23
10,random,24,3,19,crash,normal,20,1,4,4,0,false,1,0,false,false,10,20,23
10,random,25,19,10,normal,crash,45,1,3,0,3,true,-1,0,false,false,9,30,45
10,random,26,10,22,crash,normal,15,1,3,3,0,false,1,0,false,false,8,15,23
10,random,27,22,34,normal,normal,30,1,3,3,0,false,0,0,false,false,7,60,45
10,random,28,34,25,normal,normal,45,1,3,0,3,true,0,0,false,false,6,60,45
10,random,29,25,16,normal,normal,45,1,3,0,3,true,0,0,false,false,5,60,45
10,random,30,16,7,normal,crash,45,1,3,0,3,true,-1,0,false,false,4,30,45
10,random,31,7,30,crash,normal,220,3,11,8,3,false,1,0,false,false,3,30,23
10,random,32,30,33,normal,normal,120,2,6,3,3,false,0,0,false,false,2,30,45
10,random,33,33,36,normal,normal,120,2,6,3,3,false,0,0,false,false,1,30,45
10,random,34,36,27,normal,normal,45,1,3,0,3,true,0,0,false,false,0,30,45
11,random,1,50,29,normal,normal,165,2,7,0,7,true,0,0,false,false,29,,60
11,random,2,29,20,normal,normal,45,1,3,0,3,true,0,0,false,false,28,,45
11,random,3,20,16,normal,normal,210,3,9,3,6,true,0,0,false,false,27,,45
11,random,4,16,7,normal,crash,45,1,3,0,3,true,-1,0,false,false,26,30,45
11,random,5,7,16,crash,normal,270,3,12,5,7,false,1,0,false,false,25,15,
11,random,6,16,40,normal,normal,90,2,6,6,0,false,0,0,false,false,24,30,45
11,random,7,40,31,normal,normal,45,1,3,0,3,true,0,0,false,false,23,30,90
11,random,8,31,16,normal,normal,315,3,10,0,10,true,0,0,false,false,22,30,45
11,random,9,16,25,normal,normal,210,2,11,6,5,false,0,0,false,false,21,60,45
11,random,10,25,16,normal,normal,205,2,11,3,8,true,0,0,false,false,20,30,45
11,random,11,16,7,normal,crash,45,1,3,0,3,true,-1,0,false,false,19,30,60
11,random,12,7,19,crash,normal,15,1,3,3,0,false,1,0,false,false,18,15,23
11,random,13,19,38,normal,normal,195,3,10,7,3,true,0,0,false,false,17,,60
11,random,14,38,29,normal,normal,45,1,3,0,3,true,0,0,false,false,16,,60
11,random,15,29,20,normal,normal,45,1,3,0,3,true,0,0,false,false,15,,45
11,random,16,20,11,normal,crash,45,1,3,0,3,true,-1,0,false,false,14,30,45
11,random,17,11,2,crash,crash,23,1,3,0,3,true,0,0,false,false,13,30,23
11,random,18,2,13,crash,crash,40,1,8,5,3,false,0,0,false,false,12,40,23
11,random,19,13,25,crash,normal,15,1,3,3,0,false,1,0,false,false,11,30,23
11,random,20,25,28,normal,normal,465,4,15,6,9,false,0,0,false,false,10,60,45
11,random,21,28,16,normal,normal,60,1,4,0,4,true,0,0,false,false,9,,60
11,random,22,16,19,normal,normal,75,2,6,3,3,true,0,0,false,false,8,30,45
11,random,23,19,31,normal,normal,30,1,3,3,0,false,0,0,false,false,7,110,45
11,random,24,31,25,normal,normal,120,2,9,3,6,true,0,0,false,false,6,100,90
11,random,25,25,16,normal,normal,45,1,3,0,3,true,0,0,false,false,5,110,100
11,random,26,16,28,normal,normal,30,1,3,3,0,false,0,0,false,false,4,30,45
11,random,27,28,19,normal,normal,45,1,3,0,3,true,0,0,false,false,3,30,90
11,random,28,19,10,normal,crash,45,1,3,0,3,true,-1,0,false,false,2,30,45
11,random,29,10,16,crash,normal,105,2,6,3,3,false,1,0,false,false,1,15,23
11,random,30,16,28,normal,normal,30,1,3,3,0,false,0,0,false,false,0,30,45
12,random,1,50,52,normal,normal,105,2,6,3,3,true,0,0,false,false,29,50,60
12,random,2,52,53,normal,normal,205,2,11,5,6,true,0,0,false,false,28,30,45
12,random,3,53,64,normal,normal,30,1,3,3,0,false,0,0,false,false,27,30,45
12,random,4,64,54,normal,normal,45,1,3,0,3,true,0,0,false,false,26,30,45
12,random,5,54,44,normal,normal,45,1,3,0,3,true,0,0,false,false,25,60,45
12,random,6,44,69,normal,normal,270,3,12,9,3,false,0,2,false,false,26,40,
12,random,7,69,79,normal,keto,30,1,3,3,0,false,1,2,false,false,27,30,45
12,random,8,79,88,keto,deep,60,1,3,3,0,false,1,2,false,false,28,60,90
12,random,9,88,77,deep,keto,135,1,3,0,3,true,-1,0,false,false,27,,180
12,random,10,77,67,keto,normal,90,1,3,0,3,true,-1,0,false,false,26,60,90
12,random,11,67,82,normal,keto,1095,4,12,6,6,false,1,4,false,false,29,60,45
12,random,12,82,71,keto,keto,90,1,3,0,3,true,0,0,false,false,28,120,90
12,random,13,71,81,keto,keto,60,1,3,3,0,false,0,0,false,false,27,60,90
12,random,14,81,70,keto,keto,90,1,3,0,3,true,0,0,false,false,26,60,90
12,random,15,70,80,keto,keto,60,1,3,3,0,false,0,0,false,false,25,60,90
12,random,16,80,69,keto,normal,90,1,3,0,3,true,-1,0,false,false,24,60,90
12,random,17,69,90,normal,deep,150,2,6,6,0,false,1,4,false,false,27,60,60
12,random,18,90,94,deep,deep,210,1,7,4,3,false,0,0,false,false,26,210,135
12,random,19,94,100,deep,frenzy,960,3,14,9,5,false,frenzy,5,true,false,30,90,270
12,random,20,100,100,frenzy,frenzy,540,2,6,0,6,true,0,0,false,false,29,120,180
12,random,21,100,100,frenzy,frenzy,480,2,6,3,3,false,0,0,false,false,28,280,180
12,random,22,100,100,frenzy,frenzy,420,2,6,3,3,true,0,0,false,false,27,160,360
12,random,23,100,100,frenzy,frenzy,560,2,8,5,3,false,0,0,false,false,26,200,180
12,random,24,100,70,frenzy,keto,180,1,3,0,3,true,-1,0,false,true,25,120,180
12,random,25,70,60,keto,normal,90,1,3,0,3,true,-1,0,false,false,24,60,90
12,random,26,60,70,normal,keto,30,1,3,3,0,false,1,2,false,false,25,60,45
12,random,27,70,80,keto,keto,60,1,3,3,0,false,0,0,false,false,24,120,180
12,random,28,80,69,keto,normal,90,1,3,0,3,true,-1,0,false,false,23,120,180
12,random,29,69,79,normal,keto,30,1,3,3,0,false,1,2,false,false,24,30,90
12,random,30,79,68,keto,normal,90,1,3,0,3,true,-1,0,false,false,23,80,180
12,random,31,68,69,normal,normal,105,2,6,3,3,true,0,2,false,false,24,40,45
12,random,32,69,82,normal,keto,40,1,4,4,0,false,1,4,false,false,27,40,45
12,random,33,82,87,keto,deep,710,3,16,8,8,true,1,2,false,false,28,60,90
12,random,34,87,73,deep,keto,180,1,4,0,4,true,-1,0,false,false,27,180,225
12,random,35,73,81,keto,keto,120,1,6,4,2,false,0,0,false,false,26,60,90
12,random,36,81,82,keto,keto,210,2,6,3,3,true,0,0,false,false,25,,90
12,random,37,82,70,keto,keto,770,3,20,6,14,false,0,0,false,false,24,,180
12,random,38,70,60,keto,normal,90,1,3,0,3,true,-1,0,false,false,23,60,90
12,random,39,60,47,normal,normal,60,1,4,0,4,true,0,0,false,false,22,30,75
12,random,40,47,40,normal,normal,225,3,9,3,6,true,0,0,false,false,21,30,60
12,random,41,40,51,normal,normal,30,1,3,3,0,false,0,0,false,false,20,60,60
12,random,42,51,40,normal,normal,230,2,13,4,9,false,0,0,false,false,19,60,120
12,random,43,40,31,normal,normal,45,1,3,0,3,true,0,0,false,false,18,,60
12,random,44,31,16,normal,normal,165,2,7,0,7,true,0,0,false,false,17,30,75
12,random,45,16,7,normal,crash,45,1,3,0,3,true,-1,0,false,false,16,40,45
12,random,46,7,19,crash,normal,15,1,3,3,0,false,1,0,false,false,15,20,23
12,random,47,19,40,normal,normal,510,4,18,9,9,false,0,0,false,false,14,40,60
12,random,48,40,31,normal,normal,45,1,3,0,3,true,0,0,false,false,13,30,75
12,random,49,31,22,normal,normal,45,1,3,0,3,true,0,0,false,false,12,,45
12,random,50,22,13,normal,crash,45,1,3,0,3,true,-1,0,false,false,11,,45
12,random,51,13,0,crash,crash,113,2,9,0,9,true,0,0,false,false,10,30,23
12,random,52,0,12,crash,crash,15,1,3,3,0,false,0,0,false,false,9,20,
12,random,53,12,24,crash,normal,15,1,3,3,0,false,1,0,false,false,8,15,23
12,random,54,24,15,normal,crash,45,1,3,0,3,true,-1,0,false,false,7,30,45
12,random,55,15,39,crash,normal,75,2,6,6,0,false,1,0,false,false,6,15,23
12,random,56,39,21,normal,normal,135,2,6,0,6,true,0,0,false,false,5,,45
12,random,57,21,12,normal,crash,45,1,3,0,3,true,-1,0,false,false,4,,45
12,random,58,12,24,crash,normal,15,1,3,3,0,false,1,0,false,false,3,15,23
12,random,59,24,18,normal,normal,255,3,9,3,6,false,0,0,false,false,2,30,45
12,random,60,18,9,normal,crash,45,1,3,0,3,true,-1,0,false,false,1,60,60
12,random,61,9,0,crash,crash,30,1,6,1,5,false,0,0,false,false,0,30,23
13,random,1,50,65,normal,normal,40,1,4,4,0,false,0,0,false,false,29,40,45
13,random,2,65,75,normal,keto,30,1,3,3,0,false,1,2,false,false,30,60,45
13,random,3,75,96,keto,deep,240,2,6,6,0,false,1,2,false,false,31,120,90
13,random,4,96,100,deep,frenzy,240,1,8,5,3,false,frenzy,5,true,false,35,180,135
13,random,5,100,100,frenzy,frenzy,120,1,3,3,0,false,0,0,false,false,34,240,180
13,random,6,100,100,frenzy,frenzy,2700,4,19,6,13,false,0,0,false,false,33,240,180
13,random,7,100,100,frenzy,frenzy,540,2,6,0,6,true,0,0,false,false,32,120,240
13,random,8,100,100,frenzy,frenzy,120,1,3,3,0,false,0,0,false,false,31,120,180
13,random,9,100,70,frenzy,keto,420,2,6,3,3,true,-1,0,false,true,30,120,180
13,random,10,70,68,keto,normal,780,4,12,3,9,true,-1,2,false,false,31,60,90
13,random,11,68,83,normal,keto,780,4,15,9,6,false,1,4,false,false,34,30,45
13,random,12,83,92,keto,deep,60,1,3,3,0,false,1,2,false,false,35,60,90
13,random,13,92,81,deep,keto,135,1,3,0,3,true,-1,0,false,false,34,90,135
13,random,14,81,70,keto,keto,90,1,3,0,3,true,0,0,false,false,33,60,90
13,random,15,70,60,keto,normal,90,1,3,0,3,true,-1,0,false,false,32,120,90
13,random,16,60,74,normal,keto,40,1,4,4,0,false,1,2,false,false,33,60,45
13,random,17,74,64,keto,normal,90,1,3,0,3,true,-1,0,false,false,32,,90
13,random,18,64,54,normal,normal,45,1,3,0,3,true,0,0,false,false,31,,60
13,random,19,54,44,normal,normal,45,1,3,0,3,true,0,0,false,false,30,30,45
13,random,20,44,35,normal,normal,45,1,3,0,3,true,0,0,false,false,29,30,45
13,random,21,35,46,normal,normal,30,1,3,3,0,false,0,0,false,false,28,70,45
13,random,22,46,37,normal,normal,45,1,3,0,3,true,0,0,false,false,27,30,45
13,random,23,37,40,normal,normal,120,2,6,3,3,false,0,0,false,false,26,30,45
13,random,24,40,42,normal,normal,105,2,6,3,3,true,0,0,false,false,25,30,45
13,random,25,42,24,normal,normal,135,2,6,0,6,true,0,0,false,false,24,,60
13,random,26,24,27,normal,normal,120,2,6,3,3,false,0,0,false,false,23,30,
13,random,27,27,18,normal,normal,45,1,3,0,3,true,0,0,false,false,22,30,45
13,random,28,18,21,normal,normal,120,2,6,3,3,false,0,0,false,false,21,30,45
13,random,29,21,12,normal,crash,45,1,3,0,3,true,-1,0,false,false,20,30,45
13,random,30,12,27,crash,normal,60,2,9,6,3,false,1,0,false,false,19,30,23
13,random,31,27,30,normal,normal,120,2,6,3,3,false,0,0,false,false,18,30,45
13,random,32,30,31,normal,normal,165,2,9,4,5,true,0,0,false,false,17,,45
13,random,33,31,42,normal,normal,30,1,3,3,0,false,0,0,false,false,16,30,45
13,random,34,42,53,normal,normal,30,1,3,3,0,false,0,0,false,false,15,30,
13,random,35,53,26,normal,normal,270,3,9,0,9,true,0,0,false,false,14,30,60
13,random,36,26,49,normal,normal,90,2,6,6,0,false,0,0,false,false,13,60,45
13,random,37,49,31,normal,normal,135,2,6,0,6,true,0,0,false,false,12,60,45
13,random,38,31,42,normal,normal,30,1,3,3,0,false,0,0,false,false,11,60,45
13,random,39,42,53,normal,normal,30,1,3,3,0,false,0,0,false,false,10,30,45
13,random,40,53,64,normal,normal,30,1,3,3,0,false,0,0,false,false,9,30,45
13,random,41,64,54,normal,normal,45,1,3,0,3,true,0,0,false,false,8,30,45
13,random,42,54,65,normal,normal,30,1,3,3,0,false,0,0,false,false,7,30,90
13,random,43,65,55,normal,normal,45,1,3,0,3,true,0,0,false,false,6,,90
13,random,44,55,37,normal,normal,90,1,6,0,6,true,0,0,false,false,5,30,90
13,random,45,37,48,normal,normal,30,1,3,3,0,false,0,0,false,false,4,60,45
13,random,46,48,30,normal,normal,135,2,6,0,6,true,0,0,false,false,3,50,45
13,random,47,30,21,normal,normal,45,1,3,0,3,true,0,0,false,false,2,50,45
13,random,48,21,33,normal,normal,30,1,3,3,0,false,0,0,false,false,1,50,45
13,random,49,33,44,normal,normal,30,1,3,3,0,false,0,0,false,false,0,50,45
14,random,1,50,52,normal,normal,120,2,6,3,3,false,0,0,false,false,29,50,45
14,random,2,52,54,normal,normal,105,2,6,3,3,true,0,0,false,false,28,30,45
14,random,3,54,65,normal,normal,30,1,3,3,0,false,0,0,false,false,27,30,45
14,random,4,65,67,normal,normal,105,2,6,3,3,true,0,0,false,false,26,30,45
14,random,5,67,42,normal,normal,915,5,22,6,16,true,0,0,false,false,25,60,75
14,random,6,42,33,normal,normal,45,1,3,0,3,true,0,0,false,false,24,30,60
14,random,7,33,36,normal,normal,120,2,6,3,3,false,0,0,false,false,23,30,45
14,random,8,36,27,normal,normal,45,1,3,0,3,true,0,0,false,false,22,,45
14,random,9,27,39,normal,normal,30,1,3,3,0,false,0,0,false,false,21,30,45
14,random,10,39,30,normal,normal,45,1,3,0,3,true,0,0,false,false,20,,45
14,random,11,30,41,normal,normal,30,1,3,3,0,false,0,0,false,false,19,40,45
14,random,12,41,32,normal,normal,45,1,3,0,3,true,0,0,false,false,18,,45
14,random,13,32,28,normal,normal,225,3,9,3,6,true,0,0,false,false,17,,45
14,random,14,28,43,normal,normal,40,1,4,4,0,false,0,0,false,false,16,40,
14,random,15,43,34,normal,normal,45,1,3,0,3,true,0,0,false,false,15,,45
14,random,16,34,45,normal,normal,30,1,3,3,0,false,0,0,false,false,14,30,45
14,random,17,45,36,normal,normal,45,1,3,0,3,true,0,0,false,false,13,,45
14,random,18,36,39,normal,normal,120,2,6,3,3,false,0,0,false,false,12,30,45
14,random,19,39,30,normal,normal,45,1,3,0,3,true,0,0,false,false,11,30,45
14,random,20,30,16,normal,normal,135,2,6,0,6,true,0,0,false,false,10,,60
14,random,21,16,0,normal,crash,105,2,7,0,7,true,-1,0,false,false,9,,45
14,random,22,0,0,crash,crash,23,1,3,0,3,true,0,0,false,false,8,15,23
14,random,23,0,12,crash,crash,15,1,3,3,0,false,0,0,false,false,7,15,30
14,random,24,12,0,crash,crash,225,3,15,0,15,true,0,0,false,false,6,40,23
14,random,25,0,0,crash,crash,68,2,6,0,6,true,0,0,false,false,5,40,23
14,random,26,0,32,crash,normal,40,1,8,8,0,false,1,0,false,false,4,65,38
14,random,27,32,43,normal,normal,30,1,3,3,0,false,0,0,false,false,3,90,45
14,random,28,43,34,normal,normal,45,1,3,0,3,true,0,0,false,false,2,90,90
14,random,29,34,38,normal,normal,435,4,15,7,8,true,0,0,false,false,1,90,45
14,random,30,38,26,normal,normal,60,1,4,0,4,true,0,0,false,false,0,30,60
15,random,1,50,61,normal,normal,30,1,3,3,0,false,0,0,false,false,29,60,45
15,random,2,61,71,normal,keto,30,1,3,3,0,false,1,2,false,false,30,30,45
15,random,3,71,83,keto,keto,300,2,9,6,3,false,0,2,false,false,31,60,90
15,random,4,83,68,keto,normal,270,2,6,0,6,true,-1,0,false,false,30,60,90
15,random,5,68,78,normal,keto,30,1,3,3,0,false,1,2,false,false,31,40,
15,random,6,78,82,keto,keto,1340,3,15,4,11,false,0,2,false,false,32,80,90
15,random,7,82,71,keto,keto,90,1,3,0,3,true,0,0,false,false,31,120,90
15,random,8,71,81,keto,keto,60,1,3,3,0,false,0,0,false,false,30,180,90
15,random,9,81,90,keto,deep,60,1,3,3,0,false,1,2,false,false,31,120,90
15,random,10,90,79,deep,keto,135,1,3,0,3,true,-1,0,false,false,30,180,135
15,random,11,79,68,keto,normal,90,1,3,0,3,true,-1,0,false,false,29,120,90
15,random,12,68,89,normal,deep,150,2,6,6,0,false,1,4,false,false,32,30,45
15,random,13,89,78,deep,keto,135,1,3,0,3,true,-1,0,false,false,31,90,135
15,random,14,78,59,keto,normal,180,2,6,0,6,true,-1,0,false,false,30,80,90
15,random,15,59,69,normal,normal,30,1,3,3,0,false,0,2,false,false,31,90,45
15,random,16,69,79,normal,keto,30,1,3,3,0,false,1,2,false,false,32,90,45
15,random,17,79,68,keto,normal,660,3,11,0,11,true,-1,0,false,false,31,160,90
15,random,18,68,78,normal,keto,30,1,3,3,0,false,1,2,false,false,32,50,45
15,random,19,78,82,keto,keto,330,2,6,3,3,false,0,2,false,false,33,60,90
15,random,20,82,82,keto,keto,725,3,16,7,9,true,0,4,false,false,36,60,180
15,random,21,82,82,keto,keto,120,1,6,3,3,false,0,2,false,false,37,60,90
15,random,22,82,89,keto,deep,120,1,6,4,2,false,1,2,false,false,38,60,90
15,random,23,89,69,deep,normal,315,2,6,0,6,true,-1,0,false,false,37,90,135
15,random,24,69,59,normal,normal,45,1,3,0,3,true,0,0,false,false,36,30,45
15,random,25,59,69,normal,normal,30,1,3,3,0,false,0,2,false,false,37,30,45
15,random,26,69,59,normal,normal,45,1,3,0,3,true,0,0,false,false,36,30,45
15,random,27,59,73,normal,keto,40,1,4,4,0,false,1,2,false,false,37,60,45
15,random,28,73,82,keto,keto,350,2,7,4,3,false,0,2,false,false,38,120,90
15,random,29,82,71,keto,keto,90,1,3,0,3,true,0,0,false,false,37,180,90
15,random,30,71,68,keto,normal,300,2,9,3,6,false,-1,0,false,false,36,120,90
15,random,31,68,78,normal,keto,30,1,3,3,0,false,1,2,false,false,37,110,45
15,random,32,78,71,keto,keto,340,2,11,4,7,false,0,0,false,false,36,60,90
15,random,33,71,81,keto,keto,60,1,3,3,0,false,0,0,false,false,35,60,90
15,random,34,81,90,keto,deep,60,1,3,3,0,false,1,2,false,false,36,60,90
15,random,35,90,79,deep,keto,135,1,3,0,3,true,-1,0,false,false,35,90,135
15,random,36,79,68,keto,normal,90,1,3,0,3,true,-1,0,false,false,34,,90
15,random,37,68,68,normal,normal,480,3,9,3,6,false,0,2,false,false,35,60,75
15,random,38,68,68,normal,normal,510,3,12,4,8,false,0,2,false,false,36,30,60
15,random,39,68,69,normal,normal,210,2,6,3,3,false,0,2,false,false,37,30,45
15,random,40,69,70,normal,keto,210,2,6,3,3,false,1,2,false,false,38,30,45
15,random,41,70,60,keto,normal,90,1,3,0,3,true,-1,0,false,false,37,60,120
15,random,42,60,50,normal,normal,45,1,3,0,3,true,0,0,false,false,36,30,45
15,random,43,50,61,normal,normal,30,1,3,3,0,false,0,0,false,false,35,30,45
15,random,44,61,63,normal,normal,60,1,6,3,3,false,0,0,false,false,34,60,45
15,random,45,63,53,normal,normal,45,1,3,0,3,true,0,0,false,false,33,30,75
15,random,46,53,52,normal,normal,150,2,7,3,4,false,0,0,false,false,32,30,75
15,random,47,52,42,normal,normal,45,1,3,0,3,true,0,0,false,false,31,,60
15,random,48,42,28,normal,normal,275,3,14,4,10,false,0,0,false,false,30,,45
15,random,49,28,42,normal,normal,120,2,9,6,3,false,0,0,false,false,29,60,45
15,random,50,42,44,normal,normal,120,2,6,3,3,false,0,0,false,false,28,30,45
15,random,51,44,46,normal,normal,105,2,6,3,3,true,0,0,false,false,27,30,45
15,random,52,46,40,normal,normal,210,2,9,3,6,false,0,0,false,false,26,60,45
15,random,53,40,31,normal,normal,45,1,3,0,3,true,0,0,false,false,25,,45
15,random,54,31,34,normal,normal,105,2,6,3,3,true,0,0,false,false,24,,45
15,random,55,34,16,normal,normal,135,2,6,0,6,true,0,0,false,false,23,,45
15,random,56,16,0,normal,crash,90,2,6,0,6,true,-1,0,false,false,22,30,45
15,random,57,0,3,crash,crash,60,2,6,3,3,false,0,0,false,false,21,15,23
15,random,58,3,0,crash,crash,68,2,6,0,6,true,0,0,false,false,20,15,23
15,random,59,0,12,crash,crash,15,1,3,3,0,false,0,0,false,false,19,15,23
15,random,60,12,3,crash,crash,23,1,3,0,3,true,0,0,false,false,18,,23
15,random,61,3,0,crash,crash,23,1,3,0,3,true,0,0,false,false,17,15,23
15,random,62,0,0,crash,crash,68,2,6,0,6,true,0,0,false,false,16,15,30
15,random,63,0,16,crash,normal,110,2,7,4,3,false,1,0,false,false,15,20,23
15,random,64,16,7,normal,crash,45,1,3,0,3,true,-1,0,false,false,14,30,45
15,random,65,7,19,crash,normal,15,1,3,3,0,false,1,0,false,false,13,15,23
15,random,66,19,31,normal,normal,30,1,3,3,0,false,0,0,false,false,12,30,45
15,random,67,31,38,normal,normal,275,3,14,7,7,false,0,0,false,false,11,80,90
15,random,68,38,29,normal,normal,45,1,3,0,3,true,0,0,false,false,10,30,45
15,random,69,29,20,normal,normal,45,1,3,0,3,true,0,0,false,false,9,30,45
15,random,70,20,16,normal,normal,285,3,12,3,9,false,0,0,false,false,8,60,
15,random,71,16,7,normal,crash,45,1,3,0,3,true,-1,0,false,false,7,60,45
15,random,72,7,0,crash,crash,68,2,6,0,6,true,0,0,false,false,6,30,23
15,random,73,0,12,crash,crash,15,1,3,3,0,false,0,0,false,false,5,15,38
15,random,74,12,0,crash,crash,30,1,4,0,4,true,0,0,false,false,4,,38
15,random,75,0,0,crash,crash,30,1,6,2,4,false,0,0,false,false,3,,23
15,random,76,0,3,crash,crash,83,2,9,3,6,true,0,0,false,false,2,30,23
15,random,77,3,15,crash,crash,15,1,3,3,0,false,0,0,false,false,1,25,23
15,random,78,15,6,crash,crash,23,1,3,0,3,true,0,0,false,false,0,15,23
16,random,1,50,32,normal,normal,135,2,6,0,6,true,0,0,false,false,29,,75
16,random,2,32,43,normal,normal,30,1,3,3,0,false,0,0,false,false,28,30,45
16,random,3,43,25,normal,normal,135,2,6,0,6,true,0,0,false,false,27,30,45
16,random,4,25,37,normal,normal,30,1,3,3,0,false,0,0,false,false,26,30,45
16,random,5,37,28,normal,normal,45,1,3,0,3,true,0,0,false,false,25,30,45
16,random,6,28,40,normal,normal,30,1,3,3,0,false,0,0,false,false,24,40,45
16,random,7,40,22,normal,normal,135,2,6,0,6,true,0,0,false,false,23,40,45
16,random,8,22,4,normal,crash,90,2,6,0,6,true,-1,0,false,false,22,40,45
16,random,9,4,16,crash,normal,105,2,6,3,3,false,1,0,false,false,21,20,23
16,random,10,16,32,normal,normal,40,1,4,4,0,false,0,0,false,false,20,40,
16,random,11,32,43,normal,normal,30,1,3,3,0,false,0,0,false,false,19,30,45
16,random,12,43,34,normal,normal,45,1,3,0,3,true,0,0,false,false,18,60,45
16,random,13,34,45,normal,normal,30,1,3,3,0,false,0,0,false,false,17,80,45
16,random,14,45,54,normal,normal,60,1,6,4,2,false,0,0,false,false,16,80,45
16,random,15,54,44,normal,normal,45,1,3,0,3,true,0,0,false,false,15,,45
16,random,16,44,55,normal,normal,30,1,3,3,0,false,0,0,false,false,14,30,45
16,random,17,55,45,normal,normal,45,1,3,0,3,true,0,0,false,false,13,30,45
16,random,18,45,36,normal,normal,45,1,3,0,3,true,0,0,false,false,12,30,45
16,random,19,36,68,normal,normal,370,3,17,12,5,false,0,0,false,false,11,30,45
16,random,20,68,58,normal,normal,45,1,3,0,3,true,0,0,false,false,10,30,75
16,random,21,58,68,normal,normal,30,1,3,3,0,false,0,2,false,false,11,30,45
16,random,22,68,32,normal,normal,780,5,19,3,16,true,0,0,false,false,10,30,45
16,random,23,32,23,normal,normal,45,1,3,0,3,true,0,0,false,false,9,60,45
16,random,24,23,14,normal,crash,45,1,3,0,3,true,-1,0,false,false,8,50,45
16,random,25,14,26,crash,normal,15,1,3,3,0,false,1,0,false,false,7,20,23
16,random,26,26,17,normal,normal,45,1,3,0,3,true,0,0,false,false,6,30,45
16,random,27,17,20,normal,normal,120,2,6,3,3,false,0,0,false,false,5,80,
16,random,28,20,11,normal,crash,45,1,3,0,3,true,-1,0,false,false,4,80,45
16,random,29,11,2,crash,crash,23,1,3,0,3,true,0,0,false,false,3,15,23
16,random,30,2,14,crash,crash,15,1,3,3,0,false,0,0,false,false,2,15,23
16,random,31,14,26,crash,normal,15,1,3,3,0,false,1,0,false,false,1,15,30
16,random,32,26,17,normal,normal,45,1,3,0,3,true,0,0,false,false,0,30,90
17,random,1,50,52,normal,normal,105,2,6,3,3,true,0,0,false,false,29,30,45
17,random,2,52,45,normal,normal,240,3,9,3,6,true,0,0,false,false,28,30,45
17,random,3,45,36,normal,normal,45,1,3,0,3,true,0,0,false,false,27,30,45
17,random,4,36,39,normal,normal,105,2,6,3,3,true,0,0,false,false,26,40,75
17,random,5,39,30,normal,normal,45,1,3,0,3,true,0,0,false,false,25,50,45
17,random,6,30,41,normal,normal,30,1,3,3,0,false,0,0,false,false,24,50,45
17,random,7,41,52,normal,normal,30,1,3,3,0,false,0,0,false,false,23,30,45
17,random,8,52,42,normal,normal,45,1,3,0,3,true,0,0,false,false,22,30,75
17,random,9,42,30,normal,normal,60,1,4,0,4,true,0,0,false,false,21,30,75
17,random,10,30,21,normal,normal,45,1,3,0,3,true,0,0,false,false,20,30,45
17,random,11,21,17,normal,normal,60,1,6,2,4,false,0,0,false,false,19,30,60
17,random,12,17,24,normal,normal,350,3,14,7,7,false,0,0,false,false,18,30,45
17,random,13,24,28,normal,normal,80,1,8,4,4,false,0,0,false,false,17,60,80
17,random,14,28,31,normal,normal,120,2,6,3,3,false,0,0,false,false,16,60,45
17,random,15,31,38,normal,normal,125,2,7,4,3,true,0,0,false,false,15,30,90
17,random,16,38,29,normal,normal,45,1,3,0,3,true,0,0,false,false,14,30,45
17,random,17,29,20,normal,normal,45,1,3,0,3,true,0,0,false,false,13,30,45
17,random,18,20,37,normal,normal,60,1,6,5,1,false,0,0,false,false,12,90,45
17,random,19,37,48,normal,normal,30,1,3,3,0,false,0,0,false,false,11,60,75
17,random,20,48,39,normal,normal,45,1,3,0,3,true,0,0,false,false,10,30,75
17,random,21,39,30,normal,normal,45,1,3,0,3,true,0,0,false,false,9,70,45
17,random,22,30,53,normal,normal,475,3,20,12,8,true,0,0,false,false,8,30,45
17,random,23,53,43,normal,normal,45,1,3,0,3,true,0,0,false,false,7,30,45
17,random,24,43,34,normal,normal,45,1,3,0,3,true,0,0,false,false,6,30,45
17,random,25,34,45,normal,normal,30,1,3,3,0,false,0,0,false,false,5,40,45
17,random,26,45,56,normal,normal,30,1,3,3,0,false,0,0,false,false,4,40,45
17,random,27,56,70,normal,keto,40,1,4,4,0,false,1,2,false,false,5,40,45
17,random,28,70,68,keto,normal,420,3,9,3,6,true,-1,2,false,false,6,60,120
17,random,29,68,78,normal,keto,30,1,3,3,0,false,1,2,false,false,7,30,45
17,random,30,78,68,keto,normal,90,1,3,0,3,true,-1,0,false,false,6,60,90
17,random,31,68,87,normal,deep,560,3,16,10,6,false,1,4,false,false,9,90,45
17,random,32,87,76,deep,keto,135,1,3,0,3,true,-1,0,false,false,8,90,135
17,random,33,76,89,keto,deep,80,1,4,4,0,false,1,2,false,false,9,80,90
17,random,34,89,78,deep,keto,135,1,3,0,3,true,-1,0,false,false,8,,135
17,random,35,78,68,keto,normal,90,1,3,0,3,true,-1,0,false,false,7,60,90
17,random,36,68,78,normal,keto,30,1,3,3,0,false,1,2,false,false,8,30,45
17,random,37,78,85,keto,deep,120,1,6,4,2,false,1,2,false,false,9,60,90
17,random,38,85,74,deep,keto,135,1,3,0,3,true,-1,0,false,false,8,90,135
17,random,39,74,75,keto,keto,150,2,6,3,3,true,0,2,false,false,9,60,120
17,random,40,75,65,keto,normal,90,1,3,0,3,true,-1,0,false,false,8,100,210
17,random,41,65,68,normal,normal,210,2,6,3,3,false,0,2,false,false,9,50,45
17,random,42,68,58,normal,normal,45,1,3,0,3,true,0,0,false,false,8,,60
17,random,43,58,48,normal,normal,45,1,3,0,3,true,0,0,false,false,7,,60
17,random,44,48,39,normal,normal,45,1,3,0,3,true,0,0,false,false,6,,45
17,random,45,39,30,normal,normal,45,1,3,0,3,true,0,0,false,false,5,30,45
17,random,46,30,52,normal,normal,140,2,11,8,3,false,0,0,false,false,4,30,
17,random,47,52,54,normal,normal,120,2,6,3,3,false,0,0,false,false,3,30,45
17,random,48,54,65,normal,normal,30,1,3,3,0,false,0,0,false,false,2,30,45
17,random,49,65,75,normal,keto,30,1,3,3,0,false,1,2,false,false,3,30,45
17,random,50,75,65,keto,normal,90,1,3,0,3,true,-1,0,false,false,2,,90
17,random,51,65,55,normal,normal,45,1,3,0,3,true,0,0,false,false,1,,45
17,random,52,55,45,normal,normal,45,1,3,0,3,true,0,0,false,false,0,60,45
18,random,1,50,40,normal,normal,45,1,3,0,3,true,0,0,false,false,29,60,60
18,random,2,40,51,normal,normal,30,1,3,3,0,false,0,0,false,false,28,40,45
18,random,3,51,41,normal,normal,45,1,3,0,3,true,0,0,false,false,27,30,45
18,random,4,41,52,normal,normal,30,1,3,3,0,false,0,0,false,false,26,30,45
18,random,5,52,54,normal,normal,105,2,6,3,3,true,0,0,false,false,25,30,45
18,random,6,54,44,normal,normal,45,1,3,0,3,true,0,0,false,false,24,60,60
18,random,7,44,69,normal,normal,330,4,12,9,3,false,0,2,false,false,25,60,45
18,random,8,69,47,normal,normal,165,2,7,0,7,true,0,0,false,false,24,30,45
18,random,9,47,38,normal,normal,285,3,10,3,7,true,0,0,false,false,23,80,60
18,random,10,38,52,normal,normal,165,2,9,6,3,true,0,0,false,false,22,30,45
18,random,11,52,34,normal,normal,135,2,6,0,6,true,0,0,false,false,21,30,90
18,random,12,34,37,normal,normal,105,2,6,3,3,true,0,0,false,false,20,90,60
18,random,13,37,30,normal,normal,705,5,21,8,13,false,0,0,false,false,19,90,90
18,random,14,30,21,normal,normal,45,1,3,0,3,true,0,0,false,false,18,30,45
18,random,15,21,25,normal,normal,100,2,8,4,4,true,0,0,false,false,17,30,60
18,random,16,25,28,normal,normal,120,2,6,3,3,false,0,0,false,false,16,30,45
18,random,17,28,19,normal,normal,45,1,3,0,3,true,0,0,false,false,15,30,45
18,random,18,19,22,normal,normal,120,2,6,3,3,false,0,0,false,false,14,30,
18,random,19,22,8,normal,crash,580,4,35,10,25,true,-1,0,false,false,13,50,45
18,random,20,8,0,crash,crash,23,1,3,0,3,true,0,0,false,false,12,25,23
18,random,21,0,12,crash,crash,15,1,3,3,0,false,0,0,false,false,11,25,23
18,random,22,12,32,crash,normal,25,1,5,5,0,false,1,0,false,false,10,25,23
18,random,23,32,35,normal,normal,60,1,6,3,3,false,0,0,false,false,9,60,60
18,random,24,35,46,normal,normal,30,1,3,3,0,false,0,0,false,false,8,30,45
18,random,25,46,37,normal,normal,45,1,3,0,3,true,0,0,false,false,7,,45
18,random,26,37,28,normal,normal,45,1,3,0,3,true,0,0,false,false,6,30,45
18,random,27,28,19,normal,normal,45,1,3,0,3,true,0,0,false,false,5,30,90
18,random,28,19,10,normal,crash,45,1,3,0,3,true,-1,0,false,false,4,30,45
18,random,29,10,16,crash,normal,240,3,9,3,6,false,1,0,false,false,3,30,23
18,random,30,16,40,normal,normal,90,2,6,6,0,false,0,0,false,false,2,30,45
18,random,31,40,51,normal,normal,30,1,3,3,0,false,0,0,false,false,1,30,45
18,random,32,51,24,normal,normal,225,2,9,0,9,true,0,0,false,false,0,30,45
19,random,1,50,32,normal,normal,135,2,6,0,6,true,0,0,false,false,29,30,60
19,random,2,32,43,normal,normal,30,1,3,3,0,false,0,0,false,false,28,30,45
19,random,3,43,54,normal,normal,30,1,3,3,0,false,0,0,false,false,27,60,
19,random,4,54,44,normal,normal,45,1,3,0,3,true,0,0,false,false,26,40,45
19,random,5,44,32,normal,normal,60,1,4,0,4,true,0,0,false,false,25,30,60
19,random,6,32,43,normal,normal,30,1,3,3,0,false,0,0,false,false,24,60,45
19,random,7,43,66,normal,normal,90,2,6,6,0,false,0,0,false,false,23,30,80
19,random,8,66,61,normal,normal,60,1,6,2,4,false,0,0,false,false,22,30,45
19,random,9,61,57,normal,normal,465,4,15,6,9,true,0,0,false,false,21,30,45
19,random,10,57,59,normal,normal,105,2,6,3,3,true,0,0,false,false,20,30,45
19,random,11,59,29,normal,normal,315,3,10,0,10,true,0,0,false,false,19,30,45
19,random,12,29,40,normal,normal,30,1,3,3,0,false,0,0,false,false,18,60,45
19,random,13,40,42,normal,normal,120,2,6,3,3,false,0,0,false,false,17,30,45
19,random,14,42,33,normal,normal,45,1,3,0,3,true,0,0,false,false,16,30,45
19,random,15,33,27,normal,normal,165,2,9,3,6,true,0,0,false,false,15,30,45
19,random,16,27,39,normal,normal,30,1,3,3,0,false,0,0,false,false,14,30,45
19,random,17,39,30,normal,normal,45,1,3,0,3,true,0,0,false,false,13,,45
19,random,18,30,21,normal,normal,45,1,3,0,3,true,0,0,false,false,12,,45
19,random,19,21,12,normal,crash,45,1,3,0,3,true,-1,0,false,false,11,,45
19,random,20,12,9,crash,crash,40,1,8,3,5,false,0,0,false,false,10,,23
19,random,21,9,21,crash,normal,15,1,3,3,0,false,1,0,false,false,9,15,23
19,random,22,21,24,normal,normal,75,2,6,3,3,true,0,0,false,false,8,30,45
19,random,23,24,27,normal,normal,75,2,6,3,3,true,0,0,false,false,7,60,45
19,random,24,27,18,normal,normal,45,1,3,0,3,true,0,0,false,false,6,30,45
19,random,25,18,9,normal,crash,45,1,3,0,3,true,-1,0,false,false,5,30,45
19,random,26,9,21,crash,normal,15,1,3,3,0,false,1,0,false,false,4,20,23
19,random,27,21,12,normal,crash,45,1,3,0,3,true,-1,0,false,false,3,30,45
19,random,28,12,0,crash,crash,68,2,6,0,6,true,0,0,false,false,2,20,23
19,random,29,0,16,crash,normal,20,1,4,4,0,false,1,0,false,false,1,20,23
19,random,30,16,19,normal,normal,120,2,6,3,3,false,0,0,false,false,0,30,60
20,random,1,50,61,normal,normal,30,1,3,3,0,false,0,0,false,false,29,60,45
20,random,2,61,68,normal,normal,210,2,6,3,3,false,0,2,false,false,30,70,45
20,random,3,68,82,normal,keto,330,2,9,6,3,false,1,4,false,false,33,60,45
20,random,4,82,68,keto,normal,270,2,6,0,6,true,-1,0,false,false,32,,90
20,random,5,68,58,normal,normal,45,1,3,0,3,true,0,0,false,false,31,30,45
20,random,6,58,68,normal,normal,30,1,3,3,0,false,0,2,false,false,32,30,45
20,random,7,68,49,normal,normal,135,2,6,0,6,true,0,0,false,false,31,30,60
20,random,8,49,40,normal,normal,45,1,3,0,3,true,0,0,false,false,30,,60
20,random,9,40,67,normal,normal,480,3,21,13,8,false,0,0,false,false,29,30,90
20,random,10,67,57,normal,normal,45,1,3,0,3,true,0,0,false,false,28,30,45
20,random,11,57,47,normal,normal,45,1,3,0,3,true,0,0,false,false,27,30,75
20,random,12,47,58,normal,normal,30,1,3,3,0,false,0,0,false,false,26,30,45
20,random,13,58,48,normal,normal,45,1,3,0,3,true,0,0,false,false,25,30,45
20,random,14,48,39,normal,normal,45,1,3,0,3,true,0,0,false,false,24,30,45
20,random,15,39,50,normal,normal,30,1,3,3,0,false,0,0,false,false,23,60,45
20,random,16,50,61,normal,normal,30,1,3,3,0,false,0,0,false,false,22,40,45
20,random,17,61,68,normal,normal,210,2,6,3,3,false,0,2,false,false,23,30,45
20,random,18,68,69,normal,normal,105,2,6,3,3,true,0,2,false,false,24,30,45
20,random,19,69,59,normal,normal,45,1,3,0,3,true,0,0,false,false,23,30,45
20,random,20,59,69,normal,normal,30,1,3,3,0,false,0,2,false,false,24,30,45
20,random,21,69,79,normal,keto,30,1,3,3,0,false,1,2,false,false,25,30,45
20,random,22,79,94,keto,deep,960,3,15,9,6,false,1,2,false,false,26,60,90
20,random,23,94,100,deep,frenzy,450,2,6,3,3,false,frenzy,5,true,false,30,90,135
20,random,24,100,100,frenzy,frenzy,480,2,6,3,3,false,0,0,false,false,29,120,180
20,random,25,100,100,frenzy,frenzy,180,1,3,0,3,true,0,0,false,false,28,240,300
20,random,26,100,100,frenzy,frenzy,960,2,10,0,10,true,0,0,false,false,27,120,360
20,random,27,100,100,frenzy,frenzy,660,2,9,3,6,true,0,0,false,false,26,,240
20,random,28,100,70,frenzy,keto,180,1,3,0,3,true,-1,0,false,true,25,,180
20,random,29,70,82,keto,keto,975,3,14,6,8,false,0,2,false,false,26,60,210
20,random,30,82,63,keto,normal,180,1,6,0,6,true,-1,0,false,false,25,120,210
20,random,31,63,68,normal,normal,250,2,10,4,6,false,0,2,false,false,26,70,130
20,random,32,68,49,normal,normal,135,2,6,0,6,true,0,0,false,false,25,,90
20,random,33,49,29,normal,normal,290,2,16,4,12,false,0,0,false,false,24,60,90
20,random,34,29,40,normal,normal,30,1,3,3,0,false,0,0,false,false,23,60,45
20,random,35,40,31,normal,normal,45,1,3,0,3,true,0,0,false,false,22,60,45
20,random,36,31,57,normal,normal,150,2,12,9,3,false,0,0,false,false,21,60,45
20,random,37,57,47,normal,normal,45,1,3,0,3,true,0,0,false,false,20,30,60
20,random,38,47,58,normal,normal,30,1,3,3,0,false,0,0,false,false,19,30,90
20,random,39,58,51,normal,normal,240,3,9,3,6,true,0,0,false,false,18,,90
20,random,40,51,27,normal,normal,195,2,8,0,8,true,0,0,false,false,17,60,90
20,random,41,27,39,normal,normal,30,1,3,3,0,false,0,0,false,false,16,60,45
20,random,42,39,50,normal,normal,30,1,3,3,0,false,0,0,false,false,15,60,45
20,random,43,50,61,normal,normal,30,1,3,3,0,false,0,0,false,false,14,30,45
20,random,44,61,48,normal,normal,60,1,4,0,4,true,0,0,false,false,13,,60
20,random,45,48,30,normal,normal,135,2,6,0,6,true,0,0,false,false,12,,45
20,random,46,30,16,normal,normal,635,4,21,5,16,false,0,0,false,false,11,30,90
20,random,47,16,28,normal,normal,30,1,3,3,0,false,0,0,false,false,10,30,120
20,random,48,28,16,normal,normal,170,2,11,2,9,false,0,0,false,false,9,30,45
20,random,49,16,7,normal,crash,45,1,3,0,3,true,-1,0,false,false,8,60,45
20,random,50,7,0,crash,crash,23,1,3,0,3,true,0,0,false,false,7,15,23
20,random,51,0,0,crash,crash,30,1,6,2,4,false,0,0,false,false,6,30,45
20,random,52,0,0,crash,crash,23,1,3,0,3,true,0,0,false,false,5,15,23
20,random,53,0,0,crash,crash,105,2,9,3,6,false,0,0,false,false,4,20,23
20,random,54,0,12,crash,crash,15,1,3,3,0,false,0,0,false,false,3,30,23
20,random,55,12,3,crash,crash,23,1,3,0,3,true,0,0,false,false,2,20,23
20,random,56,3,0,crash,crash,23,1,3,0,3,true,0,0,false,false,1,20,23
20,random,57,0,0,crash,crash,75,2,7,3,4,false,0,0,false,false,0,25,
21,random,1,50,40,normal,normal,45,1,3,0,3,true,0,0,false,false,29,30,45
21,random,2,40,51,normal,normal,30,1,3,3,0,false,0,0,false,false,28,30,45
21,random,3,51,41,normal,normal,45,1,3,0,3,true,0,0,false,false,27,,45
21,random,4,41,32,normal,normal,45,1,3,0,3,true,0,0,false,false,26,40,45
21,random,5,32,47,normal,normal,40,1,4,4,0,false,0,0,false,false,25,60,45
21,random,6,47,38,normal,normal,45,1,3,0,3,true,0,0,false,false,24,60,45
21,random,7,38,61,normal,normal,90,2,6,6,0,false,0,0,false,false,23,30,45
21,random,8,61,51,normal,normal,45,1,3,0,3,true,0,0,false,false,22,30,45
21,random,9,51,62,normal,normal,30,1,3,3,0,false,0,0,false,false,21,30,45
21,random,10,62,72,normal,keto,30,1,3,3,0,false,1,2,false,false,22,30,45
21,random,11,72,82,keto,keto,60,1,3,3,0,false,0,0,false,false,21,80,90
21,random,12,82,71,keto,keto,90,1,3,0,3,true,0,0,false,false,20,60,90
21,random,13,71,61,keto,normal,90,1,3,0,3,true,-1,0,false,false,19,60,90
21,random,14,61,82,normal,keto,150,2,6,6,0,false,1,4,false,false,22,30,45
21,random,15,82,91,keto,deep,60,1,3,3,0,false,1,2,false,false,23,60,90
21,random,16,91,80,deep,keto,135,1,3,0,3,true,-1,0,false,false,22,180,135
21,random,17,80,69,keto,normal,90,1,3,0,3,true,-1,0,false,false,21,100,90
21,random,18,69,59,normal,normal,45,1,3,0,3,true,0,0,false,false,20,50,45
21,random,19,59,69,normal,normal,30,1,3,3,0,false,0,2,false,false,21,50,45
21,random,20,69,59,normal,normal,45,1,3,0,3,true,0,0,false,false,20,60,45
21,random,21,59,61,normal,normal,60,1,6,3,3,false,0,0,false,false,19,60,45
21,random,22,61,37,normal,normal,165,2,8,0,8,true,0,0,false,false,18,70,75
21,random,23,37,19,normal,normal,135,2,6,0,6,true,0,0,false,false,17,60,45
21,random,24,19,10,normal,crash,45,1,3,0,3,true,-1,0,false,false,16,60,45
21,random,25,10,22,crash,normal,15,1,3,3,0,false,1,0,false,false,15,30,23
21,random,26,22,34,normal,normal,30,1,3,3,0,false,0,0,false,false,14,30,45
21,random,27,34,25,normal,normal,45,1,3,0,3,true,0,0,false,false,13,,45
21,random,28,25,16,normal,normal,45,1,3,0,3,true,0,0,false,false,12,,45
21,random,29,16,7,normal,crash,45,1,3,0,3,true,-1,0,false,false,11,30,45
21,random,30,7,23,crash,normal,20,1,4,4,0,false,1,0,false,false,10,35,23
21,random,31,23,35,normal,normal,30,1,3,3,0,false,0,0,false,false,9,30,45
21,random,32,35,26,normal,normal,45,1,3,0,3,true,0,0,false,false,8,,90
21,random,33,26,17,normal,normal,45,1,3,0,3,true,0,0,false,false,7,30,45
21,random,34,17,8,normal,crash,45,1,3,0,3,true,-1,0,false,false,6,60,45
21,random,35,8,23,crash,normal,120,2,9,6,3,false,1,0,false,false,5,30,23
21,random,36,23,14,normal,crash,45,1,3,0,3,true,-1,0,false,false,4,130,45
21,random,37,14,26,crash,normal,15,1,3,3,0,false,1,0,false,false,3,70,23
21,random,38,26,17,normal,normal,45,1,3,0,3,true,0,0,false,false,2,,45
21,random,39,17,8,normal,crash,45,1,3,0,3,true,-1,0,false,false,1,,45
21,random,40,8,0,crash,crash,23,1,3,0,3,true,0,0,false,false,0,,38
22,random,1,50,61,normal,normal,30,1,3,3,0,false,0,0,false,false,29,50,45
22,random,2,61,68,normal,normal,210,2,6,3,3,false,0,2,false,false,30,60,45
22,random,3,68,82,normal,keto,555,3,9,6,3,false,1,4,false,false,33,40,45
22,random,4,82,91,keto,deep,60,1,3,3,0,false,1,2,false,false,34,80,90
22,random,5,91,80,deep,keto,135,1,3,0,3,true,-1,0,false,false,33,120,135
22,random,6,80,84,keto,keto,350,2,7,4,3,false,0,2,false,false,34,120,90
22,random,7,84,100,keto,frenzy,1710,4,19,12,7,false,frenzy,7,true,false,40,120,90
22,random,8,100,100,frenzy,frenzy,540,2,6,0,6,true,0,0,false,false,39,120,240
22,random,9,100,100,frenzy,frenzy,120,1,3,3,0,false,0,0,false,false,38,120,240
22,random,10,100,100,frenzy,frenzy,180,1,3,0,3,true,0,0,false,false,37,120,300
22,random,11,100,100,frenzy,frenzy,3060,4,18,3,15,true,0,0,false,false,36,120,300
22,random,12,100,70,frenzy,keto,480,2,6,3,3,false,-1,0,false,true,35,120,240
22,random,13,70,60,keto,normal,90,1,3,0,3,true,-1,0,false,false,34,60,120
22,random,14,60,50,normal,normal,45,1,3,0,3,true,0,0,false,false,33,30,45
22,random,15,50,35,normal,normal,345,3,12,3,9,false,0,0,false,false,32,60,45
22,random,16,35,26,normal,normal,45,1,3,0,3,true,0,0,false,false,31,70,75
22,random,17,26,14,normal,crash,60,1,4,0,4,true,-1,0,false,false,30,,60
22,random,18,14,10,crash,crash,30,1,6,2,4,false,0,0,false,false,29,35,23
22,random,19,10,0,crash,crash,105,2,11,3,8,false,0,0,false,false,28,30,23
22,random,20,0,28,crash,normal,100,2,13,9,4,false,1,0,false,false,27,15,30
22,random,21,28,19,normal,normal,45,1,3,0,3,true,0,0,false,false,26,70,45
22,random,22,19,31,normal,normal,30,1,3,3,0,false,0,0,false,false,25,70,45
22,random,23,31,40,normal,normal,595,4,25,12,13,false,0,0,false,false,24,40,75
22,random,24,40,51,normal,normal,30,1,3,3,0,false,0,0,false,false,23,40,45
22,random,25,51,41,normal,normal,45,1,3,0,3,true,0,0,false,false,22,40,75
22,random,26,41,52,normal,normal,30,1,3,3,0,false,0,0,false,false,21,40,75
22,random,27,52,16,normal,normal,345,2,13,0,13,true,0,0,false,false,20,30,60
22,random,28,16,42,normal,normal,210,3,12,9,3,false,0,0,false,false,19,30,45
22,random,29,42,57,normal,normal,40,1,4,4,0,false,0,0,false,false,18,40,45
22,random,30,57,47,normal,normal,45,1,3,0,3,true,0,0,false,false,17,30,45
22,random,31,47,29,normal,normal,135,2,6,0,6,true,0,0,false,false,16,30,45
22,random,32,29,32,normal,normal,120,2,6,3,3,false,0,0,false,false,15,30,45
22,random,33,32,43,normal,normal,30,1,3,3,0,false,0,0,false,false,14,30,60
22,random,34,43,28,normal,normal,315,3,12,3,9,true,0,0,false,false,13,,45
22,random,35,28,31,normal,normal,120,2,6,3,3,false,0,0,false,false,12,50,75
22,random,36,31,22,normal,normal,45,1,3,0,3,true,0,0,false,false,11,70,75
22,random,37,22,34,normal,normal,30,1,3,3,0,false,0,0,false,false,10,70,75
22,random,38,34,49,normal,normal,40,1,4,4,0,false,0,0,false,false,9,70,75
22,random,39,49,32,normal,normal,80,1,8,1,7,false,0,0,false,false,8,70,75
22,random,40,32,17,normal,normal,75,1,5,0,5,true,0,0,false,false,7,60,75
22,random,41,17,28,normal,normal,315,3,15,8,7,false,0,0,false,false,6,30,45
22,random,42,28,19,normal,normal,45,1,3,0,3,true,0,0,false,false,5,30,75
22,random,43,19,10,normal,crash,45,1,3,0,3,true,-1,0,false,false,4,30,60
22,random,44,10,22,crash,normal,15,1,3,3,0,false,1,0,false,false,3,15,23
22,random,45,22,34,normal,normal,30,1,3,3,0,false,0,0,false,false,2,30,45
22,random,46,34,45,normal,normal,30,1,3,3,0,false,0,0,false,false,1,30,
22,random,47,45,36,normal,normal,45,1,3,0,3,true,0,0,false,false,0,,45
23,random,1,50,40,normal,normal,45,1,3,0,3,true,0,0,false,false,29,30,45
23,random,2,40,51,normal,normal,30,1,3,3,0,false,0,0,false,false,28,30,45
23,random,3,51,41,normal,normal,45,1,3,0,3,true,0,0,false,false,27,30,60
23,random,4,41,43,normal,normal,120,2,6,3,3,false,0,0,false,false,26,60,60
23,random,5,43,34,normal,normal,45,1,3,0,3,true,0,0,false,false,25,40,45
23,random,6,34,25,normal,normal,45,1,3,0,3,true,0,0,false,false,24,40,45
23,random,7,25,28,normal,normal,105,2,6,3,3,true,0,0,false,false,23,30,45
23,random,8,28,40,normal,normal,30,1,3,3,0,false,0,0,false,false,22,60,
23,random,9,40,22,normal,normal,90,1,6,0,6,true,0,0,false,false,21,60,90
23,random,10,22,13,normal,crash,45,1,3,0,3,true,-1,0,false,false,20,70,45
23,random,11,13,25,crash,normal,15,1,3,3,0,false,1,0,false,false,19,35,23
23,random,12,25,28,normal,normal,120,2,6,3,3,false,0,0,false,false,18,60,45
23,random,13,28,40,normal,normal,30,1,3,3,0,false,0,0,false,false,17,30,45
23,random,14,40,16,normal,normal,645,5,15,3,12,true,0,0,false,false,16,30,45
23,random,15,16,7,normal,crash,45,1,3,0,3,true,-1,0,false,false,15,60,45
23,random,16,7,0,crash,crash,30,1,4,0,4,true,0,0,false,false,14,15,30
23,random,17,0,0,crash,crash,23,1,3,0,3,true,0,0,false,false,13,30,23
23,random,18,0,20,crash,normal,150,3,12,8,4,false,1,0,false,false,12,30,23
23,random,19,20,32,normal,normal,30,1,3,3,0,false,0,0,false,false,11,60,45
23,random,20,32,35,normal,normal,120,2,6,3,3,false,0,0,false,false,10,30,45
23,random,21,35,20,normal,normal,315,3,12,3,9,true,0,0,false,false,9,30,45
23,random,22,20,32,normal,normal,30,1,3,3,0,false,0,0,false,false,8,30,45
23,random,23,32,20,normal,normal,315,3,11,3,8,false,0,0,false,false,7,30,45
23,random,24,20,35,normal,normal,210,3,9,6,3,false,0,0,false,false,6,70,45
23,random,25,35,26,normal,normal,45,1,3,0,3,true,0,0,false,false,5,30,45
23,random,26,26,17,normal,normal,45,1,3,0,3,true,0,0,false,false,4,30,60
23,random,27,17,29,normal,normal,30,1,3,3,0,false,0,0,false,false,3,30,45
23,random,28,29,20,normal,normal,45,1,3,0,3,true,0,0,false,false,2,30,45
23,random,29,20,11,normal,crash,45,1,3,0,3,true,-1,0,false,false,1,60,45
23,random,30,11,2,crash,crash,23,1,3,0,3,true,0,0,false,false,0,15,23
24,random,1,50,40,normal,normal,45,1,3,0,3,true,0,0,false,false,29,30,45
24,random,2,40,51,normal,normal,30,1,3,3,0,false,0,0,false,false,28,30,45
24,random,3,51,39,normal,normal,60,1,4,0,4,true,0,0,false,false,27,30,60
24,random,4,39,50,normal,normal,30,1,3,3,0,false,0,0,false,false,26,30,45
24,random,5,50,40,normal,normal,45,1,3,0,3,true,0,0,false,false,25,,45
24,random,6,40,31,normal,normal,45,1,3,0,3,true,0,0,false,false,24,30,45
24,random,7,31,42,normal,normal,30,1,3,3,0,false,0,0,false,false,23,30,45
24,random,8,42,33,normal,normal,45,1,3,0,3,true,0,0,false,false,22,,45
24,random,9,33,24,normal,normal,45,1,3,0,3,true,0,0,false,false,21,30,45
24,random,10,24,27,normal,normal,75,2,6,3,3,true,0,0,false,false,20,30,45
24,random,11,27,16,normal,normal,80,1,8,1,7,false,0,0,false,false,19,30,45
24,random,12,16,28,normal,normal,30,1,3,3,0,false,0,0,false,false,18,30,45
24,random,13,28,16,normal,normal,135,2,6,0,6,true,0,0,false,false,17,,45
24,random,14,16,7,normal,crash,45,1,3,0,3,true,-1,0,false,false,16,30,75
24,random,15,7,23,crash,normal,20,1,4,4,0,false,1,0,false,false,15,20,23
24,random,16,23,26,normal,normal,60,1,6,3,3,false,0,0,false,false,14,60,45
24,random,17,26,38,normal,normal,30,1,3,3,0,false,0,0,false,false,13,30,
24,random,18,38,29,normal,normal,45,1,3,0,3,true,0,0,false,false,12,,45
24,random,19,29,16,normal,normal,135,2,6,0,6,true,0,0,false,false,11,30,45
24,random,20,16,40,normal,normal,60,1,6,6,0,false,0,0,false,false,10,60,45
24,random,21,40,31,normal,normal,285,3,10,3,7,true,0,0,false,false,9,60,45
24,random,22,31,22,normal,normal,45,1,3,0,3,true,0,0,false,false,8,30,45
24,random,23,22,0,normal,crash,150,2,10,0,10,true,-1,0,false,false,7,30,45
24,random,24,0,12,crash,crash,15,1,3,3,0,false,0,0,false,false,6,15,23
24,random,25,12,3,crash,crash,23,1,3,0,3,true,0,0,false,false,5,15,23
24,random,26,3,0,crash,crash,163,3,14,5,9,false,0,0,false,false,4,15,23
24,random,27,0,12,crash,crash,15,1,3,3,0,false,0,0,false,false,3,15,23
24,random,28,12,3,crash,crash,23,1,3,0,3,true,0,0,false,false,2,,45
24,random,29,3,0,crash,crash,23,1,3,0,3,true,0,0,false,false,1,,30
24,random,30,0,0,crash,crash,23,1,3,0,3,true,0,0,false,false,0,,30
25,random,1,50,52,normal,normal,120,2,6,3,3,false,0,0,false,false,29,30,45
25,random,2,52,63,normal,normal,30,1,3,3,0,false,0,0,false,false,28,30,45
25,random,3,63,73,normal,keto,30,1,3,3,0,false,1,2,false,false,29,60,45
25,random,4,73,66,keto,normal,270,3,9,3,6,true,-1,0,false,false,28,60,180
25,random,5,66,50,normal,normal,75,1,5,0,5,true,0,0,false,false,27,30,90
25,random,6,50,40,normal,normal,45,1,3,0,3,true,0,0,false,false,26,30,45
25,random,7,40,55,normal,normal,40,1,4,4,0,false,0,0,false,false,25,40,45
25,random,8,55,66,normal,normal,30,1,3,3,0,false,0,0,false,false,24,80,45
25,random,9,66,56,normal,normal,45,1,3,0,3,true,0,0,false,false,23,30,45
25,random,10,56,67,normal,normal,30,1,3,3,0,false,0,0,false,false,22,30,45
25,random,11,67,77,normal,keto,30,1,3,3,0,false,1,2,false,false,23,40,45
25,random,12,77,78,keto,keto,150,2,6,3,3,true,0,2,false,false,24,160,90
25,random,13,78,100,keto,frenzy,1780,4,22,15,7,false,frenzy,7,true,false,30,160,90
25,random,14,100,100,frenzy,frenzy,180,1,3,0,3,true,0,0,false,false,29,120,360
25,random,15,100,100,frenzy,frenzy,420,2,6,3,3,true,0,0,false,false,28,120,180
25,random,16,100,100,frenzy,frenzy,600,2,9,8,1,false,0,0,false,false,27,120,
26,random,1,50,32,normal,normal,135,2,6,0,6,true,0,0,false,false,29,30,60
26,random,2,32,43,normal,normal,30,1,3,3,0,false,0,0,false,false,28,30,45
26,random,3,43,34,normal,normal,45,1,3,0,3,true,0,0,false,false,27,,45
26,random,4,34,25,normal,normal,45,1,3,0,3,true,0,0,false,false,26,,45
26,random,5,25,16,normal,normal,45,1,3,0,3,true,0,0,false,false,25,30,45
26,random,6,16,28,normal,normal,30,1,3,3,0,false,0,0,false,false,24,60,60
26,random,7,28,19,normal,normal,45,1,3,0,3,true,0,0,false,false,23,60,120
26,random,8,19,10,normal,crash,45,1,3,0,3,true,-1,0,false,false,22,30,60
26,random,9,10,16,crash,normal,105,2,6,3,3,false,1,0,false,false,21,35,23
26,random,10,16,16,normal,normal,290,2,18,6,12,false,0,0,false,false,20,70,45
26,random,11,16,7,normal,crash,45,1,3,0,3,true,-1,0,false,false,19,60,45
26,random,12,7,0,crash,crash,23,1,3,0,3,true,0,0,false,false,18,30,38
26,random,13,0,0,crash,crash,40,1,8,1,7,false,0,0,false,false,17,30,60
26,random,14,0,12,crash,crash,113,3,9,3,6,true,0,0,false,false,16,30,23
26,random,15,12,28,crash,normal,255,3,11,6,5,false,1,0,false,false,15,30,23
26,random,16,28,25,normal,normal,80,1,8,3,5,false,0,0,false,false,14,60,45
26,random,17,25,16,normal,normal,45,1,3,0,3,true,0,0,false,false,13,70,45
26,random,18,16,28,normal,normal,30,1,3,3,0,false,0,0,false,false,12,60,45
26,random,19,28,40,normal,normal,30,1,3,3,0,false,0,0,false,false,11,60,45
26,random,20,40,42,normal,normal,60,1,6,3,3,false,0,0,false,false,10,60,45
26,random,21,42,33,normal,normal,45,1,3,0,3,true,0,0,false,false,9,30,45
26,random,22,33,24,normal,normal,45,1,3,0,3,true,0,0,false,false,8,,45
26,random,23,24,15,normal,crash,45,1,3,0,3,true,-1,0,false,false,7,30,45
26,random,24,15,6,crash,crash,23,1,3,0,3,true,0,0,false,false,6,15,23
26,random,25,6,0,crash,crash,23,1,3,0,3,true,0,0,false,false,5,15,30
26,random,26,0,12,crash,crash,15,1,3,3,0,false,0,0,false,false,4,15,23
26,random,27,12,24,crash,normal,15,1,3,3,0,false,1,0,false,false,3,15,23
26,random,28,24,24,normal,normal,150,2,7,3,4,false,0,0,false,false,2,30,90
26,random,29,24,3,normal,crash,170,2,14,3,11,true,-1,0,false,false,1,,110
26,random,30,3,0,crash,crash,23,1,3,0,3,true,0,0,false,false,0,15,45
27,random,1,50,67,normal,normal,510,5,15,9,6,true,0,0,false,false,29,70,75
27,random,2,67,77,normal,keto,30,1,3,3,0,false,1,2,false,false,30,60,45
27,random,3,77,82,keto,keto,330,2,6,3,3,false,0,2,false,false,31,120,90
27,random,4,82,100,keto,frenzy,120,1,6,6,0,false,frenzy,5,true,false,35,120,90
27,random,5,100,100,frenzy,frenzy,120,1,3,3,0,false,0,0,false,false,34,240,240
27,random,6,100,100,frenzy,frenzy,240,1,4,0,4,true,0,0,false,false,33,240,240
27,random,7,100,100,frenzy,frenzy,120,1,3,3,0,false,0,0,false,false,32,240,360
27,random,8,100,100,frenzy,frenzy,660,2,9,3,6,true,0,0,false,false,31,240,480
27,random,9,100,70,frenzy,keto,420,2,6,3,3,true,-1,0,false,true,30,240,180
27,random,10,70,60,keto,normal,90,1,3,0,3,true,-1,0,false,false,29,,120
27,random,11,60,50,normal,normal,45,1,3,0,3,true,0,0,false,false,28,,75
27,random,12,50,61,normal,normal,30,1,3,3,0,false,0,0,false,false,27,30,80
27,random,13,61,48,normal,normal,60,1,4,0,4,true,0,0,false,false,26,30,60
27,random,14,48,44,normal,normal,80,1,8,3,5,false,0,0,false,false,25,60,80
27,random,15,44,59,normal,normal,40,1,4,4,0,false,0,0,false,false,24,40,45
27,random,16,59,49,normal,normal,45,1,3,0,3,true,0,0,false,false,23,,60
27,random,17,49,60,normal,normal,30,1,3,3,0,false,0,0,false,false,22,30,60
27,random,18,60,66,normal,normal,125,2,7,4,3,true,0,0,false,false,21,80,60
27,random,19,66,82,normal,keto,140,2,10,7,3,false,1,4,false,false,24,60,45
27,random,20,82,71,keto,keto,90,1,3,0,3,true,0,0,false,false,23,180,120
27,random,21,71,81,keto,keto,60,1,3,3,0,false,0,0,false,false,22,60,
27,random,22,81,82,keto,keto,330,2,6,3,3,false,0,2,false,false,23,60,
27,random,23,82,91,keto,deep,60,1,3,3,0,false,1,2,false,false,24,60,90
27,random,24,91,100,deep,frenzy,1920,3,30,17,13,false,frenzy,5,true,false,28,240,135
27,random,25,100,100,frenzy,frenzy,180,1,3,0,3,true,0,0,false,false,27,120,180
27,random,26,100,100,frenzy,frenzy,1380,4,12,6,6,true,0,0,false,false,26,160,180
27,random,27,100,100,frenzy,frenzy,180,1,3,0,3,true,0,0,false,false,25,160,180
27,random,28,100,100,frenzy,frenzy,180,1,3,0,3,true,0,0,false,false,24,160,180
27,random,29,100,70,frenzy,keto,240,1,4,0,4,true,-1,0,false,true,23,200,240
27,random,30,70,71,keto,keto,240,2,6,3,3,false,0,0,false,false,22,100,90
27,random,31,71,100,keto,frenzy,3120,6,24,15,9,false,frenzy,7,true,false,28,180,
27,random,32,100,100,frenzy,frenzy,180,1,3,0,3,true,0,0,false,false,27,120,180
27,random,33,100,100,frenzy,frenzy,120,1,3,3,0,false,0,0,false,false,26,120,
27,random,34,100,100,frenzy,frenzy,240,1,6,3,3,false,0,0,false,false,25,240,
27,random,35,100,100,frenzy,frenzy,820,2,11,5,6,true,0,0,false,false,24,120,180
27,random,36,100,70,frenzy,keto,180,1,3,0,3,true,-1,0,false,true,23,120,180
27,random,37,70,80,keto,keto,60,1,3,3,0,false,0,0,false,false,22,60,90
27,random,38,80,81,keto,keto,210,2,6,3,3,true,0,0,false,false,21,,90
27,random,39,81,68,keto,normal,330,2,7,0,7,true,-1,0,false,false,20,60,90
27,random,40,68,58,normal,normal,45,1,3,0,3,true,0,0,false,false,19,30,45
27,random,41,58,48,normal,normal,45,1,3,0,3,true,0,0,false,false,18,30,45
27,random,42,48,59,normal,normal,30,1,3,3,0,false,0,0,false,false,17,80,
27,random,43,59,61,normal,normal,60,1,6,3,3,false,0,0,false,false,16,60,80
27,random,44,61,71,normal,keto,30,1,3,3,0,false,1,2,false,false,17,30,
27,random,45,71,72,keto,keto,150,2,6,3,3,true,0,2,false,false,18,60,90
27,random,46,72,62,keto,normal,90,1,3,0,3,true,-1,0,false,false,17,60,90
27,random,47,62,87,normal,deep,190,2,7,7,0,false,1,4,false,false,20,40,
27,random,48,87,96,deep,deep,90,1,3,3,0,false,0,0,false,false,19,90,
27,random,49,96,100,deep,frenzy,990,3,9,3,6,false,frenzy,5,true,false,23,270,
27,random,50,100,100,frenzy,frenzy,540,2,6,0,6,true,0,0,false,false,22,,180
27,random,51,100,100,frenzy,frenzy,120,1,3,3,0,false,0,0,false,false,21,120,
27,random,52,100,100,frenzy,frenzy,480,2,6,3,3,false,0,0,false,false,20,360,180
27,random,53,100,100,frenzy,frenzy,240,1,6,2,4,false,0,0,false,false,19,,180
27,random,54,100,70,frenzy,keto,540,2,6,0,6,true,-1,0,false,true,18,160,180
27,random,55,70,83,keto,keto,80,1,4,4,0,false,0,2,false,false,19,120,90
27,random,56,83,72,keto,keto,90,1,3,0,3,true,0,0,false,false,18,120,90
27,random,57,72,62,keto,normal,90,1,3,0,3,true,-1,0,false,false,17,120,90
27,random,58,62,64,normal,normal,105,2,6,3,3,true,0,0,false,false,16,60,45
27,random,59,64,66,normal,normal,105,2,6,3,3,true,0,0,false,false,15,60,60
27,random,60,66,76,normal,keto,30,1,3,3,0,false,1,2,false,false,16,90,60
27,random,61,76,82,keto,keto,180,1,9,5,4,false,0,0,false,false,15,180,120
27,random,62,82,100,keto,frenzy,240,2,6,6,0,false,frenzy,7,true,false,21,60,120
27,random,63,100,100,frenzy,frenzy,180,1,3,0,3,true,0,0,false,false,20,320,240
27,random,64,100,100,frenzy,frenzy,420,2,6,3,3,true,0,0,false,false,19,320,180
27,random,65,100,100,frenzy,frenzy,180,1,3,0,3,true,0,0,false,false,18,320,180
27,random,66,100,100,frenzy,frenzy,180,1,3,0,3,true,0,0,false,false,17,320,240
27,random,67,100,70,frenzy,keto,160,1,4,4,0,false,-1,0,false,true,16,160,
27,random,68,70,60,keto,normal,90,1,3,0,3,true,-1,0,false,false,15,160,90
27,random,69,60,50,normal,normal,45,1,3,0,3,true,0,0,false,false,14,30,45
27,random,70,50,61,normal,normal,30,1,3,3,0,false,0,0,false,false,13,30,
27,random,71,61,63,normal,normal,60,1,6,3,3,false,0,0,false,false,12,80,
27,random,72,63,73,normal,keto,30,1,3,3,0,false,1,2,false,false,13,30,45
27,random,73,73,63,keto,normal,90,1,3,0,3,true,-1,0,false,false,12,,180
27,random,74,63,73,normal,keto,30,1,3,3,0,false,1,2,false,false,13,30,45
27,random,75,73,63,keto,normal,90,1,3,0,3,true,-1,0,false,false,12,,120
27,random,76,63,65,normal,normal,105,2,6,3,3,true,0,0,false,false,11,30,45
27,random,77,65,52,normal,normal,60,1,4,0,4,true,0,0,false,false,10,30,90
27,random,78,52,42,normal,normal,45,1,3,0,3,true,0,0,false,false,9,30,60
27,random,79,42,33,normal,normal,45,1,3,0,3,true,0,0,false,false,8,30,60
27,random,80,33,50,normal,normal,300,3,15,9,6,false,0,0,false,false,7,70,45
27,random,81,50,40,normal,normal,45,1,3,0,3,true,0,0,false,false,6,30,60
27,random,82,40,34,normal,normal,210,2,9,3,6,false,0,0,false,false,5,30,60
27,random,83,34,45,normal,normal,30,1,3,3,0,false,0,0,false,false,4,130,45
27,random,84,45,36,normal,normal,45,1,3,0,3,true,0,0,false,false,3,,45
27,random,85,36,27,normal,normal,45,1,3,0,3,true,0,0,false,false,2,30,45
27,random,86,27,39,normal,normal,30,1,3,3,0,false,0,0,false,false,1,30,45
27,random,87,39,50,normal,normal,170,2,10,6,4,false,0,0,false,false,0,30,45
28,random,1,50,40,normal,normal,45,1,3,0,3,true,0,0,false,false,29,30,60
28,random,2,40,22,normal,normal,135,2,6,0,6,true,0,0,false,false,28,30,45
28,random,3,22,34,normal,normal,30,1,3,3,0,false,0,0,false,false,27,30,45
28,random,4,34,37,normal,normal,120,2,6,3,3,false,0,0,false,false,26,30,45
28,random,5,37,48,normal,normal,30,1,3,3,0,false,0,0,false,false,25,30,
28,random,6,48,41,normal,normal,255,3,9,3,6,false,0,0,false,false,24,40,45
28,random,7,41,52,normal,normal,30,1,3,3,0,false,0,0,false,false,23,30,45
28,random,8,52,16,normal,normal,405,3,12,0,12,true,0,0,false,false,22,,45
28,random,9,16,27,normal,normal,80,1,8,5,3,false,0,0,false,false,21,80,45
28,random,10,27,39,normal,normal,30,1,3,3,0,false,0,0,false,false,20,30,
28,random,11,39,30,normal,normal,45,1,3,0,3,true,0,0,false,false,19,,45
28,random,12,30,21,normal,normal,45,1,3,0,3,true,0,0,false,false,18,,45
28,random,13,21,31,normal,normal,60,1,6,4,2,false,0,0,false,false,17,60,
28,random,14,31,4,normal,crash,135,2,9,0,9,true,-1,0,false,false,16,,90
28,random,15,4,0,crash,crash,23,1,3,0,3,true,0,0,false,false,15,15,23
28,random,16,0,12,crash,crash,15,1,3,3,0,false,0,0,false,false,14,30,
28,random,17,12,0,crash,crash,68,2,6,0,6,true,0,0,false,false,13,30,23
28,random,18,0,24,crash,normal,30,1,6,6,0,false,1,0,false,false,12,30,
28,random,19,24,36,normal,normal,30,1,3,3,0,false,0,0,false,false,11,30,45
28,random,20,36,30,normal,normal,150,2,9,3,6,false,0,0,false,false,10,60,
28,random,21,30,16,normal,normal,135,2,6,0,6,true,0,0,false,false,9,30,45
28,random,22,16,7,normal,crash,45,1,3,0,3,true,-1,0,false,false,8,,60
28,random,23,7,0,crash,crash,23,1,3,0,3,true,0,0,false,false,7,,30
28,random,24,0,12,crash,crash,15,1,3,3,0,false,0,0,false,false,6,15,23
28,random,25,12,36,crash,normal,75,2,6,6,0,false,1,0,false,false,5,20,23
28,random,26,36,47,normal,normal,30,1,3,3,0,false,0,0,false,false,4,30,45
28,random,27,47,38,normal,normal,45,1,3,0,3,true,0,0,false,false,3,,45
28,random,28,38,20,normal,normal,135,2,6,0,6,true,0,0,false,false,2,,45
28,random,29,20,28,normal,normal,110,2,9,5,4,true,0,0,false,false,1,30,60
28,random,30,28,38,normal,normal,305,3,13,7,6,true,0,0,false,false,0,40,45
29,random,1,50,68,normal,normal,230,2,8,5,3,false,0,2,false,false,31,70,90
29,random,2,68,78,normal,keto,30,1,3,3,0,false,1,2,false,false,32,30,45
29,random,3,78,82,keto,keto,170,2,7,4,3,true,0,4,false,false,35,60,90
29,random,4,82,71,keto,keto,90,1,3,0,3,true,0,0,false,false,34,120,120
29,random,5,71,61,keto,normal,90,1,3,0,3,true,-1,0,false,false,33,120,90
29,random,6,61,68,normal,normal,210,2,6,3,3,false,0,2,false,false,34,30,45
29,random,7,68,78,normal,keto,30,1,3,3,0,false,1,2,false,false,35,30,
29,random,8,78,68,keto,normal,90,1,3,0,3,true,-1,0,false,false,34,,90
29,random,9,68,58,normal,normal,45,1,3,0,3,true,0,0,false,false,33,,45
29,random,10,58,68,normal,normal,240,2,9,5,4,false,0,2,false,false,34,60,45
29,random,11,68,58,normal,normal,45,1,3,0,3,true,0,0,false,false,33,,45
29,random,12,58,71,normal,keto,750,4,12,6,6,false,1,2,false,false,34,60,45
29,random,13,71,81,keto,keto,60,1,3,3,0,false,0,0,false,false,33,60,90
29,random,14,81,82,keto,keto,870,2,12,3,9,false,0,2,false,false,34,60,120
29,random,15,82,66,keto,normal,150,1,5,0,5,true,-1,0,false,false,33,140,150
29,random,16,66,76,normal,keto,30,1,3,3,0,false,1,2,false,false,34,30,
29,random,17,76,82,keto,keto,330,2,6,3,3,false,0,2,false,false,35,60,
30,random,1,50,61,normal,normal,30,1,3,3,0,false,0,0,false,false,29,60,45
30,random,2,61,51,normal,normal,45,1,3,0,3,true,0,0,false,false,28,30,60
30,random,3,51,16,normal,normal,450,3,13,0,13,true,0,0,false,false,27,30,60
30,random,4,16,16,normal,normal,60,1,6,1,5,false,0,0,false,false,26,30,60
30,random,5,16,28,normal,normal,30,1,3,3,0,false,0,0,false,false,25,30,45
30,random,6,28,40,normal,normal,30,1,3,3,0,false,0,0,false,false,24,30,45
30,random,7,40,31,normal,normal,45,1,3,0,3,true,0,0,false,false,23,30,45
30,random,8,31,19,normal,normal,60,1,4,0,4,true,0,0,false,false,22,30,75
30,random,9,19,36,normal,normal,160,2,13,8,5,false,0,0,false,false,21,100,60
30,random,10,36,47,normal,normal,30,1,3,3,0,false,0,0,false,false,20,60,45
30,random,11,47,49,normal,normal,120,2,6,3,3,false,0,0,false,false,19,40,45
30,random,12,49,40,normal,normal,45,1,3,0,3,true,0,0,false,false,18,,45
30,random,13,40,34,normal,normal,255,3,9,3,6,false,0,0,false,false,17,30,45
30,random,14,34,37,normal,normal,105,2,6,3,3,true,0,0,false,false,16,,60
30,random,15,37,16,normal,normal,150,2,7,0,7,true,0,0,false,false,15,30,60
30,random,16,16,16,normal,normal,70,1,7,3,4,false,0,0,false,false,14,70,45
30,random,17,16,28,normal,normal,260,3,14,6,8,false,0,0,false,false,13,30,45
30,random,18,28,37,normal,normal,140,2,11,6,5,false,0,0,false,false,12,,45
30,random,19,37,28,normal,normal,45,1,3,0,3,true,0,0,false,false,11,,60
30,random,20,28,16,normal,normal,225,2,9,0,9,true,0,0,false,false,10,,45
30,random,21,16,23,normal,normal,130,2,7,4,3,false,0,0,false,false,9,40,45
30,random,22,23,35,normal,normal,30,1,3,3,0,false,0,0,false,false,8,30,45
30,random,23,35,17,normal,normal,135,2,6,0,6,true,0,0,false,false,7,,45
30,random,24,17,8,normal,crash,45,1,3,0,3,true,-1,0,false,false,6,,45
30,random,25,8,16,crash,normal,105,2,6,3,3,false,1,0,false,false,5,45,23
30,random,26,16,0,normal,crash,90,1,6,0,6,true,-1,0,false,false,4,,90
30,random,27,0,25,crash,normal,715,5,29,16,13,false,1,0,false,false,3,40,
30,random,28,25,19,normal,normal,240,3,9,3,6,true,0,0,false,false,2,40,45
30,random,29,19,34,normal,normal,210,3,9,6,3,false,0,0,false,false,1,30,45
30,random,30,34,43,normal,normal,415,4,13,7,6,false,0,0,false,false,0,50,60
31,random,1,50,40,normal,normal,45,1,3,0,3,true,0,0,false,false,29,,105
31,random,2,40,34,normal,normal,240,3,9,3,6,true,0,0,false,false,28,,75
31,random,3,34,25,normal,normal,45,1,3,0,3,true,0,0,false,false,27,70,105
31,random,4,25,28,normal,normal,105,2,6,3,3,true,0,0,false,false,26,40,45
31,random,5,28,22,normal,normal,240,3,9,3,6,true,0,0,false,false,25,30,45
31,random,6,22,13,normal,crash,45,1,3,0,3,true,-1,0,false,false,24,60,45
31,random,7,13,25,crash,normal,15,1,3,3,0,false,1,0,false,false,23,15,45
31,random,8,25,16,normal,normal,135,2,6,0,6,true,0,0,false,false,22,,45
31,random,9,16,28,normal,normal,30,1,3,3,0,false,0,0,false,false,21,30,45
31,random,10,28,16,normal,normal,690,3,27,5,22,false,0,0,false,false,20,60,45
31,random,11,16,19,normal,normal,120,2,6,3,3,false,0,0,false,false,19,30,60
31,random,12,19,19,normal,normal,90,2,7,3,4,true,0,0,false,false,18,60,60
31,random,13,19,10,normal,crash,45,1,3,0,3,true,-1,0,false,false,17,30,45
31,random,14,10,1,crash,crash,23,1,3,0,3,true,0,0,false,false,16,15,23
31,random,15,1,12,crash,crash,53,2,6,3,3,true,0,0,false,false,15,15,23
31,random,16,12,15,crash,crash,53,2,6,3,3,true,0,0,false,false,14,15,23
31,random,17,15,6,crash,crash,23,1,3,0,3,true,0,0,false,false,13,15,23
31,random,18,6,18,crash,normal,15,1,3,3,0,false,1,0,false,false,12,15,23
31,random,19,18,30,normal,normal,30,1,3,3,0,false,0,0,false,false,11,30,45
31,random,20,30,21,normal,normal,45,1,3,0,3,true,0,0,false,false,10,30,45
31,random,21,21,9,normal,crash,60,1,4,0,4,true,-1,0,false,false,9,30,60
31,random,22,9,0,crash,crash,23,1,3,0,3,true,0,0,false,false,8,15,23
31,random,23,0,3,crash,crash,60,2,6,3,3,false,0,0,false,false,7,20,23
31,random,24,3,15,crash,crash,15,1,3,3,0,false,0,0,false,false,6,15,30
31,random,25,15,3,crash,crash,30,1,4,0,4,true,0,0,false,false,5,15,30
31,random,26,3,3,crash,crash,75,2,7,3,4,false,0,0,false,false,4,15,23
31,random,27,3,27,crash,normal,45,2,6,6,0,false,1,0,false,false,3,15,30
31,random,28,27,16,normal,normal,180,2,9,0,9,true,0,0,false,false,2,30,60
31,random,29,16,28,normal,normal,140,2,11,4,7,false,0,0,false,false,1,30,45
31,random,30,28,40,normal,normal,30,1,3,3,0,false,0,0,false,false,0,60,60
32,random,1,50,32,normal,normal,90,1,6,0,6,true,0,0,false,false,29,30,90
32,random,2,32,43,normal,normal,30,1,3,3,0,false,0,0,false,false,28,40,
32,random,3,43,54,normal,normal,30,1,3,3,0,false,0,0,false,false,27,30,
32,random,4,54,51,normal,normal,185,2,10,4,6,true,0,0,false,false,26,30,45
32,random,5,51,53,normal,normal,105,2,6,3,3,true,0,0,false,false,25,60,45
32,random,6,53,43,normal,normal,45,1,3,0,3,true,0,0,false,false,24,,75
32,random,7,43,16,normal,normal,875,5,23,6,17,false,0,0,false,false,23,80,45
32,random,8,16,40,normal,normal,90,2,6,6,0,false,0,0,false,false,22,70,
32,random,9,40,51,normal,normal,30,1,3,3,0,false,0,0,false,false,21,30,60
32,random,10,51,27,normal,normal,435,3,15,3,12,true,0,0,false,false,20,30,45
32,random,11,27,18,normal,normal,45,1,3,0,3,true,0,0,false,false,19,30,45
32,random,12,18,12,normal,crash,218,4,12,3,9,true,-1,0,false,false,18,60,45
32,random,13,12,24,crash,normal,15,1,3,3,0,false,1,0,false,false,17,15,23
32,random,14,24,36,normal,normal,30,1,3,3,0,false,0,0,false,false,16,30,45
32,random,15,36,47,normal,normal,30,1,3,3,0,false,0,0,false,false,15,30,45
32,random,16,47,38,normal,normal,45,1,3,0,3,true,0,0,false,false,14,30,45
32,random,17,38,28,normal,normal,375,3,14,3,11,true,0,0,false,false,13,30,105
32,random,18,28,40,normal,normal,30,1,3,3,0,false,0,0,false,false,12,30,45
32,random,19,40,16,normal,normal,270,3,9,0,9,true,0,0,false,false,11,30,45
32,random,20,16,40,normal,normal,60,1,6,6,0,false,0,0,false,false,10,60,90
32,random,21,40,31,normal,normal,45,1,3,0,3,true,0,0,false,false,9,30,90
32,random,22,31,42,normal,normal,30,1,3,3,0,false,0,0,false,false,8,40,45
32,random,23,42,57,normal,normal,40,1,4,4,0,false,0,0,false,false,7,40,45
32,random,24,57,59,normal,normal,105,2,6,3,3,true,0,0,false,false,6,30,90
32,random,25,59,69,normal,normal,30,1,3,3,0,false,0,2,false,false,7,30,45
32,random,26,69,50,normal,normal,90,1,6,0,6,true,0,0,false,false,6,80,90
32,random,27,50,40,normal,normal,45,1,3,0,3,true,0,0,false,false,5,80,45
32,random,28,40,25,normal,normal,435,4,12,3,9,false,0,0,false,false,4,30,45
32,random,29,25,16,normal,normal,45,1,3,0,3,true,0,0,false,false,3,30,60
32,random,30,16,22,normal,normal,210,2,12,6,6,false,0,0,false,false,2,30,45
32,random,31,22,24,normal,normal,140,2,11,5,6,true,0,0,false,false,1,40,90
32,random,32,24,27,normal,normal,75,2,6,3,3,true,0,0,false,false,0,30,60
33,random,1,50,61,normal,normal,30,1,3,3,0,false,0,0,false,false,29,30,45
33,random,2,61,51,normal,normal,45,1,3,0,3,true,0,0,false,false,28,,45
33,random,3,51,33,normal,normal,135,2,6,0,6,true,0,0,false,false,27,,45
33,random,4,33,24,normal,normal,45,1,3,0,3,true,0,0,false,false,26,,45
33,random,5,24,6,normal,crash,90,2,6,0,6,true,-1,0,false,false,25,30,90
33,random,6,6,16,crash,normal,420,4,12,3,9,false,1,0,false,false,24,15,23
33,random,7,16,28,normal,normal,30,1,3,3,0,false,0,0,false,false,23,60,45
33,random,8,28,40,normal,normal,30,1,3,3,0,false,0,0,false,false,22,60,45
33,random,9,40,28,normal,normal,60,1,4,0,4,true,0,0,false,false,21,,90
33,random,10,28,16,normal,normal,270,3,9,0,9,true,0,0,false,false,20,,90
33,random,11,16,16,normal,normal,210,2,9,3,6,false,0,0,false,false,19,30,75
33,random,12,16,19,normal,normal,75,2,6,3,3,true,0,0,false,false,18,70,60
33,random,13,19,19,normal,normal,70,1,7,3,4,false,0,0,false,false,17,70,45
33,random,14,19,10,normal,crash,45,1,3,0,3,true,-1,0,false,false,16,30,45
33,random,15,10,16,crash,normal,105,2,6,3,3,false,1,0,false,false,15,15,23
33,random,16,16,7,normal,crash,45,1,3,0,3,true,-1,0,false,false,14,30,45
33,random,17,7,19,crash,normal,15,1,3,3,0,false,1,0,false,false,13,15,
33,random,18,19,31,normal,normal,30,1,3,3,0,false,0,0,false,false,12,30,45
33,random,19,31,42,normal,normal,30,1,3,3,0,false,0,0,false,false,11,30,45
33,random,20,42,21,normal,normal,390,3,14,3,11,true,0,0,false,false,10,30,90
33,random,21,21,12,normal,crash,45,1,3,0,3,true,-1,0,false,false,9,30,45
33,random,22,12,3,crash,crash,23,1,3,0,3,true,0,0,false,false,8,15,23
33,random,23,3,15,crash,crash,15,1,3,3,0,false,0,0,false,false,7,15,
33,random,24,15,18,crash,normal,435,4,13,6,7,false,1,0,false,false,6,15,23
33,random,25,18,30,normal,normal,30,1,3,3,0,false,0,0,false,false,5,60,45
33,random,26,30,21,normal,normal,45,1,3,0,3,true,0,0,false,false,4,60,90
33,random,27,21,40,normal,normal,200,2,14,7,7,false,0,0,false,false,3,50,45
33,random,28,40,40,normal,normal,200,2,14,6,8,false,0,0,false,false,2,60,90
33,random,29,40,31,normal,normal,45,1,3,0,3,true,0,0,false,false,1,30,45
33,random,30,31,22,normal,normal,45,1,3,0,3,true,0,0,false,false,0,30,45
34,random,1,50,52,normal,normal,60,1,6,3,3,false,0,0,false,false,29,60,45
34,random,2,52,66,normal,normal,210,3,9,6,3,false,0,0,false,false,28,30,75
34,random,3,66,76,normal,keto,30,1,3,3,0,false,1,2,false,false,29,30,45
34,random,4,76,68,keto,normal,750,3,15,3,12,true,-1,2,false,false,30,,90
34,random,5,68,78,normal,keto,30,1,3,3,0,false,1,2,false,false,31,30,45
34,random,6,78,68,keto,normal,90,1,3,0,3,true,-1,0,false,false,30,60,90
34,random,7,68,89,normal,deep,150,2,6,6,0,false,1,4,false,false,33,30,80
34,random,8,89,100,deep,frenzy,90,1,3,3,0,false,frenzy,5,true,false,37,90,270
34,random,9,100,100,frenzy,frenzy,2220,4,15,3,12,true,0,0,false,false,36,,360
34,random,10,100,100,frenzy,frenzy,180,1,3,0,3,true,0,0,false,false,35,120,300
34,random,11,100,100,frenzy,frenzy,680,2,11,2,9,false,0,0,false,false,34,160,180
34,random,12,100,100,frenzy,frenzy,180,1,3,0,3,true,0,0,false,false,33,,240
34,random,13,100,70,frenzy,keto,120,1,3,3,0,false,-1,0,false,true,32,240,180
34,random,14,70,60,keto,normal,90,1,3,0,3,true,-1,0,false,false,31,,90
34,random,15,60,70,normal,keto,30,1,3,3,0,false,1,2,false,false,32,30,45
34,random,16,70,51,keto,normal,180,2,6,0,6,true,-1,0,false,false,31,,90
34,random,17,51,41,normal,normal,45,1,3,0,3,true,0,0,false,false,30,,45
34,random,18,41,35,normal,normal,240,3,9,3,6,true,0,0,false,false,29,30,45
34,random,19,35,46,normal,normal,30,1,3,3,0,false,0,0,false,false,28,30,45
34,random,20,46,37,normal,normal,45,1,3,0,3,true,0,0,false,false,27,30,60
34,random,21,37,60,normal,normal,90,2,6,6,0,false,0,0,false,false,26,40,45
34,random,22,60,85,normal,deep,160,2,7,7,0,false,1,4,false,false,29,40,45
34,random,23,85,74,deep,keto,135,1,3,0,3,true,-1,0,false,false,28,90,135
34,random,24,74,100,keto,frenzy,300,2,9,8,1,false,frenzy,7,true,false,34,60,90
34,random,25,100,100,frenzy,frenzy,360,2,6,6,0,false,0,0,false,false,33,120,360
34,random,26,100,100,frenzy,frenzy,180,1,3,0,3,true,0,0,false,false,32,,360
34,random,27,100,100,frenzy,frenzy,660,2,7,0,7,true,0,0,false,false,31,,300
34,random,28,100,100,frenzy,frenzy,540,2,6,0,6,true,0,0,false,false,30,120,360
34,random,29,100,70,frenzy,keto,180,1,3,0,3,true,-1,0,false,true,29,120,180
34,random,30,70,80,keto,keto,600,3,12,6,6,false,0,0,false,false,28,60,120
34,random,31,80,69,keto,normal,90,1,3,0,3,true,-1,0,false,false,27,60,150
34,random,32,69,72,normal,keto,355,3,17,8,9,true,1,2,false,false,28,30,45
34,random,33,72,62,keto,normal,90,1,3,0,3,true,-1,0,false,false,27,60,90
34,random,34,62,72,normal,keto,30,1,3,3,0,false,1,2,false,false,28,30,45
34,random,35,72,62,keto,normal,90,1,3,0,3,true,-1,0,false,false,27,60,90
34,random,36,62,64,normal,normal,105,2,6,3,3,true,0,0,false,false,26,30,45
34,random,37,64,54,normal,normal,45,1,3,0,3,true,0,0,false,false,25,30,45
34,random,38,54,65,normal,normal,30,1,3,3,0,false,0,0,false,false,24,60,45
34,random,39,65,82,normal,keto,555,3,9,6,3,false,1,4,false,false,27,70,45
34,random,40,82,91,keto,deep,60,1,3,3,0,false,1,2,false,false,28,60,90
34,random,41,91,82,deep,keto,660,3,9,3,6,true,-1,2,false,false,29,90,180
34,random,42,82,71,keto,keto,90,1,3,0,3,true,0,0,false,false,28,60,120
34,random,43,71,61,keto,normal,90,1,3,0,3,true,-1,0,false,false,27,60,90
34,random,44,61,71,normal,keto,30,1,3,3,0,false,1,2,false,false,28,30,
34,random,45,71,43,keto,normal,315,3,9,0,9,true,-1,0,false,false,27,60,90
34,random,46,43,54,normal,normal,210,3,10,6,4,true,0,0,false,false,26,30,60
34,random,47,54,44,normal,normal,45,1,3,0,3,true,0,0,false,false,25,60,45
34,random,48,44,55,normal,normal,30,1,3,3,0,false,0,0,false,false,24,40,45
34,random,49,55,66,normal,normal,30,1,3,3,0,false,0,0,false,false,23,40,45
34,random,50,66,56,normal,normal,45,1,3,0,3,true,0,0,false,false,22,40,80
34,random,51,56,70,normal,keto,40,1,4,4,0,false,1,2,false,false,23,40,45
34,random,52,70,72,keto,keto,160,1,8,4,4,false,0,0,false,false,22,60,90
34,random,53,72,50,keto,normal,210,2,7,0,7,true,-1,0,false,false,21,160,180
34,random,54,50,52,normal,normal,120,2,6,3,3,false,0,0,false,false,20,30,45
34,random,55,52,40,normal,normal,60,1,6,1,5,false,0,0,false,false,19,80,105
34,random,56,40,31,normal,normal,45,1,3,0,3,true,0,0,false,false,18,80,105
34,random,57,31,22,normal,normal,45,1,3,0,3,true,0,0,false,false,17,80,75
34,random,58,22,13,normal,crash,45,1,3,0,3,true,-1,0,false,false,16,80,45
34,random,59,13,4,crash,crash,23,1,3,0,3,true,0,0,false,false,15,15,23
34,random,60,4,0,crash,crash,23,1,3,0,3,true,0,0,false,false,14,15,23
34,random,61,0,12,crash,crash,53,2,6,3,3,true,0,0,false,false,13,15,23
34,random,62,12,28,crash,normal,195,3,9,6,3,false,1,0,false,false,12,30,23
34,random,63,28,19,normal,normal,45,1,3,0,3,true,0,0,false,false,11,30,90
34,random,64,19,10,normal,crash,45,1,3,0,3,true,-1,0,false,false,10,30,90
34,random,65,10,16,crash,normal,165,2,8,3,5,false,1,0,false,false,9,15,45
34,random,66,16,40,normal,normal,90,2,6,6,0,false,0,0,false,false,8,40,45
34,random,67,40,22,normal,normal,135,2,6,0,6,true,0,0,false,false,7,,45
34,random,68,22,13,normal,crash,45,1,3,0,3,true,-1,0,false,false,6,,90
34,random,69,13,4,crash,crash,23,1,3,0,3,true,0,0,false,false,5,15,45
34,random,70,4,16,crash,normal,15,1,3,3,0,false,1,0,false,false,4,15,23
34,random,71,16,28,normal,normal,30,1,3,3,0,false,0,0,false,false,3,30,45
34,random,72,28,19,normal,normal,45,1,3,0,3,true,0,0,false,false,2,70,75
34,random,73,19,1,normal,crash,90,2,6,0,6,true,-1,0,false,false,1,30,75
34,random,74,1,0,crash,crash,23,1,3,0,3,true,0,0,false,false,0,15,23
35,random,1,50,52,normal,normal,720,5,20,9,11,false,0,0,false,false,29,30,45
35,random,2,52,57,normal,normal,285,3,12,6,6,false,0,0,false,false,28,30,90
35,random,3,57,51,normal,normal,140,2,11,4,7,false,0,0,false,false,27,60,80
35,random,4,51,53,normal,normal,120,2,6,3,3,false,0,0,false,false,26,40,45
35,random,5,53,35,normal,normal,135,2,6,0,6,true,0,0,false,false,25,30,45
35,random,6,35,53,normal,normal,160,2,10,7,3,false,0,0,false,false,24,70,45
35,random,7,53,64,normal,normal,30,1,3,3,0,false,0,0,false,false,23,30,45
35,random,8,64,54,normal,normal,45,1,3,0,3,true,0,0,false,false,22,,45
35,random,9,54,36,normal,normal,135,2,6,0,6,true,0,0,false,false,21,80,45
35,random,10,36,47,normal,normal,30,1,3,3,0,false,0,0,false,false,20,30,45
35,random,11,47,29,normal,normal,135,2,6,0,6,true,0,0,false,false,19,,60
35,random,12,29,40,normal,normal,30,1,3,3,0,false,0,0,false,false,18,30,45
35,random,13,40,42,normal,normal,105,2,6,3,3,true,0,0,false,false,17,,45
35,random,14,42,24,normal,normal,90,1,6,0,6,true,0,0,false,false,16,30,90
35,random,15,24,36,normal,normal,30,1,3,3,0,false,0,0,false,false,15,30,90
35,random,16,36,30,normal,normal,165,2,9,3,6,true,0,0,false,false,14,30,90
35,random,17,30,41,normal,normal,30,1,3,3,0,false,0,0,false,false,13,60,45
35,random,18,41,32,normal,normal,45,1,3,0,3,true,0,0,false,false,12,,45
35,random,19,32,23,normal,normal,45,1,3,0,3,true,0,0,false,false,11,40,45
35,random,20,23,26,normal,normal,120,2,6,3,3,false,0,0,false,false,10,30,45
35,random,21,26,38,normal,normal,30,1,3,3,0,false,0,0,false,false,9,30,
36,random,1,50,61,normal,normal,30,1,3,3,0,false,0,0,false,false,29,50,45
36,random,2,61,68,normal,normal,660,3,12,3,9,false,0,2,false,false,30,50,45
36,random,3,68,78,normal,keto,30,1,3,3,0,false,1,2,false,false,31,60,45
36,random,4,78,87,keto,deep,60,1,3,3,0,false,1,2,false,false,32,120,120
36,random,5,87,68,deep,normal,315,2,6,0,6,true,-1,0,false,false,31,180,180
36,random,6,68,68,normal,normal,375,3,9,3,6,true,0,2,false,false,32,60,60
36,random,7,68,58,normal,normal,45,1,3,0,3,true,0,0,false,false,31,30,45
36,random,8,58,31,normal,normal,270,3,9,0,9,true,0,0,false,false,30,30,45
36,random,9,31,22,normal,normal,45,1,3,0,3,true,0,0,false,false,29,30,45
36,random,10,22,13,normal,crash,45,1,3,0,3,true,-1,0,false,false,28,30,45
36,random,11,13,25,crash,normal,15,1,3,3,0,false,1,0,false,false,27,15,
36,random,12,25,37,normal,normal,30,1,3,3,0,false,0,0,false,false,26,30,
36,random,13,37,48,normal,normal,30,1,3,3,0,false,0,0,false,false,25,30,45
36,random,14,48,39,normal,normal,45,1,3,0,3,true,0,0,false,false,24,30,60
36,random,15,39,50,normal,normal,30,1,3,3,0,false,0,0,false,false,23,30,60
36,random,16,50,32,normal,normal,135,2,6,0,6,true,0,0,false,false,22,,90
36,random,17,32,23,normal,normal,45,1,3,0,3,true,0,0,false,false,21,,45
36,random,18,23,35,normal,normal,30,1,3,3,0,false,0,0,false,false,20,30,
36,random,19,35,26,normal,normal,45,1,3,0,3,true,0,0,false,false,19,,45
36,random,20,26,17,normal,normal,45,1,3,0,3,true,0,0,false,false,18,,45
36,random,21,17,8,normal,crash,45,1,3,0,3,true,-1,0,false,false,17,,60
36,random,22,8,0,crash,crash,30,1,4,0,4,true,0,0,false,false,16,20,30
36,random,23,0,12,crash,crash,15,1,3,3,0,false,0,0,false,false,15,25,
36,random,24,12,24,crash,normal,15,1,3,3,0,false,1,0,false,false,14,15,
36,random,25,24,15,normal,crash,45,1,3,0,3,true,-1,0,false,false,13,30,45
36,random,26,15,16,crash,normal,420,4,12,3,9,false,1,0,false,false,12,15,23
36,random,27,16,7,normal,crash,45,1,3,0,3,true,-1,0,false,false,11,60,60
36,random,28,7,19,crash,normal,15,1,3,3,0,false,1,0,false,false,10,15,23
36,random,29,19,10,normal,crash,45,1,3,0,3,true,-1,0,false,false,9,30,45
36,random,30,10,16,crash,normal,240,3,9,3,6,false,1,0,false,false,8,15,23
36,random,31,16,28,normal,normal,30,1,3,3,0,false,0,0,false,false,7,110,45
36,random,32,28,40,normal,normal,30,1,3,3,0,false,0,0,false,false,6,110,45
36,random,33,40,30,normal,normal,280,2,15,5,10,true,0,0,false,false,5,40,60
36,random,34,30,33,normal,normal,105,2,6,3,3,true,0,0,false,false,4,30,45
36,random,35,33,24,normal,normal,45,1,3,0,3,true,0,0,false,false,3,30,45
36,random,36,24,18,normal,normal,255,3,9,3,6,false,0,0,false,false,2,30,45
36,random,37,18,30,normal,normal,30,1,3,3,0,false,0,0,false,false,1,30,75
36,random,38,30,21,normal,normal,45,1,3,0,3,true,0,0,false,false,0,30,75
37,random,1,50,40,normal,normal,45,1,3,0,3,true,0,0,false,false,29,,45
37,random,2,40,34,normal,normal,240,3,9,3,6,true,0,0,false,false,28,30,90
37,random,3,34,25,normal,normal,45,1,3,0,3,true,0,0,false,false,27,60,45
37,random,4,25,16,normal,normal,135,2,6,0,6,true,0,0,false,false,26,30,60
37,random,5,16,28,normal,normal,30,1,3,3,0,false,0,0,false,false,25,30,45
37,random,6,28,40,normal,normal,30,1,3,3,0,false,0,0,false,false,24,30,45
37,random,7,40,31,normal,normal,45,1,3,0,3,true,0,0,false,false,23,30,45
37,random,8,31,34,normal,normal,105,2,6,3,3,true,0,0,false,false,22,60,45
37,random,9,34,16,normal,normal,135,2,6,0,6,true,0,0,false,false,21,40,60
37,random,10,16,28,normal,normal,30,1,3,3,0,false,0,0,false,false,20,40,45
37,random,11,28,67,normal,normal,190,3,10,10,0,false,0,0,false,false,19,40,
37,random,12,67,57,normal,normal,45,1,3,0,3,true,0,0,false,false,18,,45
37,random,13,57,47,normal,normal,45,1,3,0,3,true,0,0,false,false,17,60,45
37,random,14,47,52,normal,normal,180,2,12,6,6,false,0,0,false,false,16,30,45
37,random,15,52,42,normal,normal,45,1,3,0,3,true,0,0,false,false,15,30,45
37,random,16,42,44,normal,normal,105,2,6,3,3,true,0,0,false,false,14,50,45
37,random,17,44,55,normal,normal,30,1,3,3,0,false,0,0,false,false,13,40,45
37,random,18,55,66,normal,normal,630,5,17,9,8,false,0,0,false,false,12,40,45
37,random,19,66,76,normal,keto,30,1,3,3,0,false,1,2,false,false,13,40,45
37,random,20,76,60,keto,normal,360,3,12,3,9,true,-1,0,false,false,12,80,90
37,random,21,60,56,normal,normal,400,3,22,9,13,false,0,0,false,false,11,30,130
37,random,22,56,62,normal,normal,125,2,7,4,3,true,0,0,false,false,10,30,105
37,random,23,62,72,normal,keto,30,1,3,3,0,false,1,2,false,false,11,60,90
37,random,24,72,62,keto,normal,90,1,3,0,3,true,-1,0,false,false,10,60,120
37,random,25,62,38,normal,normal,600,5,15,3,12,true,0,0,false,false,9,30,60
37,random,26,38,29,normal,normal,45,1,3,0,3,true,0,0,false,false,8,30,45
37,random,27,29,20,normal,normal,45,1,3,0,3,true,0,0,false,false,7,30,45
37,random,28,20,27,normal,normal,275,3,14,7,7,false,0,0,false,false,6,30,45
37,random,29,27,39,normal,normal,30,1,3,3,0,false,0,0,false,false,5,30,45
37,random,30,39,30,normal,normal,45,1,3,0,3,true,0,0,false,false,4,60,45
37,random,31,30,21,normal,normal,45,1,3,0,3,true,0,0,false,false,3,30,45
37,random,32,21,33,normal,normal,30,1,3,3,0,false,0,0,false,false,2,60,
37,random,33,33,36,normal,normal,120,2,6,3,3,false,0,0,false,false,1,60,
37,random,34,36,27,normal,normal,285,3,10,3,7,true,0,0,false,false,0,40,45
38,random,1,50,32,normal,normal,135,2,6,0,6,true,0,0,false,false,29,,45
38,random,2,32,43,normal,normal,30,1,3,3,0,false,0,0,false,false,28,30,45
38,random,3,43,25,normal,normal,135,2,6,0,6,true,0,0,false,false,27,30,45
38,random,4,25,16,normal,normal,45,1,3,0,3,true,0,0,false,false,26,60,45
38,random,5,16,0,normal,crash,90,2,6,0,6,true,-1,0,false,false,25,60,60
38,random,6,0,3,crash,crash,210,4,15,6,9,false,0,0,false,false,24,30,23
38,random,7,3,0,crash,crash,23,1,3,0,3,true,0,0,false,false,23,15,23
38,random,8,0,0,crash,crash,23,1,3,0,3,true,0,0,false,false,22,15,23
38,random,9,0,0,crash,crash,23,1,3,0,3,true,0,0,false,false,21,20,23
38,random,10,0,12,crash,crash,15,1,3,3,0,false,0,0,false,false,20,20,23
38,random,11,12,28,crash,normal,20,1,4,4,0,false,1,0,false,false,19,30,23
38,random,12,28,40,normal,normal,30,1,3,3,0,false,0,0,false,false,18,30,45
38,random,13,40,31,normal,normal,45,1,3,0,3,true,0,0,false,false,17,30,45
38,random,14,31,22,normal,normal,45,1,3,0,3,true,0,0,false,false,16,30,45
38,random,15,22,25,normal,normal,60,1,6,3,3,false,0,0,false,false,15,60,45
38,random,16,25,16,normal,normal,45,1,3,0,3,true,0,0,false,false,14,60,45
38,random,17,16,0,normal,crash,90,2,6,0,6,true,-1,0,false,false,13,60,45
38,random,18,0,10,crash,crash,30,1,6,4,2,false,0,0,false,false,12,30,23
38,random,19,10,1,crash,crash,23,1,3,0,3,true,0,0,false,false,11,15,23
38,random,20,1,4,crash,crash,60,2,6,3,3,false,0,0,false,false,10,15,23
38,random,21,4,0,crash,crash,23,1,3,0,3,true,0,0,false,false,9,15,23
38,random,22,0,0,crash,crash,136,3,9,0,9,true,0,0,false,false,8,15,23
38,random,23,0,3,crash,crash,121,3,9,3,6,true,0,0,false,false,7,30,45
38,random,24,3,0,crash,crash,23,1,3,0,3,true,0,0,false,false,6,15,23
38,random,25,0,0,crash,crash,23,1,3,0,3,true,0,0,false,false,5,30,23
38,random,26,0,15,crash,crash,75,2,9,6,3,false,0,0,false,false,4,15,23
38,random,27,15,6,crash,crash,23,1,3,0,3,true,0,0,false,false,3,15,30
38,random,28,6,0,crash,crash,68,2,6,0,6,true,0,0,false,false,2,15,30
38,random,29,0,12,crash,crash,53,2,6,3,3,true,0,0,false,false,1,15,30
38,random,30,12,3,crash,crash,23,1,3,0,3,true,0,0,false,false,0,15,30
39,random,1,50,52,normal,normal,105,2,6,3,3,true,0,0,false,false,29,60,45
39,random,2,52,42,normal,normal,45,1,3,0,3,true,0,0,false,false,28,60,60
39,random,3,42,33,normal,normal,45,1,3,0,3,true,0,0,false,false,27,30,45
39,random,4,33,44,normal,normal,30,1,3,3,0,false,0,0,false,false,26,40,45
39,random,5,44,29,normal,normal,300,3,12,3,9,true,0,0,false,false,25,30,45
39,random,6,29,16,normal,normal,390,3,12,0,12,true,0,0,false,false,24,30,75
39,random,7,16,28,normal,normal,30,1,3,3,0,false,0,0,false,false,23,60,90
39,random,8,28,25,normal,normal,330,3,15,6,9,false,0,0,false,false,22,60,90
39,random,9,25,16,normal,normal,45,1,3,0,3,true,0,0,false,false,21,,60
39,random,10,16,28,normal,normal,30,1,3,3,0,false,0,0,false,false,20,30,75
39,random,11,28,19,normal,normal,45,1,3,0,3,true,0,0,false,false,19,,45
39,random,12,19,10,normal,crash,45,1,3,0,3,true,-1,0,false,false,18,30,45
39,random,13,10,22,crash,normal,15,1,3,3,0,false,1,0,false,false,17,30,23
39,random,14,22,25,normal,normal,120,2,6,3,3,false,0,0,false,false,16,30,45
39,random,15,25,16,normal,normal,45,1,3,0,3,true,0,0,false,false,15,30,60
39,random,16,16,16,normal,normal,60,1,6,2,4,false,0,0,false,false,14,30,45
39,random,17,16,28,normal,normal,30,1,3,3,0,false,0,0,false,false,13,30,45
39,random,18,28,16,normal,normal,255,2,10,0,10,true,0,0,false,false,12,30,45
39,random,19,16,19,normal,normal,75,2,6,3,3,true,0,0,false,false,11,60,80
39,random,20,19,31,normal,normal,30,1,3,3,0,false,0,0,false,false,10,30,60
39,random,21,31,25,normal,normal,385,3,16,6,10,true,0,0,false,false,9,60,60
39,random,22,25,16,normal,normal,45,1,3,0,3,true,0,0,false,false,8,60,45
39,random,23,16,28,normal,normal,30,1,3,3,0,false,0,0,false,false,7,30,45
39,random,24,28,31,normal,normal,120,2,6,3,3,false,0,0,false,false,6,30,45
39,random,25,31,22,normal,normal,45,1,3,0,3,true,0,0,false,false,5,30,45
39,random,26,22,13,normal,crash,45,1,3,0,3,true,-1,0,false,false,4,30,45
39,random,27,13,25,crash,normal,15,1,3,3,0,false,1,0,false,false,3,15,23
39,random,28,25,28,normal,normal,120,2,6,3,3,false,0,0,false,false,2,60,45
39,random,29,28,16,normal,normal,60,1,4,0,4,true,0,0,false,false,1,30,60
39,random,30,16,16,normal,normal,450,4,15,4,11,true,0,0,false,false,0,30,45
40,random,1,50,40,normal,normal,45,1,3,0,3,true,0,0,false,false,29,30,60
40,random,2,40,31,normal,normal,45,1,3,0,3,true,0,0,false,false,28,30,45
40,random,3,31,42,normal,normal,30,1,3,3,0,false,0,0,false,false,27,30,45
40,random,4,42,53,normal,normal,30,1,3,3,0,false,0,0,false,false,26,30,45
40,random,5,53,31,normal,normal,1140,6,26,8,18,true,0,0,false,false,25,,45
40,random,6,31,22,normal,normal,45,1,3,0,3,true,0,0,false,false,24,30,45
40,random,7,22,34,normal,normal,30,1,3,3,0,false,0,0,false,false,23,30,
40,random,8,34,25,normal,normal,45,1,3,0,3,true,0,0,false,false,22,30,45
40,random,9,25,37,normal,normal,30,1,3,3,0,false,0,0,false,false,21,30,45
40,random,10,37,28,normal,normal,45,1,3,0,3,true,0,0,false,false,20,30,45
40,random,11,28,19,normal,normal,45,1,3,0,3,true,0,0,false,false,19,30,45
40,random,12,19,1,normal,crash,90,2,6,0,6,true,-1,0,false,false,18,30,45
40,random,13,1,13,crash,crash,15,1,3,3,0,false,0,0,false,false,17,35,23
40,random,14,13,4,crash,crash,23,1,3,0,3,true,0,0,false,false,16,15,23
40,random,15,4,0,crash,crash,23,1,3,0,3,true,0,0,false,false,15,15,23
40,random,16,0,12,crash,crash,53,2,6,3,3,true,0,0,false,false,14,20,23
40,random,17,12,24,crash,normal,15,1,3,3,0,false,1,0,false,false,13,20,23
40,random,18,24,16,normal,normal,645,5,18,6,12,false,0,0,false,false,12,60,45
40,random,19,16,16,normal,normal,315,3,15,6,9,false,0,0,false,false,11,60,45
40,random,20,16,28,normal,normal,30,1,3,3,0,false,0,0,false,false,10,30,60
40,random,21,28,31,normal,normal,630,4,18,6,12,true,0,0,false,false,9,30,60
40,random,22,31,28,normal,normal,135,2,8,3,5,true,0,0,false,false,8,70,75
40,random,23,28,19,normal,normal,45,1,3,0,3,true,0,0,false,false,7,30,45
40,random,24,19,42,normal,normal,90,2,6,6,0,false,0,0,false,false,6,30,90
40,random,25,42,33,normal,normal,45,1,3,0,3,true,0,0,false,false,5,30,75
40,random,26,33,24,normal,normal,45,1,3,0,3,true,0,0,false,false,4,30,75
40,random,27,24,27,normal,normal,75,2,6,3,3,true,0,0,false,false,3,30,75
40,random,28,27,18,normal,normal,45,1,3,0,3,true,0,0,false,false,2,60,45
40,random,29,18,30,normal,normal,30,1,3,3,0,false,0,0,false,false,1,30,45
40,random,30,30,41,normal,normal,30,1,3,3,0,false,0,0,false,false,0,30,45
41,random,1,50,52,normal,normal,120,2,6,3,3,false,0,0,false,false,29,60,60
41,random,2,52,66,normal,normal,120,2,9,6,3,false,0,0,false,false,28,60,60
41,random,3,66,53,normal,normal,60,1,4,0,4,true,0,0,false,false,27,,90
41,random,4,53,43,normal,normal,45,1,3,0,3,true,0,0,false,false,26,,45
41,random,5,43,34,normal,normal,45,1,3,0,3,true,0,0,false,false,25,30,45
41,random,6,34,31,normal,normal,80,1,8,3,5,false,0,0,false,false,24,30,80
41,random,7,31,40,normal,normal,330,3,18,9,9,true,0,0,false,false,23,30,90
41,random,8,40,31,normal,normal,45,1,3,0,3,true,0,0,false,false,22,80,45
41,random,9,31,31,normal,normal,120,2,7,3,4,true,0,0,false,false,21,110,75
41,random,10,31,59,normal,normal,150,2,9,8,1,false,0,0,false,false,20,110,45
41,random,11,59,69,normal,normal,30,1,3,3,0,false,0,2,false,false,21,30,100
41,random,12,69,79,normal,keto,30,1,3,3,0,false,1,2,false,false,22,30,100
41,random,13,79,74,keto,keto,800,3,22,7,15,false,0,0,false,false,21,,200
41,random,14,74,38,keto,normal,495,4,12,0,12,true,-1,0,false,false,20,,120
41,random,15,38,40,normal,normal,105,2,6,3,3,true,0,0,false,false,19,70,45
41,random,16,40,51,normal,normal,30,1,3,3,0,false,0,0,false,false,18,70,45
41,random,17,51,62,normal,normal,30,1,3,3,0,false,0,0,false,false,17,70,
41,random,18,62,72,normal,keto,30,1,3,3,0,false,1,2,false,false,18,70,45
41,random,19,72,53,keto,normal,180,2,6,0,6,true,-1,0,false,false,17,,120
41,random,20,53,43,normal,normal,45,1,3,0,3,true,0,0,false,false,16,30,60
41,random,21,43,54,normal,normal,30,1,3,3,0,false,0,0,false,false,15,30,60
41,random,22,54,36,normal,normal,135,2,6,0,6,true,0,0,false,false,14,30,60
41,random,23,36,47,normal,normal,30,1,3,3,0,false,0,0,false,false,13,30,
41,random,24,47,38,normal,normal,45,1,3,0,3,true,0,0,false,false,12,30,45
41,random,25,38,40,normal,normal,60,1,6,3,3,false,0,0,false,false,11,60,
41,random,26,40,40,normal,normal,150,2,7,3,4,false,0,0,false,false,10,30,45
41,random,27,40,51,normal,normal,30,1,3,3,0,false,0,0,false,false,9,30,45
41,random,28,51,41,normal,normal,45,1,3,0,3,true,0,0,false,false,8,30,45
41,random,29,41,32,normal,normal,45,1,3,0,3,true,0,0,false,false,7,30,45
41,random,30,32,20,normal,normal,60,1,4,0,4,true,0,0,false,false,6,30,60
41,random,31,20,32,normal,normal,30,1,3,3,0,false,0,0,false,false,5,30,45
41,random,32,32,43,normal,normal,30,1,3,3,0,false,0,0,false,false,4,30,45
41,random,33,43,16,normal,normal,130,1,13,1,12,false,0,0,false,false,3,,105
41,random,34,16,16,normal,normal,345,4,15,6,9,true,0,0,false,false,2,60,90
41,random,35,16,0,normal,crash,90,2,6,0,6,true,-1,0,false,false,1,60,105
41,random,36,0,12,crash,crash,15,1,3,3,0,false,0,0,false,false,0,30,45
42,random,1,50,61,normal,normal,30,1,3,3,0,false,0,0,false,false,29,30,45
42,random,2,61,51,normal,normal,45,1,3,0,3,true,0,0,false,false,28,30,45
42,random,3,51,46,normal,normal,345,3,13,5,8,true,0,0,false,false,27,30,90
42,random,4,46,37,normal,normal,45,1,3,0,3,true,0,0,false,false,26,30,45
42,random,5,37,45,normal,normal,455,3,18,9,9,true,0,0,false,false,25,30,45
42,random,6,45,36,normal,normal,45,1,3,0,3,true,0,0,false,false,24,,60
42,random,7,36,67,normal,normal,80,1,8,8,0,false,0,0,false,false,23,80,45
42,random,8,67,57,normal,normal,45,1,3,0,3,true,0,0,false,false,22,60,90
42,random,9,57,47,normal,normal,45,1,3,0,3,true,0,0,false,false,21,60,45
42,random,10,47,38,normal,normal,45,1,3,0,3,true,0,0,false,false,20,60,60
42,random,11,38,38,normal,normal,120,2,7,3,4,true,0,0,false,false,19,80,60
42,random,12,38,45,normal,normal,190,2,16,8,8,false,0,0,false,false,18,190,45
42,random,13,45,68,normal,normal,90,2,6,6,0,false,0,0,false,false,17,30,45
42,random,14,68,59,normal,normal,555,4,19,7,12,true,0,0,false,false,16,,45
42,random,15,59,69,normal,normal,30,1,3,3,0,false,0,2,false,false,17,30,45
42,random,16,69,70,normal,keto,105,2,6,3,3,true,1,2,false,false,18,,60
42,random,17,70,60,keto,normal,90,1,3,0,3,true,-1,0,false,false,17,,120
42,random,18,60,62,normal,normal,105,2,6,3,3,true,0,0,false,false,16,,45
42,random,19,62,68,normal,normal,125,2,7,4,3,true,0,0,false,false,15,,45
42,random,20,68,58,normal,normal,45,1,3,0,3,true,0,0,false,false,14,110,45
42,random,21,58,68,normal,normal,30,1,3,3,0,false,0,2,false,false,15,60,
42,random,22,68,76,normal,keto,60,1,6,4,2,false,1,2,false,false,16,60,
42,random,23,76,66,keto,normal,90,1,3,0,3,true,-1,0,false,false,15,60,90
42,random,24,66,68,normal,normal,210,2,6,3,3,false,0,2,false,false,16,30,45
42,random,25,68,69,normal,normal,105,2,6,3,3,true,0,2,false,false,17,60,45
42,random,26,69,59,normal,normal,240,3,10,3,7,true,0,0,false,false,16,130,60
42,random,27,59,49,normal,normal,45,1,3,0,3,true,0,0,false,false,15,170,45
42,random,28,49,25,normal,normal,195,2,8,0,8,true,0,0,false,false,14,190,90
42,random,29,25,16,normal,normal,45,1,3,0,3,true,0,0,false,false,13,190,90
42,random,30,16,0,normal,crash,90,2,6,0,6,true,-1,0,false,false,12,110,45
42,random,31,0,12,crash,crash,15,1,3,3,0,false,0,0,false,false,11,15,
42,random,32,12,3,crash,crash,23,1,3,0,3,true,0,0,false,false,10,15,23
42,random,33,3,16,crash,normal,405,4,18,6,12,false,1,0,false,false,9,15,30
42,random,34,16,32,normal,normal,40,1,4,4,0,false,0,0,false,false,8,60,45
42,random,35,32,16,normal,normal,135,2,6,0,6,true,0,0,false,false,7,30,45
42,random,36,16,39,normal,normal,265,3,11,8,3,false,0,0,false,false,6,90,45
42,random,37,39,30,normal,normal,45,1,3,0,3,true,0,0,false,false,5,30,45
42,random,38,30,21,normal,normal,45,1,3,0,3,true,0,0,false,false,4,30,45
42,random,39,21,33,normal,normal,30,1,3,3,0,false,0,0,false,false,3,30,45
42,random,40,33,27,normal,normal,210,2,9,3,6,false,0,0,false,false,2,60,45
42,random,41,27,39,normal,normal,30,1,3,3,0,false,0,0,false,false,1,60,45
42,random,42,39,30,normal,normal,45,1,3,0,3,true,0,0,false,false,0,30,45
43,random,1,50,52,normal,normal,60,1,6,3,3,false,0,0,false,false,29,60,45
43,random,2,52,63,normal,normal,30,1,3,3,0,false,0,0,false,false,28,60,75
43,random,3,63,53,normal,normal,45,1,3,0,3,true,0,0,false,false,27,30,75
43,random,4,53,64,normal,normal,30,1,3,3,0,false,0,0,false,false,26,30,75
43,random,5,64,54,normal,normal,45,1,3,0,3,true,0,0,false,false,25,,75
43,random,6,54,44,normal,normal,45,1,3,0,3,true,0,0,false,false,24,30,45
43,random,7,44,46,normal,normal,120,2,6,3,3,false,0,0,false,false,23,40,60
43,random,8,46,25,normal,normal,165,2,7,0,7,true,0,0,false,false,22,30,45
43,random,9,25,16,normal,normal,510,3,19,4,15,false,0,0,false,false,21,30,45
43,random,10,16,28,normal,normal,30,1,3,3,0,false,0,0,false,false,20,30,
43,random,11,28,51,normal,normal,90,2,6,6,0,false,0,0,false,false,19,30,45
43,random,12,51,66,normal,normal,40,1,4,4,0,false,0,0,false,false,18,40,60
43,random,13,66,56,normal,normal,45,1,3,0,3,true,0,0,false,false,17,,60
43,random,14,56,46,normal,normal,45,1,3,0,3,true,0,0,false,false,16,30,60
43,random,15,46,37,normal,normal,45,1,3,0,3,true,0,0,false,false,15,110,45
43,random,16,37,33,normal,normal,445,3,20,8,12,true,0,0,false,false,14,30,45
43,random,17,33,24,normal,normal,45,1,3,0,3,true,0,0,false,false,13,30,45
43,random,18,24,36,normal,normal,30,1,3,3,0,false,0,0,false,false,12,30,45
43,random,19,36,41,normal,normal,375,4,12,6,6,true,0,0,false,false,11,,45
43,random,20,41,23,normal,normal,135,2,6,0,6,true,0,0,false,false,10,,45
43,random,21,23,0,normal,crash,158,3,9,0,9,true,-1,0,false,false,9,30,45
43,random,22,0,0,crash,crash,23,1,3,0,3,true,0,0,false,false,8,15,23
43,random,23,0,16,crash,normal,20,1,4,4,0,false,1,0,false,false,7,20,
43,random,24,16,28,normal,normal,30,1,3,3,0,false,0,0,false,false,6,30,
43,random,25,28,19,normal,normal,45,1,3,0,3,true,0,0,false,false,5,40,45
43,random,26,19,22,normal,normal,75,2,6,3,3,true,0,0,false,false,4,40,45
43,random,27,22,16,normal,normal,135,3,9,3,6,true,0,0,false,false,3,30,45
43,random,28,16,7,normal,crash,45,1,3,0,3,true,-1,0,false,false,2,30,45
43,random,29,7,16,crash,normal,105,2,6,3,3,false,1,0,false,false,1,15,23
43,random,30,16,7,normal,crash,45,1,3,0,3,true,-1,0,false,false,0,30,45
44,random,1,50,40,normal,normal,45,1,3,0,3,true,0,0,false,false,29,,45
44,random,2,40,51,normal,normal,30,1,3,3,0,false,0,0,false,false,28,30,
44,random,3,51,62,normal,normal,30,1,3,3,0,false,0,0,false,false,27,30,45
44,random,4,62,43,normal,normal,135,2,6,0,6,true,0,0,false,false,26,,75
44,random,5,43,34,normal,normal,45,1,3,0,3,true,0,0,false,false,25,30,105
44,random,6,34,25,normal,normal,45,1,3,0,3,true,0,0,false,false,24,40,60
44,random,7,25,37,normal,normal,30,1,3,3,0,false,0,0,false,false,23,40,
44,random,8,37,64,normal,normal,110,2,7,7,0,false,0,0,false,false,22,30,
44,random,9,64,48,normal,normal,75,1,5,0,5,true,0,0,false,false,21,90,75
44,random,10,48,39,normal,normal,45,1,3,0,3,true,0,0,false,false,20,110,60
44,random,11,39,48,normal,normal,60,1,6,4,2,false,0,0,false,false,19,60,100
44,random,12,48,50,normal,normal,105,2,6,3,3,true,0,0,false,false,18,30,90
44,random,13,50,61,normal,normal,30,1,3,3,0,false,0,0,false,false,17,40,45
44,random,14,61,51,normal,normal,45,1,3,0,3,true,0,0,false,false,16,60,90
44,random,15,51,41,normal,normal,45,1,3,0,3,true,0,0,false,false,15,30,90
44,random,16,41,32,normal,normal,45,1,3,0,3,true,0,0,false,false,14,,45
44,random,17,32,23,normal,normal,45,1,3,0,3,true,0,0,false,false,13,30,45
44,random,18,23,26,normal,normal,75,2,6,3,3,true,0,0,false,false,12,30,45
44,random,19,26,28,normal,normal,390,4,12,3,9,true,0,0,false,false,11,40,45
44,random,20,28,40,normal,normal,30,1,3,3,0,false,0,0,false,false,10,40,45
44,random,21,40,45,normal,normal,390,4,12,6,6,false,0,0,false,false,9,30,45
44,random,22,45,36,normal,normal,45,1,3,0,3,true,0,0,false,false,8,,45
44,random,23,36,16,normal,normal,600,3,22,5,17,false,0,0,false,false,7,30,45
44,random,24,16,7,normal,crash,45,1,3,0,3,true,-1,0,false,false,6,30,45
44,random,25,7,0,crash,crash,23,1,3,0,3,true,0,0,false,false,5,15,30
44,random,26,0,0,crash,crash,23,1,3,0,3,true,0,0,false,false,4,30,23
44,random,27,0,24,crash,normal,45,2,6,6,0,false,1,0,false,false,3,30,23
44,random,28,24,15,normal,crash,45,1,3,0,3,true,-1,0,false,false,2,30,45
44,random,29,15,41,crash,normal,330,4,12,9,3,false,1,0,false,false,1,15,23
44,random,30,41,23,normal,normal,135,2,6,0,6,true,0,0,false,false,0,60,90
45,random,1,50,35,normal,normal,75,1,5,0,5,true,0,0,false,false,29,40,75
45,random,2,35,26,normal,normal,45,1,3,0,3,true,0,0,false,false,28,40,60
45,random,3,26,38,normal,normal,30,1,3,3,0,false,0,0,false,false,27,40,45
45,random,4,38,49,normal,normal,30,1,3,3,0,false,0,0,false,false,26,30,45
45,random,5,49,68,normal,normal,360,3,9,6,3,false,0,2,false,false,27,30,45
45,random,6,68,80,normal,keto,265,2,14,8,6,true,1,2,false,false,28,30,90
45,random,7,80,69,keto,normal,90,1,3,0,3,true,-1,0,false,false,27,60,240
45,random,8,69,59,normal,normal,45,1,3,0,3,true,0,0,false,false,26,30,45
45,random,9,59,49,normal,normal,45,1,3,0,3,true,0,0,false,false,25,60,120
45,random,10,49,54,normal,normal,255,3,12,6,6,true,0,0,false,false,24,30,45
45,random,11,54,56,normal,normal,120,2,6,3,3,false,0,0,false,false,23,30,45
45,random,12,56,46,normal,normal,45,1,3,0,3,true,0,0,false,false,22,30,45
45,random,13,46,41,normal,normal,60,1,6,2,4,false,0,0,false,false,21,40,45
45,random,14,41,45,normal,normal,405,3,17,8,9,true,0,0,false,false,20,30,45
45,random,15,45,36,normal,normal,45,1,3,0,3,true,0,0,false,false,19,30,45
45,random,16,36,41,normal,normal,315,3,12,6,6,true,0,0,false,false,18,30,45
45,random,17,41,52,normal,normal,30,1,3,3,0,false,0,0,false,false,17,30,45
45,random,18,52,42,normal,normal,45,1,3,0,3,true,0,0,false,false,16,,45
45,random,19,42,53,normal,normal,30,1,3,3,0,false,0,0,false,false,15,40,45
45,random,20,53,43,normal,normal,45,1,3,0,3,true,0,0,false,false,14,30,45
45,random,21,43,16,normal,normal,450,4,12,0,12,true,0,0,false,false,13,30,45
45,random,22,16,28,normal,normal,30,1,3,3,0,false,0,0,false,false,12,30,45
45,random,23,28,51,normal,normal,90,2,6,6,0,false,0,0,false,false,11,30,45
45,random,24,51,41,normal,normal,45,1,3,0,3,true,0,0,false,false,10,,75
45,random,25,41,52,normal,normal,30,1,3,3,0,false,0,0,false,false,9,30,75
45,random,26,52,74,normal,keto,90,2,6,6,0,false,1,2,false,false,10,30,60
45,random,27,74,64,keto,normal,90,1,3,0,3,true,-1,0,false,false,9,,180
45,random,28,64,61,normal,normal,185,2,10,4,6,true,0,0,false,false,8,,45
45,random,29,61,51,normal,normal,45,1,3,0,3,true,0,0,false,false,7,30,45
45,random,30,51,53,normal,normal,105,2,6,3,3,true,0,0,false,false,6,60,45
45,random,31,53,64,normal,normal,30,1,3,3,0,false,0,0,false,false,5,60,60
45,random,32,64,54,normal,normal,45,1,3,0,3,true,0,0,false,false,4,30,60
45,random,33,54,65,normal,normal,30,1,3,3,0,false,0,0,false,false,3,80,60
45,random,34,65,52,normal,normal,60,1,4,0,4,true,0,0,false,false,2,80,60
45,random,35,52,43,normal,normal,240,2,12,4,8,false,0,0,false,false,1,60,45
45,random,36,43,34,normal,normal,45,1,3,0,3,true,0,0,false,false,0,40,45
46,random,1,50,32,normal,normal,135,2,6,0,6,true,0,0,false,false,29,60,45
46,random,2,32,35,normal,normal,105,2,6,3,3,true,0,0,false,false,28,30,45
46,random,3,35,26,normal,normal,45,1,3,0,3,true,0,0,false,false,27,30,45
46,random,4,26,29,normal,normal,105,2,6,3,3,true,0,0,false,false,26,30,45
46,random,5,29,20,normal,normal,45,1,3,0,3,true,0,0,false,false,25,30,60
46,random,6,20,32,normal,normal,30,1,3,3,0,false,0,0,false,false,24,70,45
46,random,7,32,23,normal,normal,45,1,3,0,3,true,0,0,false,false,23,,45
46,random,8,23,2,normal,crash,105,2,7,0,7,true,-1,0,false,false,22,30,45
46,random,9,2,12,crash,crash,53,2,6,3,3,true,0,0,false,false,21,15,23
46,random,10,12,0,crash,crash,40,1,8,1,7,false,0,0,false,false,20,55,45
46,random,11,0,24,crash,normal,45,2,6,6,0,false,1,0,false,false,19,15,23
46,random,12,24,0,normal,crash,406,5,17,0,17,true,-1,0,false,false,18,30,60
46,random,13,0,12,crash,crash,15,1,3,3,0,false,0,0,false,false,17,20,
46,random,14,12,3,crash,crash,23,1,3,0,3,true,0,0,false,false,16,15,23
46,random,15,3,0,crash,crash,23,1,3,0,3,true,0,0,false,false,15,15,23
46,random,16,0,12,crash,crash,15,1,3,3,0,false,0,0,false,false,14,30,
46,random,17,12,36,crash,normal,75,2,6,6,0,false,1,0,false,false,13,15,40
46,random,18,36,20,normal,normal,440,4,17,5,12,false,0,0,false,false,12,,45
46,random,19,20,11,normal,crash,45,1,3,0,3,true,-1,0,false,false,11,60,45
46,random,20,11,23,crash,normal,15,1,3,3,0,false,1,0,false,false,10,15,30
46,random,21,23,14,normal,crash,45,1,3,0,3,true,-1,0,false,false,9,30,60
46,random,22,14,0,crash,crash,136,3,9,0,9,true,0,0,false,false,8,55,30
46,random,23,0,0,crash,crash,23,1,3,0,3,true,0,0,false,false,7,20,23
46,random,24,0,12,crash,crash,15,1,3,3,0,false,0,0,false,false,6,20,23
46,random,25,12,6,crash,crash,83,2,9,3,6,true,0,0,false,false,5,20,23
46,random,26,6,18,crash,normal,15,1,3,3,0,false,1,0,false,false,4,15,23
46,random,27,18,9,normal,crash,45,1,3,0,3,true,-1,0,false,false,3,30,45
46,random,28,9,0,crash,crash,23,1,3,0,3,true,0,0,false,false,2,,23
46,random,29,0,12,crash,crash,15,1,3,3,0,false,0,0,false,false,1,20,45
46,random,30,12,24,crash,normal,15,1,3,3,0,false,1,0,false,false,0,45,30
47,random,1,50,38,normal,normal,60,1,4,0,4,true,0,0,false,false,29,60,60
47,random,2,38,49,normal,normal,30,1,3,3,0,false,0,0,false,false,28,40,45
47,random,3,49,40,normal,normal,45,1,3,0,3,true,0,0,false,false,27,30,45
47,random,4,40,51,normal,normal,30,1,3,3,0,false,0,0,false,false,26,60,45
47,random,5,51,24,normal,normal,270,3,9,0,9,true,0,0,false,false,25,70,75
47,random,6,24,47,normal,normal,90,2,6,6,0,false,0,0,false,false,24,70,45
47,random,7,47,46,normal,normal,70,1,7,3,4,false,0,0,false,false,23,70,45
47,random,8,46,57,normal,normal,30,1,3,3,0,false,0,0,false,false,22,30,45
47,random,9,57,47,normal,normal,45,1,3,0,3,true,0,0,false,false,21,30,45
47,random,10,47,49,normal,normal,105,2,6,3,3,true,0,0,false,false,20,30,45
47,random,11,49,50,normal,normal,140,2,11,5,6,false,0,0,false,false,19,30,45
47,random,12,50,40,normal,normal,45,1,3,0,3,true,0,0,false,false,18,40,45
47,random,13,40,31,normal,normal,45,1,3,0,3,true,0,0,false,false,17,40,45
47,random,14,31,42,normal,normal,30,1,3,3,0,false,0,0,false,false,16,40,45
47,random,15,42,53,normal,normal,30,1,3,3,0,false,0,0,false,false,15,30,45
47,random,16,53,55,normal,normal,105,2,6,3,3,true,0,0,false,false,14,30,45
47,random,17,55,45,normal,normal,45,1,3,0,3,true,0,0,false,false,13,40,45
47,random,18,45,68,normal,normal,90,2,6,6,0,false,0,0,false,false,12,50,
47,random,19,68,69,normal,normal,105,2,6,3,3,true,0,2,false,false,13,30,45
47,random,20,69,56,normal,normal,60,1,4,0,4,true,0,0,false,false,12,,60
48,random,1,50,43,normal,normal,210,2,9,3,6,false,0,0,false,false,29,30,45
48,random,2,43,34,normal,normal,45,1,3,0,3,true,0,0,false,false,28,30,60
48,random,3,34,25,normal,normal,45,1,3,0,3,true,0,0,false,false,27,30,45
48,random,4,25,37,normal,normal,30,1,3,3,0,false,0,0,false,false,26,30,45
48,random,5,37,40,normal,normal,120,2,6,3,3,false,0,0,false,false,25,30,45
48,random,6,40,51,normal,normal,30,1,3,3,0,false,0,0,false,false,24,40,45
48,random,7,51,53,normal,normal,105,2,6,3,3,true,0,0,false,false,23,40,45
48,random,8,53,64,normal,normal,30,1,3,3,0,false,0,0,false,false,22,30,45
48,random,9,64,74,normal,keto,30,1,3,3,0,false,1,2,false,false,23,30,45
48,random,10,74,82,keto,keto,330,2,6,3,3,false,0,2,false,false,24,60,90
48,random,11,82,71,keto,keto,90,1,3,0,3,true,0,0,false,false,23,120,90
48,random,12,71,92,keto,deep,180,2,6,6,0,false,1,2,false,false,24,60,90
48,random,13,92,100,deep,frenzy,90,1,3,3,0,false,frenzy,5,true,false,28,90,135
48,random,14,100,100,frenzy,frenzy,1020,3,9,3,6,false,0,0,false,false,27,120,240
48,random,15,100,100,frenzy,frenzy,720,2,8,0,8,true,0,0,false,false,26,120,300
48,random,16,100,100,frenzy,frenzy,180,1,3,0,3,true,0,0,false,false,25,120,180
48,random,17,100,100,frenzy,frenzy,600,2,9,6,3,false,0,0,false,false,24,240,180
48,random,18,100,70,frenzy,keto,8680,8,45,19,26,false,-1,0,false,true,23,,240
48,random,19,70,51,keto,normal,180,2,6,0,6,true,-1,0,false,false,22,60,90
48,random,20,51,33,normal,normal,135,2,6,0,6,true,0,0,false,false,21,30,45
48,random,21,33,39,normal,normal,405,4,12,6,6,false,0,0,false,false,20,60,45
48,random,22,39,41,normal,normal,120,2,6,3,3,false,0,0,false,false,19,30,60
48,random,23,41,53,normal,normal,240,3,12,7,5,false,0,0,false,false,18,30,
48,random,24,53,64,normal,normal,30,1,3,3,0,false,0,0,false,false,17,30,45
48,random,25,64,66,normal,normal,105,2,6,3,3,true,0,0,false,false,16,,60
48,random,26,66,56,normal,normal,45,1,3,0,3,true,0,0,false,false,15,30,45
48,random,27,56,67,normal,normal,30,1,3,3,0,false,0,0,false,false,14,30,45
48,random,28,67,57,normal,normal,45,1,3,0,3,true,0,0,false,false,13,,45
48,random,29,57,70,normal,keto,120,2,9,6,3,false,1,2,false,false,14,60,60
48,random,30,70,60,keto,normal,90,1,3,0,3,true,-1,0,false,false,13,,90
48,random,31,60,33,normal,normal,225,2,9,0,9,true,0,0,false,false,12,,45
48,random,32,33,24,normal,normal,45,1,3,0,3,true,0,0,false,false,11,30,45
48,random,33,24,27,normal,normal,60,1,6,3,3,false,0,0,false,false,10,60,
48,random,34,27,16,normal,normal,300,3,12,3,9,true,0,0,false,false,9,60,45
48,random,35,16,7,normal,crash,45,1,3,0,3,true,-1,0,false,false,8,30,60
48,random,36,7,0,crash,crash,23,1,3,0,3,true,0,0,false,false,7,15,23
48,random,37,0,24,crash,normal,45,2,6,6,0,false,1,0,false,false,6,15,
48,random,38,24,15,normal,crash,45,1,3,0,3,true,-1,0,false,false,5,,45
48,random,39,15,6,crash,crash,23,1,3,0,3,true,0,0,false,false,4,15,23
48,random,40,6,30,crash,normal,75,2,6,6,0,false,1,0,false,false,3,25,23
48,random,41,30,40,normal,normal,510,4,18,9,9,false,0,0,false,false,2,30,45
48,random,42,40,54,normal,normal,165,2,9,6,3,true,0,0,false,false,1,,60
48,random,43,54,50,normal,normal,80,1,8,3,5,false,0,0,false,false,0,80,60
49,random,1,50,46,normal,normal,600,5,15,6,9,false,0,0,false,false,29,30,45
49,random,2,46,37,normal,normal,45,1,3,0,3,true,0,0,false,false,28,60,60
49,random,3,37,40,normal,normal,105,2,6,3,3,true,0,0,false,false,27,30,75
49,random,4,40,42,normal,normal,105,2,6,3,3,true,0,0,false,false,26,30,75
49,random,5,42,33,normal,normal,45,1,3,0,3,true,0,0,false,false,25,30,75
49,random,6,33,24,normal,normal,45,1,3,0,3,true,0,0,false,false,24,30,75
49,random,7,24,12,normal,crash,60,1,4,0,4,true,-1,0,false,false,23,30,75
49,random,8,12,36,crash,normal,30,1,6,6,0,false,1,0,false,false,22,30,23
49,random,9,36,27,normal,normal,45,1,3,0,3,true,0,0,false,false,21,30,45
49,random,10,27,18,normal,normal,45,1,3,0,3,true,0,0,false,false,20,30,90
49,random,11,18,9,normal,crash,45,1,3,0,3,true,-1,0,false,false,19,30,45
49,random,12,9,0,crash,crash,68,2,6,0,6,true,0,0,false,false,18,15,30
49,random,13,0,12,crash,crash,60,2,9,5,4,false,0,0,false,false,17,15,30
49,random,14,12,16,crash,normal,1213,8,41,16,25,true,1,0,false,false,16,15,30
49,random,15,16,7,normal,crash,45,1,3,0,3,true,-1,0,false,false,15,30,45
49,random,16,7,0,crash,crash,23,1,3,0,3,true,0,0,false,false,14,15,23
49,random,17,0,0,crash,crash,23,1,3,0,3,true,0,0,false,false,13,15,23
49,random,18,0,12,crash,crash,15,1,3,3,0,false,0,0,false,false,12,15,
49,random,19,12,16,crash,normal,105,2,6,3,3,false,1,0,false,false,11,15,23
49,random,20,16,12,normal,crash,120,2,9,3,6,true,-1,0,false,false,10,60,105
49,random,21,12,3,crash,crash,23,1,3,0,3,true,0,0,false,false,9,30,45
49,random,22,3,0,crash,crash,23,1,3,0,3,true,0,0,false,false,8,15,23
49,random,23,0,10,crash,crash,30,1,6,4,2,false,0,0,false,false,7,15,23
49,random,24,10,13,crash,crash,53,2,6,3,3,true,0,0,false,false,6,30,23
49,random,25,13,25,crash,normal,15,1,3,3,0,false,1,0,false,false,5,30,23
49,random,26,25,28,normal,normal,225,3,9,3,6,true,0,0,false,false,4,60,45
49,random,27,28,19,normal,normal,45,1,3,0,3,true,0,0,false,false,3,30,45
49,random,28,19,31,normal,normal,30,1,3,3,0,false,0,0,false,false,2,40,45
49,random,29,31,22,normal,normal,45,1,3,0,3,true,0,0,false,false,1,40,45
49,random,30,22,34,normal,normal,30,1,3,3,0,false,0,0,false,false,0,40,45
50,random,1,50,61,normal,normal,30,1,3,3,0,false,0,0,false,false,29,40,45
50,random,2,61,71,normal,keto,30,1,3,3,0,false,1,2,false,false,30,30,45
50,random,3,71,61,keto,normal,90,1,3,0,3,true,-1,0,false,false,29,,120
50,random,4,61,51,normal,normal,45,1,3,0,3,true,0,0,false,false,28,60,45
50,random,5,51,53,normal,normal,105,2,6,3,3,true,0,0,false,false,27,80,60
50,random,6,53,43,normal,normal,45,1,3,0,3,true,0,0,false,false,26,80,60
50,random,7,43,54,normal,normal,30,1,3,3,0,false,0,0,false,false,25,40,45
50,random,8,54,65,normal,normal,30,1,3,3,0,false,0,0,false,false,24,30,45
50,random,9,65,55,normal,normal,45,1,3,0,3,true,0,0,false,false,23,30,45
50,random,10,55,48,normal,normal,465,4,16,6,10,true,0,0,false,false,22,30,60
50,random,11,48,54,normal,normal,125,2,7,4,3,true,0,0,false,false,21,30,45
50,random,12,54,44,normal,normal,45,1,3,0,3,true,0,0,false,false,20,90,45
50,random,13,44,47,normal,normal,80,1,8,4,4,false,0,0,false,false,19,30,80
50,random,14,47,28,normal,normal,730,5,18,5,13,true,0,0,false,false,18,50,45
50,random,15,28,25,normal,normal,80,1,8,3,5,false,0,0,false,false,17,30,45
50,random,16,25,16,normal,normal,45,1,3,0,3,true,0,0,false,false,16,60,90
50,random,17,16,28,normal,normal,30,1,3,3,0,false,0,0,false,false,15,60,45
50,random,18,28,42,normal,normal,195,3,9,6,3,true,0,0,false,false,14,60,45
50,random,19,42,33,normal,normal,45,1,3,0,3,true,0,0,false,false,13,60,75
50,random,20,33,36,normal,normal,105,2,6,3,3,true,0,0,false,false,12,60,45
50,random,21,36,51,normal,normal,40,1,4,4,0,false,0,0,false,false,11,40,45
50,random,22,51,41,normal,normal,45,1,3,0,3,true,0,0,false,false,10,130,45
50,random,23,41,43,normal,normal,130,1,13,6,7,false,0,0,false,false,9,130,75
50,random,24,43,25,normal,normal,135,2,6,0,6,true,0,0,false,false,8,30,45
50,random,25,25,16,normal,normal,630,5,15,3,12,true,0,0,false,false,7,60,75
50,random,26,16,4,normal,crash,60,1,4,0,4,true,-1,0,false,false,6,60,60
50,random,27,4,43,crash,normal,355,4,13,10,3,false,1,0,false,false,5,30,
50,random,28,43,57,normal,normal,150,2,9,6,3,false,0,0,false,false,4,60,
50,random,29,57,68,normal,normal,30,1,3,3,0,false,0,0,false,false,3,90,45
50,random,30,68,69,normal,normal,60,1,6,3,3,false,0,2,false,false,4,60,45
50,random,31,69,79,normal,keto,30,1,3,3,0,false,1,2,false,false,5,90,60
50,random,32,79,82,keto,keto,450,2,12,5,7,false,0,2,false,false,6,160,120
50,random,33,82,82,keto,keto,330,2,6,3,3,false,0,2,false,false,7,60,120
50,random,34,82,71,keto,keto,90,1,3,0,3,true,0,0,false,false,6,60,90
50,random,35,71,81,keto,keto,60,1,3,3,0,false,0,0,false,false,5,60,90
50,random,36,81,70,keto,keto,90,1,3,0,3,true,0,0,false,false,4,120,90
50,random,37,70,60,keto,normal,90,1,3,0,3,true,-1,0,false,false,3,120,90
50,random,38,60,70,normal,keto,30,1,3,3,0,false,1,2,false,false,4,60,45
50,random,39,70,63,keto,normal,210,2,9,3,6,true,-1,0,false,false,3,120,90
50,random,40,63,68,normal,normal,210,2,6,3,3,false,0,2,false,false,4,30,45
50,random,41,68,58,normal,normal,45,1,3,0,3,true,0,0,false,false,3,60,75
50,random,42,58,68,normal,normal,30,1,3,3,0,false,0,2,false,false,4,60,75
50,random,43,68,58,normal,normal,45,1,3,0,3,true,0,0,false,false,3,60,75
50,random,44,58,82,normal,keto,1650,5,24,12,12,false,1,4,false,false,6,60,75
50,random,45,82,91,keto,deep,60,1,3,3,0,false,1,2,false,false,7,60,90
50,random,46,91,100,deep,frenzy,90,1,3,3,0,false,frenzy,5,true,false,11,90,135
50,random,47,100,100,frenzy,frenzy,1100,3,13,10,3,true,0,0,false,false,10,120,180
50,random,48,100,100,frenzy,frenzy,120,1,3,3,0,false,0,0,false,false,9,240,180
50,random,49,100,100,frenzy,frenzy,180,1,3,0,3,true,0,0,false,false,8,240,240
50,random,50,100,100,frenzy,frenzy,540,2,6,0,6,true,0,0,false,false,7,240,180
50,random,51,100,70,frenzy,keto,240,1,6,3,3,false,-1,0,false,true,6,240,180
50,random,52,70,80,keto,keto,60,1,3,3,0,false,0,0,false,false,5,60,120
50,random,53,80,67,keto,normal,120,1,4,0,4,true,-1,0,false,false,4,,120
50,random,54,67,34,normal,normal,210,2,11,0,11,true,0,0,false,false,3,,45
50,random,55,34,35,normal,normal,165,2,9,4,5,true,0,0,false,false,2,40,45
50,random,56,35,26,normal,normal,45,1,3,0,3,true,0,0,false,false,1,30,45
50,random,57,26,16,normal,normal,315,3,11,3,8,false,0,0,false,false,0,30,
51,random,1,50,38,normal,normal,60,1,4,0,4,true,0,0,false,false,29,80,60
51,random,2,38,49,normal,normal,30,1,3,3,0,false,0,0,false,false,28,40,
51,random,3,49,64,normal,normal,40,1,4,4,0,false,0,0,false,false,27,50,
51,random,4,64,68,normal,normal,390,2,9,3,6,false,0,2,false,false,28,30,45
51,random,5,68,78,normal,keto,30,1,3,3,0,false,1,2,false,false,29,60,
51,random,6,78,68,keto,normal,90,1,3,0,3,true,-1,0,false,false,28,120,90
51,random,7,68,58,normal,normal,45,1,3,0,3,true,0,0,false,false,27,60,45
51,random,8,58,48,normal,normal,45,1,3,0,3,true,0,0,false,false,26,60,45
51,random,9,48,39,normal,normal,45,1,3,0,3,true,0,0,false,false,25,30,45
51,random,10,39,50,normal,normal,30,1,3,3,0,false,0,0,false,false,24,140,
51,random,11,50,79,normal,keto,260,2,20,13,7,false,1,2,false,false,25,140,60
51,random,12,79,91,keto,deep,390,3,9,6,3,true,1,2,false,false,26,80,90
51,random,13,91,100,deep,frenzy,120,1,4,4,0,false,frenzy,5,true,false,30,120,135
51,random,14,100,100,frenzy,frenzy,540,2,6,0,6,true,0,0,false,false,29,,180
51,random,15,100,100,frenzy,frenzy,420,2,6,3,3,true,0,0,false,false,28,,180
51,random,16,100,100,frenzy,frenzy,180,1,3,0,3,true,0,0,false,false,27,,180
51,random,17,100,100,frenzy,frenzy,180,1,3,0,3,true,0,0,false,false,26,,180
51,random,18,100,70,frenzy,keto,180,1,3,0,3,true,-1,0,false,true,25,120,180
51,random,19,70,80,keto,keto,60,1,3,3,0,false,0,0,false,false,24,60,90
51,random,20,80,89,keto,deep,60,1,3,3,0,false,1,2,false,false,25,60,90
51,random,21,89,75,deep,keto,180,1,4,0,4,true,-1,0,false,false,24,,180
51,random,22,75,65,keto,normal,90,1,3,0,3,true,-1,0,false,false,23,60,90
51,random,23,65,46,normal,normal,135,2,6,0,6,true,0,0,false,false,22,,75
51,random,24,46,37,normal,normal,45,1,3,0,3,true,0,0,false,false,21,,75
51,random,25,37,48,normal,normal,30,1,3,3,0,false,0,0,false,false,20,30,45
51,random,26,48,39,normal,normal,45,1,3,0,3,true,0,0,false,false,19,,75
51,random,27,39,30,normal,normal,45,1,3,0,3,true,0,0,false,false,18,,75
51,random,28,30,41,normal,normal,30,1,3,3,0,false,0,0,false,false,17,30,45
51,random,29,41,38,normal,normal,180,2,8,3,5,false,0,0,false,false,16,30,45
51,random,30,38,29,normal,normal,45,1,3,0,3,true,0,0,false,false,15,30,45
51,random,31,29,40,normal,normal,30,1,3,3,0,false,0,0,false,false,14,30,
52,random,1,50,61,normal,normal,30,1,3,3,0,false,0,0,false,false,29,30,45
52,random,2,61,51,normal,normal,45,1,3,0,3,true,0,0,false,false,28,30,45
52,random,3,51,83,normal,keto,495,4,14,11,3,true,1,4,false,false,31,60,45
52,random,4,83,92,keto,deep,60,1,3,3,0,false,1,2,false,false,32,100,90
52,random,5,92,100,deep,frenzy,90,1,3,3,0,false,frenzy,5,true,false,36,90,135
52,random,6,100,100,frenzy,frenzy,180,1,3,0,3,true,0,0,false,false,35,,180
52,random,7,100,100,frenzy,frenzy,180,1,3,0,3,true,0,0,false,false,34,,180
52,random,8,100,100,frenzy,frenzy,540,2,6,0,6,true,0,0,false,false,33,120,180
52,random,9,100,100,frenzy,frenzy,160,1,4,4,0,false,0,0,false,false,32,160,180
52,random,10,100,70,frenzy,keto,820,2,11,5,6,true,-1,0,false,true,31,120,240
52,random,11,70,68,keto,normal,180,2,7,3,4,true,-1,2,false,false,32,60,120
52,random,12,68,42,normal,normal,520,3,27,8,19,false,0,0,false,false,31,60,60
52,random,13,42,33,normal,normal,45,1,3,0,3,true,0,0,false,false,30,30,45
52,random,14,33,44,normal,normal,30,1,3,3,0,false,0,0,false,false,29,30,80
52,random,15,44,34,normal,normal,80,1,8,2,6,false,0,0,false,false,28,30,80
52,random,16,34,45,normal,normal,30,1,3,3,0,false,0,0,false,false,27,50,45
52,random,17,45,36,normal,normal,45,1,3,0,3,true,0,0,false,false,26,30,45
52,random,18,36,47,normal,normal,30,1,3,3,0,false,0,0,false,false,25,30,
52,random,19,47,58,normal,normal,30,1,3,3,0,false,0,0,false,false,24,30,45
52,random,20,58,40,normal,normal,135,2,6,0,6,true,0,0,false,false,23,,45
52,random,21,40,34,normal,normal,240,3,9,3,6,true,0,0,false,false,22,30,45
52,random,22,34,45,normal,normal,30,1,3,3,0,false,0,0,false,false,21,40,60
52,random,23,45,36,normal,normal,45,1,3,0,3,true,0,0,false,false,20,,60
52,random,24,36,27,normal,normal,45,1,3,0,3,true,0,0,false,false,19,,60
52,random,25,27,18,normal,normal,45,1,3,0,3,true,0,0,false,false,18,,45
52,random,26,18,9,normal,crash,45,1,3,0,3,true,-1,0,false,false,17,,45
52,random,27,9,21,crash,normal,15,1,3,3,0,false,1,0,false,false,16,30,
52,random,28,21,33,normal,normal,30,1,3,3,0,false,0,0,false,false,15,30,45
52,random,29,33,21,normal,normal,60,1,4,0,4,true,0,0,false,false,14,,75
52,random,30,21,21,normal,normal,150,2,7,3,4,false,0,0,false,false,13,30,
52,random,31,21,59,normal,normal,430,4,15,12,3,false,0,0,false,false,12,30,
52,random,32,59,53,normal,normal,110,1,11,4,7,false,0,0,false,false,11,,60
52,random,33,53,60,normal,normal,120,2,9,5,4,false,0,0,false,false,10,70,45
52,random,34,60,50,normal,normal,45,1,3,0,3,true,0,0,false,false,9,70,45
52,random,35,50,61,normal,normal,30,1,3,3,0,false,0,0,false,false,8,30,
52,random,36,61,51,normal,normal,45,1,3,0,3,true,0,0,false,false,7,,45
52,random,37,51,62,normal,normal,30,1,3,3,0,false,0,0,false,false,6,30,
52,random,38,62,64,normal,normal,105,2,6,3,3,true,0,0,false,false,5,,45
52,random,39,64,54,normal,normal,45,1,3,0,3,true,0,0,false,false,4,,75
52,random,40,54,36,normal,normal,135,2,6,0,6,true,0,0,false,false,3,,45
52,random,41,36,21,normal,normal,75,1,5,0,5,true,0,0,false,false,2,30,75
52,random,42,21,9,normal,crash,60,1,4,0,4,true,-1,0,false,false,1,30,90
52,random,43,9,0,crash,crash,75,2,9,2,7,false,0,0,false,false,0,45,45
53,random,1,50,23,normal,normal,225,2,9,0,9,true,0,0,false,false,29,30,120
53,random,2,23,28,normal,normal,1110,6,24,9,15,false,0,0,false,false,28,30,45
53,random,3,28,18,normal,normal,80,1,8,2,6,false,0,0,false,false,27,30,60
53,random,4,18,16,normal,normal,60,1,6,1,5,false,0,0,false,false,26,30,90
53,random,5,16,7,normal,crash,45,1,3,0,3,true,-1,0,false,false,25,60,75
53,random,6,7,43,crash,normal,573,6,23,14,9,false,1,0,false,false,24,30,38
53,random,7,43,54,normal,normal,30,1,3,3,0,false,0,0,false,false,23,30,45
53,random,8,54,44,normal,normal,45,1,3,0,3,true,0,0,false,false,22,30,60
53,random,9,44,55,normal,normal,30,1,3,3,0,false,0,0,false,false,21,30,45
53,random,10,55,66,normal,normal,30,1,3,3,0,false,0,0,false,false,20,30,45
53,random,11,66,56,normal,normal,45,1,3,0,3,true,0,0,false,false,19,30,45
53,random,12,56,67,normal,normal,30,1,3,3,0,false,0,0,false,false,18,30,45
53,random,13,67,57,normal,normal,45,1,3,0,3,true,0,0,false,false,17,30,45
53,random,14,57,47,normal,normal,45,1,3,0,3,true,0,0,false,false,16,30,45
53,random,15,47,49,normal,normal,60,1,6,3,3,false,0,0,false,false,15,60,
53,random,16,49,71,normal,keto,60,1,6,6,0,false,1,2,false,false,16,60,
53,random,17,71,92,keto,deep,180,2,6,6,0,false,1,2,false,false,17,60,90
53,random,18,92,81,deep,keto,135,1,3,0,3,true,-1,0,false,false,16,90,135
53,random,19,81,68,keto,normal,120,1,4,0,4,true,-1,0,false,false,15,60,120
53,random,20,68,58,normal,normal,45,1,3,0,3,true,0,0,false,false,14,30,45
53,random,21,58,75,normal,keto,280,2,10,7,3,false,1,2,false,false,15,50,60
53,random,22,75,56,keto,normal,180,2,6,0,6,true,-1,0,false,false,14,60,90
53,random,23,56,43,normal,normal,60,1,4,0,4,true,0,0,false,false,13,30,60
53,random,24,43,52,normal,normal,60,1,6,4,2,false,0,0,false,false,12,50,
53,random,25,52,54,normal,normal,120,2,6,3,3,false,0,0,false,false,11,30,60
53,random,26,54,65,normal,normal,30,1,3,3,0,false,0,0,false,false,10,50,60
53,random,27,65,75,normal,keto,30,1,3,3,0,false,1,2,false,false,11,30,60
53,random,28,75,62,keto,normal,120,1,4,0,4,true,-1,0,false,false,10,,120
53,random,29,62,64,normal,normal,105,2,6,3,3,true,0,0,false,false,9,,45
53,random,30,64,80,normal,keto,390,3,9,6,3,false,1,2,false,false,10,30,45
53,random,31,80,89,keto,deep,60,1,3,3,0,false,1,2,false,false,11,60,120
53,random,32,89,89,deep,deep,1230,3,19,7,12,false,0,0,false,false,10,,270
53,random,33,89,82,deep,keto,180,1,6,1,5,false,-1,0,false,false,9,120,135
53,random,34,82,100,keto,frenzy,380,2,9,9,0,false,frenzy,7,true,false,15,120,
53,random,35,100,100,frenzy,frenzy,1260,3,15,7,8,false,0,0,false,false,14,240,180
53,random,36,100,100,frenzy,frenzy,1620,3,18,10,8,true,0,0,false,false,13,360,180
53,random,37,100,100,frenzy,frenzy,600,2,7,3,4,false,0,0,false,false,12,240,440
53,random,38,100,100,frenzy,frenzy,760,2,13,3,10,false,0,0,false,false,11,520,400
53,random,39,100,70,frenzy,keto,660,2,9,5,4,true,-1,0,false,true,10,120,180
53,random,40,70,68,keto,normal,220,1,11,2,9,false,-1,0,false,false,9,60,90
53,random,41,68,49,normal,normal,135,2,6,0,6,true,0,0,false,false,8,60,60
53,random,42,49,60,normal,normal,30,1,3,3,0,false,0,0,false,false,7,70,60
53,random,43,60,93,normal,deep,330,3,9,9,0,false,1,4,false,false,10,80,45
53,random,44,93,93,deep,deep,255,2,6,3,3,true,0,2,false,false,11,180,135
53,random,45,93,82,deep,keto,135,1,3,0,3,true,-1,0,false,false,10,90,135
53,random,46,82,71,keto,keto,90,1,3,0,3,true,0,0,false,false,9,60,90
53,random,47,71,81,keto,keto,60,1,3,3,0,false,0,0,false,false,8,60,90
53,random,48,81,70,keto,keto,90,1,3,0,3,true,0,0,false,false,7,60,90
53,random,49,70,60,keto,normal,90,1,3,0,3,true,-1,0,false,false,6,60,90
53,random,50,60,77,normal,keto,140,2,10,7,3,false,1,2,false,false,7,60,45
53,random,51,77,100,keto,frenzy,960,3,12,8,4,false,frenzy,7,true,false,13,120,90
53,random,52,100,100,frenzy,frenzy,540,2,6,0,6,true,0,0,false,false,12,,420
54,random,1,50,40,normal,normal,45,1,3,0,3,true,0,0,false,false,29,30,45
54,random,2,40,51,normal,normal,30,1,3,3,0,false,0,0,false,false,28,30,45
54,random,3,51,76,normal,keto,255,3,12,9,3,true,1,2,false,false,29,,60
54,random,4,76,77,keto,keto,150,2,6,3,3,true,0,2,false,false,30,60,120
54,random,5,77,67,keto,normal,90,1,3,0,3,true,-1,0,false,false,29,60,90
54,random,6,67,57,normal,normal,45,1,3,0,3,true,0,0,false,false,28,60,45
54,random,7,57,47,normal,normal,45,1,3,0,3,true,0,0,false,false,27,30,45
54,random,8,47,38,normal,normal,45,1,3,0,3,true,0,0,false,false,26,30,45
54,random,9,38,72,normal,keto,120,2,9,9,0,false,1,2,false,false,27,60,
54,random,10,72,44,keto,normal,315,3,9,0,9,true,-1,0,false,false,26,60,90
54,random,11,44,55,normal,normal,30,1,3,3,0,false,0,0,false,false,25,30,
54,random,12,55,45,normal,normal,45,1,3,0,3,true,0,0,false,false,24,30,45
54,random,13,45,47,normal,normal,120,2,6,3,3,false,0,0,false,false,23,30,45
54,random,14,47,38,normal,normal,45,1,3,0,3,true,0,0,false,false,22,30,60
54,random,15,38,40,normal,normal,120,2,6,3,3,false,0,0,false,false,21,30,
54,random,16,40,22,normal,normal,90,1,6,0,6,true,0,0,false,false,20,,90
54,random,17,22,13,normal,crash,45,1,3,0,3,true,-1,0,false,false,19,,45
54,random,18,13,25,crash,normal,15,1,3,3,0,false,1,0,false,false,18,30,
54,random,19,25,16,normal,normal,45,1,3,0,3,true,0,0,false,false,17,60,45
54,random,20,16,28,normal,normal,30,1,3,3,0,false,0,0,false,false,16,60,45
54,random,21,28,19,normal,normal,45,1,3,0,3,true,0,0,false,false,15,30,45
54,random,22,19,22,normal,normal,75,2,6,3,3,true,0,0,false,false,14,30,45
54,random,23,22,13,normal,crash,45,1,3,0,3,true,-1,0,false,false,13,90,45
54,random,24,13,24,crash,normal,40,1,8,5,3,false,1,0,false,false,12,45,23
54,random,25,24,36,normal,normal,30,1,3,3,0,false,0,0,false,false,11,30,45
54,random,26,36,30,normal,normal,210,2,9,3,6,false,0,0,false,false,10,30,45
54,random,27,30,21,normal,normal,45,1,3,0,3,true,0,0,false,false,9,,45
54,random,28,21,6,normal,crash,225,4,12,3,9,true,-1,0,false,false,8,30,45
54,random,29,6,0,crash,crash,23,1,3,0,3,true,0,0,false,false,7,,23
54,random,30,0,12,crash,crash,15,1,3,3,0,false,0,0,false,false,6,15,23
54,random,31,12,3,crash,crash,23,1,3,0,3,true,0,0,false,false,5,,23
54,random,32,3,0,crash,crash,23,1,3,0,3,true,0,0,false,false,4,15,23
54,random,33,0,0,crash,crash,23,1,3,0,3,true,0,0,false,false,3,15,30
54,random,34,0,12,crash,crash,53,2,6,3,3,true,0,0,false,false,2,20,23
54,random,35,12,24,crash,normal,15,1,3,3,0,false,1,0,false,false,1,35,23
54,random,36,24,27,normal,normal,60,1,6,3,3,false,0,0,false,false,0,60,45
55,random,1,50,61,normal,normal,30,1,3,3,0,false,0,0,false,false,29,60,45
55,random,2,61,82,normal,keto,60,1,6,6,0,false,1,4,false,false,32,60,90
55,random,3,82,71,keto,keto,90,1,3,0,3,true,0,0,false,false,31,60,180
55,random,4,71,81,keto,keto,60,1,3,3,0,false,0,0,false,false,30,60,180
55,random,5,81,70,keto,keto,90,1,3,0,3,true,0,0,false,false,29,60,180
55,random,6,70,57,keto,normal,120,1,4,0,4,true,-1,0,false,false,28,60,120
55,random,7,57,68,normal,normal,30,1,3,3,0,false,0,0,false,false,27,30,45
55,random,8,68,78,normal,keto,30,1,3,3,0,false,1,2,false,false,28,30,45
55,random,9,78,68,keto,normal,90,1,3,0,3,true,-1,0,false,false,27,60,90
55,random,10,68,78,normal,keto,30,1,3,3,0,false,1,2,false,false,28,30,45
55,random,11,78,68,keto,normal,90,1,3,0,3,true,-1,0,false,false,27,60,120
55,random,12,68,58,normal,normal,45,1,3,0,3,true,0,0,false,false,26,30,60
55,random,13,58,40,normal,normal,135,2,6,0,6,true,0,0,false,false,25,60,45
55,random,14,40,51,normal,normal,30,1,3,3,0,false,0,0,false,false,24,30,80
55,random,15,51,62,normal,normal,30,1,3,3,0,false,0,0,false,false,23,30,45
55,random,16,62,28,normal,normal,320,2,16,2,14,false,0,0,false,false,22,30,45
55,random,17,28,40,normal,normal,30,1,3,3,0,false,0,0,false,false,21,30,45
55,random,18,40,22,normal,normal,135,2,6,0,6,true,0,0,false,false,20,30,45
55,random,19,22,25,normal,normal,75,2,6,3,3,true,0,0,false,false,19,60,45
55,random,20,25,44,normal,normal,210,2,12,8,4,false,0,0,false,false,18,60,60
55,random,21,44,35,normal,normal,255,3,10,3,7,true,0,0,false,false,17,80,60
55,random,22,35,29,normal,normal,255,3,9,3,6,false,0,0,false,false,16,30,45
55,random,23,29,40,normal,normal,30,1,3,3,0,false,0,0,false,false,15,30,45
55,random,24,40,51,normal,normal,30,1,3,3,0,false,0,0,false,false,14,30,90
55,random,25,51,16,normal,normal,260,2,14,1,13,false,0,0,false,false,13,,90
55,random,26,16,7,normal,crash,45,1,3,0,3,true,-1,0,false,false,12,,45
55,random,27,7,12,crash,crash,53,2,6,3,3,true,0,0,false,false,11,15,23
55,random,28,12,24,crash,normal,15,1,3,3,0,false,1,0,false,false,10,15,23
55,random,29,24,15,normal,crash,45,1,3,0,3,true,-1,0,false,false,9,30,90
55,random,30,15,28,crash,normal,255,3,11,6,5,false,1,0,false,false,8,15,23
55,random,31,28,40,normal,normal,345,4,12,6,6,true,0,0,false,false,7,,75
55,random,32,40,42,normal,normal,105,2,6,3,3,true,0,0,false,false,6,30,45
55,random,33,42,33,normal,normal,45,1,3,0,3,true,0,0,false,false,5,30,60
55,random,34,33,56,normal,normal,90,2,6,6,0,false,0,0,false,false,4,30,45
55,random,35,56,46,normal,normal,45,1,3,0,3,true,0,0,false,false,3,40,60
55,random,36,46,37,normal,normal,45,1,3,0,3,true,0,0,false,false,2,40,45
55,random,37,37,28,normal,normal,45,1,3,0,3,true,0,0,false,false,1,60,45
55,random,38,28,40,normal,normal,30,1,3,3,0,false,0,0,false,false,0,40,45
56,random,1,50,40,normal,normal,45,1,3,0,3,true,0,0,false,false,29,30,45
56,random,2,40,51,normal,normal,30,1,3,3,0,false,0,0,false,false,28,60,45
56,random,3,51,62,normal,normal,30,1,3,3,0,false,0,0,false,false,27,60,45
56,random,4,62,72,normal,keto,30,1,3,3,0,false,1,2,false,false,28,60,45
56,random,5,72,73,keto,keto,150,2,6,3,3,true,0,2,false,false,29,,150
56,random,6,73,63,keto,normal,90,1,3,0,3,true,-1,0,false,false,28,60,150
56,random,7,63,56,normal,normal,225,3,9,3,6,true,0,0,false,false,27,30,75
56,random,8,56,26,normal,normal,285,3,10,0,10,true,0,0,false,false,26,,75
56,random,9,26,29,normal,normal,120,2,6,3,3,false,0,0,false,false,25,40,45
56,random,10,29,40,normal,normal,30,1,3,3,0,false,0,0,false,false,24,40,45
56,random,11,40,22,normal,normal,135,2,6,0,6,true,0,0,false,false,23,,45
56,random,12,22,16,normal,normal,1205,5,33,12,21,false,0,0,false,false,22,30,45
56,random,13,16,4,normal,crash,125,2,11,3,8,true,-1,0,false,false,21,,80
56,random,14,4,16,crash,normal,15,1,3,3,0,false,1,0,false,false,20,20,23
56,random,15,16,7,normal,crash,45,1,3,0,3,true,-1,0,false,false,19,,45
56,random,16,7,0,crash,crash,23,1,3,0,3,true,0,0,false,false,18,,23
56,random,17,0,0,crash,crash,136,3,9,0,9,true,0,0,false,false,17,,23
56,random,18,0,12,crash,crash,188,4,12,6,6,false,0,0,false,false,16,15,23
56,random,19,12,3,crash,crash,23,1,3,0,3,true,0,0,false,false,15,15,23
56,random,20,3,0,crash,crash,23,1,3,0,3,true,0,0,false,false,14,15,23
56,random,21,0,12,crash,crash,15,1,3,3,0,false,0,0,false,false,13,15,23
56,random,22,12,24,crash,normal,15,1,3,3,0,false,1,0,false,false,12,15,23
56,random,23,24,36,normal,normal,30,1,3,3,0,false,0,0,false,false,11,30,45
56,random,24,36,27,normal,normal,45,1,3,0,3,true,0,0,false,false,10,30,45
56,random,25,27,39,normal,normal,30,1,3,3,0,false,0,0,false,false,9,30,45
56,random,26,39,30,normal,normal,45,1,3,0,3,true,0,0,false,false,8,,90
56,random,27,30,12,normal,crash,90,1,6,0,6,true,-1,0,false,false,7,,90
56,random,28,12,15,crash,crash,30,1,6,3,3,false,0,0,false,false,6,30,23
56,random,29,15,6,crash,crash,23,1,3,0,3,true,0,0,false,false,5,15,38
56,random,30,6,21,crash,normal,135,2,9,6,3,false,1,0,false,false,4,15,23
56,random,31,21,12,normal,crash,45,1,3,0,3,true,-1,0,false,false,3,,45
56,random,32,12,18,crash,normal,143,3,12,6,6,true,1,0,false,false,2,15,23
56,random,33,18,3,normal,crash,225,4,12,3,9,true,-1,0,false,false,1,,60
56,random,34,3,16,crash,normal,63,2,7,4,3,true,1,0,false,false,0,15,23
57,random,1,50,64,normal,normal,120,2,9,6,3,false,0,0,false,false,29,60,45
57,random,2,64,54,normal,normal,45,1,3,0,3,true,0,0,false,false,28,,45
57,random,3,54,44,normal,normal,45,1,3,0,3,true,0,0,false,false,27,,45
57,random,4,44,26,normal,normal,90,1,6,0,6,true,0,0,false,false,26,30,90
57,random,5,26,38,normal,normal,30,1,3,3,0,false,0,0,false,false,25,30,45
57,random,6,38,40,normal,normal,105,2,6,3,3,true,0,0,false,false,24,30,45
57,random,7,40,31,normal,normal,45,1,3,0,3,true,0,0,false,false,23,50,45
57,random,8,31,48,normal,normal,480,4,15,9,6,true,0,0,false,false,22,40,45
57,random,9,48,39,normal,normal,45,1,3,0,3,true,0,0,false,false,21,30,45
57,random,10,39,50,normal,normal,30,1,3,3,0,false,0,0,false,false,20,30,45
57,random,11,50,40,normal,normal,45,1,3,0,3,true,0,0,false,false,19,30,45
57,random,12,40,31,normal,normal,45,1,3,0,3,true,0,0,false,false,18,30,45
57,random,13,31,42,normal,normal,30,1,3,3,0,false,0,0,false,false,17,30,45
57,random,14,42,53,normal,normal,30,1,3,3,0,false,0,0,false,false,16,30,45
57,random,15,53,46,normal,normal,240,3,9,3,6,true,0,0,false,false,15,,45
57,random,16,46,57,normal,normal,30,1,3,3,0,false,0,0,false,false,14,30,45
57,random,17,57,68,normal,normal,30,1,3,3,0,false,0,0,false,false,13,30,45
57,random,18,68,58,normal,normal,45,1,3,0,3,true,0,0,false,false,12,,45
57,random,19,58,60,normal,normal,105,2,6,3,3,true,0,0,false,false,11,30,45
57,random,20,60,41,normal,normal,135,2,6,0,6,true,0,0,false,false,10,60,45
57,random,21,41,32,normal,normal,45,1,3,0,3,true,0,0,false,false,9,60,45
57,random,22,32,23,normal,normal,45,1,3,0,3,true,0,0,false,false,8,30,60
57,random,23,23,14,normal,crash,45,1,3,0,3,true,-1,0,false,false,7,30,45
57,random,24,14,5,crash,crash,23,1,3,0,3,true,0,0,false,false,6,15,23
57,random,25,5,17,crash,normal,15,1,3,3,0,false,1,0,false,false,5,15,
57,random,26,17,52,normal,normal,150,2,9,9,0,false,0,0,false,false,4,40,45
57,random,27,52,74,normal,keto,90,2,6,6,0,false,1,2,false,false,5,30,45
57,random,28,74,64,keto,normal,90,1,3,0,3,true,-1,0,false,false,4,,90
57,random,29,64,54,normal,normal,45,1,3,0,3,true,0,0,false,false,3,30,45
57,random,30,54,30,normal,normal,660,5,15,3,12,false,0,0,false,false,2,30,45
57,random,31,30,16,normal,normal,135,2,6,0,6,true,0,0,false,false,1,,60
57,random,32,16,19,normal,normal,75,2,6,3,3,true,0,0,false,false,0,,45
58,random,1,50,32,normal,normal,135,2,6,0,6,true,0,0,false,false,29,,75
58,random,2,32,16,normal,normal,165,2,7,0,7,true,0,0,false,false,28,,60
58,random,3,16,28,normal,normal,30,1,3,3,0,false,0,0,false,false,27,30,60
58,random,4,28,24,normal,normal,60,1,6,2,4,false,0,0,false,false,26,30,60
58,random,5,24,36,normal,normal,30,1,3,3,0,false,0,0,false,false,25,30,45
58,random,6,36,27,normal,normal,45,1,3,0,3,true,0,0,false,false,24,30,75
58,random,7,27,30,normal,normal,120,2,6,3,3,false,0,0,false,false,23,30,45
58,random,8,30,41,normal,normal,30,1,3,3,0,false,0,0,false,false,22,30,45
58,random,9,41,23,normal,normal,135,2,6,0,6,true,0,0,false,false,21,30,45
58,random,10,23,35,normal,normal,30,1,3,3,0,false,0,0,false,false,20,30,45
58,random,11,35,29,normal,normal,225,3,9,3,6,true,0,0,false,false,19,30,45
58,random,12,29,36,normal,normal,125,2,7,4,3,true,0,0,false,false,18,30,60
58,random,13,36,51,normal,normal,205,2,11,7,4,true,0,0,false,false,17,80,45
58,random,14,51,53,normal,normal,120,2,6,3,3,false,0,0,false,false,16,30,45
58,random,15,53,43,normal,normal,45,1,3,0,3,true,0,0,false,false,15,30,45
58,random,16,43,34,normal,normal,45,1,3,0,3,true,0,0,false,false,14,30,45
58,random,17,34,31,normal,normal,180,2,8,3,5,false,0,0,false,false,13,30,45
58,random,18,31,25,normal,normal,255,3,9,3,6,false,0,0,false,false,12,40,45
58,random,19,25,37,normal,normal,30,1,3,3,0,false,0,0,false,false,11,70,45
58,random,20,37,28,normal,normal,45,1,3,0,3,true,0,0,false,false,10,70,60
58,random,21,28,13,normal,crash,75,1,5,0,5,true,-1,0,false,false,9,70,75
58,random,22,13,4,crash,crash,23,1,3,0,3,true,0,0,false,false,8,35,23
58,random,23,4,16,crash,normal,15,1,3,3,0,false,1,0,false,false,7,40,23
58,random,24,16,7,normal,crash,45,1,3,0,3,true,-1,0,false,false,6,70,60
58,random,25,7,0,crash,crash,23,1,3,0,3,true,0,0,false,false,5,30,30
58,random,26,0,0,crash,crash,75,2,9,3,6,false,0,0,false,false,4,40,30
58,random,27,0,24,crash,normal,275,3,13,9,4,false,1,0,false,false,3,30,30
58,random,28,24,15,normal,crash,45,1,3,0,3,true,-1,0,false,false,2,60,60
58,random,29,15,16,crash,normal,270,3,10,3,7,false,1,0,false,false,1,40,30
58,random,30,16,16,normal,normal,630,4,21,9,12,false,0,0,false,false,0,80,60
59,random,1,50,64,normal,normal,195,3,9,6,3,true,0,0,false,false,29,60,75
59,random,2,64,45,normal,normal,135,2,6,0,6,true,0,0,false,false,28,30,45
59,random,3,45,56,normal,normal,30,1,3,3,0,false,0,0,false,false,27,30,45
59,random,4,56,46,normal,normal,45,1,3,0,3,true,0,0,false,false,26,30,45
59,random,5,46,80,normal,keto,270,3,9,9,0,false,1,2,false,false,27,30,45
59,random,6,80,69,keto,normal,90,1,3,0,3,true,-1,0,false,false,26,60,90
59,random,7,69,59,normal,normal,45,1,3,0,3,true,0,0,false,false,25,30,45
59,random,8,59,69,normal,normal,30,1,3,3,0,false,0,2,false,false,26,50,45
59,random,9,69,82,normal,keto,320,2,8,5,3,false,1,4,false,false,29,50,45
59,random,10,82,100,keto,frenzy,1450,3,16,7,9,true,frenzy,5,true,false,33,60,90
59,random,11,100,100,frenzy,frenzy,180,1,3,0,3,true,0,0,false,false,32,120,180
59,random,12,100,100,frenzy,frenzy,480,2,6,3,3,false,0,0,false,false,31,120,180
59,random,13,100,100,frenzy,frenzy,660,2,7,0,7,true,0,0,false,false,30,120,180
59,random,14,100,100,frenzy,frenzy,3060,5,19,9,10,false,0,0,false,false,29,120,180
59,random,15,100,70,frenzy,keto,240,1,6,2,4,false,-1,0,false,true,28,,300
59,random,16,70,68,keto,normal,610,3,14,2,12,false,-1,0,false,false,27,180,150
59,random,17,68,58,normal,normal,45,1,3,0,3,true,0,0,false,false,26,60,45
59,random,18,58,51,normal,normal,150,2,9,3,6,false,0,0,false,false,25,60,45
59,random,19,51,62,normal,normal,30,1,3,3,0,false,0,0,false,false,24,30,45
59,random,20,62,72,normal,keto,30,1,3,3,0,false,1,2,false,false,25,30,45
59,random,21,72,86,keto,deep,120,1,6,5,1,false,1,2,false,false,26,120,90
59,random,22,86,75,deep,keto,135,1,3,0,3,true,-1,0,false,false,25,,180
59,random,23,75,65,keto,normal,90,1,3,0,3,true,-1,0,false,false,24,,90
59,random,24,65,55,normal,normal,45,1,3,0,3,true,0,0,false,false,23,30,45
59,random,25,55,66,normal,normal,30,1,3,3,0,false,0,0,false,false,22,60,45
59,random,26,66,76,normal,keto,30,1,3,3,0,false,1,2,false,false,23,60,45
59,random,27,76,57,keto,normal,180,2,6,0,6,true,-1,0,false,false,22,120,90
59,random,28,57,47,normal,normal,45,1,3,0,3,true,0,0,false,false,21,30,60
59,random,29,47,68,normal,normal,360,3,9,6,3,false,0,2,false,false,22,40,45
59,random,30,68,78,normal,keto,30,1,3,3,0,false,1,2,false,false,23,30,90
59,random,31,78,65,keto,normal,120,1,4,0,4,true,-1,0,false,false,22,,180
59,random,32,65,54,normal,normal,80,1,8,2,6,false,0,0,false,false,21,30,90
59,random,33,54,44,normal,normal,45,1,3,0,3,true,0,0,false,false,20,30,45
59,random,34,44,58,normal,normal,165,2,9,6,3,true,0,0,false,false,19,60,45
59,random,35,58,48,normal,normal,45,1,3,0,3,true,0,0,false,false,18,30,45
59,random,36,48,59,normal,normal,30,1,3,3,0,false,0,0,false,false,17,30,45
59,random,37,59,43,normal,normal,420,4,12,3,9,true,0,0,false,false,16,,45
59,random,38,43,54,normal,normal,30,1,3,3,0,false,0,0,false,false,15,30,45
59,random,39,54,65,normal,normal,30,1,3,3,0,false,0,0,false,false,14,30,45
59,random,40,65,35,normal,normal,300,3,10,0,10,true,0,0,false,false,13,,90
59,random,41,35,38,normal,normal,105,2,6,3,3,true,0,0,false,false,12,30,80
59,random,42,38,29,normal,normal,45,1,3,0,3,true,0,0,false,false,11,30,80
59,random,43,29,20,normal,normal,45,1,3,0,3,true,0,0,false,false,10,30,80
59,random,44,20,36,normal,normal,40,1,4,4,0,false,0,0,false,false,9,40,80
59,random,45,36,46,normal,normal,220,2,15,8,7,false,0,0,false,false,8,60,80
59,random,46,46,37,normal,normal,45,1,3,0,3,true,0,0,false,false,7,40,45
59,random,47,37,48,normal,normal,30,1,3,3,0,false,0,0,false,false,6,40,45
59,random,48,48,39,normal,normal,45,1,3,0,3,true,0,0,false,false,5,40,45
59,random,49,39,50,normal,normal,540,4,17,9,8,false,0,0,false,false,4,40,
59,random,50,50,66,normal,normal,60,1,6,5,1,false,0,0,false,false,3,80,
59,random,51,66,76,normal,keto,30,1,3,3,0,false,1,2,false,false,4,110,45
59,random,52,76,91,keto,deep,160,1,8,6,2,false,1,2,false,false,5,120,90
59,random,53,91,71,deep,keto,315,2,6,0,6,true,-1,0,false,false,4,180,270
59,random,54,71,68,keto,normal,600,2,12,3,9,false,-1,0,false,false,3,120,150
59,random,55,68,58,normal,normal,45,1,3,0,3,true,0,0,false,false,2,60,45
59,random,56,58,60,normal,normal,60,1,6,3,3,false,0,0,false,false,1,60,45
59,random,57,60,73,normal,keto,165,2,9,6,3,true,1,2,false,false,2,30,45
59,random,58,73,34,keto,normal,525,4,13,0,13,true,-1,0,false,false,1,60,180
59,random,59,34,25,normal,normal,45,1,3,0,3,true,0,0,false,false,0,60,45
60,random,1,50,40,normal,normal,45,1,3,0,3,true,0,0,false,false,29,30,60
60,random,2,40,42,normal,normal,120,2,6,3,3,false,0,0,false,false,28,30,45
60,random,3,42,89,normal,deep,2125,7,30,19,11,true,1,4,false,false,31,30,90
60,random,4,89,100,deep,frenzy,90,1,3,3,0,false,frenzy,5,true,false,35,90,135
60,random,5,100,100,frenzy,frenzy,120,1,3,3,0,false,0,0,false,false,34,120,180
60,random,6,100,100,frenzy,frenzy,600,2,9,3,6,true,0,0,false,false,33,,360
60,random,7,100,100,frenzy,frenzy,180,1,3,0,3,true,0,0,false,false,32,,180
60,random,8,100,100,frenzy,frenzy,660,2,7,0,7,true,0,0,false,false,31,,180
60,random,9,100,70,frenzy,keto,120,1,3,3,0,false,-1,0,false,true,30,240,400
60,random,10,70,68,keto,normal,220,1,11,3,8,false,-1,0,false,false,29,60,220
60,random,11,68,49,normal,normal,135,2,6,0,6,true,0,0,false,false,28,,45
60,random,12,49,40,normal,normal,45,1,3,0,3,true,0,0,false,false,27,,45
60,random,13,40,31,normal,normal,45,1,3,0,3,true,0,0,false,false,26,30,45
60,random,14,31,22,normal,normal,45,1,3,0,3,true,0,0,false,false,25,30,45
60,random,15,22,45,normal,normal,90,2,6,6,0,false,0,0,false,false,24,60,45
60,random,16,45,36,normal,normal,45,1,3,0,3,true,0,0,false,false,23,30,45
60,random,17,36,47,normal,normal,30,1,3,3,0,false,0,0,false,false,22,30,45
60,random,18,47,58,normal,normal,30,1,3,3,0,false,0,0,false,false,21,30,45
60,random,19,58,28,normal,normal,600,4,17,3,14,true,0,0,false,false,20,,45
60,random,20,28,42,normal,normal,195,3,9,6,3,true,0,0,false,false,19,60,45
60,random,21,42,44,normal,normal,105,2,6,3,3,true,0,0,false,false,18,60,45
60,random,22,44,32,normal,normal,60,1,4,0,4,true,0,0,false,false,17,,60
60,random,23,32,20,normal,normal,60,1,4,0,4,true,0,0,false,false,16,30,60
60,random,24,20,11,normal,crash,45,1,3,0,3,true,-1,0,false,false,15,30,45
60,random,25,11,37,crash,normal,655,4,24,14,10,false,1,0,false,false,14,15,
60,random,26,37,28,normal,normal,45,1,3,0,3,true,0,0,false,false,13,,45
60,random,27,28,19,normal,normal,45,1,3,0,3,true,0,0,false,false,12,,60
60,random,28,19,0,normal,crash,150,2,10,0,10,true,-1,0,false,false,11,30,60
60,random,29,0,16,crash,normal,20,1,4,4,0,false,1,0,false,false,10,20,23
60,random,30,16,7,normal,crash,45,1,3,0,3,true,-1,0,false,false,9,,45
60,random,31,7,0,crash,crash,23,1,3,0,3,true,0,0,false,false,8,,23
60,random,32,0,12,crash,crash,15,1,3,3,0,false,0,0,false,false,7,15,
60,random,33,12,22,crash,normal,30,1,6,4,2,false,1,0,false,false,6,30,
60,random,34,22,13,normal,crash,45,1,3,0,3,true,-1,0,false,false,5,,45
60,random,35,13,4,crash,crash,23,1,3,0,3,true,0,0,false,false,4,,23
60,random,36,4,0,crash,crash,23,1,3,0,3,true,0,0,false,false,3,15,23
60,random,37,0,0,crash,crash,23,1,3,0,3,true,0,0,false,false,2,15,23
60,random,38,0,0,crash,crash,23,1,3,0,3,true,0,0,false,false,1,15,23
60,random,39,0,16,crash,normal,75,2,11,7,4,false,1,0,false,false,0,35,23
