seed,bot,score,moves,movesEarned,endReason,frenzies,peakMeter,crashed,maxCombo,bestMovePts,proteinTiles,carbTiles,pctCrash,pctNormal,pctKeto,pctDeep,pctFrenzy,tierUpsSeen,firstTierUpMove,endState,endedWithin5OfFrenzy,longestDryGap,rewardEvents,ptsCrash,ptsNormal,ptsKeto,ptsDeep,ptsFrenzy,nearMissNoFrenzy,fellBackWithoutFrenzy,lastMoveWasReward,ptsInFrenzy,movesInFrenzy,ptsOutside,movesOutside,climbCount,climbLengths
1,ketoBig,14135,54,24,budget,2,100,true,5,2010,154,208,0.018518518518518517,0.5925925925925926,0.14814814814814814,0.05555555555555555,0.18518518518518517,10,3,normal,false,4,30,45,4190,720,1620,7560,false,true,false,5820,10,8315,44,2,4|4
2,ketoBig,6775,30,0,budget,0,62,true,10,3495,93,158,0.13333333333333333,0.8666666666666667,0,0,0,2,12,crash,false,5,10,215,6560,0,0,0,false,false,false,0,0,6775,30,0,
3,ketoBig,29005,61,31,budget,3,100,true,8,5500,178,288,0.03278688524590164,0.4262295081967213,0.22950819672131148,0.06557377049180328,0.2459016393442623,11,2,crash,false,4,31,15,3830,4120,6120,14920,false,true,false,14980,15,14025,46,3,3|5|4
4,ketoBig,990,10,0,lock,0,63,true,3,285,19,39,0.1,0.9,0,0,0,1,10,normal,false,2,6,60,930,0,0,0,false,false,true,0,0,990,10,0,
5,ketoBig,10970,65,35,budget,1,100,true,5,810,179,222,0,0.6307692307692307,0.2153846153846154,0.07692307692307693,0.07692307692307693,15,2,normal,false,5,36,30,4075,3010,1635,2220,false,true,true,1990,5,8980,60,1,9
6,ketoBig,8473,47,17,budget,1,100,true,5,1225,138,197,0.10638297872340426,0.6808510638297872,0.0851063829787234,0.02127659574468085,0.10638297872340426,6,3,crash,false,7,17,198,5500,600,1035,1140,false,false,false,1050,5,7423,42,1,4
7,ketoBig,6196,41,11,budget,1,100,true,4,780,99,178,0.04878048780487805,0.7073170731707317,0.07317073170731707,0.04878048780487805,0.12195121951219512,6,2,normal,false,4,22,591,3355,750,180,1320,false,false,true,1230,5,4966,36,1,4
8,ketoBig,27371,102,72,budget,4,100,true,4,3180,239,384,0.13725490196078433,0.3137254901960784,0.24509803921568626,0.10784313725490197,0.19607843137254902,33,2,normal,false,6,62,491,2105,5160,4755,14860,false,true,true,10720,20,16651,82,4,9|6|5|4
9,ketoBig,6676,36,6,budget,0,82,true,6,1860,93,171,0.08333333333333333,0.9166666666666666,0,0,0,5,3,normal,false,6,18,286,4110,2280,0,0,false,false,true,0,0,6676,36,0,
10,ketoBig,8005,50,28,lock,0,94,false,4,870,148,217,0,0.78,0.16,0.06,0,11,2,normal,false,5,29,0,4710,2530,765,0,true,false,false,0,0,8005,50,0,
11,ketoBig,4893,30,0,budget,0,54,true,5,940,101,158,0.13333333333333333,0.8666666666666667,0,0,0,3,4,normal,false,3,12,378,4515,0,0,0,false,false,false,0,0,4893,30,0,
12,ketoBig,11522,48,18,budget,2,100,true,6,3540,135,177,0.2916666666666667,0.2708333333333333,0.16666666666666666,0.0625,0.20833333333333334,7,1,normal,false,8,18,1067,2195,1540,360,6360,false,false,false,6060,10,5462,38,2,2|9
13,ketoBig,7783,50,20,budget,2,100,true,5,720,128,157,0.08,0.6,0.08,0.04,0.2,9,3,normal,false,6,22,68,3265,800,270,3380,false,true,false,2910,10,4873,40,2,2|4
14,ketoBig,6219,44,14,budget,0,90,true,4,1650,101,176,0.20454545454545456,0.6818181818181818,0.09090909090909091,0.022727272727272728,0,9,1,crash,false,6,21,504,2945,2590,180,0,true,false,false,0,0,6219,44,0,
15,ketoBig,10316,65,35,budget,1,100,true,5,1170,157,242,0.06153846153846154,0.6,0.2,0.06153846153846154,0.07692307692307693,17,3,normal,false,5,30,286,4235,3590,825,1380,false,false,true,1380,5,8936,60,1,3
16,ketoBig,4555,34,4,budget,0,77,false,5,1350,92,127,0,0.9411764705882353,0.058823529411764705,0,0,2,5,normal,false,5,16,0,4375,180,0,0,false,false,true,0,0,4555,34,0,
17,ketoBig,12440,65,35,budget,1,100,true,4,1140,173,261,0.03076923076923077,0.6923076923076923,0.12307692307692308,0.07692307692307693,0.07692307692307693,15,5,normal,false,10,39,30,4675,2160,2295,3280,false,true,true,2890,5,9550,60,0,
18,ketoBig,11770,58,28,budget,2,100,false,4,840,157,233,0,0.6551724137931034,0.15517241379310345,0.017241379310344827,0.1724137931034483,10,3,normal,false,9,27,0,4610,2870,810,3480,false,true,false,3410,10,8360,48,2,2|5
19,ketoBig,10066,49,19,budget,1,100,true,4,1200,132,205,0.061224489795918366,0.6530612244897959,0.14285714285714285,0.04081632653061224,0.10204081632653061,9,5,normal,false,3,31,231,3905,1110,900,3920,false,false,false,3690,5,6376,44,1,5
20,ketoBig,13850,58,28,budget,2,100,false,5,1400,171,261,0,0.6206896551724138,0.1896551724137931,0.017241379310344827,0.1724137931034483,9,1,normal,false,3,29,0,6120,1320,1350,5060,false,false,false,4850,10,9000,48,2,3|5
21,ketoBig,4856,38,8,budget,0,87,true,4,630,99,163,0.23684210526315788,0.6578947368421053,0.10526315789473684,0,0,6,8,normal,false,5,17,511,3235,1110,0,0,false,false,true,0,0,4856,38,0,
22,ketoBig,8920,43,17,lock,1,100,true,5,1155,137,193,0.023255813953488372,0.6511627906976745,0.11627906976744186,0.09302325581395349,0.11627906976744186,8,1,normal,false,5,23,345,5860,690,585,1440,false,false,true,990,5,7930,38,1,3
23,ketoBig,4195,36,6,budget,0,79,true,3,435,98,135,0.027777777777777776,0.8888888888888888,0.08333333333333333,0,0,4,3,normal,false,5,16,75,3610,510,0,0,false,false,false,0,0,4195,36,0,
24,ketoBig,5148,30,0,budget,0,66,true,7,2120,92,140,0.03333333333333333,0.9666666666666667,0,0,0,1,19,normal,false,9,8,193,4955,0,0,0,false,false,false,0,0,5148,30,0,
25,ketoBig,23246,63,33,budget,3,100,true,7,3770,190,273,0.07936507936507936,0.47619047619047616,0.15873015873015872,0.047619047619047616,0.23809523809523808,12,2,normal,false,8,28,201,4045,1620,4980,12400,false,true,false,11170,15,12076,48,3,3|7|4
26,ketoBig,2208,30,0,budget,0,62,true,3,285,48,105,0.5,0.5,0,0,0,4,11,crash,false,8,10,483,1725,0,0,0,false,false,false,0,0,2208,30,0,
27,ketoBig,24950,102,72,budget,4,100,false,5,2520,310,359,0,0.4215686274509804,0.23529411764705882,0.14705882352941177,0.19607843137254902,28,2,normal,false,9,59,0,5355,5400,3615,10580,false,true,false,9830,20,15120,82,4,8|5|4|12
28,ketoBig,4163,36,6,budget,0,80,true,4,440,96,134,0.1388888888888889,0.8333333333333334,0.027777777777777776,0,0,6,2,normal,false,4,19,173,3450,540,0,0,false,false,true,0,0,4163,36,0,
29,ketoBig,8580,47,17,budget,1,100,true,4,1800,124,185,0.0425531914893617,0.723404255319149,0.0851063829787234,0.0425531914893617,0.10638297872340426,7,1,normal,false,8,17,150,3670,900,540,3320,false,false,false,3050,5,5530,42,1,4
30,ketoBig,6160,42,12,budget,0,81,true,4,950,113,162,0.16666666666666666,0.7380952380952381,0.09523809523809523,0,0,10,2,normal,false,5,17,330,3700,2130,0,0,false,false,false,0,0,6160,42,0,
31,ketoBig,13480,54,24,budget,2,100,true,7,2000,177,232,0.018518518518518517,0.6481481481481481,0.09259259259259259,0.05555555555555555,0.18518518518518517,9,8,normal,false,3,24,15,6555,950,2220,3740,false,false,false,3590,10,9890,44,2,3|5
32,ketoBig,3778,32,2,budget,0,73,true,4,660,88,123,0.0625,0.90625,0.03125,0,0,2,2,normal,false,7,14,263,3425,90,0,0,false,false,false,0,0,3778,32,0,
33,ketoBig,6473,32,2,budget,0,72,true,7,2430,93,163,0.0625,0.90625,0.03125,0,0,2,11,normal,false,4,16,478,5875,120,0,0,false,false,false,0,0,6473,32,0,
34,ketoBig,12424,63,33,budget,1,100,true,5,1590,159,247,0.14285714285714285,0.49206349206349204,0.19047619047619047,0.09523809523809523,0.07936507936507936,14,3,crash,false,8,31,309,4435,2850,1410,3420,false,true,false,2070,5,10354,58,1,4
35,ketoBig,6890,48,18,budget,0,85,false,5,720,143,190,0,0.9166666666666666,0.08333333333333333,0,0,8,4,normal,false,4,23,0,5570,1050,270,0,false,false,true,0,0,6890,48,0,
36,ketoBig,4993,40,10,budget,0,94,true,4,680,101,162,0.2,0.7,0.05,0.05,0,9,1,normal,false,3,17,193,3735,480,585,0,true,false,false,0,0,4993,40,0,
37,ketoBig,14698,57,27,budget,3,100,true,4,1640,164,219,0.03508771929824561,0.543859649122807,0.14035087719298245,0.017543859649122806,0.2631578947368421,7,21,normal,false,6,32,68,2700,1800,690,9440,false,false,false,7610,15,7088,42,3,3|3|3
38,ketoBig,3108,30,0,budget,0,62,true,4,323,61,123,0.1,0.9,0,0,0,1,23,normal,false,8,10,433,2675,0,0,0,false,false,false,0,0,3108,30,0,
39,ketoBig,4896,32,2,budget,0,79,true,5,850,89,140,0.15625,0.8125,0.03125,0,0,3,3,normal,false,4,14,386,4360,150,0,0,false,false,true,0,0,4896,32,0,
40,ketoBig,3125,34,4,budget,0,74,true,4,450,72,115,0.14705882352941177,0.8529411764705882,0,0,0,4,2,crash,false,7,9,190,2575,360,0,0,false,false,false,0,0,3125,34,0,
41,ketoBig,3615,36,6,budget,0,90,true,3,480,74,110,0.027777777777777776,0.9166666666666666,0.027777777777777776,0.027777777777777776,0,4,8,normal,false,6,14,15,2775,510,315,0,true,false,true,0,0,3615,36,0,
42,ketoBig,7446,48,18,budget,0,93,true,7,1775,139,213,0.125,0.7083333333333334,0.16666666666666666,0,0,11,2,crash,false,9,23,951,4845,1380,270,0,true,false,false,0,0,7446,48,0,
43,ketoBig,2514,30,0,budget,0,67,true,3,360,64,99,0.2,0.8,0,0,0,1,28,normal,false,6,11,189,2325,0,0,0,false,false,false,0,0,2514,30,0,
44,ketoBig,3665,30,0,budget,0,65,true,5,495,75,118,0.23333333333333334,0.7666666666666667,0,0,0,2,21,crash,false,3,15,240,3425,0,0,0,false,false,false,0,0,3665,30,0,
45,ketoBig,9425,47,17,budget,1,100,true,4,1740,134,179,0.0851063829787234,0.6595744680851063,0.14893617021276595,0,0.10638297872340426,9,2,normal,false,3,25,95,3310,770,990,4260,false,false,false,4400,5,5025,42,1,2
46,ketoBig,3225,30,0,budget,0,67,true,3,375,74,121,0.23333333333333334,0.7666666666666667,0,0,0,5,9,normal,false,3,15,165,3060,0,0,0,false,false,false,0,0,3225,30,0,
47,ketoBig,9026,61,31,budget,1,100,true,4,2040,143,190,0.06557377049180328,0.6065573770491803,0.19672131147540983,0.04918032786885246,0.08196721311475409,15,3,normal,false,5,30,116,3220,2390,360,2940,false,true,false,2910,5,6116,56,1,8
48,ketoBig,24260,74,44,budget,2,100,true,6,2490,228,337,0.02702702702702703,0.4594594594594595,0.22972972972972974,0.14864864864864866,0.13513513513513514,18,10,normal,false,7,43,115,3395,5450,6960,8340,false,true,true,5970,10,18290,64,2,7|4
49,ketoBig,4610,30,0,budget,0,62,false,5,805,82,138,0,1,0,0,0,0,-1,normal,false,5,10,0,4610,0,0,0,false,false,true,0,0,4610,30,0,
50,ketoBig,14830,64,34,budget,2,100,true,5,1080,222,308,0.03125,0.53125,0.234375,0.046875,0.15625,12,2,normal,false,5,37,375,6425,2330,1380,4320,false,true,false,4350,10,10480,54,2,4|5
51,ketoBig,15665,72,42,budget,2,100,true,5,2115,198,272,0.027777777777777776,0.5416666666666666,0.2222222222222222,0.06944444444444445,0.1388888888888889,19,2,normal,false,6,32,70,3195,4850,4290,3260,false,true,false,3140,10,12525,62,2,3|6
52,ketoBig,12690,58,28,budget,2,100,true,4,1860,163,221,0.05172413793103448,0.5,0.22413793103448276,0.05172413793103448,0.1724137931034483,12,3,normal,false,5,28,105,3625,2900,3600,2460,false,false,true,2430,10,10260,48,2,3|13
53,ketoBig,19245,75,45,budget,1,100,true,7,7240,217,303,0.08,0.6533333333333333,0.14666666666666667,0.05333333333333334,0.06666666666666667,19,16,crash,false,6,38,255,5260,2980,1890,8860,false,false,false,8050,5,11195,70,1,3
54,ketoBig,8213,41,11,budget,1,100,true,5,1260,114,189,0.0975609756097561,0.7073170731707317,0.07317073170731707,0,0.12195121951219512,5,2,normal,false,6,16,253,4720,480,360,2400,false,false,true,2520,5,5693,36,1,2
55,ketoBig,14670,65,35,budget,3,100,true,4,1860,164,219,0.046153846153846156,0.4307692307692308,0.23076923076923078,0.06153846153846154,0.23076923076923078,14,1,normal,false,9,32,75,2710,1820,945,9120,false,true,false,7380,15,7290,50,3,3|8|4
56,ketoBig,3040,34,4,budget,0,75,true,5,690,68,119,0.29411764705882354,0.6470588235294118,0.058823529411764705,0,0,5,4,crash,false,5,17,290,2510,240,0,0,false,false,false,0,0,3040,34,0,
57,ketoBig,8560,59,29,budget,1,100,true,4,660,152,190,0.01694915254237288,0.6271186440677966,0.2033898305084746,0.06779661016949153,0.0847457627118644,13,9,normal,false,4,37,60,3825,1680,1215,1780,false,true,false,1630,5,6930,54,1,7
58,ketoBig,4800,30,0,budget,0,69,true,6,1085,97,155,0.03333333333333333,0.9666666666666667,0,0,0,0,-1,crash,false,6,7,0,4800,0,0,0,false,false,false,0,0,4800,30,0,
59,ketoBig,12565,57,27,budget,1,100,false,5,3360,154,196,0,0.631578947368421,0.21052631578947367,0.07017543859649122,0.08771929824561403,10,3,normal,false,7,25,0,4210,2100,495,5760,false,false,false,4470,5,8095,52,1,2
60,ketoBig,27616,100,70,budget,4,100,true,5,2580,277,394,0.06,0.45,0.23,0.06,0.2,25,2,crash,false,6,48,336,4650,6590,900,15140,false,true,false,15130,20,12486,80,3,3|3|3
61,ketoBig,3575,30,0,budget,0,63,true,3,480,82,131,0.03333333333333333,0.9666666666666667,0,0,0,1,5,normal,false,5,12,45,3530,0,0,0,false,false,true,0,0,3575,30,0,
62,ketoBig,7198,47,17,budget,1,100,true,5,1210,117,163,0.0851063829787234,0.574468085106383,0.1702127659574468,0.06382978723404255,0.10638297872340426,8,2,normal,false,7,17,538,1915,2840,1125,780,false,true,true,1110,5,6088,42,1,8
63,ketoBig,10110,49,19,budget,1,100,true,5,1980,147,225,0.04081632653061224,0.7551020408163265,0.061224489795918366,0.04081632653061224,0.10204081632653061,7,1,normal,false,6,18,90,6300,780,360,2580,false,false,false,2550,5,7560,44,1,2
64,ketoBig,10525,58,28,budget,0,97,true,4,1785,131,240,0.1896551724137931,0.5689655172413793,0.1724137931034483,0.06896551724137931,0,18,2,crash,false,8,31,355,3580,3410,3180,0,true,true,false,0,0,10525,58,0,
65,ketoBig,17765,77,47,budget,3,100,false,4,1400,236,309,0,0.5974025974025974,0.14285714285714285,0.06493506493506493,0.19480519480519481,17,12,normal,false,5,43,0,5670,4490,2025,5580,false,true,true,5100,15,12665,62,3,3|5|2
66,ketoBig,9940,25,27,lock,3,100,false,3,1620,95,86,0,0.04,0.24,0.12,0.6,8,2,keto,false,2,17,0,140,610,270,8920,false,true,true,7990,15,1950,10,3,3|4|4
67,ketoBig,20361,78,48,budget,2,100,true,5,2120,220,351,0.1282051282051282,0.47435897435897434,0.21794871794871795,0.05128205128205128,0.1282051282051282,24,3,normal,false,5,40,491,4235,6300,3735,5600,false,true,false,5070,10,15291,68,2,6|3
68,ketoBig,15654,56,26,budget,2,100,true,4,1440,171,261,0.10714285714285714,0.5357142857142857,0.125,0.05357142857142857,0.17857142857142858,9,3,crash,false,7,28,304,4220,4140,270,6720,false,false,false,6120,10,9534,46,2,4|4
69,ketoBig,11715,55,25,budget,1,100,true,4,1620,155,236,0.01818181818181818,0.6363636363636364,0.18181818181818182,0.07272727272727272,0.09090909090909091,11,15,normal,false,3,35,70,4245,1880,2160,3360,false,true,true,2970,5,8745,50,1,3
70,ketoBig,13497,45,15,budget,1,100,true,5,3480,119,214,0.13333333333333333,0.6222222222222222,0.1111111111111111,0.022222222222222223,0.1111111111111111,7,4,normal,false,7,23,407,3610,450,90,8940,false,false,true,8790,5,4707,40,1,4
71,ketoBig,6254,34,4,budget,0,82,true,8,1568,98,194,0.38235294117647056,0.5882352941176471,0.029411764705882353,0,0,4,1,crash,false,5,13,874,4540,840,0,0,false,false,false,0,0,6254,34,0,
72,ketoBig,14335,72,42,budget,2,100,true,4,1120,185,245,0.013888888888888888,0.5694444444444444,0.19444444444444445,0.08333333333333333,0.1388888888888889,18,2,normal,false,6,35,15,3015,5200,1305,4800,false,false,false,4140,10,10195,62,2,5|3
73,ketoBig,9175,43,13,budget,1,100,true,3,1680,116,185,0.023255813953488372,0.7674418604651163,0.06976744186046512,0.023255813953488372,0.11627906976744186,5,4,crash,false,9,16,60,3275,1530,90,4220,false,false,true,4190,5,4985,38,1,3
74,ketoBig,6329,30,0,budget,0,65,true,10,2675,79,133,0.26666666666666666,0.7333333333333333,0,0,0,3,15,normal,false,9,12,354,5975,0,0,0,false,false,true,0,0,6329,30,0,
75,ketoBig,8970,51,21,budget,1,100,true,5,1320,163,212,0.0196078431372549,0.7450980392156863,0.13725490196078433,0,0.09803921568627451,9,5,normal,false,9,21,15,4865,1990,180,1920,false,false,false,2140,5,6830,46,1,2
76,ketoBig,6454,43,13,budget,1,100,true,4,1080,130,170,0.18604651162790697,0.6046511627906976,0.06976744186046512,0.023255813953488372,0.11627906976744186,6,15,normal,false,7,20,359,3905,300,90,1800,false,false,true,1770,5,4684,38,1,3
77,ketoBig,6940,44,14,budget,0,94,true,6,1270,117,180,0.09090909090909091,0.7272727272727273,0.11363636363636363,0.06818181818181818,0,8,1,normal,false,5,27,285,4465,1020,1170,0,true,false,false,0,0,6940,44,0,
78,ketoBig,4490,36,6,budget,0,85,true,6,1160,100,138,0.027777777777777776,0.9166666666666666,0.05555555555555555,0,0,3,18,normal,false,4,16,40,3950,500,0,0,false,false,false,0,0,4490,36,0,
79,ketoBig,12980,48,32,lock,2,100,true,5,1920,149,199,0.020833333333333332,0.4583333333333333,0.20833333333333334,0.10416666666666667,0.20833333333333334,10,1,crash,false,4,25,0,3555,4110,675,4640,false,true,false,3740,10,9240,38,2,3|5
80,ketoBig,3025,32,2,budget,0,80,true,3,400,76,99,0.0625,0.90625,0.03125,0,0,3,9,normal,false,8,11,30,2905,90,0,0,false,false,false,0,0,3025,32,0,
81,ketoBig,6130,36,6,budget,0,85,true,7,1980,95,138,0.027777777777777776,0.9166666666666666,0.05555555555555555,0,0,3,2,normal,false,7,16,15,4015,2100,0,0,false,false,true,0,0,6130,36,0,
82,ketoBig,5620,22,19,lock,1,100,false,4,1080,58,106,0,0.5909090909090909,0.18181818181818182,0,0.22727272727272727,7,1,normal,false,2,15,0,2700,780,180,1960,false,false,true,1120,5,4500,17,1,2
83,ketoBig,5675,40,10,budget,0,90,false,4,975,99,145,0,0.925,0.05,0.025,0,5,17,normal,false,5,16,0,3695,1710,270,0,true,false,false,0,0,5675,40,0,
84,ketoBig,7102,36,6,budget,0,74,true,6,1228,121,206,0.2222222222222222,0.7777777777777778,0,0,0,5,4,normal,false,4,18,612,5950,540,0,0,false,false,true,0,0,7102,36,0,
85,ketoBig,4006,32,2,budget,0,73,true,5,855,83,130,0.1875,0.78125,0.03125,0,0,2,4,crash,false,8,9,316,3600,90,0,0,false,false,false,0,0,4006,32,0,
86,ketoBig,3551,34,4,budget,0,83,true,4,825,77,127,0.14705882352941177,0.7647058823529411,0.08823529411764706,0,0,3,2,crash,false,6,16,476,2655,420,0,0,false,false,true,0,0,3551,34,0,
87,ketoBig,4250,30,0,budget,0,69,false,5,860,83,133,0,1,0,0,0,0,-1,normal,false,9,11,0,4250,0,0,0,false,false,true,0,0,4250,30,0,
88,ketoBig,5745,41,11,budget,1,100,false,3,720,100,143,0,0.7560975609756098,0.0975609756097561,0.024390243902439025,0.12195121951219512,4,2,normal,false,7,19,0,3465,300,360,1620,false,false,false,1590,5,4155,36,1,5
89,ketoBig,27848,79,63,lock,3,100,true,6,4520,294,360,0.02531645569620253,0.46835443037974683,0.26582278481012656,0.05063291139240506,0.189873417721519,24,2,crash,false,4,48,23,6145,5360,4020,12300,false,false,false,10720,15,17128,64,3,6|2|7
90,ketoBig,5966,34,4,budget,0,74,true,10,2061,115,180,0.38235294117647056,0.5588235294117647,0.058823529411764705,0,0,7,1,normal,false,4,17,1631,4155,180,0,0,false,false,false,0,0,5966,34,0,
91,ketoBig,4500,32,2,budget,0,70,true,5,1290,88,139,0.09375,0.90625,0,0,0,4,1,normal,false,6,16,120,4380,0,0,0,false,false,true,0,0,4500,32,0,
92,ketoBig,2882,30,0,budget,0,69,true,4,510,68,114,0.36666666666666664,0.6333333333333333,0,0,0,3,22,normal,false,7,15,542,2340,0,0,0,false,false,true,0,0,2882,30,0,
93,ketoBig,3152,30,0,budget,0,69,true,4,435,69,121,0.3333333333333333,0.6666666666666666,0,0,0,1,29,normal,false,8,10,432,2720,0,0,0,false,false,true,0,0,3152,30,0,
94,ketoBig,12955,66,36,budget,2,100,false,5,2640,178,213,0,0.6515151515151515,0.13636363636363635,0.06060606060606061,0.15151515151515152,13,2,normal,false,9,26,0,3915,2110,1590,5340,false,true,false,5550,10,7405,56,2,3|6
95,ketoBig,8233,50,20,budget,0,97,true,4,1005,135,206,0.08,0.62,0.24,0.06,0,11,2,normal,false,6,26,293,3585,2240,2115,0,true,true,false,0,0,8233,50,0,
96,ketoBig,3675,36,6,budget,0,81,false,4,420,86,122,0,0.9444444444444444,0.05555555555555555,0,0,3,2,normal,false,5,17,0,3315,360,0,0,false,false,false,0,0,3675,36,0,
97,ketoBig,14671,52,22,budget,2,100,true,6,4610,142,220,0.1346153846153846,0.5576923076923077,0.07692307692307693,0.038461538461538464,0.19230769230769232,9,1,normal,false,7,21,271,3520,470,5370,5040,false,true,false,5610,10,9061,42,2,4|2
98,ketoBig,2505,32,2,budget,0,73,true,4,405,71,95,0.03125,0.9375,0.03125,0,0,2,2,normal,false,6,12,30,2355,120,0,0,false,false,false,0,0,2505,32,0,
99,ketoBig,3728,34,4,budget,0,80,true,4,490,94,142,0.23529411764705882,0.7352941176470589,0.029411764705882353,0,0,3,1,normal,false,5,13,748,2800,180,0,0,false,false,false,0,0,3728,34,0,
100,ketoBig,17075,54,24,budget,2,100,false,8,5835,164,231,0,0.6111111111111112,0.18518518518518517,0.018518518518518517,0.18518518518518517,8,3,normal,false,8,25,0,4355,1260,2880,8580,false,false,false,10245,10,6830,44,2,2|4
101,ketoBig,7800,38,8,budget,0,90,false,6,1955,111,165,0,0.8947368421052632,0.07894736842105263,0.02631578947368421,0,4,2,normal,false,5,21,0,5400,2220,180,0,true,false,true,0,0,7800,38,0,
102,ketoBig,5338,38,8,budget,0,84,true,4,840,106,167,0.15789473684210525,0.7631578947368421,0.07894736842105263,0,0,6,8,normal,false,6,19,483,4225,630,0,0,false,false,true,0,0,5338,38,0,
103,ketoBig,4688,32,2,budget,0,70,true,4,650,86,148,0.125,0.875,0,0,0,3,1,crash,false,5,13,283,4405,0,0,0,false,false,false,0,0,4688,32,0,
104,ketoBig,10530,60,30,budget,0,94,true,8,1470,165,230,0.03333333333333333,0.8166666666666667,0.13333333333333333,0.016666666666666666,0,15,9,normal,false,8,29,180,6345,1800,2205,0,true,false,false,0,0,10530,60,0,
105,ketoBig,11300,49,19,budget,1,100,true,9,2880,161,216,0.04081632653061224,0.673469387755102,0.16326530612244897,0.02040816326530612,0.10204081632653061,8,3,normal,false,10,19,125,7225,2210,540,1200,false,false,true,1170,5,10130,44,1,4
106,ketoBig,29260,90,60,budget,4,100,true,8,7560,270,385,0.03333333333333333,0.5,0.16666666666666666,0.07777777777777778,0.2222222222222222,22,4,normal,false,10,47,205,5120,4860,1755,17320,false,true,false,8320,20,20940,70,4,4|5|2|4
107,ketoBig,10208,40,10,budget,0,96,true,8,4400,124,187,0.05,0.8,0.125,0.025,0,4,5,crash,false,5,19,138,4800,5000,270,0,true,true,false,0,0,10208,40,0,
108,ketoBig,17950,65,59,lock,3,100,false,7,2200,203,228,0,0.5384615384615384,0.2,0.03076923076923077,0.23076923076923078,22,1,frenzy,false,4,38,0,4115,3020,1215,9600,false,true,true,9680,15,8270,50,3,2|2|2
109,ketoBig,7446,52,22,budget,0,94,true,6,1245,125,215,0.17307692307692307,0.6730769230769231,0.1346153846153846,0.019230769230769232,0,12,1,crash,false,5,29,596,3700,2610,540,0,true,false,true,0,0,7446,52,0,
110,ketoBig,4336,34,4,budget,0,84,true,4,1110,82,146,0.08823529411764706,0.8529411764705882,0.058823529411764705,0,0,4,2,normal,false,7,16,461,2435,1440,0,0,false,false,false,0,0,4336,34,0,
111,ketoBig,4250,34,4,budget,0,77,false,3,470,104,148,0,1,0,0,0,2,2,normal,false,4,14,0,3800,450,0,0,false,false,false,0,0,4250,34,0,
112,ketoBig,3681,38,8,budget,0,83,true,4,398,77,145,0.2631578947368421,0.631578947368421,0.10526315789473684,0,0,6,2,crash,false,5,20,511,2390,780,0,0,false,false,false,0,0,3681,38,0,
113,ketoBig,24233,81,51,budget,5,100,true,5,2300,240,324,0.13580246913580246,0.30864197530864196,0.2222222222222222,0.024691358024691357,0.30864197530864196,17,7,normal,false,6,40,793,2945,4380,1575,14540,false,false,true,12220,25,12013,56,5,3|6|3|6|4
114,ketoBig,3370,32,2,budget,0,73,true,4,405,75,118,0.09375,0.875,0.03125,0,0,1,2,crash,false,3,15,45,3235,90,0,0,false,false,false,0,0,3370,32,0,
115,ketoBig,4055,30,0,budget,0,68,false,4,765,76,137,0,1,0,0,0,0,-1,normal,false,6,8,0,4055,0,0,0,false,false,false,0,0,4055,30,0,
116,ketoBig,8505,48,18,budget,0,92,true,5,960,154,214,0,0.8333333333333334,0.16666666666666666,0,0,8,14,normal,false,7,25,30,6305,1360,810,0,true,false,false,0,0,8505,48,0,
117,ketoBig,3820,30,0,budget,0,68,true,4,580,101,136,0.03333333333333333,0.9666666666666667,0,0,0,1,18,normal,false,4,12,75,3745,0,0,0,false,false,false,0,0,3820,30,0,
118,ketoBig,5866,43,13,budget,1,100,true,6,795,114,160,0.2558139534883721,0.5116279069767442,0.11627906976744186,0,0.11627906976744186,8,2,normal,false,6,14,656,2855,630,405,1320,false,false,true,1200,5,4666,38,1,3
119,ketoBig,22730,60,30,budget,2,100,true,8,7635,187,242,0.016666666666666666,0.5166666666666667,0.25,0.05,0.16666666666666666,11,2,normal,false,4,32,15,3425,4700,7770,6820,false,false,false,7390,10,15340,50,2,2|6
120,ketoBig,4480,36,6,budget,0,94,true,4,810,90,144,0.08333333333333333,0.7777777777777778,0.1111111111111111,0.027777777777777776,0,6,8,normal,false,4,17,50,3935,360,135,0,true,false,false,0,0,4480,36,0,
121,ketoBig,10746,49,19,budget,1,100,true,5,1050,139,226,0.08163265306122448,0.6530612244897959,0.12244897959183673,0.04081632653061224,0.10204081632653061,10,1,normal,false,8,25,241,5060,1350,315,3780,false,false,false,3750,5,6996,44,1,4
122,ketoBig,5009,41,11,budget,1,100,true,4,660,74,145,0.36585365853658536,0.4146341463414634,0.07317073170731707,0.024390243902439025,0.12195121951219512,4,2,crash,false,12,14,604,1705,510,90,2100,false,false,false,2010,5,2999,36,1,4
123,ketoBig,15570,53,23,budget,1,100,false,8,2175,209,268,0,0.7169811320754716,0.18867924528301888,0,0.09433962264150944,10,14,normal,false,4,31,0,8190,1340,1980,4060,false,false,false,4020,5,11550,48,1,2
124,ketoBig,6713,40,10,budget,0,89,true,7,2045,114,186,0.15,0.825,0,0.025,0,7,2,normal,false,7,18,488,5430,480,315,0,false,false,false,0,0,6713,40,0,
125,ketoBig,8790,47,17,budget,1,100,true,5,900,124,197,0.02127659574468085,0.7446808510638298,0.0851063829787234,0.0425531914893617,0.10638297872340426,6,1,normal,false,4,20,60,4885,1860,585,1400,false,true,true,1170,5,7620,42,1,3
126,ketoBig,7221,52,22,budget,0,94,true,4,1830,117,176,0.11538461538461539,0.6538461538461539,0.17307692307692307,0.057692307692307696,0,10,2,normal,false,5,27,481,2520,2150,2070,0,true,false,false,0,0,7221,52,0,
127,ketoBig,3525,30,0,budget,0,65,true,5,540,76,146,0.43333333333333335,0.5666666666666667,0,0,0,3,8,normal,false,5,11,1050,2475,0,0,0,false,false,true,0,0,3525,30,0,
128,ketoBig,4641,36,6,budget,0,85,true,5,650,95,167,0.4166666666666667,0.5,0.08333333333333333,0,0,7,3,normal,false,5,19,1421,2170,330,720,0,false,false,false,0,0,4641,36,0,
129,ketoBig,3531,32,2,budget,0,73,true,5,361,86,123,0.1875,0.78125,0.03125,0,0,3,2,normal,false,2,18,576,2775,180,0,0,false,false,false,0,0,3531,32,0,
130,ketoBig,21780,80,50,budget,2,100,false,6,3420,235,339,0,0.725,0.1,0.05,0.125,19,12,normal,false,4,49,0,6035,4370,915,10460,false,false,false,10280,10,11500,70,2,3|3
131,ketoBig,4430,48,18,budget,0,90,true,3,390,104,142,0.020833333333333332,0.8541666666666666,0.10416666666666667,0.020833333333333332,0,10,3,normal,false,5,23,15,3200,1080,135,0,true,false,false,0,0,4430,48,0,
132,ketoBig,3897,30,0,budget,0,62,true,4,690,69,144,0.3333333333333333,0.6666666666666666,0,0,0,3,8,crash,false,9,11,767,3130,0,0,0,false,false,false,0,0,3897,30,0,
133,ketoBig,2450,30,0,budget,0,62,false,3,295,70,89,0,1,0,0,0,0,-1,normal,false,11,5,0,2450,0,0,0,false,false,false,0,0,2450,30,0,
134,ketoBig,4330,30,0,budget,0,62,true,4,600,86,152,0.13333333333333333,0.8666666666666667,0,0,0,2,7,normal,false,5,11,220,4110,0,0,0,false,false,true,0,0,4330,30,0,
135,ketoBig,6471,45,15,budget,1,100,true,4,735,116,188,0.26666666666666666,0.4666666666666667,0.1111111111111111,0.044444444444444446,0.1111111111111111,8,1,normal,false,5,18,771,2685,600,1215,1200,false,false,true,1200,5,5271,40,1,3
136,ketoBig,7451,39,9,budget,1,100,true,5,1530,91,164,0.1794871794871795,0.5641025641025641,0.10256410256410256,0.02564102564102564,0.1282051282051282,5,5,crash,false,5,18,206,3005,2260,180,1800,false,false,true,1740,5,5711,34,1,4
137,ketoBig,10295,66,36,budget,0,95,false,3,1160,171,228,0,0.5757575757575758,0.3333333333333333,0.09090909090909091,0,16,2,normal,false,6,36,0,3805,4870,1620,0,true,true,false,0,0,10295,66,0,
138,ketoBig,28305,105,75,budget,3,100,false,10,3105,294,386,0,0.5142857142857142,0.22857142857142856,0.11428571428571428,0.14285714285714285,30,1,normal,false,10,60,0,6995,6120,5610,9580,false,true,true,6260,15,22045,90,3,6|5|3
139,ketoBig,4215,34,4,budget,0,77,false,4,535,104,132,0,0.9411764705882353,0.058823529411764705,0,0,2,5,normal,false,7,12,0,3915,300,0,0,false,false,false,0,0,4215,34,0,
140,ketoBig,1675,30,0,budget,0,63,true,2,150,48,70,0.03333333333333333,0.9666666666666667,0,0,0,1,16,normal,false,5,8,15,1660,0,0,0,false,false,false,0,0,1675,30,0,
141,ketoBig,7765,43,13,budget,1,100,true,5,1110,126,175,0.023255813953488372,0.7441860465116279,0.09302325581395349,0.023255813953488372,0.11627906976744186,6,1,normal,false,6,17,15,5470,840,360,1080,false,false,false,690,5,7075,38,1,4
142,ketoBig,8378,42,12,budget,0,91,true,6,1010,134,203,0.07142857142857142,0.8095238095238095,0.11904761904761904,0,0,6,9,crash,false,6,19,113,6390,660,1215,0,true,false,true,0,0,8378,42,0,
143,ketoBig,6580,43,13,budget,1,100,true,6,1530,105,144,0.023255813953488372,0.6744186046511628,0.13953488372093023,0.046511627906976744,0.11627906976744186,6,2,normal,false,5,19,60,4390,420,270,1440,false,false,false,1350,5,5230,38,1,4
144,ketoBig,14836,62,32,budget,2,100,true,5,2640,172,271,0.11290322580645161,0.4838709677419355,0.16129032258064516,0.08064516129032258,0.16129032258064516,12,2,crash,false,5,35,586,4080,2050,1980,6140,false,true,false,5300,10,9536,52,2,5|4
145,ketoBig,11148,55,25,budget,1,100,true,5,1845,163,240,0.03636363636363636,0.6727272727272727,0.12727272727272726,0.07272727272727272,0.09090909090909091,8,2,crash,false,10,28,263,4900,2640,1665,1680,false,true,true,1650,5,9498,50,1,5
146,ketoBig,15053,64,34,budget,2,100,true,5,1860,166,266,0.125,0.5625,0.109375,0.046875,0.15625,12,2,normal,false,8,27,728,4185,3270,1170,5700,false,false,false,5730,10,9323,54,1,3
147,ketoBig,2165,26,2,lock,0,72,true,2,210,51,78,0.07692307692307693,0.9230769230769231,0,0,0,2,3,crash,false,5,10,15,1970,180,0,0,false,false,false,0,0,2165,26,0,
148,ketoBig,5780,43,16,lock,0,97,true,3,735,104,135,0,0.7674418604651163,0.16279069767441862,0.06976744186046512,0,7,2,normal,false,6,17,80,2835,1200,1665,0,true,true,false,0,0,5780,43,0,
149,ketoBig,19348,85,55,budget,3,100,true,6,2160,215,291,0.03529411764705882,0.49411764705882355,0.21176470588235294,0.08235294117647059,0.17647058823529413,23,17,crash,false,6,51,38,4535,3170,2745,8860,false,true,false,6120,15,13228,70,3,4|4|10
150,ketoBig,11643,49,19,budget,1,100,true,3,2600,147,210,0.02040816326530612,0.6122448979591837,0.22448979591836735,0.04081632653061224,0.10204081632653061,8,1,crash,false,6,24,143,3860,1200,900,5540,false,false,true,4490,5,7153,44,1,4
151,ketoBig,16765,71,41,budget,1,100,true,6,2070,227,331,0.014084507042253521,0.676056338028169,0.19718309859154928,0.04225352112676056,0.07042253521126761,19,1,normal,false,10,41,140,7255,5080,1710,2580,false,true,false,1710,5,15055,66,1,4
152,ketoBig,210,5,0,lock,0,52,false,1,60,6,10,0,1,0,0,0,0,-1,normal,false,5,0,0,210,0,0,0,false,false,false,0,0,210,5,0,
153,ketoBig,22050,80,50,budget,2,100,true,8,3930,233,362,0.025,0.6625,0.1625,0.025,0.125,18,3,normal,false,6,41,235,5905,8050,900,6960,false,false,true,6170,10,15880,70,2,2|3
154,ketoBig,4228,34,4,budget,0,79,true,4,510,97,133,0.058823529411764705,0.9117647058823529,0.029411764705882353,0,0,3,23,normal,false,3,15,38,4100,90,0,0,false,false,false,0,0,4228,34,0,
155,ketoBig,6530,48,18,budget,0,87,false,4,850,116,166,0,0.875,0.125,0,0,7,2,normal,false,6,21,0,3060,2930,540,0,false,false,false,0,0,6530,48,0,
156,ketoBig,5533,30,0,budget,0,66,true,8,1560,92,136,0.2,0.8,0,0,0,2,18,normal,false,3,13,143,5390,0,0,0,false,false,true,0,0,5533,30,0,
157,ketoBig,13165,76,46,budget,0,94,true,5,1620,193,303,0.039473684210526314,0.8026315789473685,0.11842105263157894,0.039473684210526314,0,24,1,normal,false,6,46,95,5930,5610,1530,0,true,false,false,0,0,13165,76,0,
158,ketoBig,3145,10,12,lock,0,94,false,4,990,37,38,0,0.3,0.6,0.1,0,5,1,keto,false,4,6,0,445,1440,1260,0,true,false,true,0,0,3145,10,0,
159,ketoBig,12638,51,21,budget,1,100,true,5,1760,153,215,0.0392156862745098,0.6274509803921569,0.19607843137254902,0.0392156862745098,0.09803921568627451,9,2,crash,false,6,27,158,3545,3370,1365,4200,false,true,true,4230,5,8408,46,1,4
160,ketoBig,3060,34,4,budget,0,84,false,3,315,71,108,0,0.9117647058823529,0.08823529411764706,0,0,2,2,normal,false,5,14,0,2730,330,0,0,false,false,false,0,0,3060,34,0,
161,ketoBig,13670,60,30,budget,2,100,true,5,1620,160,227,0.03333333333333333,0.6333333333333333,0.13333333333333333,0.03333333333333333,0.16666666666666666,11,10,normal,false,7,27,75,4460,1550,1665,5920,false,false,true,7060,10,6610,50,1,4
162,ketoBig,3131,32,2,budget,0,74,true,4,510,82,133,0.3125,0.65625,0.03125,0,0,4,1,normal,false,3,13,626,2295,210,0,0,false,false,false,0,0,3131,32,0,
163,ketoBig,3017,32,2,budget,0,80,true,5,323,74,126,0.21875,0.78125,0,0,0,4,2,normal,false,9,12,802,2035,180,0,0,false,false,true,0,0,3017,32,0,
164,ketoBig,16335,62,32,budget,2,100,true,6,5360,171,266,0.016129032258064516,0.6612903225806451,0.12903225806451613,0.03225806451612903,0.16129032258064516,12,2,normal,false,9,28,90,5425,1470,990,8360,false,true,false,8120,10,8215,52,2,4|3
165,ketoBig,15140,59,49,lock,3,100,false,5,3010,158,183,0,0.3898305084745763,0.288135593220339,0.06779661016949153,0.2542372881355932,18,2,normal,false,7,34,0,1265,2580,4155,7140,false,true,false,5830,15,9310,44,3,3|2|3
166,ketoBig,3729,30,0,budget,0,62,true,5,880,77,133,0.4,0.6,0,0,0,3,14,normal,false,10,9,484,3245,0,0,0,false,false,false,0,0,3729,30,0,
167,ketoBig,8510,48,18,budget,0,95,true,6,1135,154,215,0.125,0.75,0.08333333333333333,0.041666666666666664,0,12,2,normal,false,7,23,320,5325,1560,1305,0,true,true,false,0,0,8510,48,0,
168,ketoBig,19425,64,34,budget,2,100,false,8,4140,179,266,0,0.5625,0.203125,0.078125,0.15625,13,2,normal,false,4,33,0,3775,8780,630,6240,false,false,false,5880,10,13545,54,2,10|5
169,ketoBig,16600,87,57,budget,1,100,true,5,1540,231,348,0.011494252873563218,0.6781609195402298,0.21839080459770116,0.034482758620689655,0.05747126436781609,24,2,normal,false,6,51,15,6640,4710,3915,1320,false,true,true,1460,5,15140,82,1,2
170,ketoBig,2465,30,0,budget,0,62,true,4,400,63,141,0.6,0.4,0,0,0,2,12,crash,false,6,13,1120,1345,0,0,0,false,false,false,0,0,2465,30,0,
171,ketoBig,4631,30,0,budget,0,51,true,6,1390,85,125,0.2,0.8,0,0,0,2,9,normal,false,7,13,361,4270,0,0,0,false,false,true,0,0,4631,30,0,
172,ketoBig,3755,38,8,budget,0,76,true,4,420,84,135,0.13157894736842105,0.7631578947368421,0.10526315789473684,0,0,5,3,normal,false,4,21,335,2970,450,0,0,false,false,true,0,0,3755,38,0,
173,ketoBig,5400,40,10,budget,0,80,true,4,440,127,168,0.075,0.9,0.025,0,0,8,1,normal,false,4,20,60,4530,810,0,0,false,false,false,0,0,5400,40,0,
174,ketoBig,2548,30,0,budget,0,64,true,3,390,68,113,0.16666666666666666,0.8333333333333334,0,0,0,3,19,normal,false,4,13,168,2380,0,0,0,false,false,true,0,0,2548,30,0,
175,ketoBig,9165,47,17,budget,1,100,true,4,1330,148,179,0.02127659574468085,0.7659574468085106,0.0851063829787234,0.02127659574468085,0.10638297872340426,7,4,normal,false,8,24,15,4115,1530,1605,1900,false,false,false,2520,5,6645,42,1,3
176,ketoBig,6820,46,16,budget,0,95,true,5,1050,120,167,0.021739130434782608,0.782608695652174,0.17391304347826086,0.021739130434782608,0,7,2,normal,false,5,21,15,4085,1910,810,0,true,true,false,0,0,6820,46,0,
177,ketoBig,2975,30,0,budget,0,64,true,3,315,76,106,0.03333333333333333,0.9666666666666667,0,0,0,1,9,normal,false,4,10,45,2930,0,0,0,false,false,false,0,0,2975,30,0,
178,ketoBig,12668,47,17,budget,1,100,true,5,3030,122,216,0.06382978723404255,0.7021276595744681,0.0851063829787234,0.0425531914893617,0.10638297872340426,8,2,normal,false,3,22,83,4210,1690,4185,2500,false,true,true,2050,5,10618,42,1,4
179,ketoBig,5668,32,2,budget,0,72,true,7,1950,98,160,0.125,0.84375,0.03125,0,0,1,3,crash,false,3,15,273,5185,210,0,0,false,false,true,0,0,5668,32,0,
180,ketoBig,2944,30,0,budget,0,63,true,4,795,71,116,0.4,0.6,0,0,0,3,8,normal,false,8,12,434,2510,0,0,0,false,false,false,0,0,2944,30,0,
181,ketoBig,2810,34,4,budget,0,82,true,3,450,74,98,0,0.9705882352941176,0.029411764705882353,0,0,2,8,normal,false,4,15,105,2315,390,0,0,false,false,false,0,0,2810,34,0,
182,ketoBig,1125,11,8,lock,0,90,false,2,390,23,26,0,0.6363636363636364,0.2727272727272727,0.09090909090909091,0,4,3,normal,false,1,7,0,390,600,135,0,true,false,false,0,0,1125,11,0,
183,ketoBig,4810,30,0,budget,0,62,true,5,1190,85,145,0,1,0,0,0,0,-1,normal,false,5,9,30,4780,0,0,0,false,false,false,0,0,4810,30,0,
184,ketoBig,2386,32,2,budget,0,78,true,3,330,63,96,0.3125,0.65625,0.03125,0,0,5,6,crash,false,5,11,331,1905,150,0,0,false,false,false,0,0,2386,32,0,
185,ketoBig,11255,47,17,budget,1,100,false,5,1660,164,212,0,0.8085106382978723,0.0851063829787234,0,0.10638297872340426,7,14,normal,false,4,27,0,5735,1090,810,3620,false,false,false,3260,5,7995,42,1,4
186,ketoBig,27695,72,42,budget,2,100,true,8,7950,246,352,0.013888888888888888,0.6111111111111112,0.19444444444444445,0.041666666666666664,0.1388888888888889,16,2,normal,false,6,36,30,6060,2840,5025,13740,false,true,false,14490,10,13205,62,2,5|2
187,ketoBig,3480,32,2,budget,0,73,true,4,855,77,120,0.03125,0.9375,0.03125,0,0,2,2,normal,false,4,12,15,3345,120,0,0,false,false,false,0,0,3480,32,0,
188,ketoBig,4646,34,4,budget,0,83,true,4,780,90,145,0.29411764705882354,0.5588235294117647,0.14705882352941177,0,0,5,2,crash,false,4,17,571,2845,1230,0,0,false,false,false,0,0,4646,34,0,
189,ketoBig,17485,72,42,budget,4,100,true,4,1580,192,273,0.013888888888888888,0.4305555555555556,0.20833333333333334,0.06944444444444445,0.2777777777777778,16,2,normal,false,8,33,95,3605,3630,2115,8040,false,true,false,7760,20,9725,52,4,3|4|5|8
190,ketoBig,19770,74,44,budget,2,100,false,7,3945,213,280,0,0.47297297297297297,0.25675675675675674,0.13513513513513514,0.13513513513513514,14,1,normal,false,4,33,0,4680,4020,5910,5160,false,true,false,7335,10,12435,64,2,5|6
191,ketoBig,5608,42,12,budget,0,90,true,5,915,108,196,0.2619047619047619,0.6666666666666666,0.07142857142857142,0,0,9,1,crash,false,12,19,523,4125,690,270,0,true,false,false,0,0,5608,42,0,
192,ketoBig,3401,32,2,budget,0,73,true,6,1035,69,108,0.25,0.71875,0.03125,0,0,4,2,normal,false,6,11,411,2810,180,0,0,false,false,false,0,0,3401,32,0,
193,ketoBig,3260,34,4,budget,0,82,true,3,315,81,108,0.058823529411764705,0.8529411764705882,0.08823529411764706,0,0,4,14,normal,false,4,12,75,2885,300,0,0,false,false,false,0,0,3260,34,0,
194,ketoBig,3373,29,10,lock,0,87,true,3,420,59,105,0.13793103448275862,0.6551724137931034,0.20689655172413793,0,0,5,2,crash,false,4,17,68,2195,1110,0,0,false,false,false,0,0,3373,29,0,
195,ketoBig,6285,38,8,budget,0,91,true,5,1410,102,148,0,0.9210526315789473,0.05263157894736842,0.02631578947368421,0,4,2,normal,false,6,17,150,3665,2200,270,0,true,false,false,0,0,6285,38,0,
196,ketoBig,2553,30,0,budget,0,63,true,3,285,69,104,0.1,0.9,0,0,0,1,8,normal,false,4,14,68,2485,0,0,0,false,false,true,0,0,2553,30,0,
197,ketoBig,8578,46,16,budget,2,100,true,4,1380,118,183,0.2391304347826087,0.41304347826086957,0.13043478260869565,0,0.21739130434782608,9,2,crash,false,4,22,338,3485,750,405,3600,false,false,true,2220,10,6358,36,2,3|4
198,ketoBig,11620,57,27,budget,1,100,false,6,3135,149,191,0,0.7719298245614035,0.10526315789473684,0.03508771929824561,0.08771929824561403,11,1,normal,false,10,21,0,4105,1350,4005,2160,false,true,false,2010,5,9610,52,1,5
199,ketoBig,5395,36,6,budget,0,86,false,5,810,103,155,0,0.9166666666666666,0.08333333333333333,0,0,3,2,normal,false,4,20,0,5075,320,0,0,false,false,false,0,0,5395,36,0,
200,ketoBig,3712,30,0,budget,0,62,true,4,390,67,152,0.4,0.6,0,0,0,3,21,normal,false,4,12,977,2735,0,0,0,false,false,true,0,0,3712,30,0,
201,ketoBig,9300,60,30,budget,0,90,true,6,1200,170,253,0.016666666666666666,0.7333333333333333,0.23333333333333334,0.016666666666666666,0,15,3,crash,false,7,35,0,5845,2960,495,0,true,false,false,0,0,9300,60,0,
202,ketoBig,5564,36,6,budget,0,86,true,4,960,96,174,0.3055555555555556,0.6111111111111112,0.08333333333333333,0,0,7,2,crash,false,4,21,549,3725,750,540,0,false,false,false,0,0,5564,36,0,
203,ketoBig,12490,41,11,budget,1,100,true,6,3480,148,202,0.024390243902439025,0.7560975609756098,0.0975609756097561,0,0.12195121951219512,4,17,normal,false,10,16,105,5465,520,180,6220,false,false,false,5980,5,6510,36,1,3
204,ketoBig,7185,38,8,budget,0,80,false,6,1070,115,185,0,0.9736842105263158,0.02631578947368421,0,0,4,6,normal,false,3,20,0,5535,1650,0,0,false,false,true,0,0,7185,38,0,
205,ketoBig,3546,30,0,budget,0,64,true,3,435,73,116,0.13333333333333333,0.8666666666666667,0,0,0,1,29,normal,false,5,10,301,3245,0,0,0,false,false,false,0,0,3546,30,0,
206,ketoBig,2990,30,0,budget,0,64,true,4,615,63,133,0.43333333333333335,0.5666666666666667,0,0,0,3,10,crash,false,5,10,830,2160,0,0,0,false,false,false,0,0,2990,30,0,
207,ketoBig,11160,49,19,budget,1,100,false,5,2310,154,226,0,0.7551020408163265,0.12244897959183673,0.02040816326530612,0.10204081632653061,7,1,normal,false,7,24,0,5010,3600,90,2460,false,false,false,1650,5,9510,44,1,4
208,ketoBig,4713,30,0,budget,0,64,true,4,965,88,153,0.16666666666666666,0.8333333333333334,0,0,0,1,13,normal,false,6,10,248,4465,0,0,0,false,false,false,0,0,4713,30,0,
209,ketoBig,6161,34,4,budget,0,77,true,7,1420,98,163,0.058823529411764705,0.9117647058823529,0.029411764705882353,0,0,3,2,crash,false,6,12,326,5475,360,0,0,false,false,true,0,0,6161,34,0,
210,ketoBig,8305,19,19,lock,1,100,false,4,1880,69,95,0,0.21052631578947367,0.5263157894736842,0.05263157894736842,0.21052631578947367,7,2,frenzy,false,3,12,0,270,3110,1005,3920,false,false,false,4240,4,4065,15,1,2
211,ketoBig,5639,34,4,budget,0,79,true,7,1370,101,157,0.08823529411764706,0.8529411764705882,0.058823529411764705,0,0,5,4,normal,false,7,13,514,4915,210,0,0,false,false,true,0,0,5639,34,0,
212,ketoBig,4703,38,8,budget,0,85,true,6,825,96,149,0.05263157894736842,0.8947368421052632,0.05263157894736842,0,0,3,2,crash,false,6,14,68,4215,420,0,0,false,false,false,0,0,4703,38,0,
213,ketoBig,10160,45,15,budget,1,100,true,5,2430,127,178,0.022222222222222223,0.6666666666666666,0.13333333333333333,0.06666666666666667,0.1111111111111111,7,1,normal,false,7,22,15,3575,580,2910,3080,false,true,false,2720,5,7440,40,1,7
214,ketoBig,6195,47,17,budget,1,100,true,3,600,114,166,0.0851063829787234,0.6808510638297872,0.10638297872340426,0.02127659574468085,0.10638297872340426,10,4,normal,false,7,19,60,3445,950,360,1380,false,false,true,1290,5,4905,42,1,2
215,ketoBig,30406,86,56,budget,4,100,true,8,7120,263,379,0.05813953488372093,0.4186046511627907,0.23255813953488372,0.05813953488372093,0.23255813953488372,21,2,normal,false,7,52,686,3960,5480,6180,14100,false,true,true,15090,20,15316,66,3,4|9|5
216,ketoBig,11994,73,43,budget,1,100,true,4,1200,173,246,0.1780821917808219,0.3972602739726027,0.2876712328767123,0.0684931506849315,0.0684931506849315,22,2,crash,false,7,39,444,2805,4930,1455,2360,false,true,false,2330,5,9664,68,1,6
217,ketoBig,3540,30,0,budget,0,68,true,3,365,79,121,0.06666666666666667,0.9333333333333333,0,0,0,2,13,normal,false,4,10,110,3430,0,0,0,false,false,true,0,0,3540,30,0,
218,ketoBig,17998,62,32,budget,2,100,true,5,3120,182,273,0.06451612903225806,0.532258064516129,0.20967741935483872,0.03225806451612903,0.16129032258064516,15,2,normal,false,4,29,323,3775,1380,5760,6760,false,false,false,4590,10,13408,52,2,6|8
219,ketoBig,9150,50,20,budget,0,86,true,5,1460,137,204,0.02,0.76,0.22,0,0,10,2,normal,false,5,25,15,3865,5270,0,0,false,false,false,0,0,9150,50,0,
220,ketoBig,31325,126,96,budget,4,100,false,4,2400,365,500,0,0.5634920634920635,0.2222222222222222,0.05555555555555555,0.15873015873015872,37,4,normal,false,9,66,0,6110,7460,5295,12460,false,true,false,11450,20,19875,106,4,2|2|2|4
221,ketoBig,12160,64,34,budget,0,92,true,4,3070,191,289,0.078125,0.703125,0.171875,0.046875,0,16,1,normal,false,7,28,345,4745,3860,3210,0,true,false,true,0,0,12160,64,0,
222,ketoBig,18330,65,35,budget,3,100,true,5,3420,192,269,0.046153846153846156,0.5076923076923077,0.15384615384615385,0.06153846153846154,0.23076923076923078,15,10,normal,false,3,39,195,4795,2610,690,10040,false,false,true,9260,15,9070,50,3,3|5|3
223,ketoBig,2455,30,0,budget,0,53,true,5,600,53,96,0.4,0.6,0,0,0,4,7,normal,false,12,9,525,1930,0,0,0,false,false,false,0,0,2455,30,0,
224,ketoBig,3988,30,0,budget,0,59,true,5,1250,74,128,0.06666666666666667,0.9333333333333333,0,0,0,0,-1,crash,false,5,11,53,3935,0,0,0,false,false,false,0,0,3988,30,0,
225,ketoBig,6413,32,2,budget,0,83,true,7,2820,80,135,0.125,0.8125,0.0625,0,0,2,1,crash,false,9,10,148,3235,3030,0,0,false,false,false,0,0,6413,32,0,
226,ketoBig,1643,12,0,lock,0,62,true,3,315,33,53,0.16666666666666666,0.8333333333333334,0,0,0,1,7,normal,false,4,5,128,1515,0,0,0,false,false,true,0,0,1643,12,0,
227,ketoBig,12145,57,27,budget,1,100,true,5,1260,148,219,0.05263157894736842,0.543859649122807,0.24561403508771928,0.07017543859649122,0.08771929824561403,13,4,crash,false,6,29,120,3725,2120,3600,2580,false,true,false,2250,5,9895,52,1,10
228,ketoBig,4384,32,2,budget,0,83,true,4,690,89,146,0.21875,0.71875,0.0625,0,0,2,2,normal,false,8,14,189,3955,240,0,0,false,false,false,0,0,4384,32,0,
229,ketoBig,2886,32,2,budget,0,73,true,3,290,74,142,0.3125,0.65625,0.03125,0,0,4,2,normal,false,5,13,966,1780,140,0,0,false,false,false,0,0,2886,32,0,
230,ketoBig,13648,55,25,budget,1,100,true,5,2520,173,268,0.03636363636363636,0.7636363636363637,0.07272727272727272,0.03636363636363636,0.09090909090909091,11,14,normal,false,4,31,78,7560,1830,360,3820,false,false,true,3790,5,9858,50,1,4
231,ketoBig,4870,46,16,budget,0,94,false,3,470,109,139,0,0.8478260869565217,0.13043478260869565,0.021739130434782608,0,7,3,normal,false,7,22,0,3520,990,360,0,true,false,true,0,0,4870,46,0,
232,ketoBig,4373,37,7,budget,1,100,true,3,490,97,135,0.16216216216216217,0.6216216216216216,0.08108108108108109,0,0.13513513513513514,5,3,normal,false,8,12,233,2580,720,0,840,false,false,true,1000,5,3373,32,0,
233,ketoBig,3440,30,0,budget,0,62,true,4,705,71,105,0.03333333333333333,0.9666666666666667,0,0,0,1,20,normal,false,4,14,15,3425,0,0,0,false,false,true,0,0,3440,30,0,
234,ketoBig,24590,80,50,budget,4,100,true,5,2400,270,341,0,0.525,0.1625,0.0625,0.25,16,1,normal,false,6,41,30,6220,2940,1980,13420,false,false,false,12730,20,11860,60,4,2|5|5|4
235,ketoBig,4410,34,4,budget,0,73,true,5,1280,96,150,0.11764705882352941,0.8235294117647058,0.058823529411764705,0,0,4,2,normal,false,6,16,405,3675,330,0,0,false,false,false,0,0,4410,34,0,
236,ketoBig,8785,23,23,lock,1,100,false,4,1140,67,96,0,0.30434782608695654,0.30434782608695654,0.17391304347826086,0.21739130434782608,9,2,normal,false,5,12,0,360,2080,3105,3240,false,true,true,3210,5,5575,18,1,5
237,ketoBig,11288,41,11,budget,1,100,true,6,2820,126,184,0.21951219512195122,0.5853658536585366,0.04878048780487805,0.024390243902439025,0.12195121951219512,7,4,crash,false,5,17,238,4950,580,240,5280,false,true,false,4740,5,6548,36,1,3
238,ketoBig,2592,30,0,budget,0,66,true,3,450,66,110,0.4,0.6,0,0,0,4,8,crash,false,8,10,302,2290,0,0,0,false,false,false,0,0,2592,30,0,
239,ketoBig,9981,51,21,budget,1,100,true,4,1245,141,213,0.1568627450980392,0.6666666666666666,0.058823529411764705,0.0196078431372549,0.09803921568627451,10,3,normal,false,9,21,421,4255,2220,405,2680,false,false,true,2965,5,7016,46,1,2
240,ketoBig,9130,56,26,budget,2,100,true,4,690,134,185,0.10714285714285714,0.48214285714285715,0.17857142857142858,0.05357142857142857,0.17857142857142858,13,3,normal,false,4,27,280,2605,2250,315,3680,false,false,false,3260,10,5870,46,2,3|4
241,ketoBig,2638,30,0,budget,0,67,true,3,420,62,118,0.2,0.8,0,0,0,1,29,normal,false,9,10,308,2330,0,0,0,false,false,true,0,0,2638,30,0,
242,ketoBig,3853,29,6,lock,0,85,true,4,540,71,134,0.1724137931034483,0.7586206896551724,0.06896551724137931,0,0,2,2,crash,false,6,9,218,2855,780,0,0,false,false,false,0,0,3853,29,0,
243,ketoBig,15774,77,47,budget,3,100,true,4,1200,204,279,0.09090909090909091,0.4805194805194805,0.19480519480519481,0.03896103896103896,0.19480519480519481,17,1,crash,false,7,33,539,3735,3710,450,7340,false,false,false,7510,15,8264,62,2,4|3
244,ketoBig,4623,23,12,lock,0,82,true,5,1800,54,95,0.13043478260869565,0.782608695652174,0.08695652173913043,0,0,6,2,crash,false,5,9,53,1510,3060,0,0,false,false,false,0,0,4623,23,0,
245,ketoBig,42173,114,84,budget,4,100,true,8,8060,353,548,0.06140350877192982,0.42105263157894735,0.24561403508771928,0.09649122807017543,0.17543859649122806,34,3,normal,false,7,64,408,6065,8670,8730,18300,false,true,false,17820,20,24353,94,4,3|6|2|10
246,ketoBig,8820,49,19,budget,1,100,true,4,850,126,211,0.08163265306122448,0.5714285714285714,0.20408163265306123,0.04081632653061224,0.10204081632653061,9,2,crash,false,8,26,125,3705,2350,360,2280,false,false,false,2010,5,6810,44,1,2
247,ketoBig,7738,48,21,lock,1,100,true,4,960,130,161,0.08333333333333333,0.6041666666666666,0.1875,0.020833333333333332,0.10416666666666667,11,2,normal,false,11,17,183,2855,1010,2370,1320,false,false,false,1050,5,6688,43,1,5
248,ketoBig,3418,30,0,budget,0,62,true,4,750,85,126,0.16666666666666666,0.8333333333333334,0,0,0,3,6,normal,false,8,12,243,3175,0,0,0,false,false,false,0,0,3418,30,0,
249,ketoBig,10481,54,24,budget,2,100,true,3,1080,147,215,0.2777777777777778,0.35185185185185186,0.12962962962962962,0.05555555555555555,0.18518518518518517,9,2,crash,false,7,25,751,2285,920,2625,3900,false,true,false,3950,10,6531,44,2,3|3
250,ketoBig,5343,34,4,budget,0,93,true,6,1335,86,146,0.08823529411764706,0.7941176470588235,0.08823529411764706,0.029411764705882353,0,4,2,normal,false,3,17,83,4720,270,270,0,true,false,true,0,0,5343,34,0,
251,ketoBig,4318,32,2,budget,0,70,true,4,585,95,149,0.1875,0.8125,0,0,0,2,12,normal,false,7,13,288,4030,0,0,0,false,false,true,0,0,4318,32,0,
252,ketoBig,5520,38,8,budget,0,87,true,4,615,102,154,0.02631578947368421,0.7631578947368421,0.21052631578947367,0,0,5,8,normal,false,3,18,45,3945,1530,0,0,false,false,false,0,0,5520,38,0,
253,ketoBig,8275,36,26,lock,2,100,false,4,1860,92,126,0,0.4722222222222222,0.19444444444444445,0.05555555555555555,0.2777777777777778,10,1,normal,false,5,18,0,1325,1800,390,4760,false,false,false,3970,10,4305,26,2,3|5
254,ketoBig,1752,30,0,budget,0,65,true,3,255,57,89,0.3333333333333333,0.6666666666666666,0,0,0,1,26,normal,false,6,8,372,1380,0,0,0,false,false,false,0,0,1752,30,0,
255,ketoBig,29945,91,61,budget,5,100,true,7,5960,262,392,0.02197802197802198,0.42857142857142855,0.18681318681318682,0.08791208791208792,0.27472527472527475,25,2,normal,false,6,53,35,6720,2340,2070,18780,false,true,false,15600,25,14345,66,5,4|3|5|3|6
256,ketoBig,4003,40,10,budget,0,90,true,3,610,86,122,0.25,0.55,0.15,0.05,0,10,4,crash,false,4,21,373,1940,1060,630,0,true,false,false,0,0,4003,40,0,
257,ketoBig,5473,42,12,budget,0,94,true,4,730,123,158,0.09523809523809523,0.7142857142857143,0.14285714285714285,0.047619047619047616,0,6,2,normal,false,4,23,93,4000,660,720,0,true,false,false,0,0,5473,42,0,
258,ketoBig,6699,41,11,budget,1,100,true,7,1270,112,159,0.24390243902439024,0.4878048780487805,0.07317073170731707,0.07317073170731707,0.12195121951219512,6,1,normal,false,9,17,399,4500,300,540,960,false,true,false,930,5,5769,36,1,5
259,ketoBig,6718,30,0,budget,0,67,true,6,1765,109,211,0.23333333333333334,0.7666666666666667,0,0,0,1,29,normal,false,4,12,893,5825,0,0,0,false,false,false,0,0,6718,30,0,
260,ketoBig,2020,30,0,budget,0,65,true,3,270,58,81,0.13333333333333333,0.8666666666666667,0,0,0,2,18,normal,false,6,9,125,1895,0,0,0,false,false,false,0,0,2020,30,0,
261,ketoBig,8757,47,17,budget,1,100,true,5,1740,126,192,0.1276595744680851,0.7021276595744681,0.02127659574468085,0.0425531914893617,0.10638297872340426,7,3,normal,false,11,21,467,3080,1970,480,2760,false,true,false,2760,5,5997,42,1,3
262,ketoBig,3725,36,6,budget,0,86,false,4,405,94,113,0,0.8888888888888888,0.1111111111111111,0,0,3,16,normal,false,4,15,0,3305,420,0,0,false,false,false,0,0,3725,36,0,
263,ketoBig,4035,34,4,budget,0,72,false,3,400,89,135,0,0.9705882352941176,0.029411764705882353,0,0,2,2,normal,false,4,15,0,3875,160,0,0,false,false,false,0,0,4035,34,0,
264,ketoBig,16612,59,29,budget,3,100,true,8,2070,160,219,0.2033898305084746,0.2711864406779661,0.2033898305084746,0.06779661016949153,0.2542372881355932,13,2,normal,false,6,26,402,3530,1260,480,10940,false,true,false,9420,15,7192,44,3,4|4|5
265,ketoBig,11465,41,11,budget,1,100,true,5,2310,127,163,0.024390243902439025,0.7804878048780488,0.04878048780487805,0.024390243902439025,0.12195121951219512,5,24,normal,false,6,19,15,3550,330,2790,4780,false,true,false,6370,5,5095,36,1,3
266,ketoBig,8855,57,27,budget,1,100,false,4,995,156,199,0,0.7894736842105263,0.10526315789473684,0.017543859649122806,0.08771929824561403,10,1,normal,false,6,25,0,3940,2440,1035,1440,false,false,false,930,5,7925,52,1,3
267,ketoBig,10107,60,30,budget,0,99,true,4,855,172,254,0.13333333333333333,0.48333333333333334,0.2833333333333333,0.1,0,16,2,normal,false,4,37,812,3470,2690,3135,0,true,true,false,0,0,10107,60,0,
268,ketoBig,4400,38,8,budget,0,85,false,3,800,94,120,0,0.8947368421052632,0.10526315789473684,0,0,4,1,normal,false,8,12,0,2880,1520,0,0,false,false,true,0,0,4400,38,0,
269,ketoBig,32363,87,57,budget,3,100,true,6,5595,279,424,0.022988505747126436,0.5862068965517241,0.1839080459770115,0.034482758620689655,0.1724137931034483,21,1,normal,false,9,44,208,4910,9570,6495,11180,false,true,false,11885,15,20478,72,3,2|5|3
270,ketoBig,3665,25,8,lock,0,81,true,4,440,71,111,0,0.96,0.04,0,0,4,2,normal,false,4,11,90,2825,750,0,0,false,false,false,0,0,3665,25,0,
271,ketoBig,5673,32,2,budget,0,82,true,6,1168,83,166,0.0625,0.90625,0.03125,0,0,2,1,crash,false,7,12,563,4810,300,0,0,false,false,false,0,0,5673,32,0,
272,ketoBig,8650,50,20,budget,0,92,false,5,990,148,205,0,0.86,0.14,0,0,9,2,normal,false,7,21,0,5770,1980,900,0,true,false,true,0,0,8650,50,0,
273,ketoBig,8650,50,20,budget,0,91,true,5,690,146,205,0.06,0.76,0.18,0,0,13,7,normal,false,5,27,120,5310,2140,1080,0,true,false,false,0,0,8650,50,0,
274,ketoBig,3920,30,0,budget,0,62,false,4,750,79,123,0,1,0,0,0,0,-1,normal,false,5,9,0,3920,0,0,0,false,false,true,0,0,3920,30,0,
275,ketoBig,3048,30,0,budget,0,69,true,4,590,69,126,0.23333333333333334,0.7666666666666667,0,0,0,2,21,crash,false,4,11,448,2600,0,0,0,false,false,false,0,0,3048,30,0,
276,ketoBig,3113,22,4,lock,0,80,true,4,630,61,117,0.3181818181818182,0.6363636363636364,0.045454545454545456,0,0,4,1,normal,false,3,12,683,2220,210,0,0,false,false,true,0,0,3113,22,0,
277,ketoBig,11986,53,23,budget,1,100,true,6,1680,163,229,0.09433962264150944,0.6415094339622641,0.1320754716981132,0.03773584905660377,0.09433962264150944,11,2,normal,false,5,28,196,4920,1370,2340,3160,false,true,false,1570,5,10416,48,1,3
278,ketoBig,6840,38,8,budget,0,85,false,5,960,123,180,0,0.868421052631579,0.13157894736842105,0,0,4,12,normal,false,5,17,0,5180,1660,0,0,false,false,false,0,0,6840,38,0,
279,ketoBig,5728,38,8,budget,0,83,true,5,990,102,148,0.13157894736842105,0.8157894736842105,0.05263157894736842,0,0,7,2,normal,false,3,21,308,3980,1440,0,0,false,false,false,0,0,5728,38,0,
280,ketoBig,2530,25,4,lock,0,75,false,3,390,59,75,0,0.96,0.04,0,0,2,9,normal,false,4,11,0,2080,450,0,0,false,false,false,0,0,2530,25,0,
281,ketoBig,11865,51,21,budget,1,100,true,5,1690,148,228,0.0196078431372549,0.6666666666666666,0.17647058823529413,0.0392156862745098,0.09803921568627451,8,1,crash,false,7,21,0,3635,5230,900,2100,false,false,false,1710,5,10155,46,1,4
282,ketoBig,6768,40,10,budget,0,93,true,4,750,125,204,0.125,0.75,0.1,0.025,0,5,1,normal,false,5,15,398,4375,1860,135,0,true,false,false,0,0,6768,40,0,
283,ketoBig,5678,38,8,budget,0,94,true,6,1440,98,162,0.13157894736842105,0.7105263157894737,0.13157894736842105,0.02631578947368421,0,6,3,normal,false,10,15,218,4165,1160,135,0,true,false,false,0,0,5678,38,0,
284,ketoBig,6378,40,10,budget,0,82,true,5,1320,110,173,0.025,0.925,0.05,0,0,6,1,normal,false,4,17,128,4360,1890,0,0,false,false,false,0,0,6378,40,0,
285,ketoBig,6080,39,18,lock,0,94,true,4,710,106,183,0.3076923076923077,0.5128205128205128,0.1282051282051282,0.05128205128205128,0,8,6,crash,false,6,16,780,3090,1670,540,0,true,false,false,0,0,6080,39,0,
286,ketoBig,13850,55,25,budget,1,100,true,5,1890,158,228,0.10909090909090909,0.6,0.14545454545454545,0.05454545454545454,0.09090909090909091,12,13,normal,false,6,27,445,2835,4330,660,5580,false,true,false,5550,5,8300,50,1,5
287,ketoBig,3865,30,0,budget,0,59,true,7,1500,76,119,0.13333333333333333,0.8666666666666667,0,0,0,3,13,normal,false,4,12,255,3610,0,0,0,false,false,true,0,0,3865,30,0,
288,ketoBig,10355,51,21,budget,1,100,false,5,1390,143,208,0,0.6274509803921569,0.27450980392156865,0,0.09803921568627451,8,1,normal,false,7,21,0,3735,3600,0,3020,false,false,false,2420,5,7935,46,1,9
289,ketoBig,9132,43,13,budget,1,100,true,6,1410,102,199,0.3953488372093023,0.3023255813953488,0.09302325581395349,0.09302325581395349,0.11627906976744186,10,6,normal,false,7,23,1117,2160,1400,1575,2880,false,true,true,2250,5,6882,38,1,8
290,ketoBig,5525,43,13,budget,1,100,true,4,810,96,132,0.16279069767441862,0.5813953488372093,0.09302325581395349,0.046511627906976744,0.11627906976744186,8,3,normal,false,5,16,365,2475,480,225,1980,false,true,false,1770,5,3755,38,1,3
291,ketoBig,12258,57,27,budget,1,100,true,4,2040,151,219,0.05263157894736842,0.6666666666666666,0.12280701754385964,0.07017543859649122,0.08771929824561403,13,1,normal,false,4,26,98,4690,1640,990,4840,false,true,false,2890,5,9368,52,1,3
292,ketoBig,3276,32,2,budget,0,76,true,3,360,73,111,0.15625,0.78125,0.0625,0,0,3,10,crash,false,4,15,231,2595,450,0,0,false,false,false,0,0,3276,32,0,
293,ketoBig,22065,85,55,budget,3,100,true,4,2820,225,321,0.023529411764705882,0.5176470588235295,0.2235294117647059,0.058823529411764705,0.17647058823529413,22,4,crash,false,4,49,75,3550,3640,2520,12280,false,false,false,11440,15,10625,70,3,7|4|2
294,ketoBig,17925,65,35,budget,3,100,true,7,4725,175,230,0.015384615384615385,0.46153846153846156,0.2153846153846154,0.07692307692307693,0.23076923076923078,12,2,crash,false,5,28,0,3020,2470,5355,7080,false,true,false,6310,15,11615,50,3,2|4|5
295,ketoBig,7978,27,10,lock,0,92,true,7,2400,78,144,0.07407407407407407,0.5925925925925926,0.3333333333333333,0,0,5,2,crash,false,4,12,228,2870,2540,2340,0,true,false,true,0,0,7978,27,0,
296,ketoBig,6890,42,12,budget,0,76,true,7,1925,117,200,0.09523809523809523,0.8571428571428571,0.047619047619047616,0,0,8,3,normal,false,2,25,265,5575,1050,0,0,false,false,false,0,0,6890,42,0,
297,ketoBig,7585,49,19,budget,1,100,true,4,840,126,168,0,0.7551020408163265,0.10204081632653061,0.04081632653061224,0.10204081632653061,6,2,normal,false,8,16,30,3595,1440,660,1860,false,false,false,1670,5,5915,44,0,
298,ketoBig,5153,38,8,budget,0,90,true,4,480,96,157,0.07894736842105263,0.8421052631578947,0.07894736842105263,0,0,5,2,crash,false,6,19,253,3430,1200,270,0,true,false,false,0,0,5153,38,0,
299,ketoBig,4803,46,16,budget,0,82,true,3,750,100,141,0.13043478260869565,0.782608695652174,0.08695652173913043,0,0,10,2,normal,false,7,22,293,2340,2170,0,0,false,false,false,0,0,4803,46,0,
300,ketoBig,3998,40,10,budget,0,90,true,4,480,88,133,0.125,0.725,0.125,0.025,0,7,2,crash,false,5,18,228,2585,780,405,0,true,false,false,0,0,3998,40,0,
301,ketoBig,17015,74,44,budget,2,100,true,7,2720,213,275,0.02702702702702703,0.5540540540540541,0.20270270270270271,0.08108108108108109,0.13513513513513514,16,4,normal,false,8,31,215,4415,4500,2745,5140,false,true,true,7530,10,9485,64,1,3
302,ketoBig,3558,30,0,budget,0,63,true,4,480,68,117,0.1,0.9,0,0,0,2,18,normal,false,4,13,53,3505,0,0,0,false,false,true,0,0,3558,30,0,
303,ketoBig,3194,30,0,budget,0,62,true,4,665,71,132,0.3333333333333333,0.6666666666666666,0,0,0,4,7,normal,false,4,15,709,2485,0,0,0,false,false,true,0,0,3194,30,0,
304,ketoBig,12661,56,26,budget,2,100,true,3,1140,177,240,0.14285714285714285,0.48214285714285715,0.16071428571428573,0.03571428571428571,0.17857142857142858,11,1,normal,false,9,21,321,3970,2440,2010,3920,false,true,false,4100,10,8561,46,2,8|3
305,ketoBig,4720,36,6,budget,0,86,false,5,825,97,133,0,0.9444444444444444,0.05555555555555555,0,0,2,4,normal,false,7,13,0,4060,660,0,0,false,false,true,0,0,4720,36,0,
306,ketoBig,16930,71,41,budget,3,100,true,5,1440,228,294,0.014084507042253521,0.5492957746478874,0.18309859154929578,0.04225352112676056,0.2112676056338028,16,1,normal,false,6,33,55,6035,4000,840,6000,false,true,false,4860,15,12070,56,3,3|3|4
307,ketoBig,2414,30,0,budget,0,62,true,3,420,56,122,0.26666666666666666,0.7333333333333333,0,0,0,2,20,normal,false,5,12,449,1965,0,0,0,false,false,false,0,0,2414,30,0,
308,ketoBig,2936,30,0,budget,0,62,true,4,510,81,119,0.23333333333333334,0.7666666666666667,0,0,0,3,12,normal,false,5,13,321,2615,0,0,0,false,false,true,0,0,2936,30,0,
309,ketoBig,4085,44,14,budget,0,91,true,3,540,94,124,0.045454545454545456,0.7954545454545454,0.13636363636363635,0.022727272727272728,0,9,3,normal,false,6,23,30,2780,1140,135,0,true,false,false,0,0,4085,44,0,
310,ketoBig,12570,51,21,budget,1,100,false,6,2940,149,209,0,0.7450980392156863,0.13725490196078433,0.0196078431372549,0.09803921568627451,7,6,normal,false,8,22,0,4615,1530,1605,4820,false,false,true,4740,5,7830,46,1,4
311,ketoBig,2825,23,16,lock,0,94,false,3,350,53,73,0,0.7391304347826086,0.21739130434782608,0.043478260869565216,0,7,1,normal,false,6,13,0,1095,1460,270,0,true,false,false,0,0,2825,23,0,
312,ketoBig,13121,44,14,budget,2,100,true,6,2040,155,205,0.09090909090909091,0.5909090909090909,0.06818181818181818,0.022727272727272728,0.22727272727272727,5,1,normal,false,8,17,451,5100,860,90,6620,false,false,false,4100,10,9021,34,1,3
313,ketoBig,5290,32,2,budget,0,74,true,5,915,95,152,0.03125,0.9375,0.03125,0,0,2,7,normal,false,4,17,165,4915,210,0,0,false,false,false,0,0,5290,32,0,
314,ketoBig,6899,56,26,budget,0,90,true,7,1025,149,226,0.10714285714285714,0.7678571428571429,0.10714285714285714,0.017857142857142856,0,15,3,normal,false,7,29,1464,4370,930,135,0,true,false,false,0,0,6899,56,0,
315,ketoBig,5240,34,4,budget,0,81,false,4,795,94,158,0,0.9117647058823529,0.08823529411764706,0,0,1,5,normal,false,4,16,0,4820,420,0,0,false,false,true,0,0,5240,34,0,
316,ketoBig,5508,34,4,budget,0,78,true,5,695,105,161,0.11764705882352941,0.8235294117647058,0.058823529411764705,0,0,4,2,normal,false,5,18,133,5075,300,0,0,false,false,false,0,0,5508,34,0,
317,ketoBig,3135,34,4,budget,0,84,true,4,650,78,109,0.058823529411764705,0.8823529411764706,0.058823529411764705,0,0,4,18,normal,false,4,15,155,2530,450,0,0,false,false,true,0,0,3135,34,0,
318,ketoBig,3081,32,2,budget,0,71,true,3,415,83,120,0.25,0.75,0,0,0,3,4,normal,false,4,18,251,2830,0,0,0,false,false,true,0,0,3081,32,0,
319,ketoBig,5318,40,10,budget,0,75,true,7,1455,95,149,0.1,0.875,0.025,0,0,8,7,normal,false,6,21,133,4345,840,0,0,false,false,false,0,0,5318,40,0,
320,ketoBig,9535,45,15,budget,1,100,true,4,825,161,219,0.1111111111111111,0.6222222222222222,0.13333333333333333,0.022222222222222223,0.1111111111111111,8,2,normal,false,8,22,525,5320,540,1530,1620,false,false,true,1470,5,8065,40,1,7
321,ketoBig,3911,30,0,budget,0,62,true,5,705,67,131,0.16666666666666666,0.8333333333333334,0,0,0,1,28,crash,false,9,9,261,3650,0,0,0,false,false,false,0,0,3911,30,0,
322,ketoBig,5725,40,10,budget,0,97,true,4,765,106,159,0.025,0.8,0.15,0.025,0,5,6,normal,false,5,16,45,4375,540,765,0,true,true,false,0,0,5725,40,0,
323,ketoBig,4498,32,2,budget,0,76,true,4,810,88,165,0.25,0.75,0,0,0,2,2,crash,false,6,11,493,3555,450,0,0,false,false,false,0,0,4498,32,0,
324,ketoBig,12885,61,31,budget,3,100,false,6,1560,180,202,0,0.47540983606557374,0.18032786885245902,0.09836065573770492,0.2459016393442623,9,1,normal,false,7,24,0,3300,2490,1275,5820,false,true,true,4240,15,8645,46,3,2|11|3
325,ketoBig,4850,32,2,budget,0,71,true,6,1050,90,155,0.09375,0.90625,0,0,0,2,2,normal,false,4,12,120,4730,0,0,0,false,false,false,0,0,4850,32,0,
326,ketoBig,3190,30,0,budget,0,65,true,5,375,78,104,0.06666666666666667,0.9333333333333333,0,0,0,2,15,normal,false,8,8,390,2800,0,0,0,false,false,false,0,0,3190,30,0,
327,ketoBig,7860,50,20,budget,0,91,true,4,750,143,200,0,0.82,0.14,0.04,0,9,2,normal,false,4,28,50,4975,2340,495,0,true,false,false,0,0,7860,50,0,
328,ketoBig,15625,55,25,budget,1,100,true,6,3680,143,215,0.21818181818181817,0.509090909090909,0.10909090909090909,0.07272727272727272,0.09090909090909091,12,2,normal,false,9,22,565,2665,990,3825,7580,false,true,false,3990,5,11635,50,1,7
329,ketoBig,3633,30,0,budget,0,69,true,4,515,82,128,0.16666666666666666,0.8333333333333334,0,0,0,3,18,normal,false,4,11,98,3535,0,0,0,false,false,true,0,0,3633,30,0,
330,ketoBig,16205,60,30,budget,2,100,true,5,1890,187,262,0.03333333333333333,0.5666666666666667,0.2,0.03333333333333333,0.16666666666666666,13,2,crash,false,6,30,225,4765,1900,3195,6120,false,true,false,5980,10,10225,50,2,3|5
331,ketoBig,5611,39,9,budget,1,100,true,4,840,109,161,0.2564102564102564,0.5128205128205128,0.07692307692307693,0.02564102564102564,0.1282051282051282,5,11,crash,false,8,16,446,3065,390,90,1620,false,false,true,870,5,4741,34,1,3
332,ketoBig,4293,30,0,budget,0,67,true,6,675,76,138,0.23333333333333334,0.7666666666666667,0,0,0,2,12,crash,false,5,11,548,3745,0,0,0,false,false,false,0,0,4293,30,0,
333,ketoBig,3005,32,2,budget,0,71,true,3,410,72,123,0.125,0.875,0,0,0,3,5,crash,false,4,15,190,2815,0,0,0,false,false,false,0,0,3005,32,0,
334,ketoBig,18188,88,58,budget,0,99,true,5,2030,245,396,0.045454545454545456,0.7727272727272727,0.125,0.056818181818181816,0,29,8,normal,false,6,53,283,7295,9410,1200,0,true,true,true,0,0,18188,88,0,
335,ketoBig,13105,68,38,budget,0,94,true,4,1845,210,286,0.014705882352941176,0.7058823529411765,0.25,0.029411764705882353,0,18,3,normal,false,5,34,50,5470,4480,3105,0,true,false,false,0,0,13105,68,0,
336,ketoBig,4553,30,0,budget,0,56,true,5,765,79,188,0.4,0.6,0,0,0,5,4,crash,false,4,12,1153,3400,0,0,0,false,false,false,0,0,4553,30,0,
337,ketoBig,7247,36,6,budget,0,87,true,8,2393,118,196,0.2777777777777778,0.6388888888888888,0.08333333333333333,0,0,5,1,normal,false,6,17,927,5990,330,0,0,false,false,true,0,0,7247,36,0,
338,ketoBig,4770,36,6,budget,0,85,true,4,750,97,144,0.08333333333333333,0.8333333333333334,0.08333333333333333,0,0,5,3,normal,false,3,19,150,4030,590,0,0,false,false,false,0,0,4770,36,0,
339,ketoBig,3645,34,4,budget,0,76,false,3,550,98,131,0,1,0,0,0,2,8,normal,false,6,14,0,3465,180,0,0,false,false,false,0,0,3645,34,0,
340,ketoBig,22541,67,37,budget,3,100,true,6,3450,195,278,0.07462686567164178,0.43283582089552236,0.22388059701492538,0.04477611940298507,0.22388059701492538,14,5,normal,false,8,30,166,2940,4200,2115,13120,false,false,false,13770,15,8771,52,3,5|3|2
341,ketoBig,25815,107,77,budget,3,100,true,7,2505,276,418,0.08411214953271028,0.48598130841121495,0.205607476635514,0.08411214953271028,0.14018691588785046,31,9,crash,false,10,60,565,5265,7390,8115,4480,false,true,false,4960,15,20855,92,3,3|4|4
342,ketoBig,3531,32,2,budget,0,73,true,3,435,74,117,0.1875,0.78125,0.03125,0,0,3,2,normal,false,5,16,211,3110,210,0,0,false,false,false,0,0,3531,32,0,
343,ketoBig,2930,30,0,budget,0,62,true,3,540,75,120,0.23333333333333334,0.7666666666666667,0,0,0,2,22,normal,false,6,10,325,2605,0,0,0,false,false,false,0,0,2930,30,0,
344,ketoBig,4162,34,4,budget,0,77,true,4,775,80,151,0.35294117647058826,0.6176470588235294,0.029411764705882353,0,0,5,2,crash,false,4,19,437,3305,420,0,0,false,false,false,0,0,4162,34,0,
345,ketoBig,5510,38,8,budget,0,80,true,5,1050,102,146,0.10526315789473684,0.8157894736842105,0.07894736842105263,0,0,6,3,normal,false,3,20,130,3820,1560,0,0,false,false,false,0,0,5510,38,0,
346,ketoBig,3665,40,10,budget,0,81,true,3,420,98,124,0.025,0.9,0.075,0,0,6,6,normal,false,5,15,15,2870,780,0,0,false,false,true,0,0,3665,40,0,
347,ketoBig,3715,34,4,budget,0,73,true,4,510,75,122,0.14705882352941177,0.8529411764705882,0,0,0,6,7,crash,false,9,13,80,3365,270,0,0,false,false,false,0,0,3715,34,0,
348,ketoBig,19086,68,38,budget,2,100,true,6,2730,193,294,0.1323529411764706,0.4264705882352941,0.2647058823529412,0.029411764705882353,0.14705882352941177,17,2,normal,false,6,31,431,3340,7910,1725,5680,false,true,true,4480,10,14606,58,2,4|5
349,ketoBig,4399,34,4,budget,0,80,true,5,900,94,147,0.29411764705882354,0.6764705882352942,0.029411764705882353,0,0,4,7,normal,false,9,12,294,3625,480,0,0,false,false,true,0,0,4399,34,0,
350,ketoBig,2285,23,0,lock,0,62,true,3,380,52,93,0.21739130434782608,0.782608695652174,0,0,0,2,14,normal,false,3,11,190,2095,0,0,0,false,false,false,0,0,2285,23,0,
351,ketoBig,2810,30,0,budget,0,66,true,3,300,77,96,0.1,0.9,0,0,0,1,22,normal,false,6,7,105,2705,0,0,0,false,false,false,0,0,2810,30,0,
352,ketoBig,10749,41,11,budget,1,100,true,6,3260,126,198,0.24390243902439024,0.5609756097560976,0.04878048780487805,0.024390243902439025,0.12195121951219512,6,2,crash,false,5,20,339,4260,580,90,5480,false,true,false,5390,5,5359,36,1,2
353,ketoBig,3537,32,2,budget,0,83,true,4,1290,58,121,0.25,0.71875,0.03125,0,0,3,2,crash,false,7,15,157,2090,1290,0,0,false,false,false,0,0,3537,32,0,
354,ketoBig,2998,32,2,budget,0,75,true,4,465,62,96,0.09375,0.875,0.03125,0,0,4,6,normal,false,5,11,83,2825,90,0,0,false,false,false,0,0,2998,32,0,
355,ketoBig,7880,56,26,budget,0,99,true,4,900,134,216,0.10714285714285714,0.8035714285714286,0.07142857142857142,0.017857142857142856,0,15,2,normal,false,7,29,375,3605,3360,540,0,true,true,false,0,0,7880,56,0,
356,ketoBig,7381,44,14,budget,0,91,true,6,1485,142,204,0.11363636363636363,0.8181818181818182,0.045454545454545456,0.022727272727272728,0,8,2,normal,false,6,20,156,5770,1230,225,0,true,false,false,0,0,7381,44,0,
357,ketoBig,10126,37,18,lock,2,100,true,5,1640,113,149,0.1891891891891892,0.3783783783783784,0.13513513513513514,0.02702702702702703,0.2702702702702703,8,2,normal,false,5,19,536,1780,430,360,7020,false,true,false,6360,10,3766,27,2,4|3
358,ketoBig,1543,14,0,lock,0,62,true,4,390,26,60,0.2857142857142857,0.7142857142857143,0,0,0,1,10,crash,false,3,7,53,1490,0,0,0,false,false,true,0,0,1543,14,0,
359,ketoBig,3410,30,0,budget,0,67,true,4,435,75,113,0.03333333333333333,0.9666666666666667,0,0,0,1,18,normal,false,3,13,45,3365,0,0,0,false,false,true,0,0,3410,30,0,
360,ketoBig,20295,64,34,budget,2,100,false,5,3360,211,293,0,0.640625,0.203125,0,0.15625,11,2,normal,false,3,43,0,6055,2140,840,11260,false,false,true,10760,10,9535,54,2,3|4
361,ketoBig,11250,57,27,budget,1,100,true,4,1440,170,240,0.10526315789473684,0.6666666666666666,0.10526315789473684,0.03508771929824561,0.08771929824561403,13,1,normal,false,7,26,285,4935,2240,1050,2740,false,true,true,2800,5,8450,52,1,3
362,ketoBig,9040,50,20,budget,0,94,true,5,2940,119,211,0.22,0.58,0.2,0,0,14,2,normal,false,4,28,670,3150,1080,4140,0,true,false,false,0,0,9040,50,0,
363,ketoBig,4418,34,4,budget,0,82,true,3,900,80,149,0.23529411764705882,0.7352941176470589,0.029411764705882353,0,0,3,5,normal,false,5,14,308,3090,1020,0,0,false,false,true,0,0,4418,34,0,
364,ketoBig,4685,32,2,budget,0,77,true,4,660,90,171,0.28125,0.6875,0.03125,0,0,4,6,crash,false,4,14,725,3870,90,0,0,false,false,true,0,0,4685,32,0,
365,ketoBig,3333,34,4,budget,0,95,true,3,300,85,127,0.14705882352941177,0.7941176470588235,0.029411764705882353,0.029411764705882353,0,4,3,normal,false,4,11,283,2505,410,135,0,true,true,false,0,0,3333,34,0,
366,ketoBig,3850,34,4,budget,0,80,true,4,730,81,117,0.029411764705882353,0.9411764705882353,0.029411764705882353,0,0,3,9,normal,false,6,16,20,3470,360,0,0,false,false,true,0,0,3850,34,0,
367,ketoBig,12078,57,27,budget,1,100,true,5,1860,149,217,0.05263157894736842,0.7192982456140351,0.12280701754385964,0.017543859649122806,0.08771929824561403,15,1,normal,false,6,27,233,4315,2160,90,5280,false,false,true,4710,5,7368,52,1,3
368,ketoBig,2923,30,0,budget,0,58,true,3,315,74,114,0.2,0.8,0,0,0,2,5,normal,false,4,11,253,2670,0,0,0,false,false,false,0,0,2923,30,0,
369,ketoBig,4381,34,4,budget,0,75,true,4,690,84,142,0.14705882352941177,0.8235294117647058,0.029411764705882353,0,0,4,13,normal,false,3,15,221,3770,390,0,0,false,false,false,0,0,4381,34,0,
370,ketoBig,1668,30,0,budget,0,67,true,2,150,53,72,0.1,0.9,0,0,0,1,21,normal,false,7,7,73,1595,0,0,0,false,false,false,0,0,1668,30,0,
371,ketoBig,6245,35,20,lock,0,97,false,5,900,85,129,0,0.6857142857142857,0.22857142857142856,0.08571428571428572,0,10,2,normal,false,5,17,0,2320,2350,1575,0,true,true,false,0,0,6245,35,0,
372,ketoBig,27090,101,71,budget,5,100,true,6,1800,297,370,0.019801980198019802,0.39603960396039606,0.22772277227722773,0.10891089108910891,0.24752475247524752,26,3,normal,false,9,56,135,5265,3600,3750,14340,false,true,false,13640,25,13450,76,5,5|2|8|3|3
373,ketoBig,5390,40,10,budget,0,91,false,4,930,111,154,0,0.95,0.025,0.025,0,5,12,normal,false,7,18,0,4025,1050,315,0,true,false,false,0,0,5390,40,0,
374,ketoBig,15300,59,49,lock,3,100,true,4,1365,147,197,0.03389830508474576,0.288135593220339,0.3728813559322034,0.05084745762711865,0.2542372881355932,19,2,crash,false,7,33,15,1325,4000,4140,5820,false,true,false,5750,15,9550,44,2,7|9
375,ketoBig,6463,42,12,budget,0,94,true,6,1200,116,165,0.07142857142857142,0.7857142857142857,0.11904761904761904,0.023809523809523808,0,8,2,normal,false,4,21,158,5085,500,720,0,true,false,false,0,0,6463,42,0,
376,ketoBig,3578,30,0,budget,0,64,true,4,630,72,139,0.36666666666666664,0.6333333333333333,0,0,0,5,6,crash,false,4,14,438,3140,0,0,0,false,false,true,0,0,3578,30,0,
377,ketoBig,27790,97,67,budget,3,100,true,6,1770,284,400,0.010309278350515464,0.5463917525773195,0.1958762886597938,0.09278350515463918,0.15463917525773196,26,3,crash,false,8,51,90,5550,6020,9270,6860,false,true,true,6900,15,20890,82,3,5|10|5
378,ketoBig,6825,36,6,budget,0,84,true,6,1205,115,168,0.027777777777777776,0.8055555555555556,0.16666666666666666,0,0,4,7,normal,false,5,16,75,5640,1110,0,0,false,false,false,0,0,6825,36,0,
379,ketoBig,18045,67,37,budget,3,100,true,4,2280,193,257,0.029850746268656716,0.4925373134328358,0.16417910447761194,0.08955223880597014,0.22388059701492538,14,1,crash,false,7,33,15,3890,2930,1110,10100,false,true,false,7470,15,10575,52,3,8|5|2
380,ketoBig,12120,61,31,budget,1,100,false,7,3480,178,217,0,0.6885245901639344,0.19672131147540983,0.03278688524590164,0.08196721311475409,13,4,normal,false,7,26,0,4420,2850,3330,1520,false,false,true,1290,5,10830,56,1,3
381,ketoBig,17685,72,42,budget,2,100,true,5,2160,227,298,0.013888888888888888,0.5138888888888888,0.2361111111111111,0.09722222222222222,0.1388888888888889,16,3,normal,false,4,44,15,5515,4900,2535,4720,false,false,true,3160,10,14525,62,2,5|3
382,ketoBig,4235,30,0,budget,0,66,true,7,774,75,166,0.4666666666666667,0.5333333333333333,0,0,0,4,10,crash,false,6,10,1435,2800,0,0,0,false,false,true,0,0,4235,30,0,
383,ketoBig,3855,30,0,budget,0,59,true,4,535,81,127,0.03333333333333333,0.9666666666666667,0,0,0,0,-1,crash,false,4,11,0,3855,0,0,0,false,false,false,0,0,3855,30,0,
384,ketoBig,5133,36,6,budget,0,85,true,4,705,103,168,0.08333333333333333,0.8333333333333334,0.08333333333333333,0,0,6,3,normal,false,6,17,143,4630,360,0,0,false,false,true,0,0,5133,36,0,
385,ketoBig,9560,49,19,budget,1,100,true,5,1000,133,199,0.02040816326530612,0.6326530612244898,0.22448979591836735,0.02040816326530612,0.10204081632653061,7,3,crash,false,6,25,0,4330,1800,1710,1720,false,false,false,2110,5,7450,44,1,9
386,ketoBig,14805,78,48,budget,2,100,true,5,1080,235,286,0.038461538461538464,0.5897435897435898,0.21794871794871795,0.02564102564102564,0.1282051282051282,20,2,normal,false,5,35,105,5510,4270,1080,3840,false,false,false,3770,10,11035,68,2,4|4
387,ketoBig,7330,47,17,budget,1,100,false,3,600,132,184,0,0.7659574468085106,0.10638297872340426,0.02127659574468085,0.10638297872340426,6,1,normal,false,8,16,0,3780,1120,810,1620,false,false,true,1600,5,5730,42,1,2
388,ketoBig,8526,52,22,budget,0,99,true,5,1980,121,201,0.1346153846153846,0.5961538461538461,0.15384615384615385,0.11538461538461539,0,12,6,normal,false,5,30,166,3615,3710,1035,0,true,true,false,0,0,8526,52,0,
389,ketoBig,3882,34,4,budget,0,72,true,4,435,78,163,0.38235294117647056,0.5588235294117647,0.058823529411764705,0,0,6,3,crash,false,4,17,1227,2385,270,0,0,false,false,false,0,0,3882,34,0,
390,ketoBig,5141,36,6,budget,0,95,true,4,540,110,154,0.16666666666666666,0.7777777777777778,0.027777777777777776,0.027777777777777776,0,4,5,normal,false,4,18,241,4300,240,360,0,true,true,false,0,0,5141,36,0,
391,ketoBig,3474,30,0,budget,0,64,true,6,1125,64,115,0.43333333333333335,0.5666666666666667,0,0,0,6,5,normal,false,6,9,329,3145,0,0,0,false,false,true,0,0,3474,30,0,
392,ketoBig,11009,60,30,budget,2,100,true,4,2280,142,216,0.15,0.4666666666666667,0.15,0.06666666666666667,0.16666666666666666,12,2,crash,false,9,25,584,2585,1550,1770,4520,false,true,false,5780,10,5229,50,2,3|2
393,ketoBig,3759,32,2,budget,0,81,true,4,580,77,166,0.34375,0.59375,0.0625,0,0,2,1,crash,false,13,11,1034,2215,510,0,0,false,false,false,0,0,3759,32,0,
394,ketoBig,10805,51,21,budget,1,100,true,5,1965,141,199,0.0196078431372549,0.6862745098039216,0.13725490196078433,0.058823529411764705,0.09803921568627451,9,2,normal,false,6,24,15,4355,2190,2745,1500,false,true,true,3345,5,7460,46,1,5
395,ketoBig,20265,60,30,budget,2,100,true,9,2880,208,293,0.016666666666666666,0.65,0.11666666666666667,0.05,0.16666666666666666,12,14,normal,false,4,35,155,7145,3010,2775,7180,false,true,false,6280,10,13985,50,2,4|6
396,ketoBig,10990,49,19,budget,1,100,false,5,1290,142,207,0,0.673469387755102,0.12244897959183673,0.10204081632653061,0.10204081632653061,7,2,normal,false,12,16,0,4715,3340,1935,1000,false,true,true,1300,5,9690,44,1,7
397,ketoBig,7035,39,9,budget,1,100,true,4,1460,100,146,0.02564102564102564,0.7692307692307693,0.05128205128205128,0.02564102564102564,0.1282051282051282,3,2,normal,false,5,15,195,3140,150,270,3280,false,true,false,2270,5,4765,34,1,2
398,ketoBig,3865,32,2,budget,0,73,true,4,435,95,132,0,0.96875,0.03125,0,0,1,5,normal,false,7,12,270,3415,180,0,0,false,false,false,0,0,3865,32,0,
399,ketoBig,2655,22,2,lock,0,78,false,6,840,50,65,0,1,0,0,0,1,8,normal,false,4,9,0,2205,450,0,0,false,false,false,0,0,2655,22,0,
400,ketoBig,3043,30,0,budget,0,62,true,5,690,74,110,0.26666666666666666,0.7333333333333333,0,0,0,4,10,normal,false,7,12,433,2610,0,0,0,false,false,false,0,0,3043,30,0,
401,ketoBig,2910,36,6,budget,0,82,true,3,480,77,112,0.2777777777777778,0.6111111111111112,0.1111111111111111,0,0,6,2,normal,false,5,18,350,1900,660,0,0,false,false,true,0,0,2910,36,0,
402,ketoBig,3205,34,4,budget,0,76,true,3,390,85,111,0.058823529411764705,0.9411764705882353,0,0,0,4,2,normal,false,4,12,95,2840,270,0,0,false,false,true,0,0,3205,34,0,
403,ketoBig,3455,38,8,budget,0,83,true,4,465,82,109,0.07894736842105263,0.8157894736842105,0.10526315789473684,0,0,6,2,normal,false,11,15,110,2775,570,0,0,false,false,false,0,0,3455,38,0,
404,ketoBig,3936,32,2,budget,0,73,true,4,1020,72,133,0.21875,0.75,0.03125,0,0,5,2,normal,false,4,16,331,3515,90,0,0,false,false,true,0,0,3936,32,0,
405,ketoBig,3291,30,0,budget,0,62,true,3,890,72,129,0.2,0.8,0,0,0,0,-1,crash,false,10,5,136,3155,0,0,0,false,false,false,0,0,3291,30,0,
406,ketoBig,17568,54,24,budget,2,100,true,5,1820,195,313,0.14814814814814814,0.5,0.1111111111111111,0.05555555555555555,0.18518518518518517,9,3,crash,false,7,28,373,6500,2140,495,8060,false,false,false,6580,10,10988,44,2,4|4
407,ketoBig,17935,36,37,lock,3,100,false,6,4440,113,186,0,0.3333333333333333,0.19444444444444445,0.05555555555555555,0.4166666666666667,11,1,normal,false,5,17,0,1245,3490,3780,9420,false,false,false,8880,15,9055,21,3,2|4|2
408,ketoBig,25788,56,26,budget,2,100,true,8,10500,165,262,0.08928571428571429,0.5535714285714286,0.10714285714285714,0.07142857142857142,0.17857142857142858,10,1,normal,false,5,34,303,3725,1110,4170,16480,false,true,true,16090,10,9698,46,2,2|5
409,ketoBig,5129,30,0,budget,0,62,true,7,1830,72,149,0.3333333333333333,0.6666666666666666,0,0,0,5,4,normal,false,4,16,279,4850,0,0,0,false,false,true,0,0,5129,30,0,
410,ketoBig,6245,30,0,budget,0,50,true,4,1275,92,189,0.13333333333333333,0.8666666666666667,0,0,0,3,20,normal,false,4,13,135,6110,0,0,0,false,false,true,0,0,6245,30,0,
411,ketoBig,3063,30,0,budget,0,64,true,5,915,77,106,0.1,0.9,0,0,0,2,25,normal,false,5,11,128,2935,0,0,0,false,false,false,0,0,3063,30,0,
412,ketoBig,15770,71,41,budget,1,100,true,5,1680,216,309,0.014084507042253521,0.676056338028169,0.2112676056338028,0.028169014084507043,0.07042253521126761,19,2,normal,false,5,37,20,4840,7690,360,2860,false,true,true,1990,5,13780,66,1,2
413,ketoBig,7075,44,14,budget,0,84,true,6,1440,126,181,0.045454545454545456,0.8409090909090909,0.11363636363636363,0,0,8,3,normal,false,3,23,30,5965,1080,0,0,false,false,false,0,0,7075,44,0,
414,ketoBig,23735,71,41,budget,3,100,false,5,3060,218,284,0,0.5492957746478874,0.15492957746478872,0.08450704225352113,0.2112676056338028,16,2,normal,false,11,35,0,3940,3480,2835,13480,false,true,false,10890,15,12845,56,3,7|3|3
415,ketoBig,8401,53,23,budget,1,100,true,3,1140,139,205,0.1320754716981132,0.6792452830188679,0.03773584905660377,0.05660377358490566,0.09433962264150944,11,14,crash,false,6,24,166,3825,1020,450,2940,false,false,false,2910,5,5491,48,1,4
416,ketoBig,14515,45,15,budget,1,100,true,6,3480,132,223,0.06666666666666667,0.6444444444444445,0.15555555555555556,0.022222222222222223,0.1111111111111111,6,2,crash,false,5,25,195,4570,1830,180,7740,false,false,false,6180,5,8335,40,1,2
417,ketoBig,4693,42,12,budget,0,90,true,4,435,109,159,0.11904761904761904,0.7380952380952381,0.11904761904761904,0.023809523809523808,0,9,1,crash,false,5,22,158,3530,780,225,0,true,false,false,0,0,4693,42,0,
418,ketoBig,18148,76,46,budget,2,100,true,8,2130,264,352,0.13157894736842105,0.5921052631578947,0.13157894736842105,0.013157894736842105,0.13157894736842105,18,1,crash,false,4,39,738,8380,4470,1440,3120,false,false,false,3030,10,15118,66,2,2|2
419,ketoBig,4655,30,0,budget,0,69,true,5,1265,89,141,0.03333333333333333,0.9666666666666667,0,0,0,1,11,normal,false,5,12,15,4640,0,0,0,false,false,true,0,0,4655,30,0,
420,ketoBig,2325,30,0,budget,0,69,true,3,375,57,112,0.5,0.5,0,0,0,3,13,crash,false,6,9,740,1585,0,0,0,false,false,false,0,0,2325,30,0,
421,ketoBig,6045,40,10,budget,0,90,true,4,480,118,197,0.1,0.75,0.125,0.025,0,6,4,normal,false,7,18,215,4840,720,270,0,true,false,false,0,0,6045,40,0,
422,ketoBig,3365,30,0,budget,0,69,false,4,405,83,109,0,1,0,0,0,0,-1,normal,false,5,11,0,3365,0,0,0,false,false,true,0,0,3365,30,0,
423,ketoBig,3424,42,12,budget,0,81,true,6,646,76,144,0.47619047619047616,0.4523809523809524,0.07142857142857142,0,0,9,3,crash,false,6,21,1519,1125,780,0,0,false,false,false,0,0,3424,42,0,
424,ketoBig,4535,23,12,lock,0,98,false,4,1025,66,85,0,0.7391304347826086,0.21739130434782608,0.043478260869565216,0,5,14,normal,false,7,7,0,2190,590,1755,0,true,true,false,0,0,4535,23,0,
425,ketoBig,6993,36,6,budget,0,84,true,6,990,121,194,0.16666666666666666,0.75,0.08333333333333333,0,0,5,9,normal,false,4,17,1338,4725,930,0,0,false,false,false,0,0,6993,36,0,
426,ketoBig,19881,62,32,budget,2,100,true,7,4920,211,268,0.03225806451612903,0.6612903225806451,0.12903225806451613,0.016129032258064516,0.16129032258064516,14,7,normal,false,5,34,636,3875,4080,1350,9940,false,true,false,10190,10,9691,52,2,4|3
427,ketoBig,22330,88,58,budget,2,100,true,7,2100,257,350,0.011363636363636364,0.5113636363636364,0.2727272727272727,0.09090909090909091,0.11363636363636363,26,1,normal,false,9,45,45,7370,4400,4095,6420,false,true,false,5760,10,16570,78,2,7|8
428,ketoBig,15865,71,41,budget,1,100,false,5,1170,181,286,0,0.6338028169014085,0.19718309859154928,0.09859154929577464,0.07042253521126761,18,2,normal,false,8,35,0,5075,6200,2790,1800,false,true,false,1740,5,14125,66,1,4
429,ketoBig,2535,9,8,lock,0,87,false,3,1140,28,41,0,0.5555555555555556,0.4444444444444444,0,0,4,2,normal,false,1,7,0,585,1680,270,0,false,false,true,0,0,2535,9,0,
430,ketoBig,5765,36,6,budget,0,87,true,5,815,121,162,0.027777777777777776,0.8888888888888888,0.08333333333333333,0,0,4,10,normal,false,5,14,45,5050,670,0,0,false,false,false,0,0,5765,36,0,
431,ketoBig,5878,30,0,budget,0,64,true,7,840,102,165,0,1,0,0,0,0,-1,normal,false,4,12,743,5135,0,0,0,false,false,false,0,0,5878,30,0,
432,ketoBig,2945,30,0,budget,0,62,true,4,330,74,133,0.26666666666666666,0.7333333333333333,0,0,0,1,18,normal,false,4,11,590,2355,0,0,0,false,false,false,0,0,2945,30,0,
433,ketoBig,3760,15,8,lock,0,73,false,5,2210,44,66,0,0.9333333333333333,0.06666666666666667,0,0,4,3,normal,false,2,7,0,1540,2220,0,0,false,false,false,0,0,3760,15,0,
434,ketoBig,5831,42,12,budget,0,90,true,5,495,102,183,0.16666666666666666,0.7142857142857143,0.09523809523809523,0.023809523809523808,0,8,3,crash,false,5,22,686,3870,1050,225,0,true,false,false,0,0,5831,42,0,
435,ketoBig,4280,40,10,budget,0,91,true,4,525,99,142,0.075,0.75,0.15,0.025,0,7,2,crash,false,5,20,360,3050,690,180,0,true,false,true,0,0,4280,40,0,
436,ketoBig,2750,15,14,lock,0,92,false,3,570,50,66,0,0.7333333333333333,0.13333333333333333,0.13333333333333333,0,5,2,normal,false,3,8,0,1280,1110,360,0,true,false,false,0,0,2750,15,0,
437,ketoBig,6759,39,30,lock,0,97,true,3,1125,90,141,0.20512820512820512,0.28205128205128205,0.38461538461538464,0.1282051282051282,0,14,2,crash,false,8,27,214,1035,3440,2070,0,true,true,true,0,0,6759,39,0,
438,ketoBig,9745,51,21,budget,1,100,true,6,1310,157,232,0.058823529411764705,0.6470588235294118,0.1568627450980392,0.0392156862745098,0.09803921568627451,11,3,crash,false,4,26,670,5325,840,1530,1380,false,true,true,1350,5,8395,46,1,5
439,ketoBig,6005,40,10,budget,0,94,false,5,1120,114,150,0,0.85,0.125,0.025,0,5,7,normal,false,8,14,0,4885,940,180,0,true,false,false,0,0,6005,40,0,
440,ketoBig,17545,64,34,budget,2,100,true,5,3600,169,274,0.015625,0.5625,0.234375,0.03125,0.15625,14,1,normal,false,7,26,15,4750,2830,3690,6260,false,false,true,5930,10,11615,54,2,3|5
441,ketoBig,6649,49,19,budget,1,100,true,3,1640,112,156,0.14285714285714285,0.4897959183673469,0.22448979591836735,0.04081632653061224,0.10204081632653061,9,5,normal,false,5,19,404,2005,1100,720,2420,false,false,false,2480,5,4169,44,1,2
442,ketoBig,11545,53,23,budget,1,100,true,4,1680,157,227,0.03773584905660377,0.7169811320754716,0.11320754716981132,0.03773584905660377,0.09433962264150944,10,15,normal,false,9,25,75,4590,2290,1350,3240,false,true,false,3210,5,8335,48,1,4
443,ketoBig,17770,90,60,budget,2,100,true,5,2160,224,299,0.011111111111111112,0.5777777777777777,0.25555555555555554,0.044444444444444446,0.1111111111111111,23,2,normal,false,9,43,30,4790,3740,3870,5340,false,true,true,5190,10,12580,80,2,6|3
444,ketoBig,5376,32,2,budget,0,74,true,5,825,97,143,0.1875,0.78125,0.03125,0,0,2,5,normal,false,5,12,271,4985,120,0,0,false,false,false,0,0,5376,32,0,
445,ketoBig,9605,41,11,budget,1,100,true,4,1800,132,190,0.07317073170731707,0.7073170731707317,0.07317073170731707,0.024390243902439025,0.12195121951219512,5,3,crash,false,8,17,185,3840,270,450,4860,false,false,true,4050,5,5555,36,1,4
446,ketoBig,5864,38,8,budget,0,83,true,5,850,98,170,0.18421052631578946,0.7368421052631579,0.07894736842105263,0,0,6,2,normal,false,7,13,484,4150,1230,0,0,false,false,false,0,0,5864,38,0,
447,ketoBig,6695,44,14,budget,0,94,true,5,1590,116,168,0,0.8181818181818182,0.11363636363636363,0.06818181818181818,0,7,4,normal,false,7,23,30,4340,1830,495,0,true,false,true,0,0,6695,44,0,
448,ketoBig,4140,30,0,budget,0,65,true,5,675,80,130,0.16666666666666666,0.8333333333333334,0,0,0,2,12,normal,false,3,13,320,3820,0,0,0,false,false,true,0,0,4140,30,0,
449,ketoBig,2983,34,4,budget,0,80,true,3,300,79,125,0.11764705882352941,0.8529411764705882,0.029411764705882353,0,0,3,13,normal,false,3,14,173,2720,90,0,0,false,false,true,0,0,2983,34,0,
450,ketoBig,13510,49,19,budget,1,100,false,6,4060,147,204,0,0.7551020408163265,0.12244897959183673,0.02040816326530612,0.10204081632653061,7,1,normal,false,15,19,0,4340,2260,450,6460,false,false,false,5440,5,8070,44,1,4
451,ketoBig,3926,30,0,budget,0,62,true,5,810,77,139,0.4,0.6,0,0,0,5,6,normal,false,6,15,721,3205,0,0,0,false,false,false,0,0,3926,30,0,
452,ketoBig,3400,34,4,budget,0,74,true,4,635,76,130,0.29411764705882354,0.6764705882352942,0.029411764705882353,0,0,3,1,crash,false,7,11,360,2680,360,0,0,false,false,false,0,0,3400,34,0,
453,ketoBig,6900,47,17,budget,1,100,true,6,825,143,186,0.1276595744680851,0.6382978723404256,0.1276595744680851,0,0.10638297872340426,8,1,normal,false,6,19,370,4120,1110,240,1060,false,false,false,1240,5,5660,42,1,2
454,ketoBig,12810,55,25,budget,1,100,false,5,1480,165,235,0,0.6181818181818182,0.2,0.09090909090909091,0.09090909090909091,10,12,normal,false,4,32,0,5170,1650,1770,4220,false,true,false,2920,5,9890,50,1,5
455,ketoBig,7144,30,0,budget,0,57,true,7,2795,92,192,0.2,0.8,0,0,0,1,27,normal,false,6,13,329,6815,0,0,0,false,false,true,0,0,7144,30,0,
456,ketoBig,3982,30,0,budget,0,52,true,4,555,71,146,0.3333333333333333,0.6666666666666666,0,0,0,2,12,crash,false,7,9,817,3165,0,0,0,false,false,false,0,0,3982,30,0,
457,ketoBig,4355,32,2,budget,0,80,true,3,630,82,140,0.03125,0.96875,0,0,0,1,2,crash,false,6,9,0,4175,180,0,0,false,false,false,0,0,4355,32,0,
458,ketoBig,3785,30,0,budget,0,67,false,4,990,70,116,0,1,0,0,0,0,-1,normal,false,6,8,0,3785,0,0,0,false,false,false,0,0,3785,30,0,
459,ketoBig,1350,8,6,lock,0,93,false,2,690,18,23,0,0.625,0.375,0,0,3,2,normal,false,1,5,0,210,510,630,0,true,false,false,0,0,1350,8,0,
460,ketoBig,6175,30,25,lock,1,100,false,4,1160,81,97,0,0.6,0.16666666666666666,0.06666666666666667,0.16666666666666666,10,2,deep,false,7,17,0,1500,1210,1305,2160,false,true,true,1430,5,4745,25,0,
461,ketoBig,22053,80,50,budget,2,100,true,4,2100,208,343,0.05,0.6125,0.1875,0.025,0.125,20,7,crash,false,5,47,433,4415,6330,3675,7200,false,false,true,8160,10,13893,70,2,2|4
462,ketoBig,3235,30,0,budget,0,62,true,4,435,66,120,0.03333333333333333,0.9666666666666667,0,0,0,1,18,normal,false,8,10,45,3190,0,0,0,false,false,true,0,0,3235,30,0,
463,ketoBig,9230,43,13,budget,1,100,true,5,2160,124,167,0.023255813953488372,0.7441860465116279,0.11627906976744186,0,0.11627906976744186,5,1,crash,false,5,14,0,4030,1080,0,4120,false,false,false,4060,5,5170,38,1,2
464,ketoBig,7725,56,26,budget,0,94,true,4,450,155,201,0.017857142857142856,0.8035714285714286,0.14285714285714285,0.03571428571428571,0,14,1,normal,false,4,31,15,4840,2420,450,0,true,false,false,0,0,7725,56,0,
465,ketoBig,4125,42,12,budget,0,94,true,3,660,83,115,0.047619047619047616,0.7619047619047619,0.16666666666666666,0.023809523809523808,0,8,2,normal,false,6,18,225,2115,1380,405,0,true,false,true,0,0,4125,42,0,
466,ketoBig,12583,65,35,budget,1,100,true,4,840,179,258,0.12307692307692308,0.49230769230769234,0.2153846153846154,0.09230769230769231,0.07692307692307693,18,4,normal,false,6,30,378,3930,3470,2625,2180,false,true,true,2240,5,10343,60,1,7
467,ketoBig,8560,54,38,lock,0,98,false,4,750,131,176,0,0.6481481481481481,0.25925925925925924,0.09259259259259259,0,18,4,normal,false,3,33,0,2765,3770,2025,0,true,true,false,0,0,8560,54,0,
468,ketoBig,1670,7,10,lock,0,92,false,3,440,26,27,0,0.5714285714285714,0.2857142857142857,0.14285714285714285,0,3,2,keto,false,2,4,0,440,960,270,0,true,false,true,0,0,1670,7,0,
469,ketoBig,2896,30,0,budget,0,69,true,3,720,69,111,0.23333333333333334,0.7666666666666667,0,0,0,1,23,crash,false,3,13,181,2715,0,0,0,false,false,true,0,0,2896,30,0,
470,ketoBig,10977,57,27,budget,1,100,true,5,1430,160,234,0.12280701754385964,0.5789473684210527,0.14035087719298245,0.07017543859649122,0.08771929824561403,13,2,normal,false,6,31,347,4520,1580,1890,2640,false,true,false,2370,5,8607,52,1,4
471,ketoBig,7805,52,22,budget,0,92,true,5,960,145,209,0.019230769230769232,0.8653846153846154,0.09615384615384616,0.019230769230769232,0,11,3,crash,false,5,27,0,5695,1840,270,0,true,false,false,0,0,7805,52,0,
472,ketoBig,3311,36,6,budget,0,80,true,3,345,78,135,0.3055555555555556,0.6666666666666666,0.027777777777777776,0,0,5,2,crash,false,6,17,656,2175,480,0,0,false,false,false,0,0,3311,36,0,
473,ketoBig,13520,52,22,budget,2,100,false,5,3120,150,218,0,0.5961538461538461,0.15384615384615385,0.057692307692307696,0.19230769230769232,8,1,normal,false,5,22,0,4340,1950,990,6240,false,true,false,6120,10,7400,42,2,5|7
474,ketoBig,14203,67,37,budget,1,100,true,6,1695,197,277,0.04477611940298507,0.5970149253731343,0.19402985074626866,0.08955223880597014,0.07462686567164178,19,2,normal,false,8,34,398,4990,3450,3105,2260,false,true,false,1630,5,12573,62,1,7
475,ketoBig,5303,38,8,budget,0,85,true,6,1155,100,162,0.18421052631578946,0.7105263157894737,0.10526315789473684,0,0,7,3,normal,false,7,15,278,4365,660,0,0,false,false,true,0,0,5303,38,0,
476,ketoBig,11626,59,29,budget,1,100,true,6,2940,145,204,0.06779661016949153,0.6101694915254238,0.13559322033898305,0.1016949152542373,0.0847457627118644,15,3,normal,false,6,34,106,3795,1260,4545,1920,false,true,true,1830,5,9796,54,1,3
477,ketoBig,4835,38,8,budget,0,87,false,4,480,111,147,0,0.9210526315789473,0.07894736842105263,0,0,4,2,normal,false,7,16,0,4145,690,0,0,false,false,true,0,0,4835,38,0,
478,ketoBig,2348,30,0,budget,0,62,true,4,375,65,91,0.2,0.8,0,0,0,2,19,normal,false,4,13,338,2010,0,0,0,false,false,true,0,0,2348,30,0,
479,ketoBig,19258,56,26,budget,2,100,true,7,6300,166,259,0.10714285714285714,0.5892857142857143,0.125,0,0.17857142857142858,10,2,normal,false,4,30,298,4740,890,990,12340,false,false,false,12730,10,6528,46,2,2|3
480,ketoBig,9660,63,33,budget,1,100,false,3,910,167,222,0,0.6825396825396826,0.19047619047619047,0.047619047619047616,0.07936507936507936,15,4,normal,false,8,23,0,4305,2730,1785,840,false,true,true,750,5,8910,58,1,6
481,ketoBig,4997,34,4,budget,0,80,true,5,918,91,181,0.29411764705882354,0.7058823529411765,0,0,0,2,10,crash,false,4,14,1347,3470,180,0,0,false,false,false,0,0,4997,34,0,
482,ketoBig,9123,39,9,budget,1,100,true,6,1740,111,186,0.07692307692307693,0.717948717948718,0.05128205128205128,0.02564102564102564,0.1282051282051282,4,1,normal,false,9,14,293,4500,200,90,4040,false,true,true,4010,5,5113,34,1,3
483,ketoBig,15060,69,39,budget,1,100,true,5,1665,201,282,0.014492753623188406,0.6666666666666666,0.18840579710144928,0.057971014492753624,0.07246376811594203,17,10,normal,false,10,30,15,7020,2880,4365,780,false,true,false,750,5,14310,64,1,6
484,ketoBig,2940,34,4,budget,0,79,true,3,425,75,105,0.029411764705882353,0.9117647058823529,0.058823529411764705,0,0,3,2,normal,false,5,13,15,2625,300,0,0,false,false,false,0,0,2940,34,0,
485,ketoBig,4431,30,0,budget,0,63,true,5,690,69,137,0.3,0.7,0,0,0,3,9,crash,false,5,14,336,4095,0,0,0,false,false,false,0,0,4431,30,0,
486,ketoBig,4680,38,8,budget,0,80,true,4,540,99,136,0.05263157894736842,0.9210526315789473,0.02631578947368421,0,0,6,4,normal,false,7,18,80,3640,960,0,0,false,false,false,0,0,4680,38,0,
487,ketoBig,3233,32,2,budget,0,73,true,4,435,67,141,0.34375,0.625,0.03125,0,0,2,2,crash,false,5,12,693,2330,210,0,0,false,false,true,0,0,3233,32,0,
488,ketoBig,4183,34,4,budget,0,73,true,4,560,84,127,0.058823529411764705,0.9117647058823529,0.029411764705882353,0,0,3,2,normal,false,5,16,78,3775,330,0,0,false,false,true,0,0,4183,34,0,
489,ketoBig,6610,41,11,budget,1,100,true,4,660,114,142,0.024390243902439025,0.6585365853658537,0.17073170731707318,0.024390243902439025,0.12195121951219512,5,6,normal,false,10,18,30,3490,780,630,1680,false,true,true,1530,5,5080,36,1,3
490,ketoBig,5558,38,8,budget,0,90,true,7,1205,104,146,0.05263157894736842,0.868421052631579,0.07894736842105263,0,0,6,1,normal,false,6,13,228,4250,540,540,0,true,false,false,0,0,5558,38,0,
491,ketoBig,7348,47,17,budget,1,100,true,4,880,121,191,0.0425531914893617,0.7872340425531915,0.06382978723404255,0,0.10638297872340426,7,4,normal,false,8,17,143,3825,1120,0,2260,false,false,true,1580,5,5768,42,0,
492,ketoBig,19280,47,50,lock,4,100,false,6,1880,158,199,0,0.23404255319148937,0.2765957446808511,0.1276595744680851,0.3617021276595745,18,1,frenzy,false,3,32,0,750,5870,2940,9720,false,true,true,9030,17,10250,30,4,4|4|3|3
493,ketoBig,10285,45,15,budget,1,100,true,5,3140,130,185,0.044444444444444446,0.7777777777777778,0.044444444444444446,0.022222222222222223,0.1111111111111111,7,1,normal,false,6,20,95,4300,360,90,5440,false,false,false,5050,5,5235,40,1,3
494,ketoBig,2913,32,2,budget,0,82,true,3,285,67,117,0.1875,0.75,0.0625,0,0,5,7,crash,false,6,9,193,2480,240,0,0,false,false,false,0,0,2913,32,0,
495,ketoBig,7495,43,13,budget,1,100,true,3,1620,105,144,0.046511627906976744,0.7209302325581395,0.06976744186046512,0.046511627906976744,0.11627906976744186,5,3,crash,false,10,13,15,3090,520,630,3240,false,false,false,3150,5,4345,38,1,4
496,ketoBig,1265,13,12,lock,0,85,false,3,400,36,30,0,0.5384615384615384,0.46153846153846156,0,0,4,6,keto,false,3,9,0,785,480,0,0,false,false,true,0,0,1265,13,0,
497,ketoBig,14581,68,38,budget,2,100,true,5,1185,195,281,0.10294117647058823,0.5294117647058824,0.16176470588235295,0.058823529411764705,0.14705882352941177,16,4,normal,false,6,34,201,5440,2850,2370,3720,false,true,false,3390,10,11191,58,2,4|6
498,ketoBig,4190,34,4,budget,0,78,true,4,600,87,120,0.029411764705882353,0.9411764705882353,0.029411764705882353,0,0,3,6,normal,false,5,12,15,3695,480,0,0,false,false,false,0,0,4190,34,0,
499,ketoBig,4050,34,4,budget,0,73,true,5,975,83,167,0.4411764705882353,0.5,0.058823529411764705,0,0,5,2,crash,false,6,17,1110,2610,330,0,0,false,false,true,0,0,4050,34,0,
500,ketoBig,1950,16,2,lock,0,75,true,4,645,31,57,0.0625,0.9375,0,0,0,2,3,normal,false,4,5,15,1755,180,0,0,false,false,false,0,0,1950,16,0,
501,ketoBig,5077,46,16,budget,0,96,true,4,393,108,183,0.13043478260869565,0.7391304347826086,0.10869565217391304,0.021739130434782608,0,9,2,normal,false,7,18,1092,2740,1020,225,0,true,true,false,0,0,5077,46,0,
502,ketoBig,4478,34,4,budget,0,77,true,4,525,95,160,0.17647058823529413,0.8235294117647058,0,0,0,3,15,normal,false,3,19,508,3790,180,0,0,false,false,true,0,0,4478,34,0,
503,ketoBig,24720,98,68,budget,2,100,true,6,1840,285,423,0.05102040816326531,0.5204081632653061,0.24489795918367346,0.08163265306122448,0.10204081632653061,28,6,crash,false,7,56,145,7230,8030,3315,6000,false,false,false,4560,10,20160,88,2,6|3
504,ketoBig,17700,62,32,budget,2,100,true,4,2640,185,254,0.04838709677419355,0.6129032258064516,0.14516129032258066,0.03225806451612903,0.16129032258064516,14,3,normal,false,3,40,180,4085,1870,2385,9180,false,false,false,7830,10,9870,52,2,2|3
505,ketoBig,6180,38,8,budget,0,94,true,6,825,101,157,0.07894736842105263,0.7894736842105263,0.10526315789473684,0.02631578947368421,0,6,2,normal,false,7,13,565,4085,450,1080,0,true,false,false,0,0,6180,38,0,
506,ketoBig,5734,44,14,budget,0,96,true,5,990,110,176,0.2727272727272727,0.5681818181818182,0.13636363636363635,0.022727272727272728,0,10,2,normal,false,5,23,719,2960,1650,405,0,true,true,false,0,0,5734,44,0,
507,ketoBig,4215,32,2,budget,0,73,true,5,945,84,139,0.15625,0.8125,0.03125,0,0,3,2,normal,false,4,16,530,3595,90,0,0,false,false,false,0,0,4215,32,0,
508,ketoBig,3989,34,4,budget,0,70,true,4,450,87,146,0.20588235294117646,0.7941176470588235,0,0,0,4,9,normal,false,4,19,374,3615,0,0,0,false,false,true,0,0,3989,34,0,
509,ketoBig,3190,32,2,budget,0,83,false,3,430,77,104,0,0.9375,0.0625,0,0,1,5,normal,false,11,10,0,2620,570,0,0,false,false,false,0,0,3190,32,0,
510,ketoBig,6960,50,20,budget,0,96,false,5,1140,119,173,0,0.82,0.14,0.04,0,9,1,normal,false,7,20,0,3975,2310,675,0,true,true,false,0,0,6960,50,0,
511,ketoBig,5975,46,16,budget,0,94,false,3,820,98,166,0,0.8260869565217391,0.13043478260869565,0.043478260869565216,0,8,3,normal,false,7,21,0,3550,1840,585,0,true,false,false,0,0,5975,46,0,
512,ketoBig,11980,45,15,budget,1,100,false,6,1710,142,215,0,0.7777777777777778,0.08888888888888889,0.022222222222222223,0.1111111111111111,6,2,normal,false,5,16,0,5515,2190,495,3780,false,true,false,3630,5,8350,40,1,5
513,ketoBig,10440,60,30,budget,0,93,true,6,1085,187,262,0.016666666666666666,0.7666666666666667,0.16666666666666666,0.05,0,15,1,normal,false,4,34,70,6305,3390,675,0,true,false,true,0,0,10440,60,0,
514,ketoBig,25450,82,52,budget,4,100,true,5,2670,251,356,0.036585365853658534,0.45121951219512196,0.2073170731707317,0.06097560975609756,0.24390243902439024,21,2,normal,false,8,43,430,4890,3500,1350,15280,false,true,false,11020,20,14430,62,4,8|4|2|4
515,ketoBig,4945,42,12,budget,0,90,true,4,495,114,156,0.07142857142857142,0.8095238095238095,0.09523809523809523,0.023809523809523808,0,7,1,normal,false,6,19,170,3950,690,135,0,true,false,false,0,0,4945,42,0,
516,ketoBig,4188,30,0,budget,0,64,true,6,940,89,119,0.1,0.9,0,0,0,2,18,normal,false,9,11,83,4105,0,0,0,false,false,true,0,0,4188,30,0,
517,ketoBig,34803,105,75,budget,5,100,true,6,2600,353,446,0.02857142857142857,0.4,0.24761904761904763,0.08571428571428572,0.23809523809523808,26,1,normal,false,4,53,188,4890,9690,5955,14080,false,true,true,13780,25,21023,80,4,6|7|2|6
518,ketoBig,5635,43,13,budget,1,100,true,5,810,100,153,0.09302325581395349,0.6744186046511628,0.09302325581395349,0.023255813953488372,0.11627906976744186,7,2,normal,false,6,21,235,3030,480,90,1800,false,true,true,1410,5,4225,38,1,4
519,ketoBig,7989,44,14,budget,0,97,true,6,1090,132,182,0.1590909090909091,0.6590909090909091,0.13636363636363635,0.045454545454545456,0,8,3,normal,false,8,17,259,5015,780,1935,0,true,true,false,0,0,7989,44,0,
520,ketoBig,6330,34,4,budget,0,85,false,5,760,107,174,0,0.9705882352941176,0.029411764705882353,0,0,1,2,normal,false,3,14,0,6060,270,0,0,false,false,false,0,0,6330,34,0,
521,ketoBig,5975,40,10,budget,0,90,true,5,840,109,156,0.025,0.9,0.075,0,0,6,2,normal,false,4,21,15,4140,1040,780,0,true,false,false,0,0,5975,40,0,
522,ketoBig,6284,34,4,budget,0,84,true,5,1590,102,168,0.2647058823529412,0.6764705882352942,0.058823529411764705,0,0,4,1,normal,false,8,12,444,3430,2410,0,0,false,false,false,0,0,6284,34,0,
523,ketoBig,11315,56,26,budget,2,100,false,4,1400,166,225,0,0.6428571428571429,0.16071428571428573,0.017857142857142856,0.17857142857142858,8,2,normal,false,6,25,0,5105,1600,630,3980,false,true,false,2570,10,8745,46,2,3|3
524,ketoBig,16455,67,37,budget,3,100,false,6,2940,181,249,0,0.6119402985074627,0.14925373134328357,0.014925373134328358,0.22388059701492538,11,2,normal,false,21,27,0,4200,3250,765,8240,false,false,true,7680,15,8775,52,2,4|3
525,ketoBig,3708,32,2,budget,0,78,true,3,405,88,124,0.1875,0.8125,0,0,0,4,6,normal,false,5,13,358,3170,180,0,0,false,false,true,0,0,3708,32,0,
526,ketoBig,4173,36,6,budget,0,92,true,4,840,80,163,0.4722222222222222,0.5,0,0.027777777777777776,0,5,1,crash,false,6,15,1043,1945,1050,135,0,true,false,false,0,0,4173,36,0,
527,ketoBig,6135,34,4,budget,0,83,false,8,1830,108,156,0,0.8823529411764706,0.11764705882352941,0,0,2,17,normal,false,5,15,0,5775,360,0,0,false,false,false,0,0,6135,34,0,
528,ketoBig,3958,34,4,budget,0,81,true,4,525,84,132,0.08823529411764706,0.8529411764705882,0.058823529411764705,0,0,3,1,normal,false,5,15,68,3310,580,0,0,false,false,true,0,0,3958,34,0,
529,ketoBig,14115,47,17,budget,1,100,true,5,5000,132,189,0.02127659574468085,0.723404255319149,0.1276595744680851,0.02127659574468085,0.10638297872340426,8,2,normal,false,13,16,75,3295,720,2205,7820,false,false,false,3000,5,11115,42,1,5
530,ketoBig,8390,54,24,budget,0,93,false,4,450,159,223,0,0.8333333333333334,0.1111111111111111,0.05555555555555555,0,12,3,normal,false,5,28,0,6265,1540,585,0,true,false,false,0,0,8390,54,0,
531,ketoBig,8542,51,21,budget,1,100,true,3,630,131,204,0.1568627450980392,0.6078431372549019,0.09803921568627451,0.0392156862745098,0.09803921568627451,10,2,crash,false,7,24,287,3060,2810,765,1620,false,false,true,2070,5,6472,46,1,5
532,ketoBig,10370,61,31,budget,1,100,true,4,1000,153,225,0.01639344262295082,0.7213114754098361,0.16393442622950818,0.01639344262295082,0.08196721311475409,13,1,normal,false,8,26,15,4535,2790,1170,1860,false,false,true,1980,5,8390,56,1,2
533,ketoBig,12520,56,26,budget,0,99,true,10,3410,169,257,0,0.7321428571428571,0.19642857142857142,0.07142857142857142,0,12,2,normal,false,6,26,30,8485,3240,765,0,true,true,false,0,0,12520,56,0,
534,ketoBig,4730,40,10,budget,0,86,false,3,650,104,149,0,0.875,0.125,0,0,5,2,normal,false,5,17,0,3200,1530,0,0,false,false,false,0,0,4730,40,0,
535,ketoBig,4343,32,2,budget,0,70,true,5,840,86,138,0.09375,0.90625,0,0,0,3,6,normal,false,5,12,83,4260,0,0,0,false,false,false,0,0,4343,32,0,
536,ketoBig,4187,40,10,budget,0,86,true,4,675,95,158,0.325,0.6,0.075,0,0,6,1,normal,false,7,17,727,2670,790,0,0,false,false,true,0,0,4187,40,0,
537,ketoBig,3780,32,2,budget,0,71,false,3,430,97,133,0,1,0,0,0,1,6,normal,false,3,16,0,3780,0,0,0,false,false,false,0,0,3780,32,0,
538,ketoBig,7575,44,14,budget,0,83,true,5,790,138,190,0.06818181818181818,0.7954545454545454,0.13636363636363635,0,0,9,2,normal,false,6,25,200,5725,1650,0,0,false,false,false,0,0,7575,44,0,
539,ketoBig,9610,45,15,budget,1,100,true,4,1800,144,197,0.08888888888888889,0.6666666666666666,0.1111111111111111,0.022222222222222223,0.1111111111111111,7,2,normal,false,10,17,370,4670,490,1080,3000,false,false,false,3840,5,5770,40,1,4
540,ketoBig,3510,30,0,budget,0,67,false,5,680,84,109,0,1,0,0,0,0,-1,normal,false,9,12,0,3510,0,0,0,false,false,false,0,0,3510,30,0,
541,ketoBig,2005,30,0,budget,0,66,true,3,270,65,76,0.06666666666666667,0.9333333333333333,0,0,0,1,9,normal,false,9,8,50,1955,0,0,0,false,false,false,0,0,2005,30,0,
542,ketoBig,4050,38,8,budget,0,95,true,3,690,94,126,0,0.9210526315789473,0.05263157894736842,0.02631578947368421,0,4,2,normal,false,4,16,30,3030,720,270,0,true,true,false,0,0,4050,38,0,
543,ketoBig,4028,36,6,budget,0,94,true,3,600,86,117,0.1388888888888889,0.6944444444444444,0.1388888888888889,0.027777777777777776,0,6,8,normal,false,6,16,293,2430,630,675,0,true,false,false,0,0,4028,36,0,
544,ketoBig,4808,32,2,budget,0,73,true,5,755,102,156,0.125,0.875,0,0,0,3,2,normal,false,4,15,238,4390,180,0,0,false,false,false,0,0,4808,32,0,
545,ketoBig,15106,50,20,budget,2,100,true,6,2520,172,259,0.14,0.46,0.16,0.04,0.2,8,6,crash,false,4,26,511,4945,2320,330,7000,false,true,false,6050,10,9056,40,2,5|3
546,ketoBig,5728,32,12,lock,0,89,true,5,1620,82,129,0.09375,0.78125,0.125,0,0,7,5,normal,false,5,13,98,1850,3510,270,0,false,false,false,0,0,5728,32,0,
547,ketoBig,4290,37,7,budget,1,100,true,4,570,94,120,0.02702702702702703,0.7567567567567568,0.08108108108108109,0,0.13513513513513514,3,3,normal,false,14,13,195,2415,400,0,1280,false,false,false,1200,5,3090,32,1,3
548,ketoBig,7065,40,10,budget,0,84,true,5,1050,131,195,0.05,0.875,0.075,0,0,6,6,normal,false,9,15,210,5115,1740,0,0,false,false,false,0,0,7065,40,0,
549,ketoBig,4878,34,4,budget,0,77,true,7,1185,84,133,0.11764705882352941,0.8529411764705882,0.029411764705882353,0,0,3,5,crash,false,4,14,343,3815,720,0,0,false,false,false,0,0,4878,34,0,
550,ketoBig,6105,40,10,budget,0,86,false,4,705,116,176,0,0.925,0.075,0,0,5,2,normal,false,12,18,0,5205,900,0,0,false,false,false,0,0,6105,40,0,
551,ketoBig,3455,30,0,budget,0,68,true,3,350,88,124,0.03333333333333333,0.9666666666666667,0,0,0,1,21,normal,false,4,12,15,3440,0,0,0,false,false,false,0,0,3455,30,0,
552,ketoBig,6440,42,28,lock,2,100,false,5,865,106,129,0,0.5,0.21428571428571427,0.047619047619047616,0.23809523809523808,9,1,normal,false,5,25,0,2810,930,180,2520,false,false,false,2340,10,4100,32,2,4|6
553,ketoBig,11063,43,13,budget,1,100,true,4,2880,128,212,0.11627906976744186,0.6744186046511628,0.046511627906976744,0.046511627906976744,0.11627906976744186,6,3,normal,false,4,19,608,3360,390,2265,4440,false,true,false,4350,5,6713,38,1,3
554,ketoBig,3740,32,2,budget,0,84,false,4,440,84,109,0,0.9375,0.0625,0,0,1,1,normal,false,5,11,0,3440,300,0,0,false,false,false,0,0,3740,32,0,
555,ketoBig,3525,30,0,budget,0,64,true,4,630,63,124,0.06666666666666667,0.9333333333333333,0,0,0,2,10,normal,false,3,13,30,3495,0,0,0,false,false,true,0,0,3525,30,0,
556,ketoBig,10390,58,28,budget,0,99,true,5,1730,157,221,0.017241379310344827,0.7068965517241379,0.15517241379310345,0.1206896551724138,0,13,4,normal,false,5,36,50,5110,2890,2340,0,true,true,false,0,0,10390,58,0,
557,ketoBig,25138,80,50,budget,2,100,true,6,4560,270,356,0.0625,0.4625,0.225,0.125,0.125,18,2,crash,false,6,42,98,6815,4400,6405,7420,false,true,false,7950,10,17188,70,1,10
558,ketoBig,4528,38,8,budget,0,90,true,5,775,77,132,0.10526315789473684,0.8421052631578947,0.02631578947368421,0.02631578947368421,0,5,4,crash,false,4,16,68,3500,690,270,0,true,false,false,0,0,4528,38,0,
559,ketoBig,23615,78,48,budget,4,100,true,7,2285,231,284,0.01282051282051282,0.4230769230769231,0.16666666666666666,0.14102564102564102,0.2564102564102564,17,4,normal,false,8,44,20,3870,3110,6555,10060,false,true,false,9310,20,14305,58,4,5|2|5|3
560,ketoBig,855,12,6,lock,0,76,false,2,180,21,25,0,0.75,0.25,0,0,2,2,normal,false,3,6,0,585,270,0,0,false,false,false,0,0,855,12,0,
561,ketoBig,5420,30,0,budget,0,66,true,4,720,97,166,0.03333333333333333,0.9666666666666667,0,0,0,0,-1,crash,false,4,12,30,5390,0,0,0,false,false,false,0,0,5420,30,0,
562,ketoBig,6342,50,20,budget,0,85,true,5,1230,129,196,0.22,0.72,0.06,0,0,11,2,normal,false,10,20,602,3250,2490,0,0,false,false,false,0,0,6342,50,0,
563,ketoBig,14280,55,25,budget,1,100,false,6,3900,159,222,0,0.7090909090909091,0.12727272727272726,0.07272727272727272,0.09090909090909091,9,3,normal,false,5,23,0,3715,2540,2625,5400,false,true,false,5250,5,9030,50,1,3
564,ketoBig,4101,36,6,budget,0,90,true,3,1200,78,126,0.1388888888888889,0.75,0.08333333333333333,0.027777777777777776,0,5,9,normal,false,4,15,241,2120,540,1200,0,true,false,true,0,0,4101,36,0,
565,ketoBig,19180,57,27,budget,3,100,true,6,3640,180,262,0.017543859649122806,0.5263157894736842,0.10526315789473684,0.08771929824561403,0.2631578947368421,10,1,normal,false,4,31,45,5960,750,2565,9860,false,true,true,9310,15,9870,42,3,4|5|3
566,ketoBig,6400,32,2,budget,0,73,true,6,1110,96,165,0.03125,0.9375,0.03125,0,0,2,2,normal,false,4,14,15,6295,90,0,0,false,false,true,0,0,6400,32,0,
567,ketoBig,39918,122,92,budget,6,100,true,6,3540,329,470,0.09836065573770492,0.23770491803278687,0.319672131147541,0.09836065573770492,0.2459016393442623,35,1,crash,false,7,59,348,3415,9850,6765,19540,false,true,false,18120,30,21798,92,6,3|8|11|4|6|4
568,ketoBig,16180,73,43,budget,1,100,false,7,2320,207,328,0,0.7123287671232876,0.1917808219178082,0.0273972602739726,0.0684931506849315,17,4,normal,false,10,40,0,7310,3210,1620,4040,false,false,false,1950,5,14230,68,0,
569,ketoBig,2743,32,2,budget,0,81,true,5,810,64,99,0.25,0.71875,0.03125,0,0,2,3,normal,false,6,9,278,1895,570,0,0,false,false,true,0,0,2743,32,0,
570,ketoBig,13581,66,36,budget,2,100,true,7,2060,174,231,0.13636363636363635,0.5151515151515151,0.15151515151515152,0.045454545454545456,0.15151515151515152,16,1,crash,false,5,27,276,3920,2840,405,6140,false,false,false,5780,10,7801,56,1,4
571,ketoBig,3010,30,0,budget,0,66,true,4,540,70,114,0.03333333333333333,0.9666666666666667,0,0,0,1,20,normal,false,7,13,55,2955,0,0,0,false,false,true,0,0,3010,30,0,
572,ketoBig,5120,42,12,budget,0,86,true,4,495,112,156,0.047619047619047616,0.8333333333333334,0.11904761904761904,0,0,7,2,normal,false,8,21,260,4170,690,0,0,false,false,false,0,0,5120,42,0,
573,ketoBig,17041,84,54,budget,2,100,true,4,1105,270,353,0.03571428571428571,0.5833333333333334,0.2261904761904762,0.03571428571428571,0.11904761904761904,24,2,crash,false,10,47,366,6745,3780,3150,3000,false,false,false,2250,10,14791,74,2,6|3
574,ketoBig,3550,30,0,budget,0,62,true,4,625,75,119,0.1,0.9,0,0,0,3,9,normal,false,4,10,95,3455,0,0,0,false,false,true,0,0,3550,30,0,
575,ketoBig,14560,59,29,budget,1,100,true,6,4400,170,255,0.0847457627118644,0.5932203389830508,0.1864406779661017,0.05084745762711865,0.0847457627118644,14,2,crash,false,6,31,390,4770,2760,540,6100,false,true,false,5870,5,8690,54,1,6
576,ketoBig,2845,32,2,budget,0,73,false,3,390,76,99,0,0.96875,0.03125,0,0,1,29,normal,false,6,13,0,2725,120,0,0,false,false,false,0,0,2845,32,0,
577,ketoBig,7671,49,19,budget,1,100,true,6,583,138,199,0.1836734693877551,0.5510204081632653,0.10204081632653061,0.061224489795918366,0.10204081632653061,12,9,crash,false,6,27,946,2895,800,1350,1680,false,true,true,1650,5,6021,44,1,8
578,ketoBig,6301,36,6,budget,0,82,true,5,1320,98,169,0.1388888888888889,0.8333333333333334,0.027777777777777776,0,0,4,1,normal,false,10,14,296,3825,2180,0,0,false,false,false,0,0,6301,36,0,
579,ketoBig,3625,30,0,budget,0,64,true,4,675,85,130,0.1,0.9,0,0,0,1,14,normal,false,5,9,415,3210,0,0,0,false,false,true,0,0,3625,30,0,
580,ketoBig,430,5,4,lock,0,89,false,2,180,13,7,0,0.4,0.4,0.2,0,2,3,keto,false,2,3,0,190,60,180,0,false,false,true,0,0,430,5,0,
581,ketoBig,6800,55,25,budget,1,100,true,3,540,118,181,0.01818181818181818,0.6181818181818182,0.23636363636363636,0.03636363636363636,0.09090909090909091,9,2,crash,false,7,33,0,3365,1930,225,1280,false,false,false,1170,5,5630,50,1,7
582,ketoBig,3575,30,0,budget,0,65,false,5,1065,67,126,0,1,0,0,0,0,-1,normal,false,5,10,0,3575,0,0,0,false,false,true,0,0,3575,30,0,
583,ketoBig,11515,55,25,budget,1,100,true,6,1800,160,206,0.01818181818181818,0.7272727272727273,0.12727272727272726,0.03636363636363636,0.09090909090909091,12,4,normal,false,8,25,15,4440,3490,270,3300,false,false,true,3270,5,8245,50,1,4
584,ketoBig,28370,93,63,budget,3,100,true,6,3940,279,397,0.010752688172043012,0.6021505376344086,0.16129032258064516,0.06451612903225806,0.16129032258064516,22,7,crash,false,8,48,90,5155,6650,6615,9860,false,true,false,10150,15,18220,78,2,5|2
585,ketoBig,3011,30,0,budget,0,64,true,3,510,68,120,0.23333333333333334,0.7666666666666667,0,0,0,3,17,normal,false,5,11,316,2695,0,0,0,false,false,true,0,0,3011,30,0,
586,ketoBig,21722,60,30,budget,2,100,true,9,5700,176,271,0.11666666666666667,0.4666666666666667,0.16666666666666666,0.08333333333333333,0.16666666666666666,13,1,crash,false,8,29,227,3990,6780,2025,8700,false,false,false,7080,10,14642,50,2,3|8
587,ketoBig,17863,61,31,budget,1,100,true,5,4520,179,302,0.09836065573770492,0.6229508196721312,0.19672131147540983,0,0.08196721311475409,14,2,crash,false,6,29,188,5165,4840,1530,6140,false,false,false,6260,5,11603,56,1,3
588,ketoBig,2909,30,0,budget,0,63,true,4,390,78,126,0.26666666666666666,0.7333333333333333,0,0,0,2,20,normal,false,4,13,734,2175,0,0,0,false,false,false,0,0,2909,30,0,
589,ketoBig,4745,34,4,budget,0,91,false,5,755,96,125,0,0.9117647058823529,0.08823529411764706,0,0,2,23,normal,false,4,14,0,4145,240,360,0,true,false,false,0,0,4745,34,0,
590,ketoBig,20010,65,35,budget,1,100,true,8,3840,222,300,0.046153846153846156,0.6615384615384615,0.15384615384615385,0.06153846153846154,0.07692307692307693,15,3,normal,false,5,33,60,8820,3570,1620,5940,false,true,true,5910,5,14100,60,1,4
591,ketoBig,4845,40,10,budget,0,81,false,5,905,107,140,0,0.9,0.1,0,0,5,2,normal,false,9,18,0,3915,930,0,0,false,false,false,0,0,4845,40,0,
592,ketoBig,7381,40,10,budget,0,86,true,5,945,123,194,0.1,0.825,0.075,0,0,5,10,crash,false,6,16,121,5970,1290,0,0,false,false,false,0,0,7381,40,0,
593,ketoBig,330,3,0,lock,0,69,false,3,240,12,9,0,1,0,0,0,0,-1,normal,false,2,1,0,330,0,0,0,false,false,false,0,0,330,3,0,
594,ketoBig,3286,32,2,budget,0,77,true,3,420,81,119,0.125,0.84375,0.03125,0,0,2,5,normal,false,9,15,196,2880,210,0,0,false,false,true,0,0,3286,32,0,
595,ketoBig,7150,44,14,budget,0,88,false,4,720,135,173,0,0.7727272727272727,0.20454545454545456,0.022727272727272728,0,7,7,normal,false,6,23,0,4790,2180,180,0,false,false,true,0,0,7150,44,0,
596,ketoBig,3403,30,0,budget,0,62,true,4,560,64,119,0.13333333333333333,0.8666666666666667,0,0,0,2,19,normal,false,4,11,238,3165,0,0,0,false,false,false,0,0,3403,30,0,
597,ketoBig,11875,66,36,budget,2,100,true,4,1800,171,228,0.045454545454545456,0.5606060606060606,0.19696969696969696,0.045454545454545456,0.15151515151515152,16,3,normal,false,7,25,375,3660,1920,3720,2200,false,false,false,3450,10,8425,56,2,5|3
598,ketoBig,1450,14,0,lock,0,61,true,3,270,37,49,0,1,0,0,0,0,-1,normal,false,9,2,30,1420,0,0,0,false,false,true,0,0,1450,14,0,
599,ketoBig,2993,21,0,lock,0,50,true,5,675,63,107,0.14285714285714285,0.8571428571428571,0,0,0,2,12,normal,false,5,11,658,2335,0,0,0,false,false,false,0,0,2993,21,0,
600,ketoBig,19255,64,34,budget,2,100,true,5,3000,223,313,0.015625,0.625,0.171875,0.03125,0.15625,10,1,normal,false,6,35,45,6620,4290,1680,6620,false,false,false,6050,10,13205,54,2,5|3
601,ketoBig,20763,89,59,budget,1,100,true,6,1860,267,416,0.033707865168539325,0.5842696629213483,0.24719101123595505,0.07865168539325842,0.056179775280898875,22,2,normal,false,8,53,73,8100,5850,4920,1820,false,true,false,950,5,19813,84,1,5
602,ketoBig,6715,43,13,budget,1,100,true,4,1260,105,182,0.23255813953488372,0.5348837209302325,0.09302325581395349,0.023255813953488372,0.11627906976744186,8,2,normal,false,4,21,485,3770,570,90,1800,false,true,false,1290,5,5425,38,1,3
603,ketoBig,7093,32,2,budget,0,75,true,8,1690,102,175,0.25,0.75,0,0,0,5,3,normal,false,5,17,778,5685,630,0,0,false,false,true,0,0,7093,32,0,
604,ketoBig,3069,30,0,budget,0,63,true,4,505,67,139,0.5,0.5,0,0,0,6,8,normal,false,4,15,859,2210,0,0,0,false,false,true,0,0,3069,30,0,
605,ketoBig,20944,77,47,budget,3,100,true,5,1840,224,320,0.09090909090909091,0.5064935064935064,0.12987012987012986,0.07792207792207792,0.19480519480519481,19,2,normal,false,9,42,709,3100,5490,1785,9860,false,true,false,9230,15,11714,62,3,3|3|3
606,ketoBig,4505,32,2,budget,0,73,true,6,1465,82,133,0.125,0.84375,0.03125,0,0,4,2,normal,false,3,17,105,4310,90,0,0,false,false,false,0,0,4505,32,0,
607,ketoBig,3400,30,0,budget,0,68,true,4,750,77,119,0.16666666666666666,0.8333333333333334,0,0,0,1,24,normal,false,11,6,240,3160,0,0,0,false,false,false,0,0,3400,30,0,
608,ketoBig,7461,40,16,lock,0,94,true,9,2210,105,180,0.15,0.625,0.2,0.025,0,10,6,crash,false,5,24,106,4845,1700,810,0,true,false,false,0,0,7461,40,0,
609,ketoBig,24325,49,44,lock,4,100,true,5,3000,158,231,0.02040816326530612,0.14285714285714285,0.3673469387755102,0.061224489795918366,0.40816326530612246,15,1,crash,false,4,27,0,930,4930,3825,14640,false,false,false,11530,20,12795,29,4,6|6|4|2
610,ketoBig,5675,34,4,budget,0,87,true,6,1510,101,160,0,0.8823529411764706,0.11764705882352941,0,0,2,4,normal,false,5,12,125,5190,360,0,0,false,false,false,0,0,5675,34,0,
611,ketoBig,2521,30,0,budget,0,59,true,3,285,68,118,0.3333333333333333,0.6666666666666666,0,0,0,4,20,normal,false,3,13,631,1890,0,0,0,false,false,true,0,0,2521,30,0,
612,ketoBig,3215,34,4,budget,0,80,true,4,660,86,118,0.029411764705882353,0.9411764705882353,0.029411764705882353,0,0,2,13,crash,false,4,15,30,3095,90,0,0,false,false,true,0,0,3215,34,0,
613,ketoBig,5867,40,10,budget,0,99,true,5,1125,108,162,0.3,0.6,0.075,0.025,0,7,2,normal,false,9,14,517,3880,450,1020,0,true,true,false,0,0,5867,40,0,
614,ketoBig,13620,36,28,lock,2,100,false,6,2290,98,149,0,0.3611111111111111,0.2222222222222222,0.1388888888888889,0.2777777777777778,10,5,normal,false,4,21,0,1375,3330,915,8000,false,false,false,6590,10,7030,26,2,3|2
615,ketoBig,26640,80,50,budget,2,100,true,7,3480,262,374,0.0125,0.625,0.1875,0.05,0.125,21,2,normal,false,7,42,15,7370,6620,3615,9020,false,false,false,9430,10,17210,70,2,3|5
616,ketoBig,7521,40,10,budget,0,99,true,4,825,111,198,0.075,0.675,0.1,0.15,0,5,8,normal,false,4,22,456,4375,590,2100,0,true,true,true,0,0,7521,40,0,
617,ketoBig,3965,30,0,budget,0,69,false,4,690,87,130,0,1,0,0,0,0,-1,normal,false,5,14,0,3965,0,0,0,false,false,true,0,0,3965,30,0,
618,ketoBig,3751,30,0,budget,0,65,true,6,970,70,128,0.26666666666666666,0.7333333333333333,0,0,0,2,18,normal,false,6,13,361,3390,0,0,0,false,false,false,0,0,3751,30,0,
619,ketoBig,12794,61,31,budget,1,100,true,5,2520,170,259,0.09836065573770492,0.5409836065573771,0.22950819672131148,0.04918032786885246,0.08196721311475409,16,1,normal,false,9,30,829,3515,2940,2250,3260,false,true,true,3060,5,9734,56,1,4
620,ketoBig,3840,38,8,budget,0,81,true,4,525,92,154,0.15789473684210525,0.7894736842105263,0.05263157894736842,0,0,7,1,normal,false,9,14,495,2955,390,0,0,false,false,true,0,0,3840,38,0,
621,ketoBig,4613,30,0,budget,0,66,true,4,900,95,136,0.13333333333333333,0.8666666666666667,0,0,0,1,29,normal,false,4,15,93,4520,0,0,0,false,false,true,0,0,4613,30,0,
622,ketoBig,4425,32,2,budget,0,74,false,4,530,83,131,0,0.96875,0.03125,0,0,1,1,normal,false,6,16,0,4245,180,0,0,false,false,true,0,0,4425,32,0,
623,ketoBig,3565,34,4,budget,0,76,true,4,720,81,122,0.029411764705882353,0.9117647058823529,0.058823529411764705,0,0,2,3,normal,false,7,12,45,3340,180,0,0,false,false,false,0,0,3565,34,0,
624,ketoBig,4211,38,8,budget,0,92,true,3,720,89,140,0.3157894736842105,0.631578947368421,0.02631578947368421,0.02631578947368421,0,6,4,normal,false,7,13,506,2345,1090,270,0,true,false,false,0,0,4211,38,0,
625,ketoBig,3423,32,2,budget,0,77,true,4,500,88,123,0.09375,0.875,0.03125,0,0,3,18,normal,false,3,17,198,3045,180,0,0,false,false,false,0,0,3423,32,0,
626,ketoBig,7970,48,18,budget,0,94,false,4,1235,150,187,0,0.7291666666666666,0.22916666666666666,0.041666666666666664,0,9,2,keto,false,8,29,0,3970,3460,540,0,true,false,true,0,0,7970,48,0,
627,ketoBig,20980,95,65,budget,3,100,true,4,2520,232,351,0.031578947368421054,0.5473684210526316,0.2,0.06315789473684211,0.15789473684210525,26,3,normal,false,7,53,60,4475,4370,3675,8400,false,true,true,7270,15,13710,80,3,2|2|3
628,ketoBig,8738,49,19,budget,1,100,true,4,1460,126,182,0.22448979591836735,0.5306122448979592,0.12244897959183673,0.02040816326530612,0.10204081632653061,12,3,normal,false,8,21,443,2065,2720,450,3060,false,false,true,2670,5,6068,44,1,6
629,ketoBig,18015,47,39,lock,3,100,true,5,2100,176,181,0,0.2127659574468085,0.3404255319148936,0.1276595744680851,0.3191489361702128,14,2,normal,false,4,26,30,930,2450,3525,11080,false,true,false,9340,15,8675,32,3,2|13|4
630,ketoBig,24173,78,48,budget,2,100,true,6,5100,249,332,0.038461538461538464,0.5512820512820513,0.20512820512820512,0.07692307692307693,0.1282051282051282,20,12,normal,false,4,46,233,3950,3910,6000,10080,false,true,false,9270,10,14903,68,2,5|3
631,ketoBig,2528,30,0,budget,0,66,true,4,308,74,125,0.26666666666666666,0.7333333333333333,0,0,0,2,17,crash,false,6,13,638,1890,0,0,0,false,false,true,0,0,2528,30,0,
632,ketoBig,6591,39,9,budget,1,100,true,5,1080,105,130,0.10256410256410256,0.717948717948718,0.05128205128205128,0,0.1282051282051282,3,13,normal,false,8,14,121,3410,240,180,2640,false,false,false,2760,5,3831,34,1,2
633,ketoBig,2535,24,0,lock,0,65,true,4,465,57,96,0.08333333333333333,0.9166666666666666,0,0,0,2,19,normal,false,4,13,290,2245,0,0,0,false,false,true,0,0,2535,24,0,
634,ketoBig,5924,38,8,budget,0,97,true,5,1725,89,163,0.23684210526315788,0.6578947368421053,0.05263157894736842,0.05263157894736842,0,6,2,normal,false,8,14,854,2195,760,2115,0,true,true,true,0,0,5924,38,0,
635,ketoBig,28160,101,71,budget,3,100,false,5,2520,311,411,0,0.48514851485148514,0.297029702970297,0.06930693069306931,0.1485148514851485,28,2,normal,false,5,60,0,5185,8410,3105,11460,false,true,false,7580,15,20580,86,3,4|4|2
636,ketoBig,11295,63,33,budget,1,100,true,5,1980,158,240,0.09523809523809523,0.5714285714285714,0.20634920634920634,0.047619047619047616,0.07936507936507936,19,3,crash,false,4,32,165,3850,3890,1350,2040,false,true,false,1410,5,9885,58,1,4
637,ketoBig,7223,40,10,budget,0,90,true,5,900,123,190,0.1,0.8,0.075,0.025,0,6,2,crash,false,4,16,128,6190,770,135,0,true,false,false,0,0,7223,40,0,
638,ketoBig,4105,32,2,budget,0,78,true,4,525,78,147,0.15625,0.8125,0.03125,0,0,4,3,normal,false,4,14,180,3805,120,0,0,false,false,true,0,0,4105,32,0,
639,ketoBig,2500,32,2,budget,0,73,true,3,330,66,87,0.0625,0.90625,0.03125,0,0,2,2,normal,false,6,11,75,2185,240,0,0,false,false,false,0,0,2500,32,0,
640,ketoBig,5255,32,2,budget,0,76,true,7,1715,93,135,0.0625,0.90625,0.03125,0,0,3,7,normal,false,6,12,100,5035,120,0,0,false,false,true,0,0,5255,32,0,
641,ketoBig,4075,32,2,budget,0,72,true,3,680,84,134,0.15625,0.84375,0,0,0,3,7,normal,false,6,12,105,3370,600,0,0,false,false,true,0,0,4075,32,0,
642,ketoBig,19580,70,40,budget,2,100,true,5,2160,210,323,0.02857142857142857,0.6,0.18571428571428572,0.04285714285714286,0.14285714285714285,18,2,normal,false,9,40,30,6110,3270,2430,7740,false,true,true,9170,10,10410,60,2,3|5
643,ketoBig,38435,123,93,budget,5,100,false,5,3540,383,521,0,0.5691056910569106,0.16260162601626016,0.06504065040650407,0.2032520325203252,33,2,normal,false,7,71,0,7680,10670,3345,16740,false,true,false,15770,25,22665,98,5,4|2|2|4|4
644,ketoBig,3356,30,0,budget,0,62,true,4,610,77,129,0.26666666666666666,0.7333333333333333,0,0,0,3,7,normal,false,8,9,641,2715,0,0,0,false,false,true,0,0,3356,30,0,
645,ketoBig,18910,58,28,budget,2,100,false,5,2780,191,258,0,0.5689655172413793,0.1896551724137931,0.06896551724137931,0.1724137931034483,8,1,normal,false,9,26,0,4095,1910,2385,10520,false,true,false,10490,10,8420,48,2,7|3
646,ketoBig,8853,43,13,budget,1,100,true,5,1020,118,209,0.2558139534883721,0.5348837209302325,0.06976744186046512,0.023255813953488372,0.11627906976744186,7,2,crash,false,7,19,443,4060,840,630,2880,false,true,false,1950,5,6903,38,1,3
647,ketoBig,4084,32,2,budget,0,71,true,5,925,82,140,0.34375,0.65625,0,0,0,4,10,normal,false,9,11,429,3655,0,0,0,false,false,false,0,0,4084,32,0,
648,ketoBig,13490,68,38,budget,2,100,true,4,2460,162,220,0.014705882352941176,0.5735294117647058,0.19117647058823528,0.07352941176470588,0.14705882352941177,16,2,normal,false,5,37,15,3460,2560,855,6600,false,false,true,4020,10,9470,58,2,5|5
649,ketoBig,10221,59,29,budget,1,100,true,5,1980,152,222,0.0847457627118644,0.576271186440678,0.1864406779661017,0.06779661016949153,0.0847457627118644,13,1,normal,false,5,27,306,3485,2200,1530,2700,false,false,false,2850,5,7371,54,0,
650,ketoBig,4302,41,11,budget,1,100,true,4,390,82,126,0.36585365853658536,0.3902439024390244,0.0975609756097561,0.024390243902439025,0.12195121951219512,7,2,crash,false,8,22,617,1795,660,90,1140,false,false,false,1050,5,3252,36,1,3
651,ketoBig,4455,32,2,budget,0,73,true,4,535,87,150,0.03125,0.9375,0.03125,0,0,2,20,normal,false,4,13,45,4290,120,0,0,false,false,true,0,0,4455,32,0,
652,ketoBig,5155,30,0,budget,0,68,true,5,630,88,129,0.06666666666666667,0.9333333333333333,0,0,0,2,14,normal,false,4,13,110,5045,0,0,0,false,false,false,0,0,5155,30,0,
653,ketoBig,8280,26,24,lock,2,100,false,3,1520,68,90,0,0.23076923076923078,0.3076923076923077,0.07692307692307693,0.38461538461538464,8,2,normal,false,3,16,0,180,1810,750,5540,false,true,true,3870,10,4410,16,2,5|3
654,ketoBig,8648,40,10,budget,0,85,true,6,1275,123,222,0.125,0.75,0.125,0,0,8,1,crash,false,5,18,398,6550,1700,0,0,false,false,false,0,0,8648,40,0,
655,ketoBig,10105,57,27,budget,1,100,false,7,1470,156,201,0,0.6666666666666666,0.17543859649122806,0.07017543859649122,0.08771929824561403,11,3,normal,false,7,26,0,4905,1430,1890,1880,false,true,false,1530,5,8575,52,1,12
656,ketoBig,3965,30,0,budget,0,67,true,4,560,84,122,0.06666666666666667,0.9333333333333333,0,0,0,2,13,normal,false,8,12,60,3905,0,0,0,false,false,true,0,0,3965,30,0,
657,ketoBig,5760,32,2,budget,0,82,true,5,720,85,159,0.1875,0.78125,0.03125,0,0,2,4,crash,false,7,13,275,4645,840,0,0,false,false,false,0,0,5760,32,0,
658,ketoBig,9995,51,21,budget,1,100,true,4,1020,149,222,0.2549019607843137,0.47058823529411764,0.1568627450980392,0.0196078431372549,0.09803921568627451,8,3,normal,false,8,23,395,4560,1320,1500,2220,false,false,true,2490,5,7505,46,1,3
659,ketoBig,6645,50,20,budget,0,85,false,6,1080,137,191,0,0.8,0.2,0,0,10,2,normal,false,8,25,0,4915,1730,0,0,false,false,false,0,0,6645,50,0,
660,ketoBig,20040,78,48,budget,2,100,true,5,3420,228,300,0.0641025641025641,0.5512820512820513,0.20512820512820512,0.05128205128205128,0.1282051282051282,22,4,normal,false,6,45,290,4580,3930,1620,9620,false,true,false,8060,10,11980,68,2,3|3
661,ketoBig,7126,42,12,budget,0,94,true,5,1185,133,191,0.19047619047619047,0.7142857142857143,0.09523809523809523,0,0,8,5,normal,false,8,18,421,4825,1070,810,0,true,false,false,0,0,7126,42,0,
662,ketoBig,13095,49,19,budget,1,100,false,6,3080,172,222,0,0.7346938775510204,0.14285714285714285,0.02040816326530612,0.10204081632653061,8,1,normal,false,10,19,0,4465,5410,660,2560,false,true,false,3100,5,9995,44,1,3
663,ketoBig,4635,33,12,lock,0,80,false,4,990,87,118,0,0.9393939393939394,0.06060606060606061,0,0,6,1,normal,false,5,16,0,3105,1530,0,0,false,false,true,0,0,4635,33,0,
664,ketoBig,2366,30,0,budget,0,63,true,3,315,64,111,0.36666666666666664,0.6333333333333333,0,0,0,1,11,crash,false,8,10,681,1685,0,0,0,false,false,false,0,0,2366,30,0,
665,ketoBig,3345,32,2,budget,0,75,false,5,745,75,112,0,0.96875,0.03125,0,0,1,3,normal,false,9,11,0,3255,90,0,0,false,false,true,0,0,3345,32,0,
666,ketoBig,4116,32,2,budget,0,74,true,6,990,79,140,0.125,0.84375,0.03125,0,0,2,7,normal,false,5,15,331,3635,150,0,0,false,false,true,0,0,4116,32,0,
667,ketoBig,26670,88,58,budget,4,100,false,6,3540,285,335,0,0.38636363636363635,0.22727272727272727,0.1590909090909091,0.22727272727272727,22,12,normal,false,3,51,0,5115,3200,5055,13300,false,true,false,12690,20,13980,68,4,10|4|4|6
668,ketoBig,12925,51,21,budget,1,100,false,5,1680,166,213,0,0.7058823529411765,0.17647058823529413,0.0196078431372549,0.09803921568627451,8,10,normal,false,6,23,0,5605,2370,1290,3660,false,false,false,4755,5,8170,46,1,2
669,ketoBig,8894,46,16,budget,0,94,true,7,1970,128,207,0.21739130434782608,0.6086956521739131,0.17391304347826086,0,0,10,1,crash,false,10,19,369,5730,1400,1395,0,true,false,false,0,0,8894,46,0,
670,ketoBig,9856,58,28,budget,0,90,true,4,1010,170,225,0.10344827586206896,0.6724137931034483,0.15517241379310345,0.06896551724137931,0,16,7,normal,false,6,26,226,4595,3280,1755,0,true,false,false,0,0,9856,58,0,
671,ketoBig,6800,45,15,budget,1,100,true,3,840,106,156,0.15555555555555556,0.6,0.08888888888888889,0.044444444444444446,0.1111111111111111,9,2,normal,false,6,19,210,2735,420,1035,2400,false,false,true,1650,5,5150,40,1,6
672,ketoBig,3290,18,10,lock,0,94,false,3,510,49,77,0,0.7222222222222222,0.2222222222222222,0.05555555555555555,0,5,1,normal,false,2,11,0,1610,1230,450,0,true,false,false,0,0,3290,18,0,
673,ketoBig,2172,32,2,budget,0,70,true,4,233,58,123,0.4375,0.5625,0,0,0,2,3,crash,false,5,10,837,1335,0,0,0,false,false,true,0,0,2172,32,0,
674,ketoBig,13843,46,16,budget,2,100,true,6,3370,131,202,0.043478260869565216,0.5869565217391305,0.15217391304347827,0,0.21739130434782608,4,2,normal,false,6,17,93,3030,3850,1350,5520,false,false,false,6630,10,7213,36,2,3|5
675,ketoBig,5755,23,21,lock,1,100,false,3,1680,70,79,0,0.391304347826087,0.34782608695652173,0.043478260869565216,0.21739130434782608,8,2,keto,false,2,15,0,1085,1500,90,3080,false,true,true,3050,5,2705,18,1,5
676,ketoBig,11510,49,19,budget,1,100,false,4,1455,143,203,0,0.7346938775510204,0.16326530612244897,0,0.10204081632653061,6,4,normal,false,9,18,0,3585,2570,1575,3780,false,false,false,3660,5,7850,44,1,5
677,ketoBig,3683,30,0,budget,0,52,true,4,790,72,133,0.16666666666666666,0.8333333333333334,0,0,0,1,22,crash,false,8,10,203,3480,0,0,0,false,false,true,0,0,3683,30,0,
678,ketoBig,1751,22,0,lock,0,53,true,4,340,41,82,0.45454545454545453,0.5454545454545454,0,0,0,2,11,crash,false,6,5,686,1065,0,0,0,false,false,false,0,0,1751,22,0,
679,ketoBig,3000,30,0,budget,0,63,true,3,365,68,114,0.1,0.9,0,0,0,1,23,normal,false,4,12,255,2745,0,0,0,false,false,true,0,0,3000,30,0,
680,ketoBig,3603,30,0,budget,0,54,true,5,750,70,120,0.2,0.8,0,0,0,3,15,normal,false,4,11,173,3430,0,0,0,false,false,false,0,0,3603,30,0,
681,ketoBig,3975,30,0,budget,0,63,false,5,810,86,123,0,1,0,0,0,0,-1,normal,false,4,13,0,3975,0,0,0,false,false,false,0,0,3975,30,0,
682,ketoBig,42430,107,77,budget,5,100,true,7,6240,336,489,0.028037383177570093,0.42990654205607476,0.21495327102803738,0.09345794392523364,0.2336448598130841,28,4,normal,false,7,58,290,6810,5020,11670,18640,false,true,false,16240,25,26190,82,5,7|4|2|11|4
683,ketoBig,12988,55,25,budget,1,100,true,4,1450,167,263,0.12727272727272726,0.6545454545454545,0.12727272727272726,0,0.09090909090909091,12,2,crash,false,4,27,413,4090,3570,1575,3340,false,false,false,3820,5,9168,50,1,3
684,ketoBig,10861,48,18,budget,2,100,true,4,1580,141,217,0.1875,0.4583333333333333,0.10416666666666667,0.041666666666666664,0.20833333333333334,9,1,normal,false,7,16,816,2335,1330,1440,4940,false,true,true,4490,10,6371,38,2,2|6
685,ketoBig,2155,30,0,budget,0,69,true,3,450,59,89,0.03333333333333333,0.9666666666666667,0,0,0,1,7,normal,false,4,11,70,2085,0,0,0,false,false,false,0,0,2155,30,0,
686,ketoBig,3223,32,2,budget,0,70,true,6,1080,57,113,0.375,0.625,0,0,0,3,10,crash,false,9,9,528,2695,0,0,0,false,false,false,0,0,3223,32,0,
687,ketoBig,4473,32,2,budget,0,76,true,5,700,90,143,0.125,0.84375,0.03125,0,0,2,2,crash,false,4,14,368,3865,240,0,0,false,false,false,0,0,4473,32,0,
688,ketoBig,3024,30,0,budget,0,66,true,3,270,83,116,0.16666666666666666,0.8333333333333334,0,0,0,2,13,normal,false,4,11,394,2630,0,0,0,false,false,true,0,0,3024,30,0,
689,ketoBig,3435,34,4,budget,0,88,false,3,585,88,124,0,0.9117647058823529,0.058823529411764705,0.029411764705882353,0,2,1,normal,false,5,11,0,3105,150,180,0,false,false,false,0,0,3435,34,0,
690,ketoBig,1994,30,0,budget,0,52,true,3,285,62,104,0.5,0.5,0,0,0,6,5,normal,false,5,14,699,1295,0,0,0,false,false,true,0,0,1994,30,0,
691,ketoBig,27800,101,71,budget,3,100,false,6,1990,328,453,0,0.5346534653465347,0.26732673267326734,0.04950495049504951,0.1485148514851485,30,2,normal,false,5,63,0,8735,8140,2085,8840,false,true,false,7790,15,20010,86,3,4|5|5
692,ketoBig,4895,30,0,budget,0,66,true,5,580,92,139,0,1,0,0,0,0,-1,normal,false,3,15,30,4865,0,0,0,false,false,false,0,0,4895,30,0,
693,ketoBig,5900,30,0,budget,0,66,true,5,1295,97,177,0.1,0.9,0,0,0,1,30,normal,false,4,14,240,5660,0,0,0,false,false,true,0,0,5900,30,0,
694,ketoBig,4435,30,0,budget,0,66,true,5,835,93,139,0.03333333333333333,0.9666666666666667,0,0,0,1,26,normal,false,8,12,20,4415,0,0,0,false,false,false,0,0,4435,30,0,
695,ketoBig,9800,41,11,budget,1,100,true,6,2880,116,174,0.24390243902439024,0.5365853658536586,0.07317073170731707,0.024390243902439025,0.12195121951219512,7,3,crash,false,7,18,445,3500,500,495,4860,false,false,true,4630,5,5170,36,1,4
696,ketoBig,33770,81,51,budget,5,100,true,7,3780,305,390,0.012345679012345678,0.4691358024691358,0.16049382716049382,0.04938271604938271,0.30864197530864196,15,2,normal,false,5,43,295,5800,3770,1185,22720,false,false,false,23210,25,10560,56,4,2|6|4|2
697,ketoBig,2545,30,0,budget,0,69,true,3,290,75,90,0.03333333333333333,0.9666666666666667,0,0,0,1,25,normal,false,4,11,15,2530,0,0,0,false,false,false,0,0,2545,30,0,
698,ketoBig,7885,49,19,budget,1,100,false,4,780,131,178,0,0.7551020408163265,0.12244897959183673,0.02040816326530612,0.10204081632653061,8,2,normal,false,4,26,0,4705,690,90,2400,false,true,true,2370,5,5515,44,1,4
699,ketoBig,16596,60,30,budget,2,100,true,7,2760,184,273,0.11666666666666667,0.4666666666666667,0.2,0.05,0.16666666666666666,14,2,normal,false,5,34,701,4705,1700,450,9040,false,true,true,8740,10,7856,50,2,4|4
700,ketoBig,2080,30,0,budget,0,63,true,3,240,61,89,0.03333333333333333,0.9666666666666667,0,0,0,1,12,normal,false,7,11,105,1975,0,0,0,false,false,true,0,0,2080,30,0,
701,ketoBig,10435,61,31,budget,1,100,false,5,830,171,229,0,0.6885245901639344,0.21311475409836064,0.01639344262295082,0.08196721311475409,12,2,normal,false,5,26,0,5060,3530,765,1080,false,false,false,1050,5,9385,56,1,2
702,ketoBig,8918,51,21,budget,1,100,true,8,2150,141,218,0.0784313725490196,0.6862745098039216,0.11764705882352941,0.0196078431372549,0.09803921568627451,9,2,normal,false,6,21,208,5990,860,420,1440,false,false,false,1470,5,7448,46,1,2
703,ketoBig,2748,32,2,budget,0,77,true,3,285,68,113,0.0625,0.90625,0.03125,0,0,1,18,crash,false,6,15,143,2425,180,0,0,false,false,true,0,0,2748,32,0,
704,ketoBig,5070,42,12,budget,0,96,false,4,910,109,141,0,0.8095238095238095,0.16666666666666666,0.023809523809523808,0,6,1,normal,false,12,15,0,3295,1190,585,0,true,true,false,0,0,5070,42,0,
705,ketoBig,7050,41,11,budget,1,100,true,6,1260,111,156,0.024390243902439025,0.7804878048780488,0.04878048780487805,0.024390243902439025,0.12195121951219512,4,2,crash,false,8,15,80,4240,600,270,1860,false,false,true,2010,5,5040,36,1,3
706,ketoBig,3069,32,2,budget,0,78,true,4,360,74,117,0.21875,0.75,0.03125,0,0,3,2,crash,false,6,10,174,2775,120,0,0,false,false,false,0,0,3069,32,0,
707,ketoBig,6681,44,14,budget,0,99,true,4,900,117,189,0.22727272727272727,0.6363636363636364,0.11363636363636363,0.022727272727272728,0,7,2,crash,false,6,19,371,4645,900,765,0,true,true,false,0,0,6681,44,0,
708,ketoBig,6017,46,16,budget,0,94,true,5,600,124,161,0.17391304347826086,0.6956521739130435,0.10869565217391304,0.021739130434782608,0,10,4,normal,false,6,20,227,4185,1470,135,0,true,false,false,0,0,6017,46,0,
709,ketoBig,3022,34,4,budget,0,82,true,3,340,80,136,0.2647058823529412,0.6764705882352942,0.058823529411764705,0,0,2,2,crash,false,7,11,352,2520,150,0,0,false,false,false,0,0,3022,34,0,
710,ketoBig,6265,38,8,budget,0,93,true,8,2020,95,154,0.15789473684210525,0.7894736842105263,0.05263157894736842,0,0,8,2,normal,false,10,12,240,4675,1080,270,0,true,false,false,0,0,6265,38,0,
711,ketoBig,22305,55,51,lock,3,100,false,6,4080,172,228,0,0.34545454545454546,0.34545454545454546,0.03636363636363636,0.2727272727272727,20,2,normal,false,4,34,0,1905,3250,4230,12920,false,true,false,9200,15,13105,40,3,2|4|3
712,ketoBig,5538,32,2,budget,0,74,true,5,1150,97,153,0.125,0.84375,0.03125,0,0,2,1,normal,false,4,14,233,5125,180,0,0,false,false,false,0,0,5538,32,0,
713,ketoBig,6780,42,12,budget,0,87,true,5,665,133,188,0.047619047619047616,0.8333333333333334,0.11904761904761904,0,0,5,5,crash,false,4,27,90,6180,510,0,0,false,false,false,0,0,6780,42,0,
714,ketoBig,5243,36,6,budget,0,91,true,4,1380,92,152,0.1388888888888889,0.7777777777777778,0.05555555555555555,0.027777777777777776,0,7,2,normal,false,6,16,243,3065,1530,405,0,true,false,true,0,0,5243,36,0,
715,ketoBig,12355,45,15,budget,1,100,true,8,3680,142,207,0.022222222222222223,0.6666666666666666,0.17777777777777778,0.022222222222222223,0.1111111111111111,7,2,normal,false,8,17,30,7435,1130,900,2860,false,true,false,2770,5,9585,40,1,3
716,ketoBig,4498,32,2,budget,0,71,true,4,1000,87,153,0.21875,0.78125,0,0,0,4,1,normal,false,3,13,283,4215,0,0,0,false,false,false,0,0,4498,32,0,
717,ketoBig,3818,32,2,budget,0,70,true,4,575,82,158,0.3125,0.6875,0,0,0,6,6,normal,false,3,17,973,2845,0,0,0,false,false,false,0,0,3818,32,0,
718,ketoBig,9038,45,15,budget,1,100,true,5,1950,126,194,0.06666666666666667,0.6666666666666666,0.13333333333333333,0.022222222222222223,0.1111111111111111,7,2,normal,false,5,19,213,4265,840,360,3360,false,false,false,2970,5,6068,40,1,4
719,ketoBig,2689,32,2,budget,0,73,true,3,420,62,124,0.375,0.59375,0.03125,0,0,4,2,normal,false,4,14,724,1785,180,0,0,false,false,true,0,0,2689,32,0,
720,ketoBig,10850,59,29,budget,1,100,false,5,2240,126,211,0,0.7796610169491526,0.11864406779661017,0.01694915254237288,0.0847457627118644,11,11,normal,false,10,28,0,3415,3350,1305,2780,false,true,false,3580,5,7270,54,1,3
721,ketoBig,11080,57,27,budget,1,100,true,4,1320,178,240,0.017543859649122806,0.6842105263157895,0.17543859649122806,0.03508771929824561,0.08771929824561403,10,1,normal,false,4,30,15,4960,2050,315,3740,false,false,false,3560,5,7520,52,0,
722,ketoBig,10025,55,25,budget,1,100,true,4,2040,150,218,0.01818181818181818,0.7272727272727273,0.12727272727272726,0.03636363636363636,0.09090909090909091,9,5,crash,false,5,23,0,5130,1430,885,2580,false,true,false,2700,5,7325,50,1,2
723,ketoBig,3880,32,2,budget,0,73,true,5,630,95,134,0.21875,0.75,0.03125,0,0,4,2,normal,false,5,15,840,2740,300,0,0,false,false,false,0,0,3880,32,0,
724,ketoBig,15945,71,41,budget,3,100,true,5,1740,191,245,0.1267605633802817,0.352112676056338,0.23943661971830985,0.07042253521126761,0.2112676056338028,16,2,normal,false,9,34,520,2885,2420,2040,8080,false,true,false,6160,15,9785,56,3,4|2|6
725,ketoBig,2928,32,2,budget,0,73,true,4,280,77,134,0.375,0.59375,0.03125,0,0,2,2,normal,false,4,18,1163,1585,180,0,0,false,false,false,0,0,2928,32,0,
726,ketoBig,5760,44,14,budget,0,89,true,3,930,105,179,0.36363636363636365,0.5681818181818182,0.045454545454545456,0.022727272727272728,0,10,1,normal,false,8,21,445,3020,1980,315,0,false,false,false,0,0,5760,44,0,
727,ketoBig,2233,15,6,lock,0,86,true,4,575,37,68,0.2,0.6,0.2,0,0,4,2,normal,false,3,7,118,1875,240,0,0,false,false,true,0,0,2233,15,0,
728,ketoBig,6453,46,16,budget,0,93,true,4,540,121,197,0.15217391304347827,0.5869565217391305,0.21739130434782608,0.043478260869565216,0,13,1,normal,false,4,19,168,3150,2640,495,0,true,false,false,0,0,6453,46,0,
729,ketoBig,3002,30,0,budget,0,64,true,3,390,68,126,0.3333333333333333,0.6666666666666666,0,0,0,3,14,crash,false,3,15,382,2620,0,0,0,false,false,true,0,0,3002,30,0,
730,ketoBig,4780,38,8,budget,0,80,true,3,705,90,154,0.13157894736842105,0.8157894736842105,0.05263157894736842,0,0,8,7,crash,false,7,17,150,3640,990,0,0,false,false,false,0,0,4780,38,0,
731,ketoBig,4864,34,4,budget,0,93,true,3,1095,89,159,0.4411764705882353,0.4411764705882353,0.11764705882352941,0,0,4,4,crash,false,6,11,689,2240,900,1035,0,true,false,false,0,0,4864,34,0,
732,ketoBig,5240,30,0,budget,0,69,true,5,695,90,166,0.06666666666666667,0.9333333333333333,0,0,0,2,25,normal,false,3,18,155,5085,0,0,0,false,false,true,0,0,5240,30,0,
733,ketoBig,4365,36,6,budget,0,83,false,6,1090,103,132,0,0.9444444444444444,0.05555555555555555,0,0,3,29,normal,false,3,15,0,4185,180,0,0,false,false,false,0,0,4365,36,0,
734,ketoBig,4053,34,4,budget,0,76,true,4,475,91,157,0.29411764705882354,0.6764705882352942,0.029411764705882353,0,0,5,2,crash,false,5,13,593,3190,270,0,0,false,false,false,0,0,4053,34,0,
735,ketoBig,9874,36,6,budget,0,99,true,7,3465,95,204,0.2222222222222222,0.6944444444444444,0.05555555555555555,0.027777777777777776,0,5,1,normal,false,7,13,334,4335,1740,3465,0,true,true,true,0,0,9874,36,0,
736,ketoBig,18828,84,54,budget,2,100,true,6,5440,212,288,0.03571428571428571,0.5595238095238095,0.25,0.03571428571428571,0.11904761904761904,22,3,normal,false,11,39,68,4135,4600,3525,6500,false,false,true,7310,10,11518,74,2,2|4
737,ketoBig,9559,39,9,budget,1,100,true,7,3120,113,177,0.2564102564102564,0.5128205128205128,0.07692307692307693,0.02564102564102564,0.1282051282051282,6,2,crash,false,8,16,649,3060,840,90,4920,false,false,false,4770,5,4789,34,1,4
738,ketoBig,3703,34,4,budget,0,83,true,4,555,76,125,0.08823529411764706,0.8529411764705882,0.058823529411764705,0,0,3,4,crash,false,5,14,98,3395,210,0,0,false,false,false,0,0,3703,34,0,
739,ketoBig,4185,30,0,budget,0,56,true,5,795,91,141,0.1,0.9,0,0,0,1,9,normal,false,4,10,105,4080,0,0,0,false,false,false,0,0,4185,30,0,
740,ketoBig,9739,58,28,budget,2,100,true,4,1080,137,214,0.46551724137931033,0.1896551724137931,0.15517241379310345,0.017241379310344827,0.1724137931034483,13,2,normal,false,16,23,1359,2260,960,1260,3900,false,true,true,3780,10,5959,48,2,4|3
741,ketoBig,5005,32,2,budget,0,73,false,7,1390,96,125,0,0.96875,0.03125,0,0,1,16,normal,false,5,13,0,4825,180,0,0,false,false,true,0,0,5005,32,0,
742,ketoBig,7215,32,2,budget,0,71,true,6,1760,115,182,0.0625,0.9375,0,0,0,3,6,normal,false,7,12,120,6915,180,0,0,false,false,false,0,0,7215,32,0,
743,ketoBig,4181,32,2,budget,0,80,true,5,600,95,148,0.21875,0.78125,0,0,0,4,4,normal,false,3,16,821,3180,180,0,0,false,false,true,0,0,4181,32,0,
744,ketoBig,3290,32,2,budget,0,73,true,4,510,82,115,0.03125,0.9375,0.03125,0,0,2,8,normal,false,5,14,15,3095,180,0,0,false,false,true,0,0,3290,32,0,
745,ketoBig,3275,30,0,budget,0,63,false,4,405,86,109,0,1,0,0,0,0,-1,normal,false,6,8,0,3275,0,0,0,false,false,false,0,0,3275,30,0,
746,ketoBig,4035,30,0,budget,0,65,true,5,825,82,133,0.1,0.9,0,0,0,1,20,crash,false,5,10,115,3920,0,0,0,false,false,true,0,0,4035,30,0,
747,ketoBig,5030,48,18,budget,0,95,false,3,570,100,132,0,0.8125,0.14583333333333334,0.041666666666666664,0,8,2,normal,false,10,21,0,2115,2600,315,0,true,true,true,0,0,5030,48,0,
748,ketoBig,4598,32,2,budget,0,73,true,5,1335,83,148,0.28125,0.6875,0.03125,0,0,6,2,normal,false,4,16,528,3860,210,0,0,false,false,true,0,0,4598,32,0,
749,ketoBig,13613,56,26,budget,2,100,true,5,2670,151,214,0.10714285714285714,0.5178571428571429,0.14285714285714285,0.05357142857142857,0.17857142857142858,12,3,normal,false,12,19,328,3150,1120,4995,4020,false,false,false,5565,10,8048,46,2,2|4
750,ketoBig,5510,42,12,budget,0,83,false,5,1440,93,134,0,0.8809523809523809,0.11904761904761904,0,0,6,2,normal,false,6,17,0,2690,2820,0,0,false,false,true,0,0,5510,42,0,
751,ketoBig,3513,30,0,budget,0,62,true,4,420,75,131,0.16666666666666666,0.8333333333333334,0,0,0,3,8,normal,false,2,17,488,3025,0,0,0,false,false,true,0,0,3513,30,0,
752,ketoBig,23248,73,43,budget,3,100,true,4,2040,215,340,0.0958904109589041,0.4383561643835616,0.1780821917808219,0.0821917808219178,0.2054794520547945,18,2,normal,false,7,40,533,3795,3790,3330,11800,false,true,true,11600,15,11648,58,3,9|4|2
753,ketoBig,6135,46,16,budget,0,98,true,4,860,119,166,0.08695652173913043,0.6739130434782609,0.17391304347826086,0.06521739130434782,0,10,7,normal,false,5,29,190,3360,1730,855,0,true,true,false,0,0,6135,46,0,
754,ketoBig,6094,41,11,budget,1,100,true,3,1080,114,166,0.21951219512195122,0.5609756097560976,0.04878048780487805,0.04878048780487805,0.12195121951219512,7,2,normal,false,6,18,499,3035,490,270,1800,false,true,true,1650,5,4444,36,1,4
755,ketoBig,13195,64,34,budget,2,100,true,3,1560,160,247,0.015625,0.484375,0.234375,0.109375,0.15625,15,8,normal,false,4,36,30,3720,2530,1575,5340,false,true,false,4020,10,9175,54,2,4|4
756,ketoBig,24650,69,39,budget,3,100,true,5,3240,237,355,0.028985507246376812,0.5507246376811594,0.13043478260869565,0.07246376811594203,0.21739130434782608,14,19,normal,false,4,43,75,5965,3210,2700,12700,false,true,false,11790,15,12860,54,3,3|4|4
757,ketoBig,3246,36,6,budget,0,94,true,3,485,76,122,0.3888888888888889,0.5,0.08333333333333333,0.027777777777777776,0,5,10,normal,false,12,12,371,2485,210,180,0,true,false,true,0,0,3246,36,0,
758,ketoBig,6048,40,10,budget,0,94,true,4,945,126,183,0.075,0.825,0.075,0.025,0,5,2,normal,false,10,16,263,4945,480,360,0,true,false,false,0,0,6048,40,0,
759,ketoBig,2545,17,4,lock,0,99,false,4,795,46,61,0,0.7058823529411765,0.17647058823529413,0.11764705882352941,0,2,8,normal,false,2,8,0,1390,750,405,0,true,true,false,0,0,2545,17,0,
760,ketoBig,9165,52,22,budget,0,94,false,5,1410,159,212,0,0.8461538461538461,0.11538461538461539,0.038461538461538464,0,11,3,normal,false,5,23,0,5730,2760,675,0,true,false,false,0,0,9165,52,0,
761,ketoBig,3386,30,0,budget,0,64,true,3,470,74,140,0.16666666666666666,0.8333333333333334,0,0,0,1,26,crash,false,5,12,256,3130,0,0,0,false,false,false,0,0,3386,30,0,
762,ketoBig,9190,45,15,budget,1,100,true,5,1830,131,184,0.044444444444444446,0.7111111111111111,0.08888888888888889,0.044444444444444446,0.1111111111111111,8,5,normal,false,4,17,60,5140,1800,1530,660,false,false,false,630,5,8560,40,1,6
763,ketoBig,3435,34,4,budget,0,72,true,4,555,89,130,0.08823529411764706,0.8529411764705882,0.058823529411764705,0,0,3,8,normal,false,2,18,290,2845,300,0,0,false,false,false,0,0,3435,34,0,
764,ketoBig,12113,51,21,budget,1,100,true,9,2280,129,202,0.058823529411764705,0.6470588235294118,0.13725490196078433,0.058823529411764705,0.09803921568627451,10,7,crash,false,8,23,233,4965,1590,1005,4320,false,true,false,4050,5,8063,46,1,7
765,ketoBig,2588,30,0,budget,0,63,true,5,690,57,98,0.23333333333333334,0.7666666666666667,0,0,0,2,19,crash,false,6,12,248,2340,0,0,0,false,false,false,0,0,2588,30,0,
766,ketoBig,10921,45,15,budget,1,100,true,4,2310,106,176,0.24444444444444444,0.5111111111111111,0.13333333333333333,0,0.1111111111111111,9,2,normal,false,3,21,436,2025,550,2430,5480,false,false,false,5480,5,5441,40,1,3
767,ketoBig,6033,49,19,budget,1,100,true,4,540,124,146,0.10204081632653061,0.6122448979591837,0.14285714285714285,0.04081632653061224,0.10204081632653061,9,1,normal,false,7,22,233,3130,680,1110,880,false,true,false,1260,5,4773,44,1,7
768,ketoBig,2975,30,0,budget,0,62,true,4,510,61,101,0.13333333333333333,0.8666666666666667,0,0,0,3,9,normal,false,5,12,140,2835,0,0,0,false,false,true,0,0,2975,30,0,
769,ketoBig,11530,71,41,budget,1,100,false,4,940,183,236,0,0.6619718309859155,0.18309859154929578,0.08450704225352113,0.07042253521126761,18,1,normal,false,6,43,0,4650,3090,2070,1720,false,true,true,1330,5,10200,66,1,15
770,ketoBig,2499,30,0,budget,0,53,true,5,430,64,115,0.4,0.6,0,0,0,4,7,normal,false,7,12,874,1625,0,0,0,false,false,true,0,0,2499,30,0,
771,ketoBig,11150,53,23,budget,1,100,false,5,980,170,236,0,0.7547169811320755,0.1320754716981132,0.018867924528301886,0.09433962264150944,10,1,normal,false,7,22,0,6070,2950,450,1680,false,false,false,1650,5,9500,48,1,3
772,ketoBig,3113,30,0,budget,0,67,true,3,315,75,109,0.16666666666666666,0.8333333333333334,0,0,0,3,16,normal,false,5,12,293,2820,0,0,0,false,false,false,0,0,3113,30,0,
773,ketoBig,4074,30,0,budget,0,62,true,6,840,76,124,0.13333333333333333,0.8666666666666667,0,0,0,2,7,normal,false,7,9,234,3840,0,0,0,false,false,true,0,0,4074,30,0,
774,ketoBig,5455,36,6,budget,0,73,false,5,760,120,162,0,0.9166666666666666,0.08333333333333333,0,0,3,2,normal,false,3,20,0,5095,360,0,0,false,false,true,0,0,5455,36,0,
775,ketoBig,3615,32,2,budget,0,73,true,4,530,76,159,0.375,0.59375,0.03125,0,0,6,2,crash,false,4,15,1095,2430,90,0,0,false,false,false,0,0,3615,32,0,
776,ketoBig,12845,47,17,budget,1,100,false,6,4395,152,223,0,0.7659574468085106,0.1276595744680851,0,0.10638297872340426,6,2,normal,false,8,17,0,4680,1040,4785,2340,false,false,true,1980,5,10865,42,1,5
777,ketoBig,21250,74,44,budget,2,100,true,5,3260,215,359,0.17567567567567569,0.4864864864864865,0.1891891891891892,0.013513513513513514,0.13513513513513514,17,1,normal,false,7,36,745,3975,6280,1710,8540,false,false,false,10750,10,10500,64,1,3
778,ketoBig,4235,30,0,budget,0,69,true,4,595,90,124,0.03333333333333333,0.9666666666666667,0,0,0,1,12,normal,false,4,13,90,4145,0,0,0,false,false,false,0,0,4235,30,0,
779,ketoBig,25480,83,53,budget,3,100,true,5,2820,283,327,0.024096385542168676,0.43373493975903615,0.3132530120481928,0.04819277108433735,0.18072289156626506,22,6,normal,false,3,50,55,4770,5380,3135,12140,false,true,true,10270,15,15210,68,3,3|9|3
780,ketoBig,2820,30,0,budget,0,55,true,3,405,65,105,0.2,0.8,0,0,0,3,15,normal,false,5,14,270,2550,0,0,0,false,false,true,0,0,2820,30,0,
781,ketoBig,4878,34,4,budget,0,80,true,4,660,92,143,0.058823529411764705,0.9117647058823529,0.029411764705882353,0,0,3,1,normal,false,6,16,93,4545,240,0,0,false,false,false,0,0,4878,34,0,
782,ketoBig,3325,30,0,budget,0,65,true,3,460,74,116,0,1,0,0,0,0,-1,normal,false,4,13,30,3295,0,0,0,false,false,true,0,0,3325,30,0,
783,ketoBig,3878,30,0,budget,0,65,true,4,540,79,135,0.16666666666666666,0.8333333333333334,0,0,0,1,20,normal,false,5,11,348,3530,0,0,0,false,false,false,0,0,3878,30,0,
784,ketoBig,7980,40,10,budget,0,95,false,7,1275,119,179,0,0.85,0.075,0.075,0,3,16,normal,false,6,19,0,6270,1170,540,0,true,true,false,0,0,7980,40,0,
785,ketoBig,9315,39,9,budget,1,100,true,4,3720,121,175,0.10256410256410256,0.6923076923076923,0.05128205128205128,0.02564102564102564,0.1282051282051282,5,2,normal,false,7,16,280,3195,190,90,5560,false,false,true,5490,5,3825,34,1,3
786,ketoBig,10849,53,23,budget,1,100,true,4,1515,155,248,0.18867924528301888,0.5660377358490566,0.1320754716981132,0.018867924528301886,0.09433962264150944,11,2,normal,false,8,22,834,3440,1660,3195,1720,false,true,false,2050,5,8799,48,0,
787,ketoBig,6965,17,17,lock,1,100,false,5,2430,58,56,0,0.29411764705882354,0.23529411764705882,0.17647058823529413,0.29411764705882354,5,3,keto,true,5,9,0,440,720,4125,1680,false,true,true,1650,5,5315,12,1,3
788,ketoBig,15176,70,40,budget,2,100,true,5,1575,164,269,0.11428571428571428,0.4857142857142857,0.2,0.05714285714285714,0.14285714285714285,18,1,normal,false,7,28,501,4140,4490,3225,2820,false,true,false,2680,10,12496,60,2,3|10
789,ketoBig,8745,45,15,budget,1,100,true,4,2620,132,198,0.13333333333333333,0.6444444444444445,0.08888888888888889,0.022222222222222223,0.1111111111111111,7,1,normal,false,5,15,445,2840,1680,360,3420,false,false,false,1160,5,7585,40,1,2
790,ketoBig,12380,53,23,budget,1,100,false,4,1710,148,197,0,0.6037735849056604,0.20754716981132076,0.09433962264150944,0.09433962264150944,10,7,normal,false,6,33,0,3280,2410,2850,3840,false,true,false,2320,5,10060,48,1,6
791,ketoBig,9165,43,13,budget,1,100,true,5,1140,124,172,0.023255813953488372,0.7209302325581395,0.11627906976744186,0.023255813953488372,0.11627906976744186,5,3,crash,false,5,20,0,4425,750,90,3900,false,false,false,3870,5,5295,38,1,4
792,ketoBig,10280,33,15,lock,1,100,false,8,4890,85,126,0,0.696969696969697,0.15151515151515152,0,0.15151515151515152,5,3,normal,false,5,15,0,2530,480,2610,4660,false,false,false,7150,5,3130,28,1,2
793,ketoBig,1365,10,0,lock,0,62,false,4,735,22,39,0,1,0,0,0,0,-1,normal,false,4,2,0,1365,0,0,0,false,false,false,0,0,1365,10,0,
794,ketoBig,10675,54,24,budget,2,100,true,4,1020,154,204,0.018518518518518517,0.6481481481481481,0.1111111111111111,0.037037037037037035,0.18518518518518517,9,1,normal,false,14,24,15,4290,1130,1260,3980,false,true,false,3350,10,7325,44,2,5|3
795,ketoBig,7924,47,17,budget,1,100,true,5,1380,123,172,0.0851063829787234,0.5957446808510638,0.14893617021276595,0.06382978723404255,0.10638297872340426,8,1,normal,false,6,20,374,3050,1560,1740,1200,false,false,false,870,5,7054,42,1,4
796,ketoBig,3340,30,0,budget,0,65,true,5,690,71,106,0.2,0.8,0,0,0,3,16,normal,false,4,13,195,3145,0,0,0,false,false,true,0,0,3340,30,0,
797,ketoBig,5806,36,6,budget,0,80,true,6,1320,104,173,0.2777777777777778,0.6944444444444444,0.027777777777777776,0,0,8,2,normal,false,3,19,631,3765,1410,0,0,false,false,false,0,0,5806,36,0,
798,ketoBig,3365,34,4,budget,0,79,true,3,420,76,117,0.058823529411764705,0.9117647058823529,0.029411764705882353,0,0,4,5,normal,false,6,13,30,2645,690,0,0,false,false,false,0,0,3365,34,0,
799,ketoBig,4118,36,6,budget,0,81,true,5,600,90,151,0.2222222222222222,0.6944444444444444,0.08333333333333333,0,0,4,1,normal,false,6,12,598,2760,760,0,0,false,false,false,0,0,4118,36,0,
800,ketoBig,6871,40,10,budget,0,94,true,5,1005,120,200,0.15,0.75,0.1,0,0,7,2,normal,false,5,18,476,4785,1340,270,0,true,false,false,0,0,6871,40,0,
801,ketoBig,4258,40,10,budget,0,90,true,4,430,92,150,0.175,0.725,0.075,0.025,0,7,1,normal,false,7,18,623,2660,570,405,0,true,false,false,0,0,4258,40,0,
802,ketoBig,16036,59,29,budget,1,100,true,6,3780,178,263,0.06779661016949153,0.6949152542372882,0.13559322033898305,0.01694915254237288,0.0847457627118644,13,10,normal,false,8,25,96,5785,2250,5925,1980,false,true,false,1800,5,14236,54,1,5
803,ketoBig,5024,36,6,budget,0,94,true,4,1120,85,148,0.3333333333333333,0.5,0.1388888888888889,0.027777777777777776,0,5,2,crash,false,5,15,694,2125,1440,765,0,true,false,false,0,0,5024,36,0,
804,ketoBig,20885,66,36,budget,2,100,true,7,8340,185,292,0.22727272727272727,0.45454545454545453,0.12121212121212122,0.045454545454545456,0.15151515151515152,17,3,normal,false,8,37,760,3295,2760,990,13080,false,true,true,13230,10,7655,56,2,3|2
805,ketoBig,6161,42,12,budget,0,92,true,4,1110,104,159,0.11904761904761904,0.7857142857142857,0.09523809523809523,0,0,6,16,normal,false,6,19,421,3415,1650,675,0,true,false,false,0,0,6161,42,0,
806,ketoBig,15223,61,31,budget,1,100,true,5,2880,194,276,0.08196721311475409,0.6557377049180327,0.14754098360655737,0.03278688524590164,0.08196721311475409,15,3,normal,false,5,33,233,5770,3460,1740,4020,false,true,false,4020,5,11203,56,1,2
807,ketoBig,20908,67,37,budget,1,100,true,8,3270,227,328,0.04477611940298507,0.6119402985074627,0.22388059701492538,0.04477611940298507,0.07462686567164178,14,8,normal,false,4,40,193,7770,7110,3915,1920,false,true,false,5070,5,15838,62,0,
808,ketoBig,29173,94,64,budget,4,100,true,5,3620,297,399,0.06382978723404255,0.46808510638297873,0.19148936170212766,0.06382978723404255,0.2127659574468085,27,2,normal,false,5,57,273,5500,6180,1860,15360,false,true,false,14800,20,14373,74,4,4|3|4|2
809,ketoBig,10400,45,15,budget,1,100,true,4,2860,122,189,0.044444444444444446,0.7555555555555555,0.06666666666666667,0.022222222222222223,0.1111111111111111,7,1,normal,false,6,22,35,4625,1170,90,4480,false,true,true,3970,5,6430,40,1,3
810,ketoBig,22385,78,48,budget,2,100,true,5,3750,242,341,0.02564102564102564,0.6282051282051282,0.16666666666666666,0.05128205128205128,0.1282051282051282,22,3,normal,false,9,45,180,5460,5490,1215,10040,false,false,true,9520,10,12865,68,2,6|2
811,ketoBig,19370,74,44,budget,2,100,false,5,2080,213,309,0,0.6621621621621622,0.16216216216216217,0.04054054054054054,0.13513513513513514,16,4,normal,false,6,43,0,5475,4370,1185,8340,false,false,true,8190,10,11180,64,1,7
812,ketoBig,6158,40,10,budget,0,94,true,5,900,128,180,0.125,0.775,0.1,0,0,8,2,normal,false,4,19,388,4750,480,540,0,true,false,true,0,0,6158,40,0,
813,ketoBig,2660,32,2,budget,0,84,true,2,300,75,93,0.03125,0.90625,0.0625,0,0,2,4,normal,false,9,10,20,2100,540,0,0,false,false,false,0,0,2660,32,0,
814,ketoBig,6258,44,14,budget,0,88,true,5,2020,110,147,0.13636363636363635,0.7272727272727273,0.11363636363636363,0.022727272727272728,0,9,2,normal,false,5,23,223,2395,1930,1710,0,false,false,false,0,0,6258,44,0,
815,ketoBig,16370,64,34,budget,2,100,true,4,2060,209,267,0.140625,0.453125,0.15625,0.09375,0.15625,16,1,normal,false,8,30,700,3020,3270,2580,6800,false,true,false,6380,10,9990,54,2,4|4
816,ketoBig,3480,36,6,budget,0,85,true,4,620,84,116,0.05555555555555555,0.8888888888888888,0.05555555555555555,0,0,5,6,normal,false,5,16,30,3000,450,0,0,false,false,true,0,0,3480,36,0,
817,ketoBig,6820,41,11,budget,1,100,true,3,810,108,154,0.024390243902439025,0.7560975609756098,0.07317073170731707,0.024390243902439025,0.12195121951219512,5,2,normal,false,10,14,15,4135,450,360,1860,false,false,true,1770,5,5050,36,1,4
818,ketoBig,13573,68,38,budget,2,100,true,3,1120,215,273,0.029411764705882353,0.6764705882352942,0.11764705882352941,0.029411764705882353,0.14705882352941177,14,6,normal,false,5,33,68,4955,2950,180,5420,false,false,true,4120,10,9453,58,2,2|3
819,ketoBig,2599,30,0,budget,0,50,true,3,390,59,142,0.6666666666666666,0.3333333333333333,0,0,0,3,8,crash,false,4,13,1189,1410,0,0,0,false,false,false,0,0,2599,30,0,
820,ketoBig,6800,40,10,budget,0,94,true,5,1185,125,205,0.35,0.45,0.175,0.025,0,6,3,normal,false,6,17,1035,4175,1140,450,0,true,false,false,0,0,6800,40,0,
821,ketoBig,5025,32,2,budget,0,75,true,6,1225,97,147,0.0625,0.90625,0.03125,0,0,2,10,normal,false,3,14,210,4575,240,0,0,false,false,false,0,0,5025,32,0,
822,ketoBig,7620,36,6,budget,0,83,false,5,1005,131,196,0,0.9166666666666666,0.08333333333333333,0,0,3,3,normal,false,6,17,0,6750,870,0,0,false,false,false,0,0,7620,36,0,
823,ketoBig,7375,40,10,budget,0,84,true,5,780,122,178,0.025,0.85,0.125,0,0,6,1,normal,false,5,18,45,4690,2640,0,0,false,false,false,0,0,7375,40,0,
824,ketoBig,3307,30,0,budget,0,69,true,5,398,73,122,0.3,0.7,0,0,0,3,19,normal,false,7,13,662,2645,0,0,0,false,false,true,0,0,3307,30,0,
825,ketoBig,9110,51,21,budget,1,100,true,5,1350,130,189,0.058823529411764705,0.6470588235294118,0.11764705882352941,0.0784313725490196,0.09803921568627451,9,2,normal,false,7,18,335,3545,1180,810,3240,false,true,true,3150,5,5960,46,1,3
826,ketoBig,20510,94,64,budget,2,100,true,4,2460,245,360,0.0425531914893617,0.5638297872340425,0.22340425531914893,0.06382978723404255,0.10638297872340426,27,12,normal,false,10,52,170,4305,6990,2205,6840,false,false,false,6750,10,13760,84,2,2|3
827,ketoBig,5162,42,12,budget,0,99,true,4,795,105,147,0.21428571428571427,0.6428571428571429,0.07142857142857142,0.07142857142857142,0,7,8,normal,false,7,19,647,3045,930,540,0,true,true,true,0,0,5162,42,0,
828,ketoBig,23043,90,60,budget,4,100,true,5,2310,273,360,0.03333333333333333,0.5888888888888889,0.13333333333333333,0.022222222222222223,0.2222222222222222,19,13,normal,false,5,46,203,4850,3290,4320,10380,false,true,false,10630,20,12413,70,4,3|2|2|3
829,ketoBig,6594,34,4,budget,0,80,true,5,1440,95,186,0.20588235294117646,0.7941176470588235,0,0,0,3,13,normal,false,4,17,754,3980,1860,0,0,false,false,true,0,0,6594,34,0,
830,ketoBig,24704,93,63,budget,3,100,true,5,2640,283,428,0.10752688172043011,0.3978494623655914,0.23655913978494625,0.0967741935483871,0.16129032258064516,26,2,crash,false,8,55,944,4665,5970,4125,9000,false,true,false,5740,15,18964,78,3,6|10|4
831,ketoBig,4215,32,2,budget,0,70,true,4,920,92,145,0.0625,0.9375,0,0,0,2,11,normal,false,6,9,75,4140,0,0,0,false,false,false,0,0,4215,32,0,
832,ketoBig,12250,59,29,budget,1,100,false,5,1140,161,225,0,0.576271186440678,0.23728813559322035,0.1016949152542373,0.0847457627118644,12,3,normal,false,8,29,0,4335,4510,1845,1560,false,true,false,1650,5,10600,54,1,4
833,ketoBig,5490,36,6,budget,0,90,false,4,1050,105,146,0,0.9444444444444444,0.027777777777777776,0.027777777777777776,0,3,26,normal,false,10,10,0,4845,510,135,0,true,false,false,0,0,5490,36,0,
834,ketoBig,4031,32,2,budget,0,84,true,4,720,86,135,0.1875,0.6875,0.125,0,0,2,2,normal,false,9,11,551,2910,570,0,0,false,false,true,0,0,4031,32,0,
835,ketoBig,24645,124,94,budget,2,100,true,4,1530,342,452,0.04838709677419355,0.5080645161290323,0.2903225806451613,0.07258064516129033,0.08064516129032258,41,4,crash,false,7,73,315,6665,7120,5565,4980,false,true,false,5240,10,19405,114,2,3|10
836,ketoBig,3295,30,0,budget,0,68,false,4,420,78,109,0,1,0,0,0,0,-1,normal,false,4,13,0,3295,0,0,0,false,false,true,0,0,3295,30,0,
837,ketoBig,17366,86,56,budget,2,100,true,4,1320,230,300,0.046511627906976744,0.5348837209302325,0.23255813953488372,0.06976744186046512,0.11627906976744186,21,2,normal,false,6,49,256,3605,6040,1905,5560,false,true,true,5110,10,12256,76,2,2|2
838,ketoBig,4358,32,2,budget,0,75,true,5,675,95,139,0.09375,0.875,0.03125,0,0,3,9,normal,false,6,12,533,3645,180,0,0,false,false,false,0,0,4358,32,0,
839,ketoBig,4040,30,0,budget,0,67,true,6,1290,74,128,0,1,0,0,0,0,-1,normal,false,4,12,30,4010,0,0,0,false,false,false,0,0,4040,30,0,
840,ketoBig,8110,48,18,budget,0,94,true,6,1230,128,207,0.0625,0.75,0.125,0.0625,0,10,2,crash,false,6,26,150,4705,2400,855,0,true,false,false,0,0,8110,48,0,
841,ketoBig,8075,43,13,budget,1,100,true,4,1170,126,161,0,0.7674418604651163,0.09302325581395349,0.023255813953488372,0.11627906976744186,5,3,normal,false,7,17,30,4045,670,90,3240,false,false,false,2370,5,5705,38,1,4
842,ketoBig,3381,30,0,budget,0,62,true,5,900,76,117,0.16666666666666666,0.8333333333333334,0,0,0,2,9,normal,false,5,9,316,3065,0,0,0,false,false,false,0,0,3381,30,0,
843,ketoBig,3110,30,0,budget,0,53,true,5,600,68,107,0.16666666666666666,0.8333333333333334,0,0,0,3,14,normal,false,6,11,160,2950,0,0,0,false,false,false,0,0,3110,30,0,
844,ketoBig,9755,47,17,budget,1,100,true,3,1460,127,187,0.19148936170212766,0.5957446808510638,0.06382978723404255,0.0425531914893617,0.10638297872340426,8,3,normal,false,7,20,495,2560,2500,300,3900,false,true,true,2940,5,6815,42,1,3
845,ketoBig,20315,72,42,budget,2,100,false,7,2220,228,310,0,0.6111111111111112,0.18055555555555555,0.06944444444444445,0.1388888888888889,18,1,normal,false,6,43,0,5290,5010,3195,6820,false,true,false,5860,10,14455,62,2,3|3
846,ketoBig,23636,86,56,budget,4,100,true,5,2640,266,351,0.03488372093023256,0.46511627906976744,0.19767441860465115,0.06976744186046512,0.23255813953488372,20,4,normal,false,5,42,216,5800,3340,2100,12180,false,false,false,8130,20,15506,66,4,4|6|3|4
847,ketoBig,4673,44,14,budget,0,92,true,3,660,94,147,0.06818181818181818,0.8409090909090909,0.06818181818181818,0.022727272727272728,0,7,9,crash,false,4,21,38,3135,1230,270,0,true,false,false,0,0,4673,44,0,
848,ketoBig,4692,38,8,budget,0,94,true,4,960,93,160,0.3157894736842105,0.47368421052631576,0.18421052631578946,0.02631578947368421,0,5,2,normal,false,6,16,822,2475,990,405,0,true,false,false,0,0,4692,38,0,
849,ketoBig,12433,45,15,budget,1,100,true,4,2250,135,234,0.15555555555555556,0.5777777777777777,0.06666666666666667,0.08888888888888889,0.1111111111111111,9,1,normal,false,6,25,363,5100,750,2820,3400,false,true,true,2620,5,9813,40,1,4
850,ketoBig,26423,107,77,budget,3,100,true,4,2040,283,428,0.08411214953271028,0.514018691588785,0.2336448598130841,0.028037383177570093,0.14018691588785046,34,3,crash,false,9,64,298,4970,7230,3825,10100,false,false,false,10045,15,16378,92,2,4|5
851,ketoBig,10687,57,27,budget,1,100,true,7,1810,172,252,0.10526315789473684,0.6666666666666666,0.10526315789473684,0.03508771929824561,0.08771929824561403,11,4,normal,false,3,32,607,6150,1260,990,1680,false,true,false,1290,5,9397,52,1,3
852,ketoBig,4686,30,0,budget,0,64,true,5,795,85,144,0.13333333333333333,0.8666666666666667,0,0,0,1,21,normal,false,5,14,361,4325,0,0,0,false,false,false,0,0,4686,30,0,
853,ketoBig,18085,79,49,budget,3,100,true,5,3030,236,319,0.05063291139240506,0.379746835443038,0.3037974683544304,0.0759493670886076,0.189873417721519,21,2,crash,false,5,42,215,3950,3450,3390,7080,false,true,false,7440,15,10645,64,3,3|7|3
854,ketoBig,23813,102,72,budget,2,100,true,6,2580,284,394,0.0392156862745098,0.5882352941176471,0.22549019607843138,0.049019607843137254,0.09803921568627451,30,7,normal,false,5,51,128,6430,8050,4005,5200,false,true,false,4780,10,19033,92,2,4|3
855,ketoBig,5755,36,6,budget,0,79,false,4,1240,106,151,0,0.9722222222222222,0.027777777777777776,0,0,3,16,normal,false,8,13,0,4465,1290,0,0,false,false,true,0,0,5755,36,0,
856,ketoBig,20410,65,58,lock,4,100,false,5,1460,198,241,0,0.35384615384615387,0.27692307692307694,0.06153846153846154,0.3076923076923077,19,1,normal,false,7,37,0,2250,6870,1050,10240,false,false,false,8020,20,12390,45,4,2|3|4|6
857,ketoBig,5640,38,8,budget,0,80,false,4,1370,109,158,0,0.9736842105263158,0.02631578947368421,0,0,4,5,normal,false,3,19,0,5280,360,0,0,false,false,false,0,0,5640,38,0,
858,ketoBig,3793,32,2,budget,0,72,true,6,728,84,141,0.25,0.71875,0.03125,0,0,4,3,normal,false,6,17,963,2650,180,0,0,false,false,true,0,0,3793,32,0,
859,ketoBig,6475,48,18,budget,0,99,false,4,900,117,168,0,0.8958333333333334,0.08333333333333333,0.020833333333333332,0,9,21,normal,false,11,20,0,4125,1450,900,0,true,true,false,0,0,6475,48,0,
860,ketoBig,21245,95,65,budget,3,100,true,6,1410,286,386,0.042105263157894736,0.5473684210526316,0.2,0.05263157894736842,0.15789473684210525,26,3,normal,false,9,46,70,7835,7890,1350,4100,false,false,false,4010,15,17235,80,3,2|6|3
861,ketoBig,4175,36,6,budget,0,80,true,5,1005,78,145,0.3611111111111111,0.6111111111111112,0.027777777777777776,0,0,5,10,normal,false,4,13,740,2325,1110,0,0,false,false,false,0,0,4175,36,0,
862,ketoBig,3670,34,4,budget,0,93,true,3,305,79,130,0,0.8823529411764706,0.08823529411764706,0.029411764705882353,0,2,3,normal,false,6,15,30,3265,240,135,0,true,false,true,0,0,3670,34,0,
863,ketoBig,8470,43,13,budget,1,100,false,5,1350,123,192,0,0.7906976744186046,0.06976744186046512,0.023255813953488372,0.11627906976744186,5,1,normal,false,5,17,0,5170,1590,90,1620,false,false,true,1410,5,7060,38,1,3
864,ketoBig,4645,38,8,budget,0,92,false,8,1770,92,114,0,0.8421052631578947,0.13157894736842105,0.02631578947368421,0,4,26,normal,false,4,13,0,3690,820,135,0,true,false,false,0,0,4645,38,0,
865,ketoBig,12798,48,18,budget,2,100,true,5,2465,140,186,0.08333333333333333,0.6041666666666666,0.08333333333333333,0.020833333333333332,0.20833333333333334,6,1,normal,false,8,17,163,2870,1340,3165,5260,false,false,true,5740,10,7058,38,2,3|2
866,ketoBig,2839,32,2,budget,0,73,true,4,585,66,109,0.1875,0.8125,0,0,0,3,2,normal,false,5,8,159,2500,180,0,0,false,false,false,0,0,2839,32,0,
867,ketoBig,15415,63,33,budget,3,100,false,6,1940,195,252,0,0.5714285714285714,0.12698412698412698,0.06349206349206349,0.23809523809523808,10,1,normal,false,7,25,0,5535,1190,2070,6620,false,true,true,6590,15,8825,48,3,2|2|5
868,ketoBig,6745,45,15,budget,1,100,true,4,580,123,173,0.022222222222222223,0.7111111111111111,0.13333333333333333,0.022222222222222223,0.1111111111111111,6,1,normal,false,7,18,135,4650,540,360,1060,false,false,true,1030,5,5715,40,1,5
869,ketoBig,5023,30,0,budget,0,64,true,7,1600,89,157,0.2,0.8,0,0,0,2,11,crash,false,6,12,333,4690,0,0,0,false,false,false,0,0,5023,30,0,
870,ketoBig,16020,43,13,budget,1,100,false,7,7220,133,187,0,0.6976744186046512,0.16279069767441862,0.023255813953488372,0.11627906976744186,5,5,normal,false,6,21,0,3850,1640,90,10440,false,false,true,10410,5,5610,38,1,4
871,ketoBig,9539,58,28,budget,0,90,true,6,990,173,241,0.10344827586206896,0.6896551724137931,0.13793103448275862,0.06896551724137931,0,11,7,normal,false,6,27,459,6080,2460,540,0,true,false,false,0,0,9539,58,0,
872,ketoBig,8436,55,25,budget,1,100,true,4,870,144,224,0.12727272727272726,0.6,0.16363636363636364,0.01818181818181818,0.09090909090909091,12,2,crash,false,5,23,366,3540,2460,630,1440,false,false,false,1170,5,7266,50,1,2
873,ketoBig,11425,51,21,budget,1,100,true,4,1860,160,215,0,0.7843137254901961,0.058823529411764705,0.058823529411764705,0.09803921568627451,7,2,normal,false,7,21,40,4565,2320,1440,3060,false,false,false,1560,5,9865,46,1,3
874,ketoBig,5008,32,2,budget,0,73,true,5,535,79,159,0.03125,0.9375,0.03125,0,0,1,2,crash,false,3,18,443,4415,150,0,0,false,false,true,0,0,5008,32,0,
875,ketoBig,10448,55,25,budget,1,100,true,6,1100,166,223,0.03636363636363636,0.7090909090909091,0.10909090909090909,0.05454545454545454,0.09090909090909091,11,1,normal,false,8,27,208,5225,2000,1035,1980,false,true,false,1950,5,8498,50,1,5
876,ketoBig,11685,60,30,budget,2,100,false,4,840,179,256,0,0.6333333333333333,0.15,0.05,0.16666666666666666,10,2,normal,false,4,36,0,4735,2510,960,3480,false,false,false,2940,10,8745,50,2,2|4
877,ketoBig,5054,30,2,lock,0,73,true,8,2345,73,133,0.2,0.8,0,0,0,2,2,crash,false,7,12,129,4745,180,0,0,false,false,false,0,0,5054,30,0,
878,ketoBig,10700,47,17,budget,1,100,true,4,1520,161,212,0.06382978723404255,0.7446808510638298,0.06382978723404255,0.02127659574468085,0.10638297872340426,8,2,normal,false,6,19,50,5415,1200,1035,3000,false,false,false,1570,5,9130,42,1,3
879,ketoBig,14915,61,31,budget,1,100,false,7,4575,174,219,0,0.6557377049180327,0.21311475409836064,0.04918032786885246,0.08196721311475409,13,2,normal,false,6,31,0,4480,1850,3105,5480,false,false,false,6375,5,8540,56,1,3
880,ketoBig,5595,34,4,budget,0,87,true,6,1365,96,152,0.08823529411764706,0.8529411764705882,0.058823529411764705,0,0,4,4,crash,false,3,17,60,5325,210,0,0,false,false,false,0,0,5595,34,0,
881,ketoBig,6445,40,10,budget,0,80,true,4,900,113,181,0.025,0.9,0.075,0,0,6,2,normal,false,6,16,15,4300,2130,0,0,false,false,false,0,0,6445,40,0,
882,ketoBig,3764,30,0,budget,0,67,true,5,690,85,130,0.2,0.8,0,0,0,1,29,normal,false,7,12,389,3375,0,0,0,false,false,true,0,0,3764,30,0,
883,ketoBig,12309,62,32,budget,2,100,true,5,2460,153,198,0.12903225806451613,0.532258064516129,0.14516129032258066,0.03225806451612903,0.16129032258064516,15,1,normal,false,7,28,309,3000,1200,360,7440,false,false,false,5550,10,6759,52,2,2|4
884,ketoBig,9725,43,13,budget,1,100,true,4,2380,129,178,0.023255813953488372,0.7209302325581395,0.11627906976744186,0.023255813953488372,0.11627906976744186,6,21,normal,false,3,22,105,4495,1840,405,2880,false,false,false,3160,5,6565,38,1,4
885,ketoBig,2878,30,0,budget,0,62,true,4,600,68,100,0.13333333333333333,0.8666666666666667,0,0,0,2,18,normal,false,4,10,228,2650,0,0,0,false,false,false,0,0,2878,30,0,
886,ketoBig,22776,75,45,budget,3,100,true,7,4660,218,322,0.06666666666666667,0.49333333333333335,0.2,0.04,0.2,18,2,normal,false,5,38,421,4530,6810,2415,8600,false,false,false,9170,15,13606,60,3,3|6|4
887,ketoBig,8895,46,16,budget,0,97,true,4,1740,134,194,0.021739130434782608,0.782608695652174,0.15217391304347827,0.043478260869565216,0,9,11,normal,false,6,21,15,3520,5000,360,0,true,true,false,0,0,8895,46,0,
888,ketoBig,7750,49,19,budget,1,100,false,6,1830,117,155,0,0.7142857142857143,0.14285714285714285,0.04081632653061224,0.10204081632653061,7,3,normal,false,4,28,0,3040,3140,270,1300,false,false,false,1210,5,6540,44,1,6
889,ketoBig,5420,42,12,budget,0,81,true,4,510,114,168,0.07142857142857142,0.9285714285714286,0,0,0,8,1,normal,false,6,15,110,3690,1620,0,0,false,false,false,0,0,5420,42,0,
890,ketoBig,14814,65,35,budget,1,100,true,6,1260,188,301,0.12307692307692308,0.6153846153846154,0.15384615384615385,0.03076923076923077,0.07692307692307693,14,2,normal,false,12,33,844,3920,5220,1470,3360,false,false,false,3360,5,11454,60,1,3
891,ketoBig,3890,32,2,budget,0,72,true,3,375,87,126,0.03125,0.9375,0.03125,0,0,2,11,normal,false,6,14,45,3695,150,0,0,false,false,true,0,0,3890,32,0,
892,ketoBig,14472,64,34,budget,2,100,true,4,3200,163,263,0.21875,0.390625,0.1875,0.046875,0.15625,17,2,crash,false,7,34,782,3375,1430,1305,7580,false,true,false,3360,10,11112,54,2,5|4
893,ketoBig,6286,42,12,budget,0,90,true,5,725,123,209,0.09523809523809523,0.7142857142857143,0.16666666666666666,0.023809523809523808,0,8,2,normal,false,5,23,526,4365,1260,135,0,true,false,false,0,0,6286,42,0,
894,ketoBig,6460,44,14,budget,0,92,true,4,570,119,160,0.022727272727272728,0.8181818181818182,0.13636363636363635,0.022727272727272728,0,8,2,normal,false,8,20,15,4075,1560,810,0,true,false,false,0,0,6460,44,0,
895,ketoBig,3150,32,2,budget,0,84,false,3,390,71,99,0,0.90625,0.09375,0,0,1,6,normal,false,16,8,0,2580,570,0,0,false,false,false,0,0,3150,32,0,
896,ketoBig,4581,40,10,budget,0,90,true,4,525,106,164,0.125,0.8,0.05,0.025,0,6,13,normal,false,7,17,311,3820,180,270,0,true,false,false,0,0,4581,40,0,
897,ketoBig,7051,41,11,budget,1,100,true,5,795,98,163,0.21951219512195122,0.4634146341463415,0.1951219512195122,0,0.12195121951219512,6,3,normal,false,5,17,551,2465,930,945,2160,false,false,false,1740,5,5311,36,1,4
898,ketoBig,3488,30,0,budget,0,62,true,5,735,72,123,0.3,0.7,0,0,0,3,17,normal,false,4,12,408,3080,0,0,0,false,false,true,0,0,3488,30,0,
899,ketoBig,7256,48,18,budget,0,90,true,4,1050,125,194,0.16666666666666666,0.6458333333333334,0.125,0.0625,0,11,6,normal,false,4,25,426,3410,1740,1680,0,true,false,false,0,0,7256,48,0,
900,ketoBig,4988,36,6,budget,0,84,true,7,1200,99,135,0.2222222222222222,0.7222222222222222,0.05555555555555555,0,0,4,1,normal,false,12,9,248,4020,720,0,0,false,false,false,0,0,4988,36,0,
901,ketoBig,4175,38,8,budget,0,80,true,4,360,94,137,0.10526315789473684,0.8421052631578947,0.05263157894736842,0,0,5,3,crash,false,5,15,105,3320,750,0,0,false,false,false,0,0,4175,38,0,
902,ketoBig,10423,51,21,budget,1,100,true,5,960,148,229,0.09803921568627451,0.6274509803921569,0.1568627450980392,0.0196078431372549,0.09803921568627451,9,2,normal,false,6,26,353,4655,2700,315,2400,false,false,true,1740,5,8683,46,1,5
903,ketoBig,6575,42,12,budget,0,94,true,3,765,110,175,0.11904761904761904,0.7380952380952381,0.14285714285714285,0,0,8,5,normal,false,6,20,120,3710,1530,1215,0,true,false,true,0,0,6575,42,0,
904,ketoBig,2229,30,0,budget,0,62,true,4,285,57,99,0.23333333333333334,0.7666666666666667,0,0,0,2,15,normal,false,6,7,459,1770,0,0,0,false,false,false,0,0,2229,30,0,
905,ketoBig,4895,36,6,budget,0,94,true,3,630,96,149,0.027777777777777776,0.8888888888888888,0.05555555555555555,0.027777777777777776,0,4,2,normal,false,5,17,45,3830,840,180,0,true,false,false,0,0,4895,36,0,
906,ketoBig,8580,63,33,budget,1,100,true,4,710,152,190,0.031746031746031744,0.6349206349206349,0.23809523809523808,0.015873015873015872,0.07936507936507936,13,2,crash,false,9,26,15,3905,2650,630,1380,false,false,false,1290,5,7290,58,1,6
907,ketoBig,4270,32,2,budget,0,71,false,4,555,95,125,0,1,0,0,0,1,10,normal,false,5,12,0,4000,270,0,0,false,false,false,0,0,4270,32,0,
908,ketoBig,10015,57,27,budget,1,100,true,6,2500,144,209,0.10526315789473684,0.631578947368421,0.12280701754385964,0.05263157894736842,0.08771929824561403,14,5,normal,false,8,30,385,2775,4570,525,1760,false,false,false,1640,5,8375,52,1,3
909,ketoBig,5788,34,4,budget,0,77,true,8,1780,96,148,0.058823529411764705,0.8823529411764706,0.058823529411764705,0,0,2,2,crash,false,5,14,23,5285,480,0,0,false,false,false,0,0,5788,34,0,
910,ketoBig,4991,32,2,budget,0,73,true,5,1035,95,155,0.15625,0.8125,0.03125,0,0,3,2,normal,false,3,18,316,4555,120,0,0,false,false,true,0,0,4991,32,0,
911,ketoBig,9205,43,35,lock,1,100,false,3,1440,107,146,0,0.3953488372093023,0.32558139534883723,0.16279069767441862,0.11627906976744186,15,3,normal,false,2,30,0,1025,3860,2580,1740,false,true,true,1650,5,7555,38,1,9
912,ketoBig,10348,57,27,budget,1,100,true,4,820,162,214,0.08771929824561403,0.5789473684210527,0.15789473684210525,0.08771929824561403,0.08771929824561403,12,4,crash,false,6,27,188,4160,2320,1200,2480,false,true,true,2450,5,7898,52,1,8
913,ketoBig,4258,34,4,budget,0,93,true,4,645,86,132,0.058823529411764705,0.8235294117647058,0.08823529411764706,0.029411764705882353,0,3,8,normal,false,6,16,38,3310,640,270,0,true,false,true,0,0,4258,34,0,
914,ketoBig,5510,32,2,budget,0,73,true,4,1010,109,187,0.09375,0.875,0.03125,0,0,4,6,normal,false,3,15,460,4930,120,0,0,false,false,false,0,0,5510,32,0,
915,ketoBig,6053,40,10,budget,0,91,true,6,1155,109,177,0.1,0.825,0.05,0.025,0,7,2,crash,false,6,17,158,5115,600,180,0,true,false,false,0,0,6053,40,0,
916,ketoBig,12516,57,27,budget,1,100,true,5,1860,178,240,0.07017543859649122,0.6666666666666666,0.15789473684210525,0.017543859649122806,0.08771929824561403,12,2,normal,false,5,31,201,5595,1800,1800,3120,false,false,true,3090,5,9426,52,1,3
917,ketoBig,4345,36,6,budget,0,80,true,5,660,102,133,0.027777777777777776,0.9444444444444444,0.027777777777777776,0,0,4,3,normal,false,5,13,15,4060,270,0,0,false,false,false,0,0,4345,36,0,
918,ketoBig,5523,41,11,budget,1,100,true,3,600,90,131,0.17073170731707318,0.6341463414634146,0.04878048780487805,0.024390243902439025,0.12195121951219512,7,2,normal,false,5,17,143,2515,300,765,1800,false,false,true,1680,5,3843,36,1,3
919,ketoBig,5473,36,6,budget,0,83,true,5,1095,98,163,0.19444444444444445,0.6666666666666666,0.1388888888888889,0,0,5,2,normal,false,7,15,303,3720,1450,0,0,false,false,true,0,0,5473,36,0,
920,ketoBig,4805,38,8,budget,0,90,true,4,600,110,159,0.05263157894736842,0.8947368421052632,0.05263157894736842,0,0,6,4,normal,false,4,19,310,3415,810,270,0,true,false,true,0,0,4805,38,0,
921,ketoBig,12498,49,19,budget,1,100,true,5,3200,157,231,0.04081632653061224,0.7755102040816326,0.08163265306122448,0,0.10204081632653061,10,1,normal,false,5,30,453,4945,1460,2520,3120,false,false,true,3120,5,9378,44,1,3
922,ketoBig,5914,38,8,budget,0,83,true,6,870,100,180,0.23684210526315788,0.7368421052631579,0.02631578947368421,0,0,5,3,crash,false,6,16,849,3895,1170,0,0,false,false,false,0,0,5914,38,0,
923,ketoBig,5075,27,0,lock,0,67,true,5,1480,72,141,0.037037037037037035,0.9629629629629629,0,0,0,1,13,normal,false,6,10,15,5060,0,0,0,false,false,false,0,0,5075,27,0,
924,ketoBig,4425,30,0,budget,0,59,true,4,465,90,130,0.03333333333333333,0.9666666666666667,0,0,0,1,17,normal,false,4,15,240,4185,0,0,0,false,false,true,0,0,4425,30,0,
925,ketoBig,19359,84,54,budget,2,100,true,5,2400,220,346,0.10714285714285714,0.5,0.23809523809523808,0.03571428571428571,0.11904761904761904,26,6,crash,false,6,38,444,4640,7710,1845,4720,false,false,false,4060,10,15299,74,2,2|4
926,ketoBig,9065,45,15,budget,1,100,true,4,1590,132,183,0.022222222222222223,0.7333333333333333,0.06666666666666667,0.06666666666666667,0.1111111111111111,7,2,normal,false,5,19,30,4285,2070,360,2320,false,true,false,2250,5,6815,40,1,5
927,ketoBig,11393,53,23,budget,1,100,true,5,1670,143,248,0.1509433962264151,0.6981132075471698,0.05660377358490566,0,0.09433962264150944,9,1,normal,false,4,26,308,4140,2460,1845,2640,false,true,false,2920,5,8473,48,0,
928,ketoBig,13629,58,28,budget,2,100,true,5,2080,153,263,0.1896551724137931,0.41379310344827586,0.15517241379310345,0.06896551724137931,0.1724137931034483,13,1,crash,false,6,30,914,3160,760,3195,5600,false,true,false,5540,10,8089,48,2,8|6
929,ketoBig,6095,38,8,budget,0,81,true,4,670,128,181,0.02631578947368421,0.9736842105263158,0,0,0,5,1,normal,false,9,14,45,5240,810,0,0,false,false,true,0,0,6095,38,0,
930,ketoBig,1265,10,0,lock,0,69,false,3,405,30,39,0,1,0,0,0,0,-1,normal,false,4,4,0,1265,0,0,0,false,false,true,0,0,1265,10,0,
931,ketoBig,7015,37,7,budget,1,100,true,5,1420,115,142,0.08108108108108109,0.7297297297297297,0.05405405405405406,0,0.13513513513513514,3,3,normal,false,6,11,175,3150,1210,0,2480,false,false,false,2340,5,4675,32,1,2
932,ketoBig,26390,51,21,budget,1,100,true,10,16925,160,213,0.0196078431372549,0.7254901960784313,0.1568627450980392,0,0.09803921568627451,7,3,crash,false,8,19,30,4070,1050,6000,15240,false,false,false,18525,5,7865,46,1,6
933,ketoBig,6890,38,8,budget,0,86,true,5,2010,109,175,0,0.8947368421052632,0.10526315789473684,0,0,3,1,normal,false,5,15,150,4120,1180,1440,0,false,false,true,0,0,6890,38,0,
934,ketoBig,9885,51,21,budget,1,100,false,3,1200,144,198,0,0.7450980392156863,0.1568627450980392,0,0.09803921568627451,8,1,normal,false,3,26,0,4255,1500,1410,2720,false,false,false,2960,5,6925,46,1,5
935,ketoBig,6184,32,2,budget,0,76,true,7,1975,90,185,0.3125,0.65625,0.03125,0,0,2,12,normal,false,6,14,684,5290,210,0,0,false,false,false,0,0,6184,32,0,
936,ketoBig,17210,71,41,budget,3,100,true,5,3240,187,246,0.014084507042253521,0.5352112676056338,0.18309859154929578,0.056338028169014086,0.2112676056338028,16,1,normal,false,8,35,15,3135,2670,3150,8240,false,true,false,7310,15,9900,56,3,6|5|5
937,ketoBig,4895,30,0,budget,0,68,true,4,695,97,141,0.03333333333333333,0.9666666666666667,0,0,0,1,22,normal,false,5,12,50,4845,0,0,0,false,false,false,0,0,4895,30,0,
938,ketoBig,3720,30,0,budget,0,63,true,4,540,85,120,0,1,0,0,0,0,-1,normal,false,4,9,30,3690,0,0,0,false,false,false,0,0,3720,30,0,
939,ketoBig,5635,48,18,budget,0,92,true,3,585,111,175,0.041666666666666664,0.6875,0.22916666666666666,0.041666666666666664,0,10,2,normal,false,5,32,100,3270,1680,585,0,true,false,true,0,0,5635,48,0,
940,ketoBig,13865,60,30,budget,2,100,false,5,1680,170,249,0,0.5833333333333334,0.18333333333333332,0.06666666666666667,0.16666666666666666,11,1,normal,false,7,23,0,4060,3300,1965,4540,false,true,false,4580,10,9285,50,2,2|5
941,ketoBig,5275,40,10,budget,0,89,true,5,660,109,167,0.075,0.8,0.1,0.025,0,6,7,crash,false,6,24,380,3950,810,135,0,false,false,false,0,0,5275,40,0,
942,ketoBig,1080,12,2,lock,0,74,false,3,480,21,29,0,1,0,0,0,1,10,normal,false,3,3,0,630,450,0,0,false,false,false,0,0,1080,12,0,
943,ketoBig,18380,79,49,budget,1,100,true,5,1760,257,354,0.012658227848101266,0.6329113924050633,0.21518987341772153,0.0759493670886076,0.06329113924050633,19,3,crash,false,6,43,0,6380,6510,2430,3060,false,true,false,2550,5,15830,74,1,2
944,ketoBig,10740,48,18,budget,0,90,true,6,1590,150,227,0.041666666666666664,0.8125,0.14583333333333334,0,0,11,2,normal,false,4,23,30,6790,3650,270,0,true,false,true,0,0,10740,48,0,
945,ketoBig,7015,47,17,budget,1,100,false,4,660,122,164,0,0.7446808510638298,0.1276595744680851,0.02127659574468085,0.10638297872340426,6,1,normal,false,7,15,0,3975,590,990,1460,false,true,true,1190,5,5825,42,1,5
946,ketoBig,6908,40,10,budget,0,98,true,5,1095,120,174,0.025,0.825,0.1,0.05,0,5,1,normal,false,6,16,143,5625,780,360,0,true,true,true,0,0,6908,40,0,
947,ketoBig,12705,62,32,budget,0,93,false,6,1805,184,268,0,0.7903225806451613,0.1935483870967742,0.016129032258064516,0,14,2,normal,false,4,36,0,6840,4290,1575,0,true,false,true,0,0,12705,62,0,
948,ketoBig,8139,49,19,budget,1,100,true,7,1585,140,185,0.22448979591836735,0.5714285714285714,0.10204081632653061,0,0.10204081632653061,9,2,normal,false,8,14,549,3810,1680,180,1920,false,false,false,1920,5,6219,44,1,2
949,ketoBig,11885,75,45,budget,1,100,true,3,960,203,266,0.04,0.64,0.18666666666666668,0.06666666666666667,0.06666666666666667,21,1,normal,false,4,45,115,5055,2740,2055,1920,false,false,true,1830,5,10055,70,1,4
950,ketoBig,16650,66,36,budget,2,100,false,4,1700,217,271,0,0.5909090909090909,0.21212121212121213,0.045454545454545456,0.15151515151515152,13,11,normal,false,6,35,0,4380,2910,3240,6120,false,true,false,6290,10,10360,56,2,3|5
951,ketoBig,28380,103,73,budget,3,100,false,8,2580,316,432,0,0.5825242718446602,0.1941747572815534,0.07766990291262135,0.14563106796116504,26,3,normal,false,7,62,0,9290,3820,3870,11400,false,true,true,9010,15,19370,88,3,7|2|3
952,ketoBig,15775,69,39,budget,3,100,true,4,1400,189,248,0.043478260869565216,0.5217391304347826,0.17391304347826086,0.043478260869565216,0.21739130434782608,16,1,crash,false,9,35,135,3675,3230,1035,7700,false,true,false,6200,15,9575,54,3,5|5|2
953,ketoBig,3585,32,2,budget,0,73,false,5,840,79,107,0,0.96875,0.03125,0,0,1,2,normal,false,5,15,0,3375,210,0,0,false,false,true,0,0,3585,32,0,
954,ketoBig,18615,82,52,budget,2,100,false,6,1615,255,357,0,0.6707317073170732,0.14634146341463414,0.06097560975609756,0.12195121951219512,20,7,normal,false,6,47,0,7250,4730,2295,4340,false,true,true,3600,10,15015,72,2,7|3
955,ketoBig,3600,30,0,budget,0,52,true,6,1185,69,113,0.23333333333333334,0.7666666666666667,0,0,0,2,9,normal,false,6,9,190,3410,0,0,0,false,false,false,0,0,3600,30,0,
956,ketoBig,7195,51,21,budget,1,100,true,3,745,135,170,0.0392156862745098,0.7254901960784313,0.09803921568627451,0.0392156862745098,0.09803921568627451,9,2,normal,false,5,19,30,3500,480,1485,1700,false,true,false,1610,5,5585,46,1,7
957,ketoBig,6893,46,16,budget,0,99,true,5,1040,125,176,0.10869565217391304,0.6521739130434783,0.17391304347826086,0.06521739130434782,0,9,3,normal,false,3,25,143,4650,1200,900,0,true,true,false,0,0,6893,46,0,
958,ketoBig,3635,30,0,budget,0,64,true,3,740,83,135,0.16666666666666666,0.8333333333333334,0,0,0,2,20,normal,false,2,15,160,3475,0,0,0,false,false,true,0,0,3635,30,0,
959,ketoBig,6590,45,15,budget,1,100,true,4,1050,109,153,0.15555555555555556,0.6222222222222222,0.08888888888888889,0.022222222222222223,0.1111111111111111,8,4,normal,false,4,23,540,2630,510,90,2820,false,false,false,2730,5,3860,40,1,3
960,ketoBig,1873,30,0,budget,0,68,true,4,180,58,90,0.23333333333333334,0.7666666666666667,0,0,0,3,11,normal,false,10,9,378,1495,0,0,0,false,false,true,0,0,1873,30,0,
961,ketoBig,4246,36,6,budget,0,78,true,5,495,99,147,0.16666666666666666,0.75,0.08333333333333333,0,0,4,2,normal,false,2,20,546,3340,360,0,0,false,false,true,0,0,4246,36,0,
962,ketoBig,2949,30,0,budget,0,57,true,6,995,63,103,0.3333333333333333,0.6666666666666666,0,0,0,2,20,normal,false,5,10,429,2520,0,0,0,false,false,true,0,0,2949,30,0,
963,ketoBig,11661,65,35,budget,1,100,true,5,2030,184,261,0.1076923076923077,0.6,0.15384615384615385,0.06153846153846154,0.07692307692307693,17,4,crash,false,6,30,346,3900,5280,495,1640,false,false,false,1290,5,10371,60,1,3
964,ketoBig,3854,32,2,budget,0,73,true,5,765,76,145,0.3125,0.65625,0.03125,0,0,4,3,crash,false,4,14,329,3375,150,0,0,false,false,false,0,0,3854,32,0,
965,ketoBig,5353,30,0,budget,0,68,true,6,1410,95,149,0.1,0.9,0,0,0,1,13,normal,false,15,7,293,5060,0,0,0,false,false,false,0,0,5353,30,0,
966,ketoBig,20755,60,30,budget,2,100,false,6,3480,193,256,0,0.6666666666666666,0.11666666666666667,0.05,0.16666666666666666,8,2,normal,false,10,20,0,5540,2120,2475,10620,false,true,false,11835,10,8920,50,2,6|4
967,ketoBig,3440,30,0,budget,0,55,true,6,765,66,106,0.1,0.9,0,0,0,3,10,normal,false,6,7,55,3385,0,0,0,false,false,true,0,0,3440,30,0,
968,ketoBig,15323,71,42,lock,2,100,true,7,1860,198,277,0.056338028169014086,0.5352112676056338,0.23943661971830985,0.028169014084507043,0.14084507042253522,17,1,normal,false,3,40,398,4600,3290,1755,5280,false,true,false,2940,10,12383,61,2,2|2
969,ketoBig,4470,42,12,budget,0,99,true,3,345,91,127,0.047619047619047616,0.8095238095238095,0.07142857142857142,0.07142857142857142,0,8,5,normal,false,10,15,30,3390,600,450,0,true,true,false,0,0,4470,42,0,
970,ketoBig,6145,43,13,budget,1,100,true,3,980,99,146,0.09302325581395349,0.6976744186046512,0.09302325581395349,0,0.11627906976744186,6,8,normal,false,7,18,180,2365,1380,0,2220,false,false,false,2180,5,3965,38,0,
971,ketoBig,11393,59,29,budget,1,100,true,5,1555,179,232,0.05084745762711865,0.6271186440677966,0.1694915254237288,0.06779661016949153,0.0847457627118644,10,2,normal,false,9,26,53,4675,4160,1305,1200,false,true,false,1170,5,10223,54,1,2
972,ketoBig,6374,36,6,budget,0,83,true,5,1330,104,150,0.05555555555555555,0.8611111111111112,0.08333333333333333,0,0,4,1,normal,false,11,15,279,3855,2240,0,0,false,false,false,0,0,6374,36,0,
973,ketoBig,4388,32,2,budget,0,73,true,4,555,94,151,0.28125,0.6875,0.03125,0,0,5,2,normal,false,1,19,718,3580,90,0,0,false,false,false,0,0,4388,32,0,
974,ketoBig,4708,30,0,budget,0,62,true,7,1605,73,144,0.26666666666666666,0.7333333333333333,0,0,0,2,8,crash,false,4,12,413,4295,0,0,0,false,false,false,0,0,4708,30,0,
975,ketoBig,4505,30,0,budget,0,67,true,4,705,90,137,0,1,0,0,0,0,-1,normal,false,5,11,30,4475,0,0,0,false,false,false,0,0,4505,30,0,
976,ketoBig,3114,30,0,budget,0,50,true,5,393,74,135,0.36666666666666664,0.6333333333333333,0,0,0,3,11,normal,false,5,11,909,2205,0,0,0,false,false,false,0,0,3114,30,0,
977,ketoBig,28345,90,60,budget,4,100,true,7,2880,292,344,0.03333333333333333,0.4666666666666667,0.2,0.07777777777777778,0.2222222222222222,19,2,normal,false,11,44,230,3515,6190,3510,14900,false,false,false,14210,20,14135,70,3,3|3|4
978,ketoBig,2320,6,6,lock,0,84,false,3,1120,23,34,0,0.5,0.5,0,0,3,2,keto,false,1,4,0,120,2200,0,0,false,false,false,0,0,2320,6,0,
979,ketoBig,4528,32,2,budget,0,71,true,4,660,97,153,0.3125,0.6875,0,0,0,5,10,normal,false,6,13,838,3090,600,0,0,false,false,false,0,0,4528,32,0,
980,ketoBig,3688,32,2,budget,0,77,true,4,530,79,121,0.09375,0.90625,0,0,0,2,3,normal,false,6,10,143,3095,450,0,0,false,false,false,0,0,3688,32,0,
981,ketoBig,5480,30,0,budget,0,54,true,5,1150,92,155,0.03333333333333333,0.9666666666666667,0,0,0,1,27,normal,false,6,12,320,5160,0,0,0,false,false,true,0,0,5480,30,0,
982,ketoBig,3798,30,0,budget,0,65,true,5,805,85,138,0.1,0.9,0,0,0,1,15,normal,false,4,12,393,3405,0,0,0,false,false,true,0,0,3798,30,0,
983,ketoBig,2171,32,2,budget,0,75,true,2,210,62,98,0.34375,0.625,0.03125,0,0,4,3,normal,false,8,10,371,1680,120,0,0,false,false,true,0,0,2171,32,0,
984,ketoBig,8053,44,14,budget,0,94,true,5,1485,132,200,0.045454545454545456,0.9090909090909091,0.045454545454545456,0,0,6,2,crash,false,6,20,183,5515,1680,675,0,true,false,true,0,0,8053,44,0,
985,ketoBig,3228,32,2,budget,0,73,true,3,480,78,109,0.0625,0.90625,0.03125,0,0,3,2,normal,false,6,15,98,3040,90,0,0,false,false,false,0,0,3228,32,0,
986,ketoBig,8914,43,13,budget,1,100,true,5,940,121,201,0.20930232558139536,0.627906976744186,0.023255813953488372,0.023255813953488372,0.11627906976744186,8,1,crash,false,5,20,174,5410,1140,90,2100,false,false,false,2070,5,6844,38,1,2
987,ketoBig,2278,32,2,budget,0,73,true,4,445,60,106,0.4375,0.53125,0.03125,0,0,4,2,normal,false,5,12,598,1500,180,0,0,false,false,true,0,0,2278,32,0,
988,ketoBig,3985,32,2,budget,0,73,true,4,780,93,130,0.0625,0.90625,0.03125,0,0,2,15,normal,false,9,11,90,3625,270,0,0,false,false,false,0,0,3985,32,0,
989,ketoBig,5560,54,24,budget,0,90,true,3,360,121,171,0.018518518518518517,0.8148148148148148,0.14814814814814814,0.018518518518518517,0,12,3,normal,false,6,23,30,3730,1530,270,0,true,false,true,0,0,5560,54,0,
990,ketoBig,405,7,0,lock,0,66,false,2,150,9,19,0,1,0,0,0,0,-1,normal,false,3,1,0,405,0,0,0,false,false,false,0,0,405,7,0,
991,ketoBig,3695,23,8,lock,0,80,true,4,570,62,121,0.08695652173913043,0.782608695652174,0.13043478260869565,0,0,5,3,normal,false,3,13,130,2665,900,0,0,false,false,false,0,0,3695,23,0,
992,ketoBig,6555,34,4,budget,0,97,true,4,960,103,158,0.029411764705882353,0.9411764705882353,0,0.029411764705882353,0,2,2,normal,false,11,11,45,5265,120,1125,0,true,true,false,0,0,6555,34,0,
993,ketoBig,37360,116,86,budget,6,100,true,5,3700,371,485,0.008620689655172414,0.4482758620689655,0.21551724137931033,0.06896551724137931,0.25862068965517243,32,14,normal,false,9,67,30,5130,7230,7230,17740,false,true,false,16840,30,20520,86,6,2|5|5|3|5|4
994,ketoBig,2665,30,0,budget,0,64,false,2,285,64,107,0,1,0,0,0,0,-1,normal,false,7,9,0,2665,0,0,0,false,false,true,0,0,2665,30,0,
995,ketoBig,4103,38,8,budget,0,85,true,4,450,99,146,0.10526315789473684,0.8421052631578947,0.05263157894736842,0,0,5,1,normal,false,7,16,263,3150,690,0,0,false,false,false,0,0,4103,38,0,
996,ketoBig,21058,73,43,budget,1,100,true,5,3420,248,352,0.0684931506849315,0.5205479452054794,0.3013698630136986,0.0410958904109589,0.0684931506849315,21,2,crash,false,4,45,273,8115,3870,2160,6640,false,true,false,5780,5,15278,68,1,6
997,ketoBig,11461,43,13,budget,1,100,true,5,1650,140,191,0.16279069767441862,0.6046511627906976,0.09302325581395349,0.023255813953488372,0.11627906976744186,7,2,normal,false,5,16,261,4720,1650,90,4740,false,false,false,4590,5,6871,38,1,2
998,ketoBig,5685,40,10,budget,0,83,true,6,1560,99,142,0.025,0.9,0.075,0,0,6,2,normal,false,4,20,15,5010,660,0,0,false,false,true,0,0,5685,40,0,
999,ketoBig,10376,47,17,budget,1,100,true,6,1740,135,196,0.2127659574468085,0.5319148936170213,0.1276595744680851,0.02127659574468085,0.10638297872340426,7,3,normal,false,5,21,686,3770,780,900,4240,false,false,true,4130,5,6246,42,1,4
1000,ketoBig,17674,68,38,budget,2,100,true,5,2980,186,290,0.10294117647058823,0.47058823529411764,0.23529411764705882,0.04411764705882353,0.14705882352941177,12,2,crash,false,8,27,659,4075,5430,1170,6340,false,true,true,6950,10,10724,58,2,3|15
1001,ketoBig,8915,42,12,budget,0,87,true,6,1095,155,229,0.09523809523809523,0.7857142857142857,0.11904761904761904,0,0,7,7,normal,false,3,23,465,6265,1510,675,0,false,false,false,0,0,8915,42,0,
1002,ketoBig,3194,36,6,budget,0,81,true,4,495,84,137,0.25,0.6944444444444444,0.05555555555555555,0,0,6,4,normal,false,6,19,594,2390,210,0,0,false,false,true,0,0,3194,36,0,
1003,ketoBig,47945,176,146,budget,8,100,false,5,2340,465,687,0,0.38636363636363635,0.2727272727272727,0.11363636363636363,0.22727272727272727,55,2,normal,false,7,102,0,6545,13240,7260,20900,false,true,false,19280,40,28665,136,8,5|6|9|4|3|6|3|3
1004,ketoBig,28335,77,55,lock,5,100,false,6,4280,228,275,0,0.3246753246753247,0.2727272727272727,0.07792207792207792,0.3246753246753247,17,1,normal,false,8,42,0,1820,3260,3135,20120,false,true,false,18770,25,9565,52,5,4|6|4|2|5
1005,ketoBig,5105,40,10,budget,0,83,false,4,745,101,146,0,0.75,0.25,0,0,5,2,normal,false,5,20,0,3815,1290,0,0,false,false,false,0,0,5105,40,0,
1006,ketoBig,2242,30,0,budget,0,66,true,3,270,65,108,0.4,0.6,0,0,0,2,18,normal,false,9,10,682,1560,0,0,0,false,false,true,0,0,2242,30,0,
1007,ketoBig,3741,32,2,budget,0,83,true,4,530,86,127,0.21875,0.6875,0.09375,0,0,2,2,normal,false,7,13,211,3260,270,0,0,false,false,false,0,0,3741,32,0,
1008,ketoBig,14155,67,37,budget,1,100,false,5,1245,184,258,0,0.5671641791044776,0.23880597014925373,0.11940298507462686,0.07462686567164178,17,16,normal,false,9,35,0,4265,4670,3480,1740,false,true,false,1710,5,12445,62,1,3
1009,ketoBig,7205,41,11,budget,1,100,true,4,1440,107,144,0.12195121951219512,0.7073170731707317,0.04878048780487805,0,0.12195121951219512,5,5,normal,false,5,19,195,3170,960,0,2880,false,false,false,3030,5,4175,36,0,
1010,ketoBig,4685,34,4,budget,0,76,true,4,565,109,152,0,0.9705882352941176,0.029411764705882353,0,0,2,3,normal,false,8,13,30,4155,500,0,0,false,false,false,0,0,4685,34,0,
1011,ketoBig,4234,32,2,budget,0,79,true,5,660,82,152,0.34375,0.625,0.03125,0,0,2,3,crash,false,3,14,854,3290,90,0,0,false,false,false,0,0,4234,32,0,
1012,ketoBig,15490,57,27,budget,3,100,true,4,1950,153,246,0.03508771929824561,0.5263157894736842,0.14035087719298245,0.03508771929824561,0.2631578947368421,10,3,normal,false,5,30,115,3305,2490,2100,7480,false,false,false,5590,15,9900,42,3,3|5|3
1013,ketoBig,7615,46,16,budget,0,96,true,4,1330,133,192,0.06521739130434782,0.8260869565217391,0.08695652173913043,0.021739130434782608,0,10,2,normal,false,7,20,90,4760,2270,495,0,true,true,true,0,0,7615,46,0,
1014,ketoBig,2543,30,0,budget,0,59,true,3,285,62,112,0.16666666666666666,0.8333333333333334,0,0,0,3,11,crash,false,4,11,68,2475,0,0,0,false,false,false,0,0,2543,30,0,
1015,ketoBig,6673,45,15,budget,1,100,true,4,555,123,178,0.1111111111111111,0.6444444444444445,0.08888888888888889,0.044444444444444446,0.1111111111111111,7,2,normal,false,4,24,263,4050,870,270,1220,false,false,false,950,5,5723,40,1,6
1016,ketoBig,2812,30,0,budget,0,66,true,4,525,69,116,0.43333333333333335,0.5666666666666667,0,0,0,1,13,crash,false,4,12,502,2310,0,0,0,false,false,false,0,0,2812,30,0,
1017,ketoBig,14905,72,42,budget,2,100,false,5,2460,210,263,0,0.5555555555555556,0.2222222222222222,0.08333333333333333,0.1388888888888889,15,2,normal,false,7,31,0,5765,3190,1410,4540,false,true,false,4390,10,10515,62,2,13|3
1018,ketoBig,4066,34,4,budget,0,72,true,4,450,91,148,0.17647058823529413,0.8235294117647058,0,0,0,4,7,normal,false,4,16,256,3570,240,0,0,false,false,false,0,0,4066,34,0,
1019,ketoBig,12293,50,20,budget,2,100,true,6,1860,138,215,0.16,0.6,0.04,0,0.2,6,1,crash,false,5,18,198,5045,990,540,5520,false,false,false,6120,10,6173,40,0,
1020,ketoBig,5288,32,2,budget,0,84,true,5,615,106,156,0.15625,0.78125,0.0625,0,0,4,7,normal,false,6,18,568,4270,450,0,0,false,false,true,0,0,5288,32,0,
1021,ketoBig,4081,30,0,budget,0,63,true,8,1290,78,158,0.3333333333333333,0.6666666666666666,0,0,0,5,19,normal,false,5,13,1751,2330,0,0,0,false,false,true,0,0,4081,30,0,
1022,ketoBig,11705,59,29,budget,1,100,true,5,960,176,248,0.03389830508474576,0.7796610169491526,0.06779661016949153,0.03389830508474576,0.0847457627118644,12,7,normal,false,6,29,155,6135,3000,675,1740,false,false,false,2100,5,9605,54,0,
1023,ketoBig,3150,23,4,lock,0,82,true,4,480,57,81,0.13043478260869565,0.782608695652174,0.08695652173913043,0,0,5,6,normal,false,3,13,45,2505,600,0,0,false,false,true,0,0,3150,23,0,
1024,ketoBig,15435,80,50,budget,2,100,true,5,1200,227,296,0,0.55,0.2875,0.0375,0.125,22,2,normal,false,3,46,30,5935,5150,1800,2520,false,false,false,1980,10,13455,70,2,4|4
1025,ketoBig,4470,30,0,budget,0,66,true,8,2230,81,113,0.3,0.7,0,0,0,5,18,normal,false,7,13,185,4285,0,0,0,false,false,false,0,0,4470,30,0,
1026,ketoBig,13751,63,33,budget,1,100,true,4,1125,185,264,0.07936507936507936,0.49206349206349204,0.25396825396825395,0.09523809523809523,0.07936507936507936,18,3,normal,false,7,31,306,4300,1740,4665,2740,false,true,true,2740,5,11011,58,1,13
1027,ketoBig,5065,36,6,budget,0,77,false,6,1155,102,146,0,0.9722222222222222,0.027777777777777776,0,0,3,4,normal,false,7,16,0,4645,420,0,0,false,false,false,0,0,5065,36,0,
1028,ketoBig,9660,43,13,budget,1,100,true,5,3060,129,195,0.13953488372093023,0.627906976744186,0.06976744186046512,0.046511627906976744,0.11627906976744186,7,2,normal,false,12,18,660,3255,420,2745,2580,false,false,true,4500,5,5160,38,1,4
1029,ketoBig,8303,49,19,budget,1,100,true,6,1140,113,182,0.08163265306122448,0.6122448979591837,0.16326530612244897,0.04081632653061224,0.10204081632653061,10,1,normal,false,5,20,128,4065,1080,990,2040,false,true,false,1890,5,6413,44,1,6
1030,ketoBig,3789,34,4,budget,0,74,true,5,465,84,144,0.35294117647058826,0.5882352941176471,0.058823529411764705,0,0,6,2,crash,false,4,18,1084,2435,270,0,0,false,false,true,0,0,3789,34,0,
1031,ketoBig,2138,34,4,budget,0,72,true,2,180,62,92,0.14705882352941177,0.7941176470588235,0.058823529411764705,0,0,3,2,normal,false,10,10,218,1740,180,0,0,false,false,false,0,0,2138,34,0,
1032,ketoBig,5935,40,10,budget,0,90,false,5,1265,133,166,0,0.875,0.1,0.025,0,5,10,normal,false,4,16,0,4925,740,270,0,true,false,false,0,0,5935,40,0,
1033,ketoBig,27555,77,47,budget,3,100,false,5,2940,255,339,0,0.5584415584415584,0.18181818181818182,0.06493506493506493,0.19480519480519481,15,5,normal,false,9,34,0,3755,5490,3750,14560,false,false,false,11420,15,16135,62,3,3|4|2
1034,ketoBig,2315,30,0,budget,0,50,true,4,203,72,134,0.6,0.4,0,0,0,3,17,normal,false,6,10,1535,780,0,0,0,false,false,false,0,0,2315,30,0,
1035,ketoBig,4788,36,6,budget,0,97,true,6,788,102,149,0.08333333333333333,0.7777777777777778,0.1111111111111111,0.027777777777777776,0,5,1,normal,false,6,13,998,2830,420,540,0,true,true,false,0,0,4788,36,0,
1036,ketoBig,17065,41,19,lock,1,100,true,6,8460,112,189,0,0.5853658536585366,0.24390243902439024,0.04878048780487805,0.12195121951219512,8,2,normal,false,4,24,30,3010,1080,2745,10200,false,false,true,10170,5,6895,36,1,5
1037,ketoBig,6825,38,8,budget,0,82,true,4,930,122,185,0,0.9473684210526315,0.05263157894736842,0,0,4,4,normal,false,5,19,90,5235,1500,0,0,false,false,true,0,0,6825,38,0,
1038,ketoBig,14460,70,40,budget,2,100,false,5,2640,177,253,0,0.5571428571428572,0.21428571428571427,0.08571428571428572,0.14285714285714285,16,2,normal,false,5,37,0,5070,1710,2520,5160,false,true,false,2670,10,11790,60,2,2|6
1039,ketoBig,2763,30,0,budget,0,69,true,3,445,75,104,0.13333333333333333,0.8666666666666667,0,0,0,3,15,normal,false,6,11,188,2575,0,0,0,false,false,true,0,0,2763,30,0,
1040,ketoBig,4440,30,0,budget,0,66,true,5,870,85,138,0.06666666666666667,0.9333333333333333,0,0,0,2,18,normal,false,7,12,150,4290,0,0,0,false,false,true,0,0,4440,30,0,
1041,ketoBig,21373,86,56,budget,4,100,true,4,1740,245,345,0.06976744186046512,0.45348837209302323,0.16279069767441862,0.08139534883720931,0.23255813953488372,20,2,normal,false,7,44,293,5560,3180,2220,10120,false,false,true,8430,20,12943,66,4,9|2|5|4
1042,ketoBig,6530,42,12,budget,0,90,false,7,1675,110,175,0,0.8333333333333334,0.14285714285714285,0.023809523809523808,0,5,2,normal,false,5,21,0,5255,1140,135,0,true,false,false,0,0,6530,42,0,
1043,ketoBig,4965,40,10,budget,0,99,false,4,495,96,153,0,0.9,0.05,0.05,0,5,3,normal,false,7,20,0,4065,540,360,0,true,true,false,0,0,4965,40,0,
1044,ketoBig,8680,50,20,budget,2,100,true,5,1020,111,161,0.02,0.62,0.12,0.04,0.2,8,1,normal,false,15,18,20,3550,1050,180,3880,false,false,true,2860,10,5820,40,2,4|4
1045,ketoBig,26395,97,67,budget,3,100,true,4,2160,299,385,0.020618556701030927,0.5257731958762887,0.2268041237113402,0.07216494845360824,0.15463917525773196,28,1,crash,false,9,51,70,5605,5520,6120,9080,false,true,false,9470,15,16925,82,3,5|8|4
1046,ketoBig,9716,51,21,budget,1,100,true,4,1530,124,210,0.21568627450980393,0.5490196078431373,0.09803921568627451,0.0392156862745098,0.09803921568627451,12,1,normal,false,8,23,426,2660,2780,510,3340,false,false,false,3460,5,6256,46,1,3
1047,ketoBig,3521,30,0,budget,0,55,true,6,915,65,117,0.3,0.7,0,0,0,0,-1,crash,false,6,9,276,3245,0,0,0,false,false,false,0,0,3521,30,0,
1048,ketoBig,1540,12,0,lock,0,69,false,5,750,25,40,0,1,0,0,0,0,-1,normal,false,6,2,0,1540,0,0,0,false,false,false,0,0,1540,12,0,
1049,ketoBig,1320,12,6,lock,0,92,false,3,255,25,36,0,0.8333333333333334,0.08333333333333333,0.08333333333333333,0,2,5,normal,false,3,4,0,750,390,180,0,true,false,false,0,0,1320,12,0,
1050,ketoBig,4730,32,2,budget,0,71,true,5,870,84,155,0.03125,0.96875,0,0,0,2,4,normal,false,5,11,270,4460,0,0,0,false,false,true,0,0,4730,32,0,
1051,ketoBig,3392,30,0,budget,0,62,true,4,435,87,140,0.4,0.6,0,0,0,3,13,normal,false,5,13,862,2530,0,0,0,false,false,false,0,0,3392,30,0,
1052,ketoBig,6505,44,14,budget,0,97,true,4,900,113,179,0.045454545454545456,0.7954545454545454,0.13636363636363635,0.022727272727272728,0,7,1,crash,false,4,26,155,3550,1900,900,0,true,true,true,0,0,6505,44,0,
1053,ketoBig,8895,61,31,budget,1,100,true,3,570,158,208,0,0.7049180327868853,0.18032786885245902,0.03278688524590164,0.08196721311475409,12,1,normal,false,10,29,30,4080,2130,1395,1260,false,true,false,1380,5,7515,56,1,3
1054,ketoBig,17220,54,24,budget,2,100,true,6,2605,155,254,0.018518518518518517,0.6851851851851852,0.1111111111111111,0,0.18518518518518517,6,2,normal,false,6,21,45,4225,3090,3240,6620,false,true,false,5780,10,11440,44,2,2|3
1055,ketoBig,9945,53,23,budget,1,100,false,3,1680,124,187,0,0.7169811320754716,0.16981132075471697,0.018867924528301886,0.09433962264150944,9,2,normal,false,5,32,0,3165,1710,90,4980,false,false,false,4830,5,5115,48,1,5
1056,ketoBig,3181,32,2,budget,0,70,true,5,885,71,117,0.1875,0.8125,0,0,0,2,3,normal,false,5,10,146,3035,0,0,0,false,false,false,0,0,3181,32,0,
1057,ketoBig,23146,92,62,budget,4,100,true,4,2520,251,346,0.07608695652173914,0.3804347826086957,0.25,0.07608695652173914,0.21739130434782608,22,2,normal,false,6,48,251,4660,4570,3825,9840,false,true,false,8390,20,14756,72,4,8|2|4|6
1058,ketoBig,3627,30,0,budget,0,56,true,4,510,83,150,0.3333333333333333,0.6666666666666666,0,0,0,4,5,normal,false,4,16,1037,2590,0,0,0,false,false,true,0,0,3627,30,0,
1059,ketoBig,6353,41,16,lock,0,92,true,6,1370,104,158,0.04878048780487805,0.6829268292682927,0.2682926829268293,0,0,8,2,crash,false,3,22,23,3530,2530,270,0,true,false,false,0,0,6353,41,0,
1060,ketoBig,4040,30,0,budget,0,62,true,4,610,87,147,0.3,0.7,0,0,0,2,11,normal,false,6,10,360,3680,0,0,0,false,false,true,0,0,4040,30,0,
1061,ketoBig,3203,30,0,budget,0,65,true,4,510,71,124,0.13333333333333333,0.8666666666666667,0,0,0,2,17,normal,false,2,14,293,2910,0,0,0,false,false,false,0,0,3203,30,0,
1062,ketoBig,7580,42,12,budget,0,90,true,5,1155,120,178,0.023809523809523808,0.9285714285714286,0.023809523809523808,0.023809523809523808,0,6,6,normal,false,5,16,15,4670,2580,315,0,true,false,false,0,0,7580,42,0,
1063,ketoBig,2261,30,0,budget,0,50,true,3,255,58,111,0.5666666666666667,0.43333333333333335,0,0,0,3,7,normal,false,7,12,761,1500,0,0,0,false,false,true,0,0,2261,30,0,
1064,ketoBig,4005,38,8,budget,0,85,false,3,360,100,133,0,0.868421052631579,0.13157894736842105,0,0,4,6,normal,false,5,16,0,3345,660,0,0,false,false,true,0,0,4005,38,0,
1065,ketoBig,5640,38,8,budget,0,84,false,4,540,123,164,0,0.868421052631579,0.13157894736842105,0,0,4,2,normal,false,3,24,0,4410,1230,0,0,false,false,false,0,0,5640,38,0,
1066,ketoBig,4773,32,2,budget,0,77,true,6,1260,84,140,0.0625,0.9375,0,0,0,2,2,normal,false,11,9,188,3955,630,0,0,false,false,true,0,0,4773,32,0,
1067,ketoBig,3220,30,0,budget,0,68,true,4,515,67,117,0.1,0.9,0,0,0,2,17,normal,false,6,11,100,3120,0,0,0,false,false,false,0,0,3220,30,0,
1068,ketoBig,19685,86,56,budget,2,100,false,5,1080,246,339,0,0.5697674418604651,0.23255813953488372,0.08139534883720931,0.11627906976744186,24,3,normal,false,9,53,0,7435,3230,4380,4640,false,true,true,3200,10,16485,76,2,7|3
1069,ketoBig,6285,48,18,budget,0,99,true,4,785,121,158,0.020833333333333332,0.75,0.14583333333333334,0.08333333333333333,0,10,2,normal,false,11,19,15,3290,1720,1260,0,true,true,false,0,0,6285,48,0,
1070,ketoBig,1875,13,0,lock,0,66,false,4,685,38,59,0,1,0,0,0,0,-1,normal,false,3,5,0,1875,0,0,0,false,false,false,0,0,1875,13,0,
1071,ketoBig,11708,59,29,budget,1,100,true,5,1050,158,240,0.03389830508474576,0.6949152542372882,0.15254237288135594,0.03389830508474576,0.0847457627118644,14,2,normal,false,6,27,598,5200,1620,2430,1860,false,false,false,1050,5,10658,54,1,6
1072,ketoBig,8177,52,22,budget,0,96,true,5,960,127,231,0.17307692307692307,0.6923076923076923,0.11538461538461539,0.019230769230769232,0,14,1,crash,false,9,27,847,4690,1650,990,0,true,true,false,0,0,8177,52,0,
1073,ketoBig,11418,53,23,budget,1,100,true,5,1140,158,240,0.07547169811320754,0.660377358490566,0.1320754716981132,0.03773584905660377,0.09433962264150944,12,1,normal,false,7,26,148,5300,2430,360,3180,false,false,false,3150,5,8268,48,1,4
1074,ketoBig,23480,92,62,budget,2,100,false,5,2300,255,379,0,0.5760869565217391,0.2608695652173913,0.05434782608695652,0.10869565217391304,27,2,normal,false,5,49,0,7190,6440,3090,6760,false,true,false,4690,10,18790,82,2,3|10
1075,ketoBig,3382,30,0,budget,0,50,true,4,630,72,146,0.5,0.5,0,0,0,3,11,normal,false,6,13,867,2515,0,0,0,false,false,true,0,0,3382,30,0,
1076,ketoBig,10480,63,33,budget,1,100,true,4,1780,155,197,0.031746031746031744,0.6031746031746031,0.2698412698412698,0.015873015873015872,0.07936507936507936,15,3,normal,false,4,32,80,2910,2730,720,4040,false,false,true,2500,5,7980,58,1,4
1077,ketoBig,3950,44,14,budget,0,88,true,5,510,95,133,0.06818181818181818,0.7727272727272727,0.13636363636363635,0.022727272727272728,0,8,1,normal,false,4,22,195,2735,660,360,0,false,false,true,0,0,3950,44,0,
1078,ketoBig,4009,32,2,budget,0,83,true,6,990,90,127,0.15625,0.75,0.09375,0,0,2,2,normal,false,4,14,454,3285,270,0,0,false,false,false,0,0,4009,32,0,
1079,ketoBig,9940,59,29,budget,1,100,false,3,1500,139,178,0,0.6271186440677966,0.2033898305084746,0.0847457627118644,0.0847457627118644,12,3,normal,false,4,27,0,2675,1890,1935,3440,false,true,true,2970,5,6970,54,1,3
1080,ketoBig,3494,30,0,budget,0,53,true,4,670,72,155,0.5,0.5,0,0,0,2,11,crash,false,5,8,754,2740,0,0,0,false,false,false,0,0,3494,30,0,
1081,ketoBig,7665,52,22,budget,0,96,true,4,990,146,205,0.019230769230769232,0.8076923076923077,0.11538461538461539,0.057692307692307696,0,11,2,normal,false,7,24,15,4920,2010,720,0,true,true,false,0,0,7665,52,0,
1082,ketoBig,8630,43,13,budget,1,100,false,4,990,126,186,0,0.7209302325581395,0.09302325581395349,0.06976744186046512,0.11627906976744186,4,1,normal,false,11,17,0,4370,600,1260,2400,false,true,false,2310,5,6320,38,1,5
1083,ketoBig,2825,32,2,budget,0,77,true,4,480,61,122,0.4375,0.53125,0.03125,0,0,3,4,crash,false,7,9,515,2190,120,0,0,false,false,false,0,0,2825,32,0,
1084,ketoBig,10265,42,12,budget,0,97,true,5,1405,144,231,0,0.8571428571428571,0.09523809523809523,0.047619047619047616,0,5,4,normal,false,4,21,30,6230,2250,1755,0,true,true,true,0,0,10265,42,0,
1085,ketoBig,2449,30,0,budget,0,68,true,4,285,64,108,0.16666666666666666,0.8333333333333334,0,0,0,2,6,normal,false,5,10,499,1950,0,0,0,false,false,true,0,0,2449,30,0,
1086,ketoBig,4605,30,0,budget,0,62,true,5,900,86,142,0.26666666666666666,0.7333333333333333,0,0,0,4,10,normal,false,5,10,375,4230,0,0,0,false,false,true,0,0,4605,30,0,
1087,ketoBig,10743,54,24,budget,0,94,true,5,1645,150,250,0.037037037037037035,0.7222222222222222,0.2037037037037037,0.037037037037037035,0,12,2,crash,false,6,28,68,5745,2860,2070,0,true,false,false,0,0,10743,54,0,
1088,ketoBig,4525,36,6,budget,0,73,false,4,590,107,147,0,0.9444444444444444,0.05555555555555555,0,0,3,2,normal,false,3,19,0,4345,180,0,0,false,false,false,0,0,4525,36,0,
1089,ketoBig,4338,34,4,budget,0,81,true,4,650,96,150,0.23529411764705882,0.7058823529411765,0.058823529411764705,0,0,5,3,crash,false,6,12,338,3640,360,0,0,false,false,false,0,0,4338,34,0,
1090,ketoBig,5608,40,10,budget,0,94,true,5,655,107,161,0.1,0.775,0.1,0.025,0,6,3,crash,false,9,19,223,4070,460,855,0,true,false,false,0,0,5608,40,0,
1091,ketoBig,2341,32,2,budget,0,75,true,3,285,61,85,0.21875,0.75,0.03125,0,0,5,3,normal,false,5,12,181,1980,180,0,0,false,false,false,0,0,2341,32,0,
1092,ketoBig,3451,24,2,lock,0,78,true,4,740,68,108,0.2916666666666667,0.6666666666666666,0.041666666666666664,0,0,3,3,normal,false,3,11,271,3000,180,0,0,false,false,false,0,0,3451,24,0,
1093,ketoBig,9090,50,20,budget,2,100,false,3,1200,147,185,0,0.64,0.12,0.04,0.2,7,8,normal,false,7,23,0,3590,880,600,4020,false,false,false,3480,10,5610,40,2,3|3
1094,ketoBig,2080,9,11,lock,1,100,false,2,910,23,24,0,0,0.2222222222222222,0.2222222222222222,0.5555555555555556,4,1,frenzy,false,4,5,0,70,180,1110,720,false,true,false,840,5,1240,4,1,5
1095,ketoBig,11480,41,11,budget,1,100,true,6,3940,136,161,0,0.7560975609756098,0.0975609756097561,0.024390243902439025,0.12195121951219512,4,29,normal,false,7,18,60,3610,420,90,7300,false,false,false,6910,5,4570,36,1,3
1096,ketoBig,8115,42,12,budget,0,96,true,7,1380,124,186,0.047619047619047616,0.7857142857142857,0.14285714285714285,0.023809523809523808,0,7,2,normal,false,10,16,50,6110,680,1275,0,true,true,false,0,0,8115,42,0,
1097,ketoBig,4848,30,0,budget,0,65,true,5,1070,95,142,0.06666666666666667,0.9333333333333333,0,0,0,2,10,normal,false,5,12,763,4085,0,0,0,false,false,true,0,0,4848,30,0,
1098,ketoBig,9778,53,23,budget,1,100,true,4,1480,151,197,0.11320754716981132,0.5660377358490566,0.18867924528301888,0.03773584905660377,0.09433962264150944,12,2,normal,false,6,28,218,3515,2210,855,2980,false,false,false,2350,5,7428,48,1,5
1099,ketoBig,4403,42,12,budget,0,83,true,3,390,96,130,0.07142857142857142,0.7857142857142857,0.14285714285714285,0,0,8,3,normal,false,3,18,58,2875,1470,0,0,false,false,false,0,0,4403,42,0,
1100,ketoBig,5878,42,12,budget,0,95,true,4,735,99,154,0.11904761904761904,0.6666666666666666,0.19047619047619047,0.023809523809523808,0,9,2,crash,false,6,19,158,3070,1030,1620,0,true,true,true,0,0,5878,42,0,
1101,ketoBig,4580,30,0,budget,0,65,true,4,630,89,141,0.03333333333333333,0.9666666666666667,0,0,0,1,20,normal,false,4,12,15,4565,0,0,0,false,false,true,0,0,4580,30,0,
1102,ketoBig,2391,30,0,budget,0,58,true,3,225,70,105,0.3,0.7,0,0,0,3,13,normal,false,4,11,566,1825,0,0,0,false,false,true,0,0,2391,30,0,
1103,ketoBig,5081,42,12,budget,0,91,true,5,435,98,167,0.21428571428571427,0.6904761904761905,0.07142857142857142,0.023809523809523808,0,8,3,crash,false,7,19,601,3145,1200,135,0,true,false,false,0,0,5081,42,0,
1104,ketoBig,4995,40,10,budget,0,95,true,3,405,112,150,0.05,0.85,0.075,0.025,0,7,3,normal,false,4,20,30,3900,840,225,0,true,true,true,0,0,4995,40,0,
1105,ketoBig,20259,64,34,budget,2,100,true,6,4450,191,248,0.125,0.46875,0.21875,0.03125,0.15625,15,2,normal,false,5,34,319,3370,3470,3420,9680,false,false,true,8300,10,11959,54,2,8|4
1106,ketoBig,6858,52,22,budget,0,98,true,4,990,124,196,0.15384615384615385,0.5961538461538461,0.21153846153846154,0.038461538461538464,0,11,2,crash,false,7,24,483,3500,2470,405,0,true,true,false,0,0,6858,52,0,
1107,ketoBig,20520,99,69,budget,3,100,true,3,1800,251,343,0.020202020202020204,0.5252525252525253,0.25252525252525254,0.050505050505050504,0.15151515151515152,29,2,normal,false,10,54,75,4390,5050,3045,7960,false,true,true,7140,15,13380,84,3,5|6|5
1108,ketoBig,6365,35,24,lock,0,94,false,4,1545,98,141,0,0.7428571428571429,0.22857142857142856,0.02857142857142857,0,12,3,normal,false,7,17,0,2830,1600,1935,0,true,false,false,0,0,6365,35,0,
1109,ketoBig,16258,73,43,budget,3,100,true,5,1080,213,289,0.0958904109589041,0.4246575342465753,0.1917808219178082,0.0821917808219178,0.2054794520547945,17,2,crash,false,4,43,748,3445,4040,1185,6840,false,true,false,6270,15,9988,58,3,4|3|4
1110,ketoBig,8909,39,9,budget,1,100,true,7,3230,120,182,0.1282051282051282,0.6153846153846154,0.10256410256410256,0.02564102564102564,0.1282051282051282,5,18,normal,false,6,21,309,3690,3460,90,1360,false,true,false,1330,5,7579,34,1,5
1111,ketoBig,5410,32,2,budget,0,73,true,7,1315,80,149,0.0625,0.90625,0.03125,0,0,2,2,normal,false,11,12,95,5195,120,0,0,false,false,false,0,0,5410,32,0,
1112,ketoBig,17960,83,53,budget,1,100,false,4,2040,208,307,0,0.5180722891566265,0.2891566265060241,0.13253012048192772,0.060240963855421686,23,3,normal,false,5,50,0,3315,6340,4965,3340,false,true,false,2890,5,15070,78,1,2
1113,ketoBig,4239,30,0,budget,0,62,true,5,570,93,155,0.3333333333333333,0.6666666666666666,0,0,0,3,18,crash,false,3,16,744,3495,0,0,0,false,false,false,0,0,4239,30,0,
1114,ketoBig,4533,34,4,budget,0,78,true,5,630,89,151,0.14705882352941177,0.8529411764705882,0,0,0,3,6,crash,false,6,13,653,3190,690,0,0,false,false,true,0,0,4533,34,0,
1115,ketoBig,4730,41,11,budget,1,100,true,4,460,97,126,0,0.7804878048780488,0.07317073170731707,0.024390243902439025,0.12195121951219512,4,1,normal,false,19,10,150,2830,880,90,780,false,false,false,750,5,3980,36,1,3
1116,ketoBig,38866,118,88,budget,4,100,true,6,4710,377,496,0.0423728813559322,0.5084745762711864,0.23728813559322035,0.0423728813559322,0.1694915254237288,37,2,normal,false,6,68,166,7840,7280,5460,18120,false,true,false,20040,20,18826,98,4,5|3|2|3
1117,ketoBig,2879,30,0,budget,0,56,true,4,345,62,127,0.36666666666666664,0.6333333333333333,0,0,0,4,6,normal,false,5,12,599,2280,0,0,0,false,false,true,0,0,2879,30,0,
1118,ketoBig,5740,17,19,lock,1,100,false,4,1260,48,61,0,0.29411764705882354,0.29411764705882354,0.11764705882352941,0.29411764705882354,6,3,normal,false,5,10,0,290,1820,1170,2460,false,true,false,2520,5,3220,12,1,3
1119,ketoBig,12390,38,36,lock,2,100,false,4,2580,108,136,0,0.3157894736842105,0.2894736842105263,0.13157894736842105,0.2631578947368421,13,2,normal,false,3,28,0,985,4280,945,6180,false,true,false,3660,10,8730,28,2,3|7
1120,ketoBig,13943,59,29,budget,1,100,true,7,4705,174,245,0.1016949152542373,0.5932203389830508,0.1694915254237288,0.05084745762711865,0.0847457627118644,13,9,normal,false,4,32,263,4050,2670,5580,1380,false,true,false,1350,5,12593,54,1,9
1121,ketoBig,23620,83,53,budget,3,100,false,5,1950,267,336,0,0.5542168674698795,0.18072289156626506,0.08433734939759036,0.18072289156626506,18,2,normal,false,5,39,0,4675,7550,4395,7000,false,true,false,7970,15,15650,68,3,9|2|2
1122,ketoBig,8396,47,17,budget,1,100,true,4,2020,120,189,0.40425531914893614,0.3404255319148936,0.10638297872340426,0.0425531914893617,0.10638297872340426,9,2,crash,false,4,23,891,1775,830,480,4420,false,true,false,3860,5,4536,42,1,4
1123,ketoBig,26595,97,67,budget,3,100,false,5,2880,278,384,0,0.4845360824742268,0.23711340206185566,0.12371134020618557,0.15463917525773196,27,1,normal,false,8,52,0,5890,5610,3975,11120,false,true,false,7250,15,19345,82,3,3|4|5
1124,ketoBig,4870,38,8,budget,0,80,true,4,720,100,148,0.05263157894736842,0.8421052631578947,0.10526315789473684,0,0,5,13,normal,false,3,16,85,3735,1050,0,0,false,false,false,0,0,4870,38,0,
1125,ketoBig,8175,43,13,budget,1,100,true,5,2220,102,142,0.06976744186046512,0.6511627906976745,0.16279069767441862,0,0.11627906976744186,5,2,normal,false,7,16,75,3240,600,2160,2100,false,false,true,3240,5,4935,38,1,3
1126,ketoBig,8509,41,11,budget,1,100,true,5,1500,126,195,0.3170731707317073,0.43902439024390244,0.07317073170731707,0.04878048780487805,0.12195121951219512,8,1,crash,false,5,19,734,4105,760,1830,1080,false,true,false,1110,5,7399,36,1,5
1127,ketoBig,4820,32,2,budget,0,73,true,4,660,88,158,0.125,0.84375,0.03125,0,0,4,2,normal,false,3,15,135,4565,120,0,0,false,false,true,0,0,4820,32,0,
1128,ketoBig,5965,34,4,budget,0,81,true,5,840,111,170,0.058823529411764705,0.9117647058823529,0.029411764705882353,0,0,3,13,normal,false,3,13,30,5755,180,0,0,false,false,false,0,0,5965,34,0,
1129,ketoBig,2936,30,0,budget,0,62,true,4,405,61,110,0.26666666666666666,0.7333333333333333,0,0,0,4,12,normal,false,6,11,261,2675,0,0,0,false,false,true,0,0,2936,30,0,
1130,ketoBig,7610,50,20,budget,0,96,true,3,745,160,220,0.02,0.88,0.08,0.02,0,10,2,normal,false,4,27,15,5630,930,1035,0,true,true,false,0,0,7610,50,0,
1131,ketoBig,4314,30,0,budget,0,59,true,6,1190,82,132,0.16666666666666666,0.8333333333333334,0,0,0,0,-1,crash,false,4,10,234,4080,0,0,0,false,false,false,0,0,4314,30,0,
1132,ketoBig,6131,34,4,budget,0,73,true,7,1815,105,159,0.08823529411764706,0.8823529411764706,0.029411764705882353,0,0,3,5,normal,false,4,16,336,5615,180,0,0,false,false,true,0,0,6131,34,0,
1133,ketoBig,6376,42,12,budget,0,94,true,4,600,105,181,0.21428571428571427,0.6190476190476191,0.14285714285714285,0.023809523809523808,0,7,1,crash,false,3,23,331,3435,1800,810,0,true,false,false,0,0,6376,42,0,
1134,ketoBig,8183,45,15,budget,1,100,true,4,2040,113,184,0.022222222222222223,0.7777777777777778,0.06666666666666667,0.022222222222222223,0.1111111111111111,6,8,normal,false,4,21,158,3475,1050,120,3380,false,true,false,3320,5,4863,40,1,2
1135,ketoBig,4293,38,8,budget,0,90,true,4,600,89,142,0.15789473684210525,0.7894736842105263,0.05263157894736842,0,0,6,1,normal,false,9,15,188,2965,600,540,0,true,false,true,0,0,4293,38,0,
1136,ketoBig,3570,32,2,budget,0,82,true,5,1095,71,118,0.25,0.71875,0.03125,0,0,3,8,crash,false,5,10,345,2925,300,0,0,false,false,false,0,0,3570,32,0,
1137,ketoBig,7020,42,12,budget,0,97,true,4,960,120,182,0,0.8333333333333334,0.14285714285714285,0.023809523809523808,0,5,13,normal,false,7,15,60,3990,1830,1140,0,true,true,false,0,0,7020,42,0,
1138,ketoBig,9159,43,13,budget,1,100,true,6,2790,108,169,0.13953488372093023,0.5813953488372093,0.09302325581395349,0.06976744186046512,0.11627906976744186,5,13,normal,false,8,16,144,2875,3420,540,2180,false,false,true,2150,5,7009,38,1,3
1139,ketoBig,3753,30,0,budget,0,64,true,6,1065,81,134,0.3,0.7,0,0,0,3,16,normal,false,5,14,553,3200,0,0,0,false,false,false,0,0,3753,30,0,
1140,ketoBig,4081,34,4,budget,0,71,true,5,765,97,132,0.14705882352941177,0.8529411764705882,0,0,0,4,5,normal,false,6,15,286,3795,0,0,0,false,false,false,0,0,4081,34,0,
1141,ketoBig,3769,30,0,budget,0,69,true,3,390,84,128,0.1,0.9,0,0,0,1,22,normal,false,5,12,359,3410,0,0,0,false,false,true,0,0,3769,30,0,
1142,ketoBig,16035,33,28,lock,2,100,true,6,3680,121,157,0.030303030303030304,0.45454545454545453,0.15151515151515152,0.06060606060606061,0.30303030303030304,10,1,normal,false,4,19,15,1975,1870,495,11680,false,false,true,9050,10,6985,23,2,2|2
1143,ketoBig,5413,32,2,budget,0,76,true,6,1010,94,165,0.09375,0.875,0.03125,0,0,1,5,crash,false,3,16,468,4825,120,0,0,false,false,true,0,0,5413,32,0,
1144,ketoBig,14645,64,34,budget,2,100,true,4,1500,202,259,0.046875,0.515625,0.234375,0.046875,0.15625,15,2,normal,false,9,34,45,4805,4170,705,4920,false,false,true,4590,10,10055,54,2,3|5
1145,ketoBig,23751,72,42,budget,2,100,true,8,2580,235,297,0.1111111111111111,0.4305555555555556,0.2361111111111111,0.08333333333333333,0.1388888888888889,20,2,normal,false,6,43,311,6190,2680,2070,12500,false,true,true,8600,10,15151,62,2,3|6
1146,ketoBig,15009,57,27,budget,1,100,true,6,4020,151,257,0.19298245614035087,0.543859649122807,0.10526315789473684,0.07017543859649122,0.08771929824561403,15,1,crash,false,5,26,594,3455,3090,2070,5800,false,true,false,3355,5,11654,52,1,3
1147,ketoBig,8228,39,9,budget,1,100,true,5,3060,112,174,0.20512820512820512,0.6153846153846154,0.05128205128205128,0,0.1282051282051282,5,2,normal,false,5,16,288,3450,170,180,4140,false,false,false,1340,5,6888,34,1,2
1148,ketoBig,8980,51,21,budget,1,100,true,4,1250,126,183,0.0392156862745098,0.6274509803921569,0.11764705882352941,0.11764705882352941,0.09803921568627451,10,15,normal,false,9,30,30,3145,1320,2085,2400,false,true,true,2370,5,6610,46,1,3
1149,ketoBig,4067,30,0,budget,0,65,true,5,383,91,141,0.23333333333333334,0.7666666666666667,0,0,0,2,8,normal,false,4,15,557,3510,0,0,0,false,false,true,0,0,4067,30,0,
1150,ketoBig,2384,30,0,budget,0,65,true,3,330,66,104,0.3,0.7,0,0,0,1,21,normal,false,11,8,339,2045,0,0,0,false,false,false,0,0,2384,30,0,
1151,ketoBig,5618,42,12,budget,0,85,true,4,930,104,166,0.14285714285714285,0.7619047619047619,0.09523809523809523,0,0,9,3,normal,false,4,21,333,3095,2190,0,0,false,false,true,0,0,5618,42,0,
1152,ketoBig,13335,82,52,budget,0,98,true,5,1200,216,300,0.036585365853658534,0.6951219512195121,0.21951219512195122,0.04878048780487805,0,20,12,crash,false,6,41,150,5365,6290,1530,0,true,true,false,0,0,13335,82,0,
1153,ketoBig,7135,48,18,budget,0,96,true,4,1645,124,169,0.020833333333333332,0.9166666666666666,0.041666666666666664,0.020833333333333332,0,9,2,normal,false,6,20,15,3655,1530,1935,0,true,true,false,0,0,7135,48,0,
1154,ketoBig,4103,32,2,budget,0,75,true,5,585,86,123,0.21875,0.75,0.03125,0,0,5,4,normal,false,7,12,178,3715,210,0,0,false,false,false,0,0,4103,32,0,
1155,ketoBig,28430,80,50,budget,2,100,false,7,5120,255,382,0,0.675,0.1625,0.0375,0.125,18,1,normal,false,6,39,0,6700,6580,3510,11640,false,true,true,15260,10,13170,70,1,4
1156,ketoBig,4885,34,4,budget,0,83,true,4,830,108,150,0.058823529411764705,0.8529411764705882,0.08823529411764706,0,0,3,2,normal,false,2,22,255,4210,420,0,0,false,false,false,0,0,4885,34,0,
1157,ketoBig,9280,49,19,budget,1,100,true,4,2040,120,171,0.02040816326530612,0.6938775510204082,0.16326530612244897,0.02040816326530612,0.10204081632653061,9,9,normal,false,7,29,15,3205,1650,90,4320,false,false,true,4290,5,4990,44,1,3
1158,ketoBig,8915,40,10,budget,0,93,true,6,1170,133,210,0.05,0.825,0.125,0,0,5,16,normal,false,4,17,90,5630,2250,945,0,true,false,false,0,0,8915,40,0,
1159,ketoBig,32530,83,53,budget,3,100,false,6,4740,265,351,0,0.5060240963855421,0.2289156626506024,0.08433734939759036,0.18072289156626506,21,4,normal,false,9,42,0,4595,6560,2475,18900,false,true,false,12170,15,20360,68,3,3|5|4
1160,ketoBig,3435,30,0,budget,0,62,true,4,540,77,123,0.06666666666666667,0.9333333333333333,0,0,0,1,19,normal,false,6,11,120,3315,0,0,0,false,false,true,0,0,3435,30,0,
1161,ketoBig,12360,70,40,budget,0,97,true,5,1055,201,272,0.014285714285714285,0.7428571428571429,0.15714285714285714,0.08571428571428572,0,20,1,normal,false,7,37,20,5995,3300,3045,0,true,true,false,0,0,12360,70,0,
1162,ketoBig,17050,69,39,budget,3,100,true,4,2160,174,266,0.014492753623188406,0.5652173913043478,0.15942028985507245,0.043478260869565216,0.21739130434782608,13,10,crash,false,5,35,45,3600,3300,4905,5200,false,true,false,6340,15,10710,54,3,3|4|4
1163,ketoBig,3096,32,2,budget,0,80,true,5,593,70,126,0.21875,0.71875,0.0625,0,0,3,11,normal,false,5,15,931,1925,240,0,0,false,false,false,0,0,3096,32,0,
1164,ketoBig,6620,28,25,lock,1,100,false,3,1320,74,78,0,0.42857142857142855,0.2857142857142857,0.10714285714285714,0.17857142857142858,10,2,normal,false,3,16,0,740,960,960,3960,false,true,true,4080,5,2540,23,1,6
1165,ketoBig,4998,40,10,budget,0,86,true,4,830,107,155,0,0.9,0.1,0,0,5,1,normal,false,5,21,158,4330,510,0,0,false,false,true,0,0,4998,40,0,
1166,ketoBig,5320,30,0,budget,0,66,true,7,1620,101,129,0.03333333333333333,0.9666666666666667,0,0,0,1,24,normal,false,6,13,15,5305,0,0,0,false,false,false,0,0,5320,30,0,
1167,ketoBig,6260,52,22,budget,0,87,true,4,430,139,190,0.11538461538461539,0.6923076923076923,0.19230769230769232,0,0,13,2,keto,false,4,28,620,3650,1450,540,0,false,false,false,0,0,6260,52,0,
1168,ketoBig,5123,38,8,budget,0,95,true,4,660,99,158,0.10526315789473684,0.7631578947368421,0.10526315789473684,0.02631578947368421,0,6,2,normal,false,5,19,408,3995,450,270,0,true,true,true,0,0,5123,38,0,
1169,ketoBig,4771,38,8,budget,0,84,true,4,830,99,158,0.23684210526315788,0.7105263157894737,0.05263157894736842,0,0,7,1,crash,false,3,22,541,3240,990,0,0,false,false,false,0,0,4771,38,0,
1170,ketoBig,2925,17,6,lock,0,80,false,4,660,39,74,0,0.9411764705882353,0.058823529411764705,0,0,3,8,normal,false,2,8,0,1375,1550,0,0,false,false,false,0,0,2925,17,0,
1171,ketoBig,3120,32,2,budget,0,71,true,3,435,77,132,0.15625,0.84375,0,0,0,3,2,normal,false,4,14,220,2900,0,0,0,false,false,true,0,0,3120,32,0,
1172,ketoBig,2656,32,2,budget,0,78,true,3,285,64,107,0.15625,0.8125,0.03125,0,0,1,17,crash,false,4,13,331,2235,90,0,0,false,false,true,0,0,2656,32,0,
1173,ketoBig,16885,56,26,budget,2,100,false,4,5120,170,214,0,0.6785714285714286,0.125,0.017857142857142856,0.17857142857142858,9,3,normal,false,10,20,0,3985,1890,270,10740,false,false,false,5410,10,11475,46,2,2|4
1174,ketoBig,3929,30,0,budget,0,57,true,7,1745,78,133,0.43333333333333335,0.5666666666666667,0,0,0,3,8,normal,false,6,11,619,3310,0,0,0,false,false,false,0,0,3929,30,0,
1175,ketoBig,1905,30,0,budget,0,52,true,3,210,56,108,0.5666666666666667,0.43333333333333335,0,0,0,4,15,normal,false,7,10,735,1170,0,0,0,false,false,true,0,0,1905,30,0,
1176,ketoBig,6170,32,2,budget,0,74,false,5,750,94,178,0,0.96875,0.03125,0,0,1,21,normal,false,5,14,0,6080,90,0,0,false,false,true,0,0,6170,32,0,
1177,ketoBig,9070,57,27,budget,1,100,true,6,900,158,201,0.03508771929824561,0.6666666666666666,0.19298245614035087,0.017543859649122806,0.08771929824561403,13,2,normal,false,7,25,30,3825,3070,405,1740,false,false,false,1560,5,7510,52,1,3
1178,ketoBig,13955,48,46,lock,2,100,false,5,2190,131,181,0,0.1875,0.4375,0.16666666666666666,0.20833333333333334,18,4,frenzy,false,3,35,0,620,6030,3945,3360,false,true,true,2490,10,11465,38,2,6|3
1179,ketoBig,9460,53,23,budget,1,100,true,4,1560,155,209,0.018867924528301886,0.7358490566037735,0.1320754716981132,0.018867924528301886,0.09433962264150944,10,3,normal,false,6,26,20,4960,1720,600,2160,false,false,true,2250,5,7210,48,1,3
1180,ketoBig,3768,30,0,budget,0,64,true,5,765,69,133,0.23333333333333334,0.7666666666666667,0,0,0,2,13,crash,false,6,11,458,3310,0,0,0,false,false,false,0,0,3768,30,0,
1181,ketoBig,5705,34,4,budget,0,75,true,5,840,117,164,0,0.8823529411764706,0.11764705882352941,0,0,2,1,normal,false,5,12,90,5055,560,0,0,false,false,false,0,0,5705,34,0,
1182,ketoBig,9475,32,18,lock,2,100,true,5,1560,101,117,0,0.4375,0.15625,0.09375,0.3125,6,3,normal,false,4,15,30,1975,710,1260,5500,false,true,false,3640,10,5835,22,2,3|6
1183,ketoBig,10133,49,19,budget,1,100,true,5,2460,132,166,0.04081632653061224,0.6938775510204082,0.14285714285714285,0.02040816326530612,0.10204081632653061,8,2,normal,false,7,21,38,3555,1330,90,5120,false,false,true,2750,5,7383,44,1,5
1184,ketoBig,6078,47,17,budget,1,100,true,4,480,118,178,0.10638297872340426,0.6595744680851063,0.10638297872340426,0.02127659574468085,0.10638297872340426,9,2,normal,false,6,20,263,3895,780,120,1020,false,false,false,1020,5,5058,42,1,3
1185,ketoBig,5278,44,14,budget,0,94,true,3,420,112,175,0.06818181818181818,0.7272727272727273,0.1590909090909091,0.045454545454545456,0,8,1,normal,false,8,23,308,3365,1290,315,0,true,false,false,0,0,5278,44,0,
1186,ketoBig,11630,55,25,budget,1,100,true,7,1975,162,225,0.01818181818181818,0.6363636363636364,0.2,0.05454545454545454,0.09090909090909091,10,2,normal,false,3,26,30,6290,1620,1710,1980,false,true,false,1890,5,9740,50,1,2
1187,ketoBig,8210,44,14,budget,0,94,false,4,1320,129,205,0,0.8409090909090909,0.09090909090909091,0.06818181818181818,0,7,4,normal,false,9,20,0,4910,2430,870,0,true,false,false,0,0,8210,44,0,
1188,ketoBig,2673,30,0,budget,0,57,true,3,430,61,108,0.16666666666666666,0.8333333333333334,0,0,0,3,3,normal,false,8,7,128,2545,0,0,0,false,false,false,0,0,2673,30,0,
1189,ketoBig,5558,36,6,budget,0,88,true,8,1565,93,153,0.16666666666666666,0.75,0.05555555555555555,0.027777777777777776,0,6,2,normal,false,4,17,263,4355,670,270,0,false,false,true,0,0,5558,36,0,
1190,ketoBig,12745,60,30,budget,0,96,false,4,1260,197,296,0,0.8333333333333334,0.13333333333333333,0.03333333333333333,0,11,1,normal,false,5,29,0,6365,4130,2250,0,true,true,false,0,0,12745,60,0,
1191,ketoBig,2425,30,0,budget,0,66,false,3,345,65,90,0,1,0,0,0,0,-1,normal,false,6,10,0,2425,0,0,0,false,false,false,0,0,2425,30,0,
1192,ketoBig,6910,36,6,budget,0,85,true,5,2540,89,168,0.05555555555555555,0.8611111111111112,0.08333333333333333,0,0,4,3,normal,false,6,12,170,3285,2780,675,0,false,false,true,0,0,6910,36,0,
1193,ketoBig,41480,113,83,budget,5,100,true,10,3945,343,473,0.017699115044247787,0.415929203539823,0.2831858407079646,0.061946902654867256,0.22123893805309736,30,1,normal,false,6,62,30,6105,10320,8685,16340,false,true,false,15265,25,26215,88,4,10|3|2|2
1194,ketoBig,5175,34,4,budget,0,76,true,4,820,104,179,0.20588235294117646,0.7352941176470589,0.058823529411764705,0,0,4,1,crash,false,6,15,315,4500,360,0,0,false,false,false,0,0,5175,34,0,
1195,ketoBig,5098,32,2,budget,0,83,true,5,930,87,149,0.125,0.75,0.125,0,0,4,2,normal,false,3,17,273,4285,540,0,0,false,false,false,0,0,5098,32,0,
1196,ketoBig,6338,47,17,budget,1,100,true,3,840,119,155,0.10638297872340426,0.6595744680851063,0.1276595744680851,0,0.10638297872340426,9,3,normal,false,4,18,398,3000,540,720,1680,false,false,false,1800,5,4538,42,1,3
1197,ketoBig,7688,34,4,budget,0,83,true,5,1050,132,202,0.14705882352941177,0.7941176470588235,0.058823529411764705,0,0,2,5,crash,false,5,14,338,7170,180,0,0,false,false,true,0,0,7688,34,0,
1198,ketoBig,24763,85,55,budget,3,100,true,5,4315,249,349,0.03529411764705882,0.5176470588235295,0.17647058823529413,0.09411764705882353,0.17647058823529413,20,2,normal,false,5,47,128,4810,3760,7485,8580,false,true,false,7990,15,16773,70,2,3|7
1199,ketoBig,17493,48,18,budget,2,100,true,8,7560,132,199,0.2708333333333333,0.375,0.10416666666666667,0.041666666666666664,0.20833333333333334,9,3,crash,false,9,24,503,2080,350,1020,13540,false,true,true,5350,10,12143,38,2,3|4
1200,ketoBig,10410,44,14,budget,0,98,true,5,3090,133,221,0.06818181818181818,0.7272727272727273,0.13636363636363635,0.06818181818181818,0,8,3,crash,false,7,22,280,5000,3960,1170,0,true,true,false,0,0,10410,44,0,
1201,ketoBig,2753,32,2,budget,0,70,true,3,285,69,95,0.125,0.875,0,0,0,2,12,normal,false,6,12,188,2565,0,0,0,false,false,false,0,0,2753,32,0,
1202,ketoBig,5656,38,8,budget,0,77,true,6,1215,96,157,0.10526315789473684,0.8421052631578947,0.05263157894736842,0,0,6,2,normal,false,3,20,221,4735,700,0,0,false,false,true,0,0,5656,38,0,
1203,ketoBig,17640,78,48,budget,2,100,true,4,1310,228,297,0.02564102564102564,0.6282051282051282,0.14102564102564102,0.07692307692307693,0.1282051282051282,19,2,normal,false,12,35,180,4525,5330,2385,5220,false,true,true,4220,10,13420,68,1,2
1204,ketoBig,11768,47,17,budget,1,100,true,5,2520,130,200,0.02127659574468085,0.7872340425531915,0.06382978723404255,0.02127659574468085,0.10638297872340426,8,1,normal,false,8,21,138,3795,660,2295,4880,false,true,false,3930,5,7838,42,1,4
1205,ketoBig,11230,34,9,lock,1,100,true,7,4890,86,139,0.058823529411764705,0.5882352941176471,0.17647058823529413,0.029411764705882353,0.14705882352941177,5,2,normal,false,5,17,30,1940,770,90,8400,false,false,false,7950,5,3280,29,1,6
1206,ketoBig,2975,27,10,lock,0,94,true,3,420,63,94,0.07407407407407407,0.6666666666666666,0.2222222222222222,0.037037037037037035,0,5,2,crash,false,5,15,115,1630,600,630,0,true,false,false,0,0,2975,27,0,
1207,ketoBig,2420,24,2,lock,0,74,true,6,990,46,69,0.08333333333333333,0.875,0.041666666666666664,0,0,2,8,normal,false,10,8,200,2130,90,0,0,false,false,false,0,0,2420,24,0,
1208,ketoBig,5940,38,8,budget,0,88,true,4,935,94,157,0.07894736842105263,0.8947368421052632,0,0.02631578947368421,0,6,5,normal,false,4,15,45,4275,1350,270,0,false,false,true,0,0,5940,38,0,
1209,ketoBig,11670,53,23,budget,1,100,false,4,1060,205,265,0,0.7169811320754716,0.1509433962264151,0.03773584905660377,0.09433962264150944,8,1,normal,false,4,27,0,7480,2520,690,980,false,true,false,1100,5,10570,48,1,4
1210,ketoBig,2760,38,8,budget,0,80,true,3,360,82,100,0,0.9473684210526315,0.05263157894736842,0,0,4,5,normal,false,8,13,105,2265,390,0,0,false,false,false,0,0,2760,38,0,
1211,ketoBig,14300,59,29,budget,1,100,false,5,2670,185,271,0,0.6779661016949152,0.1694915254237288,0.06779661016949153,0.0847457627118644,9,2,normal,false,9,25,0,6680,2130,3690,1800,false,true,false,1410,5,12890,54,1,3
1212,ketoBig,6750,49,19,budget,1,100,true,3,600,122,162,0.02040816326530612,0.7551020408163265,0.08163265306122448,0.04081632653061224,0.10204081632653061,8,10,normal,false,8,19,15,3570,960,585,1620,false,false,false,1590,5,5160,44,1,5
1213,ketoBig,24930,86,56,budget,4,100,true,4,2340,248,329,0.023255813953488372,0.4418604651162791,0.20930232558139536,0.09302325581395349,0.23255813953488372,20,2,crash,false,10,47,40,4155,5810,1545,13380,false,true,true,12310,20,12620,66,4,4|5|4|4
1214,ketoBig,5631,40,10,budget,0,96,true,6,1695,99,141,0.1,0.775,0.1,0.025,0,6,22,normal,false,8,18,81,3130,2150,270,0,true,true,false,0,0,5631,40,0,
1215,ketoBig,5028,32,2,budget,0,71,true,4,760,100,144,0.0625,0.9375,0,0,0,2,23,normal,false,7,11,103,4295,630,0,0,false,false,false,0,0,5028,32,0,
1216,ketoBig,3453,30,0,budget,0,64,true,3,460,78,123,0.06666666666666667,0.9333333333333333,0,0,0,1,22,normal,false,11,7,158,3295,0,0,0,false,false,true,0,0,3453,30,0,
1217,ketoBig,18855,79,49,budget,3,100,true,6,3600,244,276,0,0.5063291139240507,0.20253164556962025,0.10126582278481013,0.189873417721519,18,2,normal,false,6,41,30,4705,3530,3150,7440,false,true,false,7230,15,11625,64,3,5|6|5
1218,ketoBig,9623,47,17,budget,1,100,true,6,2265,131,204,0.1702127659574468,0.5319148936170213,0.1702127659574468,0.02127659574468085,0.10638297872340426,8,6,crash,false,5,20,468,4220,2430,1485,1020,false,false,false,990,5,8633,42,1,3
1219,ketoBig,11633,61,35,lock,1,100,true,5,1560,150,223,0.11475409836065574,0.47540983606557374,0.2459016393442623,0.08196721311475409,0.08196721311475409,20,2,crash,false,4,39,293,4320,2670,1770,2580,false,false,false,2190,5,9443,56,1,3
1220,ketoBig,3418,32,2,budget,0,73,true,3,495,82,111,0.125,0.84375,0.03125,0,0,3,2,normal,false,4,13,68,3170,180,0,0,false,false,false,0,0,3418,32,0,
1221,ketoBig,3850,30,0,budget,0,50,true,4,705,80,134,0.1,0.9,0,0,0,3,11,normal,false,4,14,105,3745,0,0,0,false,false,false,0,0,3850,30,0,
1222,ketoBig,15725,81,51,budget,3,100,true,4,1540,240,286,0,0.5679012345679012,0.19753086419753085,0.04938271604938271,0.18518518518518517,17,1,normal,false,10,39,30,6120,2920,495,6160,false,true,false,5040,15,10685,66,2,2|4
1223,ketoBig,7790,14,17,lock,1,100,false,5,2535,59,69,0,0.14285714285714285,0.35714285714285715,0.21428571428571427,0.2857142857142857,6,1,frenzy,false,2,11,0,120,2880,2910,1880,false,true,true,2000,4,5790,10,1,5
1224,ketoBig,6336,39,9,budget,1,100,true,4,1920,100,139,0.10256410256410256,0.6923076923076923,0.05128205128205128,0.02564102564102564,0.1282051282051282,5,1,normal,false,9,16,241,3055,310,90,2640,false,false,true,2370,5,3966,34,1,3
1225,ketoBig,2210,32,2,budget,0,77,true,3,203,62,113,0.53125,0.4375,0.03125,0,0,7,4,normal,false,7,13,775,1345,90,0,0,false,false,true,0,0,2210,32,0,
1226,ketoBig,5570,44,14,budget,0,82,true,7,1700,112,151,0.022727272727272728,0.8636363636363636,0.11363636363636363,0,0,8,2,normal,false,9,15,15,4505,1050,0,0,false,false,true,0,0,5570,44,0,
1227,ketoBig,19210,71,41,budget,3,100,false,5,2820,190,255,0,0.5915492957746479,0.16901408450704225,0.028169014084507043,0.2112676056338028,14,1,normal,false,6,34,0,3250,3580,360,12020,false,true,false,9380,15,9830,56,3,2|3|4
1228,ketoBig,18450,75,45,budget,3,100,true,5,2400,212,269,0.02666666666666667,0.49333333333333335,0.18666666666666668,0.09333333333333334,0.2,17,2,normal,false,11,33,50,3545,3320,4815,6720,false,true,false,4530,15,13920,60,3,2|13|4
1229,ketoBig,4675,34,4,budget,0,83,false,5,885,88,129,0,0.8823529411764706,0.11764705882352941,0,0,2,2,normal,false,5,16,0,4345,330,0,0,false,false,true,0,0,4675,34,0,
1230,ketoBig,3960,12,9,lock,1,100,false,3,1470,27,34,0,0.16666666666666666,0.3333333333333333,0.08333333333333333,0.4166666666666667,3,2,normal,false,1,10,0,60,450,90,3360,false,false,true,2970,5,990,7,1,4
1231,ketoBig,4613,34,4,budget,0,77,true,4,780,93,155,0.2647058823529412,0.7352941176470589,0,0,0,6,7,normal,false,4,17,618,3245,750,0,0,false,false,true,0,0,4613,34,0,
1232,ketoBig,5516,36,6,budget,0,86,true,5,785,102,161,0.19444444444444445,0.7222222222222222,0.08333333333333333,0,0,6,3,normal,false,9,14,241,4615,390,270,0,false,false,false,0,0,5516,36,0,
1233,ketoBig,9843,56,26,budget,2,100,true,4,1940,141,179,0.03571428571428571,0.5535714285714286,0.14285714285714285,0.08928571428571429,0.17857142857142858,12,3,normal,false,10,27,78,2910,1990,765,4100,false,true,true,3890,10,5953,46,2,6|3
1234,ketoBig,3665,32,2,budget,0,72,false,5,715,93,117,0,0.96875,0.03125,0,0,1,29,normal,false,4,17,0,3575,90,0,0,false,false,false,0,0,3665,32,0,
1235,ketoBig,9125,51,21,budget,1,100,true,4,2430,142,203,0.0392156862745098,0.7647058823529411,0.0784313725490196,0.0196078431372549,0.09803921568627451,8,1,crash,false,11,21,280,4165,2670,1230,780,false,false,false,3090,5,6035,46,1,3
1236,ketoBig,12025,54,24,budget,2,100,false,4,1180,174,220,0,0.6851851851851852,0.12962962962962962,0,0.18518518518518517,7,3,normal,false,9,23,0,4635,1050,540,5800,false,false,false,4840,10,7185,44,2,2|3
1237,ketoBig,8020,46,16,budget,0,97,true,4,1725,115,170,0.021739130434782608,0.7608695652173914,0.17391304347826086,0.043478260869565216,0,9,8,normal,false,7,17,15,3340,1830,2835,0,true,true,false,0,0,8020,46,0,
1238,ketoBig,6470,42,12,budget,0,82,false,4,715,134,178,0,0.8809523809523809,0.11904761904761904,0,0,6,2,normal,false,3,24,0,5270,1200,0,0,false,false,false,0,0,6470,42,0,
1239,ketoBig,20785,79,49,budget,3,100,false,5,2880,226,284,0,0.569620253164557,0.16455696202531644,0.0759493670886076,0.189873417721519,17,1,normal,false,10,45,0,4000,4040,1665,11080,false,true,false,7750,15,13035,64,3,7|4|2
1240,ketoBig,11065,54,24,budget,2,100,true,6,990,154,203,0.018518518518518517,0.6111111111111112,0.14814814814814814,0.037037037037037035,0.18518518518518517,9,1,crash,false,10,21,150,4495,2640,180,3600,false,false,true,3480,10,7585,44,2,3|5
1241,ketoBig,5055,44,14,budget,0,96,true,3,540,103,167,0.09090909090909091,0.7727272727272727,0.09090909090909091,0.045454545454545456,0,8,1,crash,false,7,23,245,3175,1050,585,0,true,true,false,0,0,5055,44,0,
1242,ketoBig,7915,43,13,budget,1,100,false,3,960,111,160,0,0.7209302325581395,0.11627906976744186,0.046511627906976744,0.11627906976744186,5,2,normal,false,5,21,0,2995,390,1830,2700,false,true,false,2520,5,5395,38,1,5
1243,ketoBig,4978,32,2,budget,0,72,true,6,1310,83,139,0.0625,0.90625,0.03125,0,0,3,11,normal,false,3,15,208,4680,90,0,0,false,false,true,0,0,4978,32,0,
1244,ketoBig,2418,32,2,budget,0,75,true,2,210,67,123,0.21875,0.75,0.03125,0,0,5,6,normal,false,5,12,408,1800,210,0,0,false,false,true,0,0,2418,32,0,
1245,ketoBig,13675,50,20,budget,2,100,true,7,3750,154,197,0.02,0.6,0.1,0.08,0.2,7,2,normal,false,8,24,15,5340,850,4050,3420,false,true,false,2880,10,10795,40,2,2|5
1246,ketoBig,17105,49,19,budget,1,100,false,6,3960,153,224,0,0.7755102040816326,0.08163265306122448,0.04081632653061224,0.10204081632653061,8,4,normal,false,5,24,0,3940,2470,3675,7020,false,true,false,7020,5,10085,44,1,5
1247,ketoBig,33361,125,95,budget,5,100,true,6,1820,387,516,0.072,0.36,0.272,0.096,0.2,36,1,normal,false,6,67,776,5640,9770,4995,12180,false,true,false,11090,25,22271,100,5,4|8|8|4|6
1248,ketoBig,3010,30,0,budget,0,68,true,3,405,80,109,0.03333333333333333,0.9666666666666667,0,0,0,1,30,normal,false,4,12,20,2990,0,0,0,false,false,true,0,0,3010,30,0,
1249,ketoBig,7324,44,14,budget,0,94,true,6,1035,123,204,0.22727272727272727,0.6363636363636364,0.11363636363636363,0.022727272727272728,0,8,1,normal,false,4,22,789,4960,1350,225,0,true,false,false,0,0,7324,44,0,
1250,ketoBig,5510,40,10,budget,0,82,false,6,870,119,153,0,0.875,0.125,0,0,5,3,normal,false,7,20,0,4850,660,0,0,false,false,false,0,0,5510,40,0,
1251,ketoBig,5660,32,2,budget,0,71,true,5,805,106,166,0,1,0,0,0,1,9,normal,false,3,18,445,5215,0,0,0,false,false,true,0,0,5660,32,0,
1252,ketoBig,4303,32,2,budget,0,72,true,4,730,95,135,0.03125,0.96875,0,0,0,2,7,normal,false,5,12,233,3890,180,0,0,false,false,true,0,0,4303,32,0,
1253,ketoBig,6858,41,11,budget,1,100,true,5,825,124,198,0.14634146341463414,0.6585365853658537,0.07317073170731707,0,0.12195121951219512,6,2,crash,false,7,15,318,4580,780,0,1180,false,false,false,1510,5,5348,36,0,
1254,ketoBig,376,6,0,lock,0,62,true,2,120,3,23,0.5,0.5,0,0,0,0,-1,crash,false,6,0,46,330,0,0,0,false,false,false,0,0,376,6,0,
1255,ketoBig,15940,74,44,budget,2,100,false,5,1380,230,300,0,0.6081081081081081,0.1891891891891892,0.06756756756756757,0.13513513513513514,17,1,normal,false,7,40,0,5640,5170,1290,3840,false,true,false,3710,10,12230,64,2,7|3
1256,ketoBig,3268,32,2,budget,0,77,true,3,480,74,126,0.21875,0.78125,0,0,0,2,2,crash,false,6,11,448,2370,450,0,0,false,false,false,0,0,3268,32,0,
1257,ketoBig,3018,30,0,budget,0,62,true,4,278,72,114,0.03333333333333333,0.9666666666666667,0,0,0,1,28,normal,false,3,15,333,2685,0,0,0,false,false,false,0,0,3018,30,0,
1258,ketoBig,4988,40,10,budget,0,90,true,5,540,100,153,0.075,0.825,0.1,0,0,6,13,normal,false,5,20,298,3700,720,270,0,true,false,false,0,0,4988,40,0,
1259,ketoBig,21675,56,48,lock,4,100,false,5,3045,169,217,0,0.14285714285714285,0.32142857142857145,0.17857142857142858,0.35714285714285715,17,1,keto,false,5,35,0,485,4020,8970,8200,false,true,true,6330,20,15345,36,4,2|2|8|9
1260,ketoBig,3720,30,0,budget,0,68,true,4,630,86,111,0.03333333333333333,0.9666666666666667,0,0,0,1,11,normal,false,7,9,15,3705,0,0,0,false,false,false,0,0,3720,30,0,
1261,ketoBig,5005,36,6,budget,0,80,true,4,870,101,151,0.027777777777777776,0.9166666666666666,0.05555555555555555,0,0,4,15,normal,false,4,16,90,3775,1140,0,0,false,false,false,0,0,5005,36,0,
1262,ketoBig,3003,30,0,budget,0,62,true,4,345,72,151,0.5,0.5,0,0,0,4,7,crash,false,4,14,1073,1930,0,0,0,false,false,true,0,0,3003,30,0,
1263,ketoBig,24180,39,37,lock,3,100,false,6,6350,153,199,0,0.28205128205128205,0.2564102564102564,0.07692307692307693,0.38461538461538464,10,2,normal,false,7,21,0,1425,3200,1575,17980,false,false,false,18500,15,5680,24,3,2|4|3
1264,ketoBig,14083,55,25,budget,1,100,true,5,1530,159,262,0.12727272727272726,0.6,0.12727272727272726,0.05454545454545454,0.09090909090909091,13,2,crash,false,5,25,193,5115,4260,1455,3060,false,true,false,2910,5,11173,50,1,5
1265,ketoBig,19065,40,34,lock,2,100,false,6,2400,125,212,0,0.3,0.275,0.175,0.25,13,9,keto,false,4,23,0,2395,5900,2010,8760,false,true,false,8280,10,10785,30,2,7|9
1266,ketoBig,6888,50,20,budget,0,94,true,4,1005,114,169,0.1,0.64,0.22,0.04,0,14,3,normal,false,6,24,198,3405,1440,1845,0,true,false,true,0,0,6888,50,0,
1267,ketoBig,3901,38,8,budget,0,91,true,4,690,97,150,0.47368421052631576,0.47368421052631576,0.02631578947368421,0.02631578947368421,0,10,1,normal,false,5,17,596,2750,240,315,0,true,false,false,0,0,3901,38,0,
1268,ketoBig,3443,30,0,budget,0,66,true,3,360,82,127,0.06666666666666667,0.9333333333333333,0,0,0,1,20,normal,false,5,11,458,2985,0,0,0,false,false,false,0,0,3443,30,0,
1269,ketoBig,6105,40,10,budget,0,96,true,4,660,117,163,0.025,0.875,0.05,0.05,0,5,2,normal,false,6,17,15,5145,540,405,0,true,true,false,0,0,6105,40,0,
1270,ketoBig,11285,57,27,budget,1,100,true,6,1205,153,212,0.07017543859649122,0.7192982456140351,0.08771929824561403,0.03508771929824561,0.08771929824561403,12,3,crash,false,9,31,105,4275,2430,495,3980,false,false,false,3200,5,8085,52,1,2
1271,ketoBig,4395,36,6,budget,0,83,true,5,720,84,131,0.05555555555555555,0.8333333333333334,0.1111111111111111,0,0,5,2,normal,false,2,23,120,3705,570,0,0,false,false,true,0,0,4395,36,0,
1272,ketoBig,5285,34,4,budget,0,80,false,4,860,119,153,0,0.9117647058823529,0.08823529411764706,0,0,2,7,normal,false,6,17,0,4775,510,0,0,false,false,false,0,0,5285,34,0,
1273,ketoBig,7819,49,19,budget,1,100,true,4,1375,126,211,0.2653061224489796,0.4489795918367347,0.16326530612244897,0.02040816326530612,0.10204081632653061,10,1,normal,false,3,25,1184,1910,1200,1305,2220,false,false,false,2190,5,5629,44,1,5
1274,ketoBig,4958,43,13,budget,1,100,true,4,525,100,141,0.046511627906976744,0.7674418604651163,0.046511627906976744,0.023255813953488372,0.11627906976744186,4,3,crash,false,9,13,38,3090,600,90,1140,false,false,false,1110,5,3848,38,1,2
1275,ketoBig,4844,30,0,budget,0,64,true,5,780,88,183,0.4,0.6,0,0,0,3,14,normal,false,4,16,969,3875,0,0,0,false,false,false,0,0,4844,30,0,
1276,ketoBig,3195,34,4,budget,0,83,true,4,570,71,103,0.058823529411764705,0.8529411764705882,0.08823529411764706,0,0,3,20,crash,false,8,10,15,2910,270,0,0,false,false,false,0,0,3195,34,0,
1277,ketoBig,13120,41,11,budget,1,100,true,7,3630,156,219,0.024390243902439025,0.7317073170731707,0.0975609756097561,0.024390243902439025,0.12195121951219512,3,2,normal,false,6,14,125,5880,1550,3825,1740,false,true,false,1660,5,11460,36,1,4
1278,ketoBig,6575,36,6,budget,0,83,true,6,1520,123,179,0,0.9444444444444444,0.05555555555555555,0,0,3,14,normal,false,7,18,185,5790,600,0,0,false,false,true,0,0,6575,36,0,
1279,ketoBig,3877,36,6,budget,0,79,true,4,700,89,135,0.3611111111111111,0.6111111111111112,0.027777777777777776,0,0,7,3,normal,false,8,13,447,3010,420,0,0,false,false,false,0,0,3877,36,0,
1280,ketoBig,6831,47,17,budget,1,100,true,4,765,110,178,0.10638297872340426,0.6382978723404256,0.10638297872340426,0.0425531914893617,0.10638297872340426,8,2,crash,false,8,21,341,3445,990,855,1200,false,false,true,1605,5,5226,42,1,4
1281,ketoBig,4635,32,2,budget,0,74,true,5,855,91,152,0.0625,0.90625,0.03125,0,0,3,8,normal,false,7,10,105,4350,180,0,0,false,false,true,0,0,4635,32,0,
1282,ketoBig,4110,32,2,budget,0,77,false,4,615,91,122,0,0.96875,0.03125,0,0,1,2,normal,false,9,13,0,4020,90,0,0,false,false,false,0,0,4110,32,0,
1283,ketoBig,4478,32,2,budget,0,73,true,5,830,101,153,0.15625,0.8125,0.03125,0,0,4,2,normal,false,5,15,358,3910,210,0,0,false,false,false,0,0,4478,32,0,
1284,ketoBig,11429,45,15,budget,1,100,true,6,1730,133,223,0.2,0.6,0.08888888888888889,0,0.1111111111111111,7,2,normal,false,6,18,624,4385,1790,450,4180,false,false,true,5730,5,5699,40,0,
1285,ketoBig,4015,34,4,budget,0,80,true,4,690,89,138,0.14705882352941177,0.8235294117647058,0.029411764705882353,0,0,4,12,normal,false,4,17,320,3485,210,0,0,false,false,true,0,0,4015,34,0,
1286,ketoBig,10034,55,25,budget,1,100,true,4,1860,151,218,0.18181818181818182,0.5454545454545454,0.16363636363636364,0.01818181818181818,0.09090909090909091,12,10,crash,false,6,26,414,3745,3910,405,1560,false,false,false,1680,5,8354,50,1,2
1287,ketoBig,3804,32,2,budget,0,76,true,4,510,87,143,0.1875,0.8125,0,0,0,2,5,crash,false,4,16,429,3195,180,0,0,false,false,true,0,0,3804,32,0,
1288,ketoBig,15990,75,45,budget,1,100,true,4,1320,189,282,0.013333333333333334,0.6266666666666667,0.22666666666666666,0.06666666666666667,0.06666666666666667,21,4,normal,false,5,41,15,4525,3860,3510,4080,false,true,false,3210,5,12780,70,1,2
1289,ketoBig,38590,110,80,budget,6,100,true,6,3540,326,443,0.01818181818181818,0.3181818181818182,0.3090909090909091,0.08181818181818182,0.2727272727272727,33,4,normal,false,6,59,120,3450,9210,5190,20620,false,false,false,20680,30,17910,80,6,4|4|6|3|6|3
1290,ketoBig,12665,61,31,budget,1,100,false,5,2040,175,255,0,0.7213114754098361,0.18032786885245902,0.01639344262295082,0.08196721311475409,11,4,normal,false,6,30,0,5260,2020,1665,3720,false,true,false,3840,5,8825,56,1,5
1291,ketoBig,12825,56,26,budget,2,100,true,4,2220,173,200,0.017857142857142856,0.625,0.10714285714285714,0.07142857142857142,0.17857142857142858,10,1,normal,false,8,25,30,3265,2570,960,6000,false,true,false,5070,10,7755,46,2,4|3
1292,ketoBig,7705,42,12,budget,0,90,false,5,1470,121,190,0,0.8809523809523809,0.07142857142857142,0.047619047619047616,0,5,23,normal,false,5,16,0,4410,2800,495,0,true,false,false,0,0,7705,42,0,
1293,ketoBig,2850,34,4,budget,0,71,true,3,280,80,119,0.029411764705882353,0.9705882352941176,0,0,0,3,8,normal,false,4,15,150,2700,0,0,0,false,false,false,0,0,2850,34,0,
1294,ketoBig,3245,32,2,budget,0,77,true,3,545,78,114,0.0625,0.90625,0.03125,0,0,3,16,normal,false,5,12,30,3035,180,0,0,false,false,true,0,0,3245,32,0,
1295,ketoBig,2648,20,0,lock,0,66,true,4,495,57,94,0.2,0.8,0,0,0,0,-1,crash,false,3,8,143,2505,0,0,0,false,false,false,0,0,2648,20,0,
1296,ketoBig,11200,56,26,budget,2,100,true,5,1860,150,213,0.07142857142857142,0.625,0.08928571428571429,0.03571428571428571,0.17857142857142858,8,2,crash,false,16,18,235,4045,930,1710,4280,false,false,true,5010,10,6190,46,2,3|3
1297,ketoBig,3858,42,12,budget,0,80,true,4,495,84,123,0.2857142857142857,0.6904761904761905,0.023809523809523808,0,0,9,2,normal,false,8,14,383,2245,1230,0,0,false,false,false,0,0,3858,42,0,
1298,ketoBig,8379,53,23,budget,1,100,true,5,990,145,184,0.1320754716981132,0.5849056603773585,0.1509433962264151,0.03773584905660377,0.09433962264150944,10,3,normal,false,6,28,374,4495,1380,810,1320,false,true,true,1230,5,7149,48,1,7
1299,ketoBig,4185,30,0,budget,0,66,true,6,885,83,117,0.1,0.9,0,0,0,2,28,normal,false,4,11,105,4080,0,0,0,false,false,true,0,0,4185,30,0,
1300,ketoBig,3430,32,2,budget,0,73,false,4,465,81,114,0,0.9375,0.0625,0,0,1,26,normal,false,10,13,0,3130,300,0,0,false,false,false,0,0,3430,32,0,
1301,ketoBig,13089,52,22,budget,2,100,true,8,1620,134,223,0.19230769230769232,0.38461538461538464,0.15384615384615385,0.07692307692307693,0.19230769230769232,12,5,normal,false,4,28,699,3190,1730,810,6660,false,true,false,4980,10,8109,42,2,8|4
1302,ketoBig,6820,34,4,budget,0,80,true,5,1020,112,175,0.058823529411764705,0.9411764705882353,0,0,0,4,2,normal,false,8,16,90,6130,600,0,0,false,false,false,0,0,6820,34,0,
1303,ketoBig,19993,75,45,budget,3,100,true,7,4260,220,307,0.04,0.56,0.16,0.04,0.2,19,5,normal,false,5,42,323,5315,1680,7695,4980,false,true,true,9300,15,10693,60,3,5|5|4
1304,ketoBig,5545,46,16,budget,0,99,true,5,1220,123,153,0,0.8043478260869565,0.15217391304347827,0.043478260869565216,0,8,2,normal,false,5,22,115,4245,780,405,0,true,true,false,0,0,5545,46,0,
1305,ketoBig,6381,52,22,budget,0,94,true,3,735,121,175,0.15384615384615385,0.6153846153846154,0.21153846153846154,0.019230769230769232,0,13,2,normal,false,9,20,386,2770,2100,1125,0,true,false,false,0,0,6381,52,0,
1306,ketoBig,10745,49,19,budget,1,100,true,5,1800,157,214,0.061224489795918366,0.6938775510204082,0.10204081632653061,0.04081632653061224,0.10204081632653061,9,4,normal,false,4,22,60,4890,1760,1215,2820,false,false,true,3360,5,7385,44,1,2
1307,ketoBig,11705,58,28,budget,2,100,true,5,1120,186,226,0.034482758620689655,0.6379310344827587,0.1206896551724138,0.034482758620689655,0.1724137931034483,10,1,normal,false,8,23,195,4495,1340,1215,4460,false,true,false,4280,10,7425,48,2,2|3
1308,ketoBig,3113,30,0,budget,0,58,true,3,375,67,127,0.3,0.7,0,0,0,1,27,normal,false,5,13,638,2475,0,0,0,false,false,false,0,0,3113,30,0,
1309,ketoBig,14644,54,24,budget,2,100,true,7,3340,137,243,0.2222222222222222,0.46296296296296297,0.09259259259259259,0.037037037037037035,0.18518518518518517,11,7,normal,false,5,24,349,4395,3270,2250,4380,false,true,false,3180,10,11464,44,2,2|4
1310,ketoBig,4046,34,4,budget,0,80,true,4,715,82,140,0.17647058823529413,0.7647058823529411,0.058823529411764705,0,0,3,2,normal,false,7,16,286,3370,390,0,0,false,false,true,0,0,4046,34,0,
1311,ketoBig,3628,30,0,budget,0,68,true,4,645,73,122,0.1,0.9,0,0,0,1,20,crash,false,5,10,38,3590,0,0,0,false,false,false,0,0,3628,30,0,
1312,ketoBig,15410,50,20,budget,2,100,false,8,5565,146,191,0,0.68,0.12,0,0.2,5,4,normal,false,6,16,0,3470,790,5970,5180,false,false,false,10085,10,5325,40,2,2|2
1313,ketoBig,3118,30,0,budget,0,50,true,4,645,75,141,0.5,0.5,0,0,0,5,5,normal,false,5,12,863,2255,0,0,0,false,false,false,0,0,3118,30,0,
1314,ketoBig,10445,55,25,budget,1,100,false,7,2565,151,209,0,0.7090909090909091,0.14545454545454545,0.05454545454545454,0.09090909090909091,11,2,normal,false,6,27,0,4250,3630,765,1800,false,true,false,1770,5,8675,50,1,5
1315,ketoBig,2966,36,6,budget,0,85,true,4,450,63,104,0.3055555555555556,0.5,0.19444444444444445,0,0,6,2,normal,false,8,11,301,1645,750,270,0,false,false,false,0,0,2966,36,0,
1316,ketoBig,9321,49,19,budget,1,100,true,4,1380,135,198,0.10204081632653061,0.6938775510204082,0.08163265306122448,0.02040816326530612,0.10204081632653061,10,2,normal,false,6,25,336,3435,2010,360,3180,false,false,false,2940,5,6381,44,1,2
1317,ketoBig,32381,85,55,budget,3,100,true,8,4260,278,416,0.08235294117647059,0.4588235294117647,0.2,0.08235294117647059,0.17647058823529413,20,2,normal,false,7,44,346,6295,4400,7860,13480,false,true,false,14810,15,17571,70,3,6|3|2
1318,ketoBig,6045,39,9,budget,1,100,true,5,750,111,138,0.05128205128205128,0.7435897435897436,0.05128205128205128,0.02564102564102564,0.1282051282051282,3,2,normal,false,6,12,260,3415,360,270,1740,false,false,false,1650,5,4395,34,0,
1319,ketoBig,6480,52,22,budget,0,94,false,4,480,136,182,0,0.8269230769230769,0.1346153846153846,0.038461538461538464,0,9,22,normal,false,4,31,0,4755,1320,405,0,true,false,true,0,0,6480,52,0,
1320,ketoBig,20415,70,40,budget,2,100,true,6,2895,187,284,0.014285714285714285,0.4857142857142857,0.24285714285714285,0.11428571428571428,0.14285714285714285,16,2,normal,false,4,40,20,3560,2490,4485,9860,false,true,false,7220,10,13195,60,2,3|8
1321,ketoBig,20168,52,22,budget,2,100,true,9,3840,175,255,0.11538461538461539,0.5769230769230769,0.09615384615384616,0.019230769230769232,0.19230769230769232,9,2,normal,false,7,20,268,6780,1710,3870,7540,false,true,false,8380,10,11788,42,2,2|2
1322,ketoBig,5066,40,10,budget,0,84,true,5,765,127,170,0.1,0.85,0.05,0,0,7,2,normal,false,5,18,321,3935,810,0,0,false,false,false,0,0,5066,40,0,
1323,ketoBig,24440,56,26,budget,2,100,true,6,2940,230,307,0.03571428571428571,0.5892857142857143,0.125,0.07142857142857142,0.17857142857142858,11,10,normal,false,3,34,30,7310,2150,3270,11680,false,true,false,9470,10,14970,46,2,5|6
1324,ketoBig,3370,34,4,budget,0,82,true,3,345,87,109,0.029411764705882353,0.8823529411764706,0.08823529411764706,0,0,3,2,normal,false,4,15,15,3085,270,0,0,false,false,false,0,0,3370,34,0,
1325,ketoBig,4629,32,2,budget,0,75,true,4,880,89,145,0.25,0.75,0,0,0,3,3,crash,false,4,12,459,3870,300,0,0,false,false,true,0,0,4629,32,0,
1326,ketoBig,3120,30,0,budget,0,64,true,5,960,69,106,0.26666666666666666,0.7333333333333333,0,0,0,1,24,normal,false,9,9,165,2955,0,0,0,false,false,true,0,0,3120,30,0,
1327,ketoBig,24510,103,73,budget,3,100,false,4,1740,298,396,0,0.5339805825242718,0.21359223300970873,0.10679611650485436,0.14563106796116504,27,13,normal,false,7,61,0,5950,4450,3630,10480,false,false,false,10240,15,14270,88,3,2|2|4
1328,ketoBig,4675,30,0,budget,0,53,true,6,750,92,158,0.3,0.7,0,0,0,2,22,normal,false,3,11,1200,3475,0,0,0,false,false,true,0,0,4675,30,0,
1329,ketoBig,3442,32,2,budget,0,73,true,4,480,80,133,0.3125,0.65625,0.03125,0,0,6,2,normal,false,4,15,912,2380,150,0,0,false,false,false,0,0,3442,32,0,
1330,ketoBig,14628,66,36,budget,0,95,true,7,5550,186,264,0.07575757575757576,0.6212121212121212,0.2878787878787879,0.015151515151515152,0,19,3,normal,false,6,34,248,4400,3230,6750,0,true,true,false,0,0,14628,66,0,
1331,ketoBig,4730,30,0,budget,0,62,true,6,1125,78,170,0.43333333333333335,0.5666666666666667,0,0,0,2,16,crash,false,5,11,950,3780,0,0,0,false,false,false,0,0,4730,30,0,
1332,ketoBig,3160,32,2,budget,0,75,true,5,615,67,96,0.125,0.84375,0.03125,0,0,4,3,normal,false,7,13,75,2935,150,0,0,false,false,true,0,0,3160,32,0,
1333,ketoBig,9740,55,25,budget,1,100,false,4,1020,157,201,0,0.6545454545454545,0.21818181818181817,0.03636363636363636,0.09090909090909091,11,4,normal,false,6,29,0,3980,3140,900,1720,false,true,false,1150,5,8590,50,1,4
1334,ketoBig,5040,34,4,budget,0,88,true,5,765,115,156,0.029411764705882353,0.8823529411764706,0.058823529411764705,0.029411764705882353,0,3,3,normal,false,6,17,15,4575,270,180,0,false,false,false,0,0,5040,34,0,
1335,ketoBig,16359,65,35,budget,3,100,true,5,1770,186,255,0.07692307692307693,0.4153846153846154,0.2153846153846154,0.06153846153846154,0.23076923076923078,12,1,normal,false,6,34,259,3765,3560,2595,6180,false,false,false,4650,15,11709,50,3,6|2|7
1336,ketoBig,2899,30,0,budget,0,62,true,4,495,60,109,0.23333333333333334,0.7666666666666667,0,0,0,0,-1,crash,false,9,9,174,2725,0,0,0,false,false,false,0,0,2899,30,0,
1337,ketoBig,18680,82,52,budget,2,100,false,5,2840,216,305,0,0.5853658536585366,0.25609756097560976,0.036585365853658534,0.12195121951219512,22,2,normal,false,4,44,0,4975,4000,2205,7500,false,true,false,4540,10,14140,72,2,3|6
1338,ketoBig,11555,47,17,budget,1,100,true,5,2040,136,228,0.02127659574468085,0.7446808510638298,0.0851063829787234,0.0425531914893617,0.10638297872340426,6,1,normal,false,8,20,45,5145,1490,1455,3420,false,false,false,3330,5,8225,42,1,2
1339,ketoBig,2905,32,2,budget,0,73,true,4,565,68,100,0.0625,0.90625,0.03125,0,0,2,15,normal,false,7,11,45,2740,120,0,0,false,false,false,0,0,2905,32,0,
1340,ketoBig,3936,36,6,budget,0,80,true,3,480,83,136,0.25,0.7222222222222222,0.027777777777777776,0,0,5,2,normal,false,5,17,456,2670,810,0,0,false,false,true,0,0,3936,36,0,
1341,ketoBig,7578,43,13,budget,1,100,true,6,1075,112,191,0.2558139534883721,0.5116279069767442,0.06976744186046512,0.046511627906976744,0.11627906976744186,10,1,crash,false,4,24,698,3960,240,720,1960,false,true,false,1930,5,5648,38,1,5
1342,ketoBig,3830,36,6,budget,0,80,true,3,300,86,131,0.08333333333333333,0.8888888888888888,0.027777777777777776,0,0,6,1,normal,false,4,17,100,3370,360,0,0,false,false,false,0,0,3830,36,0,
1343,ketoBig,12925,57,27,budget,1,100,true,6,2705,163,243,0.017543859649122806,0.6140350877192983,0.21052631578947367,0.07017543859649122,0.08771929824561403,13,2,normal,false,6,29,90,4225,5280,1170,2160,false,true,false,1710,5,11215,52,1,5
1344,ketoBig,3301,38,8,budget,0,83,true,4,420,72,126,0.3157894736842105,0.5789473684210527,0.10526315789473684,0,0,8,2,crash,false,2,23,661,1800,840,0,0,false,false,false,0,0,3301,38,0,
1345,ketoBig,6743,50,20,budget,0,94,true,4,1130,130,173,0.06,0.74,0.16,0.04,0,11,4,normal,false,8,24,103,4195,1410,1035,0,true,false,false,0,0,6743,50,0,
1346,ketoBig,15659,68,38,budget,2,100,true,5,1800,189,280,0.17647058823529413,0.4411764705882353,0.16176470588235295,0.07352941176470588,0.14705882352941177,17,2,crash,false,5,39,604,4840,1650,1485,7080,false,true,true,5760,10,9899,58,2,9|4
1347,ketoBig,4990,34,4,budget,0,75,true,3,475,102,150,0.058823529411764705,0.9117647058823529,0.029411764705882353,0,0,2,21,crash,false,11,12,165,4555,270,0,0,false,false,false,0,0,4990,34,0,
1348,ketoBig,19050,78,48,budget,2,100,false,6,3450,232,300,0,0.5,0.34615384615384615,0.02564102564102564,0.1282051282051282,17,1,normal,false,6,40,0,5020,6320,810,6900,false,true,false,5730,10,13320,68,2,6|5
1349,ketoBig,3104,32,2,budget,0,78,true,3,360,81,127,0.3125,0.65625,0.03125,0,0,4,8,normal,false,7,14,509,2415,180,0,0,false,false,true,0,0,3104,32,0,
1350,ketoBig,5790,36,6,budget,0,85,true,4,930,109,157,0.027777777777777776,0.8888888888888888,0.08333333333333333,0,0,4,3,normal,false,4,19,15,4650,450,675,0,false,false,false,0,0,5790,36,0,
1351,ketoBig,3710,21,4,lock,0,84,false,4,750,67,105,0,0.9047619047619048,0.09523809523809523,0,0,2,1,normal,false,5,7,0,2840,870,0,0,false,false,false,0,0,3710,21,0,
1352,ketoBig,3338,30,0,budget,0,62,true,3,345,73,128,0.16666666666666666,0.8333333333333334,0,0,0,3,11,normal,false,4,11,303,3035,0,0,0,false,false,true,0,0,3338,30,0,
1353,ketoBig,3903,34,4,budget,0,82,true,4,930,81,117,0.08823529411764706,0.8823529411764706,0.029411764705882353,0,0,3,18,normal,false,7,14,258,2985,660,0,0,false,false,false,0,0,3903,34,0,
1354,ketoBig,3035,30,0,budget,0,64,true,5,533,61,114,0.3,0.7,0,0,0,3,17,normal,false,6,13,400,2635,0,0,0,false,false,true,0,0,3035,30,0,
1355,ketoBig,4426,38,8,budget,0,83,true,5,570,87,152,0.2631578947368421,0.6842105263157895,0.05263157894736842,0,0,7,2,normal,false,4,19,546,2740,1140,0,0,false,false,true,0,0,4426,38,0,
1356,ketoBig,8587,43,13,budget,1,100,true,5,1320,121,211,0.20930232558139536,0.6046511627906976,0.046511627906976744,0.023255813953488372,0.11627906976744186,6,2,normal,false,4,18,1517,3045,630,735,2660,false,false,false,1670,5,6917,38,1,3
1357,ketoBig,2899,30,0,budget,0,68,true,4,525,62,110,0.3,0.7,0,0,0,0,-1,crash,false,5,9,309,2590,0,0,0,false,false,false,0,0,2899,30,0,
1358,ketoBig,5016,32,9,lock,1,100,true,3,660,77,112,0.09375,0.6875,0.0625,0,0.15625,3,2,normal,false,7,11,251,2225,260,360,1920,false,false,false,1880,5,3136,27,1,2
1359,ketoBig,19809,76,46,budget,2,100,true,5,2640,243,331,0.11842105263157894,0.5,0.18421052631578946,0.06578947368421052,0.13157894736842105,22,3,normal,false,4,43,659,5930,4530,1710,6980,false,true,true,6820,10,12989,66,1,3
1360,ketoBig,16940,53,23,budget,1,100,true,5,4000,173,250,0.018867924528301886,0.7547169811320755,0.09433962264150944,0.03773584905660377,0.09433962264150944,11,2,normal,false,5,26,210,5440,3330,540,7420,false,false,false,7390,5,9550,48,1,3
1361,ketoBig,7165,44,14,budget,0,94,false,5,965,134,193,0,0.8181818181818182,0.13636363636363635,0.045454545454545456,0,6,26,normal,false,6,19,0,4820,1760,585,0,true,false,false,0,0,7165,44,0,
1362,ketoBig,4145,34,4,budget,0,92,true,4,735,72,136,0.4117647058823529,0.5294117647058824,0.058823529411764705,0,0,6,1,normal,false,7,15,490,2590,390,675,0,true,false,false,0,0,4145,34,0,
1363,ketoBig,3485,32,2,budget,0,77,true,4,720,80,120,0.0625,0.90625,0.03125,0,0,3,4,normal,false,4,14,150,3215,120,0,0,false,false,false,0,0,3485,32,0,
1364,ketoBig,11780,61,31,budget,1,100,true,4,870,181,260,0.06557377049180328,0.5901639344262295,0.19672131147540983,0.06557377049180328,0.08196721311475409,17,2,normal,false,3,37,505,4095,3340,2340,1500,false,true,true,1350,5,10430,56,1,7
1365,ketoBig,3276,34,4,budget,0,80,true,4,645,69,133,0.2647058823529412,0.7058823529411765,0.029411764705882353,0,0,4,2,crash,false,5,16,386,2620,270,0,0,false,false,false,0,0,3276,34,0,
1366,ketoBig,3780,30,0,budget,0,65,true,5,1085,77,121,0.1,0.9,0,0,0,2,25,normal,false,3,15,190,3590,0,0,0,false,false,true,0,0,3780,30,0,
1367,ketoBig,4841,38,8,budget,0,88,true,5,810,100,144,0.13157894736842105,0.7894736842105263,0.05263157894736842,0.02631578947368421,0,6,1,normal,false,4,21,366,4025,180,270,0,false,false,true,0,0,4841,38,0,
1368,ketoBig,3174,32,2,budget,0,73,true,3,495,76,139,0.28125,0.6875,0.03125,0,0,4,8,normal,false,6,12,724,2240,210,0,0,false,false,true,0,0,3174,32,0,
1369,ketoBig,24971,92,62,budget,4,100,true,5,3210,257,348,0.07608695652173914,0.43478260869565216,0.21739130434782608,0.05434782608695652,0.21739130434782608,26,2,normal,false,8,49,346,3900,5050,2115,13560,false,false,false,13140,20,11831,72,4,3|2|4|4
1370,ketoBig,17895,79,49,budget,1,100,false,8,2000,225,330,0,0.6708860759493671,0.17721518987341772,0.08860759493670886,0.06329113924050633,20,9,normal,false,9,35,0,8810,5290,2295,1500,false,true,false,1470,5,16425,74,1,5
1371,ketoBig,7478,45,15,budget,1,100,true,6,1080,129,209,0.2222222222222222,0.6,0.044444444444444446,0.022222222222222223,0.1111111111111111,9,2,normal,false,6,28,728,4560,660,90,1440,false,false,true,1410,5,6068,40,1,3
1372,ketoBig,9536,51,21,budget,1,100,true,5,1140,144,232,0.29411764705882354,0.45098039215686275,0.13725490196078433,0.0196078431372549,0.09803921568627451,13,2,normal,false,5,25,731,3875,1990,360,2580,false,false,true,2550,5,6986,46,1,4
1373,ketoBig,16365,54,24,budget,2,100,true,6,3900,175,236,0,0.6481481481481481,0.12962962962962962,0.037037037037037035,0.18518518518518517,7,1,normal,false,5,25,30,4655,1780,1680,8220,false,true,false,7570,10,8795,44,2,3|5
1374,ketoBig,5813,32,2,budget,0,83,true,8,2160,98,153,0.125,0.8125,0.0625,0,0,2,2,normal,false,7,13,263,5370,180,0,0,false,false,false,0,0,5813,32,0,
1375,ketoBig,9395,52,22,budget,2,100,false,3,1260,142,176,0,0.6730769230769231,0.09615384615384616,0.038461538461538464,0.19230769230769232,6,2,normal,false,10,14,0,3235,1930,270,3960,false,false,false,4530,10,4865,42,1,3
1376,ketoBig,12241,47,17,budget,1,100,true,6,4590,135,199,0.10638297872340426,0.6382978723404256,0.0851063829787234,0.06382978723404255,0.10638297872340426,10,3,normal,false,4,27,141,3235,720,825,7320,false,true,true,6030,5,6211,42,1,4
1377,ketoBig,13000,60,30,budget,2,100,true,4,2220,148,191,0.03333333333333333,0.5833333333333334,0.16666666666666666,0.05,0.16666666666666666,13,5,normal,false,5,29,35,2785,1860,2760,5560,false,true,false,5410,10,7590,50,2,4|5
1378,ketoBig,6058,36,6,budget,0,93,true,8,2850,92,128,0.05555555555555555,0.8611111111111112,0.05555555555555555,0.027777777777777776,0,4,3,normal,false,6,12,38,5120,630,270,0,true,false,false,0,0,6058,36,0,
1379,ketoBig,23065,65,35,budget,3,100,true,5,3300,210,296,0.03076923076923077,0.49230769230769234,0.16923076923076924,0.07692307692307693,0.23076923076923078,14,3,normal,false,3,37,30,4960,1910,2505,13660,false,true,false,13150,15,9915,50,2,4|9
1380,ketoBig,10265,52,22,budget,2,100,false,4,2260,149,208,0,0.7115384615384616,0.057692307692307696,0.038461538461538464,0.19230769230769232,7,1,normal,false,8,19,0,4475,1050,180,4560,false,false,false,4320,10,5945,42,2,2|3
1381,ketoBig,1979,30,0,budget,0,62,true,3,270,59,102,0.4,0.6,0,0,0,3,14,normal,false,5,14,569,1410,0,0,0,false,false,true,0,0,1979,30,0,
1382,ketoBig,3108,30,0,budget,0,62,true,4,545,65,106,0.16666666666666666,0.8333333333333334,0,0,0,4,14,normal,false,2,16,133,2975,0,0,0,false,false,true,0,0,3108,30,0,
1383,ketoBig,2793,30,0,budget,0,64,true,3,270,81,124,0.26666666666666666,0.7333333333333333,0,0,0,2,18,normal,false,9,12,618,2175,0,0,0,false,false,true,0,0,2793,30,0,
1384,ketoBig,10750,64,34,budget,0,95,true,4,1230,167,245,0.0625,0.65625,0.21875,0.0625,0,17,2,crash,false,9,35,255,4225,3030,3240,0,true,true,true,0,0,10750,64,0,
1385,ketoBig,13290,68,38,budget,2,100,true,5,2300,199,247,0.04411764705882353,0.5882352941176471,0.20588235294117646,0.014705882352941176,0.14705882352941177,16,5,normal,false,10,35,90,4280,5110,810,3000,false,false,false,4860,10,8430,58,2,2|2
1386,ketoBig,29277,70,40,budget,4,100,true,7,8110,210,313,0.2,0.21428571428571427,0.2,0.1,0.2857142857142857,16,1,crash,false,7,30,862,1750,1940,3885,20840,false,true,false,18350,20,10927,50,4,3|4|6|6
1387,ketoBig,18428,69,39,budget,1,100,true,6,2130,170,324,0.10144927536231885,0.5362318840579711,0.2318840579710145,0.057971014492753624,0.07246376811594203,20,2,normal,false,18,32,243,4240,6860,5025,2060,false,true,true,2030,5,16398,64,1,14
1388,ketoBig,6705,15,19,lock,1,100,false,4,1440,50,79,0,0.4,0.2,0.06666666666666667,0.3333333333333333,7,3,frenzy,false,2,10,0,575,2620,1170,2340,false,false,true,2430,5,4275,10,1,4
1389,ketoBig,2395,30,0,budget,0,68,false,2,210,73,98,0,1,0,0,0,0,-1,normal,false,5,10,0,2395,0,0,0,false,false,false,0,0,2395,30,0,
1390,ketoBig,9863,59,29,budget,1,100,true,6,860,160,225,0.15254237288135594,0.5932203389830508,0.13559322033898305,0.03389830508474576,0.0847457627118644,15,2,normal,false,6,31,658,3125,1990,990,3100,false,true,false,2620,5,7243,54,1,4
1391,ketoBig,2860,30,0,budget,0,66,true,3,315,71,96,0.03333333333333333,0.9666666666666667,0,0,0,1,22,normal,false,4,12,15,2845,0,0,0,false,false,true,0,0,2860,30,0,
1392,ketoBig,3521,30,0,budget,0,65,true,3,490,78,132,0.2,0.8,0,0,0,3,15,normal,false,6,10,271,3250,0,0,0,false,false,true,0,0,3521,30,0,
1393,ketoBig,35955,121,91,budget,5,100,false,4,2460,348,528,0,0.5371900826446281,0.19834710743801653,0.05785123966942149,0.2066115702479339,36,13,normal,false,8,74,0,6745,10160,3570,15480,false,true,false,13120,25,22835,96,5,5|4|4|2|6
1394,ketoBig,5327,38,8,budget,0,92,true,5,765,88,176,0.3684210526315789,0.5,0.10526315789473684,0.02631578947368421,0,7,2,crash,false,4,19,867,2840,1350,270,0,true,false,false,0,0,5327,38,0,
1395,ketoBig,4035,30,0,budget,0,64,true,5,1305,79,119,0.06666666666666667,0.9333333333333333,0,0,0,2,20,normal,false,5,14,30,4005,0,0,0,false,false,true,0,0,4035,30,0,
1396,ketoBig,7574,46,16,budget,0,92,true,4,860,124,192,0.15217391304347827,0.6521739130434783,0.1956521739130435,0,0,8,1,crash,false,10,19,249,3710,3210,405,0,true,false,false,0,0,7574,46,0,
1397,ketoBig,6151,45,15,budget,1,100,true,4,750,99,137,0.1111111111111111,0.5111111111111111,0.2222222222222222,0.044444444444444446,0.1111111111111111,8,2,normal,false,4,20,106,2055,1530,720,1740,false,false,true,1710,5,4441,40,1,6
1398,ketoBig,5695,34,4,budget,0,89,true,5,1080,112,163,0.08823529411764706,0.8823529411764706,0,0.029411764705882353,0,3,2,normal,false,5,14,310,5115,0,270,0,false,false,false,0,0,5695,34,0,
1399,ketoBig,4795,19,13,lock,1,100,false,3,1320,45,56,0,0.3157894736842105,0.3684210526315789,0.05263157894736842,0.2631578947368421,5,1,normal,false,3,8,0,395,620,360,3420,false,false,false,2190,5,2605,14,1,4
1400,ketoBig,3183,30,0,budget,0,62,true,4,585,64,126,0.2,0.8,0,0,0,2,8,crash,false,4,13,173,3010,0,0,0,false,false,false,0,0,3183,30,0,
1401,ketoBig,4005,32,2,budget,0,76,true,5,505,88,146,0.1875,0.78125,0.03125,0,0,5,4,crash,false,5,11,635,3070,300,0,0,false,false,false,0,0,4005,32,0,
1402,ketoBig,2392,32,2,budget,0,75,true,3,225,67,97,0.25,0.71875,0.03125,0,0,3,7,normal,false,4,10,347,1865,180,0,0,false,false,false,0,0,2392,32,0,
1403,ketoBig,5523,30,0,budget,0,66,true,6,1075,102,173,0.1,0.9,0,0,0,1,19,normal,false,3,12,533,4990,0,0,0,false,false,true,0,0,5523,30,0,
1404,ketoBig,7330,30,0,budget,0,64,true,8,1615,115,195,0.03333333333333333,0.9666666666666667,0,0,0,1,13,normal,false,5,13,15,7315,0,0,0,false,false,true,0,0,7330,30,0,
1405,ketoBig,6925,45,15,budget,1,100,true,3,540,116,150,0.022222222222222223,0.6222222222222222,0.2,0.044444444444444446,0.1111111111111111,7,2,normal,false,6,18,15,2870,1620,540,1880,false,false,false,1450,5,5475,40,1,5
1406,ketoBig,12331,55,25,budget,1,100,true,5,3300,146,227,0.16363636363636364,0.4909090909090909,0.16363636363636364,0.09090909090909091,0.09090909090909091,13,3,crash,false,4,31,626,3295,1340,4050,3020,false,true,false,2990,5,9341,50,1,4
1407,ketoBig,17135,59,29,budget,1,100,false,9,5290,162,241,0,0.6949152542372882,0.15254237288135594,0.06779661016949153,0.0847457627118644,13,2,normal,false,8,26,0,4680,6620,3195,2640,false,true,false,2550,5,14585,54,1,4
1408,ketoBig,11738,53,23,budget,1,100,true,7,3450,151,211,0.07547169811320754,0.660377358490566,0.1509433962264151,0.018867924528301886,0.09433962264150944,10,3,normal,false,8,22,223,3905,5080,90,2440,false,false,true,1930,5,9808,48,1,3
1409,ketoBig,4928,30,0,budget,0,62,true,4,585,82,164,0.13333333333333333,0.8666666666666667,0,0,0,2,24,normal,false,3,17,158,4770,0,0,0,false,false,true,0,0,4928,30,0,
1410,ketoBig,17228,92,62,budget,2,100,true,4,1400,237,321,0.10869565217391304,0.44565217391304346,0.2826086956521739,0.05434782608695652,0.10869565217391304,29,1,normal,false,10,43,418,4575,5410,3825,3000,false,true,false,2850,10,14378,82,2,2|3
1411,ketoBig,5180,32,2,budget,0,76,false,5,780,97,156,0,0.96875,0.03125,0,0,1,5,normal,false,3,15,0,5000,180,0,0,false,false,true,0,0,5180,32,0,
1412,ketoBig,1940,30,0,budget,0,51,true,4,233,58,118,0.6333333333333333,0.36666666666666664,0,0,0,3,14,normal,false,8,9,1040,900,0,0,0,false,false,true,0,0,1940,30,0,
1413,ketoBig,7925,46,16,budget,0,96,false,8,2120,138,194,0,0.782608695652174,0.17391304347826086,0.043478260869565216,0,8,7,normal,false,13,25,0,6170,1350,405,0,true,true,true,0,0,7925,46,0,
1414,ketoBig,13510,69,39,budget,1,100,true,3,1560,175,251,0.07246376811594203,0.5942028985507246,0.17391304347826086,0.08695652173913043,0.07246376811594203,15,2,crash,false,8,35,200,3770,2190,4410,2940,false,false,true,2610,5,10900,64,1,10
1415,ketoBig,15035,60,30,budget,2,100,false,6,2760,188,263,0,0.6166666666666667,0.13333333333333333,0.08333333333333333,0.16666666666666666,11,1,normal,false,5,32,0,4580,4640,1215,4600,false,true,false,4480,10,10555,50,2,7|3
1416,ketoBig,2235,30,0,budget,0,62,true,3,225,60,99,0.16666666666666666,0.8333333333333334,0,0,0,2,26,normal,false,5,11,240,1995,0,0,0,false,false,true,0,0,2235,30,0,
1417,ketoBig,10565,43,13,budget,1,100,false,4,2040,130,199,0,0.7906976744186046,0.09302325581395349,0,0.11627906976744186,4,2,normal,false,9,19,0,4135,1080,870,4480,false,false,false,5310,5,5255,38,1,3
1418,ketoBig,4623,34,4,budget,0,80,true,6,1060,82,134,0.11764705882352941,0.8529411764705882,0.029411764705882353,0,0,2,5,crash,false,8,11,128,3475,1020,0,0,false,false,false,0,0,4623,34,0,
1419,ketoBig,5454,30,0,budget,0,68,true,7,1125,86,177,0.26666666666666666,0.7333333333333333,0,0,0,1,8,crash,false,4,12,389,5065,0,0,0,false,false,false,0,0,5454,30,0,
1420,ketoBig,1640,14,10,lock,0,89,false,4,545,38,36,0,0.5714285714285714,0.35714285714285715,0.07142857142857142,0,5,4,keto,false,2,8,0,1175,330,135,0,false,false,true,0,0,1640,14,0,
1421,ketoBig,2368,36,6,budget,0,83,true,3,345,64,90,0.05555555555555555,0.8055555555555556,0.1388888888888889,0,0,3,2,crash,false,3,17,23,1895,450,0,0,false,false,false,0,0,2368,36,0,
1422,ketoBig,11765,54,24,budget,2,100,true,3,1560,148,206,0.018518518518518517,0.5740740740740741,0.18518518518518517,0.037037037037037035,0.18518518518518517,9,3,normal,false,8,22,245,2975,2400,405,5740,false,true,false,5370,10,6395,44,2,5|5
1423,ketoBig,7285,50,20,budget,0,97,false,6,1200,122,177,0,0.82,0.08,0.1,0,9,2,normal,false,3,27,0,5095,1020,1170,0,true,true,false,0,0,7285,50,0,
1424,ketoBig,4660,30,0,budget,0,65,true,6,1110,90,142,0.13333333333333333,0.8666666666666667,0,0,0,1,24,normal,false,3,13,265,4395,0,0,0,false,false,true,0,0,4660,30,0,
1425,ketoBig,17395,52,22,budget,2,100,true,7,7830,166,225,0.038461538461538464,0.6153846153846154,0.15384615384615385,0,0.19230769230769232,8,1,normal,false,9,20,90,4705,1210,1890,9500,false,false,false,10890,10,6505,42,2,3|2
1426,ketoBig,12520,58,28,budget,2,100,true,4,2100,147,207,0.034482758620689655,0.5172413793103449,0.20689655172413793,0.06896551724137931,0.1724137931034483,11,3,normal,false,4,30,135,3100,1980,1125,6180,false,true,false,6060,10,6460,48,2,6|3
1427,ketoBig,18545,49,48,lock,4,100,false,6,3045,160,177,0,0.2857142857142857,0.20408163265306123,0.10204081632653061,0.40816326530612246,17,3,frenzy,false,4,31,0,1250,2860,3075,11360,false,true,false,11985,20,6560,29,3,5|2|4
1428,ketoBig,7950,47,17,budget,1,100,false,5,830,137,185,0,0.8085106382978723,0.0425531914893617,0.0425531914893617,0.10638297872340426,5,17,normal,false,6,22,0,4800,840,270,2040,false,false,false,1680,5,6270,42,1,3
1429,ketoBig,5978,30,10,lock,0,92,true,4,1530,77,146,0.2,0.5666666666666667,0.23333333333333334,0,0,6,2,crash,false,5,16,248,2430,2940,360,0,true,false,false,0,0,5978,30,0,
1430,ketoBig,13273,43,13,budget,1,100,true,7,3660,127,228,0.09302325581395349,0.6976744186046512,0.06976744186046512,0.023255813953488372,0.11627906976744186,6,2,crash,false,9,15,208,6285,690,270,5820,false,false,false,5730,5,7543,38,1,3
1431,ketoBig,3885,34,4,budget,0,78,false,5,795,87,110,0,0.9411764705882353,0.058823529411764705,0,0,2,4,normal,false,3,14,0,3705,180,0,0,false,false,false,0,0,3885,34,0,
1432,ketoBig,21133,67,37,budget,3,100,true,7,2970,200,276,0.05970149253731343,0.5074626865671642,0.1791044776119403,0.029850746268656716,0.22388059701492538,14,2,normal,false,6,33,98,3215,10200,720,6900,false,true,false,7000,15,14133,52,3,4|3|4
1433,ketoBig,4695,34,4,budget,0,92,true,3,435,92,148,0.08823529411764706,0.8235294117647058,0.08823529411764706,0,0,4,4,normal,false,5,16,325,3200,900,270,0,true,false,true,0,0,4695,34,0,
1434,ketoBig,3283,36,6,budget,0,84,true,3,980,72,106,0.08333333333333333,0.8888888888888888,0.027777777777777776,0,0,6,1,normal,false,8,11,208,1825,1250,0,0,false,false,false,0,0,3283,36,0,
1435,ketoBig,19525,91,61,budget,3,100,false,5,1860,259,337,0,0.45054945054945056,0.27472527472527475,0.10989010989010989,0.16483516483516483,23,1,normal,false,8,51,0,6580,5890,3555,3500,false,true,false,3050,15,16475,76,3,2|6|11
1436,ketoBig,5773,32,9,lock,1,100,true,3,1020,74,124,0.15625,0.5,0.15625,0.03125,0.15625,6,6,normal,false,3,18,153,2080,870,90,2580,false,false,true,2430,5,3343,27,1,6
1437,ketoBig,3933,39,9,budget,1,100,true,3,420,78,107,0.07692307692307693,0.6923076923076923,0.07692307692307693,0.02564102564102564,0.1282051282051282,5,2,normal,false,5,18,58,2315,210,90,1260,false,false,false,1230,5,2703,34,1,4
1438,ketoBig,7365,47,17,budget,1,100,true,4,900,123,163,0.0425531914893617,0.6808510638297872,0.14893617021276595,0.02127659574468085,0.10638297872340426,8,2,normal,false,6,20,45,3255,2280,525,1260,false,false,false,1260,5,6105,42,1,3
1439,ketoBig,20375,71,41,budget,1,100,true,7,4015,241,342,0.056338028169014086,0.5774647887323944,0.23943661971830985,0.056338028169014086,0.07042253521126761,18,2,normal,false,8,33,390,6135,4990,6480,2380,false,false,false,2500,5,17875,66,1,2
1440,ketoBig,5060,40,10,budget,0,84,false,4,770,92,139,0,0.975,0.025,0,0,5,8,normal,false,5,18,0,3590,1470,0,0,false,false,false,0,0,5060,40,0,
1441,ketoBig,2840,32,2,budget,0,72,true,3,345,74,117,0.25,0.71875,0.03125,0,0,3,4,normal,false,6,11,415,2305,120,0,0,false,false,false,0,0,2840,32,0,
1442,ketoBig,8920,56,26,budget,0,97,true,5,855,164,238,0.05357142857142857,0.7321428571428571,0.19642857142857142,0.017857142857142856,0,13,5,crash,false,6,29,255,5655,1930,1080,0,true,true,false,0,0,8920,56,0,
1443,ketoBig,2574,32,2,budget,0,70,true,5,570,68,128,0.4375,0.5625,0,0,0,6,5,normal,false,4,11,1159,1415,0,0,0,false,false,false,0,0,2574,32,0,
1444,ketoBig,3740,34,4,budget,0,80,true,5,585,83,120,0.08823529411764706,0.9117647058823529,0,0,0,4,3,normal,false,8,12,105,3275,360,0,0,false,false,false,0,0,3740,34,0,
1445,ketoBig,2824,36,6,budget,0,90,true,3,290,73,109,0.25,0.6666666666666666,0.05555555555555555,0.027777777777777776,0,6,2,normal,false,7,15,324,2035,330,135,0,true,false,false,0,0,2824,36,0,
1446,ketoBig,6020,34,4,budget,0,71,true,7,885,119,177,0.029411764705882353,0.9705882352941176,0,0,0,3,3,normal,false,3,17,580,5440,0,0,0,false,false,false,0,0,6020,34,0,
1447,ketoBig,2221,30,0,budget,0,62,true,3,375,64,94,0.13333333333333333,0.8666666666666667,0,0,0,1,9,normal,false,7,7,291,1930,0,0,0,false,false,false,0,0,2221,30,0,
1448,ketoBig,3420,30,0,budget,0,63,true,3,365,73,137,0.36666666666666664,0.6333333333333333,0,0,0,1,18,normal,false,5,13,835,2585,0,0,0,false,false,false,0,0,3420,30,0,
1449,ketoBig,1065,4,0,lock,0,53,false,3,390,17,30,0,1,0,0,0,0,-1,normal,false,1,3,0,1065,0,0,0,false,false,true,0,0,1065,4,0,
1450,ketoBig,9528,57,27,budget,1,100,true,4,990,133,234,0.07017543859649122,0.6666666666666666,0.12280701754385964,0.05263157894736842,0.08771929824561403,11,7,crash,false,8,25,353,4160,2030,405,2580,false,false,false,2550,5,6978,52,1,3
1451,ketoBig,3051,32,2,budget,0,77,true,5,660,66,115,0.09375,0.875,0.03125,0,0,2,7,normal,false,6,13,166,2705,180,0,0,false,false,true,0,0,3051,32,0,
1452,ketoBig,2835,32,2,budget,0,71,true,4,435,74,98,0.03125,0.96875,0,0,0,2,5,normal,false,11,11,20,2815,0,0,0,false,false,false,0,0,2835,32,0,
1453,ketoBig,17890,62,32,budget,2,100,true,5,2450,168,258,0.04838709677419355,0.5483870967741935,0.1935483870967742,0.04838709677419355,0.16129032258064516,14,2,normal,false,7,25,65,3925,2860,3300,7740,false,true,false,4950,10,12940,52,2,4|2
1454,ketoBig,3869,32,2,budget,0,72,true,5,750,88,122,0.28125,0.6875,0.03125,0,0,4,7,normal,false,3,16,359,3300,210,0,0,false,false,false,0,0,3869,32,0,
1455,ketoBig,16523,72,42,budget,2,100,true,4,3340,205,273,0.08333333333333333,0.5277777777777778,0.18055555555555555,0.06944444444444445,0.1388888888888889,21,2,normal,false,7,37,553,3345,2530,3615,6480,false,true,false,6010,10,10513,62,2,6|2
1456,ketoBig,19170,62,32,budget,2,100,false,5,3120,189,284,0,0.5967741935483871,0.20967741935483872,0.03225806451612903,0.16129032258064516,12,2,normal,false,6,32,0,4970,4120,1080,9000,false,true,false,6420,10,12750,52,2,9|3
1457,ketoBig,11650,53,23,budget,1,100,true,6,1820,163,250,0.09433962264150944,0.6226415094339622,0.1509433962264151,0.03773584905660377,0.09433962264150944,11,6,normal,false,4,34,715,5415,2440,360,2720,false,false,true,2570,5,9080,48,1,3
1458,ketoBig,6908,43,13,budget,1,100,true,5,660,111,176,0.13953488372093023,0.6046511627906976,0.09302325581395349,0.046511627906976744,0.11627906976744186,8,6,crash,false,5,23,233,4305,510,180,1680,false,false,true,1110,5,5798,38,1,4
1459,ketoBig,9854,41,11,budget,1,100,true,7,3570,98,192,0.3170731707317073,0.4634146341463415,0.0975609756097561,0,0.12195121951219512,6,2,normal,false,5,21,774,2680,270,2250,3880,false,false,true,5830,5,4024,36,1,3
1460,ketoBig,2144,30,0,budget,0,59,true,4,390,55,92,0.36666666666666664,0.6333333333333333,0,0,0,6,7,normal,false,3,14,324,1820,0,0,0,false,false,true,0,0,2144,30,0,
1461,ketoBig,10640,63,33,budget,1,100,true,5,1600,164,212,0,0.6825396825396826,0.19047619047619047,0.047619047619047616,0.07936507936507936,13,1,normal,false,5,29,40,4260,2590,990,2760,false,true,false,2800,5,7840,58,1,2
1462,ketoBig,16985,64,34,budget,2,100,false,7,4480,182,230,0,0.53125,0.265625,0.046875,0.15625,14,2,normal,false,7,27,0,3050,6450,2385,5100,false,false,false,5990,10,10995,54,2,3|4
1463,ketoBig,3715,30,0,budget,0,62,true,4,600,87,126,0.06666666666666667,0.9333333333333333,0,0,0,2,16,normal,false,5,10,120,3595,0,0,0,false,false,false,0,0,3715,30,0,
1464,ketoBig,5853,48,18,budget,0,98,true,3,785,118,176,0.08333333333333333,0.6875,0.20833333333333334,0.020833333333333332,0,11,3,normal,false,9,22,218,2820,2140,675,0,true,true,false,0,0,5853,48,0,
1465,ketoBig,8573,53,23,budget,1,100,true,5,780,137,211,0.03773584905660377,0.7735849056603774,0.07547169811320754,0.018867924528301886,0.09433962264150944,11,8,normal,false,6,29,158,5345,1240,90,1740,false,false,true,1710,5,6863,48,1,4
1466,ketoBig,3585,32,2,budget,0,70,true,4,555,85,126,0.03125,0.96875,0,0,0,2,15,normal,false,6,12,195,3390,0,0,0,false,false,false,0,0,3585,32,0,
1467,ketoBig,11215,58,28,budget,2,100,true,5,1830,149,218,0.10344827586206896,0.5172413793103449,0.1724137931034483,0.034482758620689655,0.1724137931034483,13,2,normal,false,7,24,470,3615,2750,180,4200,false,false,false,4020,10,7195,48,2,3|4
1468,ketoBig,6390,40,10,budget,0,99,true,5,1195,91,170,0.025,0.85,0.075,0.05,0,6,2,normal,false,3,20,15,4615,1490,270,0,true,true,true,0,0,6390,40,0,
1469,ketoBig,3075,30,0,budget,0,64,false,4,590,73,103,0,1,0,0,0,0,-1,normal,false,7,9,0,3075,0,0,0,false,false,false,0,0,3075,30,0,
1470,ketoBig,2600,30,0,budget,0,68,true,3,375,72,93,0.03333333333333333,0.9666666666666667,0,0,0,1,4,normal,false,6,10,15,2585,0,0,0,false,false,false,0,0,2600,30,0,
1471,ketoBig,3705,32,2,budget,0,73,true,3,440,82,138,0.0625,0.90625,0.03125,0,0,2,11,normal,false,4,13,270,3255,180,0,0,false,false,false,0,0,3705,32,0,
1472,ketoBig,2540,30,0,budget,0,66,true,3,445,63,112,0.4,0.6,0,0,0,3,17,crash,false,6,9,360,2180,0,0,0,false,false,false,0,0,2540,30,0,
1473,ketoBig,7365,52,22,budget,0,96,true,4,800,136,206,0.057692307692307696,0.7307692307692307,0.19230769230769232,0.019230769230769232,0,13,2,normal,false,3,28,150,4195,1940,1080,0,true,true,true,0,0,7365,52,0,
1474,ketoBig,5180,36,6,budget,0,80,true,6,1095,112,148,0.05555555555555555,0.8888888888888888,0.05555555555555555,0,0,4,2,normal,false,4,20,90,4850,240,0,0,false,false,false,0,0,5180,36,0,
1475,ketoBig,2506,32,2,budget,0,73,true,3,330,59,97,0.25,0.71875,0.03125,0,0,5,2,normal,false,5,14,196,2130,180,0,0,false,false,true,0,0,2506,32,0,
1476,ketoBig,4485,38,8,budget,0,84,false,5,660,90,120,0,0.9473684210526315,0.05263157894736842,0,0,4,3,normal,false,7,14,0,3315,1170,0,0,false,false,true,0,0,4485,38,0,
1477,ketoBig,9038,45,15,budget,1,100,true,4,1320,120,165,0.06666666666666667,0.6888888888888889,0.08888888888888889,0.044444444444444446,0.1111111111111111,7,17,normal,false,7,20,68,3540,1890,180,3360,false,false,true,2250,5,6788,40,1,4
1478,ketoBig,14490,60,30,budget,2,100,false,5,2460,187,234,0,0.65,0.13333333333333333,0.05,0.16666666666666666,11,14,normal,false,6,30,0,6035,1230,2085,5140,false,true,false,5210,10,9280,50,2,6|3
1479,ketoBig,6339,38,8,budget,0,83,true,5,1140,110,171,0.18421052631578946,0.6842105263157895,0.13157894736842105,0,0,5,2,normal,false,4,16,624,4185,1530,0,0,false,false,false,0,0,6339,38,0,
1480,ketoBig,3286,30,0,budget,0,65,true,4,580,73,131,0.2,0.8,0,0,0,2,18,crash,false,6,13,406,2880,0,0,0,false,false,false,0,0,3286,30,0,
1481,ketoBig,50825,134,104,budget,6,100,false,7,3120,405,622,0,0.3880597014925373,0.2835820895522388,0.1044776119402985,0.22388059701492538,35,1,normal,false,8,76,0,6340,13280,12645,18560,false,true,false,16690,30,34135,104,6,11|2|3|4|6|2
1482,ketoBig,3829,34,4,budget,0,96,true,4,770,81,128,0.29411764705882354,0.6176470588235294,0.058823529411764705,0.029411764705882353,0,3,15,normal,false,12,13,279,2390,740,420,0,true,true,false,0,0,3829,34,0,
1483,ketoBig,3139,30,0,budget,0,60,true,4,575,69,124,0.43333333333333335,0.5666666666666667,0,0,0,2,19,crash,false,4,9,429,2710,0,0,0,false,false,false,0,0,3139,30,0,
1484,ketoBig,3085,30,0,budget,0,69,false,4,385,71,106,0,1,0,0,0,0,-1,normal,false,3,14,0,3085,0,0,0,false,false,false,0,0,3085,30,0,
1485,ketoBig,12595,46,16,budget,0,95,true,8,3015,143,249,0.13043478260869565,0.6956521739130435,0.15217391304347827,0.021739130434782608,0,9,2,normal,false,7,22,255,8090,2450,1800,0,true,true,true,0,0,12595,46,0,
1486,ketoBig,15870,78,48,budget,2,100,false,3,1140,226,300,0,0.5256410256410257,0.28205128205128205,0.0641025641025641,0.1282051282051282,19,1,normal,false,4,48,0,4825,3220,2145,5680,false,true,true,4770,10,11100,68,2,4|3
1487,ketoBig,3875,30,0,budget,0,64,true,4,615,83,134,0.1,0.9,0,0,0,1,28,crash,false,7,11,55,3820,0,0,0,false,false,true,0,0,3875,30,0,
1488,ketoBig,20319,78,48,budget,2,100,true,6,2010,235,363,0.14102564102564102,0.46153846153846156,0.20512820512820512,0.0641025641025641,0.1282051282051282,18,2,normal,false,6,43,1554,4385,4420,5280,4680,false,false,true,5130,10,15189,68,1,3
1489,ketoBig,3095,32,2,budget,0,84,true,3,355,76,125,0.25,0.6875,0.0625,0,0,2,17,crash,false,4,13,380,2475,240,0,0,false,false,false,0,0,3095,32,0,
1490,ketoBig,3706,32,2,budget,0,70,true,5,780,75,131,0.15625,0.84375,0,0,0,3,3,normal,false,5,10,121,3585,0,0,0,false,false,true,0,0,3706,32,0,
1491,ketoBig,7381,48,18,budget,0,91,true,7,1515,127,176,0.10416666666666667,0.6458333333333334,0.1875,0.0625,0,9,2,normal,false,6,22,151,4660,2030,540,0,true,false,false,0,0,7381,48,0,
1492,ketoBig,3135,30,0,budget,0,62,true,3,385,61,139,0.4,0.6,0,0,0,2,9,crash,false,4,11,560,2575,0,0,0,false,false,true,0,0,3135,30,0,
1493,ketoBig,7404,48,18,budget,0,94,true,4,1295,112,192,0.16666666666666666,0.7083333333333334,0.10416666666666667,0.020833333333333332,0,11,2,crash,false,4,25,309,3520,2180,1395,0,true,false,false,0,0,7404,48,0,
1494,ketoBig,15235,53,23,budget,1,100,false,8,4245,175,238,0,0.7735849056603774,0.1320754716981132,0,0.09433962264150944,8,7,normal,false,11,21,0,5600,4940,3555,1140,false,false,false,5205,5,10030,48,1,3
1495,ketoBig,7195,30,0,budget,0,69,true,6,1475,127,197,0.03333333333333333,0.9666666666666667,0,0,0,1,24,normal,false,2,15,15,7180,0,0,0,false,false,false,0,0,7195,30,0,
1496,ketoBig,5440,40,10,budget,0,81,true,5,840,109,161,0.05,0.9,0.05,0,0,6,9,normal,false,8,17,300,4030,1110,0,0,false,false,false,0,0,5440,40,0,
1497,ketoBig,25235,97,67,budget,3,100,false,6,1860,283,372,0,0.5051546391752577,0.28865979381443296,0.05154639175257732,0.15463917525773196,27,4,normal,false,4,57,0,5475,6580,7200,5980,false,true,false,6580,15,18655,82,3,4|4|2
1498,ketoBig,7740,58,28,budget,0,97,true,5,645,146,194,0.06896551724137931,0.7068965517241379,0.15517241379310345,0.06896551724137931,0,14,2,normal,false,4,34,180,3980,2140,1440,0,true,true,false,0,0,7740,58,0,
1499,ketoBig,5554,42,12,budget,0,92,true,5,1135,105,162,0.11904761904761904,0.7142857142857143,0.14285714285714285,0.023809523809523808,0,7,2,crash,false,6,21,264,3835,1320,135,0,true,false,false,0,0,5554,42,0,
1500,ketoBig,2910,30,0,budget,0,62,true,4,375,71,101,0.2,0.8,0,0,0,5,10,normal,false,7,14,390,2520,0,0,0,false,false,true,0,0,2910,30,0,
1501,ketoBig,18255,61,31,budget,1,100,false,7,1980,180,267,0,0.6721311475409836,0.14754098360655737,0.09836065573770492,0.08196721311475409,11,2,normal,false,6,31,0,5085,4380,4470,4320,false,true,true,2950,5,15305,56,1,3
1502,ketoBig,27922,86,56,budget,4,100,true,4,2340,292,411,0.12790697674418605,0.36046511627906974,0.2441860465116279,0.03488372093023256,0.23255813953488372,22,2,normal,false,4,48,817,4610,5450,2325,14720,false,true,true,13230,20,14692,66,4,3|3|3|4
1503,ketoBig,6496,39,9,budget,1,100,true,5,975,120,162,0.07692307692307693,0.6923076923076923,0.07692307692307693,0.02564102564102564,0.1282051282051282,4,1,normal,false,5,14,86,4240,840,90,1240,false,false,false,1210,5,5286,34,1,3
1504,ketoBig,7035,42,12,budget,0,95,true,7,1195,112,176,0.023809523809523808,0.7380952380952381,0.19047619047619047,0.047619047619047616,0,6,2,normal,false,7,23,15,5200,1280,540,0,true,true,true,0,0,7035,42,0,
1505,ketoBig,18250,82,52,budget,2,100,true,5,3420,210,291,0.012195121951219513,0.5853658536585366,0.25609756097560976,0.024390243902439025,0.12195121951219512,23,2,normal,false,5,48,20,4340,4110,3480,6300,false,true,false,6210,10,12040,72,2,5|4
1506,ketoBig,6320,46,16,budget,0,94,true,5,735,124,174,0.043478260869565216,0.782608695652174,0.13043478260869565,0.043478260869565216,0,9,5,normal,false,4,19,120,4730,930,540,0,true,false,false,0,0,6320,46,0,
1507,ketoBig,36710,112,82,budget,6,100,true,5,2760,349,455,0.03571428571428571,0.38392857142857145,0.22321428571428573,0.08928571428571429,0.26785714285714285,29,2,normal,false,5,67,150,5190,5740,5910,19720,false,true,true,16465,30,20245,82,6,3|4|9|5|4|2
1508,ketoBig,10550,51,21,budget,1,100,true,5,1890,159,231,0.11764705882352941,0.5490196078431373,0.19607843137254902,0.0392156862745098,0.09803921568627451,11,1,normal,false,5,25,795,3765,1670,2640,1680,false,true,true,1170,5,9380,46,1,5
1509,ketoBig,17645,52,22,budget,2,100,true,8,7080,142,200,0,0.6538461538461539,0.09615384615384616,0.057692307692307696,0.19230769230769232,6,2,normal,false,13,17,30,3555,750,1350,11960,false,true,false,5450,10,12195,42,2,2|3
1510,ketoBig,900,10,2,lock,0,84,false,2,240,18,25,0,0.7,0.3,0,0,1,2,normal,false,4,5,0,390,510,0,0,false,false,false,0,0,900,10,0,
1511,ketoBig,3905,22,2,lock,0,71,false,6,1195,72,106,0,1,0,0,0,1,9,normal,false,7,7,0,3725,180,0,0,false,false,false,0,0,3905,22,0,
1512,ketoBig,4325,30,0,budget,0,63,true,7,1113,86,174,0.4,0.6,0,0,0,3,16,normal,false,4,14,1905,2420,0,0,0,false,false,true,0,0,4325,30,0,
1513,ketoBig,5735,38,8,budget,0,77,true,6,1035,99,156,0.02631578947368421,0.8947368421052632,0.07894736842105263,0,0,5,2,normal,false,5,22,15,5300,420,0,0,false,false,true,0,0,5735,38,0,
1514,ketoBig,10958,47,17,budget,1,100,true,6,3020,125,160,0.10638297872340426,0.6808510638297872,0.10638297872340426,0,0.10638297872340426,8,11,normal,false,6,20,143,4325,590,180,5720,false,false,true,5840,5,5118,42,1,3
1515,ketoBig,5745,32,2,budget,0,76,true,6,1370,108,173,0.40625,0.5625,0.03125,0,0,3,4,normal,false,5,13,1020,4545,180,0,0,false,false,false,0,0,5745,32,0,
1516,ketoBig,10796,55,25,budget,1,100,true,5,1320,140,237,0.14545454545454545,0.6545454545454545,0.09090909090909091,0.01818181818181818,0.09090909090909091,14,5,normal,false,5,30,836,3920,2850,90,3100,false,false,false,2710,5,8086,50,1,3
1517,ketoBig,1274,15,0,lock,0,50,true,3,390,22,68,0.5333333333333333,0.4666666666666667,0,0,0,3,4,crash,false,5,7,389,885,0,0,0,false,false,true,0,0,1274,15,0,
1518,ketoBig,970,6,8,lock,0,80,false,2,270,16,20,0,0.6666666666666666,0.3333333333333333,0,0,4,1,normal,false,1,4,0,250,720,0,0,false,false,false,0,0,970,6,0,
1519,ketoBig,18739,61,31,budget,3,100,true,5,2400,185,293,0.16393442622950818,0.36065573770491804,0.16393442622950818,0.06557377049180328,0.2459016393442623,16,1,normal,false,7,32,729,4470,1710,3510,8320,false,true,false,5880,15,12859,46,3,4|3|5
1520,ketoBig,3663,32,2,budget,0,73,true,3,630,76,133,0.0625,0.90625,0.03125,0,0,1,2,crash,false,3,13,38,3445,180,0,0,false,false,false,0,0,3663,32,0,
1521,ketoBig,7320,43,13,budget,1,100,true,4,840,116,155,0.06976744186046512,0.7441860465116279,0.06976744186046512,0,0.11627906976744186,4,2,crash,false,14,16,120,3570,450,180,3000,false,false,false,3120,5,4200,38,1,2
1522,ketoBig,7056,36,6,budget,0,88,true,9,2275,121,182,0.1111111111111111,0.8055555555555556,0.05555555555555555,0.027777777777777776,0,4,2,normal,false,4,17,251,5935,420,450,0,false,false,true,0,0,7056,36,0,
1523,ketoBig,26377,73,43,budget,3,100,true,6,3880,244,359,0.0958904109589041,0.4657534246575342,0.2054794520547945,0.0273972602739726,0.2054794520547945,17,2,normal,false,6,39,447,4595,3920,1755,15660,false,false,true,16270,15,10107,58,3,3|3|2
1524,ketoBig,8719,52,22,budget,0,86,true,5,2190,147,239,0.11538461538461539,0.75,0.1346153846153846,0,0,13,2,normal,false,4,27,299,3970,4450,0,0,false,false,true,0,0,8719,52,0,
1525,ketoBig,15782,66,36,budget,2,100,true,4,1260,171,324,0.21212121212121213,0.4090909090909091,0.15151515151515152,0.07575757575757576,0.15151515151515152,18,2,crash,false,4,38,547,4455,3820,1920,5040,false,true,true,4590,10,11192,56,2,4|2
1526,ketoBig,9460,52,22,budget,0,99,false,6,1125,150,218,0,0.75,0.21153846153846154,0.038461538461538464,0,11,4,normal,false,6,28,0,6215,1940,1305,0,true,true,true,0,0,9460,52,0,
1527,ketoBig,3608,34,4,budget,0,85,true,4,510,81,121,0.11764705882352941,0.7941176470588235,0.08823529411764706,0,0,4,1,normal,false,4,16,338,2790,480,0,0,false,false,false,0,0,3608,34,0,
1528,ketoBig,19632,78,48,budget,2,100,true,6,3285,229,356,0.11538461538461539,0.48717948717948717,0.20512820512820512,0.0641025641025641,0.1282051282051282,23,2,crash,false,4,48,657,5920,3780,4635,4640,false,true,false,4190,10,15442,68,2,4|5
1529,ketoBig,3585,30,0,budget,0,64,true,4,665,74,120,0.1,0.9,0,0,0,3,15,normal,false,6,11,145,3440,0,0,0,false,false,false,0,0,3585,30,0,
1530,ketoBig,11143,65,35,budget,1,100,true,5,900,158,230,0.046153846153846156,0.5538461538461539,0.24615384615384617,0.07692307692307693,0.07692307692307693,14,2,crash,false,9,31,103,4285,3060,1155,2540,false,true,false,2510,5,8633,60,1,11
1531,ketoBig,3280,21,8,lock,0,88,true,3,510,57,94,0.047619047619047616,0.9047619047619048,0,0.047619047619047616,0,3,2,crash,false,5,9,0,2335,630,315,0,false,false,false,0,0,3280,21,0,
1532,ketoBig,4630,30,0,budget,0,64,false,6,1290,89,124,0,1,0,0,0,0,-1,normal,false,9,8,0,4630,0,0,0,false,false,false,0,0,4630,30,0,
1533,ketoBig,11330,53,23,budget,1,100,false,4,1760,120,184,0,0.6415094339622641,0.16981132075471697,0.09433962264150944,0.09433962264150944,10,5,normal,false,6,30,0,2480,3810,900,4140,false,true,false,2970,5,8360,48,1,7
1534,ketoBig,2125,32,2,budget,0,83,true,2,420,58,85,0.0625,0.90625,0.03125,0,0,3,2,normal,false,7,8,30,1675,420,0,0,false,false,false,0,0,2125,32,0,
1535,ketoBig,5693,30,0,budget,0,66,true,6,1545,96,150,0.1,0.9,0,0,0,2,15,normal,false,6,11,113,5580,0,0,0,false,false,true,0,0,5693,30,0,
1536,ketoBig,3950,34,4,budget,0,83,true,4,610,88,158,0.47058823529411764,0.4411764705882353,0.08823529411764706,0,0,4,4,crash,false,5,13,945,2035,970,0,0,false,false,false,0,0,3950,34,0,
1537,ketoBig,2973,32,2,budget,0,70,true,2,300,72,129,0.25,0.75,0,0,0,5,5,normal,false,4,14,308,2665,0,0,0,false,false,true,0,0,2973,32,0,
1538,ketoBig,10485,45,15,budget,1,100,true,5,1100,149,212,0.044444444444444446,0.6444444444444445,0.15555555555555556,0.044444444444444446,0.1111111111111111,7,2,normal,false,4,21,30,5630,760,1485,2580,false,true,false,2430,5,8055,40,1,4
1539,ketoBig,9055,39,9,budget,1,100,true,4,1720,108,141,0.2564102564102564,0.48717948717948717,0.05128205128205128,0.07692307692307693,0.1282051282051282,5,2,crash,false,8,13,250,1785,180,2280,4560,false,true,false,3920,5,5135,34,1,5
1540,ketoBig,16178,64,34,budget,2,100,true,5,2220,183,265,0.046875,0.5625,0.1875,0.046875,0.15625,12,1,normal,false,7,29,183,4430,3000,765,7800,false,false,false,6730,10,9448,54,2,6|4
1541,ketoBig,8178,43,13,budget,1,100,true,6,1095,128,182,0.06976744186046512,0.6046511627906976,0.18604651162790697,0.023255813953488372,0.11627906976744186,5,2,crash,false,4,20,363,4475,760,180,2400,false,false,false,2060,5,6118,38,1,7
1542,ketoBig,16220,63,33,budget,1,100,true,6,5300,161,244,0.015873015873015872,0.5873015873015873,0.23809523809523808,0.07936507936507936,0.07936507936507936,16,2,normal,false,9,41,15,4175,2850,1320,7860,false,false,true,7470,5,8750,58,1,3
1543,ketoBig,7503,38,8,budget,0,94,true,7,2235,121,174,0.07894736842105263,0.8421052631578947,0.02631578947368421,0.05263157894736842,0,4,14,normal,false,6,15,263,5890,600,750,0,true,false,false,0,0,7503,38,0,
1544,ketoBig,2528,34,4,budget,0,86,true,3,285,62,104,0.14705882352941177,0.7647058823529411,0.08823529411764706,0,0,3,9,crash,false,5,15,143,2025,360,0,0,false,false,false,0,0,2528,34,0,
1545,ketoBig,12485,67,37,budget,1,100,true,5,870,172,247,0.014925373134328358,0.5223880597014925,0.29850746268656714,0.08955223880597014,0.07462686567164178,17,2,crash,false,4,36,0,5200,2890,2535,1860,false,true,false,1830,5,10655,62,1,4
1546,ketoBig,6395,45,15,budget,1,100,true,5,1010,111,160,0.1111111111111111,0.6444444444444445,0.08888888888888889,0.044444444444444446,0.1111111111111111,7,1,normal,false,7,16,365,2975,1300,315,1440,false,true,true,1410,5,4985,40,1,6
1547,ketoBig,4743,38,8,budget,0,93,true,4,765,101,139,0.15789473684210525,0.6842105263157895,0.13157894736842105,0.02631578947368421,0,6,13,normal,false,4,19,418,2490,1610,225,0,true,false,false,0,0,4743,38,0,
1548,ketoBig,2834,30,0,budget,0,56,true,5,435,65,109,0.23333333333333334,0.7666666666666667,0,0,0,3,17,normal,false,7,12,529,2305,0,0,0,false,false,true,0,0,2834,30,0,
1549,ketoBig,5368,36,6,budget,0,80,true,6,945,99,145,0.05555555555555555,0.8888888888888888,0.05555555555555555,0,0,3,2,crash,false,5,16,113,4775,480,0,0,false,false,false,0,0,5368,36,0,
1550,ketoBig,5760,46,16,budget,0,92,true,4,810,113,159,0.06521739130434782,0.7391304347826086,0.1956521739130435,0,0,9,5,normal,false,6,18,90,3270,2130,270,0,true,false,true,0,0,5760,46,0,
1551,ketoBig,10058,53,23,budget,1,100,true,5,2280,139,199,0.07547169811320754,0.6226415094339622,0.16981132075471697,0.03773584905660377,0.09433962264150944,11,2,crash,false,8,25,98,3820,2180,540,3420,false,true,false,2910,5,7148,48,1,5
1552,ketoBig,5460,34,4,budget,0,77,false,6,1450,104,139,0,0.9411764705882353,0.058823529411764705,0,0,2,2,normal,false,9,13,0,5250,210,0,0,false,false,false,0,0,5460,34,0,
1553,ketoBig,11790,56,26,budget,0,82,true,9,4170,174,257,0.017857142857142856,0.8928571428571429,0.08928571428571429,0,0,13,1,crash,false,5,28,0,8100,3690,0,0,false,false,false,0,0,11790,56,0,
1554,ketoBig,4138,34,4,budget,0,80,true,6,1090,85,140,0.3235294117647059,0.6764705882352942,0,0,0,6,3,normal,false,6,14,488,2930,720,0,0,false,false,true,0,0,4138,34,0,
1555,ketoBig,7905,54,24,budget,0,94,true,6,1410,139,197,0.037037037037037035,0.7962962962962963,0.14814814814814814,0.018518518518518517,0,13,2,crash,false,6,34,105,5010,2520,270,0,true,false,true,0,0,7905,54,0,
1556,ketoBig,2965,32,2,budget,0,73,true,3,400,84,118,0.1875,0.78125,0.03125,0,0,5,2,normal,false,5,15,220,2625,120,0,0,false,false,false,0,0,2965,32,0,
1557,ketoBig,22436,73,43,budget,3,100,true,6,4360,218,352,0.0821917808219178,0.3972602739726027,0.2191780821917808,0.0958904109589041,0.2054794520547945,17,1,normal,false,7,34,811,5110,3830,3825,8860,false,true,true,8740,15,13696,58,3,4|2|6
1558,ketoBig,4071,30,0,budget,0,64,true,6,960,82,130,0.16666666666666666,0.8333333333333334,0,0,0,2,18,crash,false,5,11,181,3890,0,0,0,false,false,true,0,0,4071,30,0,
1559,ketoBig,2699,30,0,budget,0,61,true,3,345,53,122,0.4,0.6,0,0,0,3,8,crash,false,9,7,459,2240,0,0,0,false,false,false,0,0,2699,30,0,
1560,ketoBig,7445,50,20,budget,0,90,true,5,1820,130,191,0.02,0.82,0.16,0,0,11,10,normal,false,6,24,15,3920,3150,360,0,true,false,false,0,0,7445,50,0,
1561,ketoBig,6930,32,2,budget,0,71,true,6,1445,114,167,0.03125,0.96875,0,0,0,2,17,normal,false,4,14,15,6915,0,0,0,false,false,false,0,0,6930,32,0,
1562,ketoBig,7710,38,8,budget,0,94,true,6,1260,126,189,0.02631578947368421,0.8947368421052632,0.07894736842105263,0,0,5,15,normal,false,5,17,150,5535,1620,405,0,true,false,false,0,0,7710,38,0,
1563,ketoBig,22985,63,33,budget,3,100,false,6,3450,213,285,0,0.6349206349206349,0.09523809523809523,0.031746031746031744,0.23809523809523808,8,2,normal,false,6,27,0,4865,4890,1890,11340,false,false,false,10780,15,12205,48,2,4|4
1564,ketoBig,8540,49,19,budget,1,100,true,6,2370,124,181,0.061224489795918366,0.7346938775510204,0.08163265306122448,0.02040816326530612,0.10204081632653061,10,2,normal,false,7,19,50,4530,2970,150,840,false,false,false,810,5,7730,44,1,2
1565,ketoBig,12105,53,23,budget,1,100,false,5,1980,155,221,0,0.6226415094339622,0.20754716981132076,0.07547169811320754,0.09433962264150944,7,2,normal,false,4,30,0,4670,2970,2385,2080,false,true,false,1690,5,10415,48,1,4
1566,ketoBig,3890,34,4,budget,0,80,true,4,585,80,126,0.20588235294117646,0.7352941176470589,0.058823529411764705,0,0,4,2,crash,false,4,15,225,2565,1100,0,0,false,false,false,0,0,3890,34,0,
1567,ketoBig,8783,47,17,budget,1,100,true,4,2160,128,177,0.06382978723404255,0.723404255319149,0.0851063829787234,0.02127659574468085,0.10638297872340426,8,3,crash,false,8,16,123,3550,750,420,3940,false,false,false,3960,5,4823,42,1,3
1568,ketoBig,13683,45,15,budget,1,100,true,5,2400,137,215,0.022222222222222223,0.7777777777777778,0.08888888888888889,0,0.1111111111111111,6,6,normal,false,9,22,303,3060,3060,0,7260,false,false,false,5970,5,7713,40,0,
1569,ketoBig,7385,43,13,budget,1,100,false,3,1840,109,149,0,0.7209302325581395,0.11627906976744186,0.046511627906976744,0.11627906976744186,5,19,normal,false,8,19,0,3065,460,720,3140,false,false,false,1390,5,5995,38,1,6
1570,ketoBig,5275,42,12,budget,0,89,true,5,970,94,157,0.07142857142857142,0.8095238095238095,0.09523809523809523,0.023809523809523808,0,5,5,crash,false,10,16,165,3460,1380,270,0,false,false,false,0,0,5275,42,0,
1571,ketoBig,8865,35,31,lock,1,100,false,5,2085,95,121,0,0.5142857142857142,0.2857142857142857,0.05714285714285714,0.14285714285714285,13,2,normal,false,7,21,0,1090,2300,3195,2280,false,true,false,1650,5,7215,30,1,2
1572,ketoBig,17650,85,55,budget,1,100,true,5,2100,253,362,0,0.6705882352941176,0.17647058823529413,0.09411764705882353,0.058823529411764705,23,7,normal,false,7,41,180,7735,4950,3825,960,false,false,true,930,5,16720,80,1,5
1573,ketoBig,14540,58,36,lock,2,100,true,5,2800,180,224,0,0.603448275862069,0.1724137931034483,0.05172413793103448,0.1724137931034483,10,2,normal,false,5,27,30,4315,3380,495,6320,false,true,false,6260,10,8280,48,1,2
1574,ketoBig,5820,32,2,budget,0,83,true,8,2410,90,159,0.40625,0.53125,0.0625,0,0,3,2,crash,false,4,18,655,4925,240,0,0,false,false,true,0,0,5820,32,0,
1575,ketoBig,3296,30,0,budget,0,64,true,4,445,78,123,0.16666666666666666,0.8333333333333334,0,0,0,1,29,normal,false,6,13,181,3115,0,0,0,false,false,true,0,0,3296,30,0,
1576,ketoBig,10695,55,25,budget,1,100,false,5,1305,142,203,0,0.6727272727272727,0.14545454545454545,0.09090909090909091,0.09090909090909091,11,21,normal,false,5,32,0,4115,2080,2040,2460,false,true,false,2320,5,8375,50,1,5
1577,ketoBig,4998,34,4,budget,0,76,true,7,1805,91,167,0.3235294117647059,0.6176470588235294,0.058823529411764705,0,0,2,2,crash,false,5,15,828,3900,270,0,0,false,false,false,0,0,4998,34,0,
1578,ketoBig,12750,50,20,budget,2,100,true,5,1890,168,240,0.04,0.62,0.08,0.06,0.2,9,1,normal,false,5,26,160,6090,910,270,5320,false,true,true,4840,10,7910,40,2,4|3
1579,ketoBig,13655,53,23,budget,1,100,true,5,2820,164,263,0.05660377358490566,0.6415094339622641,0.18867924528301888,0.018867924528301886,0.09433962264150944,10,3,normal,false,6,30,225,7110,1880,2640,1800,false,false,true,1650,5,12005,48,1,3
1580,ketoBig,14336,52,22,budget,2,100,true,6,1620,169,260,0.09615384615384616,0.5961538461538461,0.07692307692307693,0.038461538461538464,0.19230769230769232,8,5,crash,false,8,28,451,6535,1370,180,5800,false,false,true,5580,10,8756,42,2,3|4
1581,ketoBig,3020,32,2,budget,0,79,true,3,390,68,129,0.46875,0.5,0.03125,0,0,2,6,crash,false,7,11,720,2120,180,0,0,false,false,false,0,0,3020,32,0,
1582,ketoBig,4255,30,0,budget,0,66,true,4,915,79,140,0.16666666666666666,0.8333333333333334,0,0,0,0,-1,crash,false,5,13,420,3835,0,0,0,false,false,false,0,0,4255,30,0,
1583,ketoBig,13873,66,36,budget,2,100,true,6,1580,197,300,0.24242424242424243,0.36363636363636365,0.15151515151515152,0.09090909090909091,0.15151515151515152,14,2,crash,false,11,27,723,5215,2360,1395,4180,false,false,false,4210,10,9663,56,2,3|5
1584,ketoBig,22369,69,39,budget,3,100,true,6,3120,235,342,0.14492753623188406,0.43478260869565216,0.14492753623188406,0.057971014492753624,0.21739130434782608,16,2,normal,false,5,36,639,6285,2030,1815,11600,false,true,true,9380,15,12989,54,3,3|5|2
1585,ketoBig,13408,58,28,budget,2,100,true,5,2235,150,199,0.10344827586206896,0.4827586206896552,0.1724137931034483,0.06896551724137931,0.1724137931034483,14,2,crash,false,10,25,208,2485,1360,4035,5320,false,true,false,4840,10,8568,48,2,4|5
1586,ketoBig,4940,41,11,budget,1,100,false,3,360,109,127,0,0.8048780487804879,0.07317073170731707,0,0.12195121951219512,3,3,normal,false,8,14,0,3350,300,450,840,false,false,true,960,5,3980,36,1,3
1587,ketoBig,4660,21,8,lock,0,92,false,6,1830,44,82,0,0.8571428571428571,0.14285714285714285,0,0,4,3,normal,false,14,4,0,970,2610,1080,0,true,false,false,0,0,4660,21,0,
1588,ketoBig,2881,36,6,budget,0,78,true,4,390,77,101,0.1111111111111111,0.8055555555555556,0.08333333333333333,0,0,4,2,normal,false,4,18,106,2295,480,0,0,false,false,false,0,0,2881,36,0,
1589,ketoBig,20658,50,20,budget,2,100,true,9,8340,160,237,0.1,0.6,0.08,0.02,0.2,7,2,normal,false,8,20,368,4205,1410,1395,13280,false,false,true,13820,10,6838,40,1,5
1590,ketoBig,7230,44,14,budget,0,94,true,4,735,134,202,0.022727272727272728,0.7954545454545454,0.1590909090909091,0.022727272727272728,0,7,1,normal,false,6,17,20,5030,1670,510,0,true,false,false,0,0,7230,44,0,
1591,ketoBig,30440,103,73,budget,5,100,true,5,2700,307,410,0.019417475728155338,0.4368932038834951,0.2621359223300971,0.038834951456310676,0.24271844660194175,28,2,normal,false,10,51,30,4990,7930,4470,13020,false,false,false,13435,25,17005,78,4,7|5|2|5
1592,ketoBig,5035,40,10,budget,0,88,true,4,480,105,154,0.025,0.875,0.1,0,0,6,17,normal,false,9,22,25,3870,780,360,0,false,false,true,0,0,5035,40,0,
1593,ketoBig,14775,59,29,budget,3,100,true,4,2520,168,222,0.06779661016949153,0.5084745762711864,0.13559322033898305,0.03389830508474576,0.2542372881355932,12,2,normal,false,7,27,185,3285,1950,1875,7480,false,true,false,5290,15,9485,44,3,3|5|3
1594,ketoBig,20941,73,43,budget,3,100,true,5,3500,207,300,0.0821917808219178,0.5342465753424658,0.1232876712328767,0.0547945205479452,0.2054794520547945,16,2,normal,false,7,40,486,4675,1970,2430,11380,false,true,true,7930,15,13011,58,2,3|6
1595,ketoBig,2463,30,0,budget,0,65,true,3,240,69,120,0.4666666666666667,0.5333333333333333,0,0,0,3,14,normal,false,4,14,1008,1455,0,0,0,false,false,false,0,0,2463,30,0,
1596,ketoBig,9882,43,13,budget,1,100,true,5,2520,134,184,0.27906976744186046,0.5116279069767442,0.09302325581395349,0,0.11627906976744186,7,1,normal,false,5,18,612,2400,2430,0,4440,false,false,false,4700,5,5182,38,1,2
1597,ketoBig,5120,30,0,budget,0,58,false,6,1340,94,143,0,1,0,0,0,0,-1,normal,false,10,7,0,5120,0,0,0,false,false,true,0,0,5120,30,0,
1598,ketoBig,3475,34,4,budget,0,82,true,4,420,80,115,0.029411764705882353,0.9411764705882353,0.029411764705882353,0,0,3,7,normal,false,8,13,135,2890,450,0,0,false,false,false,0,0,3475,34,0,
1599,ketoBig,25555,73,43,budget,5,100,false,5,2620,247,328,0,0.4246575342465753,0.136986301369863,0.0958904109589041,0.3424657534246575,13,6,normal,false,6,39,0,4045,2760,2610,16140,false,true,true,13330,25,12225,48,5,3|5|3|2|8
1600,ketoBig,7457,40,10,budget,0,90,true,5,1280,130,209,0.25,0.575,0.125,0.05,0,8,2,normal,false,4,19,992,4435,1670,360,0,true,false,true,0,0,7457,40,0,
1601,ketoBig,4465,30,0,budget,0,64,true,6,1385,88,142,0.03333333333333333,0.9666666666666667,0,0,0,1,8,normal,false,8,9,120,4345,0,0,0,false,false,true,0,0,4465,30,0,
1602,ketoBig,5665,35,22,lock,0,99,false,6,2130,76,102,0,0.6285714285714286,0.22857142857142856,0.14285714285714285,0,11,1,normal,false,5,20,0,1760,2780,1125,0,true,true,false,0,0,5665,35,0,
1603,ketoBig,4345,30,0,budget,0,63,true,5,1065,84,152,0.16666666666666666,0.8333333333333334,0,0,0,3,6,normal,false,3,12,255,4090,0,0,0,false,false,true,0,0,4345,30,0,
1604,ketoBig,7840,47,17,budget,1,100,false,4,2640,111,148,0,0.8297872340425532,0.06382978723404255,0,0.10638297872340426,5,2,normal,false,9,16,0,2880,960,180,3820,false,false,false,3940,5,3900,42,1,2
1605,ketoBig,3153,30,0,budget,0,63,true,4,670,64,127,0.26666666666666666,0.7333333333333333,0,0,0,1,15,normal,false,4,13,393,2760,0,0,0,false,false,false,0,0,3153,30,0,
1606,ketoBig,8155,51,21,budget,1,100,true,4,650,130,194,0.058823529411764705,0.7058823529411765,0.09803921568627451,0.0392156862745098,0.09803921568627451,10,3,crash,false,7,23,70,4485,1620,540,1440,false,false,true,1530,5,6625,46,1,3
1607,ketoBig,6418,41,17,lock,1,100,true,4,600,104,174,0.07317073170731707,0.6585365853658537,0.12195121951219512,0.024390243902439025,0.12195121951219512,8,3,crash,false,3,24,113,4115,840,90,1260,false,true,false,1230,5,5188,36,1,4
1608,ketoBig,5886,36,6,budget,0,85,true,5,713,118,190,0.16666666666666666,0.7777777777777778,0.05555555555555555,0,0,6,3,crash,false,3,17,1021,3980,480,405,0,false,false,true,0,0,5886,36,0,
1609,ketoBig,19596,62,32,budget,2,100,true,8,4140,187,273,0.0967741935483871,0.5967741935483871,0.11290322580645161,0.03225806451612903,0.16129032258064516,12,1,crash,false,4,37,311,4825,5060,2700,6700,false,true,false,5790,10,13806,52,2,2|5
1610,ketoBig,7253,40,10,budget,0,92,true,6,2040,107,165,0.05,0.85,0.075,0.025,0,6,2,normal,false,9,15,68,4375,2570,240,0,true,false,true,0,0,7253,40,0,
1611,ketoBig,4435,30,0,budget,0,66,true,5,820,104,143,0.03333333333333333,0.9666666666666667,0,0,0,1,4,normal,false,8,11,120,4315,0,0,0,false,false,false,0,0,4435,30,0,
1612,ketoBig,3751,30,0,budget,0,66,true,4,423,81,122,0.2,0.8,0,0,0,3,5,crash,false,4,15,261,3490,0,0,0,false,false,false,0,0,3751,30,0,
1613,ketoBig,4335,36,6,budget,0,80,false,4,780,93,135,0,0.9444444444444444,0.05555555555555555,0,0,3,2,normal,false,9,11,0,3885,450,0,0,false,false,true,0,0,4335,36,0,
1614,ketoBig,2725,30,0,budget,0,64,true,3,375,69,109,0.1,0.9,0,0,0,1,11,crash,false,7,10,200,2525,0,0,0,false,false,false,0,0,2725,30,0,
1615,ketoBig,3645,32,2,budget,0,74,true,4,860,73,120,0.09375,0.875,0.03125,0,0,3,2,normal,false,3,15,110,3175,360,0,0,false,false,true,0,0,3645,32,0,
1616,ketoBig,3617,30,0,budget,0,64,true,5,495,77,167,0.6,0.4,0,0,0,5,12,crash,false,4,11,1162,2455,0,0,0,false,false,false,0,0,3617,30,0,
1617,ketoBig,6930,48,18,budget,0,87,false,5,980,125,194,0,0.8333333333333334,0.16666666666666666,0,0,8,2,normal,false,4,29,0,5520,1140,270,0,false,false,true,0,0,6930,48,0,
1618,ketoBig,3673,32,2,budget,0,74,true,4,450,92,129,0.125,0.84375,0.03125,0,0,2,6,normal,false,6,15,458,3035,180,0,0,false,false,true,0,0,3673,32,0,
1619,ketoBig,2891,32,2,budget,0,73,true,4,490,70,113,0.25,0.71875,0.03125,0,0,5,2,normal,false,4,17,436,2365,90,0,0,false,false,true,0,0,2891,32,0,
1620,ketoBig,15336,64,34,budget,2,100,true,7,1725,193,268,0.0625,0.625,0.140625,0.015625,0.15625,14,2,normal,false,7,32,421,5915,2270,1710,5020,false,false,false,5180,10,10156,54,2,4|2
1621,ketoBig,3743,30,0,budget,0,62,true,4,730,78,136,0.1,0.9,0,0,0,2,13,normal,false,2,17,133,3610,0,0,0,false,false,false,0,0,3743,30,0,
1622,ketoBig,6209,46,16,budget,0,97,true,4,690,102,169,0.2826086956521739,0.5,0.15217391304347827,0.06521739130434782,0,8,2,crash,false,6,21,379,3325,1650,855,0,true,true,false,0,0,6209,46,0,
1623,ketoBig,5870,38,8,budget,0,92,true,6,2470,91,134,0.02631578947368421,0.8947368421052632,0.05263157894736842,0.02631578947368421,0,5,1,normal,false,7,14,60,2820,2720,270,0,true,false,true,0,0,5870,38,0,
1624,ketoBig,5605,34,4,budget,0,79,true,5,1140,99,181,0.20588235294117646,0.7058823529411765,0.08823529411764706,0,0,6,3,normal,false,4,18,450,4765,390,0,0,false,false,true,0,0,5605,34,0,
1625,ketoBig,12450,71,41,budget,1,100,true,3,1200,185,244,0,0.647887323943662,0.2112676056338028,0.07042253521126761,0.07042253521126761,18,2,normal,false,4,45,50,4165,3870,1305,3060,false,true,true,2340,5,10110,66,1,2
1626,ketoBig,3940,38,8,budget,0,87,false,4,750,74,114,0,0.868421052631579,0.13157894736842105,0,0,4,2,normal,false,7,12,0,2710,690,540,0,false,false,true,0,0,3940,38,0,
1627,ketoBig,3990,32,2,budget,0,73,false,4,795,86,125,0,0.96875,0.03125,0,0,1,2,normal,false,6,12,0,3810,180,0,0,false,false,true,0,0,3990,32,0,
1628,ketoBig,4638,30,0,budget,0,62,true,4,750,89,163,0.26666666666666666,0.7333333333333333,0,0,0,2,17,normal,false,5,15,628,4010,0,0,0,false,false,true,0,0,4638,30,0,
1629,ketoBig,8360,45,15,budget,1,100,false,5,705,135,177,0,0.6888888888888889,0.15555555555555556,0.044444444444444446,0.1111111111111111,6,2,normal,false,8,20,0,4405,1270,585,2100,false,true,true,1710,5,6650,40,1,5
1630,ketoBig,2685,30,0,budget,0,67,true,3,650,63,102,0.16666666666666666,0.8333333333333334,0,0,0,1,17,normal,false,7,9,200,2485,0,0,0,false,false,false,0,0,2685,30,0,
1631,ketoBig,3685,32,2,budget,0,71,false,5,645,87,114,0,1,0,0,0,1,27,normal,false,5,12,0,3685,0,0,0,false,false,false,0,0,3685,32,0,
1632,ketoBig,3053,30,0,budget,0,64,true,5,600,69,134,0.5666666666666667,0.43333333333333335,0,0,0,4,12,crash,false,7,9,1063,1990,0,0,0,false,false,false,0,0,3053,30,0,
1633,ketoBig,5603,34,4,budget,0,83,true,6,1575,106,157,0.058823529411764705,0.8823529411764706,0.058823529411764705,0,0,2,8,normal,false,7,15,38,5145,420,0,0,false,false,true,0,0,5603,34,0,
1634,ketoBig,12255,66,36,budget,2,100,false,4,1860,174,219,0,0.6363636363636364,0.15151515151515152,0.06060606060606061,0.15151515151515152,13,1,normal,false,10,26,0,3310,3200,585,5160,false,true,false,4440,10,7815,56,2,2|2
1635,ketoBig,17635,43,40,lock,4,100,false,5,2280,172,186,0,0.2558139534883721,0.20930232558139536,0.06976744186046512,0.46511627906976744,13,3,frenzy,false,7,25,0,1655,3560,600,11820,false,true,true,11940,20,5695,23,4,2|4|4|3
1636,ketoBig,4965,40,10,budget,0,83,true,4,465,108,143,0.025,0.825,0.15,0,0,5,2,normal,false,3,22,30,3915,1020,0,0,false,false,false,0,0,4965,40,0,
1637,ketoBig,13370,59,29,budget,1,100,false,4,3840,165,210,0,0.7457627118644068,0.11864406779661017,0.05084745762711865,0.0847457627118644,13,2,normal,false,5,32,0,4295,1650,645,6780,false,false,false,5310,5,8060,54,1,5
1638,ketoBig,2050,30,0,budget,0,63,true,2,180,60,89,0.03333333333333333,0.9666666666666667,0,0,0,1,18,normal,false,6,10,15,2035,0,0,0,false,false,true,0,0,2050,30,0,
1639,ketoBig,7853,39,9,budget,1,100,true,5,1260,116,184,0.38461538461538464,0.41025641025641024,0.05128205128205128,0.02564102564102564,0.1282051282051282,5,1,normal,false,5,15,953,3040,510,90,3260,false,false,false,3230,5,4623,34,1,3
1640,ketoBig,3580,30,0,budget,0,68,false,4,980,79,114,0,1,0,0,0,0,-1,normal,false,4,12,0,3580,0,0,0,false,false,false,0,0,3580,30,0,
1641,ketoBig,4305,42,12,budget,0,87,false,4,495,104,139,0,0.9047619047619048,0.09523809523809523,0,0,5,2,normal,false,5,19,0,3245,790,270,0,false,false,true,0,0,4305,42,0,
1642,ketoBig,2520,30,0,budget,0,53,true,4,390,58,100,0.06666666666666667,0.9333333333333333,0,0,0,1,30,normal,false,4,11,105,2415,0,0,0,false,false,true,0,0,2520,30,0,
1643,ketoBig,3885,40,10,budget,0,92,false,3,405,87,120,0,0.875,0.125,0,0,4,3,normal,false,5,18,0,2925,690,270,0,true,false,true,0,0,3885,40,0,
1644,ketoBig,3450,30,0,budget,0,63,true,4,735,79,112,0,1,0,0,0,0,-1,normal,false,6,11,70,3380,0,0,0,false,false,false,0,0,3450,30,0,
1645,ketoBig,5575,42,12,budget,0,92,true,4,645,115,155,0.023809523809523808,0.8333333333333334,0.14285714285714285,0,0,7,4,normal,false,6,15,15,3760,1530,270,0,true,false,true,0,0,5575,42,0,
1646,ketoBig,8343,55,25,budget,1,100,true,5,800,138,159,0.05454545454545454,0.6181818181818182,0.2,0.03636363636363636,0.09090909090909091,12,3,normal,false,5,25,53,3515,1820,495,2460,false,false,true,2480,5,5863,50,1,2
1647,ketoBig,6705,42,12,budget,0,96,false,4,685,122,170,0,0.8333333333333334,0.16666666666666666,0,0,5,3,normal,false,5,16,0,4545,1800,360,0,true,true,true,0,0,6705,42,0,
1648,ketoBig,13093,71,41,budget,1,100,true,6,1440,186,290,0.1267605633802817,0.5492957746478874,0.2112676056338028,0.04225352112676056,0.07042253521126761,20,2,crash,false,6,37,218,5050,3630,2115,2080,false,true,false,1930,5,11163,66,1,4
1649,ketoBig,4315,32,2,budget,0,80,true,4,460,92,134,0.0625,0.90625,0.03125,0,0,2,14,normal,false,6,16,100,4005,210,0,0,false,false,true,0,0,4315,32,0,
1650,ketoBig,7760,48,18,budget,0,97,false,4,1030,135,203,0,0.75,0.16666666666666666,0.08333333333333333,0,8,2,normal,false,6,21,0,4355,2550,855,0,true,true,false,0,0,7760,48,0,
1651,ketoBig,3188,30,0,budget,0,63,true,3,450,88,127,0.26666666666666666,0.7333333333333333,0,0,0,4,8,normal,false,7,10,358,2830,0,0,0,false,false,false,0,0,3188,30,0,
1652,ketoBig,12608,75,45,budget,1,100,true,5,915,183,254,0.06666666666666667,0.6133333333333333,0.17333333333333334,0.08,0.06666666666666667,17,9,crash,false,4,44,388,4610,3080,2790,1740,false,true,false,1350,5,11258,70,1,2
1653,ketoBig,8130,45,15,budget,1,100,false,4,1280,129,173,0,0.6888888888888889,0.17777777777777778,0.022222222222222223,0.1111111111111111,6,2,normal,false,8,23,0,4240,1170,360,2360,false,false,false,1170,5,6960,40,1,4
1654,ketoBig,4010,38,8,budget,0,80,true,4,480,91,121,0.02631578947368421,0.9210526315789473,0.05263157894736842,0,0,5,6,normal,false,5,14,15,3365,630,0,0,false,false,true,0,0,4010,38,0,
1655,ketoBig,9858,45,15,budget,1,100,true,6,1700,110,201,0.2,0.6,0.06666666666666667,0.022222222222222223,0.1111111111111111,10,2,crash,false,4,23,273,3925,2460,360,2840,false,false,false,1500,5,8358,40,1,3
1656,ketoBig,5120,32,2,budget,0,74,false,5,1315,102,129,0,0.96875,0.03125,0,0,1,1,normal,false,7,11,0,5030,90,0,0,false,false,false,0,0,5120,32,0,
1657,ketoBig,5110,47,17,budget,1,100,false,3,480,100,131,0,0.723404255319149,0.14893617021276595,0.02127659574468085,0.10638297872340426,7,2,normal,false,6,20,0,2620,720,90,1680,false,false,false,1530,5,3580,42,1,4
1658,ketoBig,6465,33,18,lock,0,90,false,5,1030,105,139,0,0.8484848484848485,0.12121212121212122,0.030303030303030304,0,8,10,normal,false,4,18,0,3865,2330,270,0,true,false,false,0,0,6465,33,0,
1659,ketoBig,15215,59,29,budget,1,100,false,5,1530,198,280,0,0.6949152542372882,0.1864406779661017,0.03389830508474576,0.0847457627118644,12,1,normal,false,6,27,0,6470,3450,2355,2940,false,true,true,2970,5,12245,54,1,5
1660,ketoBig,6635,28,17,lock,1,100,false,3,1560,83,96,0,0.39285714285714285,0.25,0.17857142857142858,0.17857142857142858,6,2,normal,false,5,13,0,1490,1200,585,3360,false,true,false,3210,5,3425,23,1,3
1661,ketoBig,15450,67,37,budget,1,100,false,4,2160,197,278,0,0.6268656716417911,0.19402985074626866,0.1044776119402985,0.07462686567164178,15,2,normal,false,5,38,0,5300,4130,1260,4760,false,true,false,4730,5,10720,62,1,3
1662,ketoBig,6520,26,21,lock,1,100,true,4,1020,72,109,0.038461538461538464,0.5,0.23076923076923078,0.038461538461538464,0.19230769230769232,7,4,crash,false,4,14,0,2360,630,1050,2480,false,false,false,2060,5,4460,21,1,7
1663,ketoBig,7524,32,9,lock,1,100,true,5,1800,112,147,0.1875,0.59375,0.03125,0.0625,0.125,4,20,frenzy,false,8,14,239,3335,1720,270,1960,false,false,false,2050,4,5474,28,1,4
1664,ketoBig,9555,49,19,budget,1,100,true,4,1200,139,208,0.061224489795918366,0.673469387755102,0.14285714285714285,0.02040816326530612,0.10204081632653061,9,1,crash,false,4,21,170,4575,2080,630,2100,false,true,false,2070,5,7485,44,1,3
1665,ketoBig,33301,90,60,budget,4,100,true,5,3260,303,415,0.03333333333333333,0.4666666666666667,0.2111111111111111,0.06666666666666667,0.2222222222222222,22,6,crash,false,6,51,46,5890,4910,4335,18120,false,true,false,16680,20,16621,70,3,2|6|7
1666,ketoBig,32341,104,74,budget,4,100,true,9,8920,307,379,0.038461538461538464,0.47115384615384615,0.21153846153846154,0.08653846153846154,0.19230769230769232,31,1,normal,false,7,50,311,4515,4170,4785,18560,false,true,false,17090,20,15251,84,4,2|3|3|6
1667,ketoBig,6160,42,12,budget,0,89,true,4,1030,112,169,0.14285714285714285,0.7619047619047619,0.07142857142857142,0.023809523809523808,0,5,2,crash,false,5,19,470,3325,2050,315,0,false,false,false,0,0,6160,42,0,
1668,ketoBig,4814,30,0,budget,0,62,true,6,1095,94,156,0.3,0.7,0,0,0,3,4,normal,false,5,15,1039,3775,0,0,0,false,false,true,0,0,4814,30,0,
1669,ketoBig,4200,38,8,budget,0,82,true,3,420,105,143,0.07894736842105263,0.868421052631579,0.05263157894736842,0,0,4,1,normal,false,5,14,225,3045,930,0,0,false,false,false,0,0,4200,38,0,
1670,ketoBig,6085,40,10,budget,0,81,true,5,1095,128,181,0.075,0.85,0.075,0,0,6,11,normal,false,7,21,235,4940,910,0,0,false,false,true,0,0,6085,40,0,
1671,ketoBig,3280,32,16,lock,0,94,true,3,390,67,101,0.03125,0.71875,0.21875,0.03125,0,8,2,crash,false,5,18,150,1840,1110,180,0,true,false,true,0,0,3280,32,0,
1672,ketoBig,27680,70,40,budget,4,100,false,8,7020,201,281,0,0.35714285714285715,0.2714285714285714,0.08571428571428572,0.2857142857142857,13,1,normal,false,8,32,0,2215,4150,1635,19680,false,false,false,18550,20,9130,50,4,2|7|3|6
1673,ketoBig,10645,54,24,budget,0,95,false,8,2100,156,224,0,0.8888888888888888,0.05555555555555555,0.05555555555555555,0,11,1,normal,false,7,25,0,6265,2970,1410,0,true,true,true,0,0,10645,54,0,
1674,ketoBig,5801,34,4,budget,0,72,true,7,1140,97,166,0.23529411764705882,0.7647058823529411,0,0,0,4,1,normal,false,8,11,356,4725,720,0,0,false,false,true,0,0,5801,34,0,
1675,ketoBig,2621,30,0,budget,0,62,true,4,505,56,122,0.4,0.6,0,0,0,5,11,normal,false,4,11,466,2155,0,0,0,false,false,true,0,0,2621,30,0,
1676,ketoBig,2470,30,0,budget,0,67,true,3,360,73,96,0.06666666666666667,0.9333333333333333,0,0,0,2,24,normal,false,6,10,160,2310,0,0,0,false,false,false,0,0,2470,30,0,
1677,ketoBig,9455,55,25,budget,1,100,false,4,810,158,206,0,0.7272727272727273,0.14545454545454545,0.03636363636363636,0.09090909090909091,10,1,normal,false,9,23,0,3645,3420,990,1400,false,false,false,2090,5,7365,50,1,2
1678,ketoBig,4590,36,6,budget,0,80,true,4,435,107,134,0.027777777777777776,0.9166666666666666,0.05555555555555555,0,0,3,15,normal,false,7,15,185,4045,360,0,0,false,false,true,0,0,4590,36,0,
1679,ketoBig,45,1,0,lock,0,50,false,1,45,0,3,0,1,0,0,0,0,-1,normal,false,1,0,0,45,0,0,0,false,false,false,0,0,45,1,0,
1680,ketoBig,3720,30,0,budget,0,64,true,5,460,78,151,0.4666666666666667,0.5333333333333333,0,0,0,4,8,normal,false,6,13,910,2810,0,0,0,false,false,false,0,0,3720,30,0,
1681,ketoBig,11596,45,15,budget,1,100,true,4,2260,149,204,0.08888888888888889,0.6,0.15555555555555556,0.044444444444444446,0.1111111111111111,6,11,normal,false,10,18,86,4085,1380,2205,3840,false,false,false,5500,5,6096,40,1,8
1682,ketoBig,8398,39,9,budget,1,100,true,5,2310,106,146,0.1282051282051282,0.6666666666666666,0.02564102564102564,0.05128205128205128,0.1282051282051282,4,2,normal,false,5,13,193,3465,300,180,4260,false,true,false,3750,5,4648,34,1,3
1683,ketoBig,4971,30,0,budget,0,63,true,5,1080,83,143,0.1,0.9,0,0,0,2,18,normal,false,4,12,346,4625,0,0,0,false,false,true,0,0,4971,30,0,
1684,ketoBig,4215,30,0,budget,0,68,true,5,780,76,139,0.03333333333333333,0.9666666666666667,0,0,0,1,24,normal,false,3,13,15,4200,0,0,0,false,false,false,0,0,4215,30,0,
1685,ketoBig,10690,50,20,budget,2,100,true,4,1740,142,178,0.04,0.6,0.14,0.02,0.2,7,3,normal,false,5,21,120,3280,1070,1440,4780,false,true,false,4750,10,5940,40,2,3|4
1686,ketoBig,2051,30,0,budget,0,59,true,3,255,61,109,0.4666666666666667,0.5333333333333333,0,0,0,1,25,normal,false,13,8,731,1320,0,0,0,false,false,true,0,0,2051,30,0,
1687,ketoBig,8850,55,25,budget,1,100,true,4,1245,148,201,0.03636363636363636,0.6727272727272727,0.14545454545454545,0.05454545454545454,0.09090909090909091,10,1,normal,false,11,19,225,3885,1800,1800,1140,false,true,false,810,5,8040,50,1,6
1688,ketoBig,6680,42,12,budget,0,93,true,5,595,119,169,0.023809523809523808,0.8571428571428571,0.11904761904761904,0,0,6,2,crash,false,9,19,0,5150,1080,450,0,true,false,false,0,0,6680,42,0,
1689,ketoBig,8153,49,19,budget,1,100,true,4,735,136,191,0.02040816326530612,0.6938775510204082,0.14285714285714285,0.04081632653061224,0.10204081632653061,9,5,normal,false,5,25,248,3790,1730,1005,1380,false,true,true,930,5,7223,44,1,8
1690,ketoBig,3730,32,2,budget,0,72,true,4,430,81,133,0.1875,0.78125,0.03125,0,0,4,8,crash,false,5,14,520,3120,90,0,0,false,false,false,0,0,3730,32,0,
1691,ketoBig,17810,73,43,budget,3,100,true,4,2490,196,291,0.0136986301369863,0.5068493150684932,0.2054794520547945,0.0684931506849315,0.2054794520547945,17,1,normal,false,10,35,60,3885,3530,5175,5160,false,false,true,4770,15,13040,58,3,3|5|3
1692,ketoBig,2981,32,2,budget,0,77,true,4,450,75,118,0.1875,0.78125,0.03125,0,0,2,12,normal,false,7,13,271,2620,90,0,0,false,false,false,0,0,2981,32,0,
1693,ketoBig,23156,74,44,budget,4,100,true,5,2020,242,323,0.02702702702702703,0.4594594594594595,0.13513513513513514,0.10810810810810811,0.2702702702702703,13,1,crash,false,8,37,121,4620,3730,1605,13080,false,true,true,11360,20,11796,54,4,4|3|2|3
1694,ketoBig,4905,32,2,budget,0,82,true,6,1405,94,139,0.09375,0.84375,0.0625,0,0,2,3,normal,false,7,12,120,4395,390,0,0,false,false,true,0,0,4905,32,0,
1695,ketoBig,4046,44,14,budget,0,88,true,2,340,98,137,0.09090909090909091,0.8409090909090909,0.045454545454545456,0.022727272727272728,0,8,2,normal,false,3,24,146,2795,970,135,0,false,false,false,0,0,4046,44,0,
1696,ketoBig,1600,7,8,lock,0,98,false,2,480,24,23,0,0.42857142857142855,0.42857142857142855,0.14285714285714285,0,4,2,keto,false,1,6,0,230,920,450,0,true,true,true,0,0,1600,7,0,
1697,ketoBig,7840,18,20,lock,2,100,false,3,2280,56,70,0,0.05555555555555555,0.2777777777777778,0.1111111111111111,0.5555555555555556,5,1,keto,false,3,9,0,90,640,690,6420,false,true,false,6390,10,1450,8,2,2|4
1698,ketoBig,5628,33,15,lock,1,100,true,4,1420,98,141,0.09090909090909091,0.5454545454545454,0.18181818181818182,0.030303030303030304,0.15151515151515152,7,2,normal,false,5,20,548,2495,1570,135,880,false,false,true,840,5,4788,28,1,3
1699,ketoBig,4720,32,2,budget,0,73,true,4,765,102,155,0.125,0.875,0,0,0,4,7,normal,false,6,11,540,4000,180,0,0,false,false,false,0,0,4720,32,0,
1700,ketoBig,27570,97,67,budget,3,100,true,5,1780,298,418,0.010309278350515464,0.5360824742268041,0.20618556701030927,0.09278350515463918,0.15463917525773196,26,1,crash,false,9,53,0,6445,5620,7185,8320,false,true,false,8290,15,19280,82,3,3|5|6
1701,ketoBig,12780,52,22,budget,2,100,true,4,1360,157,199,0.019230769230769232,0.6346153846153846,0.1346153846153846,0.019230769230769232,0.19230769230769232,7,2,normal,false,11,19,15,3485,1050,1350,6880,false,false,false,6690,10,6090,42,2,2|3
1702,ketoBig,6338,44,14,budget,0,98,true,4,960,103,172,0.06818181818181818,0.75,0.11363636363636363,0.06818181818181818,0,9,2,normal,false,4,22,83,3825,1920,510,0,true,true,true,0,0,6338,44,0,
1703,ketoBig,2949,30,0,budget,0,64,true,4,510,65,107,0.3,0.7,0,0,0,2,27,normal,false,6,12,374,2575,0,0,0,false,false,true,0,0,2949,30,0,
1704,ketoBig,11850,49,19,budget,1,100,false,7,1610,156,221,0,0.6938775510204082,0.16326530612244897,0.04081632653061224,0.10204081632653061,7,2,normal,false,5,24,0,5200,3170,1980,1500,false,false,false,1470,5,10380,44,1,4
1705,ketoBig,3493,32,2,budget,0,83,true,5,445,86,138,0.21875,0.71875,0.0625,0,0,3,2,normal,false,4,14,868,2385,240,0,0,false,false,true,0,0,3493,32,0,
1706,ketoBig,3080,32,2,budget,0,74,true,3,370,76,119,0.03125,0.9375,0.03125,0,0,2,18,normal,false,8,13,20,2940,120,0,0,false,false,true,0,0,3080,32,0,
1707,ketoBig,8955,51,21,budget,1,100,false,4,1080,140,186,0,0.6666666666666666,0.13725490196078433,0.09803921568627451,0.09803921568627451,7,3,normal,false,10,20,0,3825,930,1980,2220,false,true,false,2190,5,6765,46,1,4
1708,ketoBig,5215,36,6,budget,0,80,false,5,1010,109,150,0,0.9722222222222222,0.027777777777777776,0,0,3,3,normal,false,11,13,0,4945,270,0,0,false,false,false,0,0,5215,36,0,
1709,ketoBig,6601,51,21,budget,1,100,true,4,530,134,181,0.2549019607843137,0.49019607843137253,0.13725490196078433,0.0196078431372549,0.09803921568627451,9,2,normal,false,7,21,416,3065,2190,90,840,false,true,false,810,5,5791,46,1,2
1710,ketoBig,12315,54,24,budget,2,100,true,4,2310,160,240,0.1111111111111111,0.5555555555555556,0.12962962962962962,0.018518518518518517,0.18518518518518517,8,1,crash,false,7,22,375,4120,790,2550,4480,false,false,false,4410,10,7905,44,2,2|4
1711,ketoBig,4748,36,6,budget,0,81,true,4,660,92,153,0.05555555555555555,0.8888888888888888,0.05555555555555555,0,0,3,24,crash,false,10,15,133,3805,810,0,0,false,false,true,0,0,4748,36,0,
1712,ketoBig,2248,30,0,budget,0,62,true,3,330,66,112,0.5,0.5,0,0,0,3,11,normal,false,8,10,623,1625,0,0,0,false,false,false,0,0,2248,30,0,
1713,ketoBig,9313,46,16,budget,0,98,true,4,1500,121,203,0.13043478260869565,0.6739130434782609,0.17391304347826086,0.021739130434782608,0,11,2,normal,false,9,23,518,2965,2230,3600,0,true,true,true,0,0,9313,46,0,
1714,ketoBig,12171,67,37,budget,3,100,true,3,1380,176,226,0.04477611940298507,0.5223880597014925,0.16417910447761194,0.04477611940298507,0.22388059701492538,12,2,normal,false,11,30,121,3250,2250,1050,5500,false,true,true,5760,15,6411,52,3,5|3|2
1715,ketoBig,5976,42,12,budget,0,94,true,5,2430,98,126,0.11904761904761904,0.5714285714285714,0.2857142857142857,0.023809523809523808,0,7,2,keto,false,5,24,156,2000,1390,2430,0,true,false,false,0,0,5976,42,0,
1716,ketoBig,2756,30,0,budget,0,62,true,3,540,66,125,0.3333333333333333,0.6666666666666666,0,0,0,3,18,crash,false,3,13,866,1890,0,0,0,false,false,false,0,0,2756,30,0,
1717,ketoBig,24053,94,64,budget,2,100,true,4,1740,265,395,0.031914893617021274,0.5319148936170213,0.24468085106382978,0.0851063829787234,0.10638297872340426,30,1,normal,false,7,53,53,4425,5700,8295,5580,false,true,true,5580,10,18473,84,2,5|4
1718,ketoBig,28910,110,80,budget,4,100,true,4,1740,297,412,0.00909090909090909,0.4727272727272727,0.2545454545454545,0.08181818181818182,0.18181818181818182,33,1,normal,false,8,60,15,4045,6580,6870,11400,false,true,true,10885,20,18025,90,4,3|10|6|4
1719,ketoBig,1940,16,2,lock,0,78,false,3,310,47,69,0,0.9375,0.0625,0,0,1,1,normal,false,3,6,0,1760,180,0,0,false,false,true,0,0,1940,16,0,
1720,ketoBig,1520,30,0,budget,0,62,true,3,285,36,95,0.6666666666666666,0.3333333333333333,0,0,0,0,-1,crash,false,10,6,620,900,0,0,0,false,false,false,0,0,1520,30,0,
1721,ketoBig,3705,38,8,budget,0,93,false,3,495,78,123,0,0.8421052631578947,0.10526315789473684,0.05263157894736842,0,3,2,normal,false,11,14,0,2655,570,480,0,true,false,true,0,0,3705,38,0,
1722,ketoBig,15725,67,37,budget,3,100,true,5,3240,189,250,0.04477611940298507,0.582089552238806,0.11940298507462686,0.029850746268656716,0.22388059701492538,12,2,crash,false,7,28,205,4780,2500,660,7580,false,false,false,7110,15,8615,52,2,2|2
1723,ketoBig,2880,30,0,budget,0,63,true,4,660,73,105,0.2,0.8,0,0,0,1,17,normal,false,5,9,310,2570,0,0,0,false,false,false,0,0,2880,30,0,
1724,ketoBig,11485,50,20,budget,0,94,false,6,2850,174,269,0,0.88,0.1,0.02,0,9,11,normal,false,5,26,0,6145,4620,720,0,true,false,true,0,0,11485,50,0,
1725,ketoBig,21483,58,28,budget,2,100,true,6,3220,218,350,0.1206896551724138,0.5689655172413793,0.1206896551724138,0.017241379310344827,0.1724137931034483,12,3,normal,false,4,31,458,8195,2490,2520,7820,false,true,true,5490,10,15993,48,2,2|3
1726,ketoBig,18400,58,28,budget,2,100,true,11,3380,188,263,0,0.7068965517241379,0.08620689655172414,0.034482758620689655,0.1724137931034483,10,12,normal,false,7,29,30,7815,1260,1395,7900,false,false,false,7280,10,11120,48,2,2|5
1727,ketoBig,18023,75,45,budget,1,100,true,6,2580,220,310,0.02666666666666667,0.6,0.18666666666666668,0.12,0.06666666666666667,20,4,normal,false,6,41,433,4380,3980,6270,2960,false,true,false,2730,5,15293,70,1,2
1728,ketoBig,4190,30,0,budget,0,64,false,6,1080,78,117,0,1,0,0,0,0,-1,normal,false,5,8,0,4190,0,0,0,false,false,false,0,0,4190,30,0,
1729,ketoBig,6785,42,12,budget,0,85,true,4,485,136,201,0.023809523809523808,0.9047619047619048,0.07142857142857142,0,0,6,2,normal,false,4,21,150,5675,690,270,0,false,false,false,0,0,6785,42,0,
1730,ketoBig,4025,24,0,lock,0,67,false,5,1415,69,115,0,1,0,0,0,0,-1,normal,false,7,4,0,4025,0,0,0,false,false,false,0,0,4025,24,0,
1731,ketoBig,2598,30,0,budget,0,54,true,3,255,61,106,0.2,0.8,0,0,0,3,10,crash,false,7,10,173,2425,0,0,0,false,false,false,0,0,2598,30,0,
1732,ketoBig,22965,81,51,budget,3,100,false,5,3580,267,350,0,0.5432098765432098,0.18518518518518517,0.08641975308641975,0.18518518518518517,17,2,normal,false,6,42,0,5355,7880,1530,8200,false,true,false,7090,15,15875,66,3,3|8|6
1733,ketoBig,2248,30,0,budget,0,50,true,3,330,56,94,0.26666666666666666,0.7333333333333333,0,0,0,5,7,crash,false,4,10,158,2090,0,0,0,false,false,false,0,0,2248,30,0,
1734,ketoBig,21743,91,61,budget,1,100,true,5,2610,255,388,0.02197802197802198,0.6153846153846154,0.1978021978021978,0.10989010989010989,0.054945054945054944,26,2,normal,false,9,48,68,5630,5910,6795,3340,false,true,false,3250,5,18493,86,1,5
1735,ketoBig,6105,36,6,budget,0,80,true,5,1055,107,162,0.027777777777777776,0.9722222222222222,0,0,0,4,2,normal,false,3,18,170,5335,600,0,0,false,false,true,0,0,6105,36,0,
1736,ketoBig,8290,41,11,budget,1,100,true,5,1080,123,191,0.024390243902439025,0.7804878048780488,0.04878048780487805,0.024390243902439025,0.12195121951219512,4,20,crash,false,5,19,90,5020,1110,90,1980,false,false,true,1950,5,6340,36,1,3
1737,ketoBig,3680,25,0,lock,0,69,true,4,710,75,124,0.24,0.76,0,0,0,3,16,crash,false,5,12,740,2940,0,0,0,false,false,false,0,0,3680,25,0,
1738,ketoBig,8102,42,12,budget,0,94,true,5,1055,121,253,0.14285714285714285,0.6666666666666666,0.16666666666666666,0.023809523809523808,0,9,2,normal,false,4,27,1262,4635,1260,945,0,true,false,false,0,0,8102,42,0,
1739,ketoBig,5206,42,12,budget,0,96,true,4,1005,103,153,0.16666666666666666,0.6666666666666666,0.14285714285714285,0.023809523809523808,0,9,3,normal,false,7,21,361,2800,770,1275,0,true,true,true,0,0,5206,42,0,
1740,ketoBig,25585,54,56,lock,4,100,false,7,3180,187,289,0,0.24074074074074073,0.3148148148148148,0.12962962962962962,0.3148148148148148,21,4,frenzy,false,5,36,0,2970,5370,9885,7360,false,true,false,7030,17,18555,37,4,6|4|6|5
1741,ketoBig,3344,30,0,budget,0,62,true,4,465,71,120,0.2,0.8,0,0,0,1,22,crash,false,6,10,359,2985,0,0,0,false,false,true,0,0,3344,30,0,
1742,ketoBig,2030,9,11,lock,1,100,false,2,540,30,25,0,0.2222222222222222,0,0.2222222222222222,0.5555555555555556,3,2,frenzy,false,3,5,0,260,480,330,960,false,true,true,1050,5,980,4,1,3
1743,ketoBig,3653,42,12,budget,0,90,true,3,390,82,136,0.2857142857142857,0.5952380952380952,0.11904761904761904,0,0,9,1,crash,false,6,20,528,2015,840,270,0,true,false,false,0,0,3653,42,0,
1744,ketoBig,10018,45,15,budget,1,100,true,7,1530,135,170,0.044444444444444446,0.6,0.17777777777777778,0.06666666666666667,0.1111111111111111,6,2,crash,false,5,21,158,5445,1430,405,2580,false,true,false,2430,5,7588,40,1,3
1745,ketoBig,5130,48,18,budget,0,91,true,3,545,111,150,0.041666666666666664,0.8125,0.125,0.020833333333333332,0,11,2,normal,false,4,23,30,3705,1260,135,0,true,false,true,0,0,5130,48,0,
1746,ketoBig,19919,66,36,budget,2,100,true,6,4860,178,272,0.09090909090909091,0.48484848484848486,0.24242424242424243,0.030303030303030304,0.15151515151515152,17,1,normal,false,5,29,404,3465,3160,930,11960,false,true,true,11230,10,8689,56,2,6|2
1747,ketoBig,8824,47,17,budget,1,100,true,4,1020,139,204,0.1276595744680851,0.6170212765957447,0.10638297872340426,0.0425531914893617,0.10638297872340426,8,7,crash,false,11,23,479,3505,2100,780,1960,false,true,false,1960,5,6864,42,1,2
1748,ketoBig,8820,42,12,budget,0,88,true,7,3720,115,196,0.09523809523809523,0.7857142857142857,0.09523809523809523,0.023809523809523808,0,9,1,normal,false,5,20,130,3875,4590,225,0,false,false,false,0,0,8820,42,0,
1749,ketoBig,9224,47,17,budget,1,100,true,4,1620,118,211,0.19148936170212766,0.574468085106383,0.10638297872340426,0.02127659574468085,0.10638297872340426,9,2,normal,false,5,18,454,4425,520,1005,2820,false,false,false,1440,5,7784,42,1,4
1750,ketoBig,6080,42,12,budget,0,92,true,4,870,108,159,0,0.8095238095238095,0.16666666666666666,0.023809523809523808,0,6,5,normal,false,7,19,30,3800,1260,990,0,true,false,false,0,0,6080,42,0,
1751,ketoBig,14875,65,35,budget,1,100,false,4,2520,171,249,0,0.7076923076923077,0.13846153846153847,0.07692307692307693,0.07692307692307693,15,3,normal,false,4,37,0,4980,3250,1845,4800,false,true,true,2970,5,11905,60,1,3
1752,ketoBig,11753,51,21,budget,1,100,true,5,2250,129,206,0.13725490196078433,0.5490196078431373,0.17647058823529413,0.0392156862745098,0.09803921568627451,10,2,crash,false,12,23,153,3750,1460,2730,3660,false,false,false,3450,5,8303,46,1,3
1753,ketoBig,3155,30,0,budget,0,54,true,4,850,67,112,0.03333333333333333,0.9666666666666667,0,0,0,1,10,normal,false,6,9,15,3140,0,0,0,false,false,true,0,0,3155,30,0,
1754,ketoBig,3705,32,2,budget,0,84,true,4,450,93,128,0.0625,0.875,0.0625,0,0,2,26,normal,false,6,13,365,3010,330,0,0,false,false,true,0,0,3705,32,0,
1755,ketoBig,11030,50,20,budget,2,100,true,5,1080,139,177,0.04,0.56,0.14,0.06,0.2,7,8,crash,false,5,26,30,3400,1040,540,6020,false,true,false,4880,10,6150,40,2,5|5
1756,ketoBig,4065,36,6,budget,0,80,true,5,600,86,144,0.2222222222222222,0.75,0.027777777777777776,0,0,4,3,normal,false,5,15,610,2735,720,0,0,false,false,true,0,0,4065,36,0,
1757,ketoBig,10725,68,38,budget,0,97,true,4,1500,186,237,0.014705882352941176,0.7352941176470589,0.16176470588235295,0.08823529411764706,0,18,1,normal,false,6,32,15,4665,3210,2835,0,true,true,false,0,0,10725,68,0,
1758,ketoBig,7881,40,10,budget,0,92,true,5,1110,124,219,0.15,0.75,0.075,0.025,0,8,2,normal,false,6,18,821,4165,1860,1035,0,true,false,true,0,0,7881,40,0,
1759,ketoBig,3913,32,2,budget,0,74,true,4,495,88,134,0.1875,0.78125,0.03125,0,0,5,5,normal,false,4,14,258,3475,180,0,0,false,false,true,0,0,3913,32,0,
1760,ketoBig,6361,51,21,budget,1,100,true,3,565,133,180,0.11764705882352941,0.6470588235294118,0.09803921568627451,0.0392156862745098,0.09803921568627451,12,3,crash,false,5,24,296,3470,750,705,1140,false,false,false,1350,5,5011,46,1,3
1761,ketoBig,3192,34,4,budget,0,73,true,4,735,71,129,0.47058823529411764,0.47058823529411764,0.058823529411764705,0,0,4,2,crash,false,5,17,592,2300,300,0,0,false,false,true,0,0,3192,34,0,
1762,ketoBig,23634,97,67,budget,3,100,true,6,2280,274,372,0.05154639175257732,0.4948453608247423,0.24742268041237114,0.05154639175257732,0.15463917525773196,28,12,normal,false,7,58,184,5230,9030,1830,7360,false,false,false,6220,15,17414,82,3,4|5|6
1763,ketoBig,9990,49,19,budget,1,100,false,5,1500,148,208,0,0.7551020408163265,0.12244897959183673,0.02040816326530612,0.10204081632653061,7,8,normal,false,7,22,0,4930,660,2520,1880,false,false,false,2210,5,7780,44,1,2
1764,ketoBig,4183,32,2,budget,0,79,true,5,590,88,137,0.125,0.84375,0.03125,0,0,2,12,crash,false,7,11,178,3915,90,0,0,false,false,false,0,0,4183,32,0,
1765,ketoBig,4702,32,2,budget,0,78,true,4,1280,85,179,0.4375,0.5625,0,0,0,4,5,normal,false,8,14,1042,2460,1200,0,0,false,false,true,0,0,4702,32,0,
1766,ketoBig,14245,69,39,budget,1,100,true,5,1920,203,287,0,0.6956521739130435,0.17391304347826086,0.057971014492753624,0.07246376811594203,15,1,normal,false,6,32,30,7130,3620,1485,1980,false,false,false,1950,5,12295,64,1,3
1767,ketoBig,5814,36,6,budget,0,96,true,5,705,98,159,0.25,0.6666666666666666,0.08333333333333333,0,0,6,6,crash,false,6,16,354,4170,390,900,0,true,true,false,0,0,5814,36,0,
1768,ketoBig,3359,34,4,budget,0,74,true,3,740,75,133,0.35294117647058826,0.6176470588235294,0.029411764705882353,0,0,4,2,crash,false,7,11,539,2190,630,0,0,false,false,false,0,0,3359,34,0,
1769,ketoBig,2725,30,0,budget,0,65,true,4,475,74,107,0.23333333333333334,0.7666666666666667,0,0,0,4,12,normal,false,4,10,510,2215,0,0,0,false,false,false,0,0,2725,30,0,
1770,ketoBig,17085,66,36,budget,2,100,false,5,1440,227,283,0,0.6060606060606061,0.19696969696969696,0.045454545454545456,0.15151515151515152,15,2,normal,false,4,38,0,5390,4910,465,6320,false,true,false,5950,10,11135,56,2,4|5
1771,ketoBig,5985,37,7,budget,1,100,true,5,1080,98,158,0.40540540540540543,0.40540540540540543,0.05405405405405406,0,0.13513513513513514,3,1,normal,false,8,13,780,2415,630,0,2160,false,false,true,2460,5,3525,32,1,2
1772,ketoBig,8443,55,25,budget,1,100,true,4,870,150,224,0.07272727272727272,0.6545454545454545,0.16363636363636364,0.01818181818181818,0.09090909090909091,13,1,normal,false,8,29,398,4055,2280,90,1620,false,false,false,1590,5,6853,50,1,3
1773,ketoBig,3730,30,0,budget,0,64,true,4,575,81,123,0.06666666666666667,0.9333333333333333,0,0,0,2,11,normal,false,3,12,225,3505,0,0,0,false,false,false,0,0,3730,30,0,
1774,ketoBig,17850,77,47,budget,3,100,true,6,2280,217,318,0.025974025974025976,0.6363636363636364,0.1038961038961039,0.03896103896103896,0.19480519480519481,19,12,normal,false,6,46,165,6825,1500,2220,7140,false,true,true,4560,15,13290,62,3,3|3|2
1775,ketoBig,12025,57,27,budget,1,100,true,6,3250,147,228,0.10526315789473684,0.6491228070175439,0.10526315789473684,0.05263157894736842,0.08771929824561403,13,1,crash,false,6,30,150,3445,2730,3300,2400,false,true,false,2370,5,9655,52,1,2
1776,ketoBig,7636,38,8,budget,0,80,true,5,1640,122,186,0.23684210526315788,0.7368421052631579,0.02631578947368421,0,0,6,16,normal,false,4,20,716,4150,2770,0,0,false,false,false,0,0,7636,38,0,
1777,ketoBig,3630,32,2,budget,0,75,true,4,510,81,118,0.03125,0.9375,0.03125,0,0,1,3,crash,false,3,15,120,3330,180,0,0,false,false,true,0,0,3630,32,0,
1778,ketoBig,9575,47,17,budget,1,100,true,4,1420,133,178,0.02127659574468085,0.6595744680851063,0.1702127659574468,0.0425531914893617,0.10638297872340426,7,2,normal,false,10,14,45,3595,1900,3195,840,false,true,true,690,5,8885,42,1,2
1779,ketoBig,3555,32,2,budget,0,73,false,4,720,68,106,0,0.96875,0.03125,0,0,1,2,normal,false,5,12,0,3435,120,0,0,false,false,true,0,0,3555,32,0,
1780,ketoBig,4031,32,2,budget,0,82,true,4,1050,77,134,0.21875,0.78125,0,0,0,2,7,normal,false,6,11,491,2520,1020,0,0,false,false,false,0,0,4031,32,0,
1781,ketoBig,21575,91,61,budget,1,100,true,5,2460,272,430,0.07692307692307693,0.5384615384615384,0.2857142857142857,0.04395604395604396,0.054945054945054944,28,1,normal,false,4,58,1170,5540,8610,4935,1320,false,false,true,1230,5,20345,86,1,5
1782,ketoBig,4758,30,0,budget,0,62,true,4,570,94,156,0.16666666666666666,0.8333333333333334,0,0,0,1,15,crash,false,8,12,453,4305,0,0,0,false,false,true,0,0,4758,30,0,
1783,ketoBig,4500,34,4,budget,0,80,true,3,435,89,142,0.058823529411764705,0.9411764705882353,0,0,0,4,2,normal,false,5,12,60,3990,450,0,0,false,false,false,0,0,4500,34,0,
1784,ketoBig,4758,32,2,budget,0,78,true,8,1935,75,127,0.0625,0.90625,0.03125,0,0,1,16,crash,false,5,11,23,4435,300,0,0,false,false,false,0,0,4758,32,0,
1785,ketoBig,4173,30,0,budget,0,63,true,4,455,88,148,0.13333333333333333,0.8666666666666667,0,0,0,2,8,normal,false,4,15,253,3920,0,0,0,false,false,true,0,0,4173,30,0,
1786,ketoBig,3446,30,0,budget,0,67,true,4,435,87,125,0.2,0.8,0,0,0,2,19,normal,false,7,8,421,3025,0,0,0,false,false,false,0,0,3446,30,0,
1787,ketoBig,2765,30,0,budget,0,66,true,4,585,69,87,0.03333333333333333,0.9666666666666667,0,0,0,1,21,normal,false,6,10,15,2750,0,0,0,false,false,false,0,0,2765,30,0,
1788,ketoBig,8021,53,23,budget,1,100,true,4,975,128,176,0.07547169811320754,0.6037735849056604,0.18867924528301888,0.03773584905660377,0.09433962264150944,12,2,normal,false,8,24,431,2915,1300,1935,1440,false,true,false,1210,5,6811,48,1,4
1789,ketoBig,3768,34,4,budget,0,79,true,4,375,80,129,0.17647058823529413,0.7647058823529411,0.058823529411764705,0,0,6,2,normal,false,3,20,203,3295,270,0,0,false,false,true,0,0,3768,34,0,
1790,ketoBig,4465,39,9,budget,1,100,true,3,540,93,121,0.1282051282051282,0.6410256410256411,0.05128205128205128,0.05128205128205128,0.1282051282051282,5,1,normal,false,12,16,165,2720,170,210,1200,false,true,false,1200,5,3265,34,1,4
1791,ketoBig,5680,30,0,budget,0,62,true,5,795,103,164,0,1,0,0,0,0,-1,normal,false,4,13,180,5500,0,0,0,false,false,false,0,0,5680,30,0,
1792,ketoBig,2888,34,4,budget,0,89,true,3,270,73,111,0.14705882352941177,0.7941176470588235,0.029411764705882353,0.029411764705882353,0,6,3,normal,false,4,15,393,2165,60,270,0,false,false,true,0,0,2888,34,0,
1793,ketoBig,3850,34,4,budget,0,89,false,3,555,97,130,0,0.9705882352941176,0.029411764705882353,0,0,1,2,normal,false,11,9,0,3205,240,405,0,false,false,false,0,0,3850,34,0,
1794,ketoBig,18957,60,30,budget,2,100,true,6,4020,180,274,0.15,0.4666666666666667,0.18333333333333332,0.03333333333333333,0.16666666666666666,13,5,crash,false,8,28,212,4290,3970,4605,5880,false,true,false,5385,10,13572,50,2,3|3
1795,ketoBig,8549,46,16,budget,2,100,true,3,1040,119,176,0.17391304347826086,0.5217391304347826,0.08695652173913043,0,0.21739130434782608,5,2,normal,false,8,16,499,2100,990,180,4780,false,false,true,4320,10,4229,36,2,2|3
1796,ketoBig,12762,48,18,budget,0,94,true,7,1690,176,306,0.10416666666666667,0.75,0.125,0.020833333333333332,0,11,2,normal,false,8,27,1227,8175,1920,1440,0,true,false,false,0,0,12762,48,0,
1797,ketoBig,20040,72,42,budget,2,100,true,5,2410,206,276,0.013888888888888888,0.4166666666666667,0.2777777777777778,0.1527777777777778,0.1388888888888889,18,2,normal,false,7,35,15,2520,5270,5955,6280,false,true,false,5200,10,14840,62,2,7|2
1798,ketoBig,3009,34,4,budget,0,80,true,4,435,73,102,0.23529411764705882,0.7647058823529411,0,0,0,5,4,normal,false,7,10,314,2275,420,0,0,false,false,false,0,0,3009,34,0,
1799,ketoBig,37194,131,101,budget,3,100,true,6,2785,361,537,0.061068702290076333,0.4732824427480916,0.2595419847328244,0.0916030534351145,0.11450381679389313,43,3,crash,false,5,74,279,6390,11840,8265,10420,false,true,false,10000,15,27194,116,3,3|6|3
1800,ketoBig,3558,30,0,budget,0,66,true,4,435,73,117,0.13333333333333333,0.8666666666666667,0,0,0,1,13,crash,false,3,13,173,3385,0,0,0,false,false,false,0,0,3558,30,0,
1801,ketoBig,22367,59,29,budget,3,100,true,5,4200,201,285,0.11864406779661017,0.4406779661016949,0.13559322033898305,0.05084745762711865,0.2542372881355932,12,2,normal,false,8,29,1102,2690,1530,2265,14780,false,true,true,11420,15,10947,44,3,4|3|4
1802,ketoBig,2700,32,2,budget,0,77,true,4,420,74,97,0.03125,0.9375,0.03125,0,0,2,4,normal,false,4,12,30,2580,90,0,0,false,false,false,0,0,2700,32,0,
1803,ketoBig,4381,34,4,budget,0,76,true,4,675,97,164,0.29411764705882354,0.7058823529411765,0,0,0,4,2,crash,false,7,14,636,3565,180,0,0,false,false,true,0,0,4381,34,0,
1804,ketoBig,8595,39,32,lock,2,100,false,3,1080,86,137,0,0.48717948717948717,0.20512820512820512,0.05128205128205128,0.2564102564102564,12,10,normal,false,9,24,0,1270,1710,675,4940,false,false,false,3650,10,4945,29,2,4|3
1805,ketoBig,23985,87,57,budget,3,100,true,5,3030,257,385,0.011494252873563218,0.5402298850574713,0.20689655172413793,0.06896551724137931,0.1724137931034483,25,2,normal,false,4,49,315,5670,6120,3000,8880,false,true,true,8550,15,15435,72,3,4|4|6
1806,ketoBig,2280,30,0,budget,0,51,true,3,365,57,104,0.13333333333333333,0.8666666666666667,0,0,0,2,8,crash,false,4,11,90,2190,0,0,0,false,false,false,0,0,2280,30,0,
1807,ketoBig,3806,34,4,budget,0,83,true,5,1235,74,133,0.17647058823529413,0.7647058823529411,0.058823529411764705,0,0,3,2,crash,false,5,18,136,3490,180,0,0,false,false,false,0,0,3806,34,0,
1808,ketoBig,16230,73,43,budget,1,100,true,5,2940,207,314,0.0136986301369863,0.684931506849315,0.1643835616438356,0.0684931506849315,0.0684931506849315,18,2,crash,false,7,33,30,5760,4920,1260,4260,false,false,false,1410,5,14820,68,1,5
1809,ketoBig,2185,30,0,budget,0,55,true,3,285,61,120,0.4666666666666667,0.5333333333333333,0,0,0,1,15,crash,false,7,8,670,1515,0,0,0,false,false,false,0,0,2185,30,0,
1810,ketoBig,4397,32,2,budget,0,73,true,5,1035,74,141,0.3125,0.65625,0.03125,0,0,4,2,crash,false,3,15,712,3505,180,0,0,false,false,false,0,0,4397,32,0,
1811,ketoBig,3209,30,0,budget,0,50,true,6,570,70,136,0.5333333333333333,0.4666666666666667,0,0,0,5,8,crash,false,7,9,1214,1995,0,0,0,false,false,false,0,0,3209,30,0,
1812,ketoBig,15480,61,31,budget,3,100,true,5,1880,185,232,0.04918032786885246,0.5081967213114754,0.14754098360655737,0.04918032786885246,0.2459016393442623,13,5,normal,false,9,25,105,3925,2670,300,8480,false,false,false,7880,15,7600,46,3,4|3|3
1813,ketoBig,2020,30,0,budget,0,68,true,4,345,59,83,0.16666666666666666,0.8333333333333334,0,0,0,4,19,normal,false,4,13,140,1880,0,0,0,false,false,false,0,0,2020,30,0,
1814,ketoBig,3605,38,8,budget,0,80,true,3,360,83,129,0.21052631578947367,0.7368421052631579,0.05263157894736842,0,0,8,1,crash,false,4,17,245,3030,330,0,0,false,false,false,0,0,3605,38,0,
1815,ketoBig,11035,43,13,budget,1,100,true,7,5580,122,174,0.023255813953488372,0.6976744186046512,0.13953488372093023,0.023255813953488372,0.11627906976744186,6,2,normal,false,4,20,90,3595,560,90,6700,false,false,true,6630,5,4405,38,1,3
1816,ketoBig,12655,43,13,budget,1,100,true,10,3915,151,215,0.11627906976744186,0.7209302325581395,0.023255813953488372,0.023255813953488372,0.11627906976744186,7,1,normal,false,3,23,325,8280,2580,90,1380,false,false,false,1350,5,11305,38,1,2
1817,ketoBig,5270,32,2,budget,0,83,false,4,825,95,157,0,0.9375,0.0625,0,0,1,8,normal,false,5,16,0,4910,360,0,0,false,false,false,0,0,5270,32,0,
1818,ketoBig,2765,30,0,budget,0,65,true,3,315,67,107,0.2,0.8,0,0,0,4,15,crash,false,3,14,320,2445,0,0,0,false,false,false,0,0,2765,30,0,
1819,ketoBig,2976,30,0,budget,0,62,true,4,370,73,126,0.26666666666666666,0.7333333333333333,0,0,0,2,15,normal,false,6,10,726,2250,0,0,0,false,false,false,0,0,2976,30,0,
1820,ketoBig,3425,32,2,budget,0,79,true,4,435,76,119,0.09375,0.875,0.03125,0,0,3,7,crash,false,6,12,30,3275,120,0,0,false,false,false,0,0,3425,32,0,
1821,ketoBig,7925,46,16,budget,0,94,true,6,1615,132,201,0.021739130434782608,0.8478260869565217,0.10869565217391304,0.021739130434782608,0,8,5,normal,false,3,23,215,5610,630,1470,0,true,false,false,0,0,7925,46,0,
1822,ketoBig,21185,108,78,budget,2,100,true,4,1200,309,392,0.018518518518518517,0.5277777777777778,0.2222222222222222,0.1388888888888889,0.09259259259259259,33,2,normal,false,4,70,80,5445,7000,5220,3440,false,true,false,2950,10,18235,98,2,6|5
1823,ketoBig,3088,30,0,budget,0,62,true,3,560,61,139,0.3,0.7,0,0,0,3,15,crash,false,6,12,493,2595,0,0,0,false,false,false,0,0,3088,30,0,
1824,ketoBig,8410,46,16,budget,0,86,true,6,990,142,227,0.10869565217391304,0.7608695652173914,0.13043478260869565,0,0,10,2,normal,false,5,24,135,6145,1860,270,0,false,false,true,0,0,8410,46,0,
1825,ketoBig,24040,113,83,budget,3,100,false,5,1800,297,393,0,0.5663716814159292,0.26548672566371684,0.035398230088495575,0.13274336283185842,32,1,normal,false,5,60,0,5305,7910,5265,5560,false,true,false,6720,15,17320,98,2,4|2
1826,ketoBig,2638,30,0,budget,0,66,true,4,408,69,115,0.3,0.7,0,0,0,4,13,crash,false,3,15,508,2130,0,0,0,false,false,false,0,0,2638,30,0,
1827,ketoBig,4095,30,0,budget,0,62,true,4,510,75,147,0.43333333333333335,0.5666666666666667,0,0,0,4,7,normal,false,5,14,790,3305,0,0,0,false,false,true,0,0,4095,30,0,
1828,ketoBig,16453,59,29,budget,1,100,true,5,2670,215,305,0.01694915254237288,0.7796610169491526,0.0847457627118644,0.03389830508474576,0.0847457627118644,13,1,normal,false,3,39,233,7605,2100,1035,5480,false,true,true,3830,5,12623,54,0,
1829,ketoBig,3885,32,2,budget,0,72,false,4,410,88,121,0,0.96875,0.03125,0,0,1,10,normal,false,6,11,0,3735,150,0,0,false,false,false,0,0,3885,32,0,
1830,ketoBig,6575,34,4,budget,0,80,true,7,1830,114,192,0.11764705882352941,0.8235294117647058,0.058823529411764705,0,0,6,4,normal,false,3,20,335,5970,270,0,0,false,false,true,0,0,6575,34,0,
1831,ketoBig,15203,67,37,budget,3,100,true,4,1770,186,255,0.04477611940298507,0.5373134328358209,0.16417910447761194,0.029850746268656716,0.22388059701492538,14,3,normal,false,6,31,188,3530,3730,2355,5400,false,true,false,6870,15,8333,52,2,3|2
1832,ketoBig,2521,32,2,budget,0,75,true,3,360,73,98,0.21875,0.75,0.03125,0,0,3,6,normal,false,5,12,251,2060,210,0,0,false,false,false,0,0,2521,32,0,
1833,ketoBig,30053,83,53,budget,3,100,true,5,2060,250,400,0.060240963855421686,0.5060240963855421,0.20481927710843373,0.04819277108433735,0.18072289156626506,21,2,normal,false,6,44,308,4210,6220,3435,15880,false,false,true,12160,15,17893,68,3,2|2|4
1834,ketoBig,8575,15,16,lock,2,100,false,5,2340,60,49,0,0.06666666666666667,0.2,0.06666666666666667,0.6666666666666666,5,2,frenzy,false,2,9,0,60,280,1515,6720,false,true,true,6790,10,1785,5,2,3|3
1835,ketoBig,12030,61,31,budget,1,100,false,5,1260,170,230,0,0.7377049180327869,0.14754098360655737,0.03278688524590164,0.08196721311475409,14,7,normal,false,8,33,0,4695,3180,1215,2940,false,true,false,2910,5,9120,56,1,4
1836,ketoBig,16895,73,43,budget,3,100,true,6,1260,204,285,0.1095890410958904,0.4383561643835616,0.1917808219178082,0.0547945205479452,0.2054794520547945,17,4,normal,false,6,34,800,5260,2050,3105,5680,false,true,false,4440,15,12455,58,3,4|6|4
1837,ketoBig,17770,62,32,budget,2,100,true,9,3200,194,267,0.03225806451612903,0.6129032258064516,0.16129032258064516,0.03225806451612903,0.16129032258064516,13,14,normal,false,6,31,150,6890,2780,3870,4080,false,true,false,2940,10,14830,52,2,6|7
1838,ketoBig,4690,34,4,budget,0,82,true,5,660,97,135,0.08823529411764706,0.8235294117647058,0.08823529411764706,0,0,5,2,normal,false,4,15,205,3615,870,0,0,false,false,false,0,0,4690,34,0,
1839,ketoBig,3030,20,6,lock,0,84,false,5,1390,48,63,0,0.85,0.15,0,0,3,7,normal,false,3,9,0,1410,1620,0,0,false,false,false,0,0,3030,20,0,
1840,ketoBig,16520,56,26,budget,2,100,true,5,3780,154,214,0.125,0.44642857142857145,0.17857142857142858,0.07142857142857142,0.17857142857142858,8,2,crash,false,7,20,345,2960,2530,1665,9020,false,true,false,8600,10,7920,46,2,3|6
1841,ketoBig,16040,43,13,budget,1,100,true,6,4620,166,226,0.046511627906976744,0.7441860465116279,0.06976744186046512,0.023255813953488372,0.11627906976744186,5,2,normal,false,7,19,30,5160,1900,90,8860,false,false,false,8310,5,7730,38,1,2
1842,ketoBig,14049,62,32,budget,2,100,true,4,2160,173,253,0.11290322580645161,0.5,0.1774193548387097,0.04838709677419355,0.16129032258064516,13,2,normal,false,6,29,399,3890,1930,2430,5400,false,true,true,5630,10,8419,52,1,6
1843,ketoBig,3455,30,0,budget,0,62,false,4,375,86,117,0,1,0,0,0,0,-1,normal,false,5,12,0,3455,0,0,0,false,false,false,0,0,3455,30,0,
1844,ketoBig,3129,30,0,budget,0,57,true,5,735,65,117,0.36666666666666664,0.6333333333333333,0,0,0,5,12,crash,false,6,14,744,2385,0,0,0,false,false,true,0,0,3129,30,0,
1845,ketoBig,17103,62,51,lock,3,100,true,5,2760,191,257,0.04838709677419355,0.41935483870967744,0.22580645161290322,0.06451612903225806,0.24193548387096775,18,2,crash,false,9,36,98,2255,4830,1140,8780,false,true,false,8070,15,9033,47,3,4|2|3
1846,ketoBig,2891,18,6,lock,0,80,true,4,630,49,80,0.2777777777777778,0.6666666666666666,0.05555555555555555,0,0,4,1,normal,false,3,11,111,2360,420,0,0,false,false,true,0,0,2891,18,0,
1847,ketoBig,14042,56,26,budget,2,100,true,4,1920,153,255,0.17857142857142858,0.42857142857142855,0.17857142857142858,0.03571428571428571,0.17857142857142858,12,1,normal,false,7,29,447,2565,2900,3330,4800,false,false,false,4470,10,9572,46,2,10|3
1848,ketoBig,8525,43,13,budget,1,100,true,5,1120,141,199,0.023255813953488372,0.7906976744186046,0.06976744186046512,0,0.11627906976744186,5,12,normal,false,3,21,15,5930,1620,0,960,false,false,false,1160,5,7365,38,0,
1849,ketoBig,4603,42,12,budget,0,98,true,4,435,94,151,0.19047619047619047,0.5952380952380952,0.14285714285714285,0.07142857142857142,0,8,2,crash,false,6,20,333,3385,480,405,0,true,true,false,0,0,4603,42,0,
1850,ketoBig,2950,36,6,budget,0,84,true,4,450,69,101,0.08333333333333333,0.7777777777777778,0.1388888888888889,0,0,4,2,crash,false,5,17,70,2460,420,0,0,false,false,false,0,0,2950,36,0,
1851,ketoBig,3820,32,2,budget,0,73,false,3,320,83,133,0,0.96875,0.03125,0,0,1,2,normal,false,7,11,0,3670,150,0,0,false,false,false,0,0,3820,32,0,
1852,ketoBig,1864,30,0,budget,0,57,true,3,255,51,92,0.5333333333333333,0.4666666666666667,0,0,0,6,17,crash,false,4,14,484,1380,0,0,0,false,false,false,0,0,1864,30,0,
1853,ketoBig,2029,30,0,budget,0,69,true,4,315,57,105,0.4,0.6,0,0,0,3,11,crash,false,5,11,644,1385,0,0,0,false,false,false,0,0,2029,30,0,
1854,ketoBig,13040,67,37,budget,1,100,true,6,1560,175,258,0.014925373134328358,0.6716417910447762,0.22388059701492538,0.014925373134328358,0.07462686567164178,16,2,normal,false,8,31,15,5610,3950,765,2700,false,false,true,2980,5,10060,62,1,4
1855,ketoBig,1665,13,0,lock,0,67,false,3,480,33,55,0,1,0,0,0,0,-1,normal,false,9,2,0,1665,0,0,0,false,false,false,0,0,1665,13,0,
1856,ketoBig,3505,30,0,budget,0,57,true,4,835,82,119,0.03333333333333333,0.9666666666666667,0,0,0,1,11,normal,false,8,10,15,3490,0,0,0,false,false,true,0,0,3505,30,0,
1857,ketoBig,37055,115,85,budget,3,100,true,6,2390,352,511,0.008695652173913044,0.5478260869565217,0.21739130434782608,0.09565217391304348,0.13043478260869565,32,3,normal,false,4,74,45,7760,9920,4590,14740,false,true,false,11275,15,25780,100,3,4|2|2
1858,ketoBig,2695,32,2,budget,0,83,true,3,200,73,112,0.15625,0.75,0.09375,0,0,4,2,normal,false,5,16,350,2105,240,0,0,false,false,true,0,0,2695,32,0,
1859,ketoBig,6136,48,18,budget,0,94,true,4,1095,112,176,0.1875,0.6666666666666666,0.10416666666666667,0.041666666666666664,0,7,2,crash,false,8,17,531,2800,1230,1575,0,true,false,false,0,0,6136,48,0,
1860,ketoBig,24760,99,69,budget,3,100,true,5,2640,304,426,0.030303030303030304,0.5656565656565656,0.20202020202020202,0.050505050505050504,0.15151515151515152,28,2,normal,false,10,64,230,6340,7610,2640,7940,false,true,false,6840,15,17920,84,3,4|2|5
1861,ketoBig,8780,47,17,budget,1,100,true,4,1620,136,167,0.02127659574468085,0.7446808510638298,0.10638297872340426,0.02127659574468085,0.10638297872340426,8,1,normal,false,18,15,45,3725,1590,300,3120,false,true,false,2700,5,6080,42,1,4
1862,ketoBig,4288,34,4,budget,0,91,true,4,735,81,128,0.11764705882352941,0.8529411764705882,0.029411764705882353,0,0,3,3,normal,false,6,13,178,3135,300,675,0,true,false,true,0,0,4288,34,0,
1863,ketoBig,3590,32,2,budget,0,71,true,4,510,78,117,0,1,0,0,0,1,22,normal,false,8,7,60,3350,180,0,0,false,false,false,0,0,3590,32,0,
1864,ketoBig,9055,47,17,budget,1,100,true,4,940,136,175,0,0.7659574468085106,0.10638297872340426,0.02127659574468085,0.10638297872340426,6,10,normal,false,7,22,105,3930,840,900,3280,false,false,false,2890,5,6165,42,1,3
1865,ketoBig,5285,34,4,budget,0,99,false,6,1525,100,143,0,0.8823529411764706,0.058823529411764705,0.058823529411764705,0,1,24,normal,false,6,11,0,4700,360,225,0,true,true,false,0,0,5285,34,0,
1866,ketoBig,4974,34,4,budget,0,84,true,6,1215,88,146,0.14705882352941177,0.8235294117647058,0.029411764705882353,0,0,3,2,normal,false,9,14,234,4200,540,0,0,false,false,false,0,0,4974,34,0,
1867,ketoBig,7880,45,15,budget,1,100,true,7,2340,114,179,0.022222222222222223,0.6888888888888889,0.15555555555555556,0.022222222222222223,0.1111111111111111,7,3,normal,false,7,23,105,5025,1320,90,1340,false,false,true,1110,5,6770,40,1,3
1868,ketoBig,22013,75,45,budget,3,100,true,5,3690,237,349,0.09333333333333334,0.5466666666666666,0.13333333333333333,0.02666666666666667,0.2,19,1,normal,false,6,39,603,5390,3140,2700,10180,false,false,false,10080,15,11933,60,3,2|3|3
1869,ketoBig,3519,30,0,budget,0,59,true,4,585,73,121,0.16666666666666666,0.8333333333333334,0,0,0,4,6,normal,false,10,10,264,3255,0,0,0,false,false,false,0,0,3519,30,0,
1870,ketoBig,22786,66,36,budget,2,100,true,7,3280,184,282,0.15151515151515152,0.3939393939393939,0.19696969696969696,0.10606060606060606,0.15151515151515152,19,1,crash,false,8,32,511,4245,2040,5370,10620,false,true,false,7520,10,15266,56,2,13|2
1871,ketoBig,23585,61,31,budget,3,100,true,6,4900,222,301,0.04918032786885246,0.5081967213114754,0.18032786885245902,0.01639344262295082,0.2459016393442623,11,2,normal,false,5,32,130,5765,2220,4470,11000,false,false,false,9610,15,13975,46,3,3|4|3
1872,ketoBig,3495,36,6,budget,0,92,true,3,555,71,131,0.19444444444444445,0.7777777777777778,0.027777777777777776,0,0,3,1,crash,false,10,9,440,2260,390,405,0,true,false,true,0,0,3495,36,0,
1873,ketoBig,3189,32,2,budget,0,83,true,6,718,75,128,0.28125,0.65625,0.0625,0,0,2,2,normal,false,4,14,1014,1905,270,0,0,false,false,true,0,0,3189,32,0,
1874,ketoBig,4271,30,0,budget,0,53,true,5,800,87,152,0.23333333333333334,0.7666666666666667,0,0,0,3,8,normal,false,4,12,641,3630,0,0,0,false,false,false,0,0,4271,30,0,
1875,ketoBig,2677,30,0,budget,0,67,true,3,405,67,119,0.4,0.6,0,0,0,3,16,crash,false,8,11,437,2240,0,0,0,false,false,false,0,0,2677,30,0,
1876,ketoBig,4809,38,8,budget,0,80,true,4,555,98,160,0.21052631578947367,0.7105263157894737,0.07894736842105263,0,0,4,2,crash,false,6,14,184,3845,780,0,0,false,false,false,0,0,4809,38,0,
1877,ketoBig,6075,36,6,budget,0,80,false,6,1125,105,157,0,0.9166666666666666,0.08333333333333333,0,0,3,2,normal,false,5,19,0,5115,960,0,0,false,false,true,0,0,6075,36,0,
1878,ketoBig,18198,66,36,budget,2,100,true,6,2340,227,311,0.09090909090909091,0.5303030303030303,0.15151515151515152,0.07575757575757576,0.15151515151515152,14,4,crash,false,5,33,628,6600,2340,2490,6140,false,true,false,5600,10,12598,56,2,5|4
1879,ketoBig,3603,30,0,budget,0,62,true,5,800,85,111,0.06666666666666667,0.9333333333333333,0,0,0,1,14,normal,false,7,11,103,3500,0,0,0,false,false,false,0,0,3603,30,0,
1880,ketoBig,7074,38,8,budget,0,97,true,5,1725,96,189,0.4473684210526316,0.39473684210526316,0.07894736842105263,0.07894736842105263,0,6,1,crash,false,6,17,904,1705,2170,2295,0,true,true,false,0,0,7074,38,0,
1881,ketoBig,17960,66,36,budget,2,100,true,5,2400,210,269,0.015151515151515152,0.6212121212121212,0.18181818181818182,0.030303030303030304,0.15151515151515152,15,2,normal,false,4,39,15,5835,3200,990,7920,false,true,false,7410,10,10550,56,2,3|3
1882,ketoBig,3595,30,0,budget,0,52,true,5,690,80,124,0.13333333333333333,0.8666666666666667,0,0,0,3,5,normal,false,2,17,275,3320,0,0,0,false,false,false,0,0,3595,30,0,
1883,ketoBig,9463,59,29,budget,1,100,true,4,1995,139,200,0.1694915254237288,0.5254237288135594,0.1694915254237288,0.05084745762711865,0.0847457627118644,16,2,crash,false,6,33,523,2665,1320,2475,2480,false,true,false,1730,5,7733,54,1,6
1884,ketoBig,4695,40,10,budget,0,83,false,3,510,104,140,0,0.9,0.1,0,0,5,2,normal,false,7,13,0,3105,1590,0,0,false,false,false,0,0,4695,40,0,
1885,ketoBig,12015,60,43,lock,1,100,false,5,1200,183,231,0,0.6,0.25,0.06666666666666667,0.08333333333333333,19,2,normal,false,5,34,0,5260,3560,1215,1980,false,false,false,1950,5,10065,55,1,3
1886,ketoBig,3888,36,6,budget,0,80,true,4,630,71,137,0.16666666666666666,0.7777777777777778,0.05555555555555555,0,0,5,2,normal,false,9,14,143,3205,540,0,0,false,false,false,0,0,3888,36,0,
1887,ketoBig,4495,30,0,budget,0,68,true,7,1680,79,105,0.06666666666666667,0.9333333333333333,0,0,0,1,9,normal,false,10,9,125,4370,0,0,0,false,false,true,0,0,4495,30,0,
1888,ketoBig,3527,36,6,budget,0,91,true,4,435,79,113,0.3333333333333333,0.6111111111111112,0.05555555555555555,0,0,6,8,normal,false,5,16,372,2645,240,270,0,true,false,false,0,0,3527,36,0,
1889,ketoBig,4325,27,0,lock,0,69,true,4,780,86,147,0.2222222222222222,0.7777777777777778,0,0,0,3,11,normal,false,3,14,520,3805,0,0,0,false,false,true,0,0,4325,27,0,
1890,ketoBig,2945,32,2,budget,0,79,true,4,480,69,117,0.1875,0.8125,0,0,0,3,14,normal,false,5,12,370,2395,180,0,0,false,false,false,0,0,2945,32,0,
1891,ketoBig,17700,79,49,budget,1,100,false,5,2160,254,344,0,0.6962025316455697,0.189873417721519,0.05063291139240506,0.06329113924050633,19,4,normal,false,5,47,0,7770,3930,2100,3900,false,true,true,3940,5,13760,74,1,10
1892,ketoBig,3136,32,2,budget,0,74,true,4,390,65,124,0.3125,0.65625,0.03125,0,0,4,6,crash,false,4,13,416,2630,90,0,0,false,false,true,0,0,3136,32,0,
1893,ketoBig,18625,69,39,budget,3,100,true,4,1740,221,301,0.014492753623188406,0.5362318840579711,0.17391304347826086,0.057971014492753624,0.21739130434782608,14,17,normal,false,5,36,15,6840,1990,2160,7620,false,true,true,7440,15,11185,54,3,4|3|7
1894,ketoBig,5505,34,4,budget,0,83,false,5,695,109,152,0,0.9705882352941176,0.029411764705882353,0,0,2,2,normal,false,4,17,0,4995,510,0,0,false,false,false,0,0,5505,34,0,
1895,ketoBig,21230,75,45,budget,5,100,false,4,2640,229,276,0,0.44,0.17333333333333334,0.05333333333333334,0.3333333333333333,14,1,normal,false,4,40,0,3765,2500,2145,12820,false,false,false,11220,25,10010,50,4,3|4|4|2
1896,ketoBig,2310,30,0,budget,0,62,true,3,285,60,102,0.1,0.9,0,0,0,3,11,normal,false,4,12,205,2105,0,0,0,false,false,true,0,0,2310,30,0,
1897,ketoBig,4180,32,2,budget,0,70,true,5,850,96,135,0.0625,0.9375,0,0,0,3,5,normal,false,5,13,255,3925,0,0,0,false,false,true,0,0,4180,32,0,
1898,ketoBig,2831,34,4,budget,0,81,true,4,435,79,126,0.4411764705882353,0.5,0.058823529411764705,0,0,5,2,normal,false,5,19,696,1725,410,0,0,false,false,false,0,0,2831,34,0,
1899,ketoBig,4175,34,4,budget,0,78,false,3,350,87,140,0,0.9705882352941176,0.029411764705882353,0,0,2,25,normal,false,6,13,0,3905,270,0,0,false,false,false,0,0,4175,34,0,
1900,ketoBig,13160,56,26,budget,2,100,false,5,1640,177,239,0,0.6785714285714286,0.125,0.017857142857142856,0.17857142857142858,9,3,normal,false,13,22,0,5340,3500,240,4080,false,true,false,3840,10,9320,46,2,3|2
1901,ketoBig,4100,36,6,budget,0,75,true,3,435,97,125,0.05555555555555555,0.8888888888888888,0.05555555555555555,0,0,5,2,normal,false,4,18,305,3165,630,0,0,false,false,false,0,0,4100,36,0,
1902,ketoBig,3973,30,0,budget,0,62,true,6,1200,81,134,0.16666666666666666,0.8333333333333334,0,0,0,2,13,normal,false,7,11,208,3765,0,0,0,false,false,false,0,0,3973,30,0,
1903,ketoBig,3820,32,2,budget,0,73,true,3,345,85,127,0.03125,0.9375,0.03125,0,0,2,2,normal,false,5,11,15,3625,180,0,0,false,false,true,0,0,3820,32,0,
1904,ketoBig,6243,38,8,budget,0,83,true,5,770,118,157,0.10526315789473684,0.7631578947368421,0.13157894736842105,0,0,6,2,normal,false,3,20,188,5095,960,0,0,false,false,false,0,0,6243,38,0,
1905,ketoBig,7336,41,11,budget,1,100,true,4,1640,113,153,0.21951219512195122,0.5609756097560976,0.04878048780487805,0.04878048780487805,0.12195121951219512,8,1,normal,false,9,19,776,2230,560,330,3440,false,false,false,2850,5,4486,36,1,4
1906,ketoBig,3393,30,0,budget,0,52,true,6,1065,81,146,0.36666666666666664,0.6333333333333333,0,0,0,2,5,crash,false,5,9,963,2430,0,0,0,false,false,true,0,0,3393,30,0,
1907,ketoBig,6510,45,15,budget,1,100,true,4,960,112,145,0.044444444444444446,0.7333333333333333,0.06666666666666667,0.044444444444444446,0.1111111111111111,7,6,crash,false,8,17,70,2955,1200,225,2060,false,false,false,2030,5,4480,40,1,5
1908,ketoBig,4220,32,2,budget,0,75,true,6,1100,83,126,0.125,0.875,0,0,0,2,13,normal,false,11,13,95,3945,180,0,0,false,false,false,0,0,4220,32,0,
1909,ketoBig,2898,32,2,budget,0,74,true,4,480,74,106,0.15625,0.84375,0,0,0,3,1,normal,false,9,9,203,2515,180,0,0,false,false,true,0,0,2898,32,0,
1910,ketoBig,10530,46,16,budget,2,100,false,4,1560,142,206,0,0.6304347826086957,0.10869565217391304,0.043478260869565216,0.21739130434782608,5,2,normal,false,5,23,0,3950,860,540,5180,false,false,true,4930,10,5600,36,2,4|3
1911,ketoBig,14400,71,41,budget,3,100,true,4,960,209,245,0.014084507042253521,0.5352112676056338,0.19718309859154928,0.04225352112676056,0.2112676056338028,15,1,normal,false,9,33,15,3700,4000,765,5920,false,true,true,5520,15,8880,56,3,4|3|4
1912,ketoBig,5630,30,0,budget,0,67,true,6,1095,95,140,0.03333333333333333,0.9666666666666667,0,0,0,1,13,normal,false,5,9,15,5615,0,0,0,false,false,false,0,0,5630,30,0,
1913,ketoBig,3823,30,0,budget,0,64,true,4,830,77,119,0.06666666666666667,0.9333333333333333,0,0,0,1,30,normal,false,8,11,48,3775,0,0,0,false,false,true,0,0,3823,30,0,
1914,ketoBig,8139,53,23,budget,1,100,true,4,1305,127,195,0.1509433962264151,0.5849056603773585,0.1320754716981132,0.03773584905660377,0.09433962264150944,13,1,crash,false,8,23,254,3720,1090,1935,1140,false,true,false,990,5,7149,48,1,5
1915,ketoBig,5355,30,0,budget,0,67,true,7,1450,98,151,0.06666666666666667,0.9333333333333333,0,0,0,1,29,crash,false,4,14,15,5340,0,0,0,false,false,false,0,0,5355,30,0,
1916,ketoBig,38405,123,93,budget,5,100,true,6,4140,338,518,0.04878048780487805,0.4065040650406504,0.2601626016260163,0.08130081300813008,0.2032520325203252,34,2,normal,false,7,72,535,5365,8740,4725,19040,false,true,true,12500,25,25905,98,5,4|2|2|5|3
1917,ketoBig,11285,52,22,budget,2,100,true,5,1260,142,187,0.057692307692307696,0.5,0.19230769230769232,0.057692307692307696,0.19230769230769232,11,5,normal,false,4,28,75,3875,2010,405,4920,false,true,false,4320,10,6965,42,2,7|5
1918,ketoBig,4125,30,0,budget,0,62,true,4,600,81,139,0.16666666666666666,0.8333333333333334,0,0,0,3,15,crash,false,4,12,210,3915,0,0,0,false,false,false,0,0,4125,30,0,
1919,ketoBig,3270,30,0,budget,0,64,true,5,465,67,118,0.16666666666666666,0.8333333333333334,0,0,0,2,20,crash,false,10,9,380,2890,0,0,0,false,false,false,0,0,3270,30,0,
1920,ketoBig,5427,34,4,budget,0,83,true,6,2250,81,139,0.3235294117647059,0.6470588235294118,0.029411764705882353,0,0,6,2,normal,false,3,17,387,2790,2250,0,0,false,false,false,0,0,5427,34,0,
1921,ketoBig,22903,77,47,budget,3,100,true,4,1820,227,304,0.05194805194805195,0.44155844155844154,0.23376623376623376,0.07792207792207792,0.19480519480519481,18,2,normal,false,6,37,353,3355,5250,4005,9940,false,true,false,8690,15,14213,62,2,4|7
1922,ketoBig,6003,32,2,budget,0,76,true,6,1635,96,158,0.09375,0.875,0.03125,0,0,1,2,crash,false,4,13,83,5710,210,0,0,false,false,false,0,0,6003,32,0,
1923,ketoBig,10210,31,26,lock,2,100,false,4,3000,90,103,0,0.3225806451612903,0.22580645161290322,0.12903225806451613,0.3225806451612903,10,1,normal,false,3,19,0,525,1590,1335,6760,false,true,false,3820,10,6390,21,2,3|4
1924,ketoBig,10468,53,23,budget,1,100,true,4,2140,151,217,0.09433962264150944,0.6981132075471698,0.11320754716981132,0,0.09433962264150944,11,14,normal,false,7,25,223,4405,2740,0,3100,false,false,false,3140,5,7328,48,1,2
1925,ketoBig,13685,77,47,budget,1,100,true,4,1920,194,266,0.012987012987012988,0.6493506493506493,0.24675324675324675,0.025974025974025976,0.06493506493506493,21,2,normal,false,6,39,15,5160,3570,720,4220,false,false,true,4340,5,9345,72,1,2
1926,ketoBig,3800,36,6,budget,0,84,false,4,600,90,117,0,0.8888888888888888,0.1111111111111111,0,0,3,4,normal,false,9,10,0,2930,870,0,0,false,false,false,0,0,3800,36,0,
1927,ketoBig,6810,46,16,budget,0,92,true,5,860,120,165,0,0.717391304347826,0.21739130434782608,0.06521739130434782,0,8,2,normal,false,8,23,30,4110,2130,540,0,true,false,false,0,0,6810,46,0,
1928,ketoBig,6503,40,10,budget,0,84,true,5,2160,99,164,0.15,0.725,0.125,0,0,5,4,crash,false,8,16,293,2850,3360,0,0,false,false,true,0,0,6503,40,0,
1929,ketoBig,6950,40,10,budget,0,93,false,4,1635,110,165,0,0.925,0.075,0,0,5,6,normal,false,4,20,0,4145,1230,1575,0,true,false,false,0,0,6950,40,0,
1930,ketoBig,4820,30,0,budget,0,65,true,6,870,87,142,0.1,0.9,0,0,0,1,30,normal,false,6,11,195,4625,0,0,0,false,false,true,0,0,4820,30,0,
1931,ketoBig,8470,49,19,budget,1,100,true,6,1400,136,170,0.12244897959183673,0.6326530612244898,0.10204081632653061,0.04081632653061224,0.10204081632653061,10,9,normal,false,5,29,195,4400,1140,315,2420,false,true,false,2315,5,6155,44,1,3
1932,ketoBig,3331,30,0,budget,0,58,true,3,300,68,121,0.2,0.8,0,0,0,2,10,crash,false,4,11,136,3195,0,0,0,false,false,false,0,0,3331,30,0,
1933,ketoBig,2577,30,0,budget,0,62,true,3,315,56,126,0.43333333333333335,0.5666666666666667,0,0,0,4,12,crash,false,4,14,547,2030,0,0,0,false,false,false,0,0,2577,30,0,
1934,ketoBig,28713,77,47,budget,5,100,true,6,5860,239,343,0,0.4155844155844156,0.16883116883116883,0.09090909090909091,0.3246753246753247,15,27,normal,false,7,39,208,5155,2130,2160,19060,false,true,false,18130,25,10583,52,5,3|3|4|6|4
1935,ketoBig,23525,91,61,budget,3,100,true,6,1680,250,376,0.02197802197802198,0.5384615384615384,0.1978021978021978,0.07692307692307693,0.16483516483516483,25,1,normal,false,11,44,40,6715,3410,5820,7540,false,true,true,6620,15,16905,76,3,13|6|2
1936,ketoBig,6545,17,13,lock,1,100,false,4,2520,59,73,0,0.47058823529411764,0.17647058823529413,0.058823529411764705,0.29411764705882354,5,6,normal,false,4,8,0,920,680,1485,3460,false,true,false,3550,5,2995,12,1,4
1937,ketoBig,3403,30,0,budget,0,62,true,5,690,73,133,0.23333333333333334,0.7666666666666667,0,0,0,1,20,crash,false,5,12,898,2505,0,0,0,false,false,false,0,0,3403,30,0,
1938,ketoBig,13403,70,40,budget,2,100,true,4,960,199,255,0.02857142857142857,0.6571428571428571,0.15714285714285714,0.014285714285714285,0.14285714285714285,17,8,normal,false,7,38,78,5005,2750,630,4940,false,true,true,4510,10,8893,60,2,3|3
1939,ketoBig,11998,58,33,lock,1,100,true,5,2020,162,227,0.06896551724137931,0.603448275862069,0.13793103448275862,0.10344827586206896,0.08620689655172414,14,1,crash,false,7,26,98,3725,2810,3645,1720,false,true,false,1800,5,10198,53,1,2
1940,ketoBig,9680,43,13,budget,1,100,true,5,2520,121,167,0.046511627906976744,0.7674418604651163,0.06976744186046512,0,0.11627906976744186,5,2,normal,false,6,17,310,2890,360,1560,4560,false,false,true,6060,5,3620,38,1,2
1941,ketoBig,7290,40,10,budget,0,94,false,5,1200,120,171,0,0.85,0.1,0.05,0,5,7,normal,false,6,19,0,4710,960,1620,0,true,false,false,0,0,7290,40,0,
1942,ketoBig,4242,30,0,budget,0,62,true,4,683,74,157,0.43333333333333335,0.5666666666666667,0,0,0,2,19,crash,false,4,11,487,3755,0,0,0,false,false,false,0,0,4242,30,0,
1943,ketoBig,8420,55,25,budget,1,100,true,4,940,138,190,0.12727272727272726,0.6,0.14545454545454545,0.03636363636363636,0.09090909090909091,11,5,crash,false,4,31,350,3530,1560,360,2620,false,false,false,1860,5,6560,50,1,3
1944,ketoBig,10125,41,11,budget,1,100,false,5,2720,110,147,0,0.7804878048780488,0.0975609756097561,0,0.12195121951219512,3,4,normal,false,6,18,0,3440,390,1155,5140,false,false,false,5875,5,4250,36,1,2
1945,ketoBig,12530,62,32,budget,2,100,false,4,2720,162,226,0,0.7096774193548387,0.0967741935483871,0.03225806451612903,0.16129032258064516,13,1,normal,false,7,33,0,3750,2030,690,6060,false,false,false,5710,10,6820,52,2,3|3
1946,ketoBig,12255,57,27,budget,1,100,false,8,1875,160,224,0,0.7543859649122807,0.14035087719298245,0.017543859649122806,0.08771929824561403,11,3,normal,false,6,25,0,6435,1610,2250,1960,false,true,false,1600,5,10655,52,1,5
1947,ketoBig,11085,58,28,budget,2,100,false,4,2060,164,200,0,0.6206896551724138,0.1896551724137931,0.017241379310344827,0.1724137931034483,8,2,normal,false,8,23,0,4485,1410,330,4860,false,false,false,4410,10,6675,48,2,4|7
1948,ketoBig,1530,11,9,lock,1,100,false,2,360,33,18,0,0.36363636363636365,0.09090909090909091,0.09090909090909091,0.45454545454545453,2,4,normal,false,5,3,0,390,210,90,840,false,false,false,810,5,720,6,1,2
1949,ketoBig,3546,38,8,budget,0,87,true,4,485,84,111,0.2894736842105263,0.6052631578947368,0.10526315789473684,0,0,7,1,normal,false,4,17,336,2250,960,0,0,false,false,false,0,0,3546,38,0,
1950,ketoBig,5490,44,14,budget,0,93,false,3,720,105,142,0,0.8181818181818182,0.13636363636363635,0.045454545454545456,0,7,2,normal,false,4,22,0,3405,1680,405,0,true,false,false,0,0,5490,44,0,
1951,ketoBig,3905,32,2,budget,0,72,true,5,750,88,128,0.15625,0.8125,0.03125,0,0,4,4,normal,false,6,11,135,3560,210,0,0,false,false,false,0,0,3905,32,0,
1952,ketoBig,3075,30,0,budget,0,62,true,4,615,57,113,0.13333333333333333,0.8666666666666667,0,0,0,2,10,crash,false,9,10,60,3015,0,0,0,false,false,false,0,0,3075,30,0,
1953,ketoBig,15085,54,24,budget,2,100,false,5,1760,173,231,0,0.6481481481481481,0.12962962962962962,0.037037037037037035,0.18518518518518517,8,8,normal,false,7,28,0,5025,1400,1860,6800,false,true,false,4890,10,10195,44,2,5|2
1954,ketoBig,8048,47,17,budget,1,100,true,4,1160,119,197,0.2127659574468085,0.6382978723404256,0.02127659574468085,0.02127659574468085,0.10638297872340426,9,1,crash,false,5,20,533,3445,2040,90,1940,false,false,false,1910,5,6138,42,1,2
1955,ketoBig,15754,48,18,budget,2,100,true,6,4440,148,236,0.22916666666666666,0.4375,0.10416666666666667,0.020833333333333332,0.20833333333333334,8,1,crash,false,7,23,609,3415,690,360,10680,false,false,false,10780,10,4974,38,2,3|3
1956,ketoBig,4552,32,2,budget,0,84,true,4,1320,82,144,0.40625,0.53125,0.0625,0,0,6,1,normal,false,7,14,477,2515,1560,0,0,false,false,true,0,0,4552,32,0,
1957,ketoBig,4238,42,12,budget,0,90,true,3,350,89,144,0.14285714285714285,0.6904761904761905,0.11904761904761904,0.047619047619047616,0,10,2,normal,false,3,20,173,2515,920,630,0,true,false,true,0,0,4238,42,0,
1958,ketoBig,19500,87,57,budget,3,100,true,4,1260,250,317,0.011494252873563218,0.47126436781609193,0.22988505747126436,0.11494252873563218,0.1724137931034483,23,5,normal,false,6,44,45,5085,4050,5160,5160,false,true,false,5310,15,14190,72,3,3|13|2
1959,ketoBig,5145,38,8,budget,0,94,true,4,670,99,143,0.07894736842105263,0.7368421052631579,0.15789473684210525,0.02631578947368421,0,6,18,normal,false,4,18,75,3695,700,675,0,true,false,false,0,0,5145,38,0,
1960,ketoBig,12505,67,37,budget,1,100,true,5,2670,178,254,0.029850746268656716,0.7014925373134329,0.13432835820895522,0.05970149253731343,0.07462686567164178,15,6,crash,false,7,34,80,5150,2490,1305,3480,false,true,false,3450,5,9055,62,1,2
1961,ketoBig,2563,11,2,lock,0,70,true,6,945,34,66,0.2727272727272727,0.7272727272727273,0,0,0,2,2,crash,false,3,5,168,2395,0,0,0,false,false,false,0,0,2563,11,0,
1962,ketoBig,2585,32,2,budget,0,76,true,3,360,66,100,0.09375,0.90625,0,0,0,3,2,normal,false,4,11,140,2175,270,0,0,false,false,false,0,0,2585,32,0,
1963,ketoBig,3778,34,4,budget,0,83,true,7,1115,70,118,0.14705882352941177,0.7941176470588235,0.058823529411764705,0,0,3,2,normal,false,5,15,203,3155,420,0,0,false,false,true,0,0,3778,34,0,
1964,ketoBig,14970,65,35,budget,1,100,true,4,1440,222,303,0.03076923076923077,0.5692307692307692,0.24615384615384617,0.07692307692307693,0.07692307692307693,17,2,normal,false,4,39,75,6150,2390,3615,2740,false,true,true,2590,5,12380,60,1,11
1965,ketoBig,7565,30,0,budget,0,63,true,6,1350,101,199,0.06666666666666667,0.9333333333333333,0,0,0,1,8,normal,false,3,13,85,7480,0,0,0,false,false,true,0,0,7565,30,0,
1966,ketoBig,5406,30,0,budget,0,66,true,6,1005,83,181,0.26666666666666666,0.7333333333333333,0,0,0,3,20,crash,false,3,13,781,4625,0,0,0,false,false,true,0,0,5406,30,0,
1967,ketoBig,7165,32,2,budget,0,71,false,8,2515,106,169,0,1,0,0,0,1,11,normal,false,6,9,0,6715,450,0,0,false,false,false,0,0,7165,32,0,
1968,ketoBig,6165,46,16,budget,0,85,false,4,570,128,182,0,0.9347826086956522,0.06521739130434782,0,0,6,2,normal,false,7,21,0,4995,1170,0,0,false,false,false,0,0,6165,46,0,
1969,ketoBig,3823,25,2,lock,0,79,true,4,580,79,121,0.08,0.88,0.04,0,0,1,2,crash,false,8,8,23,3680,120,0,0,false,false,false,0,0,3823,25,0,
1970,ketoBig,3925,28,0,lock,0,54,true,7,1525,61,115,0.07142857142857142,0.9285714285714286,0,0,0,2,11,normal,false,8,8,90,3835,0,0,0,false,false,true,0,0,3925,28,0,
1971,ketoBig,14830,47,17,budget,1,100,true,6,2760,144,220,0.02127659574468085,0.723404255319149,0.1276595744680851,0.02127659574468085,0.10638297872340426,7,1,normal,false,6,19,15,3955,3990,1890,4980,false,false,false,4980,5,9850,42,1,4
1972,ketoBig,3930,30,0,budget,0,62,true,6,1095,79,129,0.06666666666666667,0.9333333333333333,0,0,0,1,28,normal,false,4,10,95,3835,0,0,0,false,false,false,0,0,3930,30,0,
1973,ketoBig,16115,56,26,budget,2,100,true,5,2100,138,226,0.05357142857142857,0.625,0.125,0.017857142857142856,0.17857142857142858,12,2,normal,false,6,27,45,3680,840,2250,9300,false,false,true,9570,10,6545,46,2,2|4
1974,ketoBig,2508,32,2,budget,0,84,true,3,260,61,97,0.1875,0.71875,0.09375,0,0,5,1,normal,false,5,13,113,2125,270,0,0,false,false,true,0,0,2508,32,0,
1975,ketoBig,3025,30,0,budget,0,67,true,3,510,68,110,0.06666666666666667,0.9333333333333333,0,0,0,2,12,normal,false,5,11,90,2935,0,0,0,false,false,false,0,0,3025,30,0,
1976,ketoBig,12080,49,19,budget,1,100,true,8,3870,145,253,0.04081632653061224,0.7346938775510204,0.08163265306122448,0.04081632653061224,0.10204081632653061,9,1,normal,false,4,26,375,5465,4500,180,1560,false,false,true,1410,5,10670,44,1,4
1977,ketoBig,4264,32,2,budget,0,71,true,4,435,90,156,0.25,0.75,0,0,0,2,6,crash,false,4,14,699,3565,0,0,0,false,false,true,0,0,4264,32,0,
1978,ketoBig,5612,38,8,budget,0,82,true,6,1245,107,158,0.18421052631578946,0.7105263157894737,0.10526315789473684,0,0,6,3,normal,false,7,19,482,4650,480,0,0,false,false,false,0,0,5612,38,0,
1979,ketoBig,14765,70,40,budget,0,97,true,6,2290,223,319,0.04285714285714286,0.6,0.2857142857142857,0.07142857142857142,0,19,5,normal,false,6,39,135,5280,7910,1440,0,true,true,true,0,0,14765,70,0,
1980,ketoBig,18905,77,47,budget,1,100,true,6,4505,230,332,0.07792207792207792,0.5454545454545454,0.23376623376623376,0.07792207792207792,0.06493506493506493,18,1,normal,false,8,36,305,6055,4970,5835,1740,false,true,false,1230,5,17675,72,1,2
1981,ketoBig,30265,103,73,budget,3,100,true,6,4620,279,384,0.009708737864077669,0.5436893203883495,0.2524271844660194,0.04854368932038835,0.14563106796116504,28,2,normal,false,8,51,15,4575,8320,6675,10680,false,true,false,11070,15,19195,88,3,2|7|3
1982,ketoBig,4645,40,10,budget,0,99,false,5,780,91,126,0,0.8,0.15,0.05,0,5,2,normal,false,5,19,0,3295,900,450,0,true,true,false,0,0,4645,40,0,
1983,ketoBig,4149,30,0,budget,0,67,true,4,540,81,166,0.5333333333333333,0.4666666666666667,0,0,0,3,10,crash,false,5,11,889,3260,0,0,0,false,false,false,0,0,4149,30,0,
1984,ketoBig,8180,53,23,budget,1,100,true,3,1020,135,171,0.03773584905660377,0.7358490566037735,0.11320754716981132,0.018867924528301886,0.09433962264150944,9,3,normal,false,15,20,30,3375,1560,435,2780,false,false,true,3020,5,5160,48,1,2
1985,ketoBig,5570,30,0,budget,0,66,true,6,1355,94,143,0.06666666666666667,0.9333333333333333,0,0,0,1,28,crash,false,4,10,15,5555,0,0,0,false,false,false,0,0,5570,30,0,
1986,ketoBig,5101,34,4,budget,0,78,true,5,950,98,169,0.29411764705882354,0.6764705882352942,0.029411764705882353,0,0,4,13,normal,false,4,17,736,4185,180,0,0,false,false,true,0,0,5101,34,0,
1987,ketoBig,16931,72,54,lock,4,100,true,5,2475,191,249,0.09722222222222222,0.3472222222222222,0.19444444444444445,0.08333333333333333,0.2777777777777778,22,2,crash,false,6,37,211,2075,5990,1935,6720,false,true,false,6180,20,10751,52,4,4|3|3|4
1988,ketoBig,5199,38,8,budget,0,99,true,4,600,99,160,0.2631578947368421,0.6052631578947368,0.10526315789473684,0.02631578947368421,0,7,1,normal,false,5,14,339,3675,870,315,0,true,true,true,0,0,5199,38,0,
1989,ketoBig,9615,54,24,budget,2,100,true,5,1300,175,204,0.018518518518518517,0.6851851851851852,0.1111111111111111,0,0.18518518518518517,8,2,normal,false,6,20,60,4455,1940,360,2800,false,false,false,3380,10,6235,44,1,2
1990,ketoBig,1818,13,0,lock,0,62,true,4,840,27,59,0.38461538461538464,0.6153846153846154,0,0,0,1,9,crash,false,2,6,123,1695,0,0,0,false,false,false,0,0,1818,13,0,
1991,ketoBig,4748,36,6,budget,0,86,true,4,750,89,135,0.08333333333333333,0.8333333333333334,0.08333333333333333,0,0,4,1,normal,false,4,13,83,3435,1230,0,0,false,false,true,0,0,4748,36,0,
1992,ketoBig,10800,51,21,budget,1,100,true,5,1555,151,238,0.0196078431372549,0.7058823529411765,0.1568627450980392,0.0196078431372549,0.09803921568627451,7,6,crash,false,13,20,425,5010,2260,1845,1260,false,false,true,1230,5,9570,46,1,4
1993,ketoBig,7310,46,16,budget,0,94,false,6,1295,128,183,0,0.8260869565217391,0.15217391304347827,0.021739130434782608,0,7,4,normal,false,5,22,0,5065,1930,315,0,true,false,false,0,0,7310,46,0,
1994,ketoBig,4698,32,2,budget,0,74,true,6,755,83,142,0.0625,0.90625,0.03125,0,0,2,4,normal,false,5,13,328,4250,120,0,0,false,false,true,0,0,4698,32,0,
1995,ketoBig,14600,55,38,lock,2,100,true,6,1900,152,211,0,0.4727272727272727,0.2727272727272727,0.07272727272727272,0.18181818181818182,14,15,normal,false,6,28,30,2380,4960,2190,5040,false,false,false,5100,10,9500,45,2,3|2
1996,ketoBig,12280,56,26,budget,2,100,true,5,1500,169,218,0.017857142857142856,0.6428571428571429,0.14285714285714285,0.017857142857142856,0.17857142857142858,7,2,normal,false,7,23,30,4110,2580,360,5200,false,false,false,4140,10,8140,46,1,2
1997,ketoBig,7829,55,25,budget,1,100,true,4,800,134,203,0.23636363636363636,0.5272727272727272,0.12727272727272726,0.01818181818181818,0.09090909090909091,13,1,normal,false,8,23,904,2615,1490,540,2280,false,false,false,2360,5,5469,50,1,2
1998,ketoBig,7545,38,8,budget,0,89,true,8,1965,106,176,0.07894736842105263,0.8157894736842105,0.05263157894736842,0.05263157894736842,0,5,2,normal,false,7,13,110,5680,1260,495,0,false,false,false,0,0,7545,38,0,
1999,ketoBig,3700,30,0,budget,0,68,true,5,985,85,144,0.6,0.4,0,0,0,4,10,normal,false,6,11,1410,2290,0,0,0,false,false,true,0,0,3700,30,0,
2000,ketoBig,2918,30,0,budget,0,62,true,4,510,74,98,0.1,0.9,0,0,0,2,9,normal,false,5,13,83,2835,0,0,0,false,false,false,0,0,2918,30,0,
