seed,bot,score,moves,movesEarned,endReason,frenzies,peakMeter,crashed,maxCombo,bestMovePts,proteinTiles,carbTiles,pctCrash,pctNormal,pctKeto,pctDeep,pctFrenzy,tierUpsSeen,firstTierUpMove,endState,endedWithin5OfFrenzy,longestDryGap,rewardEvents,ptsCrash,ptsNormal,ptsKeto,ptsDeep,ptsFrenzy,nearMissNoFrenzy,fellBackWithoutFrenzy,lastMoveWasReward,ptsInFrenzy,movesInFrenzy,ptsOutside,movesOutside,climbCount,climbLengths
1,casual,9580,49,38,lock,2,100,false,5,1440,112,136,0,0.5510204081632653,0.22448979591836735,0.02040816326530612,0.20408163265306123,13,3,normal,false,6,25,0,1345,3300,1275,3660,false,false,false,5060,10,4520,39,2,5|2
2,casual,6071,30,0,budget,0,63,true,10,3495,81,134,0.06666666666666667,0.9333333333333333,0,0,0,1,30,normal,false,11,10,211,5860,0,0,0,false,false,true,0,0,6071,30,0,
3,casual,3201,34,4,budget,0,73,true,3,480,80,135,0.2647058823529412,0.6764705882352942,0.058823529411764705,0,0,4,2,normal,false,3,15,746,2275,180,0,0,false,false,false,0,0,3201,34,0,
4,casual,1733,30,0,budget,0,62,true,3,360,52,96,0.6333333333333333,0.36666666666666664,0,0,0,4,9,normal,false,10,9,878,855,0,0,0,false,false,true,0,0,1733,30,0,
5,casual,5400,52,22,budget,0,95,true,4,1110,106,143,0.019230769230769232,0.75,0.19230769230769232,0.038461538461538464,0,11,15,crash,false,9,28,45,3315,1770,270,0,true,true,false,0,0,5400,52,0,
6,casual,4960,21,12,lock,0,97,false,5,1365,60,72,0,0.5238095238095238,0.38095238095238093,0.09523809523809523,0,6,2,keto,false,4,10,0,1825,1560,1575,0,true,true,false,0,0,4960,21,0,
7,casual,4876,38,8,budget,0,84,true,6,895,85,169,0.3157894736842105,0.5789473684210527,0.10526315789473684,0,0,7,2,normal,false,4,18,1096,3180,600,0,0,false,false,false,0,0,4876,38,0,
8,casual,11913,57,27,budget,1,100,true,5,945,184,271,0.07017543859649122,0.6666666666666666,0.12280701754385964,0.05263157894736842,0.08771929824561403,12,6,normal,false,5,31,573,5985,2250,1485,1620,false,false,false,1530,5,10383,52,1,9
9,casual,2300,30,0,budget,0,52,true,3,360,54,104,0.4,0.6,0,0,0,4,11,crash,false,5,9,490,1810,0,0,0,false,false,true,0,0,2300,30,0,
10,casual,3513,30,0,budget,0,64,true,5,895,73,104,0.1,0.9,0,0,0,2,22,normal,false,5,9,78,3435,0,0,0,false,false,true,0,0,3513,30,0,
11,casual,2818,30,0,budget,0,51,true,5,466,63,117,0.4666666666666667,0.5333333333333333,0,0,0,5,3,crash,false,7,12,1048,1770,0,0,0,false,false,false,0,0,2818,30,0,
12,casual,8321,49,19,budget,1,100,true,5,1140,136,172,0.10204081632653061,0.6938775510204082,0.08163265306122448,0.02040816326530612,0.10204081632653061,7,1,normal,false,12,16,251,4005,870,1035,2160,false,false,false,2070,5,6251,44,1,2
13,casual,7240,41,11,budget,1,100,true,4,840,119,146,0.024390243902439025,0.6829268292682927,0.17073170731707318,0,0.12195121951219512,4,3,normal,false,12,15,15,3545,1300,0,2380,false,false,false,2380,5,4860,36,1,3
14,casual,2404,32,2,budget,0,75,true,4,465,57,98,0.3125,0.6875,0,0,0,6,3,normal,false,5,11,204,1960,240,0,0,false,false,true,0,0,2404,32,0,
15,casual,6300,49,19,budget,1,100,false,4,1140,102,139,0,0.7142857142857143,0.16326530612244897,0.02040816326530612,0.10204081632653061,8,2,normal,false,6,22,0,2530,1230,360,2180,false,false,true,2150,5,4150,44,1,5
16,casual,3465,34,4,budget,0,71,true,3,315,89,125,0.058823529411764705,0.9411764705882353,0,0,0,4,4,normal,false,3,16,105,3360,0,0,0,false,false,true,0,0,3465,34,0,
17,casual,1785,30,0,budget,0,62,false,3,255,51,64,0,1,0,0,0,0,-1,normal,false,14,5,0,1785,0,0,0,false,false,true,0,0,1785,30,0,
18,casual,3049,30,0,budget,0,67,true,4,560,72,110,0.23333333333333334,0.7666666666666667,0,0,0,1,28,normal,false,5,12,349,2700,0,0,0,false,false,false,0,0,3049,30,0,
19,casual,4866,38,8,budget,0,83,true,4,615,100,142,0.18421052631578946,0.7894736842105263,0.02631578947368421,0,0,7,4,normal,false,7,11,161,3865,840,0,0,false,false,false,0,0,4866,38,0,
20,casual,4380,24,8,lock,0,84,true,4,1065,69,105,0.041666666666666664,0.875,0.08333333333333333,0,0,3,1,crash,false,6,11,0,2790,1590,0,0,false,false,false,0,0,4380,24,0,
21,casual,2892,36,6,budget,0,81,true,3,440,67,116,0.3611111111111111,0.5555555555555556,0.08333333333333333,0,0,3,8,normal,false,12,12,397,1985,510,0,0,false,false,true,0,0,2892,36,0,
22,casual,12565,46,16,budget,0,99,true,10,3490,135,205,0.043478260869565216,0.6521739130434783,0.15217391304347827,0.15217391304347827,0,6,1,crash,false,8,21,90,7315,1110,4050,0,true,true,false,0,0,12565,46,0,
23,casual,2770,32,2,budget,0,82,true,3,500,66,98,0.0625,0.9375,0,0,0,3,4,normal,false,4,13,115,2205,450,0,0,false,false,true,0,0,2770,32,0,
24,casual,2380,30,0,budget,0,57,true,4,435,47,86,0.13333333333333333,0.8666666666666667,0,0,0,1,9,crash,false,7,7,100,2280,0,0,0,false,false,false,0,0,2380,30,0,
25,casual,6772,45,15,budget,1,100,true,4,1230,115,150,0.2,0.6,0.08888888888888889,0,0.1111111111111111,7,5,crash,false,5,16,252,3290,1230,360,1640,false,false,false,2670,5,4102,40,0,
26,casual,2715,30,0,budget,0,55,true,4,615,60,118,0.43333333333333335,0.5666666666666667,0,0,0,3,15,normal,false,4,12,575,2140,0,0,0,false,false,true,0,0,2715,30,0,
27,casual,25030,106,76,budget,6,100,false,6,1950,287,337,0,0.42452830188679247,0.2358490566037736,0.05660377358490566,0.2830188679245283,24,2,normal,false,7,46,0,5280,7150,2520,10080,false,true,true,10490,30,14540,76,6,4|3|3|2|2|5
28,casual,2733,30,0,budget,0,50,true,4,440,69,106,0.06666666666666667,0.9333333333333333,0,0,0,2,11,normal,false,6,10,443,2290,0,0,0,false,false,false,0,0,2733,30,0,
29,casual,5535,40,10,budget,0,92,true,3,600,100,155,0.175,0.7,0.125,0,0,7,2,crash,false,5,16,250,3125,1620,540,0,true,false,false,0,0,5535,40,0,
30,casual,4033,30,0,budget,0,53,true,6,1375,79,123,0.13333333333333333,0.8666666666666667,0,0,0,3,4,normal,false,5,11,123,3910,0,0,0,false,false,false,0,0,4033,30,0,
31,casual,2568,30,0,budget,0,50,true,4,495,70,110,0.4666666666666667,0.5333333333333333,0,0,0,3,9,normal,false,4,14,848,1720,0,0,0,false,false,true,0,0,2568,30,0,
32,casual,4310,30,0,budget,0,62,true,6,840,77,112,0.06666666666666667,0.9333333333333333,0,0,0,2,9,normal,false,4,14,60,4250,0,0,0,false,false,false,0,0,4310,30,0,
33,casual,2537,30,0,budget,0,58,true,4,405,61,97,0.3333333333333333,0.6666666666666666,0,0,0,4,6,normal,false,5,11,427,2110,0,0,0,false,false,false,0,0,2537,30,0,
34,casual,13845,57,27,budget,1,100,true,7,1795,172,256,0.017543859649122806,0.5964912280701754,0.24561403508771928,0.05263157894736842,0.08771929824561403,11,8,normal,false,6,34,15,7570,2540,900,2820,false,true,true,2790,5,11055,52,1,3
35,casual,3993,38,8,budget,0,99,true,3,630,83,123,0.21052631578947367,0.5263157894736842,0.18421052631578946,0.07894736842105263,0,7,2,crash,false,6,19,253,2255,1080,405,0,true,true,false,0,0,3993,38,0,
36,casual,7552,45,15,budget,1,100,true,4,1500,100,167,0.17777777777777778,0.5555555555555556,0.13333333333333333,0.022222222222222223,0.1111111111111111,7,2,crash,false,7,19,197,2755,1870,90,2640,false,false,false,1230,5,6322,40,1,3
37,casual,2275,30,0,budget,0,69,true,4,405,61,80,0.03333333333333333,0.9666666666666667,0,0,0,1,7,normal,false,6,10,45,2230,0,0,0,false,false,false,0,0,2275,30,0,
38,casual,2670,30,0,budget,0,50,true,4,285,57,126,0.3,0.7,0,0,0,3,11,normal,false,5,12,895,1775,0,0,0,false,false,false,0,0,2670,30,0,
39,casual,4673,30,0,budget,0,65,true,7,1530,88,130,0.03333333333333333,0.9666666666666667,0,0,0,1,18,normal,false,6,11,113,4560,0,0,0,false,false,true,0,0,4673,30,0,
40,casual,4008,34,4,budget,0,74,true,4,675,81,123,0.058823529411764705,0.9411764705882353,0,0,0,3,5,normal,false,6,16,43,3605,360,0,0,false,false,true,0,0,4008,34,0,
41,casual,2708,30,0,budget,0,69,true,3,390,68,84,0.06666666666666667,0.9333333333333333,0,0,0,1,23,normal,false,7,11,38,2670,0,0,0,false,false,true,0,0,2708,30,0,
42,casual,9132,57,27,budget,1,100,true,5,1075,136,210,0.17543859649122806,0.5614035087719298,0.14035087719298245,0.03508771929824561,0.08771929824561403,12,3,crash,false,10,22,302,4410,2290,990,1140,false,false,false,1200,5,7932,52,1,5
43,casual,4112,30,0,budget,0,55,true,6,960,75,124,0.2,0.8,0,0,0,2,12,crash,false,7,11,527,3585,0,0,0,false,false,false,0,0,4112,30,0,
44,casual,2046,30,0,budget,0,66,true,3,360,49,88,0.23333333333333334,0.7666666666666667,0,0,0,1,24,crash,false,5,10,246,1800,0,0,0,false,false,false,0,0,2046,30,0,
45,casual,6035,50,20,budget,0,95,true,5,630,122,163,0.08,0.72,0.18,0.02,0,10,8,normal,false,11,22,85,4150,1530,270,0,true,true,true,0,0,6035,50,0,
46,casual,2634,30,0,budget,0,53,true,4,375,58,117,0.4666666666666667,0.5333333333333333,0,0,0,3,13,crash,false,4,12,629,2005,0,0,0,false,false,false,0,0,2634,30,0,
47,casual,6681,47,17,budget,1,100,true,6,1270,118,151,0.2978723404255319,0.46808510638297873,0.10638297872340426,0.02127659574468085,0.10638297872340426,9,7,normal,false,12,14,431,2990,760,660,1840,false,false,true,2050,5,4631,42,1,4
48,casual,6260,42,12,budget,0,98,false,4,1085,108,144,0,0.7857142857142857,0.19047619047619047,0.023809523809523808,0,6,5,normal,false,6,16,0,3900,1640,720,0,true,true,false,0,0,6260,42,0,
49,casual,2894,30,0,budget,0,56,true,3,315,63,116,0.3,0.7,0,0,0,1,24,crash,false,6,8,339,2555,0,0,0,false,false,false,0,0,2894,30,0,
50,casual,4455,44,14,budget,0,91,true,3,505,105,130,0.045454545454545456,0.75,0.18181818181818182,0.022727272727272728,0,6,2,normal,false,5,19,125,3115,1080,135,0,true,false,true,0,0,4455,44,0,
51,casual,3994,42,12,budget,0,95,true,3,450,98,131,0.16666666666666666,0.7142857142857143,0.09523809523809523,0.023809523809523808,0,7,2,normal,false,6,15,394,2295,1170,135,0,true,true,false,0,0,3994,42,0,
52,casual,10120,63,33,budget,1,100,true,4,690,150,207,0,0.6666666666666666,0.12698412698412698,0.12698412698412698,0.07936507936507936,13,3,normal,false,20,29,30,4730,2730,1770,860,false,true,true,750,5,9370,58,1,6
53,casual,3780,30,0,budget,0,64,false,4,650,90,114,0,1,0,0,0,0,-1,normal,false,7,13,0,3780,0,0,0,false,false,true,0,0,3780,30,0,
54,casual,8968,41,11,budget,1,100,true,6,1935,100,177,0.1951219512195122,0.5853658536585366,0.0975609756097561,0,0.12195121951219512,5,3,crash,false,9,14,693,4060,1020,1695,1500,false,false,true,2955,5,6013,36,1,2
55,casual,4963,40,10,budget,0,80,true,5,955,115,150,0.075,0.825,0.1,0,0,6,1,normal,false,8,16,53,4340,570,0,0,false,false,false,0,0,4963,40,0,
56,casual,3201,30,0,budget,0,62,true,4,525,60,116,0.2,0.8,0,0,0,3,23,normal,false,7,10,296,2905,0,0,0,false,false,true,0,0,3201,30,0,
57,casual,3420,34,4,budget,0,78,true,3,510,91,108,0.029411764705882353,0.9117647058823529,0.058823529411764705,0,0,3,5,normal,false,6,16,30,3120,270,0,0,false,false,false,0,0,3420,34,0,
58,casual,2665,30,0,budget,0,55,true,3,325,72,97,0.06666666666666667,0.9333333333333333,0,0,0,2,16,normal,false,5,10,70,2595,0,0,0,false,false,false,0,0,2665,30,0,
59,casual,21470,90,60,budget,2,100,false,6,3435,213,289,0,0.5222222222222223,0.3111111111111111,0.05555555555555555,0.1111111111111111,22,7,normal,false,7,47,0,4560,5320,4590,7000,false,false,false,4750,10,16720,80,2,2|6
60,casual,6756,41,11,budget,1,100,true,5,1715,92,130,0.14634146341463414,0.6341463414634146,0.07317073170731707,0.024390243902439025,0.12195121951219512,6,5,crash,false,5,15,91,2920,790,135,2820,false,true,false,3155,5,3601,36,1,4
61,casual,2715,30,0,budget,0,61,true,3,345,60,103,0.13333333333333333,0.8666666666666667,0,0,0,1,6,normal,false,4,11,120,2595,0,0,0,false,false,false,0,0,2715,30,0,
62,casual,4060,46,16,budget,0,87,true,4,715,102,125,0.021739130434782608,0.8260869565217391,0.15217391304347827,0,0,9,4,normal,false,4,20,15,3265,780,0,0,false,false,true,0,0,4060,46,0,
63,casual,5841,50,20,budget,0,99,true,4,465,117,157,0.08,0.7,0.16,0.06,0,10,1,normal,false,10,19,191,3670,1620,360,0,true,true,false,0,0,5841,50,0,
64,casual,4156,30,0,budget,0,68,true,6,1605,69,121,0.16666666666666666,0.8333333333333334,0,0,0,1,21,crash,false,7,13,436,3720,0,0,0,false,false,true,0,0,4156,30,0,
65,casual,27110,81,51,budget,3,100,false,6,4840,245,309,0,0.5925925925925926,0.1728395061728395,0.04938271604938271,0.18518518518518517,18,20,normal,false,5,43,0,5715,3620,1935,15840,false,false,true,14750,15,12360,66,3,4|3|2
66,casual,12460,58,36,lock,2,100,false,4,1860,151,174,0,0.4827586206896552,0.27586206896551724,0.06896551724137931,0.1724137931034483,10,2,normal,false,14,21,0,2115,3590,1575,5180,false,true,false,3965,10,8495,48,2,2|6
67,casual,2725,30,0,budget,0,66,true,3,390,65,96,0.06666666666666667,0.9333333333333333,0,0,0,2,18,normal,false,4,12,30,2695,0,0,0,false,false,true,0,0,2725,30,0,
68,casual,1810,20,2,lock,0,70,true,2,285,51,76,0.1,0.9,0,0,0,3,3,normal,false,4,8,105,1705,0,0,0,false,false,true,0,0,1810,20,0,
69,casual,3225,30,0,budget,0,66,true,3,705,75,98,0.03333333333333333,0.9666666666666667,0,0,0,1,24,normal,false,5,12,15,3210,0,0,0,false,false,true,0,0,3225,30,0,
70,casual,2801,30,0,budget,0,57,true,5,600,59,107,0.23333333333333334,0.7666666666666667,0,0,0,1,27,normal,false,11,6,311,2490,0,0,0,false,false,false,0,0,2801,30,0,
71,casual,2649,34,4,budget,0,71,true,4,315,64,106,0.17647058823529413,0.8235294117647058,0,0,0,4,12,normal,false,6,15,304,2345,0,0,0,false,false,false,0,0,2649,34,0,
72,casual,4423,34,4,budget,0,72,true,5,780,100,126,0.029411764705882353,0.9117647058823529,0.058823529411764705,0,0,3,12,normal,false,7,13,233,4010,180,0,0,false,false,true,0,0,4423,34,0,
73,casual,4084,36,6,budget,0,91,true,4,450,89,135,0.19444444444444445,0.75,0.027777777777777776,0.027777777777777776,0,5,8,normal,false,8,13,249,3145,330,360,0,true,false,true,0,0,4084,36,0,
74,casual,2976,30,0,budget,0,58,true,3,488,64,118,0.23333333333333334,0.7666666666666667,0,0,0,2,24,normal,false,6,15,296,2680,0,0,0,false,false,false,0,0,2976,30,0,
75,casual,6226,46,16,budget,0,97,true,6,1140,116,162,0.08695652173913043,0.6956521739130435,0.17391304347826086,0.043478260869565216,0,7,3,crash,false,7,23,61,4180,1670,315,0,true,true,false,0,0,6226,46,0,
76,casual,8415,43,13,budget,1,100,true,4,1605,111,148,0.023255813953488372,0.813953488372093,0.046511627906976744,0,0.11627906976744186,5,20,normal,false,11,20,15,3255,600,1365,3180,false,false,true,4305,5,4110,38,1,2
77,casual,3460,34,4,budget,0,84,true,4,840,73,105,0.058823529411764705,0.9117647058823529,0.029411764705882353,0,0,3,1,normal,false,6,10,90,2530,840,0,0,false,false,true,0,0,3460,34,0,
78,casual,5595,36,6,budget,0,74,true,7,1500,103,147,0.08333333333333333,0.9166666666666666,0,0,0,6,4,normal,false,8,15,110,5305,180,0,0,false,false,false,0,0,5595,36,0,
79,casual,11833,56,26,budget,2,100,true,6,940,155,215,0.05357142857142857,0.5178571428571429,0.14285714285714285,0.10714285714285714,0.17857142857142858,8,1,crash,false,10,25,133,4300,1630,1050,4720,false,true,false,3520,10,8313,46,2,4|5
80,casual,23515,55,25,budget,1,100,false,8,7185,201,251,0,0.5818181818181818,0.2727272727272727,0.05454545454545454,0.09090909090909091,11,12,normal,false,5,27,0,4275,2770,8370,8100,false,true,false,7740,5,15775,50,1,4
81,casual,3230,30,0,budget,0,68,true,5,585,75,102,0.03333333333333333,0.9666666666666667,0,0,0,1,20,normal,false,7,10,180,3050,0,0,0,false,false,true,0,0,3230,30,0,
82,casual,4293,40,10,budget,0,94,true,4,600,92,151,0.3,0.625,0.05,0.025,0,9,5,normal,false,6,19,803,2455,900,135,0,true,false,false,0,0,4293,40,0,
83,casual,3708,30,0,budget,0,58,true,5,870,79,122,0.13333333333333333,0.8666666666666667,0,0,0,4,10,normal,false,5,12,298,3410,0,0,0,false,false,true,0,0,3708,30,0,
84,casual,3395,32,2,budget,0,70,true,6,549,78,133,0.25,0.75,0,0,0,4,9,normal,false,8,10,1085,2040,270,0,0,false,false,true,0,0,3395,32,0,
85,casual,3411,32,2,budget,0,77,true,5,680,74,110,0.21875,0.75,0.03125,0,0,4,14,normal,false,6,15,271,3050,90,0,0,false,false,true,0,0,3411,32,0,
86,casual,9209,50,20,budget,0,92,true,5,3130,108,174,0.16,0.6,0.22,0.02,0,12,2,normal,false,5,29,249,3700,1120,4140,0,true,false,true,0,0,9209,50,0,
87,casual,2581,32,2,budget,0,77,true,3,285,68,91,0.15625,0.8125,0.03125,0,0,3,8,normal,false,4,11,226,2265,90,0,0,false,false,false,0,0,2581,32,0,
88,casual,4675,36,6,budget,0,98,true,5,900,93,124,0.027777777777777776,0.8611111111111112,0.05555555555555555,0.05555555555555555,0,3,2,normal,false,7,11,165,3915,370,225,0,true,true,true,0,0,4675,36,0,
89,casual,9155,60,30,budget,0,94,true,4,1170,143,180,0.016666666666666666,0.7166666666666667,0.23333333333333334,0.03333333333333333,0,14,4,normal,false,11,24,45,3320,3090,2700,0,true,false,false,0,0,9155,60,0,
90,casual,3591,32,2,budget,0,71,true,4,450,73,130,0.21875,0.78125,0,0,0,4,3,normal,false,3,16,751,2660,180,0,0,false,false,false,0,0,3591,32,0,
91,casual,3304,30,0,budget,0,67,true,4,825,68,112,0.2,0.8,0,0,0,2,14,normal,false,5,10,384,2920,0,0,0,false,false,true,0,0,3304,30,0,
92,casual,3114,32,2,budget,0,71,true,4,600,68,128,0.5,0.5,0,0,0,3,5,crash,false,7,7,719,2035,360,0,0,false,false,true,0,0,3114,32,0,
93,casual,1478,30,0,budget,0,63,true,2,165,41,73,0.3333333333333333,0.6666666666666666,0,0,0,5,10,crash,false,5,9,188,1290,0,0,0,false,false,false,0,0,1478,30,0,
94,casual,12445,68,47,lock,1,100,false,4,1200,184,231,0,0.6764705882352942,0.20588235294117646,0.04411764705882353,0.07352941176470588,19,3,normal,false,6,33,0,4635,3850,360,3600,false,true,false,2490,5,9955,63,1,2
95,casual,5942,38,8,budget,0,84,true,8,2285,94,151,0.2631578947368421,0.6842105263157895,0.05263157894736842,0,0,7,10,crash,false,4,18,362,5190,390,0,0,false,false,false,0,0,5942,38,0,
96,casual,2133,38,8,budget,0,81,true,3,285,61,83,0.10526315789473684,0.8157894736842105,0.07894736842105263,0,0,7,2,normal,false,6,15,78,1755,300,0,0,false,false,true,0,0,2133,38,0,
97,casual,4550,34,4,budget,0,98,false,4,1650,83,109,0,0.9411764705882353,0.029411764705882353,0.029411764705882353,0,1,1,normal,false,10,11,0,2735,480,1335,0,true,true,true,0,0,4550,34,0,
98,casual,3560,32,2,budget,0,73,true,5,1065,71,100,0.0625,0.90625,0.03125,0,0,3,2,normal,false,5,13,60,3410,90,0,0,false,false,false,0,0,3560,32,0,
99,casual,5115,36,6,budget,0,99,true,5,920,95,156,0.4166666666666667,0.4722222222222222,0.05555555555555555,0.05555555555555555,0,7,2,crash,false,4,15,685,3635,300,495,0,true,true,false,0,0,5115,36,0,
100,casual,9015,56,26,budget,0,94,false,6,1290,151,195,0,0.7857142857142857,0.21428571428571427,0,0,12,5,normal,false,5,27,0,5775,2700,540,0,true,false,false,0,0,9015,56,0,
101,casual,4111,32,2,budget,0,75,true,4,735,86,135,0.125,0.84375,0.03125,0,0,3,2,normal,false,9,12,221,3800,90,0,0,false,false,false,0,0,4111,32,0,
102,casual,3610,32,2,budget,0,74,true,4,840,68,107,0.0625,0.90625,0.03125,0,0,3,6,normal,false,8,9,35,3485,90,0,0,false,false,false,0,0,3610,32,0,
103,casual,2922,30,0,budget,0,62,true,3,570,61,107,0.36666666666666664,0.6333333333333333,0,0,0,3,16,crash,false,4,9,322,2600,0,0,0,false,false,true,0,0,2922,30,0,
104,casual,17075,70,40,budget,2,100,false,4,2520,192,250,0,0.6857142857142857,0.12857142857142856,0.04285714285714286,0.14285714285714285,15,14,normal,false,6,37,0,4320,4490,345,7920,false,false,false,7170,10,9905,60,2,4|2
105,casual,7190,46,16,budget,0,97,true,4,690,126,162,0.021739130434782608,0.6304347826086957,0.2608695652173913,0.08695652173913043,0,8,10,normal,false,8,21,15,3765,2600,810,0,true,true,false,0,0,7190,46,0,
106,casual,11280,60,30,budget,0,94,true,5,1205,173,239,0,0.8,0.15,0.05,0,13,5,normal,false,8,27,30,5770,2330,3150,0,true,false,true,0,0,11280,60,0,
107,casual,5955,38,8,budget,0,80,true,5,1440,101,151,0.02631578947368421,0.9210526315789473,0.05263157894736842,0,0,5,9,normal,false,4,19,15,4140,1800,0,0,false,false,true,0,0,5955,38,0,
108,casual,4275,36,6,budget,0,73,true,5,825,96,128,0,0.9166666666666666,0.08333333333333333,0,0,3,2,normal,false,7,16,50,3955,270,0,0,false,false,true,0,0,4275,36,0,
109,casual,4250,32,2,budget,0,80,true,6,1155,82,117,0.09375,0.90625,0,0,0,2,22,normal,false,5,10,75,3905,270,0,0,false,false,true,0,0,4250,32,0,
110,casual,2744,30,0,budget,0,62,true,5,465,57,93,0.2,0.8,0,0,0,2,17,normal,false,5,11,264,2480,0,0,0,false,false,true,0,0,2744,30,0,
111,casual,14566,51,21,budget,1,100,true,5,2970,137,215,0.0784313725490196,0.6666666666666666,0.11764705882352941,0.0392156862745098,0.09803921568627451,10,2,crash,false,12,25,61,3885,1710,2250,6660,false,false,false,6750,5,7816,46,1,3
112,casual,3971,40,10,budget,0,83,true,4,600,76,127,0.375,0.525,0.1,0,0,5,2,crash,false,9,14,426,2555,990,0,0,false,false,false,0,0,3971,40,0,
113,casual,5775,32,2,budget,0,71,false,6,1125,111,141,0,1,0,0,0,1,11,normal,false,6,14,0,5495,280,0,0,false,false,true,0,0,5775,32,0,
114,casual,330,6,0,lock,0,53,false,2,135,6,15,0,1,0,0,0,0,-1,normal,false,5,1,0,330,0,0,0,false,false,true,0,0,330,6,0,
115,casual,1896,30,0,budget,0,52,true,3,315,46,91,0.36666666666666664,0.6333333333333333,0,0,0,3,11,normal,false,6,8,456,1440,0,0,0,false,false,false,0,0,1896,30,0,
116,casual,5855,40,10,budget,0,83,true,6,1590,101,140,0.025,0.825,0.15,0,0,6,4,normal,false,7,16,15,4160,1680,0,0,false,false,true,0,0,5855,40,0,
117,casual,5863,38,8,budget,0,87,true,7,1515,109,145,0.02631578947368421,0.8421052631578947,0.13157894736842105,0,0,5,24,normal,false,5,21,53,4370,1440,0,0,false,false,false,0,0,5863,38,0,
118,casual,7930,35,23,lock,1,100,true,5,1425,96,140,0.2857142857142857,0.42857142857142855,0.11428571428571428,0.02857142857142857,0.14285714285714285,8,3,crash,false,7,13,815,1470,1350,1275,3020,false,false,false,3380,5,4550,30,1,2
119,casual,3268,32,2,budget,0,71,true,5,605,74,104,0.125,0.875,0,0,0,4,8,normal,false,7,14,298,2970,0,0,0,false,false,false,0,0,3268,32,0,
120,casual,5921,42,12,budget,0,94,true,4,705,101,158,0.19047619047619047,0.6666666666666666,0.09523809523809523,0.047619047619047616,0,8,4,crash,false,5,21,316,3790,1140,675,0,true,false,false,0,0,5921,42,0,
121,casual,3496,32,2,budget,0,82,true,4,800,80,110,0.09375,0.875,0.03125,0,0,2,5,normal,false,5,10,136,2910,450,0,0,false,false,false,0,0,3496,32,0,
122,casual,3078,38,8,budget,0,91,true,4,435,64,113,0.39473684210526316,0.5263157894736842,0.05263157894736842,0.02631578947368421,0,9,2,normal,false,5,15,453,1890,600,135,0,true,false,true,0,0,3078,38,0,
123,casual,8990,52,22,budget,2,100,false,5,1080,130,167,0,0.6923076923076923,0.11538461538461539,0,0.19230769230769232,5,20,normal,false,8,23,0,3760,850,360,4020,false,false,true,3240,10,5750,42,1,2
124,casual,3478,32,2,budget,0,82,true,4,840,76,104,0.0625,0.875,0.0625,0,0,3,2,normal,false,7,13,133,3055,290,0,0,false,false,true,0,0,3478,32,0,
125,casual,4150,32,2,budget,0,74,true,4,900,78,138,0.28125,0.71875,0,0,0,5,1,normal,false,4,14,845,2495,810,0,0,false,false,false,0,0,4150,32,0,
126,casual,5433,32,2,budget,0,83,true,7,1395,92,134,0.09375,0.875,0.03125,0,0,2,18,normal,false,5,13,198,4755,480,0,0,false,false,true,0,0,5433,32,0,
127,casual,3543,30,0,budget,0,65,true,5,1030,57,125,0.3333333333333333,0.6666666666666666,0,0,0,1,19,crash,false,8,8,333,3210,0,0,0,false,false,false,0,0,3543,30,0,
128,casual,2562,32,2,budget,0,80,true,3,450,52,101,0.3125,0.65625,0.03125,0,0,4,4,normal,false,5,10,242,2230,90,0,0,false,false,true,0,0,2562,32,0,
129,casual,5885,34,4,budget,0,80,true,6,1125,90,148,0.029411764705882353,0.9411764705882353,0.029411764705882353,0,0,2,12,crash,false,3,16,0,4805,1080,0,0,false,false,false,0,0,5885,34,0,
130,casual,165,2,0,lock,0,50,false,2,135,3,6,0,1,0,0,0,0,-1,normal,false,2,0,0,165,0,0,0,false,false,false,0,0,165,2,0,
131,casual,6950,16,19,lock,1,100,false,4,1025,70,92,0,0.5,0.25,0,0.25,6,2,frenzy,false,4,9,0,1365,2260,2265,1060,false,false,true,1810,4,5140,12,1,4
132,casual,3674,30,0,budget,0,62,true,5,743,67,141,0.3,0.7,0,0,0,4,14,crash,false,6,13,459,3215,0,0,0,false,false,false,0,0,3674,30,0,
133,casual,3520,34,4,budget,0,77,true,4,510,78,110,0.08823529411764706,0.8823529411764706,0.029411764705882353,0,0,5,6,normal,false,4,20,95,2885,540,0,0,false,false,false,0,0,3520,34,0,
134,casual,4069,30,0,budget,0,65,true,6,1355,81,140,0.23333333333333334,0.7666666666666667,0,0,0,4,6,normal,false,9,13,809,3260,0,0,0,false,false,false,0,0,4069,30,0,
135,casual,7293,45,15,budget,1,100,true,5,1740,104,168,0.37777777777777777,0.4,0.08888888888888889,0.022222222222222223,0.1111111111111111,9,2,crash,false,6,20,1128,1845,1170,90,3060,false,true,false,2970,5,4323,40,1,3
136,casual,3787,30,0,budget,0,50,true,4,615,83,147,0.3,0.7,0,0,0,4,11,normal,false,4,16,402,3385,0,0,0,false,false,true,0,0,3787,30,0,
137,casual,7460,49,19,budget,1,100,false,4,810,138,165,0,0.7346938775510204,0.14285714285714285,0.02040816326530612,0.10204081632653061,7,2,normal,false,11,16,0,4250,1980,90,1140,false,false,false,1110,5,6350,44,1,3
138,casual,8208,54,24,budget,0,98,true,5,1080,152,202,0.07407407407407407,0.7037037037037037,0.18518518518518517,0.037037037037037035,0,12,15,normal,false,4,29,238,4495,2890,585,0,true,true,false,0,0,8208,54,0,
139,casual,3845,30,0,budget,0,69,true,5,735,81,110,0.06666666666666667,0.9333333333333333,0,0,0,1,30,normal,false,7,8,90,3755,0,0,0,false,false,true,0,0,3845,30,0,
140,casual,1485,10,0,lock,0,63,false,4,435,24,42,0,1,0,0,0,0,-1,normal,false,2,5,0,1485,0,0,0,false,false,true,0,0,1485,10,0,
141,casual,17340,81,51,budget,3,100,true,5,1650,205,281,0.024691358024691357,0.5432098765432098,0.18518518518518517,0.06172839506172839,0.18518518518518517,18,1,normal,false,10,30,70,5150,4980,1620,5520,false,true,false,5460,15,11880,66,3,3|4|4
142,casual,3498,34,4,budget,0,72,true,3,430,87,113,0.08823529411764706,0.8823529411764706,0.029411764705882353,0,0,4,8,normal,false,4,16,78,2970,450,0,0,false,false,true,0,0,3498,34,0,
143,casual,8750,57,27,budget,1,100,false,4,1560,118,161,0,0.6491228070175439,0.22807017543859648,0.03508771929824561,0.08771929824561403,12,10,normal,false,13,27,0,2835,1710,2385,1820,false,false,false,1370,5,7380,52,1,8
144,casual,13135,67,37,budget,1,100,true,5,1530,180,271,0.208955223880597,0.43283582089552236,0.1791044776119403,0.1044776119402985,0.07462686567164178,18,2,normal,false,6,35,1055,3930,3770,2640,1740,false,true,false,1710,5,11425,62,1,4
145,casual,3110,30,0,budget,0,65,true,5,780,71,92,0.06666666666666667,0.9333333333333333,0,0,0,2,12,normal,false,5,11,30,3080,0,0,0,false,false,false,0,0,3110,30,0,
146,casual,9479,49,19,budget,1,100,true,4,2450,123,199,0.08163265306122448,0.673469387755102,0.12244897959183673,0.02040816326530612,0.10204081632653061,8,3,crash,false,6,24,324,3685,1640,390,3440,false,false,false,3650,5,5829,44,1,3
147,casual,2408,30,0,budget,0,64,true,3,325,62,93,0.16666666666666666,0.8333333333333334,0,0,0,4,17,normal,false,4,10,228,2180,0,0,0,false,false,false,0,0,2408,30,0,
148,casual,3685,34,4,budget,0,78,false,5,675,81,101,0,0.9411764705882353,0.058823529411764705,0,0,1,4,normal,false,10,13,0,3505,180,0,0,false,false,true,0,0,3685,34,0,
149,casual,6155,42,12,budget,0,86,false,4,560,125,160,0,0.9285714285714286,0.07142857142857142,0,0,5,10,normal,false,6,19,0,4545,1610,0,0,false,false,true,0,0,6155,42,0,
150,casual,19965,73,43,budget,3,100,true,6,3105,224,323,0.0684931506849315,0.589041095890411,0.1232876712328767,0.0136986301369863,0.2054794520547945,16,1,normal,false,9,34,510,6550,3040,4965,4900,false,false,false,6100,15,13865,58,2,3|2
151,casual,6667,44,14,budget,0,93,true,4,915,121,172,0.20454545454545456,0.6136363636363636,0.13636363636363635,0.045454545454545456,0,8,2,normal,false,6,22,172,4590,1500,405,0,true,false,false,0,0,6667,44,0,
152,casual,2385,30,0,budget,0,60,true,3,270,63,87,0,1,0,0,0,0,-1,normal,false,6,11,70,2315,0,0,0,false,false,false,0,0,2385,30,0,
153,casual,7525,42,12,budget,0,95,true,7,2320,109,182,0.047619047619047616,0.8571428571428571,0.07142857142857142,0.023809523809523808,0,8,3,normal,false,5,19,65,6035,1290,135,0,true,true,true,0,0,7525,42,0,
154,casual,2221,30,0,budget,0,62,true,4,390,53,91,0.2,0.8,0,0,0,1,25,normal,false,6,11,256,1965,0,0,0,false,false,true,0,0,2221,30,0,
155,casual,11515,63,33,budget,1,100,true,5,1350,155,218,0,0.746031746031746,0.12698412698412698,0.047619047619047616,0.07936507936507936,14,2,normal,false,6,29,90,4880,2660,1665,2220,false,true,false,2130,5,9385,58,1,3
156,casual,2441,14,0,lock,0,66,true,8,1560,33,62,0.5,0.5,0,0,0,2,10,crash,false,5,5,436,2005,0,0,0,false,false,false,0,0,2441,14,0,
157,casual,6310,36,6,budget,0,80,true,6,1810,110,168,0.027777777777777776,0.9166666666666666,0.05555555555555555,0,0,4,1,normal,false,6,19,15,6085,210,0,0,false,false,false,0,0,6310,36,0,
158,casual,11216,43,13,budget,1,100,true,7,4860,104,160,0.06976744186046512,0.6976744186046512,0.09302325581395349,0.023255813953488372,0.11627906976744186,5,8,normal,false,13,18,281,2820,270,2865,4980,false,false,false,7380,5,3836,38,1,5
159,casual,8045,41,11,budget,1,100,true,5,1500,108,127,0.21951219512195122,0.5853658536585366,0.07317073170731707,0,0.12195121951219512,5,16,normal,false,12,15,205,2400,1320,600,3520,false,false,true,3700,5,4345,36,1,2
160,casual,3872,34,4,budget,0,70,true,3,435,79,124,0.17647058823529413,0.8235294117647058,0,0,0,3,12,normal,false,6,14,172,3700,0,0,0,false,false,false,0,0,3872,34,0,
161,casual,4800,36,6,budget,0,81,true,5,960,95,127,0.05555555555555555,0.9444444444444444,0,0,0,5,4,normal,false,4,17,30,4350,420,0,0,false,false,false,0,0,4800,36,0,
162,casual,4042,32,2,budget,0,74,true,4,545,75,133,0.25,0.71875,0.03125,0,0,2,1,crash,false,7,11,187,3705,150,0,0,false,false,false,0,0,4042,32,0,
163,casual,2659,30,0,budget,0,64,true,4,450,54,100,0.23333333333333334,0.7666666666666667,0,0,0,2,20,crash,false,4,12,259,2400,0,0,0,false,false,false,0,0,2659,30,0,
164,casual,3563,34,4,budget,0,86,true,4,420,64,114,0.058823529411764705,0.8235294117647058,0.11764705882352941,0,0,3,8,crash,false,7,15,153,2780,360,270,0,false,false,true,0,0,3563,34,0,
165,casual,4265,38,8,budget,0,91,false,5,720,91,105,0,0.7894736842105263,0.15789473684210525,0.05263157894736842,0,4,2,normal,false,8,15,0,3090,650,525,0,true,false,false,0,0,4265,38,0,
166,casual,2389,30,0,budget,0,62,true,4,243,69,126,0.6666666666666666,0.3333333333333333,0,0,0,4,8,crash,false,4,15,1429,960,0,0,0,false,false,true,0,0,2389,30,0,
167,casual,7265,44,14,budget,0,94,true,4,1515,119,169,0.022727272727272728,0.8636363636363636,0.11363636363636363,0,0,8,3,normal,false,3,23,30,4370,840,2025,0,true,false,false,0,0,7265,44,0,
168,casual,3346,30,0,budget,0,69,true,3,435,67,113,0.13333333333333333,0.8666666666666667,0,0,0,0,-1,crash,false,4,11,116,3230,0,0,0,false,false,false,0,0,3346,30,0,
169,casual,14118,53,23,budget,1,100,true,6,4230,129,204,0.05660377358490566,0.6037735849056604,0.18867924528301888,0.05660377358490566,0.09433962264150944,9,4,crash,false,8,23,83,2670,2840,3405,5120,false,true,false,5570,5,8548,48,1,6
170,casual,2540,30,0,budget,0,62,true,5,406,53,120,0.6,0.4,0,0,0,2,23,normal,false,12,9,1045,1495,0,0,0,false,false,false,0,0,2540,30,0,
171,casual,2530,30,0,budget,0,59,true,3,510,59,104,0.3,0.7,0,0,0,3,14,normal,false,8,9,525,2005,0,0,0,false,false,false,0,0,2530,30,0,
172,casual,2846,30,0,budget,0,69,true,3,530,72,110,0.2,0.8,0,0,0,1,17,normal,false,7,9,271,2575,0,0,0,false,false,true,0,0,2846,30,0,
173,casual,3756,32,2,budget,0,82,true,4,600,83,116,0.125,0.84375,0.03125,0,0,2,8,normal,false,5,18,76,3380,300,0,0,false,false,false,0,0,3756,32,0,
174,casual,3888,30,0,budget,0,62,true,6,915,75,121,0.1,0.9,0,0,0,2,14,normal,false,7,12,223,3665,0,0,0,false,false,false,0,0,3888,30,0,
175,casual,9238,62,32,budget,0,94,true,4,660,166,213,0.04838709677419355,0.6935483870967742,0.20967741935483872,0.04838709677419355,0,16,1,normal,false,12,28,153,4785,2500,1800,0,true,false,true,0,0,9238,62,0,
176,casual,5683,40,10,budget,0,92,true,4,780,100,153,0.1,0.725,0.125,0.05,0,6,6,normal,false,5,20,433,3225,1710,315,0,true,false,false,0,0,5683,40,0,
177,casual,2681,32,2,budget,0,70,true,5,740,62,87,0.125,0.875,0,0,0,2,9,normal,false,5,10,76,2605,0,0,0,false,false,true,0,0,2681,32,0,
178,casual,2803,30,0,budget,0,62,true,4,780,63,100,0.16666666666666666,0.8333333333333334,0,0,0,1,25,crash,false,5,11,208,2595,0,0,0,false,false,false,0,0,2803,30,0,
179,casual,3553,30,0,budget,0,63,true,4,420,84,124,0.13333333333333333,0.8666666666666667,0,0,0,2,21,normal,false,5,11,363,3190,0,0,0,false,false,false,0,0,3553,30,0,
180,casual,5181,34,4,budget,0,71,true,4,795,80,142,0.14705882352941177,0.8529411764705882,0,0,0,4,8,normal,false,4,14,271,4280,630,0,0,false,false,false,0,0,5181,34,0,
181,casual,2676,30,0,budget,0,66,true,4,600,71,96,0.23333333333333334,0.7666666666666667,0,0,0,3,7,normal,false,4,13,181,2495,0,0,0,false,false,false,0,0,2676,30,0,
182,casual,4706,38,8,budget,0,73,true,7,1195,90,143,0.10526315789473684,0.868421052631579,0.02631578947368421,0,0,4,10,crash,false,5,14,121,4315,270,0,0,false,false,false,0,0,4706,38,0,
183,casual,5261,32,2,budget,0,74,true,7,1520,86,149,0.28125,0.6875,0.03125,0,0,6,5,normal,false,3,17,346,4825,90,0,0,false,false,true,0,0,5261,32,0,
184,casual,2684,30,0,budget,0,65,true,6,608,65,112,0.3333333333333333,0.6666666666666666,0,0,0,3,13,crash,false,6,13,744,1940,0,0,0,false,false,false,0,0,2684,30,0,
185,casual,19120,82,52,budget,4,100,true,4,2740,219,286,0,0.5121951219512195,0.1951219512195122,0.04878048780487805,0.24390243902439024,18,2,normal,false,7,41,30,4710,2880,1560,9940,false,true,false,9190,20,9930,62,4,6|4|5|4
186,casual,3530,30,0,budget,0,69,false,4,430,78,105,0,1,0,0,0,0,-1,normal,false,5,12,0,3530,0,0,0,false,false,false,0,0,3530,30,0,
187,casual,2893,30,0,budget,0,58,true,5,795,63,102,0.2,0.8,0,0,0,3,6,crash,false,3,13,143,2750,0,0,0,false,false,false,0,0,2893,30,0,
188,casual,2915,34,4,budget,0,75,true,4,390,72,105,0.20588235294117646,0.7352941176470589,0.058823529411764705,0,0,4,6,normal,false,6,14,260,2445,210,0,0,false,false,false,0,0,2915,34,0,
189,casual,12776,55,25,budget,1,100,true,5,3600,162,210,0.14545454545454545,0.5818181818181818,0.12727272727272726,0.05454545454545454,0.09090909090909091,11,2,normal,false,6,24,561,4095,900,1980,5240,false,false,false,5670,5,7106,50,1,2
190,casual,15720,71,41,budget,1,100,true,5,1920,218,278,0.014084507042253521,0.647887323943662,0.18309859154929578,0.08450704225352113,0.07042253521126761,16,4,normal,false,10,31,60,6070,5900,1710,1980,false,true,false,2010,5,13710,66,1,3
191,casual,4015,38,8,budget,0,90,true,4,555,81,141,0.2894736842105263,0.6578947368421053,0.05263157894736842,0,0,9,1,crash,false,3,20,630,2905,210,270,0,true,false,false,0,0,4015,38,0,
192,casual,2022,30,0,budget,0,62,true,4,430,49,90,0.3333333333333333,0.6666666666666666,0,0,0,2,19,normal,false,7,7,362,1660,0,0,0,false,false,false,0,0,2022,30,0,
193,casual,5545,36,6,budget,0,81,false,4,740,111,146,0,0.9722222222222222,0.027777777777777776,0,0,3,9,normal,false,6,16,0,4645,900,0,0,false,false,true,0,0,5545,36,0,
194,casual,3338,34,4,budget,0,80,true,4,505,74,132,0.4117647058823529,0.5588235294117647,0.029411764705882353,0,0,6,1,normal,false,9,12,828,2180,330,0,0,false,false,false,0,0,3338,34,0,
195,casual,2997,32,2,budget,0,84,true,3,420,68,98,0.28125,0.625,0.09375,0,0,4,4,normal,false,7,15,167,2590,240,0,0,false,false,true,0,0,2997,32,0,
196,casual,2585,32,2,budget,0,71,true,4,520,62,90,0.03125,0.96875,0,0,0,2,11,normal,false,6,11,135,2270,180,0,0,false,false,false,0,0,2585,32,0,
197,casual,3785,32,2,budget,0,83,true,4,610,85,112,0.15625,0.78125,0.0625,0,0,4,14,normal,false,5,11,155,2700,930,0,0,false,false,false,0,0,3785,32,0,
198,casual,7764,45,15,budget,1,100,true,4,920,122,166,0.17777777777777778,0.5555555555555556,0.15555555555555556,0,0.1111111111111111,6,2,normal,false,5,17,324,3100,1980,240,2120,false,false,true,1500,5,6264,40,1,2
199,casual,3973,38,8,budget,0,82,true,4,810,84,120,0.05263157894736842,0.8947368421052632,0.05263157894736842,0,0,6,6,normal,false,4,18,68,2945,960,0,0,false,false,false,0,0,3973,38,0,
200,casual,3319,30,0,budget,0,50,true,6,1215,49,124,0.6333333333333333,0.36666666666666664,0,0,0,5,3,normal,false,6,12,934,2385,0,0,0,false,false,false,0,0,3319,30,0,
201,casual,4740,38,8,budget,0,92,true,4,1080,86,123,0.07894736842105263,0.868421052631579,0.05263157894736842,0,0,6,12,normal,false,6,21,100,3110,1260,270,0,true,false,true,0,0,4740,38,0,
202,casual,3090,30,0,budget,0,53,true,3,360,65,117,0.03333333333333333,0.9666666666666667,0,0,0,1,10,normal,false,4,12,60,3030,0,0,0,false,false,true,0,0,3090,30,0,
203,casual,8118,45,15,budget,1,100,true,4,1020,124,169,0.08888888888888889,0.6,0.13333333333333333,0.06666666666666667,0.1111111111111111,9,5,normal,false,3,27,153,3115,2030,1380,1440,false,true,false,2220,5,5898,40,1,4
204,casual,4326,34,4,budget,0,73,true,5,750,80,129,0.11764705882352941,0.8529411764705882,0.029411764705882353,0,0,4,9,normal,false,4,12,151,3545,630,0,0,false,false,false,0,0,4326,34,0,
205,casual,5977,36,6,budget,0,81,true,5,2140,71,141,0.2222222222222222,0.7222222222222222,0.05555555555555555,0,0,5,2,crash,false,4,15,212,2575,3190,0,0,false,false,false,0,0,5977,36,0,
206,casual,1081,17,0,lock,0,62,true,3,270,27,45,0.23529411764705882,0.7647058823529411,0,0,0,1,14,normal,false,7,3,166,915,0,0,0,false,false,false,0,0,1081,17,0,
207,casual,10361,53,23,budget,1,100,true,5,2040,156,228,0.16981132075471697,0.5660377358490566,0.11320754716981132,0.05660377358490566,0.09433962264150944,10,13,normal,false,5,23,811,3765,1920,2265,1600,false,true,true,1570,5,8791,48,1,3
208,casual,1155,9,0,lock,0,52,false,4,465,21,32,0,1,0,0,0,0,-1,normal,false,3,3,0,1155,0,0,0,false,false,false,0,0,1155,9,0,
209,casual,3163,30,0,budget,0,62,true,5,435,61,108,0.16666666666666666,0.8333333333333334,0,0,0,3,11,crash,false,6,13,443,2720,0,0,0,false,false,false,0,0,3163,30,0,
210,casual,3975,32,2,budget,0,80,true,5,600,87,131,0.15625,0.8125,0.03125,0,0,3,2,crash,false,4,15,175,3620,180,0,0,false,false,false,0,0,3975,32,0,
211,casual,3568,30,0,budget,0,66,true,4,605,73,119,0.16666666666666666,0.8333333333333334,0,0,0,3,18,normal,false,6,13,208,3360,0,0,0,false,false,true,0,0,3568,30,0,
212,casual,3218,32,2,budget,0,74,true,4,495,71,104,0.125,0.84375,0.03125,0,0,4,5,normal,false,5,12,73,3055,90,0,0,false,false,true,0,0,3218,32,0,
213,casual,4675,36,6,budget,0,80,true,4,555,87,138,0.05555555555555555,0.8888888888888888,0.05555555555555555,0,0,5,1,normal,false,6,13,75,4420,180,0,0,false,false,true,0,0,4675,36,0,
214,casual,6261,43,13,budget,1,100,true,4,1190,103,135,0.16279069767441862,0.6976744186046512,0.023255813953488372,0,0.11627906976744186,6,3,normal,false,7,14,231,3000,720,630,1680,false,false,true,2210,5,4051,38,0,
215,casual,5640,41,11,budget,1,100,true,3,960,95,121,0.024390243902439025,0.7317073170731707,0.0975609756097561,0.024390243902439025,0.12195121951219512,5,5,normal,false,10,17,15,3045,270,90,2220,false,true,true,1770,5,3870,36,1,4
216,casual,2805,36,6,budget,0,74,true,5,555,66,83,0,0.9166666666666666,0.08333333333333333,0,0,2,2,normal,false,10,12,30,2505,270,0,0,false,false,true,0,0,2805,36,0,
217,casual,5578,38,8,budget,0,84,true,5,765,102,149,0.05263157894736842,0.8421052631578947,0.10526315789473684,0,0,6,10,normal,false,6,18,308,4910,360,0,0,false,false,false,0,0,5578,38,0,
218,casual,3794,36,6,budget,0,83,true,3,305,83,122,0.16666666666666666,0.7222222222222222,0.1111111111111111,0,0,5,2,normal,false,8,14,204,2870,720,0,0,false,false,true,0,0,3794,36,0,
219,casual,3733,32,2,budget,0,83,true,6,1410,68,111,0.1875,0.75,0.0625,0,0,4,2,normal,false,6,14,268,3165,300,0,0,false,false,true,0,0,3733,32,0,
220,casual,3883,34,4,budget,0,76,true,4,570,85,121,0.11764705882352941,0.8529411764705882,0.029411764705882353,0,0,3,7,normal,false,4,13,203,3230,450,0,0,false,false,true,0,0,3883,34,0,
221,casual,3478,32,2,budget,0,74,true,4,620,87,123,0.09375,0.875,0.03125,0,0,2,1,normal,false,5,12,123,3205,150,0,0,false,false,false,0,0,3478,32,0,
222,casual,14668,60,30,budget,2,100,true,5,4100,158,198,0.016666666666666666,0.5666666666666667,0.21666666666666667,0.03333333333333333,0.16666666666666666,11,5,normal,false,6,26,53,3560,1890,1485,7680,false,true,true,8450,10,6218,50,2,7|6
223,casual,1730,19,0,lock,0,64,true,3,300,38,65,0,1,0,0,0,0,-1,normal,false,5,5,90,1640,0,0,0,false,false,false,0,0,1730,19,0,
224,casual,4087,30,0,budget,0,65,true,6,1020,69,115,0.16666666666666666,0.8333333333333334,0,0,0,1,12,normal,false,4,13,212,3875,0,0,0,false,false,true,0,0,4087,30,0,
225,casual,5465,32,2,budget,0,82,true,7,2820,77,116,0.03125,0.9375,0.03125,0,0,2,1,normal,false,13,6,15,2630,2820,0,0,false,false,false,0,0,5465,32,0,
226,casual,4438,30,0,budget,0,66,true,5,545,87,143,0.06666666666666667,0.9333333333333333,0,0,0,0,-1,crash,false,11,8,238,4200,0,0,0,false,false,false,0,0,4438,30,0,
227,casual,4781,47,17,budget,1,100,true,3,450,93,127,0.23404255319148937,0.46808510638297873,0.14893617021276595,0.0425531914893617,0.10638297872340426,11,9,normal,false,5,26,281,1680,1210,270,1340,false,false,false,1250,5,3531,42,1,3
228,casual,2754,30,0,budget,0,62,true,5,750,60,104,0.3333333333333333,0.6666666666666666,0,0,0,2,12,normal,false,5,11,504,2250,0,0,0,false,false,false,0,0,2754,30,0,
229,casual,2951,30,0,budget,0,62,true,4,435,70,131,0.4666666666666667,0.5333333333333333,0,0,0,3,8,normal,false,4,16,1186,1765,0,0,0,false,false,true,0,0,2951,30,0,
230,casual,7090,41,11,budget,1,100,false,4,1040,110,152,0,0.8048780487804879,0.04878048780487805,0.024390243902439025,0.12195121951219512,4,17,normal,false,8,18,0,3970,1650,90,1380,false,false,false,990,5,6100,36,1,3
231,casual,7375,50,20,budget,0,84,false,6,1185,141,192,0,0.9,0.1,0,0,9,4,normal,false,6,23,0,5575,1800,0,0,false,false,true,0,0,7375,50,0,
232,casual,15265,64,35,lock,1,100,true,6,4120,177,229,0.046875,0.546875,0.265625,0.0625,0.078125,18,3,normal,false,5,35,145,4955,2250,2355,5560,false,true,false,5470,5,9795,59,1,5
233,casual,4441,32,2,budget,0,73,true,5,685,84,132,0.15625,0.8125,0.03125,0,0,3,2,normal,false,3,18,171,4120,150,0,0,false,false,false,0,0,4441,32,0,
234,casual,12675,65,35,budget,1,100,false,6,1080,157,209,0,0.5076923076923077,0.3384615384615385,0.07692307692307693,0.07692307692307693,15,2,normal,false,4,31,0,3775,4270,2430,2200,false,true,false,2040,5,10635,60,1,6
235,casual,2836,30,0,budget,0,62,true,6,885,61,116,0.4,0.6,0,0,0,3,12,normal,false,4,16,641,2195,0,0,0,false,false,true,0,0,2836,30,0,
236,casual,3880,30,0,budget,0,64,false,4,860,86,110,0,1,0,0,0,0,-1,normal,false,7,11,0,3880,0,0,0,false,false,true,0,0,3880,30,0,
237,casual,16610,55,25,budget,1,100,true,6,5400,172,236,0,0.6909090909090909,0.2,0.01818181818181818,0.09090909090909091,9,5,normal,false,6,20,30,6060,3260,180,7080,false,false,false,7080,5,9530,50,1,3
238,casual,2889,30,0,budget,0,64,true,3,330,69,108,0.16666666666666666,0.8333333333333334,0,0,0,2,13,normal,false,5,12,299,2590,0,0,0,false,false,false,0,0,2889,30,0,
239,casual,5550,44,14,budget,0,81,true,6,1020,106,163,0.022727272727272728,0.9318181818181818,0.045454545454545456,0,0,8,9,normal,false,4,23,45,4785,720,0,0,false,false,false,0,0,5550,44,0,
240,casual,4248,42,12,budget,0,75,true,5,780,90,125,0.047619047619047616,0.8571428571428571,0.09523809523809523,0,0,5,4,crash,false,5,19,23,3595,630,0,0,false,false,false,0,0,4248,42,0,
241,casual,2557,30,0,budget,0,62,true,4,500,53,115,0.5666666666666667,0.43333333333333335,0,0,0,2,15,crash,false,8,11,717,1840,0,0,0,false,false,false,0,0,2557,30,0,
242,casual,3578,30,0,budget,0,66,true,5,890,71,129,0.16666666666666666,0.8333333333333334,0,0,0,3,10,crash,false,4,16,258,3320,0,0,0,false,false,false,0,0,3578,30,0,
243,casual,11240,36,38,lock,2,100,false,4,1860,107,119,0,0.1111111111111111,0.4722222222222222,0.1388888888888889,0.2777777777777778,13,1,frenzy,false,3,23,0,835,3050,1575,5780,false,true,false,6110,10,5130,26,2,6|4
244,casual,2835,30,0,budget,0,62,true,4,435,68,114,0.2,0.8,0,0,0,2,17,crash,false,3,14,245,2590,0,0,0,false,false,false,0,0,2835,30,0,
245,casual,8670,43,13,budget,1,100,true,5,1560,110,150,0.046511627906976744,0.7674418604651163,0.046511627906976744,0.023255813953488372,0.11627906976744186,5,3,normal,false,5,16,75,4065,660,1170,2700,false,true,false,2760,5,5910,38,1,2
246,casual,2928,30,0,budget,0,65,true,3,390,63,97,0.13333333333333333,0.8666666666666667,0,0,0,3,22,normal,false,5,13,98,2830,0,0,0,false,false,false,0,0,2928,30,0,
247,casual,9370,60,30,budget,0,98,true,4,1515,140,180,0.03333333333333333,0.65,0.25,0.06666666666666667,0,14,7,normal,false,13,26,30,2820,4120,2400,0,true,true,true,0,0,9370,60,0,
248,casual,3181,30,0,budget,0,65,true,5,750,72,104,0.23333333333333334,0.7666666666666667,0,0,0,3,9,normal,false,7,12,406,2775,0,0,0,false,false,true,0,0,3181,30,0,
249,casual,6703,53,23,budget,1,100,true,4,810,116,161,0.18867924528301888,0.5094339622641509,0.09433962264150944,0.11320754716981132,0.09433962264150944,11,6,normal,false,8,21,518,2540,990,1035,1620,false,true,false,1470,5,5233,48,1,7
250,casual,3237,30,0,budget,0,69,true,5,690,68,120,0.26666666666666666,0.7333333333333333,0,0,0,2,21,crash,false,4,13,442,2795,0,0,0,false,false,true,0,0,3237,30,0,
251,casual,3414,30,0,budget,0,65,true,4,555,76,121,0.2,0.8,0,0,0,2,13,normal,false,6,12,504,2910,0,0,0,false,false,true,0,0,3414,30,0,
252,casual,465,6,0,lock,0,50,false,2,180,10,21,0,1,0,0,0,0,-1,normal,false,2,2,0,465,0,0,0,false,false,false,0,0,465,6,0,
253,casual,550,6,0,lock,0,68,false,3,345,10,18,0,1,0,0,0,0,-1,normal,false,4,1,0,550,0,0,0,false,false,false,0,0,550,6,0,
254,casual,1732,30,0,budget,0,53,true,3,255,46,80,0.3,0.7,0,0,0,2,24,normal,false,4,9,232,1500,0,0,0,false,false,false,0,0,1732,30,0,
255,casual,7650,38,8,budget,0,98,true,6,1980,84,135,0.18421052631578946,0.5789473684210527,0.13157894736842105,0.10526315789473684,0,5,4,normal,false,8,16,175,2155,2320,3000,0,true,true,false,0,0,7650,38,0,
256,casual,3815,40,10,budget,0,81,true,3,610,86,120,0.025,0.9,0.075,0,0,6,5,normal,false,4,18,15,2650,1150,0,0,false,false,false,0,0,3815,40,0,
257,casual,13745,78,48,budget,0,97,false,5,1905,184,254,0,0.6025641025641025,0.2948717948717949,0.10256410256410256,0,23,4,normal,false,6,44,0,3915,5540,4290,0,true,true,false,0,0,13745,78,0,
258,casual,4988,40,10,budget,0,94,true,3,425,94,147,0.15,0.725,0.075,0.05,0,9,1,normal,false,4,20,113,3825,690,360,0,true,false,true,0,0,4988,40,0,
259,casual,2977,32,2,budget,0,73,true,4,525,59,117,0.15625,0.8125,0.03125,0,0,2,2,normal,false,7,13,442,2445,90,0,0,false,false,true,0,0,2977,32,0,
260,casual,75,2,0,lock,0,62,false,1,45,3,3,0,1,0,0,0,0,-1,normal,false,2,0,0,75,0,0,0,false,false,false,0,0,75,2,0,
261,casual,4280,40,10,budget,0,92,true,6,1110,86,125,0.125,0.775,0.1,0,0,5,7,crash,false,9,11,180,3530,300,270,0,true,false,false,0,0,4280,40,0,
262,casual,2568,34,4,budget,0,82,true,3,510,70,86,0.08823529411764706,0.9117647058823529,0,0,0,4,9,normal,false,7,12,53,2035,480,0,0,false,false,false,0,0,2568,34,0,
263,casual,3765,32,2,budget,0,72,true,4,950,76,117,0.15625,0.8125,0.03125,0,0,4,2,normal,false,6,11,150,3525,90,0,0,false,false,true,0,0,3765,32,0,
264,casual,7205,38,17,lock,1,100,true,3,1140,105,140,0.02631578947368421,0.6578947368421053,0.13157894736842105,0.05263157894736842,0.13157894736842105,8,2,normal,false,3,23,15,3325,1260,225,2380,false,false,false,1710,5,5495,33,1,4
265,casual,7035,51,21,budget,1,100,true,5,810,122,149,0,0.6666666666666666,0.17647058823529413,0.058823529411764705,0.09803921568627451,9,20,normal,false,5,31,30,3430,1790,405,1380,false,false,true,1350,5,5685,46,1,4
266,casual,10380,55,25,budget,1,100,false,4,1095,150,195,0,0.8,0.09090909090909091,0.01818181818181818,0.09090909090909091,10,2,normal,false,10,22,0,4620,1320,1080,3360,false,false,false,3495,5,6885,50,1,3
267,casual,11203,54,24,budget,2,100,true,5,1580,134,198,0.2037037037037037,0.42592592592592593,0.14814814814814814,0.037037037037037035,0.18518518518518517,11,2,normal,false,8,23,568,3445,970,720,5500,false,false,false,5380,10,5823,44,2,5|3
268,casual,7118,45,15,budget,1,100,true,4,870,117,158,0.08888888888888889,0.6888888888888889,0.1111111111111111,0,0.1111111111111111,6,5,normal,false,9,15,188,3760,900,810,1460,false,false,false,1770,5,5348,40,1,2
269,casual,8321,45,15,budget,1,100,true,4,1580,109,162,0.13333333333333333,0.6222222222222222,0.1111111111111111,0.022222222222222223,0.1111111111111111,8,2,crash,false,7,18,511,3110,930,90,3680,false,false,false,3350,5,4971,40,1,3
270,casual,2881,32,2,budget,0,80,true,3,480,73,102,0.09375,0.875,0.03125,0,0,3,12,normal,false,7,12,151,2640,90,0,0,false,false,true,0,0,2881,32,0,
271,casual,2416,32,2,budget,0,82,true,3,260,57,121,0.5,0.46875,0.03125,0,0,3,1,normal,false,11,10,816,1330,270,0,0,false,false,true,0,0,2416,32,0,
272,casual,2490,32,2,budget,0,77,true,3,285,66,99,0.15625,0.8125,0.03125,0,0,3,2,crash,false,5,15,105,2295,90,0,0,false,false,false,0,0,2490,32,0,
273,casual,4976,38,8,budget,0,82,true,4,675,105,147,0.13157894736842105,0.7894736842105263,0.07894736842105263,0,0,5,13,normal,false,3,20,316,3880,780,0,0,false,false,false,0,0,4976,38,0,
274,casual,6610,34,4,budget,0,71,true,5,1230,97,164,0.029411764705882353,0.9705882352941176,0,0,0,3,16,normal,false,8,17,90,5440,1080,0,0,false,false,true,0,0,6610,34,0,
275,casual,3360,30,0,budget,0,62,true,6,1240,57,105,0.43333333333333335,0.5666666666666667,0,0,0,4,9,crash,false,8,8,295,3065,0,0,0,false,false,false,0,0,3360,30,0,
276,casual,3566,30,0,budget,0,61,true,5,1245,65,112,0.1,0.9,0,0,0,2,14,normal,false,6,8,196,3370,0,0,0,false,false,false,0,0,3566,30,0,
277,casual,4080,32,2,budget,0,75,true,6,870,91,115,0.03125,0.9375,0.03125,0,0,2,2,normal,false,5,12,15,3975,90,0,0,false,false,false,0,0,4080,32,0,
278,casual,3030,34,4,budget,0,72,true,3,300,68,95,0.029411764705882353,0.9411764705882353,0.029411764705882353,0,0,3,6,normal,false,3,16,15,2745,270,0,0,false,false,true,0,0,3030,34,0,
279,casual,885,11,0,lock,0,50,true,2,225,16,39,0.09090909090909091,0.9090909090909091,0,0,0,0,-1,crash,false,8,2,30,855,0,0,0,false,false,false,0,0,885,11,0,
280,casual,2623,32,2,budget,0,74,true,3,630,66,92,0.0625,0.90625,0.03125,0,0,2,11,normal,false,10,9,83,2450,90,0,0,false,false,false,0,0,2623,32,0,
281,casual,3954,42,12,budget,0,84,true,4,270,95,148,0.11904761904761904,0.7857142857142857,0.09523809523809523,0,0,9,1,normal,false,6,21,579,2715,660,0,0,false,false,false,0,0,3954,42,0,
282,casual,2737,26,4,lock,0,83,true,4,935,48,86,0.3076923076923077,0.5384615384615384,0.15384615384615385,0,0,3,1,crash,false,7,7,212,1925,600,0,0,false,false,false,0,0,2737,26,0,
283,casual,4206,38,8,budget,0,84,true,3,480,91,149,0.2631578947368421,0.5789473684210527,0.15789473684210525,0,0,7,3,normal,false,5,16,446,1950,1810,0,0,false,false,false,0,0,4206,38,0,
284,casual,3055,30,0,budget,0,62,true,3,390,67,119,0.03333333333333333,0.9666666666666667,0,0,0,1,30,normal,false,5,12,230,2825,0,0,0,false,false,true,0,0,3055,30,0,
285,casual,4873,34,4,budget,0,78,true,5,975,82,139,0.11764705882352941,0.8529411764705882,0.029411764705882353,0,0,3,14,crash,false,4,16,113,4490,270,0,0,false,false,false,0,0,4873,34,0,
286,casual,2423,34,4,budget,0,80,true,3,263,69,106,0.3235294117647059,0.6176470588235294,0.058823529411764705,0,0,5,3,normal,false,6,13,513,1730,180,0,0,false,false,false,0,0,2423,34,0,
287,casual,3633,30,0,budget,0,64,true,7,1500,77,113,0.23333333333333334,0.7666666666666667,0,0,0,5,12,normal,false,5,13,293,3340,0,0,0,false,false,true,0,0,3633,30,0,
288,casual,8405,47,17,budget,1,100,true,4,730,150,198,0.06382978723404255,0.6808510638297872,0.14893617021276595,0,0.10638297872340426,8,1,normal,false,4,21,90,4985,1030,720,1580,false,false,true,2130,5,6275,42,0,
289,casual,4883,30,0,budget,0,65,true,6,995,80,166,0.36666666666666664,0.6333333333333333,0,0,0,3,16,normal,false,4,15,1123,3760,0,0,0,false,false,false,0,0,4883,30,0,
290,casual,3190,30,0,budget,0,69,false,3,435,71,105,0,1,0,0,0,0,-1,normal,false,7,12,0,3190,0,0,0,false,false,false,0,0,3190,30,0,
291,casual,10279,51,21,budget,1,100,true,5,2730,114,185,0.29411764705882354,0.47058823529411764,0.11764705882352941,0.0196078431372549,0.09803921568627451,9,1,crash,false,11,15,649,1645,3020,765,4200,false,true,false,3810,5,6469,46,1,3
292,casual,1523,24,2,lock,0,80,true,3,225,45,59,0.20833333333333334,0.75,0.041666666666666664,0,0,2,14,normal,false,7,6,188,1245,90,0,0,false,false,false,0,0,1523,24,0,
293,casual,7961,50,20,budget,2,100,true,6,1060,107,153,0.14,0.56,0.08,0.02,0.2,9,3,crash,false,8,17,156,3165,1870,270,2500,false,true,false,2190,10,5771,40,2,2|4
294,casual,16735,70,40,budget,2,100,false,7,4725,175,221,0,0.5714285714285714,0.18571428571428572,0.1,0.14285714285714285,15,2,normal,false,11,27,0,3595,3030,6510,3600,false,true,true,3600,10,13135,60,2,2|4
295,casual,5891,36,6,budget,0,88,true,9,1965,88,141,0.2777777777777778,0.6388888888888888,0.08333333333333333,0,0,6,4,normal,false,4,18,346,4145,860,540,0,false,false,false,0,0,5891,36,0,
296,casual,1865,30,0,budget,0,68,true,3,240,49,92,0.36666666666666664,0.6333333333333333,0,0,0,1,28,crash,false,5,7,310,1555,0,0,0,false,false,false,0,0,1865,30,0,
297,casual,4980,45,15,budget,1,100,true,3,800,89,116,0,0.7111111111111111,0.13333333333333333,0.044444444444444446,0.1111111111111111,6,2,normal,false,9,20,90,1995,460,495,1940,false,true,false,1430,5,3550,40,1,6
298,casual,3488,30,0,budget,0,65,true,4,500,73,129,0.13333333333333333,0.8666666666666667,0,0,0,2,5,crash,false,7,7,98,3390,0,0,0,false,false,false,0,0,3488,30,0,
299,casual,3208,32,2,budget,0,83,true,4,330,85,121,0.21875,0.71875,0.0625,0,0,3,2,normal,false,3,15,408,2530,270,0,0,false,false,true,0,0,3208,32,0,
300,casual,5204,43,13,budget,1,100,true,3,540,88,136,0.11627906976744186,0.6511627906976745,0.09302325581395349,0.023255813953488372,0.11627906976744186,7,2,normal,false,11,13,119,2255,600,270,1960,false,true,true,1630,5,3574,38,1,3
301,casual,10445,70,40,budget,0,94,false,6,1115,177,235,0,0.6857142857142857,0.22857142857142856,0.08571428571428572,0,18,7,normal,false,5,36,0,5750,3480,1215,0,true,false,false,0,0,10445,70,0,
302,casual,3049,30,0,budget,0,50,true,5,630,62,106,0.3,0.7,0,0,0,4,13,normal,false,7,9,294,2755,0,0,0,false,false,true,0,0,3049,30,0,
303,casual,2945,30,0,budget,0,50,true,6,888,58,115,0.4,0.6,0,0,0,4,11,crash,false,5,12,1205,1740,0,0,0,false,false,false,0,0,2945,30,0,
304,casual,21141,74,44,budget,2,100,true,5,2940,220,303,0.04054054054054054,0.581081081081081,0.21621621621621623,0.02702702702702703,0.13513513513513514,15,8,normal,false,8,30,136,5270,3230,4005,8500,false,true,false,8360,10,12781,64,1,15
305,casual,2290,30,0,budget,0,65,false,3,330,63,80,0,1,0,0,0,0,-1,normal,false,6,11,0,2290,0,0,0,false,false,false,0,0,2290,30,0,
306,casual,23764,64,34,budget,2,100,true,10,13340,180,224,0.09375,0.484375,0.203125,0.0625,0.15625,12,1,crash,false,11,25,199,3600,2060,1125,16780,false,true,false,15930,10,7834,54,2,8|3
307,casual,2624,30,0,budget,0,53,true,3,435,54,110,0.36666666666666664,0.6333333333333333,0,0,0,5,10,normal,false,4,11,474,2150,0,0,0,false,false,true,0,0,2624,30,0,
308,casual,1020,4,0,lock,0,64,true,4,525,11,26,0,1,0,0,0,0,-1,normal,false,1,2,120,900,0,0,0,false,false,true,0,0,1020,4,0,
309,casual,3740,36,6,budget,0,74,false,3,420,89,125,0,0.9166666666666666,0.08333333333333333,0,0,3,8,normal,false,5,9,0,3470,270,0,0,false,false,true,0,0,3740,36,0,
310,casual,13016,52,22,budget,2,100,true,4,1080,147,215,0.057692307692307696,0.6538461538461539,0.07692307692307693,0.019230769230769232,0.19230769230769232,5,17,crash,false,6,24,46,3780,2840,1290,5060,false,false,false,4950,10,8066,42,2,2|3
311,casual,9305,35,31,lock,1,100,false,5,4500,74,104,0,0.5428571428571428,0.2571428571428571,0.05714285714285714,0.14285714285714285,13,1,normal,false,4,18,0,1375,1660,810,5460,false,true,false,5010,5,4295,30,1,5
312,casual,5740,28,27,lock,1,100,false,4,1140,68,63,0,0.07142857142857142,0.5357142857142857,0.21428571428571427,0.17857142857142858,10,3,keto,false,6,14,0,205,1860,2475,1200,false,true,false,1110,5,4630,23,1,14
313,casual,4006,30,0,budget,0,62,true,6,1210,79,120,0.13333333333333333,0.8666666666666667,0,0,0,2,27,normal,false,5,11,136,3870,0,0,0,false,false,true,0,0,4006,30,0,
314,casual,5409,34,4,budget,0,80,true,5,1420,93,153,0.11764705882352941,0.8529411764705882,0.029411764705882353,0,0,4,6,normal,false,5,17,429,4140,840,0,0,false,false,false,0,0,5409,34,0,
315,casual,2786,30,0,budget,0,69,true,4,555,60,102,0.36666666666666664,0.6333333333333333,0,0,0,2,15,normal,false,10,7,291,2495,0,0,0,false,false,true,0,0,2786,30,0,
316,casual,2821,32,2,budget,0,73,true,4,375,54,109,0.25,0.71875,0.03125,0,0,4,2,crash,false,4,16,256,2475,90,0,0,false,false,false,0,0,2821,32,0,
317,casual,7303,34,4,budget,0,86,true,7,1760,107,172,0.14705882352941177,0.7941176470588235,0.058823529411764705,0,0,3,5,normal,false,8,12,128,6875,300,0,0,false,false,true,0,0,7303,34,0,
318,casual,4729,32,2,budget,0,76,true,5,860,92,136,0.21875,0.78125,0,0,0,2,2,crash,false,5,10,174,4375,180,0,0,false,false,false,0,0,4729,32,0,
319,casual,3335,36,6,budget,0,77,true,4,390,72,116,0.3611111111111111,0.5833333333333334,0.05555555555555555,0,0,4,18,normal,false,5,16,590,2385,360,0,0,false,false,false,0,0,3335,36,0,
320,casual,18651,70,40,budget,2,100,true,6,3540,189,264,0.05714285714285714,0.6285714285714286,0.14285714285714285,0.02857142857142857,0.14285714285714285,15,2,crash,false,7,31,166,4480,3890,1695,8420,false,true,false,7770,10,10881,60,2,4|2
321,casual,3500,30,0,budget,0,62,true,5,1000,63,124,0.3333333333333333,0.6666666666666666,0,0,0,3,13,normal,false,4,11,830,2670,0,0,0,false,false,false,0,0,3500,30,0,
322,casual,3413,38,8,budget,0,91,true,4,560,78,116,0.13157894736842105,0.7631578947368421,0.07894736842105263,0.02631578947368421,0,5,5,crash,false,7,15,88,2950,240,135,0,true,false,false,0,0,3413,38,0,
323,casual,3356,30,0,budget,0,64,true,4,510,69,118,0.26666666666666666,0.7333333333333333,0,0,0,3,9,normal,false,6,14,451,2905,0,0,0,false,false,true,0,0,3356,30,0,
324,casual,15930,61,31,budget,3,100,false,5,2880,175,208,0,0.5901639344262295,0.11475409836065574,0.04918032786885246,0.2459016393442623,9,3,normal,false,9,23,0,3390,1590,1050,9900,false,true,false,8800,15,7130,46,3,3|5|2
325,casual,5607,34,4,budget,0,80,true,7,1065,79,153,0.20588235294117646,0.7941176470588235,0,0,0,4,1,crash,false,5,13,232,4295,1080,0,0,false,false,false,0,0,5607,34,0,
326,casual,2965,30,0,budget,0,64,true,3,375,70,107,0.03333333333333333,0.9666666666666667,0,0,0,1,8,normal,false,4,11,15,2950,0,0,0,false,false,true,0,0,2965,30,0,
327,casual,8235,48,18,budget,0,90,true,6,995,138,190,0,0.875,0.10416666666666667,0.020833333333333332,0,9,2,normal,false,6,21,30,4730,3340,135,0,true,false,false,0,0,8235,48,0,
328,casual,3953,38,8,budget,0,94,true,3,405,87,126,0.07894736842105263,0.8157894736842105,0.05263157894736842,0.05263157894736842,0,4,4,crash,false,10,13,38,3175,470,270,0,true,false,false,0,0,3953,38,0,
329,casual,2882,34,4,budget,0,73,true,4,450,59,117,0.38235294117647056,0.6176470588235294,0,0,0,7,2,normal,false,4,15,432,2270,180,0,0,false,false,true,0,0,2882,34,0,
330,casual,9290,45,15,budget,1,100,true,6,1440,122,161,0.044444444444444446,0.7111111111111111,0.1111111111111111,0.022222222222222223,0.1111111111111111,8,2,normal,false,6,20,30,4460,1260,720,2820,false,false,false,2880,5,6410,40,1,3
331,casual,9242,47,17,budget,1,100,true,4,1840,129,166,0.1276595744680851,0.5957446808510638,0.1276595744680851,0.0425531914893617,0.10638297872340426,7,9,normal,false,11,15,242,3420,1070,990,3520,false,true,false,2840,5,6402,42,0,
332,casual,2670,30,0,budget,0,62,true,5,410,61,113,0.36666666666666664,0.6333333333333333,0,0,0,3,23,crash,false,5,13,580,2090,0,0,0,false,false,true,0,0,2670,30,0,
333,casual,2120,32,2,budget,0,76,true,4,278,52,102,0.375,0.625,0,0,0,2,4,crash,false,5,8,730,1210,180,0,0,false,false,false,0,0,2120,32,0,
334,casual,3798,36,6,budget,0,87,true,3,600,85,141,0.3611111111111111,0.5555555555555556,0.08333333333333333,0,0,6,7,crash,false,5,15,818,2160,820,0,0,false,false,true,0,0,3798,36,0,
335,casual,4250,30,0,budget,0,68,false,7,1320,77,116,0,1,0,0,0,0,-1,normal,false,5,12,0,4250,0,0,0,false,false,false,0,0,4250,30,0,
336,casual,2730,30,0,budget,0,50,true,3,380,60,126,0.5333333333333333,0.4666666666666667,0,0,0,5,6,crash,false,5,14,635,2095,0,0,0,false,false,true,0,0,2730,30,0,
337,casual,6862,47,17,budget,1,100,true,6,980,98,164,0.2127659574468085,0.574468085106383,0.0851063829787234,0.02127659574468085,0.10638297872340426,9,5,crash,false,4,21,847,2915,1810,90,1200,false,false,false,1110,5,5752,42,1,3
338,casual,4518,30,0,budget,0,52,true,6,1290,76,114,0.16666666666666666,0.8333333333333334,0,0,0,3,14,normal,false,3,12,128,4390,0,0,0,false,false,false,0,0,4518,30,0,
339,casual,2945,26,0,lock,0,63,true,5,660,64,86,0,1,0,0,0,0,-1,normal,false,6,10,60,2885,0,0,0,false,false,false,0,0,2945,26,0,
340,casual,3950,34,4,budget,0,87,true,4,480,85,115,0.029411764705882353,0.9411764705882353,0.029411764705882353,0,0,2,5,normal,false,5,13,15,3635,300,0,0,false,false,false,0,0,3950,34,0,
341,casual,5809,45,15,budget,1,100,true,5,875,118,150,0.1111111111111111,0.7111111111111111,0.044444444444444446,0.022222222222222223,0.1111111111111111,5,15,normal,false,5,18,409,4140,450,90,720,false,false,true,690,5,5119,40,1,2
342,casual,1865,30,0,budget,0,50,true,4,225,48,92,0.4,0.6,0,0,0,4,14,crash,false,5,10,550,1315,0,0,0,false,false,false,0,0,1865,30,0,
343,casual,4835,30,0,budget,0,52,true,5,980,91,145,0.3,0.7,0,0,0,2,23,normal,false,12,11,470,4365,0,0,0,false,false,false,0,0,4835,30,0,
344,casual,4650,44,14,budget,0,87,true,4,420,94,164,0.29545454545454547,0.5909090909090909,0.11363636363636363,0,0,12,4,crash,false,4,27,900,2520,1230,0,0,false,false,false,0,0,4650,44,0,
345,casual,3597,30,0,budget,0,62,true,5,835,78,111,0.26666666666666666,0.7333333333333333,0,0,0,4,11,normal,false,6,8,367,3230,0,0,0,false,false,false,0,0,3597,30,0,
346,casual,3715,34,4,budget,0,89,true,4,365,86,117,0.08823529411764706,0.8235294117647058,0.058823529411764705,0.029411764705882353,0,4,6,normal,false,8,15,125,3160,250,180,0,false,false,true,0,0,3715,34,0,
347,casual,2727,30,0,budget,0,65,true,4,435,64,104,0.3,0.7,0,0,0,3,5,normal,false,9,10,697,2030,0,0,0,false,false,true,0,0,2727,30,0,
348,casual,9166,56,26,budget,2,100,true,3,1160,128,179,0.10714285714285714,0.4642857142857143,0.17857142857142858,0.07142857142857142,0.17857142857142858,10,7,normal,false,11,20,361,2530,1500,855,3920,false,false,false,2760,10,6406,46,2,3|3
349,casual,2665,30,0,budget,0,60,true,3,360,62,99,0.03333333333333333,0.9666666666666667,0,0,0,0,-1,crash,false,8,9,30,2635,0,0,0,false,false,false,0,0,2665,30,0,
350,casual,4373,30,0,budget,0,62,true,4,745,90,140,0.3333333333333333,0.6666666666666666,0,0,0,4,12,normal,false,5,15,338,4035,0,0,0,false,false,true,0,0,4373,30,0,
351,casual,2595,30,0,budget,0,65,true,5,615,66,91,0.03333333333333333,0.9666666666666667,0,0,0,1,25,normal,false,7,10,20,2575,0,0,0,false,false,false,0,0,2595,30,0,
352,casual,4237,46,16,budget,0,94,true,4,600,84,147,0.391304347826087,0.41304347826086957,0.17391304347826086,0.021739130434782608,0,11,2,crash,false,7,19,847,1845,870,675,0,true,false,false,0,0,4237,46,0,
353,casual,1630,30,0,budget,0,63,true,3,210,42,82,0.3333333333333333,0.6666666666666666,0,0,0,3,20,normal,false,13,7,430,1200,0,0,0,false,false,true,0,0,1630,30,0,
354,casual,3027,30,0,budget,0,65,true,3,270,67,112,0.23333333333333334,0.7666666666666667,0,0,0,1,15,crash,false,4,10,362,2665,0,0,0,false,false,false,0,0,3027,30,0,
355,casual,4702,30,0,budget,0,62,true,5,510,84,142,0.3,0.7,0,0,0,5,12,normal,false,6,15,527,4175,0,0,0,false,false,true,0,0,4702,30,0,
356,casual,2216,34,4,budget,0,80,true,3,340,64,94,0.17647058823529413,0.7941176470588235,0.029411764705882353,0,0,4,3,normal,false,7,13,166,1960,90,0,0,false,false,true,0,0,2216,34,0,
357,casual,7431,52,22,budget,0,99,true,4,1020,117,161,0.07692307692307693,0.7307692307692307,0.1346153846153846,0.057692307692307696,0,13,1,normal,false,10,18,241,3305,1590,2295,0,true,true,true,0,0,7431,52,0,
358,casual,2386,30,0,budget,0,62,true,5,285,54,103,0.4,0.6,0,0,0,1,30,normal,false,11,10,641,1745,0,0,0,false,false,true,0,0,2386,30,0,
359,casual,3668,30,0,budget,0,65,true,7,1125,63,104,0.13333333333333333,0.8666666666666667,0,0,0,2,13,crash,false,4,12,203,3465,0,0,0,false,false,true,0,0,3668,30,0,
360,casual,3299,30,0,budget,0,68,true,4,540,77,112,0.1,0.9,0,0,0,1,29,normal,false,6,11,364,2935,0,0,0,false,false,false,0,0,3299,30,0,
361,casual,14616,51,21,budget,1,100,true,7,1800,168,236,0.09803921568627451,0.6470588235294118,0.11764705882352941,0.0392156862745098,0.09803921568627451,9,1,normal,false,4,24,161,5910,4210,495,3840,false,true,false,4020,5,10596,46,1,3
362,casual,3465,36,6,budget,0,73,true,3,550,78,124,0.1388888888888889,0.8055555555555556,0.05555555555555555,0,0,6,2,normal,false,4,17,270,2565,630,0,0,false,false,false,0,0,3465,36,0,
363,casual,2375,30,0,budget,0,57,true,6,495,56,110,0.5,0.5,0,0,0,5,7,normal,false,5,15,1035,1340,0,0,0,false,false,true,0,0,2375,30,0,
364,casual,2449,30,0,budget,0,50,true,3,330,54,104,0.4,0.6,0,0,0,5,16,crash,false,4,14,409,2040,0,0,0,false,false,true,0,0,2449,30,0,
365,casual,2820,30,0,budget,0,66,false,5,590,67,98,0,1,0,0,0,0,-1,normal,false,5,12,0,2820,0,0,0,false,false,true,0,0,2820,30,0,
366,casual,3126,30,0,budget,0,54,true,5,755,71,106,0.1,0.9,0,0,0,3,3,normal,false,6,10,276,2850,0,0,0,false,false,true,0,0,3126,30,0,
367,casual,8743,59,29,budget,1,100,true,4,1200,126,188,0.1016949152542373,0.6101694915254238,0.1694915254237288,0.03389830508474576,0.0847457627118644,13,2,crash,false,7,25,158,3260,1950,495,2880,false,false,false,2730,5,6013,54,1,2
368,casual,2344,30,0,budget,0,52,true,3,323,53,96,0.3,0.7,0,0,0,4,10,normal,false,5,13,364,1980,0,0,0,false,false,true,0,0,2344,30,0,
369,casual,3379,32,2,budget,0,70,true,5,765,69,113,0.15625,0.84375,0,0,0,2,3,normal,false,8,9,214,3165,0,0,0,false,false,true,0,0,3379,32,0,
370,casual,5016,42,12,budget,0,88,true,3,600,94,141,0.07142857142857142,0.8095238095238095,0.09523809523809523,0.023809523809523808,0,7,16,normal,false,7,23,121,3380,1380,135,0,false,false,true,0,0,5016,42,0,
371,casual,3880,30,0,budget,0,60,true,6,795,78,112,0.13333333333333333,0.8666666666666667,0,0,0,3,15,normal,false,5,10,165,3715,0,0,0,false,false,false,0,0,3880,30,0,
372,casual,8175,56,26,budget,0,92,true,5,740,144,175,0.017857142857142856,0.7142857142857143,0.23214285714285715,0.03571428571428571,0,12,10,normal,false,5,21,90,4445,2650,990,0,true,false,false,0,0,8175,56,0,
373,casual,18495,104,74,budget,2,100,false,5,1510,257,349,0,0.625,0.25,0.028846153846153848,0.09615384615384616,32,5,normal,false,10,55,0,5535,8020,1440,3500,false,true,true,3380,10,15115,94,2,4|2
374,casual,8805,43,13,budget,1,100,true,5,1940,133,160,0.023255813953488372,0.7906976744186046,0.06976744186046512,0,0.11627906976744186,4,2,normal,false,11,11,90,4415,1320,900,2080,false,false,false,3900,5,4905,38,0,
375,casual,4272,36,6,budget,0,93,true,4,735,83,134,0.3055555555555556,0.5833333333333334,0.1111111111111111,0,0,4,2,crash,false,4,17,352,2885,360,675,0,true,false,false,0,0,4272,36,0,
376,casual,5285,30,0,budget,0,65,true,5,660,93,154,0.06666666666666667,0.9333333333333333,0,0,0,1,16,normal,false,4,14,75,5210,0,0,0,false,false,false,0,0,5285,30,0,
377,casual,2740,30,0,budget,0,62,true,4,550,71,88,0.03333333333333333,0.9666666666666667,0,0,0,1,13,normal,false,5,8,85,2655,0,0,0,false,false,false,0,0,2740,30,0,
378,casual,2745,30,0,budget,0,68,true,4,375,65,107,0,1,0,0,0,0,-1,normal,false,16,7,90,2655,0,0,0,false,false,true,0,0,2745,30,0,
379,casual,9063,51,21,budget,1,100,true,4,1275,138,181,0.0784313725490196,0.6470588235294118,0.13725490196078433,0.0392156862745098,0.09803921568627451,8,2,normal,false,5,20,83,3930,1320,1530,2200,false,false,false,1840,5,7223,46,1,2
380,casual,17723,70,40,budget,2,100,true,5,1620,210,256,0.02857142857142857,0.45714285714285713,0.3142857142857143,0.05714285714285714,0.14285714285714285,17,7,normal,false,10,36,38,3605,3950,2550,7580,false,true,false,6790,10,10933,60,2,10|8
381,casual,31775,115,85,budget,5,100,false,6,3275,321,400,0,0.3826086956521739,0.2608695652173913,0.1391304347826087,0.21739130434782608,32,2,normal,false,10,61,0,5285,6040,4770,15680,false,true,false,14855,25,16920,90,5,2|9|3|6|8
382,casual,4447,30,0,budget,0,50,true,7,1170,60,141,0.5,0.5,0,0,0,4,4,crash,false,6,12,717,3730,0,0,0,false,false,false,0,0,4447,30,0,
383,casual,4420,30,0,budget,0,64,true,5,705,76,123,0.1,0.9,0,0,0,3,6,normal,false,3,14,135,4285,0,0,0,false,false,false,0,0,4420,30,0,
384,casual,2561,30,0,budget,0,69,true,4,330,60,102,0.16666666666666666,0.8333333333333334,0,0,0,3,19,crash,false,3,10,356,2205,0,0,0,false,false,false,0,0,2561,30,0,
385,casual,2768,32,2,budget,0,78,true,4,345,74,101,0.09375,0.875,0.03125,0,0,3,4,normal,false,5,15,203,2385,180,0,0,false,false,false,0,0,2768,32,0,
386,casual,18620,73,43,budget,3,100,false,6,2960,217,256,0,0.589041095890411,0.1506849315068493,0.0547945205479452,0.2054794520547945,13,8,normal,false,8,33,0,5415,2600,405,10200,false,true,false,8730,15,9890,58,3,2|2|3
387,casual,15300,84,54,budget,0,95,true,6,1830,200,260,0.011904761904761904,0.5357142857142857,0.34523809523809523,0.10714285714285714,0,22,1,normal,false,13,34,15,4000,8360,2925,0,true,true,false,0,0,15300,84,0,
388,casual,6218,32,2,budget,0,84,true,5,1095,102,164,0.125,0.78125,0.09375,0,0,5,6,normal,false,3,16,428,4620,1170,0,0,false,false,true,0,0,6218,32,0,
389,casual,2659,32,2,budget,0,71,true,4,590,70,144,0.65625,0.34375,0,0,0,2,2,normal,false,8,9,954,1705,0,0,0,false,false,true,0,0,2659,32,0,
390,casual,3550,36,6,budget,0,85,true,3,405,98,121,0.05555555555555555,0.8888888888888888,0.05555555555555555,0,0,4,2,normal,false,6,15,45,3175,330,0,0,false,false,false,0,0,3550,36,0,
391,casual,4483,30,0,budget,0,64,true,7,1125,77,140,0.43333333333333335,0.5666666666666667,0,0,0,6,5,normal,false,4,14,1033,3450,0,0,0,false,false,true,0,0,4483,30,0,
392,casual,5166,40,10,budget,0,84,true,5,660,96,143,0.15,0.75,0.1,0,0,6,2,crash,false,2,24,231,4095,840,0,0,false,false,false,0,0,5166,40,0,
393,casual,3679,32,2,budget,0,74,true,4,585,72,151,0.375,0.59375,0.03125,0,0,3,1,normal,false,6,12,1009,2580,90,0,0,false,false,false,0,0,3679,32,0,
394,casual,11606,59,29,budget,1,100,true,5,1725,155,231,0.13559322033898305,0.5932203389830508,0.13559322033898305,0.05084745762711865,0.0847457627118644,12,3,crash,false,12,28,521,4280,2560,1785,2460,false,false,false,1980,5,9626,54,1,5
395,casual,2180,30,0,budget,0,65,false,3,225,57,80,0,1,0,0,0,0,-1,normal,false,7,11,0,2180,0,0,0,false,false,false,0,0,2180,30,0,
396,casual,10089,43,13,budget,1,100,true,4,1530,123,184,0.09302325581395349,0.6511627906976745,0.11627906976744186,0.023255813953488372,0.11627906976744186,7,4,normal,false,6,19,294,2900,940,2175,3780,false,false,false,3790,5,6299,38,1,3
397,casual,9860,44,14,budget,0,93,true,6,2610,124,201,0.06818181818181818,0.6818181818181818,0.22727272727272727,0.022727272727272728,0,10,1,normal,false,4,17,225,5120,2220,2295,0,true,false,false,0,0,9860,44,0,
398,casual,15547,73,43,budget,1,100,true,5,1740,187,274,0.136986301369863,0.6301369863013698,0.1506849315068493,0.0136986301369863,0.0684931506849315,20,2,normal,false,11,30,317,5020,5650,1980,2580,false,false,true,3300,5,12247,68,1,2
399,casual,2930,30,0,budget,0,66,false,4,520,72,87,0,1,0,0,0,0,-1,normal,false,9,10,0,2930,0,0,0,false,false,false,0,0,2930,30,0,
400,casual,3655,32,2,budget,0,73,true,5,1020,74,116,0.125,0.84375,0.03125,0,0,4,5,normal,false,7,12,255,3310,90,0,0,false,false,false,0,0,3655,32,0,
401,casual,4530,34,4,budget,0,77,true,5,650,94,125,0,0.9411764705882353,0.058823529411764705,0,0,2,9,normal,false,4,14,60,4290,180,0,0,false,false,false,0,0,4530,34,0,
402,casual,5923,36,6,budget,0,94,true,6,1070,107,151,0.1111111111111111,0.8055555555555556,0.05555555555555555,0.027777777777777776,0,5,4,normal,false,3,18,113,5210,330,270,0,true,false,true,0,0,5923,36,0,
403,casual,2461,30,0,budget,0,60,true,3,330,65,94,0.2,0.8,0,0,0,3,9,normal,false,4,13,166,2295,0,0,0,false,false,true,0,0,2461,30,0,
404,casual,3722,32,2,budget,0,73,true,4,525,62,130,0.28125,0.6875,0.03125,0,0,3,2,crash,false,4,15,317,3315,90,0,0,false,false,false,0,0,3722,32,0,
405,casual,3023,30,0,budget,0,69,true,4,590,64,109,0.13333333333333333,0.8666666666666667,0,0,0,1,22,normal,false,6,9,338,2685,0,0,0,false,false,false,0,0,3023,30,0,
406,casual,2750,30,0,budget,0,50,true,4,600,62,107,0.3333333333333333,0.6666666666666666,0,0,0,3,9,normal,false,7,11,490,2260,0,0,0,false,false,true,0,0,2750,30,0,
407,casual,3473,38,8,budget,0,82,true,3,390,76,119,0.13157894736842105,0.8157894736842105,0.05263157894736842,0,0,5,1,normal,false,10,12,178,2485,810,0,0,false,false,true,0,0,3473,38,0,
408,casual,7330,40,10,budget,0,97,false,5,2370,108,143,0,0.775,0.175,0.05,0,4,12,normal,false,6,15,0,3445,1230,2655,0,true,true,true,0,0,7330,40,0,
409,casual,4927,30,0,budget,0,62,true,7,1830,88,161,0.5,0.5,0,0,0,4,13,normal,false,6,16,1332,3595,0,0,0,false,false,true,0,0,4927,30,0,
410,casual,4034,30,0,budget,0,50,true,4,570,78,140,0.3333333333333333,0.6666666666666666,0,0,0,4,8,normal,false,4,14,604,3430,0,0,0,false,false,true,0,0,4034,30,0,
411,casual,3100,30,0,budget,0,50,false,3,280,72,100,0,1,0,0,0,0,-1,normal,false,6,6,0,3100,0,0,0,false,false,false,0,0,3100,30,0,
412,casual,4163,36,6,budget,0,78,true,3,490,93,136,0.2777777777777778,0.6388888888888888,0.08333333333333333,0,0,4,1,normal,false,10,12,378,3515,270,0,0,false,false,false,0,0,4163,36,0,
413,casual,565,5,2,lock,0,81,false,3,300,16,13,0,0.8,0.2,0,0,1,4,normal,false,2,2,0,475,90,0,0,false,false,false,0,0,565,5,0,
414,casual,19631,87,57,budget,1,100,true,4,3360,228,305,0.08045977011494253,0.4942528735632184,0.28735632183908044,0.08045977011494253,0.05747126436781609,29,1,normal,false,6,52,286,4230,6050,3765,5300,false,true,false,4980,5,14651,82,1,8
415,casual,2304,30,0,budget,0,67,true,3,255,65,92,0.26666666666666666,0.7333333333333333,0,0,0,2,11,normal,false,4,12,404,1900,0,0,0,false,false,false,0,0,2304,30,0,
416,casual,11159,51,21,budget,1,100,true,4,3480,134,232,0.17647058823529413,0.5294117647058824,0.11764705882352941,0.0784313725490196,0.09803921568627451,9,15,crash,false,5,26,1094,3430,440,1215,4980,false,true,true,4530,5,6629,46,1,7
417,casual,1180,9,0,lock,0,68,false,4,360,24,34,0,1,0,0,0,0,-1,normal,false,4,3,0,1180,0,0,0,false,false,false,0,0,1180,9,0,
418,casual,20220,68,38,budget,2,100,true,6,3900,221,274,0.058823529411764705,0.5735294117647058,0.17647058823529413,0.04411764705882353,0.14705882352941177,15,2,crash,false,6,32,430,5005,3100,2985,8700,false,false,true,8310,10,11910,58,2,2|7
419,casual,4194,32,2,budget,0,84,true,5,680,92,134,0.15625,0.75,0.09375,0,0,2,4,normal,false,8,11,179,3775,240,0,0,false,false,false,0,0,4194,32,0,
420,casual,2208,26,4,lock,0,87,true,3,735,36,72,0.3076923076923077,0.5,0.19230769230769232,0,0,2,4,crash,false,10,5,288,855,390,675,0,false,false,false,0,0,2208,26,0,
421,casual,6534,42,12,budget,0,81,true,6,1070,112,185,0.16666666666666666,0.7380952380952381,0.09523809523809523,0,0,8,5,normal,false,5,21,174,5130,1230,0,0,false,false,true,0,0,6534,42,0,
422,casual,3935,31,2,lock,0,72,true,5,675,81,111,0.03225806451612903,0.9354838709677419,0.03225806451612903,0,0,2,10,normal,false,4,11,15,3830,90,0,0,false,false,false,0,0,3935,31,0,
423,casual,3815,34,4,budget,0,80,true,5,1020,71,131,0.29411764705882354,0.6764705882352942,0.029411764705882353,0,0,4,9,crash,false,8,14,410,3225,180,0,0,false,false,false,0,0,3815,34,0,
424,casual,4478,36,6,budget,0,94,true,4,520,99,134,0.05555555555555555,0.8888888888888888,0.027777777777777776,0.027777777777777776,0,3,4,normal,false,6,16,143,3440,580,315,0,true,false,false,0,0,4478,36,0,
425,casual,3953,30,0,budget,0,65,true,4,555,68,123,0.16666666666666666,0.8333333333333334,0,0,0,4,10,normal,false,3,15,293,3660,0,0,0,false,false,true,0,0,3953,30,0,
426,casual,15250,87,57,budget,1,100,false,4,1485,226,277,0,0.5977011494252874,0.2988505747126437,0.04597701149425287,0.05747126436781609,23,15,normal,false,8,46,0,4460,6490,2880,1420,false,true,false,1110,5,14140,82,1,5
427,casual,7590,58,28,budget,0,94,false,4,620,132,182,0,0.7413793103448276,0.2413793103448276,0.017241379310344827,0,12,2,normal,false,7,31,0,3775,2870,945,0,true,false,true,0,0,7590,58,0,
428,casual,4991,36,6,budget,0,81,true,5,845,102,159,0.19444444444444445,0.6944444444444444,0.1111111111111111,0,0,5,1,crash,false,4,17,631,3910,450,0,0,false,false,false,0,0,4991,36,0,
429,casual,5541,30,0,budget,0,67,true,6,945,101,149,0.2,0.8,0,0,0,3,14,normal,false,3,15,501,5040,0,0,0,false,false,true,0,0,5541,30,0,
430,casual,4308,32,2,budget,0,74,true,6,1265,84,126,0.125,0.875,0,0,0,1,22,crash,false,5,10,248,3790,270,0,0,false,false,true,0,0,4308,32,0,
431,casual,7035,32,2,budget,0,70,true,10,3430,100,157,0.0625,0.9375,0,0,0,3,4,normal,false,4,14,405,6630,0,0,0,false,false,false,0,0,7035,32,0,
432,casual,3082,34,4,budget,0,80,true,3,305,72,138,0.3235294117647059,0.6470588235294118,0.029411764705882353,0,0,6,2,normal,false,4,17,912,1900,270,0,0,false,false,true,0,0,3082,34,0,
433,casual,3270,19,6,lock,0,82,false,5,785,64,82,0,0.8421052631578947,0.15789473684210525,0,0,2,15,keto,false,4,9,0,3120,150,0,0,false,false,false,0,0,3270,19,0,
434,casual,2665,30,0,budget,0,66,true,3,420,64,96,0.2,0.8,0,0,0,3,14,crash,false,6,11,160,2505,0,0,0,false,false,false,0,0,2665,30,0,
435,casual,10210,52,22,budget,0,92,true,7,1755,152,217,0.038461538461538464,0.75,0.17307692307692307,0.038461538461538464,0,11,1,crash,false,4,24,60,7225,1800,1125,0,true,false,false,0,0,10210,52,0,
436,casual,6820,44,14,budget,0,97,true,5,810,115,154,0.022727272727272728,0.8409090909090909,0.09090909090909091,0.045454545454545456,0,8,2,normal,false,8,14,90,4255,1980,495,0,true,true,false,0,0,6820,44,0,
437,casual,6510,48,18,budget,0,86,false,4,1290,121,161,0,0.7916666666666666,0.20833333333333334,0,0,6,8,normal,false,5,20,0,3570,2250,690,0,false,false,false,0,0,6510,48,0,
438,casual,9321,56,26,budget,0,95,true,6,2905,133,181,0.125,0.6071428571428571,0.23214285714285715,0.03571428571428571,0,14,3,normal,false,7,23,176,3050,2810,3285,0,true,true,true,0,0,9321,56,0,
439,casual,5895,45,15,budget,1,100,true,4,930,100,148,0.13333333333333333,0.6666666666666666,0.06666666666666667,0.022222222222222223,0.1111111111111111,9,2,normal,false,6,15,325,2710,1650,90,1120,false,false,false,930,5,4965,40,1,2
440,casual,4412,34,4,budget,0,82,true,4,585,87,151,0.3235294117647059,0.6176470588235294,0.058823529411764705,0,0,8,1,normal,false,4,19,892,3040,480,0,0,false,false,true,0,0,4412,34,0,
441,casual,6718,44,14,budget,0,97,true,5,800,125,183,0.22727272727272727,0.5681818181818182,0.1590909090909091,0.045454545454545456,0,7,5,normal,false,4,21,1073,4100,1320,225,0,true,true,true,0,0,6718,44,0,
442,casual,3243,30,0,budget,0,52,true,6,915,62,97,0.16666666666666666,0.8333333333333334,0,0,0,3,9,crash,false,5,8,133,3110,0,0,0,false,false,false,0,0,3243,30,0,
443,casual,11020,79,49,budget,1,100,true,3,720,172,232,0.012658227848101266,0.569620253164557,0.2911392405063291,0.06329113924050633,0.06329113924050633,20,4,crash,false,10,36,0,3455,4550,1635,1380,false,true,false,750,5,10270,74,1,5
444,casual,3198,30,0,budget,0,63,true,5,825,71,113,0.36666666666666664,0.6333333333333333,0,0,0,3,15,normal,false,6,9,678,2520,0,0,0,false,false,false,0,0,3198,30,0,
445,casual,4765,46,16,budget,0,94,true,4,385,115,152,0.10869565217391304,0.7391304347826086,0.13043478260869565,0.021739130434782608,0,9,3,normal,false,7,19,380,3740,510,135,0,true,false,false,0,0,4765,46,0,
446,casual,4513,42,12,budget,0,87,true,5,930,95,174,0.38095238095238093,0.5,0.11904761904761904,0,0,6,2,normal,false,5,21,793,3120,600,0,0,false,false,true,0,0,4513,42,0,
447,casual,2936,32,2,budget,0,70,true,5,870,71,104,0.28125,0.71875,0,0,0,5,10,normal,false,6,13,291,2645,0,0,0,false,false,true,0,0,2936,32,0,
448,casual,4014,30,0,budget,0,60,true,5,670,64,121,0.23333333333333334,0.7666666666666667,0,0,0,1,13,crash,false,8,9,159,3855,0,0,0,false,false,false,0,0,4014,30,0,
449,casual,5933,36,6,budget,0,96,true,7,1230,100,152,0.08333333333333333,0.8055555555555556,0.08333333333333333,0.027777777777777776,0,3,10,normal,false,10,13,188,5180,430,135,0,true,true,true,0,0,5933,36,0,
450,casual,6400,46,16,budget,0,99,false,5,1295,102,148,0,0.8260869565217391,0.17391304347826086,0,0,7,7,normal,false,7,19,0,2915,2180,1305,0,true,true,true,0,0,6400,46,0,
451,casual,1723,30,0,budget,0,50,true,4,390,51,101,0.7333333333333333,0.26666666666666666,0,0,0,2,15,normal,false,7,7,958,765,0,0,0,false,false,false,0,0,1723,30,0,
452,casual,3136,32,2,budget,0,84,true,5,615,63,108,0.125,0.8125,0.0625,0,0,2,1,crash,false,7,9,271,2625,240,0,0,false,false,false,0,0,3136,32,0,
453,casual,12655,50,20,budget,2,100,true,5,2325,135,179,0.02,0.58,0.16,0.04,0.2,7,1,normal,false,9,18,60,2900,1790,1665,6240,false,true,false,5710,10,6945,40,2,5|3
454,casual,9333,37,7,budget,1,100,true,6,2660,127,164,0.10810810810810811,0.7297297297297297,0.02702702702702703,0,0.13513513513513514,4,7,normal,false,6,14,328,4675,390,0,3940,false,false,true,4210,5,5123,32,0,
455,casual,3495,30,0,budget,0,54,true,4,525,69,137,0.43333333333333335,0.5666666666666667,0,0,0,3,8,crash,false,11,11,645,2850,0,0,0,false,false,false,0,0,3495,30,0,
456,casual,2008,30,0,budget,0,50,true,4,308,50,106,0.5,0.5,0,0,0,3,8,normal,false,4,12,748,1260,0,0,0,false,false,true,0,0,2008,30,0,
457,casual,5111,32,2,budget,0,73,true,6,1230,85,155,0.25,0.75,0,0,0,5,2,normal,false,4,17,536,4395,180,0,0,false,false,true,0,0,5111,32,0,
458,casual,3666,30,0,budget,0,59,true,4,685,85,137,0.2,0.8,0,0,0,2,20,normal,false,5,13,461,3205,0,0,0,false,false,false,0,0,3666,30,0,
459,casual,4110,30,0,budget,0,64,true,5,735,78,118,0.03333333333333333,0.9666666666666667,0,0,0,1,18,normal,false,11,10,45,4065,0,0,0,false,false,false,0,0,4110,30,0,
460,casual,1400,13,2,lock,0,72,false,3,255,29,44,0,1,0,0,0,1,5,normal,false,2,6,0,1220,180,0,0,false,false,false,0,0,1400,13,0,
461,casual,2285,30,0,budget,0,68,true,3,405,56,88,0.03333333333333333,0.9666666666666667,0,0,0,1,19,normal,false,7,9,20,2265,0,0,0,false,false,true,0,0,2285,30,0,
462,casual,2207,30,0,budget,0,64,true,4,405,58,108,0.6,0.4,0,0,0,3,10,normal,false,12,9,797,1410,0,0,0,false,false,true,0,0,2207,30,0,
463,casual,6685,38,8,budget,0,88,true,5,1015,115,172,0.02631578947368421,0.8157894736842105,0.10526315789473684,0.05263157894736842,0,5,1,normal,false,4,21,15,5135,1160,375,0,false,false,true,0,0,6685,38,0,
464,casual,2633,32,2,budget,0,83,true,3,345,57,86,0.0625,0.8125,0.125,0,0,2,2,normal,false,12,11,38,2235,360,0,0,false,false,true,0,0,2633,32,0,
465,casual,2241,30,0,budget,0,64,true,3,345,56,86,0.13333333333333333,0.8666666666666667,0,0,0,1,30,normal,false,5,10,176,2065,0,0,0,false,false,true,0,0,2241,30,0,
466,casual,4965,44,14,budget,0,94,false,3,390,107,135,0,0.9545454545454546,0.022727272727272728,0.022727272727272728,0,6,13,normal,false,4,19,0,3585,1200,180,0,true,false,true,0,0,4965,44,0,
467,casual,3813,34,4,budget,0,83,true,5,1170,81,106,0.11764705882352941,0.7647058823529411,0.11764705882352941,0,0,4,9,normal,false,5,12,113,2800,900,0,0,false,false,false,0,0,3813,34,0,
468,casual,2964,25,0,lock,0,68,true,4,540,62,91,0.12,0.88,0,0,0,1,22,normal,false,4,11,234,2730,0,0,0,false,false,true,0,0,2964,25,0,
469,casual,2660,30,0,budget,0,66,true,3,405,61,96,0.26666666666666666,0.7333333333333333,0,0,0,2,21,normal,false,7,12,160,2500,0,0,0,false,false,true,0,0,2660,30,0,
470,casual,13943,45,15,budget,1,100,true,6,3780,140,202,0.08888888888888889,0.6888888888888889,0.06666666666666667,0.044444444444444446,0.1111111111111111,6,1,crash,false,6,18,83,4205,2000,495,7160,false,true,false,5980,5,7963,40,1,4
471,casual,8025,58,28,budget,0,97,false,4,1115,139,189,0,0.8103448275862069,0.13793103448275862,0.05172413793103448,0,13,5,normal,false,5,23,0,4390,2060,1575,0,true,true,true,0,0,8025,58,0,
472,casual,3511,30,0,budget,0,66,true,5,720,68,111,0.2,0.8,0,0,0,2,13,normal,false,2,13,231,3280,0,0,0,false,false,false,0,0,3511,30,0,
473,casual,5285,46,24,lock,0,90,true,4,840,99,129,0.043478260869565216,0.717391304347826,0.17391304347826086,0.06521739130434782,0,11,4,normal,false,5,24,30,3020,1830,405,0,true,false,false,0,0,5285,46,0,
474,casual,4578,42,12,budget,0,90,true,3,540,101,132,0.19047619047619047,0.6666666666666666,0.09523809523809523,0.047619047619047616,0,7,2,normal,false,7,15,343,2705,1260,270,0,true,false,false,0,0,4578,42,0,
475,casual,3848,34,4,budget,0,81,true,5,615,85,122,0.08823529411764706,0.9117647058823529,0,0,0,4,12,normal,false,7,13,283,3115,450,0,0,false,false,true,0,0,3848,34,0,
476,casual,10418,64,34,budget,0,94,true,4,845,155,216,0.078125,0.625,0.25,0.046875,0,20,2,normal,false,4,31,98,3300,4770,2250,0,true,false,false,0,0,10418,64,0,
477,casual,3220,34,4,budget,0,79,false,4,510,77,100,0,0.9117647058823529,0.08823529411764706,0,0,2,15,normal,false,5,13,0,2850,370,0,0,false,false,false,0,0,3220,34,0,
478,casual,3440,30,0,budget,0,69,false,3,410,85,109,0,1,0,0,0,0,-1,normal,false,7,7,0,3440,0,0,0,false,false,false,0,0,3440,30,0,
479,casual,4310,45,15,budget,1,100,true,3,480,78,126,0.35555555555555557,0.37777777777777777,0.13333333333333333,0.022222222222222223,0.1111111111111111,6,2,crash,false,7,18,675,1085,1380,90,1080,false,false,false,750,5,3560,40,1,2
480,casual,3210,30,0,budget,0,63,true,5,570,69,93,0.06666666666666667,0.9333333333333333,0,0,0,2,9,normal,false,8,9,35,3175,0,0,0,false,false,true,0,0,3210,30,0,
481,casual,5337,34,4,budget,0,90,true,6,1395,76,157,0.35294117647058826,0.6176470588235294,0,0.029411764705882353,0,4,9,crash,false,8,13,557,4390,120,270,0,true,false,false,0,0,5337,34,0,
482,casual,4338,40,10,budget,0,95,true,4,765,96,157,0.3,0.575,0.1,0.025,0,8,3,crash,false,6,16,878,2095,1230,135,0,true,true,true,0,0,4338,40,0,
483,casual,5581,39,9,budget,1,100,true,4,1020,78,118,0.1794871794871795,0.6153846153846154,0.05128205128205128,0.02564102564102564,0.1282051282051282,3,22,crash,false,7,18,316,2115,240,90,2820,false,false,false,2790,5,2791,34,1,3
484,casual,5130,38,8,budget,0,90,false,5,1670,92,129,0,0.9210526315789473,0.07894736842105263,0,0,4,21,normal,false,3,19,0,4530,330,270,0,true,false,false,0,0,5130,38,0,
485,casual,2394,30,0,budget,0,50,true,4,450,53,98,0.5666666666666667,0.43333333333333335,0,0,0,4,4,normal,false,8,10,489,1905,0,0,0,false,false,false,0,0,2394,30,0,
486,casual,12360,57,27,budget,1,100,true,4,1500,151,226,0.03508771929824561,0.7192982456140351,0.14035087719298245,0.017543859649122806,0.08771929824561403,13,10,normal,false,7,26,105,4295,3920,1800,2240,false,false,false,2010,5,10350,52,1,3
487,casual,1884,30,0,budget,0,53,true,3,375,42,82,0.2,0.8,0,0,0,1,18,normal,false,6,8,129,1755,0,0,0,false,false,true,0,0,1884,30,0,
488,casual,3093,30,0,budget,0,62,true,3,540,67,108,0.16666666666666666,0.8333333333333334,0,0,0,3,6,normal,false,5,12,133,2960,0,0,0,false,false,true,0,0,3093,30,0,
489,casual,7445,42,12,budget,0,93,true,6,1275,127,164,0.023809523809523808,0.9285714285714286,0.047619047619047616,0,0,7,17,normal,false,6,17,15,5480,1680,270,0,true,false,false,0,0,7445,42,0,
490,casual,5095,34,4,budget,0,76,false,6,1195,89,134,0,0.9705882352941176,0.029411764705882353,0,0,2,17,normal,false,9,14,0,5005,90,0,0,false,false,true,0,0,5095,34,0,
491,casual,2542,30,0,budget,0,56,true,4,420,61,107,0.4,0.6,0,0,0,5,11,normal,false,5,15,687,1855,0,0,0,false,false,true,0,0,2542,30,0,
492,casual,14595,52,22,budget,2,100,false,8,6690,135,172,0,0.6346153846153846,0.11538461538461539,0.057692307692307696,0.19230769230769232,6,1,normal,false,7,17,0,3755,810,630,9400,false,false,false,9280,10,5315,42,2,2|4
493,casual,8254,45,15,budget,1,100,true,6,1150,111,172,0.26666666666666666,0.5777777777777777,0.044444444444444446,0,0.1111111111111111,8,1,normal,false,8,16,289,4125,1380,180,2280,false,false,true,2160,5,6094,40,1,2
494,casual,2288,30,0,budget,0,69,true,4,480,55,83,0.23333333333333334,0.7666666666666667,0,0,0,2,21,normal,false,5,8,258,2030,0,0,0,false,false,true,0,0,2288,30,0,
495,casual,7340,52,22,budget,0,92,true,6,2440,114,169,0.019230769230769232,0.8653846153846154,0.09615384615384616,0.019230769230769232,0,11,5,normal,false,7,18,205,3430,3570,135,0,true,false,false,0,0,7340,52,0,
496,casual,8985,55,25,budget,1,100,true,6,1140,133,179,0,0.7454545454545455,0.16363636363636364,0,0.09090909090909091,10,12,normal,false,8,23,40,3925,2740,900,1380,false,false,false,1380,5,7605,50,1,2
497,casual,4635,34,4,budget,0,71,true,5,735,98,130,0.058823529411764705,0.9411764705882353,0,0,0,4,2,normal,false,4,18,30,4605,0,0,0,false,false,true,0,0,4635,34,0,
498,casual,12165,57,27,budget,1,100,true,4,2460,142,211,0.03508771929824561,0.6842105263157895,0.14035087719298245,0.05263157894736842,0.08771929824561403,13,2,normal,false,4,31,50,3995,2370,2070,3680,false,true,false,3530,5,8635,52,1,8
499,casual,4457,30,0,budget,0,53,true,5,690,88,158,0.3,0.7,0,0,0,3,15,normal,false,5,11,812,3645,0,0,0,false,false,true,0,0,4457,30,0,
500,casual,2519,30,0,budget,0,62,true,3,480,53,110,0.4,0.6,0,0,0,2,8,crash,false,5,13,494,2025,0,0,0,false,false,true,0,0,2519,30,0,
501,casual,2297,30,0,budget,0,54,true,3,495,48,91,0.26666666666666666,0.7333333333333333,0,0,0,2,15,crash,false,5,8,212,2085,0,0,0,false,false,false,0,0,2297,30,0,
502,casual,2839,30,0,budget,0,50,true,4,525,58,117,0.5666666666666667,0.43333333333333335,0,0,0,3,18,crash,false,7,11,764,2075,0,0,0,false,false,false,0,0,2839,30,0,
503,casual,4040,38,8,budget,0,77,false,5,845,93,123,0,0.9210526315789473,0.07894736842105263,0,0,4,5,normal,false,11,16,0,3620,420,0,0,false,false,true,0,0,4040,38,0,
504,casual,16265,59,29,budget,1,100,true,6,1970,193,268,0.01694915254237288,0.711864406779661,0.1694915254237288,0.01694915254237288,0.0847457627118644,12,23,normal,false,5,35,30,6070,3580,2445,4140,false,true,false,4130,5,12135,54,1,3
505,casual,6746,46,16,budget,0,89,true,6,925,113,172,0.08695652173913043,0.6956521739130435,0.1956521739130435,0.021739130434782608,0,10,2,normal,false,5,19,296,4005,2040,405,0,false,false,false,0,0,6746,46,0,
506,casual,4212,34,4,budget,0,83,true,7,1330,80,144,0.2647058823529412,0.7058823529411765,0.029411764705882353,0,0,3,2,crash,false,5,16,317,3595,300,0,0,false,false,false,0,0,4212,34,0,
507,casual,2025,30,0,budget,0,53,true,3,390,47,104,0.43333333333333335,0.5666666666666667,0,0,0,1,16,crash,false,8,9,630,1395,0,0,0,false,false,false,0,0,2025,30,0,
508,casual,4939,30,0,budget,0,62,true,10,2895,64,112,0.26666666666666666,0.7333333333333333,0,0,0,4,19,normal,false,10,10,289,4650,0,0,0,false,false,true,0,0,4939,30,0,
509,casual,2290,30,0,budget,0,68,true,4,420,56,82,0,1,0,0,0,0,-1,normal,false,7,7,40,2250,0,0,0,false,false,false,0,0,2290,30,0,
510,casual,9330,58,28,budget,0,94,true,4,1455,141,194,0.017241379310344827,0.6724137931034483,0.29310344827586204,0.017241379310344827,0,14,2,normal,false,7,25,15,3760,2900,2655,0,true,false,false,0,0,9330,58,0,
511,casual,2293,30,0,budget,0,68,true,3,300,59,83,0.1,0.9,0,0,0,2,14,normal,false,3,13,53,2240,0,0,0,false,false,true,0,0,2293,30,0,
512,casual,3646,40,10,budget,0,86,true,5,405,74,126,0.3,0.525,0.175,0,0,9,2,crash,false,5,20,736,1890,1020,0,0,false,false,false,0,0,3646,40,0,
513,casual,4320,44,14,budget,0,80,true,3,405,121,165,0.09090909090909091,0.8181818181818182,0.09090909090909091,0,0,9,3,normal,false,4,22,605,3105,610,0,0,false,false,false,0,0,4320,44,0,
514,casual,7305,27,22,lock,2,100,false,5,1475,72,77,0,0.25925925925925924,0.2962962962962963,0.07407407407407407,0.37037037037037035,6,3,deep,false,5,13,0,1080,870,2475,2880,false,true,true,2800,10,4505,17,2,5|3
515,casual,645,9,2,lock,0,72,false,2,195,15,23,0,0.8888888888888888,0.1111111111111111,0,0,1,3,normal,false,3,3,0,555,90,0,0,false,false,false,0,0,645,9,0,
516,casual,4260,34,4,budget,0,81,true,4,465,95,139,0.029411764705882353,0.9117647058823529,0.058823529411764705,0,0,3,12,normal,false,7,15,95,3985,180,0,0,false,false,false,0,0,4260,34,0,
517,casual,9055,65,35,budget,1,100,true,5,1500,159,187,0.03076923076923077,0.6923076923076923,0.16923076923076924,0.03076923076923077,0.07692307692307693,17,1,normal,false,6,24,50,3870,2760,435,1940,false,true,true,1880,5,7175,60,1,3
518,casual,4070,36,6,budget,0,94,true,5,465,87,130,0.027777777777777776,0.8333333333333334,0.1111111111111111,0.027777777777777776,0,4,1,normal,false,4,17,195,2930,810,135,0,true,false,true,0,0,4070,36,0,
519,casual,3939,38,8,budget,0,89,true,4,480,70,116,0.21052631578947367,0.631578947368421,0.07894736842105263,0.07894736842105263,0,6,3,crash,false,5,13,144,2460,570,765,0,false,false,false,0,0,3939,38,0,
520,casual,2675,32,2,budget,0,72,true,4,360,65,126,0.4375,0.53125,0.03125,0,0,3,4,crash,false,5,13,680,1905,90,0,0,false,false,false,0,0,2675,32,0,
521,casual,3455,36,6,budget,0,76,true,3,425,73,110,0.027777777777777776,0.9166666666666666,0.05555555555555555,0,0,4,2,normal,false,5,12,50,2925,480,0,0,false,false,true,0,0,3455,36,0,
522,casual,6183,44,14,budget,0,90,true,5,2040,93,157,0.25,0.6363636363636364,0.09090909090909091,0.022727272727272728,0,8,1,crash,false,6,19,403,2065,3580,135,0,true,false,false,0,0,6183,44,0,
523,casual,7210,52,22,budget,0,99,true,4,890,136,166,0.019230769230769232,0.6730769230769231,0.21153846153846154,0.09615384615384616,0,11,6,normal,false,8,24,20,3520,2320,1350,0,true,true,false,0,0,7210,52,0,
524,casual,9206,59,29,budget,1,100,true,4,1050,147,193,0.05084745762711865,0.6101694915254238,0.2033898305084746,0.05084745762711865,0.0847457627118644,12,7,normal,false,7,31,391,2995,2730,1530,1560,false,true,false,1410,5,7796,54,1,5
525,casual,2690,32,2,budget,0,72,true,5,660,58,96,0.28125,0.6875,0.03125,0,0,4,8,normal,false,5,11,230,2370,90,0,0,false,false,false,0,0,2690,32,0,
526,casual,2968,30,0,budget,0,69,true,4,425,57,124,0.43333333333333335,0.5666666666666667,0,0,0,2,16,crash,false,6,10,668,2300,0,0,0,false,false,true,0,0,2968,30,0,
527,casual,3038,32,2,budget,0,73,true,3,305,77,115,0.09375,0.875,0.03125,0,0,3,9,normal,false,7,14,178,2770,90,0,0,false,false,false,0,0,3038,32,0,
528,casual,3279,34,4,budget,0,83,true,5,1220,70,105,0.23529411764705882,0.6764705882352942,0.08823529411764706,0,0,6,1,normal,false,10,11,269,1600,1410,0,0,false,false,true,0,0,3279,34,0,
529,casual,5221,38,8,budget,0,85,true,6,1375,102,148,0.07894736842105263,0.8157894736842105,0.10526315789473684,0,0,4,2,normal,false,5,18,276,4435,510,0,0,false,false,false,0,0,5221,38,0,
530,casual,9056,45,15,budget,1,100,true,5,955,140,204,0.1111111111111111,0.6666666666666666,0.08888888888888889,0.022222222222222223,0.1111111111111111,7,4,crash,false,8,19,426,5870,1350,90,1320,false,true,false,1290,5,7766,40,1,5
531,casual,3688,40,10,budget,0,81,true,3,580,84,125,0.15,0.8,0.05,0,0,9,2,normal,false,6,15,148,2640,900,0,0,false,false,true,0,0,3688,40,0,
532,casual,5085,38,8,budget,0,90,true,4,1000,93,130,0.05263157894736842,0.8421052631578947,0.10526315789473684,0,0,5,1,normal,false,6,12,30,3795,540,720,0,true,false,true,0,0,5085,38,0,
533,casual,2448,30,0,budget,0,54,true,3,270,67,93,0.1,0.9,0,0,0,1,7,normal,false,6,9,218,2230,0,0,0,false,false,false,0,0,2448,30,0,
534,casual,4613,38,8,budget,0,85,true,4,540,92,137,0.13157894736842105,0.8157894736842105,0.05263157894736842,0,0,7,2,normal,false,7,12,198,3365,1050,0,0,false,false,true,0,0,4613,38,0,
535,casual,2686,30,0,budget,0,50,true,3,345,61,104,0.26666666666666666,0.7333333333333333,0,0,0,4,17,normal,false,4,12,341,2345,0,0,0,false,false,true,0,0,2686,30,0,
536,casual,5080,46,16,budget,0,94,true,3,790,82,151,0.2826086956521739,0.6304347826086957,0.08695652173913043,0,0,11,1,normal,false,7,18,330,1990,1770,990,0,true,false,true,0,0,5080,46,0,
537,casual,2599,30,0,budget,0,53,true,3,395,59,104,0.3333333333333333,0.6666666666666666,0,0,0,3,10,crash,false,3,11,299,2300,0,0,0,false,false,false,0,0,2599,30,0,
538,casual,3920,34,4,budget,0,76,true,4,490,83,119,0.029411764705882353,0.9117647058823529,0.058823529411764705,0,0,3,15,normal,false,3,20,45,3695,180,0,0,false,false,true,0,0,3920,34,0,
539,casual,17055,61,31,budget,3,100,true,4,3180,154,213,0.06557377049180328,0.5081967213114754,0.14754098360655737,0.03278688524590164,0.2459016393442623,10,2,normal,false,6,25,135,3330,1050,360,12180,false,false,false,8100,15,8955,46,2,3|4
540,casual,2675,30,0,budget,0,68,false,3,310,68,89,0,1,0,0,0,0,-1,normal,false,5,11,0,2675,0,0,0,false,false,true,0,0,2675,30,0,
541,casual,2455,30,0,budget,0,65,true,3,285,58,84,0,1,0,0,0,0,-1,normal,false,7,9,30,2425,0,0,0,false,false,false,0,0,2455,30,0,
542,casual,5273,40,10,budget,0,83,true,5,760,102,137,0.075,0.85,0.075,0,0,7,3,normal,false,3,23,118,4105,1050,0,0,false,false,false,0,0,5273,40,0,
543,casual,3117,30,0,budget,0,69,true,4,525,78,105,0.26666666666666666,0.7333333333333333,0,0,0,2,10,normal,false,7,11,272,2845,0,0,0,false,false,true,0,0,3117,30,0,
544,casual,4860,30,0,budget,0,50,true,6,1125,81,136,0.1,0.9,0,0,0,3,11,normal,false,4,14,175,4685,0,0,0,false,false,true,0,0,4860,30,0,
545,casual,12245,47,17,budget,1,100,true,5,2745,145,213,0.1276595744680851,0.6595744680851063,0.0851063829787234,0.02127659574468085,0.10638297872340426,10,3,crash,false,6,25,155,4325,810,4095,2860,false,true,false,5185,5,7060,42,1,4
546,casual,3987,34,4,budget,0,92,true,4,735,73,121,0.20588235294117646,0.7058823529411765,0.08823529411764706,0,0,3,7,crash,false,7,9,272,2440,600,675,0,true,false,false,0,0,3987,34,0,
547,casual,3399,38,8,budget,0,95,true,3,340,79,104,0.10526315789473684,0.7105263157894737,0.13157894736842105,0.05263157894736842,0,6,3,normal,false,9,11,154,2015,960,270,0,true,true,false,0,0,3399,38,0,
548,casual,2611,30,0,budget,0,64,true,5,640,62,89,0.16666666666666666,0.8333333333333334,0,0,0,3,8,normal,false,6,8,171,2440,0,0,0,false,false,false,0,0,2611,30,0,
549,casual,4281,36,6,budget,0,82,true,7,1170,70,130,0.3055555555555556,0.6944444444444444,0,0,0,4,5,crash,false,11,11,356,3265,660,0,0,false,false,true,0,0,4281,36,0,
550,casual,2753,30,0,budget,0,58,true,3,255,60,100,0.2,0.8,0,0,0,4,19,normal,false,6,11,293,2460,0,0,0,false,false,true,0,0,2753,30,0,
551,casual,3815,34,4,budget,0,81,true,5,555,85,120,0.058823529411764705,0.9117647058823529,0.029411764705882353,0,0,4,2,normal,false,6,15,240,3215,360,0,0,false,false,false,0,0,3815,34,0,
552,casual,7165,58,28,budget,0,94,false,4,870,140,163,0,0.7241379310344828,0.2413793103448276,0.034482758620689655,0,13,21,normal,false,9,28,0,3735,1990,1440,0,true,false,true,0,0,7165,58,0,
553,casual,4093,42,12,budget,0,95,true,4,555,82,133,0.38095238095238093,0.47619047619047616,0.11904761904761904,0.023809523809523808,0,8,5,normal,false,12,14,638,1970,1350,135,0,true,true,false,0,0,4093,42,0,
554,casual,8224,56,26,budget,0,88,true,6,1080,149,210,0.16071428571428573,0.6964285714285714,0.14285714285714285,0,0,15,8,normal,false,3,30,389,5450,1170,1215,0,false,false,false,0,0,8224,56,0,
555,casual,2315,30,0,budget,0,53,true,3,285,59,91,0.13333333333333333,0.8666666666666667,0,0,0,3,15,normal,false,5,14,155,2160,0,0,0,false,false,false,0,0,2315,30,0,
556,casual,4605,34,4,budget,0,78,false,5,900,94,128,0,0.9705882352941176,0.029411764705882353,0,0,2,5,normal,false,6,13,0,4425,180,0,0,false,false,false,0,0,4605,34,0,
557,casual,24660,86,62,lock,6,100,false,4,1810,244,291,0,0.36046511627906974,0.2441860465116279,0.046511627906976744,0.3488372093023256,18,1,normal,false,10,39,0,2835,4480,3765,13580,false,true,false,13120,30,11540,56,4,3|3|4|2
558,casual,4433,30,0,budget,0,66,true,5,775,76,135,0.3,0.7,0,0,0,3,4,crash,false,7,9,398,4035,0,0,0,false,false,false,0,0,4433,30,0,
559,casual,21440,66,36,budget,2,100,true,7,5930,197,222,0,0.7121212121212122,0.13636363636363635,0,0.15151515151515152,12,2,normal,false,14,24,30,4580,2130,1980,12720,false,false,false,14840,10,6600,56,1,2
560,casual,2787,36,6,budget,0,76,true,3,275,76,115,0.25,0.6666666666666666,0.08333333333333333,0,0,6,2,normal,false,4,16,542,1975,270,0,0,false,false,false,0,0,2787,36,0,
561,casual,2198,30,0,budget,0,66,true,4,370,58,116,0.43333333333333335,0.5666666666666667,0,0,0,3,21,crash,false,8,11,653,1545,0,0,0,false,false,false,0,0,2198,30,0,
562,casual,2223,30,0,budget,0,62,true,4,465,53,82,0.1,0.9,0,0,0,2,26,crash,false,6,8,68,2155,0,0,0,false,false,false,0,0,2223,30,0,
563,casual,9755,36,17,lock,1,100,false,5,1650,100,139,0,0.6944444444444444,0.1388888888888889,0.027777777777777776,0.1388888888888889,6,2,normal,false,4,22,0,3170,2250,135,4200,false,true,false,2880,5,6875,31,1,5
564,casual,4761,38,8,budget,0,76,true,6,436,94,151,0.18421052631578946,0.7894736842105263,0.02631578947368421,0,0,6,8,normal,false,7,12,1156,2765,840,0,0,false,false,true,0,0,4761,38,0,
565,casual,4750,48,18,budget,0,90,false,4,630,102,136,0,0.875,0.125,0,0,9,1,normal,false,4,23,0,3400,1080,270,0,true,false,true,0,0,4750,48,0,
566,casual,3613,30,0,budget,0,62,true,5,570,71,115,0.1,0.9,0,0,0,2,6,crash,false,4,10,248,3365,0,0,0,false,false,false,0,0,3613,30,0,
567,casual,11760,45,15,budget,1,100,true,6,3600,126,158,0.022222222222222223,0.7333333333333333,0.13333333333333333,0,0.1111111111111111,7,1,normal,false,9,15,15,2925,1700,0,7120,false,false,false,7080,5,4680,40,1,2
568,casual,20973,55,25,budget,3,100,true,6,6375,162,249,0.05454545454545454,0.509090909090909,0.09090909090909091,0.07272727272727272,0.2727272727272727,8,14,crash,false,9,25,308,3440,1050,3195,12980,false,false,true,13565,15,7408,40,3,3|3|5
569,casual,3346,34,4,budget,0,92,true,5,720,67,114,0.29411764705882354,0.6470588235294118,0.029411764705882353,0.029411764705882353,0,3,4,crash,false,5,13,716,1775,720,135,0,true,false,false,0,0,3346,34,0,
570,casual,20688,73,43,budget,3,100,true,5,2480,205,269,0.0684931506849315,0.4657534246575342,0.1917808219178082,0.0684931506849315,0.2054794520547945,18,1,normal,false,13,34,203,3500,4190,2355,10440,false,true,false,7990,15,12698,58,1,10
571,casual,6015,34,4,budget,0,76,true,5,1350,107,147,0.029411764705882353,0.9411764705882353,0.029411764705882353,0,0,3,17,normal,false,5,16,45,4680,1290,0,0,false,false,true,0,0,6015,34,0,
572,casual,2914,32,2,budget,0,77,true,4,555,84,112,0.21875,0.75,0.03125,0,0,3,2,normal,false,5,15,744,2080,90,0,0,false,false,false,0,0,2914,32,0,
573,casual,16265,86,56,budget,2,100,true,6,1680,220,267,0,0.5232558139534884,0.29069767441860467,0.06976744186046512,0.11627906976744186,20,4,normal,false,8,41,30,5425,3950,3420,3440,false,false,false,3960,10,12305,76,2,3|8
574,casual,3050,30,0,budget,0,59,true,3,450,74,113,0,1,0,0,0,0,-1,normal,false,4,10,60,2990,0,0,0,false,false,true,0,0,3050,30,0,
575,casual,10898,61,31,budget,1,100,true,4,1320,164,252,0.26229508196721313,0.47540983606557374,0.13114754098360656,0.04918032786885246,0.08196721311475409,17,3,normal,false,13,30,813,4790,1830,405,3060,false,false,true,2970,5,7928,56,1,4
576,casual,4200,32,2,budget,0,78,true,5,1050,92,115,0.0625,0.90625,0.03125,0,0,3,4,normal,false,4,11,45,4065,90,0,0,false,false,false,0,0,4200,32,0,
577,casual,2125,30,0,budget,0,55,true,3,345,54,105,0.5,0.5,0,0,0,4,8,normal,false,12,8,540,1585,0,0,0,false,false,false,0,0,2125,30,0,
578,casual,6290,40,10,budget,0,99,true,4,1455,82,156,0.25,0.55,0.15,0.05,0,6,1,crash,false,12,12,550,2285,740,2715,0,true,true,false,0,0,6290,40,0,
579,casual,2342,30,0,budget,0,55,true,4,525,66,104,0.5666666666666667,0.43333333333333335,0,0,0,2,17,normal,false,6,9,937,1405,0,0,0,false,false,false,0,0,2342,30,0,
580,casual,5958,44,14,budget,0,94,true,5,870,104,163,0.13636363636363635,0.7045454545454546,0.11363636363636363,0.045454545454545456,0,11,5,crash,false,4,22,153,4260,960,585,0,true,false,false,0,0,5958,44,0,
581,casual,4185,44,14,budget,0,86,false,4,480,92,114,0,0.8181818181818182,0.18181818181818182,0,0,7,22,normal,false,6,21,0,2635,1550,0,0,false,false,true,0,0,4185,44,0,
582,casual,3648,30,0,budget,0,62,true,5,825,72,139,0.43333333333333335,0.5666666666666667,0,0,0,6,6,normal,false,3,15,493,3155,0,0,0,false,false,true,0,0,3648,30,0,
583,casual,10870,71,41,budget,1,100,true,5,870,179,232,0.014084507042253521,0.6197183098591549,0.2676056338028169,0.028169014084507043,0.07042253521126761,14,3,crash,false,8,33,60,5215,3120,1395,1080,false,false,false,1050,5,9820,66,1,8
584,casual,4060,32,2,budget,0,75,true,7,1350,90,114,0.03125,0.96875,0,0,0,2,13,normal,false,4,12,15,3865,180,0,0,false,false,false,0,0,4060,32,0,
585,casual,3305,32,2,budget,0,70,true,4,570,72,118,0.4375,0.5625,0,0,0,6,5,normal,false,4,15,605,2340,360,0,0,false,false,true,0,0,3305,32,0,
586,casual,8695,46,16,budget,0,98,true,4,1215,124,180,0.021739130434782608,0.7608695652173914,0.08695652173913043,0.13043478260869565,0,7,1,normal,false,10,25,100,3720,1890,2985,0,true,true,true,0,0,8695,46,0,
587,casual,2528,32,2,budget,0,83,true,3,510,59,85,0.09375,0.84375,0.0625,0,0,3,2,normal,false,4,11,233,2085,210,0,0,false,false,false,0,0,2528,32,0,
588,casual,2879,30,0,budget,0,62,true,4,440,62,109,0.4,0.6,0,0,0,5,8,normal,false,6,11,404,2475,0,0,0,false,false,true,0,0,2879,30,0,
589,casual,3348,30,0,budget,0,64,true,4,535,81,106,0.16666666666666666,0.8333333333333334,0,0,0,3,12,normal,false,4,13,93,3255,0,0,0,false,false,false,0,0,3348,30,0,
590,casual,5925,36,6,budget,0,92,false,5,1485,90,114,0,0.7777777777777778,0.2222222222222222,0,0,2,18,normal,false,4,16,0,3300,1410,1215,0,true,false,true,0,0,5925,36,0,
591,casual,1760,21,2,lock,0,77,true,4,420,41,58,0.047619047619047616,0.9047619047619048,0.047619047619047616,0,0,2,2,normal,false,6,8,15,1625,120,0,0,false,false,false,0,0,1760,21,0,
592,casual,5503,42,12,budget,0,86,true,4,750,105,159,0.14285714285714285,0.7380952380952381,0.11904761904761904,0,0,8,4,crash,false,7,19,183,3400,1920,0,0,false,false,false,0,0,5503,42,0,
593,casual,4966,40,10,budget,0,94,true,4,1110,88,146,0.15,0.775,0.075,0,0,5,1,crash,false,6,16,296,3305,420,945,0,true,false,true,0,0,4966,40,0,
594,casual,2710,30,0,budget,0,63,true,4,390,65,95,0.03333333333333333,0.9666666666666667,0,0,0,0,-1,crash,false,6,10,0,2710,0,0,0,false,false,false,0,0,2710,30,0,
595,casual,5515,46,16,budget,0,90,true,5,905,112,156,0.021739130434782608,0.8260869565217391,0.13043478260869565,0.021739130434782608,0,7,4,crash,false,15,15,320,4070,990,135,0,true,false,true,0,0,5515,46,0,
596,casual,2063,34,4,budget,0,80,true,3,225,59,112,0.5294117647058824,0.47058823529411764,0,0,0,7,6,crash,false,9,14,658,1225,180,0,0,false,false,false,0,0,2063,34,0,
597,casual,11565,57,27,budget,1,100,false,5,960,169,221,0,0.7192982456140351,0.17543859649122806,0.017543859649122806,0.08771929824561403,11,3,normal,false,6,23,0,5940,2850,855,1920,false,true,true,2140,5,9425,52,1,5
598,casual,9550,53,23,budget,1,100,true,5,2080,131,206,0.18867924528301888,0.5471698113207547,0.1509433962264151,0.018867924528301886,0.09433962264150944,11,1,crash,false,6,19,260,4060,3820,510,900,false,false,false,2800,5,6750,48,1,2
599,casual,2441,30,0,budget,0,50,true,4,420,53,108,0.3333333333333333,0.6666666666666666,0,0,0,3,6,crash,false,3,12,436,2005,0,0,0,false,false,false,0,0,2441,30,0,
600,casual,3362,20,4,lock,0,97,true,4,640,54,85,0.25,0.5,0.2,0.05,0,3,2,normal,false,4,8,392,1475,820,675,0,true,true,true,0,0,3362,20,0,
601,casual,12450,57,27,budget,3,100,true,5,1120,138,210,0.19298245614035087,0.3684210526315789,0.12280701754385964,0.05263157894736842,0.2631578947368421,10,1,crash,false,5,22,615,3015,1190,630,7000,false,true,false,6110,15,6340,42,2,4|2
602,casual,11267,48,18,budget,0,97,true,5,1800,130,217,0.14583333333333334,0.6875,0.10416666666666667,0.0625,0,11,2,normal,false,8,25,397,4120,4290,2460,0,true,true,false,0,0,11267,48,0,
603,casual,5534,34,4,budget,0,90,true,6,810,91,170,0.2647058823529412,0.6470588235294118,0.058823529411764705,0.029411764705882353,0,4,3,crash,false,5,12,734,4175,490,135,0,true,false,true,0,0,5534,34,0,
604,casual,3064,30,0,budget,0,69,true,4,840,62,113,0.3,0.7,0,0,0,3,15,normal,false,4,11,494,2570,0,0,0,false,false,false,0,0,3064,30,0,
605,casual,15858,75,45,budget,1,100,true,5,3520,187,279,0.05333333333333334,0.5466666666666666,0.25333333333333335,0.08,0.06666666666666667,20,1,crash,false,6,45,218,5365,3250,1785,5240,false,true,false,5080,5,10778,70,1,3
606,casual,2672,32,2,budget,0,73,true,3,345,62,122,0.375,0.59375,0.03125,0,0,4,2,crash,false,3,13,467,2115,90,0,0,false,false,false,0,0,2672,32,0,
607,casual,3065,30,0,budget,0,54,true,4,435,71,100,0.06666666666666667,0.9333333333333333,0,0,0,2,19,normal,false,7,10,30,3035,0,0,0,false,false,false,0,0,3065,30,0,
608,casual,4192,30,0,budget,0,67,true,7,1125,72,114,0.3,0.7,0,0,0,2,9,crash,false,5,14,182,4010,0,0,0,false,false,false,0,0,4192,30,0,
609,casual,3970,36,6,budget,0,80,false,4,720,80,112,0,0.9722222222222222,0.027777777777777776,0,0,3,1,normal,false,5,16,0,2980,990,0,0,false,false,true,0,0,3970,36,0,
610,casual,3283,32,2,budget,0,76,true,4,575,70,113,0.03125,0.90625,0.0625,0,0,2,5,normal,false,6,15,83,2990,210,0,0,false,false,true,0,0,3283,32,0,
611,casual,2454,30,0,budget,0,56,true,4,395,59,110,0.3,0.7,0,0,0,3,18,crash,false,8,11,669,1785,0,0,0,false,false,false,0,0,2454,30,0,
612,casual,4085,32,2,budget,0,74,true,5,1350,76,109,0.03125,0.96875,0,0,0,2,21,normal,false,8,7,40,3595,450,0,0,false,false,true,0,0,4085,32,0,
613,casual,4371,40,10,budget,0,90,true,3,510,77,131,0.15,0.75,0.1,0,0,8,8,normal,false,5,15,151,2660,750,810,0,true,false,false,0,0,4371,40,0,
614,casual,2633,32,2,budget,0,78,true,3,180,74,104,0.15625,0.8125,0.03125,0,0,2,7,normal,false,4,13,333,2210,90,0,0,false,false,true,0,0,2633,32,0,
615,casual,3680,30,0,budget,0,66,true,5,855,89,115,0.06666666666666667,0.9333333333333333,0,0,0,2,19,normal,false,4,14,145,3535,0,0,0,false,false,false,0,0,3680,30,0,
616,casual,6074,44,14,budget,0,89,true,4,1330,89,138,0.1590909090909091,0.6136363636363636,0.20454545454545456,0.022727272727272728,0,7,11,crash,false,13,14,174,2465,1410,2025,0,false,false,false,0,0,6074,44,0,
617,casual,2164,30,0,budget,0,62,true,5,315,61,98,0.3,0.7,0,0,0,3,9,crash,false,6,11,759,1405,0,0,0,false,false,false,0,0,2164,30,0,
618,casual,1837,30,0,budget,0,50,true,3,210,48,99,0.5333333333333333,0.4666666666666667,0,0,0,4,8,normal,false,6,9,747,1090,0,0,0,false,false,true,0,0,1837,30,0,
619,casual,4165,36,6,budget,0,84,true,3,480,93,127,0.05555555555555555,0.8611111111111112,0.08333333333333333,0,0,5,3,normal,false,5,15,40,3405,720,0,0,false,false,true,0,0,4165,36,0,
620,casual,3973,30,0,budget,0,67,true,4,418,83,139,0.13333333333333333,0.8666666666666667,0,0,0,2,13,normal,false,6,12,583,3390,0,0,0,false,false,false,0,0,3973,30,0,
621,casual,2170,30,0,budget,0,62,true,3,420,54,95,0.3333333333333333,0.6666666666666666,0,0,0,2,14,normal,false,4,12,365,1805,0,0,0,false,false,false,0,0,2170,30,0,
622,casual,2715,32,2,budget,0,74,true,3,540,60,90,0.0625,0.90625,0.03125,0,0,3,1,normal,false,7,11,30,2595,90,0,0,false,false,true,0,0,2715,32,0,
623,casual,2757,34,4,budget,0,85,true,3,540,59,97,0.20588235294117646,0.7352941176470589,0.058823529411764705,0,0,3,3,crash,false,7,11,152,2005,600,0,0,false,false,false,0,0,2757,34,0,
624,casual,5833,36,6,budget,0,92,true,5,675,110,172,0.05555555555555555,0.8611111111111112,0.05555555555555555,0.027777777777777776,0,4,4,normal,false,3,16,118,5040,540,135,0,true,false,false,0,0,5833,36,0,
625,casual,3445,25,2,lock,0,72,false,7,1225,63,92,0,0.96,0.04,0,0,1,15,normal,false,3,13,0,3355,90,0,0,false,false,false,0,0,3445,25,0,
626,casual,4020,39,17,lock,1,100,false,3,810,81,94,0,0.7435897435897436,0.10256410256410256,0.02564102564102564,0.1282051282051282,5,8,frenzy,false,8,17,0,1785,1260,315,660,false,false,true,900,5,3120,34,1,2
627,casual,8998,51,23,lock,1,100,true,7,3180,123,160,0.0784313725490196,0.6666666666666666,0.09803921568627451,0.058823529411764705,0.09803921568627451,10,3,normal,false,10,20,633,2800,1800,2745,1020,false,true,false,990,5,8008,46,1,2
628,casual,9773,43,13,budget,1,100,true,5,3000,113,168,0.046511627906976744,0.7674418604651163,0.06976744186046512,0,0.11627906976744186,4,2,normal,false,13,13,68,3525,240,2940,3000,false,false,false,5820,5,3953,38,1,2
629,casual,33690,131,101,budget,5,100,false,6,2040,359,438,0,0.5038167938931297,0.22137404580152673,0.08396946564885496,0.19083969465648856,35,1,normal,false,11,62,0,6530,7490,4590,15080,false,true,true,13670,25,20020,106,4,5|3|3|3
630,casual,5985,32,2,budget,0,76,false,7,1510,115,151,0,0.96875,0.03125,0,0,1,26,normal,false,4,15,0,5865,120,0,0,false,false,false,0,0,5985,32,0,
631,casual,3145,30,0,budget,0,64,true,4,465,68,106,0.03333333333333333,0.9666666666666667,0,0,0,1,19,normal,false,4,13,105,3040,0,0,0,false,false,false,0,0,3145,30,0,
632,casual,5460,25,12,lock,0,97,false,5,2175,75,93,0,0.68,0.24,0.08,0,5,15,normal,false,4,14,0,2390,640,2430,0,true,true,false,0,0,5460,25,0,
633,casual,3127,30,0,budget,0,53,true,3,600,69,117,0.36666666666666664,0.6333333333333333,0,0,0,2,23,crash,false,13,6,497,2630,0,0,0,false,false,true,0,0,3127,30,0,
634,casual,6181,36,6,budget,0,77,true,7,1255,94,154,0.1111111111111111,0.8611111111111112,0.027777777777777776,0,0,4,2,normal,false,6,13,121,4700,1360,0,0,false,false,false,0,0,6181,36,0,
635,casual,16145,93,63,budget,1,100,true,4,1755,226,295,0.010752688172043012,0.5268817204301075,0.34408602150537637,0.06451612903225806,0.053763440860215055,28,1,normal,false,5,55,15,4345,6610,4215,960,false,true,false,720,5,15425,88,1,5
636,casual,7265,34,4,budget,0,84,false,6,1715,112,145,0,0.8529411764705882,0.14705882352941177,0,0,2,3,normal,false,7,12,0,5185,2080,0,0,false,false,true,0,0,7265,34,0,
637,casual,3640,34,4,budget,0,84,true,4,570,79,118,0.14705882352941177,0.8235294117647058,0.029411764705882353,0,0,4,2,crash,false,6,11,145,2785,710,0,0,false,false,false,0,0,3640,34,0,
638,casual,1504,30,0,budget,0,67,true,3,255,48,75,0.5,0.5,0,0,0,3,14,normal,false,6,8,439,1065,0,0,0,false,false,true,0,0,1504,30,0,
639,casual,2126,32,2,budget,0,73,true,3,315,61,86,0.21875,0.75,0.03125,0,0,3,2,normal,false,7,13,241,1795,90,0,0,false,false,false,0,0,2126,32,0,
640,casual,5565,40,10,budget,0,80,false,4,750,103,153,0,0.95,0.05,0,0,5,25,normal,false,4,21,0,4025,1540,0,0,false,false,false,0,0,5565,40,0,
641,casual,2342,30,0,budget,0,64,true,3,325,52,101,0.3333333333333333,0.6666666666666666,0,0,0,1,27,crash,false,6,9,397,1945,0,0,0,false,false,false,0,0,2342,30,0,
642,casual,3705,32,2,budget,0,72,true,5,790,72,112,0.03125,0.9375,0.03125,0,0,2,18,normal,false,6,14,15,3570,120,0,0,false,false,true,0,0,3705,32,0,
643,casual,3670,36,6,budget,0,81,true,5,805,90,107,0.027777777777777776,0.9166666666666666,0.05555555555555555,0,0,4,24,normal,false,7,14,15,3475,180,0,0,false,false,true,0,0,3670,36,0,
644,casual,2462,30,0,budget,0,50,true,5,493,62,107,0.43333333333333335,0.5666666666666667,0,0,0,5,13,normal,false,3,14,1032,1430,0,0,0,false,false,true,0,0,2462,30,0,
645,casual,21031,63,33,budget,3,100,true,7,5445,173,238,0.09523809523809523,0.49206349206349204,0.12698412698412698,0.047619047619047616,0.23809523809523808,16,1,normal,false,6,26,131,4060,1080,7380,8380,false,true,false,11305,15,9726,48,3,4|4|5
646,casual,4948,36,6,budget,0,90,true,4,465,97,145,0.2222222222222222,0.7222222222222222,0.027777777777777776,0.027777777777777776,0,9,6,normal,false,3,21,223,4080,510,135,0,true,false,true,0,0,4948,36,0,
647,casual,1895,30,0,budget,0,50,true,4,345,44,89,0.4,0.6,0,0,0,3,11,crash,false,8,8,355,1540,0,0,0,false,false,false,0,0,1895,30,0,
648,casual,8143,49,19,budget,1,100,true,6,1255,116,159,0.061224489795918366,0.673469387755102,0.12244897959183673,0.04081632653061224,0.10204081632653061,9,2,normal,false,6,25,78,4240,1020,225,2580,false,true,false,2490,5,5653,44,1,6
649,casual,10224,50,20,budget,2,100,true,4,2100,116,180,0.12,0.56,0.08,0.04,0.2,9,2,normal,false,7,21,394,2550,570,450,6260,false,false,false,5600,10,4624,40,2,2|5
650,casual,4088,38,8,budget,0,81,true,3,345,90,133,0.07894736842105263,0.868421052631579,0.05263157894736842,0,0,5,4,crash,false,3,19,38,3630,420,0,0,false,false,false,0,0,4088,38,0,
651,casual,4185,30,0,budget,0,59,true,5,810,73,125,0.1,0.9,0,0,0,1,5,crash,false,8,13,345,3840,0,0,0,false,false,false,0,0,4185,30,0,
652,casual,3608,30,0,budget,0,52,true,5,850,76,117,0.1,0.9,0,0,0,1,14,normal,false,9,10,188,3420,0,0,0,false,false,false,0,0,3608,30,0,
653,casual,6587,54,24,budget,0,94,true,4,510,141,180,0.1111111111111111,0.6296296296296297,0.2222222222222222,0.037037037037037035,0,10,7,normal,false,6,27,187,4225,1590,585,0,true,false,false,0,0,6587,54,0,
654,casual,2860,32,2,budget,0,77,true,4,405,65,118,0.40625,0.5625,0.03125,0,0,4,4,crash,false,4,13,480,2290,90,0,0,false,false,false,0,0,2860,32,0,
655,casual,1550,12,6,lock,0,98,false,3,550,32,29,0,0.6666666666666666,0.16666666666666666,0.16666666666666666,0,3,4,keto,true,3,6,0,815,510,225,0,true,true,true,0,0,1550,12,0,
656,casual,3595,30,0,budget,0,59,true,4,615,74,111,0.13333333333333333,0.8666666666666667,0,0,0,3,14,normal,false,3,15,115,3480,0,0,0,false,false,true,0,0,3595,30,0,
657,casual,3583,30,0,budget,0,61,true,3,480,68,118,0.13333333333333333,0.8666666666666667,0,0,0,2,26,normal,false,4,13,68,3515,0,0,0,false,false,true,0,0,3583,30,0,
658,casual,5767,46,16,budget,0,91,true,4,795,119,193,0.2608695652173913,0.6304347826086957,0.08695652173913043,0.021739130434782608,0,7,4,normal,false,6,20,882,3630,1120,135,0,true,false,true,0,0,5767,46,0,
659,casual,3245,34,4,budget,0,74,true,4,535,72,104,0,0.9705882352941176,0.029411764705882353,0,0,2,1,normal,false,10,11,30,2705,510,0,0,false,false,true,0,0,3245,34,0,
660,casual,16256,77,47,budget,3,100,true,6,4075,182,244,0.09090909090909091,0.37662337662337664,0.2597402597402597,0.07792207792207792,0.19480519480519481,20,3,crash,false,6,38,286,2760,2940,3930,6340,false,true,false,8975,15,7281,62,3,8|2|3
661,casual,10051,49,19,budget,1,100,true,4,1690,125,179,0.10204081632653061,0.6530612244897959,0.10204081632653061,0.04081632653061224,0.10204081632653061,11,7,normal,false,4,25,196,3060,1180,1755,3860,false,false,false,3470,5,6581,44,1,5
662,casual,6658,43,13,budget,1,100,true,3,1040,130,152,0.06976744186046512,0.6744186046511628,0.13953488372093023,0,0.11627906976744186,6,4,normal,false,6,17,68,3310,1360,0,1920,false,false,false,1880,5,4778,38,1,3
663,casual,2074,30,0,budget,0,62,true,4,273,63,93,0.23333333333333334,0.7666666666666667,0,0,0,4,8,normal,false,6,10,609,1465,0,0,0,false,false,true,0,0,2074,30,0,
664,casual,2308,30,0,budget,0,62,true,3,360,58,110,0.4666666666666667,0.5333333333333333,0,0,0,2,19,crash,false,9,7,608,1700,0,0,0,false,false,false,0,0,2308,30,0,
665,casual,1915,31,2,lock,0,72,false,3,300,55,67,0,1,0,0,0,1,24,normal,false,9,5,0,1735,180,0,0,false,false,true,0,0,1915,31,0,
666,casual,3951,30,0,budget,0,62,true,5,695,69,135,0.13333333333333333,0.8666666666666667,0,0,0,2,8,crash,false,5,13,331,3620,0,0,0,false,false,true,0,0,3951,30,0,
667,casual,4474,30,0,budget,0,62,true,6,1395,75,121,0.16666666666666666,0.8333333333333334,0,0,0,1,11,normal,false,8,8,234,4240,0,0,0,false,false,false,0,0,4474,30,0,
668,casual,2755,32,2,budget,0,70,true,3,270,75,99,0.03125,0.96875,0,0,0,2,9,normal,false,7,13,45,2710,0,0,0,false,false,false,0,0,2755,32,0,
669,casual,3793,30,0,budget,0,64,true,4,540,83,114,0.1,0.9,0,0,0,2,20,normal,false,4,14,118,3675,0,0,0,false,false,false,0,0,3793,30,0,
670,casual,12555,56,26,budget,2,100,false,5,2040,137,190,0,0.6428571428571429,0.16071428571428573,0.017857142857142856,0.17857142857142858,10,10,normal,false,6,24,0,3915,1410,990,6240,false,false,true,6110,10,6445,46,2,3|5
671,casual,5330,38,8,budget,0,98,true,4,1020,92,139,0.02631578947368421,0.868421052631579,0.07894736842105263,0.02631578947368421,0,4,3,normal,false,8,12,135,2785,1600,810,0,true,true,false,0,0,5330,38,0,
672,casual,2151,30,0,budget,0,62,true,3,345,55,90,0.3333333333333333,0.6666666666666666,0,0,0,4,18,crash,false,3,13,441,1710,0,0,0,false,false,false,0,0,2151,30,0,
673,casual,2992,30,0,budget,0,68,true,5,945,54,118,0.3,0.7,0,0,0,1,29,normal,false,5,11,382,2610,0,0,0,false,false,true,0,0,2992,30,0,
674,casual,3835,32,2,budget,0,72,false,4,525,70,118,0,0.96875,0.03125,0,0,1,2,normal,false,7,12,0,3745,90,0,0,false,false,true,0,0,3835,32,0,
675,casual,10019,54,24,budget,0,97,true,6,1920,128,192,0.12962962962962962,0.46296296296296297,0.35185185185185186,0.05555555555555555,0,13,1,crash,false,6,24,189,3215,5490,1125,0,true,true,false,0,0,10019,54,0,
676,casual,11975,48,18,budget,2,100,true,4,2160,140,194,0,0.6666666666666666,0.10416666666666667,0.020833333333333332,0.20833333333333334,5,3,normal,false,7,19,30,4415,380,330,6820,false,false,false,6250,10,5725,38,2,3|3
677,casual,2757,30,0,budget,0,58,true,4,465,71,135,0.6,0.4,0,0,0,4,7,crash,false,4,14,1082,1675,0,0,0,false,false,true,0,0,2757,30,0,
678,casual,2188,30,0,budget,0,53,true,4,490,43,103,0.43333333333333335,0.5666666666666667,0,0,0,3,11,crash,false,10,7,483,1705,0,0,0,false,false,false,0,0,2188,30,0,
679,casual,2038,30,0,budget,0,50,true,4,420,46,79,0.13333333333333333,0.8666666666666667,0,0,0,2,24,normal,false,6,7,88,1950,0,0,0,false,false,true,0,0,2038,30,0,
680,casual,3744,30,0,budget,0,54,true,7,958,67,117,0.23333333333333334,0.7666666666666667,0,0,0,3,12,crash,false,6,9,349,3395,0,0,0,false,false,false,0,0,3744,30,0,
681,casual,2515,30,0,budget,0,58,true,4,400,58,95,0.06666666666666667,0.9333333333333333,0,0,0,2,14,normal,false,5,12,85,2430,0,0,0,false,false,true,0,0,2515,30,0,
682,casual,8420,51,21,budget,1,100,false,6,1380,120,164,0,0.7843137254901961,0.11764705882352941,0,0.09803921568627451,9,9,normal,false,4,24,0,4370,1650,0,2400,false,false,false,2340,5,6080,46,1,2
683,casual,8255,43,13,budget,1,100,false,5,1140,116,157,0,0.813953488372093,0.046511627906976744,0.023255813953488372,0.11627906976744186,4,1,normal,false,4,17,0,4445,150,1800,1860,false,true,false,1710,5,6545,38,1,3
684,casual,3260,32,2,budget,0,73,true,5,510,66,103,0.0625,0.90625,0.03125,0,0,2,9,crash,false,6,15,90,3080,90,0,0,false,false,true,0,0,3260,32,0,
685,casual,2769,30,0,budget,0,62,true,3,480,63,100,0.2,0.8,0,0,0,2,26,normal,false,6,10,119,2650,0,0,0,false,false,true,0,0,2769,30,0,
686,casual,3261,30,0,budget,0,61,true,4,570,69,123,0.23333333333333334,0.7666666666666667,0,0,0,3,18,normal,false,9,14,321,2940,0,0,0,false,false,false,0,0,3261,30,0,
687,casual,4547,38,8,budget,0,78,true,4,565,97,157,0.21052631578947367,0.7631578947368421,0.02631578947368421,0,0,7,1,crash,false,8,15,582,3695,270,0,0,false,false,false,0,0,4547,38,0,
688,casual,3139,30,0,budget,0,52,true,4,540,63,113,0.16666666666666666,0.8333333333333334,0,0,0,2,19,normal,false,5,13,309,2830,0,0,0,false,false,true,0,0,3139,30,0,
689,casual,2900,36,6,budget,0,83,true,4,840,61,94,0.2222222222222222,0.6666666666666666,0.1111111111111111,0,0,5,2,normal,false,5,14,250,1510,1140,0,0,false,false,false,0,0,2900,36,0,
690,casual,4411,36,6,budget,0,90,true,5,615,100,154,0.19444444444444445,0.6944444444444444,0.08333333333333333,0.027777777777777776,0,5,7,normal,false,6,15,676,3330,270,135,0,true,false,false,0,0,4411,36,0,
691,casual,3235,32,2,budget,0,73,true,4,375,82,103,0,0.96875,0.03125,0,0,1,16,normal,false,5,12,135,3010,90,0,0,false,false,false,0,0,3235,32,0,
692,casual,5095,32,2,budget,0,71,true,8,2055,87,139,0.0625,0.9375,0,0,0,2,9,crash,false,5,15,60,5035,0,0,0,false,false,true,0,0,5095,32,0,
693,casual,4259,32,2,budget,0,71,true,4,535,84,147,0.21875,0.78125,0,0,0,3,8,crash,false,5,12,449,3810,0,0,0,false,false,false,0,0,4259,32,0,
694,casual,4736,30,0,budget,0,63,true,4,585,86,136,0.16666666666666666,0.8333333333333334,0,0,0,0,-1,crash,false,4,13,346,4390,0,0,0,false,false,false,0,0,4736,30,0,
695,casual,4260,34,4,budget,0,82,true,4,690,87,126,0,0.9705882352941176,0.029411764705882353,0,0,2,3,normal,false,7,10,60,3360,840,0,0,false,false,true,0,0,4260,34,0,
696,casual,22545,56,54,lock,2,100,false,6,4080,186,208,0,0.3392857142857143,0.3392857142857143,0.14285714285714285,0.17857142857142858,22,1,deep,true,5,39,0,1120,7880,4965,8580,false,true,true,9435,10,13110,46,2,5|3
697,casual,4540,40,10,budget,0,97,false,4,495,98,107,0,0.8,0.15,0.05,0,4,26,keto,false,6,18,0,3310,690,540,0,true,true,true,0,0,4540,40,0,
698,casual,4970,42,12,budget,0,91,false,4,420,123,152,0,0.8571428571428571,0.11904761904761904,0.023809523809523808,0,6,2,normal,false,6,20,0,4185,650,135,0,true,false,true,0,0,4970,42,0,
699,casual,5166,44,14,budget,0,94,true,4,915,98,150,0.09090909090909091,0.7727272727272727,0.11363636363636363,0.022727272727272728,0,7,3,crash,false,6,19,191,3100,1200,675,0,true,false,false,0,0,5166,44,0,
700,casual,4155,36,6,budget,0,94,true,5,900,82,125,0.3055555555555556,0.5555555555555556,0.1111111111111111,0.027777777777777776,0,5,14,crash,false,8,14,280,3440,300,135,0,true,false,false,0,0,4155,36,0,
701,casual,2075,30,0,budget,0,68,false,3,300,63,77,0,1,0,0,0,0,-1,normal,false,7,6,0,2075,0,0,0,false,false,false,0,0,2075,30,0,
702,casual,2950,36,6,budget,0,80,false,3,375,76,103,0,0.9444444444444444,0.05555555555555555,0,0,3,17,normal,false,6,13,0,2500,450,0,0,false,false,false,0,0,2950,36,0,
703,casual,3331,32,2,budget,0,74,true,6,965,68,111,0.25,0.75,0,0,0,5,4,crash,false,4,13,216,2935,180,0,0,false,false,false,0,0,3331,32,0,
704,casual,5023,36,6,budget,0,94,true,6,1195,83,119,0.1111111111111111,0.6944444444444444,0.1388888888888889,0.05555555555555555,0,5,1,normal,false,6,12,113,4085,510,315,0,true,false,false,0,0,5023,36,0,
705,casual,3471,40,10,budget,0,91,true,2,300,85,116,0.1,0.775,0.075,0.05,0,4,5,crash,false,9,14,131,2350,720,270,0,true,false,false,0,0,3471,40,0,
706,casual,3441,30,0,budget,0,67,true,5,675,73,104,0.2,0.8,0,0,0,3,12,normal,false,6,11,251,3190,0,0,0,false,false,false,0,0,3441,30,0,
707,casual,3340,30,0,budget,0,69,true,3,570,71,116,0.06666666666666667,0.9333333333333333,0,0,0,1,4,crash,false,4,12,75,3265,0,0,0,false,false,false,0,0,3340,30,0,
708,casual,4465,38,8,budget,0,79,false,4,600,99,142,0,0.9473684210526315,0.05263157894736842,0,0,4,9,normal,false,4,21,0,4105,360,0,0,false,false,true,0,0,4465,38,0,
709,casual,2900,30,0,budget,0,58,true,4,405,67,102,0.03333333333333333,0.9666666666666667,0,0,0,1,30,normal,false,3,12,15,2885,0,0,0,false,false,true,0,0,2900,30,0,
710,casual,6862,42,12,budget,0,81,true,6,1080,110,189,0.16666666666666666,0.7857142857142857,0.047619047619047616,0,0,7,2,normal,false,6,19,242,5720,900,0,0,false,false,true,0,0,6862,42,0,
711,casual,3460,34,4,budget,0,80,false,4,405,83,107,0,0.9411764705882353,0.058823529411764705,0,0,2,22,normal,false,5,11,0,3280,180,0,0,false,false,true,0,0,3460,34,0,
712,casual,2079,30,0,budget,0,69,true,3,285,53,88,0.3,0.7,0,0,0,5,15,normal,false,4,13,304,1775,0,0,0,false,false,true,0,0,2079,30,0,
713,casual,3170,32,2,budget,0,78,false,4,525,71,92,0,0.96875,0.03125,0,0,1,10,normal,false,9,13,0,3080,90,0,0,false,false,false,0,0,3170,32,0,
714,casual,4517,32,2,budget,0,75,true,4,840,79,143,0.3125,0.6875,0,0,0,4,3,crash,false,4,15,362,3405,750,0,0,false,false,false,0,0,4517,32,0,
715,casual,6615,40,10,budget,0,94,true,6,1135,116,166,0.05,0.85,0.1,0,0,6,2,normal,false,4,16,35,4975,660,945,0,true,false,false,0,0,6615,40,0,
716,casual,2854,30,0,budget,0,61,true,4,495,66,116,0.23333333333333334,0.7666666666666667,0,0,0,3,16,crash,false,5,12,659,2195,0,0,0,false,false,false,0,0,2854,30,0,
717,casual,3325,32,2,budget,0,73,true,5,436,67,146,0.4375,0.53125,0.03125,0,0,3,2,crash,false,5,13,1685,1320,320,0,0,false,false,false,0,0,3325,32,0,
718,casual,8470,51,21,budget,1,100,true,5,790,125,184,0.11764705882352941,0.4117647058823529,0.35294117647058826,0.0196078431372549,0.09803921568627451,11,2,crash,false,5,26,195,3530,2810,855,1080,false,false,false,750,5,7720,46,1,4
719,casual,2730,30,0,budget,0,62,true,3,420,59,105,0.3,0.7,0,0,0,3,12,normal,false,7,11,290,2440,0,0,0,false,false,false,0,0,2730,30,0,
720,casual,3840,30,0,budget,0,66,true,4,495,84,112,0.03333333333333333,0.9666666666666667,0,0,0,1,22,normal,false,8,14,20,3820,0,0,0,false,false,false,0,0,3840,30,0,
721,casual,10663,56,26,budget,0,94,true,7,1970,154,222,0.05357142857142857,0.8035714285714286,0.125,0.017857142857142856,0,12,1,normal,false,12,20,53,6430,3550,630,0,true,false,true,0,0,10663,56,0,
722,casual,2810,34,4,budget,0,71,false,4,470,79,93,0,1,0,0,0,2,9,normal,false,4,15,0,2810,0,0,0,false,false,false,0,0,2810,34,0,
723,casual,3003,30,0,budget,0,54,true,3,315,67,104,0.13333333333333333,0.8666666666666667,0,0,0,1,12,crash,false,4,14,113,2890,0,0,0,false,false,true,0,0,3003,30,0,
724,casual,12144,51,21,budget,1,100,true,6,3000,156,179,0.0784313725490196,0.6470588235294118,0.13725490196078433,0.0392156862745098,0.09803921568627451,10,2,normal,false,8,19,479,4725,810,1350,4780,false,false,true,4220,5,7924,46,1,4
725,casual,3727,30,0,budget,0,55,true,5,885,62,118,0.3333333333333333,0.6666666666666666,0,0,0,3,6,normal,false,5,9,722,3005,0,0,0,false,false,false,0,0,3727,30,0,
726,casual,3817,36,6,budget,0,81,true,4,615,74,141,0.3611111111111111,0.6111111111111112,0.027777777777777776,0,0,6,1,crash,false,8,13,852,2385,580,0,0,false,false,false,0,0,3817,36,0,
727,casual,6671,43,13,budget,1,100,true,7,1770,85,165,0.3953488372093023,0.4186046511627907,0.06976744186046512,0,0.11627906976744186,7,2,crash,false,7,16,881,3000,510,180,2100,false,false,true,2160,5,4511,38,1,2
728,casual,6218,42,12,budget,0,86,true,3,730,115,171,0.19047619047619047,0.6666666666666666,0.14285714285714285,0,0,8,1,crash,false,7,17,233,3475,2510,0,0,false,false,false,0,0,6218,42,0,
729,casual,2921,30,0,budget,0,58,true,4,390,63,119,0.4,0.6,0,0,0,1,22,crash,false,10,7,671,2250,0,0,0,false,false,false,0,0,2921,30,0,
730,casual,2407,30,0,budget,0,55,true,3,390,59,98,0.3333333333333333,0.6666666666666666,0,0,0,3,4,normal,false,5,15,457,1950,0,0,0,false,false,true,0,0,2407,30,0,
731,casual,3727,34,4,budget,0,85,true,4,385,74,142,0.47058823529411764,0.4411764705882353,0.08823529411764706,0,0,4,5,crash,false,6,16,927,2280,520,0,0,false,false,false,0,0,3727,34,0,
732,casual,5399,34,4,budget,0,75,true,7,1935,84,155,0.2647058823529412,0.6764705882352942,0.058823529411764705,0,0,5,4,crash,false,4,15,454,4765,180,0,0,false,false,true,0,0,5399,34,0,
733,casual,3485,34,4,budget,0,73,false,4,450,87,110,0,0.9411764705882353,0.058823529411764705,0,0,2,15,normal,false,7,13,0,3175,310,0,0,false,false,false,0,0,3485,34,0,
734,casual,2541,30,0,budget,0,62,true,4,405,57,99,0.16666666666666666,0.8333333333333334,0,0,0,3,18,normal,false,6,12,226,2315,0,0,0,false,false,true,0,0,2541,30,0,
735,casual,6276,36,6,budget,0,81,true,5,1610,87,190,0.5,0.4722222222222222,0.027777777777777776,0,0,6,1,crash,false,6,16,691,3605,1980,0,0,false,false,true,0,0,6276,36,0,
736,casual,19585,79,49,budget,1,100,true,5,4080,230,328,0.05063291139240506,0.5822784810126582,0.22784810126582278,0.0759493670886076,0.06329113924050633,19,8,crash,false,9,40,210,6245,5780,2430,4920,false,true,false,4890,5,14695,74,1,4
737,casual,4391,36,6,budget,0,89,true,4,660,86,137,0.19444444444444445,0.7222222222222222,0.05555555555555555,0.027777777777777776,0,6,5,normal,false,5,17,256,3850,150,135,0,false,false,false,0,0,4391,36,0,
738,casual,2309,30,0,budget,0,69,true,4,585,60,82,0.2,0.8,0,0,0,1,15,normal,false,9,7,114,2195,0,0,0,false,false,false,0,0,2309,30,0,
739,casual,2161,30,0,budget,0,62,true,3,390,45,88,0.23333333333333334,0.7666666666666667,0,0,0,3,10,normal,false,6,8,301,1860,0,0,0,false,false,true,0,0,2161,30,0,
740,casual,9352,51,21,budget,1,100,true,5,960,122,195,0.29411764705882354,0.4117647058823529,0.13725490196078433,0.058823529411764705,0.09803921568627451,13,2,normal,false,6,18,567,3130,1260,2175,2220,false,true,true,1680,5,7672,46,1,5
741,casual,3993,34,4,budget,0,84,true,4,780,95,117,0.11764705882352941,0.8823529411764706,0,0,0,3,11,normal,false,7,11,208,3065,720,0,0,false,false,false,0,0,3993,34,0,
742,casual,3578,30,0,budget,0,63,true,5,630,62,108,0.1,0.9,0,0,0,2,10,normal,false,5,13,193,3385,0,0,0,false,false,false,0,0,3578,30,0,
743,casual,3049,30,0,budget,0,56,true,4,870,71,111,0.26666666666666666,0.7333333333333333,0,0,0,4,12,normal,false,3,12,224,2825,0,0,0,false,false,false,0,0,3049,30,0,
744,casual,8960,48,18,budget,0,89,true,5,1210,141,196,0,0.9166666666666666,0.0625,0.020833333333333332,0,8,16,normal,false,7,23,120,5575,3040,225,0,false,false,false,0,0,8960,48,0,
745,casual,3045,32,2,budget,0,77,false,3,665,77,99,0,0.96875,0.03125,0,0,1,26,normal,false,6,13,0,2955,90,0,0,false,false,true,0,0,3045,32,0,
746,casual,3435,32,2,budget,0,76,true,4,660,75,113,0.03125,0.96875,0,0,0,2,4,normal,false,3,12,75,3120,240,0,0,false,false,false,0,0,3435,32,0,
747,casual,5111,40,10,budget,0,96,true,6,1325,98,136,0.1,0.75,0.125,0.025,0,6,6,normal,false,6,16,136,4060,510,405,0,true,true,true,0,0,5111,40,0,
748,casual,3305,30,0,budget,0,53,true,4,425,71,108,0.1,0.9,0,0,0,1,29,normal,false,5,11,435,2870,0,0,0,false,false,false,0,0,3305,30,0,
749,casual,7353,48,28,lock,0,97,true,4,825,113,157,0.0625,0.625,0.25,0.0625,0,14,8,normal,false,9,19,573,2185,2210,2385,0,true,true,false,0,0,7353,48,0,
750,casual,3356,32,2,budget,0,73,true,5,630,72,99,0.1875,0.78125,0.03125,0,0,4,2,normal,false,3,15,231,3035,90,0,0,false,false,true,0,0,3356,32,0,
751,casual,3489,30,0,budget,0,63,true,4,475,74,122,0.16666666666666666,0.8333333333333334,0,0,0,2,4,normal,false,6,11,204,3285,0,0,0,false,false,false,0,0,3489,30,0,
752,casual,12212,66,36,budget,2,100,true,4,990,156,245,0.22727272727272727,0.3181818181818182,0.19696969696969696,0.10606060606060606,0.15151515151515152,17,2,crash,false,7,35,712,2930,1800,2430,4340,false,true,false,3980,10,8232,56,2,4|11
753,casual,23101,85,55,budget,3,100,true,7,2460,232,305,0.09411764705882353,0.4235294117647059,0.23529411764705882,0.07058823529411765,0.17647058823529413,20,11,normal,false,9,43,536,3875,4160,4170,10360,false,true,false,10760,15,12341,70,3,2|5|4
754,casual,5031,44,14,budget,0,92,true,6,975,98,158,0.25,0.5909090909090909,0.13636363636363635,0.022727272727272728,0,9,1,normal,false,6,19,556,3710,630,135,0,true,false,true,0,0,5031,44,0,
755,casual,2431,30,0,budget,0,67,true,3,450,59,97,0.26666666666666666,0.7333333333333333,0,0,0,3,5,crash,false,9,9,271,2160,0,0,0,false,false,false,0,0,2431,30,0,
756,casual,3183,30,0,budget,0,50,true,3,585,74,113,0.23333333333333334,0.7666666666666667,0,0,0,3,8,normal,false,4,16,338,2845,0,0,0,false,false,true,0,0,3183,30,0,
757,casual,6619,38,8,budget,0,94,true,4,1275,105,161,0.13157894736842105,0.7894736842105263,0.07894736842105263,0,0,6,9,normal,false,4,18,739,3070,920,1890,0,true,false,false,0,0,6619,38,0,
758,casual,3476,34,4,budget,0,84,true,3,315,79,122,0.14705882352941177,0.7647058823529411,0.08823529411764706,0,0,6,2,normal,false,5,15,271,2575,630,0,0,false,false,true,0,0,3476,34,0,
759,casual,4190,34,4,budget,0,82,true,4,820,83,123,0.08823529411764706,0.8529411764705882,0.058823529411764705,0,0,4,5,crash,false,4,16,75,2965,1150,0,0,false,false,true,0,0,4190,34,0,
760,casual,2989,34,4,budget,0,78,true,4,358,74,109,0.23529411764705882,0.7058823529411765,0.058823529411764705,0,0,3,3,normal,false,12,10,494,2315,180,0,0,false,false,false,0,0,2989,34,0,
761,casual,2093,30,0,budget,0,60,true,3,210,61,89,0.13333333333333333,0.8666666666666667,0,0,0,3,19,normal,false,4,10,128,1965,0,0,0,false,false,true,0,0,2093,30,0,
762,casual,10510,44,20,lock,0,98,false,5,1860,135,186,0,0.7045454545454546,0.25,0.045454545454545456,0,10,7,normal,false,8,19,0,4710,1570,4230,0,true,true,false,0,0,10510,44,0,
763,casual,2493,30,0,budget,0,67,true,3,490,59,94,0.1,0.9,0,0,0,1,28,crash,false,5,10,53,2440,0,0,0,false,false,false,0,0,2493,30,0,
764,casual,2989,30,0,budget,0,67,true,5,655,67,101,0.23333333333333334,0.7666666666666667,0,0,0,1,14,crash,false,7,11,144,2845,0,0,0,false,false,false,0,0,2989,30,0,
765,casual,2719,30,0,budget,0,68,true,3,420,60,112,0.43333333333333335,0.5666666666666667,0,0,0,2,21,normal,false,6,12,724,1995,0,0,0,false,false,false,0,0,2719,30,0,
766,casual,4799,36,6,budget,0,89,true,7,1995,76,135,0.2777777777777778,0.6666666666666666,0.027777777777777776,0.027777777777777776,0,5,7,crash,false,5,17,719,3465,480,135,0,false,false,true,0,0,4799,36,0,
767,casual,13963,76,46,budget,2,100,true,4,2220,194,253,0.13157894736842105,0.5263157894736842,0.18421052631578946,0.02631578947368421,0.13157894736842105,18,1,normal,false,10,42,363,3715,2380,1185,6320,false,false,false,6060,10,7903,66,2,3|2
768,casual,2354,30,0,budget,0,62,true,4,300,56,91,0.26666666666666666,0.7333333333333333,0,0,0,5,5,normal,false,5,11,354,2000,0,0,0,false,false,false,0,0,2354,30,0,
769,casual,4910,42,12,budget,0,82,true,4,1030,98,144,0.023809523809523808,0.8571428571428571,0.11904761904761904,0,0,7,2,normal,false,4,23,15,4265,630,0,0,false,false,true,0,0,4910,42,0,
770,casual,3612,30,0,budget,0,62,true,4,540,76,129,0.36666666666666664,0.6333333333333333,0,0,0,2,12,normal,false,5,12,452,3160,0,0,0,false,false,false,0,0,3612,30,0,
771,casual,12626,61,31,budget,1,100,true,5,2460,160,215,0.08196721311475409,0.5737704918032787,0.19672131147540983,0.06557377049180328,0.08196721311475409,11,2,normal,false,5,27,196,3975,2920,1215,4320,false,false,true,4230,5,8396,56,1,7
772,casual,3658,30,0,budget,0,51,true,4,715,77,109,0.13333333333333333,0.8666666666666667,0,0,0,3,12,normal,false,6,12,68,3590,0,0,0,false,false,false,0,0,3658,30,0,
773,casual,2515,30,0,budget,0,55,true,3,255,60,97,0.23333333333333334,0.7666666666666667,0,0,0,2,6,normal,false,7,8,305,2210,0,0,0,false,false,false,0,0,2515,30,0,
774,casual,5750,48,18,budget,0,90,false,4,705,111,141,0,0.8125,0.16666666666666666,0.020833333333333332,0,7,19,normal,false,7,22,0,3485,1680,585,0,true,false,true,0,0,5750,48,0,
775,casual,1006,12,0,lock,0,62,true,3,308,15,45,0.16666666666666666,0.8333333333333334,0,0,0,0,-1,crash,false,4,3,286,720,0,0,0,false,false,false,0,0,1006,12,0,
776,casual,2613,32,2,budget,0,70,true,4,720,67,82,0.09375,0.90625,0,0,0,2,3,normal,false,9,6,53,2560,0,0,0,false,false,false,0,0,2613,32,0,
777,casual,13160,57,27,budget,1,100,false,5,2060,146,199,0,0.6491228070175439,0.2631578947368421,0,0.08771929824561403,10,1,normal,false,13,21,0,3655,3400,1365,4740,false,false,false,5955,5,7205,52,1,2
778,casual,6649,52,22,budget,0,93,true,4,1335,121,190,0.21153846153846154,0.6730769230769231,0.09615384615384616,0.019230769230769232,0,13,13,crash,false,9,24,924,2940,2650,135,0,true,false,true,0,0,6649,52,0,
779,casual,9016,47,17,budget,1,100,true,4,1680,134,143,0.1276595744680851,0.6170212765957447,0.14893617021276595,0,0.10638297872340426,6,2,normal,false,8,19,411,2695,1590,180,4140,false,false,false,4200,5,4816,42,1,3
780,casual,3443,30,0,budget,0,55,true,4,510,63,115,0.13333333333333333,0.8666666666666667,0,0,0,2,7,crash,false,5,12,53,3390,0,0,0,false,false,false,0,0,3443,30,0,
781,casual,5056,44,14,budget,0,83,true,4,1040,97,149,0.13636363636363635,0.8181818181818182,0.045454545454545456,0,0,7,6,crash,false,5,18,196,3090,1770,0,0,false,false,false,0,0,5056,44,0,
782,casual,2786,30,0,budget,0,69,true,4,595,65,91,0.13333333333333333,0.8666666666666667,0,0,0,2,8,normal,false,6,12,126,2660,0,0,0,false,false,false,0,0,2786,30,0,
783,casual,7163,30,0,budget,0,55,true,9,3213,100,155,0.3,0.7,0,0,0,3,15,normal,false,6,11,393,6770,0,0,0,false,false,true,0,0,7163,30,0,
784,casual,4435,32,2,budget,0,71,true,4,565,94,148,0.0625,0.9375,0,0,0,2,14,normal,false,5,14,455,3980,0,0,0,false,false,false,0,0,4435,32,0,
785,casual,11635,63,33,budget,1,100,false,6,1335,162,221,0,0.6825396825396826,0.15873015873015872,0.07936507936507936,0.07936507936507936,14,1,normal,false,9,29,0,4810,4530,1035,1260,false,true,false,1230,5,10405,58,1,6
786,casual,3004,34,4,budget,0,85,true,4,355,70,115,0.2647058823529412,0.6764705882352942,0.058823529411764705,0,0,5,3,normal,false,8,13,649,2175,180,0,0,false,false,false,0,0,3004,34,0,
787,casual,11600,59,29,budget,1,100,false,6,1810,179,200,0,0.6949152542372882,0.1864406779661017,0.03389830508474576,0.0847457627118644,11,2,normal,false,9,25,0,4595,2970,1695,2340,false,true,false,2700,5,8900,54,1,7
788,casual,2795,30,0,budget,0,67,false,4,465,69,88,0,1,0,0,0,0,-1,normal,false,5,11,0,2795,0,0,0,false,false,true,0,0,2795,30,0,
789,casual,2915,34,4,budget,0,78,true,3,420,68,105,0.058823529411764705,0.9117647058823529,0.029411764705882353,0,0,3,1,normal,false,8,9,100,2455,360,0,0,false,false,true,0,0,2915,34,0,
790,casual,5850,44,14,budget,0,99,true,6,1050,111,137,0.045454545454545456,0.7045454545454546,0.18181818181818182,0.06818181818181818,0,9,16,normal,false,4,19,120,4500,870,360,0,true,true,false,0,0,5850,44,0,
791,casual,8015,45,15,budget,1,100,true,5,2055,104,136,0.022222222222222223,0.6666666666666666,0.13333333333333333,0.06666666666666667,0.1111111111111111,7,11,normal,false,10,19,20,3030,690,2295,1980,false,false,false,1350,5,6665,40,1,8
792,casual,2135,30,0,budget,0,63,true,3,270,61,78,0.06666666666666667,0.9333333333333333,0,0,0,1,7,normal,false,7,10,45,2090,0,0,0,false,false,true,0,0,2135,30,0,
793,casual,3839,30,0,budget,0,62,true,5,825,72,116,0.2,0.8,0,0,0,2,18,normal,false,4,11,264,3575,0,0,0,false,false,false,0,0,3839,30,0,
794,casual,7406,47,19,lock,1,100,true,3,1020,110,152,0.10638297872340426,0.6170212765957447,0.14893617021276595,0.02127659574468085,0.10638297872340426,8,1,crash,false,11,19,131,2980,1440,135,2720,false,false,true,2225,5,5181,42,0,
795,casual,11965,47,17,budget,1,100,true,5,2540,150,201,0.02127659574468085,0.723404255319149,0.1276595744680851,0.02127659574468085,0.10638297872340426,7,1,normal,false,5,21,260,4950,1440,855,4460,false,true,true,4480,5,7485,42,1,5
796,casual,3910,30,0,budget,0,69,true,4,530,94,133,0.03333333333333333,0.9666666666666667,0,0,0,1,13,normal,false,4,11,45,3865,0,0,0,false,false,false,0,0,3910,30,0,
797,casual,2775,32,2,budget,0,73,true,6,705,59,113,0.4375,0.5625,0,0,0,4,2,normal,false,5,12,995,1600,180,0,0,false,false,true,0,0,2775,32,0,
798,casual,15305,60,30,budget,2,100,false,6,3555,173,220,0,0.65,0.15,0.03333333333333333,0.16666666666666666,10,6,normal,false,9,27,0,5090,1790,3825,4600,false,true,true,4240,10,11065,50,2,2|3
799,casual,6861,52,22,budget,0,95,true,4,900,120,188,0.19230769230769232,0.6153846153846154,0.11538461538461539,0.07692307692307693,0,11,1,normal,false,3,28,516,3645,1650,1050,0,true,true,true,0,0,6861,52,0,
800,casual,4798,36,6,budget,0,76,true,6,1320,80,130,0.16666666666666666,0.7777777777777778,0.05555555555555555,0,0,6,8,normal,false,3,17,428,3200,1170,0,0,false,false,false,0,0,4798,36,0,
801,casual,4040,36,6,budget,0,71,true,6,960,79,122,0.08333333333333333,0.9166666666666666,0,0,0,6,1,normal,false,7,17,55,3985,0,0,0,false,false,true,0,0,4040,36,0,
802,casual,11250,22,19,lock,1,100,true,7,2880,81,121,0.045454545454545456,0.4090909090909091,0.2727272727272727,0.045454545454545456,0.22727272727272727,7,6,keto,false,2,13,15,3615,840,2280,4500,false,false,false,5580,5,5670,17,1,2
803,casual,4512,30,0,budget,0,62,true,5,690,80,155,0.23333333333333334,0.7666666666666667,0,0,0,2,13,normal,false,5,11,827,3685,0,0,0,false,false,true,0,0,4512,30,0,
804,casual,6521,48,18,budget,0,94,true,4,780,109,172,0.10416666666666667,0.7916666666666666,0.08333333333333333,0.020833333333333332,0,12,3,normal,false,4,25,396,3600,1850,675,0,true,false,true,0,0,6521,48,0,
805,casual,2883,32,2,budget,0,73,true,4,360,65,96,0.09375,0.875,0.03125,0,0,3,2,normal,false,7,11,138,2655,90,0,0,false,false,true,0,0,2883,32,0,
806,casual,18125,77,47,budget,3,100,true,5,1215,196,283,0.14285714285714285,0.38961038961038963,0.18181818181818182,0.09090909090909091,0.19480519480519481,22,4,normal,false,7,39,625,3245,2160,4995,7100,false,true,true,5630,15,12495,62,3,13|3|3
807,casual,2806,30,0,budget,0,50,true,4,375,60,100,0.23333333333333334,0.7666666666666667,0,0,0,5,8,normal,false,7,13,286,2520,0,0,0,false,false,true,0,0,2806,30,0,
808,casual,10630,65,35,budget,3,100,false,3,1015,156,175,0,0.6,0.13846153846153847,0.03076923076923077,0.23076923076923078,12,14,normal,false,7,29,0,2950,2340,1260,4080,false,false,false,4010,15,6620,50,3,7|3|2
809,casual,14555,51,21,budget,1,100,true,9,4660,123,207,0.47058823529411764,0.3137254901960784,0.09803921568627451,0.0196078431372549,0.09803921568627451,9,1,crash,false,8,16,975,1265,4240,1755,6320,false,false,false,8560,5,5995,46,1,2
810,casual,3403,34,4,budget,0,99,true,5,748,75,117,0.38235294117647056,0.5588235294117647,0.029411764705882353,0.029411764705882353,0,4,10,normal,false,7,11,853,1875,270,405,0,true,true,true,0,0,3403,34,0,
811,casual,8211,46,16,budget,0,95,true,4,1175,129,188,0.10869565217391304,0.782608695652174,0.043478260869565216,0.06521739130434782,0,6,12,crash,false,5,23,91,4620,2150,1350,0,true,true,false,0,0,8211,46,0,
812,casual,2625,32,2,budget,0,83,true,4,435,63,83,0.03125,0.875,0.09375,0,0,2,2,normal,false,3,16,60,2325,240,0,0,false,false,false,0,0,2625,32,0,
813,casual,2840,30,0,budget,0,66,true,4,620,72,86,0.03333333333333333,0.9666666666666667,0,0,0,1,17,normal,false,6,10,15,2825,0,0,0,false,false,false,0,0,2840,30,0,
814,casual,10323,55,25,budget,1,100,true,4,1540,154,218,0.03636363636363636,0.7454545454545455,0.09090909090909091,0.03636363636363636,0.09090909090909091,10,15,normal,false,9,25,38,4580,2510,495,2700,false,true,true,2820,5,7503,50,1,2
815,casual,15233,55,25,budget,1,100,true,5,4030,155,216,0.09090909090909091,0.6181818181818182,0.14545454545454545,0.05454545454545454,0.09090909090909091,12,2,normal,false,10,22,238,4405,2270,2340,5980,false,false,true,6930,5,8303,50,1,2
816,casual,4093,44,14,budget,0,92,true,4,495,92,124,0.11363636363636363,0.7727272727272727,0.09090909090909091,0.022727272727272728,0,10,8,normal,false,5,22,383,2225,1350,135,0,true,false,false,0,0,4093,44,0,
817,casual,4378,40,10,budget,0,88,true,4,1095,84,128,0.125,0.825,0.05,0,0,5,2,crash,false,6,15,238,2655,540,945,0,false,false,false,0,0,4378,40,0,
818,casual,2045,30,0,budget,0,66,false,3,300,60,71,0,1,0,0,0,0,-1,normal,false,17,7,0,2045,0,0,0,false,false,false,0,0,2045,30,0,
819,casual,2789,30,0,budget,0,50,true,7,1245,46,114,0.6,0.4,0,0,0,3,9,crash,false,8,9,814,1975,0,0,0,false,false,false,0,0,2789,30,0,
820,casual,6237,46,16,budget,0,93,true,5,870,101,155,0.08695652173913043,0.8478260869565217,0.06521739130434782,0,0,9,2,crash,false,6,17,467,2890,2340,540,0,true,false,true,0,0,6237,46,0,
821,casual,2404,30,0,budget,0,62,true,3,263,65,93,0.16666666666666666,0.8333333333333334,0,0,0,3,11,normal,false,6,10,444,1960,0,0,0,false,false,true,0,0,2404,30,0,
822,casual,1060,9,0,lock,0,65,false,3,450,21,34,0,1,0,0,0,0,-1,normal,false,2,4,0,1060,0,0,0,false,false,true,0,0,1060,9,0,
823,casual,3157,32,2,budget,0,77,true,5,890,70,113,0.40625,0.5625,0.03125,0,0,4,10,normal,false,6,10,427,2330,400,0,0,false,false,true,0,0,3157,32,0,
824,casual,2410,30,0,budget,0,66,true,4,545,58,88,0.1,0.9,0,0,0,3,10,normal,false,7,10,185,2225,0,0,0,false,false,true,0,0,2410,30,0,
825,casual,10130,51,21,budget,1,100,true,5,2235,130,188,0.0196078431372549,0.7647058823529411,0.11764705882352941,0,0.09803921568627451,8,14,crash,false,3,24,0,3815,2820,2175,1320,false,false,false,3135,5,6995,46,1,3
826,casual,7814,44,14,budget,0,99,true,5,2390,108,157,0.13636363636363635,0.6590909090909091,0.11363636363636363,0.09090909090909091,0,6,9,normal,false,5,22,194,3880,860,2880,0,true,true,false,0,0,7814,44,0,
827,casual,22011,91,61,budget,3,100,true,4,1860,259,364,0.03296703296703297,0.5824175824175825,0.17582417582417584,0.04395604395604396,0.16483516483516483,23,8,normal,false,6,49,101,5180,6210,1800,8720,false,true,false,8890,15,13121,76,2,3|7
828,casual,4140,30,0,budget,0,50,true,7,1215,76,117,0.06666666666666667,0.9333333333333333,0,0,0,1,4,crash,false,5,9,60,4080,0,0,0,false,false,false,0,0,4140,30,0,
829,casual,4509,30,0,budget,0,54,true,6,1125,68,167,0.3,0.7,0,0,0,3,8,crash,false,4,14,1079,3430,0,0,0,false,false,false,0,0,4509,30,0,
830,casual,5210,42,12,budget,0,85,true,6,1170,106,134,0.047619047619047616,0.8095238095238095,0.14285714285714285,0,0,7,4,normal,false,9,18,195,3395,1620,0,0,false,false,false,0,0,5210,42,0,
831,casual,2666,30,0,budget,0,50,true,3,435,55,104,0.26666666666666666,0.7333333333333333,0,0,0,6,4,normal,false,4,13,261,2405,0,0,0,false,false,true,0,0,2666,30,0,
832,casual,7263,47,17,budget,1,100,true,6,1190,122,166,0.06382978723404255,0.6808510638297872,0.14893617021276595,0,0.10638297872340426,5,7,crash,false,10,17,108,3935,1300,1020,900,false,false,true,1800,5,5463,42,0,
833,casual,2260,30,0,budget,0,65,true,4,390,51,79,0.1,0.9,0,0,0,3,15,normal,false,6,10,80,2180,0,0,0,false,false,true,0,0,2260,30,0,
834,casual,4602,38,8,budget,0,83,true,5,1320,73,121,0.21052631578947367,0.6842105263157895,0.10526315789473684,0,0,6,2,normal,false,5,13,287,1765,2550,0,0,false,false,true,0,0,4602,38,0,
835,casual,2715,34,4,budget,0,72,true,3,270,70,94,0,0.9411764705882353,0.058823529411764705,0,0,2,10,normal,false,9,13,30,2505,180,0,0,false,false,true,0,0,2715,34,0,
836,casual,3988,30,0,budget,0,62,true,5,885,81,113,0.03333333333333333,0.9666666666666667,0,0,0,1,19,normal,false,5,10,98,3890,0,0,0,false,false,false,0,0,3988,30,0,
837,casual,9425,35,11,lock,1,100,false,6,2570,119,144,0,0.8,0.05714285714285714,0,0.14285714285714285,2,20,normal,false,6,16,0,4435,920,270,3800,false,false,false,4330,5,5095,30,0,
838,casual,2904,32,2,budget,0,72,true,3,405,68,104,0.21875,0.75,0.03125,0,0,4,11,normal,false,5,16,264,2550,90,0,0,false,false,false,0,0,2904,32,0,
839,casual,2385,32,2,budget,0,73,true,4,460,51,89,0.1875,0.78125,0.03125,0,0,5,6,crash,false,8,10,90,2145,150,0,0,false,false,false,0,0,2385,32,0,
840,casual,4035,38,8,budget,0,95,true,4,450,80,111,0.07894736842105263,0.6578947368421053,0.23684210526315788,0.02631578947368421,0,5,11,crash,false,6,14,30,2760,750,495,0,true,true,false,0,0,4035,38,0,
841,casual,11045,49,19,budget,1,100,false,5,1760,146,197,0,0.7142857142857143,0.10204081632653061,0.08163265306122448,0.10204081632653061,7,14,normal,false,11,22,0,4965,2400,720,2960,false,false,true,1320,5,9725,44,1,8
842,casual,4143,30,0,budget,0,55,true,5,815,84,126,0.13333333333333333,0.8666666666666667,0,0,0,2,10,normal,false,4,13,128,4015,0,0,0,false,false,false,0,0,4143,30,0,
843,casual,1870,30,0,budget,0,54,true,3,330,48,86,0.36666666666666664,0.6333333333333333,0,0,0,2,11,crash,false,9,8,205,1665,0,0,0,false,false,false,0,0,1870,30,0,
844,casual,3992,38,8,budget,0,96,true,4,780,85,121,0.21052631578947367,0.6842105263157895,0.05263157894736842,0.05263157894736842,0,6,13,normal,false,5,17,502,2530,690,270,0,true,true,true,0,0,3992,38,0,
845,casual,6595,42,12,budget,0,82,false,5,990,118,159,0,0.9047619047619048,0.09523809523809523,0,0,6,1,normal,false,5,20,0,4615,1980,0,0,false,false,true,0,0,6595,42,0,
846,casual,16785,78,48,budget,2,100,true,6,2850,199,250,0.01282051282051282,0.5256410256410257,0.24358974358974358,0.08974358974358974,0.1282051282051282,18,5,normal,false,10,32,105,5335,3530,2835,4980,false,true,false,5040,10,11745,68,2,6|7
847,casual,4299,34,4,budget,0,72,true,4,510,90,137,0.2647058823529412,0.7058823529411765,0.029411764705882353,0,0,4,9,crash,false,8,15,579,3450,270,0,0,false,false,false,0,0,4299,34,0,
848,casual,3295,34,4,budget,0,93,true,4,470,70,122,0.5,0.38235294117647056,0.11764705882352941,0,0,5,2,normal,false,8,11,770,1955,300,270,0,true,false,true,0,0,3295,34,0,
849,casual,3640,42,12,budget,0,87,true,3,820,77,117,0.2619047619047619,0.5714285714285714,0.16666666666666666,0,0,4,2,crash,false,13,11,335,1575,1190,540,0,false,false,false,0,0,3640,42,0,
850,casual,5431,34,4,budget,0,76,true,7,2180,94,137,0.20588235294117646,0.7352941176470589,0.058823529411764705,0,0,3,4,normal,false,6,16,271,4980,180,0,0,false,false,true,0,0,5431,34,0,
851,casual,10754,56,26,budget,2,100,true,4,2100,124,178,0.08928571428571429,0.625,0.07142857142857142,0.03571428571428571,0.17857142857142858,10,3,crash,false,7,23,279,2620,1460,435,5960,false,true,false,5980,10,4774,46,2,2|2
852,casual,2835,30,0,budget,0,50,true,5,555,60,106,0.3333333333333333,0.6666666666666666,0,0,0,4,4,normal,false,9,10,395,2440,0,0,0,false,false,true,0,0,2835,30,0,
853,casual,8830,51,21,budget,1,100,true,4,960,143,172,0.0196078431372549,0.6666666666666666,0.21568627450980393,0,0.09803921568627451,8,2,normal,false,4,19,15,3885,2620,270,2040,false,false,false,2320,5,6510,46,1,5
854,casual,20308,73,43,budget,3,100,true,7,2490,208,285,0.0547945205479452,0.4794520547945205,0.2054794520547945,0.0547945205479452,0.2054794520547945,15,10,normal,false,6,35,323,5250,3810,3105,7820,false,true,false,7875,15,12433,58,3,4|3|3
855,casual,3310,25,0,lock,0,66,false,5,720,62,93,0,1,0,0,0,0,-1,normal,false,5,10,0,3310,0,0,0,false,false,true,0,0,3310,25,0,
856,casual,3700,40,10,budget,0,79,false,4,435,89,112,0,0.925,0.075,0,0,5,5,normal,false,10,16,0,3130,570,0,0,false,false,true,0,0,3700,40,0,
857,casual,4070,30,0,budget,0,68,true,6,1470,75,104,0.03333333333333333,0.9666666666666667,0,0,0,1,23,normal,false,6,6,45,4025,0,0,0,false,false,false,0,0,4070,30,0,
858,casual,1793,23,4,lock,0,89,true,3,270,40,58,0.08695652173913043,0.782608695652174,0.08695652173913043,0.043478260869565216,0,3,7,normal,false,4,11,38,1410,210,135,0,false,false,false,0,0,1793,23,0,
859,casual,3015,22,0,lock,0,62,true,4,615,59,88,0.09090909090909091,0.9090909090909091,0,0,0,2,15,normal,false,4,7,35,2980,0,0,0,false,false,true,0,0,3015,22,0,
860,casual,9298,57,27,budget,1,100,true,4,810,148,182,0.05263157894736842,0.5614035087719298,0.19298245614035087,0.10526315789473684,0.08771929824561403,12,3,normal,false,8,26,153,3900,1960,1125,2160,false,true,false,2010,5,7288,52,1,5
861,casual,3295,30,0,budget,0,62,true,4,465,69,133,0.3,0.7,0,0,0,2,11,normal,false,5,12,665,2630,0,0,0,false,false,true,0,0,3295,30,0,
862,casual,1595,12,4,lock,0,75,false,4,450,35,40,0,0.9166666666666666,0.08333333333333333,0,0,2,5,keto,false,6,4,0,1295,300,0,0,false,false,true,0,0,1595,12,0,
863,casual,7876,43,13,budget,1,100,true,5,1350,113,181,0.09302325581395349,0.6976744186046512,0.06976744186046512,0.023255813953488372,0.11627906976744186,6,1,crash,false,5,16,106,4740,1800,90,1140,false,false,false,1050,5,6826,38,1,4
864,casual,4670,34,4,budget,0,91,true,5,625,102,130,0,0.9411764705882353,0.029411764705882353,0.029411764705882353,0,1,26,normal,false,7,14,60,4100,330,180,0,true,false,false,0,0,4670,34,0,
865,casual,1020,13,10,lock,0,84,false,3,270,27,27,0,0.8461538461538461,0.15384615384615385,0,0,5,1,normal,false,2,7,0,690,330,0,0,false,false,false,0,0,1020,13,0,
866,casual,1126,30,0,budget,0,62,true,2,110,37,72,0.4666666666666667,0.5333333333333333,0,0,0,3,9,normal,false,10,5,356,770,0,0,0,false,false,false,0,0,1126,30,0,
867,casual,15867,58,28,budget,2,100,true,7,2020,182,210,0.10344827586206896,0.5344827586206896,0.15517241379310345,0.034482758620689655,0.1724137931034483,11,1,normal,false,6,26,437,3875,1220,1515,8820,false,false,true,9360,10,6507,48,2,2|3
868,casual,13413,62,32,budget,0,98,true,6,2030,178,260,0.0967741935483871,0.5645161290322581,0.27419354838709675,0.06451612903225806,0,19,1,normal,false,5,36,218,5270,4610,3315,0,true,true,false,0,0,13413,62,0,
869,casual,4340,34,4,budget,0,92,true,4,1065,72,127,0.08823529411764706,0.8823529411764706,0,0.029411764705882353,0,3,23,crash,false,5,16,30,3125,1050,135,0,true,false,false,0,0,4340,34,0,
870,casual,4100,30,0,budget,0,63,true,4,375,86,125,0.03333333333333333,0.9666666666666667,0,0,0,1,27,normal,false,5,11,95,4005,0,0,0,false,false,true,0,0,4100,30,0,
871,casual,3721,30,0,budget,0,66,true,6,1100,81,120,0.26666666666666666,0.7333333333333333,0,0,0,4,4,normal,false,3,15,701,3020,0,0,0,false,false,true,0,0,3721,30,0,
872,casual,6113,44,14,budget,0,90,true,6,1950,99,141,0.06818181818181818,0.8181818181818182,0.09090909090909091,0.022727272727272728,0,9,2,normal,false,6,21,83,3345,2550,135,0,true,false,false,0,0,6113,44,0,
873,casual,23840,66,36,budget,2,100,false,8,8160,177,237,0,0.5606060606060606,0.22727272727272727,0.06060606060606061,0.15151515151515152,13,5,normal,false,21,26,0,2755,2610,3735,14740,false,true,false,15505,10,8335,56,2,11|2
874,casual,3532,30,0,budget,0,63,true,4,710,68,136,0.5,0.5,0,0,0,3,7,crash,false,5,13,1082,2450,0,0,0,false,false,false,0,0,3532,30,0,
875,casual,9990,53,23,budget,1,100,true,4,960,157,217,0.1509433962264151,0.6037735849056604,0.1320754716981132,0.018867924528301886,0.09433962264150944,9,2,normal,false,5,23,590,3955,1740,1605,2100,false,true,false,2470,5,7520,48,0,
876,casual,2725,30,0,budget,0,63,true,5,615,69,92,0.36666666666666664,0.6333333333333333,0,0,0,3,9,normal,false,8,11,370,2355,0,0,0,false,false,false,0,0,2725,30,0,
877,casual,3388,30,0,budget,0,65,true,4,520,80,117,0.13333333333333333,0.8666666666666667,0,0,0,2,10,normal,false,7,13,468,2920,0,0,0,false,false,true,0,0,3388,30,0,
878,casual,21126,111,81,budget,3,100,true,4,1290,233,342,0.07207207207207207,0.4774774774774775,0.23423423423423423,0.08108108108108109,0.13513513513513514,33,4,normal,false,12,47,271,3610,6100,5625,5520,false,true,true,4790,15,16336,96,2,6|5
879,casual,3325,40,10,budget,0,84,true,2,360,85,103,0,0.825,0.175,0,0,5,22,normal,false,6,19,90,2155,1080,0,0,false,false,false,0,0,3325,40,0,
880,casual,4383,30,0,budget,0,59,true,4,600,82,134,0.1,0.9,0,0,0,3,8,normal,false,5,14,253,4130,0,0,0,false,false,true,0,0,4383,30,0,
881,casual,2255,30,0,budget,0,63,true,3,255,52,103,0.4,0.6,0,0,0,1,21,crash,false,5,11,400,1855,0,0,0,false,false,false,0,0,2255,30,0,
882,casual,3553,36,6,budget,0,91,true,4,540,75,121,0.1111111111111111,0.8333333333333334,0.027777777777777776,0.027777777777777776,0,3,7,crash,false,5,16,173,2825,420,135,0,true,false,false,0,0,3553,36,0,
883,casual,13619,57,27,budget,3,100,true,5,2130,162,222,0.14035087719298245,0.42105263157894735,0.15789473684210525,0.017543859649122806,0.2631578947368421,9,2,normal,false,8,27,404,3195,2980,2160,4880,false,false,true,7340,15,6279,42,3,5|2|2
884,casual,5830,36,6,budget,0,85,true,6,1090,96,124,0.027777777777777776,0.8055555555555556,0.16666666666666666,0,0,3,9,normal,false,4,16,90,4300,900,540,0,false,false,false,0,0,5830,36,0,
885,casual,2518,30,0,budget,0,62,true,4,600,56,92,0.2,0.8,0,0,0,4,7,normal,false,5,11,178,2340,0,0,0,false,false,true,0,0,2518,30,0,
886,casual,15790,73,43,budget,1,100,true,5,2000,210,302,0.0273972602739726,0.6575342465753424,0.2328767123287671,0.0136986301369863,0.0684931506849315,18,5,normal,false,6,33,455,4375,6510,1590,2860,false,true,false,3000,5,12790,68,0,
887,casual,6535,32,2,budget,0,82,true,6,1350,111,149,0.03125,0.9375,0.03125,0,0,2,8,normal,false,4,15,75,6370,90,0,0,false,false,false,0,0,6535,32,0,
888,casual,4015,29,4,lock,0,80,false,5,825,82,105,0,0.9310344827586207,0.06896551724137931,0,0,1,2,normal,false,7,10,0,3835,180,0,0,false,false,false,0,0,4015,29,0,
889,casual,5298,42,12,budget,0,83,true,4,1050,98,157,0.07142857142857142,0.8809523809523809,0.047619047619047616,0,0,9,1,normal,false,6,17,188,3520,1590,0,0,false,false,false,0,0,5298,42,0,
890,casual,3206,30,0,budget,0,66,true,4,373,73,109,0.06666666666666667,0.9333333333333333,0,0,0,1,17,normal,false,9,6,126,3080,0,0,0,false,false,false,0,0,3206,30,0,
891,casual,5636,48,18,budget,0,90,true,4,490,107,152,0.08333333333333333,0.7708333333333334,0.14583333333333334,0,0,10,17,normal,false,8,22,196,4060,1110,270,0,true,false,false,0,0,5636,48,0,
892,casual,10000,49,19,budget,1,100,true,5,2740,119,175,0.5102040816326531,0.2653061224489796,0.10204081632653061,0.02040816326530612,0.10204081632653061,6,2,crash,false,11,15,835,1060,440,1665,6000,false,true,true,5780,5,4220,44,1,2
893,casual,4991,38,8,budget,0,94,true,4,840,82,134,0.13157894736842105,0.8157894736842105,0.05263157894736842,0,0,6,2,normal,false,8,15,151,3160,870,810,0,true,false,false,0,0,4991,38,0,
894,casual,4895,30,0,budget,0,69,false,6,960,91,125,0,1,0,0,0,0,-1,normal,false,7,10,0,4895,0,0,0,false,false,false,0,0,4895,30,0,
895,casual,2095,30,0,budget,0,69,true,4,390,61,74,0.03333333333333333,0.9666666666666667,0,0,0,1,21,normal,false,8,6,15,2080,0,0,0,false,false,false,0,0,2095,30,0,
896,casual,3490,30,0,budget,0,65,true,4,645,75,129,0.23333333333333334,0.7666666666666667,0,0,0,2,9,crash,false,5,9,540,2950,0,0,0,false,false,false,0,0,3490,30,0,
897,casual,4325,44,14,budget,0,89,true,3,630,89,156,0.38636363636363635,0.4318181818181818,0.1590909090909091,0.022727272727272728,0,12,5,crash,false,6,23,815,1845,1530,135,0,false,false,false,0,0,4325,44,0,
898,casual,2567,30,0,budget,0,50,true,3,330,69,125,0.4666666666666667,0.5333333333333333,0,0,0,5,5,normal,false,3,15,872,1695,0,0,0,false,false,true,0,0,2567,30,0,
899,casual,3779,32,2,budget,0,73,true,4,595,79,131,0.1875,0.78125,0.03125,0,0,4,4,normal,false,5,14,604,2965,210,0,0,false,false,false,0,0,3779,32,0,
900,casual,3124,30,0,budget,0,59,true,3,465,72,114,0.23333333333333334,0.7666666666666667,0,0,0,1,29,normal,false,5,9,234,2890,0,0,0,false,false,false,0,0,3124,30,0,
901,casual,2987,36,6,budget,0,78,true,5,510,77,110,0.25,0.6944444444444444,0.05555555555555555,0,0,5,7,normal,false,6,16,692,1935,360,0,0,false,false,true,0,0,2987,36,0,
902,casual,2276,32,2,budget,0,73,true,3,345,62,99,0.34375,0.625,0.03125,0,0,6,2,crash,false,4,14,406,1690,180,0,0,false,false,false,0,0,2276,32,0,
903,casual,7635,36,6,budget,0,97,true,5,1575,89,159,0.05555555555555555,0.8888888888888888,0.027777777777777776,0.027777777777777776,0,4,7,normal,false,8,17,30,3670,1190,2745,0,true,true,false,0,0,7635,36,0,
904,casual,4143,30,0,budget,0,50,true,5,1140,66,121,0.16666666666666666,0.8333333333333334,0,0,0,2,13,crash,false,6,11,123,4020,0,0,0,false,false,false,0,0,4143,30,0,
905,casual,6562,39,9,budget,1,100,true,4,1080,82,134,0.46153846153846156,0.358974358974359,0.05128205128205128,0,0.1282051282051282,5,2,crash,false,12,13,562,1470,630,180,3720,false,false,false,3720,5,2842,34,1,2
906,casual,5758,37,7,budget,1,100,true,4,1560,103,116,0.05405405405405406,0.7297297297297297,0.08108108108108109,0,0.13513513513513514,4,7,normal,false,5,17,78,2660,300,0,2720,false,false,false,2480,5,3278,32,1,2
907,casual,3463,30,0,budget,0,57,true,4,690,82,121,0.06666666666666667,0.9333333333333333,0,0,0,2,18,normal,false,5,15,228,3235,0,0,0,false,false,true,0,0,3463,30,0,
908,casual,5080,34,4,budget,0,76,true,5,690,94,141,0.08823529411764706,0.8529411764705882,0.058823529411764705,0,0,4,10,crash,false,4,19,300,4600,180,0,0,false,false,false,0,0,5080,34,0,
909,casual,2204,30,0,budget,0,58,true,2,260,65,95,0.2,0.8,0,0,0,2,21,normal,false,5,12,259,1945,0,0,0,false,false,false,0,0,2204,30,0,
910,casual,3690,30,0,budget,0,67,false,5,1060,76,114,0,1,0,0,0,0,-1,normal,false,9,10,0,3690,0,0,0,false,false,true,0,0,3690,30,0,
911,casual,2500,30,0,budget,0,59,false,3,335,64,93,0,1,0,0,0,0,-1,normal,false,6,10,0,2500,0,0,0,false,false,false,0,0,2500,30,0,
912,casual,6935,41,11,budget,1,100,false,3,1240,109,123,0,0.7317073170731707,0.0975609756097561,0.04878048780487805,0.12195121951219512,4,4,normal,false,11,10,0,2845,270,1260,2560,false,true,false,2470,5,4465,36,1,5
913,casual,9050,44,14,budget,0,90,false,5,1555,128,179,0,0.9318181818181818,0.06818181818181818,0,0,5,10,normal,false,7,18,0,5035,3340,675,0,true,false,false,0,0,9050,44,0,
914,casual,1942,30,0,budget,0,52,true,4,315,54,93,0.3,0.7,0,0,0,2,19,normal,false,10,9,607,1335,0,0,0,false,false,true,0,0,1942,30,0,
915,casual,5818,44,14,budget,0,82,true,5,1105,107,156,0.11363636363636363,0.8181818181818182,0.06818181818181818,0,0,9,2,crash,false,6,18,143,4295,1380,0,0,false,false,false,0,0,5818,44,0,
916,casual,11370,58,28,budget,2,100,true,6,1355,153,207,0.05172413793103448,0.5689655172413793,0.1724137931034483,0.034482758620689655,0.1724137931034483,11,1,normal,false,11,25,140,5235,2700,675,2620,false,false,true,1810,10,9560,48,1,2
917,casual,5776,44,14,budget,0,85,true,3,660,105,156,0.13636363636363635,0.7727272727272727,0.09090909090909091,0,0,9,5,normal,false,6,20,166,3780,1830,0,0,false,false,true,0,0,5776,44,0,
918,casual,10684,59,29,budget,1,100,true,6,1430,146,227,0.1016949152542373,0.6949152542372882,0.0847457627118644,0.03389830508474576,0.0847457627118644,12,1,crash,false,8,22,219,4900,3210,1215,1140,false,false,false,1545,5,9139,54,1,3
919,casual,4269,42,12,budget,0,91,true,5,420,93,142,0.23809523809523808,0.5952380952380952,0.14285714285714285,0.023809523809523808,0,7,4,normal,false,7,14,1004,2080,690,495,0,true,false,false,0,0,4269,42,0,
920,casual,610,6,0,lock,0,50,false,4,390,12,19,0,1,0,0,0,0,-1,normal,false,4,1,0,610,0,0,0,false,false,false,0,0,610,6,0,
921,casual,2840,30,0,budget,0,67,false,4,375,69,98,0,1,0,0,0,0,-1,normal,false,9,7,0,2840,0,0,0,false,false,false,0,0,2840,30,0,
922,casual,2460,32,2,budget,0,74,true,3,480,60,92,0.0625,0.90625,0.03125,0,0,2,1,crash,false,6,7,15,2295,150,0,0,false,false,false,0,0,2460,32,0,
923,casual,3255,32,2,budget,0,75,true,3,335,76,139,0.4375,0.53125,0.03125,0,0,7,3,normal,false,4,19,610,2555,90,0,0,false,false,true,0,0,3255,32,0,
924,casual,2766,32,2,budget,0,84,true,4,510,73,109,0.1875,0.71875,0.09375,0,0,4,8,normal,false,7,11,691,1805,270,0,0,false,false,false,0,0,2766,32,0,
925,casual,29874,94,64,budget,4,100,true,5,2740,277,426,0.06382978723404255,0.48936170212765956,0.2127659574468085,0.02127659574468085,0.2127659574468085,25,1,normal,false,9,43,569,5700,6270,3675,13660,false,false,false,11980,20,17894,74,4,3|3|2|4
926,casual,2974,34,4,budget,0,74,true,3,345,70,114,0.3235294117647059,0.6176470588235294,0.058823529411764705,0,0,5,4,crash,false,5,19,439,2325,210,0,0,false,false,true,0,0,2974,34,0,
927,casual,5073,32,2,budget,0,80,true,6,1230,87,147,0.34375,0.625,0.03125,0,0,5,5,crash,false,3,15,648,4335,90,0,0,false,false,true,0,0,5073,32,0,
928,casual,3395,24,15,lock,1,100,false,3,360,66,82,0,0.625,0.16666666666666666,0,0.20833333333333334,5,7,normal,false,3,13,0,1705,430,180,1080,false,false,false,1140,5,2255,19,1,2
929,casual,5330,34,4,budget,0,76,true,5,1280,95,132,0.058823529411764705,0.9117647058823529,0.029411764705882353,0,0,3,4,normal,false,7,11,45,5195,90,0,0,false,false,false,0,0,5330,34,0,
930,casual,16186,61,31,budget,1,100,true,5,3930,164,245,0.08196721311475409,0.639344262295082,0.16393442622950818,0.03278688524590164,0.08196721311475409,13,8,crash,false,10,27,106,4500,3500,2700,5380,false,true,false,5470,5,10716,56,1,3
931,casual,7048,44,14,budget,0,98,true,5,1050,127,167,0.06818181818181818,0.7045454545454546,0.1590909090909091,0.06818181818181818,0,9,7,normal,false,4,25,278,4475,1200,1095,0,true,true,true,0,0,7048,44,0,
932,casual,3015,36,6,budget,0,87,false,5,720,71,86,0,0.8611111111111112,0.1388888888888889,0,0,3,3,normal,false,6,13,0,2565,450,0,0,false,false,false,0,0,3015,36,0,
933,casual,2492,32,2,budget,0,71,true,6,840,58,99,0.25,0.75,0,0,0,4,3,normal,false,6,12,212,2280,0,0,0,false,false,false,0,0,2492,32,0,
934,casual,7170,46,18,lock,0,92,true,4,1470,106,139,0.021739130434782608,0.717391304347826,0.2608695652173913,0,0,9,1,normal,false,13,14,50,2935,2430,1755,0,true,false,false,0,0,7170,46,0,
935,casual,3976,30,0,budget,0,50,true,4,820,70,159,0.43333333333333335,0.5666666666666667,0,0,0,1,16,crash,false,11,12,646,3330,0,0,0,false,false,true,0,0,3976,30,0,
936,casual,13728,72,42,budget,2,100,true,5,2980,183,245,0.027777777777777776,0.5694444444444444,0.20833333333333334,0.05555555555555555,0.1388888888888889,18,1,normal,false,6,28,518,2800,5480,630,4300,false,true,false,4330,10,9398,62,2,2|4
937,casual,5830,30,0,budget,0,68,true,5,950,99,150,0,1,0,0,0,0,-1,normal,false,7,11,30,5800,0,0,0,false,false,false,0,0,5830,30,0,
938,casual,2750,30,0,budget,0,65,true,2,270,80,99,0.03333333333333333,0.9666666666666667,0,0,0,1,21,normal,false,9,7,60,2690,0,0,0,false,false,false,0,0,2750,30,0,
939,casual,3369,38,8,budget,0,84,true,4,600,66,106,0.15789473684210525,0.7105263157894737,0.13157894736842105,0,0,5,2,crash,false,6,14,159,2190,1020,0,0,false,false,false,0,0,3369,38,0,
940,casual,14090,64,34,budget,2,100,true,4,3120,145,221,0.125,0.5,0.1875,0.03125,0.15625,13,16,normal,false,8,33,380,2720,1880,1890,7220,false,false,true,7070,10,7020,54,2,9|3
941,casual,6445,44,14,budget,0,96,true,4,1415,111,180,0.1590909090909091,0.6363636363636364,0.1590909090909091,0.045454545454545456,0,10,3,crash,false,8,17,235,2995,2450,765,0,true,true,false,0,0,6445,44,0,
942,casual,4578,38,8,budget,0,82,true,4,510,88,129,0.02631578947368421,0.9473684210526315,0.02631578947368421,0,0,5,13,normal,false,5,20,53,3655,870,0,0,false,false,true,0,0,4578,38,0,
943,casual,6145,51,21,budget,1,100,false,4,930,108,137,0,0.6274509803921569,0.23529411764705882,0.0392156862745098,0.09803921568627451,8,5,normal,false,8,25,0,2260,2820,225,840,false,false,false,750,5,5395,46,1,6
944,casual,4306,32,2,budget,0,73,true,5,865,88,131,0.15625,0.8125,0.03125,0,0,3,2,normal,false,10,10,521,3665,120,0,0,false,false,false,0,0,4306,32,0,
945,casual,5600,43,13,budget,1,100,true,4,540,98,119,0.023255813953488372,0.7209302325581395,0.09302325581395349,0.046511627906976744,0.11627906976744186,5,1,normal,false,10,17,15,2870,360,795,1560,false,true,true,1440,5,4160,38,1,5
946,casual,7893,45,15,budget,1,100,true,5,1830,102,143,0.13333333333333333,0.6444444444444445,0.08888888888888889,0.022222222222222223,0.1111111111111111,6,1,normal,false,9,16,398,2290,1770,495,2940,false,false,false,3390,5,4503,40,1,4
947,casual,4065,34,4,budget,0,73,true,4,565,90,122,0,0.9705882352941176,0.029411764705882353,0,0,2,21,normal,false,6,14,90,3705,270,0,0,false,false,false,0,0,4065,34,0,
948,casual,9705,56,26,budget,0,93,false,4,1270,176,229,0,0.8035714285714286,0.16071428571428573,0.03571428571428571,0,11,4,normal,false,5,29,0,5225,3940,540,0,true,false,true,0,0,9705,56,0,
949,casual,3895,30,0,budget,0,68,true,5,960,81,107,0.03333333333333333,0.9666666666666667,0,0,0,1,23,normal,false,4,13,65,3830,0,0,0,false,false,false,0,0,3895,30,0,
950,casual,11490,28,19,lock,1,100,false,6,3180,88,131,0,0.35714285714285715,0.42857142857142855,0.03571428571428571,0.17857142857142858,6,6,normal,false,5,14,0,2125,2720,765,5880,false,false,false,4100,5,7390,23,1,6
951,casual,31760,109,79,budget,5,100,false,6,3440,312,424,0,0.4954128440366973,0.24770642201834864,0.027522935779816515,0.22935779816513763,26,6,normal,false,8,51,0,7205,7970,4605,11980,false,true,false,13070,25,18690,84,4,3|4|4|3
952,casual,9040,59,29,budget,1,100,false,4,1330,147,190,0,0.6271186440677966,0.2711864406779661,0.01694915254237288,0.0847457627118644,11,3,normal,false,9,23,0,3825,2650,1725,840,false,true,true,1275,5,7765,54,1,2
953,casual,3070,30,0,budget,0,69,true,3,335,76,97,0,1,0,0,0,0,-1,normal,false,4,10,30,3040,0,0,0,false,false,true,0,0,3070,30,0,
954,casual,6705,53,23,budget,1,100,true,4,645,134,162,0.03773584905660377,0.7358490566037735,0.09433962264150944,0.03773584905660377,0.09433962264150944,11,7,normal,false,7,27,70,3750,1380,225,1280,false,false,true,1170,5,5535,48,1,3
955,casual,4453,30,0,budget,0,57,true,5,690,83,141,0.23333333333333334,0.7666666666666667,0,0,0,3,16,normal,false,3,15,518,3935,0,0,0,false,false,true,0,0,4453,30,0,
956,casual,10665,62,32,budget,0,95,true,4,1665,148,202,0.016129032258064516,0.5967741935483871,0.3548387096774194,0.03225806451612903,0,16,2,normal,false,12,26,15,3395,3250,4005,0,true,true,false,0,0,10665,62,0,
957,casual,2245,32,2,budget,0,76,true,4,360,61,83,0.03125,0.9375,0.03125,0,0,2,19,normal,false,7,9,15,2140,90,0,0,false,false,false,0,0,2245,32,0,
958,casual,2142,30,0,budget,0,62,true,3,270,48,91,0.26666666666666666,0.7333333333333333,0,0,0,3,13,crash,false,6,10,257,1885,0,0,0,false,false,false,0,0,2142,30,0,
959,casual,12334,51,21,budget,1,100,true,6,3180,137,211,0.09803921568627451,0.6078431372549019,0.1568627450980392,0.0392156862745098,0.09803921568627451,12,2,normal,false,5,27,554,3950,1590,1980,4260,false,true,true,1170,5,11164,46,1,2
960,casual,2928,28,0,lock,0,67,true,4,825,64,87,0.17857142857142858,0.8214285714285714,0,0,0,2,6,normal,false,7,10,113,2815,0,0,0,false,false,false,0,0,2928,28,0,
961,casual,870,11,4,lock,0,76,false,3,310,25,31,0,0.9090909090909091,0.09090909090909091,0,0,2,5,normal,false,4,4,0,780,90,0,0,false,false,true,0,0,870,11,0,
962,casual,1892,30,0,budget,0,56,true,3,225,55,92,0.43333333333333335,0.5666666666666667,0,0,0,3,8,normal,false,4,12,512,1380,0,0,0,false,false,true,0,0,1892,30,0,
963,casual,4295,42,12,budget,0,84,false,3,630,97,120,0,0.8333333333333334,0.16666666666666666,0,0,5,4,normal,false,7,19,0,2765,1530,0,0,false,false,false,0,0,4295,42,0,
964,casual,4823,30,0,budget,0,65,true,6,1185,73,145,0.3333333333333333,0.6666666666666666,0,0,0,4,8,crash,false,3,17,293,4530,0,0,0,false,false,true,0,0,4823,30,0,
965,casual,2262,26,0,lock,0,64,true,3,345,50,80,0.23076923076923078,0.7692307692307693,0,0,0,2,14,normal,false,10,7,242,2020,0,0,0,false,false,false,0,0,2262,26,0,
966,casual,10790,67,37,budget,1,100,false,4,2180,166,197,0,0.6865671641791045,0.19402985074626866,0.04477611940298507,0.07462686567164178,14,6,normal,false,12,25,0,3700,2220,1650,3220,false,true,false,4225,5,6565,62,1,5
967,casual,3729,30,0,budget,0,67,true,4,630,77,121,0.3,0.7,0,0,0,3,7,normal,false,5,14,309,3420,0,0,0,false,false,false,0,0,3729,30,0,
968,casual,9998,64,34,budget,2,100,true,5,1290,136,180,0.03125,0.59375,0.171875,0.046875,0.15625,10,1,normal,false,14,20,143,2725,2450,1560,3120,false,false,true,2820,10,7178,54,2,9|4
969,casual,5366,40,10,budget,0,90,true,5,830,95,149,0.075,0.775,0.1,0.05,0,5,5,crash,false,7,15,46,4750,300,270,0,true,false,false,0,0,5366,40,0,
970,casual,31000,97,67,budget,3,100,true,8,6360,284,402,0.1134020618556701,0.5051546391752577,0.20618556701030927,0.020618556701030927,0.15463917525773196,26,7,normal,false,6,48,605,5680,7320,3615,13780,false,true,true,13540,15,17460,82,3,2|2|2
971,casual,14350,46,45,lock,1,100,false,5,3780,141,178,0,0.4782608695652174,0.32608695652173914,0.08695652173913043,0.10869565217391304,19,2,normal,false,3,32,0,1570,5300,2340,5140,false,true,true,5545,5,8805,41,1,4
972,casual,2923,32,2,budget,0,76,true,4,420,77,116,0.46875,0.5,0.03125,0,0,4,15,normal,false,4,15,813,1930,180,0,0,false,false,true,0,0,2923,32,0,
973,casual,2822,30,0,budget,0,69,true,3,345,61,112,0.26666666666666666,0.7333333333333333,0,0,0,3,14,crash,false,6,11,467,2355,0,0,0,false,false,false,0,0,2822,30,0,
974,casual,2121,30,0,budget,0,52,true,3,380,57,98,0.5,0.5,0,0,0,4,11,normal,false,5,9,571,1550,0,0,0,false,false,false,0,0,2121,30,0,
975,casual,2574,30,0,budget,0,59,true,4,405,59,98,0.4,0.6,0,0,0,7,6,normal,false,3,15,414,2160,0,0,0,false,false,true,0,0,2574,30,0,
976,casual,3310,30,0,budget,0,54,true,5,795,63,114,0.3,0.7,0,0,0,4,4,normal,false,6,11,580,2730,0,0,0,false,false,false,0,0,3310,30,0,
977,casual,8485,55,25,budget,1,100,false,4,1700,143,181,0,0.6909090909090909,0.2,0.01818181818181818,0.09090909090909091,10,8,normal,false,8,24,0,3640,1850,135,2860,false,false,false,1520,5,6965,50,1,3
978,casual,3335,30,0,budget,0,67,false,4,420,73,94,0,1,0,0,0,0,-1,normal,false,6,10,0,3335,0,0,0,false,false,true,0,0,3335,30,0,
979,casual,3508,30,0,budget,0,54,true,5,990,71,126,0.43333333333333335,0.5666666666666667,0,0,0,3,14,normal,false,8,10,588,2920,0,0,0,false,false,false,0,0,3508,30,0,
980,casual,5611,40,10,budget,0,85,true,5,1250,100,146,0.075,0.875,0.05,0,0,5,14,normal,false,7,19,66,4555,450,540,0,false,false,false,0,0,5611,40,0,
981,casual,3294,30,0,budget,0,54,true,5,1040,62,120,0.26666666666666666,0.7333333333333333,0,0,0,4,14,crash,false,4,13,344,2950,0,0,0,false,false,false,0,0,3294,30,0,
982,casual,4425,30,0,budget,0,60,false,5,750,83,129,0,1,0,0,0,0,-1,normal,false,7,10,0,4425,0,0,0,false,false,false,0,0,4425,30,0,
983,casual,4399,32,2,budget,0,84,true,6,630,94,135,0.1875,0.75,0.0625,0,0,4,18,normal,false,3,16,679,3030,690,0,0,false,false,false,0,0,4399,32,0,
984,casual,19216,92,62,budget,2,100,true,5,3300,239,341,0.06521739130434782,0.4782608695652174,0.30434782608695654,0.043478260869565216,0.10869565217391304,27,2,normal,false,7,49,806,4165,5650,2595,6000,false,false,false,6030,10,13186,82,2,2|6
985,casual,3656,30,0,budget,0,59,true,4,785,88,118,0.13333333333333333,0.8666666666666667,0,0,0,2,8,normal,false,6,9,346,3310,0,0,0,false,false,false,0,0,3656,30,0,
986,casual,5603,47,17,budget,1,100,true,3,660,88,153,0.23404255319148937,0.6170212765957447,0.02127659574468085,0.02127659574468085,0.10638297872340426,9,1,normal,false,9,14,383,2700,1110,90,1320,false,false,true,1050,5,4553,42,1,2
987,casual,4970,42,12,budget,0,99,true,4,470,100,166,0.19047619047619047,0.6190476190476191,0.14285714285714285,0.047619047619047616,0,8,14,normal,false,4,21,615,3275,540,540,0,true,true,false,0,0,4970,42,0,
988,casual,2153,30,0,budget,0,63,true,2,240,65,93,0.2,0.8,0,0,0,5,12,normal,false,4,12,188,1965,0,0,0,false,false,true,0,0,2153,30,0,
989,casual,3435,32,2,budget,0,72,false,5,855,74,105,0,0.96875,0.03125,0,0,1,13,normal,false,4,15,0,3345,90,0,0,false,false,true,0,0,3435,32,0,
990,casual,2448,30,0,budget,0,52,true,5,331,51,104,0.43333333333333335,0.5666666666666667,0,0,0,4,6,normal,false,4,9,858,1590,0,0,0,false,false,false,0,0,2448,30,0,
991,casual,3105,30,0,budget,0,68,true,4,415,67,129,0.5333333333333333,0.4666666666666667,0,0,0,2,16,crash,false,7,11,665,2440,0,0,0,false,false,false,0,0,3105,30,0,
992,casual,3183,30,0,budget,0,50,true,5,725,66,113,0.2,0.8,0,0,0,4,15,normal,false,4,14,288,2895,0,0,0,false,false,false,0,0,3183,30,0,
993,casual,9870,44,27,lock,1,100,false,5,1740,136,149,0,0.6818181818181818,0.18181818181818182,0.022727272727272728,0.11363636363636363,10,12,keto,false,4,21,0,3330,2160,540,3840,false,false,true,3840,5,6030,39,1,4
994,casual,2839,32,2,budget,0,80,true,4,330,71,116,0.28125,0.6875,0.03125,0,0,5,2,normal,false,4,13,614,2105,120,0,0,false,false,false,0,0,2839,32,0,
995,casual,2571,30,0,budget,0,62,true,3,300,63,106,0.23333333333333334,0.7666666666666667,0,0,0,4,10,normal,false,5,16,371,2200,0,0,0,false,false,true,0,0,2571,30,0,
996,casual,24390,76,46,budget,4,100,false,6,3510,203,262,0,0.4473684210526316,0.21052631578947367,0.07894736842105263,0.2631578947368421,13,16,normal,false,7,35,0,4060,3650,2340,14340,false,true,false,12270,20,12120,56,4,6|5|2|5
997,casual,4540,36,6,budget,0,87,true,5,765,102,132,0,0.8888888888888888,0.1111111111111111,0,0,2,5,normal,false,5,13,30,4060,450,0,0,false,false,false,0,0,4540,36,0,
998,casual,2551,30,0,budget,0,67,true,4,435,65,92,0.16666666666666666,0.8333333333333334,0,0,0,2,5,normal,false,4,11,206,2345,0,0,0,false,false,false,0,0,2551,30,0,
999,casual,5960,22,15,lock,1,100,false,4,2340,61,75,0,0.6363636363636364,0.045454545454545456,0.09090909090909091,0.22727272727272727,5,4,frenzy,false,3,11,0,1205,930,1005,2820,false,true,false,3060,5,2900,17,1,4
1000,casual,20809,64,34,budget,2,100,true,5,6940,169,234,0.09375,0.609375,0.109375,0.03125,0.15625,13,2,normal,false,6,29,369,2730,2290,1680,13740,false,false,false,13430,10,7379,54,2,2|2
1001,casual,6870,38,8,budget,0,97,true,5,2265,98,136,0.02631578947368421,0.8421052631578947,0.07894736842105263,0.05263157894736842,0,3,16,normal,false,5,17,15,3990,390,2475,0,true,true,false,0,0,6870,38,0,
1002,casual,3184,34,4,budget,0,79,true,3,315,67,118,0.4117647058823529,0.5588235294117647,0.029411764705882353,0,0,5,6,crash,false,5,16,429,2485,270,0,0,false,false,false,0,0,3184,34,0,
1003,casual,2500,29,6,lock,0,78,true,3,315,59,86,0.06896551724137931,0.8275862068965517,0.10344827586206896,0,0,4,2,crash,false,4,14,60,2170,270,0,0,false,false,true,0,0,2500,29,0,
1004,casual,11825,82,52,budget,2,100,false,4,1220,193,223,0,0.5487804878048781,0.25609756097560976,0.07317073170731707,0.12195121951219512,20,1,normal,false,6,45,0,3635,4560,750,2880,false,true,false,2130,10,9695,72,2,2|6
1005,casual,13210,66,36,budget,0,95,false,5,1140,184,260,0,0.6666666666666666,0.30303030303030304,0.030303030303030304,0,15,3,normal,false,5,31,0,5130,6280,1800,0,true,true,true,0,0,13210,66,0,
1006,casual,3923,32,2,budget,0,73,true,6,1365,80,129,0.25,0.71875,0.03125,0,0,5,2,normal,false,5,15,298,3535,90,0,0,false,false,false,0,0,3923,32,0,
1007,casual,3345,32,2,budget,0,82,true,5,1275,62,98,0.125,0.84375,0.03125,0,0,3,2,crash,false,8,9,105,2040,1200,0,0,false,false,false,0,0,3345,32,0,
1008,casual,3160,30,0,budget,0,65,true,4,390,71,100,0.03333333333333333,0.9666666666666667,0,0,0,1,26,normal,false,10,8,15,3145,0,0,0,false,false,false,0,0,3160,30,0,
1009,casual,11038,49,19,budget,1,100,true,4,1620,129,179,0.04081632653061224,0.7346938775510204,0.12244897959183673,0,0.10204081632653061,5,10,normal,false,9,22,68,3230,2020,360,5360,false,false,false,4470,5,6568,44,0,
1010,casual,2916,30,0,budget,0,63,true,6,990,60,92,0.16666666666666666,0.8333333333333334,0,0,0,2,11,crash,false,8,8,126,2790,0,0,0,false,false,false,0,0,2916,30,0,
1011,casual,3023,30,0,budget,0,62,true,3,320,64,107,0.1,0.9,0,0,0,0,-1,crash,false,4,10,83,2940,0,0,0,false,false,false,0,0,3023,30,0,
1012,casual,3703,34,4,budget,0,77,true,4,450,70,120,0.11764705882352941,0.8235294117647058,0.058823529411764705,0,0,4,3,crash,false,5,16,158,3365,180,0,0,false,false,true,0,0,3703,34,0,
1013,casual,1794,32,2,budget,0,77,true,3,225,52,80,0.3125,0.65625,0.03125,0,0,3,6,normal,false,7,8,239,1465,90,0,0,false,false,true,0,0,1794,32,0,
1014,casual,4441,30,0,budget,0,62,true,6,985,78,131,0.26666666666666666,0.7333333333333333,0,0,0,5,6,crash,false,3,14,321,4120,0,0,0,false,false,false,0,0,4441,30,0,
1015,casual,3993,36,6,budget,0,87,true,5,825,79,121,0.08333333333333333,0.8333333333333334,0.08333333333333333,0,0,6,7,normal,false,8,19,188,3115,690,0,0,false,false,true,0,0,3993,36,0,
1016,casual,2969,30,0,budget,0,53,true,4,585,68,115,0.26666666666666666,0.7333333333333333,0,0,0,2,12,normal,false,5,11,569,2400,0,0,0,false,false,false,0,0,2969,30,0,
1017,casual,17740,65,35,budget,1,100,false,6,5460,190,235,0,0.5692307692307692,0.27692307692307694,0.07692307692307693,0.07692307692307693,15,4,normal,false,6,35,0,4770,2800,3390,6780,false,true,false,6910,5,10830,60,1,5
1018,casual,3794,32,2,budget,0,75,true,4,750,75,111,0.1875,0.78125,0.03125,0,0,2,20,normal,false,4,12,189,2925,680,0,0,false,false,true,0,0,3794,32,0,
1019,casual,8017,70,40,budget,0,99,true,4,1110,142,217,0.2,0.4714285714285714,0.24285714285714285,0.08571428571428572,0,22,2,crash,false,10,33,612,2905,3060,1440,0,true,true,false,0,0,8017,70,0,
1020,casual,2594,30,0,budget,0,54,true,4,550,64,102,0.3,0.7,0,0,0,3,11,normal,false,7,8,414,2180,0,0,0,false,false,false,0,0,2594,30,0,
1021,casual,1765,30,0,budget,0,50,true,2,150,53,118,0.7,0.3,0,0,0,6,5,crash,false,5,13,1075,690,0,0,0,false,false,true,0,0,1765,30,0,
1022,casual,3039,32,2,budget,0,82,true,4,720,51,103,0.5,0.46875,0.03125,0,0,5,6,crash,false,8,10,439,1640,960,0,0,false,false,false,0,0,3039,32,0,
1023,casual,2883,30,0,budget,0,50,true,5,555,66,101,0.3,0.7,0,0,0,5,9,normal,false,3,14,333,2550,0,0,0,false,false,true,0,0,2883,30,0,
1024,casual,5705,47,17,budget,1,100,true,3,600,112,143,0.06382978723404255,0.6382978723404256,0.14893617021276595,0.0425531914893617,0.10638297872340426,10,5,normal,false,3,25,195,2835,870,225,1580,false,false,true,1550,5,4155,42,1,3
1025,casual,3770,30,0,budget,0,66,true,4,490,80,117,0.03333333333333333,0.9666666666666667,0,0,0,0,-1,crash,false,7,8,60,3710,0,0,0,false,false,false,0,0,3770,30,0,
1026,casual,5385,46,16,budget,0,82,true,5,1215,105,138,0.021739130434782608,0.8913043478260869,0.08695652173913043,0,0,9,4,normal,false,6,25,15,3390,1980,0,0,false,false,false,0,0,5385,46,0,
1027,casual,3815,34,4,budget,0,79,true,4,460,80,110,0.058823529411764705,0.9117647058823529,0.029411764705882353,0,0,4,24,normal,false,7,14,125,3330,360,0,0,false,false,true,0,0,3815,34,0,
1028,casual,8775,42,12,budget,0,94,true,5,1360,126,192,0.047619047619047616,0.8095238095238095,0.14285714285714285,0,0,5,3,normal,false,6,16,50,5430,1810,1485,0,true,false,true,0,0,8775,42,0,
1029,casual,2208,14,4,lock,0,80,true,4,580,35,69,0.21428571428571427,0.7857142857142857,0,0,0,3,2,crash,false,5,6,98,1750,360,0,0,false,false,false,0,0,2208,14,0,
1030,casual,4183,30,0,budget,0,62,true,5,563,87,152,0.36666666666666664,0.6333333333333333,0,0,0,2,19,normal,false,3,16,1403,2780,0,0,0,false,false,false,0,0,4183,30,0,
1031,casual,6075,38,8,budget,0,96,true,7,1095,113,147,0.02631578947368421,0.868421052631579,0.10526315789473684,0,0,5,2,normal,false,4,16,465,4920,420,270,0,true,true,true,0,0,6075,38,0,
1032,casual,4863,40,10,budget,0,80,true,4,620,105,136,0.05,0.9,0.05,0,0,6,5,normal,false,8,13,53,3910,900,0,0,false,false,true,0,0,4863,40,0,
1033,casual,10548,54,24,budget,2,100,true,5,3120,132,169,0.018518518518518517,0.6296296296296297,0.14814814814814814,0.018518518518518517,0.18518518518518517,8,4,normal,false,9,21,53,2920,650,3945,2980,false,true,true,2680,10,7868,44,2,4|5
1034,casual,1857,22,0,lock,0,52,true,4,480,33,87,0.5454545454545454,0.45454545454545453,0,0,0,2,16,normal,false,4,9,372,1485,0,0,0,false,false,true,0,0,1857,22,0,
1035,casual,4338,38,8,budget,0,94,true,3,645,77,136,0.23684210526315788,0.6052631578947368,0.15789473684210525,0,0,6,3,crash,false,9,13,428,2500,870,540,0,true,false,false,0,0,4338,38,0,
1036,casual,4571,36,6,budget,0,85,true,6,830,76,128,0.1111111111111111,0.7777777777777778,0.1111111111111111,0,0,4,2,crash,false,6,14,216,3605,750,0,0,false,false,false,0,0,4571,36,0,
1037,casual,3629,36,6,budget,0,89,true,5,710,77,123,0.16666666666666666,0.75,0.05555555555555555,0.027777777777777776,0,3,4,crash,false,5,13,374,2880,240,135,0,false,false,false,0,0,3629,36,0,
1038,casual,825,12,2,lock,0,76,false,3,255,24,24,0,0.8333333333333334,0.16666666666666666,0,0,1,5,normal,false,6,3,0,615,210,0,0,false,false,false,0,0,825,12,0,
1039,casual,4368,30,0,budget,0,63,true,5,705,88,113,0.06666666666666667,0.9333333333333333,0,0,0,2,5,normal,false,4,12,103,4265,0,0,0,false,false,true,0,0,4368,30,0,
1040,casual,2641,29,4,lock,0,71,true,3,480,52,95,0.20689655172413793,0.7931034482758621,0,0,0,4,12,normal,false,9,9,121,2070,450,0,0,false,false,false,0,0,2641,29,0,
1041,casual,3105,38,8,budget,0,94,true,3,300,81,103,0.07894736842105263,0.7631578947368421,0.13157894736842105,0.02631578947368421,0,7,1,normal,false,5,14,45,2535,390,135,0,true,false,false,0,0,3105,38,0,
1042,casual,6900,38,15,lock,1,100,true,4,960,90,134,0.02631578947368421,0.6578947368421053,0.15789473684210525,0.02631578947368421,0.13157894736842105,6,14,keto,false,6,20,15,2905,1850,870,1260,false,false,true,1950,5,4950,33,1,3
1043,casual,3855,40,10,budget,0,84,false,5,880,84,113,0,0.875,0.125,0,0,5,2,normal,false,8,17,0,2925,930,0,0,false,false,false,0,0,3855,40,0,
1044,casual,8436,43,13,budget,1,100,true,8,1930,123,169,0.09302325581395349,0.627906976744186,0.13953488372093023,0.023255813953488372,0.11627906976744186,7,1,normal,false,6,17,306,5410,1190,630,900,false,false,false,870,5,7566,38,1,7
1045,casual,22090,106,76,budget,4,100,false,5,2920,268,324,0,0.5471698113207547,0.20754716981132076,0.05660377358490566,0.18867924528301888,27,1,normal,false,9,53,0,4455,4880,2055,10700,false,false,false,6850,20,15240,86,4,4|2|4|6
1046,casual,10958,51,21,budget,1,100,true,5,2060,120,214,0.27450980392156865,0.43137254901960786,0.13725490196078433,0.058823529411764705,0.09803921568627451,10,3,crash,false,6,23,723,2240,2970,1305,3720,false,false,true,3270,5,7688,46,1,2
1047,casual,1689,30,0,budget,0,52,true,3,255,49,97,0.6333333333333333,0.36666666666666664,0,0,0,3,11,normal,false,9,7,814,875,0,0,0,false,false,false,0,0,1689,30,0,
1048,casual,2308,32,2,budget,0,73,true,3,270,61,83,0.125,0.84375,0.03125,0,0,3,6,normal,false,4,11,113,1865,330,0,0,false,false,false,0,0,2308,32,0,
1049,casual,4786,38,8,budget,0,94,true,4,910,83,143,0.3157894736842105,0.5526315789473685,0.10526315789473684,0.02631578947368421,0,4,6,crash,false,9,14,381,2295,1570,540,0,true,false,false,0,0,4786,38,0,
1050,casual,1892,30,0,budget,0,57,true,2,165,51,96,0.3333333333333333,0.6666666666666666,0,0,0,2,18,normal,false,7,10,482,1410,0,0,0,false,false,false,0,0,1892,30,0,
1051,casual,3232,30,0,budget,0,50,true,4,495,69,126,0.43333333333333335,0.5666666666666667,0,0,0,5,13,normal,false,7,10,442,2790,0,0,0,false,false,true,0,0,3232,30,0,
1052,casual,2586,34,4,budget,0,80,true,3,255,61,94,0.14705882352941177,0.7941176470588235,0.058823529411764705,0,0,4,15,crash,false,3,17,106,2300,180,0,0,false,false,false,0,0,2586,34,0,
1053,casual,17590,67,37,budget,1,100,true,6,2070,186,265,0.014925373134328358,0.582089552238806,0.23880597014925373,0.08955223880597014,0.07462686567164178,16,1,normal,false,7,37,15,4275,5410,5790,2100,false,true,false,1800,5,15790,62,1,5
1054,casual,3170,24,6,lock,0,74,false,4,645,56,84,0,0.9583333333333334,0.041666666666666664,0,0,3,1,normal,false,7,8,0,2270,900,0,0,false,false,false,0,0,3170,24,0,
1055,casual,9391,59,29,budget,1,100,true,4,1020,125,195,0.13559322033898305,0.6440677966101694,0.0847457627118644,0.05084745762711865,0.0847457627118644,13,2,crash,false,5,28,211,3185,1660,1395,2940,false,true,false,3000,5,6391,54,1,4
1056,casual,2910,30,0,budget,0,50,true,5,460,70,124,0.4666666666666667,0.5333333333333333,0,0,0,5,7,normal,false,7,13,830,2080,0,0,0,false,false,false,0,0,2910,30,0,
1057,casual,12208,69,39,budget,1,100,true,5,1470,170,218,0.057971014492753624,0.6666666666666666,0.15942028985507245,0.043478260869565216,0.07246376811594203,16,8,normal,false,10,31,198,3735,3000,2655,2620,false,false,false,2610,5,9598,64,0,
1058,casual,1893,30,0,budget,0,50,true,3,240,50,102,0.6,0.4,0,0,0,5,4,crash,false,7,8,708,1185,0,0,0,false,false,false,0,0,1893,30,0,
1059,casual,7608,54,24,budget,0,86,true,4,720,142,196,0.07407407407407407,0.8148148148148148,0.1111111111111111,0,0,13,6,normal,false,5,24,188,4900,2520,0,0,false,false,false,0,0,7608,54,0,
1060,casual,1225,13,0,lock,0,62,true,3,400,29,40,0.15384615384615385,0.8461538461538461,0,0,0,2,5,normal,false,6,4,30,1195,0,0,0,false,false,true,0,0,1225,13,0,
1061,casual,2108,30,0,budget,0,57,true,3,255,48,102,0.3333333333333333,0.6666666666666666,0,0,0,3,15,normal,false,5,11,483,1625,0,0,0,false,false,true,0,0,2108,30,0,
1062,casual,2229,30,0,budget,0,60,true,3,225,61,98,0.3333333333333333,0.6666666666666666,0,0,0,6,8,normal,false,4,8,264,1965,0,0,0,false,false,true,0,0,2229,30,0,
1063,casual,1577,16,0,lock,0,50,true,4,450,27,71,0.4375,0.5625,0,0,0,0,-1,crash,false,8,4,437,1140,0,0,0,false,false,true,0,0,1577,16,0,
1064,casual,2475,30,0,budget,0,65,false,4,540,68,81,0,1,0,0,0,0,-1,normal,false,6,11,0,2475,0,0,0,false,false,false,0,0,2475,30,0,
1065,casual,3415,32,2,budget,0,73,true,3,450,81,111,0,0.96875,0.03125,0,0,1,2,normal,false,7,14,30,3295,90,0,0,false,false,false,0,0,3415,32,0,
1066,casual,4206,38,8,budget,0,90,true,4,1080,84,144,0.3157894736842105,0.631578947368421,0.05263157894736842,0,0,6,2,crash,false,6,13,591,2055,1290,270,0,true,false,true,0,0,4206,38,0,
1067,casual,3000,30,0,budget,0,62,true,4,690,68,100,0.03333333333333333,0.9666666666666667,0,0,0,1,23,normal,false,4,10,15,2985,0,0,0,false,false,false,0,0,3000,30,0,
1068,casual,25437,93,63,budget,3,100,true,4,2175,257,350,0.07526881720430108,0.43010752688172044,0.26881720430107525,0.06451612903225806,0.16129032258064516,26,5,crash,false,8,52,367,3100,7070,3720,11180,false,false,false,11550,15,13887,78,3,4|6|3
1069,casual,3020,34,4,budget,0,75,false,3,360,76,98,0,0.9705882352941176,0.029411764705882353,0,0,2,13,normal,false,9,11,0,2930,90,0,0,false,false,false,0,0,3020,34,0,
1070,casual,3390,30,0,budget,0,66,true,4,575,66,108,0.13333333333333333,0.8666666666666667,0,0,0,3,10,normal,false,2,15,210,3180,0,0,0,false,false,true,0,0,3390,30,0,
1071,casual,7318,51,21,budget,1,100,true,5,650,115,170,0.11764705882352941,0.6274509803921569,0.11764705882352941,0.0392156862745098,0.09803921568627451,11,15,crash,false,8,21,353,3385,1930,630,1020,false,false,false,990,5,6328,46,1,8
1072,casual,8038,46,16,budget,0,99,true,6,2745,105,182,0.2608695652173913,0.5869565217391305,0.10869565217391304,0.043478260869565216,0,9,1,normal,false,7,22,513,3685,960,2880,0,true,true,true,0,0,8038,46,0,
1073,casual,6854,54,24,budget,0,94,true,5,1030,117,173,0.1111111111111111,0.6851851851851852,0.16666666666666666,0.037037037037037035,0,12,1,normal,false,12,21,219,3375,2990,270,0,true,false,false,0,0,6854,54,0,
1074,casual,3552,32,2,budget,0,71,true,4,620,83,122,0.125,0.875,0,0,0,3,15,normal,false,4,15,412,3140,0,0,0,false,false,true,0,0,3552,32,0,
1075,casual,1513,30,0,budget,0,50,true,4,196,36,98,0.7,0.3,0,0,0,1,16,crash,false,10,6,908,605,0,0,0,false,false,false,0,0,1513,30,0,
1076,casual,3600,32,2,budget,0,71,false,7,1170,71,103,0,1,0,0,0,1,16,normal,false,7,8,0,3600,0,0,0,false,false,false,0,0,3600,32,0,
1077,casual,4904,44,14,budget,0,89,true,5,1175,92,146,0.1590909090909091,0.7045454545454546,0.11363636363636363,0.022727272727272728,0,6,2,crash,false,14,12,254,3395,760,495,0,false,false,false,0,0,4904,44,0,
1078,casual,1932,32,2,budget,0,73,true,3,175,51,90,0.34375,0.625,0.03125,0,0,4,2,crash,false,7,10,417,1425,90,0,0,false,false,false,0,0,1932,32,0,
1079,casual,28970,108,78,budget,4,100,false,6,3765,277,364,0,0.39814814814814814,0.3148148148148148,0.10185185185185185,0.18518518518518517,25,5,normal,false,7,51,0,4605,6460,4965,12940,false,true,false,10575,20,18395,88,3,3|2|6
1080,casual,4163,30,0,budget,0,56,true,6,1740,60,121,0.16666666666666666,0.8333333333333334,0,0,0,2,5,crash,false,5,12,113,4050,0,0,0,false,false,false,0,0,4163,30,0,
1081,casual,14430,66,36,budget,0,97,true,7,1880,158,240,0.06060606060606061,0.6818181818181818,0.19696969696969696,0.06060606060606061,0,20,9,crash,false,10,30,65,4775,6080,3510,0,true,true,false,0,0,14430,66,0,
1082,casual,5748,34,4,budget,0,81,true,5,1605,94,139,0.029411764705882353,0.9411764705882353,0.029411764705882353,0,0,3,1,normal,false,3,17,328,3890,1530,0,0,false,false,true,0,0,5748,34,0,
1083,casual,3120,30,0,budget,0,54,true,6,860,63,129,0.3,0.7,0,0,0,0,-1,crash,false,6,6,1055,2065,0,0,0,false,false,true,0,0,3120,30,0,
1084,casual,2450,28,0,lock,0,56,false,3,375,60,84,0,1,0,0,0,0,-1,normal,false,4,11,0,2450,0,0,0,false,false,false,0,0,2450,28,0,
1085,casual,3186,32,2,budget,0,70,true,5,540,65,117,0.34375,0.65625,0,0,0,4,12,normal,false,4,12,851,2065,270,0,0,false,false,false,0,0,3186,32,0,
1086,casual,3437,30,0,budget,0,62,true,4,330,66,114,0.23333333333333334,0.7666666666666667,0,0,0,2,6,crash,false,5,11,182,3255,0,0,0,false,false,false,0,0,3437,30,0,
1087,casual,3101,35,6,lock,0,98,true,4,390,69,107,0.2,0.6857142857142857,0.05714285714285714,0.05714285714285714,0,6,2,normal,false,7,9,221,2075,490,315,0,true,true,false,0,0,3101,35,0,
1088,casual,2014,30,0,budget,0,62,true,2,210,48,86,0.16666666666666666,0.8333333333333334,0,0,0,1,22,crash,false,5,9,84,1930,0,0,0,false,false,false,0,0,2014,30,0,
1089,casual,2175,30,0,budget,0,67,true,3,285,54,78,0.06666666666666667,0.9333333333333333,0,0,0,2,11,normal,false,5,9,35,2140,0,0,0,false,false,true,0,0,2175,30,0,
1090,casual,2553,30,0,budget,0,62,true,5,630,59,89,0.13333333333333333,0.8666666666666667,0,0,0,4,5,normal,false,6,11,198,2355,0,0,0,false,false,true,0,0,2553,30,0,
1091,casual,2423,30,0,budget,0,64,true,3,270,59,84,0.06666666666666667,0.9333333333333333,0,0,0,1,20,normal,false,4,13,68,2355,0,0,0,false,false,false,0,0,2423,30,0,
1092,casual,14130,55,25,budget,1,100,true,5,3180,151,229,0.16363636363636364,0.5272727272727272,0.18181818181818182,0.03636363636363636,0.09090909090909091,12,16,normal,false,13,20,460,4575,1570,765,6760,false,false,false,4050,5,10080,50,1,3
1093,casual,9902,56,26,budget,2,100,true,5,1095,142,187,0.16071428571428573,0.4642857142857143,0.17857142857142858,0.017857142857142856,0.17857142857142858,10,6,crash,false,7,18,352,3840,1280,1890,2540,false,false,false,2630,10,7272,46,2,4|2
1094,casual,19540,87,57,budget,3,100,false,5,1800,237,287,0,0.5172413793103449,0.2413793103448276,0.06896551724137931,0.1724137931034483,21,1,normal,false,4,44,0,4795,3160,2025,9560,false,true,true,9500,15,10040,72,3,5|4|5
1095,casual,17115,72,42,budget,2,100,false,5,1620,210,284,0,0.6388888888888888,0.19444444444444445,0.027777777777777776,0.1388888888888889,13,26,normal,false,13,32,0,5560,4070,1845,5640,false,false,false,4860,10,12255,62,1,4
1096,casual,3345,32,2,budget,0,80,true,4,860,76,113,0.0625,0.90625,0.03125,0,0,2,18,normal,false,5,14,290,2965,90,0,0,false,false,true,0,0,3345,32,0,
1097,casual,1689,30,0,budget,0,67,true,2,210,51,92,0.5,0.5,0,0,0,2,13,crash,false,6,10,439,1250,0,0,0,false,false,false,0,0,1689,30,0,
1098,casual,8933,43,13,budget,1,100,true,7,1570,133,172,0.09302325581395349,0.6976744186046512,0.06976744186046512,0.023255813953488372,0.11627906976744186,7,3,normal,false,6,20,218,4915,1730,90,1980,false,false,true,1710,5,7223,38,1,3
1099,casual,21498,87,57,budget,3,100,true,6,1770,220,315,0.04597701149425287,0.5632183908045977,0.16091954022988506,0.05747126436781609,0.1724137931034483,26,8,normal,false,5,50,98,5450,5050,1740,9160,false,false,true,9280,15,12218,72,3,2|4|3
1100,casual,5655,36,6,budget,0,77,false,5,1305,109,142,0,0.9166666666666666,0.08333333333333333,0,0,3,7,normal,false,8,16,0,4375,1280,0,0,false,false,true,0,0,5655,36,0,
1101,casual,2389,30,0,budget,0,54,true,3,285,61,94,0.3,0.7,0,0,0,4,5,normal,false,4,10,239,2150,0,0,0,false,false,true,0,0,2389,30,0,
1102,casual,2683,36,6,budget,0,90,true,3,245,78,105,0.1111111111111111,0.7777777777777778,0.08333333333333333,0.027777777777777776,0,6,4,normal,false,5,15,443,1705,400,135,0,true,false,false,0,0,2683,36,0,
1103,casual,5194,38,8,budget,0,89,true,5,970,89,144,0.23684210526315788,0.6842105263157895,0.07894736842105263,0,0,6,9,normal,false,5,19,464,3430,490,810,0,false,false,false,0,0,5194,38,0,
1104,casual,75,2,0,lock,0,62,false,1,45,3,3,0,1,0,0,0,0,-1,normal,false,2,0,0,75,0,0,0,false,false,false,0,0,75,2,0,
1105,casual,2115,15,0,lock,0,66,false,4,615,44,60,0,1,0,0,0,0,-1,normal,false,6,4,0,2115,0,0,0,false,false,false,0,0,2115,15,0,
1106,casual,5805,40,10,budget,0,72,true,6,825,111,158,0,1,0,0,0,5,5,normal,false,6,15,375,4800,630,0,0,false,false,false,0,0,5805,40,0,
1107,casual,9790,50,20,budget,0,98,false,6,1320,143,193,0,0.68,0.28,0.04,0,9,2,normal,false,6,22,0,3870,4930,990,0,true,true,false,0,0,9790,50,0,
1108,casual,2801,32,2,budget,0,70,true,4,545,68,96,0.09375,0.90625,0,0,0,2,6,normal,false,5,12,91,2710,0,0,0,false,false,true,0,0,2801,32,0,
1109,casual,17128,66,36,budget,2,100,true,6,4125,185,240,0.045454545454545456,0.5454545454545454,0.18181818181818182,0.07575757575757576,0.15151515151515152,12,2,normal,false,9,28,53,4380,3380,4755,4560,false,true,false,4470,10,12658,56,2,7|8
1110,casual,3392,30,0,budget,0,55,true,6,663,64,131,0.3333333333333333,0.6666666666666666,0,0,0,4,9,normal,false,5,14,1172,2220,0,0,0,false,false,true,0,0,3392,30,0,
1111,casual,3008,30,0,budget,0,61,true,4,525,60,116,0.13333333333333333,0.8666666666666667,0,0,0,1,24,crash,false,11,11,193,2815,0,0,0,false,false,true,0,0,3008,30,0,
1112,casual,15294,70,40,budget,2,100,true,4,2525,189,262,0.11428571428571428,0.5,0.15714285714285714,0.08571428571428572,0.14285714285714285,19,2,normal,false,11,34,349,3685,2600,3840,4820,false,true,true,4640,10,10654,60,2,2|3
1113,casual,2245,24,0,lock,0,62,true,5,698,49,89,0.4583333333333333,0.5416666666666666,0,0,0,2,12,crash,false,7,9,430,1815,0,0,0,false,false,false,0,0,2245,24,0,
1114,casual,2925,30,0,budget,0,56,true,4,560,65,99,0,1,0,0,0,0,-1,normal,false,5,8,60,2865,0,0,0,false,false,false,0,0,2925,30,0,
1115,casual,16820,75,45,budget,3,100,false,5,1840,196,255,0,0.5866666666666667,0.17333333333333334,0.04,0.2,16,3,normal,false,8,36,0,4510,3290,2160,6860,false,false,false,7185,15,9635,60,3,3|4|3
1116,casual,14175,59,43,lock,3,100,false,6,2040,151,174,0,0.4067796610169492,0.288135593220339,0.05084745762711865,0.2542372881355932,13,2,keto,false,7,25,0,1760,3380,2295,6740,false,false,true,6275,15,7900,44,2,3|5
1117,casual,3733,30,0,budget,0,66,true,6,1050,66,137,0.43333333333333335,0.5666666666666667,0,0,0,3,9,crash,false,6,9,503,3230,0,0,0,false,false,false,0,0,3733,30,0,
1118,casual,14043,56,26,budget,2,100,true,4,2230,149,214,0.17857142857142858,0.4107142857142857,0.17857142857142858,0.05357142857142857,0.17857142857142858,13,3,normal,false,12,23,698,2540,2320,945,7540,false,false,true,7000,10,7043,46,2,3|5
1119,casual,15165,79,49,budget,1,100,true,5,1605,187,277,0.08860759493670886,0.4936708860759494,0.31645569620253167,0.0379746835443038,0.06329113924050633,20,2,crash,false,7,38,175,3805,5740,3465,1980,false,true,false,2100,5,13065,74,1,2
1120,casual,5280,40,10,budget,0,82,false,4,1210,108,142,0,0.925,0.075,0,0,5,13,normal,false,4,17,0,3540,1740,0,0,false,false,false,0,0,5280,40,0,
1121,casual,18304,69,39,budget,3,100,true,4,2160,198,231,0.11594202898550725,0.42028985507246375,0.18840579710144928,0.057971014492753624,0.21739130434782608,12,5,crash,false,6,32,204,3495,2120,765,11720,false,false,false,11660,15,6644,54,3,4|5|6
1122,casual,12036,49,19,budget,1,100,true,7,5185,119,206,0.32653061224489793,0.46938775510204084,0.08163265306122448,0.02040816326530612,0.10204081632653061,10,2,crash,false,10,21,1056,2595,870,4815,2700,false,false,true,2670,5,9366,44,1,3
1123,casual,12857,67,37,budget,1,100,true,5,1780,153,221,0.23880597014925373,0.29850746268656714,0.2835820895522388,0.1044776119402985,0.07462686567164178,19,1,crash,false,6,27,507,1835,5870,2745,1900,false,true,false,1870,5,10987,62,1,5
1124,casual,3786,30,0,budget,0,65,true,4,525,83,122,0.13333333333333333,0.8666666666666667,0,0,0,1,15,normal,false,4,12,296,3490,0,0,0,false,false,true,0,0,3786,30,0,
1125,casual,3460,38,8,budget,0,85,true,4,450,77,118,0.2631578947368421,0.6052631578947368,0.13157894736842105,0,0,5,5,crash,false,8,16,295,2595,570,0,0,false,false,false,0,0,3460,38,0,
1126,casual,8060,65,35,budget,1,100,true,4,800,136,201,0.16923076923076924,0.47692307692307695,0.18461538461538463,0.09230769230769231,0.07692307692307693,15,1,normal,false,10,29,565,2760,2710,765,1260,false,true,false,1170,5,6890,60,1,10
1127,casual,3946,30,0,budget,0,63,true,4,645,77,132,0.16666666666666666,0.8333333333333334,0,0,0,4,11,normal,false,5,13,436,3510,0,0,0,false,false,true,0,0,3946,30,0,
1128,casual,2910,30,0,budget,0,54,true,4,480,67,102,0.1,0.9,0,0,0,3,19,normal,false,3,12,95,2815,0,0,0,false,false,true,0,0,2910,30,0,
1129,casual,3515,30,0,budget,0,52,true,5,1125,64,118,0.26666666666666666,0.7333333333333333,0,0,0,2,11,normal,false,5,12,385,3130,0,0,0,false,false,true,0,0,3515,30,0,
1130,casual,4521,32,2,budget,0,83,true,5,1245,85,126,0.1875,0.8125,0,0,0,3,12,normal,false,9,11,341,3040,1140,0,0,false,false,false,0,0,4521,32,0,
1131,casual,3476,30,0,budget,0,61,true,4,540,74,120,0.1,0.9,0,0,0,2,20,normal,false,4,13,161,3315,0,0,0,false,false,false,0,0,3476,30,0,
1132,casual,3368,32,2,budget,0,71,true,5,835,73,117,0.25,0.75,0,0,0,2,5,normal,false,7,11,513,2855,0,0,0,false,false,true,0,0,3368,32,0,
1133,casual,6375,40,10,budget,0,94,true,4,795,99,178,0.15,0.65,0.175,0.025,0,7,1,normal,false,8,17,430,4150,850,945,0,true,false,true,0,0,6375,40,0,
1134,casual,5769,38,8,budget,0,87,true,5,675,89,154,0.21052631578947367,0.6842105263157895,0.10526315789473684,0,0,7,10,normal,false,5,19,219,4560,720,270,0,false,false,true,0,0,5769,38,0,
1135,casual,3026,30,0,budget,0,52,true,3,500,72,123,0.26666666666666666,0.7333333333333333,0,0,0,2,17,normal,false,7,12,361,2665,0,0,0,false,false,true,0,0,3026,30,0,
1136,casual,4120,32,2,budget,0,74,true,4,525,79,127,0.03125,0.9375,0.03125,0,0,2,11,normal,false,4,16,15,4015,90,0,0,false,false,true,0,0,4120,32,0,
1137,casual,2582,30,0,budget,0,68,true,4,320,66,100,0.23333333333333334,0.7666666666666667,0,0,0,1,9,normal,false,8,9,527,2055,0,0,0,false,false,false,0,0,2582,30,0,
1138,casual,2585,30,0,budget,0,66,true,3,365,68,87,0.03333333333333333,0.9666666666666667,0,0,0,1,9,normal,false,8,9,45,2540,0,0,0,false,false,true,0,0,2585,30,0,
1139,casual,2670,30,0,budget,0,52,true,4,580,48,100,0.43333333333333335,0.5666666666666667,0,0,0,2,20,normal,false,8,8,485,2185,0,0,0,false,false,true,0,0,2670,30,0,
1140,casual,3816,30,0,budget,0,68,true,6,780,74,112,0.26666666666666666,0.7333333333333333,0,0,0,3,3,normal,false,4,13,351,3465,0,0,0,false,false,false,0,0,3816,30,0,
1141,casual,8741,36,6,budget,0,90,true,8,2510,120,190,0.16666666666666666,0.75,0.08333333333333333,0,0,6,5,normal,false,6,15,151,7180,1140,270,0,true,false,false,0,0,8741,36,0,
1142,casual,12476,47,17,budget,1,100,true,6,5520,118,163,0.2127659574468085,0.5106382978723404,0.14893617021276595,0.02127659574468085,0.10638297872340426,7,3,normal,false,10,18,506,2730,1470,630,7140,false,false,false,6750,5,5726,42,1,3
1143,casual,3975,36,6,budget,0,77,true,4,405,86,117,0.027777777777777776,0.9444444444444444,0.027777777777777776,0,0,4,2,normal,false,4,16,15,3690,270,0,0,false,false,false,0,0,3975,36,0,
1144,casual,12554,70,40,budget,2,100,true,4,1110,169,234,0.08571428571428572,0.4714285714285714,0.24285714285714285,0.05714285714285714,0.14285714285714285,16,2,crash,false,14,29,154,3550,3520,1890,3440,false,true,false,3410,10,9144,60,2,5|4
1145,casual,11040,29,28,lock,2,100,false,3,1640,90,114,0,0.2413793103448276,0.3448275862068966,0.06896551724137931,0.3448275862068966,8,4,normal,false,3,17,0,515,1700,2445,6380,false,true,false,6065,10,4975,19,2,5|5
1146,casual,9055,57,27,budget,1,100,true,6,900,127,217,0.22807017543859648,0.5263157894736842,0.12280701754385964,0.03508771929824561,0.08771929824561403,17,1,normal,false,5,26,1015,3170,2400,450,2020,false,false,true,2080,5,6975,52,1,5
1147,casual,6014,44,14,budget,0,89,true,5,975,105,153,0.18181818181818182,0.5681818181818182,0.22727272727272727,0.022727272727272728,0,7,2,normal,false,9,16,279,3560,2040,135,0,false,false,false,0,0,6014,44,0,
1148,casual,17976,68,38,budget,2,100,true,5,3600,182,272,0.08823529411764706,0.35294117647058826,0.3088235294117647,0.10294117647058823,0.14705882352941177,14,20,normal,false,5,35,291,3145,3590,5490,5460,false,true,false,2190,10,15786,58,2,3|19
1149,casual,2579,30,0,budget,0,67,true,4,368,63,106,0.36666666666666664,0.6333333333333333,0,0,0,5,7,normal,false,4,12,504,2075,0,0,0,false,false,true,0,0,2579,30,0,
1150,casual,2852,30,0,budget,0,65,true,4,405,63,105,0.3333333333333333,0.6666666666666666,0,0,0,4,8,normal,false,3,13,392,2460,0,0,0,false,false,true,0,0,2852,30,0,
1151,casual,4625,32,2,budget,0,74,true,5,1035,82,127,0.03125,0.96875,0,0,0,2,4,normal,false,5,13,75,4370,180,0,0,false,false,true,0,0,4625,32,0,
1152,casual,11690,75,45,budget,1,100,true,4,900,197,254,0,0.6933333333333334,0.2,0.04,0.06666666666666667,20,13,normal,false,6,37,90,4830,3500,1890,1380,false,true,false,1230,5,10460,70,1,8
1153,casual,15465,67,37,budget,1,100,false,4,2000,172,231,0,0.6268656716417911,0.22388059701492538,0.07462686567164178,0.07462686567164178,15,2,normal,false,8,25,0,3440,2770,4455,4800,false,true,true,4840,5,10625,62,1,7
1154,casual,4305,30,0,budget,0,55,true,5,780,76,123,0.1,0.9,0,0,0,2,10,normal,false,7,14,210,4095,0,0,0,false,false,true,0,0,4305,30,0,
1155,casual,11976,57,27,budget,1,100,true,5,1820,158,229,0.14035087719298245,0.631578947368421,0.12280701754385964,0.017543859649122806,0.08771929824561403,14,1,normal,false,5,27,286,5115,2660,3015,900,false,false,false,1550,5,10426,52,0,
1156,casual,3303,30,0,budget,0,64,true,5,960,72,101,0.1,0.9,0,0,0,3,7,normal,false,5,11,158,3145,0,0,0,false,false,false,0,0,3303,30,0,
1157,casual,6090,50,20,budget,0,93,true,4,480,110,153,0.02,0.84,0.12,0.02,0,11,12,normal,false,5,25,15,3690,2250,135,0,true,false,true,0,0,6090,50,0,
1158,casual,2631,32,2,budget,0,73,true,6,1125,55,100,0.1875,0.78125,0.03125,0,0,2,2,crash,false,14,7,296,2245,90,0,0,false,false,false,0,0,2631,32,0,
1159,casual,3259,32,2,budget,0,71,true,3,365,76,109,0.1875,0.8125,0,0,0,3,4,normal,false,7,10,144,2935,180,0,0,false,false,false,0,0,3259,32,0,
1160,casual,2212,30,0,budget,0,52,true,4,555,60,96,0.36666666666666664,0.6333333333333333,0,0,0,4,12,normal,false,9,10,537,1675,0,0,0,false,false,true,0,0,2212,30,0,
1161,casual,6220,46,16,budget,0,94,false,3,795,107,139,0,0.8043478260869565,0.17391304347826086,0.021739130434782608,0,6,3,normal,false,8,15,0,3415,1860,945,0,true,false,false,0,0,6220,46,0,
1162,casual,9910,52,22,budget,2,100,true,4,1455,127,168,0,0.4807692307692308,0.25,0.07692307692307693,0.19230769230769232,8,19,normal,false,7,26,30,2510,1350,1980,4040,false,false,false,3830,10,6080,42,2,15|2
1163,casual,6907,36,6,budget,0,92,true,6,1190,106,179,0.2777777777777778,0.6388888888888888,0.08333333333333333,0,0,5,5,normal,false,5,14,1002,4285,1080,540,0,true,false,true,0,0,6907,36,0,
1164,casual,4305,44,14,budget,0,80,true,4,405,104,127,0.022727272727272728,0.8636363636363636,0.11363636363636363,0,0,8,2,normal,false,4,26,30,3555,720,0,0,false,false,false,0,0,4305,44,0,
1165,casual,2305,30,0,budget,0,62,true,3,285,59,86,0.03333333333333333,0.9666666666666667,0,0,0,1,30,normal,false,5,11,180,2125,0,0,0,false,false,true,0,0,2305,30,0,
1166,casual,465,5,0,lock,0,50,false,3,225,9,16,0,1,0,0,0,0,-1,normal,false,3,1,0,465,0,0,0,false,false,false,0,0,465,5,0,
1167,casual,2928,36,6,budget,0,78,true,3,320,73,109,0.08333333333333333,0.8611111111111112,0.05555555555555555,0,0,4,2,crash,false,4,17,148,2370,410,0,0,false,false,false,0,0,2928,36,0,
1168,casual,4156,30,0,budget,0,62,true,5,695,80,130,0.2,0.8,0,0,0,1,27,crash,false,5,11,281,3875,0,0,0,false,false,false,0,0,4156,30,0,
1169,casual,2729,34,4,budget,0,80,true,4,445,70,110,0.23529411764705882,0.7352941176470589,0.029411764705882353,0,0,6,1,normal,false,6,14,574,2065,90,0,0,false,false,true,0,0,2729,34,0,
1170,casual,3132,30,0,budget,0,59,true,4,855,73,110,0.2,0.8,0,0,0,2,15,normal,false,5,11,302,2830,0,0,0,false,false,true,0,0,3132,30,0,
1171,casual,3741,32,2,budget,0,71,true,6,900,85,126,0.21875,0.78125,0,0,0,4,2,normal,false,7,15,301,3440,0,0,0,false,false,false,0,0,3741,32,0,
1172,casual,4295,30,0,budget,0,65,true,4,450,79,128,0.03333333333333333,0.9666666666666667,0,0,0,1,24,normal,false,3,16,15,4280,0,0,0,false,false,true,0,0,4295,30,0,
1173,casual,5020,44,14,budget,0,88,false,4,840,105,136,0,0.8409090909090909,0.13636363636363635,0.022727272727272728,0,5,4,normal,false,15,14,0,3675,1210,135,0,false,false,true,0,0,5020,44,0,
1174,casual,2696,30,0,budget,0,54,true,4,400,64,108,0.16666666666666666,0.8333333333333334,0,0,0,2,11,normal,false,7,11,226,2470,0,0,0,false,false,true,0,0,2696,30,0,
1175,casual,2510,30,0,budget,0,54,true,4,275,68,135,0.5333333333333333,0.4666666666666667,0,0,0,2,18,normal,false,7,12,1160,1350,0,0,0,false,false,true,0,0,2510,30,0,
1176,casual,3445,30,0,budget,0,66,true,4,630,63,126,0.26666666666666666,0.7333333333333333,0,0,0,6,4,normal,false,3,16,565,2880,0,0,0,false,false,true,0,0,3445,30,0,
1177,casual,9805,63,33,budget,1,100,true,5,1530,141,181,0.07936507936507936,0.5714285714285714,0.20634920634920634,0.06349206349206349,0.07936507936507936,16,3,normal,false,7,27,325,2260,3810,1890,1520,false,false,false,1310,5,8495,58,1,4
1178,casual,4613,30,0,budget,0,68,true,7,1620,80,130,0.1,0.9,0,0,0,2,13,normal,false,2,17,368,4245,0,0,0,false,false,true,0,0,4613,30,0,
1179,casual,8373,53,23,budget,1,100,true,5,930,147,199,0.09433962264150944,0.6226415094339622,0.16981132075471697,0.018867924528301886,0.09433962264150944,9,2,crash,false,8,28,178,5705,920,90,1480,false,false,false,970,5,7403,48,1,4
1180,casual,2579,30,0,budget,0,50,true,3,420,55,104,0.2,0.8,0,0,0,3,12,normal,false,6,9,229,2350,0,0,0,false,false,false,0,0,2579,30,0,
1181,casual,2235,30,0,budget,0,68,true,3,255,59,92,0.3333333333333333,0.6666666666666666,0,0,0,3,17,normal,false,10,8,315,1920,0,0,0,false,false,true,0,0,2235,30,0,
1182,casual,8669,55,25,budget,1,100,true,6,1560,129,178,0.14545454545454545,0.509090909090909,0.21818181818181817,0.03636363636363636,0.09090909090909091,13,3,normal,false,12,24,464,3645,960,1080,2520,false,true,false,2130,5,6539,50,1,5
1183,casual,15205,66,44,lock,2,100,true,5,1830,165,217,0.015151515151515152,0.5,0.25757575757575757,0.07575757575757576,0.15151515151515152,14,4,normal,false,13,32,15,2665,4300,3465,4760,false,true,true,5240,10,9965,56,2,5|6
1184,casual,5058,30,15,lock,1,100,true,3,775,66,97,0.13333333333333333,0.4666666666666667,0.2,0.03333333333333333,0.16666666666666666,5,1,crash,false,6,11,118,1370,1020,990,1560,false,false,false,1680,5,3378,25,1,4
1185,casual,5486,44,14,budget,0,85,true,5,1135,89,147,0.1590909090909091,0.7045454545454546,0.13636363636363635,0,0,8,2,normal,false,6,17,256,3310,1920,0,0,false,false,true,0,0,5486,44,0,
1186,casual,6170,34,4,budget,0,70,true,5,970,130,167,0.029411764705882353,0.9705882352941176,0,0,0,3,2,normal,false,3,17,65,5925,180,0,0,false,false,false,0,0,6170,34,0,
1187,casual,1879,32,2,budget,0,75,true,3,180,56,80,0.25,0.71875,0.03125,0,0,4,3,normal,false,4,13,279,1510,90,0,0,false,false,true,0,0,1879,32,0,
1188,casual,4820,30,0,budget,0,59,true,6,1265,82,129,0.3333333333333333,0.6666666666666666,0,0,0,3,11,normal,false,6,12,590,4230,0,0,0,false,false,false,0,0,4820,30,0,
1189,casual,2756,32,2,budget,0,77,true,3,315,82,133,0.4375,0.53125,0.03125,0,0,4,4,normal,false,4,14,776,1890,90,0,0,false,false,true,0,0,2756,32,0,
1190,casual,8315,47,17,budget,1,100,true,4,960,117,168,0.0425531914893617,0.7872340425531915,0.06382978723404255,0,0.10638297872340426,8,2,normal,false,9,21,120,3355,2320,0,2520,false,false,true,2805,5,5510,42,0,
1191,casual,4255,30,0,budget,0,67,true,5,1130,82,125,0,1,0,0,0,0,-1,normal,false,6,12,40,4215,0,0,0,false,false,false,0,0,4255,30,0,
1192,casual,2570,30,0,budget,0,50,true,5,256,72,108,0.3,0.7,0,0,0,3,12,normal,false,4,10,700,1870,0,0,0,false,false,false,0,0,2570,30,0,
1193,casual,7861,57,27,budget,1,100,true,4,1090,130,189,0.2631578947368421,0.38596491228070173,0.22807017543859648,0.03508771929824561,0.08771929824561403,13,5,crash,false,6,26,771,1935,2440,1035,1680,false,true,false,1290,5,6571,52,1,3
1194,casual,4064,30,0,budget,0,67,true,8,871,87,143,0.4666666666666667,0.5333333333333333,0,0,0,4,16,normal,false,7,12,1649,2415,0,0,0,false,false,true,0,0,4064,30,0,
1195,casual,5474,38,8,budget,0,85,true,6,1325,80,136,0.18421052631578946,0.7105263157894737,0.10526315789473684,0,0,8,3,normal,false,6,14,164,3645,990,675,0,false,false,true,0,0,5474,38,0,
1196,casual,10205,52,22,budget,2,100,true,5,1620,143,184,0.07692307692307693,0.5961538461538461,0.09615384615384616,0.038461538461538464,0.19230769230769232,10,9,normal,false,3,31,200,3475,960,210,5360,false,true,false,4550,10,5655,42,2,2|3
1197,casual,3890,30,0,budget,0,68,true,6,1005,80,106,0,1,0,0,0,0,-1,normal,false,6,11,30,3860,0,0,0,false,false,false,0,0,3890,30,0,
1198,casual,26490,91,61,budget,3,100,false,7,6010,262,380,0,0.6043956043956044,0.2087912087912088,0.02197802197802198,0.16483516483516483,22,2,normal,false,18,39,0,8265,7590,1395,9240,false,false,false,10180,15,16310,76,3,2|3|3
1199,casual,5964,40,10,budget,0,85,true,6,830,115,174,0.15,0.75,0.1,0,0,6,4,crash,false,3,21,309,4785,870,0,0,false,false,true,0,0,5964,40,0,
1200,casual,2490,30,0,budget,0,52,true,3,300,63,90,0.06666666666666667,0.9333333333333333,0,0,0,2,12,normal,false,8,10,165,2325,0,0,0,false,false,true,0,0,2490,30,0,
1201,casual,2824,30,0,budget,0,62,true,5,765,63,88,0.23333333333333334,0.7666666666666667,0,0,0,2,16,normal,false,6,9,234,2590,0,0,0,false,false,false,0,0,2824,30,0,
1202,casual,3211,32,2,budget,0,73,true,4,585,74,122,0.25,0.71875,0.03125,0,0,3,2,crash,false,3,16,416,2705,90,0,0,false,false,false,0,0,3211,32,0,
1203,casual,13235,67,37,budget,1,100,true,5,3460,182,215,0,0.7313432835820896,0.14925373134328357,0.04477611940298507,0.07462686567164178,15,2,normal,false,11,27,30,4715,3260,630,4600,false,true,false,4570,5,8665,62,1,3
1204,casual,3819,34,4,budget,0,74,true,4,540,79,124,0.17647058823529413,0.7941176470588235,0.029411764705882353,0,0,3,1,normal,false,6,12,134,3415,270,0,0,false,false,true,0,0,3819,34,0,
1205,casual,4611,38,8,budget,0,86,true,4,645,86,138,0.15789473684210525,0.7105263157894737,0.13157894736842105,0,0,6,2,normal,false,4,16,366,2745,1500,0,0,false,false,false,0,0,4611,38,0,
1206,casual,3246,34,4,budget,0,83,true,6,945,72,102,0.14705882352941177,0.7647058823529411,0.08823529411764706,0,0,2,5,crash,false,6,11,196,2570,480,0,0,false,false,false,0,0,3246,34,0,
1207,casual,2039,30,0,budget,0,63,true,3,270,60,88,0.23333333333333334,0.7666666666666667,0,0,0,2,16,normal,false,7,10,384,1655,0,0,0,false,false,false,0,0,2039,30,0,
1208,casual,2870,32,2,budget,0,72,false,4,490,65,102,0,1,0,0,0,1,2,normal,false,8,7,0,2630,240,0,0,false,false,false,0,0,2870,32,0,
1209,casual,10203,60,30,budget,0,92,true,5,940,167,227,0.03333333333333333,0.7333333333333333,0.16666666666666666,0.06666666666666667,0,14,1,normal,false,6,26,113,5160,4030,900,0,true,false,true,0,0,10203,60,0,
1210,casual,3601,34,4,budget,0,83,true,4,600,79,106,0.11764705882352941,0.7647058823529411,0.11764705882352941,0,0,3,5,normal,false,8,11,121,3150,330,0,0,false,false,false,0,0,3601,34,0,
1211,casual,6168,42,12,budget,0,85,true,4,930,105,162,0.11904761904761904,0.7619047619047619,0.11904761904761904,0,0,6,7,crash,false,5,19,173,3880,1710,405,0,false,false,false,0,0,6168,42,0,
1212,casual,13181,57,27,budget,1,100,true,6,2610,153,234,0.08771929824561403,0.631578947368421,0.17543859649122806,0.017543859649122806,0.08771929824561403,10,12,crash,false,5,27,246,3310,6660,1305,1660,false,true,false,2220,5,10961,52,0,
1213,casual,19215,62,32,budget,2,100,false,6,3755,196,251,0,0.5645161290322581,0.1774193548387097,0.0967741935483871,0.16129032258064516,9,2,normal,false,10,23,0,3870,3240,3645,8460,false,true,false,9305,10,9910,52,2,3|2
1214,casual,3080,30,0,budget,0,57,true,4,610,71,101,0,1,0,0,0,0,-1,normal,false,4,11,105,2975,0,0,0,false,false,false,0,0,3080,30,0,
1215,casual,2878,30,0,budget,0,67,true,3,405,65,101,0.13333333333333333,0.8666666666666667,0,0,0,1,10,normal,false,5,11,158,2720,0,0,0,false,false,true,0,0,2878,30,0,
1216,casual,5124,30,0,budget,0,64,true,5,1100,95,154,0.36666666666666664,0.6333333333333333,0,0,0,4,10,normal,false,3,15,629,4495,0,0,0,false,false,true,0,0,5124,30,0,
1217,casual,9535,50,20,budget,2,100,true,4,970,142,180,0,0.66,0.1,0.04,0.2,7,2,normal,false,5,20,90,4225,2130,450,2640,false,false,false,2730,10,6805,40,2,4|4
1218,casual,2528,30,0,budget,0,50,true,4,390,55,94,0.2,0.8,0,0,0,2,14,normal,false,3,10,218,2310,0,0,0,false,false,true,0,0,2528,30,0,
1219,casual,7915,59,29,budget,1,100,true,5,1595,129,161,0.01694915254237288,0.7288135593220338,0.15254237288135594,0.01694915254237288,0.0847457627118644,13,6,normal,false,14,26,75,3125,2780,1035,900,false,false,true,750,5,7165,54,1,4
1220,casual,7800,50,20,budget,0,96,true,4,1590,123,173,0.02,0.7,0.24,0.04,0,11,14,normal,false,10,22,485,2450,2990,1875,0,true,true,true,0,0,7800,50,0,
1221,casual,2807,30,0,budget,0,54,true,5,720,59,107,0.26666666666666666,0.7333333333333333,0,0,0,1,21,crash,false,6,11,272,2535,0,0,0,false,false,false,0,0,2807,30,0,
1222,casual,11570,45,15,budget,1,100,true,7,5700,130,161,0.06666666666666667,0.7111111111111111,0.06666666666666667,0.044444444444444446,0.1111111111111111,7,2,normal,false,7,18,150,3555,1100,225,6540,false,false,false,6510,5,5060,40,1,4
1223,casual,6100,50,20,budget,0,89,false,3,480,114,166,0,0.84,0.14,0.02,0,9,1,normal,false,6,19,0,4095,1870,135,0,false,false,false,0,0,6100,50,0,
1224,casual,7135,44,14,budget,0,82,true,7,3210,103,144,0.022727272727272728,0.8181818181818182,0.1590909090909091,0,0,7,1,crash,false,6,20,0,3545,3590,0,0,false,false,true,0,0,7135,44,0,
1225,casual,3103,30,0,budget,0,66,true,5,690,61,128,0.5,0.5,0,0,0,1,24,crash,false,6,9,713,2390,0,0,0,false,false,false,0,0,3103,30,0,
1226,casual,7885,53,23,budget,1,100,true,7,1700,121,162,0,0.7735849056603774,0.11320754716981132,0.018867924528301886,0.09433962264150944,9,4,normal,false,12,17,90,4785,1960,270,780,false,true,false,750,5,7135,48,1,3
1227,casual,3830,32,2,budget,0,74,true,4,520,84,129,0.03125,0.96875,0,0,0,2,1,normal,false,5,11,75,3575,180,0,0,false,false,false,0,0,3830,32,0,
1228,casual,4260,38,8,budget,0,95,false,4,525,95,118,0,0.8947368421052632,0.07894736842105263,0.02631578947368421,0,4,2,normal,false,5,17,0,3375,750,135,0,true,true,true,0,0,4260,38,0,
1229,casual,3523,32,2,budget,0,74,true,5,735,80,121,0.1875,0.78125,0.03125,0,0,5,4,normal,false,5,12,103,3330,90,0,0,false,false,false,0,0,3523,32,0,
1230,casual,6834,47,17,budget,1,100,true,6,1050,110,162,0.14893617021276595,0.6808510638297872,0.0425531914893617,0.02127659574468085,0.10638297872340426,11,2,normal,false,6,20,289,3845,930,90,1680,false,false,false,1590,5,5244,42,1,3
1231,casual,4251,34,4,budget,0,75,true,4,615,93,144,0.11764705882352941,0.8235294117647058,0.058823529411764705,0,0,5,4,normal,false,5,17,241,3800,210,0,0,false,false,false,0,0,4251,34,0,
1232,casual,4880,32,2,budget,0,75,true,6,900,89,146,0.15625,0.8125,0.03125,0,0,5,10,normal,false,3,13,200,4590,90,0,0,false,false,false,0,0,4880,32,0,
1233,casual,7607,48,18,budget,2,100,true,4,2200,112,145,0.16666666666666666,0.5208333333333334,0.08333333333333333,0.020833333333333332,0.20833333333333334,7,4,normal,false,20,10,512,2075,900,360,3760,false,false,false,3820,10,3787,38,2,2|4
1234,casual,4620,30,0,budget,0,64,true,6,1035,94,134,0,1,0,0,0,0,-1,normal,false,6,10,60,4560,0,0,0,false,false,false,0,0,4620,30,0,
1235,casual,8270,47,17,budget,1,100,false,4,2580,117,145,0,0.7659574468085106,0.10638297872340426,0.02127659574468085,0.10638297872340426,7,1,normal,false,8,16,0,4250,750,90,3180,false,false,false,3150,5,5120,42,1,3
1236,casual,7065,23,24,lock,2,100,false,5,1680,68,77,0,0.30434782608695654,0.21739130434782608,0.043478260869565216,0.43478260869565216,7,4,normal,false,5,10,0,885,1970,870,3340,false,true,false,4030,10,3035,13,2,3|4
1237,casual,3263,36,6,budget,0,74,true,5,545,72,123,0.3333333333333333,0.6388888888888888,0.027777777777777776,0,0,5,2,crash,false,5,12,798,2105,360,0,0,false,false,false,0,0,3263,36,0,
1238,casual,2800,34,4,budget,0,70,true,3,375,72,99,0.029411764705882353,0.9705882352941176,0,0,0,3,19,normal,false,4,16,15,2785,0,0,0,false,false,true,0,0,2800,34,0,
1239,casual,20555,98,68,budget,2,100,true,6,3260,251,330,0.01020408163265306,0.6020408163265306,0.21428571428571427,0.07142857142857142,0.10204081632653061,28,8,normal,false,15,40,15,5150,8550,5040,1800,false,true,false,2440,10,18115,88,2,4|6
1240,casual,19025,63,33,budget,3,100,true,6,5480,161,213,0.12698412698412698,0.3968253968253968,0.14285714285714285,0.09523809523809523,0.23809523809523808,12,2,normal,false,8,25,185,3480,2030,1710,11620,false,true,false,12135,15,6890,48,3,4|3|8
1241,casual,4476,38,8,budget,0,87,true,5,730,93,140,0.15789473684210525,0.7105263157894737,0.13157894736842105,0,0,7,1,normal,false,8,16,446,3610,420,0,0,false,false,true,0,0,4476,38,0,
1242,casual,3379,34,4,budget,0,81,true,4,660,80,115,0.17647058823529413,0.7941176470588235,0.029411764705882353,0,0,3,8,normal,false,6,14,279,2980,120,0,0,false,false,false,0,0,3379,34,0,
1243,casual,3137,36,6,budget,0,75,true,4,450,73,106,0.19444444444444445,0.7777777777777778,0.027777777777777776,0,0,4,2,normal,false,6,11,217,2470,450,0,0,false,false,false,0,0,3137,36,0,
1244,casual,2693,30,0,budget,0,65,true,4,585,59,102,0.3333333333333333,0.6666666666666666,0,0,0,2,13,normal,false,9,9,423,2270,0,0,0,false,false,false,0,0,2693,30,0,
1245,casual,19265,81,51,budget,3,100,true,5,1455,212,284,0,0.5679012345679012,0.1728395061728395,0.07407407407407407,0.18518518518518517,17,2,normal,false,15,38,60,3685,6840,1980,6700,false,true,true,6300,15,12965,66,2,3|3
1246,casual,10170,51,21,budget,1,100,true,7,1745,115,171,0.11764705882352941,0.49019607843137253,0.19607843137254902,0.09803921568627451,0.09803921568627451,9,20,normal,false,4,26,340,2980,2440,690,3720,false,true,false,3690,5,6480,46,1,4
1247,casual,26160,141,111,budget,3,100,false,6,1490,359,447,0,0.6028368794326241,0.23404255319148937,0.05673758865248227,0.10638297872340426,45,1,normal,false,9,84,0,8155,9260,3525,5220,false,true,true,4920,15,21240,126,1,4
1248,casual,4303,36,6,budget,0,82,true,5,950,87,124,0.16666666666666666,0.75,0.08333333333333333,0,0,5,3,crash,false,3,17,288,2875,1140,0,0,false,false,false,0,0,4303,36,0,
1249,casual,2713,32,2,budget,0,70,true,3,395,67,115,0.3125,0.6875,0,0,0,4,1,crash,false,4,12,608,2105,0,0,0,false,false,false,0,0,2713,32,0,
1250,casual,7045,41,11,budget,1,100,true,5,930,119,162,0.04878048780487805,0.7317073170731707,0.07317073170731707,0.024390243902439025,0.12195121951219512,4,14,normal,false,5,20,295,4800,1140,90,720,false,false,false,690,5,6355,36,1,2
1251,casual,2278,30,0,budget,0,68,true,3,255,59,85,0.1,0.9,0,0,0,3,18,normal,false,6,12,163,2115,0,0,0,false,false,true,0,0,2278,30,0,
1252,casual,2129,30,0,budget,0,53,true,3,290,55,96,0.3,0.7,0,0,0,3,7,crash,false,10,7,349,1780,0,0,0,false,false,false,0,0,2129,30,0,
1253,casual,3630,34,4,budget,0,75,false,4,600,76,104,0,0.9705882352941176,0.029411764705882353,0,0,2,7,normal,false,5,14,0,3540,90,0,0,false,false,true,0,0,3630,34,0,
1254,casual,2039,26,0,lock,0,50,true,3,345,53,76,0.2692307692307692,0.7307692307692307,0,0,0,3,5,normal,false,5,10,224,1815,0,0,0,false,false,false,0,0,2039,26,0,
1255,casual,5556,40,10,budget,0,94,true,4,730,106,163,0.2,0.675,0.075,0.05,0,7,2,normal,false,5,18,331,4105,490,630,0,true,false,true,0,0,5556,40,0,
1256,casual,3128,32,2,budget,0,79,true,4,420,69,125,0.28125,0.6875,0.03125,0,0,6,3,crash,false,3,15,423,2615,90,0,0,false,false,true,0,0,3128,32,0,
1257,casual,4004,36,6,budget,0,80,true,4,465,87,140,0.25,0.7222222222222222,0.027777777777777776,0,0,5,6,crash,false,6,14,669,2825,510,0,0,false,false,true,0,0,4004,36,0,
1258,casual,4735,30,0,budget,0,54,true,4,650,91,161,0.3333333333333333,0.6666666666666666,0,0,0,2,9,normal,false,3,13,630,4105,0,0,0,false,false,true,0,0,4735,30,0,
1259,casual,11625,59,29,budget,1,100,false,5,1710,154,208,0,0.7288135593220338,0.15254237288135594,0.03389830508474576,0.0847457627118644,11,1,normal,false,9,22,0,4290,2100,2115,3120,false,false,true,3090,5,8535,54,1,2
1260,casual,2403,30,0,budget,0,66,true,4,343,67,97,0.06666666666666667,0.9333333333333333,0,0,0,2,16,normal,false,8,11,148,2255,0,0,0,false,false,true,0,0,2403,30,0,
1261,casual,4641,36,6,budget,0,74,true,4,810,95,141,0.2222222222222222,0.7222222222222222,0.05555555555555555,0,0,6,2,normal,false,5,21,321,3570,750,0,0,false,false,true,0,0,4641,36,0,
1262,casual,2511,30,0,budget,0,62,true,3,420,46,114,0.6,0.4,0,0,0,3,9,crash,false,14,9,636,1875,0,0,0,false,false,true,0,0,2511,30,0,
1263,casual,11425,35,33,lock,1,100,false,7,5380,89,96,0,0.2,0.5142857142857142,0.14285714285714285,0.14285714285714285,12,2,normal,false,4,21,0,675,2580,810,7360,false,true,false,7120,5,4305,30,1,2
1264,casual,3070,32,2,budget,0,73,true,4,475,68,91,0,0.96875,0.03125,0,0,1,2,normal,false,5,11,30,2950,90,0,0,false,false,false,0,0,3070,32,0,
1265,casual,4265,36,6,budget,0,80,true,3,315,90,140,0.05555555555555555,0.8333333333333334,0.1111111111111111,0,0,3,15,crash,false,6,15,140,3645,480,0,0,false,false,true,0,0,4265,36,0,
1266,casual,4301,42,12,budget,0,80,true,4,605,84,142,0.14285714285714285,0.8333333333333334,0.023809523809523808,0,0,9,7,normal,false,6,19,186,3605,510,0,0,false,false,true,0,0,4301,42,0,
1267,casual,4526,34,4,budget,0,85,true,5,850,79,136,0.29411764705882354,0.6470588235294118,0.058823529411764705,0,0,5,2,crash,false,11,12,456,3365,300,405,0,false,false,false,0,0,4526,34,0,
1268,casual,2152,30,0,budget,0,67,true,3,255,51,95,0.26666666666666666,0.7333333333333333,0,0,0,2,8,normal,false,8,10,432,1720,0,0,0,false,false,true,0,0,2152,30,0,
1269,casual,3395,36,6,budget,0,87,true,3,315,88,111,0.027777777777777776,0.8888888888888888,0.08333333333333333,0,0,4,2,normal,false,3,18,90,2855,450,0,0,false,false,false,0,0,3395,36,0,
1270,casual,9521,39,9,budget,1,100,true,5,3670,111,123,0.1282051282051282,0.5641025641025641,0.1794871794871795,0,0.1282051282051282,6,2,keto,false,6,20,226,2475,1220,0,5600,false,false,false,5650,5,3871,34,1,3
1271,casual,2501,30,0,budget,0,63,true,4,383,62,103,0.1,0.9,0,0,0,2,15,normal,false,3,13,241,2260,0,0,0,false,false,false,0,0,2501,30,0,
1272,casual,3045,30,0,budget,0,69,true,5,695,72,93,0.03333333333333333,0.9666666666666667,0,0,0,1,22,normal,false,3,13,75,2970,0,0,0,false,false,true,0,0,3045,30,0,
1273,casual,165,4,0,lock,0,65,false,1,60,9,6,0,1,0,0,0,0,-1,normal,false,3,1,0,165,0,0,0,false,false,true,0,0,165,4,0,
1274,casual,5509,46,16,budget,0,90,true,4,675,110,170,0.13043478260869565,0.7391304347826086,0.10869565217391304,0.021739130434782608,0,11,1,normal,false,6,21,484,3315,1140,570,0,true,false,false,0,0,5509,46,0,
1275,casual,2756,30,0,budget,0,69,true,3,345,60,124,0.4,0.6,0,0,0,2,16,normal,false,5,8,686,2070,0,0,0,false,false,false,0,0,2756,30,0,
1276,casual,6245,40,10,budget,0,94,true,4,785,107,160,0.025,0.825,0.125,0.025,0,6,3,normal,false,9,18,30,4590,1040,585,0,true,false,false,0,0,6245,40,0,
1277,casual,9775,49,19,budget,1,100,true,4,1360,134,189,0.02040816326530612,0.6938775510204082,0.14285714285714285,0.04081632653061224,0.10204081632653061,8,2,normal,false,9,20,15,4190,2170,1020,2380,false,true,false,2380,5,7395,44,1,4
1278,casual,2740,30,0,budget,0,66,true,6,955,61,85,0.06666666666666667,0.9333333333333333,0,0,0,2,12,normal,false,7,9,75,2665,0,0,0,false,false,false,0,0,2740,30,0,
1279,casual,5105,30,0,budget,0,68,true,6,1085,83,133,0.13333333333333333,0.8666666666666667,0,0,0,3,12,normal,false,5,11,130,4975,0,0,0,false,false,false,0,0,5105,30,0,
1280,casual,5518,36,6,budget,0,86,true,5,890,101,142,0.1111111111111111,0.7777777777777778,0.1111111111111111,0,0,4,2,normal,false,7,12,113,4085,1320,0,0,false,false,false,0,0,5518,36,0,
1281,casual,4068,32,2,budget,0,70,true,4,780,74,136,0.0625,0.9375,0,0,0,2,14,normal,false,10,14,243,3825,0,0,0,false,false,true,0,0,4068,32,0,
1282,casual,5375,43,13,budget,1,100,true,3,1200,85,124,0.06976744186046512,0.7441860465116279,0.06976744186046512,0,0.11627906976744186,7,2,normal,false,9,22,120,2475,740,0,2040,false,false,false,1070,5,4305,38,0,
1283,casual,2476,34,4,budget,0,93,true,3,353,57,85,0.058823529411764705,0.8235294117647058,0.08823529411764706,0.029411764705882353,0,3,2,normal,false,5,11,106,2025,210,135,0,true,false,false,0,0,2476,34,0,
1284,casual,6110,45,15,budget,1,100,true,4,880,108,160,0.022222222222222223,0.7111111111111111,0.1111111111111111,0.044444444444444446,0.1111111111111111,7,2,normal,false,9,16,15,3300,1430,465,900,false,false,false,1095,5,5015,40,1,4
1285,casual,4195,32,2,budget,0,77,true,4,540,89,139,0.125,0.875,0,0,0,4,7,normal,false,4,14,310,3705,180,0,0,false,false,true,0,0,4195,32,0,
1286,casual,255,3,0,lock,0,52,false,2,150,3,11,0,1,0,0,0,0,-1,normal,false,1,1,0,255,0,0,0,false,false,false,0,0,255,3,0,
1287,casual,3053,30,0,budget,0,63,true,4,690,66,104,0.26666666666666666,0.7333333333333333,0,0,0,3,11,crash,false,5,12,198,2855,0,0,0,false,false,false,0,0,3053,30,0,
1288,casual,6125,40,10,budget,0,87,false,5,990,112,153,0,0.875,0.125,0,0,5,5,normal,false,6,18,0,4485,1280,360,0,false,false,false,0,0,6125,40,0,
1289,casual,2856,30,0,budget,0,67,true,3,350,84,116,0.2,0.8,0,0,0,2,17,normal,false,4,10,371,2485,0,0,0,false,false,false,0,0,2856,30,0,
1290,casual,2810,34,4,budget,0,73,true,3,285,79,100,0,0.9705882352941176,0.029411764705882353,0,0,2,7,normal,false,9,14,30,2660,120,0,0,false,false,true,0,0,2810,34,0,
1291,casual,9055,70,40,budget,0,96,false,3,780,162,197,0,0.6142857142857143,0.34285714285714286,0.04285714285714286,0,18,2,normal,false,13,33,0,3180,4390,1485,0,true,true,false,0,0,9055,70,0,
1292,casual,3839,30,0,budget,0,62,true,4,680,92,136,0.13333333333333333,0.8666666666666667,0,0,0,1,25,normal,false,10,10,259,3580,0,0,0,false,false,true,0,0,3839,30,0,
1293,casual,4391,32,2,budget,0,71,true,7,1530,93,129,0.15625,0.84375,0,0,0,4,5,normal,false,4,16,526,3865,0,0,0,false,false,false,0,0,4391,32,0,
1294,casual,4486,44,14,budget,0,90,true,4,525,89,158,0.25,0.6590909090909091,0.06818181818181818,0.022727272727272728,0,7,10,crash,false,7,19,426,3010,870,180,0,true,false,false,0,0,4486,44,0,
1295,casual,4916,34,4,budget,0,80,true,7,1685,93,128,0.08823529411764706,0.8823529411764706,0.029411764705882353,0,0,4,14,normal,false,4,14,336,4160,420,0,0,false,false,true,0,0,4916,34,0,
1296,casual,8931,45,15,budget,1,100,true,8,3390,113,164,0.08888888888888889,0.6888888888888889,0.06666666666666667,0.044444444444444446,0.1111111111111111,4,9,normal,false,12,16,241,4055,3150,405,1080,false,false,true,990,5,7941,40,1,4
1297,casual,3857,30,0,budget,0,68,true,6,850,82,124,0.3333333333333333,0.6666666666666666,0,0,0,4,13,normal,false,6,13,652,3205,0,0,0,false,false,true,0,0,3857,30,0,
1298,casual,520,7,4,lock,0,76,false,2,210,13,15,0,0.8571428571428571,0.14285714285714285,0,0,2,2,normal,false,2,3,0,250,270,0,0,false,false,false,0,0,520,7,0,
1299,casual,1969,30,0,budget,0,56,true,4,475,53,75,0.26666666666666666,0.7333333333333333,0,0,0,2,6,normal,false,9,6,189,1780,0,0,0,false,false,false,0,0,1969,30,0,
1300,casual,3010,30,0,budget,0,67,true,3,450,73,98,0,1,0,0,0,0,-1,normal,false,6,5,90,2920,0,0,0,false,false,false,0,0,3010,30,0,
1301,casual,6068,42,12,budget,0,97,true,4,1350,87,161,0.2857142857142857,0.5476190476190477,0.07142857142857142,0.09523809523809523,0,5,4,normal,false,12,16,668,1995,1320,2085,0,true,true,false,0,0,6068,42,0,
1302,casual,5030,40,10,budget,0,80,true,5,600,93,139,0.05,0.925,0.025,0,0,6,8,normal,false,5,17,150,4160,720,0,0,false,false,true,0,0,5030,40,0,
1303,casual,6877,47,17,budget,1,100,true,6,1290,102,144,0.23404255319148937,0.3829787234042553,0.19148936170212766,0.0851063829787234,0.10638297872340426,11,8,normal,false,6,25,347,2795,1200,855,1680,false,false,false,1350,5,5527,42,1,12
1304,casual,2835,30,0,budget,0,67,true,4,360,71,107,0.03333333333333333,0.9666666666666667,0,0,0,0,-1,crash,false,9,13,0,2835,0,0,0,false,false,false,0,0,2835,30,0,
1305,casual,1015,6,4,lock,0,84,false,3,480,14,17,0,0.6666666666666666,0.3333333333333333,0,0,2,2,normal,false,2,2,0,145,870,0,0,false,false,false,0,0,1015,6,0,
1306,casual,6213,46,16,budget,0,88,true,4,910,115,165,0.08695652173913043,0.7608695652173914,0.13043478260869565,0.021739130434782608,0,7,15,crash,false,6,18,188,3670,1410,945,0,false,false,false,0,0,6213,46,0,
1307,casual,18633,80,50,budget,2,100,true,5,3080,218,281,0.0375,0.575,0.175,0.0875,0.125,21,1,normal,false,9,37,68,4560,4480,1845,7680,false,true,true,6060,10,12573,70,2,2|7
1308,casual,3976,30,0,budget,0,50,true,6,1260,71,136,0.5333333333333333,0.4666666666666667,0,0,0,2,8,normal,false,4,12,1211,2765,0,0,0,false,false,false,0,0,3976,30,0,
1309,casual,2990,30,0,budget,0,65,true,3,485,70,102,0.06666666666666667,0.9333333333333333,0,0,0,1,22,normal,false,5,9,125,2865,0,0,0,false,false,true,0,0,2990,30,0,
1310,casual,2675,30,0,budget,0,65,true,4,570,60,97,0.36666666666666664,0.6333333333333333,0,0,0,6,15,normal,false,7,11,405,2270,0,0,0,false,false,true,0,0,2675,30,0,
1311,casual,3274,32,2,budget,0,83,true,6,1100,64,110,0.21875,0.6875,0.09375,0,0,4,2,crash,false,6,15,399,2605,270,0,0,false,false,false,0,0,3274,32,0,
1312,casual,9398,65,35,budget,1,100,true,4,1085,156,203,0.18461538461538463,0.5846153846153846,0.12307692307692308,0.03076923076923077,0.07692307692307693,15,3,normal,false,10,28,633,3365,1230,2430,1740,false,false,false,1800,5,7598,60,1,3
1313,casual,3960,30,0,budget,0,50,true,4,590,75,158,0.43333333333333335,0.5666666666666667,0,0,0,5,7,normal,false,5,14,910,3050,0,0,0,false,false,true,0,0,3960,30,0,
1314,casual,10585,41,11,budget,1,100,true,5,2940,126,178,0,0.7560975609756098,0.07317073170731707,0.04878048780487805,0.12195121951219512,4,5,normal,false,12,16,30,4885,450,180,5040,false,false,true,4650,5,5935,36,1,4
1315,casual,4147,34,4,budget,0,80,true,5,755,74,141,0.29411764705882354,0.6764705882352942,0.029411764705882353,0,0,5,7,crash,false,5,15,582,2965,600,0,0,false,false,false,0,0,4147,34,0,
1316,casual,6475,42,12,budget,0,95,true,4,720,126,183,0.07142857142857142,0.8571428571428571,0.047619047619047616,0.023809523809523808,0,7,2,normal,false,6,18,430,3900,1560,585,0,true,true,false,0,0,6475,42,0,
1317,casual,4926,42,12,budget,0,85,true,4,495,103,152,0.047619047619047616,0.8333333333333334,0.11904761904761904,0,0,5,2,normal,false,9,14,321,3615,990,0,0,false,false,false,0,0,4926,42,0,
1318,casual,3190,34,4,budget,0,91,true,4,330,73,101,0,0.9117647058823529,0.058823529411764705,0.029411764705882353,0,2,1,normal,false,13,12,30,2855,170,135,0,true,false,false,0,0,3190,34,0,
1319,casual,2740,30,0,budget,0,68,true,3,345,69,88,0,1,0,0,0,0,-1,normal,false,10,10,30,2710,0,0,0,false,false,true,0,0,2740,30,0,
1320,casual,4828,44,14,budget,0,91,true,4,615,105,142,0.06818181818181818,0.75,0.13636363636363635,0.045454545454545456,0,8,2,crash,false,4,21,43,3625,890,270,0,true,false,false,0,0,4828,44,0,
1321,casual,10151,63,33,budget,1,100,true,4,1380,131,195,0.047619047619047616,0.7142857142857143,0.09523809523809523,0.06349206349206349,0.07936507936507936,13,4,crash,false,12,23,151,3355,3120,1845,1680,false,false,false,1680,5,8471,58,1,8
1322,casual,3605,36,6,budget,0,87,true,4,525,77,113,0.05555555555555555,0.8333333333333334,0.1111111111111111,0,0,5,2,normal,false,4,18,45,3230,330,0,0,false,false,false,0,0,3605,36,0,
1323,casual,1960,30,0,budget,0,50,true,3,270,52,93,0.43333333333333335,0.5666666666666667,0,0,0,6,8,normal,false,5,10,550,1410,0,0,0,false,false,true,0,0,1960,30,0,
1324,casual,3628,30,0,budget,0,69,true,4,440,84,105,0.13333333333333333,0.8666666666666667,0,0,0,2,17,normal,false,6,13,128,3500,0,0,0,false,false,true,0,0,3628,30,0,
1325,casual,7161,44,14,budget,0,80,true,5,1570,118,195,0.1590909090909091,0.7954545454545454,0.045454545454545456,0,0,9,3,crash,false,5,22,231,5070,1860,0,0,false,false,false,0,0,7161,44,0,
1326,casual,3321,30,0,budget,0,65,true,3,450,80,120,0.23333333333333334,0.7666666666666667,0,0,0,3,16,normal,false,7,12,346,2975,0,0,0,false,false,true,0,0,3321,30,0,
1327,casual,12015,60,30,budget,2,100,true,5,1120,169,212,0,0.7166666666666667,0.11666666666666667,0,0.16666666666666666,10,6,normal,false,11,26,30,4015,3350,0,4620,false,false,true,4110,10,7905,50,1,3
1328,casual,6031,30,0,budget,0,53,true,7,1600,89,174,0.2,0.8,0,0,0,4,9,normal,false,4,12,366,5665,0,0,0,false,false,true,0,0,6031,30,0,
1329,casual,3944,30,0,budget,0,63,true,5,980,77,140,0.36666666666666664,0.6333333333333333,0,0,0,5,7,crash,false,5,13,454,3490,0,0,0,false,false,false,0,0,3944,30,0,
1330,casual,3452,40,10,budget,0,94,true,3,330,73,111,0.175,0.7,0.1,0.025,0,5,2,normal,false,17,13,377,2010,660,405,0,true,false,false,0,0,3452,40,0,
1331,casual,3476,30,0,budget,0,58,true,4,390,72,150,0.5,0.5,0,0,0,3,7,normal,false,3,16,996,2480,0,0,0,false,false,false,0,0,3476,30,0,
1332,casual,4425,30,0,budget,0,68,false,7,1185,77,114,0,1,0,0,0,0,-1,normal,false,8,14,0,4425,0,0,0,false,false,true,0,0,4425,30,0,
1333,casual,2948,34,4,budget,0,75,true,6,965,68,98,0.08823529411764706,0.8823529411764706,0.029411764705882353,0,0,4,6,normal,false,6,11,158,2670,120,0,0,false,false,true,0,0,2948,34,0,
1334,casual,4129,36,6,budget,0,82,true,4,645,82,138,0.16666666666666666,0.7222222222222222,0.1111111111111111,0,0,2,22,crash,false,6,13,129,3330,670,0,0,false,false,false,0,0,4129,36,0,
1335,casual,4830,36,6,budget,0,80,false,4,495,100,136,0,0.9722222222222222,0.027777777777777776,0,0,3,9,normal,false,5,18,0,4290,540,0,0,false,false,false,0,0,4830,36,0,
1336,casual,2796,34,4,budget,0,72,true,3,450,64,112,0.11764705882352941,0.8529411764705882,0.029411764705882353,0,0,3,10,crash,false,8,12,71,2635,90,0,0,false,false,false,0,0,2796,34,0,
1337,casual,10852,55,26,lock,2,100,true,3,1420,128,180,0.12727272727272726,0.5454545454545454,0.09090909090909091,0.05454545454545454,0.18181818181818182,13,6,crash,false,9,27,242,2965,710,315,6620,false,true,false,5860,10,4992,45,2,3|4
1338,casual,5903,40,10,budget,0,90,true,6,1235,108,156,0.15,0.75,0.05,0.05,0,6,1,normal,false,5,16,268,4625,740,270,0,true,false,true,0,0,5903,40,0,
1339,casual,1779,30,0,budget,0,56,true,3,240,44,76,0.3,0.7,0,0,0,5,15,crash,false,6,10,174,1605,0,0,0,false,false,false,0,0,1779,30,0,
1340,casual,4123,30,0,budget,0,66,true,6,885,69,131,0.16666666666666666,0.8333333333333334,0,0,0,3,13,normal,false,2,15,173,3950,0,0,0,false,false,true,0,0,4123,30,0,
1341,casual,4025,42,12,budget,0,83,false,3,510,80,124,0,0.8571428571428571,0.14285714285714285,0,0,6,6,normal,false,7,19,0,2715,1310,0,0,false,false,true,0,0,4025,42,0,
1342,casual,3395,32,2,budget,0,70,true,4,615,71,108,0.03125,0.96875,0,0,0,2,1,normal,false,6,13,15,3380,0,0,0,false,false,true,0,0,3395,32,0,
1343,casual,4664,40,10,budget,0,84,true,3,790,93,140,0.15,0.8,0.05,0,0,6,2,normal,false,4,17,244,3220,1200,0,0,false,false,true,0,0,4664,40,0,
1344,casual,5354,36,6,budget,0,72,true,5,840,96,145,0.16666666666666666,0.8333333333333334,0,0,0,5,8,normal,false,6,15,349,3925,1080,0,0,false,false,false,0,0,5354,36,0,
1345,casual,6355,42,20,lock,0,91,false,5,1230,104,139,0,0.8333333333333334,0.11904761904761904,0.047619047619047616,0,9,14,normal,false,5,17,0,3580,2460,315,0,true,false,false,0,0,6355,42,0,
1346,casual,4203,46,16,budget,0,93,true,2,390,93,129,0.06521739130434782,0.6956521739130435,0.1956521739130435,0.043478260869565216,0,9,7,crash,false,5,21,43,2210,1680,270,0,true,false,false,0,0,4203,46,0,
1347,casual,5221,36,6,budget,0,96,true,7,1163,91,135,0.08333333333333333,0.8333333333333334,0.05555555555555555,0.027777777777777776,0,3,15,normal,false,5,14,196,3360,1350,315,0,true,true,false,0,0,5221,36,0,
1348,casual,12055,71,41,budget,1,100,true,5,1440,183,231,0.014084507042253521,0.7605633802816901,0.1267605633802817,0.028169014084507043,0.07042253521126761,18,1,normal,false,6,28,60,4590,4160,405,2840,false,false,false,2900,5,9155,66,1,2
1349,casual,2796,30,0,budget,0,62,true,3,285,70,112,0.26666666666666666,0.7333333333333333,0,0,0,6,6,normal,false,6,11,606,2190,0,0,0,false,false,false,0,0,2796,30,0,
1350,casual,5943,44,14,budget,0,81,true,5,705,107,154,0.13636363636363635,0.75,0.11363636363636363,0,0,9,10,normal,false,4,23,343,4130,1470,0,0,false,false,true,0,0,5943,44,0,
1351,casual,5326,42,12,budget,0,88,true,4,540,110,145,0.11904761904761904,0.7380952380952381,0.14285714285714285,0,0,9,6,normal,false,9,19,241,3425,1390,270,0,false,false,true,0,0,5326,42,0,
1352,casual,5355,30,0,budget,0,54,true,6,2315,84,144,0.06666666666666667,0.9333333333333333,0,0,0,2,15,normal,false,8,10,120,5235,0,0,0,false,false,true,0,0,5355,30,0,
1353,casual,5475,32,2,budget,0,76,true,6,975,94,142,0.0625,0.90625,0.03125,0,0,2,18,normal,false,4,16,45,5220,210,0,0,false,false,true,0,0,5475,32,0,
1354,casual,6480,36,6,budget,0,82,true,5,1110,97,160,0.027777777777777776,0.9166666666666666,0.05555555555555555,0,0,3,13,normal,false,4,15,75,4665,1740,0,0,false,false,false,0,0,6480,36,0,
1355,casual,2965,30,0,budget,0,65,true,3,570,62,107,0.13333333333333333,0.8666666666666667,0,0,0,3,22,crash,false,2,15,45,2920,0,0,0,false,false,false,0,0,2965,30,0,
1356,casual,4652,44,14,budget,0,94,true,4,615,90,172,0.3409090909090909,0.5,0.11363636363636363,0.045454545454545456,0,10,2,normal,false,5,20,652,2740,990,270,0,true,false,false,0,0,4652,44,0,
1357,casual,2701,30,0,budget,0,54,true,4,405,64,109,0.23333333333333334,0.7666666666666667,0,0,0,3,12,normal,false,6,12,361,2340,0,0,0,false,false,false,0,0,2701,30,0,
1358,casual,5038,40,10,budget,0,97,true,4,720,95,145,0.1,0.75,0.125,0.025,0,7,2,normal,false,6,18,293,3770,480,495,0,true,true,false,0,0,5038,40,0,
1359,casual,9695,70,40,budget,2,100,true,5,1765,150,186,0.04285714285714286,0.6571428571428571,0.12857142857142856,0.02857142857142857,0.14285714285714285,14,8,crash,false,12,31,140,2900,1900,2115,2640,false,false,false,3955,10,5740,60,1,4
1360,casual,12025,59,29,budget,1,100,true,7,1625,183,248,0.13559322033898305,0.6271186440677966,0.13559322033898305,0.01694915254237288,0.0847457627118644,14,2,normal,false,5,29,660,6065,2190,990,2120,false,false,true,1940,5,10085,54,1,4
1361,casual,3140,36,6,budget,0,75,false,4,630,89,114,0,0.9444444444444444,0.05555555555555555,0,0,3,11,normal,false,7,13,0,2930,210,0,0,false,false,false,0,0,3140,36,0,
1362,casual,3647,34,4,budget,0,92,true,4,735,79,140,0.47058823529411764,0.4411764705882353,0.08823529411764706,0,0,5,1,normal,false,5,12,1112,1380,480,675,0,true,false,false,0,0,3647,34,0,
1363,casual,2219,30,0,budget,0,55,true,4,500,51,102,0.43333333333333335,0.5666666666666667,0,0,0,2,16,crash,false,10,11,359,1860,0,0,0,false,false,false,0,0,2219,30,0,
1364,casual,2400,30,0,budget,0,67,true,3,300,65,92,0.3333333333333333,0.6666666666666666,0,0,0,3,14,normal,false,7,10,490,1910,0,0,0,false,false,true,0,0,2400,30,0,
1365,casual,2910,30,0,budget,0,62,true,4,480,61,123,0.4,0.6,0,0,0,2,15,crash,false,7,9,540,2370,0,0,0,false,false,false,0,0,2910,30,0,
1366,casual,2820,30,0,budget,0,52,true,4,450,57,92,0.16666666666666666,0.8333333333333334,0,0,0,5,16,normal,false,2,18,120,2700,0,0,0,false,false,true,0,0,2820,30,0,
1367,casual,12140,55,25,budget,1,100,true,5,3180,149,213,0.03636363636363636,0.7090909090909091,0.14545454545454545,0.01818181818181818,0.09090909090909091,11,2,normal,false,4,33,60,5655,1550,315,4560,false,false,false,4680,5,7460,50,1,2
1368,casual,2724,30,0,budget,0,52,true,5,875,58,100,0.23333333333333334,0.7666666666666667,0,0,0,3,4,normal,false,9,9,329,2395,0,0,0,false,false,true,0,0,2724,30,0,
1369,casual,8480,66,36,budget,0,94,false,4,510,167,212,0,0.7424242424242424,0.21212121212121213,0.045454545454545456,0,15,2,normal,false,9,34,0,4845,2870,765,0,true,false,true,0,0,8480,66,0,
1370,casual,3210,32,2,budget,0,78,true,3,710,75,106,0.0625,0.9375,0,0,0,3,12,normal,false,6,11,45,2485,680,0,0,false,false,true,0,0,3210,32,0,
1371,casual,4125,36,6,budget,0,75,true,4,875,90,138,0.25,0.6944444444444444,0.05555555555555555,0,0,5,3,crash,false,3,16,745,2810,570,0,0,false,false,false,0,0,4125,36,0,
1372,casual,8741,55,25,budget,1,100,true,4,1860,121,198,0.2909090909090909,0.4909090909090909,0.10909090909090909,0.01818181818181818,0.09090909090909091,12,2,crash,false,6,27,611,3525,1120,705,2780,false,true,false,2780,5,5961,50,1,3
1373,casual,6900,45,15,budget,1,100,true,4,1560,106,134,0.022222222222222223,0.7777777777777778,0.08888888888888889,0,0.1111111111111111,6,1,normal,false,18,13,45,2705,850,540,2760,false,true,false,2260,5,4640,40,1,4
1374,casual,2448,30,0,budget,0,64,true,4,375,65,102,0.36666666666666664,0.6333333333333333,0,0,0,5,12,normal,false,5,16,563,1885,0,0,0,false,false,false,0,0,2448,30,0,
1375,casual,10608,74,44,budget,0,98,true,4,885,169,234,0.04054054054054054,0.6621621621621622,0.24324324324324326,0.05405405405405406,0,21,2,normal,false,6,31,68,4310,3020,3210,0,true,true,true,0,0,10608,74,0,
1376,casual,6028,40,10,budget,0,81,true,5,745,110,169,0.1,0.825,0.075,0,0,7,4,normal,false,4,16,108,4720,1200,0,0,false,false,false,0,0,6028,40,0,
1377,casual,14241,56,26,budget,2,100,true,5,2040,159,223,0.05357142857142857,0.6428571428571429,0.10714285714285714,0.017857142857142856,0.17857142857142858,9,3,normal,false,6,23,91,4730,2260,720,6440,false,false,true,7310,10,6931,46,1,3
1378,casual,1333,30,0,budget,0,56,true,2,120,45,64,0.13333333333333333,0.8666666666666667,0,0,0,3,19,normal,false,8,6,118,1215,0,0,0,false,false,false,0,0,1333,30,0,
1379,casual,11180,64,34,budget,2,100,false,4,1560,141,174,0,0.609375,0.171875,0.0625,0.15625,13,3,normal,false,9,27,0,3500,1380,1080,5220,false,true,false,5040,10,6140,54,2,4|8
1380,casual,4655,16,23,lock,1,100,false,3,1170,52,54,0,0.1875,0.375,0.3125,0.125,7,2,frenzy,false,3,11,0,240,870,2805,740,false,true,false,830,2,3825,14,1,10
1381,casual,2174,30,0,budget,0,62,true,3,345,54,102,0.4666666666666667,0.5333333333333333,0,0,0,4,5,crash,false,6,12,524,1650,0,0,0,false,false,false,0,0,2174,30,0,
1382,casual,2294,30,0,budget,0,60,true,4,305,56,93,0.3,0.7,0,0,0,4,14,normal,false,6,13,354,1940,0,0,0,false,false,true,0,0,2294,30,0,
1383,casual,2180,30,0,budget,0,66,true,5,670,56,91,0.3333333333333333,0.6666666666666666,0,0,0,3,13,normal,false,9,7,385,1795,0,0,0,false,false,true,0,0,2180,30,0,
1384,casual,5885,36,6,budget,0,87,true,5,890,115,143,0.027777777777777776,0.8611111111111112,0.1111111111111111,0,0,4,8,normal,false,6,11,210,4755,920,0,0,false,false,false,0,0,5885,36,0,
1385,casual,18230,68,38,budget,2,100,true,5,2040,197,250,0.014705882352941176,0.47058823529411764,0.3088235294117647,0.058823529411764705,0.14705882352941177,15,1,normal,false,6,33,25,4770,2490,3345,7600,false,true,false,5980,10,12250,58,2,5|6
1386,casual,18502,86,56,budget,2,100,true,6,2265,224,323,0.10465116279069768,0.4418604651162791,0.29069767441860467,0.046511627906976744,0.11627906976744186,25,1,crash,false,5,43,752,5235,4040,2475,6000,false,true,false,7395,10,11107,76,2,9|4
1387,casual,5442,30,0,budget,0,66,true,9,2147,76,152,0.3333333333333333,0.6666666666666666,0,0,0,4,12,normal,false,4,14,1557,3885,0,0,0,false,false,true,0,0,5442,30,0,
1388,casual,2460,30,0,budget,0,60,true,2,225,58,90,0.03333333333333333,0.9666666666666667,0,0,0,1,17,normal,false,5,12,15,2445,0,0,0,false,false,true,0,0,2460,30,0,
1389,casual,2426,30,0,budget,0,52,true,4,405,57,86,0.2,0.8,0,0,0,3,5,normal,false,5,8,166,2260,0,0,0,false,false,false,0,0,2426,30,0,
1390,casual,7460,47,17,budget,1,100,false,6,2190,109,148,0,0.7872340425531915,0.0851063829787234,0.02127659574468085,0.10638297872340426,5,2,normal,false,7,23,0,3275,2730,315,1140,false,true,false,960,5,6500,42,1,3
1391,casual,3431,30,0,budget,0,64,true,5,690,76,100,0.26666666666666666,0.7333333333333333,0,0,0,2,17,normal,false,5,9,196,3235,0,0,0,false,false,false,0,0,3431,30,0,
1392,casual,3578,30,0,budget,0,62,true,6,790,68,114,0.1,0.9,0,0,0,2,4,normal,false,11,7,243,3335,0,0,0,false,false,false,0,0,3578,30,0,
1393,casual,2873,30,0,budget,0,53,true,4,540,60,92,0.1,0.9,0,0,0,2,19,normal,false,6,10,88,2785,0,0,0,false,false,false,0,0,2873,30,0,
1394,casual,2499,30,0,budget,0,57,true,4,360,55,108,0.26666666666666666,0.7333333333333333,0,0,0,3,16,normal,false,7,9,569,1930,0,0,0,false,false,false,0,0,2499,30,0,
1395,casual,3074,30,0,budget,0,65,true,5,540,71,102,0.2,0.8,0,0,0,3,19,normal,false,8,12,199,2875,0,0,0,false,false,true,0,0,3074,30,0,
1396,casual,7839,54,24,budget,0,93,true,5,750,127,202,0.16666666666666666,0.5740740740740741,0.2222222222222222,0.037037037037037035,0,13,1,normal,false,9,21,939,3050,2950,900,0,true,false,false,0,0,7839,54,0,
1397,casual,9855,45,15,budget,1,100,false,4,2240,121,163,0,0.7111111111111111,0.15555555555555556,0.022222222222222223,0.1111111111111111,5,6,normal,false,6,17,0,3485,620,1530,4220,false,true,true,5495,5,4360,40,1,5
1398,casual,3159,32,2,budget,0,73,true,4,690,72,109,0.15625,0.8125,0.03125,0,0,3,2,normal,false,3,14,224,2845,90,0,0,false,false,false,0,0,3159,32,0,
1399,casual,6395,46,16,budget,0,94,true,4,870,111,160,0.021739130434782608,0.8260869565217391,0.15217391304347827,0,0,7,5,normal,false,6,18,45,3935,1740,675,0,true,false,false,0,0,6395,46,0,
1400,casual,3221,30,0,budget,0,62,true,5,675,62,120,0.4666666666666667,0.5333333333333333,0,0,0,3,11,normal,false,7,12,701,2520,0,0,0,false,false,true,0,0,3221,30,0,
1401,casual,3698,30,0,budget,0,50,true,5,645,76,127,0,1,0,0,0,0,-1,normal,false,5,11,318,3380,0,0,0,false,false,true,0,0,3698,30,0,
1402,casual,2836,30,0,budget,0,51,true,4,375,67,106,0.16666666666666666,0.8333333333333334,0,0,0,1,22,crash,false,5,8,211,2625,0,0,0,false,false,false,0,0,2836,30,0,
1403,casual,3024,30,0,budget,0,54,true,4,495,66,118,0.36666666666666664,0.6333333333333333,0,0,0,2,26,normal,false,4,11,324,2700,0,0,0,false,false,false,0,0,3024,30,0,
1404,casual,5747,32,2,budget,0,82,true,6,2595,76,149,0.40625,0.59375,0,0,0,6,2,crash,false,6,11,717,2750,2280,0,0,false,false,false,0,0,5747,32,0,
1405,casual,7456,51,21,budget,1,100,true,5,990,131,163,0.0784313725490196,0.6078431372549019,0.19607843137254902,0.0196078431372549,0.09803921568627451,10,2,normal,false,7,22,221,4085,1170,900,1080,false,true,false,1050,5,6406,46,1,11
1406,casual,8726,54,24,budget,0,92,true,5,1475,116,181,0.07407407407407407,0.6851851851851852,0.2222222222222222,0.018518518518518517,0,11,6,normal,false,5,23,361,2855,3860,1650,0,true,false,false,0,0,8726,54,0,
1407,casual,2621,30,0,budget,0,67,true,3,255,66,108,0.26666666666666666,0.7333333333333333,0,0,0,3,21,normal,false,6,12,451,2170,0,0,0,false,false,true,0,0,2621,30,0,
1408,casual,3023,36,6,budget,0,81,true,3,630,84,103,0.1388888888888889,0.8333333333333334,0.027777777777777776,0,0,4,6,normal,false,7,16,128,2385,510,0,0,false,false,false,0,0,3023,36,0,
1409,casual,3542,30,0,budget,0,62,true,4,485,67,140,0.36666666666666664,0.6333333333333333,0,0,0,1,15,crash,false,7,13,777,2765,0,0,0,false,false,false,0,0,3542,30,0,
1410,casual,10538,49,19,budget,1,100,true,7,1515,142,196,0.08163265306122448,0.6122448979591837,0.16326530612244897,0.04081632653061224,0.10204081632653061,9,7,crash,false,8,25,203,5020,1610,1305,2400,false,true,false,1950,5,8588,44,1,7
1411,casual,2543,30,0,budget,0,50,true,4,435,60,114,0.5333333333333333,0.4666666666666667,0,0,0,2,24,normal,false,7,11,853,1690,0,0,0,false,false,false,0,0,2543,30,0,
1412,casual,2306,30,0,budget,0,50,true,5,476,59,116,0.6,0.4,0,0,0,5,10,normal,false,6,10,1161,1145,0,0,0,false,false,true,0,0,2306,30,0,
1413,casual,2806,34,4,budget,0,75,true,3,270,77,102,0.17647058823529413,0.7941176470588235,0.029411764705882353,0,0,4,20,normal,false,7,13,196,2280,330,0,0,false,false,false,0,0,2806,34,0,
1414,casual,9185,57,27,budget,1,100,false,5,780,151,194,0,0.631578947368421,0.21052631578947367,0.07017543859649122,0.08771929824561403,11,3,normal,false,9,23,0,4840,1570,1035,1740,false,true,false,1590,5,7595,52,1,8
1415,casual,4113,38,8,budget,0,76,true,6,995,97,117,0.05263157894736842,0.8421052631578947,0.10526315789473684,0,0,5,5,normal,false,6,18,128,3625,360,0,0,false,false,false,0,0,4113,38,0,
1416,casual,4164,30,0,budget,0,66,true,6,1275,78,132,0.26666666666666666,0.7333333333333333,0,0,0,5,10,normal,false,3,14,294,3870,0,0,0,false,false,false,0,0,4164,30,0,
1417,casual,13495,60,30,budget,0,97,true,5,2010,167,247,0.03333333333333333,0.7166666666666667,0.23333333333333334,0.016666666666666666,0,15,3,crash,false,9,26,20,5240,6300,1935,0,true,true,false,0,0,13495,60,0,
1418,casual,2830,32,2,budget,0,81,false,4,390,67,92,0,0.96875,0.03125,0,0,1,3,normal,false,10,5,0,2710,120,0,0,false,false,false,0,0,2830,32,0,
1419,casual,3126,30,0,budget,0,58,true,4,570,61,132,0.4666666666666667,0.5333333333333333,0,0,0,3,6,crash,false,7,10,946,2180,0,0,0,false,false,false,0,0,3126,30,0,
1420,casual,1000,10,2,lock,0,73,false,3,355,25,30,0,0.9,0.1,0,0,1,8,normal,false,2,4,0,910,90,0,0,false,false,false,0,0,1000,10,0,
1421,casual,3715,36,6,budget,0,83,true,4,810,83,122,0.1388888888888889,0.7777777777777778,0.08333333333333333,0,0,4,2,crash,false,3,14,225,3070,420,0,0,false,false,false,0,0,3715,36,0,
1422,casual,8980,15,11,lock,1,100,false,6,3315,62,75,0,0.4666666666666667,0.06666666666666667,0.13333333333333333,0.3333333333333333,3,2,normal,false,4,7,0,710,720,3150,4400,false,true,false,4330,5,4650,10,1,3
1423,casual,2326,30,0,budget,0,63,true,3,570,63,93,0.23333333333333334,0.7666666666666667,0,0,0,3,11,normal,false,3,10,346,1980,0,0,0,false,false,false,0,0,2326,30,0,
1424,casual,4401,30,0,budget,0,58,true,5,665,79,130,0.06666666666666667,0.9333333333333333,0,0,0,1,28,normal,false,3,13,251,4150,0,0,0,false,false,true,0,0,4401,30,0,
1425,casual,10545,57,27,budget,1,100,false,4,1530,144,195,0,0.7017543859649122,0.15789473684210525,0.05263157894736842,0.08771929824561403,9,1,normal,false,8,24,0,3505,2590,450,4000,false,false,false,3670,5,6875,52,0,
1426,casual,10375,57,27,budget,1,100,true,5,1140,147,202,0.017543859649122806,0.631578947368421,0.21052631578947367,0.05263157894736842,0.08771929824561403,9,3,normal,false,5,30,50,4585,3020,1320,1400,false,true,true,1920,5,8455,52,1,2
1427,casual,21980,94,64,budget,2,100,true,5,2290,249,347,0,0.5106382978723404,0.30851063829787234,0.07446808510638298,0.10638297872340426,26,1,normal,false,5,50,90,4835,5900,6615,4540,false,true,true,3990,10,17990,84,2,2|5
1428,casual,4620,40,10,budget,0,83,true,4,720,102,128,0.075,0.825,0.1,0,0,7,9,normal,false,5,23,45,3825,750,0,0,false,false,false,0,0,4620,40,0,
1429,casual,3099,30,0,budget,0,63,true,4,465,60,124,0.43333333333333335,0.5666666666666667,0,0,0,1,19,crash,false,5,14,784,2315,0,0,0,false,false,true,0,0,3099,30,0,
1430,casual,2923,34,4,budget,0,73,true,3,510,62,107,0.3235294117647059,0.6470588235294118,0.029411764705882353,0,0,5,2,normal,false,8,11,318,2335,270,0,0,false,false,true,0,0,2923,34,0,
1431,casual,8400,42,12,budget,0,94,true,5,1935,122,174,0.023809523809523808,0.8809523809523809,0.09523809523809523,0,0,6,17,normal,false,5,23,20,5695,900,1785,0,true,false,true,0,0,8400,42,0,
1432,casual,4923,34,4,budget,0,90,true,5,735,95,133,0.08823529411764706,0.8529411764705882,0.029411764705882353,0.029411764705882353,0,2,4,normal,false,6,12,198,4305,240,180,0,true,false,true,0,0,4923,34,0,
1433,casual,3011,30,0,budget,0,67,true,4,540,57,108,0.16666666666666666,0.8333333333333334,0,0,0,2,23,crash,false,4,12,226,2785,0,0,0,false,false,false,0,0,3011,30,0,
1434,casual,5064,36,6,budget,0,84,true,5,980,96,149,0.25,0.75,0,0,0,7,1,normal,false,4,17,569,3365,1130,0,0,false,false,false,0,0,5064,36,0,
1435,casual,22350,103,73,budget,1,100,true,4,1545,289,415,0.009708737864077669,0.6310679611650486,0.2524271844660194,0.05825242718446602,0.04854368932038835,32,1,normal,false,6,54,390,7125,8610,4245,1980,false,true,true,2280,5,20070,98,1,2
1436,casual,3999,36,6,budget,0,83,true,3,755,72,138,0.19444444444444445,0.7222222222222222,0.08333333333333333,0,0,5,9,crash,false,5,20,339,2970,690,0,0,false,false,false,0,0,3999,36,0,
1437,casual,6805,42,12,budget,0,94,true,6,1680,104,143,0,0.7380952380952381,0.2619047619047619,0,0,6,10,normal,false,9,18,195,3490,960,2160,0,true,false,true,0,0,6805,42,0,
1438,casual,6955,43,21,lock,1,100,true,3,960,106,133,0.023255813953488372,0.7441860465116279,0.09302325581395349,0.023255813953488372,0.11627906976744186,8,2,normal,false,7,16,20,2555,960,900,2520,false,false,false,1710,5,5245,38,1,3
1439,casual,18297,60,30,budget,2,100,true,7,4015,163,231,0.13333333333333333,0.5833333333333334,0.1,0.016666666666666666,0.16666666666666666,12,2,normal,false,8,25,307,2825,3010,2295,9860,false,false,false,9830,10,8467,50,2,3|2
1440,casual,2468,30,0,budget,0,64,true,4,440,59,94,0.4666666666666667,0.5333333333333333,0,0,0,4,11,normal,false,6,11,408,2060,0,0,0,false,false,true,0,0,2468,30,0,
1441,casual,2374,30,0,budget,0,62,true,3,345,65,103,0.3,0.7,0,0,0,2,25,normal,false,6,11,344,2030,0,0,0,false,false,false,0,0,2374,30,0,
1442,casual,8119,38,8,budget,0,97,true,5,1965,106,157,0.18421052631578946,0.7105263157894737,0.07894736842105263,0.02631578947368421,0,5,7,normal,false,6,12,294,3365,1670,2790,0,true,true,false,0,0,8119,38,0,
1443,casual,2251,30,0,budget,0,53,true,3,375,62,111,0.5666666666666667,0.43333333333333335,0,0,0,4,15,normal,false,6,11,741,1510,0,0,0,false,false,true,0,0,2251,30,0,
1444,casual,3099,30,0,budget,0,68,true,6,770,68,108,0.16666666666666666,0.8333333333333334,0,0,0,0,-1,crash,false,9,6,174,2925,0,0,0,false,false,false,0,0,3099,30,0,
1445,casual,1628,22,0,lock,0,66,true,3,255,41,60,0.18181818181818182,0.8181818181818182,0,0,0,2,14,normal,false,3,11,188,1440,0,0,0,false,false,true,0,0,1628,22,0,
1446,casual,6756,42,12,budget,0,92,true,4,815,111,173,0.09523809523809523,0.8095238095238095,0.07142857142857142,0.023809523809523808,0,6,3,normal,false,8,17,306,4125,2190,135,0,true,false,true,0,0,6756,42,0,
1447,casual,3521,30,0,budget,0,65,true,4,510,84,117,0.26666666666666666,0.7333333333333333,0,0,0,1,10,normal,false,6,12,506,3015,0,0,0,false,false,true,0,0,3521,30,0,
1448,casual,2283,30,0,budget,0,50,true,6,870,48,103,0.6333333333333333,0.36666666666666664,0,0,0,2,6,crash,false,5,9,873,1410,0,0,0,false,false,false,0,0,2283,30,0,
1449,casual,3100,30,0,budget,0,67,true,4,640,63,110,0.1,0.9,0,0,0,2,11,normal,false,3,11,105,2995,0,0,0,false,false,false,0,0,3100,30,0,
1450,casual,6420,38,8,budget,0,93,true,7,1520,90,134,0.02631578947368421,0.8421052631578947,0.10526315789473684,0.02631578947368421,0,5,2,normal,false,4,18,15,4090,2180,135,0,true,false,true,0,0,6420,38,0,
1451,casual,2333,25,8,lock,0,86,true,3,305,50,79,0.12,0.76,0.12,0,0,4,2,crash,false,5,7,83,1680,570,0,0,false,false,false,0,0,2333,25,0,
1452,casual,2121,30,0,budget,0,64,true,3,255,57,88,0.2,0.8,0,0,0,3,22,normal,false,7,7,151,1970,0,0,0,false,false,true,0,0,2121,30,0,
1453,casual,3268,30,0,budget,0,60,true,5,760,81,108,0.16666666666666666,0.8333333333333334,0,0,0,3,14,normal,false,4,11,238,3030,0,0,0,false,false,false,0,0,3268,30,0,
1454,casual,3314,30,0,budget,0,62,true,4,1025,65,111,0.3,0.7,0,0,0,4,12,crash,false,5,14,399,2915,0,0,0,false,false,true,0,0,3314,30,0,
1455,casual,9580,51,21,budget,1,100,false,4,2980,132,154,0,0.7450980392156863,0.0784313725490196,0.0784313725490196,0.09803921568627451,8,3,normal,false,8,27,0,3175,1050,675,4680,false,false,false,4650,5,4930,46,1,6
1456,casual,3810,40,10,budget,0,85,false,4,630,89,114,0,0.825,0.175,0,0,5,17,normal,false,6,18,0,3000,810,0,0,false,false,false,0,0,3810,40,0,
1457,casual,5900,40,10,budget,0,88,true,5,990,116,158,0.075,0.825,0.075,0.025,0,6,8,normal,false,3,20,215,4720,830,135,0,false,false,true,0,0,5900,40,0,
1458,casual,10770,43,13,budget,1,100,true,4,1920,118,174,0.06976744186046512,0.6511627906976745,0.09302325581395349,0.06976744186046512,0.11627906976744186,8,10,normal,false,5,21,70,4250,420,810,5220,false,true,true,3390,5,7380,38,1,7
1459,casual,6133,46,16,budget,0,92,true,6,863,95,182,0.17391304347826086,0.6304347826086957,0.13043478260869565,0.06521739130434782,0,10,4,crash,false,6,20,898,4020,810,405,0,true,false,false,0,0,6133,46,0,
1460,casual,3949,30,0,budget,0,62,true,5,990,69,126,0.2,0.8,0,0,0,2,6,crash,false,3,14,269,3680,0,0,0,false,false,false,0,0,3949,30,0,
1461,casual,15646,57,27,budget,1,100,true,8,4560,180,241,0.15789473684210525,0.5614035087719298,0.17543859649122806,0.017543859649122806,0.08771929824561403,11,3,crash,false,6,25,376,5005,5550,675,4040,false,false,false,4500,5,11146,52,0,
1462,casual,11855,62,32,budget,2,100,false,5,2265,134,153,0,0.5806451612903226,0.1935483870967742,0.06451612903225806,0.16129032258064516,13,2,normal,false,9,21,0,2315,930,3510,5100,false,true,false,4980,10,6875,52,2,4|6
1463,casual,1715,8,0,lock,0,67,true,5,1010,25,41,0.25,0.75,0,0,0,1,8,normal,false,2,3,30,1685,0,0,0,false,false,true,0,0,1715,8,0,
1464,casual,10130,55,25,budget,1,100,true,6,1425,142,217,0.01818181818181818,0.8,0.09090909090909091,0,0.09090909090909091,8,2,normal,false,7,21,45,4400,2790,1575,1320,false,false,false,1780,5,8350,50,0,
1465,casual,4148,30,0,budget,0,61,true,5,875,86,113,0.13333333333333333,0.8666666666666667,0,0,0,1,11,normal,false,5,11,93,4055,0,0,0,false,false,false,0,0,4148,30,0,
1466,casual,3756,32,2,budget,0,80,true,5,705,73,106,0.21875,0.75,0.03125,0,0,4,6,normal,false,4,14,196,3400,160,0,0,false,false,false,0,0,3756,32,0,
1467,casual,4565,34,4,budget,0,81,true,4,570,83,120,0.029411764705882353,0.9117647058823529,0.058823529411764705,0,0,2,10,normal,false,3,18,15,4100,450,0,0,false,false,true,0,0,4565,34,0,
1468,casual,1195,11,4,lock,0,90,false,3,315,23,33,0,0.7272727272727273,0.18181818181818182,0.09090909090909091,0,1,4,normal,false,4,5,0,715,300,180,0,true,false,false,0,0,1195,11,0,
1469,casual,3313,30,0,budget,0,57,true,5,815,74,118,0.2,0.8,0,0,0,2,12,normal,false,4,13,293,3020,0,0,0,false,false,true,0,0,3313,30,0,
1470,casual,2668,32,2,budget,0,72,true,4,510,72,100,0.3125,0.65625,0.03125,0,0,3,4,normal,false,6,12,578,2000,90,0,0,false,false,false,0,0,2668,32,0,
1471,casual,1794,30,0,budget,0,66,true,3,315,45,84,0.26666666666666666,0.7333333333333333,0,0,0,1,12,crash,false,8,9,254,1540,0,0,0,false,false,false,0,0,1794,30,0,
1472,casual,4232,30,0,budget,0,63,true,5,945,88,136,0.36666666666666664,0.6333333333333333,0,0,0,4,3,normal,false,3,16,607,3625,0,0,0,false,false,false,0,0,4232,30,0,
1473,casual,5655,54,24,budget,0,93,true,4,560,120,165,0.037037037037037035,0.7222222222222222,0.24074074074074073,0,0,11,3,normal,false,6,24,30,3645,1710,270,0,true,false,false,0,0,5655,54,0,
1474,casual,2943,32,2,budget,0,74,true,3,240,75,111,0.09375,0.875,0.03125,0,0,2,1,normal,false,9,13,353,2500,90,0,0,false,false,false,0,0,2943,32,0,
1475,casual,4375,30,0,budget,0,53,true,4,620,81,145,0.1,0.9,0,0,0,2,11,normal,false,6,12,150,4225,0,0,0,false,false,false,0,0,4375,30,0,
1476,casual,2643,30,0,budget,0,69,true,3,430,64,94,0.16666666666666666,0.8333333333333334,0,0,0,3,14,normal,false,6,12,83,2560,0,0,0,false,false,true,0,0,2643,30,0,
1477,casual,3125,30,0,budget,0,67,false,5,685,67,92,0,1,0,0,0,0,-1,normal,false,5,14,0,3125,0,0,0,false,false,true,0,0,3125,30,0,
1478,casual,11255,66,36,budget,0,94,false,6,1110,183,224,0,0.7272727272727273,0.21212121212121213,0.06060606060606061,0,14,11,normal,false,9,26,0,5060,3990,2205,0,true,false,false,0,0,11255,66,0,
1479,casual,5532,44,14,budget,0,82,true,4,1020,89,152,0.1590909090909091,0.75,0.09090909090909091,0,0,9,9,normal,false,4,21,407,2695,2430,0,0,false,false,true,0,0,5532,44,0,
1480,casual,2271,30,0,budget,0,62,true,4,405,52,97,0.3333333333333333,0.6666666666666666,0,0,0,1,23,crash,false,7,8,546,1725,0,0,0,false,false,false,0,0,2271,30,0,
1481,casual,3748,34,4,budget,0,87,true,4,510,89,123,0.08823529411764706,0.7647058823529411,0.14705882352941177,0,0,3,1,normal,false,10,10,213,2715,550,270,0,false,false,false,0,0,3748,34,0,
1482,casual,8221,46,16,budget,0,97,true,6,2265,112,162,0.10869565217391304,0.6956521739130435,0.15217391304347827,0.043478260869565216,0,10,10,normal,false,5,24,241,2450,2740,2790,0,true,true,false,0,0,8221,46,0,
1483,casual,3679,30,0,budget,0,52,true,7,1260,72,119,0.3333333333333333,0.6666666666666666,0,0,0,3,14,crash,false,3,12,444,3235,0,0,0,false,false,false,0,0,3679,30,0,
1484,casual,2417,30,0,budget,0,62,true,4,335,64,94,0.3,0.7,0,0,0,2,14,normal,false,6,8,292,2125,0,0,0,false,false,false,0,0,2417,30,0,
1485,casual,3085,30,0,budget,0,64,true,7,848,55,110,0.2,0.8,0,0,0,1,26,normal,false,6,11,685,2400,0,0,0,false,false,true,0,0,3085,30,0,
1486,casual,13390,70,40,budget,2,100,true,5,1470,191,226,0.07142857142857142,0.5428571428571428,0.2,0.04285714285714286,0.14285714285714285,17,2,normal,false,5,28,245,3475,4880,1710,3080,false,false,false,3845,10,9545,60,1,3
1487,casual,2233,30,0,budget,0,50,true,3,315,62,84,0.13333333333333333,0.8666666666666667,0,0,0,3,4,normal,false,5,11,98,2135,0,0,0,false,false,true,0,0,2233,30,0,
1488,casual,16608,60,30,budget,2,100,true,5,2340,170,249,0.05,0.45,0.25,0.08333333333333333,0.16666666666666666,12,2,normal,false,4,32,293,3855,2450,4410,5600,false,true,true,2690,10,13918,50,2,5|5
1489,casual,2305,30,0,budget,0,54,true,4,465,56,84,0.13333333333333333,0.8666666666666667,0,0,0,4,9,normal,false,7,9,150,2155,0,0,0,false,false,true,0,0,2305,30,0,
1490,casual,3985,32,2,budget,0,74,true,5,615,72,118,0.0625,0.9375,0,0,0,3,8,normal,false,6,13,60,3475,450,0,0,false,false,true,0,0,3985,32,0,
1491,casual,6558,52,22,budget,0,94,true,5,630,116,175,0.1346153846153846,0.6538461538461539,0.15384615384615385,0.057692307692307696,0,14,2,normal,false,5,29,498,3780,1110,1170,0,true,false,false,0,0,6558,52,0,
1492,casual,2676,30,0,budget,0,50,true,4,435,55,126,0.7,0.3,0,0,0,5,6,crash,false,5,12,881,1795,0,0,0,false,false,true,0,0,2676,30,0,
1493,casual,2244,30,0,budget,0,64,true,3,260,66,110,0.43333333333333335,0.5666666666666667,0,0,0,4,10,normal,false,6,13,524,1720,0,0,0,false,false,true,0,0,2244,30,0,
1494,casual,5050,36,6,budget,0,88,false,5,725,105,125,0,0.8611111111111112,0.1388888888888889,0,0,3,21,normal,false,5,13,0,4260,520,270,0,false,false,false,0,0,5050,36,0,
1495,casual,9204,44,14,budget,0,94,true,5,1185,120,200,0.13636363636363635,0.7272727272727273,0.11363636363636363,0.022727272727272728,0,10,3,normal,false,6,26,354,3670,3410,1770,0,true,false,true,0,0,9204,44,0,
1496,casual,3435,32,2,budget,0,70,true,5,800,77,123,0.40625,0.59375,0,0,0,2,21,normal,false,5,11,1075,1910,450,0,0,false,false,true,0,0,3435,32,0,
1497,casual,4180,36,6,budget,0,74,false,3,480,95,124,0,0.9166666666666666,0.08333333333333333,0,0,3,14,normal,false,5,14,0,3910,270,0,0,false,false,false,0,0,4180,36,0,
1498,casual,2830,30,0,budget,0,63,true,4,435,75,91,0.06666666666666667,0.9333333333333333,0,0,0,2,23,normal,false,3,14,30,2800,0,0,0,false,false,true,0,0,2830,30,0,
1499,casual,2370,23,2,lock,0,70,false,4,495,56,74,0,1,0,0,0,1,21,normal,false,4,11,0,2370,0,0,0,false,false,false,0,0,2370,23,0,
1500,casual,1735,30,0,budget,0,50,true,3,150,54,100,0.5666666666666667,0.43333333333333335,0,0,0,5,8,normal,false,3,12,655,1080,0,0,0,false,false,true,0,0,1735,30,0,
1501,casual,7345,40,10,budget,0,89,false,6,1070,128,190,0,0.9,0.075,0.025,0,4,2,normal,false,5,16,0,6400,810,135,0,false,false,true,0,0,7345,40,0,
1502,casual,18765,66,36,budget,2,100,false,7,3780,208,273,0,0.6818181818181818,0.12121212121212122,0.045454545454545456,0.15151515151515152,11,3,normal,false,6,33,0,7420,2400,2025,6920,false,false,true,4200,10,14565,56,1,5
1503,casual,4595,34,4,budget,0,80,true,6,1520,89,114,0.029411764705882353,0.9117647058823529,0.058823529411764705,0,0,3,4,normal,false,6,12,85,4330,180,0,0,false,false,true,0,0,4595,34,0,
1504,casual,3835,34,4,budget,0,92,true,3,555,81,109,0.029411764705882353,0.9411764705882353,0.029411764705882353,0,0,2,7,normal,false,5,13,15,3115,300,405,0,true,false,false,0,0,3835,34,0,
1505,casual,3093,36,6,budget,0,71,true,4,420,85,110,0.08333333333333333,0.9166666666666666,0,0,0,4,27,normal,false,20,11,193,2720,180,0,0,false,false,true,0,0,3093,36,0,
1506,casual,2890,38,8,budget,0,79,false,4,495,74,93,0,0.9473684210526315,0.05263157894736842,0,0,4,7,normal,false,6,16,0,2530,360,0,0,false,false,true,0,0,2890,38,0,
1507,casual,7625,53,23,budget,1,100,false,3,1080,134,159,0,0.7735849056603774,0.11320754716981132,0.018867924528301886,0.09433962264150944,8,3,normal,false,4,29,0,3655,1480,90,2400,false,false,false,2250,5,5375,48,1,2
1508,casual,5145,47,17,budget,1,100,true,4,540,106,150,0.3404255319148936,0.3617021276595745,0.1702127659574468,0.02127659574468085,0.10638297872340426,9,3,crash,false,5,20,895,1940,780,90,1440,false,false,false,1410,5,3735,42,1,5
1509,casual,6181,46,16,budget,0,97,true,4,630,105,168,0.10869565217391304,0.717391304347826,0.10869565217391304,0.06521739130434782,0,8,3,crash,false,7,24,266,3160,1810,945,0,true,true,false,0,0,6181,46,0,
1510,casual,4817,38,8,budget,0,93,true,5,720,81,148,0.34210526315789475,0.5,0.13157894736842105,0.02631578947368421,0,7,2,normal,false,4,21,962,1470,2250,135,0,true,false,true,0,0,4817,38,0,
1511,casual,4435,30,0,budget,0,63,true,4,645,86,131,0.06666666666666667,0.9333333333333333,0,0,0,2,8,normal,false,5,14,180,4255,0,0,0,false,false,false,0,0,4435,30,0,
1512,casual,4944,30,0,budget,0,68,true,8,1596,73,150,0.5,0.5,0,0,0,4,9,normal,false,7,10,794,4150,0,0,0,false,false,true,0,0,4944,30,0,
1513,casual,4205,30,0,budget,0,64,true,4,745,83,135,0.1,0.9,0,0,0,1,12,normal,false,6,13,110,4095,0,0,0,false,false,true,0,0,4205,30,0,
1514,casual,8640,43,13,budget,1,100,true,6,3480,120,141,0.023255813953488372,0.813953488372093,0.046511627906976744,0,0.11627906976744186,4,26,normal,false,7,21,15,3245,580,480,4320,false,false,true,4750,5,3890,38,0,
1515,casual,4120,42,12,budget,0,90,true,5,480,82,134,0.40476190476190477,0.4523809523809524,0.11904761904761904,0.023809523809523808,0,7,2,normal,false,11,17,850,1170,1650,450,0,true,false,true,0,0,4120,42,0,
1516,casual,16159,65,35,budget,1,100,true,6,2040,173,283,0.13846153846153847,0.5846153846153846,0.16923076923076924,0.03076923076923077,0.07692307692307693,18,4,normal,false,5,29,599,6950,3240,2250,3120,false,false,true,1170,5,14989,60,1,4
1517,casual,7525,56,26,budget,0,96,true,5,720,119,189,0.05357142857142857,0.6964285714285714,0.16071428571428573,0.08928571428571429,0,13,9,normal,false,7,25,310,3975,1980,1260,0,true,true,true,0,0,7525,56,0,
1518,casual,3387,36,6,budget,0,80,true,5,795,79,124,0.4166666666666667,0.5833333333333334,0,0,0,9,1,normal,false,4,16,582,2385,420,0,0,false,false,false,0,0,3387,36,0,
1519,casual,7418,55,25,budget,1,100,true,4,720,105,168,0.05454545454545454,0.6181818181818182,0.18181818181818182,0.05454545454545454,0.09090909090909091,10,2,crash,false,6,24,53,3465,2100,360,1440,false,false,false,810,5,6608,50,1,2
1520,casual,2330,32,2,budget,0,73,true,3,360,60,94,0.25,0.71875,0.03125,0,0,2,2,normal,false,7,12,290,1920,120,0,0,false,false,true,0,0,2330,32,0,
1521,casual,5545,44,14,budget,0,88,false,4,565,110,133,0,0.8636363636363636,0.11363636363636363,0.022727272727272728,0,6,5,normal,false,6,15,0,3955,1050,540,0,false,false,false,0,0,5545,44,0,
1522,casual,3862,42,12,budget,0,95,true,3,420,84,121,0.23809523809523808,0.6428571428571429,0.09523809523809523,0.023809523809523808,0,9,1,normal,false,6,14,317,2120,660,765,0,true,true,true,0,0,3862,42,0,
1523,casual,6795,46,16,budget,0,99,true,5,1540,106,157,0.2391304347826087,0.5652173913043478,0.13043478260869565,0.06521739130434782,0,8,4,normal,false,11,19,460,2665,2950,720,0,true,true,true,0,0,6795,46,0,
1524,casual,3313,32,2,budget,0,82,true,4,730,81,112,0.21875,0.75,0.03125,0,0,4,12,normal,false,4,14,333,2560,420,0,0,false,false,true,0,0,3313,32,0,
1525,casual,2779,32,2,budget,0,83,true,3,330,68,100,0.3125,0.625,0.0625,0,0,4,2,normal,false,5,14,319,2130,330,0,0,false,false,true,0,0,2779,32,0,
1526,casual,3248,32,2,budget,0,79,true,5,700,68,112,0.125,0.84375,0.03125,0,0,3,5,crash,false,5,10,233,2775,240,0,0,false,false,true,0,0,3248,32,0,
1527,casual,3198,30,0,budget,0,65,true,5,695,67,106,0.1,0.9,0,0,0,2,10,normal,false,4,12,143,3055,0,0,0,false,false,false,0,0,3198,30,0,
1528,casual,17645,74,60,lock,2,100,false,4,1980,200,279,0,0.5,0.33783783783783783,0.02702702702702703,0.13513513513513514,22,2,normal,false,4,41,0,3900,6660,945,6140,false,true,true,6110,10,11535,64,2,6|3
1529,casual,3380,30,0,budget,0,64,false,5,1120,66,109,0,1,0,0,0,0,-1,normal,false,8,9,0,3380,0,0,0,false,false,true,0,0,3380,30,0,
1530,casual,8575,59,29,budget,1,100,true,5,680,154,191,0.01694915254237288,0.7627118644067796,0.1016949152542373,0.03389830508474576,0.0847457627118644,13,5,normal,false,4,27,15,5180,1110,630,1640,false,false,false,1610,5,6965,54,1,5
1531,casual,3316,36,6,budget,0,80,true,4,320,81,122,0.1388888888888889,0.8333333333333334,0.027777777777777776,0,0,7,2,normal,false,3,20,406,2490,420,0,0,false,false,false,0,0,3316,36,0,
1532,casual,2564,30,0,budget,0,55,true,3,365,58,98,0.16666666666666666,0.8333333333333334,0,0,0,0,-1,crash,false,13,5,159,2405,0,0,0,false,false,false,0,0,2564,30,0,
1533,casual,3810,34,4,budget,0,82,true,4,720,75,109,0,0.9411764705882353,0.058823529411764705,0,0,2,6,normal,false,6,11,60,3150,600,0,0,false,false,true,0,0,3810,34,0,
1534,casual,1258,26,0,lock,0,67,true,2,180,37,61,0.34615384615384615,0.6538461538461539,0,0,0,2,15,normal,false,9,5,213,1045,0,0,0,false,false,true,0,0,1258,26,0,
1535,casual,2949,30,0,budget,0,64,true,4,660,66,110,0.26666666666666666,0.7333333333333333,0,0,0,2,7,crash,false,5,14,249,2700,0,0,0,false,false,true,0,0,2949,30,0,
1536,casual,9171,42,12,budget,0,97,true,9,2795,130,197,0.07142857142857142,0.8571428571428571,0.023809523809523808,0.047619047619047616,0,6,5,normal,false,4,16,96,6465,2070,540,0,true,true,false,0,0,9171,42,0,
1537,casual,2636,30,0,budget,0,53,true,3,315,59,105,0.23333333333333334,0.7666666666666667,0,0,0,3,10,normal,false,4,9,191,2445,0,0,0,false,false,false,0,0,2636,30,0,
1538,casual,7258,41,11,budget,1,100,true,4,1980,91,128,0.07317073170731707,0.7073170731707317,0.07317073170731707,0.024390243902439025,0.12195121951219512,5,2,normal,false,8,17,113,2205,230,630,4080,false,true,false,3690,5,3568,36,1,4
1539,casual,8660,60,30,budget,2,100,true,5,1060,129,169,0.016666666666666666,0.6,0.18333333333333332,0.03333333333333333,0.16666666666666666,11,2,normal,false,12,22,15,2980,1420,465,3780,false,true,false,3150,10,5510,50,2,4|4
1540,casual,16656,54,24,budget,2,100,true,7,2990,155,241,0.37037037037037035,0.2962962962962963,0.14814814814814814,0,0.18518518518518517,6,1,crash,false,9,20,676,4160,1780,1620,8420,false,false,false,8540,10,8116,44,1,3
1541,casual,9580,58,28,budget,2,100,true,5,1200,116,162,0.034482758620689655,0.5517241379310345,0.1896551724137931,0.05172413793103448,0.1724137931034483,11,2,crash,false,5,25,20,2295,1890,495,4880,false,false,false,2960,10,6620,48,2,9|3
1542,casual,8670,47,17,budget,1,100,false,6,4020,94,122,0,0.7446808510638298,0.14893617021276595,0,0.10638297872340426,5,2,normal,false,6,21,0,2400,810,300,5160,false,false,true,5400,5,3270,42,1,3
1543,casual,5006,30,0,budget,0,52,true,5,1305,95,147,0.26666666666666666,0.7333333333333333,0,0,0,6,5,normal,false,3,16,616,4390,0,0,0,false,false,true,0,0,5006,30,0,
1544,casual,2428,30,0,budget,0,60,true,3,435,59,91,0.26666666666666666,0.7333333333333333,0,0,0,3,14,crash,false,4,9,178,2250,0,0,0,false,false,false,0,0,2428,30,0,
1545,casual,10532,65,35,budget,1,100,true,5,1655,166,227,0.1076923076923077,0.6153846153846154,0.15384615384615385,0.046153846153846156,0.07692307692307693,18,5,normal,false,10,32,222,4590,2510,2070,1140,false,false,true,1050,5,9482,60,1,5
1546,casual,4715,38,8,budget,0,95,false,4,1010,82,120,0,0.7894736842105263,0.18421052631578946,0.02631578947368421,0,3,1,normal,false,7,11,0,2730,1850,135,0,true,true,true,0,0,4715,38,0,
1547,casual,3570,32,2,budget,0,74,true,5,670,68,104,0.03125,0.96875,0,0,0,2,3,normal,false,8,11,15,3015,540,0,0,false,false,true,0,0,3570,32,0,
1548,casual,2756,30,0,budget,0,50,true,4,420,63,99,0.2,0.8,0,0,0,3,15,normal,false,7,9,291,2465,0,0,0,false,false,false,0,0,2756,30,0,
1549,casual,3755,38,8,budget,0,83,true,5,615,93,128,0.18421052631578946,0.6842105263157895,0.13157894736842105,0,0,9,2,normal,false,4,20,670,2245,840,0,0,false,false,true,0,0,3755,38,0,
1550,casual,2515,36,6,budget,0,81,true,3,360,69,96,0.25,0.7222222222222222,0.027777777777777776,0,0,6,4,normal,false,3,14,520,1905,90,0,0,false,false,true,0,0,2515,36,0,
1551,casual,8615,49,19,budget,1,100,true,4,2160,120,166,0.061224489795918366,0.7142857142857143,0.12244897959183673,0,0.10204081632653061,10,2,normal,false,9,20,90,3455,1140,450,3480,false,false,true,1560,5,7055,44,1,3
1552,casual,5220,40,10,budget,0,89,false,4,495,126,156,0,0.875,0.1,0.025,0,4,7,normal,false,10,14,0,4725,360,135,0,false,false,false,0,0,5220,40,0,
1553,casual,9775,38,8,budget,0,82,false,9,4170,130,196,0,0.9473684210526315,0.05263157894736842,0,0,4,1,normal,false,7,16,0,7075,2700,0,0,false,false,false,0,0,9775,38,0,
1554,casual,2096,30,0,budget,0,63,true,4,615,50,83,0.36666666666666664,0.6333333333333333,0,0,0,4,9,normal,false,4,8,506,1590,0,0,0,false,false,false,0,0,2096,30,0,
1555,casual,4745,44,14,budget,0,85,true,5,960,99,130,0,0.8636363636363636,0.13636363636363635,0,0,6,10,normal,false,9,18,30,3665,1050,0,0,false,false,true,0,0,4745,44,0,
1556,casual,1976,30,0,budget,0,65,true,3,255,61,77,0.23333333333333334,0.7666666666666667,0,0,0,3,11,normal,false,5,8,186,1790,0,0,0,false,false,false,0,0,1976,30,0,
1557,casual,7913,51,21,budget,1,100,true,4,930,124,172,0.2549019607843137,0.39215686274509803,0.17647058823529413,0.0784313725490196,0.09803921568627451,12,1,normal,false,6,22,503,2470,2060,1380,1500,false,true,true,1200,5,6713,46,1,10
1558,casual,2823,32,2,budget,0,71,true,4,595,66,100,0.3125,0.6875,0,0,0,3,10,normal,false,10,7,393,2430,0,0,0,false,false,true,0,0,2823,32,0,
1559,casual,3264,30,0,budget,0,50,true,4,540,56,123,0.4,0.6,0,0,0,2,4,normal,false,5,9,624,2640,0,0,0,false,false,false,0,0,3264,30,0,
1560,casual,2860,32,2,budget,0,76,true,4,495,65,90,0.03125,0.9375,0.03125,0,0,2,14,normal,false,6,9,15,2515,330,0,0,false,false,false,0,0,2860,32,0,
1561,casual,5022,30,0,budget,0,66,true,6,1135,92,145,0.23333333333333334,0.7666666666666667,0,0,0,3,20,normal,false,4,11,332,4690,0,0,0,false,false,true,0,0,5022,30,0,
1562,casual,3031,30,0,budget,0,56,true,4,355,65,95,0.1,0.9,0,0,0,1,10,normal,false,4,12,121,2910,0,0,0,false,false,true,0,0,3031,30,0,
1563,casual,5469,47,17,budget,1,100,true,4,600,99,134,0.14893617021276595,0.5106382978723404,0.1702127659574468,0.06382978723404255,0.10638297872340426,8,2,crash,false,6,20,324,2330,730,645,1440,false,true,true,1380,5,4089,42,1,10
1564,casual,4326,34,4,budget,0,73,true,4,580,104,138,0.11764705882352941,0.8529411764705882,0.029411764705882353,0,0,4,2,normal,false,4,19,251,3985,90,0,0,false,false,false,0,0,4326,34,0,
1565,casual,5450,42,12,budget,0,80,false,4,1020,93,138,0,0.9523809523809523,0.047619047619047616,0,0,6,3,normal,false,5,19,0,2940,2510,0,0,false,false,true,0,0,5450,42,0,
1566,casual,6648,32,2,budget,0,72,true,6,1013,109,184,0.0625,0.90625,0.03125,0,0,2,6,normal,false,5,15,278,6280,90,0,0,false,false,false,0,0,6648,32,0,
1567,casual,5040,38,8,budget,0,83,false,6,855,105,138,0,0.9210526315789473,0.07894736842105263,0,0,4,2,normal,false,4,19,0,4320,720,0,0,false,false,true,0,0,5040,38,0,
1568,casual,3381,30,0,budget,0,69,true,6,900,61,97,0.16666666666666666,0.8333333333333334,0,0,0,3,21,normal,false,8,11,201,3180,0,0,0,false,false,true,0,0,3381,30,0,
1569,casual,8715,41,11,budget,1,100,true,4,2710,103,136,0.024390243902439025,0.7317073170731707,0.0975609756097561,0.024390243902439025,0.12195121951219512,4,11,normal,false,11,18,95,2605,2120,675,3220,false,false,false,3370,5,5345,36,1,5
1570,casual,2690,32,2,budget,0,70,true,4,315,70,92,0.03125,0.96875,0,0,0,2,18,normal,false,2,16,25,2665,0,0,0,false,false,true,0,0,2690,32,0,
1571,casual,3175,32,2,budget,0,73,false,4,720,79,97,0,1,0,0,0,1,2,normal,false,11,8,0,2995,180,0,0,false,false,true,0,0,3175,32,0,
1572,casual,5195,46,16,budget,0,96,false,4,435,108,142,0,0.7391304347826086,0.2391304347826087,0.021739130434782608,0,7,4,normal,false,6,22,0,3920,1140,135,0,true,true,true,0,0,5195,46,0,
1573,casual,26700,107,77,budget,3,100,false,6,3540,261,344,0,0.411214953271028,0.38317757009345793,0.06542056074766354,0.14018691588785046,28,2,normal,false,16,44,0,4190,4930,7860,9720,false,true,false,9670,15,17030,92,3,11|3|4
1574,casual,2918,30,0,budget,0,54,true,3,570,59,117,0.4,0.6,0,0,0,3,20,crash,false,6,13,503,2415,0,0,0,false,false,true,0,0,2918,30,0,
1575,casual,3370,30,0,budget,0,53,true,4,375,70,109,0.03333333333333333,0.9666666666666667,0,0,0,1,17,normal,false,6,12,55,3315,0,0,0,false,false,false,0,0,3370,30,0,
1576,casual,6420,48,18,budget,0,97,true,4,480,121,170,0.08333333333333333,0.7291666666666666,0.14583333333333334,0.041666666666666664,0,10,7,normal,false,7,20,120,4485,1590,225,0,true,true,true,0,0,6420,48,0,
1577,casual,4577,30,0,budget,0,65,true,5,735,86,142,0.23333333333333334,0.7666666666666667,0,0,0,4,22,normal,false,4,12,432,4145,0,0,0,false,false,false,0,0,4577,30,0,
1578,casual,6992,42,12,budget,0,84,true,6,1920,114,180,0.16666666666666666,0.7619047619047619,0.07142857142857142,0,0,7,2,normal,false,5,16,522,3770,2700,0,0,false,false,false,0,0,6992,42,0,
1579,casual,11398,53,23,budget,1,100,true,5,2190,127,214,0.09433962264150944,0.6981132075471698,0.11320754716981132,0,0.09433962264150944,8,2,crash,false,7,27,338,3560,4560,180,2760,false,false,true,2460,5,8938,48,1,4
1580,casual,5630,40,10,budget,0,81,true,6,2070,92,130,0,0.95,0.05,0,0,5,4,normal,false,5,18,30,3290,2310,0,0,false,false,false,0,0,5630,40,0,
1581,casual,3673,30,0,budget,0,68,true,6,1035,68,134,0.3,0.7,0,0,0,1,27,normal,false,7,9,833,2840,0,0,0,false,false,false,0,0,3673,30,0,
1582,casual,2517,30,0,budget,0,67,true,4,585,54,98,0.3333333333333333,0.6666666666666666,0,0,0,2,13,normal,false,6,9,317,2200,0,0,0,false,false,true,0,0,2517,30,0,
1583,casual,12008,65,35,budget,3,100,true,4,1800,152,205,0.046153846153846156,0.5538461538461539,0.13846153846153847,0.03076923076923077,0.23076923076923078,13,2,normal,false,8,28,83,2805,1510,810,6800,false,true,false,5570,15,6438,50,2,4|3
1584,casual,7290,38,8,budget,0,84,false,6,1790,122,156,0,0.868421052631579,0.13157894736842105,0,0,4,2,normal,false,6,21,0,5340,1950,0,0,false,false,true,0,0,7290,38,0,
1585,casual,5995,44,30,lock,0,91,false,4,860,108,136,0,0.75,0.22727272727272727,0.022727272727272728,0,14,2,normal,false,4,25,0,2345,3380,270,0,true,false,false,0,0,5995,44,0,
1586,casual,12745,69,39,budget,1,100,false,5,1260,168,213,0,0.5942028985507246,0.2753623188405797,0.057971014492753624,0.07246376811594203,15,12,normal,false,8,34,0,3485,5340,1800,2120,false,true,false,2030,5,10715,64,1,2
1587,casual,2856,30,0,budget,0,64,true,5,550,61,101,0.23333333333333334,0.7666666666666667,0,0,0,3,10,normal,false,5,11,181,2675,0,0,0,false,false,false,0,0,2856,30,0,
1588,casual,8776,41,11,budget,1,100,true,7,1890,114,162,0.1951219512195122,0.6097560975609756,0.04878048780487805,0.024390243902439025,0.12195121951219512,6,2,normal,false,6,13,371,3685,2250,90,2380,false,false,true,1810,5,6966,36,1,2
1589,casual,8907,55,25,budget,1,100,true,4,1360,137,202,0.2,0.509090909090909,0.14545454545454545,0.05454545454545454,0.09090909090909091,17,2,crash,false,4,27,612,2945,3240,810,1300,false,true,false,1210,5,7697,50,1,3
1590,casual,6000,46,16,budget,0,93,true,4,1185,110,150,0.08695652173913043,0.7391304347826086,0.15217391304347827,0.021739130434782608,0,8,1,normal,false,8,16,90,3960,870,1080,0,true,false,false,0,0,6000,46,0,
1591,casual,7302,45,15,budget,1,100,true,4,1140,117,151,0.2,0.5555555555555556,0.1111111111111111,0.022222222222222223,0.1111111111111111,7,2,normal,false,6,18,312,2850,1770,90,2280,false,false,true,2130,5,5172,40,1,5
1592,casual,3715,32,2,budget,0,73,false,5,780,76,104,0,0.96875,0.03125,0,0,1,14,normal,false,4,15,0,3625,90,0,0,false,false,false,0,0,3715,32,0,
1593,casual,9935,49,19,budget,1,100,true,5,1615,138,185,0.02040816326530612,0.5918367346938775,0.22448979591836735,0.061224489795918366,0.10204081632653061,8,4,crash,false,6,22,45,3140,2340,2250,2160,false,true,false,1950,5,7985,44,1,6
1594,casual,7330,60,30,budget,0,96,false,4,750,135,165,0,0.6666666666666666,0.31666666666666665,0.016666666666666666,0,13,5,normal,false,7,27,0,3475,3180,675,0,true,true,false,0,0,7330,60,0,
1595,casual,1767,30,0,budget,0,55,true,3,255,46,98,0.5333333333333333,0.4666666666666667,0,0,0,3,16,normal,false,8,8,642,1125,0,0,0,false,false,true,0,0,1767,30,0,
1596,casual,10985,47,17,budget,1,100,false,5,2160,132,171,0,0.851063829787234,0.02127659574468085,0.02127659574468085,0.10638297872340426,4,6,normal,false,9,15,0,3770,1570,1305,4340,false,true,false,4910,5,6075,42,0,
1597,casual,7343,43,13,budget,1,100,true,4,1095,116,165,0.09302325581395349,0.6511627906976745,0.06976744186046512,0.06976744186046512,0.11627906976744186,7,10,normal,false,3,26,218,3460,210,1575,1880,false,true,false,1730,5,5613,38,1,6
1598,casual,3731,30,0,budget,0,62,true,5,660,78,116,0.13333333333333333,0.8666666666666667,0,0,0,2,16,normal,false,7,11,186,3545,0,0,0,false,false,false,0,0,3731,30,0,
1599,casual,12720,55,25,budget,1,100,false,9,2340,184,227,0,0.7454545454545455,0.14545454545454545,0.01818181818181818,0.09090909090909091,8,12,normal,false,5,23,0,8755,1410,975,1580,false,false,false,1260,5,11460,50,1,3
1600,casual,3133,30,0,budget,0,51,true,3,300,85,135,0.26666666666666666,0.7333333333333333,0,0,0,3,7,normal,false,4,14,628,2505,0,0,0,false,false,true,0,0,3133,30,0,
1601,casual,1934,30,0,budget,0,50,true,3,255,55,90,0.4,0.6,0,0,0,4,11,normal,false,3,12,434,1500,0,0,0,false,false,false,0,0,1934,30,0,
1602,casual,5290,36,6,budget,0,92,false,7,1320,85,120,0,0.8888888888888888,0.08333333333333333,0.027777777777777776,0,3,1,normal,false,5,13,0,4015,1140,135,0,true,false,false,0,0,5290,36,0,
1603,casual,3550,30,0,budget,0,64,true,5,1260,72,129,0.3333333333333333,0.6666666666666666,0,0,0,2,12,normal,false,9,11,625,2925,0,0,0,false,false,true,0,0,3550,30,0,
1604,casual,12816,80,50,budget,0,94,true,5,2400,178,243,0.025,0.6625,0.2375,0.075,0,24,5,normal,false,10,35,441,3785,4900,3690,0,true,false,false,0,0,12816,80,0,
1605,casual,1784,30,0,budget,0,62,true,3,340,41,91,0.5,0.5,0,0,0,2,18,normal,false,11,7,424,1360,0,0,0,false,false,true,0,0,1784,30,0,
1606,casual,3262,40,10,budget,0,78,true,5,333,75,117,0.125,0.75,0.125,0,0,6,2,crash,false,7,18,582,2230,450,0,0,false,false,false,0,0,3262,40,0,
1607,casual,7015,52,22,budget,0,94,true,5,1450,112,171,0.25,0.5192307692307693,0.21153846153846154,0.019230769230769232,0,11,5,normal,false,8,18,455,3005,2070,1485,0,true,false,false,0,0,7015,52,0,
1608,casual,3380,30,0,budget,0,66,true,3,375,76,119,0.06666666666666667,0.9333333333333333,0,0,0,2,4,normal,false,7,12,70,3310,0,0,0,false,false,true,0,0,3380,30,0,
1609,casual,3318,30,0,budget,0,66,true,4,420,75,107,0.1,0.9,0,0,0,1,17,normal,false,5,7,258,3060,0,0,0,false,false,true,0,0,3318,30,0,
1610,casual,4752,36,6,budget,0,84,true,4,570,101,151,0.25,0.6944444444444444,0.05555555555555555,0,0,6,2,normal,false,4,15,332,3490,930,0,0,false,false,false,0,0,4752,36,0,
1611,casual,2428,30,0,budget,0,50,true,3,465,63,98,0.3333333333333333,0.6666666666666666,0,0,0,3,4,normal,false,8,6,348,2080,0,0,0,false,false,false,0,0,2428,30,0,
1612,casual,3780,32,2,budget,0,73,true,4,345,77,125,0.03125,0.9375,0.03125,0,0,1,16,crash,false,5,13,60,3630,90,0,0,false,false,false,0,0,3780,32,0,
1613,casual,25558,64,34,budget,2,100,true,7,5405,166,257,0.0625,0.578125,0.15625,0.046875,0.15625,12,2,crash,false,11,28,158,2735,1390,9195,12080,false,true,false,12395,10,13163,54,2,2|4
1614,casual,2860,32,2,budget,0,80,true,3,315,69,106,0.125,0.84375,0.03125,0,0,2,16,normal,false,4,18,135,2635,90,0,0,false,false,true,0,0,2860,32,0,
1615,casual,28376,74,44,budget,4,100,true,5,3680,251,367,0.12162162162162163,0.44594594594594594,0.12162162162162163,0.04054054054054054,0.2702702702702703,15,11,crash,false,5,40,606,5355,3330,2265,16820,false,false,false,15135,20,13241,54,4,4|2|2|2
1616,casual,4023,30,0,budget,0,52,true,6,766,76,143,0.36666666666666664,0.6333333333333333,0,0,0,3,5,normal,false,4,12,1228,2795,0,0,0,false,false,false,0,0,4023,30,0,
1617,casual,3355,30,0,budget,0,69,true,4,560,67,100,0.03333333333333333,0.9666666666666667,0,0,0,1,17,normal,false,6,9,15,3340,0,0,0,false,false,false,0,0,3355,30,0,
1618,casual,3911,32,2,budget,0,70,true,5,1120,74,119,0.09375,0.90625,0,0,0,1,20,crash,false,5,8,136,3775,0,0,0,false,false,true,0,0,3911,32,0,
1619,casual,1956,32,2,budget,0,73,true,2,200,61,94,0.25,0.71875,0.03125,0,0,4,2,normal,false,6,13,311,1555,90,0,0,false,false,false,0,0,1956,32,0,
1620,casual,17943,81,51,budget,3,100,true,5,2250,212,281,0.06172839506172839,0.5432098765432098,0.16049382716049382,0.04938271604938271,0.18518518518518517,20,1,normal,false,5,38,113,4965,3340,4005,5520,false,true,false,7780,15,10163,66,3,2|6|5
1621,casual,3102,30,0,budget,0,62,true,4,510,69,122,0.4,0.6,0,0,0,2,14,normal,false,8,10,632,2470,0,0,0,false,false,false,0,0,3102,30,0,
1622,casual,4590,48,18,budget,0,85,true,3,345,98,151,0.1875,0.7291666666666666,0.08333333333333333,0,0,9,3,crash,false,10,24,380,3280,930,0,0,false,false,false,0,0,4590,48,0,
1623,casual,10190,55,25,budget,1,100,true,6,2470,142,200,0.03636363636363636,0.7090909090909091,0.12727272727272726,0.03636363636363636,0.09090909090909091,11,1,normal,false,10,26,110,4015,3680,1125,1260,false,false,true,1455,5,8735,50,1,3
1624,casual,3197,32,2,budget,0,75,true,4,435,68,107,0.21875,0.75,0.03125,0,0,1,6,crash,false,19,7,257,2850,90,0,0,false,false,false,0,0,3197,32,0,
1625,casual,4543,46,16,budget,0,90,true,4,480,100,136,0.043478260869565216,0.8478260869565217,0.08695652173913043,0.021739130434782608,0,9,14,normal,false,8,26,43,3285,1080,135,0,true,false,true,0,0,4543,46,0,
1626,casual,4200,34,4,budget,0,78,true,5,1175,82,117,0.029411764705882353,0.9411764705882353,0.029411764705882353,0,0,3,3,normal,false,7,13,15,3855,330,0,0,false,false,false,0,0,4200,34,0,
1627,casual,2525,30,0,budget,0,57,true,4,350,56,81,0.06666666666666667,0.9333333333333333,0,0,0,2,21,normal,false,6,9,80,2445,0,0,0,false,false,false,0,0,2525,30,0,
1628,casual,2850,30,0,budget,0,62,true,4,375,52,114,0.23333333333333334,0.7666666666666667,0,0,0,1,21,normal,false,4,12,355,2495,0,0,0,false,false,true,0,0,2850,30,0,
1629,casual,3375,38,8,budget,0,71,true,5,630,83,104,0.05263157894736842,0.9473684210526315,0,0,0,6,4,normal,false,6,15,135,3060,180,0,0,false,false,true,0,0,3375,38,0,
1630,casual,2770,30,0,budget,0,67,true,4,540,71,106,0.3333333333333333,0.6666666666666666,0,0,0,3,10,normal,false,7,13,515,2255,0,0,0,false,false,true,0,0,2770,30,0,
1631,casual,3188,32,2,budget,0,75,true,5,855,70,103,0.09375,0.875,0.03125,0,0,3,8,normal,false,7,15,128,2970,90,0,0,false,false,true,0,0,3188,32,0,
1632,casual,4121,30,0,budget,0,62,true,5,440,78,150,0.26666666666666666,0.7333333333333333,0,0,0,2,16,normal,false,5,10,821,3300,0,0,0,false,false,false,0,0,4121,30,0,
1633,casual,6845,54,24,budget,0,99,true,3,855,121,174,0.018518518518518517,0.7777777777777778,0.16666666666666666,0.037037037037037035,0,13,9,normal,false,8,27,15,3515,2010,1305,0,true,true,true,0,0,6845,54,0,
1634,casual,2065,19,4,lock,0,82,false,3,270,52,55,0,0.7894736842105263,0.21052631578947367,0,0,2,4,keto,false,8,5,0,1525,540,0,0,false,false,true,0,0,2065,19,0,
1635,casual,16245,76,46,budget,2,100,false,5,1500,218,266,0,0.6052631578947368,0.21052631578947367,0.05263157894736842,0.13157894736842105,18,4,normal,false,4,40,0,4295,5110,1740,5100,false,true,true,4630,10,11615,66,2,2|5
1636,casual,1035,16,0,lock,0,63,true,2,120,30,39,0,1,0,0,0,0,-1,normal,false,5,5,30,1005,0,0,0,false,false,false,0,0,1035,16,0,
1637,casual,4310,38,8,budget,0,83,false,3,460,95,125,0,0.8157894736842105,0.18421052631578946,0,0,4,2,normal,false,7,10,0,3290,1020,0,0,false,false,false,0,0,4310,38,0,
1638,casual,2632,32,2,budget,0,72,true,5,500,70,99,0.15625,0.8125,0.03125,0,0,2,21,normal,false,4,11,517,2025,90,0,0,false,false,true,0,0,2632,32,0,
1639,casual,4354,36,6,budget,0,95,true,4,525,81,131,0.1388888888888889,0.75,0.08333333333333333,0.027777777777777776,0,4,1,crash,false,8,14,89,3430,430,405,0,true,true,false,0,0,4354,36,0,
1640,casual,4011,30,0,budget,0,55,true,5,990,78,113,0.16666666666666666,0.8333333333333334,0,0,0,2,8,normal,false,6,12,191,3820,0,0,0,false,false,false,0,0,4011,30,0,
1641,casual,2815,34,4,budget,0,87,false,4,345,71,99,0,0.9117647058823529,0.08823529411764706,0,0,2,26,normal,false,5,13,0,2575,240,0,0,false,false,false,0,0,2815,34,0,
1642,casual,2070,30,0,budget,0,53,true,3,210,51,103,0.43333333333333335,0.5666666666666667,0,0,0,5,6,crash,false,3,13,660,1410,0,0,0,false,false,false,0,0,2070,30,0,
1643,casual,5035,38,8,budget,0,82,false,4,690,99,140,0,0.9473684210526315,0.05263157894736842,0,0,4,6,normal,false,6,15,0,3985,1050,0,0,false,false,false,0,0,5035,38,0,
1644,casual,2750,30,0,budget,0,66,true,4,435,66,88,0.06666666666666667,0.9333333333333333,0,0,0,2,15,normal,false,5,11,30,2720,0,0,0,false,false,false,0,0,2750,30,0,
1645,casual,4060,36,6,budget,0,86,false,4,1105,72,97,0,0.9444444444444444,0.05555555555555555,0,0,2,30,normal,false,12,11,0,2215,900,945,0,false,false,true,0,0,4060,36,0,
1646,casual,14820,52,22,budget,2,100,false,5,2430,173,208,0,0.6730769230769231,0.1346153846153846,0,0.19230769230769232,6,3,normal,false,5,21,0,4400,1980,1620,6820,false,false,true,8430,10,6390,42,2,2|2
1647,casual,10187,47,17,budget,1,100,true,4,1440,133,194,0.19148936170212766,0.5957446808510638,0.0851063829787234,0.02127659574468085,0.10638297872340426,10,7,normal,false,5,26,367,3980,1420,360,4060,false,false,false,3270,5,6917,42,1,4
1648,casual,10383,64,34,budget,0,94,true,4,1165,148,221,0.078125,0.671875,0.21875,0.03125,0,20,5,normal,false,4,34,133,4060,5380,810,0,true,false,false,0,0,10383,64,0,
1649,casual,3743,30,0,budget,0,66,true,4,660,77,115,0.06666666666666667,0.9333333333333333,0,0,0,2,14,normal,false,6,14,98,3645,0,0,0,false,false,true,0,0,3743,30,0,
1650,casual,4955,32,2,budget,0,74,true,5,535,91,135,0.0625,0.90625,0.03125,0,0,2,3,crash,false,3,13,75,4790,90,0,0,false,false,false,0,0,4955,32,0,
1651,casual,3135,30,0,budget,0,62,true,5,570,60,97,0.1,0.9,0,0,0,3,5,normal,false,10,7,135,3000,0,0,0,false,false,false,0,0,3135,30,0,
1652,casual,15966,67,37,budget,3,100,true,4,2640,171,228,0.1044776119402985,0.40298507462686567,0.208955223880597,0.05970149253731343,0.22388059701492538,13,2,crash,false,10,28,226,2210,2790,1680,9060,false,true,false,9520,15,6446,52,3,2|8|5
1653,casual,17035,64,34,budget,2,100,true,5,3740,181,249,0.015625,0.671875,0.109375,0.046875,0.15625,12,2,normal,false,8,29,75,4510,1950,540,9960,false,true,true,9210,10,7825,54,2,4|2
1654,casual,3353,30,0,budget,0,55,true,4,435,71,102,0.16666666666666666,0.8333333333333334,0,0,0,3,13,normal,false,8,13,238,3115,0,0,0,false,false,false,0,0,3353,30,0,
1655,casual,2704,38,8,budget,0,90,true,4,263,69,112,0.21052631578947367,0.6842105263157895,0.07894736842105263,0.02631578947368421,0,6,10,normal,false,5,17,529,1770,270,135,0,true,false,true,0,0,2704,38,0,
1656,casual,3085,30,0,budget,0,69,true,4,495,76,94,0.03333333333333333,0.9666666666666667,0,0,0,1,9,normal,false,5,13,25,3060,0,0,0,false,false,false,0,0,3085,30,0,
1657,casual,6425,42,12,budget,0,94,false,4,440,118,168,0,0.8809523809523809,0.11904761904761904,0,0,6,2,normal,false,9,17,0,4785,1100,540,0,true,false,true,0,0,6425,42,0,
1658,casual,4170,36,6,budget,0,93,true,3,635,86,115,0,0.9166666666666666,0.08333333333333333,0,0,2,2,normal,false,7,14,90,3205,470,405,0,true,false,true,0,0,4170,36,0,
1659,casual,16630,62,32,budget,2,100,false,5,2820,185,245,0,0.7096774193548387,0.0967741935483871,0.03225806451612903,0.16129032258064516,9,1,normal,false,5,30,0,5005,3210,1035,7380,false,false,true,6210,10,10420,52,1,4
1660,casual,7835,19,9,lock,1,100,false,6,4940,44,64,0,0.47368421052631576,0.21052631578947367,0.05263157894736842,0.2631578947368421,3,2,normal,false,9,9,0,555,270,90,6920,false,false,false,2070,5,5765,14,1,4
1661,casual,8805,48,18,budget,0,95,false,6,1155,156,196,0,0.8333333333333334,0.14583333333333334,0.020833333333333332,0,7,3,normal,false,3,24,0,7360,1310,135,0,true,true,false,0,0,8805,48,0,
1662,casual,6705,39,9,budget,1,100,true,4,1080,105,146,0.05128205128205128,0.717948717948718,0.07692307692307693,0.02564102564102564,0.1282051282051282,5,6,normal,false,6,15,60,3255,830,120,2440,false,false,false,2320,5,4385,34,1,3
1663,casual,2321,30,0,budget,0,50,true,4,325,68,109,0.36666666666666664,0.6333333333333333,0,0,0,5,4,normal,false,3,12,811,1510,0,0,0,false,false,false,0,0,2321,30,0,
1664,casual,7015,44,14,budget,0,82,true,6,1340,129,186,0.045454545454545456,0.8409090909090909,0.11363636363636363,0,0,8,5,crash,false,5,21,115,6050,850,0,0,false,false,false,0,0,7015,44,0,
1665,casual,5778,20,14,lock,0,94,true,6,2715,59,77,0.05,0.65,0.25,0.05,0,8,3,keto,false,5,9,83,1555,1710,2430,0,true,false,false,0,0,5778,20,0,
1666,casual,9900,77,47,budget,1,100,false,4,1200,187,224,0,0.6753246753246753,0.2077922077922078,0.05194805194805195,0.06493506493506493,21,1,normal,false,7,34,0,4235,3010,735,1920,false,true,false,2100,5,7800,72,1,5
1667,casual,8548,44,14,budget,0,93,true,6,1980,122,198,0.11363636363636363,0.7045454545454546,0.1590909090909091,0.022727272727272728,0,8,3,crash,false,5,24,243,5370,2800,135,0,true,false,false,0,0,8548,44,0,
1668,casual,6573,34,4,budget,0,92,true,8,2985,72,137,0.11764705882352941,0.7941176470588235,0.058823529411764705,0.029411764705882353,0,5,5,crash,false,6,18,523,2555,3360,135,0,true,false,true,0,0,6573,34,0,
1669,casual,5945,48,18,budget,0,92,true,4,735,122,164,0.020833333333333332,0.8333333333333334,0.125,0.020833333333333332,0,9,6,normal,false,5,23,15,4175,810,945,0,true,false,true,0,0,5945,48,0,
1670,casual,4721,30,0,budget,0,65,true,9,2340,76,115,0.43333333333333335,0.5666666666666667,0,0,0,5,9,normal,false,4,14,591,4130,0,0,0,false,false,false,0,0,4721,30,0,
1671,casual,5188,46,16,budget,0,94,true,4,390,117,154,0.043478260869565216,0.8043478260869565,0.13043478260869565,0.021739130434782608,0,10,3,normal,false,5,17,398,3605,1050,135,0,true,false,false,0,0,5188,46,0,
1672,casual,8153,40,10,budget,0,94,true,5,965,129,202,0.075,0.825,0.1,0,0,7,2,normal,false,5,20,128,5770,1580,675,0,true,false,false,0,0,8153,40,0,
1673,casual,1500,4,2,lock,0,74,false,4,930,15,24,0,0.75,0.25,0,0,1,2,normal,false,1,3,0,570,930,0,0,false,false,false,0,0,1500,4,0,
1674,casual,3353,30,0,budget,0,57,true,4,735,66,109,0.2,0.8,0,0,0,5,7,normal,false,3,13,128,3225,0,0,0,false,false,false,0,0,3353,30,0,
1675,casual,2429,30,0,budget,0,58,true,6,810,51,99,0.5666666666666667,0.43333333333333335,0,0,0,3,11,normal,false,12,8,529,1900,0,0,0,false,false,false,0,0,2429,30,0,
1676,casual,2693,32,2,budget,0,71,true,4,405,62,95,0.125,0.875,0,0,0,4,7,normal,false,3,13,158,2535,0,0,0,false,false,true,0,0,2693,32,0,
1677,casual,4085,38,8,budget,0,82,true,3,590,90,137,0.15789473684210525,0.7368421052631579,0.10526315789473684,0,0,5,1,normal,false,3,17,430,2785,870,0,0,false,false,false,0,0,4085,38,0,
1678,casual,2261,32,2,budget,0,75,true,3,270,69,86,0.125,0.84375,0.03125,0,0,2,3,normal,false,5,11,156,1925,180,0,0,false,false,false,0,0,2261,32,0,
1679,casual,45,1,0,lock,0,50,false,1,45,0,3,0,1,0,0,0,0,-1,normal,false,1,0,0,45,0,0,0,false,false,false,0,0,45,1,0,
1680,casual,3810,30,0,budget,0,65,true,8,1048,68,135,0.43333333333333335,0.5666666666666667,0,0,0,3,18,normal,false,5,11,1970,1840,0,0,0,false,false,false,0,0,3810,30,0,
1681,casual,8638,43,13,budget,1,100,true,6,1200,110,169,0.06976744186046512,0.7441860465116279,0.046511627906976744,0.023255813953488372,0.11627906976744186,5,6,normal,false,13,14,298,4005,1950,405,1980,false,false,false,2220,5,6418,38,0,
1682,casual,5668,32,2,budget,0,77,true,6,1030,90,143,0.15625,0.8125,0.03125,0,0,4,4,normal,false,5,12,463,5115,90,0,0,false,false,true,0,0,5668,32,0,
1683,casual,2217,30,0,budget,0,57,true,3,310,51,103,0.36666666666666664,0.6333333333333333,0,0,0,2,10,crash,false,6,11,492,1725,0,0,0,false,false,false,0,0,2217,30,0,
1684,casual,2556,30,0,budget,0,61,true,4,675,58,105,0.4666666666666667,0.5333333333333333,0,0,0,4,17,crash,false,5,12,566,1990,0,0,0,false,false,false,0,0,2556,30,0,
1685,casual,6428,48,18,budget,0,90,true,4,990,122,157,0.041666666666666664,0.7916666666666666,0.16666666666666666,0,0,9,4,normal,false,8,21,68,3710,1840,810,0,true,false,true,0,0,6428,48,0,
1686,casual,3620,30,0,budget,0,50,true,6,915,66,124,0.43333333333333335,0.5666666666666667,0,0,0,4,6,normal,false,4,14,915,2705,0,0,0,false,false,true,0,0,3620,30,0,
1687,casual,12851,49,19,budget,1,100,true,4,2140,154,202,0.10204081632653061,0.5306122448979592,0.22448979591836735,0.04081632653061224,0.10204081632653061,7,5,normal,false,7,18,136,3730,1990,855,6140,false,false,false,5100,5,7751,44,1,2
1688,casual,14921,62,32,budget,2,100,true,5,2400,154,233,0.0967741935483871,0.5,0.20967741935483872,0.03225806451612903,0.16129032258064516,11,2,crash,false,8,31,216,3110,3360,1035,7200,false,true,false,7080,10,7841,52,2,5|5
1689,casual,3499,32,2,budget,0,80,true,3,390,84,118,0.25,0.71875,0.03125,0,0,3,16,normal,false,6,13,294,3115,90,0,0,false,false,true,0,0,3499,32,0,
1690,casual,4753,30,0,budget,0,58,true,5,840,82,131,0.16666666666666666,0.8333333333333334,0,0,0,5,8,normal,false,4,10,288,4465,0,0,0,false,false,false,0,0,4753,30,0,
1691,casual,5141,45,15,budget,1,100,true,3,840,99,139,0.15555555555555556,0.6666666666666666,0.044444444444444446,0.022222222222222223,0.1111111111111111,7,2,crash,false,5,16,196,2875,180,90,1800,false,false,true,1770,5,3371,40,1,2
1692,casual,5796,38,8,budget,0,92,true,4,1160,101,159,0.2631578947368421,0.5789473684210527,0.15789473684210525,0,0,5,11,normal,false,4,19,421,2655,2180,540,0,true,false,false,0,0,5796,38,0,
1693,casual,4159,30,0,budget,0,63,true,5,980,78,120,0.16666666666666666,0.8333333333333334,0,0,0,1,29,normal,false,10,10,214,3945,0,0,0,false,false,false,0,0,4159,30,0,
1694,casual,2771,34,4,budget,0,72,true,3,270,68,101,0.14705882352941177,0.8235294117647058,0.029411764705882353,0,0,3,9,crash,false,7,12,91,2590,90,0,0,false,false,false,0,0,2771,34,0,
1695,casual,5608,42,12,budget,0,82,true,5,1395,90,138,0.07142857142857142,0.8333333333333334,0.09523809523809523,0,0,7,4,crash,false,5,20,38,3010,2560,0,0,false,false,false,0,0,5608,42,0,
1696,casual,1050,5,6,lock,0,84,false,3,530,18,19,0,0.6,0.4,0,0,3,2,keto,false,1,3,0,270,780,0,0,false,false,false,0,0,1050,5,0,
1697,casual,11303,43,13,budget,1,100,true,7,4800,114,148,0.13953488372093023,0.6744186046511628,0.06976744186046512,0,0.11627906976744186,6,1,normal,false,6,18,143,2880,360,180,7740,false,false,true,3180,5,8123,38,1,2
1698,casual,7635,51,21,budget,1,100,false,3,1350,113,152,0,0.7058823529411765,0.17647058823529413,0.0196078431372549,0.09803921568627451,8,3,normal,false,7,22,0,2995,1340,360,2940,false,false,false,2790,5,4845,46,1,7
1699,casual,4559,34,4,budget,0,81,true,4,700,100,144,0.20588235294117646,0.7647058823529411,0.029411764705882353,0,0,5,6,normal,false,5,16,494,3795,270,0,0,false,false,false,0,0,4559,34,0,
1700,casual,2930,32,2,budget,0,78,true,5,660,74,94,0.0625,0.9375,0,0,0,3,1,normal,false,5,11,120,2630,180,0,0,false,false,true,0,0,2930,32,0,
1701,casual,8640,53,23,budget,1,100,true,4,960,152,194,0.03773584905660377,0.7169811320754716,0.1320754716981132,0.018867924528301886,0.09433962264150944,10,2,normal,false,8,23,45,4700,1640,1035,1220,false,false,false,1940,5,6700,48,1,2
1702,casual,4119,34,4,budget,0,85,true,6,810,77,124,0.20588235294117646,0.6176470588235294,0.17647058823529413,0,0,3,3,crash,false,4,12,744,2145,1230,0,0,false,false,false,0,0,4119,34,0,
1703,casual,3139,30,0,budget,0,62,true,3,360,76,125,0.23333333333333334,0.7666666666666667,0,0,0,1,23,normal,false,7,10,664,2475,0,0,0,false,false,true,0,0,3139,30,0,
1704,casual,5060,46,16,budget,0,92,false,5,690,104,128,0,0.8260869565217391,0.15217391304347827,0.021739130434782608,0,7,5,normal,false,6,25,0,3215,1170,675,0,true,false,false,0,0,5060,46,0,
1705,casual,3782,42,12,budget,0,80,true,4,540,82,131,0.19047619047619047,0.7380952380952381,0.07142857142857142,0,0,7,1,normal,false,5,19,542,2280,960,0,0,false,false,false,0,0,3782,42,0,
1706,casual,3151,30,0,budget,0,64,true,6,458,78,119,0.13333333333333333,0.8666666666666667,0,0,0,2,16,normal,false,5,13,701,2450,0,0,0,false,false,false,0,0,3151,30,0,
1707,casual,9719,64,34,budget,0,97,true,4,1065,176,248,0.109375,0.671875,0.171875,0.046875,0,15,2,crash,false,6,29,239,5895,2100,1485,0,true,true,false,0,0,9719,64,0,
1708,casual,3285,30,0,budget,0,69,false,3,390,73,100,0,1,0,0,0,0,-1,normal,false,5,10,0,3285,0,0,0,false,false,false,0,0,3285,30,0,
1709,casual,4440,41,11,budget,1,100,true,4,495,82,117,0.07317073170731707,0.7073170731707317,0.07317073170731707,0.024390243902439025,0.12195121951219512,6,18,crash,false,8,20,320,2290,270,540,1020,false,true,false,990,5,3450,36,1,4
1710,casual,5454,51,21,budget,1,100,true,3,660,106,134,0.21568627450980393,0.49019607843137253,0.1568627450980392,0.0392156862745098,0.09803921568627451,14,2,normal,false,6,20,284,1955,1170,765,1280,false,true,false,1190,5,4264,46,1,4
1711,casual,2661,30,0,budget,0,53,true,5,720,65,94,0.26666666666666666,0.7333333333333333,0,0,0,4,6,normal,false,4,12,271,2390,0,0,0,false,false,true,0,0,2661,30,0,
1712,casual,4522,32,2,budget,0,77,true,6,870,80,130,0.21875,0.75,0.03125,0,0,5,8,normal,false,4,12,497,3935,90,0,0,false,false,false,0,0,4522,32,0,
1713,casual,5982,38,8,budget,0,90,true,4,1180,92,153,0.23684210526315788,0.6052631578947368,0.13157894736842105,0.02631578947368421,0,7,2,normal,false,13,14,317,2945,1730,990,0,true,false,true,0,0,5982,38,0,
1714,casual,3330,34,4,budget,0,80,true,4,525,80,102,0.029411764705882353,0.9411764705882353,0.029411764705882353,0,0,3,15,normal,false,5,12,15,2905,410,0,0,false,false,false,0,0,3330,34,0,
1715,casual,5494,40,10,budget,0,94,true,6,2280,92,124,0.175,0.675,0.125,0.025,0,7,11,normal,false,6,17,409,2385,1080,1620,0,true,false,false,0,0,5494,40,0,
1716,casual,4292,30,0,budget,0,56,true,7,840,79,147,0.26666666666666666,0.7333333333333333,0,0,0,4,6,crash,false,5,14,917,3375,0,0,0,false,false,false,0,0,4292,30,0,
1717,casual,9783,52,22,budget,0,96,true,6,1825,156,218,0.038461538461538464,0.7115384615384616,0.17307692307692307,0.07692307692307693,0,9,2,normal,false,3,24,148,6310,2740,585,0,true,true,false,0,0,9783,52,0,
1718,casual,11760,67,37,budget,1,100,false,4,1800,177,222,0,0.7014925373134329,0.208955223880597,0.014925373134328358,0.07462686567164178,16,9,normal,false,9,31,0,3485,3660,1935,2680,false,true,false,1960,5,9800,62,1,2
1719,casual,3220,32,2,budget,0,78,true,5,870,68,100,0.0625,0.90625,0.03125,0,0,3,1,normal,false,6,12,120,2920,180,0,0,false,false,true,0,0,3220,32,0,
1720,casual,2328,30,0,budget,0,63,true,4,480,49,127,0.6666666666666666,0.3333333333333333,0,0,0,2,11,normal,false,5,11,1098,1230,0,0,0,false,false,true,0,0,2328,30,0,
1721,casual,4068,32,2,budget,0,77,true,4,600,82,122,0.125,0.84375,0.03125,0,0,3,2,normal,false,3,16,183,3795,90,0,0,false,false,false,0,0,4068,32,0,
1722,casual,9742,66,36,budget,2,100,true,3,1360,151,184,0.12121212121212122,0.45454545454545453,0.21212121212121213,0.06060606060606061,0.15151515151515152,16,3,normal,false,7,31,247,2615,1810,810,4260,false,true,false,2350,10,7392,56,2,4|4
1723,casual,6205,30,0,budget,0,69,true,7,1390,109,153,0.1,0.9,0,0,0,1,16,normal,false,5,13,170,6035,0,0,0,false,false,false,0,0,6205,30,0,
1724,casual,4705,30,0,budget,0,65,false,5,795,86,126,0,1,0,0,0,0,-1,normal,false,6,13,0,4705,0,0,0,false,false,true,0,0,4705,30,0,
1725,casual,3046,30,0,budget,0,59,true,5,735,54,112,0.36666666666666664,0.6333333333333333,0,0,0,1,17,crash,false,9,7,396,2650,0,0,0,false,false,false,0,0,3046,30,0,
1726,casual,5618,38,8,budget,0,80,true,9,1553,90,132,0.05263157894736842,0.9210526315789473,0.02631578947368421,0,0,6,4,normal,false,6,17,338,4230,1050,0,0,false,false,true,0,0,5618,38,0,
1727,casual,7955,66,36,budget,0,94,false,4,1005,150,196,0,0.7727272727272727,0.18181818181818182,0.045454545454545456,0,16,3,normal,false,5,29,0,4310,1890,1755,0,true,false,false,0,0,7955,66,0,
1728,casual,2010,30,0,budget,0,63,false,3,290,55,77,0,1,0,0,0,0,-1,normal,false,11,7,0,2010,0,0,0,false,false,false,0,0,2010,30,0,
1729,casual,3313,34,4,budget,0,79,true,4,455,83,115,0.029411764705882353,0.9411764705882353,0.029411764705882353,0,0,2,15,normal,false,9,12,123,3010,180,0,0,false,false,true,0,0,3313,34,0,
1730,casual,1769,30,0,budget,0,53,true,2,150,53,85,0.36666666666666664,0.6333333333333333,0,0,0,4,11,crash,false,10,7,319,1450,0,0,0,false,false,true,0,0,1769,30,0,
1731,casual,2234,30,0,budget,0,56,true,4,378,58,95,0.3333333333333333,0.6666666666666666,0,0,0,4,8,normal,false,6,13,384,1850,0,0,0,false,false,false,0,0,2234,30,0,
1732,casual,5084,34,4,budget,0,73,true,4,780,105,153,0.14705882352941177,0.8235294117647058,0.029411764705882353,0,0,3,6,normal,false,5,14,524,3840,720,0,0,false,false,false,0,0,5084,34,0,
1733,casual,45,1,0,lock,0,50,false,1,45,0,3,0,1,0,0,0,0,-1,normal,false,1,0,0,45,0,0,0,false,false,false,0,0,45,1,0,
1734,casual,4571,36,6,budget,0,98,true,6,1245,84,114,0.1111111111111111,0.8055555555555556,0.05555555555555555,0.027777777777777776,0,4,2,normal,false,14,10,146,2880,960,585,0,true,true,false,0,0,4571,36,0,
1735,casual,5827,34,4,budget,0,71,true,6,1140,102,168,0.11764705882352941,0.8823529411764706,0,0,0,3,12,normal,false,6,15,272,5555,0,0,0,false,false,false,0,0,5827,34,0,
1736,casual,1568,15,0,lock,0,53,true,4,540,33,56,0.26666666666666666,0.7333333333333333,0,0,0,1,14,normal,false,7,5,83,1485,0,0,0,false,false,true,0,0,1568,15,0,
1737,casual,3471,32,2,budget,0,74,true,4,405,72,115,0.15625,0.8125,0.03125,0,0,5,1,normal,false,6,14,196,3185,90,0,0,false,false,true,0,0,3471,32,0,
1738,casual,1960,32,2,budget,0,70,true,2,250,54,82,0.03125,0.96875,0,0,0,2,17,normal,false,8,7,45,1915,0,0,0,false,false,false,0,0,1960,32,0,
1739,casual,2384,30,0,budget,0,64,true,3,300,55,99,0.23333333333333334,0.7666666666666667,0,0,0,2,23,crash,false,6,10,249,2135,0,0,0,false,false,false,0,0,2384,30,0,
1740,casual,4263,32,2,budget,0,71,true,5,660,88,124,0.0625,0.9375,0,0,0,3,4,normal,false,3,15,308,3955,0,0,0,false,false,false,0,0,4263,32,0,
1741,casual,3516,30,0,budget,0,52,true,4,775,73,120,0.23333333333333334,0.7666666666666667,0,0,0,3,24,normal,false,4,15,406,3110,0,0,0,false,false,true,0,0,3516,30,0,
1742,casual,7211,57,27,budget,1,100,true,5,735,120,167,0.07017543859649122,0.6491228070175439,0.15789473684210525,0.03508771929824561,0.08771929824561403,12,9,normal,false,5,29,111,3200,1960,720,1220,false,false,false,1280,5,5931,52,1,2
1743,casual,6834,42,12,budget,0,94,true,5,1245,119,188,0.14285714285714285,0.7619047619047619,0.07142857142857142,0.023809523809523808,0,9,1,normal,false,8,21,749,4240,1710,135,0,true,false,true,0,0,6834,42,0,
1744,casual,15385,84,54,budget,2,100,false,4,1275,218,275,0,0.6071428571428571,0.25,0.023809523809523808,0.11904761904761904,21,15,normal,false,9,46,0,5515,3660,2430,3780,false,false,false,3450,10,11935,74,2,3|2
1745,casual,5483,32,2,budget,0,72,true,7,1800,96,133,0.0625,0.90625,0.03125,0,0,3,5,normal,false,6,13,78,5315,90,0,0,false,false,true,0,0,5483,32,0,
1746,casual,3080,30,0,budget,0,63,true,4,545,77,106,0.06666666666666667,0.9333333333333333,0,0,0,2,20,normal,false,8,7,65,3015,0,0,0,false,false,false,0,0,3080,30,0,
1747,casual,1960,34,4,budget,0,71,false,4,390,63,73,0,1,0,0,0,2,14,normal,false,8,6,0,1960,0,0,0,false,false,false,0,0,1960,34,0,
1748,casual,3406,32,2,budget,0,70,true,4,370,76,133,0.34375,0.65625,0,0,0,4,1,normal,false,6,15,901,2325,180,0,0,false,false,false,0,0,3406,32,0,
1749,casual,3128,32,2,budget,0,74,true,3,360,70,130,0.4375,0.53125,0.03125,0,0,2,12,crash,false,12,10,693,2345,90,0,0,false,false,false,0,0,3128,32,0,
1750,casual,2310,26,0,lock,0,65,true,3,315,53,79,0.038461538461538464,0.9615384615384616,0,0,0,1,26,normal,false,4,11,15,2295,0,0,0,false,false,true,0,0,2310,26,0,
1751,casual,17988,79,49,budget,1,100,true,6,2830,205,305,0.0379746835443038,0.6455696202531646,0.25316455696202533,0,0.06329113924050633,22,2,normal,false,7,37,158,4665,7570,2355,3240,false,false,true,3540,5,14448,74,1,3
1752,casual,4571,41,11,budget,1,100,true,4,520,80,128,0.2926829268292683,0.4878048780487805,0.07317073170731707,0.024390243902439025,0.12195121951219512,6,5,normal,false,5,15,391,2430,540,90,1120,false,false,true,1030,5,3541,36,1,2
1753,casual,3325,30,0,budget,0,68,true,4,640,64,98,0.03333333333333333,0.9666666666666667,0,0,0,1,27,normal,false,6,11,15,3310,0,0,0,false,false,false,0,0,3325,30,0,
1754,casual,2770,30,0,budget,0,52,true,6,855,56,97,0.3,0.7,0,0,0,1,21,normal,false,9,12,265,2505,0,0,0,false,false,true,0,0,2770,30,0,
1755,casual,9180,61,31,budget,1,100,true,4,1220,146,198,0.01639344262295082,0.7377049180327869,0.13114754098360656,0.03278688524590164,0.08196721311475409,13,9,normal,false,7,32,110,3915,2910,225,2020,false,false,false,890,5,8290,56,1,5
1756,casual,5612,32,2,budget,0,82,true,7,1680,75,142,0.28125,0.6875,0.03125,0,0,4,2,normal,false,4,15,397,4405,810,0,0,false,false,true,0,0,5612,32,0,
1757,casual,7180,42,12,budget,0,93,false,7,1860,120,170,0,0.8809523809523809,0.07142857142857142,0.047619047619047616,0,6,1,normal,false,7,21,0,5595,1180,405,0,true,false,false,0,0,7180,42,0,
1758,casual,3669,30,0,budget,0,60,true,6,1390,67,113,0.23333333333333334,0.7666666666666667,0,0,0,3,22,normal,false,12,8,284,3385,0,0,0,false,false,true,0,0,3669,30,0,
1759,casual,4725,32,2,budget,0,70,true,5,740,94,145,0.15625,0.84375,0,0,0,2,7,normal,false,4,15,340,4385,0,0,0,false,false,false,0,0,4725,32,0,
1760,casual,11563,56,26,budget,2,100,true,6,2565,133,173,0.03571428571428571,0.5535714285714286,0.19642857142857142,0.03571428571428571,0.17857142857142858,11,4,normal,false,7,21,133,2500,1740,2610,4580,false,false,true,4160,10,7403,46,2,4|3
1761,casual,3701,34,4,budget,0,80,true,4,870,68,122,0.29411764705882354,0.6470588235294118,0.058823529411764705,0,0,3,10,crash,false,7,13,551,2010,1140,0,0,false,false,false,0,0,3701,34,0,
1762,casual,5191,38,8,budget,0,95,true,6,840,94,142,0.15789473684210525,0.7368421052631579,0.07894736842105263,0.02631578947368421,0,4,14,normal,false,5,19,271,4115,670,135,0,true,true,false,0,0,5191,38,0,
1763,casual,5838,48,18,budget,0,94,true,4,825,122,165,0.16666666666666666,0.6458333333333334,0.16666666666666666,0.020833333333333332,0,13,2,normal,false,3,29,388,3410,1140,900,0,true,false,false,0,0,5838,48,0,
1764,casual,3351,34,4,budget,0,86,true,4,735,67,100,0.14705882352941177,0.7647058823529411,0.08823529411764706,0,0,4,18,normal,false,4,11,446,1990,240,675,0,false,false,false,0,0,3351,34,0,
1765,casual,3020,32,2,budget,0,71,true,5,510,64,120,0.59375,0.40625,0,0,0,4,4,normal,false,7,11,875,2145,0,0,0,false,false,true,0,0,3020,32,0,
1766,casual,15640,56,26,budget,2,100,true,6,2770,169,228,0,0.6428571428571429,0.125,0.05357142857142857,0.17857142857142858,8,3,normal,false,8,23,30,5285,1990,3555,4780,false,true,false,5245,10,10395,46,2,2|5
1767,casual,2643,30,0,budget,0,59,true,4,435,69,90,0.16666666666666666,0.8333333333333334,0,0,0,3,8,normal,false,3,13,178,2465,0,0,0,false,false,false,0,0,2643,30,0,
1768,casual,9921,42,12,budget,0,99,true,7,2940,115,192,0.11904761904761904,0.6428571428571429,0.21428571428571427,0.023809523809523808,0,7,3,crash,false,7,19,181,4055,4920,765,0,true,true,false,0,0,9921,42,0,
1769,casual,2700,30,0,budget,0,64,true,3,270,63,103,0.13333333333333333,0.8666666666666667,0,0,0,4,7,normal,false,4,10,195,2505,0,0,0,false,false,false,0,0,2700,30,0,
1770,casual,11423,63,33,budget,3,100,true,5,1300,169,217,0.09523809523809523,0.5079365079365079,0.1111111111111111,0.047619047619047616,0.23809523809523808,15,2,normal,false,7,28,193,4540,1620,270,4800,false,false,false,4410,15,7013,48,3,3|4|3
1771,casual,4790,38,8,budget,0,99,true,3,780,85,137,0.10526315789473684,0.7894736842105263,0.02631578947368421,0.07894736842105263,0,7,3,normal,false,11,13,60,3245,990,495,0,true,true,false,0,0,4790,38,0,
1772,casual,5262,36,6,budget,0,85,true,6,1360,89,142,0.3888888888888889,0.5833333333333334,0.027777777777777776,0,0,6,2,normal,false,4,17,397,3515,1350,0,0,false,false,false,0,0,5262,36,0,
1773,casual,2872,30,0,budget,0,62,true,4,480,68,115,0.3,0.7,0,0,0,1,16,normal,false,4,11,442,2430,0,0,0,false,false,false,0,0,2872,30,0,
1774,casual,2637,30,0,budget,0,62,true,3,380,63,117,0.36666666666666664,0.6333333333333333,0,0,0,2,13,crash,false,5,11,722,1915,0,0,0,false,false,false,0,0,2637,30,0,
1775,casual,9823,47,17,budget,1,100,true,4,1940,127,169,0.06382978723404255,0.7021276595744681,0.0851063829787234,0.0425531914893617,0.10638297872340426,8,3,normal,false,6,22,168,3885,500,1350,3920,false,true,false,3760,5,6063,42,1,4
1776,casual,6130,34,4,budget,0,72,true,7,1170,89,155,0.058823529411764705,0.9117647058823529,0.029411764705882353,0,0,3,13,crash,false,3,16,90,4970,1070,0,0,false,false,false,0,0,6130,34,0,
1777,casual,2940,32,2,budget,0,71,true,3,400,65,104,0.1875,0.8125,0,0,0,4,7,crash,false,5,10,215,2455,270,0,0,false,false,false,0,0,2940,32,0,
1778,casual,3925,40,10,budget,0,84,false,3,420,88,115,0,0.85,0.15,0,0,5,2,normal,false,9,15,0,2915,1010,0,0,false,false,true,0,0,3925,40,0,
1779,casual,2995,34,4,budget,0,76,true,3,270,67,99,0.058823529411764705,0.8823529411764706,0.058823529411764705,0,0,3,2,crash,false,5,14,15,2560,420,0,0,false,false,false,0,0,2995,34,0,
1780,casual,4745,32,2,budget,0,70,true,6,751,84,159,0.3125,0.6875,0,0,0,3,9,normal,false,3,15,1075,3670,0,0,0,false,false,true,0,0,4745,32,0,
1781,casual,3256,32,2,budget,0,82,true,3,390,65,100,0.125,0.84375,0.03125,0,0,3,2,normal,false,10,9,96,2710,450,0,0,false,false,false,0,0,3256,32,0,
1782,casual,3240,30,0,budget,0,63,true,5,615,70,105,0.1,0.9,0,0,0,1,9,normal,false,4,13,85,3155,0,0,0,false,false,false,0,0,3240,30,0,
1783,casual,2238,30,0,budget,0,68,true,4,655,50,93,0.4,0.6,0,0,0,2,19,crash,false,9,5,313,1925,0,0,0,false,false,false,0,0,2238,30,0,
1784,casual,2799,30,0,budget,0,68,true,6,1050,56,95,0.23333333333333334,0.7666666666666667,0,0,0,1,24,crash,false,8,10,234,2565,0,0,0,false,false,false,0,0,2799,30,0,
1785,casual,2955,30,0,budget,0,68,true,4,730,75,127,0.4,0.6,0,0,0,1,29,normal,false,8,10,575,2380,0,0,0,false,false,false,0,0,2955,30,0,
1786,casual,5997,32,2,budget,0,76,true,7,1585,91,137,0.1875,0.8125,0,0,0,2,11,normal,false,6,14,197,5380,420,0,0,false,false,true,0,0,5997,32,0,
1787,casual,3240,32,2,budget,0,73,true,3,465,81,117,0.03125,0.9375,0.03125,0,0,2,8,normal,false,4,14,15,3135,90,0,0,false,false,true,0,0,3240,32,0,
1788,casual,4505,30,0,budget,0,66,true,4,860,91,137,0.03333333333333333,0.9666666666666667,0,0,0,0,-1,crash,false,6,10,75,4430,0,0,0,false,false,false,0,0,4505,30,0,
1789,casual,3522,34,4,budget,0,75,true,5,1170,59,103,0.17647058823529413,0.7941176470588235,0.029411764705882353,0,0,3,2,crash,false,6,14,242,2110,1170,0,0,false,false,false,0,0,3522,34,0,
1790,casual,7026,39,9,budget,1,100,true,6,1750,100,134,0.1794871794871795,0.6410256410256411,0.02564102564102564,0.02564102564102564,0.1282051282051282,8,2,normal,false,6,16,211,3655,90,90,2980,false,false,true,2890,5,4136,34,1,2
1791,casual,3332,30,0,budget,0,50,true,5,685,71,114,0.3,0.7,0,0,0,4,6,normal,false,6,10,422,2910,0,0,0,false,false,true,0,0,3332,30,0,
1792,casual,2366,30,0,budget,0,62,true,3,270,53,95,0.16666666666666666,0.8333333333333334,0,0,0,1,23,crash,false,6,10,206,2160,0,0,0,false,false,true,0,0,2366,30,0,
1793,casual,3194,34,4,budget,0,71,true,4,495,77,107,0.17647058823529413,0.8235294117647058,0,0,0,6,9,normal,false,4,16,274,2920,0,0,0,false,false,true,0,0,3194,34,0,
1794,casual,5355,34,4,budget,0,72,false,5,685,99,138,0,1,0,0,0,2,17,normal,false,6,14,0,4815,540,0,0,false,false,true,0,0,5355,34,0,
1795,casual,7878,57,27,budget,1,100,true,6,1425,133,175,0.05263157894736842,0.6666666666666666,0.15789473684210525,0.03508771929824561,0.08771929824561403,13,7,normal,false,4,29,68,4635,1800,495,880,false,false,false,790,5,7088,52,1,8
1796,casual,3048,32,2,budget,0,73,true,5,825,67,96,0.09375,0.875,0.03125,0,0,3,2,normal,false,10,11,163,2765,120,0,0,false,false,true,0,0,3048,32,0,
1797,casual,10045,31,18,lock,2,100,true,4,2500,88,131,0.03225806451612903,0.4838709677419355,0.12903225806451613,0.03225806451612903,0.3225806451612903,6,2,normal,false,3,16,15,1830,1770,90,6340,false,true,true,6250,10,3795,21,2,3|3
1798,casual,3372,30,0,budget,0,61,true,7,751,73,110,0.2,0.8,0,0,0,1,25,normal,false,7,11,997,2375,0,0,0,false,false,true,0,0,3372,30,0,
1799,casual,9175,48,18,budget,0,92,true,6,1080,150,206,0.0625,0.7708333333333334,0.14583333333333334,0.020833333333333332,0,11,2,normal,false,4,23,70,6690,2280,135,0,true,false,true,0,0,9175,48,0,
1800,casual,11857,64,34,budget,2,100,true,6,1240,202,269,0.125,0.515625,0.15625,0.046875,0.15625,16,7,normal,false,9,34,922,5320,3060,315,2240,false,true,false,2120,10,9737,54,2,3|3
1801,casual,21860,72,42,budget,2,100,true,6,2090,215,326,0.041666666666666664,0.5833333333333334,0.18055555555555555,0.05555555555555555,0.1388888888888889,17,15,crash,false,8,41,30,7605,5060,3645,5520,false,false,false,4380,10,17480,62,2,2|2
1802,casual,3688,42,12,budget,0,78,true,4,435,85,129,0.09523809523809523,0.8809523809523809,0.023809523809523808,0,0,7,4,crash,false,6,17,143,3005,540,0,0,false,false,false,0,0,3688,42,0,
1803,casual,3058,30,0,budget,0,65,true,5,728,56,101,0.13333333333333333,0.8666666666666667,0,0,0,3,10,crash,false,5,12,83,2975,0,0,0,false,false,false,0,0,3058,30,0,
1804,casual,7865,51,21,budget,1,100,true,4,1090,121,200,0.17647058823529413,0.5686274509803921,0.13725490196078433,0.0196078431372549,0.09803921568627451,10,2,crash,false,8,19,570,2585,2790,180,1740,false,false,false,1740,5,6125,46,1,3
1805,casual,3672,32,2,budget,0,71,true,5,795,66,125,0.34375,0.65625,0,0,0,3,4,crash,false,5,10,282,2790,600,0,0,false,false,false,0,0,3672,32,0,
1806,casual,3250,30,0,budget,0,56,true,5,820,67,113,0.16666666666666666,0.8333333333333334,0,0,0,2,9,crash,false,5,14,135,3115,0,0,0,false,false,false,0,0,3250,30,0,
1807,casual,3248,36,6,budget,0,76,true,3,295,83,138,0.3055555555555556,0.6111111111111112,0.08333333333333333,0,0,5,2,normal,false,4,17,753,2225,270,0,0,false,false,false,0,0,3248,36,0,
1808,casual,3070,36,6,budget,0,89,true,2,510,76,101,0.05555555555555555,0.8888888888888888,0.027777777777777776,0.027777777777777776,0,4,2,normal,false,8,15,145,2595,60,270,0,false,false,false,0,0,3070,36,0,
1809,casual,3579,30,0,budget,0,50,true,5,985,68,135,0.3333333333333333,0.6666666666666666,0,0,0,6,8,normal,false,5,12,419,3160,0,0,0,false,false,true,0,0,3579,30,0,
1810,casual,6446,30,0,budget,0,68,true,7,2240,80,152,0.3333333333333333,0.6666666666666666,0,0,0,5,12,normal,false,5,12,471,5975,0,0,0,false,false,true,0,0,6446,30,0,
1811,casual,1936,30,0,budget,0,53,true,3,240,48,88,0.26666666666666666,0.7333333333333333,0,0,0,3,6,normal,false,5,10,341,1595,0,0,0,false,false,false,0,0,1936,30,0,
1812,casual,9680,59,29,budget,1,100,false,4,1425,140,177,0,0.711864406779661,0.1864406779661017,0.01694915254237288,0.0847457627118644,11,5,normal,false,15,22,0,3620,2310,1470,2280,false,true,false,2240,5,7440,54,1,3
1813,casual,4198,36,6,budget,0,80,true,4,550,86,118,0.08333333333333333,0.8888888888888888,0.027777777777777776,0,0,5,11,normal,false,5,13,53,3875,270,0,0,false,false,true,0,0,4198,36,0,
1814,casual,1015,11,0,lock,0,58,true,3,285,17,38,0.18181818181818182,0.8181818181818182,0,0,0,1,8,crash,false,2,4,25,990,0,0,0,false,false,false,0,0,1015,11,0,
1815,casual,5580,40,10,budget,0,90,false,5,885,110,154,0,0.9,0.075,0.025,0,5,5,normal,false,4,23,0,4275,1080,225,0,true,false,true,0,0,5580,40,0,
1816,casual,3010,30,6,lock,0,99,true,3,285,60,84,0.03333333333333333,0.8,0.13333333333333333,0.03333333333333333,0,4,3,normal,false,7,8,15,1990,870,135,0,true,true,false,0,0,3010,30,0,
1817,casual,3451,30,0,budget,0,69,true,5,860,58,115,0.26666666666666666,0.7333333333333333,0,0,0,4,5,crash,false,3,14,236,3215,0,0,0,false,false,false,0,0,3451,30,0,
1818,casual,4160,30,0,budget,0,63,true,6,1185,75,110,0.03333333333333333,0.9666666666666667,0,0,0,1,15,normal,false,6,10,20,4140,0,0,0,false,false,false,0,0,4160,30,0,
1819,casual,3582,30,0,budget,0,55,true,4,480,81,130,0.26666666666666666,0.7333333333333333,0,0,0,3,21,normal,false,5,8,727,2855,0,0,0,false,false,false,0,0,3582,30,0,
1820,casual,3234,34,4,budget,0,81,true,4,435,69,112,0.29411764705882354,0.6764705882352942,0.029411764705882353,0,0,5,8,crash,false,6,16,489,2655,90,0,0,false,false,true,0,0,3234,34,0,
1821,casual,5685,30,0,budget,0,65,false,8,2985,81,134,0,1,0,0,0,0,-1,normal,false,7,8,0,5685,0,0,0,false,false,false,0,0,5685,30,0,
1822,casual,4515,40,10,budget,0,81,false,4,920,96,129,0,0.95,0.05,0,0,5,21,normal,false,6,17,0,3765,750,0,0,false,false,true,0,0,4515,40,0,
1823,casual,3252,30,0,budget,0,62,true,4,660,60,124,0.36666666666666664,0.6333333333333333,0,0,0,4,9,normal,false,4,10,457,2795,0,0,0,false,false,false,0,0,3252,30,0,
1824,casual,2940,30,0,budget,0,68,false,5,630,60,84,0,1,0,0,0,0,-1,normal,false,10,8,0,2940,0,0,0,false,false,true,0,0,2940,30,0,
1825,casual,7845,60,30,budget,2,100,true,6,970,136,166,0.016666666666666666,0.6833333333333333,0.11666666666666667,0.016666666666666666,0.16666666666666666,11,9,crash,false,4,35,0,4175,1320,450,1900,false,false,false,2170,10,5675,50,2,2|3
1826,casual,4568,30,0,budget,0,66,true,7,1515,87,139,0.16666666666666666,0.8333333333333334,0,0,0,1,21,normal,false,5,13,238,4330,0,0,0,false,false,false,0,0,4568,30,0,
1827,casual,3143,30,0,budget,0,50,true,5,1230,52,122,0.43333333333333335,0.5666666666666667,0,0,0,3,8,crash,false,9,8,368,2775,0,0,0,false,false,false,0,0,3143,30,0,
1828,casual,3283,36,6,budget,0,74,true,4,525,76,108,0.08333333333333333,0.8888888888888888,0.027777777777777776,0,0,4,1,crash,false,10,11,38,2975,270,0,0,false,false,false,0,0,3283,36,0,
1829,casual,3458,30,0,budget,0,69,true,5,660,69,107,0.1,0.9,0,0,0,1,6,crash,false,5,14,83,3375,0,0,0,false,false,false,0,0,3458,30,0,
1830,casual,2631,30,0,budget,0,68,true,3,395,62,104,0.3,0.7,0,0,0,4,6,crash,false,5,13,266,2365,0,0,0,false,false,false,0,0,2631,30,0,
1831,casual,510,12,0,lock,0,65,false,1,60,18,24,0,1,0,0,0,0,-1,normal,false,12,0,0,510,0,0,0,false,false,false,0,0,510,12,0,
1832,casual,2623,30,0,budget,0,56,true,4,660,62,87,0.13333333333333333,0.8666666666666667,0,0,0,3,12,normal,false,5,11,203,2420,0,0,0,false,false,false,0,0,2623,30,0,
1833,casual,14223,61,31,budget,1,100,true,5,2340,147,226,0.21311475409836064,0.4262295081967213,0.21311475409836064,0.06557377049180328,0.08196721311475409,13,2,crash,false,10,26,453,2120,4090,1980,5580,false,true,false,5220,5,9003,56,1,2
1834,casual,13225,58,28,budget,2,100,false,4,2080,177,192,0,0.6379310344827587,0.13793103448275862,0.05172413793103448,0.1724137931034483,9,13,normal,false,6,29,0,4335,1900,870,6120,false,true,true,6580,10,6645,48,2,6|3
1835,casual,3270,32,2,budget,0,73,false,3,370,79,105,0,1,0,0,0,1,2,normal,false,5,13,0,3090,180,0,0,false,false,true,0,0,3270,32,0,
1836,casual,14518,73,43,budget,3,100,true,4,1440,182,253,0.2191780821917808,0.3972602739726027,0.1643835616438356,0.0136986301369863,0.2054794520547945,15,11,crash,false,10,35,598,2640,4410,990,5880,false,false,false,6670,15,7848,58,2,2|6
1837,casual,8990,41,11,budget,1,100,false,6,2165,127,153,0,0.8048780487804879,0.04878048780487805,0.024390243902439025,0.12195121951219512,2,10,normal,false,7,13,0,4320,440,1650,2580,false,false,false,3905,5,5085,36,1,3
1838,casual,3564,42,12,budget,0,80,true,5,510,85,116,0.11904761904761904,0.8095238095238095,0.07142857142857142,0,0,8,9,normal,false,5,19,529,2315,720,0,0,false,false,false,0,0,3564,42,0,
1839,casual,5796,38,8,budget,0,86,true,7,1420,97,139,0.13157894736842105,0.8157894736842105,0.05263157894736842,0,0,4,11,normal,false,5,15,151,4615,1030,0,0,false,false,true,0,0,5796,38,0,
1840,casual,17152,63,33,budget,1,100,true,6,4440,174,259,0.14285714285714285,0.4603174603174603,0.19047619047619047,0.12698412698412698,0.07936507936507936,16,2,crash,false,9,31,1097,2875,3550,3870,5760,false,true,false,1800,5,15352,58,1,8
1841,casual,6334,44,14,budget,0,98,true,4,1350,112,152,0.13636363636363635,0.5909090909090909,0.18181818181818182,0.09090909090909091,0,7,3,normal,false,5,17,324,2875,1560,1575,0,true,true,true,0,0,6334,44,0,
1842,casual,17183,70,40,budget,2,100,true,10,3320,192,275,0.04285714285714286,0.5571428571428572,0.18571428571428572,0.07142857142857142,0.14285714285714285,15,2,normal,false,6,29,188,6900,3010,1305,5780,false,true,false,6090,10,11093,60,1,6
1843,casual,3048,30,0,budget,0,52,true,4,570,64,104,0.23333333333333334,0.7666666666666667,0,0,0,4,17,normal,false,6,14,318,2730,0,0,0,false,false,true,0,0,3048,30,0,
1844,casual,2824,30,0,budget,0,57,true,5,638,57,101,0.2,0.8,0,0,0,4,9,normal,false,5,14,294,2530,0,0,0,false,false,true,0,0,2824,30,0,
1845,casual,1845,18,4,lock,0,81,false,3,390,40,55,0,0.9444444444444444,0.05555555555555555,0,0,2,3,normal,false,6,5,0,1305,540,0,0,false,false,false,0,0,1845,18,0,
1846,casual,3805,27,2,lock,0,70,false,6,1815,69,95,0,1,0,0,0,1,1,normal,false,5,10,0,3805,0,0,0,false,false,false,0,0,3805,27,0,
1847,casual,7158,57,27,budget,1,100,true,4,615,106,183,0.2631578947368421,0.38596491228070173,0.22807017543859648,0.03508771929824561,0.08771929824561403,14,2,crash,false,8,27,903,2140,1880,495,1740,false,false,true,1590,5,5568,52,1,3
1848,casual,3553,30,0,budget,0,64,true,6,1295,64,102,0.13333333333333333,0.8666666666666667,0,0,0,1,29,crash,false,5,10,233,3320,0,0,0,false,false,false,0,0,3553,30,0,
1849,casual,10055,50,20,budget,0,94,true,4,2760,120,185,0.02,0.74,0.24,0,0,10,2,normal,false,7,21,15,3670,2590,3780,0,true,false,false,0,0,10055,50,0,
1850,casual,3880,36,6,budget,0,74,true,4,595,88,125,0.1111111111111111,0.8055555555555556,0.08333333333333333,0,0,6,2,normal,false,2,19,425,3185,270,0,0,false,false,false,0,0,3880,36,0,
1851,casual,2779,30,0,budget,0,62,true,4,293,68,108,0.2,0.8,0,0,0,4,10,normal,false,6,12,564,2215,0,0,0,false,false,false,0,0,2779,30,0,
1852,casual,2621,30,0,budget,0,50,true,4,525,56,102,0.6,0.4,0,0,0,2,17,normal,false,9,9,536,2085,0,0,0,false,false,true,0,0,2621,30,0,
1853,casual,2711,30,0,budget,0,65,true,3,300,61,101,0.2,0.8,0,0,0,0,-1,crash,false,6,9,106,2605,0,0,0,false,false,false,0,0,2711,30,0,
1854,casual,4730,36,6,budget,0,74,false,5,690,94,132,0,0.9444444444444444,0.05555555555555555,0,0,3,4,normal,false,5,15,0,3770,960,0,0,false,false,false,0,0,4730,36,0,
1855,casual,3830,30,0,budget,0,66,false,4,590,82,119,0,1,0,0,0,0,-1,normal,false,5,11,0,3830,0,0,0,false,false,false,0,0,3830,30,0,
1856,casual,3455,30,0,budget,0,64,true,5,890,76,108,0.1,0.9,0,0,0,2,9,normal,false,6,12,130,3325,0,0,0,false,false,false,0,0,3455,30,0,
1857,casual,2610,32,2,budget,0,70,false,3,390,71,85,0,1,0,0,0,1,8,normal,false,5,9,0,2610,0,0,0,false,false,false,0,0,2610,32,0,
1858,casual,4038,30,0,budget,0,69,true,6,715,86,123,0.1,0.9,0,0,0,1,18,normal,false,8,14,568,3470,0,0,0,false,false,true,0,0,4038,30,0,
1859,casual,2285,30,0,budget,0,69,false,3,375,63,82,0,1,0,0,0,0,-1,normal,false,12,9,0,2285,0,0,0,false,false,false,0,0,2285,30,0,
1860,casual,22485,36,31,lock,3,100,false,8,7920,114,161,0,0.25,0.19444444444444445,0.1388888888888889,0.4166666666666667,9,3,normal,false,4,20,0,490,2820,1935,17240,false,true,false,15240,15,7245,21,3,3|3|6
1861,casual,5816,41,11,budget,1,100,true,6,968,110,140,0.0975609756097561,0.6829268292682927,0.0975609756097561,0,0.12195121951219512,6,2,normal,false,6,12,286,4030,480,0,1020,false,false,false,900,5,4916,36,1,4
1862,casual,5138,34,4,budget,0,85,true,5,865,102,148,0.08823529411764706,0.8529411764705882,0.058823529411764705,0,0,4,3,normal,false,5,15,228,4460,180,270,0,false,false,true,0,0,5138,34,0,
1863,casual,3728,34,4,budget,0,70,true,4,780,83,115,0.058823529411764705,0.9411764705882353,0,0,0,3,4,normal,false,5,15,113,3615,0,0,0,false,false,true,0,0,3728,34,0,
1864,casual,4435,32,2,budget,0,78,false,6,1095,85,111,0,1,0,0,0,1,16,normal,false,3,17,0,4255,180,0,0,false,false,false,0,0,4435,32,0,
1865,casual,2993,30,0,budget,0,55,true,7,748,76,119,0.13333333333333333,0.8666666666666667,0,0,0,1,24,normal,false,4,9,838,2155,0,0,0,false,false,true,0,0,2993,30,0,
1866,casual,3218,30,0,budget,0,64,true,3,490,69,113,0.23333333333333334,0.7666666666666667,0,0,0,2,9,crash,false,5,13,208,3010,0,0,0,false,false,false,0,0,3218,30,0,
1867,casual,4370,40,10,budget,0,82,true,4,450,85,145,0.225,0.625,0.15,0,0,5,3,crash,false,9,17,415,2605,1350,0,0,false,false,false,0,0,4370,40,0,
1868,casual,17253,67,37,budget,1,100,true,8,9110,152,229,0.1791044776119403,0.47761194029850745,0.208955223880597,0.05970149253731343,0.07462686567164178,15,2,crash,false,5,27,313,3150,2490,2700,8600,false,false,false,10750,5,6503,62,0,
1869,casual,4206,30,0,budget,0,68,true,4,540,76,136,0.16666666666666666,0.8333333333333334,0,0,0,1,12,crash,false,5,15,441,3765,0,0,0,false,false,false,0,0,4206,30,0,
1870,casual,14650,58,36,lock,2,100,true,7,4100,143,198,0.017241379310344827,0.603448275862069,0.15517241379310345,0.05172413793103448,0.1724137931034483,10,8,crash,false,7,28,0,2995,3040,4755,3860,false,true,false,7750,10,6900,48,1,6
1871,casual,16901,66,36,budget,2,100,true,5,2370,198,271,0.09090909090909091,0.5454545454545454,0.15151515151515152,0.06060606060606061,0.15151515151515152,13,4,normal,false,6,30,211,6770,2960,2160,4800,false,true,false,4230,10,12671,56,2,3|3
1872,casual,3964,38,8,budget,0,74,true,4,670,75,133,0.21052631578947367,0.7368421052631579,0.05263157894736842,0,0,6,11,normal,false,6,18,294,2910,760,0,0,false,false,false,0,0,3964,38,0,
1873,casual,2471,30,0,budget,0,56,true,3,255,58,93,0.16666666666666666,0.8333333333333334,0,0,0,1,26,normal,false,5,10,246,2225,0,0,0,false,false,true,0,0,2471,30,0,
1874,casual,2657,30,0,budget,0,53,true,4,510,57,119,0.3333333333333333,0.6666666666666666,0,0,0,3,8,crash,false,5,12,612,2045,0,0,0,false,false,false,0,0,2657,30,0,
1875,casual,4189,30,0,budget,0,50,true,9,1022,80,140,0.4666666666666667,0.5333333333333333,0,0,0,4,5,crash,false,4,11,1454,2735,0,0,0,false,false,true,0,0,4189,30,0,
1876,casual,3936,32,2,budget,0,70,true,5,640,82,120,0.125,0.875,0,0,0,2,7,normal,false,6,8,156,3420,360,0,0,false,false,false,0,0,3936,32,0,
1877,casual,3338,32,2,budget,0,73,true,6,900,69,112,0.34375,0.625,0.03125,0,0,4,2,normal,false,8,13,563,2685,90,0,0,false,false,true,0,0,3338,32,0,
1878,casual,10845,57,38,lock,2,100,false,5,1470,130,148,0,0.47368421052631576,0.24561403508771928,0.10526315789473684,0.17543859649122806,15,6,deep,true,23,22,0,1480,3440,2925,3000,false,true,false,2940,10,7905,47,2,6|7
1879,casual,4415,32,2,budget,0,71,true,4,630,94,126,0.0625,0.9375,0,0,0,3,18,normal,false,5,15,30,4385,0,0,0,false,false,true,0,0,4415,32,0,
1880,casual,3390,9,6,lock,0,82,false,5,1450,30,55,0,0.6666666666666666,0.3333333333333333,0,0,3,1,normal,false,1,6,0,860,2530,0,0,false,false,false,0,0,3390,9,0,
1881,casual,6040,44,14,budget,0,87,false,4,465,131,166,0,0.8863636363636364,0.11363636363636363,0,0,6,10,normal,false,3,21,0,5380,660,0,0,false,false,false,0,0,6040,44,0,
1882,casual,5431,30,0,budget,0,58,true,7,1900,92,150,0.23333333333333334,0.7666666666666667,0,0,0,2,22,normal,false,6,8,366,5065,0,0,0,false,false,false,0,0,5431,30,0,
1883,casual,3005,30,0,budget,0,68,true,5,665,71,83,0,1,0,0,0,0,-1,normal,false,9,10,30,2975,0,0,0,false,false,false,0,0,3005,30,0,
1884,casual,2840,18,6,lock,0,81,false,4,805,56,70,0,0.8888888888888888,0.1111111111111111,0,0,3,2,normal,false,2,11,0,2630,210,0,0,false,false,false,0,0,2840,18,0,
1885,casual,3197,30,0,budget,0,65,true,5,690,80,107,0.23333333333333334,0.7666666666666667,0,0,0,2,15,normal,false,6,12,422,2775,0,0,0,false,false,true,0,0,3197,30,0,
1886,casual,4310,36,6,budget,0,80,true,5,570,75,147,0.3055555555555556,0.6388888888888888,0.05555555555555555,0,0,6,2,normal,false,6,17,510,3350,450,0,0,false,false,true,0,0,4310,36,0,
1887,casual,27595,100,70,budget,4,100,true,6,3240,274,373,0.02,0.49,0.22,0.07,0.2,28,1,crash,false,7,49,180,5335,8590,4590,8900,false,true,true,9440,20,18155,80,4,2|3|3|5
1888,casual,3626,34,4,budget,0,79,true,3,400,71,110,0.11764705882352941,0.8235294117647058,0.058823529411764705,0,0,3,8,crash,false,4,16,106,3310,210,0,0,false,false,false,0,0,3626,34,0,
1889,casual,3162,32,2,budget,0,70,true,5,470,86,135,0.28125,0.71875,0,0,0,2,6,normal,false,5,15,1057,2105,0,0,0,false,false,false,0,0,3162,32,0,
1890,casual,2378,30,0,budget,0,50,true,3,330,54,85,0.13333333333333333,0.8666666666666667,0,0,0,3,20,normal,false,9,10,158,2220,0,0,0,false,false,false,0,0,2378,30,0,
1891,casual,3526,34,4,budget,0,75,true,6,1055,77,105,0.08823529411764706,0.8529411764705882,0.058823529411764705,0,0,3,16,normal,false,5,11,151,3195,180,0,0,false,false,false,0,0,3526,34,0,
1892,casual,4060,28,8,lock,0,97,true,4,1165,47,98,0.35714285714285715,0.5,0.10714285714285714,0.03571428571428571,0,5,3,crash,false,11,9,280,1130,1480,1170,0,true,true,false,0,0,4060,28,0,
1893,casual,2603,30,0,budget,0,62,true,3,445,62,91,0.2,0.8,0,0,0,5,7,normal,false,7,11,163,2440,0,0,0,false,false,true,0,0,2603,30,0,
1894,casual,2948,30,0,budget,0,63,true,4,450,63,99,0.16666666666666666,0.8333333333333334,0,0,0,3,7,normal,false,8,12,188,2760,0,0,0,false,false,true,0,0,2948,30,0,
1895,casual,29485,125,95,budget,5,100,true,5,2460,315,396,0.024,0.488,0.24,0.048,0.2,36,2,normal,false,6,72,75,4885,7010,4455,13060,false,true,true,13740,25,15745,100,4,3|3|3|3
1896,casual,5270,30,0,budget,0,68,true,5,975,93,132,0.03333333333333333,0.9666666666666667,0,0,0,1,25,normal,false,5,9,15,5255,0,0,0,false,false,false,0,0,5270,30,0,
1897,casual,2886,30,0,budget,0,58,true,4,540,67,94,0.13333333333333333,0.8666666666666667,0,0,0,2,16,normal,false,6,10,121,2765,0,0,0,false,false,false,0,0,2886,30,0,
1898,casual,1863,30,0,budget,0,62,true,4,315,47,87,0.43333333333333335,0.5666666666666667,0,0,0,4,15,crash,false,8,10,603,1260,0,0,0,false,false,false,0,0,1863,30,0,
1899,casual,3557,30,0,budget,0,64,true,4,585,87,152,0.3,0.7,0,0,0,2,23,normal,false,8,10,737,2820,0,0,0,false,false,true,0,0,3557,30,0,
1900,casual,3586,32,2,budget,0,78,true,4,350,84,109,0.09375,0.84375,0.0625,0,0,4,9,normal,false,3,14,321,2735,530,0,0,false,false,false,0,0,3586,32,0,
1901,casual,1993,30,0,budget,0,64,true,3,260,54,80,0.1,0.9,0,0,0,3,16,normal,false,6,9,83,1910,0,0,0,false,false,false,0,0,1993,30,0,
1902,casual,2169,23,2,lock,0,84,true,3,450,42,76,0.30434782608695654,0.5652173913043478,0.13043478260869565,0,0,2,8,crash,false,8,7,159,1770,240,0,0,false,false,false,0,0,2169,23,0,
1903,casual,3638,32,2,budget,0,78,true,4,490,82,127,0.125,0.84375,0.03125,0,0,2,1,crash,false,8,10,188,3360,90,0,0,false,false,false,0,0,3638,32,0,
1904,casual,5635,38,8,budget,0,82,false,4,1050,103,140,0,0.9473684210526315,0.05263157894736842,0,0,4,2,normal,false,4,19,0,4255,1380,0,0,false,false,true,0,0,5635,38,0,
1905,casual,7574,54,24,budget,2,100,true,4,900,125,175,0.2962962962962963,0.37037037037037035,0.12962962962962962,0.018518518518518517,0.18518518518518517,11,1,normal,false,11,23,839,1955,1530,690,2560,false,false,true,2590,10,4984,44,2,5|2
1906,casual,7600,34,4,budget,0,80,true,6,3150,93,161,0.029411764705882353,0.9411764705882353,0.029411764705882353,0,0,3,9,normal,false,10,16,140,4250,3210,0,0,false,false,true,0,0,7600,34,0,
1907,casual,10105,48,18,budget,2,100,true,6,2240,126,157,0,0.6666666666666666,0.08333333333333333,0.041666666666666664,0.20833333333333334,4,5,normal,false,14,12,60,3480,440,1065,5060,false,false,false,3110,10,6995,38,2,2|2
1908,casual,2379,30,0,budget,0,63,true,3,315,65,98,0.2,0.8,0,0,0,3,17,normal,false,7,12,359,2020,0,0,0,false,false,true,0,0,2379,30,0,
1909,casual,3174,30,0,budget,0,68,true,5,835,65,105,0.2,0.8,0,0,0,3,14,crash,false,6,12,299,2875,0,0,0,false,false,false,0,0,3174,30,0,
1910,casual,7245,45,15,budget,1,100,true,4,1100,121,182,0.2,0.5555555555555556,0.1111111111111111,0.022222222222222223,0.1111111111111111,8,2,normal,false,6,23,910,3015,1340,360,1620,false,false,false,1110,5,6135,40,1,5
1911,casual,35645,108,78,budget,6,100,false,5,3420,341,393,0,0.37962962962962965,0.21296296296296297,0.12962962962962962,0.2777777777777778,26,1,keto,false,14,59,0,4250,4560,10035,16800,false,true,false,15990,30,19655,78,6,5|3|5|10|4|5
1912,casual,3023,30,0,budget,0,62,true,3,380,76,115,0.23333333333333334,0.7666666666666667,0,0,0,3,11,normal,false,3,13,433,2590,0,0,0,false,false,false,0,0,3023,30,0,
1913,casual,4755,34,4,budget,0,80,true,5,940,94,142,0.14705882352941177,0.8235294117647058,0.029411764705882353,0,0,5,20,normal,false,3,17,140,4495,120,0,0,false,false,true,0,0,4755,34,0,
1914,casual,170,3,4,lock,0,80,false,1,90,8,3,0,0.6666666666666666,0.3333333333333333,0,0,2,1,normal,false,0,3,0,80,90,0,0,false,false,true,0,0,170,3,0,
1915,casual,4080,30,0,budget,0,67,false,5,695,80,111,0,1,0,0,0,0,-1,normal,false,4,13,0,4080,0,0,0,false,false,false,0,0,4080,30,0,
1916,casual,16461,53,23,budget,1,100,true,6,5490,174,250,0.05660377358490566,0.7358490566037735,0.11320754716981132,0,0.09433962264150944,9,6,normal,false,8,23,426,5885,1750,720,7680,false,false,true,8350,5,8111,48,0,
1917,casual,13687,61,31,budget,1,100,true,7,3525,162,243,0.11475409836065574,0.5573770491803278,0.21311475409836064,0.03278688524590164,0.08196721311475409,13,6,normal,false,5,32,362,5960,1590,4455,1320,false,true,true,1320,5,12367,56,1,2
1918,casual,2775,30,0,budget,0,62,true,4,450,70,109,0.2,0.8,0,0,0,4,9,normal,false,6,13,245,2530,0,0,0,false,false,true,0,0,2775,30,0,
1919,casual,4028,30,0,budget,0,55,true,5,810,77,129,0.16666666666666666,0.8333333333333334,0,0,0,4,8,normal,false,7,14,343,3685,0,0,0,false,false,true,0,0,4028,30,0,
1920,casual,660,7,0,lock,0,62,true,2,165,9,26,0.14285714285714285,0.8571428571428571,0,0,0,0,-1,crash,false,7,0,0,660,0,0,0,false,false,false,0,0,660,7,0,
1921,casual,20421,75,45,budget,3,100,true,6,2805,211,278,0.05333333333333334,0.49333333333333335,0.2,0.05333333333333334,0.2,17,2,crash,false,5,37,206,4375,3060,2280,10500,false,true,false,10775,15,9646,60,3,7|7|3
1922,casual,3086,30,0,budget,0,62,true,5,795,63,114,0.3333333333333333,0.6666666666666666,0,0,0,5,6,crash,false,3,13,431,2655,0,0,0,false,false,false,0,0,3086,30,0,
1923,casual,7007,49,19,budget,1,100,true,4,1380,118,159,0.14285714285714285,0.6326530612244898,0.12244897959183673,0,0.10204081632653061,7,2,crash,false,9,24,512,2695,920,0,2880,false,false,true,3000,5,4007,44,0,
1924,casual,7668,43,13,budget,1,100,true,4,800,120,166,0.023255813953488372,0.627906976744186,0.23255813953488372,0,0.11627906976744186,6,5,normal,false,4,18,218,4160,1490,0,1800,false,false,false,1580,5,6088,38,1,4
1925,casual,2538,32,2,budget,0,73,true,3,240,63,113,0.25,0.71875,0.03125,0,0,2,2,crash,false,4,15,358,2090,90,0,0,false,false,false,0,0,2538,32,0,
1926,casual,7298,46,16,budget,0,86,true,4,870,109,170,0.06521739130434782,0.6739130434782609,0.2608695652173913,0,0,8,2,crash,false,9,16,233,3135,3930,0,0,false,false,false,0,0,7298,46,0,
1927,casual,3316,40,10,budget,0,89,true,3,270,76,109,0.075,0.75,0.15,0.025,0,6,2,normal,false,5,17,151,2360,670,135,0,false,false,true,0,0,3316,40,0,
1928,casual,2895,30,0,budget,0,55,true,4,535,67,104,0.03333333333333333,0.9666666666666667,0,0,0,1,15,normal,false,6,11,210,2685,0,0,0,false,false,false,0,0,2895,30,0,
1929,casual,4961,42,12,budget,0,80,true,6,870,109,151,0.14285714285714285,0.8095238095238095,0.047619047619047616,0,0,8,9,normal,false,6,22,391,3750,820,0,0,false,false,false,0,0,4961,42,0,
1930,casual,2414,30,0,budget,0,54,true,3,345,63,92,0.3,0.7,0,0,0,3,12,normal,false,6,10,479,1935,0,0,0,false,false,true,0,0,2414,30,0,
1931,casual,2988,32,2,budget,0,76,true,4,405,77,99,0.125,0.84375,0.03125,0,0,3,14,normal,false,8,13,293,2515,180,0,0,false,false,true,0,0,2988,32,0,
1932,casual,2765,30,0,budget,0,50,true,5,713,55,112,0.4,0.6,0,0,0,3,7,crash,false,4,11,370,2395,0,0,0,false,false,true,0,0,2765,30,0,
1933,casual,3133,30,0,budget,0,50,true,5,930,55,135,0.5666666666666667,0.43333333333333335,0,0,0,3,17,normal,false,8,10,958,2175,0,0,0,false,false,false,0,0,3133,30,0,
1934,casual,3900,32,2,budget,0,77,true,4,600,85,125,0.15625,0.8125,0.03125,0,0,4,4,normal,false,5,15,210,3600,90,0,0,false,false,false,0,0,3900,32,0,
1935,casual,9186,68,38,budget,0,86,true,4,780,159,240,0.07352941176470588,0.8382352941176471,0.08823529411764706,0,0,19,1,crash,false,7,31,296,4550,4340,0,0,false,false,false,0,0,9186,68,0,
1936,casual,12920,60,30,budget,0,94,true,8,4675,163,214,0.016666666666666666,0.7,0.21666666666666667,0.06666666666666667,0,12,14,normal,false,14,25,15,4455,3230,5220,0,true,false,false,0,0,12920,60,0,
1937,casual,3593,30,0,budget,0,62,true,5,725,73,123,0.23333333333333334,0.7666666666666667,0,0,0,6,7,normal,false,3,14,443,3150,0,0,0,false,false,false,0,0,3593,30,0,
1938,casual,3225,30,0,budget,0,63,true,4,405,66,104,0.1,0.9,0,0,0,2,9,crash,false,4,14,30,3195,0,0,0,false,false,false,0,0,3225,30,0,
1939,casual,4955,40,10,budget,0,97,true,3,480,116,139,0,0.85,0.125,0.025,0,5,6,normal,false,4,19,80,3090,1470,315,0,true,true,false,0,0,4955,40,0,
1940,casual,8977,47,17,budget,1,100,true,5,2520,120,178,0.19148936170212766,0.5319148936170213,0.1276595744680851,0.0425531914893617,0.10638297872340426,7,2,crash,false,8,20,522,2580,480,2055,3340,false,true,false,4840,5,4137,42,1,2
1941,casual,5068,40,10,budget,0,81,true,3,450,108,170,0.125,0.8,0.075,0,0,9,3,normal,false,5,17,93,4035,940,0,0,false,false,false,0,0,5068,40,0,
1942,casual,3375,30,0,budget,0,62,true,4,560,60,129,0.3333333333333333,0.6666666666666666,0,0,0,1,29,crash,false,6,12,455,2920,0,0,0,false,false,false,0,0,3375,30,0,
1943,casual,14725,74,44,budget,0,99,true,6,3140,197,301,0.0945945945945946,0.6351351351351351,0.17567567567567569,0.0945945945945946,0,19,5,crash,false,6,42,345,6050,2570,5760,0,true,true,true,0,0,14725,74,0,
1944,casual,5313,40,10,budget,0,95,true,5,1205,97,138,0.05,0.9,0.05,0,0,5,3,normal,false,5,20,408,3060,1170,675,0,true,true,true,0,0,5313,40,0,
1945,casual,3750,32,2,budget,0,70,true,5,675,73,113,0.09375,0.90625,0,0,0,3,9,normal,false,5,14,70,3230,450,0,0,false,false,false,0,0,3750,32,0,
1946,casual,8340,50,20,budget,0,98,true,5,1170,124,171,0,0.76,0.22,0.02,0,8,8,normal,false,10,23,60,3340,4400,540,0,true,true,true,0,0,8340,50,0,
1947,casual,11872,58,28,budget,2,100,true,5,1680,164,202,0.1206896551724138,0.5344827586206896,0.15517241379310345,0.017241379310344827,0.1724137931034483,9,2,normal,false,8,22,242,3805,1770,1395,4660,false,true,true,6600,10,5272,48,1,4
1948,casual,24879,109,79,budget,5,100,true,5,1500,296,367,0.06422018348623854,0.41284403669724773,0.22935779816513763,0.06422018348623854,0.22935779816513763,27,5,normal,false,8,57,604,4625,5360,2970,11320,false,true,false,11280,25,13599,84,5,4|2|5|4|5
1949,casual,3867,36,6,budget,0,87,true,4,570,84,118,0.16666666666666666,0.7777777777777778,0.05555555555555555,0,0,4,1,normal,false,5,12,152,3055,660,0,0,false,false,false,0,0,3867,36,0,
1950,casual,15719,66,36,budget,2,100,true,5,1600,173,272,0.07575757575757576,0.5151515151515151,0.22727272727272727,0.030303030303030304,0.15151515151515152,13,9,crash,false,6,35,614,4155,3840,4770,2340,false,true,false,3180,10,12539,56,2,3|3
1951,casual,3720,30,0,budget,0,61,true,4,615,81,113,0.06666666666666667,0.9333333333333333,0,0,0,2,15,normal,false,5,11,30,3690,0,0,0,false,false,false,0,0,3720,30,0,
1952,casual,2685,30,0,budget,0,62,true,4,405,51,116,0.4,0.6,0,0,0,3,6,crash,false,7,11,465,2220,0,0,0,false,false,false,0,0,2685,30,0,
1953,casual,3445,38,8,budget,0,79,true,3,330,80,113,0.02631578947368421,0.9210526315789473,0.05263157894736842,0,0,5,6,normal,false,7,16,80,2795,570,0,0,false,false,true,0,0,3445,38,0,
1954,casual,6441,48,18,budget,0,92,true,4,840,108,180,0.14583333333333334,0.75,0.0625,0.041666666666666664,0,12,2,normal,false,6,20,486,3345,2340,270,0,true,false,true,0,0,6441,48,0,
1955,casual,9375,41,11,budget,1,100,true,5,3720,102,159,0.1951219512195122,0.5853658536585366,0.0975609756097561,0,0.12195121951219512,9,1,normal,false,7,21,505,2330,510,270,5760,false,false,true,5220,5,4155,36,1,4
1956,casual,3689,32,2,budget,0,84,true,4,1320,70,113,0.1875,0.75,0.0625,0,0,3,1,normal,false,6,10,204,2075,1410,0,0,false,false,true,0,0,3689,32,0,
1957,casual,4587,36,6,budget,0,88,true,5,755,93,138,0.19444444444444445,0.6944444444444444,0.08333333333333333,0.027777777777777776,0,5,6,normal,false,5,17,452,3355,600,180,0,false,false,false,0,0,4587,36,0,
1958,casual,31246,98,68,budget,2,100,true,8,7240,300,418,0.01020408163265306,0.5408163265306123,0.2755102040816326,0.07142857142857142,0.10204081632653061,27,7,normal,false,4,53,501,6945,9560,3780,10460,false,true,false,8880,10,22366,88,2,3|4
1959,casual,3307,30,0,budget,0,54,true,5,855,75,110,0.36666666666666664,0.6333333333333333,0,0,0,6,12,normal,false,5,14,587,2720,0,0,0,false,false,true,0,0,3307,30,0,
1960,casual,2635,30,0,budget,0,63,true,3,300,66,93,0.03333333333333333,0.9666666666666667,0,0,0,1,30,normal,false,8,12,15,2620,0,0,0,false,false,true,0,0,2635,30,0,
1961,casual,3136,30,0,budget,0,50,true,4,390,64,110,0.23333333333333334,0.7666666666666667,0,0,0,4,3,normal,false,8,11,391,2745,0,0,0,false,false,true,0,0,3136,30,0,
1962,casual,4349,40,10,budget,0,80,true,5,1365,89,127,0.3,0.675,0.025,0,0,6,19,normal,false,11,15,409,2740,1200,0,0,false,false,false,0,0,4349,40,0,
1963,casual,2729,30,0,budget,0,64,true,4,315,57,97,0.13333333333333333,0.8666666666666667,0,0,0,1,13,normal,false,5,12,294,2435,0,0,0,false,false,true,0,0,2729,30,0,
1964,casual,3915,24,12,lock,0,81,false,5,1105,73,89,0,0.7916666666666666,0.20833333333333334,0,0,5,2,keto,false,3,12,0,2745,1170,0,0,false,false,true,0,0,3915,24,0,
1965,casual,4527,30,0,budget,0,50,true,5,930,82,153,0.3,0.7,0,0,0,3,13,crash,false,5,13,552,3975,0,0,0,false,false,false,0,0,4527,30,0,
1966,casual,1947,30,0,budget,0,57,true,3,245,51,99,0.36666666666666664,0.6333333333333333,0,0,0,4,16,normal,false,7,9,532,1415,0,0,0,false,false,true,0,0,1947,30,0,
1967,casual,3980,32,2,budget,0,77,true,4,1330,67,132,0.3125,0.6875,0,0,0,2,2,crash,false,4,9,295,2965,720,0,0,false,false,false,0,0,3980,32,0,
1968,casual,2885,36,6,budget,0,84,true,3,520,71,90,0,0.9722222222222222,0.027777777777777776,0,0,3,12,normal,false,11,12,30,2105,750,0,0,false,false,true,0,0,2885,36,0,
1969,casual,5666,38,8,budget,0,85,true,5,810,101,167,0.05263157894736842,0.868421052631579,0.07894736842105263,0,0,3,11,crash,false,4,20,406,4300,960,0,0,false,false,true,0,0,5666,38,0,
1970,casual,2978,30,0,budget,0,50,true,4,525,69,125,0.6333333333333333,0.36666666666666664,0,0,0,4,18,normal,false,7,11,893,2085,0,0,0,false,false,true,0,0,2978,30,0,
1971,casual,12302,67,37,budget,1,100,true,5,1530,145,219,0.13432835820895522,0.4925373134328358,0.2537313432835821,0.04477611940298507,0.07462686567164178,20,8,normal,false,7,36,287,3000,4440,2835,1740,false,true,true,1800,5,10502,62,1,2
1972,casual,1898,30,0,budget,0,52,true,4,405,49,87,0.5333333333333333,0.4666666666666667,0,0,0,6,9,normal,false,6,11,593,1305,0,0,0,false,false,true,0,0,1898,30,0,
1973,casual,2880,23,4,lock,0,89,true,4,520,53,80,0.043478260869565216,0.8695652173913043,0.043478260869565216,0.043478260869565216,0,1,5,crash,false,4,8,0,2475,270,135,0,false,false,false,0,0,2880,23,0,
1974,casual,3845,32,2,budget,0,71,true,5,1100,74,129,0.03125,0.96875,0,0,0,1,18,crash,false,6,15,0,3845,0,0,0,false,false,false,0,0,3845,32,0,
1975,casual,4320,30,0,budget,0,68,true,4,760,80,132,0.1,0.9,0,0,0,2,8,normal,false,5,13,150,4170,0,0,0,false,false,false,0,0,4320,30,0,
1976,casual,1170,7,8,lock,0,95,false,3,435,21,19,0,0.42857142857142855,0.42857142857142855,0.14285714285714285,0,4,2,normal,false,1,5,0,375,480,315,0,true,true,false,0,0,1170,7,0,
1977,casual,4034,38,8,budget,0,79,true,5,540,86,133,0.10526315789473684,0.8157894736842105,0.07894736842105263,0,0,5,5,crash,false,7,15,654,2360,1020,0,0,false,false,false,0,0,4034,38,0,
1978,casual,5930,41,11,budget,1,100,true,3,920,102,153,0.04878048780487805,0.7317073170731707,0.0975609756097561,0,0.12195121951219512,5,6,normal,false,12,15,375,2855,360,240,2100,false,false,true,2240,5,3690,36,1,2
1979,casual,16280,49,19,budget,1,100,true,7,5715,147,215,0.02040816326530612,0.7755102040816326,0.10204081632653061,0,0.10204081632653061,8,13,normal,false,3,22,55,4760,1050,2655,7760,false,false,false,10355,5,5925,44,1,2
1980,casual,5849,36,6,budget,0,94,true,4,1300,107,160,0.3055555555555556,0.5555555555555556,0.1111111111111111,0.027777777777777776,0,6,1,normal,false,5,13,509,3445,1040,855,0,true,false,false,0,0,5849,36,0,
1981,casual,7705,49,19,budget,1,100,true,4,1080,138,159,0.02040816326530612,0.7755102040816326,0.08163265306122448,0.02040816326530612,0.10204081632653061,6,8,normal,false,6,19,45,4105,630,405,2520,false,false,true,2580,5,5125,44,1,2
1982,casual,2860,32,2,budget,0,80,false,5,615,72,92,0,0.96875,0.03125,0,0,1,16,normal,false,6,12,0,2740,120,0,0,false,false,true,0,0,2860,32,0,
1983,casual,2119,25,0,lock,0,53,true,4,465,40,90,0.52,0.48,0,0,0,0,-1,crash,false,16,4,424,1695,0,0,0,false,false,false,0,0,2119,25,0,
1984,casual,7950,32,25,lock,1,100,false,5,2700,84,91,0,0.46875,0.28125,0.09375,0.15625,10,10,keto,false,3,21,0,1450,1130,630,4740,false,true,true,4500,5,3450,27,1,2
1985,casual,3518,30,0,budget,0,67,true,3,480,79,113,0.06666666666666667,0.9333333333333333,0,0,0,2,14,normal,false,3,16,113,3405,0,0,0,false,false,true,0,0,3518,30,0,
1986,casual,2507,30,0,budget,0,50,true,5,316,51,127,0.5666666666666667,0.43333333333333335,0,0,0,4,10,normal,false,5,13,907,1600,0,0,0,false,false,true,0,0,2507,30,0,
1987,casual,13889,79,49,budget,1,100,true,5,1755,208,283,0.0759493670886076,0.5443037974683544,0.22784810126582278,0.08860759493670886,0.06329113924050633,24,2,crash,false,5,40,444,4465,6580,1320,1080,false,true,true,1050,5,12839,74,1,4
1988,casual,3270,11,8,lock,0,88,false,4,1680,33,46,0,0.6363636363636364,0.2727272727272727,0.09090909090909091,0,3,1,normal,false,6,3,0,585,1020,1665,0,false,false,false,0,0,3270,11,0,
1989,casual,20208,94,64,budget,2,100,true,5,2355,238,324,0.10638297872340426,0.44680851063829785,0.2978723404255319,0.0425531914893617,0.10638297872340426,27,2,normal,false,6,48,678,3645,5250,4995,5640,false,true,false,4470,10,15738,84,1,4
1990,casual,2955,32,2,budget,0,75,true,5,725,61,105,0.28125,0.6875,0.03125,0,0,2,3,crash,false,7,13,175,2660,120,0,0,false,false,false,0,0,2955,32,0,
1991,casual,14734,57,27,budget,1,100,true,5,1920,146,261,0.2807017543859649,0.5087719298245614,0.08771929824561403,0.03508771929824561,0.08771929824561403,12,1,crash,false,6,26,879,4070,6080,225,3480,false,false,false,3450,5,11284,52,1,2
1992,casual,3165,36,6,budget,0,77,false,5,570,76,90,0,0.9444444444444444,0.05555555555555555,0,0,3,3,normal,false,15,9,0,2525,640,0,0,false,false,false,0,0,3165,36,0,
1993,casual,3204,32,2,budget,0,73,true,4,560,68,106,0.1875,0.78125,0.03125,0,0,5,2,normal,false,5,13,324,2790,90,0,0,false,false,true,0,0,3204,32,0,
1994,casual,3566,30,0,budget,0,55,true,6,1585,56,104,0.23333333333333334,0.7666666666666667,0,0,0,3,19,normal,false,5,12,211,3355,0,0,0,false,false,true,0,0,3566,30,0,
1995,casual,4826,50,20,budget,0,95,true,4,585,110,143,0.22,0.6,0.16,0.02,0,11,14,normal,false,5,28,541,2725,1020,540,0,true,true,true,0,0,4826,50,0,
1996,casual,2520,32,2,budget,0,75,true,4,510,65,82,0.03125,0.9375,0.03125,0,0,2,10,normal,false,8,9,45,2325,150,0,0,false,false,false,0,0,2520,32,0,
1997,casual,5225,39,9,budget,1,100,true,4,630,97,122,0.02564102564102564,0.717948717948718,0.1282051282051282,0,0.1282051282051282,4,5,normal,false,10,16,15,3290,840,0,1080,false,false,true,1590,5,3635,34,0,
1998,casual,3033,36,6,budget,0,80,true,3,390,81,127,0.5,0.4722222222222222,0.027777777777777776,0,0,5,4,normal,false,9,14,703,1700,630,0,0,false,false,true,0,0,3033,36,0,
1999,casual,2450,30,0,budget,0,54,true,3,345,60,111,0.5333333333333333,0.4666666666666667,0,0,0,4,7,crash,false,4,12,615,1835,0,0,0,false,false,false,0,0,2450,30,0,
2000,casual,2650,30,0,budget,0,63,true,3,270,74,96,0.13333333333333333,0.8666666666666667,0,0,0,3,6,normal,false,4,12,135,2515,0,0,0,false,false,false,0,0,2650,30,0,
