seed,bot,score,moves,movesEarned,endReason,frenzies,peakMeter,crashed,maxCombo,bestMovePts,proteinTiles,carbTiles,pctCrash,pctNormal,pctKeto,pctDeep,pctFrenzy,tierUpsSeen,firstTierUpMove,endState,endedWithin5OfFrenzy,longestDryGap,rewardEvents,ptsCrash,ptsNormal,ptsKeto,ptsDeep,ptsFrenzy,nearMissNoFrenzy,fellBackWithoutFrenzy,lastMoveWasReward,ptsInFrenzy,movesInFrenzy,ptsOutside,movesOutside,climbCount,climbLengths
1,random,13551,65,35,budget,1,100,true,5,3440,164,219,0.046153846153846156,0.5692307692307692,0.24615384615384617,0.06153846153846154,0.07692307692307693,14,15,normal,false,7,37,446,3385,3610,990,5120,false,false,false,5120,5,8431,60,1,3
2,random,90,2,0,lock,0,50,false,1,45,0,6,0,1,0,0,0,0,-1,normal,false,2,0,0,90,0,0,0,false,false,false,0,0,90,2,0,
3,random,2299,30,0,budget,0,67,true,3,255,59,97,0.4,0.6,0,0,0,1,16,normal,false,5,10,544,1755,0,0,0,false,false,false,0,0,2299,30,0,
4,random,2084,30,0,budget,0,50,true,4,570,50,98,0.6,0.4,0,0,0,3,12,crash,false,8,7,599,1485,0,0,0,false,false,false,0,0,2084,30,0,
5,random,1825,30,0,budget,0,69,false,3,255,57,70,0,1,0,0,0,0,-1,normal,false,11,5,0,1825,0,0,0,false,false,false,0,0,1825,30,0,
6,random,5525,38,8,budget,0,91,true,6,2115,102,142,0.07894736842105263,0.7894736842105263,0.10526315789473684,0.02631578947368421,0,6,3,crash,false,11,13,40,5020,330,135,0,true,false,false,0,0,5525,38,0,
7,random,5552,30,0,budget,0,63,true,9,2275,77,153,0.26666666666666666,0.7333333333333333,0,0,0,3,14,crash,false,5,15,1022,4530,0,0,0,false,false,true,0,0,5552,30,0,
8,random,1820,24,0,lock,0,65,false,3,300,47,60,0,1,0,0,0,0,-1,normal,false,4,7,0,1820,0,0,0,false,false,false,0,0,1820,24,0,
9,random,3137,30,0,budget,0,50,true,6,1155,61,124,0.5666666666666667,0.43333333333333335,0,0,0,5,6,crash,false,5,13,1187,1950,0,0,0,false,false,false,0,0,3137,30,0,
10,random,3128,34,4,budget,0,73,true,4,318,74,107,0.11764705882352941,0.8529411764705882,0.029411764705882353,0,0,5,2,normal,false,4,16,453,2405,270,0,0,false,false,false,0,0,3128,34,0,
11,random,3118,30,0,budget,0,50,true,4,465,65,107,0.2,0.8,0,0,0,4,5,normal,false,4,11,243,2875,0,0,0,false,false,false,0,0,3118,30,0,
12,random,10863,61,31,budget,1,100,true,4,1095,146,196,0.13114754098360656,0.45901639344262296,0.26229508196721313,0.06557377049180328,0.08196721311475409,15,6,crash,false,5,30,218,3025,3010,1710,2900,false,true,true,2960,5,7903,56,1,3
13,random,8885,49,19,budget,1,100,true,4,2700,113,135,0.02040816326530612,0.7142857142857143,0.12244897959183673,0.04081632653061224,0.10204081632653061,7,2,normal,false,14,13,60,2510,1860,555,3900,false,true,false,3720,5,5165,44,1,3
14,random,3366,30,0,budget,0,68,true,5,915,61,110,0.16666666666666666,0.8333333333333334,0,0,0,1,26,normal,false,7,8,431,2935,0,0,0,false,false,false,0,0,3366,30,0,
15,random,11371,78,48,budget,0,94,true,3,1340,165,260,0.20512820512820512,0.47435897435897434,0.2692307692307692,0.05128205128205128,0,24,2,crash,false,10,36,601,3175,4850,2745,0,true,false,false,0,0,11371,78,0,
16,random,2743,32,2,budget,0,70,true,5,780,59,89,0.15625,0.84375,0,0,0,4,9,normal,false,6,10,128,2615,0,0,0,false,false,false,0,0,2743,32,0,
17,random,5375,52,22,budget,0,92,false,3,560,115,141,0,0.7884615384615384,0.15384615384615385,0.057692307692307696,0,8,27,normal,false,8,24,0,3300,1670,405,0,true,false,false,0,0,5375,52,0,
18,random,4118,32,2,budget,0,71,true,5,705,84,128,0.125,0.875,0,0,0,3,7,normal,false,6,11,653,3465,0,0,0,false,false,true,0,0,4118,32,0,
19,random,2453,30,0,budget,0,67,true,4,465,60,89,0.16666666666666666,0.8333333333333334,0,0,0,3,21,normal,false,6,11,218,2235,0,0,0,false,false,true,0,0,2453,30,0,
20,random,10182,57,27,budget,1,100,true,4,975,129,212,0.15789473684210525,0.6666666666666666,0.07017543859649122,0.017543859649122806,0.08771929824561403,11,2,crash,false,7,24,317,3760,1350,1935,2820,false,true,false,2730,5,7452,52,1,3
21,random,2303,40,10,budget,0,94,true,2,165,59,86,0.15,0.7,0.125,0.025,0,8,10,crash,false,6,15,103,1555,510,135,0,true,false,false,0,0,2303,40,0,
22,random,11180,47,17,budget,1,100,true,4,3060,128,174,0.0851063829787234,0.7021276595744681,0.0851063829787234,0.02127659574468085,0.10638297872340426,7,2,normal,false,5,18,250,3500,590,1980,4860,false,true,false,5610,5,5570,42,1,5
23,random,2911,30,0,budget,0,53,true,5,645,56,94,0.2,0.8,0,0,0,2,11,crash,false,6,11,241,2670,0,0,0,false,false,false,0,0,2911,30,0,
24,random,1855,30,0,budget,0,52,true,3,285,46,91,0.3,0.7,0,0,0,1,15,crash,false,10,7,440,1415,0,0,0,false,false,false,0,0,1855,30,0,
25,random,3875,16,13,lock,1,100,false,4,1780,54,37,0,0.5625,0.1875,0,0.25,3,3,frenzy,false,6,8,0,715,240,1080,1840,false,false,true,2980,4,895,12,1,3
26,random,2090,30,0,budget,0,50,true,3,290,49,104,0.36666666666666664,0.6333333333333333,0,0,0,3,9,crash,false,10,9,385,1705,0,0,0,false,false,false,0,0,2090,30,0,
27,random,20630,87,57,budget,5,100,false,6,3120,227,242,0,0.42528735632183906,0.25287356321839083,0.034482758620689655,0.28735632183908044,16,2,normal,false,7,35,0,3000,2910,3900,10820,false,false,false,13150,25,7480,62,5,3|6|3|3|3
28,random,2679,30,0,budget,0,60,true,3,405,66,96,0.23333333333333334,0.7666666666666667,0,0,0,2,18,normal,false,4,13,284,2395,0,0,0,false,false,true,0,0,2679,30,0,
29,random,3460,17,22,lock,0,93,false,4,870,41,51,0,0.47058823529411764,0.5294117647058824,0,0,10,1,keto,false,2,10,0,430,1950,1080,0,true,false,true,0,0,3460,17,0,
30,random,4470,30,0,budget,0,62,true,5,715,87,133,0.06666666666666667,0.9333333333333333,0,0,0,2,25,normal,false,4,17,330,4140,0,0,0,false,false,true,0,0,4470,30,0,
31,random,2745,30,0,budget,0,50,true,3,690,60,111,0.4,0.6,0,0,0,3,7,normal,false,8,10,460,2285,0,0,0,false,false,false,0,0,2745,30,0,
32,random,4323,32,2,budget,0,71,true,5,875,85,124,0.03125,0.96875,0,0,0,2,13,normal,false,4,13,268,4055,0,0,0,false,false,false,0,0,4323,32,0,
33,random,3253,30,0,budget,0,62,true,4,435,61,110,0.2,0.8,0,0,0,4,6,normal,false,3,11,173,3080,0,0,0,false,false,false,0,0,3253,30,0,
34,random,13420,74,44,budget,2,100,true,4,2220,157,231,0.12162162162162163,0.5,0.20270270270270271,0.04054054054054054,0.13513513513513514,16,3,crash,false,6,32,235,3555,2980,1350,5300,false,false,false,5390,10,8030,64,2,2|3
35,random,2625,21,0,lock,0,67,false,5,720,56,75,0,1,0,0,0,0,-1,normal,false,18,3,0,2625,0,0,0,false,false,false,0,0,2625,21,0,
36,random,4060,38,8,budget,0,90,true,4,660,65,113,0.18421052631578946,0.7631578947368421,0.02631578947368421,0.02631578947368421,0,9,2,normal,false,7,15,120,2665,1140,135,0,true,false,false,0,0,4060,38,0,
37,random,4665,34,4,budget,0,78,false,5,630,90,125,0,0.9411764705882353,0.058823529411764705,0,0,2,19,normal,false,4,18,0,4485,180,0,0,false,false,true,0,0,4665,34,0,
38,random,1745,30,0,budget,0,50,true,4,210,41,107,0.6666666666666666,0.3333333333333333,0,0,0,1,11,crash,false,7,6,1085,660,0,0,0,false,false,false,0,0,1745,30,0,
39,random,3385,30,0,budget,0,53,true,4,450,60,111,0.06666666666666667,0.9333333333333333,0,0,0,2,13,normal,false,4,12,90,3295,0,0,0,false,false,true,0,0,3385,30,0,
40,random,3909,30,0,budget,0,54,true,6,1140,68,104,0.16666666666666666,0.8333333333333334,0,0,0,1,17,normal,false,6,8,204,3705,0,0,0,false,false,false,0,0,3909,30,0,
41,random,4160,36,6,budget,0,81,true,4,800,88,130,0.05555555555555555,0.8611111111111112,0.08333333333333333,0,0,3,11,crash,false,6,13,195,2985,980,0,0,false,false,false,0,0,4160,36,0,
42,random,5033,42,12,budget,0,78,true,4,555,108,151,0.07142857142857142,0.8809523809523809,0.047619047619047616,0,0,7,15,normal,false,4,18,173,4500,360,0,0,false,false,false,0,0,5033,42,0,
43,random,3056,30,0,budget,0,67,true,4,510,62,106,0.13333333333333333,0.8666666666666667,0,0,0,2,23,crash,false,6,11,291,2765,0,0,0,false,false,false,0,0,3056,30,0,
44,random,3141,30,0,budget,0,65,true,4,600,61,99,0.13333333333333333,0.8666666666666667,0,0,0,2,27,normal,false,6,10,136,3005,0,0,0,false,false,true,0,0,3141,30,0,
45,random,3990,36,6,budget,0,82,false,4,450,86,114,0,0.9444444444444444,0.05555555555555555,0,0,3,5,normal,false,4,14,0,3540,450,0,0,false,false,false,0,0,3990,36,0,
46,random,2225,30,0,budget,0,50,true,5,440,54,103,0.5666666666666667,0.43333333333333335,0,0,0,5,11,normal,false,7,10,975,1250,0,0,0,false,false,true,0,0,2225,30,0,
47,random,1470,20,2,lock,0,71,false,3,270,44,51,0,1,0,0,0,1,19,normal,false,4,7,0,1470,0,0,0,false,false,false,0,0,1470,20,0,
48,random,15721,43,13,budget,1,100,true,8,8680,128,164,0.09302325581395349,0.6511627906976745,0.11627906976744186,0.023255813953488372,0.11627906976744186,7,9,normal,false,5,21,106,3545,510,360,11200,false,true,false,2610,5,13111,38,1,5
49,random,3361,30,0,budget,0,62,true,8,1213,67,113,0.43333333333333335,0.5666666666666667,0,0,0,4,8,normal,false,6,9,1261,2100,0,0,0,false,false,false,0,0,3361,30,0,
50,random,10635,57,27,budget,1,100,true,5,1650,154,198,0.017543859649122806,0.6842105263157895,0.19298245614035087,0.017543859649122806,0.08771929824561403,12,2,normal,false,4,33,15,5110,2700,630,2180,false,false,true,2030,5,8605,52,1,3
51,random,4050,31,15,lock,1,100,false,3,540,60,80,0,0.6129032258064516,0.16129032258064516,0.06451612903225806,0.16129032258064516,6,4,normal,false,7,14,0,1200,1050,300,1500,false,false,false,1440,5,2610,26,1,3
52,random,5735,43,13,budget,1,100,true,4,820,101,139,0.06976744186046512,0.7441860465116279,0.046511627906976744,0.023255813953488372,0.11627906976744186,4,3,crash,false,5,19,90,3255,420,90,1880,false,true,true,1150,5,4585,38,1,3
53,random,14193,52,34,lock,2,100,true,6,1620,165,194,0.019230769230769232,0.5192307692307693,0.23076923076923078,0.09615384615384616,0.1346153846153846,11,6,frenzy,false,9,30,243,3215,2280,2475,5980,false,true,true,6120,7,8073,45,2,5|2
54,random,2675,36,6,budget,0,79,true,4,315,68,102,0.25,0.6666666666666666,0.08333333333333333,0,0,5,3,normal,false,6,12,440,1965,270,0,0,false,false,false,0,0,2675,36,0,
55,random,3723,38,8,budget,0,85,true,4,345,86,113,0.07894736842105263,0.7631578947368421,0.15789473684210525,0,0,5,2,normal,false,7,15,113,3070,540,0,0,false,false,false,0,0,3723,38,0,
56,random,3887,34,4,budget,0,75,true,5,1205,79,132,0.38235294117647056,0.5588235294117647,0.058823529411764705,0,0,6,4,normal,false,4,17,972,2735,180,0,0,false,false,true,0,0,3887,34,0,
57,random,3188,32,2,budget,0,76,true,5,660,66,93,0.0625,0.90625,0.03125,0,0,2,25,normal,false,6,12,68,3030,90,0,0,false,false,false,0,0,3188,32,0,
58,random,3531,30,0,budget,0,63,true,4,630,70,111,0.2,0.8,0,0,0,3,23,normal,false,4,12,171,3360,0,0,0,false,false,true,0,0,3531,30,0,
59,random,13545,59,29,budget,1,100,false,5,3060,151,211,0,0.711864406779661,0.1694915254237288,0.03389830508474576,0.0847457627118644,12,5,normal,false,4,27,0,4335,2970,540,5700,false,false,false,5830,5,7715,54,1,2
60,random,7050,39,9,budget,1,100,true,7,2125,93,143,0.2564102564102564,0.5641025641025641,0.02564102564102564,0.02564102564102564,0.1282051282051282,6,3,normal,false,8,12,375,3035,1870,90,1680,false,false,true,1650,5,5400,34,1,2
61,random,3283,30,0,budget,0,66,true,5,765,69,120,0.16666666666666666,0.8333333333333334,0,0,0,0,-1,crash,false,15,7,363,2920,0,0,0,false,false,false,0,0,3283,30,0,
62,random,1703,30,0,budget,0,67,true,3,225,45,69,0.16666666666666666,0.8333333333333334,0,0,0,3,21,crash,false,10,7,68,1635,0,0,0,false,false,false,0,0,1703,30,0,
63,random,2660,30,0,budget,0,68,true,3,330,72,92,0.03333333333333333,0.9666666666666667,0,0,0,1,3,normal,false,6,10,15,2645,0,0,0,false,false,false,0,0,2660,30,0,
64,random,2539,30,0,budget,0,55,true,3,285,63,102,0.3,0.7,0,0,0,0,-1,crash,false,5,10,329,2210,0,0,0,false,false,true,0,0,2539,30,0,
65,random,13430,63,33,budget,1,100,false,5,1860,164,211,0,0.5873015873015873,0.23809523809523808,0.09523809523809523,0.07936507936507936,13,26,normal,false,8,36,0,4505,3810,1635,3480,false,true,true,2970,5,10460,58,1,3
66,random,7175,39,9,budget,1,100,false,7,1790,121,141,0,0.8205128205128205,0.05128205128205128,0,0.1282051282051282,2,4,normal,false,9,14,0,5755,280,240,900,false,false,true,1120,5,6055,34,1,2
67,random,2805,32,2,budget,0,73,true,4,420,71,91,0.03125,0.9375,0.03125,0,0,2,9,normal,false,5,13,15,2700,90,0,0,false,false,false,0,0,2805,32,0,
68,random,2414,30,0,budget,0,52,true,4,280,64,94,0.16666666666666666,0.8333333333333334,0,0,0,2,17,normal,false,3,11,299,2115,0,0,0,false,false,false,0,0,2414,30,0,
69,random,2196,30,0,budget,0,54,true,4,405,52,87,0.23333333333333334,0.7666666666666667,0,0,0,3,17,crash,false,6,9,106,2090,0,0,0,false,false,false,0,0,2196,30,0,
70,random,3311,30,0,budget,0,53,true,6,975,60,111,0.3333333333333333,0.6666666666666666,0,0,0,2,11,normal,false,7,12,821,2490,0,0,0,false,false,true,0,0,3311,30,0,
71,random,2767,30,0,budget,0,50,true,6,574,62,123,0.4666666666666667,0.5333333333333333,0,0,0,6,4,normal,false,5,14,1302,1465,0,0,0,false,false,false,0,0,2767,30,0,
72,random,4660,32,2,budget,0,71,false,7,1630,88,118,0,1,0,0,0,1,21,normal,false,6,13,0,4660,0,0,0,false,false,false,0,0,4660,32,0,
73,random,2224,32,2,budget,0,83,true,4,455,54,90,0.28125,0.625,0.09375,0,0,5,7,normal,false,4,13,314,1670,240,0,0,false,false,true,0,0,2224,32,0,
74,random,2005,30,0,budget,0,50,true,3,150,53,103,0.5333333333333333,0.4666666666666667,0,0,0,7,5,crash,false,4,14,745,1260,0,0,0,false,false,true,0,0,2005,30,0,
75,random,5690,46,21,lock,1,100,false,3,540,101,124,0,0.7608695652173914,0.10869565217391304,0.021739130434782608,0.10869565217391304,9,23,normal,false,5,24,0,3110,1050,90,1440,false,false,false,990,5,4700,41,1,3
76,random,6758,41,11,budget,1,100,true,5,1260,105,125,0.07317073170731707,0.7073170731707317,0.07317073170731707,0.024390243902439025,0.12195121951219512,4,7,normal,false,7,17,128,3375,300,855,2100,false,true,false,2070,5,4688,36,1,2
77,random,1800,30,0,budget,0,64,true,3,270,49,69,0.06666666666666667,0.9333333333333333,0,0,0,2,11,normal,false,5,9,30,1770,0,0,0,false,false,true,0,0,1800,30,0,
78,random,3678,40,10,budget,0,81,true,4,435,88,113,0.05,0.925,0.025,0,0,7,10,normal,false,4,18,103,3125,450,0,0,false,false,false,0,0,3678,40,0,
79,random,7634,49,19,budget,1,100,true,5,2500,110,150,0.16326530612244897,0.6530612244897959,0.08163265306122448,0,0.10204081632653061,9,3,crash,false,9,20,189,3115,690,180,3460,false,false,false,3580,5,4054,44,1,2
80,random,3095,32,2,budget,0,70,false,4,405,70,96,0,1,0,0,0,1,23,normal,false,5,12,0,3095,0,0,0,false,false,true,0,0,3095,32,0,
81,random,3963,30,0,budget,0,65,true,6,1545,71,104,0.13333333333333333,0.8666666666666667,0,0,0,3,12,normal,false,4,10,213,3750,0,0,0,false,false,false,0,0,3963,30,0,
82,random,4592,34,4,budget,0,77,true,4,720,79,134,0.38235294117647056,0.5882352941176471,0.029411764705882353,0,0,3,2,normal,false,7,12,447,3625,520,0,0,false,false,true,0,0,4592,34,0,
83,random,3159,30,0,budget,0,52,true,4,530,74,117,0.3333333333333333,0.6666666666666666,0,0,0,5,6,normal,false,4,12,674,2485,0,0,0,false,false,true,0,0,3159,30,0,
84,random,2609,30,0,budget,0,61,true,4,330,57,107,0.3333333333333333,0.6666666666666666,0,0,0,2,15,crash,false,6,10,814,1795,0,0,0,false,false,false,0,0,2609,30,0,
85,random,3764,34,4,budget,0,73,true,4,735,71,114,0.14705882352941177,0.8529411764705882,0,0,0,3,9,crash,false,5,12,189,2765,810,0,0,false,false,false,0,0,3764,34,0,
86,random,2724,32,2,budget,0,77,true,4,288,71,107,0.1875,0.78125,0.03125,0,0,1,17,crash,false,4,11,424,2210,90,0,0,false,false,false,0,0,2724,32,0,
87,random,3551,30,0,budget,0,55,true,5,915,75,106,0.23333333333333334,0.7666666666666667,0,0,0,2,7,normal,false,5,10,271,3280,0,0,0,false,false,false,0,0,3551,30,0,
88,random,4450,11,11,lock,1,100,false,5,2435,39,37,0,0.36363636363636365,0.09090909090909091,0.09090909090909091,0.45454545454545453,2,2,normal,false,3,5,0,255,660,2115,1420,false,false,false,3455,5,995,6,1,2
89,random,11895,72,42,budget,2,100,false,4,1710,155,197,0,0.5972222222222222,0.2222222222222222,0.041666666666666664,0.1388888888888889,18,4,normal,false,7,43,0,2745,3990,360,4800,false,false,false,3480,10,8415,62,2,3|5
90,random,4161,30,0,budget,0,69,true,6,1190,60,128,0.4666666666666667,0.5333333333333333,0,0,0,4,13,crash,false,7,10,441,3720,0,0,0,false,false,true,0,0,4161,30,0,
91,random,3129,30,0,budget,0,69,true,6,1155,69,105,0.23333333333333334,0.7666666666666667,0,0,0,3,8,normal,false,5,11,479,2650,0,0,0,false,false,false,0,0,3129,30,0,
92,random,2658,30,0,budget,0,50,true,4,465,55,113,0.4,0.6,0,0,0,4,18,crash,false,9,10,603,2055,0,0,0,false,false,false,0,0,2658,30,0,
93,random,2099,30,0,budget,0,62,true,3,225,51,84,0.3,0.7,0,0,0,3,8,crash,false,11,5,249,1850,0,0,0,false,false,false,0,0,2099,30,0,
94,random,19730,91,61,budget,1,100,true,8,5730,237,289,0.01098901098901099,0.5934065934065934,0.2857142857142857,0.054945054945054944,0.054945054945054944,25,2,normal,false,7,48,15,5740,6760,6435,780,false,true,true,900,5,18830,86,1,4
95,random,3973,34,4,budget,0,78,true,5,720,77,115,0.14705882352941177,0.8235294117647058,0.029411764705882353,0,0,6,11,normal,false,4,15,248,3635,90,0,0,false,false,true,0,0,3973,34,0,
96,random,2120,30,0,budget,0,66,true,2,230,59,81,0.03333333333333333,0.9666666666666667,0,0,0,1,17,normal,false,4,10,65,2055,0,0,0,false,false,false,0,0,2120,30,0,
97,random,13533,59,29,budget,1,100,true,6,4610,151,227,0.23728813559322035,0.423728813559322,0.15254237288135594,0.1016949152542373,0.0847457627118644,13,1,normal,false,6,20,758,3345,1660,6630,1140,false,true,false,1125,5,12408,54,1,14
98,random,2888,30,0,budget,0,60,true,3,545,75,100,0.13333333333333333,0.8666666666666667,0,0,0,2,19,normal,false,6,11,253,2635,0,0,0,false,false,false,0,0,2888,30,0,
99,random,2315,32,2,budget,0,73,true,4,435,58,98,0.3125,0.65625,0.03125,0,0,2,2,normal,false,7,12,430,1795,90,0,0,false,false,true,0,0,2315,32,0,
100,random,9371,45,15,budget,1,100,true,5,1860,133,181,0.06666666666666667,0.7777777777777778,0.044444444444444446,0,0.1111111111111111,6,2,crash,false,4,21,46,5385,1080,0,2860,false,false,false,2700,5,6671,40,1,2
101,random,5280,32,2,budget,0,73,true,5,1010,89,143,0,0.96875,0.03125,0,0,1,2,normal,false,5,17,80,5020,180,0,0,false,false,true,0,0,5280,32,0,
102,random,1328,30,0,budget,0,50,true,2,105,44,79,0.5333333333333333,0.4666666666666667,0,0,0,5,6,normal,false,10,8,588,740,0,0,0,false,false,false,0,0,1328,30,0,
103,random,3913,34,4,budget,0,74,true,4,715,77,129,0.11764705882352941,0.8235294117647058,0.058823529411764705,0,0,4,16,normal,false,6,16,393,3340,180,0,0,false,false,true,0,0,3913,34,0,
104,random,2280,30,0,budget,0,66,true,3,360,51,79,0.1,0.9,0,0,0,3,23,normal,false,4,10,45,2235,0,0,0,false,false,false,0,0,2280,30,0,
105,random,4345,44,14,budget,0,92,true,3,345,97,124,0.022727272727272728,0.8863636363636364,0.045454545454545456,0.045454545454545456,0,6,9,normal,false,8,14,105,3280,690,270,0,true,false,true,0,0,4345,44,0,
106,random,3496,32,2,budget,0,71,true,4,690,75,116,0.0625,0.9375,0,0,0,1,4,crash,false,4,12,166,3330,0,0,0,false,false,true,0,0,3496,32,0,
107,random,2275,30,0,budget,0,65,true,3,300,54,90,0.36666666666666664,0.6333333333333333,0,0,0,4,14,normal,false,5,12,290,1985,0,0,0,false,false,true,0,0,2275,30,0,
108,random,4113,40,10,budget,0,85,true,3,535,91,121,0.1,0.85,0.05,0,0,6,1,normal,false,4,21,93,3255,360,405,0,false,false,true,0,0,4113,40,0,
109,random,2863,32,2,budget,0,72,true,4,395,71,94,0.03125,0.9375,0.03125,0,0,2,7,normal,false,5,11,318,2455,90,0,0,false,false,true,0,0,2863,32,0,
110,random,2213,30,0,budget,0,63,true,3,225,53,91,0.16666666666666666,0.8333333333333334,0,0,0,3,9,crash,false,4,9,263,1950,0,0,0,false,false,false,0,0,2213,30,0,
111,random,3895,36,6,budget,0,87,true,3,620,86,120,0,0.9166666666666666,0.08333333333333333,0,0,3,17,normal,false,11,11,90,3355,450,0,0,false,false,true,0,0,3895,36,0,
112,random,1970,34,4,budget,0,73,true,3,278,53,89,0.3235294117647059,0.6176470588235294,0.058823529411764705,0,0,4,2,crash,false,4,12,505,1285,180,0,0,false,false,false,0,0,1970,34,0,
113,random,3950,30,0,budget,0,67,true,5,835,73,106,0.06666666666666667,0.9333333333333333,0,0,0,1,4,crash,false,10,7,45,3905,0,0,0,false,false,false,0,0,3950,30,0,
114,random,2678,30,0,budget,0,63,true,5,780,66,84,0.13333333333333333,0.8666666666666667,0,0,0,3,14,normal,false,7,10,203,2475,0,0,0,false,false,false,0,0,2678,30,0,
115,random,2093,30,0,budget,0,50,true,3,350,53,97,0.4,0.6,0,0,0,3,5,normal,false,3,13,378,1715,0,0,0,false,false,false,0,0,2093,30,0,
116,random,2908,30,0,budget,0,62,true,4,630,69,92,0.13333333333333333,0.8666666666666667,0,0,0,2,5,normal,false,7,9,103,2805,0,0,0,false,false,false,0,0,2908,30,0,
117,random,3170,30,0,budget,0,62,true,4,535,66,95,0,1,0,0,0,0,-1,normal,false,6,10,60,3110,0,0,0,false,false,false,0,0,3170,30,0,
118,random,11072,54,24,budget,2,100,true,4,1725,128,197,0.35185185185185186,0.3148148148148148,0.1111111111111111,0.037037037037037035,0.18518518518518517,11,4,normal,false,7,24,942,1785,1840,1125,5380,false,true,true,4510,10,6562,44,2,2|5
119,random,3871,32,2,budget,0,74,true,5,855,77,108,0.125,0.875,0,0,0,3,7,normal,false,4,12,136,3465,270,0,0,false,false,true,0,0,3871,32,0,
120,random,2009,34,4,budget,0,71,true,3,255,56,84,0.23529411764705882,0.7647058823529411,0,0,0,5,10,normal,false,9,12,209,1800,0,0,0,false,false,false,0,0,2009,34,0,
121,random,4320,32,2,budget,0,72,true,5,1175,86,128,0.03125,0.9375,0.03125,0,0,2,4,normal,false,4,13,15,4215,90,0,0,false,false,false,0,0,4320,32,0,
122,random,2431,36,6,budget,0,84,true,3,300,56,110,0.5555555555555556,0.3611111111111111,0.08333333333333333,0,0,6,2,crash,false,6,14,731,1040,660,0,0,false,false,true,0,0,2431,36,0,
123,random,14883,41,11,budget,1,100,true,11,4825,145,187,0.07317073170731707,0.7073170731707317,0.07317073170731707,0.024390243902439025,0.12195121951219512,6,6,normal,false,6,19,58,8625,270,90,5840,false,false,true,5370,5,9513,36,1,3
124,random,11381,51,21,budget,1,100,true,5,1410,131,218,0.1568627450980392,0.6470588235294118,0.09803921568627451,0,0.09803921568627451,11,8,crash,false,5,23,451,4180,4170,0,2580,false,false,false,2580,5,8801,46,1,3
125,random,2695,30,0,budget,0,53,true,4,780,57,118,0.6333333333333333,0.36666666666666664,0,0,0,3,13,normal,false,9,9,590,2105,0,0,0,false,false,true,0,0,2695,30,0,
126,random,4480,32,2,budget,0,71,true,6,1245,84,114,0.03125,0.96875,0,0,0,2,11,normal,false,7,13,110,4370,0,0,0,false,false,true,0,0,4480,32,0,
127,random,3861,30,0,budget,0,51,true,5,780,69,131,0.36666666666666664,0.6333333333333333,0,0,0,3,20,normal,false,3,14,746,3115,0,0,0,false,false,true,0,0,3861,30,0,
128,random,2507,30,0,budget,0,65,true,4,390,53,102,0.26666666666666666,0.7333333333333333,0,0,0,3,11,crash,false,6,9,462,2045,0,0,0,false,false,false,0,0,2507,30,0,
129,random,2445,30,0,budget,0,62,true,4,293,65,105,0.3333333333333333,0.6666666666666666,0,0,0,4,12,normal,false,8,11,665,1780,0,0,0,false,false,false,0,0,2445,30,0,
130,random,6540,43,13,budget,1,100,false,4,1800,92,121,0,0.7906976744186046,0.046511627906976744,0.046511627906976744,0.11627906976744186,3,19,normal,false,10,18,0,2925,270,225,3120,false,true,true,1410,5,5130,38,1,4
131,random,4170,36,6,budget,0,79,true,4,770,86,127,0.027777777777777776,0.8888888888888888,0.08333333333333333,0,0,4,7,normal,false,5,14,20,3850,300,0,0,false,false,true,0,0,4170,36,0,
132,random,3887,30,0,budget,0,62,true,4,645,67,150,0.43333333333333335,0.5666666666666667,0,0,0,3,7,crash,false,4,14,952,2935,0,0,0,false,false,true,0,0,3887,30,0,
133,random,2128,30,0,budget,0,62,true,2,150,62,92,0.2,0.8,0,0,0,5,6,normal,false,5,10,283,1845,0,0,0,false,false,false,0,0,2128,30,0,
134,random,2674,30,0,budget,0,50,true,5,1080,49,98,0.36666666666666664,0.6333333333333333,0,0,0,5,4,normal,false,5,8,289,2385,0,0,0,false,false,false,0,0,2674,30,0,
135,random,7391,46,16,budget,0,93,true,6,1095,121,193,0.06521739130434782,0.7391304347826086,0.13043478260869565,0.06521739130434782,0,8,8,normal,false,4,21,861,4565,1470,495,0,true,false,false,0,0,7391,46,0,
136,random,2013,30,0,budget,0,50,true,3,270,54,90,0.36666666666666664,0.6333333333333333,0,0,0,6,4,normal,false,3,12,528,1485,0,0,0,false,false,false,0,0,2013,30,0,
137,random,15710,62,32,budget,2,100,false,5,2880,158,208,0,0.5806451612903226,0.20967741935483872,0.04838709677419355,0.16129032258064516,10,4,normal,false,12,24,0,3165,2970,735,8840,false,true,false,8930,10,6780,52,2,4|3
138,random,3051,30,0,budget,0,62,true,4,495,69,100,0.2,0.8,0,0,0,2,11,normal,false,5,13,181,2870,0,0,0,false,false,true,0,0,3051,30,0,
139,random,3023,30,0,budget,0,65,true,5,635,73,98,0.03333333333333333,0.9666666666666667,0,0,0,1,6,normal,false,13,9,93,2930,0,0,0,false,false,true,0,0,3023,30,0,
140,random,3075,30,0,budget,0,66,true,4,375,67,106,0.1,0.9,0,0,0,2,14,normal,false,6,9,130,2945,0,0,0,false,false,true,0,0,3075,30,0,
141,random,9095,54,24,budget,2,100,true,5,1650,124,159,0,0.6481481481481481,0.14814814814814814,0.018518518518518517,0.18518518518518517,8,1,normal,false,8,16,60,3065,1280,270,4420,false,false,false,4430,10,4665,44,2,3|3
142,random,3839,32,2,budget,0,70,true,4,525,87,124,0.15625,0.84375,0,0,0,3,9,normal,false,3,14,354,3485,0,0,0,false,false,false,0,0,3839,32,0,
143,random,8320,45,15,budget,1,100,true,5,3240,104,145,0.17777777777777778,0.5333333333333333,0.13333333333333333,0.044444444444444446,0.1111111111111111,6,9,normal,false,5,20,430,2355,900,255,4380,false,false,true,1260,5,7060,40,1,3
144,random,7223,48,18,budget,0,97,true,4,1195,117,167,0.0625,0.7291666666666666,0.16666666666666666,0.041666666666666664,0,8,2,crash,false,5,27,103,3440,2510,1170,0,true,true,false,0,0,7223,48,0,
145,random,6165,40,10,budget,0,92,true,4,955,118,154,0.05,0.875,0.05,0.025,0,5,8,normal,false,5,18,55,4730,1200,180,0,true,false,false,0,0,6165,40,0,
146,random,3625,30,0,budget,0,63,true,5,615,70,102,0.03333333333333333,0.9666666666666667,0,0,0,1,10,normal,false,5,13,15,3610,0,0,0,false,false,true,0,0,3625,30,0,
147,random,2297,32,2,budget,0,74,true,4,660,60,83,0.1875,0.78125,0.03125,0,0,3,1,normal,false,8,7,242,1965,90,0,0,false,false,false,0,0,2297,32,0,
148,random,12095,63,33,budget,1,100,false,4,1380,174,222,0,0.746031746031746,0.14285714285714285,0.031746031746031744,0.07936507936507936,13,4,normal,false,9,28,0,4595,2910,270,4320,false,true,false,3220,5,8875,58,1,2
149,random,6085,42,12,budget,0,93,false,4,765,116,152,0,0.8333333333333334,0.14285714285714285,0.023809523809523808,0,6,23,normal,false,3,23,0,4300,1380,405,0,true,false,false,0,0,6085,42,0,
150,random,6850,44,14,budget,0,94,true,6,945,119,151,0.022727272727272728,0.75,0.1590909090909091,0.06818181818181818,0,8,1,normal,false,6,20,15,4750,600,1485,0,true,false,false,0,0,6850,44,0,
151,random,3205,34,4,budget,0,78,true,4,345,69,105,0.029411764705882353,0.9411764705882353,0.029411764705882353,0,0,2,3,crash,false,3,14,0,3115,90,0,0,false,false,false,0,0,3205,34,0,
152,random,4060,34,4,budget,0,77,true,4,510,76,114,0.029411764705882353,0.9411764705882353,0.029411764705882353,0,0,3,14,normal,false,7,14,70,3450,540,0,0,false,false,true,0,0,4060,34,0,
153,random,3025,30,0,budget,0,68,true,4,490,71,105,0.03333333333333333,0.9666666666666667,0,0,0,1,27,normal,false,7,13,65,2960,0,0,0,false,false,false,0,0,3025,30,0,
154,random,9516,55,25,budget,1,100,true,7,2550,141,189,0.2545454545454545,0.509090909090909,0.09090909090909091,0.05454545454545454,0.09090909090909091,13,8,normal,false,9,26,686,3125,3090,1035,1580,false,false,true,4010,5,5506,50,1,4
155,random,3467,30,0,budget,0,69,true,4,855,75,105,0.36666666666666664,0.6333333333333333,0,0,0,5,14,normal,false,7,12,302,3165,0,0,0,false,false,true,0,0,3467,30,0,
156,random,2342,30,0,budget,0,65,true,4,465,57,92,0.36666666666666664,0.6333333333333333,0,0,0,2,8,normal,false,5,9,437,1905,0,0,0,false,false,false,0,0,2342,30,0,
157,random,11860,61,31,budget,1,100,true,4,1020,151,239,0.13114754098360656,0.6229508196721312,0.13114754098360656,0.03278688524590164,0.08196721311475409,14,4,crash,false,8,31,475,4790,2080,1575,2940,false,false,true,2740,5,9120,56,0,
158,random,3134,34,4,budget,0,85,true,4,450,70,111,0.29411764705882354,0.6764705882352942,0.029411764705882353,0,0,4,6,crash,false,6,15,269,2505,360,0,0,false,false,false,0,0,3134,34,0,
159,random,6123,54,24,budget,0,94,true,6,855,119,155,0.05555555555555555,0.7037037037037037,0.14814814814814814,0.09259259259259259,0,11,11,normal,false,7,25,143,3885,1240,855,0,true,false,false,0,0,6123,54,0,
160,random,2979,32,2,budget,0,70,true,3,360,63,109,0.21875,0.78125,0,0,0,4,1,crash,false,4,14,264,2715,0,0,0,false,false,false,0,0,2979,32,0,
161,random,2865,34,4,budget,0,80,true,3,375,68,100,0.08823529411764706,0.8823529411764706,0.029411764705882353,0,0,4,9,crash,false,6,10,30,2505,330,0,0,false,false,false,0,0,2865,34,0,
162,random,2614,30,0,budget,0,60,true,3,510,61,107,0.16666666666666666,0.8333333333333334,0,0,0,2,26,normal,false,5,13,439,2175,0,0,0,false,false,true,0,0,2614,30,0,
163,random,4010,36,6,budget,0,87,true,4,640,78,128,0.2222222222222222,0.6944444444444444,0.08333333333333333,0,0,6,2,normal,false,8,15,270,3200,540,0,0,false,false,true,0,0,4010,36,0,
164,random,1488,30,0,budget,0,59,true,3,173,42,74,0.4,0.6,0,0,0,1,20,crash,false,9,6,408,1080,0,0,0,false,false,true,0,0,1488,30,0,
165,random,29716,101,71,budget,3,100,true,7,4855,274,340,0.04950495049504951,0.40594059405940597,0.36633663366336633,0.0297029702970297,0.1485148514851485,26,4,normal,false,4,48,236,4855,7570,6675,10380,false,true,false,12335,15,17381,86,3,2|4|4
166,random,1343,30,0,budget,0,50,true,3,285,45,78,0.7333333333333333,0.26666666666666666,0,0,0,2,24,normal,false,8,8,598,745,0,0,0,false,false,false,0,0,1343,30,0,
167,random,7311,44,14,budget,0,95,true,6,1710,97,149,0.1590909090909091,0.6818181818181818,0.09090909090909091,0.06818181818181818,0,9,1,normal,false,5,18,261,2775,1710,2565,0,true,true,false,0,0,7311,44,0,
168,random,3963,32,2,budget,0,74,true,4,920,78,116,0.125,0.84375,0.03125,0,0,3,8,normal,false,3,13,143,3730,90,0,0,false,false,false,0,0,3963,32,0,
169,random,4748,32,2,budget,0,70,true,6,820,90,125,0.15625,0.84375,0,0,0,4,14,normal,false,3,15,203,4545,0,0,0,false,false,true,0,0,4748,32,0,
170,random,1937,30,0,budget,0,62,true,4,225,42,110,0.6333333333333333,0.36666666666666664,0,0,0,4,18,crash,false,5,11,1082,855,0,0,0,false,false,false,0,0,1937,30,0,
171,random,1949,30,0,budget,0,52,true,3,240,53,89,0.4666666666666667,0.5333333333333333,0,0,0,3,11,normal,false,4,10,629,1320,0,0,0,false,false,true,0,0,1949,30,0,
172,random,255,5,0,lock,0,65,false,2,105,9,9,0,1,0,0,0,0,-1,normal,false,3,1,0,255,0,0,0,false,false,false,0,0,255,5,0,
173,random,10712,51,21,budget,1,100,true,6,2130,125,192,0.13725490196078433,0.5882352941176471,0.11764705882352941,0.058823529411764705,0.09803921568627451,11,4,normal,false,4,26,387,3900,2670,615,3140,false,true,true,2840,5,7872,46,1,3
174,random,2719,30,0,budget,0,55,true,5,750,63,102,0.3333333333333333,0.6666666666666666,0,0,0,4,11,normal,false,3,13,459,2260,0,0,0,false,false,true,0,0,2719,30,0,
175,random,5814,45,15,budget,1,100,true,4,1020,105,125,0.17777777777777778,0.5777777777777777,0.13333333333333333,0,0.1111111111111111,7,1,normal,false,8,12,214,2480,840,240,2040,false,false,false,2220,5,3594,40,1,3
176,random,3145,36,6,budget,0,73,true,5,555,69,100,0.25,0.6666666666666666,0.08333333333333333,0,0,5,2,normal,false,4,16,445,2430,270,0,0,false,false,false,0,0,3145,36,0,
177,random,3426,30,0,budget,0,67,true,5,885,75,100,0.06666666666666667,0.9333333333333333,0,0,0,1,10,normal,false,5,13,241,3185,0,0,0,false,false,false,0,0,3426,30,0,
178,random,3739,30,0,budget,0,62,true,8,1940,50,97,0.26666666666666666,0.7333333333333333,0,0,0,2,13,crash,false,7,8,264,3475,0,0,0,false,false,false,0,0,3739,30,0,
179,random,3283,30,0,budget,0,62,true,5,795,78,112,0.16666666666666666,0.8333333333333334,0,0,0,2,23,normal,false,8,13,403,2880,0,0,0,false,false,false,0,0,3283,30,0,
180,random,1999,30,0,budget,0,69,true,3,300,55,94,0.5,0.5,0,0,0,2,19,normal,false,14,9,574,1425,0,0,0,false,false,false,0,0,1999,30,0,
181,random,4155,30,0,budget,0,68,true,7,1555,76,109,0.03333333333333333,0.9666666666666667,0,0,0,1,29,normal,false,6,7,15,4140,0,0,0,false,false,false,0,0,4155,30,0,
182,random,4840,38,8,budget,0,81,true,6,795,87,134,0.21052631578947367,0.7368421052631579,0.05263157894736842,0,0,4,18,crash,false,3,20,610,3510,720,0,0,false,false,false,0,0,4840,38,0,
183,random,2885,30,0,budget,0,50,true,5,585,63,108,0.36666666666666664,0.6333333333333333,0,0,0,2,11,normal,false,7,8,535,2350,0,0,0,false,false,false,0,0,2885,30,0,
184,random,2938,30,0,budget,0,63,true,5,1070,61,93,0.1,0.9,0,0,0,3,15,normal,false,7,7,128,2810,0,0,0,false,false,true,0,0,2938,30,0,
185,random,4595,32,2,budget,0,79,true,8,1440,88,113,0,0.96875,0.03125,0,0,1,26,normal,false,5,13,30,4475,90,0,0,false,false,false,0,0,4595,32,0,
186,random,6635,44,14,budget,0,90,true,5,845,101,148,0.022727272727272728,0.8409090909090909,0.09090909090909091,0.045454545454545456,0,6,2,crash,false,7,16,0,4565,1530,540,0,true,false,false,0,0,6635,44,0,
187,random,3335,30,0,budget,0,66,true,4,540,69,103,0.03333333333333333,0.9666666666666667,0,0,0,0,-1,crash,false,11,8,60,3275,0,0,0,false,false,false,0,0,3335,30,0,
188,random,3697,30,0,budget,0,62,true,4,495,78,109,0.13333333333333333,0.8666666666666667,0,0,0,2,24,normal,false,7,11,302,3395,0,0,0,false,false,false,0,0,3697,30,0,
189,random,10394,51,21,budget,1,100,true,5,2535,129,182,0.11764705882352941,0.5686274509803921,0.17647058823529413,0.0392156862745098,0.09803921568627451,9,12,normal,false,7,24,349,3880,1380,3945,840,false,false,true,1965,5,8429,46,0,
190,random,20309,71,41,budget,3,100,true,6,1865,201,250,0.07042253521126761,0.49295774647887325,0.18309859154929578,0.04225352112676056,0.2112676056338028,13,3,normal,false,7,29,189,3955,2910,3315,9940,false,true,false,9890,15,10419,56,3,2|3|2
191,random,3743,34,4,budget,0,80,true,5,705,67,108,0.058823529411764705,0.9117647058823529,0.029411764705882353,0,0,2,3,crash,false,6,11,68,2955,720,0,0,false,false,false,0,0,3743,34,0,
192,random,3821,30,0,budget,0,50,true,5,1320,67,112,0.13333333333333333,0.8666666666666667,0,0,0,3,6,normal,false,3,13,146,3675,0,0,0,false,false,true,0,0,3821,30,0,
193,random,3440,36,6,budget,0,74,true,4,450,84,103,0.027777777777777776,0.8888888888888888,0.08333333333333333,0,0,2,8,normal,false,9,10,100,3070,270,0,0,false,false,false,0,0,3440,36,0,
194,random,2753,32,2,budget,0,74,true,4,470,59,105,0.1875,0.78125,0.03125,0,0,6,5,normal,false,3,12,368,2295,90,0,0,false,false,true,0,0,2753,32,0,
195,random,2671,30,0,budget,0,62,true,3,345,63,106,0.23333333333333334,0.7666666666666667,0,0,0,2,20,normal,false,2,14,296,2375,0,0,0,false,false,false,0,0,2671,30,0,
196,random,2394,30,0,budget,0,54,true,4,435,60,85,0.26666666666666666,0.7333333333333333,0,0,0,4,6,normal,false,5,12,309,2085,0,0,0,false,false,true,0,0,2394,30,0,
197,random,4811,36,6,budget,0,82,true,6,1088,79,123,0.1388888888888889,0.8055555555555556,0.05555555555555555,0,0,4,17,crash,false,6,13,271,3670,870,0,0,false,false,false,0,0,4811,36,0,
198,random,3094,30,0,budget,0,65,true,4,545,66,105,0.13333333333333333,0.8666666666666667,0,0,0,0,-1,crash,false,7,8,69,3025,0,0,0,false,false,false,0,0,3094,30,0,
199,random,4854,32,2,budget,0,80,true,6,1993,82,131,0.4375,0.53125,0.03125,0,0,4,7,crash,false,6,10,509,4255,90,0,0,false,false,false,0,0,4854,32,0,
200,random,2818,30,0,budget,0,50,true,5,1095,50,127,0.7333333333333333,0.26666666666666666,0,0,0,2,7,normal,false,4,10,1228,1590,0,0,0,false,false,false,0,0,2818,30,0,
201,random,8045,59,29,budget,1,100,true,4,750,131,182,0,0.7796610169491526,0.11864406779661017,0.01694915254237288,0.0847457627118644,13,2,normal,false,6,22,30,3815,2910,90,1200,false,false,false,1110,5,6935,54,1,3
202,random,3188,30,0,budget,0,51,true,6,1170,60,107,0.4,0.6,0,0,0,3,14,normal,false,11,11,423,2765,0,0,0,false,false,true,0,0,3188,30,0,
203,random,11410,57,27,budget,1,100,true,5,990,152,210,0.017543859649122806,0.7192982456140351,0.14035087719298245,0.03508771929824561,0.08771929824561403,13,5,normal,false,16,28,150,5390,1890,900,3080,false,false,false,3050,5,8360,52,1,8
204,random,6185,30,0,budget,0,67,true,8,2250,86,131,0.03333333333333333,0.9666666666666667,0,0,0,1,25,normal,false,6,9,15,6170,0,0,0,false,false,false,0,0,6185,30,0,
205,random,3151,32,2,budget,0,72,true,4,825,65,117,0.375,0.625,0,0,0,6,2,crash,false,6,13,611,2360,180,0,0,false,false,false,0,0,3151,32,0,
206,random,1927,30,0,budget,0,50,true,3,275,48,95,0.36666666666666664,0.6333333333333333,0,0,0,3,12,normal,false,5,10,557,1370,0,0,0,false,false,false,0,0,1927,30,0,
207,random,4782,34,4,budget,0,91,true,6,990,94,129,0.23529411764705882,0.7058823529411765,0.029411764705882353,0.029411764705882353,0,5,13,normal,false,3,16,492,3945,210,135,0,true,false,false,0,0,4782,34,0,
208,random,3576,32,2,budget,0,71,true,4,400,64,136,0.3125,0.6875,0,0,0,3,13,normal,false,6,12,936,2340,300,0,0,false,false,false,0,0,3576,32,0,
209,random,2375,30,0,budget,0,62,true,3,255,54,100,0.3333333333333333,0.6666666666666666,0,0,0,3,11,normal,false,7,9,530,1845,0,0,0,false,false,true,0,0,2375,30,0,
210,random,6195,34,4,budget,0,77,true,6,1430,91,146,0.08823529411764706,0.8529411764705882,0.058823529411764705,0,0,4,2,crash,false,3,16,30,5985,180,0,0,false,false,false,0,0,6195,34,0,
211,random,6680,34,13,lock,1,100,true,5,720,83,137,0.029411764705882353,0.7352941176470589,0.08823529411764706,0,0.14705882352941177,5,6,normal,false,4,16,15,3365,1740,0,1560,false,false,true,1500,5,5180,29,1,2
212,random,3745,30,0,budget,0,62,true,4,470,72,110,0.03333333333333333,0.9666666666666667,0,0,0,1,23,normal,false,4,13,105,3640,0,0,0,false,false,true,0,0,3745,30,0,
213,random,2950,20,12,lock,0,93,true,3,730,49,79,0.1,0.5,0.35,0.05,0,6,1,crash,false,4,11,15,1160,1280,495,0,true,false,false,0,0,2950,20,0,
214,random,4204,38,8,budget,0,80,true,4,1105,77,125,0.13157894736842105,0.8157894736842105,0.05263157894736842,0,0,5,5,crash,false,6,13,339,2605,1260,0,0,false,false,false,0,0,4204,38,0,
215,random,2810,38,8,budget,0,86,false,4,405,72,93,0,0.868421052631579,0.13157894736842105,0,0,3,8,normal,false,11,12,0,2360,450,0,0,false,false,true,0,0,2810,38,0,
216,random,2235,30,0,budget,0,66,true,4,465,57,75,0.06666666666666667,0.9333333333333333,0,0,0,2,17,normal,false,5,11,30,2205,0,0,0,false,false,false,0,0,2235,30,0,
217,random,2808,30,0,budget,0,50,true,3,375,62,108,0.36666666666666664,0.6333333333333333,0,0,0,4,10,normal,false,5,13,518,2290,0,0,0,false,false,false,0,0,2808,30,0,
218,random,4020,40,10,budget,0,92,true,3,435,79,134,0.25,0.6,0.1,0.05,0,7,2,crash,false,5,18,570,2445,690,315,0,true,false,false,0,0,4020,40,0,
219,random,1676,30,0,budget,0,63,true,3,170,51,69,0.13333333333333333,0.8666666666666667,0,0,0,2,23,normal,false,10,8,216,1460,0,0,0,false,false,false,0,0,1676,30,0,
220,random,3978,36,6,budget,0,73,true,4,495,83,127,0.1388888888888889,0.8055555555555556,0.05555555555555555,0,0,5,2,crash,false,3,19,273,3285,420,0,0,false,false,false,0,0,3978,36,0,
221,random,3230,32,2,budget,0,79,true,4,570,67,103,0.03125,0.96875,0,0,0,2,4,normal,false,6,11,160,2530,540,0,0,false,false,false,0,0,3230,32,0,
222,random,14540,67,37,budget,3,100,true,5,2300,154,206,0.014925373134328358,0.5671641791044776,0.13432835820895522,0.05970149253731343,0.22388059701492538,13,12,crash,false,8,31,0,3375,1500,1485,8180,false,false,false,7115,15,7425,52,3,2|3|3
223,random,2937,30,0,budget,0,56,true,4,630,62,107,0.3,0.7,0,0,0,3,14,normal,false,7,10,427,2510,0,0,0,false,false,true,0,0,2937,30,0,
224,random,4501,32,2,budget,0,71,true,5,1305,76,137,0.125,0.875,0,0,0,3,5,crash,false,4,12,766,3735,0,0,0,false,false,true,0,0,4501,32,0,
225,random,6535,36,6,budget,0,83,true,7,2820,84,135,0.027777777777777776,0.8611111111111112,0.1111111111111111,0,0,4,1,normal,false,10,12,45,3430,3060,0,0,false,false,false,0,0,6535,36,0,
226,random,4278,30,0,budget,0,62,true,5,1005,91,126,0.06666666666666667,0.9333333333333333,0,0,0,2,5,normal,false,3,11,183,4095,0,0,0,false,false,false,0,0,4278,30,0,
227,random,3279,32,2,budget,0,71,true,4,630,78,105,0.15625,0.84375,0,0,0,2,8,normal,false,6,13,189,3090,0,0,0,false,false,true,0,0,3279,32,0,
228,random,3887,30,0,budget,0,50,true,6,1470,65,119,0.3,0.7,0,0,0,3,8,normal,false,7,7,467,3420,0,0,0,false,false,false,0,0,3887,30,0,
229,random,2005,30,0,budget,0,52,true,3,270,48,91,0.26666666666666666,0.7333333333333333,0,0,0,2,8,normal,false,7,7,485,1520,0,0,0,false,false,false,0,0,2005,30,0,
230,random,4495,40,10,budget,0,84,false,4,665,99,126,0,0.875,0.125,0,0,5,20,normal,false,11,19,0,3415,1080,0,0,false,false,false,0,0,4495,40,0,
231,random,2018,30,0,budget,0,66,true,3,255,54,70,0.06666666666666667,0.9333333333333333,0,0,0,1,22,normal,false,9,8,38,1980,0,0,0,false,false,false,0,0,2018,30,0,
232,random,6805,49,19,budget,1,100,false,4,835,116,160,0,0.7551020408163265,0.08163265306122448,0.061224489795918366,0.10204081632653061,6,3,normal,false,8,18,0,3705,1300,900,900,false,true,false,810,5,5995,44,1,5
233,random,2700,30,0,budget,0,66,true,3,270,60,96,0,1,0,0,0,0,-1,normal,false,6,13,30,2670,0,0,0,false,false,false,0,0,2700,30,0,
234,random,5942,39,9,budget,1,100,true,4,990,98,132,0.3076923076923077,0.46153846153846156,0.07692307692307693,0.02564102564102564,0.1282051282051282,5,1,normal,false,14,13,442,2590,1320,90,1500,false,true,true,1230,5,4712,34,1,3
235,random,3255,30,0,budget,0,62,true,5,835,58,123,0.3333333333333333,0.6666666666666666,0,0,0,3,7,crash,false,6,10,445,2810,0,0,0,false,false,true,0,0,3255,30,0,
236,random,4138,36,6,budget,0,88,true,4,525,98,122,0.05555555555555555,0.8888888888888888,0.027777777777777776,0.027777777777777776,0,3,2,normal,false,6,12,113,3545,210,270,0,false,false,false,0,0,4138,36,0,
237,random,6655,41,11,budget,1,100,true,3,510,113,175,0.0975609756097561,0.6585365853658537,0.04878048780487805,0.07317073170731707,0.12195121951219512,5,6,crash,false,3,20,520,3470,690,315,1660,false,true,false,1630,5,5025,36,1,5
238,random,2841,30,0,budget,0,59,true,4,465,68,106,0.1,0.9,0,0,0,1,18,normal,false,5,11,226,2615,0,0,0,false,false,true,0,0,2841,30,0,
239,random,5311,40,10,budget,0,94,true,5,830,98,153,0.1,0.775,0.1,0.025,0,5,6,crash,false,10,16,256,3670,710,675,0,true,false,false,0,0,5311,40,0,
240,random,17614,82,52,budget,0,93,true,8,5675,189,292,0.12195121951219512,0.6463414634146342,0.18292682926829268,0.04878048780487805,0,24,2,crash,false,9,38,514,4035,7890,5175,0,true,false,false,0,0,17614,82,0,
241,random,2028,30,0,budget,0,55,true,3,300,54,108,0.5,0.5,0,0,0,2,11,crash,false,7,10,618,1410,0,0,0,false,false,true,0,0,2028,30,0,
242,random,8026,34,4,budget,0,76,true,8,2485,102,184,0.38235294117647056,0.5588235294117647,0.058823529411764705,0,0,6,11,normal,false,8,16,666,7150,210,0,0,false,false,true,0,0,8026,34,0,
243,random,13573,75,45,budget,3,100,true,4,1020,168,234,0.02666666666666667,0.6,0.13333333333333333,0.04,0.2,13,1,crash,false,8,34,23,4220,2370,1800,5160,false,true,false,5520,15,8053,60,2,4|2
244,random,2954,30,0,budget,0,55,true,4,405,62,102,0.23333333333333334,0.7666666666666667,0,0,0,2,15,normal,false,6,10,294,2660,0,0,0,false,false,false,0,0,2954,30,0,
245,random,3763,36,6,budget,0,74,true,5,705,82,117,0.08333333333333333,0.8888888888888888,0.027777777777777776,0,0,4,3,crash,false,6,13,68,3605,90,0,0,false,false,false,0,0,3763,36,0,
246,random,2225,32,2,budget,0,72,true,4,430,51,90,0.25,0.71875,0.03125,0,0,2,10,crash,false,9,7,220,1915,90,0,0,false,false,false,0,0,2225,32,0,
247,random,19600,98,68,budget,2,100,true,5,2160,255,316,0,0.5510204081632653,0.3163265306122449,0.030612244897959183,0.10204081632653061,27,2,normal,false,5,45,60,6770,4670,3900,4200,false,false,false,6120,10,13480,88,2,4|3
248,random,1898,30,0,budget,0,52,true,3,285,49,89,0.4666666666666667,0.5333333333333333,0,0,0,4,11,crash,false,6,11,378,1520,0,0,0,false,false,false,0,0,1898,30,0,
249,random,5686,43,13,budget,1,100,true,5,570,100,135,0.06976744186046512,0.6744186046511628,0.11627906976744186,0.023255813953488372,0.11627906976744186,4,11,crash,false,4,19,46,3310,620,450,1260,false,false,false,1590,5,4096,38,1,3
250,random,2974,25,0,lock,0,69,true,5,1150,61,98,0.2,0.8,0,0,0,2,21,normal,false,5,10,279,2695,0,0,0,false,false,false,0,0,2974,25,0,
251,random,1632,30,0,budget,0,53,true,4,210,33,84,0.3333333333333333,0.6666666666666666,0,0,0,0,-1,crash,false,7,4,462,1170,0,0,0,false,false,false,0,0,1632,30,0,
252,random,4101,30,0,budget,0,67,true,5,855,81,132,0.16666666666666666,0.8333333333333334,0,0,0,2,17,normal,false,5,11,421,3680,0,0,0,false,false,false,0,0,4101,30,0,
253,random,3960,40,10,budget,0,84,true,3,590,83,111,0.025,0.8,0.175,0,0,6,15,normal,false,6,15,15,2715,1230,0,0,false,false,false,0,0,3960,40,0,
254,random,3099,30,0,budget,0,61,true,4,318,70,109,0.23333333333333334,0.7666666666666667,0,0,0,3,21,normal,false,4,11,499,2600,0,0,0,false,false,false,0,0,3099,30,0,
255,random,5286,44,14,budget,0,96,true,4,830,101,156,0.3181818181818182,0.5454545454545454,0.13636363636363635,0,0,11,3,normal,false,6,20,446,2450,2120,270,0,true,true,false,0,0,5286,44,0,
256,random,4566,38,8,budget,0,92,true,4,1250,92,129,0.07894736842105263,0.7631578947368421,0.10526315789473684,0.05263157894736842,0,6,8,normal,false,4,17,251,2450,1550,315,0,true,false,false,0,0,4566,38,0,
257,random,3363,30,0,budget,0,66,true,5,615,78,105,0.1,0.9,0,0,0,2,16,normal,false,7,12,158,3205,0,0,0,false,false,false,0,0,3363,30,0,
258,random,2705,42,12,budget,0,80,true,3,255,72,113,0.2857142857142857,0.6666666666666666,0.047619047619047616,0,0,10,1,normal,false,5,21,540,1805,360,0,0,false,false,true,0,0,2705,42,0,
259,random,2756,30,0,budget,0,52,true,5,660,58,103,0.4666666666666667,0.5333333333333333,0,0,0,4,5,crash,false,6,9,596,2160,0,0,0,false,false,false,0,0,2756,30,0,
260,random,1776,30,0,budget,0,63,true,3,195,46,83,0.23333333333333334,0.7666666666666667,0,0,0,2,17,normal,false,5,8,241,1535,0,0,0,false,false,true,0,0,1776,30,0,
261,random,11627,55,25,budget,1,100,true,6,1170,140,208,0.14545454545454545,0.4909090909090909,0.21818181818181817,0.05454545454545454,0.09090909090909091,12,1,normal,false,5,28,392,4710,2550,855,3120,false,true,true,2070,5,9557,50,1,11
262,random,6955,46,16,budget,0,94,true,5,1005,119,153,0.043478260869565216,0.782608695652174,0.15217391304347827,0.021739130434782608,0,9,5,normal,false,7,19,60,4150,1260,1485,0,true,false,false,0,0,6955,46,0,
263,random,1903,32,2,budget,0,83,true,3,230,56,96,0.375,0.59375,0.03125,0,0,4,3,normal,false,6,8,728,905,270,0,0,false,false,false,0,0,1903,32,0,
264,random,5420,36,6,budget,0,94,false,4,510,108,140,0,0.8611111111111112,0.1111111111111111,0.027777777777777776,0,3,5,normal,false,5,16,0,4615,400,405,0,true,false,false,0,0,5420,36,0,
265,random,8275,49,19,budget,1,100,true,5,2370,110,141,0.061224489795918366,0.6530612244897959,0.12244897959183673,0.061224489795918366,0.10204081632653061,7,9,normal,false,15,23,90,1930,3420,495,2340,false,false,false,2910,5,5365,44,0,
266,random,6420,48,18,budget,0,91,true,4,510,135,176,0,0.8333333333333334,0.14583333333333334,0.020833333333333332,0,8,1,normal,false,5,24,30,5295,960,135,0,true,false,true,0,0,6420,48,0,
267,random,7893,43,13,budget,1,100,true,4,1740,105,151,0.06976744186046512,0.6744186046511628,0.13953488372093023,0,0.11627906976744186,6,5,crash,false,10,16,68,3605,1340,540,2340,false,false,false,2300,5,5593,38,1,6
268,random,6994,58,28,budget,0,93,true,4,1350,125,171,0.08620689655172414,0.7413793103448276,0.1206896551724138,0.05172413793103448,0,14,1,crash,false,5,24,424,3000,3120,450,0,true,false,false,0,0,6994,58,0,
269,random,3585,15,15,lock,1,100,false,3,1020,34,33,0,0.3333333333333333,0.26666666666666666,0.06666666666666667,0.3333333333333333,5,4,keto,false,3,11,0,195,360,90,2940,false,true,true,2010,5,1575,10,1,3
270,random,3075,30,0,budget,0,66,true,3,355,71,100,0.03333333333333333,0.9666666666666667,0,0,0,1,27,normal,false,9,9,15,3060,0,0,0,false,false,false,0,0,3075,30,0,
271,random,2578,30,0,budget,0,62,true,4,555,44,112,0.3333333333333333,0.6666666666666666,0,0,0,1,21,crash,false,6,11,508,2070,0,0,0,false,false,false,0,0,2578,30,0,
272,random,3584,32,2,budget,0,81,true,6,956,77,127,0.15625,0.8125,0.03125,0,0,1,4,crash,false,9,8,1099,2125,360,0,0,false,false,false,0,0,3584,32,0,
273,random,4675,34,4,budget,0,86,true,4,615,95,130,0.029411764705882353,0.9117647058823529,0.058823529411764705,0,0,2,5,normal,false,7,9,65,3865,340,405,0,false,false,true,0,0,4675,34,0,
274,random,4348,32,2,budget,0,75,true,5,950,88,119,0.125,0.875,0,0,0,5,6,normal,false,8,12,358,3720,270,0,0,false,false,false,0,0,4348,32,0,
275,random,1681,30,0,budget,0,50,true,3,225,48,103,0.5,0.5,0,0,0,1,14,crash,false,5,8,571,1110,0,0,0,false,false,false,0,0,1681,30,0,
276,random,2732,30,4,lock,0,80,true,4,565,61,113,0.36666666666666664,0.6,0.03333333333333333,0,0,6,1,normal,false,7,12,382,2260,90,0,0,false,false,false,0,0,2732,30,0,
277,random,3970,30,0,budget,0,68,true,5,885,87,106,0.06666666666666667,0.9333333333333333,0,0,0,2,10,normal,false,7,11,30,3940,0,0,0,false,false,true,0,0,3970,30,0,
278,random,2640,30,0,budget,0,58,true,3,255,60,88,0.13333333333333333,0.8666666666666667,0,0,0,4,8,normal,false,4,15,105,2535,0,0,0,false,false,true,0,0,2640,30,0,
279,random,2577,30,0,budget,0,62,true,3,335,62,111,0.36666666666666664,0.6333333333333333,0,0,0,3,10,crash,false,5,11,492,2085,0,0,0,false,false,true,0,0,2577,30,0,
280,random,3195,30,0,budget,0,68,true,4,540,70,95,0.03333333333333333,0.9666666666666667,0,0,0,1,25,normal,false,6,12,45,3150,0,0,0,false,false,true,0,0,3195,30,0,
281,random,8245,46,16,budget,0,97,true,4,1125,104,176,0.08695652173913043,0.7608695652173914,0.10869565217391304,0.043478260869565216,0,10,1,normal,false,11,18,345,2865,3370,1665,0,true,true,true,0,0,8245,46,0,
282,random,4786,32,2,budget,0,72,true,7,1740,80,131,0.15625,0.8125,0.03125,0,0,3,2,normal,false,6,15,361,4335,90,0,0,false,false,false,0,0,4786,32,0,
283,random,3631,36,6,budget,0,81,true,3,735,68,114,0.16666666666666666,0.7777777777777778,0.05555555555555555,0,0,4,5,crash,false,10,9,271,2310,1050,0,0,false,false,false,0,0,3631,36,0,
284,random,4519,32,2,budget,0,74,true,5,580,87,141,0.28125,0.71875,0,0,0,4,1,normal,false,7,15,894,3355,270,0,0,false,false,true,0,0,4519,32,0,
285,random,4384,32,2,budget,0,71,true,5,690,74,116,0.125,0.875,0,0,0,2,11,crash,false,9,11,189,4195,0,0,0,false,false,true,0,0,4384,32,0,
286,random,8999,43,13,budget,1,100,true,5,2240,103,151,0.11627906976744186,0.627906976744186,0.11627906976744186,0.023255813953488372,0.11627906976744186,7,7,normal,false,7,19,354,3265,380,1080,3920,false,true,true,1950,5,7049,38,1,4
287,random,6415,46,16,budget,0,89,true,5,675,112,165,0.021739130434782608,0.8260869565217391,0.15217391304347827,0,0,8,8,normal,false,5,20,15,5025,970,405,0,false,false,true,0,0,6415,46,0,
288,random,2580,27,14,lock,0,94,false,3,675,52,58,0,0.7777777777777778,0.14814814814814814,0.07407407407407407,0,6,10,normal,false,9,10,0,990,780,810,0,true,false,false,0,0,2580,27,0,
289,random,3113,30,0,budget,0,53,true,4,480,60,123,0.36666666666666664,0.6333333333333333,0,0,0,1,20,crash,false,4,11,758,2355,0,0,0,false,false,false,0,0,3113,30,0,
290,random,2612,30,0,budget,0,64,true,4,485,57,97,0.2,0.8,0,0,0,1,29,crash,false,5,9,227,2385,0,0,0,false,false,false,0,0,2612,30,0,
291,random,6157,43,13,budget,1,100,true,4,540,98,148,0.13953488372093023,0.6511627906976745,0.09302325581395349,0,0.11627906976744186,3,8,crash,false,7,13,332,3635,390,240,1560,false,false,true,1740,5,4417,38,0,
292,random,4128,32,2,budget,0,84,true,5,1050,72,109,0.0625,0.8125,0.125,0,0,3,9,normal,false,4,16,248,2370,1510,0,0,false,false,true,0,0,4128,32,0,
293,random,3975,36,6,budget,0,80,true,4,690,81,109,0,0.9444444444444444,0.05555555555555555,0,0,3,21,normal,false,6,15,30,3105,840,0,0,false,false,true,0,0,3975,36,0,
294,random,2153,30,0,budget,0,63,true,3,270,51,78,0.1,0.9,0,0,0,1,5,crash,false,8,9,68,2085,0,0,0,false,false,false,0,0,2153,30,0,
295,random,3291,30,0,budget,0,51,true,6,586,64,115,0.23333333333333334,0.7666666666666667,0,0,0,4,14,normal,false,6,13,876,2415,0,0,0,false,false,true,0,0,3291,30,0,
296,random,2404,30,0,budget,0,58,true,5,600,58,96,0.3,0.7,0,0,0,3,14,crash,false,9,8,289,2115,0,0,0,false,false,true,0,0,2404,30,0,
297,random,4245,39,9,budget,1,100,true,4,525,86,115,0.2564102564102564,0.5641025641025641,0.02564102564102564,0.02564102564102564,0.1282051282051282,5,2,normal,false,7,12,405,2550,330,120,840,false,false,true,720,5,3525,34,1,2
298,random,3213,30,0,budget,0,50,true,4,500,75,122,0.23333333333333334,0.7666666666666667,0,0,0,5,5,crash,false,3,17,223,2990,0,0,0,false,false,false,0,0,3213,30,0,
299,random,3398,32,2,budget,0,74,true,5,555,79,116,0.125,0.84375,0.03125,0,0,3,3,normal,false,6,12,513,2795,90,0,0,false,false,false,0,0,3398,32,0,
300,random,3348,38,8,budget,0,87,true,5,570,72,106,0.15789473684210525,0.7894736842105263,0.05263157894736842,0,0,5,3,crash,false,5,15,208,2420,720,0,0,false,false,false,0,0,3348,38,0,
301,random,6570,55,25,budget,1,100,false,4,690,122,140,0,0.7818181818181819,0.12727272727272726,0,0.09090909090909091,9,17,normal,false,5,26,0,3370,1430,630,1140,false,false,false,1710,5,4860,50,1,2
302,random,3014,32,2,budget,0,82,true,3,420,66,108,0.28125,0.6875,0.03125,0,0,6,4,normal,false,6,13,389,2205,420,0,0,false,false,true,0,0,3014,32,0,
303,random,3367,30,0,budget,0,54,true,5,585,65,124,0.3333333333333333,0.6666666666666666,0,0,0,2,10,crash,false,5,10,332,3035,0,0,0,false,false,false,0,0,3367,30,0,
304,random,1460,17,4,lock,0,72,false,3,315,42,50,0,0.9411764705882353,0.058823529411764705,0,0,2,6,normal,false,5,6,0,1370,90,0,0,false,false,false,0,0,1460,17,0,
305,random,3625,34,4,budget,0,79,false,6,995,83,100,0,1,0,0,0,2,3,normal,false,11,11,0,3355,270,0,0,false,false,true,0,0,3625,34,0,
306,random,19653,90,60,budget,4,100,true,5,3780,214,272,0.03333333333333333,0.4666666666666667,0.23333333333333334,0.044444444444444446,0.2222222222222222,21,1,normal,false,10,42,273,3740,3120,1620,10900,false,true,false,9520,20,10133,70,4,5|3|4|2
307,random,3528,30,0,budget,0,50,true,4,740,71,149,0.5666666666666667,0.43333333333333335,0,0,0,4,6,crash,false,4,14,878,2650,0,0,0,false,false,false,0,0,3528,30,0,
308,random,3812,30,0,budget,0,59,true,5,900,68,109,0.2,0.8,0,0,0,3,5,crash,false,6,11,287,3525,0,0,0,false,false,false,0,0,3812,30,0,
309,random,4080,42,12,budget,0,94,true,3,460,87,120,0.09523809523809523,0.7142857142857143,0.14285714285714285,0.047619047619047616,0,8,11,normal,false,5,21,150,2305,950,675,0,true,false,true,0,0,4080,42,0,
310,random,3610,36,6,budget,0,92,true,5,685,78,100,0.027777777777777776,0.8888888888888888,0.05555555555555555,0.027777777777777776,0,3,8,normal,false,6,15,60,2955,460,135,0,true,false,true,0,0,3610,36,0,
311,random,4203,45,15,budget,1,100,true,3,570,86,111,0.1111111111111111,0.6888888888888889,0.06666666666666667,0.022222222222222223,0.1111111111111111,8,1,normal,false,6,21,83,2230,840,90,960,false,false,false,870,5,3333,40,1,2
312,random,9084,39,9,budget,1,100,true,5,3570,96,119,0.15384615384615385,0.6666666666666666,0.05128205128205128,0,0.1282051282051282,3,3,crash,false,9,11,189,2655,150,3510,2580,false,false,false,5790,5,3294,34,1,2
313,random,2853,30,0,budget,0,62,true,5,490,69,118,0.4,0.6,0,0,0,4,6,normal,false,6,14,1113,1740,0,0,0,false,false,false,0,0,2853,30,0,
314,random,4381,31,2,lock,0,70,true,4,900,87,125,0.0967741935483871,0.9032258064516129,0,0,0,2,7,normal,false,11,10,296,4085,0,0,0,false,false,false,0,0,4381,31,0,
315,random,2982,34,4,budget,0,75,true,4,495,59,112,0.4411764705882353,0.5294117647058824,0.029411764705882353,0,0,3,8,crash,false,5,10,567,1965,450,0,0,false,false,true,0,0,2982,34,0,
316,random,135,3,0,lock,0,58,false,1,75,6,5,0,1,0,0,0,0,-1,normal,false,3,0,0,135,0,0,0,false,false,false,0,0,135,3,0,
317,random,2901,30,0,budget,0,64,true,5,600,58,89,0.16666666666666666,0.8333333333333334,0,0,0,0,-1,crash,false,10,7,166,2735,0,0,0,false,false,false,0,0,2901,30,0,
318,random,4621,30,0,budget,0,69,true,5,885,85,128,0.13333333333333333,0.8666666666666667,0,0,0,1,26,crash,false,5,9,141,4480,0,0,0,false,false,false,0,0,4621,30,0,
319,random,5252,30,0,budget,0,62,true,7,1455,73,133,0.16666666666666666,0.8333333333333334,0,0,0,1,6,crash,false,4,12,557,4695,0,0,0,false,false,false,0,0,5252,30,0,
320,random,2910,46,16,budget,0,88,false,3,240,81,87,0,0.8043478260869565,0.17391304347826086,0.021739130434782608,0,8,4,normal,false,9,20,0,1885,890,135,0,false,false,true,0,0,2910,46,0,
321,random,2850,30,0,budget,0,52,true,4,645,55,119,0.36666666666666664,0.6333333333333333,0,0,0,5,4,crash,false,2,14,575,2275,0,0,0,false,false,false,0,0,2850,30,0,
322,random,3676,38,8,budget,0,86,true,3,330,78,124,0.13157894736842105,0.7105263157894737,0.15789473684210525,0,0,7,4,crash,false,5,19,296,2450,930,0,0,false,false,false,0,0,3676,38,0,
323,random,2479,30,0,budget,0,64,true,3,300,56,97,0.4,0.6,0,0,0,2,17,normal,false,10,9,384,2095,0,0,0,false,false,false,0,0,2479,30,0,
324,random,18690,79,49,budget,3,100,false,5,2720,217,258,0,0.5443037974683544,0.22784810126582278,0.0379746835443038,0.189873417721519,15,1,normal,false,13,32,0,5290,3630,1530,8240,false,true,false,5680,15,13010,64,2,11|7
325,random,425,3,0,lock,0,69,false,3,305,7,14,0,1,0,0,0,0,-1,normal,false,2,1,0,425,0,0,0,false,false,false,0,0,425,3,0,
326,random,2458,30,0,budget,0,62,true,4,390,53,90,0.2,0.8,0,0,0,4,8,normal,false,5,11,223,2235,0,0,0,false,false,true,0,0,2458,30,0,
327,random,4300,32,2,budget,0,76,true,7,1485,77,113,0.03125,0.9375,0.03125,0,0,1,10,crash,false,10,9,0,4210,90,0,0,false,false,false,0,0,4300,32,0,
328,random,8092,52,22,budget,0,94,true,6,1815,107,172,0.25,0.5961538461538461,0.1346153846153846,0.019230769230769232,0,10,4,crash,false,7,23,477,3140,3260,1215,0,true,false,false,0,0,8092,52,0,
329,random,2877,30,0,budget,0,52,true,5,630,60,119,0.5333333333333333,0.4666666666666667,0,0,0,5,12,normal,false,3,15,852,2025,0,0,0,false,false,true,0,0,2877,30,0,
330,random,3710,34,4,budget,0,77,true,3,345,89,114,0,0.9411764705882353,0.058823529411764705,0,0,2,25,normal,false,6,17,30,3500,180,0,0,false,false,false,0,0,3710,34,0,
331,random,6593,45,15,budget,1,100,true,4,960,104,147,0.08888888888888889,0.6222222222222222,0.15555555555555556,0.022222222222222223,0.1111111111111111,7,11,crash,false,5,18,248,2925,1140,360,1920,false,true,true,1830,5,4763,40,1,3
332,random,2213,30,0,budget,0,50,true,4,285,58,115,0.7333333333333333,0.26666666666666666,0,0,0,4,5,crash,false,5,9,1343,870,0,0,0,false,false,false,0,0,2213,30,0,
333,random,3366,30,0,budget,0,62,true,5,600,64,112,0.23333333333333334,0.7666666666666667,0,0,0,4,12,normal,false,4,11,306,3060,0,0,0,false,false,true,0,0,3366,30,0,
334,random,3634,32,2,budget,0,73,true,6,975,75,121,0.21875,0.75,0.03125,0,0,2,8,crash,false,7,10,359,3185,90,0,0,false,false,false,0,0,3634,32,0,
335,random,3205,38,8,budget,0,78,true,3,455,70,108,0.10526315789473684,0.8157894736842105,0.07894736842105263,0,0,8,3,normal,false,5,17,85,2670,450,0,0,false,false,false,0,0,3205,38,0,
336,random,1511,30,0,budget,0,51,true,3,165,43,98,0.7666666666666667,0.23333333333333334,0,0,0,2,18,normal,false,8,9,856,655,0,0,0,false,false,true,0,0,1511,30,0,
337,random,4093,32,2,budget,0,71,true,5,660,78,128,0.1875,0.8125,0,0,0,6,4,normal,false,4,15,268,3825,0,0,0,false,false,false,0,0,4093,32,0,
338,random,3696,32,2,budget,0,79,true,5,615,74,120,0.1875,0.78125,0.03125,0,0,4,3,normal,false,12,9,341,3265,90,0,0,false,false,false,0,0,3696,32,0,
339,random,4303,30,0,budget,0,62,true,5,760,78,119,0.06666666666666667,0.9333333333333333,0,0,0,2,24,normal,false,3,13,143,4160,0,0,0,false,false,false,0,0,4303,30,0,
340,random,3615,27,12,lock,0,94,false,4,735,67,78,0,0.6296296296296297,0.37037037037037035,0,0,5,5,normal,false,5,10,0,1770,900,945,0,true,false,false,0,0,3615,27,0,
341,random,9510,45,15,budget,1,100,false,4,1740,125,158,0,0.8,0.06666666666666667,0.022222222222222223,0.1111111111111111,6,9,normal,false,7,19,0,4760,560,90,4100,false,false,false,4010,5,5500,40,1,3
342,random,2200,30,0,budget,0,66,true,3,345,58,92,0.4,0.6,0,0,0,3,9,normal,false,5,9,445,1755,0,0,0,false,false,true,0,0,2200,30,0,
343,random,4286,30,0,budget,0,62,true,6,975,81,122,0.16666666666666666,0.8333333333333334,0,0,0,3,12,normal,false,5,11,231,4055,0,0,0,false,false,false,0,0,4286,30,0,
344,random,2796,30,0,budget,0,55,true,3,325,68,106,0.3,0.7,0,0,0,4,5,normal,false,5,9,541,2255,0,0,0,false,false,false,0,0,2796,30,0,
345,random,9830,48,18,budget,0,92,true,7,2665,131,199,0.020833333333333332,0.7708333333333334,0.125,0.08333333333333333,0,9,3,normal,false,7,21,165,4735,4300,630,0,true,false,false,0,0,9830,48,0,
346,random,3603,30,0,budget,0,66,true,4,470,81,121,0.1,0.9,0,0,0,3,6,normal,false,8,12,113,3490,0,0,0,false,false,true,0,0,3603,30,0,
347,random,3079,30,0,budget,0,56,true,4,555,70,121,0.36666666666666664,0.6333333333333333,0,0,0,5,5,crash,false,5,14,824,2255,0,0,0,false,false,false,0,0,3079,30,0,
348,random,8309,48,18,budget,0,97,true,5,2490,122,176,0.08333333333333333,0.7083333333333334,0.16666666666666666,0.041666666666666664,0,9,7,normal,false,4,23,299,4350,1410,2250,0,true,true,false,0,0,8309,48,0,
349,random,2545,30,0,budget,0,57,true,4,390,62,103,0.3,0.7,0,0,0,3,7,crash,false,5,12,475,2070,0,0,0,false,false,true,0,0,2545,30,0,
350,random,1921,30,0,budget,0,53,true,3,330,48,88,0.3333333333333333,0.6666666666666666,0,0,0,3,21,normal,false,6,11,396,1525,0,0,0,false,false,false,0,0,1921,30,0,
351,random,3811,34,4,budget,0,81,true,5,1215,80,110,0.20588235294117646,0.7647058823529411,0.029411764705882353,0,0,3,6,normal,false,5,13,271,2670,870,0,0,false,false,true,0,0,3811,34,0,
352,random,2461,32,2,budget,0,77,true,5,483,62,111,0.375,0.59375,0.03125,0,0,3,4,normal,false,7,9,906,1465,90,0,0,false,false,true,0,0,2461,32,0,
353,random,3163,34,4,budget,0,74,true,4,510,60,124,0.5294117647058824,0.47058823529411764,0,0,0,5,4,crash,false,4,12,958,1575,630,0,0,false,false,false,0,0,3163,34,0,
354,random,3402,30,0,budget,0,64,true,4,585,72,112,0.3,0.7,0,0,0,2,23,normal,false,6,9,347,3055,0,0,0,false,false,true,0,0,3402,30,0,
355,random,3729,30,0,budget,0,52,true,5,690,63,117,0.3,0.7,0,0,0,2,7,crash,false,5,9,234,3495,0,0,0,false,false,false,0,0,3729,30,0,
356,random,3191,32,2,budget,0,71,true,6,930,69,107,0.1875,0.8125,0,0,0,2,4,normal,false,6,10,471,2450,270,0,0,false,false,false,0,0,3191,32,0,
357,random,13481,53,23,budget,1,100,true,7,5220,136,183,0.03773584905660377,0.660377358490566,0.18867924528301888,0.018867924528301886,0.09433962264150944,9,1,normal,false,6,22,571,3000,1980,90,7840,false,false,false,6910,5,6571,48,1,2
358,random,2281,30,0,budget,0,50,true,4,545,51,99,0.43333333333333335,0.5666666666666667,0,0,0,2,13,crash,false,8,9,401,1880,0,0,0,false,false,false,0,0,2281,30,0,
359,random,3315,30,0,budget,0,62,true,4,480,66,102,0.06666666666666667,0.9333333333333333,0,0,0,2,18,normal,false,9,9,30,3285,0,0,0,false,false,false,0,0,3315,30,0,
360,random,2893,30,0,budget,0,68,true,3,285,66,102,0.1,0.9,0,0,0,1,16,crash,false,4,11,128,2765,0,0,0,false,false,false,0,0,2893,30,0,
361,random,11609,45,15,budget,1,100,true,5,2280,131,190,0.1111111111111111,0.6888888888888889,0.08888888888888889,0,0.1111111111111111,7,1,normal,false,4,18,384,4605,1360,360,4900,false,false,false,5140,5,6469,40,1,2
362,random,2123,30,0,budget,0,62,true,3,270,53,93,0.2,0.8,0,0,0,3,16,normal,false,4,13,218,1905,0,0,0,false,false,true,0,0,2123,30,0,
363,random,2210,30,0,budget,0,67,true,3,420,43,99,0.4666666666666667,0.5333333333333333,0,0,0,2,8,crash,false,7,8,395,1815,0,0,0,false,false,false,0,0,2210,30,0,
364,random,1641,30,0,budget,0,50,true,3,180,44,91,0.5,0.5,0,0,0,3,6,crash,false,6,8,801,840,0,0,0,false,false,false,0,0,1641,30,0,
365,random,2994,30,0,budget,0,62,true,5,525,64,109,0.23333333333333334,0.7666666666666667,0,0,0,2,12,crash,false,7,9,324,2670,0,0,0,false,false,false,0,0,2994,30,0,
366,random,2670,30,0,budget,0,64,true,3,345,59,96,0.23333333333333334,0.7666666666666667,0,0,0,2,6,normal,false,7,12,205,2465,0,0,0,false,false,false,0,0,2670,30,0,
367,random,5200,39,9,budget,1,100,false,4,720,83,117,0,0.7948717948717948,0.05128205128205128,0.02564102564102564,0.1282051282051282,2,13,normal,false,5,16,0,2500,330,150,2220,false,false,true,1830,5,3370,34,1,2
368,random,1884,30,0,budget,0,53,true,4,315,57,104,0.7,0.3,0,0,0,2,18,normal,false,9,8,1014,870,0,0,0,false,false,true,0,0,1884,30,0,
369,random,4450,30,0,budget,0,58,true,4,565,74,136,0.03333333333333333,0.9666666666666667,0,0,0,1,13,normal,false,8,12,100,4350,0,0,0,false,false,true,0,0,4450,30,0,
370,random,2555,30,0,budget,0,62,true,3,335,65,93,0.06666666666666667,0.9333333333333333,0,0,0,2,5,normal,false,4,11,110,2445,0,0,0,false,false,false,0,0,2555,30,0,
371,random,1397,19,0,lock,0,55,true,3,240,24,62,0.47368421052631576,0.5263157894736842,0,0,0,3,8,crash,false,7,3,167,1230,0,0,0,false,false,false,0,0,1397,19,0,
372,random,21395,104,74,budget,2,100,false,5,2400,277,343,0,0.625,0.23076923076923078,0.04807692307692308,0.09615384615384616,30,3,normal,false,9,51,0,5930,6480,1125,7860,false,false,false,7640,10,13755,94,2,3|2
373,random,165,4,0,lock,0,52,false,1,45,3,9,0,1,0,0,0,0,-1,normal,false,4,0,0,165,0,0,0,false,false,false,0,0,165,4,0,
374,random,18085,52,22,budget,2,100,true,6,4820,146,191,0.09615384615384616,0.6346153846153846,0.057692307692307696,0.019230769230769232,0.19230769230769232,9,2,normal,false,11,19,205,4210,1560,510,11600,false,false,true,12380,10,5705,42,2,2|2
375,random,3745,32,2,budget,0,74,true,4,390,90,139,0.25,0.71875,0.03125,0,0,3,4,normal,false,5,15,850,2805,90,0,0,false,false,true,0,0,3745,32,0,
376,random,2409,30,0,budget,0,50,true,3,295,49,105,0.26666666666666666,0.7333333333333333,0,0,0,3,12,crash,false,8,11,329,2080,0,0,0,false,false,false,0,0,2409,30,0,
377,random,1685,11,2,lock,0,70,false,3,395,31,48,0,1,0,0,0,1,8,normal,false,2,5,0,1685,0,0,0,false,false,true,0,0,1685,11,0,
378,random,2965,32,2,budget,0,70,true,4,420,66,97,0,1,0,0,0,1,24,normal,false,4,13,30,2935,0,0,0,false,false,false,0,0,2965,32,0,
379,random,9745,60,30,budget,0,95,false,4,1070,161,215,0,0.7,0.23333333333333334,0.06666666666666667,0,13,1,normal,false,8,24,0,4105,5100,540,0,true,true,false,0,0,9745,60,0,
380,random,15821,88,58,budget,2,100,true,4,1470,230,300,0.03409090909090909,0.5795454545454546,0.23863636363636365,0.03409090909090909,0.11363636363636363,20,5,normal,false,8,37,156,5000,5290,3255,2120,false,true,false,2210,10,13611,78,1,6
381,random,2108,32,2,budget,0,74,true,3,255,54,78,0.125,0.84375,0.03125,0,0,3,4,normal,false,3,12,113,1905,90,0,0,false,false,false,0,0,2108,32,0,
382,random,2050,30,0,budget,0,50,true,3,245,58,123,0.7333333333333333,0.26666666666666666,0,0,0,4,10,normal,false,8,9,975,1075,0,0,0,false,false,true,0,0,2050,30,0,
383,random,3310,30,0,budget,0,65,true,3,345,66,104,0,1,0,0,0,0,-1,normal,false,7,11,30,3280,0,0,0,false,false,false,0,0,3310,30,0,
384,random,6170,34,4,budget,0,73,true,7,1415,98,154,0.029411764705882353,0.9117647058823529,0.058823529411764705,0,0,3,1,normal,false,6,13,75,5915,180,0,0,false,false,false,0,0,6170,34,0,
385,random,2154,32,2,budget,0,77,true,3,330,60,92,0.28125,0.6875,0.03125,0,0,6,11,normal,false,6,16,294,1770,90,0,0,false,false,true,0,0,2154,32,0,
386,random,19368,89,59,budget,3,100,true,4,1620,247,283,0.02247191011235955,0.550561797752809,0.21348314606741572,0.0449438202247191,0.16853932584269662,19,15,normal,false,5,45,128,4890,3280,3510,7560,false,true,false,7640,15,11728,74,3,2|15|2
387,random,8178,60,30,budget,0,94,true,5,1000,129,181,0.05,0.6333333333333333,0.23333333333333334,0.08333333333333333,0,16,1,crash,false,8,24,158,3675,2530,1815,0,true,false,false,0,0,8178,60,0,
388,random,3198,30,0,budget,0,65,true,3,345,69,107,0.06666666666666667,0.9333333333333333,0,0,0,0,-1,crash,false,5,14,83,3115,0,0,0,false,false,false,0,0,3198,30,0,
389,random,3053,32,2,budget,0,74,true,4,345,60,138,0.5625,0.40625,0.03125,0,0,2,4,crash,false,3,14,1343,1620,90,0,0,false,false,false,0,0,3053,32,0,
390,random,2549,30,0,budget,0,63,true,5,615,62,90,0.2,0.8,0,0,0,3,13,normal,false,4,9,249,2300,0,0,0,false,false,false,0,0,2549,30,0,
391,random,3859,30,0,budget,0,62,true,5,660,71,143,0.36666666666666664,0.6333333333333333,0,0,0,2,8,crash,false,7,13,729,3130,0,0,0,false,false,false,0,0,3859,30,0,
392,random,2770,34,4,budget,0,78,false,3,510,68,93,0,0.9411764705882353,0.058823529411764705,0,0,2,7,normal,false,6,12,0,2590,180,0,0,false,false,false,0,0,2770,34,0,
393,random,2522,34,4,budget,0,85,true,4,301,53,129,0.4117647058823529,0.5294117647058824,0.058823529411764705,0,0,1,2,crash,false,5,12,932,1290,300,0,0,false,false,true,0,0,2522,34,0,
394,random,9449,53,23,budget,1,100,true,5,1200,138,192,0.11320754716981132,0.6037735849056604,0.16981132075471697,0.018867924528301886,0.09433962264150944,11,2,normal,false,6,25,279,4690,1900,360,2220,false,true,true,1830,5,7619,48,1,4
395,random,3820,32,2,budget,0,74,false,4,515,85,108,0,0.96875,0.03125,0,0,1,29,normal,false,4,16,0,3730,90,0,0,false,false,true,0,0,3820,32,0,
396,random,6387,52,22,budget,0,94,true,4,1050,111,172,0.28846153846153844,0.5,0.19230769230769232,0.019230769230769232,0,11,4,normal,false,5,25,1082,1450,2910,945,0,true,false,false,0,0,6387,52,0,
397,random,3496,36,6,budget,0,93,true,6,885,65,103,0.16666666666666666,0.6944444444444444,0.1111111111111111,0.027777777777777776,0,6,2,crash,false,8,14,116,2765,480,135,0,true,false,false,0,0,3496,36,0,
398,random,2330,30,0,budget,0,62,true,4,420,58,83,0.06666666666666667,0.9333333333333333,0,0,0,2,14,normal,false,6,12,90,2240,0,0,0,false,false,false,0,0,2330,30,0,
399,random,2150,30,0,budget,0,59,false,3,315,56,75,0,1,0,0,0,0,-1,normal,false,4,8,0,2150,0,0,0,false,false,true,0,0,2150,30,0,
400,random,3923,38,8,budget,0,71,true,4,435,85,131,0.07894736842105263,0.9210526315789473,0,0,0,5,5,normal,false,5,16,478,3265,180,0,0,false,false,true,0,0,3923,38,0,
401,random,2654,32,2,budget,0,79,true,3,275,59,98,0.28125,0.6875,0.03125,0,0,4,11,crash,false,3,14,329,2235,90,0,0,false,false,false,0,0,2654,32,0,
402,random,4280,30,0,budget,0,52,true,5,750,92,123,0.1,0.9,0,0,0,3,3,normal,false,3,17,60,4220,0,0,0,false,false,true,0,0,4280,30,0,
403,random,2895,30,0,budget,0,62,true,4,420,64,90,0.03333333333333333,0.9666666666666667,0,0,0,1,20,normal,false,6,12,90,2805,0,0,0,false,false,false,0,0,2895,30,0,
404,random,6260,45,15,budget,1,100,true,5,1560,86,163,0.4,0.4,0.06666666666666667,0.022222222222222223,0.1111111111111111,9,2,normal,false,9,14,870,1360,2140,450,1440,false,false,true,1770,5,4490,40,1,3
405,random,2606,30,0,budget,0,69,true,4,590,61,108,0.5,0.5,0,0,0,4,17,normal,false,7,11,711,1895,0,0,0,false,false,true,0,0,2606,30,0,
406,random,3959,40,10,budget,0,81,true,6,676,90,128,0.15,0.8,0.05,0,0,7,4,normal,false,5,18,849,2390,720,0,0,false,false,false,0,0,3959,40,0,
407,random,5589,34,4,budget,0,92,true,8,2880,69,117,0.17647058823529413,0.7352941176470589,0.08823529411764706,0,0,4,1,normal,false,6,13,369,1920,3030,270,0,true,false,true,0,0,5589,34,0,
408,random,5813,42,12,budget,0,92,true,6,1065,104,142,0.09523809523809523,0.8095238095238095,0.07142857142857142,0.023809523809523808,0,8,10,normal,false,7,21,148,3970,1560,135,0,true,false,false,0,0,5813,42,0,
409,random,2541,30,0,budget,0,50,true,4,465,50,126,0.5666666666666667,0.43333333333333335,0,0,0,6,4,crash,false,4,14,711,1830,0,0,0,false,false,false,0,0,2541,30,0,
410,random,4967,30,0,budget,0,62,true,4,735,75,157,0.3,0.7,0,0,0,4,3,normal,false,3,14,477,4490,0,0,0,false,false,true,0,0,4967,30,0,
411,random,2136,30,0,budget,0,52,true,3,205,60,86,0.16666666666666666,0.8333333333333334,0,0,0,3,8,normal,false,5,12,221,1915,0,0,0,false,false,false,0,0,2136,30,0,
412,random,2919,30,0,budget,0,52,true,6,525,65,115,0.4,0.6,0,0,0,2,16,normal,false,7,11,1024,1895,0,0,0,false,false,true,0,0,2919,30,0,
413,random,4705,42,12,budget,0,81,true,4,740,93,137,0.09523809523809523,0.8095238095238095,0.09523809523809523,0,0,8,6,normal,false,4,21,90,3565,1050,0,0,false,false,false,0,0,4705,42,0,
414,random,8030,57,27,budget,1,100,true,5,1385,130,154,0.017543859649122806,0.6491228070175439,0.19298245614035087,0.05263157894736842,0.08771929824561403,10,2,normal,false,9,24,45,3270,2360,855,1500,false,true,false,2405,5,5625,52,0,
415,random,3472,38,8,budget,0,80,true,4,450,83,118,0.18421052631578946,0.7631578947368421,0.05263157894736842,0,0,6,6,normal,false,3,17,407,2885,180,0,0,false,false,false,0,0,3472,38,0,
416,random,10123,45,15,budget,1,100,true,6,1440,120,196,0.24444444444444444,0.5111111111111111,0.1111111111111111,0.022222222222222223,0.1111111111111111,8,11,crash,false,5,21,923,4550,360,630,3660,false,false,true,3740,5,6383,40,1,5
417,random,2449,36,6,budget,0,80,true,3,210,74,111,0.2777777777777778,0.6944444444444444,0.027777777777777776,0,0,5,1,crash,false,4,15,384,1975,90,0,0,false,false,false,0,0,2449,36,0,
418,random,9490,65,35,budget,1,100,true,4,1420,143,181,0.12307692307692308,0.5076923076923077,0.23076923076923078,0.06153846153846154,0.07692307692307693,12,1,crash,false,13,22,250,3065,2430,1485,2260,false,true,false,1080,5,8410,60,1,2
419,random,2559,30,0,budget,0,65,true,4,578,59,86,0.2,0.8,0,0,0,2,20,normal,false,12,8,264,2295,0,0,0,false,false,false,0,0,2559,30,0,
420,random,2085,21,0,lock,0,66,true,4,365,50,110,0.6666666666666666,0.3333333333333333,0,0,0,0,-1,crash,false,5,8,1075,1010,0,0,0,false,false,false,0,0,2085,21,0,
421,random,4083,30,0,budget,0,62,true,5,735,79,114,0.06666666666666667,0.9333333333333333,0,0,0,1,19,normal,false,6,11,88,3995,0,0,0,false,false,true,0,0,4083,30,0,
422,random,2704,28,0,lock,0,60,true,4,420,54,89,0.21428571428571427,0.7857142857142857,0,0,0,1,22,crash,false,7,10,174,2530,0,0,0,false,false,false,0,0,2704,28,0,
423,random,2870,30,0,budget,0,54,true,4,420,62,113,0.3333333333333333,0.6666666666666666,0,0,0,1,27,crash,false,7,12,670,2200,0,0,0,false,false,true,0,0,2870,30,0,
424,random,8995,45,15,budget,1,100,true,6,2160,117,167,0.06666666666666667,0.7555555555555555,0.06666666666666667,0,0.1111111111111111,8,10,normal,false,6,21,210,3135,2610,180,2860,false,false,true,2920,5,6075,40,1,2
425,random,5031,36,6,budget,0,94,true,5,1365,79,125,0.3611111111111111,0.5833333333333334,0.05555555555555555,0,0,5,2,normal,false,6,14,606,2265,1080,1080,0,true,false,false,0,0,5031,36,0,
426,random,3965,30,0,budget,0,66,true,6,970,79,105,0,1,0,0,0,0,-1,normal,false,8,12,30,3935,0,0,0,false,false,false,0,0,3965,30,0,
427,random,2859,34,4,budget,0,74,true,4,360,73,99,0.11764705882352941,0.8235294117647058,0.058823529411764705,0,0,3,2,normal,false,4,16,264,2415,180,0,0,false,false,false,0,0,2859,34,0,
428,random,2540,16,14,lock,0,86,false,3,600,39,48,0,0.5625,0.4375,0,0,6,2,normal,false,2,10,0,905,1230,405,0,false,false,false,0,0,2540,16,0,
429,random,3131,30,0,budget,0,62,true,6,975,66,106,0.3,0.7,0,0,0,2,20,normal,false,8,9,716,2415,0,0,0,false,false,true,0,0,3131,30,0,
430,random,3296,30,0,budget,0,57,true,6,860,67,108,0.23333333333333334,0.7666666666666667,0,0,0,3,10,crash,false,4,12,311,2985,0,0,0,false,false,false,0,0,3296,30,0,
431,random,3136,30,0,budget,0,66,true,4,765,66,96,0.16666666666666666,0.8333333333333334,0,0,0,2,5,normal,false,5,9,136,3000,0,0,0,false,false,true,0,0,3136,30,0,
432,random,1983,30,0,budget,0,62,true,4,270,51,110,0.5333333333333333,0.4666666666666667,0,0,0,5,7,crash,false,5,11,1008,975,0,0,0,false,false,false,0,0,1983,30,0,
433,random,3557,36,6,budget,0,81,true,5,600,78,109,0.1111111111111111,0.8611111111111112,0.027777777777777776,0,0,4,17,normal,false,11,13,592,2095,870,0,0,false,false,false,0,0,3557,36,0,
434,random,3607,30,0,budget,0,67,true,4,480,76,125,0.2,0.8,0,0,0,1,30,normal,false,9,10,382,3225,0,0,0,false,false,true,0,0,3607,30,0,
435,random,4508,34,4,budget,0,88,true,5,1418,94,135,0.20588235294117646,0.7352941176470589,0.029411764705882353,0.029411764705882353,0,6,3,crash,false,4,12,578,3600,60,270,0,false,false,false,0,0,4508,34,0,
436,random,4429,42,12,budget,0,80,true,4,500,92,136,0.11904761904761904,0.8095238095238095,0.07142857142857142,0,0,9,7,normal,false,6,21,354,3325,750,0,0,false,false,false,0,0,4429,42,0,
437,random,1060,15,2,lock,0,76,false,3,225,28,33,0,0.9333333333333333,0.06666666666666667,0,0,1,10,normal,false,5,5,0,970,90,0,0,false,false,false,0,0,1060,15,0,
438,random,4490,34,4,budget,0,80,true,5,720,94,137,0.029411764705882353,0.9117647058823529,0.058823529411764705,0,0,1,19,crash,false,5,15,105,4205,180,0,0,false,false,false,0,0,4490,34,0,
439,random,2693,30,0,budget,0,68,true,4,540,59,90,0.06666666666666667,0.9333333333333333,0,0,0,0,-1,crash,false,11,8,68,2625,0,0,0,false,false,false,0,0,2693,30,0,
440,random,8606,36,6,budget,0,94,true,6,4290,83,138,0.1388888888888889,0.75,0.1111111111111111,0,0,6,1,normal,false,12,14,276,2045,300,5985,0,true,false,false,0,0,8606,36,0,
441,random,3301,34,4,budget,0,75,true,4,460,70,111,0.058823529411764705,0.9117647058823529,0.029411764705882353,0,0,2,5,crash,false,4,13,271,2940,90,0,0,false,false,true,0,0,3301,34,0,
442,random,1660,30,0,budget,0,50,true,3,300,51,79,0.4666666666666667,0.5333333333333333,0,0,0,4,4,normal,false,4,12,385,1275,0,0,0,false,false,false,0,0,1660,30,0,
443,random,4275,40,10,budget,0,93,false,4,730,82,105,0,0.9,0.075,0.025,0,4,4,normal,false,7,18,0,2690,910,675,0,true,false,false,0,0,4275,40,0,
444,random,3235,30,0,budget,0,59,true,5,825,63,111,0.3,0.7,0,0,0,2,12,crash,false,6,7,385,2850,0,0,0,false,false,false,0,0,3235,30,0,
445,random,4760,42,26,lock,0,92,false,3,825,97,114,0,0.7857142857142857,0.19047619047619047,0.023809523809523808,0,11,11,keto,false,6,24,0,2570,1290,900,0,true,false,true,0,0,4760,42,0,
446,random,4744,38,8,budget,0,78,true,4,675,83,162,0.5,0.42105263157894735,0.07894736842105263,0,0,8,2,normal,false,8,15,974,2870,900,0,0,false,false,true,0,0,4744,38,0,
447,random,3740,36,6,budget,0,78,true,4,465,86,114,0.08333333333333333,0.8888888888888888,0.027777777777777776,0,0,6,3,normal,false,5,18,180,2990,570,0,0,false,false,true,0,0,3740,36,0,
448,random,2885,30,0,budget,0,50,true,6,638,67,118,0.4666666666666667,0.5333333333333333,0,0,0,4,11,normal,false,5,11,765,2120,0,0,0,false,false,false,0,0,2885,30,0,
449,random,4049,32,2,budget,0,72,true,4,720,80,114,0.1875,0.78125,0.03125,0,0,4,8,normal,false,5,13,309,3650,90,0,0,false,false,false,0,0,4049,32,0,
450,random,5875,42,12,budget,0,88,true,5,1040,98,146,0.023809523809523808,0.8095238095238095,0.14285714285714285,0.023809523809523808,0,5,1,normal,false,9,14,90,3640,1290,855,0,false,false,false,0,0,5875,42,0,
451,random,2261,30,0,budget,0,50,true,3,285,50,106,0.5666666666666667,0.43333333333333335,0,0,0,2,6,normal,false,5,14,866,1395,0,0,0,false,false,true,0,0,2261,30,0,
452,random,3940,34,4,budget,0,80,true,3,470,81,130,0.058823529411764705,0.9117647058823529,0.029411764705882353,0,0,3,6,crash,false,5,16,60,3520,360,0,0,false,false,false,0,0,3940,34,0,
453,random,12189,55,25,budget,1,100,true,5,1735,161,226,0.14545454545454545,0.6181818181818182,0.12727272727272726,0.01818181818181818,0.09090909090909091,9,1,crash,false,10,20,379,4955,2170,2925,1760,false,true,true,2630,5,9559,50,0,
454,random,12451,49,19,budget,1,100,true,5,4720,140,172,0.08163265306122448,0.5918367346938775,0.20408163265306123,0.02040816326530612,0.10204081632653061,6,18,normal,false,7,23,81,3750,1830,1350,5440,false,false,false,6685,5,5766,44,1,9
455,random,1939,30,0,budget,0,50,true,3,255,41,97,0.5666666666666667,0.43333333333333335,0,0,0,1,29,normal,false,8,9,619,1320,0,0,0,false,false,true,0,0,1939,30,0,
456,random,3911,30,0,budget,0,50,true,7,1215,69,130,0.4666666666666667,0.5333333333333333,0,0,0,5,4,normal,false,6,11,721,3190,0,0,0,false,false,true,0,0,3911,30,0,
457,random,3597,30,0,budget,0,66,true,5,1050,67,118,0.4,0.6,0,0,0,4,9,normal,false,6,7,457,3140,0,0,0,false,false,false,0,0,3597,30,0,
458,random,3412,30,0,budget,0,66,true,3,350,67,124,0.2,0.8,0,0,0,1,26,crash,false,9,12,392,3020,0,0,0,false,false,false,0,0,3412,30,0,
459,random,3928,40,10,budget,0,82,true,3,570,80,130,0.35,0.55,0.1,0,0,8,4,crash,false,8,15,488,2180,1260,0,0,false,false,false,0,0,3928,40,0,
460,random,2655,32,2,budget,0,75,true,4,480,65,84,0.09375,0.84375,0.0625,0,0,4,13,normal,false,5,13,75,2370,210,0,0,false,false,false,0,0,2655,32,0,
461,random,2210,30,0,budget,0,56,true,4,435,55,85,0.1,0.9,0,0,0,3,5,normal,false,7,6,115,2095,0,0,0,false,false,false,0,0,2210,30,0,
462,random,2631,30,0,budget,0,55,true,4,395,66,108,0.3333333333333333,0.6666666666666666,0,0,0,2,7,normal,false,5,10,911,1720,0,0,0,false,false,false,0,0,2631,30,0,
463,random,4903,41,11,budget,1,100,true,5,670,89,121,0.12195121951219512,0.6829268292682927,0.07317073170731707,0,0.12195121951219512,8,1,normal,false,5,14,518,2435,510,0,1440,false,false,true,1140,5,3763,36,1,2
464,random,3985,38,8,budget,0,78,false,4,570,93,118,0,0.9210526315789473,0.07894736842105263,0,0,4,1,normal,false,6,14,0,3505,480,0,0,false,false,false,0,0,3985,38,0,
465,random,4889,36,6,budget,0,77,true,5,1215,88,130,0.19444444444444445,0.8055555555555556,0,0,0,4,4,normal,false,7,12,234,4475,180,0,0,false,false,true,0,0,4889,36,0,
466,random,6620,51,21,budget,1,100,false,6,1070,117,154,0,0.7450980392156863,0.1568627450980392,0,0.09803921568627451,9,2,normal,false,6,18,0,4360,850,270,1140,false,false,true,880,5,5740,46,1,3
467,random,10568,73,43,budget,1,100,true,4,1680,144,193,0.0410958904109589,0.5616438356164384,0.2465753424657534,0.0821917808219178,0.0684931506849315,18,8,normal,false,7,32,53,2495,3460,1800,2760,false,true,false,1170,5,9398,68,1,4
468,random,2880,36,6,budget,0,74,true,3,425,71,100,0.027777777777777776,0.8888888888888888,0.08333333333333333,0,0,3,16,normal,false,9,13,15,2595,270,0,0,false,false,true,0,0,2880,36,0,
469,random,2325,30,0,budget,0,52,true,5,540,50,89,0.3,0.7,0,0,0,3,19,normal,false,6,11,235,2090,0,0,0,false,false,true,0,0,2325,30,0,
470,random,5770,40,10,budget,0,94,true,4,690,111,149,0,0.875,0.1,0.025,0,4,17,normal,false,7,18,70,3945,990,765,0,true,false,true,0,0,5770,40,0,
471,random,2663,32,2,budget,0,83,true,3,345,67,87,0.0625,0.875,0.0625,0,0,2,7,normal,false,6,11,38,2445,180,0,0,false,false,true,0,0,2663,32,0,
472,random,1580,30,0,budget,0,53,true,3,285,51,81,0.5,0.5,0,0,0,1,27,normal,false,7,6,665,915,0,0,0,false,false,false,0,0,1580,30,0,
473,random,4428,50,20,budget,0,86,true,4,535,97,133,0.02,0.86,0.12,0,0,10,4,normal,false,5,22,113,3115,1200,0,0,false,false,true,0,0,4428,50,0,
474,random,2664,30,0,budget,0,55,true,4,515,62,93,0.2,0.8,0,0,0,2,11,normal,false,5,8,219,2445,0,0,0,false,false,false,0,0,2664,30,0,
475,random,3363,36,6,budget,0,88,true,4,660,64,96,0.08333333333333333,0.8055555555555556,0.08333333333333333,0.027777777777777776,0,4,9,normal,false,8,13,53,2260,510,540,0,false,false,true,0,0,3363,36,0,
476,random,4080,34,4,budget,0,76,false,5,1125,80,113,0,0.9411764705882353,0.058823529411764705,0,0,1,23,normal,false,5,13,0,3900,180,0,0,false,false,true,0,0,4080,34,0,
477,random,20598,74,44,budget,2,100,true,7,2705,208,313,0.06756756756756757,0.4594594594594595,0.25675675675675674,0.08108108108108109,0.13513513513513514,18,10,crash,false,5,36,103,6105,8450,3900,2040,false,true,false,1970,10,18628,64,2,2|3
478,random,9746,65,35,budget,1,100,true,4,600,146,220,0.07692307692307693,0.6153846153846154,0.2,0.03076923076923077,0.07692307692307693,16,6,crash,false,6,33,291,3865,2690,1440,1460,false,false,false,1130,5,8616,60,1,5
479,random,8454,53,23,budget,1,100,true,4,1395,95,167,0.2830188679245283,0.4528301886792453,0.11320754716981132,0.05660377358490566,0.09433962264150944,12,2,crash,false,11,19,419,1340,2870,2745,1080,false,true,false,2295,5,6159,48,1,3
480,random,2625,30,0,budget,0,69,true,3,375,64,88,0.03333333333333333,0.9666666666666667,0,0,0,1,10,normal,false,5,12,60,2565,0,0,0,false,false,true,0,0,2625,30,0,
481,random,2727,30,0,budget,0,65,true,4,315,58,100,0.2,0.8,0,0,0,1,23,crash,false,15,6,392,2335,0,0,0,false,false,false,0,0,2727,30,0,
482,random,2878,36,6,budget,0,85,true,4,368,71,110,0.3333333333333333,0.5277777777777778,0.1388888888888889,0,0,6,2,normal,false,10,11,623,1715,540,0,0,false,false,true,0,0,2878,36,0,
483,random,4834,36,6,budget,0,90,true,4,945,91,137,0.1111111111111111,0.8333333333333334,0.05555555555555555,0,0,3,13,normal,false,6,12,339,3225,730,540,0,true,false,false,0,0,4834,36,0,
484,random,1511,30,0,budget,0,63,true,3,210,43,70,0.23333333333333334,0.7666666666666667,0,0,0,2,12,crash,false,13,5,166,1345,0,0,0,false,false,false,0,0,1511,30,0,
485,random,2418,30,0,budget,0,50,true,3,375,53,88,0.26666666666666666,0.7333333333333333,0,0,0,5,4,normal,false,8,13,218,2200,0,0,0,false,false,true,0,0,2418,30,0,
486,random,4129,30,0,budget,0,62,true,4,500,93,134,0.2,0.8,0,0,0,3,7,normal,false,6,12,324,3805,0,0,0,false,false,true,0,0,4129,30,0,
487,random,2960,30,0,budget,0,64,true,5,915,59,138,0.5666666666666667,0.43333333333333335,0,0,0,3,7,crash,false,4,11,1155,1805,0,0,0,false,false,false,0,0,2960,30,0,
488,random,3106,30,0,budget,0,62,true,3,300,61,103,0.2,0.8,0,0,0,2,7,crash,false,5,12,91,3015,0,0,0,false,false,false,0,0,3106,30,0,
489,random,10190,45,15,budget,1,100,true,5,2520,126,169,0.022222222222222223,0.7555555555555555,0.06666666666666667,0.044444444444444446,0.1111111111111111,6,5,normal,false,4,24,15,3590,1200,765,4620,false,false,false,2190,5,8000,40,1,5
490,random,3268,34,4,budget,0,74,true,3,335,78,104,0.11764705882352941,0.8529411764705882,0.029411764705882353,0,0,4,1,normal,false,6,14,128,2630,510,0,0,false,false,true,0,0,3268,34,0,
491,random,3454,30,0,budget,0,51,true,5,930,67,112,0.3333333333333333,0.6666666666666666,0,0,0,6,13,normal,false,3,12,354,3100,0,0,0,false,false,true,0,0,3454,30,0,
492,random,10440,59,29,budget,1,100,false,4,1480,138,184,0,0.6101694915254238,0.23728813559322035,0.06779661016949153,0.0847457627118644,9,1,normal,false,5,25,0,3460,2550,1530,2900,false,true,false,2810,5,7630,54,1,3
493,random,4454,43,13,budget,1,100,true,3,540,86,128,0.2558139534883721,0.5348837209302325,0.06976744186046512,0.023255813953488372,0.11627906976744186,6,1,normal,false,6,19,659,1815,360,180,1440,false,true,false,1440,5,3014,38,1,4
494,random,4460,30,0,budget,0,68,true,4,615,78,140,0,1,0,0,0,0,-1,normal,false,5,14,60,4400,0,0,0,false,false,false,0,0,4460,30,0,
495,random,6782,46,16,budget,0,97,true,6,1125,129,176,0.10869565217391304,0.717391304347826,0.15217391304347827,0.021739130434782608,0,7,3,normal,false,7,17,317,5175,1020,270,0,true,true,false,0,0,6782,46,0,
496,random,11445,53,23,budget,1,100,true,5,1790,133,192,0,0.7358490566037735,0.1320754716981132,0.03773584905660377,0.09433962264150944,8,9,normal,false,7,20,30,3325,5140,270,2680,false,false,false,2015,5,9430,48,1,5
497,random,3609,38,8,budget,0,91,true,3,660,77,112,0.15789473684210525,0.7105263157894737,0.10526315789473684,0.02631578947368421,0,5,6,normal,false,8,14,244,2155,670,540,0,true,false,true,0,0,3609,38,0,
498,random,3436,30,0,budget,0,62,true,5,745,73,102,0.06666666666666667,0.9333333333333333,0,0,0,1,8,normal,false,6,15,256,3180,0,0,0,false,false,false,0,0,3436,30,0,
499,random,3271,30,0,budget,0,59,true,4,420,63,112,0.13333333333333333,0.8666666666666667,0,0,0,3,14,normal,false,8,11,311,2960,0,0,0,false,false,true,0,0,3271,30,0,
500,random,2601,30,0,budget,0,62,true,4,555,49,109,0.5333333333333333,0.4666666666666667,0,0,0,4,8,crash,false,4,11,591,2010,0,0,0,false,false,false,0,0,2601,30,0,
501,random,2426,32,2,budget,0,72,true,5,446,49,108,0.3125,0.65625,0.03125,0,0,1,11,crash,false,7,7,801,1535,90,0,0,false,false,false,0,0,2426,32,0,
502,random,2532,30,0,budget,0,50,true,6,511,61,117,0.6333333333333333,0.36666666666666664,0,0,0,3,5,normal,false,5,9,1302,1230,0,0,0,false,false,false,0,0,2532,30,0,
503,random,5285,42,12,budget,0,77,true,5,885,104,150,0.023809523809523808,0.9285714285714286,0.047619047619047616,0,0,6,5,normal,false,6,21,15,4700,570,0,0,false,false,true,0,0,5285,42,0,
504,random,3940,32,2,budget,0,73,true,5,795,84,114,0.1875,0.78125,0.03125,0,0,3,2,normal,false,6,15,470,3350,120,0,0,false,false,false,0,0,3940,32,0,
505,random,4474,36,6,budget,0,88,true,4,555,87,143,0.16666666666666666,0.7777777777777778,0.05555555555555555,0,0,4,2,crash,false,6,11,484,2925,660,405,0,false,false,false,0,0,4474,36,0,
506,random,4267,36,6,budget,0,77,true,5,690,75,120,0.3333333333333333,0.6111111111111112,0.05555555555555555,0,0,3,2,normal,false,14,11,282,3805,180,0,0,false,false,true,0,0,4267,36,0,
507,random,2076,30,0,budget,0,50,true,3,445,50,99,0.5333333333333333,0.4666666666666667,0,0,0,5,7,crash,false,8,10,441,1635,0,0,0,false,false,false,0,0,2076,30,0,
508,random,3195,30,0,budget,0,65,true,5,615,67,124,0.2,0.8,0,0,0,1,16,crash,false,8,9,630,2565,0,0,0,false,false,false,0,0,3195,30,0,
509,random,3205,30,0,budget,0,65,true,3,470,77,100,0.1,0.9,0,0,0,3,16,normal,false,6,14,75,3130,0,0,0,false,false,true,0,0,3205,30,0,
510,random,4804,38,8,budget,0,82,true,6,935,82,127,0.13157894736842105,0.7631578947368421,0.10526315789473684,0,0,5,1,normal,false,5,15,104,3730,970,0,0,false,false,true,0,0,4804,38,0,
511,random,1955,30,0,budget,0,67,true,2,165,59,74,0.03333333333333333,0.9666666666666667,0,0,0,1,15,normal,false,7,10,15,1940,0,0,0,false,false,true,0,0,1955,30,0,
512,random,3093,34,4,budget,0,87,true,3,390,64,102,0.058823529411764705,0.8529411764705882,0.08823529411764706,0,0,4,7,normal,false,5,14,193,2330,300,270,0,false,false,false,0,0,3093,34,0,
513,random,2195,36,6,budget,0,73,false,2,225,60,83,0,0.9722222222222222,0.027777777777777776,0,0,2,2,normal,false,8,9,0,2075,120,0,0,false,false,false,0,0,2195,36,0,
514,random,6006,46,16,budget,0,92,true,5,980,126,172,0.15217391304347827,0.6739130434782609,0.15217391304347827,0.021739130434782608,0,9,2,normal,false,5,17,366,4110,990,540,0,true,false,true,0,0,6006,46,0,
515,random,2491,30,0,budget,0,61,true,5,480,57,89,0.23333333333333334,0.7666666666666667,0,0,0,2,22,crash,false,9,9,226,2265,0,0,0,false,false,false,0,0,2491,30,0,
516,random,5009,38,8,budget,0,79,true,5,795,101,146,0.18421052631578946,0.7368421052631579,0.07894736842105263,0,0,8,8,normal,false,5,19,534,3725,750,0,0,false,false,true,0,0,5009,38,0,
517,random,31075,90,60,budget,4,100,false,7,6380,277,332,0,0.4777777777777778,0.25555555555555554,0.044444444444444446,0.2222222222222222,15,2,normal,false,10,43,0,4240,5540,2355,18940,false,true,false,19090,20,11985,70,4,2|4|3|5
518,random,4890,34,4,budget,0,70,true,6,1285,77,131,0.08823529411764706,0.9117647058823529,0,0,0,4,3,crash,false,5,14,30,4860,0,0,0,false,false,false,0,0,4890,34,0,
519,random,7116,47,17,budget,1,100,true,5,1920,93,150,0.2978723404255319,0.5106382978723404,0.06382978723404255,0.02127659574468085,0.10638297872340426,8,2,normal,false,9,15,526,2375,720,435,3060,false,false,true,3240,5,3876,42,1,3
520,random,2819,30,0,budget,0,56,true,4,315,54,119,0.26666666666666666,0.7333333333333333,0,0,0,3,19,crash,false,5,11,459,2360,0,0,0,false,false,false,0,0,2819,30,0,
521,random,2320,30,0,budget,0,67,true,4,430,60,80,0.26666666666666666,0.7333333333333333,0,0,0,1,24,normal,false,10,10,210,2110,0,0,0,false,false,false,0,0,2320,30,0,
522,random,3228,30,0,budget,0,64,true,4,445,70,105,0.1,0.9,0,0,0,2,14,normal,false,5,13,133,3095,0,0,0,false,false,false,0,0,3228,30,0,
523,random,6076,47,17,budget,1,100,true,5,1080,98,119,0.0851063829787234,0.6808510638297872,0.1276595744680851,0,0.10638297872340426,5,8,normal,false,11,22,86,2660,990,0,2340,false,false,false,1530,5,4546,42,0,
524,random,5825,56,26,budget,0,99,false,3,360,119,156,0,0.75,0.19642857142857142,0.05357142857142857,0,10,21,normal,false,13,25,0,3730,1510,585,0,true,true,false,0,0,5825,56,0,
525,random,2539,30,0,budget,0,58,true,4,390,66,102,0.4666666666666667,0.5333333333333333,0,0,0,4,23,normal,false,5,10,754,1785,0,0,0,false,false,true,0,0,2539,30,0,
526,random,5214,34,4,budget,0,83,true,5,840,77,162,0.38235294117647056,0.5588235294117647,0.058823529411764705,0,0,7,1,crash,false,5,15,864,3200,1150,0,0,false,false,false,0,0,5214,34,0,
527,random,2510,30,0,budget,0,67,true,3,450,61,86,0.06666666666666667,0.9333333333333333,0,0,0,2,8,normal,false,5,10,75,2435,0,0,0,false,false,true,0,0,2510,30,0,
528,random,2125,30,0,budget,0,69,true,3,315,59,84,0.3333333333333333,0.6666666666666666,0,0,0,3,13,normal,false,9,8,280,1845,0,0,0,false,false,true,0,0,2125,30,0,
529,random,5115,42,12,budget,0,93,true,4,680,90,143,0.023809523809523808,0.7619047619047619,0.16666666666666666,0.047619047619047616,0,5,4,crash,false,7,20,0,3635,1210,270,0,true,false,false,0,0,5115,42,0,
530,random,3632,36,6,budget,0,81,true,5,600,77,115,0.3611111111111111,0.6111111111111112,0.027777777777777776,0,0,6,4,normal,false,6,12,702,2480,450,0,0,false,false,false,0,0,3632,36,0,
531,random,2977,32,2,budget,0,77,true,4,600,65,100,0.21875,0.75,0.03125,0,0,2,4,normal,false,7,9,427,2460,90,0,0,false,false,true,0,0,2977,32,0,
532,random,3182,30,0,budget,0,68,true,4,405,65,105,0.26666666666666666,0.7333333333333333,0,0,0,1,26,crash,false,13,7,137,3045,0,0,0,false,false,false,0,0,3182,30,0,
533,random,2475,30,0,budget,0,62,true,4,405,63,87,0.03333333333333333,0.9666666666666667,0,0,0,1,8,normal,false,5,9,165,2310,0,0,0,false,false,true,0,0,2475,30,0,
534,random,2121,30,0,budget,0,60,true,3,315,60,93,0.13333333333333333,0.8666666666666667,0,0,0,1,27,normal,false,5,11,386,1735,0,0,0,false,false,false,0,0,2121,30,0,
535,random,1950,30,0,budget,0,62,true,4,390,43,81,0.26666666666666666,0.7333333333333333,0,0,0,2,21,normal,false,9,6,205,1745,0,0,0,false,false,false,0,0,1950,30,0,
536,random,3611,34,4,budget,0,86,true,4,1470,60,116,0.35294117647058826,0.6176470588235294,0.029411764705882353,0,0,5,1,normal,false,10,12,626,1395,1590,0,0,false,false,true,0,0,3611,34,0,
537,random,1950,25,0,lock,0,55,true,3,255,48,73,0.04,0.96,0,0,0,1,22,normal,false,6,6,75,1875,0,0,0,false,false,false,0,0,1950,25,0,
538,random,2548,32,2,budget,0,70,true,4,435,64,84,0.0625,0.9375,0,0,0,2,17,normal,false,7,8,38,2510,0,0,0,false,false,false,0,0,2548,32,0,
539,random,10586,59,29,budget,1,100,true,5,1980,146,202,0.06779661016949153,0.6949152542372882,0.11864406779661017,0.03389830508474576,0.0847457627118644,13,2,crash,false,10,27,271,4075,1950,1590,2700,false,true,false,3615,5,6971,54,1,2
540,random,3975,30,0,budget,0,59,false,4,890,87,108,0,1,0,0,0,0,-1,normal,false,6,11,0,3975,0,0,0,false,false,true,0,0,3975,30,0,
541,random,3803,30,0,budget,0,62,true,6,1175,72,109,0.06666666666666667,0.9333333333333333,0,0,0,1,22,normal,false,9,10,143,3660,0,0,0,false,false,true,0,0,3803,30,0,
542,random,4322,32,2,budget,0,75,true,5,675,84,120,0.25,0.71875,0.03125,0,0,3,3,normal,false,10,14,302,3930,90,0,0,false,false,false,0,0,4322,32,0,
543,random,3335,24,0,lock,0,64,true,3,380,74,112,0.041666666666666664,0.9583333333333334,0,0,0,1,8,normal,false,5,9,120,3215,0,0,0,false,false,false,0,0,3335,24,0,
544,random,1184,17,0,lock,0,50,true,3,270,25,54,0.4117647058823529,0.5882352941176471,0,0,0,2,10,crash,false,5,5,239,945,0,0,0,false,false,false,0,0,1184,17,0,
545,random,9305,61,31,budget,1,100,true,4,1210,139,199,0.16393442622950818,0.45901639344262296,0.22950819672131148,0.06557377049180328,0.08196721311475409,13,11,normal,false,9,30,325,3670,1870,540,2900,false,true,false,2770,5,6535,56,0,
546,random,3415,30,0,budget,0,66,true,4,780,69,111,0.03333333333333333,0.9666666666666667,0,0,0,1,22,normal,false,6,9,60,3355,0,0,0,false,false,false,0,0,3415,30,0,
547,random,4713,42,12,budget,0,97,true,3,480,93,129,0.07142857142857142,0.8333333333333334,0.07142857142857142,0.023809523809523808,0,6,5,normal,false,5,20,173,2705,1700,135,0,true,true,true,0,0,4713,42,0,
548,random,2783,32,2,budget,0,73,true,5,645,60,90,0.125,0.84375,0.03125,0,0,3,2,normal,false,6,11,188,2415,180,0,0,false,false,false,0,0,2783,32,0,
549,random,4831,36,6,budget,0,92,true,5,495,83,154,0.16666666666666666,0.7777777777777778,0.027777777777777776,0.027777777777777776,0,6,14,normal,false,3,19,606,3340,750,135,0,true,false,true,0,0,4831,36,0,
550,random,2085,30,0,budget,0,64,true,3,225,54,73,0.06666666666666667,0.9333333333333333,0,0,0,2,19,normal,false,5,10,60,2025,0,0,0,false,false,false,0,0,2085,30,0,
551,random,3048,30,0,budget,0,54,true,5,895,63,95,0.03333333333333333,0.9666666666666667,0,0,0,1,18,normal,false,5,10,83,2965,0,0,0,false,false,false,0,0,3048,30,0,
552,random,4540,40,10,budget,0,97,false,5,885,91,108,0,0.775,0.15,0.075,0,5,7,normal,false,6,16,0,2740,690,1110,0,true,true,true,0,0,4540,40,0,
553,random,1415,13,4,lock,0,83,false,3,380,31,33,0,0.8461538461538461,0.15384615384615385,0,0,2,5,normal,false,4,5,0,965,450,0,0,false,false,false,0,0,1415,13,0,
554,random,1990,30,0,budget,0,69,false,3,270,56,68,0,1,0,0,0,0,-1,normal,false,4,8,0,1990,0,0,0,false,false,false,0,0,1990,30,0,
555,random,3871,30,0,budget,0,62,true,6,965,68,121,0.3,0.7,0,0,0,2,14,crash,false,6,12,341,3530,0,0,0,false,false,false,0,0,3871,30,0,
556,random,2791,32,2,budget,0,78,true,3,270,67,98,0.09375,0.875,0.03125,0,0,2,5,normal,false,6,10,141,2560,90,0,0,false,false,false,0,0,2791,32,0,
557,random,4698,41,11,budget,1,100,true,5,660,97,107,0.04878048780487805,0.7804878048780488,0.04878048780487805,0,0.12195121951219512,4,1,normal,false,10,8,38,3130,510,180,840,false,false,false,960,5,3738,36,1,2
558,random,3016,30,0,budget,0,52,true,4,610,64,101,0.16666666666666666,0.8333333333333334,0,0,0,3,11,normal,false,4,14,226,2790,0,0,0,false,false,false,0,0,3016,30,0,
559,random,375,7,6,lock,0,91,false,1,135,15,7,0,0.5714285714285714,0.2857142857142857,0.14285714285714285,0,3,4,keto,false,1,5,0,180,60,135,0,true,false,true,0,0,375,7,0,
560,random,3587,36,6,budget,0,76,true,5,1020,73,116,0.3611111111111111,0.5833333333333334,0.05555555555555555,0,0,4,2,normal,false,16,9,597,2000,990,0,0,false,false,false,0,0,3587,36,0,
561,random,2189,30,0,budget,0,63,true,4,300,57,108,0.4666666666666667,0.5333333333333333,0,0,0,2,22,normal,false,7,9,939,1250,0,0,0,false,false,false,0,0,2189,30,0,
562,random,3431,40,10,budget,0,93,true,3,390,78,138,0.35,0.525,0.125,0,0,8,8,crash,false,5,16,801,1730,630,270,0,true,false,false,0,0,3431,40,0,
563,random,5250,38,8,budget,0,80,true,5,780,107,150,0.21052631578947367,0.7631578947368421,0.02631578947368421,0,0,5,8,normal,false,8,16,215,4495,540,0,0,false,false,true,0,0,5250,38,0,
564,random,2973,30,0,budget,0,65,true,4,540,62,98,0.03333333333333333,0.9666666666666667,0,0,0,1,5,normal,false,5,13,228,2745,0,0,0,false,false,false,0,0,2973,30,0,
565,random,8453,46,16,budget,0,95,true,6,1035,132,193,0.043478260869565216,0.8043478260869565,0.13043478260869565,0.021739130434782608,0,7,6,crash,false,7,20,93,6155,2070,135,0,true,true,false,0,0,8453,46,0,
566,random,2573,30,0,budget,0,64,true,5,615,59,89,0.06666666666666667,0.9333333333333333,0,0,0,2,13,normal,false,5,12,148,2425,0,0,0,false,false,true,0,0,2573,30,0,
567,random,10986,75,45,budget,1,100,true,4,625,187,245,0.06666666666666667,0.6,0.24,0.02666666666666667,0.06666666666666667,21,2,normal,false,4,35,356,4900,2970,1260,1500,false,false,false,1410,5,9576,70,1,3
568,random,4735,17,13,lock,1,100,false,6,1335,55,59,0,0.5294117647058824,0.17647058823529413,0,0.29411764705882354,3,4,keto,false,5,6,0,1975,810,270,1680,false,false,false,1860,5,2875,12,0,
569,random,2706,30,0,budget,0,61,true,3,450,59,98,0.2,0.8,0,0,0,1,25,crash,false,7,10,296,2410,0,0,0,false,false,true,0,0,2706,30,0,
570,random,16899,51,21,budget,3,100,true,8,6060,153,200,0.11764705882352941,0.47058823529411764,0.0784313725490196,0.0392156862745098,0.29411764705882354,7,1,normal,false,7,21,279,4940,510,270,10900,false,false,true,4810,15,12089,36,3,2|4|2
571,random,2019,30,0,budget,0,58,true,3,210,51,85,0.16666666666666666,0.8333333333333334,0,0,0,3,20,normal,false,5,12,354,1665,0,0,0,false,false,true,0,0,2019,30,0,
572,random,3350,30,0,budget,0,67,true,5,610,65,103,0.1,0.9,0,0,0,3,18,normal,false,10,12,45,3305,0,0,0,false,false,false,0,0,3350,30,0,
573,random,3338,36,6,budget,0,85,true,3,555,72,111,0.08333333333333333,0.8611111111111112,0.05555555555555555,0,0,3,10,crash,false,7,11,83,2670,180,405,0,false,false,false,0,0,3338,36,0,
574,random,3884,30,0,budget,0,68,true,5,935,74,113,0.3333333333333333,0.6666666666666666,0,0,0,5,7,crash,false,6,12,414,3470,0,0,0,false,false,false,0,0,3884,30,0,
575,random,12980,66,36,budget,2,100,true,6,1580,149,213,0.045454545454545456,0.5909090909090909,0.18181818181818182,0.030303030303030304,0.15151515151515152,15,5,crash,false,9,35,105,4375,2960,900,4640,false,true,false,4970,10,8010,56,2,2|2
576,random,5203,36,6,budget,0,89,true,4,850,92,127,0.05555555555555555,0.8055555555555556,0.1111111111111111,0.027777777777777776,0,4,11,normal,false,12,13,93,3430,780,900,0,false,false,true,0,0,5203,36,0,
577,random,2520,30,0,budget,0,50,true,3,300,65,104,0.43333333333333335,0.5666666666666667,0,0,0,4,11,normal,false,6,11,660,1860,0,0,0,false,false,false,0,0,2520,30,0,
578,random,4675,38,8,budget,0,86,true,4,570,79,152,0.2894736842105263,0.5789473684210527,0.13157894736842105,0,0,5,1,crash,false,6,14,250,3675,750,0,0,false,false,false,0,0,4675,38,0,
579,random,2638,30,0,budget,0,50,true,3,340,72,118,0.5,0.5,0,0,0,4,11,normal,false,6,11,868,1770,0,0,0,false,false,false,0,0,2638,30,0,
580,random,2850,34,4,budget,0,74,true,4,510,62,112,0.2647058823529412,0.7058823529411765,0.029411764705882353,0,0,3,1,crash,false,7,13,370,2300,180,0,0,false,false,false,0,0,2850,34,0,
581,random,5675,41,11,budget,1,100,false,6,830,98,117,0,0.7804878048780488,0.07317073170731707,0.024390243902439025,0.12195121951219512,4,15,normal,false,7,18,0,3365,300,90,1920,false,true,false,1530,5,4145,36,1,4
582,random,1297,30,0,budget,0,50,true,3,180,38,81,0.6333333333333333,0.36666666666666664,0,0,0,5,9,crash,false,8,7,577,720,0,0,0,false,false,false,0,0,1297,30,0,
583,random,660,4,4,lock,0,98,false,3,345,15,9,0,0,0.5,0.5,0,1,1,keto,true,3,1,0,345,90,225,0,true,true,false,0,0,660,4,0,
584,random,3765,32,2,budget,0,79,false,5,605,83,107,0,0.96875,0.03125,0,0,1,12,normal,false,10,9,0,3675,90,0,0,false,false,false,0,0,3765,32,0,
585,random,2694,30,0,budget,0,62,true,6,1030,54,91,0.43333333333333335,0.5666666666666667,0,0,0,5,9,crash,false,4,12,329,2365,0,0,0,false,false,false,0,0,2694,30,0,
586,random,5275,32,2,budget,0,74,false,6,1335,94,125,0,0.96875,0.03125,0,0,1,6,normal,false,8,12,0,5095,180,0,0,false,false,false,0,0,5275,32,0,
587,random,3286,32,2,budget,0,73,true,4,435,64,105,0.125,0.84375,0.03125,0,0,2,2,crash,false,4,13,106,3090,90,0,0,false,false,false,0,0,3286,32,0,
588,random,1718,13,0,lock,0,50,true,4,615,28,57,0.15384615384615385,0.8461538461538461,0,0,0,1,3,crash,false,3,5,188,1530,0,0,0,false,false,false,0,0,1718,13,0,
589,random,3865,30,0,budget,0,65,false,5,560,86,110,0,1,0,0,0,0,-1,normal,false,6,13,0,3865,0,0,0,false,false,false,0,0,3865,30,0,
590,random,3340,32,2,budget,0,78,false,3,690,80,97,0,1,0,0,0,1,15,normal,false,13,8,0,2740,600,0,0,false,false,false,0,0,3340,32,0,
591,random,3025,36,6,budget,0,77,true,4,390,80,101,0.027777777777777776,0.8888888888888888,0.08333333333333333,0,0,4,2,normal,false,6,15,40,2715,270,0,0,false,false,false,0,0,3025,36,0,
592,random,990,14,0,lock,0,54,true,3,285,23,39,0.07142857142857142,0.9285714285714286,0,0,0,1,6,normal,false,3,5,15,975,0,0,0,false,false,true,0,0,990,14,0,
593,random,7551,42,12,budget,0,86,true,7,1500,124,180,0.16666666666666666,0.7380952380952381,0.09523809523809523,0,0,8,2,normal,false,8,17,741,5505,630,675,0,false,false,true,0,0,7551,42,0,
594,random,1840,30,0,budget,0,65,false,2,205,50,72,0,1,0,0,0,0,-1,normal,false,8,7,0,1840,0,0,0,false,false,true,0,0,1840,30,0,
595,random,3465,34,4,budget,0,79,false,4,585,82,103,0,0.9411764705882353,0.058823529411764705,0,0,2,16,normal,false,7,11,0,3285,180,0,0,false,false,false,0,0,3465,34,0,
596,random,3153,30,0,budget,0,50,true,4,500,62,129,0.5333333333333333,0.4666666666666667,0,0,0,4,6,crash,false,4,10,798,2355,0,0,0,false,false,false,0,0,3153,30,0,
597,random,2365,34,4,budget,0,77,true,3,330,62,96,0.23529411764705882,0.7352941176470589,0.029411764705882353,0,0,3,4,normal,false,8,10,210,2065,90,0,0,false,false,true,0,0,2365,34,0,
598,random,5425,32,2,budget,0,72,true,5,760,100,144,0.03125,0.9375,0.03125,0,0,2,9,normal,false,4,14,45,5290,90,0,0,false,false,false,0,0,5425,32,0,
599,random,2170,30,0,budget,0,50,true,4,360,55,102,0.5,0.5,0,0,0,7,5,normal,false,5,11,620,1550,0,0,0,false,false,true,0,0,2170,30,0,
600,random,4973,42,12,budget,0,91,true,5,615,99,151,0.09523809523809523,0.7857142857142857,0.09523809523809523,0.023809523809523808,0,8,4,normal,false,7,17,388,3790,660,135,0,true,false,true,0,0,4973,42,0,
601,random,5900,40,10,budget,0,82,true,5,960,102,154,0.1,0.775,0.125,0,0,7,2,normal,false,4,23,65,5205,630,0,0,false,false,false,0,0,5900,40,0,
602,random,3263,30,0,budget,0,67,true,5,780,61,116,0.3333333333333333,0.6666666666666666,0,0,0,1,22,crash,false,7,11,713,2550,0,0,0,false,false,true,0,0,3263,30,0,
603,random,4881,32,2,budget,0,78,true,4,1020,73,127,0.15625,0.84375,0,0,0,3,2,normal,false,4,12,136,4025,720,0,0,false,false,true,0,0,4881,32,0,
604,random,3309,30,0,budget,0,62,true,4,780,53,120,0.36666666666666664,0.6333333333333333,0,0,0,2,12,crash,false,8,8,529,2780,0,0,0,false,false,false,0,0,3309,30,0,
605,random,4950,48,18,budget,0,90,false,4,435,103,133,0,0.8333333333333334,0.14583333333333334,0.020833333333333332,0,9,10,normal,false,5,28,0,3675,1140,135,0,true,false,true,0,0,4950,48,0,
606,random,3480,30,0,budget,0,68,true,4,660,74,116,0.06666666666666667,0.9333333333333333,0,0,0,1,21,normal,false,5,13,185,3295,0,0,0,false,false,false,0,0,3480,30,0,
607,random,2415,30,0,budget,0,54,true,4,375,57,95,0.16666666666666666,0.8333333333333334,0,0,0,4,18,normal,false,4,10,150,2265,0,0,0,false,false,true,0,0,2415,30,0,
608,random,3850,30,0,budget,0,61,true,4,520,72,123,0.3333333333333333,0.6666666666666666,0,0,0,4,6,crash,false,5,13,295,3555,0,0,0,false,false,false,0,0,3850,30,0,
609,random,3348,32,2,budget,0,74,true,4,600,71,104,0.125,0.84375,0.03125,0,0,4,1,crash,false,5,12,113,3145,90,0,0,false,false,false,0,0,3348,32,0,
610,random,5483,34,4,budget,0,79,true,7,1375,89,141,0.20588235294117646,0.7352941176470589,0.058823529411764705,0,0,5,2,normal,false,4,12,218,4775,490,0,0,false,false,false,0,0,5483,34,0,
611,random,2446,30,0,budget,0,69,true,4,525,60,98,0.3333333333333333,0.6666666666666666,0,0,0,4,10,normal,false,6,10,536,1910,0,0,0,false,false,false,0,0,2446,30,0,
612,random,2198,30,0,budget,0,57,true,3,315,57,73,0.1,0.9,0,0,0,2,22,normal,false,4,9,53,2145,0,0,0,false,false,false,0,0,2198,30,0,
613,random,2783,30,0,budget,0,65,true,5,705,57,102,0.26666666666666666,0.7333333333333333,0,0,0,1,25,normal,false,7,9,348,2435,0,0,0,false,false,false,0,0,2783,30,0,
614,random,3040,30,0,budget,0,57,true,4,450,68,97,0,1,0,0,0,0,-1,normal,false,4,8,30,3010,0,0,0,false,false,false,0,0,3040,30,0,
615,random,4100,32,2,budget,0,80,false,5,725,80,108,0,0.96875,0.03125,0,0,1,10,normal,false,11,9,0,3650,450,0,0,false,false,false,0,0,4100,32,0,
616,random,9692,46,16,budget,0,98,true,6,1845,115,194,0.15217391304347827,0.6739130434782609,0.10869565217391304,0.06521739130434782,0,7,4,normal,false,11,17,287,4605,2370,2430,0,true,true,true,0,0,9692,46,0,
617,random,4413,30,0,budget,0,63,true,6,1000,79,114,0.1,0.9,0,0,0,3,6,normal,false,7,11,143,4270,0,0,0,false,false,true,0,0,4413,30,0,
618,random,2409,30,0,budget,0,50,true,5,750,48,105,0.5,0.5,0,0,0,1,22,crash,false,7,8,559,1850,0,0,0,false,false,false,0,0,2409,30,0,
619,random,2744,34,4,budget,0,90,true,4,270,66,105,0.2647058823529412,0.6470588235294118,0.058823529411764705,0.029411764705882353,0,5,6,crash,false,7,11,399,2060,150,135,0,true,false,false,0,0,2744,34,0,
620,random,3639,32,2,budget,0,74,true,4,530,85,127,0.21875,0.78125,0,0,0,3,1,normal,false,4,12,434,2935,270,0,0,false,false,false,0,0,3639,32,0,
621,random,3435,30,0,budget,0,59,true,6,1140,63,103,0.06666666666666667,0.9333333333333333,0,0,0,2,5,normal,false,5,7,75,3360,0,0,0,false,false,false,0,0,3435,30,0,
622,random,3619,30,0,budget,0,50,true,6,1035,62,103,0.26666666666666666,0.7333333333333333,0,0,0,3,8,crash,false,4,12,204,3415,0,0,0,false,false,false,0,0,3619,30,0,
623,random,1964,30,0,budget,0,67,true,3,225,57,87,0.23333333333333334,0.7666666666666667,0,0,0,2,12,crash,false,9,7,299,1665,0,0,0,false,false,false,0,0,1964,30,0,
624,random,6885,44,14,budget,0,92,true,4,1290,109,161,0,0.9318181818181818,0.06818181818181818,0,0,6,4,normal,false,9,14,60,3555,2460,810,0,true,false,false,0,0,6885,44,0,
625,random,3560,30,0,budget,0,53,true,5,840,71,100,0.06666666666666667,0.9333333333333333,0,0,0,2,20,normal,false,9,7,155,3405,0,0,0,false,false,false,0,0,3560,30,0,
626,random,2305,30,0,budget,0,58,true,3,435,55,79,0.1,0.9,0,0,0,3,17,normal,false,7,10,90,2215,0,0,0,false,false,true,0,0,2305,30,0,
627,random,7115,52,28,lock,0,94,false,4,900,127,165,0,0.8076923076923077,0.19230769230769232,0,0,12,4,normal,false,6,20,0,3535,2950,630,0,true,false,false,0,0,7115,52,0,
628,random,10971,47,17,budget,1,100,true,6,1920,122,187,0.10638297872340426,0.5531914893617021,0.19148936170212766,0.0425531914893617,0.10638297872340426,9,2,normal,false,7,23,296,4090,2610,1035,2940,false,true,false,3450,5,7521,42,1,4
629,random,10360,49,41,lock,1,100,false,4,1960,143,137,0,0.5102040816326531,0.30612244897959184,0.08163265306122448,0.10204081632653061,16,5,keto,false,5,27,0,2300,2030,2790,3240,false,true,true,3370,5,6990,44,1,7
630,random,750,7,0,lock,0,50,false,4,465,15,20,0,1,0,0,0,0,-1,normal,false,3,2,0,750,0,0,0,false,false,false,0,0,750,7,0,
631,random,2462,30,0,budget,0,62,true,4,530,63,98,0.23333333333333334,0.7666666666666667,0,0,0,3,17,normal,false,7,12,582,1880,0,0,0,false,false,true,0,0,2462,30,0,
632,random,19760,77,47,budget,1,100,true,8,4135,206,280,0.012987012987012988,0.6363636363636364,0.22077922077922077,0.06493506493506493,0.06493506493506493,21,8,normal,false,10,36,145,3395,8450,3510,4260,false,true,false,4515,5,15245,72,1,3
633,random,2223,30,0,budget,0,52,true,3,255,53,89,0.13333333333333333,0.8666666666666667,0,0,0,4,16,normal,false,12,9,138,2085,0,0,0,false,false,true,0,0,2223,30,0,
634,random,5145,32,2,budget,0,74,true,6,1005,89,157,0.3125,0.65625,0.03125,0,0,4,4,crash,false,4,15,460,4595,90,0,0,false,false,false,0,0,5145,32,0,
635,random,3615,38,8,budget,0,83,false,5,660,79,102,0,0.8421052631578947,0.15789473684210525,0,0,4,2,normal,false,7,15,0,2865,750,0,0,false,false,false,0,0,3615,38,0,
636,random,3245,36,6,budget,0,80,true,3,390,76,96,0,0.9722222222222222,0.027777777777777776,0,0,3,5,normal,false,9,13,30,2825,390,0,0,false,false,false,0,0,3245,36,0,
637,random,2625,30,0,budget,0,65,true,3,270,61,91,0.1,0.9,0,0,0,2,16,crash,false,4,13,85,2540,0,0,0,false,false,false,0,0,2625,30,0,
638,random,1922,30,0,budget,0,62,true,3,315,50,80,0.3333333333333333,0.6666666666666666,0,0,0,4,15,normal,false,4,11,182,1740,0,0,0,false,false,false,0,0,1922,30,0,
639,random,4685,32,2,budget,0,72,true,4,545,90,136,0.03125,0.96875,0,0,0,1,6,crash,false,7,13,30,4475,180,0,0,false,false,false,0,0,4685,32,0,
640,random,2184,30,0,budget,0,51,true,3,225,54,89,0.23333333333333334,0.7666666666666667,0,0,0,5,5,crash,false,4,12,329,1855,0,0,0,false,false,true,0,0,2184,30,0,
641,random,3418,30,0,budget,0,56,true,4,690,71,120,0.23333333333333334,0.7666666666666667,0,0,0,1,17,normal,false,10,6,383,3035,0,0,0,false,false,false,0,0,3418,30,0,
642,random,4835,32,2,budget,0,82,true,6,1890,78,116,0,0.96875,0.03125,0,0,1,25,normal,false,6,15,105,2930,1800,0,0,false,false,true,0,0,4835,32,0,
643,random,11625,73,43,budget,1,100,false,5,2195,162,208,0,0.6712328767123288,0.2191780821917808,0.0410958904109589,0.0684931506849315,18,2,normal,false,11,27,0,3215,5320,1530,1560,false,true,false,1820,5,9805,68,1,4
644,random,2206,30,0,budget,0,57,true,3,285,55,99,0.3333333333333333,0.6666666666666666,0,0,0,2,13,normal,false,4,11,496,1710,0,0,0,false,false,true,0,0,2206,30,0,
645,random,14710,72,42,budget,2,100,false,4,2640,172,243,0,0.6388888888888888,0.18055555555555555,0.041666666666666664,0.1388888888888889,17,3,normal,false,9,35,0,4305,2580,945,6880,false,false,false,4500,10,10210,62,2,3|5
646,random,4179,42,12,budget,0,80,true,5,1440,77,125,0.30952380952380953,0.5952380952380952,0.09523809523809523,0,0,12,3,crash,false,4,21,429,1860,1890,0,0,false,false,false,0,0,4179,42,0,
647,random,4368,30,0,budget,0,51,true,6,1135,71,130,0.26666666666666666,0.7333333333333333,0,0,0,5,7,normal,false,6,13,293,4075,0,0,0,false,false,true,0,0,4368,30,0,
648,random,5285,39,9,budget,1,100,true,4,690,90,115,0.02564102564102564,0.7948717948717948,0.02564102564102564,0.02564102564102564,0.1282051282051282,3,4,normal,false,6,13,45,3140,270,90,1740,false,false,false,1650,5,3635,34,1,2
649,random,7782,47,17,budget,1,100,true,4,1275,102,155,0.1702127659574468,0.574468085106383,0.1276595744680851,0.02127659574468085,0.10638297872340426,5,2,crash,false,17,13,252,2320,1800,1350,2060,false,false,false,1310,5,6472,42,0,
650,random,2065,30,0,budget,0,62,false,4,405,58,75,0,1,0,0,0,0,-1,normal,false,5,8,0,2065,0,0,0,false,false,false,0,0,2065,30,0,
651,random,2110,30,0,budget,0,54,true,3,255,56,92,0.3333333333333333,0.6666666666666666,0,0,0,4,8,normal,false,5,10,550,1560,0,0,0,false,false,false,0,0,2110,30,0,
652,random,3274,30,0,budget,0,62,true,5,660,62,100,0.16666666666666666,0.8333333333333334,0,0,0,2,14,normal,false,5,11,254,3020,0,0,0,false,false,true,0,0,3274,30,0,
653,random,5381,47,17,budget,1,100,true,5,900,110,139,0.0851063829787234,0.6808510638297872,0.10638297872340426,0.02127659574468085,0.10638297872340426,9,8,normal,false,3,22,231,3710,390,90,960,false,false,false,870,5,4511,42,1,5
654,random,2630,32,2,budget,0,78,true,4,405,63,118,0.40625,0.5625,0.03125,0,0,2,3,crash,false,6,9,635,1905,90,0,0,false,false,true,0,0,2630,32,0,
655,random,13575,62,32,budget,2,100,false,5,3780,162,197,0,0.6451612903225806,0.1774193548387097,0.016129032258064516,0.16129032258064516,9,17,normal,false,10,24,0,3465,3120,450,6540,false,false,false,6850,10,6725,52,2,2|2
656,random,3873,30,0,budget,0,57,true,6,1120,69,111,0.06666666666666667,0.9333333333333333,0,0,0,2,19,normal,false,6,10,353,3520,0,0,0,false,false,false,0,0,3873,30,0,
657,random,2357,30,0,budget,0,62,true,4,395,52,91,0.2,0.8,0,0,0,2,18,normal,false,7,8,307,2050,0,0,0,false,false,false,0,0,2357,30,0,
658,random,7442,49,19,budget,1,100,true,4,1740,105,172,0.16326530612244897,0.5918367346938775,0.12244897959183673,0.02040816326530612,0.10204081632653061,10,3,normal,false,8,22,862,2980,1170,90,2340,false,false,true,2310,5,5132,44,1,3
659,random,2318,30,0,budget,0,50,true,3,375,57,86,0.13333333333333333,0.8666666666666667,0,0,0,3,10,normal,false,5,10,68,2250,0,0,0,false,false,false,0,0,2318,30,0,
660,random,18391,88,58,budget,4,100,true,4,1020,222,316,0.06818181818181818,0.4659090909090909,0.18181818181818182,0.056818181818181816,0.22727272727272727,23,2,crash,false,5,39,506,5695,3250,1440,7500,false,false,false,6970,20,11421,68,3,3|3|5
661,random,3486,30,0,budget,0,62,true,5,705,69,115,0.16666666666666666,0.8333333333333334,0,0,0,1,23,crash,false,9,8,196,3290,0,0,0,false,false,false,0,0,3486,30,0,
662,random,6491,54,24,budget,0,94,true,4,755,126,160,0.07407407407407407,0.5370370370370371,0.3148148148148148,0.07407407407407407,0,10,6,crash,false,8,22,61,3850,2040,540,0,true,false,false,0,0,6491,54,0,
663,random,3525,30,0,budget,0,64,true,6,840,67,106,0,1,0,0,0,0,-1,normal,false,3,12,60,3465,0,0,0,false,false,true,0,0,3525,30,0,
664,random,3184,30,0,budget,0,52,true,4,630,60,105,0.26666666666666666,0.7333333333333333,0,0,0,6,8,normal,false,4,13,394,2790,0,0,0,false,false,true,0,0,3184,30,0,
665,random,2715,32,2,budget,0,76,true,4,585,62,91,0.03125,0.9375,0.03125,0,0,2,20,normal,false,5,10,50,2575,90,0,0,false,false,true,0,0,2715,32,0,
666,random,4258,30,0,budget,0,56,true,5,990,71,136,0.23333333333333334,0.7666666666666667,0,0,0,4,5,crash,false,4,14,433,3825,0,0,0,false,false,false,0,0,4258,30,0,
667,random,2636,30,0,budget,0,60,true,4,795,70,108,0.3333333333333333,0.6666666666666666,0,0,0,4,11,normal,false,6,9,506,2130,0,0,0,false,false,false,0,0,2636,30,0,
668,random,7778,45,15,budget,1,100,true,4,1440,128,161,0.15555555555555556,0.6444444444444445,0.08888888888888889,0,0.1111111111111111,8,10,normal,false,6,21,248,3780,1440,270,2040,false,false,false,2340,5,5438,40,0,
669,random,4185,30,0,budget,0,57,true,6,975,81,123,0.2,0.8,0,0,0,3,17,normal,false,6,12,245,3940,0,0,0,false,false,true,0,0,4185,30,0,
670,random,4350,30,0,budget,0,68,false,5,750,87,116,0,1,0,0,0,0,-1,normal,false,4,12,0,4350,0,0,0,false,false,false,0,0,4350,30,0,
671,random,2667,32,2,budget,0,75,true,4,430,68,103,0.3125,0.65625,0.03125,0,0,3,3,normal,false,5,15,592,1955,120,0,0,false,false,true,0,0,2667,32,0,
672,random,4042,36,6,budget,0,80,true,4,510,74,144,0.3055555555555556,0.6666666666666666,0.027777777777777776,0,0,5,1,crash,false,7,13,717,2335,990,0,0,false,false,false,0,0,4042,36,0,
673,random,1856,32,2,budget,0,70,true,3,240,43,91,0.40625,0.59375,0,0,0,3,12,crash,false,8,7,326,1530,0,0,0,false,false,false,0,0,1856,32,0,
674,random,4915,30,0,budget,0,64,true,6,1345,87,142,0.13333333333333333,0.8666666666666667,0,0,0,3,17,crash,false,6,10,280,4635,0,0,0,false,false,false,0,0,4915,30,0,
675,random,6081,44,14,budget,0,90,true,4,840,104,162,0.09090909090909091,0.7727272727272727,0.11363636363636363,0.022727272727272728,0,8,4,crash,false,6,18,106,4120,1720,135,0,true,false,false,0,0,6081,44,0,
676,random,4068,30,0,budget,0,62,true,4,660,78,120,0.1,0.9,0,0,0,2,27,normal,false,6,12,53,4015,0,0,0,false,false,true,0,0,4068,30,0,
677,random,2277,30,0,budget,0,50,true,3,420,61,111,0.4,0.6,0,0,0,5,7,crash,false,3,13,637,1640,0,0,0,false,false,false,0,0,2277,30,0,
678,random,3368,30,0,budget,0,52,true,5,795,57,130,0.7,0.3,0,0,0,3,14,normal,false,7,9,968,2400,0,0,0,false,false,true,0,0,3368,30,0,
679,random,2970,30,0,budget,0,63,true,5,690,53,114,0.36666666666666664,0.6333333333333333,0,0,0,3,4,normal,false,8,11,445,2525,0,0,0,false,false,true,0,0,2970,30,0,
680,random,3098,30,0,budget,0,53,true,4,435,58,121,0.26666666666666666,0.7333333333333333,0,0,0,2,5,crash,false,6,8,623,2475,0,0,0,false,false,false,0,0,3098,30,0,
681,random,3255,30,0,budget,0,62,true,5,760,67,95,0.06666666666666667,0.9333333333333333,0,0,0,2,12,normal,false,6,9,30,3225,0,0,0,false,false,true,0,0,3255,30,0,
682,random,5170,29,0,lock,0,62,true,6,1130,75,116,0.13793103448275862,0.8620689655172413,0,0,0,4,12,normal,false,6,11,90,5080,0,0,0,false,false,false,0,0,5170,29,0,
683,random,13528,64,34,budget,0,99,true,7,2760,177,264,0.0625,0.828125,0.046875,0.0625,0,18,17,normal,false,6,33,178,6315,5370,1665,0,true,true,true,0,0,13528,64,0,
684,random,7341,41,11,budget,1,100,true,4,1580,84,137,0.12195121951219512,0.6829268292682927,0.04878048780487805,0.024390243902439025,0.12195121951219512,4,1,crash,false,18,10,241,1840,770,1350,3140,false,true,false,2780,5,4561,36,1,2
685,random,2200,32,2,budget,0,70,true,3,255,59,99,0.28125,0.71875,0,0,0,3,9,normal,false,7,11,525,1675,0,0,0,false,false,true,0,0,2200,32,0,
686,random,1710,30,0,budget,0,56,true,3,225,45,84,0.4,0.6,0,0,0,3,16,crash,false,9,8,490,1220,0,0,0,false,false,false,0,0,1710,30,0,
687,random,5093,30,0,budget,0,57,true,6,1470,91,142,0.2,0.8,0,0,0,5,7,normal,false,6,12,343,4750,0,0,0,false,false,true,0,0,5093,30,0,
688,random,2238,30,0,budget,0,50,true,3,225,57,91,0.36666666666666664,0.6333333333333333,0,0,0,3,7,normal,false,6,9,558,1680,0,0,0,false,false,true,0,0,2238,30,0,
689,random,2506,32,2,budget,0,83,true,3,345,58,91,0.21875,0.71875,0.0625,0,0,5,2,normal,false,5,14,181,2145,180,0,0,false,false,true,0,0,2506,32,0,
690,random,2212,30,0,budget,0,54,true,4,405,54,91,0.23333333333333334,0.7666666666666667,0,0,0,3,7,normal,false,11,7,292,1920,0,0,0,false,false,false,0,0,2212,30,0,
691,random,10893,51,21,budget,1,100,true,5,2070,124,172,0.0392156862745098,0.6470588235294118,0.19607843137254902,0.0196078431372549,0.09803921568627451,7,6,normal,false,12,20,188,3195,1210,2160,4140,false,false,true,4320,5,6573,46,1,4
692,random,1846,30,0,budget,0,56,true,3,240,45,75,0.2,0.8,0,0,0,3,5,crash,false,6,10,91,1755,0,0,0,false,false,false,0,0,1846,30,0,
693,random,3224,30,0,budget,0,54,true,5,705,66,106,0.23333333333333334,0.7666666666666667,0,0,0,2,10,crash,false,8,12,204,3020,0,0,0,false,false,false,0,0,3224,30,0,
694,random,2270,13,0,lock,0,53,true,6,925,37,56,0.07692307692307693,0.9230769230769231,0,0,0,1,9,normal,false,4,2,15,2255,0,0,0,false,false,false,0,0,2270,13,0,
695,random,3664,34,4,budget,0,84,true,4,510,88,125,0.23529411764705882,0.7058823529411765,0.058823529411764705,0,0,4,5,normal,false,4,15,564,2830,270,0,0,false,false,true,0,0,3664,34,0,
696,random,29298,109,79,budget,3,100,true,6,4680,311,393,0.03669724770642202,0.48623853211009177,0.26605504587155965,0.07339449541284404,0.13761467889908258,31,6,normal,false,7,54,193,6180,5970,3855,13100,false,true,false,14105,15,15193,94,3,5|2|3
697,random,14090,55,25,budget,1,100,false,6,5160,166,194,0,0.7090909090909091,0.12727272727272726,0.07272727272727272,0.09090909090909091,10,19,normal,false,6,25,0,5300,1110,1560,6120,false,true,true,1050,5,13040,50,1,8
698,random,3660,36,6,budget,0,85,false,5,695,78,107,0,0.8611111111111112,0.1388888888888889,0,0,3,18,normal,false,4,15,0,3090,570,0,0,false,false,false,0,0,3660,36,0,
699,random,16557,58,28,budget,2,100,true,5,4110,137,214,0.13793103448275862,0.4827586206896552,0.15517241379310345,0.05172413793103448,0.1724137931034483,9,5,crash,false,7,22,137,2535,1800,2385,9700,false,true,false,9690,10,6867,48,0,
700,random,4966,38,8,budget,0,88,true,4,960,87,135,0.13157894736842105,0.7894736842105263,0.05263157894736842,0.02631578947368421,0,4,8,crash,false,7,16,136,3495,1200,135,0,false,false,false,0,0,4966,38,0,
701,random,7421,48,18,budget,0,95,true,7,1555,123,169,0.10416666666666667,0.6666666666666666,0.16666666666666666,0.0625,0,10,11,normal,false,5,22,231,4100,1560,1530,0,true,true,false,0,0,7421,48,0,
702,random,7820,45,15,budget,1,100,false,4,1080,101,136,0,0.6444444444444445,0.2222222222222222,0.022222222222222223,0.1111111111111111,6,2,normal,false,4,24,0,2470,2200,90,3060,false,false,false,2070,5,5750,40,1,7
703,random,2133,30,0,budget,0,57,true,5,630,53,78,0.2,0.8,0,0,0,2,9,normal,false,4,9,128,2005,0,0,0,false,false,false,0,0,2133,30,0,
704,random,6655,47,17,budget,1,100,true,5,1285,107,143,0.0851063829787234,0.5531914893617021,0.19148936170212766,0.06382978723404255,0.10638297872340426,9,1,normal,false,4,23,150,3895,930,360,1320,false,false,false,1230,5,5425,42,1,8
705,random,15823,66,36,budget,2,100,true,4,3000,151,218,0.07575757575757576,0.4393939393939394,0.24242424242424243,0.09090909090909091,0.15151515151515152,14,1,crash,false,8,26,158,3000,2530,3375,6760,false,true,false,6910,10,8913,56,2,7|5
706,random,2266,30,0,budget,0,53,true,3,285,53,88,0.13333333333333333,0.8666666666666667,0,0,0,2,22,normal,false,5,10,316,1950,0,0,0,false,false,true,0,0,2266,30,0,
707,random,7756,34,4,budget,0,84,true,10,3225,101,164,0.20588235294117646,0.7647058823529411,0.029411764705882353,0,0,3,11,crash,false,5,14,351,5385,2020,0,0,false,false,false,0,0,7756,34,0,
708,random,3343,34,4,budget,0,74,true,4,430,83,111,0.11764705882352941,0.8529411764705882,0.029411764705882353,0,0,4,7,normal,false,3,17,88,3135,120,0,0,false,false,false,0,0,3343,34,0,
709,random,3168,30,0,budget,0,69,true,4,660,66,110,0.03333333333333333,0.9666666666666667,0,0,0,0,-1,crash,false,6,13,128,3040,0,0,0,false,false,true,0,0,3168,30,0,
710,random,5664,30,0,budget,0,60,true,7,1365,86,152,0.13333333333333333,0.8666666666666667,0,0,0,3,15,normal,false,3,15,684,4980,0,0,0,false,false,false,0,0,5664,30,0,
711,random,2565,32,2,budget,0,70,true,4,510,71,89,0.03125,0.96875,0,0,0,2,18,normal,false,10,9,15,2550,0,0,0,false,false,false,0,0,2565,32,0,
712,random,2518,30,0,budget,0,50,true,4,425,65,109,0.43333333333333335,0.5666666666666667,0,0,0,5,6,normal,false,3,12,803,1715,0,0,0,false,false,true,0,0,2518,30,0,
713,random,2040,30,0,budget,0,67,true,3,300,53,76,0.03333333333333333,0.9666666666666667,0,0,0,1,27,normal,false,6,9,15,2025,0,0,0,false,false,false,0,0,2040,30,0,
714,random,1694,30,0,budget,0,62,true,4,435,42,82,0.7,0.3,0,0,0,5,6,normal,false,5,9,584,1110,0,0,0,false,false,true,0,0,1694,30,0,
715,random,4813,36,6,budget,0,84,true,5,795,97,149,0.3333333333333333,0.6388888888888888,0.027777777777777776,0,0,6,1,normal,false,9,12,623,3500,690,0,0,false,false,false,0,0,4813,36,0,
716,random,1325,16,0,lock,0,56,true,3,275,31,45,0.0625,0.9375,0,0,0,1,14,normal,false,4,5,50,1275,0,0,0,false,false,false,0,0,1325,16,0,
717,random,2725,30,0,budget,0,50,true,6,743,63,119,0.5666666666666667,0.43333333333333335,0,0,0,3,23,normal,false,4,10,1045,1680,0,0,0,false,false,true,0,0,2725,30,0,
718,random,4270,30,0,budget,0,66,false,5,1060,88,125,0,1,0,0,0,0,-1,normal,false,8,8,0,4270,0,0,0,false,false,false,0,0,4270,30,0,
719,random,2769,30,0,budget,0,66,true,5,570,56,118,0.5,0.5,0,0,0,3,10,normal,false,6,10,924,1845,0,0,0,false,false,true,0,0,2769,30,0,
720,random,3035,30,0,budget,0,69,true,4,480,70,89,0.03333333333333333,0.9666666666666667,0,0,0,1,22,normal,false,4,10,30,3005,0,0,0,false,false,false,0,0,3035,30,0,
721,random,6193,48,18,budget,0,96,true,4,740,109,175,0.25,0.5416666666666666,0.16666666666666666,0.041666666666666664,0,10,6,crash,false,5,24,763,3145,1340,945,0,true,true,false,0,0,6193,48,0,
722,random,3185,30,0,budget,0,68,true,6,1090,78,101,0.03333333333333333,0.9666666666666667,0,0,0,1,19,normal,false,4,12,45,3140,0,0,0,false,false,false,0,0,3185,30,0,
723,random,4546,34,4,budget,0,85,true,4,975,83,127,0.11764705882352941,0.7941176470588235,0.08823529411764706,0,0,4,7,normal,false,7,15,106,3510,480,450,0,false,false,false,0,0,4546,34,0,
724,random,7995,50,20,budget,2,100,true,5,1200,119,141,0.06,0.56,0.16,0.02,0.2,7,6,crash,false,8,15,45,3360,780,330,3480,false,false,false,3630,10,4365,40,2,2|5
725,random,2883,30,0,budget,0,50,true,7,1140,54,100,0.4666666666666667,0.5333333333333333,0,0,0,5,8,normal,false,3,11,678,2205,0,0,0,false,false,false,0,0,2883,30,0,
726,random,4864,30,0,budget,0,66,true,6,1170,84,152,0.26666666666666666,0.7333333333333333,0,0,0,3,15,normal,false,3,15,429,4435,0,0,0,false,false,false,0,0,4864,30,0,
727,random,2494,34,4,budget,0,77,true,3,315,57,112,0.47058823529411764,0.5,0.029411764705882353,0,0,7,4,normal,false,6,14,649,1665,180,0,0,false,false,true,0,0,2494,34,0,
728,random,640,8,2,lock,0,84,false,2,270,13,18,0,0.75,0.25,0,0,1,1,normal,false,5,2,0,310,330,0,0,false,false,false,0,0,640,8,0,
729,random,3674,30,0,budget,0,57,true,4,495,70,126,0.16666666666666666,0.8333333333333334,0,0,0,1,27,normal,false,5,10,389,3285,0,0,0,false,false,false,0,0,3674,30,0,
730,random,2446,30,0,budget,0,57,true,4,318,67,94,0.36666666666666664,0.6333333333333333,0,0,0,5,8,normal,false,7,13,576,1870,0,0,0,false,false,true,0,0,2446,30,0,
731,random,2994,30,0,budget,0,62,true,4,580,66,121,0.4,0.6,0,0,0,2,15,normal,false,9,8,789,2205,0,0,0,false,false,true,0,0,2994,30,0,
732,random,2116,30,0,budget,0,50,true,3,230,47,103,0.26666666666666666,0.7333333333333333,0,0,0,3,14,crash,false,11,10,396,1720,0,0,0,false,false,true,0,0,2116,30,0,
733,random,1230,10,0,lock,0,50,false,3,255,27,41,0,1,0,0,0,0,-1,normal,false,4,3,0,1230,0,0,0,false,false,false,0,0,1230,10,0,
734,random,2509,30,0,budget,0,50,true,4,555,51,98,0.43333333333333335,0.5666666666666667,0,0,0,4,8,crash,false,4,13,304,2205,0,0,0,false,false,false,0,0,2509,30,0,
735,random,4249,34,4,budget,0,80,true,5,1610,64,131,0.5,0.47058823529411764,0.029411764705882353,0,0,8,1,normal,false,4,16,704,1895,1650,0,0,false,false,true,0,0,4249,34,0,
736,random,3220,36,6,budget,0,80,true,3,270,78,105,0.027777777777777776,0.9444444444444444,0.027777777777777776,0,0,4,4,normal,false,4,15,15,2755,450,0,0,false,false,false,0,0,3220,36,0,
737,random,3701,38,8,budget,0,88,true,3,420,87,130,0.18421052631578946,0.7105263157894737,0.07894736842105263,0.02631578947368421,0,6,6,crash,false,4,17,256,2710,600,135,0,false,false,false,0,0,3701,38,0,
738,random,4748,32,2,budget,0,70,true,8,1875,79,132,0.125,0.875,0,0,0,2,6,crash,false,3,14,228,4340,180,0,0,false,false,true,0,0,4748,32,0,
739,random,2140,30,0,budget,0,62,true,4,190,53,95,0.3333333333333333,0.6666666666666666,0,0,0,3,10,normal,false,4,11,530,1610,0,0,0,false,false,true,0,0,2140,30,0,
740,random,1525,15,14,lock,0,92,false,2,210,34,27,0,0.5333333333333333,0.3333333333333333,0.13333333333333333,0,6,2,keto,false,6,6,0,465,790,270,0,true,false,true,0,0,1525,15,0,
741,random,3720,30,0,budget,0,68,true,5,810,77,110,0.06666666666666667,0.9333333333333333,0,0,0,1,27,crash,false,5,9,65,3655,0,0,0,false,false,false,0,0,3720,30,0,
742,random,2223,30,0,budget,0,50,true,3,230,55,103,0.4666666666666667,0.5333333333333333,0,0,0,4,14,normal,false,5,10,798,1425,0,0,0,false,false,true,0,0,2223,30,0,
743,random,2918,30,0,budget,0,54,true,5,865,61,114,0.6333333333333333,0.36666666666666664,0,0,0,2,9,crash,false,16,6,593,2325,0,0,0,false,false,false,0,0,2918,30,0,
744,random,2020,30,0,budget,0,53,true,3,465,54,85,0.2,0.8,0,0,0,4,8,normal,false,5,10,210,1810,0,0,0,false,false,false,0,0,2020,30,0,
745,random,3278,30,0,budget,0,55,true,4,435,83,116,0.06666666666666667,0.9333333333333333,0,0,0,2,19,normal,false,4,14,193,3085,0,0,0,false,false,false,0,0,3278,30,0,
746,random,2285,30,0,budget,0,57,true,3,270,56,87,0.06666666666666667,0.9333333333333333,0,0,0,2,16,normal,false,5,10,75,2210,0,0,0,false,false,false,0,0,2285,30,0,
747,random,4798,32,2,budget,0,73,true,7,1265,86,114,0.09375,0.875,0.03125,0,0,3,8,normal,false,5,13,103,4535,160,0,0,false,false,true,0,0,4798,32,0,
748,random,3164,30,0,budget,0,53,true,4,360,75,112,0.13333333333333333,0.8666666666666667,0,0,0,2,8,normal,false,6,10,644,2520,0,0,0,false,false,false,0,0,3164,30,0,
749,random,5046,39,9,budget,1,100,true,4,860,87,115,0.20512820512820512,0.5897435897435898,0.05128205128205128,0.02564102564102564,0.1282051282051282,5,7,crash,false,8,11,166,2610,170,240,1860,false,false,true,1240,5,3806,34,1,3
750,random,2326,30,0,budget,0,62,true,3,405,63,91,0.13333333333333333,0.8666666666666667,0,0,0,1,30,normal,false,6,10,346,1980,0,0,0,false,false,true,0,0,2326,30,0,
751,random,3573,30,0,budget,0,63,true,3,420,81,134,0.36666666666666664,0.6333333333333333,0,0,0,3,5,normal,false,3,14,593,2980,0,0,0,false,false,true,0,0,3573,30,0,
752,random,7115,46,16,budget,0,85,false,5,2030,102,155,0,0.9130434782608695,0.08695652173913043,0,0,7,2,normal,false,6,19,0,3480,2690,945,0,false,false,true,0,0,7115,46,0,
753,random,2070,30,0,budget,0,50,true,4,525,51,83,0.36666666666666664,0.6333333333333333,0,0,0,1,16,normal,false,11,8,285,1785,0,0,0,false,false,false,0,0,2070,30,0,
754,random,4830,18,17,lock,1,100,false,6,975,44,62,0,0.4444444444444444,0.1111111111111111,0.16666666666666666,0.2777777777777778,5,1,normal,false,7,8,0,1320,570,360,2580,false,false,false,2490,5,2340,13,1,5
755,random,1972,30,0,budget,0,63,true,4,225,52,87,0.3333333333333333,0.6666666666666666,0,0,0,3,15,normal,false,4,13,472,1500,0,0,0,false,false,false,0,0,1972,30,0,
756,random,3960,34,4,budget,0,72,true,5,1050,78,125,0.029411764705882353,0.9705882352941176,0,0,0,3,6,normal,false,4,14,15,3675,270,0,0,false,false,false,0,0,3960,34,0,
757,random,6510,38,8,budget,0,86,true,10,3115,84,148,0.23684210526315788,0.6578947368421053,0.10526315789473684,0,0,6,3,normal,false,10,17,340,5450,720,0,0,false,false,true,0,0,6510,38,0,
758,random,3650,30,0,budget,0,68,true,4,840,73,114,0.06666666666666667,0.9333333333333333,0,0,0,1,26,crash,false,9,10,85,3565,0,0,0,false,false,false,0,0,3650,30,0,
759,random,5433,44,14,budget,0,85,true,6,1920,77,119,0.09090909090909091,0.8181818181818182,0.09090909090909091,0,0,9,5,normal,false,5,16,98,1825,3240,270,0,false,false,false,0,0,5433,44,0,
760,random,4805,32,2,budget,0,77,true,4,800,99,149,0.25,0.75,0,0,0,4,4,normal,false,4,14,780,3425,600,0,0,false,false,false,0,0,4805,32,0,
761,random,1155,15,0,lock,0,50,true,3,285,31,45,0,1,0,0,0,0,-1,normal,false,10,3,30,1125,0,0,0,false,false,false,0,0,1155,15,0,
762,random,5245,38,8,budget,0,85,true,5,525,101,141,0.07894736842105263,0.8421052631578947,0.07894736842105263,0,0,6,5,normal,false,4,13,45,4540,660,0,0,false,false,false,0,0,5245,38,0,
763,random,3104,32,2,budget,0,70,true,3,470,70,112,0.1875,0.8125,0,0,0,1,3,crash,false,5,12,189,2915,0,0,0,false,false,false,0,0,3104,32,0,
764,random,2700,30,0,budget,0,68,true,3,350,68,88,0.06666666666666667,0.9333333333333333,0,0,0,2,7,normal,false,4,12,30,2670,0,0,0,false,false,false,0,0,2700,30,0,
765,random,2644,30,0,budget,0,62,true,4,420,57,105,0.3333333333333333,0.6666666666666666,0,0,0,4,8,normal,false,5,15,844,1800,0,0,0,false,false,true,0,0,2644,30,0,
766,random,2889,34,4,budget,0,74,true,4,400,68,104,0.14705882352941177,0.7941176470588235,0.058823529411764705,0,0,2,5,normal,false,9,12,369,2340,180,0,0,false,false,true,0,0,2889,34,0,
767,random,21975,94,64,budget,2,100,true,7,4645,260,337,0.010638297872340425,0.5531914893617021,0.2872340425531915,0.0425531914893617,0.10638297872340426,27,2,normal,false,5,48,45,5590,5310,8010,3020,false,true,false,7545,10,14430,84,2,2|3
768,random,1825,30,0,budget,0,50,true,4,233,47,94,0.5,0.5,0,0,0,5,8,crash,false,4,10,760,1065,0,0,0,false,false,true,0,0,1825,30,0,
769,random,3747,42,12,budget,0,88,true,4,480,81,126,0.21428571428571427,0.6428571428571429,0.11904761904761904,0.023809523809523808,0,7,6,crash,false,5,19,392,2170,780,405,0,false,false,false,0,0,3747,42,0,
770,random,1769,30,0,budget,0,50,true,3,195,47,95,0.43333333333333335,0.5666666666666667,0,0,0,5,15,normal,false,5,13,504,1265,0,0,0,false,false,true,0,0,1769,30,0,
771,random,4055,38,8,budget,0,78,false,4,735,95,116,0,0.9210526315789473,0.07894736842105263,0,0,4,2,normal,false,4,16,0,3755,300,0,0,false,false,false,0,0,4055,38,0,
772,random,4588,40,10,budget,0,80,true,4,735,89,126,0.05,0.9,0.05,0,0,6,10,normal,false,8,14,38,3050,1500,0,0,false,false,false,0,0,4588,40,0,
773,random,3188,30,0,budget,0,50,true,5,970,69,112,0.4666666666666667,0.5333333333333333,0,0,0,4,10,normal,false,6,13,733,2455,0,0,0,false,false,true,0,0,3188,30,0,
774,random,2620,32,2,budget,0,80,true,4,440,69,88,0,0.96875,0.03125,0,0,1,27,normal,false,13,10,30,2500,90,0,0,false,false,true,0,0,2620,32,0,
775,random,3058,30,0,budget,0,67,true,5,555,63,126,0.43333333333333335,0.5666666666666667,0,0,0,4,10,crash,false,4,14,823,2235,0,0,0,false,false,false,0,0,3058,30,0,
776,random,3428,30,0,budget,0,66,true,4,505,75,107,0.06666666666666667,0.9333333333333333,0,0,0,2,15,normal,false,4,15,88,3340,0,0,0,false,false,true,0,0,3428,30,0,
777,random,3449,36,6,budget,0,77,true,3,660,85,114,0.19444444444444445,0.75,0.05555555555555555,0,0,6,6,normal,false,8,12,214,2785,450,0,0,false,false,false,0,0,3449,36,0,
778,random,2268,32,2,budget,0,75,true,4,270,73,104,0.375,0.59375,0.03125,0,0,3,3,normal,false,6,13,733,1445,90,0,0,false,false,false,0,0,2268,32,0,
779,random,18621,93,63,budget,3,100,true,4,1800,241,279,0.03225806451612903,0.5268817204301075,0.20430107526881722,0.07526881720430108,0.16129032258064516,23,4,crash,false,9,45,46,5045,2760,1950,8820,false,true,false,6990,15,11631,78,3,2|5|8
780,random,2775,30,0,budget,0,50,true,5,645,58,104,0.36666666666666664,0.6333333333333333,0,0,0,2,9,crash,false,8,8,475,2300,0,0,0,false,false,true,0,0,2775,30,0,
781,random,2908,30,0,budget,0,58,true,5,465,62,97,0.06666666666666667,0.9333333333333333,0,0,0,1,18,crash,false,11,10,353,2555,0,0,0,false,false,true,0,0,2908,30,0,
782,random,3641,30,0,budget,0,67,true,4,420,86,123,0.23333333333333334,0.7666666666666667,0,0,0,5,14,normal,false,3,15,736,2905,0,0,0,false,false,false,0,0,3641,30,0,
783,random,4079,32,2,budget,0,70,true,5,570,82,132,0.21875,0.78125,0,0,0,3,10,normal,false,4,14,434,3645,0,0,0,false,false,true,0,0,4079,32,0,
784,random,2390,30,0,budget,0,59,true,3,345,62,102,0.26666666666666666,0.7333333333333333,0,0,0,3,12,normal,false,4,12,505,1885,0,0,0,false,false,true,0,0,2390,30,0,
785,random,6305,45,15,budget,1,100,true,4,810,104,141,0.022222222222222223,0.7777777777777778,0.08888888888888889,0,0.1111111111111111,5,2,crash,false,9,14,60,3305,1080,180,1680,false,false,false,1560,5,4745,40,1,3
786,random,2889,32,2,budget,0,74,true,3,405,65,113,0.25,0.71875,0.03125,0,0,6,1,normal,false,6,17,459,2250,180,0,0,false,false,false,0,0,2889,32,0,
787,random,12140,57,59,lock,3,100,false,4,1080,142,158,0,0.2982456140350877,0.3333333333333333,0.14035087719298245,0.22807017543859648,20,4,frenzy,false,5,33,0,1750,4120,1530,4740,false,true,false,3880,13,8260,44,3,4|3|5
788,random,4350,32,2,budget,0,71,true,5,1020,84,112,0.03125,0.96875,0,0,0,2,11,normal,false,9,9,15,4335,0,0,0,false,false,false,0,0,4350,32,0,
789,random,6574,39,9,budget,1,100,true,5,1190,95,155,0.3076923076923077,0.5384615384615384,0.02564102564102564,0,0.1282051282051282,4,1,normal,false,10,8,399,3505,1410,0,1260,false,false,true,2330,5,4244,34,0,
790,random,3665,32,2,budget,0,82,false,5,570,74,99,0,0.9375,0.0625,0,0,1,15,normal,false,4,10,0,3515,150,0,0,false,false,false,0,0,3665,32,0,
791,random,3160,32,2,budget,0,74,false,7,1380,60,84,0,0.96875,0.03125,0,0,1,4,normal,false,13,8,0,3070,90,0,0,false,false,true,0,0,3160,32,0,
792,random,3373,30,0,budget,0,67,true,5,648,70,111,0.13333333333333333,0.8666666666666667,0,0,0,2,5,crash,false,5,12,248,3125,0,0,0,false,false,false,0,0,3373,30,0,
793,random,2298,30,0,budget,0,52,true,3,255,52,94,0.3333333333333333,0.6666666666666666,0,0,0,3,5,normal,false,8,11,378,1920,0,0,0,false,false,false,0,0,2298,30,0,
794,random,11765,63,33,budget,1,100,false,4,1370,163,208,0,0.7301587301587301,0.19047619047619047,0,0.07936507936507936,12,14,normal,false,13,26,0,4000,3680,1485,2600,false,false,false,2750,5,9015,58,0,
795,random,5546,41,11,budget,1,100,true,4,1440,88,117,0.07317073170731707,0.7317073170731707,0.04878048780487805,0.024390243902439025,0.12195121951219512,3,2,crash,false,13,9,46,2300,570,90,2540,false,true,false,2310,5,3236,36,1,3
796,random,3028,30,0,budget,0,56,true,4,520,76,105,0.16666666666666666,0.8333333333333334,0,0,0,2,15,normal,false,3,12,198,2830,0,0,0,false,false,false,0,0,3028,30,0,
797,random,2437,30,0,budget,0,65,true,5,720,50,96,0.3,0.7,0,0,0,3,20,normal,false,5,9,377,2060,0,0,0,false,false,true,0,0,2437,30,0,
798,random,3128,30,0,budget,0,55,true,4,675,57,99,0.2,0.8,0,0,0,3,14,crash,false,4,10,83,3045,0,0,0,false,false,false,0,0,3128,30,0,
799,random,3313,32,2,budget,0,74,true,3,405,74,133,0.4375,0.53125,0.03125,0,0,3,1,normal,false,8,12,908,2315,90,0,0,false,false,false,0,0,3313,32,0,
800,random,1886,30,0,budget,0,64,true,3,145,49,88,0.3,0.7,0,0,0,2,23,normal,false,7,11,496,1390,0,0,0,false,false,false,0,0,1886,30,0,
801,random,3112,34,4,budget,0,93,true,3,405,66,111,0.3235294117647059,0.5588235294117647,0.08823529411764706,0.029411764705882353,0,6,2,normal,false,7,14,532,2055,390,135,0,true,false,true,0,0,3112,34,0,
802,random,4037,30,0,budget,0,67,true,6,1065,76,127,0.36666666666666664,0.6333333333333333,0,0,0,4,8,crash,false,6,14,557,3480,0,0,0,false,false,true,0,0,4037,30,0,
803,random,1919,30,0,budget,0,64,true,3,315,48,95,0.4666666666666667,0.5333333333333333,0,0,0,3,14,crash,false,8,7,509,1410,0,0,0,false,false,false,0,0,1919,30,0,
804,random,2998,32,2,budget,0,74,true,4,505,72,103,0.1875,0.78125,0.03125,0,0,6,3,normal,false,7,13,173,2735,90,0,0,false,false,true,0,0,2998,32,0,
805,random,3002,34,4,budget,0,75,true,4,585,72,110,0.23529411764705882,0.7058823529411765,0.058823529411764705,0,0,4,6,normal,false,4,13,277,2515,210,0,0,false,false,true,0,0,3002,34,0,
806,random,2485,32,2,budget,0,83,true,3,405,65,87,0.21875,0.6875,0.09375,0,0,2,12,normal,false,10,9,270,1855,360,0,0,false,false,false,0,0,2485,32,0,
807,random,3314,38,8,budget,0,81,true,3,380,79,130,0.23684210526315788,0.7105263157894737,0.05263157894736842,0,0,8,5,normal,false,4,19,489,2375,450,0,0,false,false,true,0,0,3314,38,0,
808,random,10035,55,25,budget,1,100,true,6,1265,163,203,0.01818181818181818,0.7636363636363637,0.09090909090909091,0.03636363636363636,0.09090909090909091,11,13,normal,false,6,24,15,6100,2170,570,1180,false,false,false,1260,5,8775,50,1,3
809,random,3060,36,6,budget,0,78,true,3,375,76,96,0,0.9166666666666666,0.08333333333333333,0,0,3,14,normal,false,7,12,30,2760,270,0,0,false,false,false,0,0,3060,36,0,
810,random,2992,30,0,budget,0,66,true,5,495,63,109,0.23333333333333334,0.7666666666666667,0,0,0,2,21,crash,false,7,8,577,2415,0,0,0,false,false,false,0,0,2992,30,0,
811,random,4343,30,0,budget,0,67,true,4,770,91,114,0.06666666666666667,0.9333333333333333,0,0,0,1,23,normal,false,6,10,113,4230,0,0,0,false,false,false,0,0,4343,30,0,
812,random,1310,18,0,lock,0,69,true,3,270,36,48,0.05555555555555555,0.9444444444444444,0,0,0,1,10,normal,false,3,8,45,1265,0,0,0,false,false,false,0,0,1310,18,0,
813,random,3305,34,4,budget,0,86,true,4,640,76,94,0,0.9411764705882353,0.058823529411764705,0,0,1,3,normal,false,9,12,50,2565,690,0,0,false,false,false,0,0,3305,34,0,
814,random,7315,36,6,budget,0,82,true,8,2265,98,132,0.08333333333333333,0.8888888888888888,0.027777777777777776,0,0,6,5,normal,false,5,17,75,5650,1590,0,0,false,false,false,0,0,7315,36,0,
815,random,11897,56,26,budget,2,100,true,6,2400,134,183,0.19642857142857142,0.42857142857142855,0.14285714285714285,0.05357142857142857,0.17857142857142858,11,2,crash,false,9,21,552,2755,1390,2160,5040,false,false,false,5070,10,6827,46,2,6|4
816,random,3735,44,14,budget,0,81,false,3,305,89,118,0,0.9090909090909091,0.09090909090909091,0,0,6,14,normal,false,10,20,0,3015,720,0,0,false,false,false,0,0,3735,44,0,
817,random,4850,38,8,budget,0,92,false,4,900,88,114,0,0.8421052631578947,0.15789473684210525,0,0,4,4,normal,false,4,17,0,2515,1660,675,0,true,false,false,0,0,4850,38,0,
818,random,2045,20,0,lock,0,66,true,4,390,51,63,0,1,0,0,0,0,-1,normal,false,3,10,30,2015,0,0,0,false,false,false,0,0,2045,20,0,
819,random,3873,30,0,budget,0,50,true,5,1050,64,144,0.5,0.5,0,0,0,6,8,crash,false,5,15,1023,2850,0,0,0,false,false,false,0,0,3873,30,0,
820,random,1980,30,0,budget,0,66,true,3,285,51,73,0.1,0.9,0,0,0,3,23,normal,false,8,11,45,1935,0,0,0,false,false,false,0,0,1980,30,0,
821,random,2555,30,0,budget,0,64,true,4,300,64,93,0.06666666666666667,0.9333333333333333,0,0,0,2,7,normal,false,5,10,330,2225,0,0,0,false,false,true,0,0,2555,30,0,
822,random,3043,30,0,budget,0,54,true,3,465,67,108,0.2,0.8,0,0,0,3,12,crash,false,4,12,418,2625,0,0,0,false,false,false,0,0,3043,30,0,
823,random,7642,41,11,budget,1,100,true,5,1560,92,142,0.14634146341463414,0.6097560975609756,0.12195121951219512,0,0.12195121951219512,7,2,normal,false,12,13,212,2060,3360,270,1740,false,false,false,1040,5,6602,36,1,4
824,random,2565,32,2,budget,0,80,true,3,345,60,96,0.0625,0.90625,0.03125,0,0,3,15,normal,false,4,12,315,2160,90,0,0,false,false,false,0,0,2565,32,0,
825,random,8095,47,17,budget,1,100,true,5,1080,117,153,0.0425531914893617,0.6808510638297872,0.1276595744680851,0.0425531914893617,0.10638297872340426,8,8,normal,false,5,20,90,3855,1270,900,1980,false,true,false,1890,5,6205,42,1,4
826,random,8835,42,12,budget,0,90,true,8,2205,132,192,0.047619047619047616,0.8571428571428571,0.07142857142857142,0.023809523809523808,0,6,8,normal,false,9,20,150,6945,600,1140,0,true,false,true,0,0,8835,42,0,
827,random,3666,30,0,budget,0,63,true,5,750,69,105,0.13333333333333333,0.8666666666666667,0,0,0,1,7,crash,false,4,12,136,3530,0,0,0,false,false,false,0,0,3666,30,0,
828,random,3571,36,6,budget,0,84,true,6,885,72,110,0.2222222222222222,0.6666666666666666,0.1111111111111111,0,0,6,5,normal,false,8,15,276,2785,510,0,0,false,false,false,0,0,3571,36,0,
829,random,2137,30,0,budget,0,51,true,3,450,50,101,0.36666666666666664,0.6333333333333333,0,0,0,3,15,normal,false,9,9,252,1885,0,0,0,false,false,true,0,0,2137,30,0,
830,random,3543,32,2,budget,0,72,true,4,405,82,114,0.09375,0.875,0.03125,0,0,3,4,normal,false,6,12,363,3090,90,0,0,false,false,false,0,0,3543,32,0,
831,random,4644,30,0,budget,0,62,true,6,1355,85,136,0.26666666666666666,0.7333333333333333,0,0,0,3,6,normal,false,6,12,304,4340,0,0,0,false,false,true,0,0,4644,30,0,
832,random,6785,47,17,budget,1,100,false,4,900,104,123,0,0.723404255319149,0.1276595744680851,0.0425531914893617,0.10638297872340426,7,8,normal,false,7,20,0,2630,1530,765,1860,false,true,false,1530,5,5255,42,1,8
833,random,3370,29,0,lock,0,63,true,5,480,69,100,0.10344827586206896,0.896551724137931,0,0,0,3,11,normal,false,7,12,50,3320,0,0,0,false,false,true,0,0,3370,29,0,
834,random,3849,32,2,budget,0,78,true,6,1080,73,129,0.21875,0.78125,0,0,0,2,4,crash,false,9,9,519,3150,180,0,0,false,false,false,0,0,3849,32,0,
835,random,7400,58,28,budget,0,90,true,3,725,152,183,0,0.8448275862068966,0.1206896551724138,0.034482758620689655,0,11,7,normal,false,8,25,100,4690,1800,810,0,true,false,false,0,0,7400,58,0,
836,random,3195,32,2,budget,0,78,true,4,615,77,109,0.09375,0.875,0.03125,0,0,3,19,normal,false,7,12,250,2855,90,0,0,false,false,false,0,0,3195,32,0,
837,random,8654,53,23,budget,1,100,true,5,1470,129,167,0.16981132075471697,0.4528301886792453,0.24528301886792453,0.03773584905660377,0.09433962264150944,12,2,keto,false,5,32,189,3095,3870,540,960,false,false,false,870,5,7784,48,1,12
838,random,2522,30,0,budget,0,67,true,4,465,54,94,0.26666666666666666,0.7333333333333333,0,0,0,1,12,normal,false,8,10,242,2280,0,0,0,false,false,false,0,0,2522,30,0,
839,random,2619,30,0,budget,0,55,true,4,435,57,94,0.26666666666666666,0.7333333333333333,0,0,0,3,9,normal,false,4,12,324,2295,0,0,0,false,false,false,0,0,2619,30,0,
840,random,4200,36,6,budget,0,81,true,3,510,94,128,0.027777777777777776,0.9444444444444444,0.027777777777777776,0,0,4,3,normal,false,6,17,45,3525,630,0,0,false,false,true,0,0,4200,36,0,
841,random,5860,30,0,budget,0,68,true,6,1215,107,139,0,1,0,0,0,0,-1,normal,false,8,12,70,5790,0,0,0,false,false,true,0,0,5860,30,0,
842,random,2972,30,0,budget,0,57,true,5,765,57,102,0.3,0.7,0,0,0,4,10,normal,false,5,12,357,2615,0,0,0,false,false,false,0,0,2972,30,0,
843,random,2598,30,0,budget,0,50,true,6,743,56,99,0.3,0.7,0,0,0,3,19,normal,false,8,8,618,1980,0,0,0,false,false,true,0,0,2598,30,0,
844,random,3920,42,12,budget,0,80,true,5,585,79,124,0,0.9761904761904762,0.023809523809523808,0,0,6,3,normal,false,8,15,30,3350,540,0,0,false,false,false,0,0,3920,42,0,
845,random,5616,44,14,budget,0,80,true,5,970,108,149,0.09090909090909091,0.7954545454545454,0.11363636363636363,0,0,6,3,normal,false,4,22,166,4730,720,0,0,false,false,false,0,0,5616,44,0,
846,random,10860,49,19,budget,1,100,false,6,1710,171,195,0,0.7142857142857143,0.14285714285714285,0.04081632653061224,0.10204081632653061,7,7,normal,false,4,20,0,5620,2780,1020,1440,false,true,false,1440,5,9420,44,1,5
847,random,3098,34,4,budget,0,83,true,5,810,71,95,0.11764705882352941,0.8235294117647058,0.058823529411764705,0,0,4,2,normal,false,7,11,263,2475,360,0,0,false,false,false,0,0,3098,34,0,
848,random,2517,30,0,budget,0,62,true,4,540,54,104,0.5333333333333333,0.4666666666666667,0,0,0,1,18,crash,false,8,7,417,2100,0,0,0,false,false,false,0,0,2517,30,0,
849,random,3210,32,2,budget,0,78,false,4,795,63,98,0,0.96875,0.03125,0,0,1,3,normal,false,7,11,0,3120,90,0,0,false,false,false,0,0,3210,32,0,
850,random,4146,32,2,budget,0,82,true,5,855,81,129,0.125,0.8125,0.0625,0,0,4,6,normal,false,3,16,211,3545,390,0,0,false,false,false,0,0,4146,32,0,
851,random,8896,43,13,budget,1,100,true,5,2660,112,153,0.09302325581395349,0.6511627906976745,0.11627906976744186,0.023255813953488372,0.11627906976744186,6,5,normal,false,5,17,211,3270,940,315,4160,false,false,false,4280,5,4616,38,1,3
852,random,2124,30,0,budget,0,50,true,5,490,62,116,0.5333333333333333,0.4666666666666667,0,0,0,1,18,crash,false,5,9,1194,930,0,0,0,false,false,true,0,0,2124,30,0,
853,random,7460,51,21,budget,1,100,false,4,900,124,140,0,0.7843137254901961,0.0784313725490196,0.0392156862745098,0.09803921568627451,7,7,normal,false,11,16,0,3315,1670,495,1980,false,false,false,2220,5,5240,46,1,3
854,random,3108,30,0,budget,0,55,true,4,495,68,110,0.16666666666666666,0.8333333333333334,0,0,0,3,4,normal,false,3,14,138,2970,0,0,0,false,false,true,0,0,3108,30,0,
855,random,3051,30,0,budget,0,57,true,4,375,64,104,0.16666666666666666,0.8333333333333334,0,0,0,2,15,crash,false,4,12,256,2795,0,0,0,false,false,false,0,0,3051,30,0,
856,random,7265,46,16,budget,0,97,true,4,1140,118,157,0,0.8478260869565217,0.13043478260869565,0.021739130434782608,0,7,6,normal,false,6,18,30,4295,1590,1350,0,true,true,false,0,0,7265,46,0,
857,random,3265,30,0,budget,0,66,true,5,855,71,97,0.03333333333333333,0.9666666666666667,0,0,0,1,28,normal,false,6,10,75,3190,0,0,0,false,false,false,0,0,3265,30,0,
858,random,2709,30,0,budget,0,62,true,4,225,59,107,0.2,0.8,0,0,0,3,19,crash,false,8,8,309,2400,0,0,0,false,false,false,0,0,2709,30,0,
859,random,4625,30,0,budget,0,68,true,6,960,81,125,0.03333333333333333,0.9666666666666667,0,0,0,0,-1,crash,false,5,10,90,4535,0,0,0,false,false,false,0,0,4625,30,0,
860,random,5965,45,15,budget,1,100,true,3,900,108,135,0.022222222222222223,0.8,0.06666666666666667,0,0.1111111111111111,5,5,normal,false,6,19,15,3170,660,180,1940,false,false,false,1760,5,4205,40,1,2
861,random,4965,32,2,budget,0,84,true,5,675,75,137,0.28125,0.6875,0.03125,0,0,4,15,normal,false,5,13,260,4195,510,0,0,false,false,false,0,0,4965,32,0,
862,random,4623,30,0,budget,0,63,true,5,900,88,152,0.36666666666666664,0.6333333333333333,0,0,0,3,12,crash,false,2,18,1063,3560,0,0,0,false,false,false,0,0,4623,30,0,
863,random,7420,51,21,budget,1,100,true,5,1350,103,148,0.0196078431372549,0.6666666666666666,0.17647058823529413,0.0392156862745098,0.09803921568627451,9,1,normal,false,15,17,15,2610,2680,495,1620,false,true,true,1530,5,5890,46,1,7
864,random,5335,46,16,budget,0,95,true,4,465,108,138,0.021739130434782608,0.7608695652173914,0.1956521739130435,0.021739130434782608,0,8,8,normal,false,6,24,15,3460,1590,270,0,true,true,false,0,0,5335,46,0,
865,random,6903,55,25,budget,1,100,true,3,690,122,179,0.12727272727272726,0.5818181818181818,0.14545454545454545,0.05454545454545454,0.09090909090909091,10,4,crash,false,13,17,378,3180,1500,405,1440,false,false,false,1350,5,5553,50,1,2
866,random,2889,30,0,budget,0,64,true,4,465,62,112,0.23333333333333334,0.7666666666666667,0,0,0,3,16,normal,false,3,15,359,2530,0,0,0,false,false,true,0,0,2889,30,0,
867,random,15023,58,28,budget,2,100,true,4,3240,176,216,0.13793103448275862,0.46551724137931033,0.13793103448275862,0.08620689655172414,0.1724137931034483,11,1,normal,false,14,24,523,3560,1530,930,8480,false,false,true,7770,10,7253,48,2,3|9
868,random,7665,43,13,budget,1,100,true,4,1920,105,136,0,0.7906976744186046,0.09302325581395349,0,0.11627906976744186,5,2,normal,false,13,12,60,2535,1090,0,3980,false,false,false,2400,5,5265,38,1,2
869,random,3438,30,0,budget,0,62,true,3,500,69,121,0.2,0.8,0,0,0,3,6,crash,false,3,13,138,3300,0,0,0,false,false,false,0,0,3438,30,0,
870,random,8060,32,2,budget,0,82,true,11,3510,104,159,0.03125,0.9375,0.03125,0,0,2,12,normal,false,7,13,60,7730,270,0,0,false,false,true,0,0,8060,32,0,
871,random,495,5,0,lock,0,63,false,2,165,15,15,0,1,0,0,0,0,-1,normal,false,2,2,0,495,0,0,0,false,false,false,0,0,495,5,0,
872,random,4122,40,10,budget,0,84,true,4,570,89,133,0.275,0.55,0.175,0,0,5,2,crash,false,7,16,372,2580,1170,0,0,false,false,false,0,0,4122,40,0,
873,random,6986,43,13,budget,1,100,true,4,900,111,150,0.11627906976744186,0.6744186046511628,0.06976744186046512,0.023255813953488372,0.11627906976744186,7,11,crash,false,7,20,561,3035,390,360,2640,false,false,false,2070,5,4916,38,1,4
874,random,4218,30,0,budget,0,62,true,5,1080,68,132,0.13333333333333333,0.8666666666666667,0,0,0,1,20,crash,false,3,12,143,4075,0,0,0,false,false,false,0,0,4218,30,0,
875,random,13060,67,37,budget,1,100,true,4,1620,172,244,0.014925373134328358,0.7014925373134329,0.14925373134328357,0.05970149253731343,0.07462686567164178,15,2,normal,false,7,30,120,4510,3660,1110,3660,false,true,true,4000,5,9060,62,1,2
876,random,3700,32,2,budget,0,79,true,4,420,77,108,0.09375,0.875,0.03125,0,0,4,16,normal,false,3,15,255,3355,90,0,0,false,false,false,0,0,3700,32,0,
877,random,2243,30,0,budget,0,63,true,3,300,51,89,0.13333333333333333,0.8666666666666667,0,0,0,1,18,crash,false,3,12,78,2165,0,0,0,false,false,false,0,0,2243,30,0,
878,random,5390,41,11,budget,1,100,false,4,970,91,118,0,0.8048780487804879,0.04878048780487805,0.024390243902439025,0.12195121951219512,3,1,normal,false,4,14,0,2875,1300,135,1080,false,false,false,1630,5,3760,36,0,
879,random,9341,55,25,budget,1,100,true,4,1500,123,151,0.05454545454545454,0.5272727272727272,0.32727272727272727,0,0.09090909090909091,12,7,normal,false,4,31,166,2155,3090,990,2940,false,false,false,2760,5,6581,50,1,2
880,random,2684,30,0,budget,0,64,true,3,270,59,98,0.2,0.8,0,0,0,0,-1,crash,false,11,10,304,2380,0,0,0,false,false,false,0,0,2684,30,0,
881,random,3028,30,0,budget,0,55,true,4,615,57,106,0.3,0.7,0,0,0,3,12,normal,false,6,12,283,2745,0,0,0,false,false,true,0,0,3028,30,0,
882,random,2984,30,0,budget,0,56,true,4,540,72,116,0.26666666666666666,0.7333333333333333,0,0,0,3,17,normal,false,6,12,489,2495,0,0,0,false,false,false,0,0,2984,30,0,
883,random,6776,49,19,budget,1,100,true,4,1245,120,148,0.08163265306122448,0.673469387755102,0.12244897959183673,0.02040816326530612,0.10204081632653061,8,2,normal,false,7,21,211,3220,780,1125,1440,false,true,false,1410,5,5366,44,1,5
884,random,2313,32,2,budget,0,72,true,3,300,60,93,0.28125,0.71875,0,0,0,2,14,normal,false,7,9,423,1650,240,0,0,false,false,true,0,0,2313,32,0,
885,random,2813,30,0,budget,0,62,true,3,615,61,99,0.13333333333333333,0.8666666666666667,0,0,0,2,5,normal,false,15,7,158,2655,0,0,0,false,false,false,0,0,2813,30,0,
886,random,12053,50,20,budget,0,98,true,5,1545,159,234,0.06,0.66,0.18,0.1,0,11,2,normal,false,4,26,128,6375,1920,3630,0,true,true,false,0,0,12053,50,0,
887,random,3739,32,2,budget,0,73,true,4,510,82,119,0.21875,0.75,0.03125,0,0,2,15,normal,false,7,10,279,3340,120,0,0,false,false,false,0,0,3739,32,0,
888,random,7518,54,24,budget,0,93,true,5,1290,128,178,0.18518518518518517,0.6296296296296297,0.14814814814814814,0.037037037037037035,0,10,2,normal,false,9,23,393,3740,2710,675,0,true,false,true,0,0,7518,54,0,
889,random,4195,32,2,budget,0,76,false,5,855,81,126,0,0.96875,0.03125,0,0,1,2,normal,false,4,16,0,4105,90,0,0,false,false,true,0,0,4195,32,0,
890,random,2586,34,4,budget,0,80,true,3,255,62,97,0.058823529411764705,0.8823529411764706,0.058823529411764705,0,0,4,5,normal,false,6,15,196,2210,180,0,0,false,false,false,0,0,2586,34,0,
891,random,2770,30,0,budget,0,66,true,3,510,68,98,0.16666666666666666,0.8333333333333334,0,0,0,4,5,normal,false,6,14,120,2650,0,0,0,false,false,true,0,0,2770,30,0,
892,random,13079,54,24,budget,2,100,true,6,2535,117,175,0.12962962962962962,0.5,0.14814814814814814,0.037037037037037035,0.18518518518518517,8,2,crash,false,9,25,159,2085,1260,2955,6620,false,true,false,6110,10,6969,44,2,2|2
893,random,3196,30,0,budget,0,69,true,6,600,62,112,0.26666666666666666,0.7333333333333333,0,0,0,2,14,normal,false,5,12,681,2515,0,0,0,false,false,true,0,0,3196,30,0,
894,random,2830,30,0,budget,0,67,true,4,465,75,95,0.1,0.9,0,0,0,3,12,normal,false,6,15,120,2710,0,0,0,false,false,false,0,0,2830,30,0,
895,random,2785,32,2,budget,0,75,true,3,270,64,90,0.0625,0.90625,0.03125,0,0,3,3,normal,false,6,12,105,2590,90,0,0,false,false,false,0,0,2785,32,0,
896,random,2525,30,0,budget,0,69,true,4,465,63,88,0.03333333333333333,0.9666666666666667,0,0,0,1,25,normal,false,8,10,15,2510,0,0,0,false,false,false,0,0,2525,30,0,
897,random,8733,47,17,budget,1,100,true,4,1620,108,169,0.23404255319148937,0.48936170212765956,0.1276595744680851,0.0425531914893617,0.10638297872340426,10,5,crash,false,5,20,588,1470,1930,2205,2540,false,true,false,3000,5,5733,42,1,3
898,random,2809,30,0,budget,0,50,true,3,270,56,112,0.26666666666666666,0.7333333333333333,0,0,0,1,28,normal,false,5,13,409,2400,0,0,0,false,false,true,0,0,2809,30,0,
899,random,26010,73,44,lock,4,100,true,6,4180,201,309,0.0958904109589041,0.410958904109589,0.1643835616438356,0.0547945205479452,0.273972602739726,17,6,normal,false,6,34,815,4435,2680,960,17120,false,true,false,16120,20,9890,53,4,4|3|4|3
900,random,4245,38,8,budget,0,97,true,5,660,85,115,0.10526315789473684,0.7368421052631579,0.10526315789473684,0.05263157894736842,0,7,3,keto,false,3,19,60,2940,1020,225,0,true,true,false,0,0,4245,38,0,
901,random,2515,20,0,lock,0,56,true,5,630,45,66,0.1,0.9,0,0,0,2,17,normal,false,7,7,135,2380,0,0,0,false,false,false,0,0,2515,20,0,
902,random,2203,30,0,budget,0,62,true,4,285,62,96,0.4666666666666667,0.5333333333333333,0,0,0,6,9,normal,false,4,10,673,1530,0,0,0,false,false,false,0,0,2203,30,0,
903,random,2207,32,2,budget,0,74,true,4,660,51,80,0.25,0.75,0,0,0,3,8,normal,false,7,5,227,1620,360,0,0,false,false,false,0,0,2207,32,0,
904,random,2875,32,2,budget,0,78,true,4,390,67,105,0.5,0.5,0,0,0,3,8,normal,false,11,12,605,1910,360,0,0,false,false,true,0,0,2875,32,0,
905,random,3485,34,4,budget,0,99,true,5,720,64,98,0.2647058823529412,0.5882352941176471,0.08823529411764706,0.058823529411764705,0,3,5,normal,false,8,12,295,2455,240,495,0,true,true,true,0,0,3485,34,0,
906,random,6885,39,9,budget,1,100,true,5,1400,104,112,0.05128205128205128,0.7692307692307693,0.02564102564102564,0.02564102564102564,0.1282051282051282,4,3,normal,false,10,13,35,3185,450,855,2360,false,true,false,2765,5,4120,34,1,2
907,random,3376,30,0,budget,0,66,true,4,405,73,101,0.1,0.9,0,0,0,1,22,normal,false,7,10,111,3265,0,0,0,false,false,true,0,0,3376,30,0,
908,random,4764,41,11,budget,1,100,true,4,1020,78,111,0.17073170731707318,0.6585365853658537,0.04878048780487805,0,0.12195121951219512,6,11,normal,false,10,18,134,2020,930,360,1320,false,false,true,1680,5,3084,36,1,2
909,random,5182,38,8,budget,0,90,true,7,1525,95,125,0.23684210526315788,0.6842105263157895,0.07894736842105263,0,0,8,3,normal,false,3,19,232,3990,420,540,0,true,false,true,0,0,5182,38,0,
910,random,2773,30,0,budget,0,50,true,6,1050,57,96,0.2,0.8,0,0,0,5,4,normal,false,6,10,253,2520,0,0,0,false,false,false,0,0,2773,30,0,
911,random,4145,38,8,budget,0,90,false,3,1040,87,120,0,0.9210526315789473,0.05263157894736842,0.02631578947368421,0,3,15,normal,false,7,15,0,2640,1370,135,0,true,false,true,0,0,4145,38,0,
912,random,13815,66,36,budget,2,100,true,5,2240,163,210,0.15151515151515152,0.4696969696969697,0.13636363636363635,0.09090909090909091,0.15151515151515152,14,4,normal,false,6,27,380,3085,3300,3150,3900,false,true,false,4305,10,9510,56,2,8|2
913,random,2105,30,0,budget,0,62,true,3,285,48,81,0.13333333333333333,0.8666666666666667,0,0,0,4,7,normal,false,6,10,135,1970,0,0,0,false,false,true,0,0,2105,30,0,
914,random,2878,30,0,budget,0,50,true,6,443,65,119,0.4,0.6,0,0,0,3,9,normal,false,6,12,983,1895,0,0,0,false,false,false,0,0,2878,30,0,
915,random,4075,34,4,budget,0,83,true,4,720,88,129,0.058823529411764705,0.9411764705882353,0,0,0,3,22,normal,false,8,14,115,3600,360,0,0,false,false,false,0,0,4075,34,0,
916,random,5988,45,15,budget,1,100,true,6,885,106,151,0.17777777777777778,0.6222222222222222,0.044444444444444446,0.044444444444444446,0.1111111111111111,5,8,normal,false,9,16,918,2805,420,225,1620,false,false,false,1230,5,4758,40,1,3
917,random,2542,30,0,budget,0,69,true,5,705,57,92,0.3333333333333333,0.6666666666666666,0,0,0,3,18,crash,false,8,9,287,2255,0,0,0,false,false,false,0,0,2542,30,0,
918,random,10420,43,13,budget,1,100,false,4,3800,110,155,0,0.7209302325581395,0.16279069767441862,0,0.11627906976744186,4,2,normal,false,9,10,0,3140,1110,810,5360,false,false,false,2430,5,7990,38,1,5
919,random,3847,32,2,budget,0,72,true,5,810,72,125,0.1875,0.78125,0.03125,0,0,1,8,crash,false,4,15,627,3130,90,0,0,false,false,true,0,0,3847,32,0,
920,random,2493,30,0,budget,0,59,true,5,735,47,98,0.26666666666666666,0.7333333333333333,0,0,0,3,14,normal,false,9,9,408,2085,0,0,0,false,false,true,0,0,2493,30,0,
921,random,3891,34,4,budget,0,75,true,6,1005,85,119,0.17647058823529413,0.7647058823529411,0.058823529411764705,0,0,4,11,normal,false,7,13,331,3380,180,0,0,false,false,false,0,0,3891,34,0,
922,random,4093,32,2,budget,0,82,true,4,870,72,117,0.15625,0.8125,0.03125,0,0,3,13,crash,false,4,13,168,3055,870,0,0,false,false,false,0,0,4093,32,0,
923,random,3135,30,0,budget,0,50,true,4,510,73,136,0.4666666666666667,0.5333333333333333,0,0,0,5,8,crash,false,4,13,1175,1960,0,0,0,false,false,true,0,0,3135,30,0,
924,random,1764,30,0,budget,0,53,true,3,465,44,83,0.43333333333333335,0.5666666666666667,0,0,0,1,20,normal,false,9,7,459,1305,0,0,0,false,false,false,0,0,1764,30,0,
925,random,2233,30,0,budget,0,69,true,3,285,62,80,0.06666666666666667,0.9333333333333333,0,0,0,1,24,normal,false,5,11,118,2115,0,0,0,false,false,false,0,0,2233,30,0,
926,random,2530,30,0,budget,0,66,true,3,240,61,94,0.1,0.9,0,0,0,2,22,crash,false,6,8,90,2440,0,0,0,false,false,false,0,0,2530,30,0,
927,random,3192,30,0,budget,0,61,true,5,980,67,104,0.2,0.8,0,0,0,2,20,normal,false,10,9,387,2805,0,0,0,false,false,false,0,0,3192,30,0,
928,random,4280,42,12,budget,0,87,true,4,375,95,134,0.047619047619047616,0.8333333333333334,0.11904761904761904,0,0,8,3,normal,false,5,21,30,3800,450,0,0,false,false,false,0,0,4280,42,0,
929,random,4775,42,12,budget,0,79,true,4,615,109,144,0.07142857142857142,0.9047619047619048,0.023809523809523808,0,0,9,2,normal,false,5,24,210,3935,630,0,0,false,false,true,0,0,4775,42,0,
930,random,2805,30,0,budget,0,69,true,4,505,67,88,0.03333333333333333,0.9666666666666667,0,0,0,1,21,normal,false,11,8,15,2790,0,0,0,false,false,true,0,0,2805,30,0,
931,random,5770,42,12,budget,0,92,false,4,735,112,147,0,0.8809523809523809,0.07142857142857142,0.047619047619047616,0,5,4,normal,false,11,16,0,4260,1240,270,0,true,false,false,0,0,5770,42,0,
932,random,17995,61,31,budget,1,100,true,5,2900,187,270,0.01639344262295082,0.7213114754098361,0.14754098360655737,0.03278688524590164,0.08196721311475409,12,6,crash,false,11,28,30,6435,3800,3150,4580,false,true,false,1770,5,16225,56,1,6
933,random,3615,32,2,budget,0,72,true,5,670,67,115,0.25,0.75,0,0,0,3,2,normal,false,7,11,190,3065,360,0,0,false,false,true,0,0,3615,32,0,
934,random,14585,49,19,budget,1,100,true,7,3900,130,177,0.061224489795918366,0.6122448979591837,0.16326530612244897,0.061224489795918366,0.10204081632653061,11,1,normal,false,7,26,45,3540,590,2490,7920,false,true,false,8880,5,5705,44,1,3
935,random,4239,30,0,budget,0,50,true,5,930,66,147,0.36666666666666664,0.6333333333333333,0,0,0,4,8,crash,false,4,12,659,3580,0,0,0,false,false,false,0,0,4239,30,0,
936,random,1440,16,0,lock,0,67,false,3,270,36,45,0,1,0,0,0,0,-1,normal,false,2,7,0,1440,0,0,0,false,false,false,0,0,1440,16,0,
937,random,2424,30,0,budget,0,67,true,4,420,61,91,0.26666666666666666,0.7333333333333333,0,0,0,3,8,normal,false,5,12,504,1920,0,0,0,false,false,false,0,0,2424,30,0,
938,random,3378,30,0,budget,0,50,true,5,555,69,99,0.1,0.9,0,0,0,2,9,normal,false,5,10,98,3280,0,0,0,false,false,false,0,0,3378,30,0,
939,random,1955,32,2,budget,0,83,true,2,210,52,69,0.03125,0.875,0.09375,0,0,2,2,normal,false,6,10,15,1700,240,0,0,false,false,false,0,0,1955,32,0,
940,random,7655,43,13,budget,1,100,false,5,1770,113,139,0,0.813953488372093,0.06976744186046512,0,0.11627906976744186,4,19,normal,false,4,23,0,3455,2100,1080,1020,false,false,true,1800,5,5855,38,1,2
941,random,3633,32,2,budget,0,78,true,4,495,86,115,0.125,0.84375,0.03125,0,0,2,9,normal,false,6,8,243,3300,90,0,0,false,false,true,0,0,3633,32,0,
942,random,5194,34,4,budget,0,78,true,5,980,98,152,0.20588235294117646,0.7941176470588235,0,0,0,4,8,crash,false,7,15,274,4290,630,0,0,false,false,false,0,0,5194,34,0,
943,random,8905,53,23,budget,1,100,false,5,2160,134,159,0,0.7358490566037735,0.16981132075471697,0,0.09433962264150944,8,3,normal,false,8,21,0,3575,1220,510,3600,false,false,false,1740,5,7165,48,1,2
944,random,4776,34,4,budget,0,73,true,6,1090,84,124,0.2647058823529412,0.7352941176470589,0,0,0,7,2,normal,false,5,15,451,3605,720,0,0,false,false,true,0,0,4776,34,0,
945,random,13451,68,38,budget,2,100,true,4,1425,161,216,0.08823529411764706,0.4852941176470588,0.19117647058823528,0.08823529411764706,0.14705882352941177,15,1,normal,false,8,25,416,2640,3940,2115,4340,false,true,false,3780,10,9671,58,2,2|6
946,random,3983,34,4,budget,0,72,true,4,915,79,124,0.38235294117647056,0.5882352941176471,0.029411764705882353,0,0,5,3,normal,false,9,12,408,3485,90,0,0,false,false,true,0,0,3983,34,0,
947,random,3694,38,8,budget,0,80,true,3,375,90,121,0.13157894736842105,0.8157894736842105,0.05263157894736842,0,0,7,11,normal,false,5,19,149,3365,180,0,0,false,false,false,0,0,3694,38,0,
948,random,5933,42,12,budget,0,95,true,4,1080,105,145,0.09523809523809523,0.7619047619047619,0.14285714285714285,0,0,7,21,crash,false,3,21,233,4230,1200,270,0,true,true,false,0,0,5933,42,0,
949,random,3105,34,4,budget,0,87,true,4,350,79,108,0.08823529411764706,0.8235294117647058,0.08823529411764706,0,0,3,2,normal,false,7,15,120,2455,260,270,0,false,false,false,0,0,3105,34,0,
950,random,11615,51,21,budget,1,100,false,5,1710,155,204,0,0.6274509803921569,0.23529411764705882,0.0392156862745098,0.09803921568627451,8,11,normal,false,5,24,0,3680,4440,1215,2280,false,false,true,2580,5,9035,46,1,5
951,random,2565,30,0,budget,0,69,false,3,360,66,85,0,1,0,0,0,0,-1,normal,false,5,12,0,2565,0,0,0,false,false,true,0,0,2565,30,0,
952,random,14085,79,49,budget,1,100,false,5,1200,196,254,0,0.620253164556962,0.25316455696202533,0.06329113924050633,0.06329113924050633,18,2,normal,false,6,40,0,4575,4020,2070,3420,false,true,false,2855,5,11230,74,1,11
953,random,3698,30,0,budget,0,65,true,7,1508,74,104,0.36666666666666664,0.6333333333333333,0,0,0,4,7,normal,false,7,9,423,3275,0,0,0,false,false,false,0,0,3698,30,0,
954,random,4330,38,8,budget,0,90,true,4,465,88,112,0,0.868421052631579,0.07894736842105263,0.05263157894736842,0,3,13,normal,false,6,16,30,3505,390,405,0,true,false,false,0,0,4330,38,0,
955,random,3174,30,0,budget,0,57,true,4,435,60,107,0.16666666666666666,0.8333333333333334,0,0,0,1,23,normal,false,6,10,234,2940,0,0,0,false,false,true,0,0,3174,30,0,
956,random,7160,52,22,budget,0,83,true,4,560,122,169,0.019230769230769232,0.7884615384615384,0.19230769230769232,0,0,10,1,crash,false,8,23,0,4390,2770,0,0,false,false,false,0,0,7160,52,0,
957,random,2325,30,0,budget,0,63,false,3,385,64,84,0,1,0,0,0,0,-1,normal,false,6,11,0,2325,0,0,0,false,false,false,0,0,2325,30,0,
958,random,1975,30,0,budget,0,62,true,3,270,47,88,0.23333333333333334,0.7666666666666667,0,0,0,2,26,normal,false,8,9,320,1655,0,0,0,false,false,true,0,0,1975,30,0,
959,random,7268,47,17,budget,1,100,true,4,680,121,171,0.06382978723404255,0.7021276595744681,0.10638297872340426,0.02127659574468085,0.10638297872340426,8,3,normal,false,8,17,158,4020,1770,120,1200,false,false,false,1140,5,6128,42,1,3
960,random,3644,32,2,budget,0,77,true,4,665,80,119,0.25,0.71875,0.03125,0,0,5,2,normal,false,5,15,274,3280,90,0,0,false,false,true,0,0,3644,32,0,
961,random,2735,30,0,budget,0,60,true,4,510,61,88,0.1,0.9,0,0,0,3,13,normal,false,4,12,185,2550,0,0,0,false,false,false,0,0,2735,30,0,
962,random,1589,30,0,budget,0,53,true,3,225,46,86,0.5333333333333333,0.4666666666666667,0,0,0,4,11,normal,false,10,11,554,1035,0,0,0,false,false,true,0,0,1589,30,0,
963,random,6960,44,14,budget,0,90,false,4,735,127,169,0,0.8863636363636364,0.09090909090909091,0.022727272727272728,0,6,3,normal,false,7,16,0,4920,1230,810,0,true,false,true,0,0,6960,44,0,
964,random,2957,30,0,budget,0,52,true,4,715,59,116,0.26666666666666666,0.7333333333333333,0,0,0,2,10,crash,false,5,8,517,2440,0,0,0,false,false,false,0,0,2957,30,0,
965,random,2537,30,0,budget,0,61,true,6,885,48,88,0.3,0.7,0,0,0,4,11,crash,false,7,7,257,2280,0,0,0,false,false,false,0,0,2537,30,0,
966,random,9071,51,21,budget,1,100,true,5,1320,138,171,0.11764705882352941,0.5882352941176471,0.11764705882352941,0.0784313725490196,0.09803921568627451,11,13,normal,false,6,23,391,2810,2280,630,2960,false,true,true,2960,5,6111,46,1,10
967,random,4143,30,0,budget,0,55,true,5,985,67,120,0.23333333333333334,0.7666666666666667,0,0,0,3,12,crash,false,6,13,323,3820,0,0,0,false,false,false,0,0,4143,30,0,
968,random,7538,49,19,budget,1,100,true,6,840,131,184,0.08163265306122448,0.673469387755102,0.14285714285714285,0,0.10204081632653061,8,1,normal,false,7,16,688,3535,1290,765,1260,false,true,false,1560,5,5978,44,1,3
969,random,2515,30,0,budget,0,69,false,3,405,60,84,0,1,0,0,0,0,-1,normal,false,8,8,0,2515,0,0,0,false,false,false,0,0,2515,30,0,
970,random,3155,30,0,budget,0,66,false,4,465,72,93,0,1,0,0,0,0,-1,normal,false,6,12,0,3155,0,0,0,false,false,false,0,0,3155,30,0,
971,random,1735,22,4,lock,0,75,false,3,560,42,50,0,0.9545454545454546,0.045454545454545456,0,0,2,12,normal,false,5,6,0,1135,600,0,0,false,false,false,0,0,1735,22,0,
972,random,2218,30,0,budget,0,58,true,3,260,56,102,0.36666666666666664,0.6333333333333333,0,0,0,2,13,normal,false,9,9,538,1680,0,0,0,false,false,false,0,0,2218,30,0,
973,random,3075,30,0,budget,0,62,true,5,765,64,100,0.36666666666666664,0.6333333333333333,0,0,0,2,14,normal,false,7,10,345,2730,0,0,0,false,false,false,0,0,3075,30,0,
974,random,2405,30,0,budget,0,50,true,3,395,60,105,0.4666666666666667,0.5333333333333333,0,0,0,3,6,normal,false,7,11,425,1980,0,0,0,false,false,false,0,0,2405,30,0,
975,random,2240,30,0,budget,0,61,true,4,240,53,108,0.6,0.4,0,0,0,4,16,crash,false,4,10,1040,1200,0,0,0,false,false,false,0,0,2240,30,0,
976,random,1863,30,0,budget,0,50,true,3,190,55,102,0.43333333333333335,0.5666666666666667,0,0,0,5,7,normal,false,4,14,783,1080,0,0,0,false,false,true,0,0,1863,30,0,
977,random,3855,40,10,budget,0,98,true,5,610,84,106,0.025,0.825,0.125,0.025,0,6,13,normal,false,10,14,15,3245,460,135,0,true,true,false,0,0,3855,40,0,
978,random,2546,30,0,budget,0,68,true,3,300,60,97,0.16666666666666666,0.8333333333333334,0,0,0,2,17,normal,false,7,11,356,2190,0,0,0,false,false,true,0,0,2546,30,0,
979,random,3064,30,0,budget,0,65,true,5,645,55,103,0.26666666666666666,0.7333333333333333,0,0,0,4,20,crash,false,7,11,354,2710,0,0,0,false,false,false,0,0,3064,30,0,
980,random,2908,30,0,budget,0,59,true,3,355,71,110,0.16666666666666666,0.8333333333333334,0,0,0,4,11,normal,false,5,12,268,2640,0,0,0,false,false,false,0,0,2908,30,0,
981,random,3877,30,0,budget,0,54,true,6,1275,62,121,0.3333333333333333,0.6666666666666666,0,0,0,4,20,crash,false,4,12,302,3575,0,0,0,false,false,false,0,0,3877,30,0,
982,random,4351,30,0,budget,0,63,true,5,755,81,134,0.23333333333333334,0.7666666666666667,0,0,0,2,12,crash,false,6,12,211,4140,0,0,0,false,false,false,0,0,4351,30,0,
983,random,2809,32,2,budget,0,80,true,6,735,70,109,0.28125,0.6875,0.03125,0,0,5,7,normal,false,4,15,569,2150,90,0,0,false,false,true,0,0,2809,32,0,
984,random,4230,30,0,budget,0,69,false,7,1770,78,102,0,1,0,0,0,0,-1,normal,false,4,10,0,4230,0,0,0,false,false,true,0,0,4230,30,0,
985,random,2495,32,2,budget,0,73,true,3,260,65,91,0.09375,0.875,0.03125,0,0,3,2,normal,false,5,14,90,2315,90,0,0,false,false,true,0,0,2495,32,0,
986,random,7177,49,19,budget,1,100,true,5,1770,97,163,0.40816326530612246,0.40816326530612246,0.08163265306122448,0,0.10204081632653061,9,1,normal,false,12,13,747,1730,690,2250,1760,false,false,true,2040,5,5137,44,1,3
987,random,2911,30,0,budget,0,52,true,7,811,53,115,0.4666666666666667,0.5333333333333333,0,0,0,3,10,normal,false,5,9,1636,1275,0,0,0,false,false,true,0,0,2911,30,0,
988,random,3435,30,0,budget,0,66,false,4,510,80,100,0,1,0,0,0,0,-1,normal,false,4,13,0,3435,0,0,0,false,false,false,0,0,3435,30,0,
989,random,3083,34,4,budget,0,79,true,3,315,79,100,0.058823529411764705,0.8823529411764706,0.058823529411764705,0,0,4,7,normal,false,5,16,78,2825,180,0,0,false,false,false,0,0,3083,34,0,
990,random,2521,30,0,budget,0,62,true,4,435,58,102,0.2,0.8,0,0,0,4,10,normal,false,9,10,461,2060,0,0,0,false,false,false,0,0,2521,30,0,
991,random,3105,30,0,budget,0,53,true,4,630,60,117,0.4666666666666667,0.5333333333333333,0,0,0,3,14,normal,false,5,14,555,2550,0,0,0,false,false,false,0,0,3105,30,0,
992,random,4277,34,4,budget,0,71,true,5,915,79,136,0.23529411764705882,0.7647058823529411,0,0,0,6,3,crash,false,4,16,472,3175,630,0,0,false,false,false,0,0,4277,34,0,
993,random,20356,82,52,budget,2,100,true,7,3060,209,262,0.08536585365853659,0.4634146341463415,0.2804878048780488,0.04878048780487805,0.12195121951219512,21,6,normal,false,8,49,216,4365,5990,4365,5420,false,true,true,5210,10,15146,72,2,3|4
994,random,3123,30,0,budget,0,69,true,4,435,79,110,0.2,0.8,0,0,0,4,10,normal,false,4,16,408,2715,0,0,0,false,false,true,0,0,3123,30,0,
995,random,2994,34,4,budget,0,72,true,4,500,71,113,0.38235294117647056,0.5882352941176471,0.029411764705882353,0,0,3,21,normal,false,9,13,594,1860,540,0,0,false,false,false,0,0,2994,34,0,
996,random,15665,65,35,budget,1,100,false,5,3100,176,227,0,0.5692307692307692,0.2923076923076923,0.06153846153846154,0.07692307692307693,13,10,normal,false,8,27,0,4220,3000,2985,5460,false,true,false,3200,5,12465,60,1,5
997,random,5765,40,10,budget,0,96,true,5,1320,94,123,0.05,0.6,0.3,0.05,0,5,1,normal,false,7,13,35,2950,2510,270,0,true,true,false,0,0,5765,40,0,
998,random,4501,32,2,budget,0,74,true,7,1695,75,109,0.125,0.84375,0.03125,0,0,2,17,normal,false,5,13,211,4200,90,0,0,false,false,true,0,0,4501,32,0,
999,random,5905,48,18,budget,0,81,false,6,930,101,143,0,0.875,0.125,0,0,7,17,normal,false,9,22,0,3985,1920,0,0,false,false,false,0,0,5905,48,0,
1000,random,7275,46,16,budget,0,91,true,4,895,128,180,0,0.8913043478260869,0.08695652173913043,0.021739130434782608,0,6,30,normal,false,6,21,30,5210,1900,135,0,true,false,true,0,0,7275,46,0,
1001,random,6410,34,4,budget,0,70,true,7,1485,104,162,0.08823529411764706,0.9117647058823529,0,0,0,4,16,normal,false,4,14,165,6245,0,0,0,false,false,false,0,0,6410,34,0,
1002,random,3737,34,4,budget,0,82,true,5,1350,66,111,0.5,0.4411764705882353,0.058823529411764705,0,0,3,2,normal,false,8,9,657,1520,1560,0,0,false,false,true,0,0,3737,34,0,
1003,random,6198,42,12,budget,0,90,true,6,1080,112,152,0.023809523809523808,0.9047619047619048,0.047619047619047616,0.023809523809523808,0,5,13,normal,false,6,18,63,4530,1470,135,0,true,false,false,0,0,6198,42,0,
1004,random,11430,85,55,budget,1,100,false,5,690,192,235,0,0.6235294117647059,0.27058823529411763,0.047058823529411764,0.058823529411764705,21,2,normal,false,11,36,0,4480,4460,810,1680,false,true,false,1680,5,9750,80,1,2
1005,random,6855,36,6,budget,0,92,true,7,1785,112,157,0.05555555555555555,0.8611111111111112,0.05555555555555555,0.027777777777777776,0,4,8,normal,false,7,16,105,5835,780,135,0,true,false,true,0,0,6855,36,0,
1006,random,2445,30,0,budget,0,64,true,4,415,67,113,0.4,0.6,0,0,0,3,22,normal,false,6,8,770,1675,0,0,0,false,false,false,0,0,2445,30,0,
1007,random,4519,30,0,budget,0,63,true,7,1370,78,129,0.16666666666666666,0.8333333333333334,0,0,0,1,29,normal,false,6,10,219,4300,0,0,0,false,false,true,0,0,4519,30,0,
1008,random,3219,30,0,budget,0,65,true,3,380,75,117,0.23333333333333334,0.7666666666666667,0,0,0,1,24,crash,false,5,12,319,2900,0,0,0,false,false,false,0,0,3219,30,0,
1009,random,8039,47,17,budget,1,100,true,5,750,135,183,0.10638297872340426,0.6595744680851063,0.06382978723404255,0.06382978723404255,0.10638297872340426,8,12,normal,false,7,22,379,4700,1380,360,1220,false,false,false,1130,5,6909,42,1,2
1010,random,4665,40,10,budget,0,80,true,3,500,92,135,0.05,0.875,0.075,0,0,4,12,normal,false,4,20,55,3740,870,0,0,false,false,true,0,0,4665,40,0,
1011,random,2983,30,0,budget,0,66,true,4,465,62,107,0.23333333333333334,0.7666666666666667,0,0,0,3,7,crash,false,3,13,198,2785,0,0,0,false,false,true,0,0,2983,30,0,
1012,random,6824,38,8,budget,0,74,true,6,1415,95,166,0.2631578947368421,0.6842105263157895,0.05263157894736842,0,0,4,1,crash,false,5,15,579,3275,2970,0,0,false,false,true,0,0,6824,38,0,
1013,random,3845,34,4,budget,0,75,true,5,525,73,128,0.3235294117647059,0.6470588235294118,0.029411764705882353,0,0,3,5,crash,false,4,13,1070,2685,90,0,0,false,false,false,0,0,3845,34,0,
1014,random,2296,30,0,budget,0,50,true,4,360,61,105,0.4666666666666667,0.5333333333333333,0,0,0,5,5,normal,false,3,14,706,1590,0,0,0,false,false,true,0,0,2296,30,0,
1015,random,3051,34,4,budget,0,90,true,5,665,63,93,0.14705882352941177,0.7647058823529411,0.058823529411764705,0.029411764705882353,0,3,8,crash,false,5,14,76,2690,150,135,0,true,false,false,0,0,3051,34,0,
1016,random,2425,30,0,budget,0,53,true,3,450,56,99,0.36666666666666664,0.6333333333333333,0,0,0,5,14,normal,false,5,12,520,1905,0,0,0,false,false,true,0,0,2425,30,0,
1017,random,26689,85,55,budget,3,100,true,7,3480,214,279,0.058823529411764705,0.4,0.3058823529411765,0.058823529411764705,0.17647058823529413,20,2,crash,false,9,40,84,3115,2980,7770,12740,false,true,false,11300,15,15389,70,3,7|5|9
1018,random,2692,30,0,budget,0,57,true,4,525,61,91,0.26666666666666666,0.7333333333333333,0,0,0,3,7,normal,false,6,11,277,2415,0,0,0,false,false,false,0,0,2692,30,0,
1019,random,435,4,0,lock,0,59,false,3,255,12,12,0,1,0,0,0,0,-1,normal,false,2,1,0,435,0,0,0,false,false,false,0,0,435,4,0,
1020,random,2445,30,0,budget,0,55,true,5,570,51,107,0.4666666666666667,0.5333333333333333,0,0,0,2,7,crash,false,7,9,770,1675,0,0,0,false,false,false,0,0,2445,30,0,
1021,random,2950,30,0,budget,0,62,true,3,450,60,126,0.26666666666666666,0.7333333333333333,0,0,0,2,19,normal,false,4,13,820,2130,0,0,0,false,false,true,0,0,2950,30,0,
1022,random,3403,30,0,budget,0,60,true,5,645,65,105,0.13333333333333333,0.8666666666666667,0,0,0,3,8,normal,false,6,11,178,3225,0,0,0,false,false,false,0,0,3403,30,0,
1023,random,608,8,0,lock,0,62,true,2,225,9,27,0.25,0.75,0,0,0,0,-1,crash,false,6,1,53,555,0,0,0,false,false,false,0,0,608,8,0,
1024,random,8327,49,19,budget,1,100,true,4,900,126,167,0.20408163265306123,0.5102040816326531,0.14285714285714285,0.04081632653061224,0.10204081632653061,12,7,normal,false,5,27,702,2880,1580,225,2940,false,true,false,2490,5,5837,44,1,5
1025,random,3065,30,0,budget,0,68,false,4,500,64,89,0,1,0,0,0,0,-1,normal,false,8,7,0,3065,0,0,0,false,false,false,0,0,3065,30,0,
1026,random,6465,50,20,budget,0,93,true,4,1070,115,166,0.04,0.84,0.12,0,0,11,9,crash,false,4,23,45,3670,2390,360,0,true,false,false,0,0,6465,50,0,
1027,random,4731,36,6,budget,0,82,true,4,660,91,147,0.08333333333333333,0.8611111111111112,0.05555555555555555,0,0,3,6,crash,false,4,15,91,3800,840,0,0,false,false,false,0,0,4731,36,0,
1028,random,4263,38,8,budget,0,94,true,4,555,75,134,0.3684210526315789,0.5263157894736842,0.07894736842105263,0.02631578947368421,0,7,2,crash,false,9,15,438,2745,540,540,0,true,false,false,0,0,4263,38,0,
1029,random,4427,46,16,budget,0,86,true,3,405,91,145,0.17391304347826086,0.6956521739130435,0.13043478260869565,0,0,10,1,normal,false,6,17,467,2820,870,270,0,false,false,true,0,0,4427,46,0,
1030,random,3042,30,0,budget,0,64,true,5,478,65,104,0.2,0.8,0,0,0,4,15,normal,false,7,11,897,2145,0,0,0,false,false,true,0,0,3042,30,0,
1031,random,1920,30,0,budget,0,67,true,3,255,50,77,0.2,0.8,0,0,0,5,19,crash,false,10,9,105,1815,0,0,0,false,false,false,0,0,1920,30,0,
1032,random,5090,34,4,budget,0,79,false,6,1180,96,127,0,0.9411764705882353,0.058823529411764705,0,0,2,6,normal,false,6,10,0,4880,210,0,0,false,false,false,0,0,5090,34,0,
1033,random,6830,50,20,budget,0,94,true,5,1595,133,165,0,0.86,0.12,0.02,0,8,4,normal,false,7,19,30,3980,1470,1350,0,true,false,false,0,0,6830,50,0,
1034,random,2864,30,0,budget,0,50,true,5,610,55,115,0.36666666666666664,0.6333333333333333,0,0,0,5,8,crash,false,4,15,424,2440,0,0,0,false,false,true,0,0,2864,30,0,
1035,random,5410,11,13,lock,1,100,false,6,2690,35,44,0,0.18181818181818182,0.36363636363636365,0,0.45454545454545453,3,1,normal,false,4,4,0,180,1760,1710,1760,false,true,false,1470,5,3940,6,0,
1036,random,2851,36,6,budget,0,84,true,3,420,65,103,0.19444444444444445,0.6944444444444444,0.1111111111111111,0,0,4,2,crash,false,5,15,136,2115,600,0,0,false,false,false,0,0,2851,36,0,
1037,random,4154,32,2,budget,0,80,true,5,695,79,124,0.15625,0.8125,0.03125,0,0,2,13,crash,false,4,12,144,3920,90,0,0,false,false,false,0,0,4154,32,0,
1038,random,6578,56,26,budget,0,88,true,7,1140,118,162,0.05357142857142857,0.8035714285714286,0.125,0.017857142857142856,0,13,4,normal,false,5,28,143,4680,1620,135,0,false,false,true,0,0,6578,56,0,
1039,random,2245,16,6,lock,0,80,true,4,1100,42,54,0.0625,0.875,0.0625,0,0,4,4,normal,false,5,6,20,1085,1140,0,0,false,false,false,0,0,2245,16,0,
1040,random,2195,30,0,budget,0,62,true,3,210,57,99,0.36666666666666664,0.6333333333333333,0,0,0,3,18,normal,false,5,10,665,1530,0,0,0,false,false,false,0,0,2195,30,0,
1041,random,2475,32,2,budget,0,78,true,4,330,57,81,0.03125,0.90625,0.0625,0,0,2,10,normal,false,9,12,15,2250,210,0,0,false,false,false,0,0,2475,32,0,
1042,random,2790,30,0,budget,0,50,true,4,420,57,85,0.03333333333333333,0.9666666666666667,0,0,0,1,13,normal,false,7,10,15,2775,0,0,0,false,false,false,0,0,2790,30,0,
1043,random,3835,38,8,budget,0,81,true,3,420,76,125,0.21052631578947367,0.7105263157894737,0.07894736842105263,0,0,5,7,crash,false,5,17,475,2580,780,0,0,false,false,false,0,0,3835,38,0,
1044,random,6983,48,18,budget,0,95,true,5,1290,95,146,0.10416666666666667,0.625,0.25,0.020833333333333332,0,8,3,crash,false,7,15,128,2660,3790,405,0,true,true,false,0,0,6983,48,0,
1045,random,23519,85,55,budget,3,100,true,6,3610,256,310,0.07058823529411765,0.5294117647058824,0.18823529411764706,0.03529411764705882,0.17647058823529413,24,2,normal,false,6,43,144,4255,6660,2160,10300,false,false,true,11910,15,11609,70,3,3|4|4
1046,random,2667,32,2,budget,0,74,true,3,335,69,100,0.25,0.71875,0.03125,0,0,4,1,normal,false,4,13,367,2210,90,0,0,false,false,true,0,0,2667,32,0,
1047,random,2196,30,0,budget,0,50,true,3,405,51,100,0.5333333333333333,0.4666666666666667,0,0,0,5,7,normal,false,5,11,531,1665,0,0,0,false,false,false,0,0,2196,30,0,
1048,random,2495,32,2,budget,0,75,true,3,255,68,89,0,0.96875,0.03125,0,0,1,3,normal,false,10,10,120,2285,90,0,0,false,false,false,0,0,2495,32,0,
1049,random,2412,36,6,budget,0,80,true,3,210,70,107,0.2777777777777778,0.6944444444444444,0.027777777777777776,0,0,4,4,normal,false,7,8,542,1600,270,0,0,false,false,false,0,0,2412,36,0,
1050,random,3423,30,0,budget,0,54,true,5,810,62,117,0.23333333333333334,0.7666666666666667,0,0,0,3,6,crash,false,5,12,533,2890,0,0,0,false,false,true,0,0,3423,30,0,
1051,random,750,8,0,lock,0,52,false,3,390,9,28,0,1,0,0,0,0,-1,normal,false,2,2,0,750,0,0,0,false,false,false,0,0,750,8,0,
1052,random,2843,34,4,budget,0,74,true,3,220,68,104,0.14705882352941177,0.8529411764705882,0,0,0,4,8,crash,false,3,17,283,2200,360,0,0,false,false,false,0,0,2843,34,0,
1053,random,3200,32,2,budget,0,78,false,4,645,71,100,0,1,0,0,0,1,6,normal,false,5,10,0,3020,180,0,0,false,false,true,0,0,3200,32,0,
1054,random,3140,30,0,budget,0,68,true,4,405,67,99,0.06666666666666667,0.9333333333333333,0,0,0,2,23,normal,false,8,11,60,3080,0,0,0,false,false,true,0,0,3140,30,0,
1055,random,6743,54,24,budget,0,92,true,5,840,125,200,0.25925925925925924,0.5555555555555556,0.16666666666666666,0.018518518518518517,0,11,4,crash,false,5,23,1013,4005,1590,135,0,true,false,false,0,0,6743,54,0,
1056,random,1676,30,0,budget,0,50,true,3,240,45,88,0.4666666666666667,0.5333333333333333,0,0,0,4,12,crash,false,8,8,641,1035,0,0,0,false,false,false,0,0,1676,30,0,
1057,random,14700,48,44,lock,2,100,false,7,2545,139,174,0,0.5416666666666666,0.22916666666666666,0.020833333333333332,0.20833333333333334,14,2,normal,false,3,32,0,2715,5610,1035,5340,false,true,true,5480,10,9220,38,1,5
1058,random,3271,30,0,budget,0,51,true,4,615,59,132,0.5333333333333333,0.4666666666666667,0,0,0,3,13,crash,false,5,12,811,2460,0,0,0,false,false,true,0,0,3271,30,0,
1059,random,2485,30,0,budget,0,61,false,3,470,62,82,0,1,0,0,0,0,-1,normal,false,5,10,0,2485,0,0,0,false,false,true,0,0,2485,30,0,
1060,random,3774,30,0,budget,0,50,true,5,630,69,117,0.16666666666666666,0.8333333333333334,0,0,0,2,11,normal,false,4,13,224,3550,0,0,0,false,false,true,0,0,3774,30,0,
1061,random,1846,30,0,budget,0,52,true,4,293,51,93,0.4666666666666667,0.5333333333333333,0,0,0,4,4,normal,false,5,9,811,1035,0,0,0,false,false,false,0,0,1846,30,0,
1062,random,2850,30,0,budget,0,50,true,4,470,60,97,0,1,0,0,0,0,-1,normal,false,9,11,60,2790,0,0,0,false,false,true,0,0,2850,30,0,
1063,random,3633,30,0,budget,0,50,true,4,530,68,135,0.43333333333333335,0.5666666666666667,0,0,0,6,7,crash,false,5,14,598,3035,0,0,0,false,false,false,0,0,3633,30,0,
1064,random,5485,42,12,budget,0,82,true,6,815,93,131,0.023809523809523808,0.8571428571428571,0.11904761904761904,0,0,7,5,normal,false,4,21,15,3420,2050,0,0,false,false,true,0,0,5485,42,0,
1065,random,3360,30,0,budget,0,66,true,3,395,78,108,0.03333333333333333,0.9666666666666667,0,0,0,1,26,normal,false,4,13,20,3340,0,0,0,false,false,false,0,0,3360,30,0,
1066,random,2818,30,0,budget,0,52,true,4,555,71,112,0.3333333333333333,0.6666666666666666,0,0,0,3,9,normal,false,11,12,703,2115,0,0,0,false,false,true,0,0,2818,30,0,
1067,random,1771,30,0,budget,0,61,true,3,185,54,81,0.26666666666666666,0.7333333333333333,0,0,0,5,4,normal,false,6,11,391,1380,0,0,0,false,false,true,0,0,1771,30,0,
1068,random,8470,72,42,budget,0,97,false,4,600,157,188,0,0.6666666666666666,0.2638888888888889,0.06944444444444445,0,19,4,normal,false,5,39,0,3790,3060,1620,0,true,true,false,0,0,8470,72,0,
1069,random,3105,34,4,budget,0,81,true,4,525,66,88,0.029411764705882353,0.9705882352941176,0,0,0,3,19,normal,false,7,11,15,2640,450,0,0,false,false,true,0,0,3105,34,0,
1070,random,2885,30,0,budget,0,62,true,6,710,62,105,0.4666666666666667,0.5333333333333333,0,0,0,5,7,crash,false,8,10,635,2250,0,0,0,false,false,false,0,0,2885,30,0,
1071,random,3860,32,2,budget,0,77,true,4,890,87,110,0.09375,0.90625,0,0,0,4,5,normal,false,4,15,75,3065,720,0,0,false,false,true,0,0,3860,32,0,
1072,random,4910,36,6,budget,0,81,true,4,660,83,155,0.2777777777777778,0.6944444444444444,0.027777777777777776,0,0,4,4,normal,false,9,14,555,3635,720,0,0,false,false,true,0,0,4910,36,0,
1073,random,4236,36,6,budget,0,86,true,4,750,81,134,0.16666666666666666,0.75,0.08333333333333333,0,0,4,1,crash,false,5,14,221,3565,450,0,0,false,false,false,0,0,4236,36,0,
1074,random,3688,30,0,budget,0,54,true,5,755,73,114,0.1,0.9,0,0,0,2,16,normal,false,7,11,188,3500,0,0,0,false,false,true,0,0,3688,30,0,
1075,random,1191,30,0,budget,0,50,true,2,105,30,85,0.7,0.3,0,0,0,4,5,crash,false,10,5,651,540,0,0,0,false,false,false,0,0,1191,30,0,
1076,random,18320,75,54,lock,2,100,true,5,2370,202,253,0.02666666666666667,0.5733333333333334,0.18666666666666668,0.08,0.13333333333333333,23,5,normal,false,5,41,120,3760,5020,5760,3660,false,true,true,3610,10,14710,65,2,8|4
1077,random,2690,32,2,budget,0,80,false,3,340,63,92,0,1,0,0,0,1,4,normal,false,7,10,0,2510,180,0,0,false,false,false,0,0,2690,32,0,
1078,random,2255,30,0,budget,0,63,true,5,555,55,88,0.26666666666666666,0.7333333333333333,0,0,0,2,24,normal,false,9,7,565,1690,0,0,0,false,false,false,0,0,2255,30,0,
1079,random,7500,53,23,budget,1,100,false,3,960,125,152,0,0.7735849056603774,0.11320754716981132,0.018867924528301886,0.09433962264150944,10,13,normal,false,7,19,0,3230,1900,990,1380,false,false,true,1290,5,6210,48,1,3
1080,random,3568,30,0,budget,0,50,true,5,1050,64,135,0.43333333333333335,0.5666666666666667,0,0,0,3,12,crash,false,5,11,883,2685,0,0,0,false,false,false,0,0,3568,30,0,
1081,random,3635,36,6,budget,0,75,false,4,570,78,106,0,1,0,0,0,3,14,normal,false,5,14,0,2915,720,0,0,false,false,true,0,0,3635,36,0,
1082,random,3633,36,6,budget,0,86,true,4,390,88,125,0.16666666666666666,0.75,0.08333333333333333,0,0,5,2,normal,false,9,15,478,2705,450,0,0,false,false,false,0,0,3633,36,0,
1083,random,2369,30,0,budget,0,53,true,4,390,50,97,0.2,0.8,0,0,0,2,21,crash,false,3,11,264,2105,0,0,0,false,false,false,0,0,2369,30,0,
1084,random,5965,40,10,budget,0,94,true,6,1140,101,152,0.05,0.775,0.15,0.025,0,7,4,normal,false,8,14,625,4395,540,405,0,true,false,false,0,0,5965,40,0,
1085,random,12756,56,26,budget,2,100,true,4,1680,154,220,0.19642857142857142,0.4642857142857143,0.10714285714285714,0.05357142857142857,0.17857142857142858,8,17,normal,false,6,28,961,2450,1890,2115,5340,false,true,true,5600,10,7156,46,2,6|3
1086,random,2508,30,0,budget,0,62,true,5,570,57,93,0.43333333333333335,0.5666666666666667,0,0,0,2,11,normal,false,6,7,483,2025,0,0,0,false,false,false,0,0,2508,30,0,
1087,random,3964,34,4,budget,0,90,true,4,585,74,123,0.17647058823529413,0.7647058823529411,0.029411764705882353,0.029411764705882353,0,5,5,crash,false,2,19,369,3220,240,135,0,true,false,false,0,0,3964,34,0,
1088,random,2191,30,0,budget,0,63,true,3,210,57,91,0.23333333333333334,0.7666666666666667,0,0,0,5,8,normal,false,6,14,466,1725,0,0,0,false,false,true,0,0,2191,30,0,
1089,random,2263,30,0,budget,0,69,true,3,295,56,91,0.26666666666666666,0.7333333333333333,0,0,0,4,5,normal,false,4,15,193,2070,0,0,0,false,false,true,0,0,2263,30,0,
1090,random,496,6,0,lock,0,52,true,4,196,6,24,0.3333333333333333,0.6666666666666666,0,0,0,0,-1,crash,false,2,2,196,300,0,0,0,false,false,true,0,0,496,6,0,
1091,random,4195,30,0,budget,0,67,true,5,825,80,105,0.06666666666666667,0.9333333333333333,0,0,0,2,11,normal,false,3,15,150,4045,0,0,0,false,false,true,0,0,4195,30,0,
1092,random,6699,43,13,budget,1,100,true,5,960,108,162,0.37209302325581395,0.37209302325581395,0.11627906976744186,0.023255813953488372,0.11627906976744186,9,3,normal,false,4,23,1039,2420,690,90,2460,false,false,false,1890,5,4809,38,1,3
1093,random,7395,51,21,budget,1,100,false,4,1140,123,145,0,0.7254901960784313,0.11764705882352941,0.058823529411764705,0.09803921568627451,7,9,normal,false,9,16,0,3510,630,735,2520,false,false,false,2040,5,5355,46,1,2
1094,random,26385,94,64,budget,4,100,true,6,4320,264,318,0.010638297872340425,0.48936170212765956,0.20212765957446807,0.0851063829787234,0.2127659574468085,20,1,normal,false,7,47,15,5315,2500,3795,14760,false,true,false,13350,20,13035,74,4,4|3|9|7
1095,random,3516,30,0,budget,0,59,true,4,610,84,109,0.16666666666666666,0.8333333333333334,0,0,0,2,17,normal,false,5,14,316,3200,0,0,0,false,false,true,0,0,3516,30,0,
1096,random,3227,36,6,budget,0,86,true,5,820,70,121,0.3888888888888889,0.5277777777777778,0.08333333333333333,0,0,3,2,crash,false,8,10,642,2095,490,0,0,false,false,false,0,0,3227,36,0,
1097,random,1439,30,0,budget,0,50,true,3,150,41,79,0.4,0.6,0,0,0,4,8,crash,false,7,7,479,960,0,0,0,false,false,false,0,0,1439,30,0,
1098,random,6335,46,16,budget,0,98,false,4,945,112,147,0,0.8260869565217391,0.15217391304347827,0.021739130434782608,0,7,5,normal,false,6,23,0,3205,2230,900,0,true,true,true,0,0,6335,46,0,
1099,random,3290,38,8,budget,0,76,true,5,635,76,107,0,0.8947368421052632,0.10526315789473684,0,0,3,29,normal,false,8,15,30,2900,360,0,0,false,false,true,0,0,3290,38,0,
1100,random,4161,32,2,budget,0,80,true,5,895,82,122,0.09375,0.90625,0,0,0,3,8,normal,false,3,15,256,3455,450,0,0,false,false,true,0,0,4161,32,0,
1101,random,3341,30,0,budget,0,56,true,4,660,64,108,0.16666666666666666,0.8333333333333334,0,0,0,2,20,crash,false,6,10,151,3190,0,0,0,false,false,false,0,0,3341,30,0,
1102,random,3425,34,4,budget,0,85,true,6,555,69,114,0.29411764705882354,0.6764705882352942,0.029411764705882353,0,0,4,8,normal,false,7,15,625,1945,450,405,0,false,false,true,0,0,3425,34,0,
1103,random,135,4,2,lock,0,74,false,1,45,9,3,0,0.75,0.25,0,0,1,4,keto,false,3,1,0,135,0,0,0,false,false,true,0,0,135,4,0,
1104,random,2950,32,2,budget,0,79,true,3,315,71,103,0.3125,0.65625,0.03125,0,0,2,21,normal,false,10,12,245,2615,90,0,0,false,false,false,0,0,2950,32,0,
1105,random,2123,31,8,lock,0,92,true,2,210,63,76,0.16129032258064516,0.7741935483870968,0.03225806451612903,0.03225806451612903,0,6,8,deep,false,6,14,188,1545,390,0,0,true,false,true,0,0,2123,31,0,
1106,random,6447,42,12,budget,0,86,true,6,910,109,160,0.14285714285714285,0.7142857142857143,0.14285714285714285,0,0,4,1,normal,false,8,15,212,4475,1760,0,0,false,false,false,0,0,6447,42,0,
1107,random,10197,49,19,budget,1,100,true,5,1465,164,220,0.16326530612244897,0.5510204081632653,0.16326530612244897,0.02040816326530612,0.10204081632653061,10,2,normal,false,4,24,882,6115,1440,360,1400,false,false,true,1310,5,8887,44,1,3
1108,random,630,7,2,lock,0,70,false,4,315,15,18,0,1,0,0,0,1,5,normal,false,2,2,0,630,0,0,0,false,false,false,0,0,630,7,0,
1109,random,7310,47,17,budget,1,100,false,4,1380,105,125,0,0.7872340425531915,0.10638297872340426,0,0.10638297872340426,5,14,normal,false,12,18,0,2580,840,1290,2600,false,false,false,2285,5,5025,42,1,3
1110,random,2383,30,0,budget,0,50,true,4,405,46,103,0.5333333333333333,0.4666666666666667,0,0,0,2,16,crash,false,10,7,643,1740,0,0,0,false,false,false,0,0,2383,30,0,
1111,random,1659,30,0,budget,0,53,true,3,240,39,75,0.3,0.7,0,0,0,3,12,crash,false,9,7,234,1425,0,0,0,false,false,false,0,0,1659,30,0,
1112,random,14599,67,37,budget,1,100,true,5,2735,167,233,0.13432835820895522,0.417910447761194,0.26865671641791045,0.1044776119402985,0.07462686567164178,19,3,normal,false,6,32,234,3110,4400,2115,4740,false,true,false,4895,5,9704,62,1,3
1113,random,4465,30,0,budget,0,68,true,6,975,76,138,0.1,0.9,0,0,0,0,-1,crash,false,3,14,300,4165,0,0,0,false,false,true,0,0,4465,30,0,
1114,random,4497,36,6,budget,0,79,true,5,885,79,126,0.2222222222222222,0.7777777777777778,0,0,0,4,2,crash,false,7,13,257,3520,720,0,0,false,false,false,0,0,4497,36,0,
1115,random,4505,50,20,budget,0,85,true,3,530,104,128,0.02,0.84,0.14,0,0,10,8,normal,false,7,23,15,2930,1560,0,0,false,false,false,0,0,4505,50,0,
1116,random,39894,116,86,budget,4,100,true,11,4200,366,483,0.07758620689655173,0.4051724137931034,0.27586206896551724,0.06896551724137931,0.1724137931034483,29,3,crash,false,5,54,279,9500,9920,9795,10400,false,true,false,14090,20,25804,96,3,5|2|6
1117,random,3813,30,0,budget,0,50,true,4,510,71,147,0.5,0.5,0,0,0,3,3,crash,false,4,12,1003,2810,0,0,0,false,false,false,0,0,3813,30,0,
1118,random,4746,42,12,budget,0,83,true,4,435,95,138,0.09523809523809523,0.8333333333333334,0.07142857142857142,0,0,8,4,normal,false,6,20,211,3875,660,0,0,false,false,true,0,0,4746,42,0,
1119,random,4425,38,8,budget,0,84,false,5,1030,101,115,0,0.868421052631579,0.13157894736842105,0,0,4,13,normal,false,6,19,0,4005,420,0,0,false,false,true,0,0,4425,38,0,
1120,random,5510,32,2,budget,0,76,true,6,1155,98,125,0,1,0,0,0,1,12,normal,false,4,13,30,4940,540,0,0,false,false,true,0,0,5510,32,0,
1121,random,12540,60,30,budget,2,100,false,4,2080,155,170,0,0.48333333333333334,0.26666666666666666,0.08333333333333333,0.16666666666666666,10,9,normal,false,4,33,0,2300,2730,2790,4720,false,true,false,4750,10,7790,50,2,6|3
1122,random,4875,30,0,budget,0,64,false,6,1415,85,126,0,1,0,0,0,0,-1,normal,false,4,11,0,4875,0,0,0,false,false,false,0,0,4875,30,0,
1123,random,5530,40,14,lock,0,97,false,5,1635,87,109,0,0.75,0.25,0,0,4,2,normal,false,11,12,0,2455,1590,1485,0,true,true,false,0,0,5530,40,0,
1124,random,2505,32,2,budget,0,71,true,4,465,66,91,0.1875,0.8125,0,0,0,5,10,normal,false,5,13,220,2285,0,0,0,false,false,false,0,0,2505,32,0,
1125,random,4185,22,8,lock,0,97,true,4,870,61,94,0.045454545454545456,0.7272727272727273,0.18181818181818182,0.045454545454545456,0,4,4,crash,false,4,10,0,2805,390,990,0,true,true,false,0,0,4185,22,0,
1126,random,5246,44,14,budget,0,94,true,5,930,85,132,0.3409090909090909,0.4772727272727273,0.1590909090909091,0.022727272727272728,0,8,3,crash,false,7,14,356,2505,1980,405,0,true,false,false,0,0,5246,44,0,
1127,random,4674,32,2,budget,0,73,true,7,2015,75,139,0.53125,0.4375,0.03125,0,0,5,2,crash,false,6,14,839,3745,90,0,0,false,false,true,0,0,4674,32,0,
1128,random,3092,30,0,budget,0,50,true,4,415,78,121,0.26666666666666666,0.7333333333333333,0,0,0,2,16,normal,false,4,12,557,2535,0,0,0,false,false,true,0,0,3092,30,0,
1129,random,2767,30,0,budget,0,50,true,4,465,51,103,0.3,0.7,0,0,0,4,11,crash,false,5,13,197,2570,0,0,0,false,false,false,0,0,2767,30,0,
1130,random,3164,32,2,budget,0,73,true,4,375,73,122,0.375,0.59375,0.03125,0,0,3,7,crash,false,6,10,599,2475,90,0,0,false,false,false,0,0,3164,32,0,
1131,random,1663,21,2,lock,0,70,true,4,375,39,64,0.19047619047619047,0.8095238095238095,0,0,0,3,5,normal,false,4,7,98,1565,0,0,0,false,false,false,0,0,1663,21,0,
1132,random,2371,30,0,budget,0,65,true,3,300,51,88,0.13333333333333333,0.8666666666666667,0,0,0,0,-1,crash,false,11,9,151,2220,0,0,0,false,false,false,0,0,2371,30,0,
1133,random,2146,32,2,budget,0,84,true,3,405,51,85,0.125,0.78125,0.09375,0,0,1,1,crash,false,6,7,166,1740,240,0,0,false,false,false,0,0,2146,32,0,
1134,random,2548,30,0,budget,0,51,true,4,440,60,106,0.4666666666666667,0.5333333333333333,0,0,0,5,5,normal,false,6,11,743,1805,0,0,0,false,false,true,0,0,2548,30,0,
1135,random,2372,30,0,budget,0,57,true,4,525,51,101,0.5,0.5,0,0,0,4,17,crash,false,6,8,477,1895,0,0,0,false,false,false,0,0,2372,30,0,
1136,random,5409,36,6,budget,0,77,true,5,1890,87,143,0.19444444444444445,0.7777777777777778,0.027777777777777776,0,0,7,7,normal,false,5,16,414,3495,1500,0,0,false,false,true,0,0,5409,36,0,
1137,random,2983,30,0,budget,0,52,true,4,555,62,102,0.16666666666666666,0.8333333333333334,0,0,0,3,9,crash,false,7,10,153,2830,0,0,0,false,false,true,0,0,2983,30,0,
1138,random,4095,30,0,budget,0,66,true,4,630,77,114,0.03333333333333333,0.9666666666666667,0,0,0,1,5,normal,false,3,14,15,4080,0,0,0,false,false,true,0,0,4095,30,0,
1139,random,2011,30,0,budget,0,50,true,4,495,48,102,0.5666666666666667,0.43333333333333335,0,0,0,2,9,crash,false,6,8,676,1335,0,0,0,false,false,true,0,0,2011,30,0,
1140,random,6727,32,2,budget,0,76,true,7,1760,103,166,0.25,0.71875,0.03125,0,0,2,10,crash,false,5,16,617,5990,120,0,0,false,false,false,0,0,6727,32,0,
1141,random,3998,34,4,budget,0,72,true,4,465,83,123,0.058823529411764705,0.9117647058823529,0.029411764705882353,0,0,4,4,normal,false,5,14,123,3605,270,0,0,false,false,true,0,0,3998,34,0,
1142,random,3825,41,11,budget,1,100,true,3,360,79,102,0.024390243902439025,0.7560975609756098,0.07317073170731707,0.024390243902439025,0.12195121951219512,4,7,normal,false,14,9,65,2650,240,90,780,false,true,true,690,5,3135,36,1,2
1143,random,4403,30,0,budget,0,67,true,5,765,80,118,0.13333333333333333,0.8666666666666667,0,0,0,2,24,normal,false,8,14,328,4075,0,0,0,false,false,false,0,0,4403,30,0,
1144,random,9310,55,25,budget,1,100,true,4,1800,134,169,0.01818181818181818,0.6909090909090909,0.14545454545454545,0.05454545454545454,0.09090909090909091,10,2,normal,false,8,26,15,3220,2610,405,3060,false,false,true,1350,5,7960,50,1,2
1145,random,13025,32,37,lock,3,100,false,5,2895,88,101,0,0.15625,0.3125,0.15625,0.375,13,2,frenzy,false,5,17,0,405,1010,6750,4860,false,true,false,4440,12,8585,20,3,7|5|4
1146,random,3390,19,11,lock,1,100,false,3,1080,36,48,0,0.5789473684210527,0.10526315789473684,0.05263157894736842,0.2631578947368421,4,5,normal,false,7,9,0,810,150,90,2340,false,false,false,2250,5,1140,14,1,3
1147,random,6687,42,12,budget,0,99,true,6,930,109,170,0.23809523809523808,0.5476190476190477,0.19047619047619047,0.023809523809523808,0,7,3,normal,false,6,15,727,3820,970,1170,0,true,true,false,0,0,6687,42,0,
1148,random,2995,21,0,lock,0,68,true,4,860,53,90,0.047619047619047616,0.9523809523809523,0,0,0,1,9,normal,false,3,10,15,2980,0,0,0,false,false,true,0,0,2995,21,0,
1149,random,14222,43,13,budget,1,100,true,6,3540,132,215,0.2558139534883721,0.5116279069767442,0.06976744186046512,0.046511627906976744,0.11627906976744186,9,6,normal,false,5,26,467,3390,2710,2895,4760,false,true,true,6500,5,7722,38,1,4
1150,random,2951,30,0,budget,0,65,true,6,436,59,111,0.43333333333333335,0.5666666666666667,0,0,0,4,10,normal,false,6,10,926,2025,0,0,0,false,false,false,0,0,2951,30,0,
1151,random,4397,32,2,budget,0,73,true,5,1080,84,144,0.34375,0.65625,0,0,0,3,5,crash,false,5,11,692,3525,180,0,0,false,false,false,0,0,4397,32,0,
1152,random,2385,30,0,budget,0,56,false,3,325,59,80,0,1,0,0,0,0,-1,normal,false,6,7,0,2385,0,0,0,false,false,false,0,0,2385,30,0,
1153,random,3820,36,6,budget,0,89,true,5,775,80,111,0.08333333333333333,0.8333333333333334,0.05555555555555555,0.027777777777777776,0,5,1,normal,false,8,13,185,3320,180,135,0,false,false,false,0,0,3820,36,0,
1154,random,2668,30,0,budget,0,50,true,4,445,64,97,0.36666666666666664,0.6333333333333333,0,0,0,6,4,normal,false,7,11,618,2050,0,0,0,false,false,true,0,0,2668,30,0,
1155,random,3938,36,6,budget,0,90,true,5,645,89,121,0.08333333333333333,0.8333333333333334,0.05555555555555555,0.027777777777777776,0,5,3,normal,false,5,13,188,3285,330,135,0,true,false,false,0,0,3938,36,0,
1156,random,4400,40,10,budget,0,95,true,4,555,88,121,0.025,0.85,0.125,0,0,4,9,normal,false,8,15,15,3475,640,270,0,true,true,false,0,0,4400,40,0,
1157,random,3009,38,8,budget,0,89,true,3,435,73,103,0.15789473684210525,0.7631578947368421,0.05263157894736842,0.02631578947368421,0,5,5,crash,false,5,14,174,2280,420,135,0,false,false,false,0,0,3009,38,0,
1158,random,2967,30,0,budget,0,52,true,4,465,64,112,0.3333333333333333,0.6666666666666666,0,0,0,4,13,normal,false,4,12,612,2355,0,0,0,false,false,true,0,0,2967,30,0,
1159,random,3956,34,4,budget,0,79,true,7,938,78,125,0.2647058823529412,0.7058823529411765,0.029411764705882353,0,0,3,20,normal,false,6,11,526,3340,90,0,0,false,false,false,0,0,3956,34,0,
1160,random,2268,30,0,budget,0,51,true,3,285,65,100,0.3,0.7,0,0,0,6,6,normal,false,5,11,543,1725,0,0,0,false,false,false,0,0,2268,30,0,
1161,random,8930,52,22,budget,0,92,true,6,1560,121,174,0,0.9230769230769231,0.07692307692307693,0,0,11,1,normal,false,5,23,30,3950,4680,270,0,true,false,false,0,0,8930,52,0,
1162,random,5410,42,12,budget,0,99,false,4,750,104,133,0,0.8571428571428571,0.07142857142857142,0.07142857142857142,0,4,19,normal,false,14,15,0,3405,760,1245,0,true,true,false,0,0,5410,42,0,
1163,random,2328,30,0,budget,0,60,true,4,615,49,95,0.3,0.7,0,0,0,2,5,crash,false,5,9,328,2000,0,0,0,false,false,false,0,0,2328,30,0,
1164,random,13855,68,38,budget,2,100,true,4,1410,170,228,0.014705882352941176,0.5882352941176471,0.20588235294117646,0.04411764705882353,0.14705882352941177,13,4,normal,false,8,32,100,3880,3200,1515,5160,false,true,true,5610,10,8245,58,2,2|3
1165,random,3686,34,4,budget,0,76,true,5,765,78,116,0.11764705882352941,0.8235294117647058,0.058823529411764705,0,0,2,18,crash,false,6,18,406,3100,180,0,0,false,false,true,0,0,3686,34,0,
1166,random,2865,30,0,budget,0,62,true,3,400,67,92,0,1,0,0,0,0,-1,normal,false,8,9,30,2835,0,0,0,false,false,true,0,0,2865,30,0,
1167,random,2538,32,2,budget,0,73,true,3,240,64,93,0.125,0.84375,0.03125,0,0,4,2,normal,false,4,17,173,2275,90,0,0,false,false,true,0,0,2538,32,0,
1168,random,2769,30,0,budget,0,50,true,4,490,59,103,0.3333333333333333,0.6666666666666666,0,0,0,2,20,crash,false,5,11,449,2320,0,0,0,false,false,false,0,0,2769,30,0,
1169,random,2582,32,2,budget,0,75,true,3,315,56,104,0.40625,0.5625,0.03125,0,0,4,3,crash,false,9,9,407,2085,90,0,0,false,false,false,0,0,2582,32,0,
1170,random,2085,32,2,budget,0,76,true,3,240,60,94,0.3125,0.65625,0.03125,0,0,3,14,normal,false,10,8,425,1570,90,0,0,false,false,true,0,0,2085,32,0,
1171,random,2798,30,0,budget,0,68,true,5,810,57,106,0.26666666666666666,0.7333333333333333,0,0,0,2,17,normal,false,8,8,408,2390,0,0,0,false,false,true,0,0,2798,30,0,
1172,random,2045,30,0,budget,0,57,true,3,240,59,79,0.03333333333333333,0.9666666666666667,0,0,0,1,11,normal,false,8,9,15,2030,0,0,0,false,false,false,0,0,2045,30,0,
1173,random,1755,19,10,lock,0,82,false,3,420,39,39,0,0.7368421052631579,0.2631578947368421,0,0,4,3,normal,false,10,5,0,795,960,0,0,false,false,false,0,0,1755,19,0,
1174,random,2139,30,0,budget,0,66,true,4,585,51,89,0.2,0.8,0,0,0,1,11,normal,false,5,6,369,1770,0,0,0,false,false,false,0,0,2139,30,0,
1175,random,3896,30,0,budget,0,54,true,5,870,65,134,0.4666666666666667,0.5333333333333333,0,0,0,3,19,normal,false,8,10,941,2955,0,0,0,false,false,true,0,0,3896,30,0,
1176,random,2476,30,0,budget,0,56,true,4,345,60,119,0.5,0.5,0,0,0,3,9,normal,false,5,12,1206,1270,0,0,0,false,false,false,0,0,2476,30,0,
1177,random,2810,34,4,budget,0,74,false,3,420,75,86,0,0.9117647058823529,0.08823529411764706,0,0,2,2,normal,false,7,13,0,2420,390,0,0,false,false,true,0,0,2810,34,0,
1178,random,4570,30,0,budget,0,62,true,6,1115,72,117,0.06666666666666667,0.9333333333333333,0,0,0,2,5,normal,false,5,12,35,4535,0,0,0,false,false,true,0,0,4570,30,0,
1179,random,14797,64,34,budget,2,100,true,6,4095,144,210,0.125,0.546875,0.15625,0.015625,0.15625,11,3,crash,false,10,28,257,3400,2440,4680,4020,false,false,false,4400,10,10397,54,1,3
1180,random,1700,30,0,budget,0,62,true,3,360,45,81,0.4666666666666667,0.5333333333333333,0,0,0,2,16,normal,false,9,4,395,1305,0,0,0,false,false,false,0,0,1700,30,0,
1181,random,2636,30,0,budget,0,68,true,4,495,64,90,0.2,0.8,0,0,0,3,23,normal,false,7,10,256,2380,0,0,0,false,false,true,0,0,2636,30,0,
1182,random,8643,52,22,budget,2,100,true,6,1815,105,146,0.17307692307692307,0.4423076923076923,0.15384615384615385,0.038461538461538464,0.19230769230769232,8,4,crash,false,7,20,198,2140,2340,225,3740,false,false,false,5405,10,3238,42,1,5
1183,random,6705,58,28,budget,0,90,false,3,600,133,169,0,0.8275862068965517,0.15517241379310345,0.017241379310344827,0,13,5,normal,false,6,24,0,3450,3120,135,0,true,false,false,0,0,6705,58,0,
1184,random,6990,36,6,budget,0,96,true,6,1745,104,173,0.25,0.6111111111111112,0.08333333333333333,0.05555555555555555,0,6,2,crash,false,5,14,610,4715,1350,315,0,true,true,false,0,0,6990,36,0,
1185,random,3545,38,8,budget,0,90,true,3,435,70,129,0.2894736842105263,0.5526315789473685,0.15789473684210525,0,0,7,2,normal,false,10,17,310,2305,660,270,0,true,false,false,0,0,3545,38,0,
1186,random,1033,17,2,lock,0,70,true,2,210,28,42,0.23529411764705882,0.7647058823529411,0,0,0,3,6,normal,false,3,6,73,960,0,0,0,false,false,true,0,0,1033,17,0,
1187,random,3011,30,0,budget,0,67,true,6,618,61,96,0.1,0.9,0,0,0,2,14,normal,false,6,8,251,2760,0,0,0,false,false,true,0,0,3011,30,0,
1188,random,3326,30,0,budget,0,53,true,5,720,70,121,0.13333333333333333,0.8666666666666667,0,0,0,2,17,normal,false,11,6,421,2905,0,0,0,false,false,false,0,0,3326,30,0,
1189,random,2457,32,2,budget,0,71,true,4,345,63,110,0.5,0.5,0,0,0,3,4,normal,false,7,11,892,1565,0,0,0,false,false,true,0,0,2457,32,0,
1190,random,3057,34,4,budget,0,71,true,3,270,78,125,0.3235294117647059,0.6764705882352942,0,0,0,6,5,crash,false,5,13,477,2580,0,0,0,false,false,false,0,0,3057,34,0,
1191,random,2748,30,0,budget,0,54,true,5,855,65,95,0.1,0.9,0,0,0,3,4,normal,false,5,13,98,2650,0,0,0,false,false,false,0,0,2748,30,0,
1192,random,2679,30,0,budget,0,64,true,5,1360,55,90,0.4666666666666667,0.5333333333333333,0,0,0,3,12,normal,false,7,7,349,2330,0,0,0,false,false,false,0,0,2679,30,0,
1193,random,24735,118,88,budget,4,100,true,5,1560,296,378,0.01694915254237288,0.5932203389830508,0.211864406779661,0.00847457627118644,0.1694915254237288,34,3,normal,false,9,64,70,6080,8260,1845,8480,false,true,false,8850,20,15885,98,4,3|2|4|2
1194,random,2315,32,2,budget,0,74,true,3,255,46,96,0.28125,0.6875,0.03125,0,0,3,1,crash,false,12,9,280,1945,90,0,0,false,false,true,0,0,2315,32,0,
1195,random,5109,32,2,budget,0,83,true,7,1365,81,136,0.125,0.78125,0.09375,0,0,3,2,normal,false,5,14,159,4710,240,0,0,false,false,true,0,0,5109,32,0,
1196,random,2532,36,6,budget,0,85,true,3,345,65,104,0.3055555555555556,0.6111111111111112,0.08333333333333333,0,0,5,4,crash,false,7,10,537,1725,270,0,0,false,false,true,0,0,2532,36,0,
1197,random,3051,32,2,budget,0,75,true,4,620,69,101,0.125,0.84375,0.03125,0,0,2,11,normal,false,4,11,116,2845,90,0,0,false,false,false,0,0,3051,32,0,
1198,random,4346,34,4,budget,0,97,true,5,1005,80,107,0.058823529411764705,0.8529411764705882,0.029411764705882353,0.058823529411764705,0,2,3,normal,false,8,8,96,3125,900,225,0,true,true,false,0,0,4346,34,0,
1199,random,3325,32,2,budget,0,78,true,4,420,75,97,0.03125,0.9375,0.03125,0,0,2,14,normal,false,4,13,50,3185,90,0,0,false,false,false,0,0,3325,32,0,
1200,random,3949,36,6,budget,0,74,true,4,790,78,133,0.16666666666666666,0.8333333333333334,0,0,0,5,12,crash,false,11,12,169,3420,360,0,0,false,false,false,0,0,3949,36,0,
1201,random,2074,30,0,budget,0,50,true,4,285,51,91,0.3333333333333333,0.6666666666666666,0,0,0,3,15,normal,false,6,10,574,1500,0,0,0,false,false,true,0,0,2074,30,0,
1202,random,4121,32,2,budget,0,71,true,4,825,82,120,0.125,0.875,0,0,0,4,11,normal,false,8,9,286,3205,630,0,0,false,false,false,0,0,4121,32,0,
1203,random,21190,70,40,budget,2,100,false,9,2265,206,259,0,0.6142857142857143,0.17142857142857143,0.07142857142857142,0.14285714285714285,11,5,normal,false,14,28,0,5775,4740,3975,6700,false,true,false,6650,10,14540,60,1,5
1204,random,2984,34,4,budget,0,84,true,4,300,69,119,0.38235294117647056,0.5294117647058824,0.08823529411764706,0,0,7,4,normal,false,4,16,884,1830,270,0,0,false,false,true,0,0,2984,34,0,
1205,random,4694,42,12,budget,0,90,true,5,1260,80,149,0.35714285714285715,0.38095238095238093,0.21428571428571427,0.047619047619047616,0,7,2,crash,false,11,13,1109,1395,1920,270,0,true,false,false,0,0,4694,42,0,
1206,random,2470,32,2,budget,0,75,true,4,360,64,78,0.03125,0.9375,0.03125,0,0,2,6,normal,false,7,9,15,2365,90,0,0,false,false,false,0,0,2470,32,0,
1207,random,2101,30,0,budget,0,58,true,3,390,56,89,0.23333333333333334,0.7666666666666667,0,0,0,3,8,normal,false,4,11,231,1870,0,0,0,false,false,false,0,0,2101,30,0,
1208,random,3246,30,0,budget,0,53,true,4,660,73,113,0.16666666666666666,0.8333333333333334,0,0,0,4,7,normal,false,5,13,231,3015,0,0,0,false,false,false,0,0,3246,30,0,
1209,random,2395,32,6,lock,0,73,true,4,440,58,77,0,0.90625,0.09375,0,0,3,2,normal,false,8,11,30,2095,270,0,0,false,false,false,0,0,2395,32,0,
1210,random,4840,46,16,budget,0,98,true,6,885,103,128,0.021739130434782608,0.8260869565217391,0.06521739130434782,0.08695652173913043,0,8,10,normal,true,6,22,105,3190,870,675,0,true,true,true,0,0,4840,46,0,
1211,random,6653,52,22,budget,0,91,true,4,570,115,193,0.17307692307692307,0.6538461538461539,0.15384615384615385,0.019230769230769232,0,9,5,crash,false,5,22,468,3770,2280,135,0,true,false,false,0,0,6653,52,0,
1212,random,4025,30,0,budget,0,69,true,5,1080,79,101,0.06666666666666667,0.9333333333333333,0,0,0,2,11,normal,false,3,13,60,3965,0,0,0,false,false,true,0,0,4025,30,0,
1213,random,12478,67,37,budget,1,100,true,4,1110,166,214,0.04477611940298507,0.47761194029850745,0.31343283582089554,0.08955223880597014,0.07462686567164178,17,2,normal,false,7,32,143,3550,4510,1935,2340,false,true,true,2250,5,10228,62,1,2
1214,random,5728,46,16,budget,0,87,true,4,555,118,172,0.13043478260869565,0.7608695652173914,0.10869565217391304,0,0,8,8,normal,false,10,16,818,3125,1380,405,0,false,false,true,0,0,5728,46,0,
1215,random,4841,30,0,budget,0,55,true,7,1565,87,131,0.23333333333333334,0.7666666666666667,0,0,0,4,8,crash,false,4,11,181,4660,0,0,0,false,false,false,0,0,4841,30,0,
1216,random,3565,30,0,budget,0,52,true,5,710,71,112,0.36666666666666664,0.6333333333333333,0,0,0,2,14,normal,false,9,10,465,3100,0,0,0,false,false,true,0,0,3565,30,0,
1217,random,5817,56,26,budget,0,92,true,3,450,119,169,0.14285714285714285,0.6607142857142857,0.14285714285714285,0.05357142857142857,0,14,2,normal,false,10,23,242,3580,1590,405,0,true,false,false,0,0,5817,56,0,
1218,random,1870,30,0,budget,0,50,true,3,285,49,90,0.43333333333333335,0.5666666666666667,0,0,0,4,17,crash,false,3,10,445,1425,0,0,0,false,false,false,0,0,1870,30,0,
1219,random,9414,48,18,budget,0,98,true,9,2355,133,211,0.20833333333333334,0.6041666666666666,0.125,0.0625,0,12,2,crash,false,4,23,504,6210,1710,990,0,true,true,true,0,0,9414,48,0,
1220,random,3785,34,4,budget,0,71,true,4,685,78,105,0,1,0,0,0,2,10,normal,false,6,11,140,3645,0,0,0,false,false,false,0,0,3785,34,0,
1221,random,4128,30,0,budget,0,55,true,7,1200,63,130,0.2,0.8,0,0,0,3,8,normal,false,3,14,293,3835,0,0,0,false,false,true,0,0,4128,30,0,
1222,random,25090,103,73,budget,3,100,false,5,1860,300,359,0,0.5048543689320388,0.27184466019417475,0.07766990291262135,0.14563106796116504,28,2,normal,false,7,50,0,6690,8290,1890,8220,false,true,false,7090,15,18000,88,3,2|4|4
1223,random,5075,46,16,budget,0,83,true,4,705,97,150,0.1956521739130435,0.6739130434782609,0.13043478260869565,0,0,10,2,crash,false,5,23,325,3340,1410,0,0,false,false,false,0,0,5075,46,0,
1224,random,10459,56,26,budget,0,94,true,7,1095,161,228,0.07142857142857142,0.6071428571428571,0.2857142857142857,0.03571428571428571,0,12,1,normal,false,8,27,834,4185,3820,1620,0,true,false,false,0,0,10459,56,0,
1225,random,2782,30,0,budget,0,64,true,4,450,58,117,0.6,0.4,0,0,0,5,9,normal,false,8,10,982,1800,0,0,0,false,false,true,0,0,2782,30,0,
1226,random,4500,38,8,budget,0,82,false,4,660,99,123,0,0.9210526315789473,0.07894736842105263,0,0,4,14,normal,false,11,17,0,3840,660,0,0,false,false,true,0,0,4500,38,0,
1227,random,5740,42,12,budget,0,79,true,5,1290,98,154,0.16666666666666666,0.7142857142857143,0.11904761904761904,0,0,6,3,crash,false,7,18,235,4695,810,0,0,false,false,false,0,0,5740,42,0,
1228,random,5656,38,8,budget,0,86,true,5,1265,113,149,0.07894736842105263,0.8157894736842105,0.10526315789473684,0,0,4,4,normal,false,5,13,196,4980,480,0,0,false,false,true,0,0,5656,38,0,
1229,random,9150,52,22,budget,0,94,true,6,1215,142,223,0.17307692307692307,0.5769230769230769,0.19230769230769232,0.057692307692307696,0,10,12,normal,false,6,24,385,5485,2740,540,0,true,false,true,0,0,9150,52,0,
1230,random,2999,34,4,budget,0,77,true,4,420,70,97,0.14705882352941177,0.8235294117647058,0.029411764705882353,0,0,4,4,normal,false,4,12,204,2525,270,0,0,false,false,false,0,0,2999,34,0,
1231,random,3457,30,0,budget,0,52,true,6,1185,72,116,0.36666666666666664,0.6333333333333333,0,0,0,4,6,normal,false,3,15,377,3080,0,0,0,false,false,true,0,0,3457,30,0,
1232,random,2588,32,2,budget,0,74,true,3,360,53,86,0.03125,0.96875,0,0,0,2,1,normal,false,12,7,158,2160,270,0,0,false,false,false,0,0,2588,32,0,
1233,random,9072,47,17,budget,1,100,true,7,1900,125,168,0.1276595744680851,0.7021276595744681,0.06382978723404255,0,0.10638297872340426,6,13,normal,false,10,22,307,4465,510,630,3160,false,false,false,3430,5,5642,42,0,
1234,random,3514,30,0,budget,0,50,true,4,585,72,115,0.2,0.8,0,0,0,3,8,normal,false,9,8,314,3200,0,0,0,false,false,true,0,0,3514,30,0,
1235,random,3870,36,6,budget,0,76,true,3,460,87,109,0,0.9166666666666666,0.08333333333333333,0,0,3,23,normal,false,6,18,50,3550,270,0,0,false,false,true,0,0,3870,36,0,
1236,random,12733,68,38,budget,2,100,true,6,1605,171,222,0.08823529411764706,0.5882352941176471,0.08823529411764706,0.08823529411764706,0.14705882352941177,14,12,normal,false,10,25,143,5235,2400,1875,3080,false,true,false,3140,10,9593,58,2,4|6
1237,random,4144,30,0,budget,0,62,true,5,870,73,126,0.16666666666666666,0.8333333333333334,0,0,0,2,19,normal,false,5,11,184,3960,0,0,0,false,false,true,0,0,4144,30,0,
1238,random,4610,36,6,budget,0,90,true,5,1520,80,98,0,0.9444444444444444,0.027777777777777776,0.027777777777777776,0,2,20,normal,false,7,12,30,2085,2360,135,0,true,false,false,0,0,4610,36,0,
1239,random,6180,41,11,budget,1,100,true,7,1995,96,126,0.024390243902439025,0.7560975609756098,0.0975609756097561,0,0.12195121951219512,4,9,normal,false,7,11,15,3540,760,945,920,false,true,false,900,5,5280,36,1,2
1240,random,13150,62,32,budget,2,100,true,7,4260,141,173,0.016129032258064516,0.5967741935483871,0.1935483870967742,0.03225806451612903,0.16129032258064516,11,19,normal,false,11,33,85,2520,1890,3135,5520,false,true,false,7740,10,5410,52,2,8|3
1241,random,3624,36,6,budget,0,83,true,5,630,78,103,0.16666666666666666,0.75,0.08333333333333333,0,0,5,1,normal,false,5,10,144,2730,750,0,0,false,false,false,0,0,3624,36,0,
1242,random,3630,34,4,budget,0,92,true,4,675,67,98,0.029411764705882353,0.9117647058823529,0.029411764705882353,0.029411764705882353,0,2,10,normal,false,6,13,15,2610,870,135,0,true,false,false,0,0,3630,34,0,
1243,random,3112,30,0,budget,0,64,true,4,515,66,110,0.2,0.8,0,0,0,4,18,normal,false,5,12,407,2705,0,0,0,false,false,false,0,0,3112,30,0,
1244,random,2295,30,0,budget,0,50,true,4,390,61,106,0.4,0.6,0,0,0,3,10,crash,false,4,11,855,1440,0,0,0,false,false,false,0,0,2295,30,0,
1245,random,10970,47,17,budget,1,100,true,6,3680,140,187,0.0425531914893617,0.7872340425531915,0.0425531914893617,0.02127659574468085,0.10638297872340426,6,10,normal,false,5,24,55,4720,1170,2865,2160,false,false,true,5000,5,5970,42,1,2
1246,random,1677,30,0,budget,0,50,true,3,225,48,84,0.4666666666666667,0.5333333333333333,0,0,0,1,27,normal,false,10,6,522,1155,0,0,0,false,false,false,0,0,1677,30,0,
1247,random,2405,30,0,budget,0,62,true,4,625,59,86,0.3333333333333333,0.6666666666666666,0,0,0,4,8,normal,false,5,9,250,2155,0,0,0,false,false,false,0,0,2405,30,0,
1248,random,4005,34,4,budget,0,76,true,7,1185,73,108,0.11764705882352941,0.8235294117647058,0.058823529411764705,0,0,5,2,normal,false,7,12,105,3720,180,0,0,false,false,false,0,0,4005,34,0,
1249,random,2013,30,0,budget,0,69,true,3,255,51,84,0.1,0.9,0,0,0,0,-1,crash,false,12,6,128,1885,0,0,0,false,false,false,0,0,2013,30,0,
1250,random,4126,32,2,budget,0,74,true,5,570,92,123,0.125,0.84375,0.03125,0,0,5,12,normal,false,6,15,476,3560,90,0,0,false,false,false,0,0,4126,32,0,
1251,random,2447,30,0,budget,0,64,true,4,545,59,99,0.26666666666666666,0.7333333333333333,0,0,0,2,19,normal,false,5,10,562,1885,0,0,0,false,false,true,0,0,2447,30,0,
1252,random,2519,30,0,budget,0,66,true,3,343,66,94,0.16666666666666666,0.8333333333333334,0,0,0,2,9,normal,false,6,9,314,2205,0,0,0,false,false,true,0,0,2519,30,0,
1253,random,5605,41,11,budget,1,100,true,4,690,91,122,0.024390243902439025,0.6829268292682927,0.14634146341463414,0.024390243902439025,0.12195121951219512,4,2,normal,false,11,9,45,2485,930,765,1380,false,false,false,1650,5,3955,36,0,
1254,random,3336,32,2,budget,0,82,true,5,520,69,107,0.15625,0.8125,0.03125,0,0,3,7,normal,false,8,10,326,2260,750,0,0,false,false,true,0,0,3336,32,0,
1255,random,1815,30,0,budget,0,68,true,4,405,45,78,0.4,0.6,0,0,0,1,23,crash,false,7,5,315,1500,0,0,0,false,false,false,0,0,1815,30,0,
1256,random,2411,30,0,budget,0,62,true,3,375,52,96,0.5333333333333333,0.4666666666666667,0,0,0,5,10,normal,false,9,10,476,1935,0,0,0,false,false,true,0,0,2411,30,0,
1257,random,2075,20,2,lock,0,74,true,5,845,45,57,0.2,0.75,0.05,0,0,4,9,normal,false,4,9,105,1880,90,0,0,false,false,false,0,0,2075,20,0,
1258,random,12253,33,10,lock,0,94,true,8,5935,92,149,0.09090909090909091,0.7575757575757576,0.15151515151515152,0,0,5,11,normal,false,7,13,98,3685,1810,6660,0,true,false,false,0,0,12253,33,0,
1259,random,11255,72,42,budget,2,100,true,3,1140,163,210,0.013888888888888888,0.5972222222222222,0.2222222222222222,0.027777777777777776,0.1388888888888889,17,1,normal,false,9,29,45,3730,2740,1080,3660,false,false,false,3700,10,7555,62,2,3|3
1260,random,3794,38,8,budget,0,91,true,3,760,80,101,0.18421052631578946,0.631578947368421,0.15789473684210525,0.02631578947368421,0,4,3,normal,false,6,16,144,2255,720,675,0,true,false,true,0,0,3794,38,0,
1261,random,285,4,0,lock,0,62,false,2,120,6,12,0,1,0,0,0,0,-1,normal,false,1,2,0,285,0,0,0,false,false,true,0,0,285,4,0,
1262,random,3590,30,0,budget,0,50,true,5,768,67,142,0.4,0.6,0,0,0,5,6,normal,false,6,11,1320,2270,0,0,0,false,false,false,0,0,3590,30,0,
1263,random,19040,67,37,budget,3,100,true,7,5680,163,211,0,0.5522388059701493,0.1791044776119403,0.04477611940298507,0.22388059701492538,14,2,normal,false,12,29,30,3170,2440,540,12860,false,true,false,7090,15,11950,52,3,3|4|7
1264,random,2220,30,0,budget,0,63,true,2,180,59,88,0.03333333333333333,0.9666666666666667,0,0,0,0,-1,crash,false,3,13,0,2220,0,0,0,false,false,true,0,0,2220,30,0,
1265,random,375,5,0,lock,0,50,false,2,135,6,15,0,1,0,0,0,0,-1,normal,false,5,0,0,375,0,0,0,false,false,false,0,0,375,5,0,
1266,random,4108,38,8,budget,0,89,true,4,620,72,119,0.10526315789473684,0.7894736842105263,0.07894736842105263,0.02631578947368421,0,7,9,normal,false,4,17,68,3515,390,135,0,false,false,false,0,0,4108,38,0,
1267,random,6176,32,2,budget,0,76,true,8,2288,89,144,0.3125,0.6875,0,0,0,5,2,normal,false,4,15,536,5010,630,0,0,false,false,true,0,0,6176,32,0,
1268,random,2366,30,0,budget,0,54,true,4,615,48,95,0.36666666666666664,0.6333333333333333,0,0,0,4,11,normal,false,6,10,491,1875,0,0,0,false,false,true,0,0,2366,30,0,
1269,random,3650,32,2,budget,0,78,true,4,545,71,106,0.0625,0.90625,0.03125,0,0,3,8,normal,false,5,14,30,3530,90,0,0,false,false,false,0,0,3650,32,0,
1270,random,12133,60,30,budget,2,100,true,5,3060,134,181,0.06666666666666667,0.5,0.18333333333333332,0.08333333333333333,0.16666666666666666,13,4,normal,false,10,32,283,2505,2070,855,6420,false,true,true,3540,10,8593,50,2,2|7
1271,random,2564,30,0,budget,0,52,true,3,285,56,97,0.26666666666666666,0.7333333333333333,0,0,0,2,17,crash,false,7,9,279,2285,0,0,0,false,false,false,0,0,2564,30,0,
1272,random,4435,30,0,budget,0,67,true,6,1215,82,120,0.03333333333333333,0.9666666666666667,0,0,0,0,-1,crash,false,4,12,0,4435,0,0,0,false,false,false,0,0,4435,30,0,
1273,random,3308,30,0,budget,0,63,true,4,610,72,101,0.13333333333333333,0.8666666666666667,0,0,0,4,8,normal,false,4,13,163,3145,0,0,0,false,false,false,0,0,3308,30,0,
1274,random,7529,32,2,budget,0,81,true,5,2500,102,162,0.125,0.84375,0.03125,0,0,2,9,crash,false,5,14,199,4680,2650,0,0,false,false,false,0,0,7529,32,0,
1275,random,4005,30,0,budget,0,50,true,7,1755,59,135,0.5666666666666667,0.43333333333333335,0,0,0,4,5,crash,false,4,12,900,3105,0,0,0,false,false,false,0,0,4005,30,0,
1276,random,3805,30,0,budget,0,66,true,6,1020,77,108,0.03333333333333333,0.9666666666666667,0,0,0,1,30,normal,false,10,6,15,3790,0,0,0,false,false,true,0,0,3805,30,0,
1277,random,7123,48,18,budget,0,97,true,6,2145,104,158,0.08333333333333333,0.8125,0.08333333333333333,0.020833333333333332,0,9,3,crash,false,6,17,83,3405,2600,1035,0,true,true,false,0,0,7123,48,0,
1278,random,3153,30,0,budget,0,62,true,4,510,70,98,0.1,0.9,0,0,0,1,9,normal,false,8,10,138,3015,0,0,0,false,false,false,0,0,3153,30,0,
1279,random,2049,30,0,budget,0,50,true,4,480,53,89,0.5666666666666667,0.43333333333333335,0,0,0,3,9,normal,false,7,8,529,1520,0,0,0,false,false,true,0,0,2049,30,0,
1280,random,3034,34,4,budget,0,84,true,5,770,68,98,0.14705882352941177,0.7058823529411765,0.14705882352941177,0,0,4,1,normal,false,8,11,264,2200,570,0,0,false,false,false,0,0,3034,34,0,
1281,random,3653,30,0,budget,0,69,true,5,615,69,124,0.26666666666666666,0.7333333333333333,0,0,0,0,-1,crash,false,5,10,668,2985,0,0,0,false,false,true,0,0,3653,30,0,
1282,random,3763,30,0,budget,0,68,true,4,760,84,123,0.1,0.9,0,0,0,2,13,normal,false,9,13,103,3660,0,0,0,false,false,false,0,0,3763,30,0,
1283,random,2880,30,0,budget,0,66,true,5,725,64,92,0.06666666666666667,0.9333333333333333,0,0,0,2,10,normal,false,7,10,90,2790,0,0,0,false,false,false,0,0,2880,30,0,
1284,random,8660,44,14,budget,0,97,true,5,1890,109,171,0.022727272727272728,0.8409090909090909,0.09090909090909091,0.045454545454545456,0,6,4,normal,false,11,19,120,3710,2760,2070,0,true,true,true,0,0,8660,44,0,
1285,random,3493,30,0,budget,0,50,true,5,705,66,108,0.13333333333333333,0.8666666666666667,0,0,0,3,5,normal,false,6,11,218,3275,0,0,0,false,false,true,0,0,3493,30,0,
1286,random,3125,30,0,budget,0,63,false,4,700,75,97,0,1,0,0,0,0,-1,normal,false,5,12,0,3125,0,0,0,false,false,true,0,0,3125,30,0,
1287,random,2892,30,0,budget,0,54,true,3,360,66,107,0.3,0.7,0,0,0,2,16,crash,false,8,11,152,2740,0,0,0,false,false,false,0,0,2892,30,0,
1288,random,9831,46,16,budget,0,94,true,8,4035,114,175,0.08695652173913043,0.7608695652173914,0.13043478260869565,0.021739130434782608,0,7,6,crash,false,7,17,176,4425,2260,2970,0,true,false,false,0,0,9831,46,0,
1289,random,2172,30,0,budget,0,56,true,3,285,57,95,0.26666666666666666,0.7333333333333333,0,0,0,2,21,crash,false,4,11,432,1740,0,0,0,false,false,false,0,0,2172,30,0,
1290,random,2213,30,0,budget,0,67,true,4,345,51,79,0.06666666666666667,0.9333333333333333,0,0,0,0,-1,crash,false,5,9,23,2190,0,0,0,false,false,false,0,0,2213,30,0,
1291,random,5715,52,22,budget,0,98,false,4,480,110,121,0,0.5769230769230769,0.34615384615384615,0.07692307692307693,0,10,2,normal,false,11,17,0,2495,2140,1080,0,true,true,false,0,0,5715,52,0,
1292,random,2141,30,0,budget,0,50,true,3,270,56,87,0.23333333333333334,0.7666666666666667,0,0,0,4,8,normal,false,4,12,251,1890,0,0,0,false,false,false,0,0,2141,30,0,
1293,random,2130,20,0,lock,0,53,true,4,525,41,80,0.5,0.5,0,0,0,3,5,crash,false,4,12,405,1725,0,0,0,false,false,true,0,0,2130,20,0,
1294,random,4934,36,6,budget,0,88,true,5,1475,85,138,0.1388888888888889,0.8333333333333334,0.027777777777777776,0,0,3,20,crash,false,4,15,294,3845,120,675,0,false,false,true,0,0,4934,36,0,
1295,random,2496,30,0,budget,0,62,true,3,525,58,91,0.16666666666666666,0.8333333333333334,0,0,0,2,21,normal,false,8,12,151,2345,0,0,0,false,false,true,0,0,2496,30,0,
1296,random,9381,49,19,budget,1,100,true,5,2400,134,181,0.08163265306122448,0.7346938775510204,0.08163265306122448,0,0.10204081632653061,7,10,normal,false,6,25,281,4050,710,180,4160,false,false,true,4160,5,5221,44,1,2
1297,random,2070,30,0,budget,0,69,true,4,360,53,91,0.36666666666666664,0.6333333333333333,0,0,0,3,19,normal,false,6,9,510,1560,0,0,0,false,false,true,0,0,2070,30,0,
1298,random,7520,43,13,budget,1,100,true,4,780,121,150,0.023255813953488372,0.813953488372093,0.046511627906976744,0,0.11627906976744186,5,9,normal,false,8,15,65,4335,720,180,2220,false,false,false,2100,5,5420,38,1,2
1299,random,2080,30,0,budget,0,63,true,2,190,57,74,0,1,0,0,0,0,-1,normal,false,9,8,40,2040,0,0,0,false,false,false,0,0,2080,30,0,
1300,random,2885,34,4,budget,0,75,false,3,630,72,92,0,1,0,0,0,2,5,normal,false,17,8,0,2345,540,0,0,false,false,true,0,0,2885,34,0,
1301,random,3547,40,10,budget,0,97,true,3,390,71,119,0.175,0.65,0.125,0.05,0,5,7,crash,false,7,17,257,2255,810,225,0,true,true,true,0,0,3547,40,0,
1302,random,4311,30,0,budget,0,54,true,6,1375,71,119,0.3,0.7,0,0,0,4,7,normal,false,7,9,391,3920,0,0,0,false,false,false,0,0,4311,30,0,
1303,random,3067,30,0,budget,0,62,true,5,730,68,115,0.43333333333333335,0.5666666666666667,0,0,0,6,7,normal,false,4,12,477,2590,0,0,0,false,false,false,0,0,3067,30,0,
1304,random,2595,30,0,budget,0,67,true,6,810,53,84,0.13333333333333333,0.8666666666666667,0,0,0,2,17,crash,false,7,9,60,2535,0,0,0,false,false,false,0,0,2595,30,0,
1305,random,2865,30,0,budget,0,69,true,6,743,56,101,0.3333333333333333,0.6666666666666666,0,0,0,3,18,crash,false,4,13,430,2435,0,0,0,false,false,true,0,0,2865,30,0,
1306,random,4470,34,4,budget,0,74,false,5,735,95,125,0,0.9411764705882353,0.058823529411764705,0,0,2,13,normal,false,3,16,0,4020,450,0,0,false,false,false,0,0,4470,34,0,
1307,random,12765,71,41,budget,1,100,false,7,3200,159,205,0,0.7183098591549296,0.16901408450704225,0.04225352112676056,0.07042253521126761,16,1,normal,false,13,25,0,3685,5240,2760,1080,false,true,false,990,5,11775,66,1,9
1308,random,1321,30,0,budget,0,50,true,3,136,40,93,0.8,0.2,0,0,0,2,6,normal,false,10,6,916,405,0,0,0,false,false,true,0,0,1321,30,0,
1309,random,3286,36,6,budget,0,90,true,5,570,71,104,0.1111111111111111,0.8055555555555556,0.05555555555555555,0.027777777777777776,0,4,7,normal,false,7,12,211,2580,360,135,0,true,false,true,0,0,3286,36,0,
1310,random,5510,32,2,budget,0,76,true,7,1130,93,153,0.15625,0.8125,0.03125,0,0,6,2,normal,false,3,16,215,5205,90,0,0,false,false,false,0,0,5510,32,0,
1311,random,2216,30,0,budget,0,53,true,3,285,57,93,0.13333333333333333,0.8666666666666667,0,0,0,2,18,crash,false,9,10,136,2080,0,0,0,false,false,false,0,0,2216,30,0,
1312,random,6603,45,15,budget,1,100,true,5,2535,91,131,0.2222222222222222,0.4888888888888889,0.1111111111111111,0.06666666666666667,0.1111111111111111,5,4,crash,false,10,11,493,1775,600,2835,900,false,true,false,870,5,5733,40,1,3
1313,random,1451,30,0,budget,0,50,true,3,196,38,92,0.7,0.3,0,0,0,4,11,crash,false,7,9,791,660,0,0,0,false,false,false,0,0,1451,30,0,
1314,random,5113,40,10,budget,0,92,true,5,710,100,148,0.125,0.75,0.1,0.025,0,9,3,normal,false,4,22,168,4330,480,135,0,true,false,true,0,0,5113,40,0,
1315,random,3685,32,2,budget,0,82,true,4,870,69,124,0.34375,0.625,0.03125,0,0,4,3,crash,false,3,15,565,2250,870,0,0,false,false,false,0,0,3685,32,0,
1316,random,2831,30,0,budget,0,60,true,4,420,62,103,0.23333333333333334,0.7666666666666667,0,0,0,2,14,crash,false,4,13,406,2425,0,0,0,false,false,false,0,0,2831,30,0,
1317,random,3105,32,2,budget,0,79,true,4,390,68,103,0.09375,0.875,0.03125,0,0,3,5,crash,false,6,14,30,2985,90,0,0,false,false,false,0,0,3105,32,0,
1318,random,4475,37,10,lock,0,97,true,3,600,86,112,0.02702702702702703,0.7837837837837838,0.13513513513513514,0.05405405405405406,0,6,3,normal,false,8,18,15,3080,570,810,0,true,true,true,0,0,4475,37,0,
1319,random,2875,30,0,budget,0,66,true,4,485,72,94,0.06666666666666667,0.9333333333333333,0,0,0,2,22,normal,false,9,9,135,2740,0,0,0,false,false,true,0,0,2875,30,0,
1320,random,8488,55,25,budget,1,100,true,5,1140,118,171,0.16363636363636364,0.4909090909090909,0.18181818181818182,0.07272727272727272,0.09090909090909091,14,2,normal,false,6,28,643,2790,1500,2115,1440,false,true,true,1500,5,6988,50,1,6
1321,random,7834,60,30,budget,0,97,true,4,720,126,187,0.06666666666666667,0.7166666666666667,0.16666666666666666,0.05,0,15,3,crash,false,5,23,249,3445,3240,900,0,true,true,false,0,0,7834,60,0,
1322,random,3674,40,10,budget,0,81,true,3,540,80,119,0.125,0.825,0.05,0,0,6,14,crash,false,4,19,219,2855,600,0,0,false,false,false,0,0,3674,40,0,
1323,random,1101,30,0,budget,0,50,true,2,135,33,77,0.7666666666666667,0.23333333333333334,0,0,0,4,5,crash,false,8,9,651,450,0,0,0,false,false,false,0,0,1101,30,0,
1324,random,3495,32,2,budget,0,76,false,4,400,87,114,0,0.96875,0.03125,0,0,1,3,normal,false,3,15,0,3315,180,0,0,false,false,false,0,0,3495,32,0,
1325,random,3485,32,2,budget,0,75,true,4,385,78,114,0.0625,0.90625,0.03125,0,0,3,5,normal,false,5,10,35,3360,90,0,0,false,false,true,0,0,3485,32,0,
1326,random,5560,30,0,budget,0,58,false,5,915,98,139,0,1,0,0,0,0,-1,normal,false,5,17,0,5560,0,0,0,false,false,true,0,0,5560,30,0,
1327,random,3875,42,12,budget,0,90,true,4,555,80,106,0.023809523809523808,0.8809523809523809,0.09523809523809523,0,0,6,20,normal,false,7,17,15,2525,660,675,0,true,false,true,0,0,3875,42,0,
1328,random,3726,32,2,budget,0,71,true,5,1025,72,125,0.53125,0.46875,0,0,0,5,5,normal,false,6,11,826,2720,180,0,0,false,false,true,0,0,3726,32,0,
1329,random,1626,30,0,budget,0,50,true,2,280,43,89,0.43333333333333335,0.5666666666666667,0,0,0,2,17,crash,false,7,6,381,1245,0,0,0,false,false,false,0,0,1626,30,0,
1330,random,2786,32,2,budget,0,70,true,3,390,69,110,0.125,0.875,0,0,0,3,4,normal,false,5,13,216,2570,0,0,0,false,false,false,0,0,2786,32,0,
1331,random,2525,30,0,budget,0,50,true,3,420,57,111,0.6,0.4,0,0,0,4,18,normal,false,10,10,800,1725,0,0,0,false,false,false,0,0,2525,30,0,
1332,random,3390,30,0,budget,0,63,true,4,605,74,106,0.03333333333333333,0.9666666666666667,0,0,0,1,4,normal,false,6,12,15,3375,0,0,0,false,false,true,0,0,3390,30,0,
1333,random,17993,68,38,budget,2,100,true,5,1930,176,245,0.04411764705882353,0.5,0.20588235294117646,0.10294117647058823,0.14705882352941177,14,3,normal,false,15,32,53,2350,7660,1530,6400,false,false,false,6100,10,11893,58,2,3|4
1334,random,3390,34,4,budget,0,75,true,5,705,79,96,0.029411764705882353,0.8823529411764706,0.08823529411764706,0,0,3,1,normal,false,7,10,15,3075,300,0,0,false,false,false,0,0,3390,34,0,
1335,random,1170,7,8,lock,0,94,false,3,630,15,19,0,0.2857142857142857,0.5714285714285714,0.14285714285714285,0,3,1,normal,false,1,5,0,195,840,135,0,true,false,false,0,0,1170,7,0,
1336,random,4153,30,0,budget,0,52,true,6,1240,68,121,0.16666666666666666,0.8333333333333334,0,0,0,3,11,crash,false,3,13,168,3985,0,0,0,false,false,true,0,0,4153,30,0,
1337,random,5852,48,18,budget,0,94,true,4,550,121,165,0.125,0.7291666666666666,0.08333333333333333,0.0625,0,7,4,crash,false,5,23,362,4035,690,765,0,true,false,false,0,0,5852,48,0,
1338,random,1615,16,8,lock,0,95,false,2,330,30,40,0,0.75,0.1875,0.0625,0,3,1,normal,false,13,3,0,730,480,405,0,true,true,false,0,0,1615,16,0,
1339,random,2734,30,0,budget,0,54,true,3,440,67,104,0.3333333333333333,0.6666666666666666,0,0,0,5,16,normal,false,5,13,399,2335,0,0,0,false,false,true,0,0,2734,30,0,
1340,random,2169,30,0,budget,0,64,true,4,570,44,95,0.3333333333333333,0.6666666666666666,0,0,0,2,17,normal,false,8,10,409,1760,0,0,0,false,false,true,0,0,2169,30,0,
1341,random,6950,44,14,budget,0,96,true,4,915,100,156,0.11363636363636363,0.75,0.13636363636363635,0,0,11,4,crash,false,4,22,60,3375,2840,675,0,true,true,false,0,0,6950,44,0,
1342,random,4085,32,2,budget,0,71,true,5,895,82,125,0.09375,0.90625,0,0,0,2,2,normal,false,7,14,340,3745,0,0,0,false,false,true,0,0,4085,32,0,
1343,random,2889,32,2,budget,0,73,true,3,330,59,104,0.15625,0.8125,0.03125,0,0,1,2,crash,false,10,13,129,2670,90,0,0,false,false,false,0,0,2889,32,0,
1344,random,3425,20,2,lock,0,71,true,6,1465,48,75,0.05,0.95,0,0,0,2,12,normal,false,2,10,15,2420,990,0,0,false,false,true,0,0,3425,20,0,
1345,random,9123,54,24,budget,0,88,true,5,2760,124,169,0.05555555555555555,0.8333333333333334,0.1111111111111111,0,0,14,7,normal,false,6,30,53,3940,2430,2700,0,false,false,false,0,0,9123,54,0,
1346,random,6497,56,26,budget,0,94,true,4,900,113,176,0.14285714285714285,0.5892857142857143,0.23214285714285715,0.03571428571428571,0,13,7,crash,false,11,22,302,2565,3210,420,0,true,false,false,0,0,6497,56,0,
1347,random,5058,45,15,budget,1,100,true,3,800,93,130,0.1111111111111111,0.6444444444444445,0.13333333333333333,0,0.1111111111111111,7,7,normal,false,5,22,223,1935,1220,180,1500,false,false,false,1500,5,3558,40,1,4
1348,random,7590,63,33,budget,1,100,false,4,960,134,173,0,0.746031746031746,0.14285714285714285,0.031746031746031744,0.07936507936507936,13,1,normal,false,9,28,0,3870,2640,180,900,false,false,false,870,5,6720,58,1,4
1349,random,2307,30,0,budget,0,52,true,3,345,57,93,0.36666666666666664,0.6333333333333333,0,0,0,4,12,normal,false,5,11,422,1885,0,0,0,false,false,true,0,0,2307,30,0,
1350,random,1742,30,0,budget,0,66,true,3,315,44,74,0.36666666666666664,0.6333333333333333,0,0,0,4,14,crash,false,10,7,227,1515,0,0,0,false,false,false,0,0,1742,30,0,
1351,random,7008,38,8,budget,0,99,true,7,3385,89,122,0.07894736842105263,0.8157894736842105,0.07894736842105263,0.02631578947368421,0,6,2,normal,false,9,15,133,3305,420,3150,0,true,true,true,0,0,7008,38,0,
1352,random,705,13,0,lock,0,50,true,3,195,18,30,0.15384615384615385,0.8461538461538461,0,0,0,1,11,normal,false,8,2,75,630,0,0,0,false,false,false,0,0,705,13,0,
1353,random,3151,30,0,budget,0,61,true,4,615,62,105,0.26666666666666666,0.7333333333333333,0,0,0,3,16,crash,false,5,12,286,2865,0,0,0,false,false,false,0,0,3151,30,0,
1354,random,1535,30,0,budget,0,50,true,4,248,45,82,0.5,0.5,0,0,0,1,25,normal,false,13,4,605,930,0,0,0,false,false,false,0,0,1535,30,0,
1355,random,2795,30,0,budget,0,63,true,3,390,64,121,0.3333333333333333,0.6666666666666666,0,0,0,0,-1,crash,false,4,12,495,2300,0,0,0,false,false,false,0,0,2795,30,0,
1356,random,5976,47,17,budget,1,100,true,5,600,101,187,0.425531914893617,0.3617021276595745,0.10638297872340426,0,0.10638297872340426,12,2,normal,false,4,24,1301,2705,710,0,1260,false,false,true,1160,5,4816,42,1,2
1357,random,2506,30,0,budget,0,62,true,4,535,56,106,0.5,0.5,0,0,0,2,20,crash,false,6,6,486,2020,0,0,0,false,false,false,0,0,2506,30,0,
1358,random,3375,34,4,budget,0,72,false,5,525,82,108,0,0.9705882352941176,0.029411764705882353,0,0,2,8,normal,false,4,15,0,3285,90,0,0,false,false,true,0,0,3375,34,0,
1359,random,7430,43,34,lock,2,100,false,4,1060,103,105,0,0.3953488372093023,0.27906976744186046,0.09302325581395349,0.23255813953488372,11,15,keto,false,3,26,0,1185,2190,1215,2840,false,false,true,3630,10,3800,33,2,4|4
1360,random,8930,50,20,budget,0,94,true,5,795,137,188,0.02,0.72,0.26,0,0,11,7,normal,false,6,25,30,5110,3520,270,0,true,false,false,0,0,8930,50,0,
1361,random,2353,30,0,budget,0,66,true,3,305,67,84,0.1,0.9,0,0,0,2,5,normal,false,4,10,143,2210,0,0,0,false,false,false,0,0,2353,30,0,
1362,random,2849,30,0,budget,0,62,true,5,675,66,126,0.6,0.4,0,0,0,2,10,normal,false,6,8,1454,1395,0,0,0,false,false,true,0,0,2849,30,0,
1363,random,2997,34,4,budget,0,82,true,4,420,57,111,0.5,0.47058823529411764,0.029411764705882353,0,0,3,7,crash,false,11,9,567,1950,480,0,0,false,false,false,0,0,2997,34,0,
1364,random,4016,30,0,budget,0,68,true,6,1745,76,123,0.36666666666666664,0.6333333333333333,0,0,0,1,22,normal,false,6,10,1041,2975,0,0,0,false,false,false,0,0,4016,30,0,
1365,random,2284,30,0,budget,0,50,true,3,270,48,96,0.36666666666666664,0.6333333333333333,0,0,0,1,26,crash,false,5,10,409,1875,0,0,0,false,false,false,0,0,2284,30,0,
1366,random,2420,30,0,budget,0,65,true,4,675,53,84,0.26666666666666666,0.7333333333333333,0,0,0,1,20,normal,false,10,7,190,2230,0,0,0,false,false,true,0,0,2420,30,0,
1367,random,5216,38,8,budget,0,80,true,5,710,92,150,0.13157894736842105,0.7631578947368421,0.10526315789473684,0,0,4,1,crash,false,11,15,251,4115,850,0,0,false,false,true,0,0,5216,38,0,
1368,random,5021,30,0,budget,0,62,true,8,1990,73,129,0.26666666666666666,0.7333333333333333,0,0,0,3,7,crash,false,6,10,491,4530,0,0,0,false,false,false,0,0,5021,30,0,
1369,random,9399,57,27,budget,1,100,true,4,930,147,189,0.08771929824561403,0.5964912280701754,0.19298245614035087,0.03508771929824561,0.08771929824561403,9,2,normal,false,7,23,219,4300,1860,1260,1760,false,false,false,1820,5,7579,52,1,7
1370,random,1823,27,0,lock,0,64,true,3,210,42,69,0.07407407407407407,0.9259259259259259,0,0,0,0,-1,crash,false,8,8,23,1800,0,0,0,false,false,false,0,0,1823,27,0,
1371,random,7278,41,11,budget,1,100,true,6,675,108,163,0.2926829268292683,0.4878048780487805,0.07317073170731707,0.024390243902439025,0.12195121951219512,9,2,normal,false,5,18,1093,2975,960,90,2160,false,false,false,2010,5,5268,36,1,4
1372,random,3379,32,2,budget,0,71,true,4,495,72,111,0.1875,0.8125,0,0,0,4,16,normal,false,5,14,314,3065,0,0,0,false,false,true,0,0,3379,32,0,
1373,random,13973,77,47,budget,1,100,true,8,1555,182,245,0.025974025974025976,0.6623376623376623,0.23376623376623376,0.012987012987012988,0.06493506493506493,19,1,normal,false,10,36,38,5770,3740,1965,2460,false,true,false,2510,5,11463,72,0,
1374,random,3914,32,2,budget,0,71,true,3,390,83,123,0.15625,0.84375,0,0,0,3,12,normal,false,6,14,259,3385,270,0,0,false,false,false,0,0,3914,32,0,
1375,random,27795,55,25,budget,1,100,false,11,20070,159,206,0,0.6909090909090909,0.16363636363636364,0.05454545454545454,0.09090909090909091,9,7,normal,false,10,28,0,3870,810,9255,13860,false,false,false,21750,5,6045,50,1,7
1376,random,4522,42,12,budget,0,94,true,4,570,85,134,0.23809523809523808,0.6428571428571429,0.11904761904761904,0,0,12,3,normal,false,4,19,347,2615,1290,270,0,true,false,true,0,0,4522,42,0,
1377,random,11670,52,23,lock,1,100,true,5,2800,120,162,0.07692307692307693,0.6730769230769231,0.11538461538461539,0.038461538461538464,0.09615384615384616,10,10,crash,false,6,22,150,2750,1200,630,6940,false,false,true,7090,5,4580,47,0,
1378,random,2478,30,0,budget,0,50,true,4,368,53,90,0.16666666666666666,0.8333333333333334,0,0,0,4,13,crash,false,5,11,158,2320,0,0,0,false,false,false,0,0,2478,30,0,
1379,random,19151,66,36,budget,2,100,true,7,3870,185,260,0.07575757575757576,0.6212121212121212,0.10606060606060606,0.045454545454545456,0.15151515151515152,14,3,crash,false,4,36,161,5920,2730,1500,8840,false,false,false,8180,10,10971,56,2,2|2
1380,random,6986,45,15,budget,1,100,true,4,1080,105,147,0.2,0.5555555555555556,0.1111111111111111,0.022222222222222223,0.1111111111111111,8,3,normal,false,7,16,386,2395,2270,315,1620,false,true,false,2010,5,4976,40,1,4
1381,random,3248,30,0,budget,0,62,true,4,420,68,128,0.3333333333333333,0.6666666666666666,0,0,0,4,8,crash,false,5,11,833,2415,0,0,0,false,false,false,0,0,3248,30,0,
1382,random,3102,30,0,budget,0,53,true,5,518,68,116,0.3,0.7,0,0,0,5,6,normal,false,4,13,812,2290,0,0,0,false,false,true,0,0,3102,30,0,
1383,random,2805,30,0,budget,0,53,true,4,420,66,106,0.3333333333333333,0.6666666666666666,0,0,0,3,15,normal,false,8,14,415,2390,0,0,0,false,false,true,0,0,2805,30,0,
1384,random,4985,44,14,budget,0,85,false,5,1245,92,134,0,0.8636363636363636,0.13636363636363635,0,0,7,11,normal,false,7,20,0,3885,1100,0,0,false,false,true,0,0,4985,44,0,
1385,random,17298,70,40,budget,2,100,true,5,3340,188,240,0.08571428571428572,0.4857142857142857,0.22857142857142856,0.05714285714285714,0.14285714285714285,20,1,normal,false,5,33,218,3595,2420,2205,8860,false,true,false,8680,10,8618,60,2,6|4
1386,random,8140,72,42,budget,0,94,true,4,960,149,189,0.041666666666666664,0.7222222222222222,0.18055555555555555,0.05555555555555555,0,20,1,normal,false,13,32,70,2930,4240,900,0,true,false,true,0,0,8140,72,0,
1387,random,1899,30,0,budget,0,64,true,3,305,43,107,0.5333333333333333,0.4666666666666667,0,0,0,3,4,crash,false,6,11,754,1145,0,0,0,false,false,true,0,0,1899,30,0,
1388,random,3734,30,0,budget,0,54,true,5,705,84,126,0.23333333333333334,0.7666666666666667,0,0,0,3,5,normal,false,4,12,309,3425,0,0,0,false,false,true,0,0,3734,30,0,
1389,random,395,5,0,lock,0,50,false,2,140,8,15,0,1,0,0,0,0,-1,normal,false,3,1,0,395,0,0,0,false,false,false,0,0,395,5,0,
1390,random,6528,54,24,budget,0,94,true,4,990,121,166,0.018518518518518517,0.7592592592592593,0.18518518518518517,0.037037037037037035,0,11,2,normal,false,7,21,278,2970,2740,540,0,true,false,true,0,0,6528,54,0,
1391,random,3090,30,0,budget,0,62,true,4,420,66,95,0.1,0.9,0,0,0,3,4,normal,false,5,10,95,2995,0,0,0,false,false,false,0,0,3090,30,0,
1392,random,3504,30,0,budget,0,50,true,5,660,71,124,0.5,0.5,0,0,0,4,5,normal,false,7,13,1004,2500,0,0,0,false,false,true,0,0,3504,30,0,
1393,random,3806,34,4,budget,0,78,true,5,830,79,112,0.29411764705882354,0.7058823529411765,0,0,0,3,24,normal,false,7,13,386,2690,730,0,0,false,false,false,0,0,3806,34,0,
1394,random,3296,30,0,budget,0,64,true,6,1020,52,124,0.6,0.4,0,0,0,3,11,crash,false,9,7,851,2445,0,0,0,false,false,true,0,0,3296,30,0,
1395,random,2698,30,0,budget,0,59,true,5,770,67,92,0.16666666666666666,0.8333333333333334,0,0,0,3,7,normal,false,6,10,353,2345,0,0,0,false,false,true,0,0,2698,30,0,
1396,random,4993,40,10,budget,0,78,true,3,710,100,155,0.05,0.95,0,0,0,5,12,crash,false,7,16,198,3895,900,0,0,false,false,true,0,0,4993,40,0,
1397,random,3282,32,2,budget,0,84,true,5,690,70,109,0.1875,0.71875,0.09375,0,0,2,5,crash,false,6,8,167,2695,420,0,0,false,false,false,0,0,3282,32,0,
1398,random,4150,32,2,budget,0,78,true,5,810,78,114,0.125,0.875,0,0,0,3,6,normal,false,4,15,80,3350,720,0,0,false,false,false,0,0,4150,32,0,
1399,random,4240,32,2,budget,0,74,true,5,1025,76,124,0.15625,0.8125,0.03125,0,0,5,1,normal,false,4,12,195,3955,90,0,0,false,false,false,0,0,4240,32,0,
1400,random,2185,30,0,budget,0,53,true,4,375,46,104,0.5333333333333333,0.4666666666666667,0,0,0,3,10,crash,false,13,6,775,1410,0,0,0,false,false,true,0,0,2185,30,0,
1401,random,4486,30,0,budget,0,55,true,5,665,89,131,0.13333333333333333,0.8666666666666667,0,0,0,3,11,normal,false,5,11,121,4365,0,0,0,false,false,false,0,0,4486,30,0,
1402,random,1347,30,0,budget,0,50,true,2,135,42,82,0.6333333333333333,0.36666666666666664,0,0,0,2,19,crash,false,9,6,657,690,0,0,0,false,false,false,0,0,1347,30,0,
1403,random,2300,30,0,budget,0,50,true,3,270,49,100,0.36666666666666664,0.6333333333333333,0,0,0,3,11,crash,false,4,10,430,1870,0,0,0,false,false,true,0,0,2300,30,0,
1404,random,3000,30,0,budget,0,52,true,5,690,60,116,0.36666666666666664,0.6333333333333333,0,0,0,3,14,crash,false,4,12,540,2460,0,0,0,false,false,false,0,0,3000,30,0,
1405,random,1125,15,8,lock,0,87,false,3,255,33,30,0,0.6666666666666666,0.3333333333333333,0,0,3,4,keto,false,4,6,0,795,330,0,0,false,false,true,0,0,1125,15,0,
1406,random,9136,55,25,budget,1,100,true,4,1200,121,190,0.16363636363636364,0.6,0.10909090909090909,0.03636363636363636,0.09090909090909091,11,10,crash,false,6,30,771,2570,1910,1305,2580,false,false,true,2130,5,7006,50,1,7
1407,random,3180,18,4,lock,0,92,true,4,660,46,72,0.1111111111111111,0.7222222222222222,0.1111111111111111,0.05555555555555555,0,2,2,crash,false,9,7,60,2025,960,135,0,true,false,false,0,0,3180,18,0,
1408,random,2668,32,2,budget,0,70,true,4,285,73,96,0.125,0.875,0,0,0,3,3,normal,false,6,11,273,2395,0,0,0,false,false,true,0,0,2668,32,0,
1409,random,2703,32,2,budget,0,74,true,3,330,54,106,0.46875,0.5,0.03125,0,0,4,5,crash,false,8,10,528,2085,90,0,0,false,false,true,0,0,2703,32,0,
1410,random,3013,32,2,budget,0,84,true,3,295,75,104,0.25,0.6875,0.0625,0,0,5,1,normal,false,5,13,228,2455,330,0,0,false,false,true,0,0,3013,32,0,
1411,random,1834,30,0,budget,0,50,true,3,180,48,98,0.5,0.5,0,0,0,3,10,normal,false,3,11,769,1065,0,0,0,false,false,false,0,0,1834,30,0,
1412,random,2030,23,0,lock,0,50,true,5,568,42,112,0.6521739130434783,0.34782608695652173,0,0,0,1,10,crash,false,7,5,1490,540,0,0,0,false,false,false,0,0,2030,23,0,
1413,random,3426,34,4,budget,0,88,true,4,675,75,102,0.17647058823529413,0.7647058823529411,0.029411764705882353,0.029411764705882353,0,5,8,normal,false,7,13,361,2300,630,135,0,false,false,false,0,0,3426,34,0,
1414,random,2523,30,0,budget,0,65,true,4,248,67,93,0.1,0.9,0,0,0,2,20,normal,false,5,13,273,2250,0,0,0,false,false,false,0,0,2523,30,0,
1415,random,6411,46,16,budget,0,87,true,4,905,120,171,0.08695652173913043,0.7391304347826086,0.17391304347826086,0,0,8,2,crash,false,8,20,211,4640,1560,0,0,false,false,false,0,0,6411,46,0,
1416,random,3324,30,0,budget,0,62,true,7,1765,57,98,0.3333333333333333,0.6666666666666666,0,0,0,4,9,normal,false,6,12,189,3135,0,0,0,false,false,true,0,0,3324,30,0,
1417,random,6180,38,8,budget,0,97,true,4,1275,92,146,0.07894736842105263,0.7105263157894737,0.13157894736842105,0.07894736842105263,0,5,2,normal,false,7,16,395,3145,690,1950,0,true,true,false,0,0,6180,38,0,
1418,random,5301,32,2,budget,0,71,true,6,960,83,135,0.25,0.75,0,0,0,4,12,crash,false,4,15,301,5000,0,0,0,false,false,false,0,0,5301,32,0,
1419,random,3516,34,4,budget,0,78,true,6,593,66,135,0.5588235294117647,0.4117647058823529,0.029411764705882353,0,0,4,13,crash,false,6,12,1281,1965,270,0,0,false,false,false,0,0,3516,34,0,
1420,random,3965,38,8,budget,0,84,false,5,765,76,108,0,0.9473684210526315,0.05263157894736842,0,0,4,15,normal,false,4,17,0,3005,960,0,0,false,false,false,0,0,3965,38,0,
1421,random,7818,46,16,budget,0,97,true,6,1875,104,153,0.043478260869565216,0.7391304347826086,0.15217391304347827,0.06521739130434782,0,7,2,crash,false,6,21,83,3495,1450,2790,0,true,true,false,0,0,7818,46,0,
1422,random,8550,62,32,budget,0,91,true,5,1110,150,208,0.06451612903225806,0.7419354838709677,0.16129032258064516,0.03225806451612903,0,17,7,normal,false,8,27,175,4590,3380,405,0,true,false,true,0,0,8550,62,0,
1423,random,1791,30,0,budget,0,62,true,3,345,51,72,0.2,0.8,0,0,0,4,20,normal,false,5,9,206,1585,0,0,0,false,false,false,0,0,1791,30,0,
1424,random,2203,30,0,budget,0,50,true,3,320,53,96,0.43333333333333335,0.5666666666666667,0,0,0,3,15,crash,false,4,10,533,1670,0,0,0,false,false,false,0,0,2203,30,0,
1425,random,4654,40,10,budget,0,84,true,6,1035,96,129,0.125,0.8,0.075,0,0,6,2,normal,false,6,15,174,4030,450,0,0,false,false,true,0,0,4654,40,0,
1426,random,5480,44,14,budget,0,94,true,6,955,105,139,0.045454545454545456,0.7954545454545454,0.09090909090909091,0.06818181818181818,0,7,2,normal,false,6,21,55,3970,1050,405,0,true,false,true,0,0,5480,44,0,
1427,random,2770,30,0,budget,0,67,false,4,360,69,84,0,1,0,0,0,0,-1,normal,false,8,11,0,2770,0,0,0,false,false,true,0,0,2770,30,0,
1428,random,2350,30,0,budget,0,69,true,3,260,62,84,0.03333333333333333,0.9666666666666667,0,0,0,1,14,normal,false,10,9,15,2335,0,0,0,false,false,false,0,0,2350,30,0,
1429,random,3223,30,0,budget,0,50,true,4,705,62,110,0.16666666666666666,0.8333333333333334,0,0,0,4,9,normal,false,5,12,288,2935,0,0,0,false,false,true,0,0,3223,30,0,
1430,random,5400,34,4,budget,0,93,false,6,1035,90,145,0,0.9411764705882353,0.029411764705882353,0.029411764705882353,0,1,22,normal,false,7,16,0,4995,270,135,0,true,false,false,0,0,5400,34,0,
1431,random,4735,36,6,budget,0,84,true,7,1110,91,133,0.027777777777777776,0.9444444444444444,0.027777777777777776,0,0,4,13,normal,false,4,15,15,4180,540,0,0,false,false,false,0,0,4735,36,0,
1432,random,5589,50,20,budget,0,91,true,4,690,108,154,0.08,0.78,0.12,0.02,0,11,4,normal,false,5,23,254,3570,1630,135,0,true,false,false,0,0,5589,50,0,
1433,random,2578,30,0,budget,0,56,true,5,870,51,87,0.2,0.8,0,0,0,2,4,crash,false,17,7,143,2435,0,0,0,false,false,false,0,0,2578,30,0,
1434,random,4396,36,6,budget,0,80,true,5,1620,77,119,0.1388888888888889,0.8333333333333334,0.027777777777777776,0,0,4,1,crash,false,10,11,311,2465,1620,0,0,false,false,false,0,0,4396,36,0,
1435,random,5415,34,4,budget,0,82,false,6,890,101,132,0,1,0,0,0,2,5,normal,false,5,15,0,4555,860,0,0,false,false,false,0,0,5415,34,0,
1436,random,2894,30,0,budget,0,61,true,4,455,63,111,0.16666666666666666,0.8333333333333334,0,0,0,2,21,crash,false,3,15,199,2695,0,0,0,false,false,true,0,0,2894,30,0,
1437,random,2778,36,6,budget,0,99,true,3,360,63,85,0.08333333333333333,0.8055555555555556,0.05555555555555555,0.05555555555555555,0,5,5,normal,false,10,13,113,1780,390,495,0,true,true,false,0,0,2778,36,0,
1438,random,2880,36,6,budget,0,85,true,3,240,63,89,0.08333333333333333,0.6944444444444444,0.2222222222222222,0,0,5,2,normal,false,7,14,45,1995,840,0,0,false,false,true,0,0,2880,36,0,
1439,random,15593,66,36,budget,2,100,true,7,4040,146,212,0.07575757575757576,0.5606060606060606,0.16666666666666666,0.045454545454545456,0.15151515151515152,14,7,normal,false,9,28,98,3115,3440,4860,4080,false,true,false,3630,10,11963,56,2,5|2
1440,random,2270,30,0,budget,0,62,true,4,360,58,101,0.3333333333333333,0.6666666666666666,0,0,0,3,21,normal,false,3,12,620,1650,0,0,0,false,false,true,0,0,2270,30,0,
1441,random,2267,30,0,budget,0,64,true,4,345,48,94,0.3,0.7,0,0,0,3,15,normal,false,7,10,467,1800,0,0,0,false,false,true,0,0,2267,30,0,
1442,random,4000,34,4,budget,0,71,true,5,750,80,121,0.029411764705882353,0.9705882352941176,0,0,0,3,9,normal,false,5,13,95,3905,0,0,0,false,false,true,0,0,4000,34,0,
1443,random,3583,30,0,budget,0,54,true,4,770,71,134,0.4666666666666667,0.5333333333333333,0,0,0,3,4,crash,false,11,11,528,3055,0,0,0,false,false,false,0,0,3583,30,0,
1444,random,2108,19,0,lock,0,67,true,4,620,39,65,0.10526315789473684,0.8947368421052632,0,0,0,0,-1,crash,false,6,6,53,2055,0,0,0,false,false,false,0,0,2108,19,0,
1445,random,1775,30,0,budget,0,58,true,4,555,49,75,0.3,0.7,0,0,0,3,16,normal,false,8,6,215,1560,0,0,0,false,false,true,0,0,1775,30,0,
1446,random,3600,30,0,budget,0,54,true,4,615,74,112,0.06666666666666667,0.9333333333333333,0,0,0,2,19,normal,false,3,14,60,3540,0,0,0,false,false,false,0,0,3600,30,0,
1447,random,4493,30,0,budget,0,61,true,6,1245,86,122,0.13333333333333333,0.8666666666666667,0,0,0,2,11,normal,false,6,13,198,4295,0,0,0,false,false,false,0,0,4493,30,0,
1448,random,2005,30,0,budget,0,50,true,3,250,50,123,0.6333333333333333,0.36666666666666664,0,0,0,5,9,crash,false,4,12,1105,900,0,0,0,false,false,false,0,0,2005,30,0,
1449,random,3316,30,0,budget,0,64,true,6,1525,65,104,0.4,0.6,0,0,0,2,9,normal,false,8,7,386,2930,0,0,0,false,false,false,0,0,3316,30,0,
1450,random,2264,30,0,budget,0,62,true,3,330,51,93,0.23333333333333334,0.7666666666666667,0,0,0,2,21,crash,false,9,9,339,1925,0,0,0,false,false,false,0,0,2264,30,0,
1451,random,3764,32,2,budget,0,77,true,5,655,66,123,0.21875,0.78125,0,0,0,3,11,crash,false,5,14,304,3280,180,0,0,false,false,false,0,0,3764,32,0,
1452,random,2715,30,0,budget,0,68,true,4,450,61,95,0.03333333333333333,0.9666666666666667,0,0,0,0,-1,crash,false,5,10,0,2715,0,0,0,false,false,false,0,0,2715,30,0,
1453,random,4396,32,2,budget,0,71,true,6,930,90,125,0.125,0.875,0,0,0,3,5,normal,false,4,13,106,4290,0,0,0,false,false,false,0,0,4396,32,0,
1454,random,3515,30,0,budget,0,69,true,5,660,65,112,0.26666666666666666,0.7333333333333333,0,0,0,3,11,normal,false,5,12,400,3115,0,0,0,false,false,false,0,0,3515,30,0,
1455,random,1985,30,0,budget,0,62,true,3,300,52,70,0.03333333333333333,0.9666666666666667,0,0,0,1,29,normal,false,11,7,20,1965,0,0,0,false,false,false,0,0,1985,30,0,
1456,random,4246,42,12,budget,0,94,true,3,330,92,126,0.047619047619047616,0.7857142857142857,0.14285714285714285,0.023809523809523808,0,6,16,normal,false,4,20,181,3090,570,405,0,true,false,true,0,0,4246,42,0,
1457,random,3375,34,4,budget,0,81,false,5,600,75,104,0,0.9411764705882353,0.058823529411764705,0,0,2,23,normal,false,8,14,0,2955,420,0,0,false,false,true,0,0,3375,34,0,
1458,random,7198,44,14,budget,2,100,true,3,1080,93,135,0.1590909090909091,0.5454545454545454,0.06818181818181818,0,0.22727272727272727,3,7,crash,false,17,15,238,1890,450,180,4440,false,false,false,4530,10,2668,34,1,3
1459,random,3373,38,8,budget,0,93,true,3,630,60,123,0.47368421052631576,0.4473684210526316,0.05263157894736842,0.02631578947368421,0,5,3,crash,false,9,11,688,1110,1440,135,0,true,false,false,0,0,3373,38,0,
1460,random,3262,30,0,budget,0,58,true,5,698,68,113,0.3333333333333333,0.6666666666666666,0,0,0,4,6,crash,false,3,14,462,2800,0,0,0,false,false,true,0,0,3262,30,0,
1461,random,11070,70,40,budget,0,97,false,5,1815,166,210,0,0.5714285714285714,0.3,0.12857142857142856,0,15,3,normal,false,6,35,0,3710,3310,4050,0,true,true,false,0,0,11070,70,0,
1462,random,10070,51,21,budget,1,100,false,4,1680,142,178,0,0.7450980392156863,0.13725490196078433,0.0196078431372549,0.09803921568627451,8,2,normal,false,8,18,0,3925,2080,1485,2580,false,true,true,990,5,9080,46,1,2
1463,random,2539,30,0,budget,0,66,true,3,285,62,95,0.23333333333333334,0.7666666666666667,0,0,0,3,19,normal,false,7,10,194,2345,0,0,0,false,false,true,0,0,2539,30,0,
1464,random,3675,36,6,budget,0,84,false,3,810,74,107,0,0.9444444444444444,0.05555555555555555,0,0,3,12,normal,false,8,13,0,2505,1170,0,0,false,false,false,0,0,3675,36,0,
1465,random,3126,30,0,budget,0,67,true,4,495,76,105,0.16666666666666666,0.8333333333333334,0,0,0,1,9,normal,false,3,14,236,2890,0,0,0,false,false,true,0,0,3126,30,0,
1466,random,3273,30,0,budget,0,50,true,4,570,62,106,0.13333333333333333,0.8666666666666667,0,0,0,2,17,crash,false,7,9,173,3100,0,0,0,false,false,false,0,0,3273,30,0,
1467,random,2450,34,4,budget,0,83,false,2,240,67,81,0,0.9117647058823529,0.08823529411764706,0,0,2,18,normal,false,8,11,0,2000,450,0,0,false,false,false,0,0,2450,34,0,
1468,random,3666,34,4,budget,0,81,true,5,595,83,131,0.3235294117647059,0.6470588235294118,0.029411764705882353,0,0,7,2,normal,false,5,18,676,2450,540,0,0,false,false,true,0,0,3666,34,0,
1469,random,1903,30,0,budget,0,68,true,3,270,51,72,0.23333333333333334,0.7666666666666667,0,0,0,4,7,normal,false,6,10,128,1775,0,0,0,false,false,false,0,0,1903,30,0,
1470,random,2541,30,0,budget,0,56,true,3,240,66,96,0.13333333333333333,0.8666666666666667,0,0,0,2,10,normal,false,8,11,291,2250,0,0,0,false,false,false,0,0,2541,30,0,
1471,random,3803,30,0,budget,0,60,true,5,920,68,120,0.06666666666666667,0.9333333333333333,0,0,0,2,6,normal,false,7,10,473,3330,0,0,0,false,false,true,0,0,3803,30,0,
1472,random,1383,30,0,budget,0,50,true,3,165,45,72,0.4666666666666667,0.5333333333333333,0,0,0,5,11,normal,false,8,10,468,915,0,0,0,false,false,false,0,0,1383,30,0,
1473,random,4233,38,8,budget,0,83,true,3,450,89,124,0.02631578947368421,0.7894736842105263,0.18421052631578946,0,0,5,4,normal,false,6,16,93,2470,1670,0,0,false,false,true,0,0,4233,38,0,
1474,random,3345,30,0,budget,0,59,true,4,360,70,108,0.06666666666666667,0.9333333333333333,0,0,0,2,20,normal,false,3,15,75,3270,0,0,0,false,false,true,0,0,3345,30,0,
1475,random,2049,30,0,budget,0,65,true,3,240,51,89,0.36666666666666664,0.6333333333333333,0,0,0,4,11,crash,false,5,13,399,1650,0,0,0,false,false,false,0,0,2049,30,0,
1476,random,2020,30,0,budget,0,66,false,3,355,52,74,0,1,0,0,0,0,-1,normal,false,8,8,0,2020,0,0,0,false,false,false,0,0,2020,30,0,
1477,random,2070,30,0,budget,0,61,true,3,270,56,78,0.1,0.9,0,0,0,3,5,normal,false,5,11,90,1980,0,0,0,false,false,true,0,0,2070,30,0,
1478,random,5945,48,18,budget,0,95,false,5,1295,109,139,0,0.875,0.10416666666666667,0.020833333333333332,0,8,6,normal,false,7,19,0,3710,2100,135,0,true,true,false,0,0,5945,48,0,
1479,random,3573,30,0,budget,0,63,true,5,750,71,123,0.3333333333333333,0.6666666666666666,0,0,0,4,13,normal,false,6,13,528,3045,0,0,0,false,false,true,0,0,3573,30,0,
1480,random,2948,30,0,budget,0,51,true,3,315,61,110,0.16666666666666666,0.8333333333333334,0,0,0,3,5,crash,false,6,11,133,2815,0,0,0,false,false,false,0,0,2948,30,0,
1481,random,2958,32,2,budget,0,73,true,3,480,73,106,0.15625,0.8125,0.03125,0,0,3,15,normal,false,5,12,178,2600,180,0,0,false,false,true,0,0,2958,32,0,
1482,random,2554,30,0,budget,0,62,true,4,495,57,99,0.16666666666666666,0.8333333333333334,0,0,0,1,27,crash,false,5,9,264,2290,0,0,0,false,false,false,0,0,2554,30,0,
1483,random,2372,30,0,budget,0,60,true,4,375,55,93,0.5666666666666667,0.43333333333333335,0,0,0,4,9,normal,false,13,9,417,1955,0,0,0,false,false,true,0,0,2372,30,0,
1484,random,2592,30,0,budget,0,52,true,6,1320,59,87,0.3333333333333333,0.6666666666666666,0,0,0,1,18,normal,false,8,5,342,2250,0,0,0,false,false,false,0,0,2592,30,0,
1485,random,3619,27,0,lock,0,61,true,7,945,57,122,0.25925925925925924,0.7407407407407407,0,0,0,3,9,normal,false,4,14,934,2685,0,0,0,false,false,true,0,0,3619,27,0,
1486,random,9378,51,21,budget,1,100,true,4,1560,137,180,0.058823529411764705,0.6862745098039216,0.13725490196078433,0.0196078431372549,0.09803921568627451,9,5,normal,false,7,20,168,3915,1020,315,3960,false,false,false,3120,5,6258,46,1,2
1487,random,2218,30,0,budget,0,54,true,3,255,56,85,0.03333333333333333,0.9666666666666667,0,0,0,1,4,normal,false,7,9,53,2165,0,0,0,false,false,true,0,0,2218,30,0,
1488,random,5305,33,19,lock,1,100,false,3,840,85,90,0,0.48484848484848486,0.24242424242424243,0.12121212121212122,0.15151515151515152,8,7,normal,false,3,18,0,1825,920,1380,1180,false,true,false,1090,5,4215,28,1,6
1489,random,1460,17,0,lock,0,62,true,3,315,28,50,0.11764705882352941,0.8823529411764706,0,0,0,1,16,crash,false,4,5,20,1440,0,0,0,false,false,false,0,0,1460,17,0,
1490,random,2370,30,0,budget,0,54,true,4,235,63,109,0.36666666666666664,0.6333333333333333,0,0,0,2,15,crash,false,5,9,990,1380,0,0,0,false,false,false,0,0,2370,30,0,
1491,random,22738,45,15,budget,1,100,true,8,16150,124,185,0.08888888888888889,0.6444444444444445,0.13333333333333333,0.022222222222222223,0.1111111111111111,6,2,normal,false,8,15,198,3130,1080,870,17460,false,false,true,17890,5,4848,40,1,2
1492,random,1623,30,0,budget,0,50,true,3,165,39,99,0.7,0.3,0,0,0,3,7,crash,false,5,13,773,850,0,0,0,false,false,true,0,0,1623,30,0,
1493,random,2572,30,0,budget,0,50,true,6,825,53,93,0.36666666666666664,0.6333333333333333,0,0,0,5,17,normal,false,8,9,432,2140,0,0,0,false,false,false,0,0,2572,30,0,
1494,random,4145,40,10,budget,0,99,true,4,630,85,120,0.025,0.825,0.1,0.05,0,4,19,crash,false,9,14,0,2930,720,495,0,true,true,false,0,0,4145,40,0,
1495,random,2373,32,2,budget,0,74,true,4,390,58,93,0.375,0.59375,0.03125,0,0,2,17,normal,false,8,7,393,1890,90,0,0,false,false,false,0,0,2373,32,0,
1496,random,2160,30,0,budget,0,50,true,3,315,63,103,0.4,0.6,0,0,0,4,5,normal,false,5,11,610,1550,0,0,0,false,false,false,0,0,2160,30,0,
1497,random,2935,32,2,budget,0,82,false,3,390,67,88,0,0.96875,0.03125,0,0,1,4,normal,false,10,7,0,2305,630,0,0,false,false,false,0,0,2935,32,0,
1498,random,3691,34,4,budget,0,74,true,5,575,81,107,0.08823529411764706,0.9117647058823529,0,0,0,3,11,normal,false,4,13,171,3160,360,0,0,false,false,false,0,0,3691,34,0,
1499,random,2865,30,0,budget,0,60,true,3,315,68,93,0.03333333333333333,0.9666666666666667,0,0,0,1,18,normal,false,4,10,15,2850,0,0,0,false,false,false,0,0,2865,30,0,
1500,random,1961,30,0,budget,0,53,true,3,270,48,87,0.5,0.5,0,0,0,4,9,normal,false,9,7,476,1485,0,0,0,false,false,false,0,0,1961,30,0,
1501,random,3631,34,4,budget,0,85,true,4,500,77,108,0.14705882352941177,0.7058823529411765,0.14705882352941177,0,0,4,3,normal,false,11,12,346,2595,420,270,0,false,false,true,0,0,3631,34,0,
1502,random,9145,51,21,budget,1,100,true,5,820,131,176,0.0196078431372549,0.6470588235294118,0.21568627450980393,0.0196078431372549,0.09803921568627451,6,4,crash,false,7,21,30,4355,2420,720,1620,false,false,false,1740,5,7405,46,1,3
1503,random,2455,30,0,budget,0,60,true,3,510,54,95,0.23333333333333334,0.7666666666666667,0,0,0,0,-1,crash,false,13,7,280,2175,0,0,0,false,false,false,0,0,2455,30,0,
1504,random,3566,32,2,budget,0,74,true,6,990,67,103,0.15625,0.8125,0.03125,0,0,2,10,crash,false,11,9,131,3345,90,0,0,false,false,true,0,0,3566,32,0,
1505,random,2205,34,4,budget,0,72,false,4,375,57,73,0,0.9705882352941176,0.029411764705882353,0,0,2,8,normal,false,7,8,0,2115,90,0,0,false,false,true,0,0,2205,34,0,
1506,random,4560,40,10,budget,0,87,false,4,575,101,131,0,0.8,0.2,0,0,5,20,normal,false,6,22,0,3910,650,0,0,false,false,false,0,0,4560,40,0,
1507,random,6280,56,26,budget,0,92,false,3,405,134,158,0,0.6785714285714286,0.26785714285714285,0.05357142857142857,0,12,18,normal,false,8,29,0,3655,1950,675,0,true,false,true,0,0,6280,56,0,
1508,random,5878,43,13,budget,1,100,true,5,1240,95,131,0.20930232558139536,0.5348837209302325,0.13953488372093023,0,0.11627906976744186,6,2,normal,false,7,16,328,2720,1630,180,1020,false,false,true,1140,5,4738,38,1,6
1509,random,3886,38,8,budget,0,77,true,5,715,82,121,0.10526315789473684,0.7894736842105263,0.10526315789473684,0,0,4,3,crash,false,4,14,341,3185,360,0,0,false,false,false,0,0,3886,38,0,
1510,random,2477,32,2,budget,0,73,true,4,375,57,97,0.1875,0.78125,0.03125,0,0,2,2,normal,false,7,11,332,2055,90,0,0,false,false,false,0,0,2477,32,0,
1511,random,3177,30,0,budget,0,64,true,5,835,62,99,0.2,0.8,0,0,0,2,25,normal,false,11,8,257,2920,0,0,0,false,false,true,0,0,3177,30,0,
1512,random,1822,30,0,budget,0,50,true,3,375,44,93,0.5333333333333333,0.4666666666666667,0,0,0,2,6,crash,false,9,8,537,1285,0,0,0,false,false,false,0,0,1822,30,0,
1513,random,4648,48,18,budget,0,81,true,3,485,97,158,0.25,0.7291666666666666,0.020833333333333332,0,0,13,12,normal,false,6,21,513,3085,1050,0,0,false,false,false,0,0,4648,48,0,
1514,random,8820,60,30,budget,2,100,true,3,680,127,169,0.03333333333333333,0.6666666666666666,0.11666666666666667,0.016666666666666666,0.16666666666666666,12,19,normal,false,11,29,65,2965,1060,810,3920,false,false,true,3600,10,5220,50,2,3|5
1515,random,4371,32,2,budget,0,79,true,4,1155,75,124,0.25,0.75,0,0,0,5,4,crash,false,4,15,306,3105,960,0,0,false,false,false,0,0,4371,32,0,
1516,random,8197,38,8,budget,0,78,true,7,3145,109,184,0.18421052631578946,0.7894736842105263,0.02631578947368421,0,0,6,5,crash,false,5,16,837,4600,2760,0,0,false,false,false,0,0,8197,38,0,
1517,random,1230,17,0,lock,0,50,true,3,225,28,66,0.5294117647058824,0.47058823529411764,0,0,0,3,6,normal,false,5,8,705,525,0,0,0,false,false,false,0,0,1230,17,0,
1518,random,2907,30,0,budget,0,68,true,3,345,63,110,0.3,0.7,0,0,0,1,17,crash,false,7,10,302,2605,0,0,0,false,false,false,0,0,2907,30,0,
1519,random,7212,45,15,budget,1,100,true,5,1890,103,158,0.2,0.5777777777777777,0.1111111111111111,0,0.1111111111111111,6,2,crash,false,8,13,342,3120,1110,480,2160,false,false,false,2910,5,4302,40,0,
1520,random,2426,30,0,budget,0,68,true,3,250,57,96,0.13333333333333333,0.8666666666666667,0,0,0,1,29,crash,false,6,11,396,2030,0,0,0,false,false,true,0,0,2426,30,0,
1521,random,6285,40,10,budget,0,86,true,9,2445,106,139,0,0.9,0.1,0,0,4,9,normal,false,7,18,60,5435,790,0,0,false,false,true,0,0,6285,40,0,
1522,random,3204,30,0,budget,0,61,true,5,615,72,111,0.4,0.6,0,0,0,2,13,normal,false,5,10,864,2340,0,0,0,false,false,false,0,0,3204,30,0,
1523,random,9810,50,20,budget,0,90,true,7,1455,121,195,0.08,0.68,0.18,0.06,0,13,1,normal,false,4,27,270,5745,2580,1215,0,true,false,false,0,0,9810,50,0,
1524,random,1722,24,0,lock,0,52,true,4,240,41,67,0.20833333333333334,0.7916666666666666,0,0,0,2,12,normal,false,6,6,372,1350,0,0,0,false,false,false,0,0,1722,24,0,
1525,random,3690,34,4,budget,0,93,true,4,1025,73,91,0.058823529411764705,0.7941176470588235,0.14705882352941177,0,0,4,5,normal,false,6,12,45,2290,410,945,0,true,false,false,0,0,3690,34,0,
1526,random,3183,30,0,budget,0,62,true,4,400,73,116,0.26666666666666666,0.7333333333333333,0,0,0,5,7,crash,false,4,14,458,2725,0,0,0,false,false,false,0,0,3183,30,0,
1527,random,6295,42,12,budget,0,82,true,4,780,102,164,0.047619047619047616,0.9285714285714286,0.023809523809523808,0,0,8,2,normal,false,6,19,55,3510,2730,0,0,false,false,true,0,0,6295,42,0,
1528,random,10620,57,27,budget,1,100,true,5,780,170,222,0.017543859649122806,0.7543859649122807,0.14035087719298245,0,0.08771929824561403,12,7,normal,false,5,29,60,5940,2880,540,1200,false,true,true,1260,5,9360,52,1,2
1529,random,2891,30,0,budget,0,63,true,5,705,60,94,0.23333333333333334,0.7666666666666667,0,0,0,4,10,normal,false,9,12,126,2765,0,0,0,false,false,false,0,0,2891,30,0,
1530,random,4960,44,14,budget,0,86,false,4,600,109,130,0,0.9090909090909091,0.09090909090909091,0,0,5,3,normal,false,7,18,0,3550,1410,0,0,false,false,false,0,0,4960,44,0,
1531,random,3202,32,2,budget,0,83,true,5,855,68,118,0.375,0.53125,0.09375,0,0,3,2,normal,false,5,13,762,2200,240,0,0,false,false,false,0,0,3202,32,0,
1532,random,3244,32,2,budget,0,72,true,5,443,71,109,0.21875,0.75,0.03125,0,0,4,9,normal,false,5,13,674,2480,90,0,0,false,false,true,0,0,3244,32,0,
1533,random,4516,30,0,budget,0,64,true,5,780,85,121,0.16666666666666666,0.8333333333333334,0,0,0,2,7,normal,false,5,13,221,4295,0,0,0,false,false,false,0,0,4516,30,0,
1534,random,2162,30,0,budget,0,63,true,4,480,51,87,0.23333333333333334,0.7666666666666667,0,0,0,2,20,crash,false,8,6,467,1695,0,0,0,false,false,false,0,0,2162,30,0,
1535,random,2783,30,0,budget,0,50,true,3,315,64,101,0.16666666666666666,0.8333333333333334,0,0,0,3,17,normal,false,3,13,198,2585,0,0,0,false,false,true,0,0,2783,30,0,
1536,random,4070,30,0,budget,0,66,true,5,1010,76,139,0.36666666666666664,0.6333333333333333,0,0,0,1,18,crash,false,4,13,570,3500,0,0,0,false,false,true,0,0,4070,30,0,
1537,random,2696,34,4,budget,0,71,true,5,510,68,113,0.38235294117647056,0.6176470588235294,0,0,0,4,14,normal,false,5,12,616,2080,0,0,0,false,false,false,0,0,2696,34,0,
1538,random,10163,43,13,budget,1,100,true,5,3210,109,151,0.09302325581395349,0.5581395348837209,0.18604651162790697,0.046511627906976744,0.11627906976744186,8,2,normal,false,13,13,263,2400,900,900,5700,false,false,false,4410,5,5753,38,1,10
1539,random,3493,39,9,budget,1,100,true,3,450,73,81,0.10256410256410256,0.6923076923076923,0.05128205128205128,0.02564102564102564,0.1282051282051282,5,2,normal,false,17,6,83,1710,530,90,1080,false,true,false,1050,5,2443,34,1,3
1540,random,5690,46,16,budget,0,90,true,4,540,116,152,0,0.8043478260869565,0.15217391304347827,0.043478260869565216,0,7,2,normal,false,5,25,120,3980,1320,270,0,true,false,true,0,0,5690,46,0,
1541,random,8759,63,33,budget,1,100,true,4,900,137,200,0.15873015873015872,0.5079365079365079,0.15873015873015872,0.09523809523809523,0.07936507936507936,15,4,crash,false,7,32,459,3025,1560,1755,1960,false,true,false,1450,5,7309,58,1,9
1542,random,3378,38,8,budget,0,86,true,4,435,81,109,0.05263157894736842,0.8157894736842105,0.13157894736842105,0,0,5,5,normal,false,6,15,173,2785,420,0,0,false,false,true,0,0,3378,38,0,
1543,random,3249,34,4,budget,0,93,true,4,720,77,117,0.38235294117647056,0.5,0.08823529411764706,0.029411764705882353,0,6,16,normal,false,3,15,684,2220,210,135,0,true,false,false,0,0,3249,34,0,
1544,random,7195,42,12,budget,0,92,true,6,2730,98,160,0.047619047619047616,0.8809523809523809,0.047619047619047616,0.023809523809523808,0,7,9,normal,false,5,19,145,3520,3260,270,0,true,false,false,0,0,7195,42,0,
1545,random,2965,30,0,budget,0,68,false,3,315,73,89,0,1,0,0,0,0,-1,normal,false,8,9,0,2965,0,0,0,false,false,false,0,0,2965,30,0,
1546,random,3556,34,4,budget,0,92,true,4,1090,79,110,0.17647058823529413,0.7647058823529411,0.029411764705882353,0.029411764705882353,0,4,6,normal,false,4,13,241,2775,180,360,0,true,false,false,0,0,3556,34,0,
1547,random,1962,30,0,budget,0,55,true,3,225,55,82,0.23333333333333334,0.7666666666666667,0,0,0,3,15,normal,false,6,8,272,1690,0,0,0,false,false,true,0,0,1962,30,0,
1548,random,2887,30,0,budget,0,68,true,4,555,65,97,0.2,0.8,0,0,0,2,16,normal,false,6,11,232,2655,0,0,0,false,false,true,0,0,2887,30,0,
1549,random,2005,30,0,budget,0,62,true,4,435,54,75,0.03333333333333333,0.9666666666666667,0,0,0,1,20,normal,false,12,8,15,1990,0,0,0,false,false,true,0,0,2005,30,0,
1550,random,4156,32,2,budget,0,70,true,5,720,86,125,0.09375,0.90625,0,0,0,3,2,normal,false,3,15,211,3945,0,0,0,false,false,true,0,0,4156,32,0,
1551,random,13200,61,31,budget,1,100,false,5,3040,141,194,0,0.6885245901639344,0.19672131147540983,0.03278688524590164,0.08196721311475409,11,8,normal,false,15,25,0,2820,4690,1590,4100,false,false,false,4060,5,9140,56,0,
1552,random,2640,30,0,budget,0,57,true,4,435,60,85,0.03333333333333333,0.9666666666666667,0,0,0,1,22,normal,false,6,10,45,2595,0,0,0,false,false,false,0,0,2640,30,0,
1553,random,4860,30,0,budget,0,56,true,8,1890,79,116,0.06666666666666667,0.9333333333333333,0,0,0,2,22,normal,false,3,14,30,4830,0,0,0,false,false,false,0,0,4860,30,0,
1554,random,2826,30,0,budget,0,58,true,4,540,60,102,0.16666666666666666,0.8333333333333334,0,0,0,2,17,normal,false,5,11,421,2405,0,0,0,false,false,false,0,0,2826,30,0,
1555,random,9715,54,24,budget,2,100,true,4,1590,123,170,0.018518518518518517,0.6481481481481481,0.12962962962962962,0.018518518518518517,0.18518518518518517,8,10,normal,false,9,17,15,3340,3150,450,2760,false,false,true,4020,10,5695,44,2,3|3
1556,random,2889,30,0,budget,0,65,true,4,375,70,94,0.23333333333333334,0.7666666666666667,0,0,0,2,13,normal,false,4,12,204,2685,0,0,0,false,false,true,0,0,2889,30,0,
1557,random,12621,45,15,budget,1,100,true,4,2100,129,191,0.24444444444444444,0.4444444444444444,0.15555555555555556,0.044444444444444446,0.1111111111111111,6,1,normal,false,7,16,536,2685,3040,1800,4560,false,true,false,5760,5,6861,40,1,3
1558,random,2374,30,0,budget,0,62,true,4,435,52,90,0.2,0.8,0,0,0,2,22,crash,false,4,9,214,2160,0,0,0,false,false,false,0,0,2374,30,0,
1559,random,3630,30,0,budget,0,50,true,5,630,67,139,0.5666666666666667,0.43333333333333335,0,0,0,4,21,normal,false,5,14,1345,2285,0,0,0,false,false,true,0,0,3630,30,0,
1560,random,2328,30,0,budget,0,55,true,3,345,63,85,0.1,0.9,0,0,0,1,20,normal,false,7,10,153,2175,0,0,0,false,false,false,0,0,2328,30,0,
1561,random,3023,30,0,budget,0,69,true,4,420,58,109,0.06666666666666667,0.9333333333333333,0,0,0,0,-1,crash,false,7,9,113,2910,0,0,0,false,false,false,0,0,3023,30,0,
1562,random,2746,30,0,budget,0,50,true,4,540,62,95,0.2,0.8,0,0,0,2,18,normal,false,9,10,376,2370,0,0,0,false,false,true,0,0,2746,30,0,
1563,random,14979,53,23,budget,1,100,true,7,6820,132,188,0.2641509433962264,0.5094339622641509,0.11320754716981132,0.018867924528301886,0.09433962264150944,13,2,crash,false,7,17,439,3110,2390,1080,7960,false,true,false,8000,5,6979,48,0,
1564,random,6553,40,10,budget,0,82,true,5,695,117,174,0.05,0.9,0.05,0,0,5,10,crash,false,3,21,343,5040,1170,0,0,false,false,true,0,0,6553,40,0,
1565,random,3848,34,4,budget,0,79,true,5,855,82,121,0.08823529411764706,0.8823529411764706,0.029411764705882353,0,0,4,5,normal,false,4,16,53,3525,270,0,0,false,false,true,0,0,3848,34,0,
1566,random,3810,30,0,budget,0,64,true,4,490,78,126,0,1,0,0,0,0,-1,normal,false,6,14,60,3750,0,0,0,false,false,true,0,0,3810,30,0,
1567,random,1830,32,2,budget,0,80,false,3,285,51,66,0,0.96875,0.03125,0,0,1,10,normal,false,8,6,0,1740,90,0,0,false,false,false,0,0,1830,32,0,
1568,random,5703,36,6,budget,0,83,true,7,1800,77,138,0.3611111111111111,0.5833333333333334,0.05555555555555555,0,0,5,1,crash,false,9,12,483,2970,2250,0,0,false,false,true,0,0,5703,36,0,
1569,random,8328,47,17,budget,1,100,true,5,945,115,176,0.10638297872340426,0.6808510638297872,0.0851063829787234,0.02127659574468085,0.10638297872340426,9,8,normal,false,6,19,233,4205,1820,90,1980,false,false,false,1710,5,6618,42,1,2
1570,random,2733,32,2,budget,0,82,true,4,375,70,86,0.09375,0.84375,0.0625,0,0,3,12,normal,false,5,11,233,2350,150,0,0,false,false,false,0,0,2733,32,0,
1571,random,3635,36,6,budget,0,99,true,5,570,80,93,0.027777777777777776,0.7777777777777778,0.1388888888888889,0.05555555555555555,0,4,11,normal,false,4,17,15,3005,390,225,0,true,true,true,0,0,3635,36,0,
1572,random,2848,36,6,budget,0,75,true,4,285,74,102,0.08333333333333333,0.8333333333333334,0.08333333333333333,0,0,5,4,normal,false,4,17,188,2360,300,0,0,false,false,true,0,0,2848,36,0,
1573,random,9590,59,29,budget,1,100,true,3,855,150,186,0,0.711864406779661,0.1694915254237288,0.03389830508474576,0.0847457627118644,12,5,normal,false,6,28,130,4025,2190,1305,1940,false,true,false,1850,5,7740,54,1,4
1574,random,3308,30,0,budget,0,67,true,4,460,66,124,0.3333333333333333,0.6666666666666666,0,0,0,1,22,crash,false,8,12,453,2855,0,0,0,false,false,false,0,0,3308,30,0,
1575,random,1628,30,0,budget,0,52,true,4,355,48,72,0.3,0.7,0,0,0,2,14,normal,false,13,6,323,1305,0,0,0,false,false,true,0,0,1628,30,0,
1576,random,3245,30,0,budget,0,66,true,4,680,75,99,0.06666666666666667,0.9333333333333333,0,0,0,2,13,normal,false,4,11,30,3215,0,0,0,false,false,false,0,0,3245,30,0,
1577,random,2460,30,0,budget,0,69,true,3,390,67,105,0.36666666666666664,0.6333333333333333,0,0,0,3,14,normal,false,7,9,640,1820,0,0,0,false,false,true,0,0,2460,30,0,
1578,random,3176,34,4,budget,0,73,true,3,405,77,113,0.14705882352941177,0.7941176470588235,0.058823529411764705,0,0,2,7,crash,false,7,13,76,2830,270,0,0,false,false,false,0,0,3176,34,0,
1579,random,9480,50,20,budget,0,88,true,6,1370,126,219,0.16,0.7,0.12,0.02,0,8,1,crash,false,7,21,430,6020,2310,720,0,false,false,false,0,0,9480,50,0,
1580,random,4170,36,6,budget,0,90,true,4,795,82,124,0.027777777777777776,0.8888888888888888,0.05555555555555555,0.027777777777777776,0,2,17,crash,false,8,16,45,3560,430,135,0,true,false,true,0,0,4170,36,0,
1581,random,2317,30,0,budget,0,54,true,3,295,48,96,0.1,0.9,0,0,0,1,27,normal,false,11,10,287,2030,0,0,0,false,false,false,0,0,2317,30,0,
1582,random,3193,30,0,budget,0,61,true,5,780,62,117,0.4,0.6,0,0,0,3,12,crash,false,5,9,568,2625,0,0,0,false,false,false,0,0,3193,30,0,
1583,random,10775,32,21,lock,1,100,true,7,3180,103,144,0.03125,0.5,0.15625,0.15625,0.15625,7,2,normal,false,6,16,15,2870,2790,840,4260,false,false,true,4230,5,6545,27,1,4
1584,random,3895,34,4,budget,0,78,true,5,880,79,100,0.029411764705882353,0.9705882352941176,0,0,0,3,4,normal,false,5,14,15,3070,810,0,0,false,false,true,0,0,3895,34,0,
1585,random,7515,44,14,budget,0,85,true,6,1155,137,173,0,0.8636363636363636,0.13636363636363635,0,0,5,8,normal,false,4,16,50,6265,1200,0,0,false,false,true,0,0,7515,44,0,
1586,random,8710,56,26,budget,0,94,true,4,950,153,195,0.017857142857142856,0.7678571428571429,0.17857142857142858,0.03571428571428571,0,14,6,normal,false,8,24,15,4595,3650,450,0,true,false,false,0,0,8710,56,0,
1587,random,3069,34,4,budget,0,74,true,3,510,70,121,0.38235294117647056,0.5882352941176471,0.029411764705882353,0,0,6,1,crash,false,6,13,589,2180,300,0,0,false,false,false,0,0,3069,34,0,
1588,random,1430,18,0,lock,0,66,false,3,300,35,47,0,1,0,0,0,0,-1,normal,false,5,6,0,1430,0,0,0,false,false,false,0,0,1430,18,0,
1589,random,11126,56,26,budget,2,100,true,6,1890,125,185,0.2857142857142857,0.4107142857142857,0.125,0,0.17857142857142858,10,2,crash,false,5,20,521,2235,3260,810,4300,false,false,false,5440,10,5686,46,1,2
1590,random,5050,34,4,budget,0,85,true,5,1135,88,132,0.058823529411764705,0.8235294117647058,0.11764705882352941,0,0,3,1,normal,false,10,9,105,4445,500,0,0,false,false,false,0,0,5050,34,0,
1591,random,3990,36,6,budget,0,74,false,4,510,90,113,0,0.9722222222222222,0.027777777777777776,0,0,3,1,normal,false,7,14,0,3540,450,0,0,false,false,false,0,0,3990,36,0,
1592,random,3420,30,0,budget,0,66,false,5,1095,67,106,0,1,0,0,0,0,-1,normal,false,13,8,0,3420,0,0,0,false,false,false,0,0,3420,30,0,
1593,random,10156,72,42,budget,0,92,true,4,1200,165,233,0.041666666666666664,0.6666666666666666,0.2638888888888889,0.027777777777777776,0,18,4,crash,false,5,36,76,4360,5450,270,0,true,false,false,0,0,10156,72,0,
1594,random,1810,30,0,budget,0,68,false,2,145,53,66,0,1,0,0,0,0,-1,normal,false,4,8,0,1810,0,0,0,false,false,false,0,0,1810,30,0,
1595,random,749,12,0,lock,0,54,true,2,135,14,46,0.4166666666666667,0.5833333333333334,0,0,0,0,-1,crash,false,5,2,129,620,0,0,0,false,false,false,0,0,749,12,0,
1596,random,6577,51,21,budget,1,100,true,4,540,109,157,0.09803921568627451,0.5882352941176471,0.17647058823529413,0.0392156862745098,0.09803921568627451,9,1,normal,false,10,18,287,3290,720,360,1920,false,false,false,1470,5,5107,46,1,5
1597,random,2558,30,0,budget,0,63,true,4,405,60,93,0.2,0.8,0,0,0,4,18,normal,false,6,9,98,2460,0,0,0,false,false,false,0,0,2558,30,0,
1598,random,4245,32,2,budget,0,71,true,4,570,80,127,0.03125,0.96875,0,0,0,2,9,normal,false,5,16,165,4080,0,0,0,false,false,true,0,0,4245,32,0,
1599,random,14415,60,30,budget,0,99,false,9,2340,188,233,0,0.6666666666666666,0.23333333333333334,0.1,0,11,18,normal,false,10,26,0,7860,4440,2115,0,true,true,false,0,0,14415,60,0,
1600,random,4393,30,0,budget,0,62,true,6,778,88,135,0.16666666666666666,0.8333333333333334,0,0,0,2,14,normal,false,5,13,1053,3340,0,0,0,false,false,false,0,0,4393,30,0,
1601,random,2359,30,0,budget,0,52,true,3,555,59,91,0.3333333333333333,0.6666666666666666,0,0,0,3,9,normal,false,5,10,289,2070,0,0,0,false,false,false,0,0,2359,30,0,
1602,random,3885,30,0,budget,0,68,true,6,810,73,100,0.03333333333333333,0.9666666666666667,0,0,0,1,23,normal,false,5,9,15,3870,0,0,0,false,false,false,0,0,3885,30,0,
1603,random,2926,30,0,budget,0,64,true,5,1185,53,96,0.16666666666666666,0.8333333333333334,0,0,0,2,6,normal,false,11,8,166,2760,0,0,0,false,false,false,0,0,2926,30,0,
1604,random,24410,80,50,budget,2,100,false,5,3450,234,329,0,0.6,0.25,0.025,0.125,20,3,normal,false,7,40,0,5290,6750,3750,8620,false,false,false,10020,10,14390,70,2,3|2
1605,random,2858,30,0,budget,0,62,true,5,870,54,104,0.6333333333333333,0.36666666666666664,0,0,0,4,19,normal,false,13,11,623,2235,0,0,0,false,false,true,0,0,2858,30,0,
1606,random,5234,40,10,budget,0,80,true,7,1193,91,143,0.1,0.85,0.05,0,0,6,15,normal,false,7,17,384,3920,930,0,0,false,false,true,0,0,5234,40,0,
1607,random,3080,32,2,budget,0,73,true,3,365,75,104,0.03125,0.9375,0.03125,0,0,2,5,normal,false,6,10,15,2975,90,0,0,false,false,true,0,0,3080,32,0,
1608,random,4190,30,0,budget,0,55,true,5,875,84,126,0.03333333333333333,0.9666666666666667,0,0,0,1,9,normal,false,6,12,95,4095,0,0,0,false,false,true,0,0,4190,30,0,
1609,random,2289,30,0,budget,0,65,true,4,405,61,97,0.23333333333333334,0.7666666666666667,0,0,0,3,9,crash,false,6,10,424,1865,0,0,0,false,false,false,0,0,2289,30,0,
1610,random,6655,38,8,budget,0,84,true,8,2325,104,163,0.15789473684210525,0.7105263157894737,0.13157894736842105,0,0,8,1,normal,false,6,17,295,5670,690,0,0,false,false,false,0,0,6655,38,0,
1611,random,1847,30,0,budget,0,51,true,3,150,56,96,0.3333333333333333,0.6666666666666666,0,0,0,5,4,normal,false,7,11,722,1125,0,0,0,false,false,false,0,0,1847,30,0,
1612,random,6693,38,8,budget,0,92,true,4,870,120,168,0.07894736842105263,0.8421052631578947,0.07894736842105263,0,0,4,6,normal,false,9,14,88,5180,1020,405,0,true,false,false,0,0,6693,38,0,
1613,random,6070,46,16,budget,0,90,true,4,780,108,152,0.043478260869565216,0.7608695652173914,0.17391304347826086,0.021739130434782608,0,6,1,normal,false,10,19,30,3450,2350,240,0,true,false,false,0,0,6070,46,0,
1614,random,9365,44,14,budget,0,98,true,5,1950,121,199,0.25,0.6136363636363636,0.09090909090909091,0.045454545454545456,0,9,6,crash,false,5,21,565,3965,2270,2565,0,true,true,false,0,0,9365,44,0,
1615,random,2509,30,0,budget,0,62,true,3,505,52,98,0.23333333333333334,0.7666666666666667,0,0,0,1,25,crash,false,5,10,234,2275,0,0,0,false,false,false,0,0,2509,30,0,
1616,random,2533,30,0,budget,0,62,true,5,905,48,119,0.4666666666666667,0.5333333333333333,0,0,0,2,20,crash,false,9,10,728,1805,0,0,0,false,false,false,0,0,2533,30,0,
1617,random,3220,34,4,budget,0,82,true,4,750,60,91,0.029411764705882353,0.9411764705882353,0.029411764705882353,0,0,3,9,normal,false,11,10,105,1875,1240,0,0,false,false,true,0,0,3220,34,0,
1618,random,2275,30,0,budget,0,68,true,4,330,61,85,0.1,0.9,0,0,0,3,5,normal,false,3,11,75,2200,0,0,0,false,false,false,0,0,2275,30,0,
1619,random,3520,30,0,budget,0,53,true,7,1125,69,128,0.5666666666666667,0.43333333333333335,0,0,0,4,7,crash,false,6,11,1275,2245,0,0,0,false,false,false,0,0,3520,30,0,
1620,random,10918,59,29,budget,1,100,true,6,1455,148,210,0.05084745762711865,0.5932203389830508,0.11864406779661017,0.15254237288135594,0.0847457627118644,10,9,crash,false,9,25,88,4785,1620,3585,840,false,true,false,750,5,10168,54,1,10
1621,random,620,6,0,lock,0,50,false,2,165,10,22,0,1,0,0,0,0,-1,normal,false,3,1,0,620,0,0,0,false,false,false,0,0,620,6,0,
1622,random,3920,30,0,budget,0,65,true,5,715,78,112,0.06666666666666667,0.9333333333333333,0,0,0,1,26,normal,false,4,13,45,3875,0,0,0,false,false,true,0,0,3920,30,0,
1623,random,4925,36,6,budget,0,76,true,5,860,95,127,0.05555555555555555,0.9166666666666666,0.027777777777777776,0,0,4,6,normal,false,6,14,75,3980,870,0,0,false,false,false,0,0,4925,36,0,
1624,random,850,11,0,lock,0,61,false,2,210,20,34,0,1,0,0,0,0,-1,normal,false,4,2,0,850,0,0,0,false,false,false,0,0,850,11,0,
1625,random,3060,32,2,budget,0,75,true,3,550,72,99,0.03125,0.9375,0.03125,0,0,2,19,normal,false,3,15,20,2590,450,0,0,false,false,true,0,0,3060,32,0,
1626,random,3238,34,4,budget,0,77,true,4,740,77,115,0.08823529411764706,0.8529411764705882,0.058823529411764705,0,0,2,2,crash,false,4,13,138,2920,180,0,0,false,false,false,0,0,3238,34,0,
1627,random,2122,30,0,budget,0,63,true,4,410,50,83,0.3,0.7,0,0,0,4,6,normal,false,5,9,272,1850,0,0,0,false,false,true,0,0,2122,30,0,
1628,random,2589,30,0,budget,0,52,true,4,585,51,109,0.36666666666666664,0.6333333333333333,0,0,0,5,13,crash,false,4,13,594,1995,0,0,0,false,false,false,0,0,2589,30,0,
1629,random,3044,34,4,budget,0,93,true,5,660,74,93,0.14705882352941177,0.7352941176470589,0.08823529411764706,0.029411764705882353,0,3,1,normal,false,7,14,304,2365,240,135,0,true,false,true,0,0,3044,34,0,
1630,random,1969,30,0,budget,0,50,true,3,360,44,82,0.23333333333333334,0.7666666666666667,0,0,0,3,12,normal,false,6,10,129,1840,0,0,0,false,false,false,0,0,1969,30,0,
1631,random,3110,30,0,budget,0,69,true,4,375,78,109,0.03333333333333333,0.9666666666666667,0,0,0,1,19,normal,false,4,13,315,2795,0,0,0,false,false,true,0,0,3110,30,0,
1632,random,1941,30,0,budget,0,55,true,4,360,46,95,0.4,0.6,0,0,0,1,15,crash,false,8,5,356,1585,0,0,0,false,false,false,0,0,1941,30,0,
1633,random,3710,30,0,budget,0,61,true,5,800,70,101,0.03333333333333333,0.9666666666666667,0,0,0,0,-1,crash,false,4,12,0,3710,0,0,0,false,false,false,0,0,3710,30,0,
1634,random,4943,42,12,budget,0,88,true,5,1110,94,122,0.09523809523809523,0.8095238095238095,0.07142857142857142,0.023809523809523808,0,5,18,normal,false,7,17,78,3350,1380,135,0,false,false,false,0,0,4943,42,0,
1635,random,25865,105,75,budget,3,100,false,7,2400,281,337,0,0.5333333333333333,0.29523809523809524,0.02857142857142857,0.14285714285714285,30,2,normal,false,8,43,0,6185,5850,4950,8880,false,true,false,8040,15,17825,90,3,3|5|4
1636,random,4600,38,8,budget,0,86,false,5,945,90,130,0,0.8947368421052632,0.10526315789473684,0,0,2,9,normal,false,8,12,0,4120,480,0,0,false,false,false,0,0,4600,38,0,
1637,random,3875,38,8,budget,0,84,true,4,495,89,111,0.02631578947368421,0.7631578947368421,0.21052631578947367,0,0,5,2,normal,false,6,15,15,2960,900,0,0,false,false,false,0,0,3875,38,0,
1638,random,2514,30,0,budget,0,63,true,4,443,62,93,0.2,0.8,0,0,0,2,17,normal,false,6,10,414,2100,0,0,0,false,false,false,0,0,2514,30,0,
1639,random,2982,30,0,budget,0,61,true,5,900,66,101,0.3333333333333333,0.6666666666666666,0,0,0,5,8,normal,false,5,10,377,2605,0,0,0,false,false,true,0,0,2982,30,0,
1640,random,12235,55,25,budget,1,100,true,6,1200,153,230,0.03636363636363636,0.7636363636363637,0.03636363636363636,0.07272727272727272,0.09090909090909091,10,7,normal,false,4,30,135,6325,2010,1185,2580,false,true,false,2550,5,9685,50,1,2
1641,random,2900,32,2,budget,0,73,true,4,425,71,98,0.03125,0.9375,0.03125,0,0,2,2,normal,false,5,12,95,2715,90,0,0,false,false,false,0,0,2900,32,0,
1642,random,2092,30,0,budget,0,50,true,4,335,55,91,0.26666666666666666,0.7333333333333333,0,0,0,6,11,normal,false,10,12,457,1635,0,0,0,false,false,true,0,0,2092,30,0,
1643,random,2605,30,0,budget,0,69,true,4,540,59,92,0.03333333333333333,0.9666666666666667,0,0,0,0,-1,crash,false,8,10,90,2515,0,0,0,false,false,false,0,0,2605,30,0,
1644,random,2450,30,0,budget,0,56,false,3,315,59,83,0,1,0,0,0,0,-1,normal,false,5,11,0,2450,0,0,0,false,false,false,0,0,2450,30,0,
1645,random,6674,50,20,budget,0,95,true,5,2015,122,158,0.16,0.72,0.1,0.02,0,12,6,normal,false,8,23,534,2590,2020,1530,0,true,true,true,0,0,6674,50,0,
1646,random,8095,47,17,budget,1,100,false,4,1080,124,145,0,0.7659574468085106,0.1276595744680851,0,0.10638297872340426,5,3,normal,false,7,19,0,3705,930,360,3100,false,false,false,3460,5,4635,42,1,3
1647,random,2419,30,0,budget,0,62,true,4,405,62,92,0.3333333333333333,0.6666666666666666,0,0,0,4,11,normal,false,5,10,369,2050,0,0,0,false,false,true,0,0,2419,30,0,
1648,random,5031,42,12,budget,0,87,true,6,960,97,131,0.09523809523809523,0.7142857142857143,0.19047619047619047,0,0,7,8,normal,false,3,20,246,3075,900,810,0,false,false,true,0,0,5031,42,0,
1649,random,25020,84,54,budget,2,100,true,7,2760,226,330,0.011904761904761904,0.5357142857142857,0.25,0.08333333333333333,0.11904761904761904,21,12,normal,false,11,44,110,6490,5440,2700,10280,false,true,false,8540,10,16480,74,2,2|2
1650,random,3715,36,6,budget,0,80,true,3,390,83,121,0.05555555555555555,0.9444444444444444,0,0,0,5,3,normal,false,5,15,165,3370,180,0,0,false,false,true,0,0,3715,36,0,
1651,random,3638,30,0,budget,0,50,true,7,1340,79,135,0.5666666666666667,0.43333333333333335,0,0,0,6,4,normal,false,3,16,1278,2360,0,0,0,false,false,true,0,0,3638,30,0,
1652,random,3935,36,6,budget,0,98,true,4,570,84,109,0,0.8888888888888888,0.08333333333333333,0.027777777777777776,0,3,17,normal,false,8,16,30,3040,730,135,0,true,true,true,0,0,3935,36,0,
1653,random,5825,46,16,budget,0,82,false,5,910,109,149,0,0.9130434782608695,0.08695652173913043,0,0,8,4,normal,false,5,24,0,4025,1800,0,0,false,false,true,0,0,5825,46,0,
1654,random,2932,32,2,budget,0,76,true,5,630,73,105,0.21875,0.75,0.03125,0,0,3,8,normal,false,3,15,477,2365,90,0,0,false,false,false,0,0,2932,32,0,
1655,random,3020,30,0,budget,0,63,true,5,563,61,98,0.26666666666666666,0.7333333333333333,0,0,0,2,8,crash,false,7,9,220,2800,0,0,0,false,false,false,0,0,3020,30,0,
1656,random,3035,34,4,budget,0,83,true,3,285,76,95,0.029411764705882353,0.9117647058823529,0.058823529411764705,0,0,3,2,normal,false,8,10,30,2675,330,0,0,false,false,false,0,0,3035,34,0,
1657,random,4855,40,10,budget,0,83,true,5,645,107,147,0.05,0.825,0.125,0,0,3,1,crash,false,8,17,60,4045,750,0,0,false,false,false,0,0,4855,40,0,
1658,random,3035,34,4,budget,0,72,true,3,345,77,98,0.058823529411764705,0.9117647058823529,0.029411764705882353,0,0,4,2,normal,false,7,10,120,2645,270,0,0,false,false,true,0,0,3035,34,0,
1659,random,4515,38,8,budget,0,80,true,4,605,91,129,0.02631578947368421,0.9473684210526315,0.02631578947368421,0,0,5,16,normal,false,5,19,45,3540,930,0,0,false,false,true,0,0,4515,38,0,
1660,random,9144,55,25,budget,1,100,true,5,3540,112,162,0.12727272727272726,0.5818181818181818,0.12727272727272726,0.07272727272727272,0.09090909090909091,11,2,crash,false,9,31,324,2440,1520,540,4320,false,false,false,4230,5,4914,50,1,4
1661,random,10376,45,15,budget,1,100,true,5,1440,139,182,0.08888888888888889,0.7111111111111111,0.06666666666666667,0.022222222222222223,0.1111111111111111,8,1,normal,false,8,20,106,5255,1130,765,3120,false,false,false,3645,5,6731,40,1,2
1662,random,5606,46,16,budget,0,91,true,10,1320,89,150,0.1956521739130435,0.6521739130434783,0.13043478260869565,0.021739130434782608,0,12,7,crash,false,6,22,1661,2100,1710,135,0,true,false,false,0,0,5606,46,0,
1663,random,4311,30,0,budget,0,60,true,5,690,77,121,0.16666666666666666,0.8333333333333334,0,0,0,3,9,normal,false,3,13,331,3980,0,0,0,false,false,true,0,0,4311,30,0,
1664,random,3733,32,2,budget,0,78,true,5,685,74,103,0.125,0.84375,0.03125,0,0,4,11,normal,false,6,14,308,3335,90,0,0,false,false,true,0,0,3733,32,0,
1665,random,9128,49,19,budget,1,100,true,3,1470,129,181,0.08163265306122448,0.5918367346938775,0.1836734693877551,0.04081632653061224,0.10204081632653061,9,11,normal,false,7,20,158,3270,2720,1260,1720,false,true,true,1170,5,7958,44,1,5
1666,random,12615,59,29,budget,1,100,false,7,2220,172,200,0,0.711864406779661,0.1694915254237288,0.03389830508474576,0.0847457627118644,12,1,normal,false,7,22,0,4270,4550,1755,2040,false,true,false,2420,5,10195,54,1,2
1667,random,4473,36,6,budget,0,91,true,6,1540,73,119,0.1388888888888889,0.8055555555555556,0.027777777777777776,0.027777777777777776,0,5,5,normal,false,4,16,248,2560,1530,135,0,true,false,true,0,0,4473,36,0,
1668,random,3606,32,2,budget,0,70,true,4,770,65,123,0.25,0.75,0,0,0,3,16,crash,false,10,12,226,3380,0,0,0,false,false,false,0,0,3606,32,0,
1669,random,3433,36,6,budget,0,80,true,4,480,75,109,0.19444444444444445,0.7777777777777778,0.027777777777777776,0,0,6,1,crash,false,5,15,398,2675,360,0,0,false,false,false,0,0,3433,36,0,
1670,random,1965,30,0,budget,0,54,true,3,305,47,86,0.36666666666666664,0.6333333333333333,0,0,0,2,14,normal,false,7,8,310,1655,0,0,0,false,false,true,0,0,1965,30,0,
1671,random,9680,45,26,lock,0,98,false,5,1620,132,175,0,0.7111111111111111,0.2,0.08888888888888889,0,11,9,normal,false,5,22,0,3960,3260,2460,0,true,true,false,0,0,9680,45,0,
1672,random,3034,30,0,budget,0,63,true,4,405,68,114,0.26666666666666666,0.7333333333333333,0,0,0,1,27,crash,false,6,11,319,2715,0,0,0,false,false,false,0,0,3034,30,0,
1673,random,5073,38,8,budget,0,75,true,6,935,94,133,0.07894736842105263,0.868421052631579,0.05263157894736842,0,0,4,23,normal,false,3,16,143,3940,990,0,0,false,false,false,0,0,5073,38,0,
1674,random,2652,30,0,budget,0,64,true,5,500,58,104,0.36666666666666664,0.6333333333333333,0,0,0,3,10,normal,false,9,9,727,1925,0,0,0,false,false,true,0,0,2652,30,0,
1675,random,2144,30,0,budget,0,50,true,4,460,49,107,0.5666666666666667,0.43333333333333335,0,0,0,3,14,normal,false,6,7,709,1435,0,0,0,false,false,false,0,0,2144,30,0,
1676,random,620,9,0,lock,0,64,true,2,180,16,24,0.1111111111111111,0.8888888888888888,0,0,0,1,9,normal,false,6,2,15,605,0,0,0,false,false,true,0,0,620,9,0,
1677,random,4756,42,12,budget,0,82,true,4,590,102,142,0.14285714285714285,0.8333333333333334,0.023809523809523808,0,0,9,1,normal,false,11,19,316,3300,1140,0,0,false,false,false,0,0,4756,42,0,
1678,random,2290,30,0,budget,0,66,true,4,420,62,79,0.03333333333333333,0.9666666666666667,0,0,0,1,21,normal,false,6,10,100,2190,0,0,0,false,false,true,0,0,2290,30,0,
1679,random,45,1,0,lock,0,50,false,1,45,0,3,0,1,0,0,0,0,-1,normal,false,1,0,0,45,0,0,0,false,false,false,0,0,45,1,0,
1680,random,2383,30,0,budget,0,56,true,3,285,50,120,0.5666666666666667,0.43333333333333335,0,0,0,0,-1,crash,false,8,9,728,1655,0,0,0,false,false,false,0,0,2383,30,0,
1681,random,3393,44,14,budget,0,83,true,4,420,82,101,0.06818181818181818,0.75,0.18181818181818182,0,0,8,6,normal,false,11,16,53,2380,960,0,0,false,false,false,0,0,3393,44,0,
1682,random,4528,30,0,budget,0,62,true,6,955,81,122,0.1,0.9,0,0,0,2,13,normal,false,4,12,213,4315,0,0,0,false,false,false,0,0,4528,30,0,
1683,random,2744,30,0,budget,0,50,true,5,450,56,122,0.43333333333333335,0.5666666666666667,0,0,0,2,6,crash,false,9,11,814,1930,0,0,0,false,false,false,0,0,2744,30,0,
1684,random,3010,30,0,budget,0,62,true,4,615,67,115,0.36666666666666664,0.6333333333333333,0,0,0,4,12,normal,false,6,12,295,2715,0,0,0,false,false,true,0,0,3010,30,0,
1685,random,1725,30,0,budget,0,68,false,3,240,55,60,0,1,0,0,0,0,-1,normal,false,15,5,0,1725,0,0,0,false,false,false,0,0,1725,30,0,
1686,random,1858,30,0,budget,0,56,true,3,180,44,93,0.3333333333333333,0.6666666666666666,0,0,0,3,10,normal,false,8,9,478,1380,0,0,0,false,false,false,0,0,1858,30,0,
1687,random,4211,42,12,budget,0,85,true,4,765,88,126,0.07142857142857142,0.8095238095238095,0.11904761904761904,0,0,6,2,crash,false,7,14,251,2670,1290,0,0,false,false,false,0,0,4211,42,0,
1688,random,2755,30,0,budget,0,63,true,4,405,67,90,0.06666666666666667,0.9333333333333333,0,0,0,2,19,normal,false,6,13,150,2605,0,0,0,false,false,true,0,0,2755,30,0,
1689,random,3531,30,0,budget,0,54,true,6,1020,68,104,0.2,0.8,0,0,0,5,12,normal,false,6,11,276,3255,0,0,0,false,false,true,0,0,3531,30,0,
1690,random,2144,30,0,budget,0,52,true,4,425,49,82,0.3,0.7,0,0,0,4,5,normal,false,9,8,204,1940,0,0,0,false,false,false,0,0,2144,30,0,
1691,random,9514,47,17,budget,1,100,true,6,1080,126,194,0.2553191489361702,0.44680851063829785,0.10638297872340426,0.0851063829787234,0.10638297872340426,6,1,normal,false,8,19,919,4105,870,1380,2240,false,true,true,1880,5,7634,42,1,9
1692,random,1392,25,0,lock,0,50,true,3,135,35,78,0.68,0.32,0,0,0,3,13,normal,false,8,6,552,840,0,0,0,false,false,true,0,0,1392,25,0,
1693,random,3726,32,2,budget,0,74,true,6,1125,62,116,0.28125,0.6875,0.03125,0,0,2,6,crash,false,7,14,386,3250,90,0,0,false,false,true,0,0,3726,32,0,
1694,random,10448,51,21,budget,1,100,true,8,3000,124,199,0.21568627450980393,0.49019607843137253,0.19607843137254902,0,0.09803921568627451,11,6,normal,false,13,21,1523,2315,2570,180,3860,false,false,true,3920,5,6528,46,1,3
1695,random,3800,30,0,budget,0,67,true,4,595,75,112,0.03333333333333333,0.9666666666666667,0,0,0,1,19,normal,false,5,11,75,3725,0,0,0,false,false,false,0,0,3800,30,0,
1696,random,5696,41,11,budget,1,100,true,3,900,66,124,0.14634146341463414,0.6341463414634146,0.07317073170731707,0.024390243902439025,0.12195121951219512,7,2,crash,false,5,16,121,2340,250,765,2220,false,false,false,2070,5,3626,36,1,4
1697,random,5120,42,12,budget,0,92,false,5,1065,100,120,0,0.8809523809523809,0.09523809523809523,0.023809523809523808,0,4,1,normal,false,7,14,0,3365,900,855,0,true,false,false,0,0,5120,42,0,
1698,random,4228,40,10,budget,0,92,true,4,675,85,118,0.2,0.7,0.1,0,0,4,13,normal,false,5,16,418,2475,930,405,0,true,false,false,0,0,4228,40,0,
1699,random,3383,30,0,budget,0,58,true,4,450,67,111,0.13333333333333333,0.8666666666666667,0,0,0,1,11,crash,false,5,14,143,3240,0,0,0,false,false,false,0,0,3383,30,0,
1700,random,4453,32,2,budget,0,79,true,5,705,91,118,0.0625,0.90625,0.03125,0,0,2,14,normal,false,4,15,88,4275,90,0,0,false,false,false,0,0,4453,32,0,
1701,random,6930,53,23,budget,1,100,false,5,940,122,152,0,0.7547169811320755,0.1509433962264151,0,0.09433962264150944,8,4,normal,false,6,24,0,3840,1650,360,1080,false,false,false,1840,5,5090,48,0,
1702,random,2493,30,0,budget,0,65,true,3,495,61,95,0.1,0.9,0,0,0,2,24,normal,false,5,11,88,2405,0,0,0,false,false,true,0,0,2493,30,0,
1703,random,2290,30,0,budget,0,50,true,4,465,54,88,0.13333333333333333,0.8666666666666667,0,0,0,2,23,crash,false,9,10,190,2100,0,0,0,false,false,false,0,0,2290,30,0,
1704,random,7690,46,16,budget,0,94,true,5,935,128,169,0.021739130434782608,0.8260869565217391,0.10869565217391304,0.043478260869565216,0,7,16,normal,false,5,18,65,4605,2660,360,0,true,false,false,0,0,7690,46,0,
1705,random,1335,15,8,lock,0,85,false,2,180,27,38,0,0.7333333333333333,0.26666666666666666,0,0,2,2,normal,false,8,3,0,735,600,0,0,false,false,false,0,0,1335,15,0,
1706,random,2320,30,0,budget,0,57,true,3,240,61,93,0.3,0.7,0,0,0,2,19,normal,false,4,12,410,1910,0,0,0,false,false,false,0,0,2320,30,0,
1707,random,2635,30,0,budget,0,66,false,4,415,62,77,0,1,0,0,0,0,-1,normal,false,10,8,0,2635,0,0,0,false,false,true,0,0,2635,30,0,
1708,random,4390,30,0,budget,0,68,true,5,845,85,128,0.06666666666666667,0.9333333333333333,0,0,0,2,27,normal,false,5,13,30,4360,0,0,0,false,false,false,0,0,4390,30,0,
1709,random,3830,38,8,budget,0,95,false,4,630,82,105,0,0.9210526315789473,0.07894736842105263,0,0,3,26,normal,false,8,13,0,2805,620,405,0,true,true,true,0,0,3830,38,0,
1710,random,7795,60,30,budget,0,97,true,4,810,130,180,0.016666666666666666,0.5333333333333333,0.35,0.1,0,14,1,normal,false,12,24,20,3700,1960,2115,0,true,true,false,0,0,7795,60,0,
1711,random,1527,30,0,budget,0,62,true,3,210,46,73,0.4,0.6,0,0,0,6,8,normal,false,7,6,377,1150,0,0,0,false,false,false,0,0,1527,30,0,
1712,random,3104,30,0,budget,0,62,true,4,495,71,113,0.3,0.7,0,0,0,3,11,normal,false,5,11,324,2780,0,0,0,false,false,false,0,0,3104,30,0,
1713,random,3103,32,2,budget,0,70,true,4,360,69,120,0.3125,0.6875,0,0,0,1,1,crash,false,5,11,723,2200,180,0,0,false,false,true,0,0,3103,32,0,
1714,random,6440,54,24,budget,0,92,false,5,1025,130,160,0,0.7777777777777778,0.18518518518518517,0.037037037037037035,0,10,2,normal,false,8,23,0,4550,1620,270,0,true,false,true,0,0,6440,54,0,
1715,random,11995,73,43,budget,1,100,true,5,1510,170,227,0.0136986301369863,0.726027397260274,0.136986301369863,0.0547945205479452,0.0684931506849315,18,9,normal,false,5,39,15,4230,5710,720,1320,false,false,false,1580,5,10415,68,1,2
1716,random,2446,30,0,budget,0,53,true,3,330,57,103,0.26666666666666666,0.7333333333333333,0,0,0,2,11,crash,false,9,7,351,2095,0,0,0,false,false,false,0,0,2446,30,0,
1717,random,4892,52,22,budget,0,91,true,4,490,116,150,0.09615384615384616,0.7307692307692307,0.11538461538461539,0.057692307692307696,0,10,1,normal,false,9,20,577,2445,1420,450,0,true,false,false,0,0,4892,52,0,
1718,random,2775,32,2,budget,0,78,true,3,405,75,94,0.03125,0.9375,0.03125,0,0,2,22,normal,false,6,11,15,2670,90,0,0,false,false,false,0,0,2775,32,0,
1719,random,3656,30,0,budget,0,53,true,5,585,87,130,0.26666666666666666,0.7333333333333333,0,0,0,3,22,normal,false,4,14,806,2850,0,0,0,false,false,false,0,0,3656,30,0,
1720,random,1865,19,0,lock,0,50,true,4,315,31,78,0.5263157894736842,0.47368421052631576,0,0,0,4,7,crash,false,3,9,520,1345,0,0,0,false,false,false,0,0,1865,19,0,
1721,random,1774,30,0,budget,0,62,true,3,315,46,78,0.23333333333333334,0.7666666666666667,0,0,0,3,20,normal,false,9,6,204,1570,0,0,0,false,false,false,0,0,1774,30,0,
1722,random,5145,42,12,budget,0,99,false,3,915,103,119,0,0.8333333333333334,0.09523809523809523,0.07142857142857142,0,6,16,normal,false,5,23,0,3180,510,1455,0,true,true,false,0,0,5145,42,0,
1723,random,1809,30,0,budget,0,50,true,3,270,51,80,0.3333333333333333,0.6666666666666666,0,0,0,6,3,normal,false,4,12,294,1515,0,0,0,false,false,false,0,0,1809,30,0,
1724,random,3478,30,0,budget,0,62,true,4,525,76,109,0.13333333333333333,0.8666666666666667,0,0,0,3,9,normal,false,5,12,98,3380,0,0,0,false,false,false,0,0,3478,30,0,
1725,random,3123,32,2,budget,0,74,true,4,510,57,128,0.46875,0.5,0.03125,0,0,5,6,crash,false,4,16,663,2370,90,0,0,false,false,false,0,0,3123,32,0,
1726,random,3709,34,4,budget,0,78,true,4,450,82,118,0.14705882352941177,0.7941176470588235,0.058823529411764705,0,0,4,7,normal,false,5,14,194,3245,270,0,0,false,false,false,0,0,3709,34,0,
1727,random,12545,66,36,budget,2,100,false,4,2340,149,195,0,0.6666666666666666,0.12121212121212122,0.06060606060606061,0.15151515151515152,13,2,normal,false,8,28,0,3405,2520,720,5900,false,false,false,5220,10,7325,56,2,2|7
1728,random,2174,30,0,budget,0,53,true,4,255,58,88,0.2,0.8,0,0,0,4,18,normal,false,3,10,414,1760,0,0,0,false,false,true,0,0,2174,30,0,
1729,random,3857,32,2,budget,0,83,true,4,675,77,112,0.1875,0.75,0.0625,0,0,3,7,normal,false,4,15,262,3235,360,0,0,false,false,true,0,0,3857,32,0,
1730,random,2551,30,0,budget,0,62,true,4,405,58,112,0.6333333333333333,0.36666666666666664,0,0,0,3,6,crash,false,7,9,781,1770,0,0,0,false,false,false,0,0,2551,30,0,
1731,random,2296,30,0,budget,0,53,true,3,410,62,100,0.26666666666666666,0.7333333333333333,0,0,0,4,6,normal,false,8,13,491,1805,0,0,0,false,false,true,0,0,2296,30,0,
1732,random,1270,13,0,lock,0,52,true,4,615,23,42,0.07692307692307693,0.9230769230769231,0,0,0,1,9,normal,false,4,4,25,1245,0,0,0,false,false,true,0,0,1270,13,0,
1733,random,4165,36,6,budget,0,75,true,5,1230,80,142,0.3333333333333333,0.6388888888888888,0.027777777777777776,0,0,6,5,normal,false,3,20,1195,1800,1170,0,0,false,false,true,0,0,4165,36,0,
1734,random,1325,21,0,lock,0,57,true,3,230,32,51,0.09523809523809523,0.9047619047619048,0,0,0,2,18,normal,false,4,7,30,1295,0,0,0,false,false,true,0,0,1325,21,0,
1735,random,4514,30,0,budget,0,69,true,6,885,83,127,0.16666666666666666,0.8333333333333334,0,0,0,2,7,normal,false,5,12,359,4155,0,0,0,false,false,true,0,0,4514,30,0,
1736,random,2313,30,0,budget,0,56,true,4,575,59,95,0.13333333333333333,0.8666666666666667,0,0,0,3,15,normal,false,8,8,418,1895,0,0,0,false,false,false,0,0,2313,30,0,
1737,random,3410,30,0,budget,0,67,true,4,615,66,107,0.06666666666666667,0.9333333333333333,0,0,0,2,18,normal,false,5,11,30,3380,0,0,0,false,false,true,0,0,3410,30,0,
1738,random,2569,30,0,budget,0,66,true,6,855,53,87,0.26666666666666666,0.7333333333333333,0,0,0,3,21,normal,false,6,9,274,2295,0,0,0,false,false,true,0,0,2569,30,0,
1739,random,1996,30,0,budget,0,67,true,3,270,51,81,0.26666666666666666,0.7333333333333333,0,0,0,4,13,crash,false,7,11,271,1725,0,0,0,false,false,true,0,0,1996,30,0,
1740,random,3230,34,4,budget,0,71,true,4,770,68,98,0.029411764705882353,0.9705882352941176,0,0,0,3,7,normal,false,5,10,15,3035,180,0,0,false,false,true,0,0,3230,34,0,
1741,random,683,9,0,lock,0,50,true,3,225,15,24,0.2222222222222222,0.7777777777777778,0,0,0,1,5,normal,false,4,3,38,645,0,0,0,false,false,false,0,0,683,9,0,
1742,random,15995,65,35,budget,3,100,true,7,1920,152,238,0.24615384615384617,0.26153846153846155,0.16923076923076924,0.09230769230769231,0.23076923076923078,14,2,crash,false,11,25,640,3555,1110,4470,6220,false,true,false,5620,15,10375,50,3,4|4|9
1743,random,5423,40,10,budget,0,94,true,4,755,94,153,0.25,0.65,0.05,0.05,0,6,4,normal,false,4,18,493,3175,1230,525,0,true,false,false,0,0,5423,40,0,
1744,random,21100,88,65,lock,3,100,true,6,3060,229,294,0.011363636363636364,0.5113636363636364,0.2727272727272727,0.03409090909090909,0.17045454545454544,25,6,normal,false,5,42,15,4705,4580,2160,9640,false,true,false,9960,15,11140,73,3,4|2|3
1745,random,3870,34,4,budget,0,77,true,5,605,79,113,0.058823529411764705,0.8823529411764706,0.058823529411764705,0,0,3,2,crash,false,3,17,15,3675,180,0,0,false,false,false,0,0,3870,34,0,
1746,random,3579,30,0,budget,0,54,true,5,615,72,111,0.16666666666666666,0.8333333333333334,0,0,0,2,19,normal,false,6,9,294,3285,0,0,0,false,false,false,0,0,3579,30,0,
1747,random,5085,42,12,budget,0,88,false,5,815,106,139,0,0.8333333333333334,0.14285714285714285,0.023809523809523808,0,4,7,normal,false,13,12,0,4320,630,135,0,false,false,false,0,0,5085,42,0,
1748,random,4310,30,0,budget,0,68,true,5,1060,74,126,0.4,0.6,0,0,0,3,15,normal,false,6,10,325,3985,0,0,0,false,false,false,0,0,4310,30,0,
1749,random,2908,30,0,budget,0,65,true,5,810,58,97,0.2,0.8,0,0,0,3,11,normal,false,5,10,238,2670,0,0,0,false,false,true,0,0,2908,30,0,
1750,random,3961,32,2,budget,0,79,true,4,550,79,141,0.46875,0.53125,0,0,0,4,6,crash,false,5,12,896,2885,180,0,0,false,false,false,0,0,3961,32,0,
1751,random,9336,46,16,budget,0,95,true,5,2565,114,186,0.10869565217391304,0.782608695652174,0.10869565217391304,0,0,8,4,normal,false,4,20,271,4340,3510,1215,0,true,true,true,0,0,9336,46,0,
1752,random,4863,36,6,budget,0,83,true,5,1515,75,119,0.2222222222222222,0.6666666666666666,0.1111111111111111,0,0,4,6,crash,false,6,11,243,2350,2270,0,0,false,false,false,0,0,4863,36,0,
1753,random,2433,30,0,budget,0,58,true,3,285,62,106,0.3333333333333333,0.6666666666666666,0,0,0,2,20,crash,false,5,11,268,2165,0,0,0,false,false,false,0,0,2433,30,0,
1754,random,2366,30,0,budget,0,66,true,5,345,62,92,0.26666666666666666,0.7333333333333333,0,0,0,1,17,normal,false,6,8,586,1780,0,0,0,false,false,false,0,0,2366,30,0,
1755,random,4095,38,8,budget,0,88,true,4,600,84,108,0.02631578947368421,0.8421052631578947,0.10526315789473684,0.02631578947368421,0,3,24,normal,false,6,13,15,2775,1170,135,0,false,false,false,0,0,4095,38,0,
1756,random,3139,36,6,budget,0,80,true,4,1050,56,114,0.4722222222222222,0.4722222222222222,0.05555555555555555,0,0,5,2,crash,false,13,12,619,1320,1200,0,0,false,false,false,0,0,3139,36,0,
1757,random,6740,52,22,budget,0,94,false,4,1125,118,153,0,0.75,0.23076923076923078,0.019230769230769232,0,11,3,normal,false,5,25,0,3065,1620,2055,0,true,false,true,0,0,6740,52,0,
1758,random,540,8,0,lock,0,55,false,2,165,12,21,0,1,0,0,0,0,-1,normal,false,6,1,0,540,0,0,0,false,false,false,0,0,540,8,0,
1759,random,2570,30,0,budget,0,59,true,4,385,58,101,0.3,0.7,0,0,0,1,25,crash,false,7,13,360,2210,0,0,0,false,false,false,0,0,2570,30,0,
1760,random,11913,63,33,budget,1,100,true,5,750,157,223,0.047619047619047616,0.5079365079365079,0.3333333333333333,0.031746031746031744,0.07936507936507936,13,2,crash,false,8,26,38,4305,4090,2160,1320,false,true,false,1460,5,10453,58,1,2
1761,random,2701,30,0,budget,0,64,true,3,375,58,99,0.26666666666666666,0.7333333333333333,0,0,0,3,20,crash,false,3,13,331,2370,0,0,0,false,false,false,0,0,2701,30,0,
1762,random,2501,30,0,budget,0,65,true,5,960,54,93,0.36666666666666664,0.6333333333333333,0,0,0,2,12,normal,false,8,7,416,2085,0,0,0,false,false,false,0,0,2501,30,0,
1763,random,11460,59,29,budget,1,100,false,5,2340,140,193,0,0.6949152542372882,0.15254237288135594,0.06779661016949153,0.0847457627118644,12,5,normal,false,7,30,0,3945,2400,2655,2460,false,true,false,1410,5,10050,54,1,3
1764,random,5896,38,8,budget,0,97,true,4,1410,86,148,0.39473684210526316,0.5,0.07894736842105263,0.02631578947368421,0,7,7,normal,false,7,15,611,2450,1080,1755,0,true,true,true,0,0,5896,38,0,
1765,random,3842,30,0,budget,0,60,true,4,570,66,132,0.36666666666666664,0.6333333333333333,0,0,0,3,4,crash,false,5,14,482,3360,0,0,0,false,false,false,0,0,3842,30,0,
1766,random,9227,66,36,budget,0,94,true,6,1440,152,212,0.07575757575757576,0.6060606060606061,0.24242424242424243,0.07575757575757576,0,14,2,crash,false,9,28,212,4635,2850,1530,0,true,false,false,0,0,9227,66,0,
1767,random,3783,30,0,budget,0,59,true,5,695,76,114,0.16666666666666666,0.8333333333333334,0,0,0,3,6,normal,false,5,14,83,3700,0,0,0,false,false,false,0,0,3783,30,0,
1768,random,2864,34,4,budget,0,81,true,3,345,67,119,0.29411764705882354,0.6764705882352942,0.029411764705882353,0,0,4,12,normal,false,3,15,534,2210,120,0,0,false,false,true,0,0,2864,34,0,
1769,random,3510,30,0,budget,0,66,true,3,525,81,134,0.06666666666666667,0.9333333333333333,0,0,0,1,25,normal,false,5,11,90,3420,0,0,0,false,false,true,0,0,3510,30,0,
1770,random,21170,95,65,budget,3,100,false,4,2150,258,332,0,0.5684210526315789,0.21052631578947367,0.06315789473684211,0.15789473684210525,20,2,normal,false,8,47,0,6025,5770,3075,6300,false,true,true,6075,15,15095,80,3,2|6|4
1771,random,8747,46,16,budget,2,100,true,6,1190,100,163,0.2826086956521739,0.32608695652173914,0.15217391304347827,0.021739130434782608,0.21739130434782608,9,1,crash,false,7,18,342,2525,1370,90,4420,false,true,false,4570,10,4177,36,2,2|4
1772,random,1940,32,2,budget,0,74,true,4,233,52,96,0.5,0.46875,0.03125,0,0,4,1,normal,false,8,6,680,1170,90,0,0,false,false,true,0,0,1940,32,0,
1773,random,8914,53,23,budget,1,100,true,4,780,137,212,0.1320754716981132,0.6226415094339622,0.1509433962264151,0,0.09433962264150944,13,6,normal,false,5,28,299,4755,2330,450,1080,false,false,true,1140,5,7774,48,1,3
1774,random,1479,17,0,lock,0,65,true,4,375,33,59,0.35294117647058826,0.6470588235294118,0,0,0,2,13,normal,false,6,5,399,1080,0,0,0,false,false,true,0,0,1479,17,0,
1775,random,12284,43,13,budget,1,100,true,9,7010,111,157,0.16279069767441862,0.6744186046511628,0.046511627906976744,0,0.11627906976744186,5,5,crash,false,4,14,174,3750,1130,1890,5340,false,false,false,7850,5,4434,38,0,
1776,random,2820,30,0,budget,0,55,true,5,765,59,83,0.03333333333333333,0.9666666666666667,0,0,0,1,30,normal,false,6,10,15,2805,0,0,0,false,false,true,0,0,2820,30,0,
1777,random,525,10,0,lock,0,67,false,2,105,15,21,0,1,0,0,0,0,-1,normal,false,5,1,0,525,0,0,0,false,false,false,0,0,525,10,0,
1778,random,8190,54,24,budget,0,96,false,4,700,147,203,0,0.7592592592592593,0.2222222222222222,0.018518518518518517,0,10,6,normal,false,6,24,0,5005,2600,585,0,true,true,true,0,0,8190,54,0,
1779,random,2601,23,0,lock,0,58,true,4,610,46,79,0.34782608695652173,0.6521739130434783,0,0,0,4,10,normal,false,8,9,181,2420,0,0,0,false,false,true,0,0,2601,23,0,
1780,random,645,6,0,lock,0,62,false,3,285,12,19,0,1,0,0,0,0,-1,normal,false,2,3,0,645,0,0,0,false,false,true,0,0,645,6,0,
1781,random,3076,32,2,budget,0,77,true,4,555,69,104,0.28125,0.71875,0,0,0,6,4,normal,false,4,13,311,2495,270,0,0,false,false,true,0,0,3076,32,0,
1782,random,2378,30,0,budget,0,66,true,3,300,65,88,0.16666666666666666,0.8333333333333334,0,0,0,3,5,normal,false,6,10,113,2265,0,0,0,false,false,false,0,0,2378,30,0,
1783,random,2832,30,0,budget,0,64,true,4,510,60,106,0.4,0.6,0,0,0,4,13,crash,false,4,12,322,2510,0,0,0,false,false,false,0,0,2832,30,0,
1784,random,3147,29,0,lock,0,64,true,5,930,58,98,0.20689655172413793,0.7931034482758621,0,0,0,0,-1,crash,false,5,9,197,2950,0,0,0,false,false,false,0,0,3147,29,0,
1785,random,2267,30,0,budget,0,64,true,3,225,53,94,0.2,0.8,0,0,0,1,29,normal,false,5,10,377,1890,0,0,0,false,false,true,0,0,2267,30,0,
1786,random,4980,32,2,budget,0,71,false,4,970,95,138,0,1,0,0,0,1,29,normal,false,7,15,0,4980,0,0,0,false,false,true,0,0,4980,32,0,
1787,random,3385,30,0,budget,0,56,true,4,630,67,103,0.03333333333333333,0.9666666666666667,0,0,0,1,17,normal,false,5,9,120,3265,0,0,0,false,false,false,0,0,3385,30,0,
1788,random,5565,34,4,budget,0,80,true,5,1155,100,136,0.029411764705882353,0.9411764705882353,0.029411764705882353,0,0,3,9,normal,false,6,18,75,5130,360,0,0,false,false,false,0,0,5565,34,0,
1789,random,3488,32,2,budget,0,75,true,4,615,63,113,0.09375,0.90625,0,0,0,2,13,crash,false,6,12,203,3105,180,0,0,false,false,false,0,0,3488,32,0,
1790,random,6605,52,22,budget,0,98,true,4,780,111,144,0,0.7692307692307693,0.1346153846153846,0.09615384615384616,0,8,2,normal,false,15,18,30,2775,2810,990,0,true,true,false,0,0,6605,52,0,
1791,random,2870,30,0,budget,0,55,true,4,730,60,111,0.5333333333333333,0.4666666666666667,0,0,0,5,5,normal,false,6,10,655,2215,0,0,0,false,false,true,0,0,2870,30,0,
1792,random,21473,74,44,budget,2,100,true,7,5460,220,316,0.12162162162162163,0.5405405405405406,0.16216216216216217,0.04054054054054054,0.13513513513513514,19,1,normal,false,6,37,443,5895,4770,1845,8520,false,true,false,7710,10,13763,64,2,6|2
1793,random,3218,34,4,budget,0,70,true,3,270,78,112,0.08823529411764706,0.9117647058823529,0,0,0,4,3,normal,false,4,16,113,2925,180,0,0,false,false,true,0,0,3218,34,0,
1794,random,3994,30,0,budget,0,56,true,6,900,76,112,0.13333333333333333,0.8666666666666667,0,0,0,3,11,normal,false,6,12,189,3805,0,0,0,false,false,false,0,0,3994,30,0,
1795,random,3505,32,2,budget,0,77,false,6,930,68,89,0,0.96875,0.03125,0,0,1,7,normal,false,8,12,0,3415,90,0,0,false,false,false,0,0,3505,32,0,
1796,random,3192,30,0,budget,0,62,true,4,375,72,115,0.3,0.7,0,0,0,2,16,normal,false,5,13,542,2650,0,0,0,false,false,false,0,0,3192,30,0,
1797,random,9560,53,23,budget,1,100,true,4,1095,134,179,0.018867924528301886,0.6981132075471698,0.1320754716981132,0.05660377358490566,0.09433962264150944,10,2,normal,false,8,22,30,3170,2560,1620,2180,false,true,true,1830,5,7730,48,1,8
1798,random,3032,30,0,budget,0,69,true,4,465,74,110,0.2,0.8,0,0,0,2,15,normal,false,4,12,527,2505,0,0,0,false,false,false,0,0,3032,30,0,
1799,random,9880,58,28,budget,0,99,true,7,2220,122,184,0.017241379310344827,0.7241379310344828,0.1896551724137931,0.06896551724137931,0,14,4,crash,false,13,25,45,3980,1760,4095,0,true,true,false,0,0,9880,58,0,
1800,random,2558,34,4,budget,0,71,true,3,270,65,110,0.29411764705882354,0.7058823529411765,0,0,0,3,17,normal,false,6,12,443,2115,0,0,0,false,false,true,0,0,2558,34,0,
1801,random,20959,67,38,lock,2,100,true,9,9720,173,225,0.07462686567164178,0.5671641791044776,0.16417910447761194,0.04477611940298507,0.14925373134328357,17,8,normal,false,8,29,264,3235,3500,1260,12700,false,true,true,11850,10,9109,57,2,6|3
1802,random,2725,32,2,budget,0,76,false,3,255,66,94,0,0.9375,0.0625,0,0,1,8,normal,false,7,12,0,2475,250,0,0,false,false,false,0,0,2725,32,0,
1803,random,3424,30,0,budget,0,65,true,4,480,80,125,0.23333333333333334,0.7666666666666667,0,0,0,3,9,normal,false,5,14,489,2935,0,0,0,false,false,false,0,0,3424,30,0,
1804,random,2760,32,2,budget,0,73,false,5,590,67,84,0,0.96875,0.03125,0,0,1,2,normal,false,5,12,0,2670,90,0,0,false,false,false,0,0,2760,32,0,
1805,random,2005,31,4,lock,0,77,true,2,225,53,98,0.41935483870967744,0.5161290322580645,0.06451612903225806,0,0,4,2,crash,false,4,15,485,1340,180,0,0,false,false,false,0,0,2005,31,0,
1806,random,2392,30,0,budget,0,50,true,4,265,61,100,0.36666666666666664,0.6333333333333333,0,0,0,6,7,normal,false,6,12,567,1825,0,0,0,false,false,true,0,0,2392,30,0,
1807,random,2758,34,4,budget,0,73,true,5,825,60,93,0.17647058823529413,0.7647058823529411,0.058823529411764705,0,0,6,2,crash,false,5,14,253,2325,180,0,0,false,false,false,0,0,2758,34,0,
1808,random,2871,34,4,budget,0,74,true,3,315,75,98,0.14705882352941177,0.8235294117647058,0.029411764705882353,0,0,4,8,normal,false,6,15,181,2600,90,0,0,false,false,false,0,0,2871,34,0,
1809,random,1871,30,0,budget,0,50,true,4,338,54,109,0.8333333333333334,0.16666666666666666,0,0,0,2,3,normal,false,7,9,1361,510,0,0,0,false,false,false,0,0,1871,30,0,
1810,random,2641,30,0,budget,0,59,true,4,390,56,109,0.3333333333333333,0.6666666666666666,0,0,0,1,23,normal,false,8,11,396,2245,0,0,0,false,false,false,0,0,2641,30,0,
1811,random,1812,30,0,budget,0,61,true,3,280,48,93,0.5333333333333333,0.4666666666666667,0,0,0,2,26,normal,false,10,6,562,1250,0,0,0,false,false,false,0,0,1812,30,0,
1812,random,11428,72,42,budget,2,100,true,3,1280,149,206,0.027777777777777776,0.6111111111111112,0.19444444444444445,0.027777777777777776,0.1388888888888889,16,3,normal,false,6,39,38,3025,2480,1125,4760,false,false,false,4400,10,7028,62,2,4|2
1813,random,2398,30,0,budget,0,61,true,3,345,64,89,0.1,0.9,0,0,0,2,5,normal,false,4,12,243,2155,0,0,0,false,false,true,0,0,2398,30,0,
1814,random,3683,30,0,budget,0,55,true,5,555,80,120,0.16666666666666666,0.8333333333333334,0,0,0,4,7,normal,false,5,16,108,3575,0,0,0,false,false,false,0,0,3683,30,0,
1815,random,3258,30,0,budget,0,66,true,4,405,68,103,0.13333333333333333,0.8666666666666667,0,0,0,1,21,crash,false,8,9,188,3070,0,0,0,false,false,true,0,0,3258,30,0,
1816,random,2540,34,4,budget,0,89,true,3,380,61,85,0.058823529411764705,0.8529411764705882,0.058823529411764705,0.029411764705882353,0,2,11,crash,false,10,10,60,2195,150,135,0,false,false,false,0,0,2540,34,0,
1817,random,1999,30,0,budget,0,55,true,4,555,45,89,0.4666666666666667,0.5333333333333333,0,0,0,0,-1,crash,false,7,5,574,1425,0,0,0,false,false,true,0,0,1999,30,0,
1818,random,1757,30,0,budget,0,52,true,3,225,49,79,0.26666666666666666,0.7333333333333333,0,0,0,3,17,normal,false,7,9,377,1380,0,0,0,false,false,true,0,0,1757,30,0,
1819,random,2615,30,0,budget,0,50,true,5,360,57,111,0.5666666666666667,0.43333333333333335,0,0,0,4,5,crash,false,4,11,980,1635,0,0,0,false,false,false,0,0,2615,30,0,
1820,random,2985,30,0,budget,0,64,true,4,675,70,99,0.13333333333333333,0.8666666666666667,0,0,0,4,6,normal,false,4,11,90,2895,0,0,0,false,false,false,0,0,2985,30,0,
1821,random,480,5,0,lock,0,52,false,3,270,9,17,0,1,0,0,0,0,-1,normal,false,3,1,0,480,0,0,0,false,false,false,0,0,480,5,0,
1822,random,2785,34,4,budget,0,75,true,4,370,69,99,0.08823529411764706,0.8529411764705882,0.058823529411764705,0,0,2,4,normal,false,6,13,220,2385,180,0,0,false,false,true,0,0,2785,34,0,
1823,random,3439,30,0,budget,0,52,true,5,705,58,134,0.5333333333333333,0.4666666666666667,0,0,0,4,8,crash,false,10,8,719,2720,0,0,0,false,false,false,0,0,3439,30,0,
1824,random,2858,30,0,budget,0,62,true,4,405,61,97,0.1,0.9,0,0,0,1,29,crash,false,4,11,173,2685,0,0,0,false,false,false,0,0,2858,30,0,
1825,random,11033,49,19,budget,1,100,true,7,2025,164,200,0.061224489795918366,0.7346938775510204,0.10204081632653061,0,0.10204081632653061,10,4,normal,false,8,19,213,5330,3030,0,2460,false,false,false,2100,5,8933,44,1,2
1826,random,3883,30,0,budget,0,69,true,6,1095,70,110,0.13333333333333333,0.8666666666666667,0,0,0,1,23,normal,false,5,12,353,3530,0,0,0,false,false,false,0,0,3883,30,0,
1827,random,3346,30,0,budget,0,50,true,5,1060,53,135,0.5333333333333333,0.4666666666666667,0,0,0,5,9,crash,false,5,12,891,2455,0,0,0,false,false,false,0,0,3346,30,0,
1828,random,3900,38,8,budget,0,82,false,3,420,80,107,0,0.9473684210526315,0.05263157894736842,0,0,4,1,normal,false,5,13,0,2970,930,0,0,false,false,false,0,0,3900,38,0,
1829,random,3073,32,2,budget,0,80,true,4,405,69,96,0.09375,0.875,0.03125,0,0,3,6,normal,false,5,15,53,2930,90,0,0,false,false,true,0,0,3073,32,0,
1830,random,2911,30,0,budget,0,55,true,4,630,58,106,0.13333333333333333,0.8666666666666667,0,0,0,2,12,normal,false,6,10,106,2805,0,0,0,false,false,true,0,0,2911,30,0,
1831,random,3270,34,4,budget,0,74,false,3,480,75,100,0,0.9705882352941176,0.029411764705882353,0,0,2,21,normal,false,12,13,0,3000,270,0,0,false,false,false,0,0,3270,34,0,
1832,random,3074,32,2,budget,0,72,true,5,555,68,94,0.15625,0.8125,0.03125,0,0,4,11,normal,false,4,15,189,2735,150,0,0,false,false,true,0,0,3074,32,0,
1833,random,10318,66,36,budget,2,100,true,4,900,131,208,0.25757575757575757,0.3939393939393939,0.18181818181818182,0.015151515151515152,0.15151515151515152,15,2,crash,false,9,26,783,1990,2790,1035,3720,false,false,false,4410,10,5908,56,2,4|4
1834,random,11275,75,45,budget,1,100,true,3,960,188,231,0.013333333333333334,0.64,0.24,0.04,0.06666666666666667,16,4,crash,false,8,37,0,4435,2970,1350,2520,false,true,false,2280,5,8995,70,1,7
1835,random,3571,38,8,budget,0,91,true,5,750,75,107,0.15789473684210525,0.7894736842105263,0.02631578947368421,0.02631578947368421,0,5,4,crash,false,6,15,166,2865,270,270,0,true,false,false,0,0,3571,38,0,
1836,random,13903,78,48,budget,2,100,true,4,1140,187,267,0.1282051282051282,0.5128205128205128,0.19230769230769232,0.038461538461538464,0.1282051282051282,19,6,crash,false,7,40,478,4520,3760,945,4200,false,false,false,4170,10,9733,68,2,4|2
1837,random,5207,21,11,lock,1,100,true,5,1795,58,71,0.3333333333333333,0.3333333333333333,0.09523809523809523,0,0.23809523809523808,5,6,keto,false,4,13,217,1255,90,1665,1980,false,false,true,3595,5,1612,16,0,
1838,random,3918,42,12,budget,0,77,true,4,405,86,130,0.07142857142857142,0.8571428571428571,0.07142857142857142,0,0,8,6,normal,false,5,20,298,2990,630,0,0,false,false,true,0,0,3918,42,0,
1839,random,5483,40,10,budget,0,80,true,4,1365,98,141,0.05,0.875,0.075,0,0,5,5,normal,false,5,20,143,3690,1650,0,0,false,false,true,0,0,5483,40,0,
1840,random,3910,38,8,budget,0,78,true,5,720,87,112,0.02631578947368421,0.8947368421052632,0.07894736842105263,0,0,5,3,normal,false,6,15,15,3625,270,0,0,false,false,false,0,0,3910,38,0,
1841,random,5024,40,10,budget,0,89,true,4,585,91,141,0.2,0.6,0.15,0.05,0,8,4,normal,false,5,20,399,3620,690,315,0,false,false,true,0,0,5024,40,0,
1842,random,12038,71,41,budget,1,100,true,4,1575,162,227,0.18309859154929578,0.4225352112676056,0.2676056338028169,0.056338028169014086,0.07042253521126761,16,3,crash,false,8,31,288,3375,4010,3285,1080,false,true,false,1390,5,10648,66,1,3
1843,random,5118,30,0,budget,0,69,true,5,860,93,141,0.1,0.9,0,0,0,3,15,normal,false,6,8,463,4655,0,0,0,false,false,false,0,0,5118,30,0,
1844,random,2239,30,0,budget,0,51,true,3,465,52,103,0.4666666666666667,0.5333333333333333,0,0,0,3,15,crash,false,8,10,724,1515,0,0,0,false,false,true,0,0,2239,30,0,
1845,random,2763,34,4,budget,0,84,true,4,420,66,85,0.11764705882352941,0.7352941176470589,0.14705882352941177,0,0,5,2,normal,false,4,9,143,2080,540,0,0,false,false,false,0,0,2763,34,0,
1846,random,3279,32,2,budget,0,70,true,5,945,70,99,0.3125,0.6875,0,0,0,7,1,normal,false,11,11,174,3105,0,0,0,false,false,true,0,0,3279,32,0,
1847,random,8555,47,17,budget,1,100,true,5,2340,100,163,0.2553191489361702,0.48936170212765956,0.0851063829787234,0.06382978723404255,0.10638297872340426,10,3,crash,false,6,23,975,1860,800,360,4560,false,false,false,4170,5,4385,42,1,4
1848,random,2923,30,0,budget,0,69,true,4,465,75,116,0.4,0.6,0,0,0,6,7,normal,false,2,19,738,2185,0,0,0,false,false,true,0,0,2923,30,0,
1849,random,3673,42,12,budget,0,90,true,4,455,84,130,0.2619047619047619,0.5714285714285714,0.11904761904761904,0.047619047619047616,0,8,4,crash,false,7,13,383,2630,390,270,0,true,false,false,0,0,3673,42,0,
1850,random,2076,30,0,budget,0,55,true,3,250,61,86,0.26666666666666666,0.7333333333333333,0,0,0,2,14,normal,false,13,7,176,1900,0,0,0,false,false,false,0,0,2076,30,0,
1851,random,4361,30,0,budget,0,52,true,5,660,79,128,0.13333333333333333,0.8666666666666667,0,0,0,2,4,normal,false,4,15,531,3830,0,0,0,false,false,true,0,0,4361,30,0,
1852,random,4306,30,0,budget,0,50,true,7,1620,70,118,0.26666666666666666,0.7333333333333333,0,0,0,5,8,normal,false,3,13,416,3890,0,0,0,false,false,false,0,0,4306,30,0,
1853,random,2487,30,0,budget,0,62,true,6,466,57,94,0.16666666666666666,0.8333333333333334,0,0,0,3,11,normal,false,9,10,452,2035,0,0,0,false,false,true,0,0,2487,30,0,
1854,random,14810,67,37,budget,3,100,true,3,1440,161,231,0,0.5373134328358209,0.1791044776119403,0.05970149253731343,0.22388059701492538,10,7,normal,false,15,24,30,2945,2700,3015,6120,false,true,false,7030,15,7780,52,2,5|4
1855,random,2527,30,0,budget,0,62,true,4,690,57,88,0.26666666666666666,0.7333333333333333,0,0,0,2,20,normal,false,9,9,182,2345,0,0,0,false,false,true,0,0,2527,30,0,
1856,random,2736,30,0,budget,0,64,true,5,563,67,86,0.2,0.8,0,0,0,4,12,normal,false,4,8,191,2545,0,0,0,false,false,true,0,0,2736,30,0,
1857,random,5556,64,34,budget,0,92,true,3,600,120,165,0.09375,0.6875,0.171875,0.046875,0,14,18,crash,false,9,30,156,3045,1950,405,0,true,false,false,0,0,5556,64,0,
1858,random,3814,34,4,budget,0,74,true,4,570,66,120,0.20588235294117646,0.7647058823529411,0.029411764705882353,0,0,5,2,crash,false,6,13,119,3425,270,0,0,false,false,false,0,0,3814,34,0,
1859,random,2690,30,0,budget,0,67,true,3,390,66,87,0.03333333333333333,0.9666666666666667,0,0,0,1,21,normal,false,6,9,15,2675,0,0,0,false,false,false,0,0,2690,30,0,
1860,random,6384,51,21,budget,1,100,true,4,1080,98,125,0.11764705882352941,0.6274509803921569,0.13725490196078433,0.0196078431372549,0.09803921568627451,9,7,normal,false,9,25,219,2280,1200,945,1740,false,false,true,1185,5,5199,46,1,3
1861,random,3320,18,11,lock,1,100,true,2,740,41,47,0.1111111111111111,0.2777777777777778,0.2222222222222222,0.1111111111111111,0.2777777777777778,4,2,crash,false,8,9,60,525,270,225,2240,false,false,false,2210,5,1110,13,1,6
1862,random,3868,30,0,budget,0,67,true,5,650,75,119,0.13333333333333333,0.8666666666666667,0,0,0,3,14,normal,false,10,12,503,3365,0,0,0,false,false,false,0,0,3868,30,0,
1863,random,3990,32,2,budget,0,77,true,4,480,83,119,0.03125,0.96875,0,0,0,2,23,normal,false,9,12,80,3730,180,0,0,false,false,false,0,0,3990,32,0,
1864,random,4015,30,0,budget,0,69,true,4,615,84,122,0,1,0,0,0,0,-1,normal,false,6,16,30,3985,0,0,0,false,false,true,0,0,4015,30,0,
1865,random,2563,30,0,budget,0,55,true,5,450,58,105,0.36666666666666664,0.6333333333333333,0,0,0,3,15,crash,false,5,11,693,1870,0,0,0,false,false,false,0,0,2563,30,0,
1866,random,4193,30,0,budget,0,66,true,5,820,73,133,0.3333333333333333,0.6666666666666666,0,0,0,2,23,crash,false,6,11,608,3585,0,0,0,false,false,true,0,0,4193,30,0,
1867,random,3503,32,2,budget,0,77,true,5,610,78,105,0.09375,0.90625,0,0,0,2,17,normal,false,6,12,123,3200,180,0,0,false,false,true,0,0,3503,32,0,
1868,random,12739,67,37,budget,1,100,true,7,1710,163,239,0.13432835820895522,0.5074626865671642,0.1791044776119403,0.1044776119402985,0.07462686567164178,15,1,normal,false,7,32,384,4435,4180,1260,2480,false,true,false,2420,5,10319,62,1,3
1869,random,2769,30,0,budget,0,63,true,4,405,62,103,0.43333333333333335,0.5666666666666667,0,0,0,2,7,normal,false,8,12,444,2325,0,0,0,false,false,true,0,0,2769,30,0,
1870,random,5539,51,21,budget,1,100,true,4,875,104,136,0.1568627450980392,0.5882352941176471,0.13725490196078433,0.0196078431372549,0.09803921568627451,9,2,crash,false,9,21,219,2170,2100,270,780,false,false,false,930,5,4609,46,1,2
1871,random,8380,55,25,budget,1,100,false,4,1065,116,159,0,0.7454545454545455,0.12727272727272726,0.03636363636363636,0.09090909090909091,8,12,normal,false,11,27,0,2825,1740,1575,2240,false,false,true,2270,5,6110,50,1,4
1872,random,4588,30,0,budget,0,63,true,6,1500,68,131,0.06666666666666667,0.9333333333333333,0,0,0,0,-1,crash,false,5,14,83,4505,0,0,0,false,false,false,0,0,4588,30,0,
1873,random,3413,35,8,lock,0,80,true,5,770,64,116,0.37142857142857144,0.6,0.02857142857142857,0,0,7,4,crash,false,6,13,468,2015,930,0,0,false,false,false,0,0,3413,35,0,
1874,random,2418,30,0,budget,0,50,true,5,360,52,100,0.23333333333333334,0.7666666666666667,0,0,0,5,7,crash,false,7,12,503,1915,0,0,0,false,false,true,0,0,2418,30,0,
1875,random,2156,30,0,budget,0,53,true,3,315,50,79,0.13333333333333333,0.8666666666666667,0,0,0,1,8,normal,false,7,9,76,2080,0,0,0,false,false,false,0,0,2156,30,0,
1876,random,240,3,0,lock,0,62,false,2,120,6,9,0,1,0,0,0,0,-1,normal,false,1,2,0,240,0,0,0,false,false,true,0,0,240,3,0,
1877,random,4679,30,0,budget,0,65,true,4,565,88,136,0.16666666666666666,0.8333333333333334,0,0,0,1,20,normal,false,6,15,384,4295,0,0,0,false,false,false,0,0,4679,30,0,
1878,random,16511,86,56,budget,2,100,true,4,1860,193,264,0.06976744186046512,0.4418604651162791,0.27906976744186046,0.09302325581395349,0.11627906976744186,27,4,crash,false,6,37,366,3435,3140,4590,4980,false,true,false,4810,10,11701,76,2,11|12
1879,random,1725,30,0,budget,0,61,true,3,210,45,69,0.1,0.9,0,0,0,1,18,crash,false,9,6,105,1620,0,0,0,false,false,false,0,0,1725,30,0,
1880,random,4527,34,4,budget,0,80,true,4,760,82,152,0.2647058823529412,0.7058823529411765,0.029411764705882353,0,0,5,1,normal,false,6,14,332,3895,300,0,0,false,false,true,0,0,4527,34,0,
1881,random,13225,70,40,budget,2,100,false,4,1265,183,233,0,0.6571428571428571,0.14285714285714285,0.05714285714285714,0.14285714285714285,13,23,normal,false,5,39,0,4265,2610,2610,3740,false,true,false,3710,10,9515,60,2,2|3
1882,random,2179,30,0,budget,0,52,true,3,275,54,97,0.26666666666666666,0.7333333333333333,0,0,0,3,9,normal,false,5,10,449,1730,0,0,0,false,false,false,0,0,2179,30,0,
1883,random,2225,30,0,budget,0,62,false,3,330,61,77,0,1,0,0,0,0,-1,normal,false,9,7,0,2225,0,0,0,false,false,true,0,0,2225,30,0,
1884,random,5265,36,6,budget,0,74,true,6,1000,98,133,0.027777777777777776,0.9722222222222222,0,0,0,4,1,normal,false,7,15,70,4925,270,0,0,false,false,false,0,0,5265,36,0,
1885,random,13216,77,47,budget,1,100,true,5,1355,196,244,0.07792207792207792,0.5584415584415584,0.22077922077922077,0.07792207792207792,0.06493506493506493,22,14,normal,false,5,40,161,4785,4260,2070,1940,false,true,true,1430,5,11786,72,1,2
1886,random,1721,20,0,lock,0,69,true,5,780,32,74,0.5,0.5,0,0,0,1,17,normal,false,5,5,366,1355,0,0,0,false,false,false,0,0,1721,20,0,
1887,random,1698,20,0,lock,0,59,true,3,315,47,63,0.15,0.85,0,0,0,2,10,normal,false,5,8,163,1535,0,0,0,false,false,false,0,0,1698,20,0,
1888,random,2543,30,0,budget,0,66,true,4,420,62,87,0.06666666666666667,0.9333333333333333,0,0,0,1,26,normal,false,4,13,128,2415,0,0,0,false,false,false,0,0,2543,30,0,
1889,random,3020,30,0,budget,0,52,true,4,540,65,105,0.13333333333333333,0.8666666666666667,0,0,0,3,13,normal,false,5,13,270,2750,0,0,0,false,false,false,0,0,3020,30,0,
1890,random,2628,30,0,budget,0,50,true,5,665,56,110,0.4,0.6,0,0,0,3,12,crash,false,3,10,333,2295,0,0,0,false,false,false,0,0,2628,30,0,
1891,random,3049,32,2,budget,0,73,true,4,375,68,102,0.21875,0.75,0.03125,0,0,3,11,crash,false,4,15,219,2740,90,0,0,false,false,false,0,0,3049,32,0,
1892,random,3166,30,0,budget,0,65,true,6,1275,60,113,0.43333333333333335,0.5666666666666667,0,0,0,4,18,normal,false,5,12,491,2675,0,0,0,false,false,true,0,0,3166,30,0,
1893,random,10190,58,28,budget,0,97,true,5,1665,160,215,0.034482758620689655,0.6551724137931034,0.22413793103448276,0.08620689655172414,0,12,13,normal,false,8,29,50,5255,2230,2655,0,true,true,false,0,0,10190,58,0,
1894,random,4100,30,0,budget,0,65,true,6,1195,71,111,0.06666666666666667,0.9333333333333333,0,0,0,2,14,normal,false,5,11,95,4005,0,0,0,false,false,true,0,0,4100,30,0,
1895,random,7175,61,31,budget,1,100,false,4,360,140,171,0,0.6065573770491803,0.19672131147540983,0.11475409836065574,0.08196721311475409,10,2,normal,false,10,30,0,3400,1390,1485,900,false,true,false,960,5,6215,56,1,8
1896,random,2063,30,0,budget,0,54,true,3,255,60,107,0.5333333333333333,0.4666666666666667,0,0,0,4,5,crash,false,3,12,708,1355,0,0,0,false,false,false,0,0,2063,30,0,
1897,random,2690,30,0,budget,0,53,true,3,470,66,104,0.3333333333333333,0.6666666666666666,0,0,0,3,17,normal,false,7,13,505,2185,0,0,0,false,false,false,0,0,2690,30,0,
1898,random,3642,34,4,budget,0,85,true,4,750,64,123,0.20588235294117646,0.7058823529411765,0.08823529411764706,0,0,3,2,normal,false,15,8,257,2965,420,0,0,false,false,false,0,0,3642,34,0,
1899,random,2216,30,0,budget,0,62,true,3,270,48,95,0.36666666666666664,0.6333333333333333,0,0,0,1,30,normal,false,9,7,491,1725,0,0,0,false,false,true,0,0,2216,30,0,
1900,random,17245,57,27,budget,1,100,true,6,4530,192,275,0.03508771929824561,0.7543859649122807,0.10526315789473684,0.017543859649122806,0.08771929824561403,13,16,normal,false,6,30,180,6910,1960,5595,2600,false,true,false,2680,5,14565,52,1,6
1901,random,5565,34,4,budget,0,75,true,8,1715,92,129,0.029411764705882353,0.9411764705882353,0.029411764705882353,0,0,3,2,normal,false,6,14,70,4895,600,0,0,false,false,true,0,0,5565,34,0,
1902,random,2968,30,0,budget,0,52,true,4,600,61,112,0.3333333333333333,0.6666666666666666,0,0,0,2,9,normal,false,8,9,593,2375,0,0,0,false,false,true,0,0,2968,30,0,
1903,random,3214,32,2,budget,0,83,true,4,525,74,107,0.1875,0.71875,0.09375,0,0,3,5,normal,false,4,12,204,2740,270,0,0,false,false,false,0,0,3214,32,0,
1904,random,3275,30,0,budget,0,52,true,4,405,75,114,0.03333333333333333,0.9666666666666667,0,0,0,1,20,normal,false,4,13,145,3130,0,0,0,false,false,false,0,0,3275,30,0,
1905,random,6058,46,16,budget,2,100,true,3,450,95,137,0.2826086956521739,0.3695652173913043,0.10869565217391304,0.021739130434782608,0.21739130434782608,8,1,normal,false,7,15,658,1770,510,360,2760,false,false,false,3000,10,3058,36,2,2|5
1906,random,301,7,0,lock,0,50,true,1,90,3,22,0.5714285714285714,0.42857142857142855,0,0,0,1,5,crash,false,2,2,61,240,0,0,0,false,false,false,0,0,301,7,0,
1907,random,21933,71,41,budget,3,100,true,6,3620,205,281,0.028169014084507043,0.5774647887323944,0.1267605633802817,0.056338028169014086,0.2112676056338028,14,6,normal,false,7,27,128,5085,2690,5130,8900,false,true,false,9350,15,12583,56,2,2|3
1908,random,4016,30,0,budget,0,53,true,6,1160,70,124,0.16666666666666666,0.8333333333333334,0,0,0,3,24,crash,false,4,11,181,3835,0,0,0,false,false,false,0,0,4016,30,0,
1909,random,3638,32,2,budget,0,82,true,5,555,83,123,0.21875,0.75,0.03125,0,0,4,2,normal,false,3,16,513,2915,210,0,0,false,false,true,0,0,3638,32,0,
1910,random,8481,39,9,budget,1,100,true,5,2400,105,150,0.10256410256410256,0.6923076923076923,0.05128205128205128,0.02564102564102564,0.1282051282051282,4,5,normal,false,8,15,226,3505,150,120,4480,false,false,false,4060,5,4421,34,1,3
1911,random,6020,44,14,budget,0,99,true,4,710,102,138,0.022727272727272728,0.75,0.1590909090909091,0.06818181818181818,0,4,2,crash,false,7,19,0,3255,1910,855,0,true,true,false,0,0,6020,44,0,
1912,random,3860,32,2,budget,0,73,false,6,1320,65,104,0,0.96875,0.03125,0,0,1,10,normal,false,7,13,0,3770,90,0,0,false,false,true,0,0,3860,32,0,
1913,random,4864,30,0,budget,0,62,true,7,1875,75,121,0.26666666666666666,0.7333333333333333,0,0,0,3,8,crash,false,4,11,189,4675,0,0,0,false,false,false,0,0,4864,30,0,
1914,random,4707,38,8,budget,0,94,true,6,900,90,128,0.15789473684210525,0.7105263157894737,0.07894736842105263,0.05263157894736842,0,4,2,crash,false,5,14,232,3425,510,540,0,true,false,false,0,0,4707,38,0,
1915,random,2870,30,0,budget,0,64,true,3,285,67,94,0.03333333333333333,0.9666666666666667,0,0,0,1,29,normal,false,7,10,45,2825,0,0,0,false,false,false,0,0,2870,30,0,
1916,random,2665,32,2,budget,0,83,true,3,410,64,88,0,0.9375,0.0625,0,0,1,3,normal,false,12,10,30,2335,300,0,0,false,false,false,0,0,2665,32,0,
1917,random,7220,47,17,budget,1,100,true,5,2460,99,135,0.0425531914893617,0.723404255319149,0.0851063829787234,0.0425531914893617,0.10638297872340426,6,3,crash,false,11,13,15,2930,780,495,3000,false,false,false,2970,5,4250,42,1,2
1918,random,3341,34,4,budget,0,80,true,6,885,70,107,0.11764705882352941,0.8235294117647058,0.058823529411764705,0,0,3,15,normal,false,12,16,241,2860,240,0,0,false,false,false,0,0,3341,34,0,
1919,random,3254,30,0,budget,0,55,true,4,795,54,108,0.3333333333333333,0.6666666666666666,0,0,0,5,10,normal,false,5,11,324,2930,0,0,0,false,false,true,0,0,3254,30,0,
1920,random,4475,30,0,budget,0,64,true,7,1580,64,126,0.23333333333333334,0.7666666666666667,0,0,0,2,9,crash,false,7,9,830,3645,0,0,0,false,false,true,0,0,4475,30,0,
1921,random,9580,58,28,budget,2,100,false,6,2340,132,161,0,0.6379310344827587,0.1724137931034483,0.017241379310344827,0.1724137931034483,9,15,normal,false,5,28,0,3510,1320,270,4480,false,false,false,4450,10,5130,48,2,2|4
1922,random,3104,30,0,budget,0,62,true,4,610,67,114,0.26666666666666666,0.7333333333333333,0,0,0,2,14,normal,false,7,11,354,2750,0,0,0,false,false,false,0,0,3104,30,0,
1923,random,8645,55,25,budget,1,100,false,4,2010,112,153,0,0.6545454545454545,0.23636363636363636,0.01818181818181818,0.09090909090909091,10,2,normal,false,8,23,0,3305,1560,360,3420,false,false,false,2970,5,5675,50,1,3
1924,random,2615,30,0,budget,0,50,true,6,443,58,116,0.5333333333333333,0.4666666666666667,0,0,0,3,15,normal,false,5,11,945,1670,0,0,0,false,false,false,0,0,2615,30,0,
1925,random,2513,30,0,budget,0,66,true,3,270,58,87,0.16666666666666666,0.8333333333333334,0,0,0,4,7,normal,false,8,11,158,2355,0,0,0,false,false,true,0,0,2513,30,0,
1926,random,6100,34,4,budget,0,75,true,9,2195,96,137,0.08823529411764706,0.8529411764705882,0.058823529411764705,0,0,4,3,normal,false,8,11,130,5790,180,0,0,false,false,false,0,0,6100,34,0,
1927,random,5703,44,14,budget,0,98,true,4,750,99,135,0.06818181818181818,0.7045454545454546,0.18181818181818182,0.045454545454545456,0,7,2,normal,false,10,14,83,3300,1510,810,0,true,true,true,0,0,5703,44,0,
1928,random,3684,32,2,budget,0,73,true,4,545,76,110,0.28125,0.71875,0,0,0,7,4,normal,false,4,13,369,2865,450,0,0,false,false,true,0,0,3684,32,0,
1929,random,2485,30,0,budget,0,50,true,3,390,52,103,0.36666666666666664,0.6333333333333333,0,0,0,2,14,crash,false,6,8,305,2180,0,0,0,false,false,false,0,0,2485,30,0,
1930,random,405,5,0,lock,0,50,false,2,150,6,16,0,1,0,0,0,0,-1,normal,false,2,2,0,405,0,0,0,false,false,false,0,0,405,5,0,
1931,random,11500,49,19,budget,1,100,true,8,2715,147,192,0.04081632653061224,0.6530612244897959,0.1836734693877551,0.02040816326530612,0.10204081632653061,8,6,normal,false,8,18,135,6085,1230,2790,1260,false,true,false,3795,5,7705,44,1,4
1932,random,1005,4,0,lock,0,50,false,5,690,12,23,0,1,0,0,0,0,-1,normal,false,2,2,0,1005,0,0,0,false,false,true,0,0,1005,4,0,
1933,random,2735,30,0,budget,0,50,true,4,368,46,119,0.43333333333333335,0.5666666666666667,0,0,0,1,19,crash,false,5,9,860,1875,0,0,0,false,false,true,0,0,2735,30,0,
1934,random,2475,30,0,budget,0,50,true,3,315,55,91,0.13333333333333333,0.8666666666666667,0,0,0,4,6,normal,false,3,16,60,2415,0,0,0,false,false,true,0,0,2475,30,0,
1935,random,4780,42,12,budget,0,94,true,3,825,74,110,0.047619047619047616,0.8809523809523809,0.07142857142857142,0,0,6,1,crash,false,11,12,15,2355,1060,1350,0,true,false,false,0,0,4780,42,0,
1936,random,6680,36,6,budget,0,97,true,6,2815,93,130,0.027777777777777776,0.8888888888888888,0.027777777777777776,0.05555555555555555,0,3,15,normal,false,7,12,45,3425,600,2610,0,true,true,false,0,0,6680,36,0,
1937,random,2137,30,0,budget,0,50,true,3,315,55,95,0.43333333333333335,0.5666666666666667,0,0,0,5,7,normal,false,6,11,362,1775,0,0,0,false,false,false,0,0,2137,30,0,
1938,random,3510,32,2,budget,0,74,true,4,675,69,96,0.03125,0.96875,0,0,0,2,5,normal,false,5,10,15,3225,270,0,0,false,false,false,0,0,3510,32,0,
1939,random,5955,39,9,budget,1,100,false,4,590,108,129,0,0.7948717948717948,0.07692307692307693,0,0.1282051282051282,2,6,normal,false,10,12,0,4125,310,180,1340,false,false,false,1400,5,4555,34,1,3
1940,random,4590,42,12,budget,0,87,true,3,590,102,139,0.047619047619047616,0.8333333333333334,0.11904761904761904,0,0,4,3,crash,false,8,14,60,3470,1060,0,0,false,false,false,0,0,4590,42,0,
1941,random,2568,30,0,budget,0,60,true,5,570,48,90,0.3333333333333333,0.6666666666666666,0,0,0,1,24,crash,false,7,8,228,2340,0,0,0,false,false,false,0,0,2568,30,0,
1942,random,4793,30,0,budget,0,53,true,7,1875,73,153,0.43333333333333335,0.5666666666666667,0,0,0,3,20,normal,false,3,12,848,3945,0,0,0,false,false,true,0,0,4793,30,0,
1943,random,1800,12,4,lock,0,80,false,3,435,39,46,0,0.9166666666666666,0.08333333333333333,0,0,2,10,normal,false,3,7,0,1710,90,0,0,false,false,true,0,0,1800,12,0,
1944,random,4705,36,6,budget,0,73,true,6,1310,91,125,0.027777777777777776,0.9444444444444444,0.027777777777777776,0,0,4,5,normal,false,4,11,45,4300,360,0,0,false,false,false,0,0,4705,36,0,
1945,random,2216,30,0,budget,0,57,true,3,240,60,91,0.23333333333333334,0.7666666666666667,0,0,0,2,16,normal,false,7,8,441,1775,0,0,0,false,false,false,0,0,2216,30,0,
1946,random,8300,45,31,lock,1,100,false,4,1160,110,139,0,0.5111111111111111,0.3111111111111111,0.06666666666666667,0.1111111111111111,11,2,normal,false,6,20,0,1765,3980,1215,1340,false,false,false,1250,5,7050,40,1,3
1947,random,6933,47,17,budget,1,100,true,5,940,124,152,0.02127659574468085,0.7872340425531915,0.0851063829787234,0,0.10638297872340426,4,7,normal,false,5,19,83,3600,900,270,2080,false,false,false,2360,5,4573,42,0,
1948,random,24245,94,64,budget,4,100,true,6,2315,269,323,0,0.4574468085106383,0.2765957446808511,0.05319148936170213,0.2127659574468085,22,11,normal,false,6,48,60,5100,5280,5805,8000,false,true,true,7640,20,16605,74,3,5|7|10
1949,random,3945,32,2,budget,0,76,true,5,720,81,123,0.15625,0.8125,0.03125,0,0,2,2,normal,false,5,11,505,3350,90,0,0,false,false,false,0,0,3945,32,0,
1950,random,3105,30,0,budget,0,65,true,4,570,69,94,0.03333333333333333,0.9666666666666667,0,0,0,1,19,normal,false,6,11,120,2985,0,0,0,false,false,true,0,0,3105,30,0,
1951,random,4340,19,6,lock,0,92,true,4,1365,61,90,0,0.8947368421052632,0.10526315789473684,0,0,2,1,normal,false,8,6,60,2105,1770,405,0,true,false,false,0,0,4340,19,0,
1952,random,4667,30,0,budget,0,64,true,8,2130,69,129,0.6,0.4,0,0,0,2,10,normal,false,9,9,1057,3610,0,0,0,false,false,false,0,0,4667,30,0,
1953,random,2370,30,0,budget,0,61,false,3,280,63,84,0,1,0,0,0,0,-1,normal,false,7,8,0,2370,0,0,0,false,false,true,0,0,2370,30,0,
1954,random,2570,30,0,budget,0,58,true,3,475,66,93,0.1,0.9,0,0,0,1,22,normal,false,5,11,280,2290,0,0,0,false,false,false,0,0,2570,30,0,
1955,random,7720,37,7,budget,1,100,true,4,1800,92,130,0.10810810810810811,0.7297297297297297,0.02702702702702703,0,0.13513513513513514,4,1,normal,false,7,14,210,3020,450,0,4040,false,false,false,4490,5,3230,32,0,
1956,random,3761,32,2,budget,0,72,true,6,1260,66,113,0.3125,0.65625,0.03125,0,0,5,7,normal,false,6,10,301,3340,120,0,0,false,false,false,0,0,3761,32,0,
1957,random,3240,36,6,budget,0,82,true,3,540,66,103,0.1388888888888889,0.8055555555555556,0.05555555555555555,0,0,4,10,crash,false,8,13,195,2385,660,0,0,false,false,false,0,0,3240,36,0,
1958,random,2465,30,0,budget,0,59,true,4,450,56,85,0.03333333333333333,0.9666666666666667,0,0,0,1,6,normal,false,5,8,15,2450,0,0,0,false,false,false,0,0,2465,30,0,
1959,random,3286,30,0,budget,0,63,true,7,1305,61,97,0.23333333333333334,0.7666666666666667,0,0,0,2,16,normal,false,9,7,376,2910,0,0,0,false,false,true,0,0,3286,30,0,
1960,random,6350,34,4,budget,0,84,false,6,1230,105,134,0,0.9411764705882353,0.058823529411764705,0,0,2,8,normal,false,5,15,0,5840,510,0,0,false,false,true,0,0,6350,34,0,
1961,random,3300,30,0,budget,0,61,true,4,495,65,114,0.3333333333333333,0.6666666666666666,0,0,0,2,13,crash,false,6,10,640,2660,0,0,0,false,false,false,0,0,3300,30,0,
1962,random,24245,113,83,budget,3,100,true,7,2700,288,369,0.017699115044247787,0.6017699115044248,0.20353982300884957,0.04424778761061947,0.13274336283185842,36,5,normal,false,9,61,350,6660,6450,1845,8940,false,true,false,7380,15,16865,98,3,2|5|2
1963,random,2248,28,2,lock,0,74,true,3,540,56,86,0.14285714285714285,0.8214285714285714,0.03571428571428571,0,0,2,14,normal,false,6,9,158,2000,90,0,0,false,false,false,0,0,2248,28,0,
1964,random,4810,36,6,budget,0,73,true,4,555,95,128,0.027777777777777776,0.8888888888888888,0.08333333333333333,0,0,4,2,normal,false,5,16,15,4495,300,0,0,false,false,false,0,0,4810,36,0,
1965,random,3605,30,0,budget,0,55,true,5,960,62,125,0.36666666666666664,0.6333333333333333,0,0,0,4,9,normal,false,7,9,615,2990,0,0,0,false,false,false,0,0,3605,30,0,
1966,random,1688,30,0,budget,0,50,true,3,240,49,101,0.6666666666666666,0.3333333333333333,0,0,0,2,13,crash,false,6,10,953,735,0,0,0,false,false,false,0,0,1688,30,0,
1967,random,3623,30,0,budget,0,54,true,4,865,65,134,0.36666666666666664,0.6333333333333333,0,0,0,0,-1,crash,false,4,12,693,2930,0,0,0,false,false,false,0,0,3623,30,0,
1968,random,5515,36,6,budget,0,71,false,5,1305,107,148,0,1,0,0,0,3,10,normal,false,4,17,0,5515,0,0,0,false,false,true,0,0,5515,36,0,
1969,random,8455,40,10,budget,0,87,true,7,3425,109,173,0.2,0.725,0.075,0,0,5,2,normal,false,7,15,775,3850,3830,0,0,false,false,false,0,0,8455,40,0,
1970,random,4119,30,0,budget,0,63,true,6,915,73,126,0.23333333333333334,0.7666666666666667,0,0,0,2,8,normal,false,2,15,404,3715,0,0,0,false,false,false,0,0,4119,30,0,
1971,random,4390,38,8,budget,0,82,true,5,1290,86,119,0.05263157894736842,0.868421052631579,0.07894736842105263,0,0,6,3,normal,false,3,17,30,3070,1290,0,0,false,false,false,0,0,4390,38,0,
1972,random,2648,30,0,budget,0,62,true,5,645,55,104,0.4,0.6,0,0,0,3,14,crash,false,5,10,563,2085,0,0,0,false,false,true,0,0,2648,30,0,
1973,random,2624,32,2,budget,0,75,true,3,480,63,93,0.15625,0.84375,0,0,0,3,6,normal,false,5,11,179,2265,180,0,0,false,false,false,0,0,2624,32,0,
1974,random,3889,30,0,budget,0,69,true,7,803,76,129,0.13333333333333333,0.8666666666666667,0,0,0,3,23,normal,false,5,14,1029,2860,0,0,0,false,false,true,0,0,3889,30,0,
1975,random,1636,16,0,lock,0,62,true,3,360,33,58,0.25,0.75,0,0,0,1,15,normal,false,4,6,121,1515,0,0,0,false,false,true,0,0,1636,16,0,
1976,random,9445,47,17,budget,1,100,true,6,1415,104,203,0.2127659574468085,0.48936170212765956,0.1702127659574468,0.02127659574468085,0.10638297872340426,8,1,crash,false,6,23,430,4570,1430,1575,1440,false,false,false,810,5,8635,42,1,5
1977,random,4195,32,2,budget,0,74,true,5,1085,80,107,0.03125,0.90625,0.0625,0,0,2,11,normal,false,6,13,15,3970,210,0,0,false,false,true,0,0,4195,32,0,
1978,random,3451,30,0,budget,0,65,true,5,850,76,112,0.16666666666666666,0.8333333333333334,0,0,0,3,18,normal,false,4,13,381,3070,0,0,0,false,false,true,0,0,3451,30,0,
1979,random,15268,79,49,budget,3,100,true,5,1730,169,248,0.10126582278481013,0.4177215189873418,0.26582278481012656,0.02531645569620253,0.189873417721519,17,2,normal,false,8,35,343,2280,4840,1665,6140,false,false,false,6900,15,8368,64,2,2|5
1980,random,5740,38,8,budget,0,84,false,6,2190,90,123,0,0.8947368421052632,0.10526315789473684,0,0,3,2,normal,false,6,13,0,3010,2730,0,0,false,false,false,0,0,5740,38,0,
1981,random,20275,87,57,budget,3,100,false,4,1260,244,328,0,0.5862068965517241,0.20689655172413793,0.034482758620689655,0.1724137931034483,21,7,normal,false,15,44,0,6610,4670,2415,6580,false,true,true,5320,15,14955,72,3,5|4|4
1982,random,960,14,0,lock,0,62,false,3,270,27,31,0,1,0,0,0,0,-1,normal,false,11,2,0,960,0,0,0,false,false,true,0,0,960,14,0,
1983,random,2501,30,0,budget,0,53,true,5,325,57,128,0.6,0.4,0,0,0,3,10,normal,false,5,11,1171,1330,0,0,0,false,false,true,0,0,2501,30,0,
1984,random,7428,51,21,budget,1,100,true,4,690,122,155,0.13725490196078433,0.5686274509803921,0.17647058823529413,0.0196078431372549,0.09803921568627451,10,10,normal,false,7,21,253,3605,1650,900,1020,false,false,true,1590,5,5838,46,0,
1985,random,3045,30,0,budget,0,60,true,4,585,60,94,0.03333333333333333,0.9666666666666667,0,0,0,0,-1,crash,false,6,10,30,3015,0,0,0,false,false,false,0,0,3045,30,0,
1986,random,2001,30,0,budget,0,50,true,3,480,40,117,0.7333333333333333,0.26666666666666666,0,0,0,1,15,crash,false,7,7,996,1005,0,0,0,false,false,false,0,0,2001,30,0,
1987,random,13140,74,44,budget,2,100,false,5,1515,181,221,0,0.6756756756756757,0.14864864864864866,0.04054054054054054,0.13513513513513514,16,4,normal,false,10,35,0,4270,2730,1800,4340,false,false,false,3530,10,9610,64,2,4|3
1988,random,21743,53,23,budget,3,100,true,6,4020,144,243,0.1509433962264151,0.4339622641509434,0.09433962264150944,0.03773584905660377,0.2830188679245283,8,1,crash,false,11,19,223,3935,1510,1935,14140,false,true,false,13940,15,7803,38,2,4|3
1989,random,13035,57,27,budget,1,100,false,5,2210,178,209,0,0.6666666666666666,0.21052631578947367,0.03508771929824561,0.08771929824561403,10,9,normal,false,9,31,0,4880,1930,2445,3780,false,true,true,3750,5,9285,52,1,10
1990,random,2383,30,0,budget,0,62,true,4,355,57,99,0.43333333333333335,0.5666666666666667,0,0,0,5,8,normal,false,6,13,438,1945,0,0,0,false,false,true,0,0,2383,30,0,
1991,random,7338,36,6,budget,0,80,true,9,3375,106,157,0.1388888888888889,0.8611111111111112,0,0,0,6,3,normal,false,3,18,238,6920,180,0,0,false,false,false,0,0,7338,36,0,
1992,random,3954,36,6,budget,0,90,true,4,525,81,127,0.1111111111111111,0.8055555555555556,0.05555555555555555,0.027777777777777776,0,3,4,crash,false,6,16,99,3540,180,135,0,true,false,false,0,0,3954,36,0,
1993,random,4580,32,2,budget,0,73,true,6,1065,96,135,0.0625,0.90625,0.03125,0,0,2,17,normal,false,4,16,105,4385,90,0,0,false,false,true,0,0,4580,32,0,
1994,random,2476,30,0,budget,0,57,true,4,270,62,119,0.4,0.6,0,0,0,4,10,crash,false,4,14,986,1490,0,0,0,false,false,true,0,0,2476,30,0,
1995,random,10845,72,42,budget,2,100,true,4,720,159,229,0.1527777777777778,0.4305555555555556,0.20833333333333334,0.06944444444444445,0.1388888888888889,18,6,crash,false,6,37,235,3355,3400,855,3000,false,false,false,2610,10,8235,62,2,4|5
1996,random,8388,54,24,budget,0,97,true,4,1255,128,168,0.037037037037037035,0.7222222222222222,0.18518518518518517,0.05555555555555555,0,12,4,normal,false,7,23,38,3280,4710,360,0,true,true,false,0,0,8388,54,0,
1997,random,4598,41,11,budget,1,100,true,4,450,96,125,0.0975609756097561,0.7073170731707317,0.07317073170731707,0,0.12195121951219512,6,11,normal,false,7,21,323,2735,580,180,780,false,false,false,880,5,3718,36,1,2
1998,random,3703,30,0,budget,0,60,true,6,1200,72,139,0.5333333333333333,0.4666666666666667,0,0,0,3,15,crash,false,7,12,823,2880,0,0,0,false,false,false,0,0,3703,30,0,
1999,random,2774,30,0,budget,0,53,true,4,540,56,107,0.23333333333333334,0.7666666666666667,0,0,0,3,11,crash,false,7,9,549,2225,0,0,0,false,false,false,0,0,2774,30,0,
2000,random,1886,30,0,budget,0,65,true,4,233,58,84,0.4,0.6,0,0,0,2,11,normal,false,3,12,656,1230,0,0,0,false,false,true,0,0,1886,30,0,
