seed,bot,score,moves,movesEarned,endReason,frenzies,peakMeter,crashed,maxCombo,bestMovePts,proteinTiles,carbTiles,pctCrash,pctNormal,pctKeto,pctDeep,pctFrenzy,tierUpsSeen,firstTierUpMove,endState,endedWithin5OfFrenzy,longestDryGap,rewardEvents,ptsCrash,ptsNormal,ptsKeto,ptsDeep,ptsFrenzy,nearMissNoFrenzy,fellBackWithoutFrenzy,lastMoveWasReward,ptsInFrenzy,movesInFrenzy,ptsOutside,movesOutside,climbCount,climbLengths
1,tempted_1_25,19021,46,16,budget,2,100,true,7,7360,174,240,0.10869565217391304,0.6086956521739131,0.06521739130434782,0,0.21739130434782608,6,5,normal,false,4,22,416,4095,350,1620,12540,false,false,true,13600,10,5421,36,2,2|2
2,tempted_1_25,5550,34,4,budget,0,94,true,7,1560,111,165,0.029411764705882353,0.8529411764705882,0.08823529411764706,0.029411764705882353,0,3,16,normal,false,4,20,265,4760,390,135,0,true,false,true,0,0,5550,34,0,
3,tempted_1_25,5245,38,8,budget,0,95,true,4,1000,92,173,0.15789473684210525,0.7368421052631579,0.05263157894736842,0.05263157894736842,0,3,7,crash,false,7,18,425,3275,1050,495,0,true,true,true,0,0,5245,38,0,
4,tempted_1_25,3392,30,0,budget,0,50,true,4,615,66,131,0.3,0.7,0,0,0,3,15,crash,false,5,8,242,3150,0,0,0,false,false,false,0,0,3392,30,0,
5,tempted_1_25,9221,49,19,budget,1,100,true,4,1060,149,187,0.08163265306122448,0.5714285714285714,0.24489795918367346,0,0.10204081632653061,8,7,normal,false,6,20,181,3215,2670,1575,1580,false,false,false,1900,5,7321,44,1,5
6,tempted_1_25,5595,36,6,budget,0,86,false,5,1875,101,132,0,0.9166666666666666,0.08333333333333333,0,0,2,16,normal,false,7,13,0,3550,1370,675,0,false,false,true,0,0,5595,36,0,
7,tempted_1_25,5786,34,4,budget,0,82,true,5,1920,84,168,0.23529411764705882,0.7352941176470589,0.029411764705882353,0,0,5,5,crash,false,4,12,261,3215,2310,0,0,false,false,false,0,0,5786,34,0,
8,tempted_1_25,6410,36,6,budget,0,94,true,6,995,118,162,0.027777777777777776,0.8333333333333334,0.1111111111111111,0.027777777777777776,0,4,11,normal,false,8,13,15,5410,850,135,0,true,false,false,0,0,6410,36,0,
9,tempted_1_25,3898,30,0,budget,0,60,true,5,1045,80,141,0.43333333333333335,0.5666666666666667,0,0,0,4,7,normal,false,6,10,733,3165,0,0,0,false,false,false,0,0,3898,30,0,
10,tempted_1_25,2765,30,0,budget,0,61,true,3,300,71,101,0.03333333333333333,0.9666666666666667,0,0,0,1,13,normal,false,6,12,15,2750,0,0,0,false,false,false,0,0,2765,30,0,
11,tempted_1_25,3072,30,0,budget,0,67,true,4,450,69,116,0.23333333333333334,0.7666666666666667,0,0,0,2,7,normal,false,5,14,242,2830,0,0,0,false,false,true,0,0,3072,30,0,
12,tempted_1_25,13532,54,24,budget,2,100,true,6,1800,159,216,0.14814814814814814,0.5,0.12962962962962962,0.037037037037037035,0.18518518518518517,8,1,crash,false,9,22,257,3825,1710,2580,5160,false,true,false,5040,10,8492,44,2,4|5
13,tempted_1_25,8940,39,9,budget,1,100,false,6,1260,130,152,0,0.7692307692307693,0.10256410256410256,0,0.1282051282051282,3,3,normal,false,4,17,0,3700,740,0,4500,false,false,false,4120,5,4820,34,1,3
14,tempted_1_25,1649,32,2,budget,0,70,true,3,275,44,97,0.5625,0.4375,0,0,0,2,1,crash,false,18,7,484,1165,0,0,0,false,false,false,0,0,1649,32,0,
15,tempted_1_25,2821,24,8,lock,0,80,true,3,360,75,88,0.08333333333333333,0.7916666666666666,0.125,0,0,5,11,keto,false,3,13,151,2340,330,0,0,false,false,true,0,0,2821,24,0,
16,tempted_1_25,5735,32,2,budget,0,76,true,5,940,110,172,0.125,0.84375,0.03125,0,0,4,12,normal,false,4,20,155,5490,90,0,0,false,false,true,0,0,5735,32,0,
17,tempted_1_25,4835,44,14,budget,0,92,true,3,330,122,156,0,0.8863636363636364,0.06818181818181818,0.045454545454545456,0,4,29,normal,false,5,22,30,3905,630,270,0,true,false,false,0,0,4835,44,0,
18,tempted_1_25,21810,79,49,budget,3,100,true,5,2215,254,375,0.012658227848101266,0.5822784810126582,0.17721518987341772,0.0379746835443038,0.189873417721519,19,3,normal,false,4,43,75,5575,4220,4620,7320,false,true,false,6820,15,14990,64,3,3|3|4
19,tempted_1_25,4861,40,10,budget,0,79,true,4,460,111,163,0.275,0.6,0.125,0,0,8,5,normal,false,4,18,516,3195,1150,0,0,false,false,false,0,0,4861,40,0,
20,tempted_1_25,4100,36,6,budget,0,96,true,5,600,93,144,0.25,0.6111111111111112,0.1111111111111111,0.027777777777777776,0,4,1,crash,false,8,12,545,2915,460,180,0,true,true,false,0,0,4100,36,0,
21,tempted_1_25,4069,30,0,budget,0,63,true,4,640,88,155,0.26666666666666666,0.7333333333333333,0,0,0,2,18,crash,false,3,13,599,3470,0,0,0,false,false,false,0,0,4069,30,0,
22,tempted_1_25,10338,51,21,budget,1,100,true,4,2040,140,208,0.09803921568627451,0.6470588235294118,0.11764705882352941,0.0392156862745098,0.09803921568627451,10,1,crash,false,7,19,153,3280,1970,375,4560,false,true,false,3720,5,6618,46,1,5
23,tempted_1_25,5824,38,8,budget,0,83,true,5,1560,108,156,0.15789473684210525,0.7894736842105263,0.05263157894736842,0,0,7,14,normal,false,3,18,414,3460,1950,0,0,false,false,false,0,0,5824,38,0,
24,tempted_1_25,2204,30,0,budget,0,60,true,4,278,58,104,0.5,0.5,0,0,0,5,11,normal,false,4,11,714,1490,0,0,0,false,false,true,0,0,2204,30,0,
25,tempted_1_25,8761,49,19,budget,1,100,true,4,1035,143,208,0.2857142857142857,0.40816326530612246,0.14285714285714285,0.061224489795918366,0.10204081632653061,9,7,crash,false,9,21,686,2560,1720,1875,1920,false,true,false,1890,5,6871,44,1,9
26,tempted_1_25,5172,32,2,budget,0,78,true,4,510,93,183,0.25,0.65625,0.09375,0,0,5,11,normal,false,3,16,827,3655,690,0,0,false,false,false,0,0,5172,32,0,
27,tempted_1_25,27650,107,77,budget,3,100,false,4,2920,354,417,0,0.5514018691588785,0.24299065420560748,0.06542056074766354,0.14018691588785046,25,2,normal,false,6,55,0,5375,6330,3345,12600,false,true,false,11500,15,16150,92,3,2|12|4
28,tempted_1_25,2732,30,0,budget,0,59,true,3,400,69,107,0.26666666666666666,0.7333333333333333,0,0,0,3,15,normal,false,8,10,352,2380,0,0,0,false,false,false,0,0,2732,30,0,
29,tempted_1_25,5650,36,6,budget,0,88,true,5,725,117,179,0.3611111111111111,0.5277777777777778,0.08333333333333333,0.027777777777777776,0,6,2,crash,false,5,18,640,3325,1100,585,0,false,false,false,0,0,5650,36,0,
30,tempted_1_25,3456,30,0,budget,0,60,true,4,420,89,141,0.1,0.9,0,0,0,1,22,normal,false,6,11,651,2805,0,0,0,false,false,false,0,0,3456,30,0,
31,tempted_1_25,5191,34,4,budget,0,81,true,5,1040,112,163,0.14705882352941177,0.8235294117647058,0.029411764705882353,0,0,3,9,normal,false,7,15,266,4205,720,0,0,false,false,false,0,0,5191,34,0,
32,tempted_1_25,3882,32,2,budget,0,75,true,4,445,92,143,0.25,0.75,0,0,0,5,17,normal,false,8,11,532,2990,360,0,0,false,false,false,0,0,3882,32,0,
33,tempted_1_25,1215,27,0,lock,0,51,true,2,135,38,69,0.5925925925925926,0.4074074074074074,0,0,0,3,11,normal,false,7,8,360,855,0,0,0,false,false,true,0,0,1215,27,0,
34,tempted_1_25,750,13,2,lock,0,70,false,2,120,27,30,0,1,0,0,0,1,10,normal,false,5,2,0,750,0,0,0,false,false,false,0,0,750,13,0,
35,tempted_1_25,2375,18,4,lock,0,83,false,5,585,48,61,0,0.7777777777777778,0.2222222222222222,0,0,1,5,normal,false,5,7,0,1985,390,0,0,false,false,false,0,0,2375,18,0,
36,tempted_1_25,4744,38,8,budget,0,92,true,4,905,100,169,0.2631578947368421,0.6578947368421053,0.07894736842105263,0,0,9,1,normal,false,8,16,449,3695,330,270,0,true,false,true,0,0,4744,38,0,
37,tempted_1_25,8795,54,24,budget,0,94,true,6,1340,136,201,0.018518518518518517,0.7962962962962963,0.1111111111111111,0.07407407407407407,0,8,9,crash,false,14,18,0,3910,3280,1605,0,true,false,false,0,0,8795,54,0,
38,tempted_1_25,3049,30,0,budget,0,50,true,3,565,69,152,0.5333333333333333,0.4666666666666667,0,0,0,6,7,normal,false,6,12,1094,1955,0,0,0,false,false,false,0,0,3049,30,0,
39,tempted_1_25,1918,30,0,budget,0,68,true,3,200,66,104,0.36666666666666664,0.6333333333333333,0,0,0,2,9,normal,false,7,10,638,1280,0,0,0,false,false,false,0,0,1918,30,0,
40,tempted_1_25,8813,40,10,budget,0,94,true,5,1310,149,221,0.125,0.75,0.1,0.025,0,7,11,normal,false,3,21,403,5450,2780,180,0,true,false,true,0,0,8813,40,0,
41,tempted_1_25,4761,36,6,budget,0,84,true,4,470,103,149,0.08333333333333333,0.8333333333333334,0.08333333333333333,0,0,5,6,normal,false,4,14,241,3680,840,0,0,false,false,false,0,0,4761,36,0,
42,tempted_1_25,4200,36,6,budget,0,87,true,3,390,86,135,0.19444444444444445,0.75,0.05555555555555555,0,0,5,19,normal,false,6,15,250,3020,660,270,0,false,false,true,0,0,4200,36,0,
43,tempted_1_25,2449,30,0,budget,0,53,true,3,425,73,111,0.23333333333333334,0.7666666666666667,0,0,0,3,13,normal,false,4,11,384,2065,0,0,0,false,false,false,0,0,2449,30,0,
44,tempted_1_25,3741,30,0,budget,0,63,true,4,690,86,128,0.2,0.8,0,0,0,1,22,normal,false,5,12,206,3535,0,0,0,false,false,false,0,0,3741,30,0,
45,tempted_1_25,4425,40,10,budget,0,71,false,5,620,114,144,0,1,0,0,0,5,9,normal,false,5,21,0,4425,0,0,0,false,false,true,0,0,4425,40,0,
46,tempted_1_25,2355,30,0,budget,0,53,true,3,375,69,129,0.6333333333333333,0.36666666666666664,0,0,0,7,5,normal,false,4,11,945,1410,0,0,0,false,false,true,0,0,2355,30,0,
47,tempted_1_25,4598,34,4,budget,0,77,true,4,760,96,148,0.08823529411764706,0.8823529411764706,0.029411764705882353,0,0,3,13,crash,false,4,16,78,3800,720,0,0,false,false,false,0,0,4598,34,0,
48,tempted_1_25,8575,58,28,budget,0,87,true,4,910,180,241,0.034482758620689655,0.8103448275862069,0.15517241379310345,0,0,13,5,normal,false,5,31,35,5170,3370,0,0,false,false,true,0,0,8575,58,0,
49,tempted_1_25,3329,30,0,budget,0,63,true,5,325,80,126,0.13333333333333333,0.8666666666666667,0,0,0,2,17,normal,false,6,13,399,2930,0,0,0,false,false,false,0,0,3329,30,0,
50,tempted_1_25,27643,92,62,budget,4,100,true,6,3920,275,393,0.021739130434782608,0.5217391304347826,0.17391304347826086,0.06521739130434782,0.21739130434782608,19,2,normal,false,5,41,333,4940,3680,5910,12780,false,true,true,15460,20,12183,72,3,2|2|2
51,tempted_1_25,10770,45,15,budget,1,100,false,6,2010,156,194,0,0.7111111111111111,0.15555555555555556,0.022222222222222223,0.1111111111111111,4,6,normal,false,3,26,0,4435,2880,135,3320,false,true,false,3140,5,7630,40,1,6
52,tempted_1_25,4715,36,6,budget,0,93,true,5,645,104,139,0.027777777777777776,0.8055555555555556,0.1388888888888889,0.027777777777777776,0,4,8,normal,false,5,15,60,3580,940,135,0,true,false,false,0,0,4715,36,0,
53,tempted_1_25,13048,53,23,budget,1,100,true,6,2655,212,269,0.09433962264150944,0.6792452830188679,0.11320754716981132,0.018867924528301886,0.09433962264150944,11,7,crash,false,4,26,318,6645,1350,3195,1540,false,true,true,3475,5,9573,48,1,2
54,tempted_1_25,4300,26,8,lock,0,96,true,5,795,78,112,0.038461538461538464,0.8846153846153846,0.038461538461538464,0.038461538461538464,0,4,3,normal,false,4,14,65,3170,840,225,0,true,true,false,0,0,4300,26,0,
55,tempted_1_25,8558,54,24,budget,0,86,true,5,870,173,229,0.037037037037037035,0.8148148148148148,0.14814814814814814,0,0,10,1,normal,false,5,22,283,5815,2460,0,0,false,false,true,0,0,8558,54,0,
56,tempted_1_25,2533,30,0,budget,0,56,true,3,275,64,118,0.3,0.7,0,0,0,5,5,normal,false,4,14,468,2065,0,0,0,false,false,false,0,0,2533,30,0,
57,tempted_1_25,9651,48,18,budget,2,100,true,4,1440,143,179,0.0625,0.5625,0.10416666666666667,0.0625,0.20833333333333334,6,28,normal,false,7,20,146,3560,750,675,4520,false,false,true,3880,10,5771,38,2,2|7
58,tempted_1_25,3715,32,2,budget,0,71,true,4,615,86,142,0.28125,0.71875,0,0,0,3,10,crash,false,7,11,485,3230,0,0,0,false,false,true,0,0,3715,32,0,
59,tempted_1_25,11888,45,15,budget,1,100,true,6,2970,153,208,0.022222222222222223,0.7555555555555555,0.1111111111111111,0,0.1111111111111111,5,6,normal,false,9,14,83,4635,1920,2610,2640,false,true,false,3810,5,8078,40,0,
60,tempted_1_25,8523,56,26,budget,0,88,true,4,1270,148,222,0.08928571428571429,0.6964285714285714,0.19642857142857142,0.017857142857142856,0,14,6,normal,false,6,28,228,3725,3760,810,0,false,false,true,0,0,8523,56,0,
61,tempted_1_25,4543,36,6,budget,0,73,true,4,500,99,184,0.3611111111111111,0.6111111111111112,0.027777777777777776,0,0,8,5,crash,false,5,17,888,3295,360,0,0,false,false,false,0,0,4543,36,0,
62,tempted_1_25,3565,32,2,budget,0,76,true,4,455,92,118,0.0625,0.90625,0.03125,0,0,3,13,normal,false,10,16,30,3415,120,0,0,false,false,false,0,0,3565,32,0,
63,tempted_1_25,7961,44,14,budget,0,96,true,5,1200,133,193,0.1590909090909091,0.6590909090909091,0.1590909090909091,0.022727272727272728,0,9,9,crash,false,4,23,171,4820,1890,1080,0,true,true,false,0,0,7961,44,0,
64,tempted_1_25,2774,30,0,budget,0,50,true,2,320,77,132,0.4,0.6,0,0,0,4,4,crash,false,5,9,454,2320,0,0,0,false,false,false,0,0,2774,30,0,
65,tempted_1_25,14095,64,34,budget,2,100,true,5,1695,204,266,0,0.59375,0.25,0,0.15625,10,20,normal,false,6,36,120,3850,2970,2475,4680,false,true,false,4620,10,9475,54,2,5|2
66,tempted_1_25,8848,51,21,budget,1,100,true,5,975,147,179,0.058823529411764705,0.5490196078431373,0.23529411764705882,0.058823529411764705,0.09803921568627451,9,2,normal,false,7,25,448,2595,2360,1485,1960,false,true,false,1960,5,6888,46,1,8
67,tempted_1_25,2531,30,0,budget,0,53,true,4,223,74,110,0.13333333333333333,0.8666666666666667,0,0,0,2,20,normal,false,5,10,406,2125,0,0,0,false,false,true,0,0,2531,30,0,
68,tempted_1_25,11798,47,17,budget,1,100,true,5,1620,156,232,0.0425531914893617,0.723404255319149,0.10638297872340426,0.02127659574468085,0.10638297872340426,7,20,normal,false,12,24,188,5275,1620,855,3860,false,true,false,3680,5,8118,42,1,4
69,tempted_1_25,3190,30,0,budget,0,63,true,4,480,78,111,0.16666666666666666,0.8333333333333334,0,0,0,5,6,normal,false,6,12,170,3020,0,0,0,false,false,false,0,0,3190,30,0,
70,tempted_1_25,820,8,0,lock,0,58,false,3,350,23,27,0,1,0,0,0,0,-1,normal,false,5,2,0,820,0,0,0,false,false,true,0,0,820,8,0,
71,tempted_1_25,4348,32,2,budget,0,74,true,5,1545,74,150,0.1875,0.78125,0.03125,0,0,4,1,crash,false,8,13,548,3710,90,0,0,false,false,false,0,0,4348,32,0,
72,tempted_1_25,5190,28,16,lock,0,85,false,7,1390,95,121,0,0.9285714285714286,0.07142857142857142,0,0,8,2,keto,false,7,14,0,3450,1740,0,0,false,false,true,0,0,5190,28,0,
73,tempted_1_25,3981,30,0,budget,0,62,true,4,425,98,151,0.26666666666666666,0.7333333333333333,0,0,0,2,16,normal,false,6,11,396,3585,0,0,0,false,false,false,0,0,3981,30,0,
74,tempted_1_25,2344,30,0,budget,0,50,true,5,376,55,117,0.4666666666666667,0.5333333333333333,0,0,0,4,5,crash,false,4,9,814,1530,0,0,0,false,false,true,0,0,2344,30,0,
75,tempted_1_25,9900,43,13,budget,1,100,true,4,2000,155,191,0.046511627906976744,0.7674418604651163,0.046511627906976744,0.023255813953488372,0.11627906976744186,7,5,normal,false,6,19,150,4030,1070,270,4380,false,false,false,2650,5,7250,38,1,3
76,tempted_1_25,24486,78,48,budget,2,100,true,8,5750,259,351,0.05128205128205128,0.6923076923076923,0.11538461538461539,0.01282051282051282,0.1282051282051282,18,12,normal,false,6,39,271,6295,9640,4140,4140,false,false,false,9910,10,14576,68,1,3
77,tempted_1_25,5454,36,6,budget,0,79,true,6,1470,107,167,0.2222222222222222,0.7777777777777778,0,0,0,7,1,normal,false,6,17,424,4040,990,0,0,false,false,true,0,0,5454,36,0,
78,tempted_1_25,8933,49,19,budget,1,100,true,6,1115,182,241,0.12244897959183673,0.6938775510204082,0.061224489795918366,0.02040816326530612,0.10204081632653061,7,13,normal,false,3,26,638,5680,780,495,1340,false,false,true,1330,5,7603,44,0,
79,tempted_1_25,9091,47,17,budget,1,100,true,5,1340,140,201,0.1276595744680851,0.6382978723404256,0.1276595744680851,0,0.10638297872340426,6,1,crash,false,6,17,196,4895,1360,540,2100,false,false,false,2060,5,7031,42,1,2
80,tempted_1_25,19382,76,46,budget,2,100,true,6,2180,265,352,0.09210526315789473,0.5526315789473685,0.15789473684210525,0.06578947368421052,0.13157894736842105,19,14,normal,false,5,40,467,6685,3430,1800,7000,false,true,false,5030,10,14352,66,2,4|2
81,tempted_1_25,3845,32,2,budget,0,80,false,4,450,87,118,0,0.96875,0.03125,0,0,1,29,normal,false,6,12,0,3755,90,0,0,false,false,false,0,0,3845,32,0,
82,tempted_1_25,3410,32,2,budget,0,74,true,5,980,75,142,0.46875,0.53125,0,0,0,3,1,crash,false,4,12,780,2450,180,0,0,false,false,true,0,0,3410,32,0,
83,tempted_1_25,4341,30,0,budget,0,56,true,5,525,99,148,0.26666666666666666,0.7333333333333333,0,0,0,4,5,normal,false,4,14,466,3875,0,0,0,false,false,false,0,0,4341,30,0,
84,tempted_1_25,2672,30,0,budget,0,62,true,4,530,72,117,0.4666666666666667,0.5333333333333333,0,0,0,2,20,normal,false,5,10,807,1865,0,0,0,false,false,false,0,0,2672,30,0,
85,tempted_1_25,5237,30,0,budget,0,51,true,5,845,98,177,0.3333333333333333,0.6666666666666666,0,0,0,4,7,crash,false,5,12,542,4695,0,0,0,false,false,false,0,0,5237,30,0,
86,tempted_1_25,4459,34,4,budget,0,94,true,4,680,87,151,0.38235294117647056,0.5882352941176471,0,0.029411764705882353,0,4,6,crash,false,7,12,354,3190,600,315,0,true,false,false,0,0,4459,34,0,
87,tempted_1_25,3176,30,0,budget,0,51,true,4,560,82,131,0.4,0.6,0,0,0,4,7,crash,false,4,16,591,2585,0,0,0,false,false,true,0,0,3176,30,0,
88,tempted_1_25,6961,50,20,budget,0,91,true,4,935,130,183,0.1,0.66,0.24,0,0,9,9,normal,false,5,24,146,3540,2420,855,0,true,false,true,0,0,6961,50,0,
89,tempted_1_25,3295,32,2,budget,0,84,false,5,870,76,101,0,0.96875,0.03125,0,0,1,28,normal,false,8,9,0,2995,300,0,0,false,false,false,0,0,3295,32,0,
90,tempted_1_25,3426,32,2,budget,0,72,true,4,860,64,133,0.375,0.625,0,0,0,4,2,crash,false,5,11,736,1940,750,0,0,false,false,false,0,0,3426,32,0,
91,tempted_1_25,3571,30,0,budget,0,50,true,4,470,77,140,0.43333333333333335,0.5666666666666667,0,0,0,6,5,normal,false,6,11,486,3085,0,0,0,false,false,true,0,0,3571,30,0,
92,tempted_1_25,3445,30,0,budget,0,50,true,4,450,92,164,0.5666666666666667,0.43333333333333335,0,0,0,5,6,normal,false,3,15,975,2470,0,0,0,false,false,true,0,0,3445,30,0,
93,tempted_1_25,3859,30,0,budget,0,59,true,5,830,90,141,0.3333333333333333,0.6666666666666666,0,0,0,4,9,normal,false,5,13,509,3350,0,0,0,false,false,true,0,0,3859,30,0,
94,tempted_1_25,12553,59,29,budget,1,100,true,5,2430,192,236,0.01694915254237288,0.711864406779661,0.1694915254237288,0.01694915254237288,0.0847457627118644,9,2,normal,false,10,28,173,4935,1780,2565,3100,false,false,true,3430,5,9123,54,1,3
95,tempted_1_25,3203,36,6,budget,0,92,true,3,340,78,133,0.2777777777777778,0.6388888888888888,0.05555555555555555,0.027777777777777776,0,6,11,crash,false,6,16,408,2280,380,135,0,true,false,false,0,0,3203,36,0,
96,tempted_1_25,6429,38,8,budget,0,82,true,4,960,113,174,0.13157894736842105,0.7368421052631579,0.13157894736842105,0,0,5,5,crash,false,6,16,179,3380,2870,0,0,false,false,false,0,0,6429,38,0,
97,tempted_1_25,7402,40,10,budget,0,96,true,5,915,147,229,0.275,0.55,0.125,0.05,0,8,4,crash,false,6,19,687,4960,1440,315,0,true,true,false,0,0,7402,40,0,
98,tempted_1_25,4528,32,2,budget,0,74,true,4,515,103,162,0.1875,0.78125,0.03125,0,0,4,5,crash,false,6,17,383,4055,90,0,0,false,false,false,0,0,4528,32,0,
99,tempted_1_25,2726,32,2,budget,0,70,true,3,440,75,121,0.25,0.75,0,0,0,4,1,crash,false,5,15,301,2425,0,0,0,false,false,true,0,0,2726,32,0,
100,tempted_1_25,6068,40,10,budget,0,81,true,5,740,140,182,0.05,0.9,0.05,0,0,5,12,normal,false,5,21,173,5035,860,0,0,false,false,false,0,0,6068,40,0,
101,tempted_1_25,4465,36,6,budget,0,88,true,4,610,111,172,0.3611111111111111,0.5833333333333334,0.027777777777777776,0.027777777777777776,0,6,2,normal,false,5,15,605,3335,390,135,0,false,false,true,0,0,4465,36,0,
102,tempted_1_25,2961,30,0,budget,0,61,true,5,555,82,124,0.4,0.6,0,0,0,3,11,normal,false,5,11,781,2180,0,0,0,false,false,false,0,0,2961,30,0,
103,tempted_1_25,3994,30,0,budget,0,63,true,3,480,93,154,0.26666666666666666,0.7333333333333333,0,0,0,2,27,normal,false,5,12,549,3445,0,0,0,false,false,true,0,0,3994,30,0,
104,tempted_1_25,18205,64,34,budget,2,100,true,4,2800,224,302,0.03125,0.625,0.140625,0.046875,0.15625,13,9,normal,false,6,32,340,4500,3240,1365,8760,false,true,false,7100,10,11105,54,2,5|3
105,tempted_1_25,5083,36,6,budget,0,89,true,5,630,115,152,0.05555555555555555,0.8888888888888888,0.027777777777777776,0.027777777777777776,0,4,16,normal,false,5,16,113,4125,530,315,0,false,false,false,0,0,5083,36,0,
106,tempted_1_25,11160,44,14,budget,0,96,false,5,1710,174,229,0,0.7272727272727273,0.22727272727272727,0.045454545454545456,0,6,8,normal,false,5,20,0,4960,4520,1680,0,true,true,false,0,0,11160,44,0,
107,tempted_1_25,3308,30,0,budget,0,66,true,3,310,85,129,0.13333333333333333,0.8666666666666667,0,0,0,3,16,normal,false,3,15,183,3125,0,0,0,false,false,false,0,0,3308,30,0,
108,tempted_1_25,5100,36,6,budget,0,82,true,4,690,117,149,0,0.9166666666666666,0.08333333333333333,0,0,3,1,normal,false,12,12,60,3990,1050,0,0,false,false,false,0,0,5100,36,0,
109,tempted_1_25,4236,30,0,budget,0,60,true,4,470,106,150,0.13333333333333333,0.8666666666666667,0,0,0,2,12,normal,false,4,14,366,3870,0,0,0,false,false,true,0,0,4236,30,0,
110,tempted_1_25,2308,30,0,budget,0,64,true,4,420,51,97,0.3333333333333333,0.6666666666666666,0,0,0,3,12,normal,false,6,8,333,1975,0,0,0,false,false,true,0,0,2308,30,0,
111,tempted_1_25,4516,36,6,budget,0,96,true,3,420,103,153,0.1111111111111111,0.8055555555555556,0.08333333333333333,0,0,4,5,normal,false,5,14,351,3295,600,270,0,true,true,true,0,0,4516,36,0,
112,tempted_1_25,13889,41,11,budget,1,100,true,11,9410,101,186,0.14634146341463414,0.6829268292682927,0.04878048780487805,0,0.12195121951219512,3,5,crash,false,9,14,484,3040,2610,4095,3660,false,false,false,10310,5,3579,36,0,
113,tempted_1_25,2988,32,2,budget,0,76,true,4,435,75,115,0.1875,0.8125,0,0,0,2,7,crash,false,9,13,313,2315,360,0,0,false,false,false,0,0,2988,32,0,
114,tempted_1_25,2873,32,2,budget,0,70,true,3,375,76,124,0.125,0.875,0,0,0,2,14,crash,false,5,13,398,2205,270,0,0,false,false,false,0,0,2873,32,0,
115,tempted_1_25,3479,30,0,budget,0,50,true,4,685,80,146,0.5666666666666667,0.43333333333333335,0,0,0,5,3,normal,false,4,13,979,2500,0,0,0,false,false,false,0,0,3479,30,0,
116,tempted_1_25,5643,36,6,budget,0,79,true,4,570,126,176,0.08333333333333333,0.8888888888888888,0.027777777777777776,0,0,4,7,normal,false,4,16,118,5075,450,0,0,false,false,true,0,0,5643,36,0,
117,tempted_1_25,5254,40,10,budget,0,83,true,4,308,133,180,0.1,0.825,0.075,0,0,7,6,normal,false,5,17,414,3930,910,0,0,false,false,true,0,0,5254,40,0,
118,tempted_1_25,17518,53,23,budget,1,100,true,8,7560,176,253,0.18867924528301888,0.5471698113207547,0.09433962264150944,0.07547169811320754,0.09433962264150944,8,3,normal,false,7,24,998,3965,1450,5385,5720,false,true,false,9960,5,7558,48,0,
119,tempted_1_25,4463,30,0,budget,0,52,true,4,555,97,142,0.1,0.9,0,0,0,2,6,normal,false,5,11,263,4200,0,0,0,false,false,true,0,0,4463,30,0,
120,tempted_1_25,4699,36,6,budget,0,86,true,6,1113,94,151,0.25,0.6388888888888888,0.1111111111111111,0,0,7,9,normal,false,6,15,514,3105,1080,0,0,false,false,true,0,0,4699,36,0,
121,tempted_1_25,3204,32,2,budget,0,70,true,5,570,72,114,0.21875,0.78125,0,0,0,4,2,crash,false,5,10,149,3055,0,0,0,false,false,false,0,0,3204,32,0,
122,tempted_1_25,2630,34,4,budget,0,73,true,3,375,61,116,0.5,0.47058823529411764,0.029411764705882353,0,0,7,3,crash,false,7,12,440,1770,420,0,0,false,false,false,0,0,2630,34,0,
123,tempted_1_25,9305,41,11,budget,1,100,true,5,1200,132,182,0.0975609756097561,0.6829268292682927,0.0975609756097561,0,0.12195121951219512,8,10,normal,false,5,18,175,4070,1140,0,3920,false,false,false,3620,5,5685,36,1,2
124,tempted_1_25,4290,36,6,budget,0,83,true,4,405,93,131,0.05555555555555555,0.9166666666666666,0.027777777777777776,0,0,5,8,normal,false,4,18,85,3905,300,0,0,false,false,true,0,0,4290,36,0,
125,tempted_1_25,2248,30,0,budget,0,66,true,3,260,55,112,0.3333333333333333,0.6666666666666666,0,0,0,2,13,crash,false,6,10,358,1890,0,0,0,false,false,false,0,0,2248,30,0,
126,tempted_1_25,3091,30,0,budget,0,67,true,4,480,77,108,0.16666666666666666,0.8333333333333334,0,0,0,4,5,normal,false,3,13,286,2805,0,0,0,false,false,true,0,0,3091,30,0,
127,tempted_1_25,3763,30,0,budget,0,50,true,5,1155,70,146,0.5333333333333333,0.4666666666666667,0,0,0,3,4,crash,false,7,9,913,2850,0,0,0,false,false,false,0,0,3763,30,0,
128,tempted_1_25,5833,30,0,budget,0,65,true,6,1350,98,171,0.3,0.7,0,0,0,3,12,normal,false,7,15,303,5530,0,0,0,false,false,true,0,0,5833,30,0,
129,tempted_1_25,3268,30,0,budget,0,51,true,5,668,68,113,0.3,0.7,0,0,0,4,7,normal,false,6,10,558,2710,0,0,0,false,false,false,0,0,3268,30,0,
130,tempted_1_25,10330,55,25,budget,1,100,true,4,1680,155,223,0.12727272727272726,0.6545454545454545,0.10909090909090909,0.01818181818181818,0.09090909090909091,9,13,crash,false,11,23,205,3805,2050,270,4000,false,false,false,4140,5,6190,50,0,
131,tempted_1_25,6904,42,12,budget,0,82,true,5,1720,129,183,0.14285714285714285,0.8095238095238095,0.047619047619047616,0,0,8,2,normal,false,5,15,174,4310,2420,0,0,false,false,false,0,0,6904,42,0,
132,tempted_1_25,2384,30,0,budget,0,62,true,3,380,58,130,0.7333333333333333,0.26666666666666666,0,0,0,4,14,crash,false,8,15,1139,1245,0,0,0,false,false,true,0,0,2384,30,0,
133,tempted_1_25,1716,30,0,budget,0,66,true,3,200,59,84,0.3333333333333333,0.6666666666666666,0,0,0,3,10,normal,false,7,10,456,1260,0,0,0,false,false,false,0,0,1716,30,0,
134,tempted_1_25,3449,30,0,budget,0,50,true,5,810,77,151,0.5333333333333333,0.4666666666666667,0,0,0,2,8,crash,false,5,13,899,2550,0,0,0,false,false,false,0,0,3449,30,0,
135,tempted_1_25,2810,16,10,lock,0,94,false,4,1465,42,45,0,0.625,0.3125,0.0625,0,5,1,keto,false,7,8,0,670,700,1440,0,true,false,true,0,0,2810,16,0,
136,tempted_1_25,2903,34,4,budget,0,73,true,3,280,73,134,0.5,0.5,0,0,0,6,5,normal,false,4,15,803,1920,180,0,0,false,false,false,0,0,2903,34,0,
137,tempted_1_25,6220,48,18,budget,0,84,false,4,750,134,163,0,0.8958333333333334,0.10416666666666667,0,0,8,8,normal,false,9,14,0,3670,2550,0,0,false,false,false,0,0,6220,48,0,
138,tempted_1_25,1961,30,0,budget,0,62,true,3,230,61,89,0.23333333333333334,0.7666666666666667,0,0,0,3,18,normal,false,5,10,216,1745,0,0,0,false,false,true,0,0,1961,30,0,
139,tempted_1_25,8645,54,24,budget,0,94,true,6,1200,153,207,0.018518518518518517,0.7222222222222222,0.2222222222222222,0.037037037037037035,0,9,28,crash,false,8,25,0,4495,3160,990,0,true,false,false,0,0,8645,54,0,
140,tempted_1_25,3431,30,0,budget,0,50,true,4,395,91,150,0.26666666666666666,0.7333333333333333,0,0,0,4,8,crash,false,7,17,926,2505,0,0,0,false,false,false,0,0,3431,30,0,
141,tempted_1_25,13030,55,25,budget,1,100,false,5,2370,172,226,0,0.7090909090909091,0.16363636363636364,0.03636363636363636,0.09090909090909091,10,1,normal,false,10,23,0,4040,4100,1830,3060,false,true,false,4010,5,9020,50,1,4
142,tempted_1_25,4745,32,2,budget,0,76,true,4,760,102,143,0.03125,0.96875,0,0,0,2,6,normal,false,7,8,130,4255,360,0,0,false,false,false,0,0,4745,32,0,
143,tempted_1_25,9535,46,16,budget,2,100,false,5,3120,111,154,0,0.6956521739130435,0.08695652173913043,0,0.21739130434782608,4,6,normal,false,13,18,0,2635,840,360,5700,false,false,false,5820,10,3715,36,2,2|3
144,tempted_1_25,6305,40,10,budget,0,83,false,6,2145,113,150,0,0.925,0.075,0,0,5,9,normal,false,4,19,0,3225,3080,0,0,false,false,true,0,0,6305,40,0,
145,tempted_1_25,8965,39,9,budget,1,100,true,5,3520,121,169,0.2564102564102564,0.5384615384615384,0.07692307692307693,0,0.1282051282051282,6,10,normal,false,4,23,260,2705,1180,0,4820,false,false,true,4960,5,4005,34,1,2
146,tempted_1_25,5315,36,6,budget,0,83,true,4,750,120,187,0.2777777777777778,0.6666666666666666,0.05555555555555555,0,0,6,15,normal,false,6,18,980,3655,680,0,0,false,false,false,0,0,5315,36,0,
147,tempted_1_25,14182,57,27,budget,3,100,true,6,3200,169,254,0.14035087719298245,0.45614035087719296,0.12280701754385964,0.017543859649122806,0.2631578947368421,9,12,crash,false,4,25,577,4065,1340,720,7480,false,false,true,7880,15,6302,42,2,3|2
148,tempted_1_25,6795,40,10,budget,0,86,false,7,1495,130,170,0,0.925,0.075,0,0,4,21,normal,false,7,14,0,5775,480,540,0,false,false,false,0,0,6795,40,0,
149,tempted_1_25,9883,44,14,budget,2,100,true,5,2040,131,171,0.13636363636363635,0.5227272727272727,0.09090909090909091,0.022727272727272728,0.22727272727272727,7,10,keto,false,6,23,513,3210,520,180,5460,false,false,true,5460,10,4423,34,2,2|4
150,tempted_1_25,2755,30,0,budget,0,66,false,4,360,73,97,0,1,0,0,0,0,-1,normal,false,4,10,0,2755,0,0,0,false,false,false,0,0,2755,30,0,
151,tempted_1_25,7573,50,20,budget,0,90,true,4,900,151,236,0.08,0.8,0.1,0.02,0,10,3,crash,false,7,25,308,5110,2020,135,0,true,false,true,0,0,7573,50,0,
152,tempted_1_25,2742,30,0,budget,0,56,true,4,445,72,119,0.3,0.7,0,0,0,2,17,crash,false,5,9,487,2255,0,0,0,false,false,false,0,0,2742,30,0,
153,tempted_1_25,3747,32,2,budget,0,75,true,4,560,81,126,0.21875,0.78125,0,0,0,5,14,normal,false,4,13,327,2910,510,0,0,false,false,true,0,0,3747,32,0,
154,tempted_1_25,3861,32,2,budget,0,74,true,4,460,111,165,0.21875,0.75,0.03125,0,0,4,12,normal,false,3,15,941,2830,90,0,0,false,false,false,0,0,3861,32,0,
155,tempted_1_25,6374,44,14,budget,0,92,true,4,505,133,189,0.11363636363636363,0.7954545454545454,0.06818181818181818,0.022727272727272728,0,8,5,normal,false,5,19,264,4470,1190,450,0,true,false,false,0,0,6374,44,0,
156,tempted_1_25,3221,30,0,budget,0,66,true,5,900,67,120,0.26666666666666666,0.7333333333333333,0,0,0,4,11,normal,false,6,10,536,2685,0,0,0,false,false,true,0,0,3221,30,0,
157,tempted_1_25,3593,32,2,budget,0,70,true,4,535,83,126,0.25,0.75,0,0,0,6,1,normal,false,9,15,528,3065,0,0,0,false,false,true,0,0,3593,32,0,
158,tempted_1_25,7722,44,14,budget,0,85,true,6,1650,136,202,0.18181818181818182,0.7272727272727273,0.09090909090909091,0,0,11,1,normal,false,6,21,377,4265,3080,0,0,false,false,true,0,0,7722,44,0,
159,tempted_1_25,12989,56,26,budget,2,100,true,6,2550,161,217,0.14285714285714285,0.5,0.14285714285714285,0.03571428571428571,0.17857142857142858,11,7,normal,false,6,28,514,3185,870,1620,6800,false,false,true,7480,10,5509,46,1,4
160,tempted_1_25,2470,32,2,budget,0,72,true,3,405,66,114,0.25,0.71875,0.03125,0,0,2,2,crash,false,4,10,405,1975,90,0,0,false,false,false,0,0,2470,32,0,
161,tempted_1_25,4783,36,6,budget,0,84,true,4,645,108,144,0.05555555555555555,0.8888888888888888,0.05555555555555555,0,0,4,9,normal,false,9,14,68,3935,780,0,0,false,false,false,0,0,4783,36,0,
162,tempted_1_25,2223,30,0,budget,0,55,true,3,180,61,104,0.13333333333333333,0.8666666666666667,0,0,0,1,23,crash,false,15,8,323,1900,0,0,0,false,false,false,0,0,2223,30,0,
163,tempted_1_25,3037,30,0,budget,0,67,true,4,350,83,129,0.26666666666666666,0.7333333333333333,0,0,0,3,12,normal,false,4,13,587,2450,0,0,0,false,false,false,0,0,3037,30,0,
164,tempted_1_25,2518,30,0,budget,0,50,true,3,385,56,111,0.23333333333333334,0.7666666666666667,0,0,0,2,12,crash,false,5,8,553,1965,0,0,0,false,false,false,0,0,2518,30,0,
165,tempted_1_25,20909,74,44,budget,2,100,true,4,2600,256,325,0.08108108108108109,0.4864864864864865,0.24324324324324326,0.05405405405405406,0.13513513513513514,15,5,crash,false,4,37,259,4855,3520,3435,8840,false,true,false,10400,10,10509,64,2,4|3
166,tempted_1_25,3308,30,0,budget,0,57,true,4,340,76,144,0.3333333333333333,0.6666666666666666,0,0,0,3,6,crash,false,5,14,673,2635,0,0,0,false,false,true,0,0,3308,30,0,
167,tempted_1_25,9342,44,14,budget,0,98,true,6,1020,166,236,0.25,0.5,0.25,0,0,10,2,normal,false,3,21,887,5390,1850,1215,0,true,true,false,0,0,9342,44,0,
168,tempted_1_25,3216,30,0,budget,0,55,true,4,405,74,130,0.2,0.8,0,0,0,2,21,crash,false,4,10,406,2810,0,0,0,false,false,false,0,0,3216,30,0,
169,tempted_1_25,7100,38,8,budget,0,89,false,7,1375,125,185,0,0.9210526315789473,0.05263157894736842,0.02631578947368421,0,4,23,normal,false,4,19,0,5570,330,1200,0,false,false,true,0,0,7100,38,0,
170,tempted_1_25,1800,30,0,budget,0,50,true,3,330,43,117,0.6333333333333333,0.36666666666666664,0,0,0,3,5,normal,false,10,8,675,1125,0,0,0,false,false,true,0,0,1800,30,0,
171,tempted_1_25,4494,32,2,budget,0,80,true,7,950,95,160,0.34375,0.65625,0,0,0,4,10,crash,false,5,14,1319,2905,270,0,0,false,false,true,0,0,4494,32,0,
172,tempted_1_25,5754,38,8,budget,0,84,true,5,700,115,187,0.18421052631578946,0.7631578947368421,0.05263157894736842,0,0,6,11,crash,false,3,15,454,4280,1020,0,0,false,false,false,0,0,5754,38,0,
173,tempted_1_25,5189,32,2,budget,0,74,true,4,690,113,161,0.15625,0.84375,0,0,0,3,6,normal,false,6,12,329,4500,360,0,0,false,false,false,0,0,5189,32,0,
174,tempted_1_25,4338,30,0,budget,0,51,true,4,580,96,155,0.16666666666666666,0.8333333333333334,0,0,0,2,15,normal,false,10,16,543,3795,0,0,0,false,false,true,0,0,4338,30,0,
175,tempted_1_25,20218,61,31,budget,1,100,true,9,7545,214,280,0.04918032786885246,0.5901639344262295,0.2459016393442623,0.03278688524590164,0.08196721311475409,13,7,normal,false,3,34,228,4565,2810,1635,10980,false,true,true,11625,5,8593,56,0,
176,tempted_1_25,12976,49,19,budget,1,100,true,6,5165,139,209,0.12244897959183673,0.6122448979591837,0.12244897959183673,0.04081632653061224,0.10204081632653061,10,1,normal,false,6,22,406,3095,1630,5085,2760,false,false,true,2700,5,10276,44,1,5
177,tempted_1_25,3185,30,0,budget,0,59,true,5,630,70,107,0.1,0.9,0,0,0,3,7,normal,false,5,13,85,3100,0,0,0,false,false,false,0,0,3185,30,0,
178,tempted_1_25,2988,30,0,budget,0,50,true,5,428,78,128,0.4,0.6,0,0,0,5,6,crash,false,5,12,603,2385,0,0,0,false,false,false,0,0,2988,30,0,
179,tempted_1_25,5623,32,2,budget,0,76,true,5,1290,102,176,0.28125,0.71875,0,0,0,5,13,crash,false,4,14,653,3800,1170,0,0,false,false,false,0,0,5623,32,0,
180,tempted_1_25,4163,30,0,budget,0,56,true,5,720,84,146,0.13333333333333333,0.8666666666666667,0,0,0,2,15,normal,false,6,8,178,3985,0,0,0,false,false,false,0,0,4163,30,0,
181,tempted_1_25,2878,30,0,budget,0,69,true,4,555,81,117,0.26666666666666666,0.7333333333333333,0,0,0,2,14,normal,false,4,11,398,2480,0,0,0,false,false,true,0,0,2878,30,0,
182,tempted_1_25,7489,38,8,budget,0,88,true,7,1245,128,198,0.18421052631578946,0.7631578947368421,0.02631578947368421,0.02631578947368421,0,6,9,normal,false,5,15,1054,5190,120,1125,0,false,false,true,0,0,7489,38,0,
183,tempted_1_25,3389,30,0,budget,0,61,true,4,790,75,123,0.23333333333333334,0.7666666666666667,0,0,0,3,10,normal,false,5,10,219,3170,0,0,0,false,false,true,0,0,3389,30,0,
184,tempted_1_25,4023,30,0,budget,0,58,true,4,640,81,124,0.1,0.9,0,0,0,1,24,normal,false,7,12,128,3895,0,0,0,false,false,false,0,0,4023,30,0,
185,tempted_1_25,3461,30,0,budget,0,66,true,5,895,78,111,0.16666666666666666,0.8333333333333334,0,0,0,3,8,normal,false,3,12,136,3325,0,0,0,false,false,false,0,0,3461,30,0,
186,tempted_1_25,11684,56,26,budget,0,97,true,6,1155,177,252,0.08928571428571429,0.6428571428571429,0.25,0.017857142857142856,0,14,10,normal,false,6,29,174,5490,4760,1260,0,true,true,true,0,0,11684,56,0,
187,tempted_1_25,3988,29,6,lock,0,87,true,4,1065,78,111,0.13793103448275862,0.8275862068965517,0.034482758620689655,0,0,5,11,normal,false,3,12,388,2205,990,405,0,false,false,true,0,0,3988,29,0,
188,tempted_1_25,5031,34,4,budget,0,79,true,6,815,112,172,0.14705882352941177,0.8235294117647058,0.029411764705882353,0,0,5,11,normal,false,5,13,736,4205,90,0,0,false,false,false,0,0,5031,34,0,
189,tempted_1_25,12815,56,26,budget,0,98,true,5,1165,204,282,0,0.8392857142857143,0.125,0.03571428571428571,0,10,2,normal,false,5,26,60,7330,3490,1935,0,true,true,false,0,0,12815,56,0,
190,tempted_1_25,12705,59,29,budget,1,100,true,6,1860,202,260,0.03389830508474576,0.6779661016949152,0.15254237288135594,0.05084745762711865,0.0847457627118644,13,1,normal,false,5,30,50,5575,2900,540,3640,false,true,false,3010,5,9695,54,1,4
191,tempted_1_25,4998,36,6,budget,0,82,true,5,1380,87,157,0.25,0.6944444444444444,0.05555555555555555,0,0,7,1,crash,false,6,17,548,2530,1920,0,0,false,false,false,0,0,4998,36,0,
192,tempted_1_25,3604,30,0,budget,0,50,true,7,1650,65,117,0.4666666666666667,0.5333333333333333,0,0,0,6,9,normal,false,5,9,414,3190,0,0,0,false,false,false,0,0,3604,30,0,
193,tempted_1_25,3326,30,0,budget,0,60,true,5,1060,73,104,0.1,0.9,0,0,0,3,12,normal,false,7,8,301,3025,0,0,0,false,false,true,0,0,3326,30,0,
194,tempted_1_25,3440,32,2,budget,0,74,true,6,1025,63,136,0.625,0.34375,0.03125,0,0,4,1,crash,false,12,8,910,2440,90,0,0,false,false,true,0,0,3440,32,0,
195,tempted_1_25,3191,30,0,budget,0,54,true,3,480,75,119,0.16666666666666666,0.8333333333333334,0,0,0,2,18,crash,false,4,12,186,3005,0,0,0,false,false,false,0,0,3191,30,0,
196,tempted_1_25,3766,30,0,budget,0,50,true,5,618,88,127,0.2,0.8,0,0,0,5,5,normal,false,4,14,401,3365,0,0,0,false,false,true,0,0,3766,30,0,
197,tempted_1_25,2628,32,2,budget,0,83,true,2,240,73,104,0.15625,0.8125,0.03125,0,0,3,3,normal,false,8,11,178,2050,400,0,0,false,false,false,0,0,2628,32,0,
198,tempted_1_25,6750,13,15,lock,1,100,false,6,2610,56,68,0,0.38461538461538464,0.23076923076923078,0,0.38461538461538464,3,1,normal,false,3,7,0,660,2220,810,3060,false,false,false,5490,5,1260,8,1,2
199,tempted_1_25,3868,32,2,budget,0,72,true,4,545,76,131,0.09375,0.875,0.03125,0,0,2,2,crash,false,7,14,198,3580,90,0,0,false,false,true,0,0,3868,32,0,
200,tempted_1_25,2942,30,0,budget,0,50,true,5,1095,58,145,0.6333333333333333,0.36666666666666664,0,0,0,4,12,normal,false,10,9,987,1955,0,0,0,false,false,false,0,0,2942,30,0,
201,tempted_1_25,2093,30,0,budget,0,68,true,2,250,62,91,0.1,0.9,0,0,0,1,14,crash,false,8,7,73,2020,0,0,0,false,false,false,0,0,2093,30,0,
202,tempted_1_25,3637,30,0,budget,0,56,true,5,730,80,140,0.43333333333333335,0.5666666666666667,0,0,0,5,8,normal,false,3,14,637,3000,0,0,0,false,false,true,0,0,3637,30,0,
203,tempted_1_25,6690,32,2,budget,0,73,true,8,1730,127,172,0,0.9375,0.0625,0,0,1,18,normal,false,6,15,185,6295,210,0,0,false,false,false,0,0,6690,32,0,
204,tempted_1_25,7720,41,11,budget,1,100,true,5,1345,126,188,0.12195121951219512,0.7073170731707317,0.04878048780487805,0,0.12195121951219512,6,8,normal,false,5,20,685,2980,1410,945,1700,false,false,false,2200,5,5520,36,0,
205,tempted_1_25,2337,30,0,budget,0,50,true,3,240,71,138,0.6333333333333333,0.36666666666666664,0,0,0,5,4,crash,false,6,11,1062,1275,0,0,0,false,false,false,0,0,2337,30,0,
206,tempted_1_25,9754,30,0,budget,0,68,true,9,3170,129,225,0.4,0.6,0,0,0,4,6,normal,false,3,16,924,8830,0,0,0,false,false,false,0,0,9754,30,0,
207,tempted_1_25,11772,59,29,budget,1,100,true,5,1140,177,258,0.11864406779661017,0.6101694915254238,0.1694915254237288,0.01694915254237288,0.0847457627118644,13,1,crash,false,6,25,572,4770,2720,810,2900,false,false,false,2120,5,9652,54,1,3
208,tempted_1_25,8293,41,11,budget,1,100,true,4,1700,126,195,0.12195121951219512,0.6097560975609756,0.14634146341463414,0,0.12195121951219512,5,20,normal,true,6,24,813,3045,940,675,2820,false,true,false,1240,5,7053,36,1,3
209,tempted_1_25,2322,30,0,budget,0,57,true,4,405,69,127,0.5,0.5,0,0,0,3,13,crash,false,5,13,722,1600,0,0,0,false,false,false,0,0,2322,30,0,
210,tempted_1_25,2866,30,0,budget,0,61,true,2,210,76,120,0.1,0.9,0,0,0,1,13,normal,false,12,7,126,2740,0,0,0,false,false,false,0,0,2866,30,0,
211,tempted_1_25,2689,30,0,budget,0,50,true,4,425,61,118,0.43333333333333335,0.5666666666666667,0,0,0,0,-1,crash,false,10,7,409,2280,0,0,0,false,false,false,0,0,2689,30,0,
212,tempted_1_25,5546,36,6,budget,0,85,true,6,810,110,162,0.1388888888888889,0.8055555555555556,0.05555555555555555,0,0,7,2,normal,false,3,21,241,5065,240,0,0,false,false,true,0,0,5546,36,0,
213,tempted_1_25,6751,38,8,budget,0,79,true,6,1740,119,170,0.07894736842105263,0.868421052631579,0.05263157894736842,0,0,4,7,normal,false,9,13,111,4780,1860,0,0,false,false,true,0,0,6751,38,0,
214,tempted_1_25,3649,38,8,budget,0,83,true,4,503,95,126,0.10526315789473684,0.7631578947368421,0.13157894736842105,0,0,5,6,normal,false,9,11,399,2770,480,0,0,false,false,false,0,0,3649,38,0,
215,tempted_1_25,17245,59,29,budget,1,100,true,6,2335,219,302,0.03389830508474576,0.7796610169491526,0.06779661016949153,0.03389830508474576,0.0847457627118644,10,4,normal,false,8,29,230,7850,5320,1125,2720,false,false,false,2865,5,14380,54,1,2
216,tempted_1_25,3625,38,8,budget,0,94,true,3,645,89,118,0.02631578947368421,0.9210526315789473,0.02631578947368421,0.02631578947368421,0,5,12,normal,false,5,16,85,2835,570,135,0,true,false,false,0,0,3625,38,0,
217,tempted_1_25,2431,30,0,budget,0,50,true,4,390,57,116,0.4,0.6,0,0,0,3,8,crash,false,4,12,551,1880,0,0,0,false,false,true,0,0,2431,30,0,
218,tempted_1_25,3468,32,2,budget,0,70,true,4,415,86,131,0.125,0.875,0,0,0,1,19,crash,false,5,10,308,3160,0,0,0,false,false,false,0,0,3468,32,0,
219,tempted_1_25,3224,30,0,budget,0,52,true,3,340,84,118,0.13333333333333333,0.8666666666666667,0,0,0,1,11,normal,false,4,11,339,2885,0,0,0,false,false,false,0,0,3224,30,0,
220,tempted_1_25,3790,30,0,budget,0,67,true,4,420,88,127,0.03333333333333333,0.9666666666666667,0,0,0,0,-1,crash,false,3,14,0,3790,0,0,0,false,false,false,0,0,3790,30,0,
221,tempted_1_25,5418,38,8,budget,0,83,true,7,1090,112,161,0.13157894736842105,0.7894736842105263,0.07894736842105263,0,0,8,1,normal,false,6,19,588,3990,840,0,0,false,false,true,0,0,5418,38,0,
222,tempted_1_25,13840,56,26,budget,2,100,true,4,1800,172,218,0.017857142857142856,0.5892857142857143,0.17857142857142858,0.03571428571428571,0.17857142857142858,9,8,normal,false,8,27,30,3390,1720,1200,7500,false,false,false,7350,10,6490,46,2,3|3
223,tempted_1_25,4892,30,0,budget,0,58,true,8,1870,99,151,0.3,0.7,0,0,0,4,11,normal,false,5,14,607,4285,0,0,0,false,false,true,0,0,4892,30,0,
224,tempted_1_25,7734,40,10,budget,0,97,true,5,1470,121,200,0.225,0.7,0.05,0.025,0,7,9,crash,false,7,17,264,4825,980,1665,0,true,true,false,0,0,7734,40,0,
225,tempted_1_25,3198,30,0,budget,0,51,true,4,480,76,115,0.13333333333333333,0.8666666666666667,0,0,0,3,9,normal,false,2,15,233,2965,0,0,0,false,false,true,0,0,3198,30,0,
226,tempted_1_25,5377,30,0,budget,0,62,true,6,1260,102,175,0.23333333333333334,0.7666666666666667,0,0,0,4,4,normal,false,3,18,1087,4290,0,0,0,false,false,true,0,0,5377,30,0,
227,tempted_1_25,8466,46,16,budget,0,98,true,5,1060,139,200,0.17391304347826086,0.6086956521739131,0.1956521739130435,0.021739130434782608,0,12,5,crash,false,4,21,276,4190,3460,540,0,true,true,false,0,0,8466,46,0,
228,tempted_1_25,2799,30,0,budget,0,51,true,4,603,63,115,0.43333333333333335,0.5666666666666667,0,0,0,6,7,normal,false,4,10,674,2125,0,0,0,false,false,false,0,0,2799,30,0,
229,tempted_1_25,3555,30,0,budget,0,56,true,4,670,76,149,0.3333333333333333,0.6666666666666666,0,0,0,2,7,normal,false,8,11,590,2965,0,0,0,false,false,true,0,0,3555,30,0,
230,tempted_1_25,6694,46,16,budget,0,99,true,5,1410,128,187,0.10869565217391304,0.6304347826086957,0.1956521739130435,0.06521739130434782,0,10,7,crash,false,6,20,464,2785,2800,645,0,true,true,false,0,0,6694,46,0,
231,tempted_1_25,6400,42,12,budget,0,91,true,3,820,133,174,0.047619047619047616,0.8571428571428571,0.047619047619047616,0.047619047619047616,0,6,13,normal,false,4,20,70,3830,2050,450,0,true,false,false,0,0,6400,42,0,
232,tempted_1_25,7963,37,7,budget,1,100,true,4,2140,113,145,0.1891891891891892,0.6486486486486487,0.02702702702702703,0,0.13513513513513514,7,3,normal,false,4,16,403,2480,420,0,4660,false,false,true,4040,5,3923,32,0,
233,tempted_1_25,2755,30,0,budget,0,55,true,3,435,67,109,0.4,0.6,0,0,0,3,11,crash,false,6,11,370,2385,0,0,0,false,false,true,0,0,2755,30,0,
234,tempted_1_25,6478,40,10,budget,0,91,true,5,1100,128,182,0.1,0.825,0.075,0,0,6,2,crash,false,14,14,188,4790,960,540,0,true,false,true,0,0,6478,40,0,
235,tempted_1_25,2600,30,0,budget,0,50,true,4,395,60,125,0.6,0.4,0,0,0,4,5,crash,false,8,12,940,1660,0,0,0,false,false,false,0,0,2600,30,0,
236,tempted_1_25,8583,49,19,budget,1,100,true,4,1060,144,203,0.04081632653061224,0.7346938775510204,0.08163265306122448,0.04081632653061224,0.10204081632653061,8,6,normal,false,5,25,103,3505,1920,675,2380,false,true,false,2060,5,6523,44,1,3
237,tempted_1_25,4624,38,8,budget,0,90,true,4,870,101,148,0.3157894736842105,0.5526315789473685,0.10526315789473684,0.02631578947368421,0,7,7,normal,false,7,15,629,1665,1460,870,0,true,false,false,0,0,4624,38,0,
238,tempted_1_25,2654,30,0,budget,0,53,true,5,435,70,120,0.43333333333333335,0.5666666666666667,0,0,0,3,10,normal,false,5,13,1064,1590,0,0,0,false,false,false,0,0,2654,30,0,
239,tempted_1_25,3730,34,4,budget,0,79,true,4,540,97,138,0.029411764705882353,0.9117647058823529,0.058823529411764705,0,0,3,8,normal,false,4,16,70,3350,310,0,0,false,false,true,0,0,3730,34,0,
240,tempted_1_25,7690,36,6,budget,0,97,true,5,1005,137,186,0.027777777777777776,0.7777777777777778,0.16666666666666666,0.027777777777777776,0,4,3,normal,false,4,16,55,5245,1490,900,0,true,true,true,0,0,7690,36,0,
241,tempted_1_25,3485,30,0,budget,0,65,true,6,983,70,143,0.4,0.6,0,0,0,4,17,crash,false,6,10,725,2760,0,0,0,false,false,false,0,0,3485,30,0,
242,tempted_1_25,8967,45,15,budget,1,100,true,5,1040,149,242,0.3111111111111111,0.4666666666666667,0.06666666666666667,0.044444444444444446,0.1111111111111111,8,11,normal,false,6,20,1247,5210,1190,360,960,false,false,false,940,5,8027,40,1,4
243,tempted_1_25,18585,61,35,lock,3,100,true,4,3920,197,256,0.01639344262295082,0.5409836065573771,0.18032786885245902,0.01639344262295082,0.2459016393442623,10,1,normal,false,7,23,20,4200,2710,1155,10500,false,false,false,7860,15,10725,46,3,2|3|2
244,tempted_1_25,3213,30,0,budget,0,63,true,4,420,73,133,0.13333333333333333,0.8666666666666667,0,0,0,2,8,crash,false,5,13,288,2925,0,0,0,false,false,false,0,0,3213,30,0,
245,tempted_1_25,7178,38,8,budget,0,92,true,5,2095,113,168,0.13157894736842105,0.8157894736842105,0.05263157894736842,0,0,5,10,crash,false,4,15,98,4205,940,1935,0,true,false,false,0,0,7178,38,0,
246,tempted_1_25,3958,28,2,lock,0,72,true,5,1245,77,124,0.35714285714285715,0.6428571428571429,0,0,0,3,12,normal,false,4,11,348,3250,360,0,0,false,false,false,0,0,3958,28,0,
247,tempted_1_25,26875,83,53,budget,3,100,false,5,3300,291,361,0,0.5783132530120482,0.2289156626506024,0.012048192771084338,0.18072289156626506,18,2,normal,false,8,40,0,5310,3180,3345,15040,false,false,true,14390,15,12485,68,3,2|4|3
248,tempted_1_25,3002,30,0,budget,0,64,true,4,630,69,119,0.3,0.7,0,0,0,2,11,crash,false,4,9,342,2660,0,0,0,false,false,false,0,0,3002,30,0,
249,tempted_1_25,5496,39,9,budget,1,100,true,4,680,114,161,0.20512820512820512,0.6153846153846154,0.05128205128205128,0,0.1282051282051282,4,7,crash,false,5,19,666,2340,190,180,2120,false,false,false,1880,5,3616,34,1,2
250,tempted_1_25,2541,30,0,budget,0,55,true,3,225,57,101,0.2,0.8,0,0,0,2,22,crash,false,5,9,196,2345,0,0,0,false,false,false,0,0,2541,30,0,
251,tempted_1_25,4332,32,2,budget,0,72,true,5,720,96,149,0.21875,0.78125,0,0,0,4,13,normal,false,5,14,632,3520,180,0,0,false,false,true,0,0,4332,32,0,
252,tempted_1_25,3224,30,0,budget,0,65,true,3,475,77,116,0.16666666666666666,0.8333333333333334,0,0,0,3,5,normal,false,4,10,239,2985,0,0,0,false,false,true,0,0,3224,30,0,
253,tempted_1_25,6711,51,21,budget,1,100,true,5,1090,124,158,0.11764705882352941,0.6666666666666666,0.09803921568627451,0.0196078431372549,0.09803921568627451,8,1,normal,false,5,25,186,3170,820,615,1920,false,true,false,2230,5,4481,46,0,
254,tempted_1_25,2302,30,0,budget,0,50,true,3,255,60,110,0.36666666666666664,0.6333333333333333,0,0,0,4,9,crash,false,3,15,427,1875,0,0,0,false,false,false,0,0,2302,30,0,
255,tempted_1_25,16919,68,38,budget,2,100,true,4,2040,205,285,0.14705882352941177,0.5,0.17647058823529413,0.029411764705882353,0.14705882352941177,15,2,normal,false,7,32,739,3380,2840,4080,5880,false,false,true,8365,10,8554,58,1,3
256,tempted_1_25,3963,36,6,budget,0,88,true,3,530,97,135,0.08333333333333333,0.8611111111111112,0.027777777777777776,0.027777777777777776,0,5,7,normal,false,6,14,293,2950,540,180,0,false,false,true,0,0,3963,36,0,
257,tempted_1_25,3773,34,4,budget,0,85,true,3,360,101,145,0.11764705882352941,0.7941176470588235,0.08823529411764706,0,0,4,14,normal,false,8,13,398,2795,580,0,0,false,false,false,0,0,3773,34,0,
258,tempted_1_25,3563,32,2,budget,0,78,true,4,720,84,135,0.21875,0.75,0.03125,0,0,3,1,crash,false,9,12,448,3025,90,0,0,false,false,false,0,0,3563,32,0,
259,tempted_1_25,3173,30,0,budget,0,53,true,5,1430,66,131,0.5666666666666667,0.43333333333333335,0,0,0,6,6,normal,false,5,12,873,2300,0,0,0,false,false,true,0,0,3173,30,0,
260,tempted_1_25,4738,36,6,budget,0,96,true,5,745,92,173,0.3611111111111111,0.5555555555555556,0.05555555555555555,0.027777777777777776,0,4,5,crash,false,7,14,563,3380,660,135,0,true,true,false,0,0,4738,36,0,
261,tempted_1_25,3090,20,4,lock,0,81,true,4,665,68,89,0,0.95,0.05,0,0,2,11,normal,false,4,8,60,2530,500,0,0,false,false,false,0,0,3090,20,0,
262,tempted_1_25,613,11,0,lock,0,53,true,2,150,20,30,0.2727272727272727,0.7272727272727273,0,0,0,2,6,normal,false,3,4,133,480,0,0,0,false,false,false,0,0,613,11,0,
263,tempted_1_25,3776,32,2,budget,0,72,true,3,590,92,158,0.21875,0.75,0.03125,0,0,3,2,crash,false,6,15,456,3160,160,0,0,false,false,true,0,0,3776,32,0,
264,tempted_1_25,12215,65,35,budget,1,100,false,4,2355,182,251,0,0.7076923076923077,0.12307692307692308,0.09230769230769231,0.07692307692307693,11,2,normal,false,7,26,0,4425,3080,1530,3180,false,true,false,3375,5,8840,60,1,2
265,tempted_1_25,540,5,0,lock,0,52,false,2,150,12,21,0,1,0,0,0,0,-1,normal,false,5,0,0,540,0,0,0,false,false,false,0,0,540,5,0,
266,tempted_1_25,19001,57,27,budget,1,100,true,5,3400,228,308,0.05263157894736842,0.6491228070175439,0.19298245614035087,0.017543859649122806,0.08771929824561403,11,1,normal,false,5,29,71,7100,3020,1890,6920,false,false,false,6940,5,12061,52,1,3
267,tempted_1_25,7250,44,14,budget,0,93,true,5,1140,133,195,0.022727272727272728,0.8863636363636364,0.06818181818181818,0.022727272727272728,0,7,10,normal,false,6,19,60,5320,1690,180,0,true,false,false,0,0,7250,44,0,
268,tempted_1_25,5678,43,13,budget,1,100,true,3,800,114,152,0.023255813953488372,0.7209302325581395,0.11627906976744186,0.023255813953488372,0.11627906976744186,5,1,normal,false,5,20,223,2470,1560,405,1020,false,false,true,1390,5,4288,38,1,3
269,tempted_1_25,9286,45,15,budget,1,100,true,6,1080,124,186,0.37777777777777777,0.4,0.06666666666666667,0.044444444444444446,0.1111111111111111,10,1,crash,false,5,18,991,2565,1200,630,3900,false,false,false,4180,5,5106,40,0,
270,tempted_1_25,3905,30,0,budget,0,69,true,4,740,95,141,0.3,0.7,0,0,0,3,6,normal,false,10,7,705,3200,0,0,0,false,false,false,0,0,3905,30,0,
271,tempted_1_25,3816,32,2,budget,0,82,true,4,520,82,180,0.625,0.34375,0.03125,0,0,5,1,crash,false,3,15,2021,1495,300,0,0,false,false,true,0,0,3816,32,0,
272,tempted_1_25,5565,36,6,budget,0,78,false,7,1580,117,153,0,0.9722222222222222,0.027777777777777776,0,0,3,5,normal,false,5,15,0,4575,990,0,0,false,false,false,0,0,5565,36,0,
273,tempted_1_25,4109,36,6,budget,0,74,true,4,525,93,138,0.3333333333333333,0.6111111111111112,0.05555555555555555,0,0,7,3,normal,false,5,16,424,3295,390,0,0,false,false,true,0,0,4109,36,0,
274,tempted_1_25,7608,36,6,budget,0,86,true,4,1210,121,192,0.08333333333333333,0.75,0.16666666666666666,0,0,5,7,normal,false,3,21,293,4045,2460,810,0,false,false,true,0,0,7608,36,0,
275,tempted_1_25,3013,30,0,budget,0,55,true,3,300,80,139,0.16666666666666666,0.8333333333333334,0,0,0,2,10,normal,false,3,18,218,2795,0,0,0,false,false,true,0,0,3013,30,0,
276,tempted_1_25,2272,32,2,budget,0,70,true,3,240,64,108,0.40625,0.59375,0,0,0,5,1,normal,false,6,14,517,1755,0,0,0,false,false,true,0,0,2272,32,0,
277,tempted_1_25,2795,30,0,budget,0,67,true,3,265,82,109,0.06666666666666667,0.9333333333333333,0,0,0,2,10,normal,false,6,12,45,2750,0,0,0,false,false,true,0,0,2795,30,0,
278,tempted_1_25,6231,40,10,budget,0,92,true,4,1080,108,161,0.125,0.775,0.075,0.025,0,9,6,normal,false,5,23,206,3750,2140,135,0,true,false,true,0,0,6231,40,0,
279,tempted_1_25,4521,30,0,budget,0,55,true,7,1355,87,149,0.26666666666666666,0.7333333333333333,0,0,0,2,12,crash,false,6,10,656,3865,0,0,0,false,false,false,0,0,4521,30,0,
280,tempted_1_25,3340,30,0,budget,0,63,true,3,320,87,125,0.03333333333333333,0.9666666666666667,0,0,0,1,12,normal,false,5,12,235,3105,0,0,0,false,false,false,0,0,3340,30,0,
281,tempted_1_25,6565,42,12,budget,0,85,true,5,1410,124,198,0.23809523809523808,0.5952380952380952,0.16666666666666666,0,0,8,1,normal,false,5,18,550,3395,2620,0,0,false,false,false,0,0,6565,42,0,
282,tempted_1_25,5860,32,2,budget,0,76,true,7,1690,101,164,0.4375,0.5625,0,0,0,7,2,normal,false,4,14,565,4935,360,0,0,false,false,true,0,0,5860,32,0,
283,tempted_1_25,4523,30,0,budget,0,67,true,5,660,93,151,0.3,0.7,0,0,0,3,15,normal,false,4,12,473,4050,0,0,0,false,false,true,0,0,4523,30,0,
284,tempted_1_25,3957,30,0,budget,0,59,true,4,555,87,140,0.26666666666666666,0.7333333333333333,0,0,0,4,5,normal,false,7,10,357,3600,0,0,0,false,false,false,0,0,3957,30,0,
285,tempted_1_25,285,6,0,lock,0,50,true,2,75,6,15,0,1,0,0,0,0,-1,normal,false,6,0,30,255,0,0,0,false,false,false,0,0,285,6,0,
286,tempted_1_25,10998,45,15,budget,1,100,true,5,3730,148,211,0.24444444444444444,0.5111111111111111,0.13333333333333333,0,0.1111111111111111,5,6,normal,false,8,22,643,3525,1270,360,5200,false,false,false,5370,5,5628,40,0,
287,tempted_1_25,2785,30,0,budget,0,55,true,3,420,80,120,0.36666666666666664,0.6333333333333333,0,0,0,5,7,normal,false,6,10,520,2265,0,0,0,false,false,false,0,0,2785,30,0,
288,tempted_1_25,11290,61,31,budget,1,100,true,4,940,181,250,0,0.7213114754098361,0.13114754098360656,0.06557377049180328,0.08196721311475409,11,6,normal,false,7,28,60,5160,2640,1290,2140,false,true,false,2080,5,9210,56,1,3
289,tempted_1_25,2559,32,2,budget,0,72,true,3,260,59,119,0.34375,0.625,0.03125,0,0,3,13,crash,false,7,11,524,1945,90,0,0,false,false,true,0,0,2559,32,0,
290,tempted_1_25,3766,30,0,budget,0,60,true,5,688,91,143,0.4,0.6,0,0,0,4,12,normal,false,7,13,761,3005,0,0,0,false,false,true,0,0,3766,30,0,
291,tempted_1_25,6275,51,21,budget,1,100,true,3,960,103,159,0.2549019607843137,0.43137254901960786,0.19607843137254902,0.0196078431372549,0.09803921568627451,7,1,crash,false,13,19,415,1875,920,405,2660,false,false,true,2520,5,3755,46,1,9
292,tempted_1_25,5119,36,6,budget,0,85,true,5,1340,104,154,0.2222222222222222,0.75,0.027777777777777776,0,0,6,9,normal,false,5,17,409,3840,870,0,0,false,false,true,0,0,5119,36,0,
293,tempted_1_25,15648,65,35,budget,3,100,true,5,2040,179,243,0.046153846153846156,0.5692307692307692,0.13846153846153847,0.015384615384615385,0.23076923076923078,9,4,normal,false,10,23,53,3150,1960,3225,7260,false,false,false,6730,15,8918,50,2,2|7
294,tempted_1_25,8695,41,11,budget,1,100,true,4,2720,130,169,0.024390243902439025,0.7560975609756098,0.0975609756097561,0,0.12195121951219512,5,8,normal,false,7,17,30,3795,630,0,4240,false,false,true,4180,5,4515,36,1,2
295,tempted_1_25,3991,30,0,budget,0,56,true,4,540,91,150,0.3333333333333333,0.6666666666666666,0,0,0,3,9,crash,false,6,13,361,3630,0,0,0,false,false,false,0,0,3991,30,0,
296,tempted_1_25,4485,30,0,budget,0,69,true,5,845,91,168,0.23333333333333334,0.7666666666666667,0,0,0,3,5,crash,false,4,15,240,4245,0,0,0,false,false,false,0,0,4485,30,0,
297,tempted_1_25,10490,43,13,budget,1,100,false,5,2760,133,185,0,0.7906976744186046,0.09302325581395349,0,0.11627906976744186,3,2,normal,false,6,12,0,3750,1520,300,4920,false,false,false,5030,5,5460,38,0,
298,tempted_1_25,3702,30,0,budget,0,58,true,4,600,83,140,0.3333333333333333,0.6666666666666666,0,0,0,2,9,crash,false,6,15,392,3310,0,0,0,false,false,false,0,0,3702,30,0,
299,tempted_1_25,3536,30,0,budget,0,62,true,4,505,81,129,0.16666666666666666,0.8333333333333334,0,0,0,5,9,normal,false,5,12,411,3125,0,0,0,false,false,false,0,0,3536,30,0,
300,tempted_1_25,3411,30,0,budget,0,64,true,4,630,89,125,0.16666666666666666,0.8333333333333334,0,0,0,4,8,normal,false,5,12,241,3170,0,0,0,false,false,true,0,0,3411,30,0,
301,tempted_1_25,8010,49,19,budget,1,100,true,5,1160,138,183,0.02040816326530612,0.673469387755102,0.1836734693877551,0.02040816326530612,0.10204081632653061,7,5,crash,false,7,24,0,3975,1220,135,2680,false,false,false,2620,5,5390,44,1,2
302,tempted_1_25,4324,30,0,budget,0,61,true,5,940,88,151,0.3,0.7,0,0,0,3,8,crash,false,5,12,324,4000,0,0,0,false,false,false,0,0,4324,30,0,
303,tempted_1_25,4122,30,0,budget,0,50,true,5,1115,82,138,0.4,0.6,0,0,0,5,9,normal,false,7,13,402,3720,0,0,0,false,false,true,0,0,4122,30,0,
304,tempted_1_25,12192,57,27,budget,1,100,true,7,1605,183,262,0.12280701754385964,0.5789473684210527,0.15789473684210525,0.05263157894736842,0.08771929824561403,12,1,normal,false,7,24,387,5685,3710,810,1600,false,true,true,1480,5,10712,52,1,9
305,tempted_1_25,5270,34,4,budget,0,79,true,5,660,118,159,0.058823529411764705,0.9117647058823529,0.029411764705882353,0,0,2,6,normal,false,7,14,105,4625,540,0,0,false,false,true,0,0,5270,34,0,
306,tempted_1_25,18075,58,28,budget,2,100,true,8,4740,208,252,0,0.6896551724137931,0.10344827586206896,0.034482758620689655,0.1724137931034483,9,1,normal,false,6,27,90,7470,680,1155,8680,false,false,true,8290,10,9785,48,1,3
307,tempted_1_25,3682,30,0,budget,0,50,true,8,1523,62,147,0.6,0.4,0,0,0,4,7,crash,false,5,9,1077,2605,0,0,0,false,false,false,0,0,3682,30,0,
308,tempted_1_25,2666,32,2,budget,0,81,true,3,270,70,115,0.28125,0.6875,0.03125,0,0,3,7,normal,false,6,16,276,2300,90,0,0,false,false,true,0,0,2666,32,0,
309,tempted_1_25,5786,36,6,budget,0,98,true,6,840,118,162,0.05555555555555555,0.8055555555555556,0.08333333333333333,0.05555555555555555,0,3,7,normal,false,5,14,381,3750,950,705,0,true,true,false,0,0,5786,36,0,
310,tempted_1_25,7250,50,20,budget,0,88,true,4,690,147,199,0.04,0.88,0.04,0.04,0,8,17,normal,false,8,25,60,5105,1410,675,0,false,false,true,0,0,7250,50,0,
311,tempted_1_25,9419,59,29,budget,1,100,true,5,2215,150,216,0.13559322033898305,0.6271186440677966,0.11864406779661017,0.03389830508474576,0.0847457627118644,15,1,normal,false,5,29,694,2975,2480,810,2460,false,false,true,3055,5,6364,54,1,3
312,tempted_1_25,11447,37,7,budget,1,100,true,5,3240,121,152,0.13513513513513514,0.7027027027027027,0.02702702702702703,0,0.13513513513513514,3,1,normal,false,8,14,292,2505,530,0,8120,false,false,false,6710,5,4737,32,0,
313,tempted_1_25,2222,30,0,budget,0,56,true,2,315,58,97,0.2,0.8,0,0,0,2,8,normal,false,7,10,162,2060,0,0,0,false,false,true,0,0,2222,30,0,
314,tempted_1_25,2482,30,0,budget,0,53,true,4,465,64,116,0.43333333333333335,0.5666666666666667,0,0,0,6,8,normal,false,5,11,827,1655,0,0,0,false,false,true,0,0,2482,30,0,
315,tempted_1_25,4053,30,0,budget,0,55,true,6,735,83,162,0.4666666666666667,0.5333333333333333,0,0,0,2,16,crash,false,6,10,1218,2835,0,0,0,false,false,true,0,0,4053,30,0,
316,tempted_1_25,2643,32,2,budget,0,80,true,3,370,66,122,0.34375,0.625,0.03125,0,0,4,5,normal,false,4,12,548,2005,90,0,0,false,false,false,0,0,2643,32,0,
317,tempted_1_25,2859,30,0,budget,0,50,true,3,320,77,117,0.2,0.8,0,0,0,4,13,normal,false,5,11,424,2435,0,0,0,false,false,false,0,0,2859,30,0,
318,tempted_1_25,3141,30,0,budget,0,67,true,4,660,86,122,0.2,0.8,0,0,0,3,7,normal,false,3,14,356,2785,0,0,0,false,false,false,0,0,3141,30,0,
319,tempted_1_25,3540,32,2,budget,0,73,true,3,490,86,153,0.4375,0.53125,0.03125,0,0,2,18,crash,false,3,19,545,2785,210,0,0,false,false,false,0,0,3540,32,0,
320,tempted_1_25,8753,51,21,budget,1,100,true,4,960,154,204,0.0392156862745098,0.6862745098039216,0.0784313725490196,0.09803921568627451,0.09803921568627451,7,6,normal,false,6,19,108,3925,1510,1170,2040,false,true,true,1170,5,7583,46,1,5
321,tempted_1_25,3756,30,0,budget,0,65,true,5,640,90,167,0.5,0.5,0,0,0,4,5,normal,false,3,15,1666,2090,0,0,0,false,false,false,0,0,3756,30,0,
322,tempted_1_25,1265,22,0,lock,0,67,false,2,120,38,53,0,1,0,0,0,0,-1,normal,false,7,6,0,1265,0,0,0,false,false,false,0,0,1265,22,0,
323,tempted_1_25,3121,30,0,budget,0,66,true,4,395,74,130,0.4666666666666667,0.5333333333333333,0,0,0,4,12,crash,false,7,11,646,2475,0,0,0,false,false,false,0,0,3121,30,0,
324,tempted_1_25,12923,56,26,budget,2,100,true,4,2520,173,217,0.05357142857142857,0.5714285714285714,0.14285714285714285,0.05357142857142857,0.17857142857142858,9,1,crash,false,9,23,53,3475,1620,435,7340,false,true,false,4940,10,7983,46,2,2|3
325,tempted_1_25,2717,30,0,budget,0,62,true,4,425,70,134,0.4,0.6,0,0,0,4,11,crash,false,3,13,527,2190,0,0,0,false,false,false,0,0,2717,30,0,
326,tempted_1_25,4836,32,2,budget,0,75,true,5,690,100,156,0.15625,0.8125,0.03125,0,0,3,8,normal,false,7,12,486,4050,300,0,0,false,false,false,0,0,4836,32,0,
327,tempted_1_25,2508,30,0,budget,0,64,true,2,210,74,101,0.13333333333333333,0.8666666666666667,0,0,0,3,5,normal,false,7,10,93,2415,0,0,0,false,false,false,0,0,2508,30,0,
328,tempted_1_25,7069,42,12,budget,0,94,true,4,660,124,201,0.21428571428571427,0.6190476190476191,0.14285714285714285,0.023809523809523808,0,10,6,normal,false,3,22,554,3460,2650,405,0,true,false,true,0,0,7069,42,0,
329,tempted_1_25,2527,30,0,budget,0,58,true,4,418,70,126,0.5666666666666667,0.43333333333333335,0,0,0,4,10,crash,false,3,12,907,1620,0,0,0,false,false,true,0,0,2527,30,0,
330,tempted_1_25,10198,53,23,budget,1,100,true,5,1220,149,212,0.05660377358490566,0.6415094339622641,0.16981132075471697,0.03773584905660377,0.09433962264150944,9,13,crash,false,6,23,113,4060,2840,285,2900,false,false,false,2630,5,7568,48,1,4
331,tempted_1_25,6420,36,6,budget,0,84,true,6,990,136,177,0,0.9444444444444444,0.05555555555555555,0,0,3,9,normal,false,5,16,210,5580,630,0,0,false,false,true,0,0,6420,36,0,
332,tempted_1_25,4281,30,0,budget,0,62,true,4,975,90,152,0.16666666666666666,0.8333333333333334,0,0,0,3,6,normal,false,7,11,236,4045,0,0,0,false,false,true,0,0,4281,30,0,
333,tempted_1_25,2515,30,0,budget,0,50,true,3,320,60,111,0.3333333333333333,0.6666666666666666,0,0,0,2,5,crash,false,5,11,285,2230,0,0,0,false,false,false,0,0,2515,30,0,
334,tempted_1_25,3695,32,2,budget,0,82,true,5,620,76,126,0.25,0.71875,0.03125,0,0,3,11,crash,false,6,12,240,3335,120,0,0,false,false,false,0,0,3695,32,0,
335,tempted_1_25,8163,40,10,budget,0,98,true,5,1105,146,208,0.2,0.65,0.1,0.05,0,5,18,normal,false,4,20,293,5290,2130,450,0,true,true,false,0,0,8163,40,0,
336,tempted_1_25,3410,30,0,budget,0,50,true,4,390,79,169,0.5666666666666667,0.43333333333333335,0,0,0,5,9,crash,false,3,13,1545,1865,0,0,0,false,false,false,0,0,3410,30,0,
337,tempted_1_25,2783,30,0,budget,0,68,true,3,300,67,106,0.1,0.9,0,0,0,2,5,normal,false,6,14,88,2695,0,0,0,false,false,true,0,0,2783,30,0,
338,tempted_1_25,3749,30,0,budget,0,62,true,4,460,90,140,0.2,0.8,0,0,0,2,3,normal,false,3,14,544,3205,0,0,0,false,false,true,0,0,3749,30,0,
339,tempted_1_25,3303,30,0,budget,0,62,true,5,685,82,116,0.3333333333333333,0.6666666666666666,0,0,0,2,9,normal,false,9,11,623,2680,0,0,0,false,false,false,0,0,3303,30,0,
340,tempted_1_25,3298,30,0,budget,0,69,true,4,515,81,123,0.13333333333333333,0.8666666666666667,0,0,0,1,30,normal,false,7,9,163,3135,0,0,0,false,false,true,0,0,3298,30,0,
341,tempted_1_25,24616,77,47,budget,3,100,true,5,4260,236,342,0.06493506493506493,0.4805194805194805,0.23376623376623376,0.025974025974025976,0.19480519480519481,14,8,normal,false,5,37,186,3485,3420,1845,15680,false,true,true,15600,15,9016,62,2,3|2
342,tempted_1_25,3526,32,2,budget,0,70,true,3,455,84,141,0.25,0.75,0,0,0,2,12,normal,false,6,12,566,2690,270,0,0,false,false,true,0,0,3526,32,0,
343,tempted_1_25,4159,30,0,budget,0,63,true,4,610,90,148,0.16666666666666666,0.8333333333333334,0,0,0,2,12,normal,false,3,15,484,3675,0,0,0,false,false,false,0,0,4159,30,0,
344,tempted_1_25,2778,32,2,budget,0,75,true,4,435,65,109,0.25,0.71875,0.03125,0,0,2,10,normal,false,8,12,278,2290,210,0,0,false,false,false,0,0,2778,32,0,
345,tempted_1_25,4113,30,0,budget,0,51,true,5,588,99,155,0.36666666666666664,0.6333333333333333,0,0,0,3,7,normal,false,6,11,578,3535,0,0,0,false,false,true,0,0,4113,30,0,
346,tempted_1_25,2708,30,0,budget,0,68,true,3,340,71,109,0.1,0.9,0,0,0,2,5,normal,false,5,9,188,2520,0,0,0,false,false,true,0,0,2708,30,0,
347,tempted_1_25,2916,30,0,budget,0,53,true,4,510,68,129,0.36666666666666664,0.6333333333333333,0,0,0,5,5,crash,false,5,12,641,2275,0,0,0,false,false,false,0,0,2916,30,0,
348,tempted_1_25,4475,32,2,budget,0,74,true,7,1250,91,120,0.0625,0.90625,0.03125,0,0,3,13,normal,false,5,11,75,4310,90,0,0,false,false,false,0,0,4475,32,0,
349,tempted_1_25,2653,30,0,budget,0,63,true,3,295,77,122,0.4,0.6,0,0,0,2,6,crash,false,5,13,418,2235,0,0,0,false,false,false,0,0,2653,30,0,
350,tempted_1_25,3541,30,0,budget,0,69,true,4,525,85,145,0.23333333333333334,0.7666666666666667,0,0,0,4,4,normal,false,6,12,656,2885,0,0,0,false,false,false,0,0,3541,30,0,
351,tempted_1_25,3136,30,0,budget,0,64,true,4,525,92,120,0.13333333333333333,0.8666666666666667,0,0,0,2,8,normal,false,7,10,256,2880,0,0,0,false,false,false,0,0,3136,30,0,
352,tempted_1_25,5798,36,6,budget,0,80,true,4,1080,121,188,0.3888888888888889,0.5555555555555556,0.05555555555555555,0,0,8,4,normal,false,3,21,748,3730,1320,0,0,false,false,true,0,0,5798,36,0,
353,tempted_1_25,4504,30,0,budget,0,51,true,5,800,87,173,0.36666666666666664,0.6333333333333333,0,0,0,2,13,crash,false,4,17,374,4130,0,0,0,false,false,false,0,0,4504,30,0,
354,tempted_1_25,3566,30,0,budget,0,58,true,4,585,82,128,0.2,0.8,0,0,0,2,13,crash,false,4,14,126,3440,0,0,0,false,false,false,0,0,3566,30,0,
355,tempted_1_25,4924,30,0,budget,0,61,true,4,1010,93,156,0.23333333333333334,0.7666666666666667,0,0,0,2,12,normal,false,6,12,444,4480,0,0,0,false,false,false,0,0,4924,30,0,
356,tempted_1_25,5017,30,0,budget,0,59,true,6,1060,93,136,0.2,0.8,0,0,0,1,22,normal,false,10,11,342,4675,0,0,0,false,false,false,0,0,5017,30,0,
357,tempted_1_25,4990,18,15,lock,1,100,false,4,1450,59,72,0,0.6666666666666666,0.05555555555555555,0,0.2777777777777778,4,7,normal,false,3,9,0,1130,280,540,3040,false,false,false,3470,5,1520,13,0,
358,tempted_1_25,2971,30,0,budget,0,68,true,4,310,75,129,0.43333333333333335,0.5666666666666667,0,0,0,4,5,normal,false,4,12,756,2215,0,0,0,false,false,false,0,0,2971,30,0,
359,tempted_1_25,2746,30,0,budget,0,50,true,4,585,69,122,0.3,0.7,0,0,0,4,17,crash,false,6,12,501,2245,0,0,0,false,false,false,0,0,2746,30,0,
360,tempted_1_25,11107,45,15,budget,1,100,true,7,1980,150,204,0.15555555555555556,0.6666666666666666,0.06666666666666667,0,0.1111111111111111,4,20,normal,false,5,20,347,5050,1410,360,3940,false,false,false,2680,5,8427,40,0,
361,tempted_1_25,7589,45,15,budget,1,100,true,4,735,120,187,0.17777777777777778,0.6,0.06666666666666667,0.044444444444444446,0.1111111111111111,8,1,normal,false,10,16,534,2465,1870,420,2300,false,false,false,2240,5,5349,40,1,5
362,tempted_1_25,3425,30,0,budget,0,68,true,3,645,82,143,0.3333333333333333,0.6666666666666666,0,0,0,2,18,normal,false,8,14,370,3055,0,0,0,false,false,true,0,0,3425,30,0,
363,tempted_1_25,3314,30,0,budget,0,55,true,4,495,79,159,0.43333333333333335,0.5666666666666667,0,0,0,5,7,crash,false,3,14,699,2615,0,0,0,false,false,false,0,0,3314,30,0,
364,tempted_1_25,4025,30,0,budget,0,61,true,4,475,77,147,0.4,0.6,0,0,0,3,4,normal,false,4,15,365,3660,0,0,0,false,false,true,0,0,4025,30,0,
365,tempted_1_25,4561,30,0,budget,0,68,true,5,833,91,154,0.13333333333333333,0.8666666666666667,0,0,0,2,23,normal,false,7,10,276,4285,0,0,0,false,false,true,0,0,4561,30,0,
366,tempted_1_25,2364,30,0,budget,0,54,true,3,395,74,103,0.3,0.7,0,0,0,5,3,normal,false,4,11,359,2005,0,0,0,false,false,false,0,0,2364,30,0,
367,tempted_1_25,2630,13,2,lock,0,70,false,7,1215,46,62,0,1,0,0,0,1,1,normal,false,2,7,0,2630,0,0,0,false,false,false,0,0,2630,13,0,
368,tempted_1_25,4365,30,0,budget,0,51,true,5,525,80,156,0.26666666666666666,0.7333333333333333,0,0,0,3,5,crash,false,4,12,765,3600,0,0,0,false,false,false,0,0,4365,30,0,
369,tempted_1_25,4808,30,0,budget,0,69,true,5,795,95,152,0.13333333333333333,0.8666666666666667,0,0,0,3,8,normal,false,7,15,563,4245,0,0,0,false,false,false,0,0,4808,30,0,
370,tempted_1_25,3086,34,4,budget,0,75,true,4,435,83,124,0.20588235294117646,0.7058823529411765,0.08823529411764706,0,0,3,14,normal,false,7,13,441,2345,300,0,0,false,false,true,0,0,3086,34,0,
371,tempted_1_25,3011,30,0,budget,0,57,true,4,735,72,110,0.1,0.9,0,0,0,1,14,normal,false,6,9,156,2855,0,0,0,false,false,true,0,0,3011,30,0,
372,tempted_1_25,5055,36,6,budget,0,86,true,4,460,115,154,0,0.9722222222222222,0.027777777777777776,0,0,2,5,normal,false,7,11,150,4055,580,270,0,false,false,true,0,0,5055,36,0,
373,tempted_1_25,5024,34,4,budget,0,71,true,5,650,103,155,0.17647058823529413,0.8235294117647058,0,0,0,4,8,normal,false,8,11,329,4515,180,0,0,false,false,false,0,0,5024,34,0,
374,tempted_1_25,20776,93,63,budget,3,100,true,7,1380,280,385,0.043010752688172046,0.5591397849462365,0.21505376344086022,0.021505376344086023,0.16129032258064516,21,7,crash,false,12,43,221,7165,5350,1920,6120,false,true,false,5690,15,15086,78,2,2|2
375,tempted_1_25,2433,26,0,lock,0,67,true,3,450,61,106,0.2692307692307692,0.7307692307692307,0,0,0,4,6,crash,false,3,13,188,2245,0,0,0,false,false,false,0,0,2433,26,0,
376,tempted_1_25,2712,30,0,budget,0,53,true,4,405,65,124,0.5,0.5,0,0,0,5,10,normal,false,6,13,877,1835,0,0,0,false,false,false,0,0,2712,30,0,
377,tempted_1_25,3961,30,0,budget,0,65,true,5,865,95,125,0.13333333333333333,0.8666666666666667,0,0,0,1,8,normal,false,5,13,96,3865,0,0,0,false,false,false,0,0,3961,30,0,
378,tempted_1_25,2962,30,0,budget,0,64,true,5,965,82,109,0.3,0.7,0,0,0,4,5,normal,false,4,9,402,2560,0,0,0,false,false,false,0,0,2962,30,0,
379,tempted_1_25,12506,68,38,budget,2,100,true,5,2220,188,246,0.07352941176470588,0.6470588235294118,0.08823529411764706,0.04411764705882353,0.14705882352941177,15,3,normal,false,5,27,291,3855,4060,1260,3040,false,true,false,3210,10,9296,58,1,2
380,tempted_1_25,7135,41,11,budget,1,100,false,4,1020,115,149,0,0.8048780487804879,0.07317073170731707,0,0.12195121951219512,4,11,normal,false,11,10,0,2655,1100,660,2720,false,false,false,1960,5,5175,36,0,
381,tempted_1_25,5126,40,10,budget,0,95,true,5,660,103,139,0.15,0.725,0.075,0.05,0,5,15,normal,false,9,17,181,3295,1110,540,0,true,true,true,0,0,5126,40,0,
382,tempted_1_25,2970,30,0,budget,0,50,true,5,553,68,148,0.6,0.4,0,0,0,3,5,crash,false,5,10,1395,1575,0,0,0,false,false,false,0,0,2970,30,0,
383,tempted_1_25,3071,32,2,budget,0,72,true,4,675,71,122,0.34375,0.625,0.03125,0,0,3,16,crash,false,7,10,301,2650,120,0,0,false,false,false,0,0,3071,32,0,
384,tempted_1_25,3310,30,0,budget,0,67,true,4,680,75,131,0.4,0.6,0,0,0,5,13,crash,false,5,14,780,2530,0,0,0,false,false,true,0,0,3310,30,0,
385,tempted_1_25,1901,30,0,budget,0,68,true,2,200,57,93,0.2,0.8,0,0,0,5,9,normal,false,5,12,276,1625,0,0,0,false,false,true,0,0,1901,30,0,
386,tempted_1_25,12335,63,33,budget,1,100,true,4,2400,196,229,0.031746031746031744,0.7142857142857143,0.14285714285714285,0.031746031746031744,0.07936507936507936,16,2,normal,false,7,34,30,4730,1880,1095,4600,false,false,false,3810,5,8525,58,1,3
387,tempted_1_25,14728,54,24,budget,2,100,true,7,2430,175,241,0.05555555555555555,0.5185185185185185,0.16666666666666666,0.07407407407407407,0.18518518518518517,7,1,crash,false,6,24,58,4255,3460,1995,4960,false,true,false,4680,10,10048,44,2,2|4
388,tempted_1_25,2654,30,0,budget,0,69,true,4,345,69,104,0.23333333333333334,0.7666666666666667,0,0,0,2,15,normal,false,7,12,399,2255,0,0,0,false,false,true,0,0,2654,30,0,
389,tempted_1_25,4422,30,0,budget,0,50,true,5,740,82,170,0.5333333333333333,0.4666666666666667,0,0,0,4,10,crash,false,4,14,1282,3140,0,0,0,false,false,false,0,0,4422,30,0,
390,tempted_1_25,5511,30,0,budget,0,69,true,8,1078,115,163,0.1,0.9,0,0,0,1,15,normal,false,4,15,891,4620,0,0,0,false,false,true,0,0,5511,30,0,
391,tempted_1_25,2751,30,0,budget,0,53,true,4,590,76,153,0.6333333333333333,0.36666666666666664,0,0,0,5,9,crash,false,4,11,1186,1565,0,0,0,false,false,false,0,0,2751,30,0,
392,tempted_1_25,7929,42,12,budget,0,98,true,6,1270,131,199,0.16666666666666666,0.6190476190476191,0.19047619047619047,0.023809523809523808,0,11,2,normal,false,5,19,404,6080,830,615,0,true,true,false,0,0,7929,42,0,
393,tempted_1_25,5548,32,2,budget,0,81,true,6,845,96,183,0.34375,0.59375,0.0625,0,0,5,1,normal,false,5,18,358,4680,510,0,0,false,false,true,0,0,5548,32,0,
394,tempted_1_25,10908,32,15,lock,1,100,true,5,3500,123,171,0.09375,0.625,0.09375,0.03125,0.15625,5,2,crash,false,3,17,138,3810,890,3690,2380,false,true,true,5700,5,5208,27,1,4
395,tempted_1_25,5835,32,2,budget,0,72,false,6,875,121,168,0,0.96875,0.03125,0,0,1,28,normal,false,4,14,0,5745,90,0,0,false,false,false,0,0,5835,32,0,
396,tempted_1_25,7931,39,9,budget,1,100,true,6,1710,116,187,0.3076923076923077,0.48717948717948717,0.07692307692307693,0,0.1282051282051282,7,2,normal,false,5,16,661,4010,380,0,2880,false,false,true,2600,5,5331,34,1,2
397,tempted_1_25,5921,38,8,budget,0,84,true,4,735,113,171,0.13157894736842105,0.7368421052631579,0.13157894736842105,0,0,3,2,crash,false,7,13,246,4195,1480,0,0,false,false,true,0,0,5921,38,0,
398,tempted_1_25,2888,30,0,budget,0,65,true,4,435,70,101,0.13333333333333333,0.8666666666666667,0,0,0,3,22,normal,false,3,13,78,2810,0,0,0,false,false,false,0,0,2888,30,0,
399,tempted_1_25,5178,31,8,lock,0,82,true,5,1160,90,133,0.06451612903225806,0.8387096774193549,0.0967741935483871,0,0,5,2,normal,false,8,8,223,2705,2250,0,0,false,false,false,0,0,5178,31,0,
400,tempted_1_25,4986,32,2,budget,0,83,true,7,1095,88,148,0.09375,0.90625,0,0,0,2,22,normal,false,5,14,771,3225,990,0,0,false,false,true,0,0,4986,32,0,
401,tempted_1_25,5415,34,4,budget,0,71,true,3,810,103,167,0.058823529411764705,0.9411764705882353,0,0,0,4,14,normal,false,3,16,235,4250,930,0,0,false,false,false,0,0,5415,34,0,
402,tempted_1_25,2523,30,0,budget,0,58,true,3,285,71,95,0.13333333333333333,0.8666666666666667,0,0,0,3,5,normal,false,6,11,103,2420,0,0,0,false,false,true,0,0,2523,30,0,
403,tempted_1_25,4481,40,10,budget,0,84,true,5,795,114,147,0.1,0.85,0.05,0,0,7,5,normal,false,7,17,156,3845,480,0,0,false,false,false,0,0,4481,40,0,
404,tempted_1_25,2603,30,0,budget,0,50,true,3,380,71,140,0.4666666666666667,0.5333333333333333,0,0,0,4,8,normal,false,7,13,953,1650,0,0,0,false,false,false,0,0,2603,30,0,
405,tempted_1_25,3651,30,0,budget,0,53,true,4,430,79,157,0.4666666666666667,0.5333333333333333,0,0,0,4,3,crash,false,3,15,876,2775,0,0,0,false,false,false,0,0,3651,30,0,
406,tempted_1_25,5621,32,2,budget,0,79,true,5,835,110,174,0.21875,0.78125,0,0,0,5,3,normal,false,5,12,421,4930,270,0,0,false,false,false,0,0,5621,32,0,
407,tempted_1_25,11888,40,10,budget,0,91,true,7,4440,145,221,0.2,0.75,0.05,0,0,8,1,normal,false,4,18,548,6030,1890,3420,0,true,false,false,0,0,11888,40,0,
408,tempted_1_25,4393,32,2,budget,0,70,true,6,885,97,135,0.09375,0.90625,0,0,0,3,12,normal,false,5,14,213,4180,0,0,0,false,false,false,0,0,4393,32,0,
409,tempted_1_25,3032,30,0,budget,0,50,true,4,375,71,154,0.6333333333333333,0.36666666666666664,0,0,0,4,6,normal,false,6,13,1392,1640,0,0,0,false,false,false,0,0,3032,30,0,
410,tempted_1_25,2485,30,0,budget,0,68,true,3,315,64,131,0.6666666666666666,0.3333333333333333,0,0,0,5,4,crash,false,8,10,1005,1480,0,0,0,false,false,false,0,0,2485,30,0,
411,tempted_1_25,2784,30,0,budget,0,53,true,4,500,73,108,0.23333333333333334,0.7666666666666667,0,0,0,4,8,normal,false,5,9,434,2350,0,0,0,false,false,true,0,0,2784,30,0,
412,tempted_1_25,8679,46,16,budget,0,96,true,5,1680,162,232,0.15217391304347827,0.717391304347826,0.10869565217391304,0.021739130434782608,0,10,2,normal,false,3,24,519,5620,2270,270,0,true,true,true,0,0,8679,46,0,
413,tempted_1_25,5933,38,8,budget,0,85,true,4,610,124,179,0.05263157894736842,0.8947368421052632,0.05263157894736842,0,0,4,4,normal,false,5,19,43,4770,1120,0,0,false,false,false,0,0,5933,38,0,
414,tempted_1_25,15119,60,30,budget,2,100,true,5,1820,208,273,0.06666666666666667,0.5666666666666667,0.15,0.05,0.16666666666666666,11,4,normal,false,5,27,229,5800,2910,1260,4920,false,true,false,4460,10,10659,50,1,5
415,tempted_1_25,5107,38,8,budget,0,78,true,7,1140,107,157,0.2631578947368421,0.6578947368421053,0.07894736842105263,0,0,7,7,normal,false,4,21,392,3905,810,0,0,false,false,false,0,0,5107,38,0,
416,tempted_1_25,6101,44,14,budget,0,98,true,4,900,111,166,0.11363636363636363,0.7045454545454546,0.13636363636363635,0.045454545454545456,0,10,15,normal,false,6,22,376,3030,1210,1485,0,true,true,true,0,0,6101,44,0,
417,tempted_1_25,4918,40,10,budget,0,79,true,4,620,115,162,0.075,0.85,0.075,0,0,7,1,normal,false,6,16,158,4420,340,0,0,false,false,false,0,0,4918,40,0,
418,tempted_1_25,16355,64,34,budget,2,100,true,6,3670,186,235,0.015625,0.625,0.15625,0.046875,0.15625,11,1,normal,false,12,21,20,3335,3030,1770,8200,false,true,false,7790,10,8565,54,2,2|5
419,tempted_1_25,4064,30,0,budget,0,67,true,5,655,94,142,0.23333333333333334,0.7666666666666667,0,0,0,2,17,normal,false,4,14,614,3450,0,0,0,false,false,true,0,0,4064,30,0,
420,tempted_1_25,7347,32,2,budget,0,75,true,8,2050,124,210,0.34375,0.65625,0,0,0,5,2,normal,false,4,20,617,6550,180,0,0,false,false,true,0,0,7347,32,0,
421,tempted_1_25,3643,32,2,budget,0,81,true,3,470,83,135,0.1875,0.75,0.0625,0,0,4,4,crash,false,3,16,298,3135,210,0,0,false,false,false,0,0,3643,32,0,
422,tempted_1_25,3609,30,0,budget,0,63,true,4,500,87,141,0.16666666666666666,0.8333333333333334,0,0,0,3,14,crash,false,4,13,394,3215,0,0,0,false,false,true,0,0,3609,30,0,
423,tempted_1_25,2379,30,0,budget,0,50,true,3,290,61,108,0.26666666666666666,0.7333333333333333,0,0,0,5,7,normal,false,4,12,444,1935,0,0,0,false,false,false,0,0,2379,30,0,
424,tempted_1_25,4035,36,6,budget,0,80,true,4,540,96,130,0.027777777777777776,0.9444444444444444,0.027777777777777776,0,0,4,14,normal,false,6,13,45,3720,270,0,0,false,false,true,0,0,4035,36,0,
425,tempted_1_25,3614,30,0,budget,0,53,true,4,530,78,140,0.23333333333333334,0.7666666666666667,0,0,0,2,21,crash,false,4,12,319,3295,0,0,0,false,false,false,0,0,3614,30,0,
426,tempted_1_25,2951,30,0,budget,0,58,true,3,365,77,110,0.1,0.9,0,0,0,1,29,normal,false,7,11,201,2750,0,0,0,false,false,true,0,0,2951,30,0,
427,tempted_1_25,25030,71,41,budget,1,100,true,6,8360,257,368,0.014084507042253521,0.7464788732394366,0.14084507042253522,0.028169014084507043,0.07042253521126761,17,1,normal,false,5,38,95,7570,4520,1125,11720,false,true,false,11620,5,13410,66,1,3
428,tempted_1_25,4868,34,4,budget,0,80,true,5,735,98,144,0.08823529411764706,0.8529411764705882,0.058823529411764705,0,0,4,2,normal,false,3,15,323,4275,270,0,0,false,false,false,0,0,4868,34,0,
429,tempted_1_25,2808,30,0,budget,0,68,true,3,395,70,105,0.16666666666666666,0.8333333333333334,0,0,0,4,17,normal,false,4,12,213,2595,0,0,0,false,false,false,0,0,2808,30,0,
430,tempted_1_25,8733,39,9,budget,1,100,true,5,1600,114,167,0.2564102564102564,0.5641025641025641,0.02564102564102564,0.02564102564102564,0.1282051282051282,4,9,normal,false,10,18,368,3065,210,1830,3260,false,true,false,3450,5,5283,34,1,2
431,tempted_1_25,5953,32,2,budget,0,70,true,6,1020,122,187,0.15625,0.84375,0,0,0,4,6,normal,false,2,19,343,5610,0,0,0,false,false,false,0,0,5953,32,0,
432,tempted_1_25,2096,30,0,budget,0,50,true,4,425,50,123,0.6333333333333333,0.36666666666666664,0,0,0,3,15,crash,false,5,10,786,1310,0,0,0,false,false,false,0,0,2096,30,0,
433,tempted_1_25,7756,44,14,budget,0,95,true,7,2235,138,218,0.29545454545454547,0.5454545454545454,0.11363636363636363,0.045454545454545456,0,9,13,crash,false,7,24,906,3920,2570,360,0,true,true,true,0,0,7756,44,0,
434,tempted_1_25,5590,30,0,budget,0,66,true,9,2670,91,142,0.26666666666666666,0.7333333333333333,0,0,0,2,21,normal,false,5,11,425,5165,0,0,0,false,false,true,0,0,5590,30,0,
435,tempted_1_25,3980,34,4,budget,0,83,true,3,360,88,138,0.029411764705882353,0.8823529411764706,0.08823529411764706,0,0,2,16,normal,false,4,16,20,3660,300,0,0,false,false,true,0,0,3980,34,0,
436,tempted_1_25,6659,42,12,budget,0,99,true,6,915,134,173,0.14285714285714285,0.6666666666666666,0.09523809523809523,0.09523809523809523,0,10,7,normal,false,5,19,449,3925,890,1395,0,true,true,false,0,0,6659,42,0,
437,tempted_1_25,3715,34,4,budget,0,77,true,3,360,89,146,0.058823529411764705,0.8823529411764706,0.058823529411764705,0,0,2,13,crash,false,7,13,110,3365,240,0,0,false,false,true,0,0,3715,34,0,
438,tempted_1_25,13180,61,31,budget,1,100,false,5,1155,192,273,0,0.8032786885245902,0.11475409836065574,0,0.08196721311475409,11,26,normal,false,6,31,0,5870,4650,900,1760,false,false,true,1990,5,11190,56,1,5
439,tempted_1_25,5945,30,0,budget,0,63,true,4,855,109,163,0.03333333333333333,0.9666666666666667,0,0,0,1,8,normal,false,4,14,220,5725,0,0,0,false,false,false,0,0,5945,30,0,
440,tempted_1_25,4828,30,0,budget,0,53,true,5,1315,96,172,0.36666666666666664,0.6333333333333333,0,0,0,4,8,normal,false,4,18,723,4105,0,0,0,false,false,true,0,0,4828,30,0,
441,tempted_1_25,6049,38,8,budget,0,80,true,5,1020,108,172,0.13157894736842105,0.8421052631578947,0.02631578947368421,0,0,5,18,crash,false,4,16,204,4315,1530,0,0,false,false,false,0,0,6049,38,0,
442,tempted_1_25,1498,16,0,lock,0,65,true,3,310,38,61,0.1875,0.8125,0,0,0,1,8,normal,false,7,4,128,1370,0,0,0,false,false,false,0,0,1498,16,0,
443,tempted_1_25,6605,50,20,budget,0,99,true,4,500,153,199,0.1,0.7,0.16,0.04,0,9,2,normal,false,9,20,355,3995,1790,465,0,true,true,false,0,0,6605,50,0,
444,tempted_1_25,4391,30,0,budget,0,56,true,4,635,99,149,0.23333333333333334,0.7666666666666667,0,0,0,4,5,normal,false,4,15,511,3880,0,0,0,false,false,true,0,0,4391,30,0,
445,tempted_1_25,3470,36,6,budget,0,82,true,3,590,84,117,0.08333333333333333,0.8055555555555556,0.1111111111111111,0,0,4,6,normal,false,4,13,100,2350,1020,0,0,false,false,false,0,0,3470,36,0,
446,tempted_1_25,4058,30,0,budget,0,61,true,6,625,94,175,0.4,0.6,0,0,0,5,17,normal,false,4,15,1338,2720,0,0,0,false,false,true,0,0,4058,30,0,
447,tempted_1_25,3164,30,0,budget,0,67,true,4,510,79,120,0.2,0.8,0,0,0,2,15,crash,false,6,11,149,3015,0,0,0,false,false,false,0,0,3164,30,0,
448,tempted_1_25,5107,30,0,budget,0,51,true,4,1000,101,158,0.23333333333333334,0.7666666666666667,0,0,0,3,5,normal,false,5,15,712,4395,0,0,0,false,false,false,0,0,5107,30,0,
449,tempted_1_25,5440,34,4,budget,0,85,true,7,1023,119,187,0.2647058823529412,0.7058823529411765,0.029411764705882353,0,0,6,7,normal,false,5,12,1850,3470,120,0,0,false,false,true,0,0,5440,34,0,
450,tempted_1_25,13735,68,38,budget,0,99,true,5,3520,187,251,0,0.6764705882352942,0.2647058823529412,0.058823529411764705,0,14,1,normal,false,9,30,30,4150,4290,5265,0,true,true,false,0,0,13735,68,0,
451,tempted_1_25,3836,30,0,budget,0,62,true,6,880,76,146,0.4,0.6,0,0,0,4,9,normal,false,5,14,611,3225,0,0,0,false,false,false,0,0,3836,30,0,
452,tempted_1_25,2794,21,0,lock,0,53,true,4,515,63,105,0.42857142857142855,0.5714285714285714,0,0,0,2,11,crash,false,3,9,369,2425,0,0,0,false,false,false,0,0,2794,21,0,
453,tempted_1_25,8180,49,19,budget,1,100,true,4,755,149,191,0.02040816326530612,0.7551020408163265,0.12244897959183673,0,0.10204081632653061,8,1,normal,false,7,23,120,4260,1800,180,1820,false,false,false,1480,5,6700,44,1,2
454,tempted_1_25,7306,53,23,budget,1,100,true,4,690,151,199,0.1320754716981132,0.660377358490566,0.11320754716981132,0,0.09433962264150944,10,12,normal,false,7,23,291,4115,1470,270,1160,false,false,true,1490,5,5816,48,0,
455,tempted_1_25,5007,30,0,budget,0,53,true,7,1230,90,192,0.6666666666666666,0.3333333333333333,0,0,0,2,18,crash,false,8,11,1057,3950,0,0,0,false,false,false,0,0,5007,30,0,
456,tempted_1_25,3176,30,0,budget,0,69,true,5,970,71,139,0.36666666666666664,0.6333333333333333,0,0,0,1,13,normal,false,3,13,636,2540,0,0,0,false,false,true,0,0,3176,30,0,
457,tempted_1_25,3781,30,0,budget,0,65,true,6,1320,78,151,0.4,0.6,0,0,0,4,15,normal,false,4,14,806,2975,0,0,0,false,false,false,0,0,3781,30,0,
458,tempted_1_25,2911,30,0,budget,0,66,true,5,443,86,131,0.3,0.7,0,0,0,3,21,normal,false,8,13,821,2090,0,0,0,false,false,true,0,0,2911,30,0,
459,tempted_1_25,2864,30,0,budget,0,56,true,4,420,71,120,0.36666666666666664,0.6333333333333333,0,0,0,4,10,normal,false,4,12,699,2165,0,0,0,false,false,true,0,0,2864,30,0,
460,tempted_1_25,11007,47,17,budget,1,100,true,5,4480,128,170,0.14893617021276595,0.5531914893617021,0.1702127659574468,0.02127659574468085,0.10638297872340426,10,17,normal,false,5,24,242,2630,2170,405,5560,false,false,true,5500,5,5507,42,1,5
461,tempted_1_25,4981,30,0,budget,0,62,true,3,430,113,178,0.1,0.9,0,0,0,1,26,normal,false,5,15,461,4520,0,0,0,false,false,false,0,0,4981,30,0,
462,tempted_1_25,2902,30,0,budget,0,58,true,3,350,79,142,0.4666666666666667,0.5333333333333333,0,0,0,3,6,normal,false,4,13,1037,1865,0,0,0,false,false,true,0,0,2902,30,0,
463,tempted_1_25,12653,69,39,budget,1,100,true,5,2150,178,246,0.043478260869565216,0.6811594202898551,0.15942028985507245,0.043478260869565216,0.07246376811594203,13,1,normal,false,9,34,173,3360,3220,2340,3560,false,true,false,3290,5,9363,64,0,
464,tempted_1_25,4360,38,8,budget,0,78,true,4,530,94,132,0,0.9736842105263158,0.02631578947368421,0,0,4,1,normal,false,7,16,30,3400,930,0,0,false,false,false,0,0,4360,38,0,
465,tempted_1_25,4648,30,0,budget,0,62,true,4,660,93,147,0.1,0.9,0,0,0,3,11,normal,false,4,14,168,4480,0,0,0,false,false,false,0,0,4648,30,0,
466,tempted_1_25,5111,42,12,budget,0,85,true,6,1075,113,160,0.14285714285714285,0.7380952380952381,0.11904761904761904,0,0,6,8,crash,false,5,16,296,4305,510,0,0,false,false,false,0,0,5111,42,0,
467,tempted_1_25,14044,53,23,budget,1,100,true,6,1860,176,250,0.09433962264150944,0.660377358490566,0.1320754716981132,0.018867924528301886,0.09433962264150944,10,10,crash,false,5,30,594,4350,2550,270,6280,false,false,true,5050,5,8994,48,1,2
468,tempted_1_25,3266,30,0,budget,0,58,true,4,375,77,121,0.13333333333333333,0.8666666666666667,0,0,0,2,8,crash,false,5,8,261,3005,0,0,0,false,false,false,0,0,3266,30,0,
469,tempted_1_25,2466,30,0,budget,0,56,true,3,270,70,111,0.3,0.7,0,0,0,3,9,crash,false,5,12,396,2070,0,0,0,false,false,false,0,0,2466,30,0,
470,tempted_1_25,12929,47,17,budget,1,100,true,6,3120,158,227,0.19148936170212766,0.6170212765957447,0.0851063829787234,0,0.10638297872340426,8,1,normal,false,6,22,699,4410,780,900,6140,false,false,true,6060,5,6869,42,1,2
471,tempted_1_25,1500,20,0,lock,0,67,false,3,250,42,54,0,1,0,0,0,0,-1,normal,false,5,6,0,1500,0,0,0,false,false,false,0,0,1500,20,0,
472,tempted_1_25,3285,30,0,budget,0,65,true,5,615,77,136,0.43333333333333335,0.5666666666666667,0,0,0,4,16,crash,false,6,13,620,2665,0,0,0,false,false,false,0,0,3285,30,0,
473,tempted_1_25,3680,38,8,budget,0,75,false,3,865,87,122,0,0.9210526315789473,0.07894736842105263,0,0,4,5,normal,false,8,13,0,2690,990,0,0,false,false,true,0,0,3680,38,0,
474,tempted_1_25,4533,32,2,budget,0,72,true,6,1025,101,141,0.3125,0.65625,0.03125,0,0,6,8,normal,false,4,16,473,3940,120,0,0,false,false,false,0,0,4533,32,0,
475,tempted_1_25,2903,30,0,budget,0,62,true,3,330,83,124,0.13333333333333333,0.8666666666666667,0,0,0,2,18,normal,false,5,9,563,2340,0,0,0,false,false,false,0,0,2903,30,0,
476,tempted_1_25,2649,32,2,budget,0,79,true,3,415,77,109,0.21875,0.71875,0.0625,0,0,2,20,normal,false,9,10,304,1975,370,0,0,false,false,false,0,0,2649,32,0,
477,tempted_1_25,5885,36,6,budget,0,83,false,4,900,125,162,0,0.8055555555555556,0.19444444444444445,0,0,3,16,normal,false,3,16,0,3555,2330,0,0,false,false,true,0,0,5885,36,0,
478,tempted_1_25,3245,30,0,budget,0,55,true,3,395,81,114,0.06666666666666667,0.9333333333333333,0,0,0,2,7,normal,false,4,12,80,3165,0,0,0,false,false,false,0,0,3245,30,0,
479,tempted_1_25,8975,43,13,budget,1,100,true,4,2560,105,174,0.27906976744186046,0.4883720930232558,0.11627906976744186,0,0.11627906976744186,4,3,crash,false,6,15,490,1895,1120,810,4660,false,false,true,5030,5,3945,38,0,
480,tempted_1_25,2840,30,0,budget,0,65,true,3,440,76,107,0.1,0.9,0,0,0,3,24,normal,false,3,14,80,2760,0,0,0,false,false,false,0,0,2840,30,0,
481,tempted_1_25,3518,30,0,budget,0,53,true,6,900,63,116,0.3333333333333333,0.6666666666666666,0,0,0,3,13,crash,false,6,9,343,3175,0,0,0,false,false,false,0,0,3518,30,0,
482,tempted_1_25,3916,34,4,budget,0,97,true,4,405,92,146,0.23529411764705882,0.6470588235294118,0.08823529411764706,0.029411764705882353,0,4,1,normal,false,3,18,426,3005,350,135,0,true,true,true,0,0,3916,34,0,
483,tempted_1_25,9175,30,11,lock,1,100,true,4,2620,89,125,0.03333333333333333,0.6666666666666666,0.1,0.03333333333333333,0.16666666666666666,5,11,keto,false,8,15,30,1935,320,1470,5420,false,true,true,4270,5,4905,25,1,3
484,tempted_1_25,1395,12,0,lock,0,65,false,3,440,34,43,0,1,0,0,0,0,-1,normal,false,3,5,0,1395,0,0,0,false,false,true,0,0,1395,12,0,
485,tempted_1_25,3073,30,0,budget,0,50,true,7,835,74,154,0.6666666666666666,0.3333333333333333,0,0,0,4,6,crash,false,4,11,1768,1305,0,0,0,false,false,false,0,0,3073,30,0,
486,tempted_1_25,2638,30,0,budget,0,69,true,3,315,80,103,0.1,0.9,0,0,0,1,8,normal,false,5,12,108,2530,0,0,0,false,false,true,0,0,2638,30,0,
487,tempted_1_25,369,7,0,lock,0,50,true,2,180,6,24,0.8571428571428571,0.14285714285714285,0,0,0,0,-1,crash,false,5,1,144,225,0,0,0,false,false,false,0,0,369,7,0,
488,tempted_1_25,4224,30,0,budget,0,50,true,6,1100,107,169,0.3333333333333333,0.6666666666666666,0,0,0,4,8,normal,false,2,18,669,3555,0,0,0,false,false,true,0,0,4224,30,0,
489,tempted_1_25,5778,40,10,budget,0,85,true,4,525,123,187,0.05,0.825,0.125,0,0,4,6,crash,false,5,21,433,4325,1020,0,0,false,false,false,0,0,5778,40,0,
490,tempted_1_25,3978,34,4,budget,0,74,true,3,470,92,137,0.11764705882352941,0.8823529411764706,0,0,0,4,1,normal,false,3,15,148,3650,180,0,0,false,false,false,0,0,3978,34,0,
491,tempted_1_25,3830,32,2,budget,0,70,true,4,410,90,137,0.15625,0.84375,0,0,0,4,3,normal,false,8,9,415,3145,270,0,0,false,false,false,0,0,3830,32,0,
492,tempted_1_25,8132,54,24,budget,0,99,true,4,580,153,197,0.07407407407407407,0.6851851851851852,0.16666666666666666,0.07407407407407407,0,10,1,normal,false,13,17,347,3365,2800,1620,0,true,true,false,0,0,8132,54,0,
493,tempted_1_25,4082,38,8,budget,0,77,true,3,580,97,142,0.21052631578947367,0.7631578947368421,0.02631578947368421,0,0,9,1,normal,false,7,14,417,2705,960,0,0,false,false,false,0,0,4082,38,0,
494,tempted_1_25,3297,32,2,budget,0,71,true,4,615,79,145,0.34375,0.65625,0,0,0,4,7,crash,false,6,9,722,2575,0,0,0,false,false,false,0,0,3297,32,0,
495,tempted_1_25,3099,30,0,budget,0,69,true,4,465,84,121,0.13333333333333333,0.8666666666666667,0,0,0,2,28,normal,false,9,10,474,2625,0,0,0,false,false,true,0,0,3099,30,0,
496,tempted_1_25,7673,47,17,budget,1,100,true,4,720,133,192,0.0425531914893617,0.7021276595744681,0.14893617021276595,0,0.10638297872340426,7,3,normal,false,7,23,68,3775,1490,0,2340,false,false,true,2390,5,5283,42,0,
497,tempted_1_25,10224,60,30,budget,0,98,true,4,1110,173,248,0.11666666666666667,0.6333333333333333,0.18333333333333332,0.06666666666666667,0,12,8,normal,false,7,25,324,3405,4380,2115,0,true,true,false,0,0,10224,60,0,
498,tempted_1_25,7106,42,12,budget,0,95,true,4,1480,134,187,0.047619047619047616,0.7857142857142857,0.14285714285714285,0.023809523809523808,0,6,10,normal,false,6,16,161,4390,2420,135,0,true,true,false,0,0,7106,42,0,
499,tempted_1_25,3170,30,0,budget,0,58,true,6,1275,63,114,0.3,0.7,0,0,0,3,10,crash,false,5,12,465,2705,0,0,0,false,false,true,0,0,3170,30,0,
500,tempted_1_25,1884,30,0,budget,0,50,true,3,150,57,115,0.5333333333333333,0.4666666666666667,0,0,0,3,15,crash,false,5,10,774,1110,0,0,0,false,false,false,0,0,1884,30,0,
501,tempted_1_25,2958,32,2,budget,0,76,true,4,550,70,150,0.5625,0.4375,0,0,0,3,8,normal,false,5,12,1063,1535,360,0,0,false,false,false,0,0,2958,32,0,
502,tempted_1_25,4811,30,0,budget,0,50,true,9,2045,80,153,0.4666666666666667,0.5333333333333333,0,0,0,6,4,normal,false,4,13,996,3815,0,0,0,false,false,true,0,0,4811,30,0,
503,tempted_1_25,7735,46,16,budget,0,98,true,7,1170,141,204,0.17391304347826086,0.6521739130434783,0.10869565217391304,0.06521739130434782,0,10,13,normal,false,5,20,545,4875,1190,1125,0,true,true,false,0,0,7735,46,0,
504,tempted_1_25,5718,36,6,budget,0,82,true,5,975,124,162,0.08333333333333333,0.8055555555555556,0.1111111111111111,0,0,6,15,normal,false,4,18,188,4980,550,0,0,false,false,false,0,0,5718,36,0,
505,tempted_1_25,4678,30,0,budget,0,66,true,7,2165,83,138,0.3333333333333333,0.6666666666666666,0,0,0,3,11,crash,false,7,8,338,4340,0,0,0,false,false,true,0,0,4678,30,0,
506,tempted_1_25,3770,34,4,budget,0,80,true,3,435,89,150,0.2647058823529412,0.7352941176470589,0,0,0,5,7,crash,false,5,14,645,2945,180,0,0,false,false,false,0,0,3770,34,0,
507,tempted_1_25,3014,30,0,budget,0,53,true,6,935,64,117,0.5333333333333333,0.4666666666666667,0,0,0,7,7,normal,false,5,10,674,2340,0,0,0,false,false,true,0,0,3014,30,0,
508,tempted_1_25,4456,30,0,budget,0,57,true,5,600,85,150,0.23333333333333334,0.7666666666666667,0,0,0,1,23,crash,false,4,11,481,3975,0,0,0,false,false,false,0,0,4456,30,0,
509,tempted_1_25,5364,32,2,budget,0,79,true,5,1075,118,167,0.09375,0.875,0.03125,0,0,2,14,normal,false,5,13,199,5045,120,0,0,false,false,false,0,0,5364,32,0,
510,tempted_1_25,6609,42,12,budget,0,75,true,5,955,134,190,0.09523809523809523,0.8095238095238095,0.09523809523809523,0,0,8,1,normal,false,5,23,354,4995,1260,0,0,false,false,false,0,0,6609,42,0,
511,tempted_1_25,5930,41,11,budget,1,100,true,3,1100,95,165,0.24390243902439024,0.5853658536585366,0.024390243902439025,0.024390243902439025,0.12195121951219512,3,13,crash,false,7,11,395,2325,700,510,2000,false,false,false,2060,5,3870,36,1,2
512,tempted_1_25,5976,38,8,budget,0,82,true,5,1500,116,173,0.10526315789473684,0.7894736842105263,0.10526315789473684,0,0,5,2,normal,false,5,17,431,3745,1800,0,0,false,false,false,0,0,5976,38,0,
513,tempted_1_25,6115,36,6,budget,0,85,true,5,1090,127,174,0,0.9444444444444444,0.05555555555555555,0,0,3,12,normal,false,5,13,120,5755,240,0,0,false,false,false,0,0,6115,36,0,
514,tempted_1_25,5790,40,10,budget,0,83,true,4,1340,104,139,0.05,0.775,0.175,0,0,5,21,normal,false,4,18,55,3075,2660,0,0,false,false,true,0,0,5790,40,0,
515,tempted_1_25,4710,32,2,budget,0,71,true,4,570,108,146,0,1,0,0,0,1,4,normal,false,4,10,90,4260,360,0,0,false,false,false,0,0,4710,32,0,
516,tempted_1_25,8428,43,13,budget,1,100,true,4,1200,126,194,0.23255813953488372,0.5581395348837209,0.06976744186046512,0.023255813953488372,0.11627906976744186,7,7,normal,false,4,28,558,3040,1450,1020,2360,false,false,true,1920,5,6508,38,1,3
517,tempted_1_25,37668,126,96,budget,6,100,true,5,2640,385,495,0.07936507936507936,0.3968253968253968,0.25396825396825395,0.031746031746031744,0.23809523809523808,28,1,crash,false,9,58,428,5475,6900,9045,15820,false,true,false,15350,30,22318,96,5,3|4|2|4|5
518,tempted_1_25,4012,30,0,budget,0,67,true,5,1145,90,136,0.3,0.7,0,0,0,4,11,normal,false,5,13,477,3535,0,0,0,false,false,false,0,0,4012,30,0,
519,tempted_1_25,13290,40,10,budget,0,97,true,9,5925,138,211,0.075,0.775,0.15,0,0,7,3,normal,false,4,22,250,5605,1630,5805,0,true,true,false,0,0,13290,40,0,
520,tempted_1_25,2032,32,2,budget,0,72,true,2,195,59,114,0.53125,0.4375,0.03125,0,0,4,4,crash,false,6,10,512,1340,180,0,0,false,false,false,0,0,2032,32,0,
521,tempted_1_25,6805,38,8,budget,0,88,true,4,870,119,188,0.05263157894736842,0.8947368421052632,0.02631578947368421,0.02631578947368421,0,5,11,normal,false,6,16,155,4835,870,945,0,false,false,false,0,0,6805,38,0,
522,tempted_1_25,4896,30,0,budget,0,67,true,4,710,103,153,0.16666666666666666,0.8333333333333334,0,0,0,4,9,normal,false,5,14,381,4515,0,0,0,false,false,true,0,0,4896,30,0,
523,tempted_1_25,20876,72,42,budget,4,100,true,6,3820,211,292,0.041666666666666664,0.5138888888888888,0.1527777777777778,0.013888888888888888,0.2777777777777778,12,5,normal,false,9,31,331,4495,1570,3060,11420,false,true,true,11570,20,9306,52,4,2|4|2|2
524,tempted_1_25,15496,49,19,budget,1,100,true,5,3660,159,227,0.04081632653061224,0.6530612244897959,0.14285714285714285,0.061224489795918366,0.10204081632653061,8,6,normal,false,6,22,166,4600,1590,1800,7340,false,true,false,8105,5,7391,44,1,10
525,tempted_1_25,4949,34,4,budget,0,87,true,6,928,105,158,0.17647058823529413,0.7941176470588235,0.029411764705882353,0,0,3,13,normal,false,5,17,519,4070,360,0,0,false,false,false,0,0,4949,34,0,
526,tempted_1_25,3844,32,2,budget,0,71,true,4,630,72,165,0.53125,0.46875,0,0,0,3,6,crash,false,4,12,1139,2255,450,0,0,false,false,false,0,0,3844,32,0,
527,tempted_1_25,1065,8,0,lock,0,63,false,3,385,22,29,0,1,0,0,0,0,-1,normal,false,2,3,0,1065,0,0,0,false,false,false,0,0,1065,8,0,
528,tempted_1_25,3162,32,2,budget,0,80,true,3,450,73,124,0.21875,0.75,0.03125,0,0,4,1,crash,false,5,12,262,2560,340,0,0,false,false,false,0,0,3162,32,0,
529,tempted_1_25,4126,32,2,budget,0,81,true,4,620,96,142,0.25,0.75,0,0,0,5,11,normal,false,4,12,356,3260,510,0,0,false,false,false,0,0,4126,32,0,
530,tempted_1_25,3902,30,0,budget,0,65,true,3,375,101,141,0.2,0.8,0,0,0,2,18,normal,false,6,12,382,3520,0,0,0,false,false,false,0,0,3902,30,0,
531,tempted_1_25,2163,30,0,budget,0,66,true,3,255,57,92,0.1,0.9,0,0,0,1,18,normal,false,7,9,158,2005,0,0,0,false,false,true,0,0,2163,30,0,
532,tempted_1_25,7435,34,4,budget,0,93,true,5,3370,111,157,0,0.9117647058823529,0.058823529411764705,0.029411764705882353,0,1,11,normal,false,6,15,80,3685,610,3060,0,true,false,false,0,0,7435,34,0,
533,tempted_1_25,13420,49,19,budget,1,100,false,7,3560,154,238,0,0.7551020408163265,0.14285714285714285,0,0.10204081632653061,7,3,normal,false,8,22,0,3680,4860,0,4880,false,false,false,5860,5,7560,44,0,
534,tempted_1_25,3894,30,0,budget,0,66,true,5,695,89,144,0.2,0.8,0,0,0,1,21,normal,false,4,14,824,3070,0,0,0,false,false,true,0,0,3894,30,0,
535,tempted_1_25,3234,30,0,budget,0,55,true,4,380,85,138,0.4666666666666667,0.5333333333333333,0,0,0,4,9,normal,false,5,14,809,2425,0,0,0,false,false,true,0,0,3234,30,0,
536,tempted_1_25,3878,36,6,budget,0,86,true,3,480,90,159,0.3611111111111111,0.6111111111111112,0.027777777777777776,0,0,4,1,normal,false,5,14,603,2735,540,0,0,false,false,false,0,0,3878,36,0,
537,tempted_1_25,2830,16,0,lock,0,50,true,3,630,58,97,0.125,0.875,0,0,0,2,12,normal,false,2,9,100,2730,0,0,0,false,false,true,0,0,2830,16,0,
538,tempted_1_25,3718,30,0,budget,0,61,true,5,610,85,125,0.16666666666666666,0.8333333333333334,0,0,0,4,11,normal,false,5,10,288,3430,0,0,0,false,false,true,0,0,3718,30,0,
539,tempted_1_25,10661,43,13,budget,1,100,true,4,2320,141,195,0.16279069767441862,0.6046511627906976,0.09302325581395349,0.023255813953488372,0.11627906976744186,7,2,normal,false,4,20,341,3560,1100,1080,4580,false,false,false,5260,5,5401,38,1,4
540,tempted_1_25,3448,30,0,budget,0,55,true,5,655,76,106,0.06666666666666667,0.9333333333333333,0,0,0,2,25,normal,false,5,11,153,3295,0,0,0,false,false,false,0,0,3448,30,0,
541,tempted_1_25,1677,27,0,lock,0,55,true,3,240,49,75,0.2222222222222222,0.7777777777777778,0,0,0,2,10,normal,false,9,5,227,1450,0,0,0,false,false,false,0,0,1677,27,0,
542,tempted_1_25,8695,57,27,budget,1,100,true,5,1000,164,212,0.14035087719298245,0.5087719298245614,0.19298245614035087,0.07017543859649122,0.08771929824561403,15,2,normal,false,7,33,565,2935,2550,585,2060,false,true,true,2060,5,6635,52,1,14
543,tempted_1_25,5984,34,4,budget,0,72,true,5,870,122,183,0.20588235294117646,0.7647058823529411,0.029411764705882353,0,0,5,7,normal,false,4,16,509,5025,450,0,0,false,false,true,0,0,5984,34,0,
544,tempted_1_25,2104,30,0,budget,0,52,true,2,225,59,104,0.26666666666666666,0.7333333333333333,0,0,0,4,5,normal,false,5,11,354,1750,0,0,0,false,false,false,0,0,2104,30,0,
545,tempted_1_25,11708,43,13,budget,1,100,true,6,2440,161,214,0.06976744186046512,0.627906976744186,0.13953488372093023,0.046511627906976744,0.11627906976744186,6,5,normal,false,8,19,168,4600,2530,2370,2040,false,true,false,2850,5,8858,38,1,3
546,tempted_1_25,2723,30,0,budget,0,59,true,4,770,68,112,0.4,0.6,0,0,0,2,21,normal,false,7,7,378,2345,0,0,0,false,false,false,0,0,2723,30,0,
547,tempted_1_25,11405,51,21,budget,1,100,true,4,1380,162,224,0.0196078431372549,0.7058823529411765,0.11764705882352941,0.058823529411764705,0.09803921568627451,7,3,normal,false,6,24,15,4380,1330,1380,4300,false,false,false,3860,5,7545,46,1,4
548,tempted_1_25,2989,30,0,budget,0,50,true,4,715,76,114,0.3333333333333333,0.6666666666666666,0,0,0,4,8,normal,false,5,12,329,2660,0,0,0,false,false,true,0,0,2989,30,0,
549,tempted_1_25,4006,30,0,budget,0,68,true,5,865,74,145,0.3,0.7,0,0,0,2,20,crash,false,4,13,341,3665,0,0,0,false,false,false,0,0,4006,30,0,
550,tempted_1_25,1015,10,2,lock,0,76,false,2,210,29,40,0,0.9,0.1,0,0,1,2,normal,false,5,3,0,805,210,0,0,false,false,true,0,0,1015,10,0,
551,tempted_1_25,3965,30,0,budget,0,63,true,5,570,87,125,0.1,0.9,0,0,0,3,7,normal,false,4,15,215,3750,0,0,0,false,false,true,0,0,3965,30,0,
552,tempted_1_25,1695,12,2,lock,0,70,false,4,420,41,48,0,1,0,0,0,1,1,normal,false,5,5,0,1695,0,0,0,false,false,false,0,0,1695,12,0,
553,tempted_1_25,5843,36,6,budget,0,82,true,5,1050,89,149,0.2777777777777778,0.6388888888888888,0.08333333333333333,0,0,5,2,normal,false,7,13,283,2570,2990,0,0,false,false,true,0,0,5843,36,0,
554,tempted_1_25,4329,34,4,budget,0,84,true,4,630,97,129,0.14705882352941177,0.7647058823529411,0.08823529411764706,0,0,3,8,normal,false,4,13,234,3275,820,0,0,false,false,true,0,0,4329,34,0,
555,tempted_1_25,2366,30,0,budget,0,57,true,4,495,60,120,0.5666666666666667,0.43333333333333335,0,0,0,5,7,crash,false,5,10,626,1740,0,0,0,false,false,false,0,0,2366,30,0,
556,tempted_1_25,3701,30,0,budget,0,67,true,3,400,98,135,0.13333333333333333,0.8666666666666667,0,0,0,3,10,normal,false,3,16,246,3455,0,0,0,false,false,true,0,0,3701,30,0,
557,tempted_1_25,18926,79,49,budget,3,100,true,5,2400,252,335,0.06329113924050633,0.5189873417721519,0.17721518987341772,0.05063291139240506,0.189873417721519,15,2,crash,false,10,40,266,5925,2520,1815,8400,false,true,false,6030,15,12896,64,2,2|2
558,tempted_1_25,3395,30,0,budget,0,66,true,5,775,76,135,0.5666666666666667,0.43333333333333335,0,0,0,6,3,crash,false,4,12,625,2770,0,0,0,false,false,false,0,0,3395,30,0,
559,tempted_1_25,21908,74,44,budget,4,100,true,4,2080,251,311,0.06756756756756757,0.40540540540540543,0.17567567567567569,0.08108108108108109,0.2702702702702703,13,5,normal,false,6,41,178,4130,2440,2460,12700,false,true,false,12450,20,9458,54,3,9|2|3
560,tempted_1_25,2491,30,0,budget,0,67,true,4,360,62,109,0.4,0.6,0,0,0,2,22,normal,false,8,10,636,1855,0,0,0,false,false,false,0,0,2491,30,0,
561,tempted_1_25,5474,30,0,budget,0,58,true,6,1140,96,182,0.36666666666666664,0.6333333333333333,0,0,0,1,16,crash,false,6,13,674,4800,0,0,0,false,false,false,0,0,5474,30,0,
562,tempted_1_25,3280,30,0,budget,0,66,true,4,675,83,126,0.13333333333333333,0.8666666666666667,0,0,0,3,16,normal,false,5,14,225,3055,0,0,0,false,false,true,0,0,3280,30,0,
563,tempted_1_25,2215,30,0,budget,0,58,true,3,218,60,98,0.2,0.8,0,0,0,2,24,normal,false,5,12,225,1990,0,0,0,false,false,false,0,0,2215,30,0,
564,tempted_1_25,4333,30,0,budget,0,57,true,5,803,92,149,0.3333333333333333,0.6666666666666666,0,0,0,4,6,normal,false,5,11,618,3715,0,0,0,false,false,false,0,0,4333,30,0,
565,tempted_1_25,24465,75,45,budget,3,100,true,6,5325,272,372,0.02666666666666667,0.6266666666666667,0.12,0.02666666666666667,0.2,17,1,normal,false,8,41,70,8170,5200,5445,5580,false,false,false,9745,15,14720,60,3,2|3|2
566,tempted_1_25,3752,30,0,budget,0,62,true,5,935,80,121,0.3,0.7,0,0,0,5,5,normal,false,5,15,322,3430,0,0,0,false,false,true,0,0,3752,30,0,
567,tempted_1_25,15819,58,28,budget,2,100,true,5,3540,176,235,0.13793103448275862,0.4827586206896552,0.1206896551724138,0.08620689655172414,0.1724137931034483,10,1,normal,false,10,20,494,2750,1300,4395,6880,false,true,false,6800,10,9019,48,2,3|9
568,tempted_1_25,10996,40,10,budget,0,93,true,9,6805,120,181,0.15,0.775,0.05,0.025,0,6,13,normal,false,7,16,271,3625,1880,5220,0,true,false,true,0,0,10996,40,0,
569,tempted_1_25,3074,30,0,budget,0,63,true,4,435,72,122,0.26666666666666666,0.7333333333333333,0,0,0,4,4,normal,false,4,12,584,2490,0,0,0,false,false,true,0,0,3074,30,0,
570,tempted_1_25,23450,99,69,budget,5,100,true,6,2635,309,369,0.1111111111111111,0.36363636363636365,0.21212121212121213,0.06060606060606061,0.25252525252525254,24,1,normal,false,9,47,430,4865,4420,3675,10060,false,false,false,10360,25,13090,74,3,3|2|2
571,tempted_1_25,2939,30,0,budget,0,69,true,4,540,73,112,0.16666666666666666,0.8333333333333334,0,0,0,3,14,normal,false,8,11,339,2600,0,0,0,false,false,false,0,0,2939,30,0,
572,tempted_1_25,4493,32,2,budget,0,81,true,4,740,110,152,0.15625,0.8125,0.03125,0,0,4,13,normal,false,6,10,368,3735,390,0,0,false,false,false,0,0,4493,32,0,
573,tempted_1_25,3240,31,2,lock,0,72,true,4,480,77,110,0.03225806451612903,0.9354838709677419,0.03225806451612903,0,0,1,17,crash,false,7,10,0,3150,90,0,0,false,false,false,0,0,3240,31,0,
574,tempted_1_25,2636,30,0,budget,0,62,true,4,430,70,115,0.43333333333333335,0.5666666666666667,0,0,0,3,6,normal,false,8,11,531,2105,0,0,0,false,false,false,0,0,2636,30,0,
575,tempted_1_25,6959,55,25,budget,1,100,true,5,840,138,187,0.16363636363636364,0.6181818181818182,0.09090909090909091,0.03636363636363636,0.09090909090909091,12,3,crash,false,6,21,344,3340,1480,255,1540,false,false,false,1480,5,5479,50,1,2
576,tempted_1_25,2951,30,0,budget,0,69,true,5,321,88,115,0.03333333333333333,0.9666666666666667,0,0,0,1,8,normal,false,7,10,321,2630,0,0,0,false,false,true,0,0,2951,30,0,
577,tempted_1_25,11892,51,21,budget,1,100,true,5,3060,161,255,0.17647058823529413,0.6274509803921569,0.09803921568627451,0,0.09803921568627451,10,5,crash,false,4,30,342,5565,1320,645,4020,false,false,false,1280,5,10612,46,1,3
578,tempted_1_25,3957,32,2,budget,0,73,true,3,570,112,182,0.3125,0.65625,0.03125,0,0,4,3,normal,false,3,18,1232,2635,90,0,0,false,false,false,0,0,3957,32,0,
579,tempted_1_25,4845,30,0,budget,0,63,true,5,1155,103,156,0.3333333333333333,0.6666666666666666,0,0,0,2,3,normal,false,9,11,420,4425,0,0,0,false,false,true,0,0,4845,30,0,
580,tempted_1_25,19319,67,37,budget,1,100,true,8,2130,222,326,0.1044776119402985,0.5671641791044776,0.22388059701492538,0.029850746268656716,0.07462686567164178,15,2,normal,false,7,33,239,6690,6470,3720,2200,false,true,true,2320,5,16999,62,1,2
581,tempted_1_25,8983,36,21,lock,1,100,true,5,3120,109,136,0.05555555555555555,0.6111111111111112,0.16666666666666666,0.027777777777777776,0.1388888888888889,8,7,normal,false,4,17,198,1575,1170,1080,4960,false,true,false,2380,5,6603,31,1,2
582,tempted_1_25,2845,30,0,budget,0,50,true,5,950,67,129,0.6,0.4,0,0,0,3,11,crash,false,7,10,900,1945,0,0,0,false,false,false,0,0,2845,30,0,
583,tempted_1_25,30465,93,63,budget,5,100,true,6,3720,300,426,0.03225806451612903,0.4946236559139785,0.17204301075268819,0.03225806451612903,0.26881720430107525,18,1,crash,false,5,48,110,5855,4070,1830,18600,false,false,false,17550,25,12915,68,5,2|3|2|3|2
584,tempted_1_25,5675,40,10,budget,0,98,true,3,410,138,182,0.025,0.85,0.1,0.025,0,6,6,normal,false,5,17,95,4800,600,180,0,true,true,true,0,0,5675,40,0,
585,tempted_1_25,3752,30,0,budget,0,56,true,4,490,82,149,0.3,0.7,0,0,0,4,17,crash,false,3,14,722,3030,0,0,0,false,false,true,0,0,3752,30,0,
586,tempted_1_25,6636,34,4,budget,0,74,true,5,1090,133,200,0.17647058823529413,0.8235294117647058,0,0,0,4,1,normal,false,4,17,321,5865,450,0,0,false,false,false,0,0,6636,34,0,
587,tempted_1_25,2044,30,0,budget,0,59,true,2,150,63,97,0.26666666666666666,0.7333333333333333,0,0,0,4,11,normal,false,7,8,384,1660,0,0,0,false,false,true,0,0,2044,30,0,
588,tempted_1_25,2234,30,0,budget,0,50,true,4,585,57,110,0.5,0.5,0,0,0,6,6,crash,false,7,13,794,1440,0,0,0,false,false,false,0,0,2234,30,0,
589,tempted_1_25,3997,34,4,budget,0,77,true,5,408,100,153,0.17647058823529413,0.7941176470588235,0.029411764705882353,0,0,4,16,crash,false,4,12,562,3165,270,0,0,false,false,false,0,0,3997,34,0,
590,tempted_1_25,7185,40,10,budget,0,86,true,5,975,140,189,0.025,0.8,0.175,0,0,5,15,normal,false,8,20,130,5555,1500,0,0,false,false,true,0,0,7185,40,0,
591,tempted_1_25,7538,42,12,budget,0,91,true,5,1605,135,198,0.047619047619047616,0.8571428571428571,0.07142857142857142,0.023809523809523808,0,4,24,crash,false,4,18,258,4750,1990,540,0,true,false,false,0,0,7538,42,0,
592,tempted_1_25,2983,30,0,budget,0,52,true,3,480,78,116,0.16666666666666666,0.8333333333333334,0,0,0,3,6,normal,false,6,11,343,2640,0,0,0,false,false,true,0,0,2983,30,0,
593,tempted_1_25,36966,124,94,budget,4,100,true,9,7640,409,556,0.04838709677419355,0.4435483870967742,0.28225806451612906,0.06451612903225806,0.16129032258064516,33,4,crash,false,5,65,521,7980,8740,10725,9000,false,true,false,9080,20,27886,104,4,6|5|3|4
594,tempted_1_25,5381,38,8,budget,0,91,true,6,920,98,151,0.3157894736842105,0.631578947368421,0.02631578947368421,0.02631578947368421,0,7,13,crash,false,3,16,596,3015,1590,180,0,true,false,false,0,0,5381,38,0,
595,tempted_1_25,5360,42,12,budget,0,93,true,4,470,121,157,0,0.8809523809523809,0.09523809523809523,0.023809523809523808,0,4,2,normal,false,5,14,60,3605,1560,135,0,true,false,false,0,0,5360,42,0,
596,tempted_1_25,2256,30,0,budget,0,60,true,3,275,62,101,0.36666666666666664,0.6333333333333333,0,0,0,4,14,normal,false,3,14,546,1710,0,0,0,false,false,true,0,0,2256,30,0,
597,tempted_1_25,7243,49,19,budget,1,100,true,4,815,140,177,0.14285714285714285,0.6326530612244898,0.12244897959183673,0,0.10204081632653061,7,22,normal,false,11,19,433,3525,1160,765,1360,false,false,false,1620,5,5623,44,1,2
598,tempted_1_25,5160,32,2,budget,0,75,true,4,450,110,153,0,0.96875,0.03125,0,0,1,1,normal,false,8,11,90,4920,150,0,0,false,false,true,0,0,5160,32,0,
599,tempted_1_25,3565,30,0,budget,0,53,true,5,755,75,142,0.5666666666666667,0.43333333333333335,0,0,0,5,8,crash,false,5,13,995,2570,0,0,0,false,false,false,0,0,3565,30,0,
600,tempted_1_25,7629,40,10,budget,0,92,true,4,2200,103,173,0.175,0.6,0.2,0.025,0,6,1,crash,false,6,15,149,3015,3250,1215,0,true,false,false,0,0,7629,40,0,
601,tempted_1_25,3844,34,4,budget,0,94,true,4,530,86,134,0.17647058823529413,0.7352941176470589,0.058823529411764705,0.029411764705882353,0,3,11,normal,false,9,12,174,2845,690,135,0,true,false,false,0,0,3844,34,0,
602,tempted_1_25,2968,32,2,budget,0,70,true,3,330,73,152,0.375,0.625,0,0,0,3,3,normal,false,7,14,813,2155,0,0,0,false,false,true,0,0,2968,32,0,
603,tempted_1_25,1335,15,0,lock,0,50,true,3,240,30,55,0.26666666666666666,0.7333333333333333,0,0,0,3,8,normal,false,3,6,140,1195,0,0,0,false,false,true,0,0,1335,15,0,
604,tempted_1_25,2687,30,0,budget,0,50,true,4,350,68,137,0.5333333333333333,0.4666666666666667,0,0,0,4,7,normal,false,5,10,957,1730,0,0,0,false,false,true,0,0,2687,30,0,
605,tempted_1_25,11780,71,41,budget,1,100,true,4,900,176,232,0.014084507042253521,0.5352112676056338,0.29577464788732394,0.08450704225352113,0.07042253521126761,18,10,normal,false,7,31,45,2860,4780,1335,2760,false,true,false,2100,5,9680,66,1,3
606,tempted_1_25,3707,30,0,budget,0,61,true,4,450,88,168,0.3,0.7,0,0,0,4,12,crash,false,5,10,872,2835,0,0,0,false,false,false,0,0,3707,30,0,
607,tempted_1_25,2813,30,0,budget,0,51,true,5,530,71,119,0.3333333333333333,0.6666666666666666,0,0,0,3,10,crash,false,9,10,563,2250,0,0,0,false,false,false,0,0,2813,30,0,
608,tempted_1_25,2199,30,0,budget,0,58,true,4,375,58,100,0.23333333333333334,0.7666666666666667,0,0,0,4,6,crash,false,5,13,309,1890,0,0,0,false,false,true,0,0,2199,30,0,
609,tempted_1_25,3321,30,0,budget,0,53,true,4,465,75,118,0.2,0.8,0,0,0,2,5,crash,false,7,11,241,3080,0,0,0,false,false,false,0,0,3321,30,0,
610,tempted_1_25,2710,30,0,budget,0,69,true,3,295,87,122,0.2,0.8,0,0,0,2,17,normal,false,4,12,425,2285,0,0,0,false,false,true,0,0,2710,30,0,
611,tempted_1_25,2791,30,0,budget,0,52,true,5,443,66,112,0.4666666666666667,0.5333333333333333,0,0,0,4,6,normal,false,6,11,616,2175,0,0,0,false,false,true,0,0,2791,30,0,
612,tempted_1_25,4205,32,2,budget,0,80,true,4,530,104,130,0,0.96875,0.03125,0,0,1,30,normal,false,4,17,30,4055,120,0,0,false,false,true,0,0,4205,32,0,
613,tempted_1_25,2494,34,4,budget,0,72,true,3,265,67,118,0.2647058823529412,0.6764705882352942,0.058823529411764705,0,0,4,4,normal,false,6,12,504,1810,180,0,0,false,false,true,0,0,2494,34,0,
614,tempted_1_25,4576,30,0,budget,0,55,true,4,590,105,157,0.13333333333333333,0.8666666666666667,0,0,0,2,25,normal,false,4,13,331,4245,0,0,0,false,false,false,0,0,4576,30,0,
615,tempted_1_25,2422,30,0,budget,0,68,true,3,290,73,101,0.23333333333333334,0.7666666666666667,0,0,0,3,13,normal,false,4,10,297,2125,0,0,0,false,false,false,0,0,2422,30,0,
616,tempted_1_25,4068,38,8,budget,0,82,true,3,420,87,136,0.10526315789473684,0.8421052631578947,0.05263157894736842,0,0,5,5,crash,false,7,13,73,3125,870,0,0,false,false,false,0,0,4068,38,0,
617,tempted_1_25,4432,36,6,budget,0,73,true,4,640,111,160,0.25,0.6944444444444444,0.05555555555555555,0,0,6,11,normal,false,6,14,407,3665,360,0,0,false,false,true,0,0,4432,36,0,
618,tempted_1_25,1971,17,0,lock,0,50,true,6,840,34,65,0.35294117647058826,0.6470588235294118,0,0,0,4,6,normal,false,5,7,281,1690,0,0,0,false,false,false,0,0,1971,17,0,
619,tempted_1_25,2290,17,8,lock,0,87,true,4,420,39,59,0.058823529411764705,0.6470588235294118,0.29411764705882354,0,0,4,1,normal,false,4,6,20,1190,810,270,0,false,false,false,0,0,2290,17,0,
620,tempted_1_25,2264,21,2,lock,0,74,true,4,480,54,97,0.42857142857142855,0.5714285714285714,0,0,0,3,1,crash,false,5,7,329,1755,180,0,0,false,false,false,0,0,2264,21,0,
621,tempted_1_25,4418,32,2,budget,0,77,true,4,930,91,138,0.15625,0.8125,0.03125,0,0,5,4,normal,false,3,18,138,3350,930,0,0,false,false,false,0,0,4418,32,0,
622,tempted_1_25,1178,19,0,lock,0,56,true,3,210,30,57,0.3157894736842105,0.6842105263157895,0,0,0,4,7,crash,false,4,7,148,1030,0,0,0,false,false,false,0,0,1178,19,0,
623,tempted_1_25,2887,30,0,budget,0,69,true,4,510,81,125,0.23333333333333334,0.7666666666666667,0,0,0,3,21,normal,false,4,10,397,2490,0,0,0,false,false,true,0,0,2887,30,0,
624,tempted_1_25,3895,32,2,budget,0,70,true,6,1060,102,146,0.3125,0.6875,0,0,0,5,3,normal,false,5,11,605,3290,0,0,0,false,false,false,0,0,3895,32,0,
625,tempted_1_25,2714,30,0,budget,0,62,true,4,475,72,109,0.3,0.7,0,0,0,3,9,normal,false,9,8,364,2350,0,0,0,false,false,false,0,0,2714,30,0,
626,tempted_1_25,7749,38,8,budget,0,97,true,6,1440,141,185,0.13157894736842105,0.7631578947368421,0.10526315789473684,0,0,6,11,normal,false,4,21,389,4550,1550,1260,0,true,true,true,0,0,7749,38,0,
627,tempted_1_25,3325,32,2,budget,0,72,true,3,300,98,129,0.0625,0.90625,0.03125,0,0,2,3,normal,false,4,17,140,3035,150,0,0,false,false,true,0,0,3325,32,0,
628,tempted_1_25,4685,15,12,lock,0,87,false,5,2235,51,69,0,0.7333333333333333,0.26666666666666666,0,0,3,3,normal,false,3,7,0,1220,1530,1935,0,false,false,true,0,0,4685,15,0,
629,tempted_1_25,20739,79,49,budget,3,100,true,4,2760,260,290,0.06329113924050633,0.5316455696202531,0.1518987341772152,0.06329113924050633,0.189873417721519,18,6,normal,false,8,36,179,4515,2120,2685,11240,false,false,false,12440,15,8299,64,3,3|7|2
630,tempted_1_25,3897,32,2,budget,0,70,true,4,710,101,138,0.1875,0.8125,0,0,0,4,7,normal,false,5,13,322,3215,360,0,0,false,false,true,0,0,3897,32,0,
631,tempted_1_25,3731,30,0,budget,0,56,true,5,705,92,140,0.2,0.8,0,0,0,3,9,normal,false,3,16,466,3265,0,0,0,false,false,false,0,0,3731,30,0,
632,tempted_1_25,9675,45,15,budget,1,100,true,5,1950,138,182,0.022222222222222223,0.7777777777777778,0.08888888888888889,0,0.1111111111111111,5,15,normal,false,11,17,20,3130,1430,2115,2980,false,false,true,2620,5,7055,40,1,2
633,tempted_1_25,4463,30,0,budget,0,66,true,5,755,86,166,0.5333333333333333,0.4666666666666667,0,0,0,4,7,crash,false,5,12,943,3520,0,0,0,false,false,false,0,0,4463,30,0,
634,tempted_1_25,7675,34,4,budget,0,77,true,6,1245,122,216,0.08823529411764706,0.9117647058823529,0,0,0,4,12,normal,false,4,18,425,6260,990,0,0,false,false,false,0,0,7675,34,0,
635,tempted_1_25,9755,51,28,lock,0,95,true,5,960,157,216,0.0196078431372549,0.6862745098039216,0.19607843137254902,0.09803921568627451,0,11,5,normal,false,4,22,15,4970,3510,1260,0,true,true,false,0,0,9755,51,0,
636,tempted_1_25,3330,30,0,budget,0,69,false,3,375,87,124,0,1,0,0,0,0,-1,normal,false,6,11,0,3330,0,0,0,false,false,false,0,0,3330,30,0,
637,tempted_1_25,3495,34,4,budget,0,85,true,4,480,91,134,0.4117647058823529,0.47058823529411764,0.11764705882352941,0,0,5,4,normal,false,4,16,640,2395,460,0,0,false,false,true,0,0,3495,34,0,
638,tempted_1_25,2043,30,0,budget,0,65,true,3,255,60,97,0.26666666666666666,0.7333333333333333,0,0,0,1,24,normal,false,9,9,268,1775,0,0,0,false,false,false,0,0,2043,30,0,
639,tempted_1_25,3678,32,2,budget,0,75,true,5,585,85,120,0.0625,0.90625,0.03125,0,0,2,4,normal,false,5,12,58,3440,180,0,0,false,false,false,0,0,3678,32,0,
640,tempted_1_25,3477,34,4,budget,0,85,true,3,395,87,146,0.35294117647058826,0.5588235294117647,0.08823529411764706,0,0,6,5,crash,false,4,16,657,2340,480,0,0,false,false,true,0,0,3477,34,0,
641,tempted_1_25,4338,30,0,budget,0,66,true,4,690,92,164,0.4,0.6,0,0,0,4,8,normal,false,3,14,773,3565,0,0,0,false,false,true,0,0,4338,30,0,
642,tempted_1_25,3418,34,4,budget,0,89,true,4,610,71,121,0.2647058823529412,0.6764705882352942,0.029411764705882353,0.029411764705882353,0,3,5,normal,false,10,9,233,2690,360,135,0,false,false,false,0,0,3418,34,0,
643,tempted_1_25,4060,32,2,budget,0,76,true,4,405,102,131,0.03125,0.9375,0.03125,0,0,2,7,normal,false,6,12,20,3950,90,0,0,false,false,true,0,0,4060,32,0,
644,tempted_1_25,3147,30,0,budget,0,62,true,6,1200,69,112,0.5666666666666667,0.43333333333333335,0,0,0,5,6,normal,false,5,12,767,2380,0,0,0,false,false,false,0,0,3147,30,0,
645,tempted_1_25,14191,60,30,budget,2,100,true,5,1755,196,265,0.06666666666666667,0.65,0.08333333333333333,0.03333333333333333,0.16666666666666666,9,1,normal,false,5,30,146,4380,3750,1995,3920,false,true,false,4885,10,9306,50,1,2
646,tempted_1_25,2793,34,4,budget,0,93,true,4,350,67,113,0.29411764705882354,0.6470588235294118,0.029411764705882353,0.029411764705882353,0,3,4,normal,false,8,9,398,1980,280,135,0,true,false,false,0,0,2793,34,0,
647,tempted_1_25,3103,30,0,budget,0,50,true,5,585,69,139,0.5333333333333333,0.4666666666666667,0,0,0,4,4,crash,false,6,11,998,2105,0,0,0,false,false,false,0,0,3103,30,0,
648,tempted_1_25,17565,78,48,budget,2,100,false,4,1440,232,306,0,0.5512820512820513,0.2564102564102564,0.0641025641025641,0.1282051282051282,16,6,normal,false,8,36,0,5000,3140,1725,7700,false,true,false,7670,10,9895,68,2,7|3
649,tempted_1_25,5914,32,2,budget,0,70,true,8,2130,109,174,0.3125,0.6875,0,0,0,2,1,crash,false,5,15,474,5440,0,0,0,false,false,false,0,0,5914,32,0,
650,tempted_1_25,2640,25,6,lock,0,82,false,3,400,69,90,0,0.96,0.04,0,0,3,11,normal,false,5,12,0,2240,400,0,0,false,false,false,0,0,2640,25,0,
651,tempted_1_25,3428,34,4,budget,0,77,true,4,735,78,125,0.14705882352941177,0.8235294117647058,0.029411764705882353,0,0,5,5,crash,false,5,15,218,2940,270,0,0,false,false,false,0,0,3428,34,0,
652,tempted_1_25,3741,30,0,budget,0,51,true,5,855,81,148,0.4,0.6,0,0,0,2,3,crash,false,7,11,926,2815,0,0,0,false,false,false,0,0,3741,30,0,
653,tempted_1_25,10120,57,27,budget,1,100,true,8,1605,163,239,0.17543859649122806,0.5614035087719298,0.14035087719298245,0.03508771929824561,0.08771929824561403,10,6,crash,false,5,24,285,5555,1910,570,1800,false,false,false,1200,5,8920,52,1,3
654,tempted_1_25,11509,42,12,budget,0,85,true,7,2100,180,303,0.19047619047619047,0.6904761904761905,0.11904761904761904,0,0,8,1,normal,false,8,20,859,6620,4030,0,0,false,false,false,0,0,11509,42,0,
655,tempted_1_25,4223,38,8,budget,0,92,true,5,900,92,119,0.05263157894736842,0.8421052631578947,0.07894736842105263,0.02631578947368421,0,4,14,normal,false,9,15,103,2845,1140,135,0,true,false,true,0,0,4223,38,0,
656,tempted_1_25,2779,30,0,budget,0,50,true,4,295,81,132,0.4,0.6,0,0,0,3,11,crash,false,5,9,939,1840,0,0,0,false,false,false,0,0,2779,30,0,
657,tempted_1_25,2583,30,0,budget,0,53,true,5,600,66,121,0.5333333333333333,0.4666666666666667,0,0,0,5,8,crash,false,3,13,818,1765,0,0,0,false,false,false,0,0,2583,30,0,
658,tempted_1_25,5149,42,12,budget,0,93,true,4,540,103,172,0.35714285714285715,0.5238095238095238,0.09523809523809523,0.023809523809523808,0,10,3,crash,false,6,16,559,2760,1650,180,0,true,false,false,0,0,5149,42,0,
659,tempted_1_25,3277,34,4,budget,0,75,true,3,300,86,120,0.23529411764705882,0.6764705882352942,0.08823529411764706,0,0,5,6,normal,false,3,16,347,2590,340,0,0,false,false,true,0,0,3277,34,0,
660,tempted_1_25,9255,49,19,budget,1,100,false,5,2400,154,185,0,0.7755102040816326,0.10204081632653061,0.02040816326530612,0.10204081632653061,6,5,normal,false,12,17,0,4065,630,2400,2160,false,false,true,3900,5,5355,44,1,2
661,tempted_1_25,4693,30,0,budget,0,55,true,5,725,96,154,0.1,0.9,0,0,0,2,24,crash,false,5,14,353,4340,0,0,0,false,false,false,0,0,4693,30,0,
662,tempted_1_25,12353,53,23,budget,1,100,true,4,2760,183,224,0.05660377358490566,0.6981132075471698,0.1509433962264151,0,0.09433962264150944,10,8,normal,false,5,25,138,3805,3370,180,4860,false,false,true,2460,5,9893,48,1,2
663,tempted_1_25,4223,32,2,budget,0,70,true,4,435,98,145,0.15625,0.84375,0,0,0,4,1,normal,false,6,15,323,3900,0,0,0,false,false,false,0,0,4223,32,0,
664,tempted_1_25,3357,30,0,budget,0,59,true,5,420,70,145,0.43333333333333335,0.5666666666666667,0,0,0,4,9,normal,false,4,15,927,2430,0,0,0,false,false,true,0,0,3357,30,0,
665,tempted_1_25,3025,30,0,budget,0,56,true,4,405,69,103,0.03333333333333333,0.9666666666666667,0,0,0,1,30,normal,false,6,11,205,2820,0,0,0,false,false,true,0,0,3025,30,0,
666,tempted_1_25,4703,30,0,budget,0,54,true,7,1145,83,167,0.4,0.6,0,0,0,5,4,crash,false,2,17,698,4005,0,0,0,false,false,false,0,0,4703,30,0,
667,tempted_1_25,4768,32,2,budget,0,74,true,4,795,108,151,0.125,0.8125,0.0625,0,0,5,10,normal,false,4,13,213,4315,240,0,0,false,false,false,0,0,4768,32,0,
668,tempted_1_25,21639,73,43,budget,3,100,true,6,3820,225,342,0.0958904109589041,0.3972602739726027,0.2465753424657534,0.0547945205479452,0.2054794520547945,18,9,crash,false,3,44,259,4415,3800,2925,10240,false,true,false,8930,15,12709,58,3,5|4|8
669,tempted_1_25,2950,30,0,budget,0,61,true,4,620,71,115,0.2,0.8,0,0,0,3,18,crash,false,5,10,290,2660,0,0,0,false,false,false,0,0,2950,30,0,
670,tempted_1_25,3875,34,4,budget,0,78,false,3,460,103,129,0,0.9411764705882353,0.058823529411764705,0,0,2,15,normal,false,8,8,0,3695,180,0,0,false,false,true,0,0,3875,34,0,
671,tempted_1_25,4390,38,8,budget,0,85,true,4,810,86,134,0.21052631578947367,0.6842105263157895,0.10526315789473684,0,0,4,3,normal,false,6,14,245,2855,750,540,0,false,false,false,0,0,4390,38,0,
672,tempted_1_25,3669,34,4,budget,0,74,true,4,510,65,125,0.29411764705882354,0.7058823529411765,0,0,0,5,1,crash,false,4,13,304,2465,900,0,0,false,false,true,0,0,3669,34,0,
673,tempted_1_25,5297,30,0,budget,0,60,true,6,1070,93,192,0.4,0.6,0,0,0,1,26,normal,false,5,13,1472,3825,0,0,0,false,false,false,0,0,5297,30,0,
674,tempted_1_25,4500,34,4,budget,0,73,true,5,870,81,154,0.3235294117647059,0.6470588235294118,0.029411764705882353,0,0,3,2,crash,false,4,15,575,2995,930,0,0,false,false,false,0,0,4500,34,0,
675,tempted_1_25,3655,34,4,budget,0,78,true,4,450,88,121,0.029411764705882353,0.9411764705882353,0.029411764705882353,0,0,3,20,normal,false,4,13,30,3535,90,0,0,false,false,true,0,0,3655,34,0,
676,tempted_1_25,3604,30,0,budget,0,61,true,4,940,87,137,0.3333333333333333,0.6666666666666666,0,0,0,2,15,crash,false,4,15,444,3160,0,0,0,false,false,false,0,0,3604,30,0,
677,tempted_1_25,2595,30,0,budget,0,50,true,3,260,65,122,0.3333333333333333,0.6666666666666666,0,0,0,2,17,normal,false,4,12,390,2205,0,0,0,false,false,false,0,0,2595,30,0,
678,tempted_1_25,2721,30,0,budget,0,53,true,5,491,61,145,0.6666666666666666,0.3333333333333333,0,0,0,5,7,crash,false,5,10,1356,1365,0,0,0,false,false,false,0,0,2721,30,0,
679,tempted_1_25,2625,30,0,budget,0,53,true,4,403,74,136,0.5333333333333333,0.4666666666666667,0,0,0,4,5,normal,false,5,12,1200,1425,0,0,0,false,false,false,0,0,2625,30,0,
680,tempted_1_25,3958,30,0,budget,0,53,true,4,670,82,147,0.4,0.6,0,0,0,3,22,crash,false,6,10,583,3375,0,0,0,false,false,false,0,0,3958,30,0,
681,tempted_1_25,2914,30,0,budget,0,50,true,5,1010,73,120,0.3,0.7,0,0,0,4,6,normal,false,4,11,509,2405,0,0,0,false,false,false,0,0,2914,30,0,
682,tempted_1_25,5393,32,2,budget,0,74,true,5,890,120,172,0.21875,0.75,0.03125,0,0,4,3,normal,false,8,16,938,3575,880,0,0,false,false,false,0,0,5393,32,0,
683,tempted_1_25,2790,30,0,budget,0,63,true,3,370,73,105,0.03333333333333333,0.9666666666666667,0,0,0,1,14,normal,false,5,13,45,2745,0,0,0,false,false,false,0,0,2790,30,0,
684,tempted_1_25,25768,87,57,budget,3,100,true,6,2500,268,398,0.09195402298850575,0.5057471264367817,0.1724137931034483,0.05747126436781609,0.1724137931034483,21,1,normal,false,10,38,418,4195,6260,4995,9900,false,true,false,11840,15,13928,72,2,2|5
685,tempted_1_25,3960,30,0,budget,0,65,true,7,1185,80,135,0.3,0.7,0,0,0,5,6,crash,false,7,11,725,3235,0,0,0,false,false,false,0,0,3960,30,0,
686,tempted_1_25,2315,30,0,budget,0,50,true,4,745,63,121,0.5333333333333333,0.4666666666666667,0,0,0,5,12,normal,false,6,9,745,1570,0,0,0,false,false,true,0,0,2315,30,0,
687,tempted_1_25,5156,32,2,budget,0,82,true,5,960,92,154,0.15625,0.84375,0,0,0,2,11,normal,false,10,11,266,4530,360,0,0,false,false,false,0,0,5156,32,0,
688,tempted_1_25,3980,30,0,budget,0,52,true,5,915,83,136,0.06666666666666667,0.9333333333333333,0,0,0,1,18,normal,false,9,7,80,3900,0,0,0,false,false,false,0,0,3980,30,0,
689,tempted_1_25,3397,34,4,budget,0,78,true,4,450,94,145,0.3235294117647059,0.6470588235294118,0.029411764705882353,0,0,4,1,crash,false,5,14,477,2830,90,0,0,false,false,true,0,0,3397,34,0,
690,tempted_1_25,2687,30,0,budget,0,50,true,5,810,59,115,0.4666666666666667,0.5333333333333333,0,0,0,3,8,crash,false,7,13,312,2375,0,0,0,false,false,false,0,0,2687,30,0,
691,tempted_1_25,3570,29,4,lock,0,80,false,4,525,90,117,0,0.9655172413793104,0.034482758620689655,0,0,2,9,normal,false,6,10,0,3480,90,0,0,false,false,false,0,0,3570,29,0,
692,tempted_1_25,3468,30,0,budget,0,58,true,3,430,85,134,0.23333333333333334,0.7666666666666667,0,0,0,3,6,normal,false,3,13,348,3120,0,0,0,false,false,true,0,0,3468,30,0,
693,tempted_1_25,3979,30,0,budget,0,61,true,5,1040,90,158,0.36666666666666664,0.6333333333333333,0,0,0,4,7,crash,false,5,15,914,3065,0,0,0,false,false,true,0,0,3979,30,0,
694,tempted_1_25,2483,30,0,budget,0,54,true,4,520,60,95,0.13333333333333333,0.8666666666666667,0,0,0,3,23,normal,false,5,9,103,2380,0,0,0,false,false,true,0,0,2483,30,0,
695,tempted_1_25,4053,30,0,budget,0,67,true,5,715,102,130,0.03333333333333333,0.9666666666666667,0,0,0,1,25,normal,false,7,11,158,3895,0,0,0,false,false,true,0,0,4053,30,0,
696,tempted_1_25,36778,105,75,budget,5,100,true,5,4480,362,458,0.10476190476190476,0.34285714285714286,0.21904761904761905,0.09523809523809523,0.23809523809523808,24,2,normal,false,7,57,553,4050,4510,6045,21620,false,true,false,18700,25,18078,80,4,2|5|6|2
697,tempted_1_25,545,8,0,lock,0,63,false,2,135,17,21,0,1,0,0,0,0,-1,normal,false,4,2,0,545,0,0,0,false,false,true,0,0,545,8,0,
698,tempted_1_25,3790,30,0,budget,0,68,true,4,540,104,133,0.03333333333333333,0.9666666666666667,0,0,0,1,27,normal,false,3,15,165,3625,0,0,0,false,false,true,0,0,3790,30,0,
699,tempted_1_25,4030,34,4,budget,0,83,true,5,690,94,121,0.029411764705882353,0.9411764705882353,0.029411764705882353,0,0,3,22,normal,false,6,13,15,3265,750,0,0,false,false,false,0,0,4030,34,0,
700,tempted_1_25,3536,30,0,budget,0,60,true,4,585,83,126,0.23333333333333334,0.7666666666666667,0,0,0,4,4,normal,false,4,12,291,3245,0,0,0,false,false,false,0,0,3536,30,0,
701,tempted_1_25,3398,32,2,budget,0,81,true,4,680,86,118,0.15625,0.8125,0.03125,0,0,5,11,normal,false,3,14,163,3145,90,0,0,false,false,false,0,0,3398,32,0,
702,tempted_1_25,9088,46,16,budget,0,88,true,5,3445,137,214,0.10869565217391304,0.8478260869565217,0.043478260869565216,0,0,10,10,normal,false,4,25,408,3965,1430,3285,0,false,false,true,0,0,9088,46,0,
703,tempted_1_25,2507,34,4,budget,0,72,true,3,260,77,136,0.47058823529411764,0.5294117647058824,0,0,0,7,3,normal,false,5,12,1062,1265,180,0,0,false,false,true,0,0,2507,34,0,
704,tempted_1_25,8625,23,11,lock,1,100,false,4,1860,83,110,0,0.6086956521739131,0.17391304347826086,0,0.21739130434782608,3,7,keto,false,5,12,0,1650,430,405,6140,false,false,true,5360,5,3265,18,1,2
705,tempted_1_25,14520,50,20,budget,2,100,false,5,3060,151,206,0,0.7,0.08,0.02,0.2,7,22,normal,false,7,27,0,4580,1240,180,8520,false,false,false,8680,10,5840,40,2,3|3
706,tempted_1_25,2118,21,2,lock,0,78,true,5,710,45,75,0.14285714285714285,0.8095238095238095,0.047619047619047616,0,0,4,2,normal,false,5,7,133,1865,120,0,0,false,false,false,0,0,2118,21,0,
707,tempted_1_25,3850,30,0,budget,0,67,true,4,495,83,155,0.3,0.7,0,0,0,3,4,crash,false,4,15,530,3320,0,0,0,false,false,false,0,0,3850,30,0,
708,tempted_1_25,4031,36,6,budget,0,84,true,4,555,82,122,0.1111111111111111,0.8333333333333334,0.05555555555555555,0,0,4,15,crash,false,4,14,91,2890,1050,0,0,false,false,false,0,0,4031,36,0,
709,tempted_1_25,620,6,0,lock,0,52,false,3,340,16,20,0,1,0,0,0,0,-1,normal,false,3,2,0,620,0,0,0,false,false,false,0,0,620,6,0,
710,tempted_1_25,3180,30,0,budget,0,65,true,3,400,79,134,0.36666666666666664,0.6333333333333333,0,0,0,4,10,normal,false,3,16,685,2495,0,0,0,false,false,false,0,0,3180,30,0,
711,tempted_1_25,18303,66,36,budget,2,100,true,5,3250,194,268,0.10606060606060606,0.5151515151515151,0.19696969696969696,0.030303030303030304,0.15151515151515152,15,2,normal,false,15,27,248,3205,4070,4080,6700,false,true,true,9005,10,9298,56,2,6|2
712,tempted_1_25,4063,32,2,budget,0,74,true,4,640,88,144,0.28125,0.6875,0.03125,0,0,4,1,normal,false,7,12,333,3550,180,0,0,false,false,true,0,0,4063,32,0,
713,tempted_1_25,4245,34,4,budget,0,75,false,5,825,97,118,0,0.9705882352941176,0.029411764705882353,0,0,2,18,normal,false,6,13,0,4155,90,0,0,false,false,false,0,0,4245,34,0,
714,tempted_1_25,4174,30,0,budget,0,66,true,5,760,92,174,0.3333333333333333,0.6666666666666666,0,0,0,2,16,crash,false,5,17,699,3475,0,0,0,false,false,false,0,0,4174,30,0,
715,tempted_1_25,2295,11,4,lock,0,94,false,4,1135,35,51,0,0.9090909090909091,0.09090909090909091,0,0,1,2,normal,false,4,3,0,1170,180,945,0,true,false,false,0,0,2295,11,0,
716,tempted_1_25,3752,32,2,budget,0,71,true,4,585,86,152,0.3125,0.6875,0,0,0,5,1,crash,false,4,14,517,3235,0,0,0,false,false,false,0,0,3752,32,0,
717,tempted_1_25,2213,30,0,budget,0,52,true,5,458,59,127,0.6,0.4,0,0,0,6,7,crash,false,3,11,1258,955,0,0,0,false,false,false,0,0,2213,30,0,
718,tempted_1_25,9420,52,22,budget,0,97,true,5,1470,152,224,0.09615384615384616,0.7115384615384616,0.11538461538461539,0.07692307692307693,0,10,4,normal,false,5,25,280,4505,1950,2685,0,true,true,false,0,0,9420,52,0,
719,tempted_1_25,2545,30,0,budget,0,58,true,4,735,56,106,0.3333333333333333,0.6666666666666666,0,0,0,3,14,normal,false,11,9,315,2230,0,0,0,false,false,false,0,0,2545,30,0,
720,tempted_1_25,4473,30,0,budget,0,69,true,4,580,88,144,0.06666666666666667,0.9333333333333333,0,0,0,2,15,normal,false,8,11,108,4365,0,0,0,false,false,true,0,0,4473,30,0,
721,tempted_1_25,5685,50,20,budget,0,92,true,3,630,125,188,0.24,0.58,0.14,0.04,0,10,1,normal,false,5,20,500,2790,2080,315,0,true,false,true,0,0,5685,50,0,
722,tempted_1_25,21780,79,49,budget,3,100,true,7,2415,263,328,0,0.4810126582278481,0.27848101265822783,0.05063291139240506,0.189873417721519,17,26,normal,false,10,36,60,4515,5210,6435,5560,false,true,false,5750,15,16030,64,3,3|8|5
723,tempted_1_25,3763,34,4,budget,0,84,true,4,740,89,135,0.3235294117647059,0.5882352941176471,0.08823529411764706,0,0,4,11,normal,false,7,14,633,2560,570,0,0,false,false,false,0,0,3763,34,0,
724,tempted_1_25,16885,52,22,budget,2,100,true,6,3530,179,229,0,0.6730769230769231,0.07692307692307693,0.057692307692307696,0.19230769230769232,7,2,normal,false,5,23,165,4130,1280,1170,10140,false,true,true,10430,10,6455,42,2,4|4
725,tempted_1_25,1365,21,0,lock,0,50,true,2,250,32,76,0.42857142857142855,0.5714285714285714,0,0,0,2,7,crash,false,4,7,340,1025,0,0,0,false,false,false,0,0,1365,21,0,
726,tempted_1_25,5052,32,2,budget,0,77,true,4,800,97,177,0.34375,0.65625,0,0,0,5,1,crash,false,5,14,507,4035,510,0,0,false,false,false,0,0,5052,32,0,
727,tempted_1_25,2806,30,0,budget,0,50,true,4,405,57,122,0.36666666666666664,0.6333333333333333,0,0,0,3,16,crash,false,8,9,741,2065,0,0,0,false,false,false,0,0,2806,30,0,
728,tempted_1_25,4929,36,6,budget,0,86,true,4,540,106,167,0.25,0.6666666666666666,0.08333333333333333,0,0,6,1,crash,false,14,13,654,2965,1310,0,0,false,false,false,0,0,4929,36,0,
729,tempted_1_25,3200,32,2,budget,0,72,true,4,840,70,132,0.3125,0.6875,0,0,0,4,16,normal,false,13,12,665,1905,630,0,0,false,false,false,0,0,3200,32,0,
730,tempted_1_25,6406,42,12,budget,0,86,true,6,885,124,199,0.16666666666666666,0.7857142857142857,0.047619047619047616,0,0,7,9,normal,false,4,22,366,4450,1590,0,0,false,false,true,0,0,6406,42,0,
731,tempted_1_25,24878,80,57,lock,5,100,true,7,2730,289,394,0.0625,0.425,0.1875,0.0125,0.3125,16,18,keto,false,5,48,1083,7115,2840,2700,11140,false,true,true,12270,25,12608,55,4,3|3|3|3
732,tempted_1_25,2951,30,0,budget,0,50,true,5,533,69,143,0.26666666666666666,0.7333333333333333,0,0,0,5,10,crash,false,8,13,901,2050,0,0,0,false,false,true,0,0,2951,30,0,
733,tempted_1_25,5146,36,6,budget,0,97,true,4,1200,97,132,0.1111111111111111,0.75,0.08333333333333333,0.05555555555555555,0,5,11,normal,false,6,17,331,2775,420,1620,0,true,true,false,0,0,5146,36,0,
734,tempted_1_25,2400,30,0,budget,0,65,true,3,225,66,110,0.4,0.6,0,0,0,7,9,normal,false,3,13,740,1660,0,0,0,false,false,true,0,0,2400,30,0,
735,tempted_1_25,3126,30,0,budget,0,50,true,4,515,78,176,0.7,0.3,0,0,0,3,5,crash,false,4,13,1476,1650,0,0,0,false,false,false,0,0,3126,30,0,
736,tempted_1_25,26930,70,40,budget,2,100,true,7,4320,246,339,0.02857142857142857,0.6142857142857143,0.2,0.014285714285714285,0.14285714285714285,14,15,crash,false,7,36,55,6625,2950,7080,10220,false,true,false,11820,10,15110,60,2,5|4
737,tempted_1_25,3276,30,0,budget,0,69,true,6,1375,69,123,0.5,0.5,0,0,0,3,16,crash,false,7,7,506,2770,0,0,0,false,false,false,0,0,3276,30,0,
738,tempted_1_25,2720,30,0,budget,0,67,true,5,510,74,106,0.06666666666666667,0.9333333333333333,0,0,0,2,23,normal,false,5,10,170,2550,0,0,0,false,false,false,0,0,2720,30,0,
739,tempted_1_25,3022,30,0,budget,0,65,true,4,480,84,133,0.3,0.7,0,0,0,2,12,normal,false,4,12,502,2520,0,0,0,false,false,false,0,0,3022,30,0,
740,tempted_1_25,7846,45,17,lock,1,100,true,3,2000,122,193,0.26666666666666666,0.4,0.17777777777777778,0.044444444444444446,0.1111111111111111,9,2,crash,false,7,17,491,2580,1500,555,2720,false,false,false,2960,5,4886,40,1,4
741,tempted_1_25,3903,30,0,budget,0,66,true,4,440,84,117,0.06666666666666667,0.9333333333333333,0,0,0,1,8,normal,false,3,15,128,3775,0,0,0,false,false,false,0,0,3903,30,0,
742,tempted_1_25,3129,30,0,budget,0,50,true,3,500,83,151,0.5666666666666667,0.43333333333333335,0,0,0,4,7,crash,false,5,11,1144,1985,0,0,0,false,false,false,0,0,3129,30,0,
743,tempted_1_25,3298,30,0,budget,0,57,true,4,360,87,150,0.36666666666666664,0.6333333333333333,0,0,0,6,7,normal,false,4,16,1153,2145,0,0,0,false,false,true,0,0,3298,30,0,
744,tempted_1_25,8445,42,12,budget,0,97,true,4,1160,150,204,0,0.8095238095238095,0.14285714285714285,0.047619047619047616,0,6,14,normal,false,3,19,110,5005,2430,900,0,true,true,false,0,0,8445,42,0,
745,tempted_1_25,5281,32,2,budget,0,81,true,5,830,116,167,0.15625,0.8125,0.03125,0,0,3,6,normal,false,3,16,301,4800,180,0,0,false,false,true,0,0,5281,32,0,
746,tempted_1_25,3105,30,0,budget,0,64,true,3,360,74,110,0.03333333333333333,0.9666666666666667,0,0,0,1,26,normal,false,7,13,110,2995,0,0,0,false,false,true,0,0,3105,30,0,
747,tempted_1_25,11060,45,19,lock,1,100,true,8,3900,118,188,0,0.7333333333333333,0.15555555555555556,0,0.1111111111111111,6,22,normal,false,7,23,90,3870,4400,240,2460,false,false,true,2400,5,8660,40,0,
748,tempted_1_25,3548,30,0,budget,0,56,true,5,660,74,151,0.5333333333333333,0.4666666666666667,0,0,0,4,5,crash,false,4,12,598,2950,0,0,0,false,false,false,0,0,3548,30,0,
749,tempted_1_25,11642,41,11,budget,1,100,true,5,2800,122,177,0.3170731707317073,0.4878048780487805,0.07317073170731707,0,0.12195121951219512,6,7,crash,false,7,16,512,1925,320,1905,6980,false,true,false,4640,5,7002,36,1,2
750,tempted_1_25,4008,30,0,budget,0,59,true,4,510,94,140,0.06666666666666667,0.9333333333333333,0,0,0,2,6,normal,false,5,10,278,3730,0,0,0,false,false,true,0,0,4008,30,0,
751,tempted_1_25,6203,36,6,budget,0,93,true,4,780,120,187,0.1388888888888889,0.75,0.1111111111111111,0,0,5,6,normal,false,4,21,538,4420,840,405,0,true,false,false,0,0,6203,36,0,
752,tempted_1_25,4110,34,4,budget,0,91,false,3,390,96,135,0,0.9117647058823529,0.029411764705882353,0.058823529411764705,0,2,26,normal,false,7,11,0,3450,120,540,0,true,false,false,0,0,4110,34,0,
753,tempted_1_25,3574,42,12,budget,0,93,true,4,515,89,127,0.19047619047619047,0.6428571428571429,0.14285714285714285,0.023809523809523808,0,9,8,normal,false,6,17,284,1985,1170,135,0,true,false,false,0,0,3574,42,0,
754,tempted_1_25,8146,41,11,budget,1,100,true,4,2220,123,183,0.36585365853658536,0.4146341463414634,0.0975609756097561,0,0.12195121951219512,8,2,normal,false,7,20,1066,1930,1570,0,3580,false,false,false,3280,5,4866,36,1,2
755,tempted_1_25,3555,30,0,budget,0,69,true,4,840,83,133,0.1,0.9,0,0,0,1,22,normal,false,6,13,235,3320,0,0,0,false,false,true,0,0,3555,30,0,
756,tempted_1_25,3725,30,0,budget,0,52,true,5,1050,84,139,0.1,0.9,0,0,0,1,10,normal,false,4,11,155,3570,0,0,0,false,false,false,0,0,3725,30,0,
757,tempted_1_25,4310,30,0,budget,0,63,true,5,940,87,151,0.3,0.7,0,0,0,2,18,crash,false,3,14,750,3560,0,0,0,false,false,false,0,0,4310,30,0,
758,tempted_1_25,3685,30,0,budget,0,53,true,5,695,89,143,0.3,0.7,0,0,0,2,11,normal,false,3,13,425,3260,0,0,0,false,false,true,0,0,3685,30,0,
759,tempted_1_25,3221,34,4,budget,0,85,true,3,575,71,115,0.14705882352941177,0.7941176470588235,0.058823529411764705,0,0,2,15,crash,false,5,12,181,2215,420,405,0,false,false,false,0,0,3221,34,0,
760,tempted_1_25,3144,30,0,budget,0,57,true,3,330,83,130,0.3,0.7,0,0,0,5,10,normal,false,3,14,509,2635,0,0,0,false,false,false,0,0,3144,30,0,
761,tempted_1_25,2852,30,0,budget,0,57,true,5,540,70,121,0.36666666666666664,0.6333333333333333,0,0,0,4,4,normal,false,6,9,632,2220,0,0,0,false,false,true,0,0,2852,30,0,
762,tempted_1_25,2690,30,0,budget,0,63,true,4,375,76,97,0.03333333333333333,0.9666666666666667,0,0,0,1,17,normal,false,6,11,90,2600,0,0,0,false,false,false,0,0,2690,30,0,
763,tempted_1_25,3522,30,0,budget,0,58,true,4,505,86,127,0.2,0.8,0,0,0,3,16,normal,false,6,13,272,3250,0,0,0,false,false,true,0,0,3522,30,0,
764,tempted_1_25,3886,34,4,budget,0,83,true,4,450,101,141,0.35294117647058826,0.5882352941176471,0.058823529411764705,0,0,5,5,normal,false,4,14,541,2925,420,0,0,false,false,false,0,0,3886,34,0,
765,tempted_1_25,2320,30,0,budget,0,51,true,3,305,58,117,0.5,0.5,0,0,0,4,12,crash,false,8,10,650,1670,0,0,0,false,false,false,0,0,2320,30,0,
766,tempted_1_25,2400,30,0,budget,0,69,true,3,335,67,109,0.23333333333333334,0.7666666666666667,0,0,0,1,29,normal,false,5,13,245,2155,0,0,0,false,false,true,0,0,2400,30,0,
767,tempted_1_25,1997,23,2,lock,0,73,true,4,525,50,84,0.391304347826087,0.5652173913043478,0.043478260869565216,0,0,2,2,normal,false,6,6,582,1295,120,0,0,false,false,false,0,0,1997,23,0,
768,tempted_1_25,2458,30,0,budget,0,61,true,3,255,76,124,0.4666666666666667,0.5333333333333333,0,0,0,4,9,normal,false,4,13,828,1630,0,0,0,false,false,false,0,0,2458,30,0,
769,tempted_1_25,4227,34,4,budget,0,82,true,4,825,88,129,0.20588235294117646,0.7647058823529411,0.029411764705882353,0,0,5,1,crash,false,3,15,312,3105,810,0,0,false,false,false,0,0,4227,34,0,
770,tempted_1_25,1713,30,0,budget,0,53,true,3,375,47,96,0.4666666666666667,0.5333333333333333,0,0,0,5,8,normal,false,6,10,493,1220,0,0,0,false,false,false,0,0,1713,30,0,
771,tempted_1_25,16419,70,40,budget,2,100,true,6,1595,232,313,0.17142857142857143,0.44285714285714284,0.15714285714285714,0.08571428571428572,0.14285714285714285,17,1,normal,false,6,37,664,6235,2170,2130,5220,false,true,false,5280,10,11139,60,2,9|4
772,tempted_1_25,2610,30,0,budget,0,55,false,4,465,63,91,0,1,0,0,0,0,-1,normal,false,10,9,0,2610,0,0,0,false,false,true,0,0,2610,30,0,
773,tempted_1_25,3689,30,0,budget,0,66,true,4,495,84,133,0.23333333333333334,0.7666666666666667,0,0,0,2,7,normal,false,6,13,329,3360,0,0,0,false,false,true,0,0,3689,30,0,
774,tempted_1_25,5990,39,9,budget,1,100,true,4,780,97,138,0.02564102564102564,0.7948717948717948,0.02564102564102564,0.02564102564102564,0.1282051282051282,3,21,normal,false,8,16,50,2940,240,360,2400,false,false,true,2520,5,3470,34,1,2
775,tempted_1_25,2501,30,0,budget,0,53,true,4,515,60,123,0.4,0.6,0,0,0,4,10,crash,false,3,12,496,2005,0,0,0,false,false,false,0,0,2501,30,0,
776,tempted_1_25,3828,36,6,budget,0,75,true,3,595,103,137,0.05555555555555555,0.9166666666666666,0.027777777777777776,0,0,4,2,normal,false,9,12,308,3430,90,0,0,false,false,true,0,0,3828,36,0,
777,tempted_1_25,6008,36,6,budget,0,84,true,5,1685,113,175,0.16666666666666666,0.7777777777777778,0.05555555555555555,0,0,7,1,normal,false,4,18,413,4445,1150,0,0,false,false,true,0,0,6008,36,0,
778,tempted_1_25,5488,30,0,budget,0,53,true,8,1873,100,146,0.06666666666666667,0.9333333333333333,0,0,0,2,10,normal,false,4,13,148,5340,0,0,0,false,false,false,0,0,5488,30,0,
779,tempted_1_25,7916,43,13,budget,1,100,true,5,1820,132,146,0.06976744186046512,0.7441860465116279,0.06976744186046512,0,0.11627906976744186,4,6,normal,false,9,14,76,3620,360,180,3680,false,false,true,3840,5,4076,38,0,
780,tempted_1_25,4530,30,0,budget,0,50,true,6,1150,84,167,0.23333333333333334,0.7666666666666667,0,0,0,3,7,crash,false,4,13,930,3600,0,0,0,false,false,false,0,0,4530,30,0,
781,tempted_1_25,3331,32,2,budget,0,70,true,4,450,84,138,0.28125,0.71875,0,0,0,5,1,crash,false,4,17,451,2880,0,0,0,false,false,false,0,0,3331,32,0,
782,tempted_1_25,745,9,0,lock,0,50,true,3,225,15,31,0,1,0,0,0,0,-1,normal,false,5,3,30,715,0,0,0,false,false,false,0,0,745,9,0,
783,tempted_1_25,4641,30,0,budget,0,57,true,5,1075,93,166,0.26666666666666666,0.7333333333333333,0,0,0,1,15,crash,false,4,13,766,3875,0,0,0,false,false,false,0,0,4641,30,0,
784,tempted_1_25,3758,34,4,budget,0,90,true,4,705,94,156,0.3235294117647059,0.5882352941176471,0.058823529411764705,0.029411764705882353,0,5,11,normal,false,5,16,718,2690,170,180,0,true,false,false,0,0,3758,34,0,
785,tempted_1_25,13254,73,43,budget,1,100,true,5,2100,202,282,0.0958904109589041,0.589041095890411,0.1917808219178082,0.0547945205479452,0.0684931506849315,16,2,normal,false,6,27,504,5375,2970,1785,2620,false,true,true,2740,5,10514,68,0,
786,tempted_1_25,5045,36,6,budget,0,98,true,4,815,96,141,0.25,0.7222222222222222,0,0.027777777777777776,0,4,13,normal,false,7,13,285,3050,810,900,0,true,true,true,0,0,5045,36,0,
787,tempted_1_25,20195,98,68,budget,4,100,true,4,1980,291,360,0,0.5408163265306123,0.1836734693877551,0.07142857142857142,0.20408163265306123,21,5,normal,false,10,45,215,4780,4740,1920,8540,false,true,true,8840,20,11355,78,3,7|2|4
788,tempted_1_25,11283,60,30,budget,2,100,true,5,1575,138,227,0.23333333333333334,0.4166666666666667,0.16666666666666666,0.016666666666666666,0.16666666666666666,11,1,normal,false,13,20,628,2630,3150,495,4380,false,true,false,3590,10,7693,50,1,5
789,tempted_1_25,4760,40,10,budget,0,92,true,4,900,98,175,0.3,0.6,0.075,0.025,0,6,1,crash,false,9,12,720,2255,1650,135,0,true,false,false,0,0,4760,40,0,
790,tempted_1_25,9161,49,19,budget,1,100,true,4,1450,150,205,0.10204081632653061,0.6122448979591837,0.14285714285714285,0.04081632653061224,0.10204081632653061,8,21,normal,false,6,23,281,3870,830,2340,1840,false,false,false,860,5,8301,44,1,2
791,tempted_1_25,4075,40,10,budget,0,81,true,3,435,115,150,0.05,0.875,0.075,0,0,6,9,normal,false,6,18,125,3590,360,0,0,false,false,false,0,0,4075,40,0,
792,tempted_1_25,3915,32,2,budget,0,76,true,3,440,89,144,0.25,0.71875,0.03125,0,0,3,3,crash,false,5,15,340,3395,180,0,0,false,false,false,0,0,3915,32,0,
793,tempted_1_25,3402,30,0,budget,0,50,true,4,500,82,135,0.3,0.7,0,0,0,5,4,normal,false,3,11,622,2780,0,0,0,false,false,false,0,0,3402,30,0,
794,tempted_1_25,8532,39,9,budget,1,100,true,7,1755,119,158,0.3333333333333333,0.48717948717948717,0.02564102564102564,0.02564102564102564,0.1282051282051282,5,8,normal,false,8,15,307,4275,520,870,2560,false,false,false,3250,5,5282,34,1,2
795,tempted_1_25,8716,53,23,budget,1,100,true,4,1380,127,191,0.24528301886792453,0.5094339622641509,0.11320754716981132,0.03773584905660377,0.09433962264150944,10,1,normal,false,12,18,321,2500,2020,1695,2180,false,true,true,2120,5,6596,48,1,3
796,tempted_1_25,3898,30,0,budget,0,57,true,4,555,83,131,0.1,0.9,0,0,0,2,16,normal,false,4,12,98,3800,0,0,0,false,false,true,0,0,3898,30,0,
797,tempted_1_25,5031,30,0,budget,0,56,true,6,1043,91,163,0.4666666666666667,0.5333333333333333,0,0,0,5,4,normal,false,5,13,956,4075,0,0,0,false,false,true,0,0,5031,30,0,
798,tempted_1_25,2262,32,2,budget,0,79,true,3,370,63,101,0.375,0.625,0,0,0,6,5,normal,false,4,15,552,1440,270,0,0,false,false,true,0,0,2262,32,0,
799,tempted_1_25,3174,34,4,budget,0,80,true,3,430,71,135,0.47058823529411764,0.47058823529411764,0.058823529411764705,0,0,6,1,normal,false,6,12,659,2035,480,0,0,false,false,true,0,0,3174,34,0,
800,tempted_1_25,2140,30,0,budget,0,50,true,3,285,62,105,0.43333333333333335,0.5666666666666667,0,0,0,6,11,normal,false,5,10,545,1595,0,0,0,false,false,false,0,0,2140,30,0,
801,tempted_1_25,1640,10,4,lock,0,74,true,3,270,34,56,0.1,0.7,0.2,0,0,3,1,normal,false,1,7,180,1150,310,0,0,false,false,true,0,0,1640,10,0,
802,tempted_1_25,5715,36,6,budget,0,92,true,5,915,109,156,0.05555555555555555,0.8888888888888888,0,0.05555555555555555,0,4,9,normal,false,5,15,75,4515,810,315,0,true,false,true,0,0,5715,36,0,
803,tempted_1_25,4038,34,4,budget,0,74,true,5,820,83,151,0.4117647058823529,0.5588235294117647,0.029411764705882353,0,0,5,4,crash,false,7,14,698,3010,330,0,0,false,false,false,0,0,4038,34,0,
804,tempted_1_25,4068,36,6,budget,0,97,true,4,585,109,145,0.19444444444444445,0.7222222222222222,0.05555555555555555,0.027777777777777776,0,8,3,normal,false,4,19,253,3420,260,135,0,true,true,false,0,0,4068,36,0,
805,tempted_1_25,275,5,0,lock,0,65,false,2,110,11,9,0,1,0,0,0,0,-1,normal,false,3,1,0,275,0,0,0,false,false,false,0,0,275,5,0,
806,tempted_1_25,17864,64,34,budget,2,100,true,4,2680,212,307,0.140625,0.484375,0.171875,0.046875,0.15625,13,8,normal,false,8,30,649,4160,3550,2685,6820,false,true,true,6120,10,11744,54,1,5
807,tempted_1_25,3760,30,0,budget,0,52,true,5,575,83,141,0.36666666666666664,0.6333333333333333,0,0,0,3,13,normal,false,5,13,560,3200,0,0,0,false,false,false,0,0,3760,30,0,
808,tempted_1_25,14462,52,22,budget,2,100,true,5,3300,177,224,0.17307692307692307,0.4807692307692308,0.15384615384615385,0,0.19230769230769232,7,9,normal,false,8,27,367,3230,1670,1755,7440,false,false,true,7800,10,6662,42,1,5
809,tempted_1_25,7630,32,2,budget,0,70,true,10,3385,106,162,0.03125,0.96875,0,0,0,2,1,normal,false,7,13,60,7570,0,0,0,false,false,true,0,0,7630,32,0,
810,tempted_1_25,2491,30,0,budget,0,66,true,3,255,62,118,0.26666666666666666,0.7333333333333333,0,0,0,1,22,crash,false,5,10,361,2130,0,0,0,false,false,false,0,0,2491,30,0,
811,tempted_1_25,4441,30,0,budget,0,65,true,5,810,100,138,0.23333333333333334,0.7666666666666667,0,0,0,4,5,normal,false,4,14,321,4120,0,0,0,false,false,false,0,0,4441,30,0,
812,tempted_1_25,3981,32,2,budget,0,76,true,4,345,89,135,0.125,0.84375,0.03125,0,0,1,19,crash,false,6,14,206,3595,180,0,0,false,false,true,0,0,3981,32,0,
813,tempted_1_25,4070,36,6,budget,0,93,true,4,375,98,131,0,0.9166666666666666,0.05555555555555555,0.027777777777777776,0,2,23,normal,false,4,13,50,3430,410,180,0,true,false,false,0,0,4070,36,0,
814,tempted_1_25,2838,30,0,budget,0,68,true,4,430,74,112,0.1,0.9,0,0,0,3,7,normal,false,5,10,383,2455,0,0,0,false,false,true,0,0,2838,30,0,
815,tempted_1_25,16953,62,32,budget,2,100,true,5,1310,239,315,0.08064516129032258,0.6129032258064516,0.14516129032258066,0,0.16129032258064516,11,1,normal,false,4,34,358,7025,2890,180,6500,false,false,true,5100,10,11853,52,1,2
816,tempted_1_25,16280,64,34,budget,2,100,true,5,3460,205,303,0,0.703125,0.125,0.015625,0.15625,14,10,normal,false,4,36,30,6170,2040,180,7860,false,true,true,4420,10,11860,54,2,3|3
817,tempted_1_25,6694,44,14,budget,0,86,true,4,710,144,231,0.3181818181818182,0.5454545454545454,0.13636363636363635,0,0,9,2,crash,false,4,21,1149,3945,1600,0,0,false,false,false,0,0,6694,44,0,
818,tempted_1_25,15363,79,49,budget,1,100,true,4,1560,234,315,0.02531645569620253,0.6455696202531646,0.20253164556962025,0.06329113924050633,0.06329113924050633,18,11,crash,false,5,40,23,5915,4360,945,4120,false,true,false,4170,5,11193,74,0,
819,tempted_1_25,1975,30,0,budget,0,50,true,3,350,48,121,0.7,0.3,0,0,0,5,9,crash,false,6,9,950,1025,0,0,0,false,false,false,0,0,1975,30,0,
820,tempted_1_25,2840,32,2,budget,0,81,true,3,240,71,100,0,0.9375,0.0625,0,0,1,23,normal,false,7,13,30,2500,310,0,0,false,false,false,0,0,2840,32,0,
821,tempted_1_25,3588,28,2,lock,0,77,true,5,885,90,141,0.21428571428571427,0.7857142857142857,0,0,0,4,8,normal,false,6,11,448,2960,180,0,0,false,false,false,0,0,3588,28,0,
822,tempted_1_25,4528,30,0,budget,0,55,true,4,585,96,150,0.1,0.9,0,0,0,2,19,normal,false,6,12,128,4400,0,0,0,false,false,false,0,0,4528,30,0,
823,tempted_1_25,4313,32,2,budget,0,82,true,5,815,82,143,0.34375,0.59375,0.0625,0,0,3,1,crash,false,8,11,498,3125,690,0,0,false,false,true,0,0,4313,32,0,
824,tempted_1_25,3640,30,0,budget,0,50,true,6,810,80,118,0.03333333333333333,0.9666666666666667,0,0,0,1,19,normal,false,5,9,125,3515,0,0,0,false,false,false,0,0,3640,30,0,
825,tempted_1_25,8500,45,15,budget,1,100,true,4,900,148,206,0.08888888888888889,0.6888888888888889,0.08888888888888889,0.022222222222222223,0.1111111111111111,6,2,normal,false,6,17,365,4585,770,180,2600,false,true,false,2600,5,5900,40,1,3
826,tempted_1_25,2138,30,0,budget,0,67,true,2,260,69,98,0.3,0.7,0,0,0,2,13,normal,false,5,9,373,1765,0,0,0,false,false,false,0,0,2138,30,0,
827,tempted_1_25,3230,30,0,budget,0,55,true,4,485,77,121,0.13333333333333333,0.8666666666666667,0,0,0,3,5,crash,false,4,13,225,3005,0,0,0,false,false,false,0,0,3230,30,0,
828,tempted_1_25,3202,30,0,budget,0,59,true,4,620,85,132,0.3333333333333333,0.6666666666666666,0,0,0,3,8,normal,false,7,9,512,2690,0,0,0,false,false,false,0,0,3202,30,0,
829,tempted_1_25,3412,30,0,budget,0,56,true,4,445,63,153,0.43333333333333335,0.5666666666666667,0,0,0,1,20,crash,false,9,8,702,2710,0,0,0,false,false,false,0,0,3412,30,0,
830,tempted_1_25,3388,30,0,budget,0,56,true,4,405,71,112,0.13333333333333333,0.8666666666666667,0,0,0,2,13,normal,false,9,8,173,3215,0,0,0,false,false,true,0,0,3388,30,0,
831,tempted_1_25,3029,30,0,budget,0,53,true,4,510,76,129,0.4,0.6,0,0,0,4,6,normal,false,3,14,634,2395,0,0,0,false,false,true,0,0,3029,30,0,
832,tempted_1_25,14375,56,26,budget,2,100,true,6,5050,166,232,0.19642857142857142,0.4642857142857143,0.14285714285714285,0.017857142857142856,0.17857142857142858,11,7,crash,false,6,23,800,2050,1860,405,9260,false,false,false,9630,10,4745,46,1,3
833,tempted_1_25,3362,30,0,budget,0,54,true,4,505,76,128,0.36666666666666664,0.6333333333333333,0,0,0,2,19,crash,false,8,8,322,3040,0,0,0,false,false,false,0,0,3362,30,0,
834,tempted_1_25,1650,11,0,lock,0,59,true,5,775,28,47,0.09090909090909091,0.9090909090909091,0,0,0,0,-1,crash,false,3,4,0,1650,0,0,0,false,false,true,0,0,1650,11,0,
835,tempted_1_25,20850,64,34,budget,2,100,true,7,4335,223,280,0.015625,0.546875,0.203125,0.078125,0.15625,13,8,normal,false,8,32,90,4850,2790,1800,11320,false,true,false,11615,10,9235,54,2,5|7
836,tempted_1_25,4242,30,0,budget,0,59,true,3,470,99,160,0.2,0.8,0,0,0,2,17,normal,false,3,15,542,3700,0,0,0,false,false,true,0,0,4242,30,0,
837,tempted_1_25,9918,47,17,budget,1,100,true,4,880,154,204,0.0425531914893617,0.723404255319149,0.1276595744680851,0,0.10638297872340426,6,3,normal,false,6,20,93,5455,1210,0,3160,false,false,false,2540,5,7378,42,1,2
838,tempted_1_25,2450,30,0,budget,0,59,true,3,315,64,107,0.26666666666666666,0.7333333333333333,0,0,0,3,6,normal,false,7,11,385,2065,0,0,0,false,false,false,0,0,2450,30,0,
839,tempted_1_25,5478,30,0,budget,0,63,true,5,925,94,164,0.1,0.9,0,0,0,3,17,normal,false,3,15,223,5255,0,0,0,false,false,true,0,0,5478,30,0,
840,tempted_1_25,7477,44,14,budget,0,90,true,5,870,131,201,0.13636363636363635,0.7727272727272727,0.06818181818181818,0.022727272727272728,0,8,9,normal,false,5,17,287,5555,1500,135,0,true,false,true,0,0,7477,44,0,
841,tempted_1_25,10473,47,17,budget,1,100,true,5,1500,180,252,0.06382978723404255,0.6595744680851063,0.1702127659574468,0,0.10638297872340426,6,12,normal,false,6,18,323,5850,2980,0,1320,false,false,true,1320,5,9153,42,1,2
842,tempted_1_25,3338,30,0,budget,0,56,true,4,535,94,138,0.13333333333333333,0.8666666666666667,0,0,0,2,10,normal,false,7,12,613,2725,0,0,0,false,false,true,0,0,3338,30,0,
843,tempted_1_25,5822,32,2,budget,0,77,true,6,1690,125,177,0.25,0.71875,0.03125,0,0,5,6,normal,false,6,11,847,4885,90,0,0,false,false,false,0,0,5822,32,0,
844,tempted_1_25,10685,41,11,budget,1,100,true,4,3360,130,208,0.17073170731707318,0.5853658536585366,0.07317073170731707,0.04878048780487805,0.12195121951219512,6,6,crash,false,4,24,255,3795,920,255,5460,false,false,false,5340,5,5345,36,1,4
845,tempted_1_25,8825,40,10,budget,0,86,true,6,1585,155,215,0.05,0.875,0.075,0,0,5,1,crash,false,3,23,100,8185,540,0,0,false,false,false,0,0,8825,40,0,
846,tempted_1_25,16018,63,33,budget,3,100,true,5,2700,184,218,0.06349206349206349,0.5079365079365079,0.14285714285714285,0.047619047619047616,0.23809523809523808,11,4,normal,false,4,35,168,2485,1890,1635,9840,false,false,true,10120,15,5898,48,2,7|3
847,tempted_1_25,2602,30,0,budget,0,68,true,4,410,70,115,0.3333333333333333,0.6666666666666666,0,0,0,4,19,normal,false,9,10,407,2195,0,0,0,false,false,true,0,0,2602,30,0,
848,tempted_1_25,4260,30,0,budget,0,57,true,6,835,81,162,0.5333333333333333,0.4666666666666667,0,0,0,2,20,crash,false,8,11,1025,3235,0,0,0,false,false,false,0,0,4260,30,0,
849,tempted_1_25,4747,34,4,budget,0,81,true,5,710,108,178,0.4411764705882353,0.5294117647058824,0.029411764705882353,0,0,5,1,normal,false,5,16,942,3145,660,0,0,false,false,true,0,0,4747,34,0,
850,tempted_1_25,3198,30,0,budget,0,50,true,4,515,81,129,0.16666666666666666,0.8333333333333334,0,0,0,3,8,normal,false,5,12,428,2770,0,0,0,false,false,false,0,0,3198,30,0,
851,tempted_1_25,5793,38,8,budget,0,81,true,7,1140,119,169,0.05263157894736842,0.868421052631579,0.07894736842105263,0,0,4,2,normal,false,5,14,93,5250,450,0,0,false,false,false,0,0,5793,38,0,
852,tempted_1_25,2969,30,0,budget,0,54,true,4,445,68,140,0.6666666666666666,0.3333333333333333,0,0,0,2,19,crash,false,10,10,744,2225,0,0,0,false,false,false,0,0,2969,30,0,
853,tempted_1_25,18593,66,36,budget,2,100,true,7,2820,234,306,0.06060606060606061,0.6363636363636364,0.15151515151515152,0,0.15151515151515152,13,2,crash,false,9,34,93,6110,3190,660,8540,false,false,false,7360,10,11233,56,2,2|3
854,tempted_1_25,3123,32,2,budget,0,78,true,4,390,85,129,0.28125,0.6875,0.03125,0,0,4,6,normal,false,5,15,623,2380,120,0,0,false,false,true,0,0,3123,32,0,
855,tempted_1_25,8095,32,2,budget,0,75,true,8,1860,114,180,0,1,0,0,0,1,10,normal,false,7,14,30,7165,900,0,0,false,false,true,0,0,8095,32,0,
856,tempted_1_25,7325,48,18,budget,0,96,true,3,740,150,203,0,0.8333333333333334,0.16666666666666666,0,0,6,12,normal,false,9,23,30,4605,1880,810,0,true,true,true,0,0,7325,48,0,
857,tempted_1_25,5592,30,0,budget,0,62,true,5,1440,103,157,0.2,0.8,0,0,0,4,9,normal,false,5,11,402,5190,0,0,0,false,false,false,0,0,5592,30,0,
858,tempted_1_25,5215,30,0,budget,0,64,true,5,975,96,155,0.03333333333333333,0.9666666666666667,0,0,0,1,5,normal,false,4,16,45,5170,0,0,0,false,false,false,0,0,5215,30,0,
859,tempted_1_25,7726,46,16,budget,0,89,true,5,1680,145,202,0.13043478260869565,0.717391304347826,0.10869565217391304,0.043478260869565216,0,8,7,normal,false,6,21,346,5490,1620,270,0,false,false,true,0,0,7726,46,0,
860,tempted_1_25,10673,51,21,budget,1,100,true,4,1560,145,185,0.0392156862745098,0.6666666666666666,0.17647058823529413,0.0196078431372549,0.09803921568627451,7,3,normal,false,6,23,78,3735,1890,450,4520,false,false,true,3860,5,6813,46,1,5
861,tempted_1_25,2815,30,0,budget,0,66,true,5,403,73,134,0.4,0.6,0,0,0,4,11,normal,false,8,13,675,2140,0,0,0,false,false,true,0,0,2815,30,0,
862,tempted_1_25,2654,30,0,budget,0,62,true,3,310,67,111,0.13333333333333333,0.8666666666666667,0,0,0,0,-1,crash,false,8,7,69,2585,0,0,0,false,false,false,0,0,2654,30,0,
863,tempted_1_25,5999,27,2,lock,0,83,true,5,1350,98,139,0.14814814814814814,0.7407407407407407,0.1111111111111111,0,0,2,1,normal,false,4,10,284,4095,1620,0,0,false,false,false,0,0,5999,27,0,
864,tempted_1_25,12223,54,24,budget,2,100,true,4,1560,168,235,0.09259259259259259,0.5740740740740741,0.14814814814814814,0,0.18518518518518517,11,4,normal,false,5,33,388,3355,2770,810,4900,false,false,false,4990,10,7233,44,2,3|5
865,tempted_1_25,11968,57,27,budget,1,100,true,5,2465,173,260,0.19298245614035087,0.5087719298245614,0.15789473684210525,0.05263157894736842,0.08771929824561403,14,1,crash,false,6,29,883,3780,1760,2985,2560,false,true,false,2530,5,9438,52,1,3
866,tempted_1_25,3583,30,0,budget,0,50,true,5,668,89,147,0.43333333333333335,0.5666666666666667,0,0,0,7,5,normal,false,3,15,1108,2475,0,0,0,false,false,true,0,0,3583,30,0,
867,tempted_1_25,10940,66,36,budget,2,100,false,4,805,182,210,0,0.6363636363636364,0.19696969696969696,0.015151515151515152,0.15151515151515152,11,2,normal,false,8,25,0,4060,2030,810,4040,false,false,false,4140,10,6800,56,1,3
868,tempted_1_25,13335,41,21,lock,1,100,true,9,4320,150,217,0,0.6585365853658537,0.17073170731707318,0.04878048780487805,0.12195121951219512,6,2,normal,false,4,20,60,4340,6020,495,2420,false,false,false,2420,5,10915,36,1,5
869,tempted_1_25,3279,30,0,budget,0,50,true,4,420,82,131,0.2,0.8,0,0,0,3,3,normal,false,3,14,264,3015,0,0,0,false,false,false,0,0,3279,30,0,
870,tempted_1_25,2967,32,2,budget,0,79,true,4,715,83,130,0.4375,0.53125,0.03125,0,0,3,7,normal,false,5,13,772,2105,90,0,0,false,false,true,0,0,2967,32,0,
871,tempted_1_25,2175,20,0,lock,0,65,true,6,885,48,79,0.3,0.7,0,0,0,4,9,normal,false,3,9,225,1950,0,0,0,false,false,true,0,0,2175,20,0,
872,tempted_1_25,4046,42,12,budget,0,80,true,3,500,94,143,0.21428571428571427,0.6904761904761905,0.09523809523809523,0,0,7,5,crash,false,7,14,331,2605,1110,0,0,false,false,false,0,0,4046,42,0,
873,tempted_1_25,10078,53,23,budget,1,100,true,4,845,169,221,0.03773584905660377,0.7169811320754716,0.1320754716981132,0.018867924528301886,0.09433962264150944,10,6,normal,false,8,24,108,5180,2390,900,1500,false,false,true,1440,5,8638,48,1,4
874,tempted_1_25,3769,30,0,budget,0,50,true,7,1185,70,133,0.3,0.7,0,0,0,3,7,crash,false,4,11,549,3220,0,0,0,false,false,false,0,0,3769,30,0,
875,tempted_1_25,4247,34,4,budget,0,98,true,4,410,87,141,0.29411764705882354,0.6470588235294118,0.029411764705882353,0.029411764705882353,0,2,1,crash,false,6,10,637,2575,630,405,0,true,true,false,0,0,4247,34,0,
876,tempted_1_25,4023,34,4,budget,0,80,true,5,830,87,129,0.35294117647058826,0.6176470588235294,0.029411764705882353,0,0,8,6,normal,false,5,15,608,2965,450,0,0,false,false,false,0,0,4023,34,0,
877,tempted_1_25,2048,30,0,budget,0,52,true,3,240,59,110,0.4,0.6,0,0,0,3,14,crash,false,3,14,493,1555,0,0,0,false,false,false,0,0,2048,30,0,
878,tempted_1_25,14460,53,23,budget,1,100,true,6,2290,173,239,0,0.7924528301886793,0.07547169811320754,0.03773584905660377,0.09433962264150944,8,6,normal,false,7,24,30,4965,3470,1815,4180,false,true,false,4420,5,10040,48,1,3
879,tempted_1_25,31595,103,73,budget,3,100,true,6,4080,343,478,0.009708737864077669,0.6116504854368932,0.1650485436893204,0.06796116504854369,0.14563106796116504,25,11,normal,false,11,51,60,6815,7010,2730,14980,false,true,false,14820,15,16775,88,2,2|3
880,tempted_1_25,4246,30,0,budget,0,57,true,5,910,88,154,0.43333333333333335,0.5666666666666667,0,0,0,3,5,normal,false,9,11,871,3375,0,0,0,false,false,true,0,0,4246,30,0,
881,tempted_1_25,4262,31,2,lock,0,74,true,6,900,93,160,0.2903225806451613,0.6774193548387096,0.03225806451612903,0,0,3,4,normal,false,8,9,492,3620,150,0,0,false,false,false,0,0,4262,31,0,
882,tempted_1_25,4446,30,0,budget,0,53,true,4,630,96,157,0.2,0.8,0,0,0,3,8,normal,false,5,14,311,4135,0,0,0,false,false,true,0,0,4446,30,0,
883,tempted_1_25,12367,63,33,budget,1,100,true,5,2115,185,249,0.12698412698412698,0.5238095238095238,0.23809523809523808,0.031746031746031744,0.07936507936507936,14,1,normal,false,6,27,312,4815,2200,2880,2160,false,true,false,2240,5,10127,58,1,2
884,tempted_1_25,3149,32,2,budget,0,72,true,3,260,99,125,0.25,0.71875,0.03125,0,0,5,7,normal,false,4,12,639,2420,90,0,0,false,false,false,0,0,3149,32,0,
885,tempted_1_25,3568,30,0,budget,0,54,true,4,520,77,122,0.16666666666666666,0.8333333333333334,0,0,0,3,10,crash,false,6,10,383,3185,0,0,0,false,false,false,0,0,3568,30,0,
886,tempted_1_25,8071,48,18,budget,0,85,true,4,880,160,223,0.125,0.75,0.125,0,0,7,2,normal,false,6,22,346,5805,1920,0,0,false,false,true,0,0,8071,48,0,
887,tempted_1_25,3313,29,2,lock,0,71,true,3,345,87,126,0.10344827586206896,0.896551724137931,0,0,0,3,10,normal,false,6,9,228,3085,0,0,0,false,false,false,0,0,3313,29,0,
888,tempted_1_25,16558,54,24,budget,2,100,true,8,7560,165,214,0.05555555555555555,0.6296296296296297,0.09259259259259259,0.037037037037037035,0.18518518518518517,9,9,normal,false,5,24,73,3980,840,1725,9940,false,true,true,10180,10,6378,44,2,2|3
889,tempted_1_25,3474,32,2,budget,0,74,true,3,405,88,128,0.21875,0.78125,0,0,0,4,1,normal,false,6,15,324,2970,180,0,0,false,false,true,0,0,3474,32,0,
890,tempted_1_25,4254,32,2,budget,0,81,true,3,1360,84,134,0.1875,0.8125,0,0,0,5,6,normal,false,5,13,284,2670,1300,0,0,false,false,true,0,0,4254,32,0,
891,tempted_1_25,4401,34,4,budget,0,94,true,5,900,92,132,0.11764705882352941,0.8235294117647058,0.058823529411764705,0,0,3,4,normal,false,6,9,186,3195,480,540,0,true,false,false,0,0,4401,34,0,
892,tempted_1_25,6445,53,23,budget,1,100,true,3,430,124,193,0.16981132075471697,0.5094339622641509,0.20754716981132076,0.018867924528301886,0.09433962264150944,9,5,normal,false,4,23,510,2850,1600,585,900,false,true,true,1150,5,5295,48,0,
893,tempted_1_25,3020,30,0,budget,0,66,true,5,580,75,117,0.16666666666666666,0.8333333333333334,0,0,0,2,10,crash,false,7,11,335,2685,0,0,0,false,false,false,0,0,3020,30,0,
894,tempted_1_25,14996,72,42,budget,0,97,true,6,3540,208,282,0.027777777777777776,0.6666666666666666,0.20833333333333334,0.09722222222222222,0,17,5,normal,false,9,36,481,4790,3620,6105,0,true,true,false,0,0,14996,72,0,
895,tempted_1_25,3213,30,0,budget,0,61,true,4,465,81,118,0.1,0.9,0,0,0,2,13,crash,false,5,8,288,2925,0,0,0,false,false,false,0,0,3213,30,0,
896,tempted_1_25,4211,30,0,budget,0,69,true,6,533,92,165,0.4,0.6,0,0,0,3,20,crash,false,7,10,1036,3175,0,0,0,false,false,true,0,0,4211,30,0,
897,tempted_1_25,3626,34,4,budget,0,71,true,3,780,82,146,0.17647058823529413,0.8235294117647058,0,0,0,4,12,crash,false,4,14,346,2560,720,0,0,false,false,false,0,0,3626,34,0,
898,tempted_1_25,3194,30,0,budget,0,50,true,3,500,69,130,0.3,0.7,0,0,0,4,10,crash,false,7,13,269,2925,0,0,0,false,false,false,0,0,3194,30,0,
899,tempted_1_25,4977,38,8,budget,0,93,true,4,670,103,175,0.39473684210526316,0.42105263157894735,0.18421052631578946,0,0,5,8,normal,false,6,17,982,2305,1420,270,0,true,false,false,0,0,4977,38,0,
900,tempted_1_25,4242,32,2,budget,0,75,true,4,510,101,152,0.21875,0.75,0.03125,0,0,2,23,normal,false,3,15,322,3660,260,0,0,false,false,false,0,0,4242,32,0,
901,tempted_1_25,4040,30,0,budget,0,64,true,4,560,105,141,0.03333333333333333,0.9666666666666667,0,0,0,1,6,normal,false,5,14,145,3895,0,0,0,false,false,true,0,0,4040,30,0,
902,tempted_1_25,2067,30,0,budget,0,52,true,4,525,56,97,0.3333333333333333,0.6666666666666666,0,0,0,2,10,normal,false,6,10,367,1700,0,0,0,false,false,false,0,0,2067,30,0,
903,tempted_1_25,3735,30,0,budget,0,56,true,4,525,80,146,0.36666666666666664,0.6333333333333333,0,0,0,4,14,normal,false,5,11,460,3275,0,0,0,false,false,true,0,0,3735,30,0,
904,tempted_1_25,4604,32,2,budget,0,74,true,4,860,91,186,0.375,0.625,0,0,0,4,12,crash,false,2,19,1049,2775,780,0,0,false,false,false,0,0,4604,32,0,
905,tempted_1_25,3771,36,6,budget,0,76,true,3,1060,80,129,0.1111111111111111,0.8055555555555556,0.08333333333333333,0,0,5,3,normal,false,5,16,256,2245,1270,0,0,false,false,true,0,0,3771,36,0,
906,tempted_1_25,13984,61,31,budget,1,100,true,7,2460,177,245,0.08196721311475409,0.6229508196721312,0.14754098360655737,0.06557377049180328,0.08196721311475409,11,6,crash,false,9,28,289,3680,3790,1845,4380,false,true,false,3980,5,10004,56,1,3
907,tempted_1_25,4588,34,4,budget,0,75,true,4,570,111,161,0.11764705882352941,0.8235294117647058,0.058823529411764705,0,0,5,7,normal,false,3,17,353,4055,180,0,0,false,false,false,0,0,4588,34,0,
908,tempted_1_25,4040,40,10,budget,0,92,true,3,480,100,158,0.175,0.75,0.05,0.025,0,4,10,crash,false,6,17,355,2845,660,180,0,true,false,false,0,0,4040,40,0,
909,tempted_1_25,6087,40,10,budget,0,97,true,7,751,116,182,0.3,0.55,0.125,0.025,0,9,3,normal,false,6,20,912,3690,720,765,0,true,true,true,0,0,6087,40,0,
910,tempted_1_25,2246,30,0,budget,0,52,true,4,405,66,113,0.5333333333333333,0.4666666666666667,0,0,0,4,13,normal,false,4,12,716,1530,0,0,0,false,false,true,0,0,2246,30,0,
911,tempted_1_25,11851,63,33,budget,1,100,true,4,1560,179,274,0.047619047619047616,0.7619047619047619,0.07936507936507936,0.031746031746031744,0.07936507936507936,11,8,crash,false,6,30,91,5135,3090,915,2620,false,false,false,1460,5,10391,58,1,3
912,tempted_1_25,17306,59,29,budget,1,100,true,6,2245,197,280,0.05084745762711865,0.5423728813559322,0.2542372881355932,0.06779661016949153,0.0847457627118644,9,4,crash,false,7,24,76,4590,7030,2010,3600,false,false,false,4765,5,12541,54,1,5
913,tempted_1_25,2873,30,0,budget,0,64,true,4,520,76,127,0.4,0.6,0,0,0,5,7,normal,false,7,11,733,2140,0,0,0,false,false,true,0,0,2873,30,0,
914,tempted_1_25,2359,19,0,lock,0,50,true,4,435,46,92,0.3157894736842105,0.6842105263157895,0,0,0,2,17,normal,false,4,8,224,2135,0,0,0,false,false,true,0,0,2359,19,0,
915,tempted_1_25,3309,32,2,budget,0,73,true,4,315,80,131,0.125,0.84375,0.03125,0,0,2,7,crash,false,8,14,274,2855,180,0,0,false,false,false,0,0,3309,32,0,
916,tempted_1_25,20183,69,39,budget,1,100,true,7,4980,231,309,0.043478260869565216,0.5507246376811594,0.2608695652173913,0.07246376811594203,0.07246376811594203,16,2,normal,false,6,36,68,4655,6500,3720,5240,false,true,false,8060,5,12123,64,1,4
917,tempted_1_25,5303,36,6,budget,0,73,true,4,495,110,171,0.1388888888888889,0.75,0.1111111111111111,0,0,3,9,crash,false,6,18,633,4190,480,0,0,false,false,false,0,0,5303,36,0,
918,tempted_1_25,17889,54,24,budget,2,100,true,6,1800,191,274,0.07407407407407407,0.6296296296296297,0.07407407407407407,0.037037037037037035,0.18518518518518517,6,1,normal,false,7,21,159,5850,2240,2160,7480,false,true,false,7210,10,10679,44,2,4|2
919,tempted_1_25,3744,34,4,budget,0,78,true,4,540,89,155,0.23529411764705882,0.7352941176470589,0.029411764705882353,0,0,4,16,crash,false,8,15,534,3060,150,0,0,false,false,false,0,0,3744,34,0,
920,tempted_1_25,2812,30,0,budget,0,66,true,5,753,69,112,0.4666666666666667,0.5333333333333333,0,0,0,3,6,normal,false,6,10,577,2235,0,0,0,false,false,true,0,0,2812,30,0,
921,tempted_1_25,9466,48,18,budget,0,93,true,4,900,168,242,0.0625,0.7708333333333334,0.125,0.041666666666666664,0,9,1,normal,false,6,27,71,6220,2770,405,0,true,false,false,0,0,9466,48,0,
922,tempted_1_25,5845,34,4,budget,0,72,true,4,720,103,186,0.058823529411764705,0.9411764705882353,0,0,0,3,7,normal,false,4,16,75,4930,840,0,0,false,false,false,0,0,5845,34,0,
923,tempted_1_25,3471,30,0,budget,0,50,true,4,685,79,152,0.5,0.5,0,0,0,6,8,normal,false,3,12,1091,2380,0,0,0,false,false,true,0,0,3471,30,0,
924,tempted_1_25,2833,30,0,budget,0,53,true,5,536,78,126,0.5666666666666667,0.43333333333333335,0,0,0,4,11,normal,false,5,11,1443,1390,0,0,0,false,false,false,0,0,2833,30,0,
925,tempted_1_25,5612,34,4,budget,0,75,true,7,1490,106,155,0.17647058823529413,0.8235294117647058,0,0,0,4,6,normal,false,3,18,437,4815,360,0,0,false,false,false,0,0,5612,34,0,
926,tempted_1_25,2892,30,0,budget,0,59,true,3,390,75,128,0.23333333333333334,0.7666666666666667,0,0,0,2,16,crash,false,9,10,317,2575,0,0,0,false,false,false,0,0,2892,30,0,
927,tempted_1_25,9889,46,24,lock,0,92,true,5,3315,118,196,0.15217391304347827,0.6956521739130435,0.15217391304347827,0,0,14,1,keto,false,4,25,519,2620,2880,3870,0,true,false,false,0,0,9889,46,0,
928,tempted_1_25,11004,54,24,budget,0,92,true,5,1075,185,295,0.18518518518518517,0.6111111111111112,0.18518518518518517,0.018518518518518517,0,11,8,normal,false,5,25,1029,5755,3230,990,0,true,false,true,0,0,11004,54,0,
929,tempted_1_25,4322,34,4,budget,0,71,true,5,925,89,148,0.29411764705882354,0.7058823529411765,0,0,0,3,1,crash,false,8,10,522,3620,180,0,0,false,false,false,0,0,4322,34,0,
930,tempted_1_25,5065,34,4,budget,0,78,true,3,630,118,177,0,0.9117647058823529,0.08823529411764706,0,0,2,23,normal,false,4,13,30,3995,1040,0,0,false,false,true,0,0,5065,34,0,
931,tempted_1_25,7380,39,9,budget,1,100,true,5,1420,134,175,0.07692307692307693,0.717948717948718,0.07692307692307693,0,0.1282051282051282,5,3,normal,false,8,14,155,4105,1300,0,1820,false,false,true,1740,5,5640,34,1,2
932,tempted_1_25,4245,38,8,budget,0,88,false,4,425,97,127,0,0.8947368421052632,0.07894736842105263,0.02631578947368421,0,3,28,normal,false,5,15,0,3810,300,135,0,false,false,false,0,0,4245,38,0,
933,tempted_1_25,5486,34,4,budget,0,86,true,5,2010,92,138,0.11764705882352941,0.8235294117647058,0.058823529411764705,0,0,3,1,normal,false,6,14,216,3040,790,1440,0,false,false,true,0,0,5486,34,0,
934,tempted_1_25,2758,30,0,budget,0,50,true,4,525,63,108,0.2,0.8,0,0,0,3,10,crash,false,5,15,248,2510,0,0,0,false,false,false,0,0,2758,30,0,
935,tempted_1_25,4260,32,2,budget,0,73,true,5,930,82,185,0.53125,0.4375,0.03125,0,0,6,4,crash,false,5,16,1280,2800,180,0,0,false,false,false,0,0,4260,32,0,
936,tempted_1_25,6090,40,10,budget,0,97,true,4,1270,119,148,0.025,0.775,0.175,0.025,0,6,1,normal,false,6,20,30,3585,900,1575,0,true,true,false,0,0,6090,40,0,
937,tempted_1_25,4433,30,0,budget,0,68,true,4,585,102,154,0.26666666666666666,0.7333333333333333,0,0,0,6,6,normal,false,3,14,628,3805,0,0,0,false,false,false,0,0,4433,30,0,
938,tempted_1_25,4105,34,4,budget,0,80,true,4,465,96,140,0,1,0,0,0,2,14,normal,false,5,13,30,3715,360,0,0,false,false,false,0,0,4105,34,0,
939,tempted_1_25,8530,49,19,budget,1,100,true,4,1260,143,200,0.16326530612244897,0.6530612244897959,0.061224489795918366,0.02040816326530612,0.10204081632653061,8,3,normal,false,8,16,405,3185,1680,900,2360,false,false,false,1730,5,6800,44,1,3
940,tempted_1_25,10668,55,25,budget,1,100,true,5,1680,142,221,0.2,0.43636363636363634,0.2,0.07272727272727272,0.09090909090909091,10,1,normal,false,7,25,403,2605,3360,1680,2620,false,true,false,1640,5,9028,50,1,9
941,tempted_1_25,5073,34,4,budget,0,77,true,4,680,108,165,0.11764705882352941,0.8235294117647058,0.058823529411764705,0,0,4,10,normal,false,5,13,478,4385,210,0,0,false,false,true,0,0,5073,34,0,
942,tempted_1_25,3154,34,4,budget,0,79,true,3,420,76,133,0.23529411764705882,0.7647058823529411,0,0,0,3,5,crash,false,7,13,494,2120,540,0,0,false,false,true,0,0,3154,34,0,
943,tempted_1_25,19520,69,39,budget,3,100,true,7,5300,219,305,0.043478260869565216,0.5942028985507246,0.11594202898550725,0.028985507246376812,0.21739130434782608,11,4,crash,false,6,27,165,4745,2790,5400,6420,false,false,true,10990,15,8530,54,3,2|3|3
944,tempted_1_25,4983,32,2,budget,0,76,true,7,1255,94,143,0.0625,0.9375,0,0,0,3,13,normal,false,7,17,213,4590,180,0,0,false,false,true,0,0,4983,32,0,
945,tempted_1_25,9110,45,21,lock,1,100,true,6,1400,126,184,0.022222222222222223,0.7111111111111111,0.13333333333333333,0.022222222222222223,0.1111111111111111,8,17,crash,false,7,20,105,4225,890,1530,2360,false,false,false,2200,5,6910,40,1,2
946,tempted_1_25,12035,52,22,budget,0,92,true,5,1875,189,271,0.038461538461538464,0.7692307692307693,0.19230769230769232,0,0,12,1,normal,false,4,27,145,7165,2970,1755,0,true,false,false,0,0,12035,52,0,
947,tempted_1_25,3610,28,4,lock,0,76,true,4,730,90,117,0.07142857142857142,0.8571428571428571,0.07142857142857142,0,0,3,8,normal,false,5,14,60,3370,180,0,0,false,false,false,0,0,3610,28,0,
948,tempted_1_25,23355,88,58,budget,2,100,true,6,2345,278,367,0,0.6931818181818182,0.125,0.06818181818181818,0.11363636363636363,18,15,normal,false,7,39,30,7310,5160,4575,6280,false,true,false,6765,10,16590,78,1,2
949,tempted_1_25,3241,34,4,budget,0,76,true,5,555,80,116,0.29411764705882354,0.6176470588235294,0.08823529411764706,0,0,6,1,normal,false,9,13,356,2305,580,0,0,false,false,true,0,0,3241,34,0,
950,tempted_1_25,3151,32,2,budget,0,84,true,3,300,81,114,0.0625,0.875,0.0625,0,0,2,17,normal,false,9,9,216,2635,300,0,0,false,false,false,0,0,3151,32,0,
951,tempted_1_25,4775,34,4,budget,0,96,false,4,580,101,124,0,0.8529411764705882,0.11764705882352941,0.029411764705882353,0,2,17,normal,false,3,15,0,3100,1540,135,0,true,true,true,0,0,4775,34,0,
952,tempted_1_25,16135,58,28,budget,0,97,false,7,4140,193,257,0,0.8103448275862069,0.1206896551724138,0.06896551724137931,0,12,1,normal,false,12,22,0,5345,7370,3420,0,true,true,true,0,0,16135,58,0,
953,tempted_1_25,2939,30,0,budget,0,50,true,3,340,79,116,0.23333333333333334,0.7666666666666667,0,0,0,5,9,normal,false,5,13,419,2520,0,0,0,false,false,false,0,0,2939,30,0,
954,tempted_1_25,25700,87,57,budget,3,100,true,8,2600,280,383,0.011494252873563218,0.5057471264367817,0.21839080459770116,0.09195402298850575,0.1724137931034483,20,7,normal,false,5,50,20,5925,4820,3675,11260,false,true,false,9740,15,15960,72,3,5|2|9
955,tempted_1_25,728,10,0,lock,0,52,true,2,135,15,30,0.1,0.9,0,0,0,1,4,normal,false,4,2,53,675,0,0,0,false,false,false,0,0,728,10,0,
956,tempted_1_25,855,12,2,lock,0,81,false,3,195,24,27,0,0.8333333333333334,0.16666666666666666,0,0,1,2,normal,false,5,2,0,645,210,0,0,false,false,false,0,0,855,12,0,
957,tempted_1_25,5375,32,2,budget,0,70,true,5,1410,108,153,0,1,0,0,0,1,10,normal,false,4,13,40,5335,0,0,0,false,false,true,0,0,5375,32,0,
958,tempted_1_25,4296,32,2,budget,0,77,true,6,1455,90,157,0.375,0.59375,0.03125,0,0,4,4,normal,false,6,13,811,3395,90,0,0,false,false,false,0,0,4296,32,0,
959,tempted_1_25,1755,13,8,lock,0,98,false,4,465,34,35,0,0.6923076923076923,0.23076923076923078,0.07692307692307693,0,3,4,normal,true,4,6,0,1060,290,405,0,true,true,true,0,0,1755,13,0,
960,tempted_1_25,2627,30,0,budget,0,66,true,4,400,73,107,0.23333333333333334,0.7666666666666667,0,0,0,2,10,normal,false,7,11,462,2165,0,0,0,false,false,true,0,0,2627,30,0,
961,tempted_1_25,3584,30,0,budget,0,50,true,5,715,86,141,0.36666666666666664,0.6333333333333333,0,0,0,4,16,normal,false,3,15,749,2835,0,0,0,false,false,true,0,0,3584,30,0,
962,tempted_1_25,3858,30,0,budget,0,56,true,6,995,91,138,0.4,0.6,0,0,0,4,10,normal,false,5,13,573,3285,0,0,0,false,false,true,0,0,3858,30,0,
963,tempted_1_25,3195,30,0,budget,0,67,true,4,375,85,118,0.13333333333333333,0.8666666666666667,0,0,0,4,14,normal,false,4,11,385,2810,0,0,0,false,false,true,0,0,3195,30,0,
964,tempted_1_25,4462,30,0,budget,0,66,true,4,1130,85,158,0.4,0.6,0,0,0,3,14,normal,false,6,13,772,3690,0,0,0,false,false,true,0,0,4462,30,0,
965,tempted_1_25,4086,30,0,budget,0,64,true,4,525,77,133,0.2,0.8,0,0,0,2,13,crash,false,5,13,221,3865,0,0,0,false,false,false,0,0,4086,30,0,
966,tempted_1_25,5528,20,15,lock,1,100,true,3,1740,72,78,0.15,0.35,0.2,0.05,0.25,6,4,deep,true,3,14,188,870,870,1020,2580,false,true,true,1320,5,4208,15,0,
967,tempted_1_25,3770,36,6,budget,0,91,true,3,980,80,151,0.4722222222222222,0.4722222222222222,0.027777777777777776,0.027777777777777776,0,6,5,normal,false,7,13,700,1575,1180,315,0,true,false,true,0,0,3770,36,0,
968,tempted_1_25,9638,49,19,budget,1,100,true,4,1460,148,203,0.10204081632653061,0.6530612244897959,0.10204081632653061,0.04081632653061224,0.10204081632653061,9,1,normal,false,8,16,188,3840,2020,1350,2240,false,true,false,900,5,8738,44,1,2
969,tempted_1_25,4800,34,4,budget,0,86,true,5,880,90,132,0.058823529411764705,0.9117647058823529,0.029411764705882353,0,0,2,14,normal,false,6,8,50,3805,540,405,0,false,false,false,0,0,4800,34,0,
970,tempted_1_25,26652,75,45,budget,1,100,true,8,9720,251,357,0.09333333333333334,0.6133333333333333,0.17333333333333334,0.05333333333333334,0.06666666666666667,18,8,crash,false,6,38,332,5310,5830,2520,12660,false,true,false,12100,5,14552,70,1,4
971,tempted_1_25,29384,107,77,budget,3,100,true,4,2060,337,466,0.04672897196261682,0.45794392523364486,0.2897196261682243,0.06542056074766354,0.14018691588785046,25,13,normal,false,4,62,249,4830,8040,5805,10460,false,true,false,11635,15,17749,92,2,12|3
972,tempted_1_25,14847,51,21,budget,1,100,true,7,4555,172,229,0.17647058823529413,0.5490196078431373,0.13725490196078433,0.0392156862745098,0.09803921568627451,10,1,normal,false,5,27,412,3770,2970,4575,3120,false,true,false,5815,5,9032,46,1,4
973,tempted_1_25,2955,30,0,budget,0,62,true,4,465,70,122,0.23333333333333334,0.7666666666666667,0,0,0,3,14,normal,false,6,11,395,2560,0,0,0,false,false,true,0,0,2955,30,0,
974,tempted_1_25,3079,30,0,budget,0,50,true,4,450,73,141,0.43333333333333335,0.5666666666666667,0,0,0,4,8,crash,false,6,11,1004,2075,0,0,0,false,false,false,0,0,3079,30,0,
975,tempted_1_25,7753,48,18,budget,0,99,true,5,880,151,222,0.22916666666666666,0.5208333333333334,0.22916666666666666,0.020833333333333332,0,10,9,normal,false,5,24,898,3900,2100,855,0,true,true,false,0,0,7753,48,0,
976,tempted_1_25,2269,30,0,budget,0,50,true,3,375,54,118,0.5,0.5,0,0,0,5,4,crash,false,5,10,739,1530,0,0,0,false,false,false,0,0,2269,30,0,
977,tempted_1_25,54285,144,114,budget,8,100,true,6,2680,519,635,0,0.4027777777777778,0.2777777777777778,0.041666666666666664,0.2777777777777778,35,3,normal,false,9,77,30,8500,7950,8685,29120,false,true,true,26565,40,27720,104,8,7|7|2|2|5|2|2|4
978,tempted_1_25,3888,30,0,budget,0,63,true,7,1415,77,116,0.06666666666666667,0.9333333333333333,0,0,0,1,21,normal,false,6,11,228,3660,0,0,0,false,false,true,0,0,3888,30,0,
979,tempted_1_25,3722,30,0,budget,0,53,true,3,910,88,133,0.3,0.7,0,0,0,4,6,normal,false,3,13,332,3390,0,0,0,false,false,false,0,0,3722,30,0,
980,tempted_1_25,7102,44,14,budget,0,89,true,4,550,133,192,0.11363636363636363,0.75,0.11363636363636363,0.022727272727272728,0,9,3,normal,false,4,23,167,5050,1750,135,0,false,false,false,0,0,7102,44,0,
981,tempted_1_25,3092,32,2,budget,0,72,true,5,470,67,130,0.46875,0.5,0.03125,0,0,4,10,crash,false,8,17,912,2090,90,0,0,false,false,false,0,0,3092,32,0,
982,tempted_1_25,3424,30,0,budget,0,58,true,4,895,78,119,0.3333333333333333,0.6666666666666666,0,0,0,3,11,normal,false,10,9,299,3125,0,0,0,false,false,true,0,0,3424,30,0,
983,tempted_1_25,2252,30,0,budget,0,64,true,5,630,64,100,0.43333333333333335,0.5666666666666667,0,0,0,4,10,normal,false,5,9,632,1620,0,0,0,false,false,true,0,0,2252,30,0,
984,tempted_1_25,12862,56,26,budget,2,100,true,6,1740,154,243,0.16071428571428573,0.5714285714285714,0.08928571428571429,0,0.17857142857142858,6,12,crash,false,8,24,882,4300,1790,270,5620,false,false,false,5450,10,7412,46,0,
985,tempted_1_25,4308,30,0,budget,0,59,true,5,630,95,150,0.13333333333333333,0.8666666666666667,0,0,0,2,18,normal,false,5,12,333,3975,0,0,0,false,false,false,0,0,4308,30,0,
986,tempted_1_25,7056,50,20,budget,0,93,true,6,1335,125,203,0.32,0.5,0.12,0.06,0,15,1,normal,false,10,21,661,3745,2200,450,0,true,false,true,0,0,7056,50,0,
987,tempted_1_25,3377,30,0,budget,0,57,true,4,805,82,144,0.3,0.7,0,0,0,2,9,normal,false,5,12,837,2540,0,0,0,false,false,true,0,0,3377,30,0,
988,tempted_1_25,2860,32,2,budget,0,79,true,3,330,82,108,0.03125,0.96875,0,0,0,2,7,normal,false,5,14,30,2650,180,0,0,false,false,true,0,0,2860,32,0,
989,tempted_1_25,12728,56,26,budget,2,100,true,6,2180,164,221,0.05357142857142857,0.6071428571428571,0.125,0.03571428571428571,0.17857142857142858,12,3,normal,false,4,29,173,4170,2350,1035,5000,false,false,false,4860,10,7868,46,2,2|4
990,tempted_1_25,4311,32,2,budget,0,73,true,4,390,92,173,0.28125,0.6875,0.03125,0,0,5,4,normal,false,4,18,476,3415,420,0,0,false,false,false,0,0,4311,32,0,
991,tempted_1_25,2387,30,0,budget,0,57,true,4,415,60,112,0.4,0.6,0,0,0,2,16,crash,false,3,12,647,1740,0,0,0,false,false,false,0,0,2387,30,0,
992,tempted_1_25,3672,30,0,budget,0,53,true,5,735,92,152,0.4666666666666667,0.5333333333333333,0,0,0,6,5,normal,false,4,15,857,2815,0,0,0,false,false,true,0,0,3672,30,0,
993,tempted_1_25,25518,112,82,budget,4,100,true,5,1440,333,425,0.05357142857142857,0.45535714285714285,0.25892857142857145,0.05357142857142857,0.17857142857142858,27,10,normal,false,12,49,613,6185,6310,4470,7940,false,true,true,8065,20,17453,92,4,9|10|6|8
994,tempted_1_25,3181,30,0,budget,0,69,true,5,620,78,128,0.3,0.7,0,0,0,3,15,crash,false,2,12,521,2660,0,0,0,false,false,false,0,0,3181,30,0,
995,tempted_1_25,7190,42,12,budget,0,84,true,5,1100,130,215,0.21428571428571427,0.6190476190476191,0.16666666666666666,0,0,8,9,crash,false,4,21,1085,3125,2980,0,0,false,false,false,0,0,7190,42,0,
996,tempted_1_25,9548,41,11,budget,1,100,true,4,2840,149,180,0.04878048780487805,0.7073170731707317,0.07317073170731707,0.04878048780487805,0.12195121951219512,5,9,normal,false,7,20,68,4715,710,315,3740,false,true,false,1080,5,8468,36,1,5
997,tempted_1_25,4433,40,10,budget,0,93,true,4,600,103,147,0.1,0.825,0.05,0.025,0,7,2,normal,false,6,15,173,3795,330,135,0,true,false,true,0,0,4433,40,0,
998,tempted_1_25,7693,39,9,budget,1,100,true,5,2360,112,157,0.10256410256410256,0.6666666666666666,0.10256410256410256,0,0.1282051282051282,5,6,normal,false,5,25,568,1965,1060,0,4100,false,false,true,4240,5,3453,34,0,
999,tempted_1_25,2913,36,6,budget,0,87,true,4,420,78,115,0.1388888888888889,0.7777777777777778,0.08333333333333333,0,0,4,9,crash,false,8,12,333,2280,300,0,0,false,false,false,0,0,2913,36,0,
1000,tempted_1_25,14566,53,23,budget,1,100,true,6,3920,164,249,0.07547169811320754,0.7547169811320755,0.03773584905660377,0.03773584905660377,0.09433962264150944,8,2,crash,false,6,21,106,5170,1770,360,7160,false,false,false,8030,5,6536,48,0,
1001,tempted_1_25,3626,30,0,budget,0,67,true,4,465,82,128,0.16666666666666666,0.8333333333333334,0,0,0,3,6,crash,false,5,13,211,3415,0,0,0,false,false,false,0,0,3626,30,0,
1002,tempted_1_25,2549,32,2,budget,0,73,true,5,765,62,115,0.5625,0.40625,0.03125,0,0,2,7,crash,false,9,5,694,1525,330,0,0,false,false,false,0,0,2549,32,0,
1003,tempted_1_25,4576,34,4,budget,0,97,true,3,750,102,140,0.08823529411764706,0.8235294117647058,0.058823529411764705,0.029411764705882353,0,3,17,normal,false,4,13,126,3250,390,810,0,true,true,false,0,0,4576,34,0,
1004,tempted_1_25,15005,73,43,budget,1,100,false,5,4600,205,239,0,0.6438356164383562,0.2876712328767123,0,0.0684931506849315,18,1,normal,false,6,31,0,3385,4440,0,7180,false,false,false,2700,5,12305,68,1,3
1005,tempted_1_25,5310,46,16,budget,0,83,true,3,470,126,162,0.021739130434782608,0.9130434782608695,0.06521739130434782,0,0,9,11,normal,false,7,26,60,3660,1590,0,0,false,false,false,0,0,5310,46,0,
1006,tempted_1_25,5042,36,6,budget,0,96,true,5,1505,103,153,0.3055555555555556,0.6388888888888888,0.05555555555555555,0,0,6,12,normal,false,6,14,582,2825,960,675,0,true,true,true,0,0,5042,36,0,
1007,tempted_1_25,3944,32,2,budget,0,72,true,4,473,100,146,0.1875,0.78125,0.03125,0,0,2,6,normal,false,4,13,399,3455,90,0,0,false,false,true,0,0,3944,32,0,
1008,tempted_1_25,7520,47,17,budget,1,100,true,6,1025,139,196,0.02127659574468085,0.8085106382978723,0.06382978723404255,0,0.10638297872340426,6,17,crash,false,7,19,215,4720,500,945,1140,false,false,false,1985,5,5535,42,1,2
1009,tempted_1_25,9815,36,6,budget,0,82,true,9,3610,142,205,0,0.9444444444444444,0.05555555555555555,0,0,3,10,normal,false,7,14,60,9015,740,0,0,false,false,false,0,0,9815,36,0,
1010,tempted_1_25,2103,30,0,budget,0,50,true,3,260,65,102,0.2,0.8,0,0,0,3,8,normal,false,8,12,248,1855,0,0,0,false,false,false,0,0,2103,30,0,
1011,tempted_1_25,2392,30,0,budget,0,59,true,3,220,69,146,0.5333333333333333,0.4666666666666667,0,0,0,2,5,crash,false,5,10,912,1480,0,0,0,false,false,false,0,0,2392,30,0,
1012,tempted_1_25,3000,30,0,budget,0,55,true,4,410,73,128,0.3333333333333333,0.6666666666666666,0,0,0,3,11,normal,false,5,12,705,2295,0,0,0,false,false,true,0,0,3000,30,0,
1013,tempted_1_25,2661,30,0,budget,0,67,true,3,265,64,113,0.2,0.8,0,0,0,0,-1,crash,false,4,14,301,2360,0,0,0,false,false,false,0,0,2661,30,0,
1014,tempted_1_25,2843,30,0,budget,0,53,true,4,405,72,128,0.36666666666666664,0.6333333333333333,0,0,0,3,6,normal,false,5,10,948,1895,0,0,0,false,false,true,0,0,2843,30,0,
1015,tempted_1_25,6514,46,16,budget,0,85,true,6,1035,148,215,0.21739130434782608,0.6956521739130435,0.08695652173913043,0,0,10,5,normal,false,5,23,479,5125,910,0,0,false,false,false,0,0,6514,46,0,
1016,tempted_1_25,3703,30,0,budget,0,66,true,5,1215,83,152,0.4666666666666667,0.5333333333333333,0,0,0,3,16,crash,false,5,15,828,2875,0,0,0,false,false,false,0,0,3703,30,0,
1017,tempted_1_25,27490,80,50,budget,4,100,true,7,3175,278,367,0,0.5,0.1625,0.0875,0.25,13,7,normal,false,4,37,100,5720,3640,10110,7920,false,true,false,7990,20,19500,60,4,2|2|7|2
1018,tempted_1_25,3565,30,0,budget,0,69,true,6,1195,79,127,0.3333333333333333,0.6666666666666666,0,0,0,1,18,normal,false,5,12,450,3115,0,0,0,false,false,true,0,0,3565,30,0,
1019,tempted_1_25,24236,69,39,budget,3,100,true,8,2980,230,338,0.14492753623188406,0.42028985507246375,0.14492753623188406,0.07246376811594203,0.21739130434782608,18,1,normal,false,4,36,556,4020,4940,3960,10760,false,true,false,12130,15,12106,54,3,2|5|3
1020,tempted_1_25,2760,30,0,budget,0,59,true,5,420,68,112,0.26666666666666666,0.7333333333333333,0,0,0,4,6,normal,false,4,13,490,2270,0,0,0,false,false,true,0,0,2760,30,0,
1021,tempted_1_25,4522,30,0,budget,0,50,true,6,883,83,174,0.5,0.5,0,0,0,4,8,normal,false,3,16,952,3570,0,0,0,false,false,true,0,0,4522,30,0,
1022,tempted_1_25,3444,30,0,budget,0,62,true,4,725,76,132,0.4,0.6,0,0,0,2,11,normal,false,7,12,469,2975,0,0,0,false,false,false,0,0,3444,30,0,
1023,tempted_1_25,2312,30,0,budget,0,53,true,5,495,60,102,0.36666666666666664,0.6333333333333333,0,0,0,4,13,crash,false,7,8,632,1680,0,0,0,false,false,false,0,0,2312,30,0,
1024,tempted_1_25,3495,25,11,lock,1,100,false,3,405,69,81,0,0.72,0.08,0,0.2,3,14,normal,false,5,12,0,1875,190,270,1160,false,false,false,1100,5,2395,20,1,2
1025,tempted_1_25,5736,34,4,budget,0,81,true,5,1290,116,154,0.11764705882352941,0.8235294117647058,0.058823529411764705,0,0,4,9,normal,false,5,14,211,4695,830,0,0,false,false,true,0,0,5736,34,0,
1026,tempted_1_25,10871,51,21,budget,1,100,true,5,1220,156,214,0.058823529411764705,0.6862745098039216,0.13725490196078433,0.0196078431372549,0.09803921568627451,7,8,crash,false,6,24,156,4450,1380,1125,3760,false,false,false,3150,5,7721,46,0,
1027,tempted_1_25,3808,32,2,budget,0,71,true,3,330,96,149,0.15625,0.84375,0,0,0,2,19,normal,false,3,15,293,3335,180,0,0,false,false,false,0,0,3808,32,0,
1028,tempted_1_25,4037,30,0,budget,0,65,true,6,1013,80,134,0.3,0.7,0,0,0,3,18,normal,false,5,9,537,3500,0,0,0,false,false,true,0,0,4037,30,0,
1029,tempted_1_25,5908,36,6,budget,0,91,true,4,1430,105,178,0.19444444444444445,0.7222222222222222,0.08333333333333333,0,0,3,5,normal,false,5,14,558,3030,1510,810,0,true,false,false,0,0,5908,36,0,
1030,tempted_1_25,2626,30,0,budget,0,60,true,5,645,62,109,0.4666666666666667,0.5333333333333333,0,0,0,4,19,crash,false,11,10,401,2225,0,0,0,false,false,false,0,0,2626,30,0,
1031,tempted_1_25,3233,32,2,budget,0,75,true,3,550,87,135,0.34375,0.625,0.03125,0,0,3,5,crash,false,6,13,578,2565,90,0,0,false,false,false,0,0,3233,32,0,
1032,tempted_1_25,3890,40,10,budget,0,80,true,4,495,108,143,0.025,0.875,0.1,0,0,6,18,normal,false,7,15,90,3440,360,0,0,false,false,false,0,0,3890,40,0,
1033,tempted_1_25,7425,40,10,budget,0,85,true,4,1260,150,203,0.025,0.8,0.175,0,0,4,5,normal,false,7,14,105,4390,1790,1140,0,false,false,false,0,0,7425,40,0,
1034,tempted_1_25,1854,30,0,budget,0,50,true,2,180,52,117,0.6,0.4,0,0,0,5,8,crash,false,5,12,574,1280,0,0,0,false,false,false,0,0,1854,30,0,
1035,tempted_1_25,6604,38,8,budget,0,82,true,5,840,115,185,0.13157894736842105,0.7894736842105263,0.07894736842105263,0,0,6,2,normal,false,4,18,244,5050,1310,0,0,false,false,true,0,0,6604,38,0,
1036,tempted_1_25,3193,32,2,budget,0,83,true,4,650,68,117,0.28125,0.6875,0.03125,0,0,4,3,normal,false,12,13,313,2760,120,0,0,false,false,true,0,0,3193,32,0,
1037,tempted_1_25,3024,30,0,budget,0,68,true,4,355,82,126,0.16666666666666666,0.8333333333333334,0,0,0,4,13,normal,false,5,15,519,2505,0,0,0,false,false,true,0,0,3024,30,0,
1038,tempted_1_25,6543,44,14,budget,0,87,true,5,1240,119,167,0.09090909090909091,0.8181818181818182,0.09090909090909091,0,0,8,7,normal,false,6,14,73,3440,3030,0,0,false,false,true,0,0,6543,44,0,
1039,tempted_1_25,4415,32,2,budget,0,72,true,6,1035,103,141,0.03125,0.9375,0.03125,0,0,2,11,normal,false,6,12,140,4185,90,0,0,false,false,true,0,0,4415,32,0,
1040,tempted_1_25,2096,30,0,budget,0,53,true,5,413,58,105,0.43333333333333335,0.5666666666666667,0,0,0,6,10,normal,false,8,11,1046,1050,0,0,0,false,false,true,0,0,2096,30,0,
1041,tempted_1_25,4340,32,2,budget,0,71,false,4,720,108,132,0,1,0,0,0,1,11,normal,false,9,8,0,4340,0,0,0,false,false,false,0,0,4340,32,0,
1042,tempted_1_25,3191,30,0,budget,0,50,true,4,510,82,132,0.36666666666666664,0.6333333333333333,0,0,0,6,7,normal,false,5,13,436,2755,0,0,0,false,false,true,0,0,3191,30,0,
1043,tempted_1_25,3456,30,0,budget,0,66,true,5,705,77,110,0.13333333333333333,0.8666666666666667,0,0,0,3,21,normal,false,4,13,166,3290,0,0,0,false,false,true,0,0,3456,30,0,
1044,tempted_1_25,8483,57,27,budget,1,100,true,4,640,149,219,0.12280701754385964,0.6491228070175439,0.08771929824561403,0.05263157894736842,0.08771929824561403,12,1,normal,false,6,23,263,3485,2190,885,1660,false,false,true,1780,5,6703,52,0,
1045,tempted_1_25,4390,42,12,budget,0,77,true,4,470,125,153,0.023809523809523808,0.9285714285714286,0.047619047619047616,0,0,7,1,normal,false,7,19,25,4155,210,0,0,false,false,true,0,0,4390,42,0,
1046,tempted_1_25,2871,30,0,budget,0,67,true,3,355,73,115,0.13333333333333333,0.8666666666666667,0,0,0,1,24,crash,false,6,11,66,2805,0,0,0,false,false,false,0,0,2871,30,0,
1047,tempted_1_25,2550,30,0,budget,0,53,true,3,365,69,138,0.5666666666666667,0.43333333333333335,0,0,0,5,13,crash,false,8,9,780,1770,0,0,0,false,false,true,0,0,2550,30,0,
1048,tempted_1_25,2766,32,2,budget,0,72,true,3,275,81,114,0.25,0.71875,0.03125,0,0,5,7,normal,false,6,13,391,2285,90,0,0,false,false,false,0,0,2766,32,0,
1049,tempted_1_25,2473,30,0,budget,0,67,true,4,540,70,104,0.3,0.7,0,0,0,2,14,normal,false,6,8,663,1810,0,0,0,false,false,false,0,0,2473,30,0,
1050,tempted_1_25,3618,30,0,budget,0,66,true,5,1140,72,126,0.3333333333333333,0.6666666666666666,0,0,0,2,11,normal,false,5,11,663,2955,0,0,0,false,false,false,0,0,3618,30,0,
1051,tempted_1_25,3827,32,2,budget,0,74,true,4,495,89,147,0.28125,0.71875,0,0,0,7,3,normal,false,4,12,927,2600,300,0,0,false,false,false,0,0,3827,32,0,
1052,tempted_1_25,2392,34,4,budget,0,88,true,3,245,69,103,0.2647058823529412,0.6470588235294118,0.058823529411764705,0.029411764705882353,0,5,1,normal,false,6,10,452,1635,170,135,0,false,false,true,0,0,2392,34,0,
1053,tempted_1_25,2851,32,2,budget,0,70,true,4,630,81,107,0.09375,0.90625,0,0,0,2,1,normal,false,6,12,101,2750,0,0,0,false,false,false,0,0,2851,32,0,
1054,tempted_1_25,4706,30,0,budget,0,68,true,5,675,83,143,0.4,0.6,0,0,0,2,6,crash,false,7,14,521,4185,0,0,0,false,false,false,0,0,4706,30,0,
1055,tempted_1_25,8178,54,24,budget,0,89,true,4,810,162,233,0.1111111111111111,0.7037037037037037,0.16666666666666666,0.018518518518518517,0,13,4,normal,false,10,27,588,4265,3190,135,0,false,false,false,0,0,8178,54,0,
1056,tempted_1_25,3483,30,0,budget,0,50,true,6,750,83,142,0.5333333333333333,0.4666666666666667,0,0,0,6,5,normal,false,5,13,1313,2170,0,0,0,false,false,true,0,0,3483,30,0,
1057,tempted_1_25,8851,47,17,budget,1,100,true,4,1380,137,179,0.10638297872340426,0.723404255319149,0.06382978723404255,0,0.10638297872340426,5,4,crash,false,6,19,101,3710,960,180,3900,false,false,false,3900,5,4951,42,0,
1058,tempted_1_25,3127,30,0,budget,0,50,true,5,555,73,141,0.4666666666666667,0.5333333333333333,0,0,0,5,6,normal,false,5,11,1072,2055,0,0,0,false,false,false,0,0,3127,30,0,
1059,tempted_1_25,225,6,0,lock,0,57,false,1,45,9,9,0,1,0,0,0,0,-1,normal,false,6,0,0,225,0,0,0,false,false,false,0,0,225,6,0,
1060,tempted_1_25,1837,30,0,budget,0,55,true,3,255,58,97,0.43333333333333335,0.5666666666666667,0,0,0,6,5,crash,false,4,11,437,1400,0,0,0,false,false,false,0,0,1837,30,0,
1061,tempted_1_25,4351,30,0,budget,0,65,true,5,795,90,149,0.4,0.6,0,0,0,3,7,normal,false,7,13,486,3865,0,0,0,false,false,true,0,0,4351,30,0,
1062,tempted_1_25,6229,38,8,budget,0,96,true,6,1230,131,199,0.3157894736842105,0.6052631578947368,0.05263157894736842,0.02631578947368421,0,8,5,normal,false,5,15,1394,3980,720,135,0,true,true,true,0,0,6229,38,0,
1063,tempted_1_25,3825,30,0,budget,0,50,true,5,570,79,138,0.23333333333333334,0.7666666666666667,0,0,0,3,8,normal,false,6,12,620,3205,0,0,0,false,false,true,0,0,3825,30,0,
1064,tempted_1_25,7194,40,10,budget,0,95,true,5,900,129,178,0.2,0.675,0.125,0,0,8,5,normal,false,8,18,334,4010,2580,270,0,true,true,false,0,0,7194,40,0,
1065,tempted_1_25,2630,14,0,lock,0,66,false,5,720,54,78,0,1,0,0,0,0,-1,normal,false,2,6,0,2630,0,0,0,false,false,false,0,0,2630,14,0,
1066,tempted_1_25,3553,30,0,budget,0,66,true,6,1175,73,130,0.5,0.5,0,0,0,6,6,normal,false,5,13,648,2905,0,0,0,false,false,true,0,0,3553,30,0,
1067,tempted_1_25,4410,30,0,budget,0,59,true,6,815,75,137,0.43333333333333335,0.5666666666666667,0,0,0,1,26,crash,false,8,10,375,4035,0,0,0,false,false,true,0,0,4410,30,0,
1068,tempted_1_25,7370,49,19,budget,1,100,false,4,960,143,158,0,0.7551020408163265,0.12244897959183673,0.02040816326530612,0.10204081632653061,6,13,normal,false,10,21,0,3960,630,660,2120,false,true,false,2000,5,5370,44,1,4
1069,tempted_1_25,21109,82,52,budget,2,100,true,6,2860,260,378,0.10975609756097561,0.524390243902439,0.14634146341463414,0.0975609756097561,0.12195121951219512,18,5,crash,false,6,37,874,5275,5560,5340,4060,false,true,false,5080,10,16029,72,1,3
1070,tempted_1_25,2824,30,0,budget,0,69,true,4,585,67,122,0.3333333333333333,0.6666666666666666,0,0,0,2,13,crash,false,5,12,444,2380,0,0,0,false,false,false,0,0,2824,30,0,
1071,tempted_1_25,11016,44,14,budget,0,98,true,5,3835,152,224,0.06818181818181818,0.75,0.18181818181818182,0,0,7,11,normal,false,7,23,191,4370,2000,4455,0,true,true,false,0,0,11016,44,0,
1072,tempted_1_25,5823,30,0,budget,0,69,true,6,1420,95,182,0.4,0.6,0,0,0,4,10,normal,false,6,12,348,5475,0,0,0,false,false,true,0,0,5823,30,0,
1073,tempted_1_25,4716,34,4,budget,0,74,true,5,870,100,163,0.20588235294117646,0.7352941176470589,0.058823529411764705,0,0,6,1,crash,false,4,17,311,4195,210,0,0,false,false,false,0,0,4716,34,0,
1074,tempted_1_25,6767,44,14,budget,0,89,true,4,870,137,189,0.1590909090909091,0.7045454545454546,0.11363636363636363,0.022727272727272728,0,7,6,normal,false,5,23,267,4775,1050,675,0,false,false,true,0,0,6767,44,0,
1075,tempted_1_25,2950,30,0,budget,0,50,true,4,348,68,151,0.4,0.6,0,0,0,4,7,normal,false,4,13,1185,1765,0,0,0,false,false,true,0,0,2950,30,0,
1076,tempted_1_25,7075,41,11,budget,1,100,true,6,1020,127,160,0.024390243902439025,0.7560975609756098,0.07317073170731707,0.024390243902439025,0.12195121951219512,4,13,normal,false,10,22,30,4505,780,180,1580,false,false,false,1380,5,5695,36,1,3
1077,tempted_1_25,2990,30,0,budget,0,67,false,3,300,80,114,0,1,0,0,0,0,-1,normal,false,4,12,0,2990,0,0,0,false,false,false,0,0,2990,30,0,
1078,tempted_1_25,2460,30,0,budget,0,69,true,3,315,70,111,0.4,0.6,0,0,0,2,18,normal,false,7,10,395,2065,0,0,0,false,false,false,0,0,2460,30,0,
1079,tempted_1_25,7735,46,16,budget,0,98,true,4,2150,126,160,0,0.7391304347826086,0.15217391304347827,0.10869565217391304,0,6,22,normal,false,10,19,30,2585,2390,2730,0,true,true,false,0,0,7735,46,0,
1080,tempted_1_25,3785,30,0,budget,0,53,true,7,1088,76,165,0.5333333333333333,0.4666666666666667,0,0,0,5,9,normal,false,3,15,925,2860,0,0,0,false,false,true,0,0,3785,30,0,
1081,tempted_1_25,4794,36,6,budget,0,88,true,4,490,93,151,0.1388888888888889,0.75,0.05555555555555555,0.05555555555555555,0,2,2,crash,false,5,12,174,3885,420,315,0,false,false,false,0,0,4794,36,0,
1082,tempted_1_25,4648,34,4,budget,0,78,true,5,1020,101,157,0.2647058823529412,0.6764705882352942,0.058823529411764705,0,0,9,1,normal,false,5,12,378,4090,180,0,0,false,false,true,0,0,4648,34,0,
1083,tempted_1_25,2117,30,0,budget,0,50,true,3,300,53,111,0.36666666666666664,0.6333333333333333,0,0,0,3,18,crash,false,4,10,512,1605,0,0,0,false,false,false,0,0,2117,30,0,
1084,tempted_1_25,2490,30,0,budget,0,67,false,3,285,69,88,0,1,0,0,0,0,-1,normal,false,7,12,0,2490,0,0,0,false,false,false,0,0,2490,30,0,
1085,tempted_1_25,8715,54,24,budget,2,100,true,4,1410,144,207,0.2037037037037037,0.5185185185185185,0.09259259259259259,0,0.18518518518518517,10,8,normal,false,4,28,445,3470,1050,270,3480,false,false,false,3450,10,5265,44,1,4
1086,tempted_1_25,4103,30,0,budget,0,51,true,4,640,92,168,0.36666666666666664,0.6333333333333333,0,0,0,2,11,crash,false,4,15,1018,3085,0,0,0,false,false,false,0,0,4103,30,0,
1087,tempted_1_25,3613,30,0,budget,0,66,true,5,765,90,130,0.16666666666666666,0.8333333333333334,0,0,0,3,10,normal,false,5,12,388,3225,0,0,0,false,false,false,0,0,3613,30,0,
1088,tempted_1_25,1778,30,0,budget,0,50,true,3,143,58,95,0.3,0.7,0,0,0,6,14,normal,false,6,9,638,1140,0,0,0,false,false,false,0,0,1778,30,0,
1089,tempted_1_25,2735,30,0,budget,0,52,true,3,360,77,132,0.36666666666666664,0.6333333333333333,0,0,0,2,12,crash,false,3,10,775,1960,0,0,0,false,false,false,0,0,2735,30,0,
1090,tempted_1_25,12532,39,9,budget,1,100,true,5,3480,113,190,0.1794871794871795,0.6153846153846154,0.07692307692307693,0,0.1282051282051282,5,7,normal,false,5,19,317,2835,700,360,8320,false,false,false,6380,5,6152,34,1,3
1091,tempted_1_25,16917,55,25,budget,1,100,true,6,2640,221,331,0.3090909090909091,0.4909090909090909,0.09090909090909091,0.01818181818181818,0.09090909090909091,14,6,normal,false,4,33,1922,4660,5120,135,5080,false,false,true,5160,5,11757,50,0,
1092,tempted_1_25,3608,32,2,budget,0,81,true,4,570,92,143,0.40625,0.5625,0.03125,0,0,5,6,normal,false,4,15,738,2780,90,0,0,false,false,false,0,0,3608,32,0,
1093,tempted_1_25,8434,53,23,budget,1,100,true,3,1050,156,191,0.11320754716981132,0.5471698113207547,0.18867924528301888,0.05660377358490566,0.09433962264150944,9,9,normal,false,8,21,259,3230,2900,765,1280,false,true,false,1460,5,6974,48,1,5
1094,tempted_1_25,47759,160,130,budget,6,100,true,6,4180,507,638,0.03125,0.43125,0.25,0.1,0.1875,44,1,crash,false,10,81,179,8835,8330,7815,22600,false,true,false,19375,30,28384,130,4,5|4|3|4
1095,tempted_1_25,9520,52,22,budget,2,100,true,5,1140,142,185,0,0.5769230769230769,0.15384615384615385,0.07692307692307693,0.19230769230769232,7,26,normal,false,10,26,30,3370,890,1050,4180,false,true,false,3970,10,5550,42,2,3|4
1096,tempted_1_25,3435,30,0,budget,0,60,true,6,765,92,131,0.13333333333333333,0.8666666666666667,0,0,0,4,11,normal,false,6,13,695,2740,0,0,0,false,false,true,0,0,3435,30,0,
1097,tempted_1_25,4715,30,0,budget,0,56,true,7,1300,94,153,0.3333333333333333,0.6666666666666666,0,0,0,4,8,normal,false,4,17,1110,3605,0,0,0,false,false,true,0,0,4715,30,0,
1098,tempted_1_25,6780,40,10,budget,0,83,true,5,750,135,196,0.125,0.825,0.05,0,0,7,3,crash,false,4,20,110,5470,1200,0,0,false,false,false,0,0,6780,40,0,
1099,tempted_1_25,2723,32,2,budget,0,71,true,4,435,71,93,0.0625,0.9375,0,0,0,2,9,normal,false,8,11,58,2395,270,0,0,false,false,false,0,0,2723,32,0,
1100,tempted_1_25,3931,30,0,budget,0,58,true,5,1150,81,128,0.2,0.8,0,0,0,0,-1,crash,false,7,14,381,3550,0,0,0,false,false,false,0,0,3931,30,0,
1101,tempted_1_25,3423,30,0,budget,0,50,true,6,935,74,121,0.2,0.8,0,0,0,4,5,normal,false,6,11,388,3035,0,0,0,false,false,false,0,0,3423,30,0,
1102,tempted_1_25,1946,16,2,lock,0,80,true,4,400,46,73,0.5,0.4375,0.0625,0,0,3,6,normal,false,5,7,421,1315,210,0,0,false,false,false,0,0,1946,16,0,
1103,tempted_1_25,5097,38,8,budget,0,91,true,5,985,113,180,0.23684210526315788,0.7105263157894737,0.02631578947368421,0.02631578947368421,0,7,3,normal,false,4,23,642,3900,420,135,0,true,false,false,0,0,5097,38,0,
1104,tempted_1_25,4902,42,12,budget,0,90,true,5,905,105,151,0.21428571428571427,0.5714285714285714,0.14285714285714285,0.07142857142857142,0,6,13,normal,false,6,20,677,2295,1480,450,0,true,false,false,0,0,4902,42,0,
1105,tempted_1_25,8635,53,23,budget,1,100,true,5,1020,144,198,0.2641509433962264,0.37735849056603776,0.22641509433962265,0.03773584905660377,0.09433962264150944,9,11,crash,false,5,25,755,3060,1360,720,2740,false,false,false,2680,5,5955,48,1,6
1106,tempted_1_25,7284,40,10,budget,0,94,true,4,1400,138,209,0.275,0.625,0.1,0,0,9,3,normal,false,3,22,544,4150,1690,900,0,true,false,false,0,0,7284,40,0,
1107,tempted_1_25,7990,39,9,budget,1,100,false,4,1820,113,145,0,0.7692307692307693,0.10256410256410256,0,0.1282051282051282,3,25,normal,false,5,17,0,2750,620,0,4620,false,false,false,4400,5,3590,34,1,4
1108,tempted_1_25,1513,20,0,lock,0,69,true,3,255,44,56,0.15,0.85,0,0,0,2,13,normal,false,9,6,63,1450,0,0,0,false,false,false,0,0,1513,20,0,
1109,tempted_1_25,15015,59,29,budget,3,100,false,5,2210,188,242,0,0.5932203389830508,0.11864406779661017,0.03389830508474576,0.2542372881355932,7,9,normal,false,6,23,0,3835,4360,660,6160,false,true,false,6360,15,8655,44,3,2|4|2
1110,tempted_1_25,3220,30,0,budget,0,50,true,4,395,82,152,0.2,0.8,0,0,0,2,9,normal,false,6,13,735,2485,0,0,0,false,false,true,0,0,3220,30,0,
1111,tempted_1_25,3076,30,0,budget,0,50,true,4,510,67,130,0.5333333333333333,0.4666666666666667,0,0,0,3,7,crash,false,5,10,761,2315,0,0,0,false,false,false,0,0,3076,30,0,
1112,tempted_1_25,10654,53,23,budget,1,100,true,5,1640,165,223,0.1320754716981132,0.5471698113207547,0.16981132075471697,0.05660377358490566,0.09433962264150944,9,2,normal,false,5,20,399,3665,2780,1890,1920,false,true,true,1900,5,8754,48,1,7
1113,tempted_1_25,2940,30,0,budget,0,51,true,4,360,69,116,0.13333333333333333,0.8666666666666667,0,0,0,2,5,crash,false,3,15,260,2680,0,0,0,false,false,false,0,0,2940,30,0,
1114,tempted_1_25,2554,30,0,budget,0,62,true,3,375,75,113,0.26666666666666666,0.7333333333333333,0,0,0,3,10,normal,false,6,10,269,2285,0,0,0,false,false,false,0,0,2554,30,0,
1115,tempted_1_25,24145,47,46,lock,2,100,false,6,5250,195,254,0,0.3617021276595745,0.2765957446808511,0.14893617021276595,0.2127659574468085,14,1,normal,false,4,27,0,2645,4530,6510,10460,false,true,false,10970,10,13175,37,2,2|7
1116,tempted_1_25,28785,95,65,budget,3,100,true,5,3135,314,397,0.031578947368421054,0.5157894736842106,0.24210526315789474,0.05263157894736842,0.15789473684210525,21,2,normal,false,12,48,135,5490,5710,4890,12560,false,false,false,10980,15,17805,80,3,3|2|6
1117,tempted_1_25,2921,30,0,budget,0,50,true,4,323,69,133,0.43333333333333335,0.5666666666666667,0,0,0,5,6,normal,false,4,13,801,2120,0,0,0,false,false,false,0,0,2921,30,0,
1118,tempted_1_25,11627,55,25,budget,1,100,true,6,2080,161,252,0.10909090909090909,0.6727272727272727,0.12727272727272726,0,0.09090909090909091,11,4,normal,false,4,25,422,5120,2370,675,3040,false,false,false,3250,5,8377,50,0,
1119,tempted_1_25,6180,48,18,budget,0,99,true,4,650,146,187,0.041666666666666664,0.75,0.1875,0.020833333333333332,0,10,4,normal,false,6,22,135,3840,2070,135,0,true,true,false,0,0,6180,48,0,
1120,tempted_1_25,5340,30,0,budget,0,63,true,5,760,114,162,0,1,0,0,0,0,-1,normal,false,5,13,30,5310,0,0,0,false,false,false,0,0,5340,30,0,
1121,tempted_1_25,27485,88,58,budget,2,100,false,6,4110,280,351,0,0.5795454545454546,0.25,0.056818181818181816,0.11363636363636363,18,3,normal,false,11,39,0,4070,6260,9195,7960,false,true,false,7000,10,20485,78,2,3|6
1122,tempted_1_25,7058,48,18,budget,0,97,true,4,690,131,211,0.2916666666666667,0.5,0.1875,0.020833333333333332,0,9,4,crash,false,3,22,703,3640,1680,1035,0,true,true,true,0,0,7058,48,0,
1123,tempted_1_25,11801,51,21,budget,1,100,true,5,1780,172,237,0.058823529411764705,0.7450980392156863,0.09803921568627451,0,0.09803921568627451,8,1,normal,false,6,26,116,5745,2910,270,2760,false,false,false,3150,5,8651,46,1,2
1124,tempted_1_25,4531,34,4,budget,0,89,true,4,905,98,153,0.35294117647058826,0.6176470588235294,0,0.029411764705882353,0,3,16,normal,false,13,14,626,3515,120,270,0,false,false,true,0,0,4531,34,0,
1125,tempted_1_25,3384,30,0,budget,0,69,true,4,345,94,135,0.26666666666666666,0.7333333333333333,0,0,0,3,19,normal,false,6,11,714,2670,0,0,0,false,false,false,0,0,3384,30,0,
1126,tempted_1_25,4044,40,10,budget,0,86,true,4,470,93,150,0.275,0.625,0.1,0,0,7,1,crash,false,8,14,349,2545,1150,0,0,false,false,false,0,0,4044,40,0,
1127,tempted_1_25,3037,30,0,budget,0,58,true,5,550,80,130,0.3333333333333333,0.6666666666666666,0,0,0,4,9,normal,false,4,12,552,2485,0,0,0,false,false,false,0,0,3037,30,0,
1128,tempted_1_25,2300,30,0,budget,0,58,true,3,240,65,117,0.36666666666666664,0.6333333333333333,0,0,0,6,4,normal,false,3,14,600,1700,0,0,0,false,false,false,0,0,2300,30,0,
1129,tempted_1_25,4252,30,0,budget,0,50,true,4,600,91,168,0.3,0.7,0,0,0,2,10,crash,false,5,14,902,3350,0,0,0,false,false,true,0,0,4252,30,0,
1130,tempted_1_25,1857,30,0,budget,0,50,true,2,135,52,93,0.3,0.7,0,0,0,5,4,crash,false,6,10,292,1565,0,0,0,false,false,false,0,0,1857,30,0,
1131,tempted_1_25,2771,30,0,budget,0,50,true,4,655,65,105,0.16666666666666666,0.8333333333333334,0,0,0,2,16,normal,false,8,10,311,2460,0,0,0,false,false,true,0,0,2771,30,0,
1132,tempted_1_25,3170,30,0,budget,0,50,true,4,445,77,144,0.3333333333333333,0.6666666666666666,0,0,0,3,17,normal,false,4,11,1095,2075,0,0,0,false,false,true,0,0,3170,30,0,
1133,tempted_1_25,4219,38,8,budget,0,91,true,3,450,100,180,0.3684210526315789,0.5263157894736842,0.07894736842105263,0.02631578947368421,0,5,1,normal,false,6,20,1074,2515,450,180,0,true,false,true,0,0,4219,38,0,
1134,tempted_1_25,1725,30,0,budget,0,63,true,2,200,51,103,0.5333333333333333,0.4666666666666667,0,0,0,3,8,normal,false,7,11,550,1175,0,0,0,false,false,false,0,0,1725,30,0,
1135,tempted_1_25,5458,32,2,budget,0,70,true,5,1020,114,172,0.28125,0.71875,0,0,0,4,1,normal,false,5,17,553,4725,180,0,0,false,false,true,0,0,5458,32,0,
1136,tempted_1_25,6675,43,13,budget,1,100,true,4,1170,124,192,0.37209302325581395,0.46511627906976744,0.046511627906976744,0,0.11627906976744186,7,4,normal,false,3,28,835,3090,300,270,2180,false,false,true,2350,5,4325,38,0,
1137,tempted_1_25,2820,32,2,budget,0,80,true,4,500,73,113,0.34375,0.625,0.03125,0,0,5,4,normal,false,5,9,470,2170,180,0,0,false,false,true,0,0,2820,32,0,
1138,tempted_1_25,2759,32,2,budget,0,83,true,3,355,79,103,0.125,0.84375,0.03125,0,0,4,4,normal,false,4,13,219,2300,240,0,0,false,false,true,0,0,2759,32,0,
1139,tempted_1_25,3160,32,2,budget,0,72,true,4,490,72,135,0.375,0.59375,0.03125,0,0,5,5,normal,false,6,12,640,2370,150,0,0,false,false,false,0,0,3160,32,0,
1140,tempted_1_25,856,4,0,lock,0,50,true,5,765,3,25,0.75,0.25,0,0,0,0,-1,crash,false,3,1,46,810,0,0,0,false,false,false,0,0,856,4,0,
1141,tempted_1_25,4672,30,0,budget,0,55,true,4,880,85,146,0.3,0.7,0,0,0,1,26,crash,false,7,10,352,4320,0,0,0,false,false,false,0,0,4672,30,0,
1142,tempted_1_25,6310,50,20,budget,0,98,true,3,510,136,188,0.14,0.66,0.14,0.06,0,13,1,normal,false,8,21,470,2700,1970,1170,0,true,true,false,0,0,6310,50,0,
1143,tempted_1_25,5505,30,0,budget,0,57,true,5,765,105,177,0.1,0.9,0,0,0,2,12,crash,false,5,14,195,5310,0,0,0,false,false,false,0,0,5505,30,0,
1144,tempted_1_25,15670,47,28,lock,2,100,false,6,3360,156,192,0,0.48936170212765956,0.23404255319148937,0.06382978723404255,0.2127659574468085,10,2,normal,false,5,21,0,2835,4050,705,8080,false,true,false,5210,10,10460,37,1,3
1145,tempted_1_25,13936,62,32,budget,2,100,true,6,1840,186,259,0.0967741935483871,0.5967741935483871,0.12903225806451613,0.016129032258064516,0.16129032258064516,11,2,crash,false,4,30,176,5655,2640,525,4940,false,false,false,3780,10,10156,52,2,2|3
1146,tempted_1_25,4601,40,10,budget,0,83,true,3,465,98,159,0.275,0.6,0.125,0,0,5,1,crash,false,12,12,461,3060,1080,0,0,false,false,false,0,0,4601,40,0,
1147,tempted_1_25,3629,36,6,budget,0,98,true,4,845,76,119,0.3888888888888889,0.5,0.08333333333333333,0.027777777777777776,0,6,5,crash,false,7,13,414,1845,470,900,0,true,true,true,0,0,3629,36,0,
1148,tempted_1_25,10054,64,34,budget,0,97,true,5,1960,167,260,0.140625,0.5625,0.234375,0.0625,0,17,8,normal,false,9,28,394,3870,4980,810,0,true,true,false,0,0,10054,64,0,
1149,tempted_1_25,4164,30,0,budget,0,53,true,5,1305,92,143,0.23333333333333334,0.7666666666666667,0,0,0,2,7,normal,false,5,15,344,3820,0,0,0,false,false,true,0,0,4164,30,0,
1150,tempted_1_25,6090,32,2,budget,0,81,true,8,1935,102,162,0.375,0.59375,0.03125,0,0,5,11,normal,false,4,16,965,5005,120,0,0,false,false,false,0,0,6090,32,0,
1151,tempted_1_25,2752,30,0,budget,0,57,true,3,300,78,134,0.3,0.7,0,0,0,1,17,crash,false,7,10,527,2225,0,0,0,false,false,false,0,0,2752,30,0,
1152,tempted_1_25,3776,30,0,budget,0,60,true,6,1030,83,119,0.16666666666666666,0.8333333333333334,0,0,0,4,5,normal,false,4,12,336,3440,0,0,0,false,false,false,0,0,3776,30,0,
1153,tempted_1_25,10940,53,23,budget,1,100,true,5,1020,184,252,0.24528301886792453,0.5094339622641509,0.11320754716981132,0.03773584905660377,0.09433962264150944,11,6,normal,false,3,32,880,4175,2180,525,3180,false,false,false,2880,5,8060,48,1,6
1154,tempted_1_25,29115,80,52,lock,4,100,true,5,2480,307,399,0.0625,0.4875,0.1875,0.0125,0.25,17,5,keto,false,4,49,305,5665,5820,1845,15480,false,false,true,14665,20,14450,60,3,5|2|3
1155,tempted_1_25,4643,32,2,budget,0,78,true,3,930,103,160,0.125,0.875,0,0,0,2,1,crash,false,4,12,318,3605,720,0,0,false,false,false,0,0,4643,32,0,
1156,tempted_1_25,555,8,0,lock,0,55,true,2,135,12,25,0.125,0.875,0,0,0,1,8,normal,false,4,3,15,540,0,0,0,false,false,true,0,0,555,8,0,
1157,tempted_1_25,4786,44,14,budget,0,96,true,3,630,105,148,0.1590909090909091,0.6590909090909091,0.11363636363636363,0.06818181818181818,0,9,8,crash,false,5,22,216,2495,1430,645,0,true,true,false,0,0,4786,44,0,
1158,tempted_1_25,2488,30,0,budget,0,65,true,3,255,60,103,0.13333333333333333,0.8666666666666667,0,0,0,3,11,normal,false,6,12,243,2245,0,0,0,false,false,false,0,0,2488,30,0,
1159,tempted_1_25,1833,30,0,budget,0,66,true,3,158,60,89,0.16666666666666666,0.8333333333333334,0,0,0,4,10,normal,false,9,9,393,1440,0,0,0,false,false,false,0,0,1833,30,0,
1160,tempted_1_25,3487,30,0,budget,0,60,true,4,555,88,131,0.1,0.9,0,0,0,1,6,normal,false,7,11,297,3190,0,0,0,false,false,false,0,0,3487,30,0,
1161,tempted_1_25,7546,50,20,budget,0,85,true,4,725,145,208,0.12,0.78,0.1,0,0,10,1,crash,false,6,21,201,5320,1350,675,0,false,false,false,0,0,7546,50,0,
1162,tempted_1_25,7390,32,11,lock,1,100,true,4,1860,93,126,0.03125,0.75,0.0625,0,0.15625,4,12,normal,false,4,17,90,2310,1590,0,3400,false,false,true,3860,5,3530,27,0,
1163,tempted_1_25,5053,30,0,budget,0,62,true,6,1555,95,156,0.4,0.6,0,0,0,4,15,normal,false,5,10,533,4520,0,0,0,false,false,true,0,0,5053,30,0,
1164,tempted_1_25,8337,55,25,budget,1,100,true,3,880,146,201,0.2,0.6181818181818182,0.09090909090909091,0,0.09090909090909091,10,4,normal,false,17,20,327,3070,2250,450,2240,false,false,true,2530,5,5807,50,0,
1165,tempted_1_25,4881,36,6,budget,0,84,true,6,870,103,148,0.08333333333333333,0.8611111111111112,0.05555555555555555,0,0,4,1,normal,false,5,17,311,4240,330,0,0,false,false,true,0,0,4881,36,0,
1166,tempted_1_25,6966,32,2,budget,0,73,true,7,1403,122,169,0.09375,0.875,0.03125,0,0,2,14,normal,false,7,11,226,6650,90,0,0,false,false,false,0,0,6966,32,0,
1167,tempted_1_25,3418,36,6,budget,0,82,true,3,410,88,150,0.3888888888888889,0.5277777777777778,0.08333333333333333,0,0,7,2,crash,false,4,19,773,1895,750,0,0,false,false,false,0,0,3418,36,0,
1168,tempted_1_25,3764,30,0,budget,0,50,true,4,545,91,145,0.2,0.8,0,0,0,2,15,normal,false,4,13,324,3440,0,0,0,false,false,false,0,0,3764,30,0,
1169,tempted_1_25,7252,34,4,budget,0,84,true,7,1730,119,208,0.3235294117647059,0.6470588235294118,0.029411764705882353,0,0,6,1,crash,false,4,17,717,6175,360,0,0,false,false,true,0,0,7252,34,0,
1170,tempted_1_25,2760,30,0,budget,0,57,true,4,495,79,119,0.43333333333333335,0.5666666666666667,0,0,0,6,7,normal,false,4,13,835,1925,0,0,0,false,false,true,0,0,2760,30,0,
1171,tempted_1_25,2719,30,0,budget,0,69,true,3,280,74,142,0.5333333333333333,0.4666666666666667,0,0,0,4,7,crash,false,4,13,844,1875,0,0,0,false,false,false,0,0,2719,30,0,
1172,tempted_1_25,3596,30,0,budget,0,64,true,4,500,82,139,0.26666666666666666,0.7333333333333333,0,0,0,4,14,crash,false,3,15,371,3225,0,0,0,false,false,false,0,0,3596,30,0,
1173,tempted_1_25,6220,44,14,budget,0,92,false,5,750,128,174,0,0.9545454545454546,0.022727272727272728,0.022727272727272728,0,6,9,normal,false,6,19,0,5005,900,315,0,true,false,false,0,0,6220,44,0,
1174,tempted_1_25,2784,30,0,budget,0,69,true,4,450,69,119,0.36666666666666664,0.6333333333333333,0,0,0,3,14,normal,false,4,12,529,2255,0,0,0,false,false,false,0,0,2784,30,0,
1175,tempted_1_25,3136,30,0,budget,0,50,true,6,1030,71,143,0.6333333333333333,0.36666666666666664,0,0,0,5,13,normal,false,7,10,1011,2125,0,0,0,false,false,true,0,0,3136,30,0,
1176,tempted_1_25,856,13,0,lock,0,50,true,3,300,16,44,0.38461538461538464,0.6153846153846154,0,0,0,1,7,crash,false,5,4,196,660,0,0,0,false,false,true,0,0,856,13,0,
1177,tempted_1_25,9648,45,15,budget,1,100,true,4,2200,150,192,0.022222222222222223,0.7777777777777778,0.06666666666666667,0.022222222222222223,0.1111111111111111,5,3,normal,false,6,17,123,4225,1140,120,4040,false,false,false,2920,5,6728,40,1,4
1178,tempted_1_25,2803,30,0,budget,0,50,true,3,270,81,134,0.3,0.7,0,0,0,2,19,normal,false,4,10,753,2050,0,0,0,false,false,false,0,0,2803,30,0,
1179,tempted_1_25,13123,49,19,budget,1,100,true,4,3180,173,247,0.20408163265306123,0.5510204081632653,0.14285714285714285,0,0.10204081632653061,9,5,crash,false,4,22,613,3290,2020,2160,5040,false,true,true,4540,5,8583,44,1,3
1180,tempted_1_25,3571,30,0,budget,0,50,true,5,700,79,156,0.4,0.6,0,0,0,3,6,crash,false,5,11,921,2650,0,0,0,false,false,false,0,0,3571,30,0,
1181,tempted_1_25,2794,30,0,budget,0,50,true,4,335,80,124,0.16666666666666666,0.8333333333333334,0,0,0,4,9,normal,false,3,13,474,2320,0,0,0,false,false,false,0,0,2794,30,0,
1182,tempted_1_25,8318,43,13,budget,1,100,true,5,1560,131,169,0.32558139534883723,0.46511627906976744,0.046511627906976744,0.046511627906976744,0.11627906976744186,6,5,normal,false,6,22,673,2275,300,1290,3780,false,true,true,3540,5,4778,38,1,4
1183,tempted_1_25,17650,76,46,budget,4,100,true,3,1430,225,297,0.02631578947368421,0.4473684210526316,0.17105263157894737,0.09210526315789473,0.2631578947368421,15,2,normal,false,6,40,125,3945,1710,2910,8960,false,true,false,8920,20,8730,56,4,6|2|2|4
1184,tempted_1_25,3819,38,8,budget,0,89,true,4,495,83,145,0.23684210526315788,0.6578947368421053,0.07894736842105263,0.02631578947368421,0,5,3,crash,false,8,14,514,2540,630,135,0,false,false,false,0,0,3819,38,0,
1185,tempted_1_25,7062,38,8,budget,0,92,true,6,2855,108,163,0.21052631578947367,0.7368421052631579,0.02631578947368421,0.02631578947368421,0,8,1,normal,false,4,20,467,2810,3650,135,0,true,false,true,0,0,7062,38,0,
1186,tempted_1_25,3675,32,2,budget,0,70,true,3,490,97,133,0.0625,0.9375,0,0,0,3,2,normal,false,5,15,120,3555,0,0,0,false,false,false,0,0,3675,32,0,
1187,tempted_1_25,4426,34,4,budget,0,96,true,5,630,106,170,0.35294117647058826,0.5882352941176471,0.029411764705882353,0.029411764705882353,0,5,9,normal,false,5,16,1056,2860,330,180,0,true,true,true,0,0,4426,34,0,
1188,tempted_1_25,653,10,0,lock,0,50,true,2,135,17,38,0.4,0.6,0,0,0,1,4,crash,false,4,3,138,515,0,0,0,false,false,false,0,0,653,10,0,
1189,tempted_1_25,3357,32,2,budget,0,76,true,5,920,78,143,0.5625,0.40625,0.03125,0,0,3,2,normal,false,6,11,882,2385,90,0,0,false,false,false,0,0,3357,32,0,
1190,tempted_1_25,8626,42,12,budget,0,96,true,5,835,143,229,0.07142857142857142,0.8571428571428571,0.07142857142857142,0,0,7,1,normal,false,7,21,231,6100,1620,675,0,true,true,true,0,0,8626,42,0,
1191,tempted_1_25,3273,30,0,budget,0,69,true,3,255,92,138,0.2,0.8,0,0,0,3,8,normal,false,6,11,533,2740,0,0,0,false,false,false,0,0,3273,30,0,
1192,tempted_1_25,2628,30,0,budget,0,55,true,3,295,66,127,0.36666666666666664,0.6333333333333333,0,0,0,3,6,crash,false,6,10,638,1990,0,0,0,false,false,false,0,0,2628,30,0,
1193,tempted_1_25,11305,48,18,budget,2,100,true,6,1360,146,204,0.0625,0.625,0.08333333333333333,0.020833333333333332,0.20833333333333334,6,1,normal,false,6,17,555,3645,960,1305,4840,false,true,false,5890,10,5415,38,1,4
1194,tempted_1_25,3234,30,0,budget,0,52,true,4,390,79,144,0.3333333333333333,0.6666666666666666,0,0,0,4,11,normal,false,5,11,704,2530,0,0,0,false,false,true,0,0,3234,30,0,
1195,tempted_1_25,4780,32,2,budget,0,71,true,5,600,103,154,0.0625,0.9375,0,0,0,3,3,normal,false,2,18,190,4590,0,0,0,false,false,false,0,0,4780,32,0,
1196,tempted_1_25,7371,38,8,budget,0,80,true,6,990,133,193,0.07894736842105263,0.8947368421052632,0.02631578947368421,0,0,5,7,crash,false,3,19,151,6110,1110,0,0,false,false,true,0,0,7371,38,0,
1197,tempted_1_25,4899,30,0,budget,0,64,true,5,510,107,146,0.1,0.9,0,0,0,1,19,normal,false,6,12,669,4230,0,0,0,false,false,false,0,0,4899,30,0,
1198,tempted_1_25,6455,40,10,budget,0,88,true,5,810,134,169,0,0.875,0.1,0.025,0,4,5,normal,false,4,17,90,5030,1200,135,0,false,false,true,0,0,6455,40,0,
1199,tempted_1_25,4720,30,0,budget,0,69,true,4,750,108,150,0.03333333333333333,0.9666666666666667,0,0,0,0,-1,crash,false,7,15,0,4720,0,0,0,false,false,false,0,0,4720,30,0,
1200,tempted_1_25,2454,32,2,budget,0,80,true,3,230,74,113,0.28125,0.6875,0.03125,0,0,4,4,normal,false,3,13,339,2025,90,0,0,false,false,true,0,0,2454,32,0,
1201,tempted_1_25,3342,32,2,budget,0,71,true,4,770,84,127,0.25,0.75,0,0,0,5,8,normal,false,6,12,407,2305,630,0,0,false,false,false,0,0,3342,32,0,
1202,tempted_1_25,3748,30,0,budget,0,60,true,4,665,83,139,0.26666666666666666,0.7333333333333333,0,0,0,1,8,crash,false,10,11,373,3375,0,0,0,false,false,false,0,0,3748,30,0,
1203,tempted_1_25,15596,43,13,budget,1,100,true,8,3810,164,210,0.09302325581395349,0.7209302325581395,0.06976744186046512,0,0.11627906976744186,5,3,normal,false,8,20,151,6075,940,2250,6180,false,false,true,8130,5,7466,38,0,
1204,tempted_1_25,3568,32,2,budget,0,83,true,4,480,81,128,0.40625,0.5625,0.03125,0,0,4,2,normal,false,5,13,548,2510,510,0,0,false,false,true,0,0,3568,32,0,
1205,tempted_1_25,3477,34,4,budget,0,80,true,4,375,77,133,0.2647058823529412,0.7058823529411765,0.029411764705882353,0,0,5,3,normal,false,7,13,387,3000,90,0,0,false,false,true,0,0,3477,34,0,
1206,tempted_1_25,5102,30,0,budget,0,63,true,4,860,106,165,0.16666666666666666,0.8333333333333334,0,0,0,2,25,normal,false,5,13,352,4750,0,0,0,false,false,true,0,0,5102,30,0,
1207,tempted_1_25,3175,30,0,budget,0,69,true,3,320,71,124,0.26666666666666666,0.7333333333333333,0,0,0,4,7,crash,false,5,12,450,2725,0,0,0,false,false,true,0,0,3175,30,0,
1208,tempted_1_25,5889,32,2,budget,0,72,true,5,775,108,175,0.21875,0.78125,0,0,0,4,2,normal,false,4,13,544,4895,450,0,0,false,false,true,0,0,5889,32,0,
1209,tempted_1_25,10920,57,27,budget,1,100,true,4,1320,182,246,0,0.6666666666666666,0.19298245614035087,0.05263157894736842,0.08771929824561403,10,1,normal,false,4,30,30,5055,2380,1155,2300,false,true,false,2100,5,8820,52,1,2
1210,tempted_1_25,2051,30,0,budget,0,55,true,4,395,58,84,0.23333333333333334,0.7666666666666667,0,0,0,5,15,normal,false,5,10,211,1840,0,0,0,false,false,true,0,0,2051,30,0,
1211,tempted_1_25,4586,32,2,budget,0,75,true,4,515,107,160,0.0625,0.90625,0.03125,0,0,2,11,normal,false,6,17,261,4145,180,0,0,false,false,true,0,0,4586,32,0,
1212,tempted_1_25,7690,46,16,budget,0,87,true,7,1470,146,194,0,0.8913043478260869,0.10869565217391304,0,0,7,13,normal,false,6,20,30,6160,1500,0,0,false,false,false,0,0,7690,46,0,
1213,tempted_1_25,7305,42,18,lock,0,94,false,5,975,134,167,0,0.7380952380952381,0.2619047619047619,0,0,9,9,normal,false,6,18,0,4025,3010,270,0,true,false,true,0,0,7305,42,0,
1214,tempted_1_25,10545,43,13,budget,1,100,true,5,1455,136,201,0,0.7441860465116279,0.09302325581395349,0.046511627906976744,0.11627906976744186,4,17,normal,false,6,21,50,5090,610,2355,2440,false,true,true,1870,5,8675,38,1,3
1215,tempted_1_25,6343,33,10,lock,0,97,true,4,1440,93,138,0.09090909090909091,0.7575757575757576,0.09090909090909091,0.06060606060606061,0,4,4,normal,false,6,16,203,2585,1620,1935,0,true,true,false,0,0,6343,33,0,
1216,tempted_1_25,2726,30,0,budget,0,58,true,3,345,68,115,0.26666666666666666,0.7333333333333333,0,0,0,5,5,normal,false,4,12,276,2450,0,0,0,false,false,true,0,0,2726,30,0,
1217,tempted_1_25,13450,61,31,budget,1,100,true,5,1100,238,267,0,0.5573770491803278,0.3114754098360656,0.04918032786885246,0.08196721311475409,12,2,normal,false,4,34,30,5360,4580,1800,1680,false,true,true,2540,5,10910,56,1,5
1218,tempted_1_25,3099,30,0,budget,0,61,true,4,765,84,125,0.3,0.7,0,0,0,4,11,normal,false,7,13,474,2625,0,0,0,false,false,true,0,0,3099,30,0,
1219,tempted_1_25,6555,47,17,budget,1,100,false,3,680,116,161,0,0.6595744680851063,0.23404255319148937,0,0.10638297872340426,5,3,normal,false,12,20,0,2715,2460,360,1020,false,false,true,1440,5,5115,42,1,6
1220,tempted_1_25,3646,30,0,budget,0,64,true,4,463,84,120,0.1,0.9,0,0,0,2,26,normal,false,3,14,306,3340,0,0,0,false,false,true,0,0,3646,30,0,
1221,tempted_1_25,375,5,0,lock,0,50,true,2,105,3,21,0.2,0.8,0,0,0,0,-1,crash,false,5,0,45,330,0,0,0,false,false,false,0,0,375,5,0,
1222,tempted_1_25,24457,69,39,budget,3,100,true,6,3880,256,307,0.08695652173913043,0.4782608695652174,0.14492753623188406,0.07246376811594203,0.21739130434782608,12,1,normal,false,5,34,207,4005,5080,945,14220,false,true,true,14610,15,9847,54,2,4|2
1223,tempted_1_25,7334,46,16,budget,0,93,true,5,860,146,218,0.17391304347826086,0.6739130434782609,0.15217391304347827,0,0,12,1,normal,false,5,20,374,4610,2080,270,0,true,false,true,0,0,7334,46,0,
1224,tempted_1_25,6343,47,17,budget,1,100,true,4,425,133,191,0.1702127659574468,0.5957446808510638,0.0851063829787234,0.0425531914893617,0.10638297872340426,10,1,normal,false,5,21,658,3520,840,225,1100,false,false,true,870,5,5473,42,1,3
1225,tempted_1_25,3481,30,0,budget,0,53,true,5,1070,76,150,0.5333333333333333,0.4666666666666667,0,0,0,3,14,crash,false,5,13,1086,2395,0,0,0,false,false,false,0,0,3481,30,0,
1226,tempted_1_25,6035,42,12,budget,0,97,true,4,940,121,158,0.023809523809523808,0.7857142857142857,0.16666666666666666,0.023809523809523808,0,5,6,normal,false,8,17,15,3555,2060,405,0,true,true,true,0,0,6035,42,0,
1227,tempted_1_25,3888,32,2,budget,0,74,true,3,440,101,143,0.0625,0.9375,0,0,0,2,1,normal,false,4,15,93,3615,180,0,0,false,false,false,0,0,3888,32,0,
1228,tempted_1_25,11066,37,7,budget,1,100,true,5,3420,150,185,0.08108108108108109,0.7297297297297297,0.05405405405405406,0,0.13513513513513514,4,16,normal,false,4,19,226,4070,1050,0,5720,false,false,false,5600,5,5466,32,1,2
1229,tempted_1_25,5507,38,8,budget,0,85,true,4,720,127,180,0.15789473684210525,0.7368421052631579,0.10526315789473684,0,0,7,9,normal,false,7,15,537,4150,820,0,0,false,false,true,0,0,5507,38,0,
1230,tempted_1_25,4672,40,10,budget,0,88,true,3,420,104,166,0.275,0.625,0.1,0,0,7,3,normal,false,9,18,562,2910,930,270,0,false,false,true,0,0,4672,40,0,
1231,tempted_1_25,3126,30,0,budget,0,59,true,3,315,84,135,0.26666666666666666,0.7333333333333333,0,0,0,4,3,normal,false,3,17,456,2670,0,0,0,false,false,false,0,0,3126,30,0,
1232,tempted_1_25,4056,34,4,budget,0,83,true,4,600,82,143,0.35294117647058826,0.5882352941176471,0.058823529411764705,0,0,3,5,crash,false,11,9,436,2690,930,0,0,false,false,false,0,0,4056,34,0,
1233,tempted_1_25,11393,51,21,budget,1,100,true,6,2200,151,205,0.0784313725490196,0.6078431372549019,0.17647058823529413,0.0392156862745098,0.09803921568627451,11,4,normal,false,4,25,173,4280,1340,780,4820,false,true,false,4160,5,7233,46,1,3
1234,tempted_1_25,3706,30,0,budget,0,64,true,5,720,85,133,0.2,0.8,0,0,0,3,9,crash,false,8,10,366,3340,0,0,0,false,false,false,0,0,3706,30,0,
1235,tempted_1_25,11945,42,12,budget,0,92,true,8,3320,157,222,0.023809523809523808,0.8095238095238095,0.16666666666666666,0,0,5,11,crash,false,6,19,60,5385,5420,1080,0,true,false,false,0,0,11945,42,0,
1236,tempted_1_25,7574,51,21,budget,1,100,true,5,900,141,177,0.1568627450980392,0.47058823529411764,0.19607843137254902,0.0784313725490196,0.09803921568627451,11,5,normal,false,4,25,369,2365,1630,1110,2100,false,true,false,2195,5,5379,46,1,4
1237,tempted_1_25,2875,30,0,budget,0,58,true,4,465,72,120,0.26666666666666666,0.7333333333333333,0,0,0,2,16,crash,false,7,9,515,2360,0,0,0,false,false,true,0,0,2875,30,0,
1238,tempted_1_25,9313,49,19,budget,1,100,true,4,1070,151,200,0.061224489795918366,0.7551020408163265,0.08163265306122448,0,0.10204081632653061,8,8,normal,false,5,26,223,4040,2000,990,2060,false,false,true,2210,5,7103,44,1,3
1239,tempted_1_25,22733,80,50,budget,4,100,true,5,2120,249,307,0.025,0.525,0.125,0.075,0.25,15,5,normal,false,4,44,133,3640,4550,2430,11980,false,true,false,12490,20,10243,60,2,5|5
1240,tempted_1_25,8535,49,19,budget,1,100,true,4,750,151,194,0.02040816326530612,0.8163265306122449,0.061224489795918366,0,0.10204081632653061,7,1,crash,false,4,23,60,5160,1450,405,1460,false,false,false,1440,5,7095,44,1,2
1241,tempted_1_25,4021,38,8,budget,0,80,true,4,315,93,165,0.2894736842105263,0.6842105263157895,0.02631578947368421,0,0,5,11,crash,false,7,14,761,2750,510,0,0,false,false,false,0,0,4021,38,0,
1242,tempted_1_25,5111,36,6,budget,0,74,true,5,690,112,163,0.16666666666666666,0.75,0.08333333333333333,0,0,6,6,normal,false,3,18,361,4420,330,0,0,false,false,false,0,0,5111,36,0,
1243,tempted_1_25,4105,32,2,budget,0,75,true,5,710,95,154,0.375,0.5625,0.0625,0,0,6,6,normal,false,5,17,660,3065,380,0,0,false,false,true,0,0,4105,32,0,
1244,tempted_1_25,3385,30,0,budget,0,57,true,5,1005,84,133,0.13333333333333333,0.8666666666666667,0,0,0,3,7,normal,false,5,14,305,3080,0,0,0,false,false,true,0,0,3385,30,0,
1245,tempted_1_25,4855,38,8,budget,0,82,false,4,430,114,151,0,0.8947368421052632,0.10526315789473684,0,0,3,9,normal,false,3,16,0,4225,630,0,0,false,false,true,0,0,4855,38,0,
1246,tempted_1_25,3462,34,4,budget,0,73,true,3,635,82,134,0.20588235294117646,0.7647058823529411,0.029411764705882353,0,0,4,15,normal,false,7,11,212,3070,180,0,0,false,false,false,0,0,3462,34,0,
1247,tempted_1_25,27739,94,64,budget,4,100,true,6,3380,326,401,0.0425531914893617,0.5319148936170213,0.19148936170212766,0.02127659574468085,0.2127659574468085,19,1,normal,false,5,46,169,6280,6200,1170,13920,false,true,true,14020,20,13719,74,3,2|3|2
1248,tempted_1_25,3930,30,0,budget,0,68,true,4,595,94,130,0.1,0.9,0,0,0,3,9,normal,false,4,13,90,3840,0,0,0,false,false,true,0,0,3930,30,0,
1249,tempted_1_25,1935,15,2,lock,0,70,true,3,560,45,69,0.06666666666666667,0.9333333333333333,0,0,0,1,1,crash,false,4,8,0,1935,0,0,0,false,false,false,0,0,1935,15,0,
1250,tempted_1_25,8705,45,15,budget,1,100,true,5,1340,127,178,0.1111111111111111,0.7333333333333333,0.044444444444444446,0,0.1111111111111111,7,2,crash,false,6,24,145,3630,1530,360,3040,false,false,false,2370,5,6335,40,0,
1251,tempted_1_25,6126,42,12,budget,0,97,true,4,700,112,188,0.09523809523809523,0.7619047619047619,0.14285714285714285,0,0,6,14,crash,false,6,18,121,4465,1000,540,0,true,true,false,0,0,6126,42,0,
1252,tempted_1_25,3480,30,0,budget,0,65,true,3,515,87,135,0.13333333333333333,0.8666666666666667,0,0,0,2,4,normal,false,6,14,325,3155,0,0,0,false,false,false,0,0,3480,30,0,
1253,tempted_1_25,3255,30,0,budget,0,68,true,4,510,79,117,0.06666666666666667,0.9333333333333333,0,0,0,1,30,normal,false,6,12,105,3150,0,0,0,false,false,true,0,0,3255,30,0,
1254,tempted_1_25,3453,32,2,budget,0,71,true,4,540,73,134,0.40625,0.59375,0,0,0,3,7,crash,false,5,13,363,3090,0,0,0,false,false,false,0,0,3453,32,0,
1255,tempted_1_25,2733,20,4,lock,0,74,true,4,770,53,93,0.25,0.75,0,0,0,4,1,crash,false,4,8,193,2120,420,0,0,false,false,false,0,0,2733,20,0,
1256,tempted_1_25,6283,32,2,budget,0,75,true,6,1415,126,190,0.1875,0.8125,0,0,0,3,10,normal,false,6,15,468,5575,240,0,0,false,false,true,0,0,6283,32,0,
1257,tempted_1_25,5552,40,10,budget,0,85,true,4,1110,98,165,0.325,0.575,0.1,0,0,6,10,normal,false,7,17,532,2150,2870,0,0,false,false,false,0,0,5552,40,0,
1258,tempted_1_25,3695,30,0,budget,0,62,true,4,540,91,146,0.36666666666666664,0.6333333333333333,0,0,0,4,8,normal,false,6,13,560,3135,0,0,0,false,false,true,0,0,3695,30,0,
1259,tempted_1_25,27730,75,45,budget,3,100,true,6,6800,249,349,0.02666666666666667,0.5333333333333333,0.17333333333333334,0.06666666666666667,0.2,15,1,normal,false,7,34,225,3700,2860,2085,18860,false,true,false,10690,15,17040,60,3,2|4|2
1260,tempted_1_25,7721,38,8,budget,0,82,true,6,2810,128,172,0.07894736842105263,0.8421052631578947,0.07894736842105263,0,0,5,10,normal,false,5,17,126,4545,3050,0,0,false,false,true,0,0,7721,38,0,
1261,tempted_1_25,3665,34,4,budget,0,74,true,4,790,94,135,0.23529411764705882,0.7058823529411765,0.058823529411764705,0,0,4,9,normal,false,6,14,275,3180,210,0,0,false,false,true,0,0,3665,34,0,
1262,tempted_1_25,2696,30,0,budget,0,51,true,4,435,67,141,0.5333333333333333,0.4666666666666667,0,0,0,3,7,normal,false,5,10,1131,1565,0,0,0,false,false,false,0,0,2696,30,0,
1263,tempted_1_25,23784,59,29,budget,3,100,true,6,6350,204,264,0.13559322033898305,0.4745762711864407,0.11864406779661017,0.01694915254237288,0.2542372881355932,12,2,normal,false,8,27,244,3600,1780,5640,12520,false,false,false,13590,15,10194,44,3,2|2|6
1264,tempted_1_25,6031,32,2,budget,0,82,true,8,3735,82,111,0.09375,0.875,0.03125,0,0,2,2,normal,false,6,10,166,2715,3150,0,0,false,false,true,0,0,6031,32,0,
1265,tempted_1_25,6687,36,6,budget,0,83,true,4,1110,117,195,0.3055555555555556,0.6944444444444444,0,0,0,6,5,crash,false,6,15,737,3580,2370,0,0,false,false,true,0,0,6687,36,0,
1266,tempted_1_25,3171,34,4,budget,0,81,true,4,595,72,129,0.2647058823529412,0.7058823529411765,0.029411764705882353,0,0,4,3,crash,false,4,15,241,2630,300,0,0,false,false,false,0,0,3171,34,0,
1267,tempted_1_25,3088,34,4,budget,0,74,true,4,480,79,128,0.4411764705882353,0.5588235294117647,0,0,0,7,1,normal,false,5,16,548,2360,180,0,0,false,false,true,0,0,3088,34,0,
1268,tempted_1_25,5144,32,2,budget,0,73,true,8,1900,92,153,0.375,0.59375,0.03125,0,0,5,3,normal,false,7,11,409,4555,180,0,0,false,false,true,0,0,5144,32,0,
1269,tempted_1_25,4342,34,4,budget,0,94,true,5,1000,97,129,0.3235294117647059,0.6176470588235294,0.058823529411764705,0,0,5,15,normal,false,4,14,372,2830,600,540,0,true,false,false,0,0,4342,34,0,
1270,tempted_1_25,4556,41,11,budget,1,100,true,4,1030,103,124,0.17073170731707318,0.6585365853658537,0.04878048780487805,0,0.12195121951219512,6,9,normal,false,6,17,431,2025,660,360,1080,false,false,true,1870,5,2686,36,1,2
1271,tempted_1_25,3240,30,0,budget,0,66,true,4,580,79,137,0.3333333333333333,0.6666666666666666,0,0,0,3,14,crash,false,6,12,505,2735,0,0,0,false,false,false,0,0,3240,30,0,
1272,tempted_1_25,3810,30,0,budget,0,61,false,5,735,92,115,0,1,0,0,0,0,-1,normal,false,3,15,0,3810,0,0,0,false,false,true,0,0,3810,30,0,
1273,tempted_1_25,3068,34,4,budget,0,76,true,4,375,78,136,0.3235294117647059,0.6470588235294118,0.029411764705882353,0,0,4,1,normal,false,6,13,548,2250,270,0,0,false,false,true,0,0,3068,34,0,
1274,tempted_1_25,5358,38,8,budget,0,85,true,4,645,114,168,0.15789473684210525,0.7368421052631579,0.10526315789473684,0,0,8,4,normal,false,8,15,283,3290,1380,405,0,false,false,true,0,0,5358,38,0,
1275,tempted_1_25,4873,30,0,budget,0,56,true,5,730,89,181,0.4,0.6,0,0,0,5,8,normal,false,3,17,1108,3765,0,0,0,false,false,false,0,0,4873,30,0,
1276,tempted_1_25,3855,30,0,budget,0,66,true,5,855,85,131,0.1,0.9,0,0,0,3,15,normal,false,6,10,105,3750,0,0,0,false,false,true,0,0,3855,30,0,
1277,tempted_1_25,14908,47,17,budget,1,100,true,8,6400,167,232,0.0851063829787234,0.6595744680851063,0.1276595744680851,0.02127659574468085,0.10638297872340426,8,2,normal,false,4,22,253,3530,4290,4695,2140,false,false,false,2035,5,12873,42,1,3
1278,tempted_1_25,5300,34,4,budget,0,75,false,6,1070,106,151,0,1,0,0,0,2,15,normal,false,7,14,0,4490,810,0,0,false,false,true,0,0,5300,34,0,
1279,tempted_1_25,3207,30,0,budget,0,57,true,4,510,75,132,0.3333333333333333,0.6666666666666666,0,0,0,1,20,crash,false,7,9,802,2405,0,0,0,false,false,false,0,0,3207,30,0,
1280,tempted_1_25,4822,30,0,budget,0,68,true,5,1145,89,142,0.26666666666666666,0.7333333333333333,0,0,0,3,16,crash,false,3,13,187,4635,0,0,0,false,false,false,0,0,4822,30,0,
1281,tempted_1_25,2971,30,0,budget,0,68,true,5,565,78,141,0.43333333333333335,0.5666666666666667,0,0,0,1,18,crash,false,6,9,1296,1675,0,0,0,false,false,false,0,0,2971,30,0,
1282,tempted_1_25,2329,30,0,budget,0,66,true,3,300,65,100,0.26666666666666666,0.7333333333333333,0,0,0,4,9,normal,false,4,11,274,2055,0,0,0,false,false,true,0,0,2329,30,0,
1283,tempted_1_25,2010,30,0,budget,0,58,true,3,285,61,85,0.06666666666666667,0.9333333333333333,0,0,0,2,18,normal,false,4,11,85,1925,0,0,0,false,false,true,0,0,2010,30,0,
1284,tempted_1_25,3605,11,9,lock,1,100,false,5,1730,31,52,0,0.45454545454545453,0.09090909090909091,0,0.45454545454545453,1,2,normal,false,3,4,0,375,1400,450,1380,false,false,true,2870,5,735,6,0,
1285,tempted_1_25,2320,30,0,budget,0,50,true,4,390,65,105,0.36666666666666664,0.6333333333333333,0,0,0,6,3,normal,false,4,12,470,1850,0,0,0,false,false,false,0,0,2320,30,0,
1286,tempted_1_25,3273,32,2,budget,0,71,true,4,405,76,102,0.0625,0.9375,0,0,0,3,5,normal,false,8,11,93,3000,180,0,0,false,false,true,0,0,3273,32,0,
1287,tempted_1_25,2846,30,0,budget,0,50,true,3,280,73,111,0.1,0.9,0,0,0,2,13,normal,false,4,12,211,2635,0,0,0,false,false,false,0,0,2846,30,0,
1288,tempted_1_25,3030,30,0,budget,0,67,true,3,385,78,114,0.06666666666666667,0.9333333333333333,0,0,0,1,26,crash,false,5,11,80,2950,0,0,0,false,false,false,0,0,3030,30,0,
1289,tempted_1_25,3920,30,0,budget,0,64,true,6,935,92,134,0.4,0.6,0,0,0,4,5,normal,false,7,13,565,3355,0,0,0,false,false,true,0,0,3920,30,0,
1290,tempted_1_25,11508,41,11,budget,1,100,true,5,2600,150,217,0.04878048780487805,0.7560975609756098,0.04878048780487805,0.024390243902439025,0.12195121951219512,4,4,crash,false,4,19,188,5100,930,270,5020,false,true,false,5685,5,5823,36,0,
1291,tempted_1_25,16065,56,26,budget,2,100,false,6,4740,181,210,0,0.6428571428571429,0.07142857142857142,0.10714285714285714,0.17857142857142858,6,1,normal,false,6,26,0,3560,1070,1395,10040,false,false,true,8685,10,7380,46,2,3|6
1292,tempted_1_25,7191,38,8,budget,0,94,true,8,1945,124,193,0.3157894736842105,0.5789473684210527,0.07894736842105263,0.02631578947368421,0,7,5,crash,false,5,18,666,5130,1260,135,0,true,false,false,0,0,7191,38,0,
1293,tempted_1_25,3047,30,0,budget,0,69,true,3,390,77,118,0.16666666666666666,0.8333333333333334,0,0,0,1,9,normal,false,9,10,282,2765,0,0,0,false,false,false,0,0,3047,30,0,
1294,tempted_1_25,3826,30,0,budget,0,51,true,4,650,88,148,0.2,0.8,0,0,0,3,22,crash,false,4,12,346,3480,0,0,0,false,false,true,0,0,3826,30,0,
1295,tempted_1_25,8214,45,15,budget,1,100,true,3,1440,136,188,0.17777777777777778,0.6,0.1111111111111111,0,0.1111111111111111,8,7,normal,false,3,21,339,3145,510,900,3320,false,false,false,3200,5,5014,40,1,3
1296,tempted_1_25,14340,55,25,budget,1,100,true,4,2460,194,277,0.01818181818181818,0.7272727272727273,0.12727272727272726,0.03636363636363636,0.09090909090909091,10,2,normal,false,5,28,315,5665,2730,390,5240,false,true,false,5180,5,9160,50,1,2
1297,tempted_1_25,2650,32,2,budget,0,70,true,4,360,76,120,0.34375,0.65625,0,0,0,2,19,normal,false,6,8,540,2110,0,0,0,false,false,false,0,0,2650,32,0,
1298,tempted_1_25,8311,43,13,budget,1,100,true,4,1470,128,162,0.11627906976744186,0.5813953488372093,0.09302325581395349,0.09302325581395349,0.11627906976744186,6,8,normal,false,5,22,181,2815,350,3285,1680,false,true,false,1560,5,6751,38,1,4
1299,tempted_1_25,4223,32,2,budget,0,76,true,4,960,94,133,0.125,0.875,0,0,0,4,5,normal,false,4,17,208,3295,720,0,0,false,false,true,0,0,4223,32,0,
1300,tempted_1_25,4113,32,2,budget,0,70,true,4,575,94,143,0.1875,0.8125,0,0,0,3,5,crash,false,3,15,298,3815,0,0,0,false,false,false,0,0,4113,32,0,
1301,tempted_1_25,8208,43,13,budget,1,100,true,5,1740,109,190,0.27906976744186046,0.4883720930232558,0.09302325581395349,0.023255813953488372,0.11627906976744186,8,5,normal,false,6,22,733,3230,530,1035,2680,false,true,true,3180,5,5028,38,1,2
1302,tempted_1_25,3174,30,0,budget,0,65,true,3,480,83,135,0.23333333333333334,0.7666666666666667,0,0,0,2,18,normal,false,8,10,509,2665,0,0,0,false,false,false,0,0,3174,30,0,
1303,tempted_1_25,2785,30,0,budget,0,59,true,4,470,78,120,0.3333333333333333,0.6666666666666666,0,0,0,2,9,normal,false,8,6,440,2345,0,0,0,false,false,false,0,0,2785,30,0,
1304,tempted_1_25,2585,30,0,budget,0,67,true,4,595,75,103,0.13333333333333333,0.8666666666666667,0,0,0,2,19,normal,false,8,11,125,2460,0,0,0,false,false,false,0,0,2585,30,0,
1305,tempted_1_25,2229,30,0,budget,0,68,true,3,480,61,117,0.5333333333333333,0.4666666666666667,0,0,0,1,25,crash,false,5,11,684,1545,0,0,0,false,false,true,0,0,2229,30,0,
1306,tempted_1_25,34710,113,83,budget,3,100,true,5,3000,340,476,0.017699115044247787,0.45132743362831856,0.26548672566371684,0.13274336283185842,0.13274336283185842,28,6,normal,false,7,61,70,4835,9460,8625,11720,false,true,false,10420,15,24290,98,1,4
1307,tempted_1_25,26325,96,66,budget,4,100,true,7,1980,308,446,0.0625,0.4479166666666667,0.21875,0.0625,0.20833333333333334,23,1,crash,false,8,56,510,6660,5280,3975,9900,false,true,false,10295,20,16030,76,4,5|3|3|5
1308,tempted_1_25,2931,30,0,budget,0,50,true,4,495,63,130,0.5333333333333333,0.4666666666666667,0,0,0,4,8,crash,false,7,15,706,2225,0,0,0,false,false,true,0,0,2931,30,0,
1309,tempted_1_25,5842,30,0,budget,0,66,true,5,1210,118,196,0.2,0.8,0,0,0,3,6,crash,false,5,15,852,4990,0,0,0,false,false,false,0,0,5842,30,0,
1310,tempted_1_25,4249,30,0,budget,0,60,true,6,870,81,138,0.2,0.8,0,0,0,4,14,normal,false,9,9,619,3630,0,0,0,false,false,false,0,0,4249,30,0,
1311,tempted_1_25,8212,42,12,budget,0,93,true,6,1168,137,207,0.09523809523809523,0.8095238095238095,0.09523809523809523,0,0,6,26,normal,false,6,20,322,6590,1030,270,0,true,false,false,0,0,8212,42,0,
1312,tempted_1_25,17395,85,55,budget,3,100,true,4,2640,234,305,0.011764705882352941,0.5647058823529412,0.16470588235294117,0.08235294117647059,0.17647058823529413,18,2,normal,false,11,36,70,4625,2330,4350,6020,false,true,false,8450,15,8945,70,3,2|8|4
1313,tempted_1_25,1604,18,0,lock,0,50,true,3,325,36,92,0.6666666666666666,0.3333333333333333,0,0,0,2,10,normal,false,3,9,639,965,0,0,0,false,false,true,0,0,1604,18,0,
1314,tempted_1_25,5511,38,8,budget,0,85,true,7,1735,103,150,0.15789473684210525,0.7631578947368421,0.07894736842105263,0,0,7,2,normal,false,5,16,266,4675,570,0,0,false,false,false,0,0,5511,38,0,
1315,tempted_1_25,2828,30,0,budget,0,55,true,4,495,67,121,0.3333333333333333,0.6666666666666666,0,0,0,4,9,crash,false,5,13,568,2260,0,0,0,false,false,false,0,0,2828,30,0,
1316,tempted_1_25,4244,30,0,budget,0,50,true,6,900,93,145,0.26666666666666666,0.7333333333333333,0,0,0,2,21,normal,false,3,16,319,3925,0,0,0,false,false,false,0,0,4244,30,0,
1317,tempted_1_25,3689,32,2,budget,0,71,true,4,485,97,140,0.3125,0.6875,0,0,0,5,2,normal,false,4,14,504,2915,270,0,0,false,false,true,0,0,3689,32,0,
1318,tempted_1_25,8963,54,24,budget,0,88,true,6,855,177,242,0.09259259259259259,0.7407407407407407,0.14814814814814814,0.018518518518518517,0,13,2,normal,false,5,29,188,6560,2080,135,0,false,false,true,0,0,8963,54,0,
1319,tempted_1_25,3506,32,2,budget,0,78,true,4,390,90,123,0.15625,0.8125,0.03125,0,0,3,6,normal,false,6,14,296,3090,120,0,0,false,false,false,0,0,3506,32,0,
1320,tempted_1_25,4505,38,8,budget,0,88,true,5,740,99,143,0.05263157894736842,0.7631578947368421,0.18421052631578946,0,0,3,7,crash,false,5,13,65,3270,900,270,0,false,false,false,0,0,4505,38,0,
1321,tempted_1_25,10448,49,19,budget,1,100,true,5,1880,132,191,0.10204081632653061,0.6326530612244898,0.12244897959183673,0.04081632653061224,0.10204081632653061,7,4,crash,false,8,22,143,3080,1690,2355,3180,false,true,false,3500,5,6948,44,1,2
1322,tempted_1_25,4676,38,8,budget,0,80,true,4,710,117,163,0.21052631578947367,0.7631578947368421,0.02631578947368421,0,0,8,4,normal,false,5,16,306,3560,810,0,0,false,false,false,0,0,4676,38,0,
1323,tempted_1_25,2368,30,0,budget,0,58,true,4,410,60,118,0.43333333333333335,0.5666666666666667,0,0,0,5,9,crash,false,4,11,548,1820,0,0,0,false,false,false,0,0,2368,30,0,
1324,tempted_1_25,5388,38,8,budget,0,80,true,4,575,111,164,0.13157894736842105,0.8157894736842105,0.05263157894736842,0,0,6,2,crash,false,4,20,123,4455,810,0,0,false,false,false,0,0,5388,38,0,
1325,tempted_1_25,3136,30,0,budget,0,50,true,6,675,83,137,0.23333333333333334,0.7666666666666667,0,0,0,3,15,crash,false,6,14,1186,1950,0,0,0,false,false,false,0,0,3136,30,0,
1326,tempted_1_25,3463,30,0,budget,0,54,true,4,535,82,134,0.23333333333333334,0.7666666666666667,0,0,0,4,7,normal,false,6,11,388,3075,0,0,0,false,false,true,0,0,3463,30,0,
1327,tempted_1_25,12080,53,39,lock,1,100,false,5,1680,178,215,0,0.6226415094339622,0.20754716981132076,0.07547169811320754,0.09433962264150944,11,6,normal,false,8,25,0,5105,3420,2295,1260,false,true,false,1860,5,10220,48,0,
1328,tempted_1_25,2142,30,0,budget,0,53,true,3,325,57,118,0.6,0.4,0,0,0,4,11,normal,false,6,9,772,1370,0,0,0,false,false,true,0,0,2142,30,0,
1329,tempted_1_25,3539,30,0,budget,0,62,true,6,608,76,130,0.26666666666666666,0.7333333333333333,0,0,0,3,9,crash,false,5,13,554,2985,0,0,0,false,false,false,0,0,3539,30,0,
1330,tempted_1_25,2624,32,2,budget,0,74,true,3,325,77,112,0.25,0.71875,0.03125,0,0,5,5,normal,false,3,14,379,2155,90,0,0,false,false,true,0,0,2624,32,0,
1331,tempted_1_25,4518,30,0,budget,0,54,true,7,1690,73,160,0.7666666666666667,0.23333333333333334,0,0,0,4,9,normal,false,8,10,1388,3130,0,0,0,false,false,true,0,0,4518,30,0,
1332,tempted_1_25,4316,30,0,budget,0,64,true,4,810,99,154,0.2,0.8,0,0,0,3,7,normal,false,3,12,346,3970,0,0,0,false,false,false,0,0,4316,30,0,
1333,tempted_1_25,11853,45,15,budget,1,100,true,5,2960,150,194,0.06666666666666667,0.7777777777777778,0.044444444444444446,0,0.1111111111111111,7,3,normal,false,7,20,253,3920,1160,0,6520,false,false,true,6180,5,5673,40,1,2
1334,tempted_1_25,2817,30,0,budget,0,65,true,4,315,81,112,0.2,0.8,0,0,0,2,9,normal,false,8,8,362,2455,0,0,0,false,false,false,0,0,2817,30,0,
1335,tempted_1_25,4188,38,8,budget,0,88,true,4,660,86,131,0.10526315789473684,0.7894736842105263,0.10526315789473684,0,0,5,1,normal,false,6,17,98,2950,600,540,0,false,false,true,0,0,4188,38,0,
1336,tempted_1_25,3201,30,0,budget,0,50,true,4,545,69,124,0.3,0.7,0,0,0,5,5,normal,false,4,12,311,2890,0,0,0,false,false,false,0,0,3201,30,0,
1337,tempted_1_25,11815,66,36,budget,0,99,true,4,1100,218,283,0.030303030303030304,0.7121212121212122,0.21212121212121213,0.045454545454545456,0,14,4,normal,false,6,36,220,6020,3280,2295,0,true,true,false,0,0,11815,66,0,
1338,tempted_1_25,6755,39,9,budget,1,100,true,4,900,113,175,0.3076923076923077,0.5128205128205128,0.02564102564102564,0.02564102564102564,0.1282051282051282,5,1,normal,false,7,14,545,3340,500,510,1860,false,false,true,2190,5,4565,34,1,2
1339,tempted_1_25,5039,32,2,budget,0,78,true,5,855,117,175,0.09375,0.875,0.03125,0,0,2,13,normal,false,5,14,254,4605,180,0,0,false,false,false,0,0,5039,32,0,
1340,tempted_1_25,1980,16,0,lock,0,60,true,6,1120,36,64,0.5625,0.4375,0,0,0,2,11,normal,false,6,7,260,1720,0,0,0,false,false,true,0,0,1980,16,0,
1341,tempted_1_25,4773,40,10,budget,0,82,true,4,670,98,170,0.3,0.625,0.075,0,0,8,1,crash,false,8,18,878,2935,960,0,0,false,false,true,0,0,4773,40,0,
1342,tempted_1_25,3351,32,2,budget,0,70,true,4,375,81,134,0.375,0.625,0,0,0,4,1,crash,false,8,13,756,2595,0,0,0,false,false,false,0,0,3351,32,0,
1343,tempted_1_25,16673,57,27,budget,1,100,true,5,3365,193,294,0.10526315789473684,0.5964912280701754,0.17543859649122806,0.03508771929824561,0.08771929824561403,14,3,normal,false,6,30,373,4000,5190,3930,3180,false,false,false,3600,5,13073,52,1,4
1344,tempted_1_25,6712,36,6,budget,0,94,true,4,1500,103,175,0.2222222222222222,0.75,0.027777777777777776,0,0,4,6,crash,false,7,17,217,3975,1800,720,0,true,false,false,0,0,6712,36,0,
1345,tempted_1_25,11175,53,23,budget,1,100,true,5,2160,166,216,0.018867924528301886,0.7924528301886793,0.09433962264150944,0,0.09433962264150944,10,6,normal,false,5,26,15,4405,2700,675,3380,false,false,true,3260,5,7915,48,1,2
1346,tempted_1_25,8210,40,10,budget,0,97,true,6,2955,128,188,0.25,0.625,0.05,0.075,0,6,5,normal,false,5,15,625,3505,930,3150,0,true,true,true,0,0,8210,40,0,
1347,tempted_1_25,2666,30,0,budget,0,58,true,5,645,61,95,0.16666666666666666,0.8333333333333334,0,0,0,3,10,crash,false,9,12,181,2485,0,0,0,false,false,false,0,0,2666,30,0,
1348,tempted_1_25,6143,44,14,budget,0,90,true,4,725,128,162,0.022727272727272728,0.7954545454545454,0.13636363636363635,0.045454545454545456,0,6,6,normal,false,8,16,83,3420,1830,810,0,true,false,true,0,0,6143,44,0,
1349,tempted_1_25,2400,30,0,budget,0,51,true,3,260,64,115,0.3,0.7,0,0,0,2,11,crash,false,6,11,460,1940,0,0,0,false,false,false,0,0,2400,30,0,
1350,tempted_1_25,3377,30,0,budget,0,55,true,5,665,76,114,0.23333333333333334,0.7666666666666667,0,0,0,4,7,normal,false,6,9,322,3055,0,0,0,false,false,false,0,0,3377,30,0,
1351,tempted_1_25,8675,39,9,budget,1,100,true,5,2340,129,170,0.20512820512820512,0.5897435897435898,0.05128205128205128,0.02564102564102564,0.1282051282051282,6,7,normal,false,5,18,480,3575,440,240,3940,false,true,false,1840,5,6835,34,1,3
1352,tempted_1_25,1313,18,0,lock,0,52,true,3,480,37,53,0.16666666666666666,0.8333333333333334,0,0,0,2,5,normal,false,4,5,118,1195,0,0,0,false,false,false,0,0,1313,18,0,
1353,tempted_1_25,3342,30,0,budget,0,55,true,4,510,90,136,0.3,0.7,0,0,0,5,5,normal,false,3,14,867,2475,0,0,0,false,false,false,0,0,3342,30,0,
1354,tempted_1_25,3467,30,0,budget,0,64,true,6,1110,82,134,0.4,0.6,0,0,0,5,5,normal,false,7,14,807,2660,0,0,0,false,false,false,0,0,3467,30,0,
1355,tempted_1_25,4595,32,2,budget,0,84,true,5,820,96,165,0.25,0.6875,0.0625,0,0,4,3,crash,false,5,13,570,3085,940,0,0,false,false,false,0,0,4595,32,0,
1356,tempted_1_25,4780,36,6,budget,0,92,true,4,635,85,172,0.5,0.3888888888888889,0.08333333333333333,0.027777777777777776,0,8,2,crash,false,4,13,1035,2215,900,630,0,true,false,false,0,0,4780,36,0,
1357,tempted_1_25,2809,30,0,budget,0,53,true,5,585,67,112,0.4666666666666667,0.5333333333333333,0,0,0,1,27,normal,false,5,8,509,2300,0,0,0,false,false,false,0,0,2809,30,0,
1358,tempted_1_25,10542,38,8,budget,0,98,true,7,1785,144,232,0.2631578947368421,0.6842105263157895,0.05263157894736842,0,0,8,2,normal,false,3,17,662,7390,1410,1080,0,true,true,true,0,0,10542,38,0,
1359,tempted_1_25,10246,56,26,budget,2,100,true,4,1290,153,194,0.07142857142857142,0.5714285714285714,0.14285714285714285,0.03571428571428571,0.17857142857142858,8,12,normal,false,6,25,291,2855,1470,1350,4280,false,false,false,3340,10,6906,46,2,4|4
1360,tempted_1_25,11791,55,25,budget,1,100,true,7,1880,192,277,0.16363636363636364,0.6,0.14545454545454545,0,0.09090909090909091,10,7,normal,false,5,28,611,5840,1620,1500,2220,false,true,true,2840,5,8951,50,1,6
1361,tempted_1_25,4095,32,2,budget,0,75,true,4,475,90,123,0.03125,0.9375,0.03125,0,0,2,12,normal,false,5,12,15,3990,90,0,0,false,false,false,0,0,4095,32,0,
1362,tempted_1_25,2878,30,0,budget,0,52,true,3,225,81,136,0.3333333333333333,0.6666666666666666,0,0,0,6,5,normal,false,5,14,773,2105,0,0,0,false,false,false,0,0,2878,30,0,
1363,tempted_1_25,3242,30,0,budget,0,53,true,4,450,85,141,0.23333333333333334,0.7666666666666667,0,0,0,5,10,normal,false,5,13,522,2720,0,0,0,false,false,true,0,0,3242,30,0,
1364,tempted_1_25,14826,61,31,budget,3,100,true,7,3075,182,260,0.13114754098360656,0.4426229508196721,0.18032786885245902,0,0.2459016393442623,9,4,normal,false,4,33,701,3150,2860,4275,3840,false,false,true,8115,15,6711,46,2,3|3
1365,tempted_1_25,3154,30,0,budget,0,54,true,5,395,76,147,0.3,0.7,0,0,0,1,23,crash,false,13,10,959,2195,0,0,0,false,false,false,0,0,3154,30,0,
1366,tempted_1_25,5775,30,0,budget,0,59,true,7,1570,91,151,0.1,0.9,0,0,0,1,27,crash,false,4,14,325,5450,0,0,0,false,false,false,0,0,5775,30,0,
1367,tempted_1_25,4029,36,6,budget,0,87,true,3,730,85,136,0.19444444444444445,0.7222222222222222,0.08333333333333333,0,0,4,14,crash,false,7,16,289,2620,1120,0,0,false,false,true,0,0,4029,36,0,
1368,tempted_1_25,3046,30,0,budget,0,50,true,4,560,75,138,0.5,0.5,0,0,0,4,7,normal,false,5,9,1096,1950,0,0,0,false,false,false,0,0,3046,30,0,
1369,tempted_1_25,8498,39,9,budget,1,100,true,4,2100,129,156,0.10256410256410256,0.6666666666666666,0.07692307692307693,0.02564102564102564,0.1282051282051282,4,13,normal,false,5,21,123,3075,1230,90,3980,false,false,true,3110,5,5388,34,1,4
1370,tempted_1_25,7692,47,17,budget,1,100,true,8,1410,127,179,0.14893617021276595,0.6382978723404256,0.10638297872340426,0,0.10638297872340426,6,4,normal,false,7,15,237,4265,1080,450,1660,false,false,false,1650,5,6042,42,0,
1371,tempted_1_25,4360,34,4,budget,0,76,true,4,640,100,157,0.2647058823529412,0.7058823529411765,0.029411764705882353,0,0,4,2,crash,false,5,12,400,3690,270,0,0,false,false,false,0,0,4360,34,0,
1372,tempted_1_25,10583,40,10,budget,0,97,true,7,4855,122,196,0.225,0.6,0.15,0.025,0,6,4,normal,false,10,16,378,4670,1080,4455,0,true,true,true,0,0,10583,40,0,
1373,tempted_1_25,5186,34,4,budget,0,84,true,5,925,104,136,0.11764705882352941,0.8235294117647058,0.058823529411764705,0,0,4,2,normal,false,8,16,136,3880,1170,0,0,false,false,false,0,0,5186,34,0,
1374,tempted_1_25,1824,30,0,budget,0,51,true,3,195,60,103,0.3,0.7,0,0,0,2,19,normal,false,9,11,589,1235,0,0,0,false,false,true,0,0,1824,30,0,
1375,tempted_1_25,11150,34,34,lock,2,100,false,4,2080,124,143,0,0.2647058823529412,0.35294117647058826,0.08823529411764706,0.29411764705882354,12,6,frenzy,false,4,19,0,1595,2670,2745,4140,false,false,false,4020,10,7130,24,2,3|5
1376,tempted_1_25,1725,18,0,lock,0,69,true,3,395,50,65,0.05555555555555555,0.9444444444444444,0,0,0,1,10,normal,false,3,9,35,1690,0,0,0,false,false,true,0,0,1725,18,0,
1377,tempted_1_25,10928,53,23,budget,1,100,true,4,1380,171,229,0.018867924528301886,0.7169811320754716,0.1320754716981132,0.03773584905660377,0.09433962264150944,8,12,normal,false,4,28,143,4865,2400,720,2800,false,true,true,2800,5,8128,48,1,5
1378,tempted_1_25,2925,30,0,budget,0,57,true,4,500,80,110,0.26666666666666666,0.7333333333333333,0,0,0,2,12,normal,false,4,12,375,2550,0,0,0,false,false,true,0,0,2925,30,0,
1379,tempted_1_25,9130,50,20,budget,2,100,false,4,1040,142,179,0,0.7,0.08,0.02,0.2,5,5,normal,false,7,20,0,2840,1280,810,4200,false,false,false,4780,10,4350,40,2,3|2
1380,tempted_1_25,6586,48,18,budget,0,91,true,3,600,128,197,0.125,0.7708333333333334,0.10416666666666667,0,0,11,1,crash,false,3,25,391,3375,2280,540,0,true,false,false,0,0,6586,48,0,
1381,tempted_1_25,3056,30,0,budget,0,53,true,3,390,70,124,0.23333333333333334,0.7666666666666667,0,0,0,3,7,normal,false,3,13,366,2690,0,0,0,false,false,true,0,0,3056,30,0,
1382,tempted_1_25,1766,30,0,budget,0,50,true,3,255,57,112,0.6,0.4,0,0,0,3,6,crash,false,5,9,941,825,0,0,0,false,false,false,0,0,1766,30,0,
1383,tempted_1_25,2523,30,0,budget,0,65,true,4,373,65,110,0.3333333333333333,0.6666666666666666,0,0,0,3,7,normal,false,4,11,828,1695,0,0,0,false,false,false,0,0,2523,30,0,
1384,tempted_1_25,1515,16,2,lock,0,73,false,3,330,42,53,0,0.9375,0.0625,0,0,1,7,normal,false,6,4,0,1425,90,0,0,false,false,false,0,0,1515,16,0,
1385,tempted_1_25,10125,56,26,budget,2,100,false,3,1020,159,192,0,0.6428571428571429,0.125,0.05357142857142857,0.17857142857142858,9,17,normal,false,5,31,0,3600,1190,795,4540,false,true,true,4860,10,5265,46,2,4|3
1386,tempted_1_25,17135,76,46,budget,2,100,true,5,2760,216,312,0.23684210526315788,0.34210526315789475,0.2631578947368421,0.02631578947368421,0.13157894736842105,17,1,crash,false,6,34,900,3265,2770,3120,7080,false,true,false,7220,10,9915,66,1,8
1387,tempted_1_25,4304,30,0,budget,0,64,true,5,865,89,173,0.36666666666666664,0.6333333333333333,0,0,0,4,6,normal,false,5,15,759,3545,0,0,0,false,false,false,0,0,4304,30,0,
1388,tempted_1_25,2613,30,0,budget,0,61,true,4,385,62,113,0.3,0.7,0,0,0,2,13,crash,false,6,13,678,1935,0,0,0,false,false,true,0,0,2613,30,0,
1389,tempted_1_25,2284,30,0,budget,0,63,true,3,290,73,103,0.16666666666666666,0.8333333333333334,0,0,0,1,16,normal,false,10,5,179,2105,0,0,0,false,false,false,0,0,2284,30,0,
1390,tempted_1_25,8153,46,16,budget,0,92,true,6,975,162,227,0.10869565217391304,0.6956521739130435,0.17391304347826086,0.021739130434782608,0,8,13,normal,false,3,26,473,5625,1920,135,0,true,false,true,0,0,8153,46,0,
1391,tempted_1_25,3795,30,0,budget,0,69,true,5,1010,75,110,0,1,0,0,0,0,-1,normal,false,11,7,80,3715,0,0,0,false,false,false,0,0,3795,30,0,
1392,tempted_1_25,6488,34,4,budget,0,71,true,5,1820,100,172,0.2647058823529412,0.7352941176470589,0,0,0,5,12,normal,false,8,10,308,4860,1320,0,0,false,false,false,0,0,6488,34,0,
1393,tempted_1_25,3261,30,0,budget,0,68,true,3,333,72,117,0.2,0.8,0,0,0,3,12,crash,false,7,13,221,3040,0,0,0,false,false,false,0,0,3261,30,0,
1394,tempted_1_25,3647,30,0,budget,0,52,true,4,840,79,149,0.3,0.7,0,0,0,2,11,normal,false,3,18,657,2990,0,0,0,false,false,false,0,0,3647,30,0,
1395,tempted_1_25,4116,30,0,budget,0,56,true,5,875,83,130,0.16666666666666666,0.8333333333333334,0,0,0,2,7,crash,false,7,11,166,3950,0,0,0,false,false,false,0,0,4116,30,0,
1396,tempted_1_25,8430,44,14,budget,0,85,true,6,1545,133,220,0.25,0.5681818181818182,0.18181818181818182,0,0,8,1,normal,false,4,18,410,5215,2040,765,0,false,false,true,0,0,8430,44,0,
1397,tempted_1_25,10861,50,20,budget,0,93,true,5,2000,156,229,0.08,0.8,0.1,0.02,0,11,7,normal,false,5,22,176,4505,5910,270,0,true,false,true,0,0,10861,50,0,
1398,tempted_1_25,5430,32,2,budget,0,77,true,5,915,101,153,0.03125,0.96875,0,0,0,2,1,normal,false,4,14,130,4700,600,0,0,false,false,false,0,0,5430,32,0,
1399,tempted_1_25,3725,30,0,budget,0,50,true,5,750,76,116,0.06666666666666667,0.9333333333333333,0,0,0,2,16,normal,false,5,12,195,3530,0,0,0,false,false,false,0,0,3725,30,0,
1400,tempted_1_25,285,4,0,lock,0,53,true,2,105,3,15,0.25,0.75,0,0,0,0,-1,crash,false,4,0,0,285,0,0,0,false,false,false,0,0,285,4,0,
1401,tempted_1_25,2860,30,0,budget,0,68,true,3,320,78,119,0.3,0.7,0,0,0,1,20,normal,false,5,14,465,2395,0,0,0,false,false,false,0,0,2860,30,0,
1402,tempted_1_25,2594,30,0,budget,0,55,true,3,295,76,128,0.43333333333333335,0.5666666666666667,0,0,0,3,8,normal,false,4,12,794,1800,0,0,0,false,false,false,0,0,2594,30,0,
1403,tempted_1_25,1842,30,0,budget,0,57,true,3,255,53,104,0.5,0.5,0,0,0,2,25,normal,false,12,7,487,1355,0,0,0,false,false,false,0,0,1842,30,0,
1404,tempted_1_25,2061,30,0,budget,0,53,true,4,330,57,100,0.3333333333333333,0.6666666666666666,0,0,0,4,12,normal,false,4,9,436,1625,0,0,0,false,false,true,0,0,2061,30,0,
1405,tempted_1_25,8820,48,18,budget,0,98,false,5,3160,135,172,0,0.8541666666666666,0.125,0.020833333333333332,0,8,6,normal,false,8,23,0,3975,1620,3225,0,true,true,true,0,0,8820,48,0,
1406,tempted_1_25,6528,36,6,budget,0,83,true,7,1170,118,194,0.25,0.6944444444444444,0.05555555555555555,0,0,3,17,crash,false,5,16,1048,4160,1320,0,0,false,false,true,0,0,6528,36,0,
1407,tempted_1_25,2882,32,2,budget,0,71,true,5,570,68,122,0.5,0.5,0,0,0,5,3,crash,false,5,13,612,2270,0,0,0,false,false,false,0,0,2882,32,0,
1408,tempted_1_25,3689,36,6,budget,0,76,true,4,495,98,140,0.16666666666666666,0.7777777777777778,0.05555555555555555,0,0,4,15,normal,false,6,12,269,3240,180,0,0,false,false,true,0,0,3689,36,0,
1409,tempted_1_25,5642,30,0,budget,0,54,true,5,760,107,191,0.23333333333333334,0.7666666666666667,0,0,0,2,9,normal,false,8,14,1497,4145,0,0,0,false,false,false,0,0,5642,30,0,
1410,tempted_1_25,7390,48,18,budget,0,92,true,5,650,153,211,0,0.8333333333333334,0.16666666666666666,0,0,8,1,normal,false,5,20,60,5535,940,855,0,true,false,true,0,0,7390,48,0,
1411,tempted_1_25,3471,30,0,budget,0,50,true,6,593,91,149,0.4666666666666667,0.5333333333333333,0,0,0,4,15,normal,false,9,12,1141,2330,0,0,0,false,false,true,0,0,3471,30,0,
1412,tempted_1_25,3151,30,0,budget,0,50,true,4,485,64,134,0.36666666666666664,0.6333333333333333,0,0,0,4,10,crash,false,4,10,491,2660,0,0,0,false,false,false,0,0,3151,30,0,
1413,tempted_1_25,9432,56,26,budget,0,98,true,5,1595,150,205,0.08928571428571429,0.6785714285714286,0.17857142857142858,0.05357142857142857,0,14,11,normal,false,5,23,302,3345,3580,2205,0,true,true,false,0,0,9432,56,0,
1414,tempted_1_25,17460,57,27,budget,1,100,true,6,3680,203,275,0.03508771929824561,0.6666666666666666,0.15789473684210525,0.05263157894736842,0.08771929824561403,10,22,normal,false,4,28,45,5975,2580,1980,6880,false,true,false,4460,5,13000,52,1,5
1415,tempted_1_25,6788,50,20,budget,0,97,true,4,690,132,185,0.1,0.78,0.1,0.02,0,12,1,normal,false,7,24,193,4180,1740,675,0,true,true,true,0,0,6788,50,0,
1416,tempted_1_25,2626,30,0,budget,0,58,true,4,390,65,116,0.4666666666666667,0.5333333333333333,0,0,0,2,14,crash,false,8,11,666,1960,0,0,0,false,false,false,0,0,2626,30,0,
1417,tempted_1_25,3433,30,0,budget,0,63,true,5,820,69,119,0.16666666666666666,0.8333333333333334,0,0,0,3,20,crash,false,5,12,83,3350,0,0,0,false,false,false,0,0,3433,30,0,
1418,tempted_1_25,3348,30,0,budget,0,64,true,4,495,83,124,0.23333333333333334,0.7666666666666667,0,0,0,4,4,normal,false,6,14,463,2885,0,0,0,false,false,false,0,0,3348,30,0,
1419,tempted_1_25,2717,30,0,budget,0,50,true,4,570,66,139,0.6,0.4,0,0,0,5,3,crash,false,4,15,847,1870,0,0,0,false,false,false,0,0,2717,30,0,
1420,tempted_1_25,5245,38,8,budget,0,79,true,5,765,114,151,0.02631578947368421,0.9210526315789473,0.05263157894736842,0,0,5,9,normal,false,9,14,25,4860,360,0,0,false,false,false,0,0,5245,38,0,
1421,tempted_1_25,4626,34,4,budget,0,93,true,5,415,104,159,0.11764705882352941,0.8235294117647058,0.029411764705882353,0.029411764705882353,0,4,6,normal,false,6,13,566,3580,210,270,0,true,false,true,0,0,4626,34,0,
1422,tempted_1_25,8385,26,11,lock,1,100,false,4,1900,84,111,0,0.5769230769230769,0.19230769230769232,0.038461538461538464,0.19230769230769232,4,8,normal,false,9,11,0,1600,970,1215,4600,false,false,false,4180,5,4205,21,1,2
1423,tempted_1_25,2346,30,0,budget,0,62,true,3,255,67,99,0.16666666666666666,0.8333333333333334,0,0,0,1,16,normal,false,11,10,386,1960,0,0,0,false,false,true,0,0,2346,30,0,
1424,tempted_1_25,3873,30,0,budget,0,53,true,5,770,80,137,0.26666666666666666,0.7333333333333333,0,0,0,5,4,crash,false,4,14,438,3435,0,0,0,false,false,false,0,0,3873,30,0,
1425,tempted_1_25,5755,38,8,budget,0,93,true,5,645,125,162,0.05263157894736842,0.8157894736842105,0.13157894736842105,0,0,5,1,normal,false,7,15,40,4670,640,405,0,true,false,false,0,0,5755,38,0,
1426,tempted_1_25,5080,40,10,budget,0,87,false,5,840,111,143,0,0.85,0.15,0,0,3,3,normal,false,7,16,0,4480,600,0,0,false,false,false,0,0,5080,40,0,
1427,tempted_1_25,5545,31,15,lock,1,100,true,4,1110,101,107,0.03225806451612903,0.6129032258064516,0.16129032258064516,0.03225806451612903,0.16129032258064516,5,8,keto,false,4,17,55,2200,570,1080,1640,false,false,false,2270,5,3275,26,1,2
1428,tempted_1_25,20740,72,42,budget,4,100,true,5,1430,216,313,0.05555555555555555,0.4305555555555556,0.2222222222222222,0.013888888888888888,0.2777777777777778,14,6,normal,false,11,39,355,3440,4840,2025,10080,false,true,false,9320,20,11420,52,4,3|3|2|2
1429,tempted_1_25,4234,30,0,budget,0,50,true,4,775,79,149,0.2,0.8,0,0,0,3,11,normal,false,5,13,224,4010,0,0,0,false,false,false,0,0,4234,30,0,
1430,tempted_1_25,2439,30,0,budget,0,50,true,4,435,65,112,0.43333333333333335,0.5666666666666667,0,0,0,3,5,normal,false,7,10,544,1895,0,0,0,false,false,true,0,0,2439,30,0,
1431,tempted_1_25,6140,40,10,budget,0,91,true,5,875,120,175,0.1,0.775,0.075,0.05,0,6,5,normal,false,5,21,260,4635,660,585,0,true,false,true,0,0,6140,40,0,
1432,tempted_1_25,3555,32,2,budget,0,73,true,3,375,92,126,0.03125,0.9375,0.03125,0,0,2,24,normal,false,4,15,30,3435,90,0,0,false,false,false,0,0,3555,32,0,
1433,tempted_1_25,3539,30,0,budget,0,66,true,4,480,91,168,0.3,0.7,0,0,0,4,3,crash,false,3,13,804,2735,0,0,0,false,false,false,0,0,3539,30,0,
1434,tempted_1_25,4699,34,4,budget,0,84,true,6,1095,86,137,0.14705882352941177,0.8529411764705882,0,0,0,4,1,normal,false,5,15,279,3790,630,0,0,false,false,false,0,0,4699,34,0,
1435,tempted_1_25,6040,34,4,budget,0,82,false,5,1400,107,149,0,0.9705882352941176,0.029411764705882353,0,0,2,7,normal,false,11,11,0,4750,1290,0,0,false,false,false,0,0,6040,34,0,
1436,tempted_1_25,3026,32,2,budget,0,73,true,3,315,74,129,0.3125,0.65625,0.03125,0,0,3,7,normal,false,7,9,436,2410,180,0,0,false,false,true,0,0,3026,32,0,
1437,tempted_1_25,2540,34,4,budget,0,82,true,3,300,69,96,0,0.9705882352941176,0.029411764705882353,0,0,2,5,normal,false,4,12,70,2140,330,0,0,false,false,true,0,0,2540,34,0,
1438,tempted_1_25,8894,46,16,budget,0,93,true,7,1695,160,226,0.10869565217391304,0.717391304347826,0.13043478260869565,0.043478260869565216,0,8,3,crash,false,4,20,324,6260,1050,1260,0,true,false,false,0,0,8894,46,0,
1439,tempted_1_25,9266,45,15,budget,1,100,true,6,1640,133,190,0.1111111111111111,0.6222222222222222,0.1111111111111111,0.044444444444444446,0.1111111111111111,7,17,normal,false,6,18,286,4075,470,1695,2740,false,false,false,2570,5,6696,40,1,5
1440,tempted_1_25,3855,30,0,budget,0,53,true,5,925,85,137,0.36666666666666664,0.6333333333333333,0,0,0,4,10,normal,false,5,11,440,3415,0,0,0,false,false,true,0,0,3855,30,0,
1441,tempted_1_25,1693,30,0,budget,0,56,true,4,273,60,101,0.4666666666666667,0.5333333333333333,0,0,0,4,15,normal,false,10,9,818,875,0,0,0,false,false,true,0,0,1693,30,0,
1442,tempted_1_25,3717,30,0,budget,0,60,true,6,1290,81,119,0.26666666666666666,0.7333333333333333,0,0,0,3,14,normal,false,8,10,277,3440,0,0,0,false,false,false,0,0,3717,30,0,
1443,tempted_1_25,6180,38,8,budget,0,97,true,4,810,115,200,0.2894736842105263,0.5789473684210527,0.10526315789473684,0.02631578947368421,0,6,16,normal,false,3,16,970,3445,1630,135,0,true,true,false,0,0,6180,38,0,
1444,tempted_1_25,3168,30,0,budget,0,68,true,6,770,73,121,0.3333333333333333,0.6666666666666666,0,0,0,4,13,normal,false,9,9,648,2520,0,0,0,false,false,false,0,0,3168,30,0,
1445,tempted_1_25,1640,30,0,budget,0,53,true,3,285,52,86,0.3333333333333333,0.6666666666666666,0,0,0,5,14,normal,false,11,9,415,1225,0,0,0,false,false,false,0,0,1640,30,0,
1446,tempted_1_25,2926,30,0,budget,0,52,true,4,445,80,116,0.2,0.8,0,0,0,3,8,normal,false,6,12,431,2495,0,0,0,false,false,true,0,0,2926,30,0,
1447,tempted_1_25,2508,30,0,budget,0,60,true,3,228,62,116,0.4,0.6,0,0,0,3,10,normal,false,9,10,458,2050,0,0,0,false,false,true,0,0,2508,30,0,
1448,tempted_1_25,2760,30,0,budget,0,50,true,4,400,62,128,0.4,0.6,0,0,0,7,7,normal,false,4,12,700,2060,0,0,0,false,false,false,0,0,2760,30,0,
1449,tempted_1_25,3178,30,0,budget,0,66,true,5,300,82,144,0.36666666666666664,0.6333333333333333,0,0,0,2,10,normal,false,5,10,978,2200,0,0,0,false,false,false,0,0,3178,30,0,
1450,tempted_1_25,3704,30,0,budget,0,60,true,3,465,94,136,0.2,0.8,0,0,0,3,6,normal,false,5,13,269,3435,0,0,0,false,false,false,0,0,3704,30,0,
1451,tempted_1_25,3344,30,0,budget,0,64,true,5,443,74,140,0.3,0.7,0,0,0,2,14,crash,false,4,11,794,2550,0,0,0,false,false,false,0,0,3344,30,0,
1452,tempted_1_25,3191,30,0,budget,0,61,true,4,390,80,130,0.16666666666666666,0.8333333333333334,0,0,0,3,5,crash,false,3,14,461,2730,0,0,0,false,false,true,0,0,3191,30,0,
1453,tempted_1_25,2986,30,0,budget,0,57,true,4,525,90,130,0.36666666666666664,0.6333333333333333,0,0,0,4,15,normal,false,4,16,511,2475,0,0,0,false,false,true,0,0,2986,30,0,
1454,tempted_1_25,6730,36,6,budget,0,79,true,6,1290,129,207,0.2222222222222222,0.7222222222222222,0.05555555555555555,0,0,6,8,normal,false,6,17,925,4575,1230,0,0,false,false,false,0,0,6730,36,0,
1455,tempted_1_25,7850,42,27,lock,1,100,true,3,1460,135,160,0,0.7380952380952381,0.11904761904761904,0.023809523809523808,0.11904761904761904,9,16,normal,false,5,25,40,2895,1570,885,2460,false,false,true,3150,5,4700,37,1,2
1456,tempted_1_25,5375,42,12,budget,0,92,true,3,730,113,148,0,0.8333333333333334,0.14285714285714285,0.023809523809523808,0,4,9,normal,false,6,16,135,3485,1080,675,0,true,false,false,0,0,5375,42,0,
1457,tempted_1_25,4336,42,12,budget,0,97,true,3,360,93,137,0.14285714285714285,0.7380952380952381,0.09523809523809523,0.023809523809523808,0,8,5,normal,false,7,18,291,2480,1160,405,0,true,true,true,0,0,4336,42,0,
1458,tempted_1_25,7885,43,13,budget,1,100,true,4,1740,121,182,0.20930232558139536,0.5348837209302325,0.11627906976744186,0.023255813953488372,0.11627906976744186,8,10,crash,false,6,20,365,3340,410,270,3500,false,false,false,3350,5,4535,38,1,3
1459,tempted_1_25,4431,34,4,budget,0,71,true,4,735,92,169,0.38235294117647056,0.6176470588235294,0,0,0,4,8,crash,false,3,13,861,3210,360,0,0,false,false,false,0,0,4431,34,0,
1460,tempted_1_25,2083,30,0,budget,0,50,true,3,315,61,100,0.43333333333333335,0.5666666666666667,0,0,0,5,4,normal,false,9,11,553,1530,0,0,0,false,false,true,0,0,2083,30,0,
1461,tempted_1_25,3755,36,6,budget,0,98,true,3,540,91,115,0,0.9166666666666666,0.027777777777777776,0.05555555555555555,0,2,1,normal,false,8,9,30,2670,740,315,0,true,true,false,0,0,3755,36,0,
1462,tempted_1_25,11518,59,29,budget,1,100,true,4,980,189,242,0.06779661016949153,0.6949152542372882,0.0847457627118644,0.06779661016949153,0.0847457627118644,12,3,normal,false,9,26,138,5815,2610,855,2100,false,true,false,1260,5,10258,54,1,3
1463,tempted_1_25,3185,30,0,budget,0,50,true,4,750,80,135,0.26666666666666666,0.7333333333333333,0,0,0,3,12,normal,false,4,11,555,2630,0,0,0,false,false,false,0,0,3185,30,0,
1464,tempted_1_25,1786,23,2,lock,0,71,true,3,265,52,79,0.2608695652173913,0.7391304347826086,0,0,0,3,10,crash,false,4,7,241,1545,0,0,0,false,false,true,0,0,1786,23,0,
1465,tempted_1_25,20504,66,36,budget,2,100,true,5,2190,217,347,0.09090909090909091,0.5757575757575758,0.16666666666666666,0.015151515151515152,0.15151515151515152,13,6,crash,false,8,37,344,5315,5020,3525,6300,false,false,false,7690,10,12814,56,2,3|3
1466,tempted_1_25,4935,30,0,budget,0,54,true,5,1495,100,168,0.3333333333333333,0.6666666666666666,0,0,0,2,15,crash,false,5,11,430,4505,0,0,0,false,false,false,0,0,4935,30,0,
1467,tempted_1_25,9793,47,17,budget,1,100,true,5,1070,140,202,0.0851063829787234,0.6170212765957447,0.14893617021276595,0.0425531914893617,0.10638297872340426,5,13,crash,false,5,25,198,4920,820,1035,2820,false,true,false,3020,5,6773,42,1,6
1468,tempted_1_25,3344,32,2,budget,0,73,true,5,420,76,136,0.28125,0.6875,0.03125,0,0,6,7,normal,false,5,16,699,2555,90,0,0,false,false,true,0,0,3344,32,0,
1469,tempted_1_25,3660,30,0,budget,0,67,true,4,510,88,138,0.2,0.8,0,0,0,3,10,crash,false,4,14,175,3485,0,0,0,false,false,false,0,0,3660,30,0,
1470,tempted_1_25,1857,30,0,budget,0,50,true,3,270,62,94,0.4666666666666667,0.5333333333333333,0,0,0,7,8,normal,false,3,13,632,1225,0,0,0,false,false,true,0,0,1857,30,0,
1471,tempted_1_25,3582,30,0,budget,0,56,true,4,650,90,141,0.4,0.6,0,0,0,4,8,normal,false,5,12,677,2905,0,0,0,false,false,false,0,0,3582,30,0,
1472,tempted_1_25,2295,30,0,budget,0,60,true,3,445,59,110,0.36666666666666664,0.6333333333333333,0,0,0,5,7,crash,false,4,12,445,1850,0,0,0,false,false,false,0,0,2295,30,0,
1473,tempted_1_25,11495,43,13,budget,1,100,true,4,1500,137,200,0.09302325581395349,0.6744186046511628,0.046511627906976744,0.06976744186046512,0.11627906976744186,8,9,normal,false,5,20,65,3775,970,2685,4000,false,false,false,3960,5,7535,38,1,5
1474,tempted_1_25,1655,13,4,lock,0,79,true,3,360,43,53,0,0.8461538461538461,0.15384615384615385,0,0,1,8,normal,false,3,5,30,1445,180,0,0,false,false,false,0,0,1655,13,0,
1475,tempted_1_25,3617,30,0,budget,0,50,true,5,553,75,144,0.5333333333333333,0.4666666666666667,0,0,0,5,5,normal,false,5,13,1232,2385,0,0,0,false,false,true,0,0,3617,30,0,
1476,tempted_1_25,5610,30,0,budget,0,57,true,6,1155,115,177,0.16666666666666666,0.8333333333333334,0,0,0,4,5,crash,false,3,17,540,5070,0,0,0,false,false,false,0,0,5610,30,0,
1477,tempted_1_25,5232,36,6,budget,0,97,true,5,1365,99,153,0.3055555555555556,0.5833333333333334,0.027777777777777776,0.08333333333333333,0,4,4,crash,false,4,12,427,2765,1110,930,0,true,true,false,0,0,5232,36,0,
1478,tempted_1_25,10720,53,23,budget,1,100,true,5,2940,156,196,0,0.7547169811320755,0.1509433962264151,0,0.09433962264150944,8,8,normal,false,9,18,30,4830,1360,180,4320,false,false,false,4540,5,6180,48,1,2
1479,tempted_1_25,4547,32,2,budget,0,77,true,4,1200,89,150,0.15625,0.84375,0,0,0,2,7,normal,false,9,13,182,3225,1140,0,0,false,false,false,0,0,4547,32,0,
1480,tempted_1_25,2455,30,0,budget,0,50,true,3,360,58,130,0.6,0.4,0,0,0,4,6,crash,false,6,10,775,1680,0,0,0,false,false,false,0,0,2455,30,0,
1481,tempted_1_25,11255,49,19,budget,1,100,true,4,2100,156,219,0,0.7755102040816326,0.12244897959183673,0,0.10204081632653061,5,1,normal,false,12,17,70,4675,2040,270,4200,false,false,false,2300,5,8955,44,1,2
1482,tempted_1_25,2467,30,0,budget,0,64,true,4,485,67,113,0.3,0.7,0,0,0,4,10,normal,false,4,11,427,2040,0,0,0,false,false,false,0,0,2467,30,0,
1483,tempted_1_25,2827,30,0,budget,0,58,true,4,405,64,115,0.3333333333333333,0.6666666666666666,0,0,0,3,10,crash,false,8,9,372,2455,0,0,0,false,false,false,0,0,2827,30,0,
1484,tempted_1_25,13203,62,32,budget,2,100,true,6,2245,164,221,0.12903225806451613,0.46774193548387094,0.1774193548387097,0.06451612903225806,0.16129032258064516,16,6,normal,false,6,34,723,2920,1630,2670,5260,false,true,false,4860,10,8343,52,2,3|2
1485,tempted_1_25,3312,36,6,budget,0,82,true,3,295,84,140,0.3611111111111111,0.5833333333333334,0.05555555555555555,0,0,5,2,normal,false,7,19,877,2045,390,0,0,false,false,true,0,0,3312,36,0,
1486,tempted_1_25,27536,81,51,budget,3,100,true,7,5370,291,399,0.12345679012345678,0.5061728395061729,0.14814814814814814,0.037037037037037035,0.18518518518518517,19,1,normal,false,5,45,431,7200,2830,2295,14780,false,true,false,12065,15,15471,66,3,2|3|3
1487,tempted_1_25,3313,30,0,budget,0,57,true,3,370,81,118,0.2,0.8,0,0,0,5,4,normal,false,3,16,178,3135,0,0,0,false,false,false,0,0,3313,30,0,
1488,tempted_1_25,14881,56,26,budget,2,100,true,5,2640,163,257,0.35714285714285715,0.26785714285714285,0.16071428571428573,0.03571428571428571,0.17857142857142858,8,2,crash,false,12,25,1301,1730,1810,2880,7160,false,true,true,5620,10,9261,46,2,4|2
1489,tempted_1_25,3604,30,0,budget,0,60,true,5,960,84,130,0.26666666666666666,0.7333333333333333,0,0,0,2,26,normal,false,6,12,644,2960,0,0,0,false,false,true,0,0,3604,30,0,
1490,tempted_1_25,2765,30,0,budget,0,68,true,4,500,73,129,0.36666666666666664,0.6333333333333333,0,0,0,3,10,crash,false,10,10,635,2130,0,0,0,false,false,false,0,0,2765,30,0,
1491,tempted_1_25,10748,51,21,budget,1,100,true,4,2460,157,226,0.0392156862745098,0.7450980392156863,0.0784313725490196,0.0392156862745098,0.09803921568627451,7,8,normal,false,3,27,73,4970,1870,315,3520,false,false,true,3720,5,7028,46,0,
1492,tempted_1_25,4699,30,0,budget,0,51,true,9,2140,77,176,0.6333333333333333,0.36666666666666664,0,0,0,5,3,normal,false,7,10,1179,3520,0,0,0,false,false,true,0,0,4699,30,0,
1493,tempted_1_25,2382,30,0,budget,0,54,true,4,405,68,119,0.4,0.6,0,0,0,3,14,normal,false,8,10,822,1560,0,0,0,false,false,false,0,0,2382,30,0,
1494,tempted_1_25,12064,54,24,budget,2,100,true,4,1220,148,218,0.14814814814814814,0.5,0.12962962962962962,0.037037037037037035,0.18518518518518517,9,4,crash,false,6,26,334,3575,1890,1425,4840,false,true,false,4700,10,7364,44,2,3|6
1495,tempted_1_25,3331,32,2,budget,0,71,true,4,675,78,141,0.34375,0.65625,0,0,0,5,7,crash,false,4,13,836,2495,0,0,0,false,false,false,0,0,3331,32,0,
1496,tempted_1_25,4622,38,8,budget,0,93,true,4,610,88,161,0.3157894736842105,0.5789473684210527,0.07894736842105263,0.02631578947368421,0,5,5,normal,false,8,15,787,2420,740,675,0,true,false,true,0,0,4622,38,0,
1497,tempted_1_25,2993,32,2,budget,0,84,true,3,310,78,105,0.09375,0.875,0.03125,0,0,2,11,normal,false,6,12,228,2495,270,0,0,false,false,true,0,0,2993,32,0,
1498,tempted_1_25,10123,57,27,budget,1,100,true,4,1350,177,249,0.017543859649122806,0.7543859649122807,0.12280701754385964,0.017543859649122806,0.08771929824561403,11,5,normal,false,11,25,178,4295,4060,450,1140,false,false,true,1320,5,8803,52,0,
1499,tempted_1_25,5735,30,0,budget,0,69,true,6,1630,102,164,0.1,0.9,0,0,0,0,-1,crash,false,5,13,70,5665,0,0,0,false,false,false,0,0,5735,30,0,
1500,tempted_1_25,5790,32,2,budget,0,73,true,6,1535,87,170,0.34375,0.625,0.03125,0,0,4,8,crash,false,5,14,500,5200,90,0,0,false,false,false,0,0,5790,32,0,
1501,tempted_1_25,3995,36,6,budget,0,94,true,4,655,88,124,0.2222222222222222,0.75,0.027777777777777776,0,0,5,5,normal,false,5,13,365,2765,460,405,0,true,false,false,0,0,3995,36,0,
1502,tempted_1_25,14385,74,44,budget,0,97,true,5,1140,245,329,0.013513513513513514,0.6756756756756757,0.20270270270270271,0.10810810810810811,0,16,2,normal,false,6,35,255,5805,4410,3915,0,true,true,false,0,0,14385,74,0,
1503,tempted_1_25,5028,36,6,budget,0,92,true,4,630,102,153,0.1111111111111111,0.7777777777777778,0.08333333333333333,0.027777777777777776,0,5,1,normal,false,9,14,143,3325,1380,180,0,true,false,false,0,0,5028,36,0,
1504,tempted_1_25,2319,32,2,budget,0,74,true,3,240,67,100,0.3125,0.65625,0.03125,0,0,5,5,normal,false,5,13,314,1915,90,0,0,false,false,false,0,0,2319,32,0,
1505,tempted_1_25,9599,43,13,budget,1,100,true,6,2600,130,185,0.13953488372093023,0.7209302325581395,0.023255813953488372,0,0.11627906976744186,4,15,normal,false,8,17,259,3030,1370,900,4040,false,false,true,5320,5,4279,38,0,
1506,tempted_1_25,4220,32,2,budget,0,83,true,4,1090,86,126,0.03125,0.9375,0.03125,0,0,1,26,crash,false,5,13,0,3130,1090,0,0,false,false,false,0,0,4220,32,0,
1507,tempted_1_25,30681,106,76,budget,4,100,true,5,2820,344,436,0.02830188679245283,0.5094339622641509,0.20754716981132076,0.0660377358490566,0.18867924528301888,26,5,normal,false,6,53,101,5725,7810,3345,13700,false,true,false,12870,20,17811,86,3,6|4|4
1508,tempted_1_25,9497,43,13,budget,1,100,true,5,1240,149,218,0.16279069767441862,0.6046511627906976,0.11627906976744186,0,0.11627906976744186,6,1,normal,false,5,18,527,3910,1370,270,3420,false,false,false,3240,5,6257,38,1,2
1509,tempted_1_25,9990,48,18,budget,0,92,true,6,1555,155,242,0.14583333333333334,0.7291666666666666,0.125,0,0,8,2,crash,false,4,19,575,5235,2560,1620,0,true,false,false,0,0,9990,48,0,
1510,tempted_1_25,4025,32,2,budget,0,73,true,5,715,87,153,0.3125,0.65625,0.03125,0,0,4,2,normal,false,4,15,610,3325,90,0,0,false,false,false,0,0,4025,32,0,
1511,tempted_1_25,3208,30,0,budget,0,57,true,4,645,75,131,0.3,0.7,0,0,0,2,10,crash,false,4,12,258,2950,0,0,0,false,false,false,0,0,3208,30,0,
1512,tempted_1_25,2364,30,0,budget,0,50,true,4,375,59,151,0.6333333333333333,0.36666666666666664,0,0,0,2,4,crash,false,8,10,1399,965,0,0,0,false,false,false,0,0,2364,30,0,
1513,tempted_1_25,2820,30,0,budget,0,57,true,3,370,78,122,0.16666666666666666,0.8333333333333334,0,0,0,3,8,crash,false,5,11,310,2510,0,0,0,false,false,true,0,0,2820,30,0,
1514,tempted_1_25,6096,41,11,budget,1,100,true,4,1320,109,146,0.04878048780487805,0.7073170731707317,0.0975609756097561,0.024390243902439025,0.12195121951219512,5,6,crash,false,13,11,446,2990,320,780,1560,false,false,true,2100,5,3996,36,1,5
1515,tempted_1_25,5689,32,2,budget,0,72,true,5,1100,101,162,0.21875,0.75,0.03125,0,0,4,10,crash,false,5,14,259,5310,120,0,0,false,false,false,0,0,5689,32,0,
1516,tempted_1_25,5715,40,10,budget,0,94,true,4,930,110,192,0.275,0.55,0.175,0,0,8,4,normal,false,6,17,940,3115,1120,540,0,true,false,true,0,0,5715,40,0,
1517,tempted_1_25,8862,53,23,budget,1,100,true,6,1065,142,229,0.24528301886792453,0.4339622641509434,0.1320754716981132,0.09433962264150944,0.09433962264150944,9,9,crash,false,5,19,1142,4005,700,1935,1080,false,true,false,1185,5,7677,48,1,11
1518,tempted_1_25,2734,32,2,budget,0,78,true,4,410,70,120,0.25,0.75,0,0,0,3,1,normal,false,8,10,529,2025,180,0,0,false,false,false,0,0,2734,32,0,
1519,tempted_1_25,5580,36,6,budget,0,78,true,5,960,120,182,0.16666666666666666,0.8055555555555556,0.027777777777777776,0,0,5,10,normal,false,7,16,430,4170,980,0,0,false,false,false,0,0,5580,36,0,
1520,tempted_1_25,3257,30,0,budget,0,57,true,4,875,74,142,0.4666666666666667,0.5333333333333333,0,0,0,3,10,normal,false,6,14,542,2715,0,0,0,false,false,true,0,0,3257,30,0,
1521,tempted_1_25,3490,30,0,budget,0,59,true,5,570,87,116,0.06666666666666667,0.9333333333333333,0,0,0,2,16,normal,false,4,13,285,3205,0,0,0,false,false,true,0,0,3490,30,0,
1522,tempted_1_25,3225,30,0,budget,0,56,true,4,420,79,131,0.43333333333333335,0.5666666666666667,0,0,0,4,9,normal,false,6,12,715,2510,0,0,0,false,false,true,0,0,3225,30,0,
1523,tempted_1_25,8740,47,17,budget,1,100,true,3,1260,126,184,0.14893617021276595,0.6382978723404256,0.10638297872340426,0,0.10638297872340426,6,3,normal,false,5,17,325,3390,690,675,3660,false,false,false,2520,5,6220,42,1,2
1524,tempted_1_25,2643,30,0,budget,0,68,true,4,390,70,112,0.3,0.7,0,0,0,1,21,normal,false,4,11,408,2235,0,0,0,false,false,true,0,0,2643,30,0,
1525,tempted_1_25,5489,32,2,budget,0,82,true,7,1365,97,158,0.1875,0.78125,0.03125,0,0,3,7,crash,false,7,11,309,4880,300,0,0,false,false,false,0,0,5489,32,0,
1526,tempted_1_25,3703,30,0,budget,0,67,true,4,380,94,133,0.16666666666666666,0.8333333333333334,0,0,0,2,3,normal,false,5,15,288,3415,0,0,0,false,false,true,0,0,3703,30,0,
1527,tempted_1_25,7930,41,11,budget,1,100,true,4,1030,115,168,0.14634146341463414,0.6341463414634146,0.07317073170731707,0.024390243902439025,0.12195121951219512,5,5,normal,false,9,20,310,3510,600,150,3360,false,false,false,2990,5,4940,36,1,2
1528,tempted_1_25,6780,36,6,budget,0,98,true,5,1290,121,159,0,0.8333333333333334,0.1388888888888889,0.027777777777777776,0,3,5,normal,false,4,17,90,4655,1360,675,0,true,true,true,0,0,6780,36,0,
1529,tempted_1_25,4471,30,0,budget,0,58,true,7,1140,82,127,0.26666666666666666,0.7333333333333333,0,0,0,4,13,normal,false,4,11,371,4100,0,0,0,false,false,false,0,0,4471,30,0,
1530,tempted_1_25,10170,56,26,budget,0,97,true,5,2040,165,234,0.05357142857142857,0.6071428571428571,0.26785714285714285,0.07142857142857142,0,12,4,crash,false,4,26,85,4050,5090,945,0,true,true,false,0,0,10170,56,0,
1531,tempted_1_25,3176,30,0,budget,0,56,true,4,570,83,124,0.13333333333333333,0.8666666666666667,0,0,0,1,27,normal,false,4,11,411,2765,0,0,0,false,false,false,0,0,3176,30,0,
1532,tempted_1_25,2142,30,0,budget,0,50,true,3,300,58,112,0.4,0.6,0,0,0,4,6,crash,false,7,10,472,1670,0,0,0,false,false,false,0,0,2142,30,0,
1533,tempted_1_25,5805,34,4,budget,0,74,false,7,1605,106,156,0,1,0,0,0,2,21,normal,false,5,15,0,5625,180,0,0,false,false,true,0,0,5805,34,0,
1534,tempted_1_25,5801,32,2,budget,0,77,true,6,1970,108,157,0.25,0.75,0,0,0,5,13,normal,false,5,14,561,3750,1490,0,0,false,false,false,0,0,5801,32,0,
1535,tempted_1_25,2966,30,0,budget,0,51,true,5,725,78,125,0.43333333333333335,0.5666666666666667,0,0,0,2,23,normal,false,9,8,1116,1850,0,0,0,false,false,true,0,0,2966,30,0,
1536,tempted_1_25,2205,20,0,lock,0,66,false,4,575,62,88,0,1,0,0,0,0,-1,normal,false,4,6,0,2205,0,0,0,false,false,false,0,0,2205,20,0,
1537,tempted_1_25,4449,30,0,budget,0,69,true,4,585,105,168,0.2,0.8,0,0,0,3,6,normal,false,5,16,169,4280,0,0,0,false,false,true,0,0,4449,30,0,
1538,tempted_1_25,5320,36,6,budget,0,97,false,3,780,99,150,0,0.8888888888888888,0.1111111111111111,0,0,3,2,normal,false,9,16,0,3670,1110,540,0,true,true,true,0,0,5320,36,0,
1539,tempted_1_25,12031,56,26,budget,2,100,true,6,2700,165,222,0.07142857142857142,0.4642857142857143,0.19642857142857142,0.08928571428571429,0.17857142857142858,12,3,normal,false,5,25,171,3655,1680,1545,4980,false,true,false,5160,10,6871,46,2,6|5
1540,tempted_1_25,20701,66,36,budget,2,100,true,5,2760,220,333,0.13636363636363635,0.5,0.18181818181818182,0.030303030303030304,0.15151515151515152,16,1,normal,false,7,35,501,4505,2880,2835,9980,false,true,true,9520,10,11181,56,2,5|3
1541,tempted_1_25,15300,55,25,budget,1,100,true,5,1905,174,248,0.09090909090909091,0.509090909090909,0.3090909090909091,0,0.09090909090909091,11,4,normal,false,4,28,255,3230,4880,2895,4040,false,false,true,5585,5,9715,50,1,2
1542,tempted_1_25,3090,36,6,budget,0,89,false,3,280,83,110,0,0.9444444444444444,0.027777777777777776,0.027777777777777776,0,2,12,normal,false,8,10,0,2625,330,135,0,false,false,false,0,0,3090,36,0,
1543,tempted_1_25,3623,32,2,budget,0,80,true,3,390,88,147,0.40625,0.59375,0,0,0,5,9,normal,false,8,11,628,2725,270,0,0,false,false,true,0,0,3623,32,0,
1544,tempted_1_25,3144,30,0,budget,0,64,true,4,1070,66,119,0.23333333333333334,0.7666666666666667,0,0,0,1,29,crash,false,7,10,239,2905,0,0,0,false,false,false,0,0,3144,30,0,
1545,tempted_1_25,18995,61,31,budget,3,100,true,6,3600,179,257,0.16393442622950818,0.3770491803278688,0.18032786885245902,0.03278688524590164,0.2459016393442623,13,5,normal,false,4,29,430,3745,1680,1440,11700,false,true,false,11610,15,7385,46,3,6|3|5
1546,tempted_1_25,6688,44,14,budget,0,99,true,4,1010,135,194,0.20454545454545456,0.6590909090909091,0.09090909090909091,0.045454545454545456,0,8,1,normal,false,6,18,458,4195,1450,585,0,true,true,false,0,0,6688,44,0,
1547,tempted_1_25,4275,32,2,budget,0,75,true,4,545,101,151,0,0.96875,0.03125,0,0,1,12,normal,false,10,9,90,4095,90,0,0,false,false,false,0,0,4275,32,0,
1548,tempted_1_25,3209,32,2,budget,0,78,true,5,720,84,130,0.46875,0.5,0.03125,0,0,5,7,normal,false,10,10,794,2325,90,0,0,false,false,false,0,0,3209,32,0,
1549,tempted_1_25,8080,37,22,lock,0,92,true,5,2355,112,145,0,0.6756756756756757,0.32432432432432434,0,0,7,10,normal,false,6,17,40,2665,3080,2295,0,true,false,false,0,0,8080,37,0,
1550,tempted_1_25,2704,30,0,budget,0,63,true,4,485,73,111,0.2,0.8,0,0,0,3,20,normal,false,4,12,434,2270,0,0,0,false,false,false,0,0,2704,30,0,
1551,tempted_1_25,8857,51,21,budget,1,100,true,4,1620,132,194,0.1568627450980392,0.5882352941176471,0.13725490196078433,0.0196078431372549,0.09803921568627451,9,7,crash,false,9,22,347,3230,1110,510,3660,false,false,false,3300,5,5557,46,1,2
1552,tempted_1_25,23261,93,63,budget,3,100,true,5,3060,260,386,0.053763440860215055,0.44086021505376344,0.27956989247311825,0.06451612903225806,0.16129032258064516,22,8,crash,false,5,46,331,5430,5860,1860,9780,false,false,false,9290,15,13971,78,2,2|2
1553,tempted_1_25,2673,30,0,budget,0,50,true,3,465,73,115,0.2,0.8,0,0,0,3,4,crash,false,10,10,148,2525,0,0,0,false,false,false,0,0,2673,30,0,
1554,tempted_1_25,2191,30,0,budget,0,61,true,3,360,53,92,0.43333333333333335,0.5666666666666667,0,0,0,5,5,normal,false,7,10,371,1820,0,0,0,false,false,true,0,0,2191,30,0,
1555,tempted_1_25,11708,52,22,budget,0,97,true,5,2200,175,243,0.057692307692307696,0.7115384615384616,0.17307692307692307,0.057692307692307696,0,11,10,normal,false,9,25,183,4345,3220,3960,0,true,true,true,0,0,11708,52,0,
1556,tempted_1_25,11368,53,23,budget,1,100,true,4,1580,169,215,0.07547169811320754,0.660377358490566,0.1509433962264151,0.018867924528301886,0.09433962264150944,9,11,normal,false,4,28,103,4205,1210,2430,3420,false,true,false,4010,5,7358,48,0,
1557,tempted_1_25,4405,27,19,lock,1,100,false,3,615,72,82,0,0.4074074074074074,0.2962962962962963,0.1111111111111111,0.18518518518518517,7,2,normal,false,6,12,0,1015,1560,510,1320,false,false,true,1440,5,2965,22,1,10
1558,tempted_1_25,2469,30,0,budget,0,63,true,3,360,81,111,0.23333333333333334,0.7666666666666667,0,0,0,3,7,normal,false,5,11,169,2300,0,0,0,false,false,true,0,0,2469,30,0,
1559,tempted_1_25,2830,30,0,budget,0,50,true,4,275,68,156,0.5333333333333333,0.4666666666666667,0,0,0,5,9,normal,false,6,13,1205,1625,0,0,0,false,false,true,0,0,2830,30,0,
1560,tempted_1_25,3609,30,0,budget,0,69,true,4,1300,86,134,0.26666666666666666,0.7333333333333333,0,0,0,3,8,crash,false,7,13,454,3155,0,0,0,false,false,false,0,0,3609,30,0,
1561,tempted_1_25,2608,30,0,budget,0,69,true,3,485,65,119,0.4,0.6,0,0,0,2,10,crash,false,7,9,618,1990,0,0,0,false,false,false,0,0,2608,30,0,
1562,tempted_1_25,5376,34,4,budget,0,82,true,4,870,110,160,0.11764705882352941,0.8823529411764706,0,0,0,4,13,normal,false,4,14,151,4415,810,0,0,false,false,false,0,0,5376,34,0,
1563,tempted_1_25,12879,45,15,budget,1,100,true,5,3720,151,207,0.17777777777777778,0.5555555555555556,0.15555555555555556,0,0.1111111111111111,10,3,normal,false,6,19,289,3240,1510,0,7840,false,false,true,4280,5,8599,40,1,3
1564,tempted_1_25,2620,30,0,budget,0,59,true,4,670,65,104,0.3,0.7,0,0,0,4,11,crash,false,5,6,420,2200,0,0,0,false,false,false,0,0,2620,30,0,
1565,tempted_1_25,3930,32,2,budget,0,75,true,4,500,93,140,0.03125,0.9375,0.03125,0,0,1,27,crash,false,5,11,30,3750,150,0,0,false,false,false,0,0,3930,32,0,
1566,tempted_1_25,3465,30,0,budget,0,50,true,4,405,83,142,0.3333333333333333,0.6666666666666666,0,0,0,4,12,normal,false,4,14,620,2845,0,0,0,false,false,true,0,0,3465,30,0,
1567,tempted_1_25,8476,48,18,budget,0,94,true,4,1455,145,225,0.0625,0.7916666666666666,0.125,0.020833333333333332,0,8,2,crash,false,6,18,161,4485,2300,1530,0,true,false,false,0,0,8476,48,0,
1568,tempted_1_25,4595,30,0,budget,0,58,true,5,645,83,153,0,1,0,0,0,0,-1,normal,false,6,10,90,4505,0,0,0,false,false,false,0,0,4595,30,0,
1569,tempted_1_25,5653,40,10,budget,0,91,true,3,570,122,184,0.125,0.75,0.125,0,0,7,7,normal,false,6,17,193,3560,1630,270,0,true,false,false,0,0,5653,40,0,
1570,tempted_1_25,4133,32,2,budget,0,76,true,4,530,89,165,0.28125,0.6875,0.03125,0,0,1,4,crash,false,5,12,628,3415,90,0,0,false,false,false,0,0,4133,32,0,
1571,tempted_1_25,23788,73,43,budget,3,100,true,6,2760,251,310,0.0684931506849315,0.5068493150684932,0.1780821917808219,0.0410958904109589,0.2054794520547945,17,5,normal,false,6,36,148,3840,5520,1500,12780,false,true,false,11675,15,12113,58,2,4|5
1572,tempted_1_25,4853,34,4,budget,0,83,true,5,735,106,148,0.058823529411764705,0.8823529411764706,0.058823529411764705,0,0,2,26,crash,false,9,12,23,4620,210,0,0,false,false,false,0,0,4853,34,0,
1573,tempted_1_25,9283,45,15,budget,1,100,true,4,1680,126,156,0.06666666666666667,0.6,0.08888888888888889,0.13333333333333333,0.1111111111111111,6,2,normal,false,10,17,123,2600,880,1440,4240,false,false,false,3940,5,5343,40,1,5
1574,tempted_1_25,2955,30,0,budget,0,50,true,4,555,71,131,0.3,0.7,0,0,0,5,15,normal,false,13,12,885,2070,0,0,0,false,false,true,0,0,2955,30,0,
1575,tempted_1_25,2829,30,0,budget,0,50,true,3,260,82,127,0.23333333333333334,0.7666666666666667,0,0,0,4,10,normal,false,4,13,574,2255,0,0,0,false,false,false,0,0,2829,30,0,
1576,tempted_1_25,3527,32,2,budget,0,73,true,5,810,86,127,0.3125,0.625,0.0625,0,0,5,10,normal,false,7,14,457,2860,210,0,0,false,false,false,0,0,3527,32,0,
1577,tempted_1_25,1639,30,0,budget,0,51,true,3,158,51,85,0.23333333333333334,0.7666666666666667,0,0,0,4,10,crash,false,8,9,269,1370,0,0,0,false,false,false,0,0,1639,30,0,
1578,tempted_1_25,12946,54,24,budget,0,98,true,4,2735,168,245,0.09259259259259259,0.6481481481481481,0.2222222222222222,0.037037037037037035,0,12,1,normal,false,9,20,271,3585,3600,5490,0,true,true,false,0,0,12946,54,0,
1579,tempted_1_25,8441,41,11,budget,1,100,true,5,2250,118,187,0.1951219512195122,0.6585365853658537,0.024390243902439025,0,0.12195121951219512,4,6,crash,false,4,16,296,3715,1380,1170,1880,false,false,false,3890,5,4551,36,0,
1580,tempted_1_25,15619,59,29,budget,1,100,true,5,4680,186,274,0.0847457627118644,0.6610169491525424,0.13559322033898305,0.03389830508474576,0.0847457627118644,13,11,normal,false,6,29,229,5380,1940,630,7440,false,true,true,2840,5,12779,54,1,3
1581,tempted_1_25,2553,29,0,lock,0,50,true,4,450,53,116,0.41379310344827586,0.5862068965517241,0,0,0,2,11,crash,false,6,10,563,1990,0,0,0,false,false,false,0,0,2553,29,0,
1582,tempted_1_25,4384,34,4,budget,0,75,true,4,1030,88,157,0.17647058823529413,0.7941176470588235,0.029411764705882353,0,0,4,4,normal,false,5,16,219,4075,90,0,0,false,false,false,0,0,4384,34,0,
1583,tempted_1_25,21286,65,50,lock,2,100,true,6,4565,202,312,0.06153846153846154,0.49230769230769234,0.26153846153846155,0.03076923076923077,0.15384615384615385,17,2,normal,false,3,30,291,3735,5080,6180,6000,false,true,false,5960,10,15326,55,2,4|2
1584,tempted_1_25,5165,38,8,budget,0,92,true,3,680,106,143,0.02631578947368421,0.8947368421052632,0.05263157894736842,0.02631578947368421,0,5,2,normal,false,4,14,45,3565,1240,315,0,true,false,false,0,0,5165,38,0,
1585,tempted_1_25,9060,53,23,budget,1,100,true,4,660,142,197,0.018867924528301886,0.660377358490566,0.18867924528301888,0.03773584905660377,0.09433962264150944,9,5,normal,false,7,24,15,3630,2820,855,1740,false,false,true,2100,5,6960,48,0,
1586,tempted_1_25,2165,17,16,lock,0,99,false,3,690,43,38,0,0.35294117647058826,0.47058823529411764,0.17647058823529413,0,6,5,keto,true,3,9,0,365,1260,540,0,true,true,false,0,0,2165,17,0,
1587,tempted_1_25,3405,30,0,budget,0,67,true,5,600,73,130,0.3333333333333333,0.6666666666666666,0,0,0,4,5,normal,false,6,13,635,2770,0,0,0,false,false,true,0,0,3405,30,0,
1588,tempted_1_25,3318,30,0,budget,0,58,true,4,450,88,119,0.1,0.9,0,0,0,1,22,normal,false,4,11,178,3140,0,0,0,false,false,false,0,0,3318,30,0,
1589,tempted_1_25,6155,25,31,lock,1,100,false,5,1245,65,73,0,0.24,0.4,0.16,0.2,8,2,keto,true,4,14,0,435,2360,1620,1740,false,true,false,2070,5,4085,20,0,
1590,tempted_1_25,3280,36,6,budget,0,92,true,3,340,83,113,0.05555555555555555,0.8333333333333334,0.08333333333333333,0.027777777777777776,0,4,1,normal,false,11,12,50,2470,520,240,0,true,false,true,0,0,3280,36,0,
1591,tempted_1_25,3695,36,6,budget,0,90,true,3,290,92,130,0.027777777777777776,0.8611111111111112,0.08333333333333333,0.027777777777777776,0,2,19,crash,false,5,15,60,3095,360,180,0,true,false,false,0,0,3695,36,0,
1592,tempted_1_25,4037,32,2,budget,0,76,true,4,545,88,133,0.15625,0.84375,0,0,0,4,6,normal,false,5,13,277,3310,450,0,0,false,false,false,0,0,4037,32,0,
1593,tempted_1_25,8631,57,27,budget,1,100,true,3,880,140,176,0.10526315789473684,0.6140350877192983,0.15789473684210525,0.03508771929824561,0.08771929824561403,11,2,crash,false,13,22,196,2525,1870,1080,2960,false,false,false,2520,5,6111,52,1,4
1594,tempted_1_25,7975,49,19,budget,1,100,true,5,1180,138,164,0.02040816326530612,0.673469387755102,0.16326530612244897,0.04081632653061224,0.10204081632653061,8,5,normal,false,9,27,20,3545,1760,270,2380,false,true,false,2740,5,5235,44,1,2
1595,tempted_1_25,2543,30,0,budget,0,64,true,3,315,70,126,0.5666666666666667,0.43333333333333335,0,0,0,3,8,normal,false,6,11,728,1815,0,0,0,false,false,true,0,0,2543,30,0,
1596,tempted_1_25,4990,34,4,budget,0,79,true,5,665,114,162,0.058823529411764705,0.9117647058823529,0.029411764705882353,0,0,4,3,normal,false,7,12,135,4765,90,0,0,false,false,true,0,0,4990,34,0,
1597,tempted_1_25,11925,43,13,budget,1,100,true,5,2900,143,206,0,0.7674418604651163,0.11627906976744186,0,0.11627906976744186,4,23,normal,false,8,17,30,4445,2210,0,5240,false,false,false,5180,5,6745,38,1,2
1598,tempted_1_25,5936,36,6,budget,0,94,true,5,970,117,167,0.1111111111111111,0.7777777777777778,0.08333333333333333,0.027777777777777776,0,3,16,normal,false,10,15,191,4550,1060,135,0,true,false,false,0,0,5936,36,0,
1599,tempted_1_25,30116,79,49,budget,3,100,true,6,4440,299,397,0.0379746835443038,0.4810126582278481,0.20253164556962025,0.08860759493670886,0.189873417721519,18,6,crash,false,5,40,106,5045,7360,2385,15220,false,true,false,15055,15,15061,64,3,4|3|3
1600,tempted_1_25,5220,38,8,budget,0,84,true,4,490,115,204,0.34210526315789475,0.6578947368421053,0,0,0,7,5,crash,false,3,22,1130,3400,690,0,0,false,false,false,0,0,5220,38,0,
1601,tempted_1_25,3241,30,0,budget,0,50,true,5,510,84,130,0.13333333333333333,0.8666666666666667,0,0,0,2,7,normal,false,6,10,641,2600,0,0,0,false,false,false,0,0,3241,30,0,
1602,tempted_1_25,3848,32,2,budget,0,70,true,6,758,97,132,0.125,0.875,0,0,0,4,1,normal,false,4,16,458,3390,0,0,0,false,false,true,0,0,3848,32,0,
1603,tempted_1_25,2813,30,0,budget,0,50,true,5,615,58,120,0.5,0.5,0,0,0,4,7,crash,false,5,10,593,2220,0,0,0,false,false,false,0,0,2813,30,0,
1604,tempted_1_25,3166,30,0,budget,0,56,true,4,405,80,111,0.2,0.8,0,0,0,2,18,normal,false,5,12,251,2915,0,0,0,false,false,false,0,0,3166,30,0,
1605,tempted_1_25,5163,36,6,budget,0,72,true,4,1040,101,175,0.25,0.75,0,0,0,6,6,normal,false,4,15,623,3520,1020,0,0,false,false,false,0,0,5163,36,0,
1606,tempted_1_25,3419,34,4,budget,0,89,true,5,390,80,119,0.20588235294117646,0.7058823529411765,0.058823529411764705,0.029411764705882353,0,4,16,crash,false,4,15,579,2090,570,180,0,false,false,false,0,0,3419,34,0,
1607,tempted_1_25,4720,36,6,budget,0,97,true,5,1080,95,133,0.05555555555555555,0.8333333333333334,0.05555555555555555,0.05555555555555555,0,4,8,normal,false,7,17,250,3030,480,960,0,true,true,true,0,0,4720,36,0,
1608,tempted_1_25,3426,30,0,budget,0,55,true,5,675,78,134,0.26666666666666666,0.7333333333333333,0,0,0,2,9,crash,false,4,11,466,2960,0,0,0,false,false,true,0,0,3426,30,0,
1609,tempted_1_25,1040,8,2,lock,0,70,false,4,465,17,30,0,1,0,0,0,1,1,normal,false,2,4,0,1040,0,0,0,false,false,true,0,0,1040,8,0,
1610,tempted_1_25,7498,38,8,budget,0,95,true,5,855,128,202,0.10526315789473684,0.7631578947368421,0.10526315789473684,0.02631578947368421,0,5,2,normal,false,4,18,793,4665,1590,450,0,true,true,false,0,0,7498,38,0,
1611,tempted_1_25,3251,32,2,budget,0,83,true,4,585,84,126,0.25,0.71875,0.03125,0,0,4,4,normal,false,7,14,371,2610,270,0,0,false,false,false,0,0,3251,32,0,
1612,tempted_1_25,4843,32,2,budget,0,72,true,5,880,107,154,0.1875,0.78125,0.03125,0,0,4,6,normal,false,5,13,438,4315,90,0,0,false,false,true,0,0,4843,32,0,
1613,tempted_1_25,3614,34,4,budget,0,72,true,3,460,100,148,0.17647058823529413,0.7941176470588235,0.029411764705882353,0,0,3,2,normal,false,5,13,459,2665,490,0,0,false,false,false,0,0,3614,34,0,
1614,tempted_1_25,2484,30,0,budget,0,64,true,4,375,72,106,0.2,0.8,0,0,0,2,5,normal,false,4,10,239,2245,0,0,0,false,false,false,0,0,2484,30,0,
1615,tempted_1_25,3920,30,0,budget,0,64,true,4,555,82,141,0.1,0.9,0,0,0,2,18,crash,false,3,14,170,3750,0,0,0,false,false,false,0,0,3920,30,0,
1616,tempted_1_25,2467,30,0,budget,0,50,true,3,315,64,128,0.5,0.5,0,0,0,3,10,normal,false,6,12,727,1740,0,0,0,false,false,true,0,0,2467,30,0,
1617,tempted_1_25,3269,30,0,budget,0,67,true,4,345,88,117,0.16666666666666666,0.8333333333333334,0,0,0,3,6,normal,false,4,13,514,2755,0,0,0,false,false,true,0,0,3269,30,0,
1618,tempted_1_25,2629,30,0,budget,0,61,true,4,450,64,103,0.3,0.7,0,0,0,4,12,normal,false,7,11,309,2320,0,0,0,false,false,false,0,0,2629,30,0,
1619,tempted_1_25,3015,30,0,budget,0,60,true,3,485,76,127,0.36666666666666664,0.6333333333333333,0,0,0,3,9,normal,false,6,13,530,2485,0,0,0,false,false,true,0,0,3015,30,0,
1620,tempted_1_25,3530,34,4,budget,0,84,false,3,570,94,112,0,0.9117647058823529,0.08823529411764706,0,0,2,10,normal,false,11,7,0,2620,910,0,0,false,false,true,0,0,3530,34,0,
1621,tempted_1_25,2295,30,0,budget,0,50,true,4,265,56,111,0.36666666666666664,0.6333333333333333,0,0,0,6,8,crash,false,3,13,715,1580,0,0,0,false,false,false,0,0,2295,30,0,
1622,tempted_1_25,9188,44,14,budget,0,97,true,5,1200,130,212,0.11363636363636363,0.6590909090909091,0.20454545454545456,0.022727272727272728,0,9,9,normal,false,5,22,278,4635,2520,1755,0,true,true,true,0,0,9188,44,0,
1623,tempted_1_25,6103,40,10,budget,0,81,true,6,2470,102,139,0.05,0.925,0.025,0,0,6,1,normal,false,5,17,153,3350,2600,0,0,false,false,false,0,0,6103,40,0,
1624,tempted_1_25,4151,30,0,budget,0,52,true,4,940,90,169,0.43333333333333335,0.5666666666666667,0,0,0,2,7,crash,false,8,11,531,3620,0,0,0,false,false,false,0,0,4151,30,0,
1625,tempted_1_25,12779,63,33,budget,1,100,true,4,1300,202,263,0.06349206349206349,0.5873015873015873,0.2222222222222222,0.047619047619047616,0.07936507936507936,14,4,normal,false,7,36,289,4620,3050,1560,3260,false,true,false,3620,5,9159,58,1,6
1626,tempted_1_25,4168,34,4,budget,0,97,true,4,930,81,129,0.17647058823529413,0.7352941176470589,0.058823529411764705,0.029411764705882353,0,4,4,crash,false,4,13,233,2450,360,1125,0,true,true,false,0,0,4168,34,0,
1627,tempted_1_25,7101,41,11,budget,1,100,true,6,940,114,169,0.24390243902439024,0.5853658536585366,0.024390243902439025,0.024390243902439025,0.12195121951219512,6,5,normal,false,4,21,301,3670,990,360,1780,false,false,true,1620,5,5481,36,1,2
1628,tempted_1_25,1738,30,0,budget,0,50,true,5,448,44,109,0.7,0.3,0,0,0,5,5,crash,false,6,7,1168,570,0,0,0,false,false,false,0,0,1738,30,0,
1629,tempted_1_25,3510,30,0,budget,0,69,true,5,1050,81,106,0.03333333333333333,0.9666666666666667,0,0,0,1,22,normal,false,7,9,60,3450,0,0,0,false,false,true,0,0,3510,30,0,
1630,tempted_1_25,3740,13,0,lock,0,66,true,6,1590,46,94,0.15384615384615385,0.8461538461538461,0,0,0,2,9,normal,false,2,6,135,3605,0,0,0,false,false,false,0,0,3740,13,0,
1631,tempted_1_25,2649,30,0,budget,0,67,true,4,435,78,112,0.26666666666666666,0.7333333333333333,0,0,0,3,4,normal,false,6,11,374,2275,0,0,0,false,false,false,0,0,2649,30,0,
1632,tempted_1_25,4576,30,0,budget,0,50,true,6,710,100,179,0.5333333333333333,0.4666666666666667,0,0,0,4,8,normal,false,6,12,1826,2750,0,0,0,false,false,false,0,0,4576,30,0,
1633,tempted_1_25,3620,30,0,budget,0,66,true,5,660,77,110,0.06666666666666667,0.9333333333333333,0,0,0,2,6,normal,false,5,11,75,3545,0,0,0,false,false,false,0,0,3620,30,0,
1634,tempted_1_25,34760,115,85,budget,5,100,true,5,3240,360,466,0,0.5391304347826087,0.19130434782608696,0.05217391304347826,0.21739130434782608,27,1,normal,false,8,66,120,7380,4550,3030,19680,false,true,false,15730,25,19030,90,4,2|7|3|3
1635,tempted_1_25,28410,85,55,budget,3,100,false,6,3920,313,381,0,0.5882352941176471,0.2235294117647059,0.011764705882352941,0.17647058823529413,18,5,normal,false,5,45,0,5465,5770,1935,15240,false,true,true,13620,15,14790,70,1,3
1636,tempted_1_25,2684,30,0,budget,0,62,true,4,625,75,111,0.2,0.8,0,0,0,2,9,normal,false,8,9,329,2355,0,0,0,false,false,true,0,0,2684,30,0,
1637,tempted_1_25,7385,46,16,budget,0,91,false,8,2215,151,192,0,0.9130434782608695,0.06521739130434782,0.021739130434782608,0,6,7,normal,false,6,22,0,6540,710,135,0,true,false,false,0,0,7385,46,0,
1638,tempted_1_25,2650,30,0,budget,0,50,true,4,505,68,114,0.26666666666666666,0.7333333333333333,0,0,0,4,12,normal,false,4,13,570,2080,0,0,0,false,false,true,0,0,2650,30,0,
1639,tempted_1_25,2135,30,0,budget,0,67,true,3,280,61,107,0.4,0.6,0,0,0,3,16,normal,false,6,8,435,1700,0,0,0,false,false,true,0,0,2135,30,0,
1640,tempted_1_25,2522,30,0,budget,0,52,true,3,365,73,112,0.3333333333333333,0.6666666666666666,0,0,0,3,10,normal,false,6,10,492,2030,0,0,0,false,false,true,0,0,2522,30,0,
1641,tempted_1_25,2823,30,0,budget,0,62,true,3,380,93,120,0.2,0.8,0,0,0,3,5,normal,false,4,14,298,2525,0,0,0,false,false,false,0,0,2823,30,0,
1642,tempted_1_25,2902,30,0,budget,0,53,true,4,590,66,129,0.4666666666666667,0.5333333333333333,0,0,0,3,8,crash,false,5,12,652,2250,0,0,0,false,false,false,0,0,2902,30,0,
1643,tempted_1_25,4389,32,2,budget,0,82,true,5,680,90,142,0.15625,0.8125,0.03125,0,0,3,5,normal,false,6,11,284,3385,720,0,0,false,false,false,0,0,4389,32,0,
1644,tempted_1_25,3817,32,2,budget,0,72,true,3,330,93,152,0.21875,0.75,0.03125,0,0,3,7,crash,false,5,14,647,3050,120,0,0,false,false,true,0,0,3817,32,0,
1645,tempted_1_25,3750,32,2,budget,0,80,false,5,720,85,116,0,0.96875,0.03125,0,0,1,22,normal,false,7,12,0,3660,90,0,0,false,false,true,0,0,3750,32,0,
1646,tempted_1_25,28805,96,66,budget,4,100,true,5,2820,326,415,0.125,0.3645833333333333,0.22916666666666666,0.07291666666666667,0.20833333333333334,25,4,normal,false,5,49,680,3320,6910,5655,12240,false,true,true,11020,20,17785,76,4,2|2|5|4
1647,tempted_1_25,12643,47,17,budget,1,100,true,6,2300,147,217,0.23404255319148937,0.5319148936170213,0.1276595744680851,0,0.10638297872340426,9,10,normal,false,4,24,613,2940,2680,1350,5060,false,false,false,2920,5,9723,42,1,2
1648,tempted_1_25,4690,32,2,budget,0,75,true,6,1305,99,141,0.0625,0.875,0.0625,0,0,3,3,normal,false,11,10,230,4190,270,0,0,false,false,false,0,0,4690,32,0,
1649,tempted_1_25,17191,61,31,budget,3,100,true,4,2400,180,272,0.18032786885245902,0.39344262295081966,0.11475409836065574,0.06557377049180328,0.2459016393442623,13,5,normal,false,5,30,496,3455,1000,2100,10140,false,false,false,7560,15,9631,46,3,2|6|4
1650,tempted_1_25,5605,38,8,budget,0,92,true,6,1650,107,166,0.34210526315789475,0.5526315789473685,0.07894736842105263,0.02631578947368421,0,5,2,normal,false,8,17,685,2410,2330,180,0,true,false,true,0,0,5605,38,0,
1651,tempted_1_25,3042,30,0,budget,0,60,true,3,340,89,148,0.3,0.7,0,0,0,3,9,normal,false,6,14,947,2095,0,0,0,false,false,true,0,0,3042,30,0,
1652,tempted_1_25,3593,28,6,lock,0,99,true,3,1230,69,84,0.07142857142857142,0.75,0.10714285714285714,0.07142857142857142,0,4,6,normal,false,5,11,98,1340,790,1365,0,true,true,false,0,0,3593,28,0,
1653,tempted_1_25,6511,42,12,budget,0,83,true,4,1360,124,181,0.07142857142857142,0.8571428571428571,0.07142857142857142,0,0,6,8,normal,false,7,18,131,4160,2220,0,0,false,false,true,0,0,6511,42,0,
1654,tempted_1_25,2628,30,0,budget,0,68,true,3,330,86,114,0.3,0.7,0,0,0,4,16,normal,false,5,11,398,2230,0,0,0,false,false,true,0,0,2628,30,0,
1655,tempted_1_25,4778,38,8,budget,0,93,true,4,765,92,161,0.15789473684210525,0.7105263157894737,0.07894736842105263,0.05263157894736842,0,7,5,crash,false,6,16,313,3025,720,720,0,true,false,false,0,0,4778,38,0,
1656,tempted_1_25,11340,51,21,budget,1,100,true,6,3000,154,214,0.1568627450980392,0.5686274509803921,0.13725490196078433,0.0392156862745098,0.09803921568627451,10,12,normal,false,4,26,535,3385,1760,2700,2960,false,true,true,4880,5,6460,46,1,6
1657,tempted_1_25,3980,42,14,lock,0,97,true,3,405,98,129,0.047619047619047616,0.7142857142857143,0.21428571428571427,0.023809523809523808,0,6,14,normal,false,5,16,105,2530,1120,225,0,true,true,false,0,0,3980,42,0,
1658,tempted_1_25,3046,32,2,budget,0,76,true,4,375,80,108,0.125,0.84375,0.03125,0,0,2,11,normal,false,5,11,76,2880,90,0,0,false,false,false,0,0,3046,32,0,
1659,tempted_1_25,8345,53,26,lock,0,90,true,5,1740,155,209,0.09433962264150944,0.7169811320754716,0.16981132075471697,0.018867924528301886,0,16,1,normal,false,6,23,135,4305,3770,135,0,true,false,false,0,0,8345,53,0,
1660,tempted_1_25,10345,61,31,budget,1,100,true,5,1005,172,233,0.14754098360655737,0.45901639344262296,0.26229508196721313,0.04918032786885246,0.08196721311475409,15,1,normal,false,5,30,665,3055,2840,1965,1820,false,true,false,1840,5,8505,56,1,8
1661,tempted_1_25,18980,62,32,budget,2,100,true,5,2760,212,314,0.11290322580645161,0.5161290322580645,0.1774193548387097,0.03225806451612903,0.16129032258064516,12,12,crash,false,6,31,660,5580,3000,1200,8540,false,false,false,8300,10,10680,52,2,3|2
1662,tempted_1_25,3141,30,0,budget,0,66,true,5,600,79,120,0.23333333333333334,0.7666666666666667,0,0,0,2,25,normal,false,3,13,326,2815,0,0,0,false,false,true,0,0,3141,30,0,
1663,tempted_1_25,17198,45,15,budget,1,100,true,7,6320,156,223,0.15555555555555556,0.5333333333333333,0.13333333333333333,0.06666666666666667,0.1111111111111111,7,9,normal,false,4,26,313,3720,2580,765,9820,false,true,false,3600,5,13598,40,1,9
1664,tempted_1_25,3468,32,2,budget,0,71,true,4,370,91,132,0.0625,0.9375,0,0,0,2,20,normal,false,6,12,273,3195,0,0,0,false,false,false,0,0,3468,32,0,
1665,tempted_1_25,2640,30,0,budget,0,67,true,4,430,67,92,0.03333333333333333,0.9666666666666667,0,0,0,1,23,normal,false,5,8,30,2610,0,0,0,false,false,false,0,0,2640,30,0,
1666,tempted_1_25,21276,93,63,budget,3,100,true,4,1170,317,396,0.03225806451612903,0.5483870967741935,0.21505376344086022,0.043010752688172046,0.16129032258064516,21,1,normal,false,8,41,151,6565,5970,1170,7420,false,true,true,6730,15,14546,78,3,9|2|4
1667,tempted_1_25,3068,30,0,budget,0,68,true,4,530,73,115,0.06666666666666667,0.9333333333333333,0,0,0,0,-1,crash,false,3,11,53,3015,0,0,0,false,false,false,0,0,3068,30,0,
1668,tempted_1_25,3610,30,0,budget,0,68,true,4,455,81,148,0.2,0.8,0,0,0,3,6,normal,false,5,12,785,2825,0,0,0,false,false,true,0,0,3610,30,0,
1669,tempted_1_25,10288,49,19,budget,1,100,true,5,1090,173,227,0.08163265306122448,0.7142857142857143,0.08163265306122448,0.02040816326530612,0.10204081632653061,9,7,normal,false,5,25,378,5030,2860,360,1660,false,false,false,1860,5,8428,44,1,2
1670,tempted_1_25,3870,32,2,budget,0,82,true,3,890,91,129,0.1875,0.8125,0,0,0,5,8,normal,false,5,12,340,2720,810,0,0,false,false,false,0,0,3870,32,0,
1671,tempted_1_25,11794,39,9,budget,1,100,true,7,5200,150,195,0.1282051282051282,0.6923076923076923,0.05128205128205128,0,0.1282051282051282,5,12,normal,false,5,18,309,4435,190,0,6860,false,false,false,6080,5,5714,34,1,2
1672,tempted_1_25,6127,36,6,budget,0,76,true,4,1150,120,184,0.2222222222222222,0.7222222222222222,0.05555555555555555,0,0,4,1,crash,false,3,17,517,4370,1240,0,0,false,false,false,0,0,6127,36,0,
1673,tempted_1_25,3343,34,4,budget,0,73,true,4,288,83,144,0.38235294117647056,0.5882352941176471,0.029411764705882353,0,0,5,1,crash,false,11,13,818,2345,180,0,0,false,false,true,0,0,3343,34,0,
1674,tempted_1_25,4107,32,2,budget,0,70,true,4,590,84,160,0.34375,0.65625,0,0,0,8,1,crash,false,4,17,837,2730,540,0,0,false,false,false,0,0,4107,32,0,
1675,tempted_1_25,2052,30,0,budget,0,50,true,4,530,49,108,0.43333333333333335,0.5666666666666667,0,0,0,4,11,normal,false,5,10,607,1445,0,0,0,false,false,false,0,0,2052,30,0,
1676,tempted_1_25,3735,30,0,budget,0,55,true,6,1110,74,115,0.13333333333333333,0.8666666666666667,0,0,0,4,6,normal,false,5,10,120,3615,0,0,0,false,false,true,0,0,3735,30,0,
1677,tempted_1_25,9249,50,20,budget,0,95,true,5,1290,164,241,0.08,0.72,0.16,0.04,0,8,1,normal,false,4,24,554,5065,2160,1470,0,true,true,false,0,0,9249,50,0,
1678,tempted_1_25,7768,38,8,budget,0,88,true,6,1620,142,205,0.07894736842105263,0.8947368421052632,0,0.02631578947368421,0,4,3,crash,false,5,17,48,5710,1740,270,0,false,false,false,0,0,7768,38,0,
1679,tempted_1_25,45,1,0,lock,0,50,false,1,45,0,3,0,1,0,0,0,0,-1,normal,false,1,0,0,45,0,0,0,false,false,false,0,0,45,1,0,
1680,tempted_1_25,5340,34,4,budget,0,73,true,5,540,108,210,0.29411764705882354,0.6764705882352942,0.029411764705882353,0,0,3,20,crash,false,5,20,1125,3855,360,0,0,false,false,false,0,0,5340,34,0,
1681,tempted_1_25,5612,48,18,budget,0,92,true,4,705,120,168,0.20833333333333334,0.625,0.16666666666666666,0,0,12,7,normal,false,7,21,437,3305,1600,270,0,true,false,false,0,0,5612,48,0,
1682,tempted_1_25,5204,32,2,budget,0,75,true,6,1260,97,147,0.1875,0.75,0.0625,0,0,2,5,crash,false,5,13,174,4730,300,0,0,false,false,false,0,0,5204,32,0,
1683,tempted_1_25,3176,30,0,budget,0,50,true,4,480,63,127,0.4666666666666667,0.5333333333333333,0,0,0,4,12,normal,false,7,11,481,2695,0,0,0,false,false,false,0,0,3176,30,0,
1684,tempted_1_25,3635,32,2,budget,0,70,true,5,600,74,147,0.5625,0.4375,0,0,0,3,3,crash,false,9,9,795,2840,0,0,0,false,false,false,0,0,3635,32,0,
1685,tempted_1_25,5880,42,12,budget,0,92,true,5,1095,119,149,0,0.9047619047619048,0.09523809523809523,0,0,5,26,normal,false,4,18,30,4365,540,945,0,true,false,true,0,0,5880,42,0,
1686,tempted_1_25,2522,30,0,budget,0,50,true,3,255,62,133,0.4,0.6,0,0,0,3,18,normal,false,4,14,792,1730,0,0,0,false,false,true,0,0,2522,30,0,
1687,tempted_1_25,5141,46,16,budget,0,91,true,4,540,116,152,0.10869565217391304,0.7391304347826086,0.13043478260869565,0.021739130434782608,0,7,1,normal,false,6,14,151,3625,1230,135,0,true,false,false,0,0,5141,46,0,
1688,tempted_1_25,9866,47,17,budget,1,100,true,4,1140,149,238,0.19148936170212766,0.6170212765957447,0.06382978723404255,0.02127659574468085,0.10638297872340426,8,7,crash,false,5,24,426,5240,1050,270,2880,false,false,false,2800,5,7066,42,1,3
1689,tempted_1_25,2583,30,0,budget,0,61,true,3,480,82,112,0.16666666666666666,0.8333333333333334,0,0,0,4,7,normal,false,5,11,273,2310,0,0,0,false,false,false,0,0,2583,30,0,
1690,tempted_1_25,873,11,0,lock,0,56,true,2,260,19,40,0.2727272727272727,0.7272727272727273,0,0,0,1,4,crash,false,4,3,63,810,0,0,0,false,false,false,0,0,873,11,0,
1691,tempted_1_25,6552,41,11,budget,1,100,true,4,900,133,199,0.4146341463414634,0.34146341463414637,0.0975609756097561,0.024390243902439025,0.12195121951219512,8,1,normal,false,4,17,1497,2310,780,225,1740,false,false,false,1660,5,4892,36,1,5
1692,tempted_1_25,392,8,0,lock,0,50,true,2,135,3,28,0.75,0.25,0,0,0,0,-1,crash,false,8,0,107,285,0,0,0,false,false,false,0,0,392,8,0,
1693,tempted_1_25,4639,36,6,budget,0,78,true,5,730,96,145,0.16666666666666666,0.8055555555555556,0.027777777777777776,0,0,5,1,normal,false,5,14,434,3035,1170,0,0,false,false,true,0,0,4639,36,0,
1694,tempted_1_25,5133,36,6,budget,0,80,true,5,790,114,185,0.1388888888888889,0.8333333333333334,0.027777777777777776,0,0,6,7,normal,false,6,15,328,4715,90,0,0,false,false,false,0,0,5133,36,0,
1695,tempted_1_25,3655,30,0,budget,0,65,true,4,505,94,128,0.03333333333333333,0.9666666666666667,0,0,0,1,14,normal,false,5,13,75,3580,0,0,0,false,false,false,0,0,3655,30,0,
1696,tempted_1_25,6860,36,6,budget,0,97,true,5,1940,114,176,0.19444444444444445,0.6944444444444444,0.1111111111111111,0,0,5,2,normal,false,4,17,680,3440,670,2070,0,true,true,true,0,0,6860,36,0,
1697,tempted_1_25,2805,16,8,lock,0,86,false,4,595,56,72,0,0.8125,0.1875,0,0,3,1,normal,false,4,7,0,1965,840,0,0,false,false,false,0,0,2805,16,0,
1698,tempted_1_25,5001,36,6,budget,0,92,true,4,600,93,141,0.16666666666666666,0.7222222222222222,0.05555555555555555,0.05555555555555555,0,5,8,normal,false,6,10,256,2795,840,1110,0,true,false,true,0,0,5001,36,0,
1699,tempted_1_25,2508,30,0,budget,0,66,true,4,520,78,111,0.3333333333333333,0.6666666666666666,0,0,0,3,9,normal,false,5,11,598,1910,0,0,0,false,false,true,0,0,2508,30,0,
1700,tempted_1_25,10205,59,29,budget,1,100,true,5,750,188,242,0.05084745762711865,0.6610169491525424,0.1694915254237288,0.03389830508474576,0.0847457627118644,11,1,normal,false,4,31,425,5535,2480,345,1420,false,false,false,970,5,9235,54,1,2
1701,tempted_1_25,11283,61,31,budget,1,100,true,5,1255,178,229,0.06557377049180328,0.5245901639344263,0.29508196721311475,0.03278688524590164,0.08196721311475409,14,2,normal,false,5,24,98,3925,4200,1440,1620,false,true,false,1320,5,9963,56,1,5
1702,tempted_1_25,960,7,2,lock,0,76,false,3,360,20,25,0,0.7142857142857143,0.2857142857142857,0,0,1,3,normal,false,2,3,0,510,450,0,0,false,false,true,0,0,960,7,0,
1703,tempted_1_25,2537,30,0,budget,0,60,true,3,315,66,108,0.3,0.7,0,0,0,3,14,normal,false,6,11,312,2225,0,0,0,false,false,false,0,0,2537,30,0,
1704,tempted_1_25,25645,93,67,lock,3,100,true,5,1810,294,407,0.010752688172043012,0.5053763440860215,0.26881720430107525,0.053763440860215055,0.16129032258064516,19,15,normal,false,6,47,25,5305,6950,4185,9180,false,false,false,11250,15,14395,78,2,2|2
1705,tempted_1_25,4241,30,0,budget,0,54,true,7,1043,91,149,0.2,0.8,0,0,0,3,16,normal,false,4,13,426,3815,0,0,0,false,false,true,0,0,4241,30,0,
1706,tempted_1_25,2774,30,0,budget,0,53,true,3,335,73,113,0.23333333333333334,0.7666666666666667,0,0,0,4,7,normal,false,4,13,314,2460,0,0,0,false,false,false,0,0,2774,30,0,
1707,tempted_1_25,8485,44,14,budget,0,97,true,5,1770,130,181,0.022727272727272728,0.8181818181818182,0.13636363636363635,0.022727272727272728,0,5,2,normal,false,8,14,60,3330,4600,495,0,true,true,false,0,0,8485,44,0,
1708,tempted_1_25,7260,40,10,budget,0,93,true,7,1170,128,180,0.025,0.875,0.1,0,0,4,12,normal,false,5,19,35,5070,760,1395,0,true,false,true,0,0,7260,40,0,
1709,tempted_1_25,3914,32,2,budget,0,84,true,5,970,84,123,0.15625,0.8125,0.03125,0,0,3,6,normal,false,10,12,229,3535,150,0,0,false,false,false,0,0,3914,32,0,
1710,tempted_1_25,19839,58,28,budget,2,100,true,7,5100,167,253,0.1206896551724138,0.5862068965517241,0.10344827586206896,0.017241379310344827,0.1724137931034483,11,1,crash,false,5,25,144,3115,2760,420,13400,false,false,false,7100,10,12739,48,2,2|2
1711,tempted_1_25,2363,30,0,budget,0,59,true,3,300,68,96,0.23333333333333334,0.7666666666666667,0,0,0,4,7,normal,false,4,11,153,2210,0,0,0,false,false,false,0,0,2363,30,0,
1712,tempted_1_25,4469,30,0,budget,0,50,true,6,950,90,148,0.23333333333333334,0.7666666666666667,0,0,0,4,7,normal,false,4,13,404,4065,0,0,0,false,false,false,0,0,4469,30,0,
1713,tempted_1_25,3339,32,2,budget,0,72,true,4,450,87,147,0.34375,0.625,0.03125,0,0,4,2,crash,false,4,16,849,2370,120,0,0,false,false,true,0,0,3339,32,0,
1714,tempted_1_25,18813,73,43,budget,3,100,true,4,1340,223,303,0.0547945205479452,0.5205479452054794,0.1780821917808219,0.0410958904109589,0.2054794520547945,16,2,crash,false,5,37,83,4405,3710,3015,7600,false,true,false,7400,15,11413,58,3,7|2|2
1715,tempted_1_25,4760,36,6,budget,0,80,true,4,590,109,142,0.027777777777777776,0.9166666666666666,0.05555555555555555,0,0,4,9,normal,false,3,19,20,3930,810,0,0,false,false,true,0,0,4760,36,0,
1716,tempted_1_25,2297,30,0,budget,0,53,true,3,270,65,118,0.43333333333333335,0.5666666666666667,0,0,0,2,6,normal,false,6,11,522,1775,0,0,0,false,false,true,0,0,2297,30,0,
1717,tempted_1_25,4128,40,10,budget,0,89,true,4,520,102,134,0.15,0.725,0.1,0.025,0,8,1,normal,false,8,19,263,2660,710,495,0,false,false,true,0,0,4128,40,0,
1718,tempted_1_25,20156,67,45,lock,3,100,true,7,3925,221,295,0.05970149253731343,0.3880597014925373,0.22388059701492538,0.1044776119402985,0.22388059701492538,17,1,normal,false,6,40,131,4375,3190,6480,5980,false,true,false,5600,15,14556,52,3,3|3|10
1719,tempted_1_25,20593,68,38,budget,0,95,true,7,3015,243,357,0.04411764705882353,0.7205882352941176,0.23529411764705882,0,0,19,3,normal,false,12,29,218,7840,8620,3915,0,true,true,false,0,0,20593,68,0,
1720,tempted_1_25,2546,30,0,budget,0,52,true,3,330,57,139,0.6,0.4,0,0,0,4,6,crash,false,6,11,1031,1515,0,0,0,false,false,false,0,0,2546,30,0,
1721,tempted_1_25,1837,30,0,budget,0,66,true,3,240,63,94,0.36666666666666664,0.6333333333333333,0,0,0,4,9,normal,false,6,13,382,1455,0,0,0,false,false,true,0,0,1837,30,0,
1722,tempted_1_25,14823,63,33,budget,1,100,true,6,1680,229,293,0.047619047619047616,0.6507936507936508,0.19047619047619047,0.031746031746031744,0.07936507936507936,11,13,normal,false,9,32,63,7610,2020,2250,2880,false,false,false,3810,5,11013,58,1,2
1723,tempted_1_25,3951,30,0,budget,0,63,true,4,530,95,142,0.16666666666666666,0.8333333333333334,0,0,0,3,10,normal,false,5,12,431,3520,0,0,0,false,false,false,0,0,3951,30,0,
1724,tempted_1_25,3630,32,2,budget,0,75,true,5,915,86,114,0,0.96875,0.03125,0,0,1,21,normal,false,6,12,135,3405,90,0,0,false,false,true,0,0,3630,32,0,
1725,tempted_1_25,4833,30,0,budget,0,56,true,7,1575,78,164,0.5,0.5,0,0,0,3,6,normal,false,6,10,578,4255,0,0,0,false,false,false,0,0,4833,30,0,
1726,tempted_1_25,14574,53,23,budget,1,100,true,7,2360,168,247,0.11320754716981132,0.5660377358490566,0.20754716981132076,0.018867924528301886,0.09433962264150944,7,9,normal,false,12,23,224,4610,2590,1050,6100,false,true,false,6100,5,8474,48,1,2
1727,tempted_1_25,7434,44,14,budget,0,98,true,4,900,147,196,0.09090909090909091,0.7045454545454546,0.1590909090909091,0.045454545454545456,0,7,10,normal,false,4,20,134,3950,1580,1770,0,true,true,false,0,0,7434,44,0,
1728,tempted_1_25,1945,30,0,budget,0,53,true,4,300,60,93,0.3333333333333333,0.6666666666666666,0,0,0,4,7,normal,false,4,11,570,1375,0,0,0,false,false,false,0,0,1945,30,0,
1729,tempted_1_25,4643,34,4,budget,0,76,true,6,930,91,141,0.11764705882352941,0.8529411764705882,0.029411764705882353,0,0,5,9,normal,false,6,15,133,4240,270,0,0,false,false,false,0,0,4643,34,0,
1730,tempted_1_25,3597,30,0,budget,0,63,true,6,890,72,128,0.5,0.5,0,0,0,6,5,normal,false,4,12,697,2900,0,0,0,false,false,true,0,0,3597,30,0,
1731,tempted_1_25,2351,30,0,budget,0,50,true,4,480,67,109,0.43333333333333335,0.5666666666666667,0,0,0,5,10,normal,false,5,11,741,1610,0,0,0,false,false,false,0,0,2351,30,0,
1732,tempted_1_25,9537,43,13,budget,1,100,true,5,1910,132,190,0.13953488372093023,0.6744186046511628,0.06976744186046512,0,0.11627906976744186,6,4,normal,false,8,16,632,4575,330,540,3460,false,false,false,2790,5,6747,38,1,2
1733,tempted_1_25,2254,26,0,lock,0,50,true,3,335,61,103,0.3076923076923077,0.6923076923076923,0,0,0,2,10,normal,false,7,8,329,1925,0,0,0,false,false,true,0,0,2254,26,0,
1734,tempted_1_25,1405,14,16,lock,0,88,false,2,260,34,40,0,0.7857142857142857,0.14285714285714285,0.07142857142857142,0,7,2,normal,false,1,10,0,700,480,225,0,false,false,false,0,0,1405,14,0,
1735,tempted_1_25,4136,34,4,budget,0,84,true,4,785,86,149,0.17647058823529413,0.7941176470588235,0.029411764705882353,0,0,4,11,normal,false,4,14,281,3375,480,0,0,false,false,false,0,0,4136,34,0,
1736,tempted_1_25,4674,32,2,budget,0,75,true,5,935,95,154,0.21875,0.78125,0,0,0,4,9,normal,false,6,15,524,3350,800,0,0,false,false,false,0,0,4674,32,0,
1737,tempted_1_25,4303,30,0,budget,0,53,true,8,1156,73,131,0.3,0.7,0,0,0,4,5,crash,false,6,11,903,3400,0,0,0,false,false,false,0,0,4303,30,0,
1738,tempted_1_25,4818,30,0,budget,0,61,true,4,440,95,184,0.36666666666666664,0.6333333333333333,0,0,0,4,4,normal,false,3,18,1113,3705,0,0,0,false,false,false,0,0,4818,30,0,
1739,tempted_1_25,3199,30,0,budget,0,69,true,4,490,87,128,0.26666666666666666,0.7333333333333333,0,0,0,3,16,normal,false,5,11,484,2715,0,0,0,false,false,false,0,0,3199,30,0,
1740,tempted_1_25,3663,30,0,budget,0,63,true,3,330,100,129,0.1,0.9,0,0,0,2,16,normal,false,3,14,258,3405,0,0,0,false,false,true,0,0,3663,30,0,
1741,tempted_1_25,2949,30,0,budget,0,57,true,4,545,79,129,0.36666666666666664,0.6333333333333333,0,0,0,4,18,normal,false,8,13,549,2400,0,0,0,false,false,true,0,0,2949,30,0,
1742,tempted_1_25,7641,55,25,budget,1,100,true,4,690,138,223,0.2,0.5454545454545454,0.16363636363636364,0,0.09090909090909091,8,6,crash,false,7,22,586,3445,1640,450,1520,false,true,false,1360,5,6281,50,1,2
1743,tempted_1_25,4899,36,6,budget,0,99,true,5,570,95,157,0.2777777777777778,0.6388888888888888,0.027777777777777776,0.05555555555555555,0,5,1,crash,false,6,17,519,3060,300,1020,0,true,true,false,0,0,4899,36,0,
1744,tempted_1_25,12345,60,30,budget,2,100,false,5,1020,188,229,0,0.65,0.16666666666666666,0.016666666666666666,0.16666666666666666,10,9,normal,false,12,29,0,5525,1370,390,5060,false,false,false,4440,10,7905,50,2,2|4
1745,tempted_1_25,4270,40,10,budget,0,81,true,4,540,108,164,0.1,0.85,0.05,0,0,8,5,crash,false,6,20,375,3715,180,0,0,false,false,true,0,0,4270,40,0,
1746,tempted_1_25,6474,46,16,budget,0,88,true,4,750,137,199,0.10869565217391304,0.8043478260869565,0.06521739130434782,0.021739130434782608,0,9,1,normal,false,6,21,254,4115,1970,135,0,false,false,false,0,0,6474,46,0,
1747,tempted_1_25,2465,30,0,budget,0,66,true,3,255,69,89,0.03333333333333333,0.9666666666666667,0,0,0,1,22,normal,false,8,11,25,2440,0,0,0,false,false,false,0,0,2465,30,0,
1748,tempted_1_25,3764,23,6,lock,0,72,true,7,1335,65,118,0.30434782608695654,0.6956521739130435,0,0,0,5,1,normal,false,4,11,594,2810,360,0,0,false,false,true,0,0,3764,23,0,
1749,tempted_1_25,3565,30,0,budget,0,66,true,4,1185,67,145,0.5333333333333333,0.4666666666666667,0,0,0,3,11,crash,false,3,12,870,2695,0,0,0,false,false,true,0,0,3565,30,0,
1750,tempted_1_25,4538,30,0,budget,0,57,true,6,1235,92,142,0.23333333333333334,0.7666666666666667,0,0,0,3,10,normal,false,3,12,263,4275,0,0,0,false,false,true,0,0,4538,30,0,
1751,tempted_1_25,3393,34,4,budget,0,80,true,5,775,73,131,0.35294117647058826,0.6176470588235294,0.029411764705882353,0,0,4,3,crash,false,5,13,493,2810,90,0,0,false,false,false,0,0,3393,34,0,
1752,tempted_1_25,6961,41,11,budget,1,100,true,4,1940,91,139,0.17073170731707318,0.6341463414634146,0.07317073170731707,0,0.12195121951219512,6,7,crash,false,6,17,301,2210,310,1800,2340,false,false,true,3920,5,3041,36,1,3
1753,tempted_1_25,3921,30,0,budget,0,63,true,6,1370,83,144,0.3,0.7,0,0,0,4,10,normal,false,4,14,461,3460,0,0,0,false,false,false,0,0,3921,30,0,
1754,tempted_1_25,16390,56,26,budget,2,100,true,6,4180,194,251,0.125,0.5892857142857143,0.07142857142857142,0.03571428571428571,0.17857142857142858,10,5,normal,false,6,24,470,5730,1970,720,7500,false,false,false,7370,10,9020,46,1,3
1755,tempted_1_25,5995,39,9,budget,1,100,true,3,1080,100,137,0.02564102564102564,0.8205128205128205,0.02564102564102564,0,0.1282051282051282,2,14,normal,false,5,18,15,2580,330,270,2800,false,false,false,2810,5,3185,34,0,
1756,tempted_1_25,5636,32,2,budget,0,74,true,6,1805,91,172,0.1875,0.8125,0,0,0,3,9,crash,false,4,19,96,5360,180,0,0,false,false,false,0,0,5636,32,0,
1757,tempted_1_25,5555,42,12,budget,0,84,true,5,1035,121,162,0,0.9047619047619048,0.09523809523809523,0,0,6,1,normal,false,5,18,120,3945,1490,0,0,false,false,false,0,0,5555,42,0,
1758,tempted_1_25,8525,30,0,budget,0,57,true,10,3290,117,208,0.4,0.6,0,0,0,5,8,normal,false,5,13,1100,7425,0,0,0,false,false,true,0,0,8525,30,0,
1759,tempted_1_25,3351,30,0,budget,0,59,true,5,895,75,123,0.4,0.6,0,0,0,5,8,normal,false,7,7,406,2945,0,0,0,false,false,true,0,0,3351,30,0,
1760,tempted_1_25,10403,50,20,budget,2,100,true,6,1875,149,197,0.06,0.64,0.1,0,0.2,6,5,normal,false,10,17,168,4210,1120,1845,3060,false,false,false,3715,10,6688,40,1,4
1761,tempted_1_25,2929,30,0,budget,0,50,true,4,395,76,126,0.36666666666666664,0.6333333333333333,0,0,0,5,10,normal,false,4,14,609,2320,0,0,0,false,false,true,0,0,2929,30,0,
1762,tempted_1_25,10600,61,31,budget,1,100,true,4,1500,186,238,0.16393442622950818,0.5737704918032787,0.13114754098360656,0.04918032786885246,0.08196721311475409,11,15,normal,false,8,30,440,3975,1570,1515,3100,false,true,true,3160,5,7440,56,1,4
1763,tempted_1_25,5486,38,8,budget,0,86,true,4,750,117,160,0.07894736842105263,0.7894736842105263,0.13157894736842105,0,0,5,9,normal,false,9,15,216,4120,1150,0,0,false,false,true,0,0,5486,38,0,
1764,tempted_1_25,3324,32,2,budget,0,80,true,3,500,71,120,0.3125,0.6875,0,0,0,6,8,crash,false,5,13,429,2445,450,0,0,false,false,false,0,0,3324,32,0,
1765,tempted_1_25,5529,30,0,budget,0,63,true,7,1405,100,189,0.4,0.6,0,0,0,4,6,normal,false,3,13,749,4780,0,0,0,false,false,true,0,0,5529,30,0,
1766,tempted_1_25,12556,49,19,budget,1,100,true,5,2960,153,208,0.12244897959183673,0.6122448979591837,0.12244897959183673,0.04081632653061224,0.10204081632653061,10,1,crash,false,6,25,156,3145,3200,2895,3160,false,true,false,2980,5,9576,44,1,3
1767,tempted_1_25,2917,30,0,budget,0,64,true,5,630,76,109,0.2,0.8,0,0,0,2,10,normal,false,6,10,242,2675,0,0,0,false,false,true,0,0,2917,30,0,
1768,tempted_1_25,2472,30,0,budget,0,50,true,3,355,64,118,0.3,0.7,0,0,0,3,13,crash,false,5,10,192,2280,0,0,0,false,false,false,0,0,2472,30,0,
1769,tempted_1_25,3316,30,0,budget,0,54,true,4,515,74,128,0.16666666666666666,0.8333333333333334,0,0,0,4,11,normal,false,5,14,261,3055,0,0,0,false,false,true,0,0,3316,30,0,
1770,tempted_1_25,6272,50,20,budget,0,90,true,5,560,141,185,0.16,0.68,0.14,0.02,0,11,3,normal,false,6,21,752,3405,1980,135,0,true,false,true,0,0,6272,50,0,
1771,tempted_1_25,7248,37,7,budget,1,100,true,4,1980,104,157,0.13513513513513514,0.6756756756756757,0.05405405405405406,0,0.13513513513513514,6,1,normal,false,4,17,208,3220,580,0,3240,false,false,false,2940,5,4308,32,1,2
1772,tempted_1_25,2774,30,0,budget,0,53,true,4,645,71,121,0.43333333333333335,0.5666666666666667,0,0,0,2,10,normal,false,8,7,719,2055,0,0,0,false,false,false,0,0,2774,30,0,
1773,tempted_1_25,6537,44,14,budget,0,97,true,4,780,120,184,0.1590909090909091,0.6363636363636364,0.13636363636363635,0.06818181818181818,0,6,12,normal,false,10,20,232,3155,2070,1080,0,true,true,true,0,0,6537,44,0,
1774,tempted_1_25,6101,32,2,budget,0,76,true,6,1535,105,165,0.15625,0.84375,0,0,0,4,7,normal,false,8,13,506,4605,990,0,0,false,false,false,0,0,6101,32,0,
1775,tempted_1_25,4569,34,4,budget,0,74,true,6,1050,102,143,0.17647058823529413,0.7647058823529411,0.058823529411764705,0,0,5,1,normal,false,9,15,214,4055,300,0,0,false,false,true,0,0,4569,34,0,
1776,tempted_1_25,4111,36,6,budget,0,77,true,4,555,87,149,0.25,0.75,0,0,0,7,8,normal,false,6,20,341,2990,780,0,0,false,false,true,0,0,4111,36,0,
1777,tempted_1_25,4352,30,0,budget,0,53,true,8,1223,90,155,0.23333333333333334,0.7666666666666667,0,0,0,3,13,crash,false,8,11,797,3555,0,0,0,false,false,false,0,0,4352,30,0,
1778,tempted_1_25,4185,34,4,budget,0,72,true,4,650,107,132,0.029411764705882353,0.9411764705882353,0.029411764705882353,0,0,3,6,normal,false,13,12,25,4040,120,0,0,false,false,true,0,0,4185,34,0,
1779,tempted_1_25,6545,38,8,budget,0,95,true,5,735,131,185,0,0.8947368421052632,0.02631578947368421,0.07894736842105263,0,3,10,normal,false,4,19,30,5395,580,540,0,true,true,false,0,0,6545,38,0,
1780,tempted_1_25,3748,30,0,budget,0,60,true,4,545,85,159,0.3,0.7,0,0,0,2,21,crash,false,4,13,538,3210,0,0,0,false,false,false,0,0,3748,30,0,
1781,tempted_1_25,3033,32,2,budget,0,82,true,4,630,81,121,0.4375,0.53125,0.03125,0,0,5,1,normal,false,8,9,623,1810,600,0,0,false,false,false,0,0,3033,32,0,
1782,tempted_1_25,5656,42,12,budget,0,94,true,3,1030,118,201,0.2619047619047619,0.6428571428571429,0.09523809523809523,0,0,7,8,crash,false,5,20,576,3630,640,810,0,true,false,true,0,0,5656,42,0,
1783,tempted_1_25,3138,30,0,budget,0,58,true,4,460,87,144,0.5333333333333333,0.4666666666666667,0,0,0,2,13,normal,false,5,11,943,2195,0,0,0,false,false,false,0,0,3138,30,0,
1784,tempted_1_25,3057,30,0,budget,0,50,true,4,285,83,137,0.36666666666666664,0.6333333333333333,0,0,0,5,7,normal,false,5,14,1007,2050,0,0,0,false,false,true,0,0,3057,30,0,
1785,tempted_1_25,1904,30,0,budget,0,50,true,4,333,49,102,0.5,0.5,0,0,0,3,9,crash,false,5,12,524,1380,0,0,0,false,false,false,0,0,1904,30,0,
1786,tempted_1_25,5355,36,6,budget,0,80,true,6,1160,103,162,0.25,0.6944444444444444,0.05555555555555555,0,0,3,16,normal,false,12,13,535,4040,780,0,0,false,false,true,0,0,5355,36,0,
1787,tempted_1_25,5926,48,18,budget,0,85,true,4,790,123,162,0.08333333333333333,0.75,0.16666666666666666,0,0,8,6,normal,false,10,21,206,3400,2050,270,0,false,false,true,0,0,5926,48,0,
1788,tempted_1_25,3827,32,2,budget,0,77,true,4,420,89,130,0.3125,0.65625,0.03125,0,0,3,7,normal,false,7,15,307,3220,300,0,0,false,false,true,0,0,3827,32,0,
1789,tempted_1_25,3039,30,0,budget,0,52,true,3,320,77,130,0.23333333333333334,0.7666666666666667,0,0,0,3,9,normal,false,2,15,399,2640,0,0,0,false,false,false,0,0,3039,30,0,
1790,tempted_1_25,4988,40,10,budget,0,88,true,5,1050,112,147,0.075,0.775,0.125,0.025,0,8,1,normal,false,7,14,388,3035,1430,135,0,false,false,true,0,0,4988,40,0,
1791,tempted_1_25,3073,30,0,budget,0,50,true,4,490,76,133,0.4,0.6,0,0,0,5,10,normal,false,5,12,608,2465,0,0,0,false,false,true,0,0,3073,30,0,
1792,tempted_1_25,2675,30,0,budget,0,66,true,4,420,60,105,0.3,0.7,0,0,0,1,8,crash,false,7,8,295,2380,0,0,0,false,false,false,0,0,2675,30,0,
1793,tempted_1_25,4553,30,0,budget,0,64,true,6,1045,98,138,0.1,0.9,0,0,0,2,13,normal,false,6,15,163,4390,0,0,0,false,false,false,0,0,4553,30,0,
1794,tempted_1_25,4107,30,0,budget,0,67,true,6,1035,86,121,0.3,0.7,0,0,0,3,17,normal,false,4,10,292,3815,0,0,0,false,false,false,0,0,4107,30,0,
1795,tempted_1_25,6884,42,12,budget,0,82,true,5,2150,128,187,0.14285714285714285,0.7619047619047619,0.09523809523809523,0,0,7,6,crash,false,6,16,294,3700,2890,0,0,false,false,false,0,0,6884,42,0,
1796,tempted_1_25,1769,24,0,lock,0,50,true,3,275,50,81,0.2916666666666667,0.7083333333333334,0,0,0,1,18,normal,false,4,7,284,1485,0,0,0,false,false,false,0,0,1769,24,0,
1797,tempted_1_25,3891,32,2,budget,0,78,true,3,390,101,136,0.0625,0.875,0.0625,0,0,3,16,normal,false,3,18,381,3300,210,0,0,false,false,false,0,0,3891,32,0,
1798,tempted_1_25,6007,36,13,lock,1,100,true,3,1080,116,137,0.2222222222222222,0.4722222222222222,0.1111111111111111,0.05555555555555555,0.1388888888888889,5,10,keto,false,4,22,227,2715,230,375,2460,false,false,false,1620,5,4387,31,1,5
1799,tempted_1_25,5191,39,9,budget,1,100,true,5,540,109,160,0.23076923076923078,0.5641025641025641,0.05128205128205128,0.02564102564102564,0.1282051282051282,9,3,crash,false,9,12,671,2710,630,360,820,false,false,false,1020,5,4171,34,1,3
1800,tempted_1_25,8306,34,4,budget,0,85,true,7,2220,134,194,0.14705882352941177,0.8235294117647058,0.029411764705882353,0,0,5,6,normal,false,4,20,366,6050,1890,0,0,false,false,false,0,0,8306,34,0,
1801,tempted_1_25,3415,32,2,budget,0,78,true,5,1045,82,106,0,1,0,0,0,1,18,normal,false,10,6,60,2905,450,0,0,false,false,false,0,0,3415,32,0,
1802,tempted_1_25,3216,30,0,budget,0,69,true,4,400,88,126,0.1,0.9,0,0,0,1,10,normal,false,9,11,231,2985,0,0,0,false,false,false,0,0,3216,30,0,
1803,tempted_1_25,3725,30,0,budget,0,68,true,4,425,96,148,0.23333333333333334,0.7666666666666667,0,0,0,4,7,normal,false,3,15,570,3155,0,0,0,false,false,true,0,0,3725,30,0,
1804,tempted_1_25,6364,36,6,budget,0,87,true,5,930,103,168,0.16666666666666666,0.7777777777777778,0.05555555555555555,0,0,4,11,normal,false,9,15,179,4595,1050,540,0,false,false,true,0,0,6364,36,0,
1805,tempted_1_25,3212,32,2,budget,0,71,true,4,515,85,134,0.34375,0.65625,0,0,0,3,5,normal,false,3,17,617,2595,0,0,0,false,false,false,0,0,3212,32,0,
1806,tempted_1_25,2605,30,0,budget,0,50,true,3,255,66,128,0.3333333333333333,0.6666666666666666,0,0,0,2,11,crash,false,5,10,615,1990,0,0,0,false,false,false,0,0,2605,30,0,
1807,tempted_1_25,2390,6,0,lock,0,54,false,6,1370,25,45,0,1,0,0,0,0,-1,normal,false,2,3,0,2390,0,0,0,false,false,false,0,0,2390,6,0,
1808,tempted_1_25,10018,45,15,budget,1,100,true,7,2090,129,177,0.26666666666666666,0.5333333333333333,0.06666666666666667,0.022222222222222223,0.1111111111111111,10,1,normal,false,4,18,318,3330,2010,240,4120,false,false,true,3480,5,6538,40,1,2
1809,tempted_1_25,3370,30,0,budget,0,50,true,5,525,76,144,0.43333333333333335,0.5666666666666667,0,0,0,4,6,normal,false,5,14,985,2385,0,0,0,false,false,true,0,0,3370,30,0,
1810,tempted_1_25,4298,30,0,budget,0,68,true,6,780,81,147,0.2,0.8,0,0,0,4,10,normal,false,4,11,288,4010,0,0,0,false,false,true,0,0,4298,30,0,
1811,tempted_1_25,4941,30,0,budget,0,65,true,5,940,94,173,0.3,0.7,0,0,0,4,4,normal,false,3,13,566,4375,0,0,0,false,false,false,0,0,4941,30,0,
1812,tempted_1_25,20613,90,60,budget,2,100,true,6,1350,290,382,0.05555555555555555,0.6333333333333333,0.15555555555555556,0.044444444444444446,0.1111111111111111,22,4,crash,false,9,49,248,9605,5180,960,4620,false,false,false,4875,10,15738,80,1,3
1813,tempted_1_25,3355,30,0,budget,0,51,true,5,800,77,115,0.13333333333333333,0.8666666666666667,0,0,0,3,6,normal,false,3,11,415,2940,0,0,0,false,false,false,0,0,3355,30,0,
1814,tempted_1_25,3887,32,2,budget,0,79,true,4,510,84,136,0.1875,0.8125,0,0,0,3,5,normal,false,6,14,377,3330,180,0,0,false,false,true,0,0,3887,32,0,
1815,tempted_1_25,3604,29,2,lock,0,76,true,4,525,89,124,0.13793103448275862,0.8275862068965517,0.034482758620689655,0,0,2,7,normal,false,2,13,264,3250,90,0,0,false,false,true,0,0,3604,29,0,
1816,tempted_1_25,4361,30,0,budget,0,55,true,4,700,101,166,0.26666666666666666,0.7333333333333333,0,0,0,5,13,crash,false,5,16,576,3785,0,0,0,false,false,true,0,0,4361,30,0,
1817,tempted_1_25,4384,32,2,budget,0,75,true,5,458,87,161,0.09375,0.875,0.03125,0,0,2,5,normal,false,11,11,369,3715,300,0,0,false,false,false,0,0,4384,32,0,
1818,tempted_1_25,3876,30,0,budget,0,62,true,4,580,91,148,0.26666666666666666,0.7333333333333333,0,0,0,4,11,normal,false,3,12,741,3135,0,0,0,false,false,true,0,0,3876,30,0,
1819,tempted_1_25,2701,30,0,budget,0,50,true,3,235,83,145,0.5666666666666667,0.43333333333333335,0,0,0,5,5,crash,false,7,9,1466,1235,0,0,0,false,false,true,0,0,2701,30,0,
1820,tempted_1_25,2627,32,2,budget,0,72,true,3,440,75,108,0.21875,0.75,0.03125,0,0,2,14,normal,false,7,11,277,1910,440,0,0,false,false,false,0,0,2627,32,0,
1821,tempted_1_25,5664,34,4,budget,0,71,true,8,2075,102,168,0.23529411764705882,0.7647058823529411,0,0,0,4,10,crash,false,5,16,684,4980,0,0,0,false,false,false,0,0,5664,34,0,
1822,tempted_1_25,3773,32,2,budget,0,76,true,3,435,97,144,0.09375,0.875,0.03125,0,0,2,18,normal,false,5,15,113,3480,180,0,0,false,false,true,0,0,3773,32,0,
1823,tempted_1_25,2200,30,0,budget,0,50,true,4,720,53,120,0.6333333333333333,0.36666666666666664,0,0,0,2,22,crash,false,5,8,735,1465,0,0,0,false,false,false,0,0,2200,30,0,
1824,tempted_1_25,2500,30,0,budget,0,65,true,4,420,59,103,0.3,0.7,0,0,0,1,23,crash,false,7,8,175,2325,0,0,0,false,false,false,0,0,2500,30,0,
1825,tempted_1_25,6403,43,13,budget,1,100,true,5,720,136,175,0.11627906976744186,0.7209302325581395,0.023255813953488372,0.023255813953488372,0.11627906976744186,6,1,crash,false,6,21,198,4255,120,270,1560,false,false,false,1290,5,5113,38,1,2
1826,tempted_1_25,2849,30,0,budget,0,60,true,4,470,72,121,0.43333333333333335,0.5666666666666667,0,0,0,2,7,normal,false,10,12,759,2090,0,0,0,false,false,true,0,0,2849,30,0,
1827,tempted_1_25,3583,30,0,budget,0,50,true,5,795,61,147,0.4,0.6,0,0,0,3,12,normal,false,8,12,703,2880,0,0,0,false,false,true,0,0,3583,30,0,
1828,tempted_1_25,13305,51,21,budget,1,100,true,8,4320,174,251,0,0.8431372549019608,0.058823529411764705,0,0.09803921568627451,8,1,normal,false,6,21,60,6595,3770,1260,1620,false,false,true,1640,5,11665,46,1,3
1829,tempted_1_25,5201,30,0,budget,0,69,true,5,815,105,149,0.1,0.9,0,0,0,2,7,normal,false,3,12,261,4940,0,0,0,false,false,false,0,0,5201,30,0,
1830,tempted_1_25,6728,30,0,budget,0,50,true,7,1490,123,214,0.23333333333333334,0.7666666666666667,0,0,0,4,10,normal,false,4,17,753,5975,0,0,0,false,false,false,0,0,6728,30,0,
1831,tempted_1_25,4400,32,2,budget,0,80,false,4,640,116,143,0,0.96875,0.03125,0,0,1,28,normal,false,7,10,0,4220,180,0,0,false,false,false,0,0,4400,32,0,
1832,tempted_1_25,2362,30,0,budget,0,59,true,3,225,74,110,0.4,0.6,0,0,0,3,8,normal,false,8,10,532,1830,0,0,0,false,false,true,0,0,2362,30,0,
1833,tempted_1_25,10269,49,19,budget,1,100,true,4,1020,169,261,0.2857142857142857,0.4489795918367347,0.12244897959183673,0.04081632653061224,0.10204081632653061,9,9,crash,false,5,25,1189,2770,2250,1320,2740,false,false,false,3070,5,7199,44,1,5
1834,tempted_1_25,29970,110,80,budget,4,100,true,6,3975,360,462,0.00909090909090909,0.5272727272727272,0.22727272727272727,0.05454545454545454,0.18181818181818182,26,3,normal,false,6,57,30,8095,4120,6345,11380,false,true,true,12450,20,17520,90,4,3|2|4|2
1835,tempted_1_25,9660,36,6,budget,0,83,false,7,2230,166,237,0,0.9444444444444444,0.05555555555555555,0,0,3,2,normal,false,6,19,0,8700,960,0,0,false,false,true,0,0,9660,36,0,
1836,tempted_1_25,16370,58,28,budget,2,100,true,5,2475,189,254,0.1206896551724138,0.5344827586206896,0.13793103448275862,0.034482758620689655,0.1724137931034483,11,9,normal,false,5,29,230,4210,2880,3330,5720,false,true,true,8385,10,7985,48,1,6
1837,tempted_1_25,14311,46,24,lock,2,100,true,5,1980,152,217,0.08695652173913043,0.5652173913043478,0.13043478260869565,0,0.21739130434782608,8,6,normal,false,7,19,361,3740,2050,720,7440,false,false,true,7950,10,6361,36,1,2
1838,tempted_1_25,5333,30,0,budget,0,59,true,5,1220,112,157,0.2,0.8,0,0,0,4,9,normal,false,5,14,418,4915,0,0,0,false,false,true,0,0,5333,30,0,
1839,tempted_1_25,5439,44,14,budget,0,96,true,3,465,123,177,0.1590909090909091,0.6818181818181818,0.13636363636363635,0.022727272727272728,0,8,4,crash,false,7,17,324,3645,1200,270,0,true,true,false,0,0,5439,44,0,
1840,tempted_1_25,7583,41,11,budget,1,100,true,4,1160,123,159,0.04878048780487805,0.7317073170731707,0.07317073170731707,0.024390243902439025,0.12195121951219512,4,16,normal,false,6,19,53,3035,960,675,2860,false,false,false,2940,5,4643,36,1,4
1841,tempted_1_25,5644,38,8,budget,0,86,true,6,980,110,163,0.15789473684210525,0.7894736842105263,0.05263157894736842,0,0,4,5,normal,false,5,13,179,4640,420,405,0,false,false,false,0,0,5644,38,0,
1842,tempted_1_25,17540,61,31,budget,1,100,true,9,5625,196,291,0.06557377049180328,0.5901639344262295,0.2459016393442623,0.01639344262295082,0.08196721311475409,15,7,crash,false,6,28,150,6545,7560,1845,1440,false,true,false,1360,5,16180,56,1,7
1843,tempted_1_25,3964,30,0,budget,0,62,true,5,1120,86,127,0.13333333333333333,0.8666666666666667,0,0,0,3,3,normal,false,5,11,169,3795,0,0,0,false,false,false,0,0,3964,30,0,
1844,tempted_1_25,2925,30,0,budget,0,50,true,4,390,82,146,0.5,0.5,0,0,0,3,10,crash,false,6,12,795,2130,0,0,0,false,false,true,0,0,2925,30,0,
1845,tempted_1_25,2680,30,0,budget,0,67,true,5,635,72,96,0.26666666666666666,0.7333333333333333,0,0,0,3,18,normal,false,7,12,235,2445,0,0,0,false,false,true,0,0,2680,30,0,
1846,tempted_1_25,4445,32,2,budget,0,70,true,5,740,98,141,0.15625,0.84375,0,0,0,3,1,crash,false,8,12,280,4165,0,0,0,false,false,false,0,0,4445,32,0,
1847,tempted_1_25,4139,36,6,budget,0,82,true,3,375,97,149,0.19444444444444445,0.75,0.05555555555555555,0,0,3,1,crash,false,6,15,259,3100,780,0,0,false,false,true,0,0,4139,36,0,
1848,tempted_1_25,12695,31,17,lock,1,100,false,6,4775,123,176,0,0.5483870967741935,0.22580645161290322,0.06451612903225806,0.16129032258064516,5,10,normal,false,7,11,0,3420,3400,4455,1420,false,false,false,1320,5,11375,26,1,6
1849,tempted_1_25,5020,40,10,budget,0,86,true,5,610,108,173,0.3,0.625,0.075,0,0,7,6,normal,false,5,19,530,3800,690,0,0,false,false,true,0,0,5020,40,0,
1850,tempted_1_25,3207,30,0,budget,0,57,true,4,665,79,119,0.23333333333333334,0.7666666666666667,0,0,0,2,14,normal,false,5,12,332,2875,0,0,0,false,false,true,0,0,3207,30,0,
1851,tempted_1_25,3517,34,4,budget,0,79,true,4,450,80,134,0.29411764705882354,0.6470588235294118,0.058823529411764705,0,0,4,11,crash,false,6,11,457,2880,180,0,0,false,false,false,0,0,3517,34,0,
1852,tempted_1_25,1223,6,0,lock,0,50,true,5,810,11,38,0.3333333333333333,0.6666666666666666,0,0,0,0,-1,crash,false,2,2,53,1170,0,0,0,false,false,false,0,0,1223,6,0,
1853,tempted_1_25,4506,30,0,budget,0,54,true,5,825,85,145,0.23333333333333334,0.7666666666666667,0,0,0,4,14,normal,false,3,13,281,4225,0,0,0,false,false,true,0,0,4506,30,0,
1854,tempted_1_25,2595,30,0,budget,0,66,true,3,275,73,103,0.03333333333333333,0.9666666666666667,0,0,0,1,19,normal,false,7,10,180,2415,0,0,0,false,false,false,0,0,2595,30,0,
1855,tempted_1_25,3058,32,2,budget,0,71,true,4,500,78,112,0.125,0.875,0,0,0,4,4,normal,false,4,11,163,2895,0,0,0,false,false,false,0,0,3058,32,0,
1856,tempted_1_25,3391,30,0,budget,0,67,true,5,675,76,130,0.23333333333333334,0.7666666666666667,0,0,0,2,10,crash,false,5,13,231,3160,0,0,0,false,false,false,0,0,3391,30,0,
1857,tempted_1_25,9100,52,22,budget,0,97,true,5,1365,156,198,0,0.9038461538461539,0.07692307692307693,0.019230769230769232,0,8,18,normal,false,6,22,60,4375,1830,2835,0,true,true,true,0,0,9100,52,0,
1858,tempted_1_25,3807,30,0,budget,0,62,true,5,1065,78,128,0.26666666666666666,0.7333333333333333,0,0,0,1,24,normal,false,5,10,282,3525,0,0,0,false,false,true,0,0,3807,30,0,
1859,tempted_1_25,3473,30,0,budget,0,69,true,4,400,80,121,0.16666666666666666,0.8333333333333334,0,0,0,4,11,normal,false,6,12,333,3140,0,0,0,false,false,true,0,0,3473,30,0,
1860,tempted_1_25,10873,51,21,budget,1,100,true,4,1830,154,208,0.09803921568627451,0.6078431372549019,0.13725490196078433,0.058823529411764705,0.09803921568627451,11,2,normal,false,11,20,108,3205,1920,3360,2280,false,false,true,2475,5,8398,46,1,6
1861,tempted_1_25,19965,61,31,budget,3,100,true,8,5360,208,272,0.03278688524590164,0.6065573770491803,0.09836065573770492,0.01639344262295082,0.2459016393442623,10,1,normal,false,12,23,60,5455,3890,2820,7740,false,true,false,11860,15,8105,46,2,4|2
1862,tempted_1_25,4005,30,0,budget,0,50,true,5,1220,85,122,0.13333333333333333,0.8666666666666667,0,0,0,2,6,normal,false,7,9,160,3845,0,0,0,false,false,true,0,0,4005,30,0,
1863,tempted_1_25,3528,32,2,budget,0,71,true,4,390,84,127,0.125,0.875,0,0,0,4,7,normal,false,6,13,118,3410,0,0,0,false,false,true,0,0,3528,32,0,
1864,tempted_1_25,4250,30,0,budget,0,58,true,6,1340,96,134,0.06666666666666667,0.9333333333333333,0,0,0,1,25,normal,false,5,11,80,4170,0,0,0,false,false,false,0,0,4250,30,0,
1865,tempted_1_25,6686,40,10,budget,0,98,true,5,810,140,195,0.15,0.725,0.075,0.05,0,7,14,normal,false,3,24,706,4565,560,855,0,true,true,true,0,0,6686,40,0,
1866,tempted_1_25,3552,30,0,budget,0,66,true,4,460,67,134,0.2,0.8,0,0,0,1,20,crash,false,5,10,417,3135,0,0,0,false,false,false,0,0,3552,30,0,
1867,tempted_1_25,4320,34,4,budget,0,84,false,5,1065,89,132,0,0.9411764705882353,0.058823529411764705,0,0,2,23,normal,false,14,13,0,3800,520,0,0,false,false,true,0,0,4320,34,0,
1868,tempted_1_25,12592,47,17,budget,1,100,true,7,2765,162,227,0.1276595744680851,0.5957446808510638,0.14893617021276595,0.02127659574468085,0.10638297872340426,8,4,normal,false,4,19,292,6300,1740,1920,2340,false,false,true,2720,5,9872,42,1,4
1869,tempted_1_25,9274,40,10,budget,0,94,true,6,2490,105,200,0.375,0.5,0.1,0.025,0,7,8,crash,false,5,15,799,3050,3580,1845,0,true,false,false,0,0,9274,40,0,
1870,tempted_1_25,8704,55,25,budget,1,100,true,5,1235,146,208,0.12727272727272726,0.5636363636363636,0.21818181818181817,0,0.09090909090909091,9,2,crash,false,11,19,249,3985,3270,0,1200,false,false,false,2255,5,6449,50,0,
1871,tempted_1_25,19358,69,39,budget,3,100,true,5,1965,222,318,0.057971014492753624,0.6086956521739131,0.08695652173913043,0.028985507246376812,0.21739130434782608,13,6,crash,false,6,33,83,4985,3960,2070,8260,false,false,false,8305,15,11053,54,0,
1872,tempted_1_25,5131,32,2,budget,0,70,true,7,1405,99,184,0.4375,0.5625,0,0,0,4,1,crash,false,8,15,796,4335,0,0,0,false,false,true,0,0,5131,32,0,
1873,tempted_1_25,2463,30,0,budget,0,62,true,3,415,50,106,0.5,0.5,0,0,0,3,9,crash,false,9,8,513,1950,0,0,0,false,false,false,0,0,2463,30,0,
1874,tempted_1_25,3665,30,0,budget,0,58,true,4,730,81,159,0.5333333333333333,0.4666666666666667,0,0,0,4,9,crash,false,5,11,900,2765,0,0,0,false,false,false,0,0,3665,30,0,
1875,tempted_1_25,2728,30,0,budget,0,58,true,4,445,67,113,0.23333333333333334,0.7666666666666667,0,0,0,3,7,normal,false,6,13,403,2325,0,0,0,false,false,false,0,0,2728,30,0,
1876,tempted_1_25,5799,32,2,budget,0,79,true,5,760,110,189,0.25,0.71875,0.03125,0,0,3,6,crash,false,3,17,659,5020,120,0,0,false,false,false,0,0,5799,32,0,
1877,tempted_1_25,2858,30,0,budget,0,50,true,4,375,80,138,0.4666666666666667,0.5333333333333333,0,0,0,4,11,normal,false,4,15,1163,1695,0,0,0,false,false,true,0,0,2858,30,0,
1878,tempted_1_25,19734,58,28,budget,2,100,true,7,5265,188,247,0.1724137931034483,0.5,0.13793103448275862,0.017241379310344827,0.1724137931034483,8,7,normal,false,5,25,344,3490,2200,3600,10100,false,true,false,13885,10,5849,48,2,2|4
1879,tempted_1_25,7623,44,14,budget,0,97,true,5,1035,135,195,0.09090909090909091,0.75,0.11363636363636363,0.045454545454545456,0,9,4,normal,false,12,18,278,5295,1420,630,0,true,true,true,0,0,7623,44,0,
1880,tempted_1_25,5252,32,2,budget,0,78,true,5,1193,86,169,0.375,0.625,0,0,0,7,1,crash,false,5,11,617,4455,180,0,0,false,false,false,0,0,5252,32,0,
1881,tempted_1_25,19473,75,45,budget,3,100,true,5,3520,234,319,0.04,0.52,0.14666666666666667,0.09333333333333334,0.2,14,5,crash,false,4,40,178,4555,1940,6000,6800,false,true,false,6480,15,12993,60,2,2|2
1882,tempted_1_25,2970,30,0,budget,0,57,true,4,390,67,120,0.3333333333333333,0.6666666666666666,0,0,0,3,11,normal,false,3,13,350,2620,0,0,0,false,false,false,0,0,2970,30,0,
1883,tempted_1_25,4010,34,4,budget,0,89,true,4,490,90,126,0.058823529411764705,0.8529411764705882,0.058823529411764705,0.029411764705882353,0,4,5,normal,false,4,16,45,3635,150,180,0,false,false,true,0,0,4010,34,0,
1884,tempted_1_25,6252,48,18,budget,0,91,true,4,1080,116,166,0.10416666666666667,0.7083333333333334,0.14583333333333334,0.041666666666666664,0,9,2,normal,false,8,19,222,3020,2650,360,0,true,false,false,0,0,6252,48,0,
1885,tempted_1_25,24043,80,50,budget,2,100,true,9,2880,293,365,0.0375,0.5375,0.275,0.025,0.125,18,6,normal,false,4,40,213,7125,4220,3465,9020,false,true,false,10150,10,13893,70,1,3
1886,tempted_1_25,3125,30,0,budget,0,54,true,4,985,62,140,0.5333333333333333,0.4666666666666667,0,0,0,4,11,crash,false,4,12,1025,2100,0,0,0,false,false,false,0,0,3125,30,0,
1887,tempted_1_25,2914,32,2,budget,0,73,true,4,495,76,106,0.21875,0.75,0.03125,0,0,6,2,normal,false,4,13,269,2555,90,0,0,false,false,false,0,0,2914,32,0,
1888,tempted_1_25,3329,34,4,budget,0,84,true,3,525,94,120,0.17647058823529413,0.7647058823529411,0.058823529411764705,0,0,4,10,normal,false,5,15,309,2660,360,0,0,false,false,true,0,0,3329,34,0,
1889,tempted_1_25,5151,30,0,budget,0,69,true,6,1125,102,183,0.4,0.6,0,0,0,2,15,crash,false,4,14,1036,4115,0,0,0,false,false,true,0,0,5151,30,0,
1890,tempted_1_25,3231,30,0,budget,0,61,true,4,1000,86,147,0.6,0.4,0,0,0,5,6,normal,false,5,15,991,2240,0,0,0,false,false,true,0,0,3231,30,0,
1891,tempted_1_25,4726,32,2,budget,0,70,true,6,1005,95,142,0.09375,0.90625,0,0,0,2,15,normal,false,7,11,96,4630,0,0,0,false,false,false,0,0,4726,32,0,
1892,tempted_1_25,3178,30,0,budget,0,65,true,4,450,76,134,0.4666666666666667,0.5333333333333333,0,0,0,3,15,crash,false,5,14,823,2355,0,0,0,false,false,false,0,0,3178,30,0,
1893,tempted_1_25,6714,48,18,budget,0,93,true,5,1130,151,189,0.20833333333333334,0.5833333333333334,0.1875,0.020833333333333332,0,11,7,keto,false,6,22,499,4010,2070,135,0,true,false,true,0,0,6714,48,0,
1894,tempted_1_25,3449,30,0,budget,0,57,true,4,510,83,126,0.2,0.8,0,0,0,2,18,normal,false,8,8,169,3280,0,0,0,false,false,true,0,0,3449,30,0,
1895,tempted_1_25,30131,114,84,budget,4,100,true,6,2640,361,465,0.03508771929824561,0.5087719298245614,0.20175438596491227,0.07894736842105263,0.17543859649122806,27,1,crash,false,8,55,121,5535,8500,2235,13740,false,true,false,12370,20,17761,94,2,8|3
1896,tempted_1_25,3984,30,0,budget,0,50,true,7,1508,83,137,0.23333333333333334,0.7666666666666667,0,0,0,4,9,normal,false,6,11,924,3060,0,0,0,false,false,true,0,0,3984,30,0,
1897,tempted_1_25,5108,37,7,budget,1,100,true,3,1000,96,148,0.32432432432432434,0.4594594594594595,0.08108108108108109,0,0.13513513513513514,6,6,normal,false,4,19,628,1750,910,0,1820,false,false,false,1780,5,3328,32,1,3
1898,tempted_1_25,2913,34,4,budget,0,78,true,4,1115,69,131,0.5588235294117647,0.4411764705882353,0,0,0,8,4,normal,false,4,11,748,1805,360,0,0,false,false,false,0,0,2913,34,0,
1899,tempted_1_25,1921,30,0,budget,0,50,true,3,375,50,110,0.5333333333333333,0.4666666666666667,0,0,0,2,12,crash,false,7,7,446,1475,0,0,0,false,false,false,0,0,1921,30,0,
1900,tempted_1_25,4250,36,6,budget,0,76,true,3,670,96,129,0.027777777777777776,0.9166666666666666,0.05555555555555555,0,0,4,3,normal,false,5,12,30,3410,810,0,0,false,false,true,0,0,4250,36,0,
1901,tempted_1_25,5038,30,0,budget,0,55,true,6,790,104,156,0.2,0.8,0,0,0,4,10,normal,false,4,14,308,4730,0,0,0,false,false,true,0,0,5038,30,0,
1902,tempted_1_25,3315,30,0,budget,0,58,true,5,663,79,136,0.3333333333333333,0.6666666666666666,0,0,0,3,6,normal,false,6,12,875,2440,0,0,0,false,false,false,0,0,3315,30,0,
1903,tempted_1_25,3258,30,0,budget,0,56,true,4,530,78,116,0.23333333333333334,0.7666666666666667,0,0,0,6,3,normal,false,4,16,273,2985,0,0,0,false,false,true,0,0,3258,30,0,
1904,tempted_1_25,3386,30,0,budget,0,51,true,4,480,81,125,0.13333333333333333,0.8666666666666667,0,0,0,1,23,normal,false,5,11,306,3080,0,0,0,false,false,false,0,0,3386,30,0,
1905,tempted_1_25,13993,58,28,budget,2,100,true,5,1800,175,252,0.08620689655172414,0.5862068965517241,0.10344827586206896,0.05172413793103448,0.1724137931034483,11,1,normal,false,6,25,173,4750,1360,1470,6240,false,true,true,5100,10,8893,48,2,4|3
1906,tempted_1_25,2389,30,0,budget,0,50,true,3,250,72,117,0.4,0.6,0,0,0,5,6,normal,false,5,15,634,1755,0,0,0,false,false,true,0,0,2389,30,0,
1907,tempted_1_25,9485,52,22,budget,0,92,true,5,1250,160,221,0.019230769230769232,0.8269230769230769,0.1346153846153846,0.019230769230769232,0,10,7,normal,false,6,16,30,5705,2670,1080,0,true,false,false,0,0,9485,52,0,
1908,tempted_1_25,6261,34,4,budget,0,77,true,5,990,126,176,0.08823529411764706,0.8823529411764706,0.029411764705882353,0,0,4,6,normal,false,4,17,301,5690,270,0,0,false,false,false,0,0,6261,34,0,
1909,tempted_1_25,2432,30,0,budget,0,50,true,3,335,63,103,0.3,0.7,0,0,0,1,21,normal,false,5,7,472,1960,0,0,0,false,false,false,0,0,2432,30,0,
1910,tempted_1_25,6463,38,8,budget,0,84,true,5,950,130,189,0.18421052631578946,0.7105263157894737,0.10526315789473684,0,0,7,6,normal,false,5,15,923,4190,1350,0,0,false,false,false,0,0,6463,38,0,
1911,tempted_1_25,15540,62,32,budget,2,100,false,4,2100,191,224,0,0.5645161290322581,0.22580645161290322,0.04838709677419355,0.16129032258064516,12,1,normal,false,7,26,0,2575,5150,975,6840,false,true,false,6620,10,8920,52,1,5
1912,tempted_1_25,2850,30,0,budget,0,50,true,4,680,78,115,0.3333333333333333,0.6666666666666666,0,0,0,5,7,normal,false,4,11,535,2315,0,0,0,false,false,true,0,0,2850,30,0,
1913,tempted_1_25,4504,32,2,budget,0,83,true,3,520,103,157,0.28125,0.6875,0.03125,0,0,4,5,normal,false,4,15,514,3080,910,0,0,false,false,false,0,0,4504,32,0,
1914,tempted_1_25,8970,56,26,budget,0,98,true,4,1305,139,219,0.19642857142857142,0.5178571428571429,0.19642857142857142,0.08928571428571429,0,12,1,normal,false,8,23,395,3125,2930,2520,0,true,true,false,0,0,8970,56,0,
1915,tempted_1_25,5393,32,2,budget,0,82,true,5,920,111,161,0.25,0.71875,0.03125,0,0,8,4,normal,false,2,17,483,4100,810,0,0,false,false,false,0,0,5393,32,0,
1916,tempted_1_25,2755,32,2,budget,0,71,true,3,330,75,99,0,1,0,0,0,1,12,normal,false,20,4,90,2665,0,0,0,false,false,false,0,0,2755,32,0,
1917,tempted_1_25,4320,36,6,budget,0,83,false,4,660,107,134,0,0.9444444444444444,0.05555555555555555,0,0,3,9,normal,false,5,14,0,3480,840,0,0,false,false,false,0,0,4320,36,0,
1918,tempted_1_25,3221,28,0,lock,0,56,true,4,465,76,133,0.42857142857142855,0.5714285714285714,0,0,0,5,4,normal,false,6,13,1316,1905,0,0,0,false,false,true,0,0,3221,28,0,
1919,tempted_1_25,2455,30,0,budget,0,50,true,3,240,61,114,0.03333333333333333,0.9666666666666667,0,0,0,1,23,normal,false,4,12,80,2375,0,0,0,false,false,true,0,0,2455,30,0,
1920,tempted_1_25,4465,30,0,budget,0,65,true,6,920,91,173,0.4666666666666667,0.5333333333333333,0,0,0,6,5,crash,false,5,14,945,3520,0,0,0,false,false,false,0,0,4465,30,0,
1921,tempted_1_25,11330,59,29,budget,1,100,false,6,2325,178,221,0,0.7457627118644068,0.11864406779661017,0.05084745762711865,0.0847457627118644,9,14,normal,false,8,30,0,4430,2840,2880,1180,false,true,false,3265,5,8065,54,1,2
1922,tempted_1_25,2693,30,0,budget,0,65,true,3,460,69,116,0.3333333333333333,0.6666666666666666,0,0,0,3,9,normal,false,7,8,463,2230,0,0,0,false,false,true,0,0,2693,30,0,
1923,tempted_1_25,7770,41,11,budget,1,100,true,5,880,130,173,0.1951219512195122,0.5365853658536586,0.12195121951219512,0.024390243902439025,0.12195121951219512,7,1,normal,false,5,17,535,2750,1210,135,3140,false,true,true,3060,5,4710,36,1,2
1924,tempted_1_25,4391,32,2,budget,0,78,true,5,1175,97,156,0.34375,0.625,0.03125,0,0,5,4,normal,false,6,13,576,3725,90,0,0,false,false,false,0,0,4391,32,0,
1925,tempted_1_25,5950,36,6,budget,0,83,true,4,870,113,174,0.1388888888888889,0.8055555555555556,0.05555555555555555,0,0,8,6,normal,false,3,20,200,3410,2340,0,0,false,false,true,0,0,5950,36,0,
1926,tempted_1_25,4650,30,0,budget,0,69,false,4,435,102,145,0,1,0,0,0,0,-1,normal,false,9,11,0,4650,0,0,0,false,false,true,0,0,4650,30,0,
1927,tempted_1_25,4326,38,8,budget,0,98,true,3,585,94,133,0.15789473684210525,0.631578947368421,0.13157894736842105,0.07894736842105263,0,4,9,normal,false,8,13,271,2250,860,945,0,true,true,true,0,0,4326,38,0,
1928,tempted_1_25,5069,30,0,budget,0,58,true,4,940,100,167,0.2,0.8,0,0,0,3,17,normal,false,5,9,414,4655,0,0,0,false,false,true,0,0,5069,30,0,
1929,tempted_1_25,3373,30,0,budget,0,55,true,4,545,83,131,0.16666666666666666,0.8333333333333334,0,0,0,3,12,crash,false,6,10,273,3100,0,0,0,false,false,false,0,0,3373,30,0,
1930,tempted_1_25,2902,32,2,budget,0,70,true,3,300,80,118,0.25,0.75,0,0,0,6,6,normal,false,5,16,407,2495,0,0,0,false,false,true,0,0,2902,32,0,
1931,tempted_1_25,7060,42,16,lock,0,86,true,5,810,142,192,0.023809523809523808,0.8095238095238095,0.16666666666666666,0,0,7,6,normal,false,2,25,70,5150,1840,0,0,false,false,true,0,0,7060,42,0,
1932,tempted_1_25,2510,30,0,budget,0,50,true,3,340,58,124,0.4,0.6,0,0,0,4,12,crash,false,4,12,525,1985,0,0,0,false,false,false,0,0,2510,30,0,
1933,tempted_1_25,2949,30,0,budget,0,57,true,4,353,80,163,0.5333333333333333,0.4666666666666667,0,0,0,3,4,normal,false,3,15,1534,1415,0,0,0,false,false,false,0,0,2949,30,0,
1934,tempted_1_25,3020,30,0,budget,0,59,true,6,698,78,113,0.3,0.7,0,0,0,5,11,normal,false,4,11,455,2565,0,0,0,false,false,false,0,0,3020,30,0,
1935,tempted_1_25,3654,38,8,budget,0,74,true,3,460,89,138,0.2894736842105263,0.6842105263157895,0.02631578947368421,0,0,6,2,normal,false,9,12,359,2365,930,0,0,false,false,true,0,0,3654,38,0,
1936,tempted_1_25,4545,34,4,budget,0,81,true,4,860,112,152,0.029411764705882353,0.9117647058823529,0.058823529411764705,0,0,2,15,normal,false,6,14,110,4225,210,0,0,false,false,false,0,0,4545,34,0,
1937,tempted_1_25,2443,30,0,budget,0,50,true,4,375,63,110,0.5333333333333333,0.4666666666666667,0,0,0,3,19,crash,false,9,9,808,1635,0,0,0,false,false,true,0,0,2443,30,0,
1938,tempted_1_25,3108,30,0,budget,0,67,true,5,600,83,115,0.06666666666666667,0.9333333333333333,0,0,0,1,9,normal,false,7,9,448,2660,0,0,0,false,false,true,0,0,3108,30,0,
1939,tempted_1_25,6343,42,12,budget,0,82,true,4,930,140,196,0.047619047619047616,0.8809523809523809,0.07142857142857142,0,0,5,1,crash,false,7,22,403,5060,880,0,0,false,false,false,0,0,6343,42,0,
1940,tempted_1_25,8139,46,16,budget,0,97,true,5,1805,132,182,0.08695652173913043,0.7391304347826086,0.15217391304347827,0.021739130434782608,0,7,4,normal,false,7,15,164,3440,2030,2505,0,true,true,false,0,0,8139,46,0,
1941,tempted_1_25,3123,30,0,budget,0,63,true,5,420,81,135,0.26666666666666666,0.7333333333333333,0,0,0,2,19,normal,false,4,13,708,2415,0,0,0,false,false,true,0,0,3123,30,0,
1942,tempted_1_25,2849,30,0,budget,0,65,true,6,1125,49,126,0.6666666666666666,0.3333333333333333,0,0,0,3,8,normal,false,8,9,824,2025,0,0,0,false,false,true,0,0,2849,30,0,
1943,tempted_1_25,16029,54,29,lock,1,100,true,5,2600,164,250,0.18518518518518517,0.35185185185185186,0.18518518518518517,0.18518518518518517,0.09259259259259259,10,10,crash,false,3,32,489,3020,1970,4350,6200,false,true,false,5880,5,10149,49,1,20
1944,tempted_1_25,6145,36,6,budget,0,90,false,5,960,117,160,0,0.8888888888888888,0.08333333333333333,0.027777777777777776,0,1,13,normal,false,7,14,0,5215,480,450,0,true,false,false,0,0,6145,36,0,
1945,tempted_1_25,20188,80,50,budget,4,100,true,4,2500,228,307,0.1,0.4625,0.1625,0.025,0.25,18,1,normal,false,9,39,563,3055,3590,1440,11540,false,true,false,12765,20,7423,60,4,3|3|3|2
1946,tempted_1_25,6143,40,10,budget,0,95,true,5,765,117,175,0.075,0.8,0.125,0,0,5,14,crash,false,6,16,118,4360,1260,405,0,true,true,false,0,0,6143,40,0,
1947,tempted_1_25,8750,43,13,budget,1,100,false,4,1630,143,177,0,0.7906976744186046,0.09302325581395349,0,0.11627906976744186,4,10,normal,false,6,22,0,3970,830,1350,2600,false,false,false,1920,5,6830,38,1,3
1948,tempted_1_25,18960,78,48,budget,2,100,false,5,1695,261,320,0,0.6025641025641025,0.19230769230769232,0.07692307692307693,0.1282051282051282,19,3,normal,false,4,40,0,6245,4220,3075,5420,false,true,true,5350,10,13610,68,2,2|9
1949,tempted_1_25,3731,34,4,budget,0,82,true,5,878,87,127,0.058823529411764705,0.9117647058823529,0.029411764705882353,0,0,3,1,normal,false,6,12,116,3525,90,0,0,false,false,false,0,0,3731,34,0,
1950,tempted_1_25,7335,44,14,budget,0,97,true,4,1170,134,181,0.11363636363636363,0.6363636363636364,0.18181818181818182,0.06818181818181818,0,5,9,normal,false,5,20,280,2970,1430,2655,0,true,true,false,0,0,7335,44,0,
1951,tempted_1_25,3690,30,0,budget,0,67,true,4,440,85,125,0.03333333333333333,0.9666666666666667,0,0,0,1,8,normal,false,10,11,105,3585,0,0,0,false,false,false,0,0,3690,30,0,
1952,tempted_1_25,4113,30,0,budget,0,50,true,5,640,83,160,0.5666666666666667,0.43333333333333335,0,0,0,7,6,crash,false,5,15,1538,2575,0,0,0,false,false,false,0,0,4113,30,0,
1953,tempted_1_25,3080,30,0,budget,0,60,true,3,360,83,113,0.03333333333333333,0.9666666666666667,0,0,0,1,18,normal,false,3,11,45,3035,0,0,0,false,false,false,0,0,3080,30,0,
1954,tempted_1_25,6182,34,4,budget,0,77,true,7,1245,98,174,0.23529411764705882,0.7058823529411765,0.058823529411764705,0,0,5,1,normal,false,5,15,607,4255,1320,0,0,false,false,false,0,0,6182,34,0,
1955,tempted_1_25,6272,41,11,budget,1,100,true,5,750,112,177,0.36585365853658536,0.4146341463414634,0.0975609756097561,0,0.12195121951219512,9,1,crash,false,4,16,682,2990,560,180,1860,false,false,false,1400,5,4872,36,1,3
1956,tempted_1_25,4388,32,2,budget,0,74,true,4,610,93,147,0.21875,0.75,0.03125,0,0,6,1,normal,false,4,15,233,4005,150,0,0,false,false,true,0,0,4388,32,0,
1957,tempted_1_25,2188,30,0,budget,0,56,true,3,325,64,91,0.1,0.9,0,0,0,2,8,normal,false,7,12,88,2100,0,0,0,false,false,false,0,0,2188,30,0,
1958,tempted_1_25,6005,33,10,lock,0,98,false,5,795,116,159,0,0.8787878787878788,0.06060606060606061,0.06060606060606061,0,3,10,normal,false,5,14,0,4760,570,675,0,true,true,false,0,0,6005,33,0,
1959,tempted_1_25,2607,30,0,budget,0,53,true,5,540,64,106,0.36666666666666664,0.6333333333333333,0,0,0,4,5,normal,false,4,10,352,2255,0,0,0,false,false,true,0,0,2607,30,0,
1960,tempted_1_25,4020,32,2,budget,0,72,true,4,435,87,125,0.0625,0.90625,0.03125,0,0,3,8,normal,false,6,13,50,3790,180,0,0,false,false,false,0,0,4020,32,0,
1961,tempted_1_25,4653,30,0,budget,0,57,true,5,730,95,145,0.43333333333333335,0.5666666666666667,0,0,0,4,3,normal,false,6,13,658,3995,0,0,0,false,false,false,0,0,4653,30,0,
1962,tempted_1_25,8019,51,21,budget,1,100,true,4,780,135,192,0.17647058823529413,0.6078431372549019,0.0784313725490196,0.0392156862745098,0.09803921568627451,8,6,normal,false,6,24,509,3090,1660,540,2220,false,false,false,2180,5,5839,46,0,
1963,tempted_1_25,5794,34,4,budget,0,74,true,7,1685,111,161,0.2647058823529412,0.7352941176470589,0,0,0,6,6,normal,false,5,13,394,4800,600,0,0,false,false,true,0,0,5794,34,0,
1964,tempted_1_25,30016,74,44,budget,4,100,true,8,8020,243,346,0.04054054054054054,0.5,0.17567567567567569,0.013513513513513514,0.2702702702702703,16,9,normal,false,6,32,446,5210,3280,2340,18740,false,false,false,18500,20,11516,54,3,5|5|3
1965,tempted_1_25,3873,30,0,budget,0,55,true,4,660,76,160,0.4,0.6,0,0,0,3,7,crash,false,4,14,753,3120,0,0,0,false,false,false,0,0,3873,30,0,
1966,tempted_1_25,1709,30,0,budget,0,50,true,4,400,43,90,0.5666666666666667,0.43333333333333335,0,0,0,4,7,crash,false,9,8,544,1165,0,0,0,false,false,true,0,0,1709,30,0,
1967,tempted_1_25,4896,30,0,budget,0,68,true,6,1345,106,171,0.3,0.7,0,0,0,4,15,normal,false,4,12,1031,3865,0,0,0,false,false,false,0,0,4896,30,0,
1968,tempted_1_25,3340,34,4,budget,0,78,true,3,390,86,118,0,0.9705882352941176,0.029411764705882353,0,0,2,13,normal,false,5,15,30,2920,390,0,0,false,false,true,0,0,3340,34,0,
1969,tempted_1_25,4101,30,0,budget,0,68,true,6,990,94,157,0.16666666666666666,0.8333333333333334,0,0,0,0,-1,crash,false,5,10,306,3795,0,0,0,false,false,true,0,0,4101,30,0,
1970,tempted_1_25,4655,30,0,budget,0,62,true,7,1525,86,167,0.4666666666666667,0.5333333333333333,0,0,0,2,11,crash,false,4,14,850,3805,0,0,0,false,false,false,0,0,4655,30,0,
1971,tempted_1_25,3465,23,6,lock,0,79,false,4,720,77,95,0,0.8695652173913043,0.13043478260869565,0,0,3,1,normal,false,7,12,0,2475,990,0,0,false,false,false,0,0,3465,23,0,
1972,tempted_1_25,3289,30,0,budget,0,65,true,4,420,66,127,0.2,0.8,0,0,0,2,9,crash,false,4,13,359,2930,0,0,0,false,false,false,0,0,3289,30,0,
1973,tempted_1_25,4131,30,0,budget,0,65,true,5,630,90,141,0.23333333333333334,0.7666666666666667,0,0,0,3,14,normal,false,5,10,286,3845,0,0,0,false,false,true,0,0,4131,30,0,
1974,tempted_1_25,2876,32,2,budget,0,76,true,5,660,65,114,0.1875,0.75,0.0625,0,0,1,4,crash,false,7,10,166,2500,210,0,0,false,false,false,0,0,2876,32,0,
1975,tempted_1_25,2048,30,0,budget,0,56,true,3,260,60,110,0.4,0.6,0,0,0,3,6,crash,false,5,7,648,1400,0,0,0,false,false,true,0,0,2048,30,0,
1976,tempted_1_25,5244,36,6,budget,0,83,true,5,1500,98,186,0.5,0.4166666666666667,0.08333333333333333,0,0,4,1,crash,false,6,16,1414,2150,1680,0,0,false,false,false,0,0,5244,36,0,
1977,tempted_1_25,3628,30,0,budget,0,62,true,4,495,82,118,0.03333333333333333,0.9666666666666667,0,0,0,1,30,normal,false,5,15,133,3495,0,0,0,false,false,true,0,0,3628,30,0,
1978,tempted_1_25,4455,30,0,budget,0,62,true,5,1305,88,158,0.43333333333333335,0.5666666666666667,0,0,0,2,20,crash,false,6,8,640,3815,0,0,0,false,false,false,0,0,4455,30,0,
1979,tempted_1_25,4834,36,6,budget,0,73,true,5,650,106,167,0.1388888888888889,0.8333333333333334,0.027777777777777776,0,0,4,9,normal,false,4,15,304,4080,450,0,0,false,false,false,0,0,4834,36,0,
1980,tempted_1_25,29700,91,61,budget,3,100,true,7,3080,313,445,0.07692307692307693,0.42857142857142855,0.24175824175824176,0.08791208791208792,0.16483516483516483,20,1,normal,false,9,45,455,6850,3850,6165,12380,false,true,false,13150,15,16550,76,3,3|8|2
1981,tempted_1_25,4860,30,11,lock,1,100,true,3,720,92,94,0.03333333333333333,0.6666666666666666,0.1,0.03333333333333333,0.16666666666666666,4,5,normal,false,11,11,30,1655,800,135,2240,false,false,false,2015,5,2845,25,1,3
1982,tempted_1_25,5869,34,4,budget,0,78,true,7,1615,118,164,0.14705882352941177,0.8529411764705882,0,0,0,3,12,normal,false,4,13,329,4490,1050,0,0,false,false,true,0,0,5869,34,0,
1983,tempted_1_25,3119,30,0,budget,0,50,true,5,585,65,146,0.5333333333333333,0.4666666666666667,0,0,0,5,7,crash,false,6,11,1119,2000,0,0,0,false,false,true,0,0,3119,30,0,
1984,tempted_1_25,11942,55,25,budget,1,100,true,6,2040,164,236,0.12727272727272726,0.509090909090909,0.21818181818181817,0.05454545454545454,0.09090909090909091,10,9,crash,false,3,24,257,3650,4910,1485,1640,false,true,false,1720,5,10222,50,1,8
1985,tempted_1_25,3800,30,0,budget,0,64,true,4,870,92,138,0.16666666666666666,0.8333333333333334,0,0,0,3,6,crash,false,5,15,450,3350,0,0,0,false,false,false,0,0,3800,30,0,
1986,tempted_1_25,2109,30,0,budget,0,50,true,3,420,55,135,0.7333333333333333,0.26666666666666666,0,0,0,3,6,normal,false,7,11,1109,1000,0,0,0,false,false,true,0,0,2109,30,0,
1987,tempted_1_25,13170,61,31,budget,1,100,false,5,2025,181,223,0,0.6885245901639344,0.18032786885245902,0.04918032786885246,0.08196721311475409,10,6,normal,false,8,27,0,4145,3260,1845,3920,false,false,false,5785,5,7385,56,0,
1988,tempted_1_25,3118,32,2,budget,0,77,true,4,480,71,102,0.15625,0.8125,0.03125,0,0,5,1,normal,false,6,10,218,2780,120,0,0,false,false,true,0,0,3118,32,0,
1989,tempted_1_25,17398,74,44,budget,2,100,true,6,2400,229,300,0.13513513513513514,0.4594594594594595,0.22972972972972974,0.04054054054054054,0.13513513513513514,15,9,crash,false,4,38,738,3360,3170,3510,6620,false,true,false,6770,10,10628,64,1,2
1990,tempted_1_25,2837,30,0,budget,0,54,true,4,315,75,123,0.36666666666666664,0.6333333333333333,0,0,0,3,6,crash,false,4,14,377,2460,0,0,0,false,false,false,0,0,2837,30,0,
1991,tempted_1_25,2739,30,0,budget,0,66,true,4,480,70,110,0.3333333333333333,0.6666666666666666,0,0,0,1,20,normal,false,9,12,359,2380,0,0,0,false,false,true,0,0,2739,30,0,
1992,tempted_1_25,3213,30,0,budget,0,66,true,4,615,78,111,0.1,0.9,0,0,0,2,21,normal,false,5,9,128,3085,0,0,0,false,false,true,0,0,3213,30,0,
1993,tempted_1_25,4941,30,0,budget,0,65,true,5,1030,113,159,0.1,0.9,0,0,0,1,21,normal,false,3,16,96,4845,0,0,0,false,false,true,0,0,4941,30,0,
1994,tempted_1_25,4510,32,2,budget,0,74,true,4,495,102,162,0.3125,0.6875,0,0,0,6,6,normal,false,4,17,610,3630,270,0,0,false,false,false,0,0,4510,32,0,
1995,tempted_1_25,11068,47,17,budget,1,100,true,5,1860,150,217,0.0851063829787234,0.6170212765957447,0.10638297872340426,0.0851063829787234,0.10638297872340426,7,7,normal,false,6,23,748,3075,1840,2025,3380,false,false,true,2390,5,8678,42,1,6
1996,tempted_1_25,19513,69,39,budget,1,100,true,5,3600,245,334,0.028985507246376812,0.6231884057971014,0.2608695652173913,0.014492753623188406,0.07246376811594203,15,18,normal,false,6,36,88,5755,4520,3690,5460,false,true,false,5240,5,14273,64,1,2
1997,tempted_1_25,7146,40,10,budget,0,95,true,5,1260,122,195,0.1,0.75,0.1,0.05,0,5,5,crash,false,4,16,186,5275,950,735,0,true,true,false,0,0,7146,40,0,
1998,tempted_1_25,5620,32,2,budget,0,82,true,4,640,115,194,0.3125,0.625,0.0625,0,0,4,3,crash,false,5,12,730,4460,430,0,0,false,false,false,0,0,5620,32,0,
1999,tempted_1_25,2909,30,0,budget,0,53,true,4,420,69,136,0.5333333333333333,0.4666666666666667,0,0,0,4,6,crash,false,9,11,1069,1840,0,0,0,false,false,true,0,0,2909,30,0,
2000,tempted_1_25,4708,34,4,budget,0,84,true,4,480,105,163,0.17647058823529413,0.7647058823529411,0.058823529411764705,0,0,6,7,normal,false,4,16,543,3805,360,0,0,false,false,true,0,0,4708,34,0,
