seed,bot,score,moves,movesEarned,endReason,frenzies,peakMeter,crashed,maxCombo,bestMovePts,proteinTiles,carbTiles,pctCrash,pctNormal,pctKeto,pctDeep,pctFrenzy,tierUpsSeen,firstTierUpMove,endState,endedWithin5OfFrenzy,longestDryGap,rewardEvents,ptsCrash,ptsNormal,ptsKeto,ptsDeep,ptsFrenzy,nearMissNoFrenzy,fellBackWithoutFrenzy,lastMoveWasReward,ptsInFrenzy,movesInFrenzy,ptsOutside,movesOutside,climbCount,climbLengths
1,greedy,10550,55,25,budget,1,100,false,7,1995,162,216,0,0.8,0.09090909090909091,0.01818181818181818,0.09090909090909091,8,9,normal,false,8,25,0,6830,960,720,2040,false,false,false,2775,5,7775,50,0,
2,greedy,8565,30,0,budget,0,63,true,10,3495,125,181,0.03333333333333333,0.9666666666666667,0,0,0,1,30,normal,false,10,12,35,8530,0,0,0,false,false,true,0,0,8565,30,0,
3,greedy,9524,52,22,budget,0,97,true,5,945,154,250,0.17307692307692307,0.6153846153846154,0.11538461538461539,0.09615384615384616,0,9,7,normal,false,6,23,699,4430,2370,2025,0,true,true,false,0,0,9524,52,0,
4,greedy,6639,30,0,budget,0,50,true,10,3190,92,177,0.36666666666666664,0.6333333333333333,0,0,0,4,8,normal,false,4,14,804,5835,0,0,0,false,false,false,0,0,6639,30,0,
5,greedy,6120,46,16,budget,0,92,false,4,465,144,188,0,0.8478260869565217,0.08695652173913043,0.06521739130434782,0,5,5,normal,false,8,26,0,4605,1110,405,0,true,false,false,0,0,6120,46,0,
6,greedy,9065,33,27,lock,1,100,false,5,2085,117,150,0,0.45454545454545453,0.36363636363636365,0.030303030303030304,0.15151515151515152,11,8,keto,false,5,20,0,1945,2680,2760,1680,false,false,true,3405,5,5660,28,1,4
7,greedy,2920,30,0,budget,0,60,true,4,495,65,143,0.43333333333333335,0.5666666666666667,0,0,0,2,11,crash,false,5,12,1010,1910,0,0,0,false,false,true,0,0,2920,30,0,
8,greedy,5830,34,4,budget,0,90,false,5,1450,105,148,0,0.9411764705882353,0,0.058823529411764705,0,1,22,normal,false,4,16,0,4480,0,1350,0,true,false,false,0,0,5830,34,0,
9,greedy,6712,30,0,budget,0,52,true,5,965,114,198,0.26666666666666666,0.7333333333333333,0,0,0,3,11,normal,false,5,17,1087,5625,0,0,0,false,false,true,0,0,6712,30,0,
10,greedy,2755,22,2,lock,0,76,false,5,570,55,81,0,1,0,0,0,1,2,normal,false,5,6,0,2575,180,0,0,false,false,false,0,0,2755,22,0,
11,greedy,1208,12,0,lock,0,50,true,3,240,27,56,0.5833333333333334,0.4166666666666667,0,0,0,1,9,crash,false,5,7,238,970,0,0,0,false,false,true,0,0,1208,12,0,
12,greedy,15185,59,29,budget,3,100,true,6,1270,184,248,0.01694915254237288,0.559322033898305,0.13559322033898305,0.03389830508474576,0.2542372881355932,7,1,normal,false,6,20,50,5600,1850,1665,6020,false,true,false,6240,15,8945,44,3,3|3|4
13,greedy,5965,45,15,budget,1,100,true,5,650,127,162,0.044444444444444446,0.7333333333333333,0.08888888888888889,0.022222222222222223,0.1111111111111111,7,3,normal,false,9,20,55,4020,390,180,1320,false,false,true,1320,5,4645,40,1,2
14,greedy,3998,36,6,budget,0,80,true,5,900,79,128,0.2777777777777778,0.6944444444444444,0.027777777777777776,0,0,6,1,normal,false,10,13,318,3410,270,0,0,false,false,false,0,0,3998,36,0,
15,greedy,3190,32,2,budget,0,72,true,5,735,82,103,0.0625,0.90625,0.03125,0,0,3,11,normal,false,3,13,90,2980,120,0,0,false,false,false,0,0,3190,32,0,
16,greedy,3865,30,0,budget,0,67,false,5,925,82,120,0,1,0,0,0,0,-1,normal,false,4,12,0,3865,0,0,0,false,false,true,0,0,3865,30,0,
17,greedy,6840,42,12,budget,0,94,false,4,795,127,174,0,0.8095238095238095,0.16666666666666666,0.023809523809523808,0,6,19,normal,false,6,20,0,4810,1220,810,0,true,false,true,0,0,6840,42,0,
18,greedy,10743,51,21,budget,1,100,true,4,900,165,245,0.0392156862745098,0.7450980392156863,0.09803921568627451,0.0196078431372549,0.09803921568627451,10,3,normal,false,4,25,128,5675,2270,90,2580,false,true,false,2550,5,8193,46,1,3
19,greedy,2683,21,2,lock,0,78,true,4,600,58,97,0.23809523809523808,0.7142857142857143,0.047619047619047616,0,0,2,15,normal,false,5,10,298,2175,210,0,0,false,false,false,0,0,2683,21,0,
20,greedy,6100,46,16,budget,0,92,true,4,700,118,193,0.2826086956521739,0.5,0.17391304347826086,0.043478260869565216,0,8,1,crash,false,6,19,605,3090,1820,585,0,true,false,false,0,0,6100,46,0,
21,greedy,2464,32,2,budget,0,70,true,3,240,68,115,0.28125,0.71875,0,0,0,2,6,crash,false,4,12,359,2105,0,0,0,false,false,false,0,0,2464,32,0,
22,greedy,10488,49,19,budget,1,100,true,5,2720,154,227,0.20408163265306123,0.5714285714285714,0.10204081632653061,0.02040816326530612,0.10204081632653061,11,1,normal,false,6,26,823,2955,780,150,5780,false,true,false,3210,5,7278,44,1,4
23,greedy,2880,30,0,budget,0,52,true,4,555,72,108,0.06666666666666667,0.9333333333333333,0,0,0,2,12,normal,false,6,10,150,2730,0,0,0,false,false,true,0,0,2880,30,0,
24,greedy,5531,30,0,budget,0,69,true,7,1475,98,149,0.16666666666666666,0.8333333333333334,0,0,0,3,15,normal,false,10,13,636,4895,0,0,0,false,false,true,0,0,5531,30,0,
25,greedy,13791,63,33,budget,1,100,true,4,1080,191,288,0.12698412698412698,0.49206349206349204,0.20634920634920634,0.09523809523809523,0.07936507936507936,16,4,normal,false,7,34,371,5500,2940,3120,1860,false,true,true,1720,5,12071,58,1,5
26,greedy,3627,34,4,budget,0,81,true,4,360,82,161,0.35294117647058826,0.6176470588235294,0.029411764705882353,0,0,7,5,crash,false,5,16,852,2655,120,0,0,false,false,false,0,0,3627,34,0,
27,greedy,30503,122,92,budget,4,100,true,5,1850,397,520,0.04918032786885246,0.45081967213114754,0.30327868852459017,0.03278688524590164,0.16393442622950818,33,2,normal,false,10,60,243,8110,8380,5790,7980,false,true,false,9420,20,21083,102,2,2|3
28,greedy,3660,30,0,budget,0,60,true,3,470,104,147,0.1,0.9,0,0,0,2,14,normal,false,4,12,310,3350,0,0,0,false,false,false,0,0,3660,30,0,
29,greedy,4143,38,8,budget,0,92,true,3,640,95,138,0.10526315789473684,0.7894736842105263,0.07894736842105263,0.02631578947368421,0,6,1,normal,false,4,16,253,2990,450,450,0,true,false,false,0,0,4143,38,0,
30,greedy,3830,36,6,budget,0,91,true,3,1035,88,134,0.3055555555555556,0.5277777777777778,0.1388888888888889,0.027777777777777776,0,5,7,keto,false,4,11,605,1710,1380,135,0,true,false,false,0,0,3830,36,0,
31,greedy,14345,56,26,budget,2,100,true,5,3210,201,281,0.08928571428571429,0.6607142857142857,0.07142857142857142,0,0.17857142857142858,8,5,normal,false,5,29,620,6080,1900,1965,3780,false,false,false,6155,10,8190,46,0,
32,greedy,3510,32,2,budget,0,75,false,6,1095,78,108,0,0.96875,0.03125,0,0,1,26,normal,false,4,11,0,3420,90,0,0,false,false,false,0,0,3510,32,0,
33,greedy,2225,30,0,budget,0,62,true,3,190,59,113,0.43333333333333335,0.5666666666666667,0,0,0,2,10,crash,false,6,14,575,1650,0,0,0,false,false,false,0,0,2225,30,0,
34,greedy,3020,36,6,budget,0,79,true,3,280,85,104,0.05555555555555555,0.8611111111111112,0.08333333333333333,0,0,4,5,normal,false,5,13,115,2545,360,0,0,false,false,false,0,0,3020,36,0,
35,greedy,3805,34,4,budget,0,75,true,5,720,79,119,0.058823529411764705,0.9117647058823529,0.029411764705882353,0,0,2,4,crash,false,8,10,330,3025,450,0,0,false,false,true,0,0,3805,34,0,
36,greedy,3372,40,10,budget,0,92,true,3,405,88,146,0.325,0.575,0.1,0,0,10,1,normal,false,3,21,717,1905,480,270,0,true,false,true,0,0,3372,40,0,
37,greedy,18697,68,38,budget,2,100,true,6,1470,198,339,0.11764705882352941,0.5,0.17647058823529413,0.058823529411764705,0.14705882352941177,13,9,crash,false,5,35,732,4715,3550,3540,6160,false,true,false,6370,10,12327,58,2,2|2
38,greedy,2798,30,0,budget,0,54,true,4,570,56,121,0.4,0.6,0,0,0,4,8,crash,false,5,10,593,2205,0,0,0,false,false,false,0,0,2798,30,0,
39,greedy,2461,30,0,budget,0,68,true,2,260,71,118,0.3,0.7,0,0,0,2,14,crash,false,5,12,436,2025,0,0,0,false,false,false,0,0,2461,30,0,
40,greedy,2211,30,0,budget,0,50,true,3,255,65,107,0.3333333333333333,0.6666666666666666,0,0,0,4,14,normal,false,4,12,496,1715,0,0,0,false,false,true,0,0,2211,30,0,
41,greedy,12553,53,23,budget,1,100,true,6,2845,147,232,0.09433962264150944,0.6415094339622641,0.1320754716981132,0.03773584905660377,0.09433962264150944,11,3,crash,false,7,23,173,4380,1700,3300,3000,false,true,false,2220,5,10333,48,1,3
42,greedy,12144,53,23,budget,1,100,true,6,2720,146,217,0.11320754716981132,0.6981132075471698,0.09433962264150944,0,0.09433962264150944,10,6,normal,false,6,24,339,4095,3210,180,4320,false,false,false,4410,5,7734,48,0,
43,greedy,3914,30,0,budget,0,55,true,5,870,90,133,0.3,0.7,0,0,0,2,25,normal,false,4,10,519,3395,0,0,0,false,false,false,0,0,3914,30,0,
44,greedy,3347,32,2,budget,0,73,true,4,950,73,114,0.1875,0.8125,0,0,0,2,26,normal,false,5,13,322,2275,750,0,0,false,false,false,0,0,3347,32,0,
45,greedy,5228,40,10,budget,0,83,true,3,410,125,165,0.05,0.8,0.15,0,0,5,11,normal,false,6,18,163,4195,870,0,0,false,false,false,0,0,5228,40,0,
46,greedy,4474,30,0,budget,0,53,true,7,895,85,171,0.4666666666666667,0.5333333333333333,0,0,0,5,11,normal,false,6,15,1239,3235,0,0,0,false,false,true,0,0,4474,30,0,
47,greedy,8284,45,15,budget,1,100,true,4,1020,137,179,0.17777777777777778,0.6,0.06666666666666667,0.044444444444444446,0.1111111111111111,7,11,normal,false,5,18,204,3590,850,360,3280,false,true,true,3130,5,5154,40,1,5
48,greedy,6860,42,12,budget,0,94,true,6,1070,140,178,0.023809523809523808,0.8095238095238095,0.16666666666666666,0,0,7,5,normal,false,5,18,90,4435,1930,405,0,true,false,false,0,0,6860,42,0,
49,greedy,3158,30,0,budget,0,62,true,5,600,70,119,0.26666666666666666,0.7333333333333333,0,0,0,4,8,normal,false,4,14,378,2780,0,0,0,false,false,false,0,0,3158,30,0,
50,greedy,475,9,4,lock,0,77,false,1,90,13,18,0,0.7777777777777778,0.2222222222222222,0,0,2,2,normal,false,4,4,0,295,180,0,0,false,false,false,0,0,475,9,0,
51,greedy,14576,68,38,budget,2,100,true,5,2115,185,259,0.11764705882352941,0.47058823529411764,0.19117647058823528,0.07352941176470588,0.14705882352941177,15,2,crash,false,11,31,321,4115,2320,3420,4400,false,true,false,4160,10,10416,58,2,3|10
52,greedy,5320,42,12,budget,0,87,true,4,965,120,159,0.023809523809523808,0.8571428571428571,0.11904761904761904,0,0,6,3,normal,false,5,16,30,4480,810,0,0,false,false,true,0,0,5320,42,0,
53,greedy,11381,47,17,budget,1,100,true,7,2460,142,169,0.0851063829787234,0.6595744680851063,0.10638297872340426,0.0425531914893617,0.10638297872340426,8,8,normal,false,6,23,121,2935,2690,255,5380,false,false,true,4900,5,6481,42,1,3
54,greedy,11100,51,21,budget,1,100,true,8,2730,145,228,0.19607843137254902,0.5686274509803921,0.11764705882352941,0.0196078431372549,0.09803921568627451,7,5,normal,false,8,23,715,3600,2560,1845,2380,false,false,true,4750,5,6350,46,1,2
55,greedy,4135,38,8,budget,0,76,false,3,355,106,147,0,0.9210526315789473,0.07894736842105263,0,0,4,1,normal,false,4,20,0,3775,360,0,0,false,false,false,0,0,4135,38,0,
56,greedy,2651,30,0,budget,0,52,true,4,550,67,122,0.36666666666666664,0.6333333333333333,0,0,0,3,21,normal,false,9,12,586,2065,0,0,0,false,false,true,0,0,2651,30,0,
57,greedy,15930,76,46,budget,0,98,true,6,1780,229,317,0,0.6447368421052632,0.23684210526315788,0.11842105263157894,0,17,14,normal,false,5,37,30,4885,6770,4245,0,true,true,false,0,0,15930,76,0,
58,greedy,3510,30,0,budget,0,56,false,4,480,76,130,0,1,0,0,0,0,-1,normal,false,8,9,0,3510,0,0,0,false,false,true,0,0,3510,30,0,
59,greedy,3290,33,6,lock,0,94,false,4,425,75,102,0,0.9090909090909091,0.09090909090909091,0,0,2,7,normal,false,7,8,0,2660,360,270,0,true,false,false,0,0,3290,33,0,
60,greedy,13088,49,19,budget,1,100,true,4,2360,157,242,0.10204081632653061,0.6938775510204082,0.10204081632653061,0,0.10204081632653061,6,4,crash,false,6,19,293,4055,2980,1260,4500,false,false,false,4850,5,8238,44,0,
61,greedy,2643,30,0,budget,0,66,true,3,300,64,114,0.2,0.8,0,0,0,3,18,crash,false,10,7,353,2290,0,0,0,false,false,false,0,0,2643,30,0,
62,greedy,3560,30,0,budget,0,68,true,4,435,87,113,0.03333333333333333,0.9666666666666667,0,0,0,1,23,normal,false,4,14,20,3540,0,0,0,false,false,false,0,0,3560,30,0,
63,greedy,7693,38,8,budget,0,85,true,7,2095,124,190,0.18421052631578946,0.6842105263157895,0.13157894736842105,0,0,7,11,crash,false,5,18,138,5505,2050,0,0,false,false,false,0,0,7693,38,0,
64,greedy,3865,36,6,budget,0,87,true,5,675,80,132,0.1388888888888889,0.75,0.1111111111111111,0,0,6,11,crash,false,5,13,230,3305,330,0,0,false,false,true,0,0,3865,36,0,
65,greedy,9310,51,25,lock,1,100,false,6,1080,159,201,0,0.7450980392156863,0.13725490196078433,0.0196078431372549,0.09803921568627451,9,16,normal,false,5,24,0,4935,2180,495,1700,false,false,false,1670,5,7640,46,1,3
66,greedy,16618,71,41,budget,3,100,true,3,1960,214,275,0.08450704225352113,0.4507042253521127,0.19718309859154928,0.056338028169014086,0.2112676056338028,17,2,crash,false,6,34,378,3220,3000,1920,8100,false,true,false,8770,15,7848,56,3,3|3|8
67,greedy,6914,34,4,budget,0,79,true,6,1040,121,190,0.14705882352941177,0.8529411764705882,0,0,0,3,15,crash,false,7,16,434,5580,900,0,0,false,false,false,0,0,6914,34,0,
68,greedy,2994,30,0,budget,0,55,true,4,465,67,103,0.26666666666666666,0.7333333333333333,0,0,0,2,24,normal,false,4,11,384,2610,0,0,0,false,false,false,0,0,2994,30,0,
69,greedy,2623,30,0,budget,0,52,true,3,290,72,105,0.1,0.9,0,0,0,2,13,normal,false,5,12,108,2515,0,0,0,false,false,true,0,0,2623,30,0,
70,greedy,4165,32,2,budget,0,71,true,5,920,92,162,0.25,0.75,0,0,0,3,10,normal,false,6,17,595,3570,0,0,0,false,false,true,0,0,4165,32,0,
71,greedy,3144,32,2,budget,0,74,true,5,840,70,121,0.25,0.71875,0.03125,0,0,3,1,crash,false,6,9,419,2635,90,0,0,false,false,false,0,0,3144,32,0,
72,greedy,8615,47,17,budget,1,100,true,7,1890,144,168,0,0.7872340425531915,0.10638297872340426,0,0.10638297872340426,5,2,normal,false,13,13,30,4805,1200,0,2580,false,false,false,2910,5,5705,42,1,2
73,greedy,6708,40,10,budget,0,94,true,5,1490,112,183,0.25,0.625,0.125,0,0,9,4,crash,false,5,18,718,3125,1920,945,0,true,false,false,0,0,6708,40,0,
74,greedy,1870,30,0,budget,0,50,true,3,225,50,88,0.4,0.6,0,0,0,3,12,crash,false,6,9,395,1475,0,0,0,false,false,false,0,0,1870,30,0,
75,greedy,7269,42,12,budget,0,98,true,6,1040,144,195,0.14285714285714285,0.7142857142857143,0.09523809523809523,0.047619047619047616,0,8,6,normal,false,6,21,119,5235,1420,495,0,true,true,true,0,0,7269,42,0,
76,greedy,9445,39,9,budget,1,100,true,5,1680,138,185,0.05128205128205128,0.7948717948717948,0.02564102564102564,0,0.1282051282051282,3,14,normal,false,9,12,105,4960,210,270,3900,false,false,false,4140,5,5305,34,0,
77,greedy,3810,34,4,budget,0,71,true,4,515,92,126,0.058823529411764705,0.9411764705882353,0,0,0,4,1,normal,false,6,14,40,3770,0,0,0,false,false,false,0,0,3810,34,0,
78,greedy,7309,45,15,budget,1,100,true,5,2700,109,144,0.06666666666666667,0.6666666666666666,0.1111111111111111,0.044444444444444446,0.1111111111111111,6,25,normal,false,4,20,209,2405,540,495,3660,false,true,false,1050,5,6259,40,1,5
79,greedy,10972,55,25,budget,1,100,true,6,1490,172,218,0.10909090909090909,0.5454545454545454,0.21818181818181817,0.03636363636363636,0.09090909090909091,11,1,normal,false,10,26,337,4795,2680,720,2440,false,false,true,2520,5,8452,50,1,4
80,greedy,3200,30,0,budget,0,68,false,4,585,74,99,0,1,0,0,0,0,-1,normal,false,4,12,0,3200,0,0,0,false,false,false,0,0,3200,30,0,
81,greedy,4150,30,0,budget,0,63,true,5,540,87,133,0.03333333333333333,0.9666666666666667,0,0,0,1,20,normal,false,3,13,140,4010,0,0,0,false,false,true,0,0,4150,30,0,
82,greedy,3224,32,2,budget,0,74,true,4,480,75,141,0.40625,0.59375,0,0,0,4,1,crash,false,5,13,684,2360,180,0,0,false,false,false,0,0,3224,32,0,
83,greedy,3140,32,2,budget,0,79,true,3,315,75,111,0.15625,0.8125,0.03125,0,0,5,4,normal,false,7,13,120,2840,180,0,0,false,false,false,0,0,3140,32,0,
84,greedy,4496,32,2,budget,0,80,true,5,790,84,140,0.09375,0.90625,0,0,0,2,10,crash,false,5,13,441,3425,630,0,0,false,false,false,0,0,4496,32,0,
85,greedy,3033,30,0,budget,0,62,true,3,360,75,131,0.23333333333333334,0.7666666666666667,0,0,0,2,17,crash,false,5,13,368,2665,0,0,0,false,false,false,0,0,3033,30,0,
86,greedy,4423,38,8,budget,0,94,true,6,1035,89,153,0.21052631578947367,0.6842105263157895,0.07894736842105263,0.02631578947368421,0,5,7,crash,false,7,15,748,3070,470,135,0,true,false,false,0,0,4423,38,0,
87,greedy,1380,9,2,lock,0,84,false,3,330,28,33,0,0.8888888888888888,0.1111111111111111,0,0,1,8,normal,false,3,5,0,930,450,0,0,false,false,true,0,0,1380,9,0,
88,greedy,6778,26,13,lock,1,100,true,5,2435,80,115,0.15384615384615385,0.5769230769230769,0.038461538461538464,0.038461538461538464,0.19230769230769232,4,2,normal,false,3,8,258,2285,600,2115,1520,false,false,false,3835,5,2943,21,1,2
89,greedy,24065,85,55,budget,3,100,false,5,3010,278,340,0,0.6352941176470588,0.18823529411764706,0,0.17647058823529413,18,5,normal,false,4,45,0,4485,6640,180,12760,false,false,false,14240,15,9825,70,0,
90,greedy,6054,25,6,lock,0,99,true,4,1530,102,160,0.28,0.64,0.08,0,0,5,14,keto,true,3,12,689,3385,1620,360,0,true,true,true,0,0,6054,25,0,
91,greedy,2375,30,0,budget,0,60,true,3,460,64,111,0.4666666666666667,0.5333333333333333,0,0,0,2,16,normal,false,7,12,630,1745,0,0,0,false,false,false,0,0,2375,30,0,
92,greedy,2949,30,0,budget,0,50,true,4,450,62,122,0.36666666666666664,0.6333333333333333,0,0,0,5,6,normal,false,8,8,609,2340,0,0,0,false,false,true,0,0,2949,30,0,
93,greedy,2851,30,0,budget,0,63,true,3,330,65,121,0.4,0.6,0,0,0,3,9,crash,false,5,7,501,2350,0,0,0,false,false,false,0,0,2851,30,0,
94,greedy,25475,121,91,budget,1,100,false,4,1560,382,486,0,0.6033057851239669,0.2809917355371901,0.0743801652892562,0.04132231404958678,34,2,normal,false,6,65,0,7375,9890,4950,3260,false,true,false,3170,5,22305,116,1,6
95,greedy,3068,32,2,budget,0,78,true,3,300,75,115,0.15625,0.84375,0,0,0,4,14,crash,false,3,13,143,2745,180,0,0,false,false,false,0,0,3068,32,0,
96,greedy,4905,34,4,budget,0,82,false,4,690,94,137,0,0.8823529411764706,0.11764705882352941,0,0,2,15,normal,false,7,14,0,4095,810,0,0,false,false,false,0,0,4905,34,0,
97,greedy,34676,99,69,budget,5,100,true,6,4610,340,445,0.050505050505050504,0.3838383838383838,0.24242424242424243,0.0707070707070707,0.25252525252525254,27,1,normal,false,7,53,506,4705,6590,6975,15900,false,true,false,14550,25,20126,74,5,3|2|4|2|3
98,greedy,2383,30,0,budget,0,55,true,3,255,66,94,0.23333333333333334,0.7666666666666667,0,0,0,4,22,normal,false,6,11,403,1980,0,0,0,false,false,false,0,0,2383,30,0,
99,greedy,3940,32,2,budget,0,70,true,5,785,85,130,0.09375,0.90625,0,0,0,3,1,normal,false,6,11,105,3835,0,0,0,false,false,true,0,0,3940,32,0,
100,greedy,10250,62,32,budget,2,100,true,3,1210,164,220,0.04838709677419355,0.5967741935483871,0.16129032258064516,0.03225806451612903,0.16129032258064516,11,3,normal,false,6,25,155,3185,2460,450,4000,false,false,true,4220,10,6030,52,1,4
101,greedy,3469,34,4,budget,0,79,true,6,970,79,135,0.35294117647058826,0.5882352941176471,0.058823529411764705,0,0,4,2,normal,false,5,16,479,2810,180,0,0,false,false,true,0,0,3469,34,0,
102,greedy,2794,30,0,budget,0,56,true,3,270,74,119,0.26666666666666666,0.7333333333333333,0,0,0,4,6,normal,false,4,15,374,2420,0,0,0,false,false,false,0,0,2794,30,0,
103,greedy,2650,30,0,budget,0,63,true,3,340,62,115,0.4,0.6,0,0,0,3,15,crash,false,8,8,485,2165,0,0,0,false,false,false,0,0,2650,30,0,
104,greedy,8515,48,18,budget,0,93,true,5,780,159,206,0.0625,0.7916666666666666,0.125,0.020833333333333332,0,9,15,normal,false,10,22,275,4655,2640,945,0,true,false,false,0,0,8515,48,0,
105,greedy,17105,75,45,budget,1,100,true,5,2320,215,327,0.04,0.6133333333333333,0.22666666666666666,0.05333333333333334,0.06666666666666667,17,9,crash,false,4,40,125,5275,4690,3195,3820,false,true,false,3160,5,13945,70,1,2
106,greedy,3755,30,0,budget,0,63,true,4,840,90,127,0.1,0.9,0,0,0,3,21,normal,false,5,12,200,3555,0,0,0,false,false,false,0,0,3755,30,0,
107,greedy,2578,30,0,budget,0,65,true,3,415,64,100,0.26666666666666666,0.7333333333333333,0,0,0,2,19,normal,false,6,8,253,2325,0,0,0,false,false,false,0,0,2578,30,0,
108,greedy,16935,82,52,budget,2,100,true,4,1740,266,318,0,0.6585365853658537,0.1951219512195122,0.024390243902439025,0.12195121951219512,16,1,normal,false,6,41,30,5370,6460,555,4520,false,true,false,4380,10,12555,72,2,4|3
109,greedy,3285,30,0,budget,0,61,true,5,590,82,108,0,1,0,0,0,0,-1,normal,false,5,10,30,3255,0,0,0,false,false,false,0,0,3285,30,0,
110,greedy,2269,30,0,budget,0,63,true,3,201,59,110,0.3333333333333333,0.6666666666666666,0,0,0,4,11,normal,false,4,16,514,1755,0,0,0,false,false,true,0,0,2269,30,0,
111,greedy,4693,30,0,budget,0,69,true,6,850,84,130,0.06666666666666667,0.9333333333333333,0,0,0,0,-1,crash,false,3,13,53,4640,0,0,0,false,false,false,0,0,4693,30,0,
112,greedy,775,11,6,lock,0,73,false,2,210,22,24,0,0.9090909090909091,0.09090909090909091,0,0,3,2,normal,false,3,5,0,505,270,0,0,false,false,false,0,0,775,11,0,
113,greedy,18923,66,36,budget,2,100,true,7,2910,205,261,0.10606060606060606,0.3181818181818182,0.36363636363636365,0.06060606060606061,0.15151515151515152,15,6,normal,false,5,33,248,2290,6420,2925,7040,false,true,true,6980,10,11943,56,2,6|2
114,greedy,2608,30,0,budget,0,65,true,3,315,75,107,0.1,0.9,0,0,0,3,21,normal,false,7,11,193,2415,0,0,0,false,false,false,0,0,2608,30,0,
115,greedy,4535,30,0,budget,0,58,true,5,955,86,147,0.4,0.6,0,0,0,2,15,normal,false,8,12,760,3775,0,0,0,false,false,false,0,0,4535,30,0,
116,greedy,4120,34,4,budget,0,97,false,4,465,89,116,0,0.8823529411764706,0.058823529411764705,0.058823529411764705,0,2,26,normal,false,8,14,0,3610,150,360,0,true,true,false,0,0,4120,34,0,
117,greedy,2645,30,0,budget,0,63,true,3,360,85,110,0.2,0.8,0,0,0,5,7,normal,false,5,14,420,2225,0,0,0,false,false,true,0,0,2645,30,0,
118,greedy,8858,45,15,budget,1,100,true,6,1885,134,197,0.2222222222222222,0.6,0.06666666666666667,0,0.1111111111111111,10,2,normal,false,5,18,388,4080,2710,0,1680,false,false,true,3085,5,5773,40,0,
119,greedy,11778,62,32,budget,0,94,true,9,2640,197,264,0.04838709677419355,0.6935483870967742,0.1774193548387097,0.08064516129032258,0,16,6,normal,false,7,33,58,7760,2880,1080,0,true,false,false,0,0,11778,62,0,
120,greedy,7105,42,12,budget,0,96,true,5,915,125,194,0.11904761904761904,0.7380952380952381,0.14285714285714285,0,0,7,8,normal,false,3,22,170,5625,1040,270,0,true,true,false,0,0,7105,42,0,
121,greedy,3005,12,8,lock,0,82,false,5,760,41,54,0,0.6666666666666666,0.3333333333333333,0,0,3,3,normal,false,2,7,0,1325,1680,0,0,false,false,false,0,0,3005,12,0,
122,greedy,5368,36,6,budget,0,81,true,4,465,116,195,0.16666666666666666,0.7777777777777778,0.05555555555555555,0,0,7,2,normal,false,5,20,658,4140,570,0,0,false,false,false,0,0,5368,36,0,
123,greedy,12050,49,25,lock,1,100,false,5,2100,165,211,0,0.673469387755102,0.20408163265306123,0.02040816326530612,0.10204081632653061,9,9,normal,false,4,20,0,4015,2780,1215,4040,false,false,false,4660,5,7390,44,1,2
124,greedy,3485,32,2,budget,0,81,true,4,525,84,116,0.03125,0.9375,0.03125,0,0,2,8,normal,false,5,13,130,3265,90,0,0,false,false,false,0,0,3485,32,0,
125,greedy,1980,30,0,budget,0,55,true,4,400,56,120,0.7333333333333333,0.26666666666666666,0,0,0,5,10,crash,false,5,10,1095,885,0,0,0,false,false,false,0,0,1980,30,0,
126,greedy,6778,42,12,budget,0,97,true,4,1740,112,154,0.09523809523809523,0.7857142857142857,0.09523809523809523,0.023809523809523808,0,6,11,normal,false,10,16,293,2945,1920,1620,0,true,true,true,0,0,6778,42,0,
127,greedy,1641,16,0,lock,0,50,true,4,420,38,72,0.4375,0.5625,0,0,0,2,5,crash,false,3,7,321,1320,0,0,0,false,false,false,0,0,1641,16,0,
128,greedy,5428,30,0,budget,0,65,true,6,1350,97,182,0.4666666666666667,0.5333333333333333,0,0,0,3,13,crash,false,6,15,1323,4105,0,0,0,false,false,true,0,0,5428,30,0,
129,greedy,4158,30,0,budget,0,62,true,5,795,83,137,0.23333333333333334,0.7666666666666667,0,0,0,3,14,crash,false,4,13,293,3865,0,0,0,false,false,false,0,0,4158,30,0,
130,greedy,6020,31,11,lock,1,100,true,4,1745,83,102,0.03225806451612903,0.6451612903225806,0.16129032258064516,0,0.16129032258064516,5,14,normal,false,6,16,25,1540,870,1485,2100,false,true,true,1720,5,4300,26,1,3
131,greedy,4655,19,6,lock,0,82,false,5,1720,73,97,0,0.8421052631578947,0.15789473684210525,0,0,3,2,normal,false,5,8,0,2625,2030,0,0,false,false,false,0,0,4655,19,0,
132,greedy,2635,30,0,budget,0,50,true,4,435,53,124,0.6,0.4,0,0,0,3,7,crash,false,10,9,830,1805,0,0,0,false,false,true,0,0,2635,30,0,
133,greedy,2610,30,0,budget,0,63,true,3,330,77,103,0.13333333333333333,0.8666666666666667,0,0,0,2,6,normal,false,5,9,95,2515,0,0,0,false,false,false,0,0,2610,30,0,
134,greedy,3506,30,0,budget,0,50,true,5,855,74,138,0.36666666666666664,0.6333333333333333,0,0,0,5,8,crash,false,4,12,551,2955,0,0,0,false,false,false,0,0,3506,30,0,
135,greedy,6723,37,13,lock,1,100,true,4,680,104,173,0.1891891891891892,0.5945945945945946,0.08108108108108109,0,0.13513513513513514,6,1,crash,false,4,17,488,3365,630,540,1700,false,false,true,1970,5,4753,32,0,
136,greedy,3241,27,0,lock,0,52,true,7,1855,56,108,0.5925925925925926,0.4074074074074074,0,0,0,4,5,crash,false,6,7,481,2760,0,0,0,false,false,false,0,0,3241,27,0,
137,greedy,9500,45,15,budget,1,100,true,4,1680,152,190,0.08888888888888889,0.6666666666666666,0.1111111111111111,0.022222222222222223,0.1111111111111111,9,4,normal,false,4,23,195,3845,1590,90,3780,false,true,false,3750,5,5750,40,1,4
138,greedy,3027,30,0,budget,0,65,true,4,300,77,110,0.23333333333333334,0.7666666666666667,0,0,0,2,15,normal,false,5,14,482,2545,0,0,0,false,false,true,0,0,3027,30,0,
139,greedy,8892,59,29,budget,1,100,true,4,1140,161,225,0.1016949152542373,0.6610169491525424,0.15254237288135594,0,0.0847457627118644,12,14,normal,false,6,31,212,4020,2500,0,2160,false,false,true,2080,5,6812,54,1,2
140,greedy,2213,30,0,budget,0,54,true,4,255,59,87,0.13333333333333333,0.8666666666666667,0,0,0,3,23,normal,false,4,9,188,2025,0,0,0,false,false,true,0,0,2213,30,0,
141,greedy,12325,54,24,budget,2,100,true,6,1650,173,232,0.05555555555555555,0.6296296296296297,0.1111111111111111,0.018518518518518517,0.18518518518518517,10,1,normal,false,5,19,240,5145,1400,360,5180,false,false,false,4660,10,7665,44,2,3|2
142,greedy,5925,36,6,budget,0,73,true,5,965,128,176,0.027777777777777776,0.9444444444444444,0.027777777777777776,0,0,4,21,normal,false,4,16,110,5725,90,0,0,false,false,false,0,0,5925,36,0,
143,greedy,4261,40,10,budget,0,86,true,4,470,110,153,0.2,0.675,0.125,0,0,7,12,normal,false,4,22,411,2820,1030,0,0,false,false,true,0,0,4261,40,0,
144,greedy,5715,40,10,budget,0,99,false,3,660,110,144,0,0.75,0.175,0.075,0,4,14,normal,false,4,19,0,3165,1380,1170,0,true,true,true,0,0,5715,40,0,
145,greedy,4550,38,8,budget,0,83,true,4,450,104,142,0,0.9210526315789473,0.07894736842105263,0,0,4,12,normal,false,9,12,170,3480,900,0,0,false,false,false,0,0,4550,38,0,
146,greedy,7333,36,6,budget,0,82,true,5,1940,117,196,0.19444444444444445,0.7777777777777778,0.027777777777777776,0,0,5,6,crash,false,4,16,358,4705,2270,0,0,false,false,false,0,0,7333,36,0,
147,greedy,4103,30,0,budget,0,65,true,5,1130,95,127,0.13333333333333333,0.8666666666666667,0,0,0,3,21,normal,false,4,12,233,3870,0,0,0,false,false,false,0,0,4103,30,0,
148,greedy,2595,36,6,budget,0,93,false,2,280,74,86,0,0.9166666666666666,0.05555555555555555,0.027777777777777776,0,3,4,normal,false,7,12,0,1965,450,180,0,true,false,false,0,0,2595,36,0,
149,greedy,18530,74,44,budget,4,100,true,4,1340,239,311,0.013513513513513514,0.527027027027027,0.14864864864864866,0.04054054054054054,0.2702702702702703,12,12,crash,false,8,40,635,4625,2230,1080,9960,false,true,false,8480,20,10050,54,4,2|2|3|3
150,greedy,2870,13,11,lock,1,100,false,4,600,40,43,0,0.38461538461538464,0.15384615384615385,0.07692307692307693,0.38461538461538464,3,1,normal,false,2,6,0,860,180,390,1440,false,true,false,960,5,1910,8,1,2
151,greedy,3075,26,0,lock,0,63,true,3,345,75,105,0.038461538461538464,0.9615384615384616,0,0,0,1,24,normal,false,5,8,45,3030,0,0,0,false,false,false,0,0,3075,26,0,
152,greedy,3181,30,0,budget,0,62,true,6,1395,65,102,0.2,0.8,0,0,0,4,18,crash,false,6,12,261,2920,0,0,0,false,false,false,0,0,3181,30,0,
153,greedy,7198,42,12,budget,0,98,true,3,1025,118,200,0.09523809523809523,0.7142857142857143,0.16666666666666666,0.023809523809523808,0,7,5,crash,false,5,17,328,3655,1730,1485,0,true,true,false,0,0,7198,42,0,
154,greedy,2982,30,0,budget,0,58,true,4,278,80,117,0.3333333333333333,0.6666666666666666,0,0,0,6,11,normal,false,4,12,442,2540,0,0,0,false,false,false,0,0,2982,30,0,
155,greedy,12875,59,29,budget,1,100,true,5,1780,161,234,0.01694915254237288,0.6779661016949152,0.2033898305084746,0.01694915254237288,0.0847457627118644,13,9,normal,false,8,25,20,4600,3650,3285,1320,false,true,false,1410,5,11465,54,1,4
156,greedy,2518,30,0,budget,0,66,true,4,285,58,106,0.16666666666666666,0.8333333333333334,0,0,0,3,12,crash,false,6,14,178,2340,0,0,0,false,false,false,0,0,2518,30,0,
157,greedy,3633,36,6,budget,0,72,true,4,450,89,135,0.1111111111111111,0.8611111111111112,0.027777777777777776,0,0,4,1,crash,false,5,14,308,3235,90,0,0,false,false,false,0,0,3633,36,0,
158,greedy,4588,42,12,budget,0,86,true,4,365,107,160,0.09523809523809523,0.7142857142857143,0.19047619047619047,0,0,7,1,normal,false,7,16,528,3070,990,0,0,false,false,false,0,0,4588,42,0,
159,greedy,10388,47,17,budget,1,100,true,6,840,167,228,0.0425531914893617,0.6808510638297872,0.1276595744680851,0.0425531914893617,0.10638297872340426,8,4,normal,false,4,24,308,5925,1300,375,2480,false,false,false,2540,5,7848,42,1,4
160,greedy,2994,32,2,budget,0,72,true,3,315,74,115,0.21875,0.75,0.03125,0,0,3,2,crash,false,4,13,194,2710,90,0,0,false,false,false,0,0,2994,32,0,
161,greedy,6150,38,8,budget,0,99,true,4,1070,110,152,0.02631578947368421,0.868421052631579,0.07894736842105263,0.02631578947368421,0,5,9,normal,false,7,12,35,3765,820,1530,0,true,true,false,0,0,6150,38,0,
162,greedy,4723,32,2,budget,0,73,true,5,1180,87,142,0.3125,0.65625,0.03125,0,0,5,7,normal,false,4,13,858,2665,1200,0,0,false,false,true,0,0,4723,32,0,
163,greedy,4270,30,0,budget,0,67,true,6,1040,94,148,0.26666666666666666,0.7333333333333333,0,0,0,5,13,normal,false,3,13,675,3595,0,0,0,false,false,false,0,0,4270,30,0,
164,greedy,4072,32,2,budget,0,79,true,6,638,92,157,0.28125,0.6875,0.03125,0,0,4,5,normal,false,3,15,1112,2840,120,0,0,false,false,false,0,0,4072,32,0,
165,greedy,23660,84,54,budget,4,100,true,4,1980,270,339,0.023809523809523808,0.4166666666666667,0.25,0.07142857142857142,0.23809523809523808,19,2,normal,false,7,45,65,4085,4900,3450,11160,false,true,true,11430,20,12230,64,4,4|4|4|10
166,greedy,3377,30,0,budget,0,57,true,4,360,70,123,0.43333333333333335,0.5666666666666667,0,0,0,4,7,normal,false,6,11,397,2980,0,0,0,false,false,true,0,0,3377,30,0,
167,greedy,4733,38,8,budget,0,94,true,4,465,109,154,0.05263157894736842,0.8157894736842105,0.13157894736842105,0,0,4,2,normal,false,7,15,358,3615,490,270,0,true,false,false,0,0,4733,38,0,
168,greedy,4021,32,2,budget,0,72,true,4,360,88,146,0.125,0.84375,0.03125,0,0,3,8,normal,false,6,14,516,3385,120,0,0,false,false,false,0,0,4021,32,0,
169,greedy,2515,30,0,budget,0,69,true,3,285,69,93,0.13333333333333333,0.8666666666666667,0,0,0,2,9,normal,false,6,10,190,2325,0,0,0,false,false,true,0,0,2515,30,0,
170,greedy,4298,30,0,budget,0,62,true,4,555,80,164,0.26666666666666666,0.7333333333333333,0,0,0,3,13,normal,false,5,14,518,3780,0,0,0,false,false,false,0,0,4298,30,0,
171,greedy,1941,30,0,budget,0,54,true,2,150,61,108,0.6,0.4,0,0,0,2,16,crash,false,11,7,771,1170,0,0,0,false,false,false,0,0,1941,30,0,
172,greedy,2951,30,0,budget,0,67,true,3,330,82,125,0.3333333333333333,0.6666666666666666,0,0,0,2,10,normal,false,6,12,531,2420,0,0,0,false,false,false,0,0,2951,30,0,
173,greedy,3656,34,4,budget,0,81,true,4,690,82,123,0.14705882352941177,0.7941176470588235,0.058823529411764705,0,0,5,11,normal,false,9,12,216,2930,510,0,0,false,false,false,0,0,3656,34,0,
174,greedy,2643,30,0,budget,0,54,true,4,570,66,112,0.16666666666666666,0.8333333333333334,0,0,0,2,13,normal,false,7,10,173,2470,0,0,0,false,false,true,0,0,2643,30,0,
175,greedy,13850,63,33,budget,1,100,true,6,3240,200,274,0.06349206349206349,0.6507936507936508,0.14285714285714285,0.06349206349206349,0.07936507936507936,14,5,crash,false,6,32,85,6295,2210,2340,2920,false,false,false,4440,5,9410,58,0,
176,greedy,12251,65,35,budget,1,100,true,4,1320,175,299,0.23076923076923078,0.4461538461538462,0.23076923076923078,0.015384615384615385,0.07692307692307693,20,1,normal,false,4,31,1296,2585,4290,1020,3060,false,false,true,3920,5,8331,60,1,3
177,greedy,13151,51,21,budget,1,100,true,5,3495,162,231,0.09803921568627451,0.5490196078431373,0.1568627450980392,0.09803921568627451,0.09803921568627451,8,11,normal,false,6,27,181,3945,1690,6315,1020,false,true,false,1000,5,12151,46,1,3
178,greedy,4226,30,0,budget,0,52,true,6,870,88,152,0.5333333333333333,0.4666666666666667,0,0,0,2,7,normal,false,6,12,861,3365,0,0,0,false,false,true,0,0,4226,30,0,
179,greedy,3873,30,0,budget,0,65,true,4,570,90,140,0.23333333333333334,0.7666666666666667,0,0,0,2,12,crash,false,5,12,383,3490,0,0,0,false,false,true,0,0,3873,30,0,
180,greedy,3623,30,0,budget,0,61,true,5,705,74,133,0.16666666666666666,0.8333333333333334,0,0,0,2,10,normal,false,9,8,203,3420,0,0,0,false,false,true,0,0,3623,30,0,
181,greedy,5677,42,12,budget,0,88,true,5,820,118,172,0.19047619047619047,0.7619047619047619,0.023809523809523808,0.023809523809523808,0,7,16,normal,false,7,18,427,4115,1000,135,0,false,false,false,0,0,5677,42,0,
182,greedy,3513,32,2,budget,0,73,true,4,440,77,134,0.1875,0.78125,0.03125,0,0,2,18,crash,false,5,13,283,2790,440,0,0,false,false,false,0,0,3513,32,0,
183,greedy,3136,30,0,budget,0,61,true,6,780,65,116,0.23333333333333334,0.7666666666666667,0,0,0,2,8,normal,false,5,12,256,2880,0,0,0,false,false,true,0,0,3136,30,0,
184,greedy,1935,30,0,budget,0,63,true,3,220,61,95,0.36666666666666664,0.6333333333333333,0,0,0,4,14,normal,false,6,13,620,1315,0,0,0,false,false,true,0,0,1935,30,0,
185,greedy,5510,44,14,budget,0,79,false,4,730,120,161,0,0.9545454545454546,0.045454545454545456,0,0,7,6,normal,false,6,21,0,4160,1350,0,0,false,false,true,0,0,5510,44,0,
186,greedy,5080,32,2,budget,0,71,true,5,555,108,158,0.0625,0.9375,0,0,0,2,16,crash,false,5,16,15,5065,0,0,0,false,false,false,0,0,5080,32,0,
187,greedy,5696,30,0,budget,0,63,true,6,1225,118,170,0.13333333333333333,0.8666666666666667,0,0,0,1,26,normal,false,4,16,226,5470,0,0,0,false,false,true,0,0,5696,30,0,
188,greedy,3280,30,0,budget,0,62,true,4,555,70,110,0.16666666666666666,0.8333333333333334,0,0,0,4,9,crash,false,4,12,120,3160,0,0,0,false,false,false,0,0,3280,30,0,
189,greedy,3630,35,12,lock,0,88,false,4,495,88,112,0,0.9142857142857143,0.05714285714285714,0.02857142857142857,0,5,9,normal,false,5,16,0,2955,540,135,0,false,false,false,0,0,3630,35,0,
190,greedy,11556,61,31,budget,3,100,true,4,1110,174,240,0.08196721311475409,0.5409836065573771,0.13114754098360656,0,0.2459016393442623,10,1,normal,false,8,21,306,3770,2960,240,4280,false,false,true,5330,15,6226,46,2,2|2
191,greedy,5989,42,12,budget,0,82,true,5,1380,111,174,0.19047619047619047,0.7142857142857143,0.09523809523809523,0,0,10,1,crash,false,6,19,599,3020,2370,0,0,false,false,true,0,0,5989,42,0,
192,greedy,4363,30,0,budget,0,51,true,5,1320,84,150,0.3,0.7,0,0,0,4,6,crash,false,5,14,318,4045,0,0,0,false,false,false,0,0,4363,30,0,
193,greedy,5010,32,2,budget,0,72,false,4,735,100,154,0,1,0,0,0,1,7,normal,false,6,9,0,4650,360,0,0,false,false,true,0,0,5010,32,0,
194,greedy,2832,32,4,lock,0,83,true,3,425,71,135,0.46875,0.4375,0.09375,0,0,4,6,crash,false,6,14,832,1540,460,0,0,false,false,false,0,0,2832,32,0,
195,greedy,4145,30,0,budget,0,62,true,9,1796,76,123,0.23333333333333334,0.7666666666666667,0,0,0,3,19,normal,false,5,11,830,3315,0,0,0,false,false,true,0,0,4145,30,0,
196,greedy,2828,30,0,budget,0,58,true,4,465,69,98,0.16666666666666666,0.8333333333333334,0,0,0,3,6,normal,false,3,13,218,2610,0,0,0,false,false,false,0,0,2828,30,0,
197,greedy,4768,32,2,budget,0,76,true,9,1610,82,128,0.3125,0.65625,0.03125,0,0,2,7,crash,false,9,11,278,4400,90,0,0,false,false,false,0,0,4768,32,0,
198,greedy,15675,55,25,budget,1,100,true,5,3135,176,257,0.12727272727272726,0.6545454545454545,0.12727272727272726,0,0.09090909090909091,9,1,normal,false,8,22,330,4180,1140,3945,6080,false,true,false,6630,5,9045,50,0,
199,greedy,4104,34,4,budget,0,72,true,4,480,94,154,0.29411764705882354,0.6764705882352942,0.029411764705882353,0,0,6,2,crash,false,3,19,449,3565,90,0,0,false,false,false,0,0,4104,34,0,
200,greedy,3677,30,0,budget,0,50,true,5,1095,70,162,0.7,0.3,0,0,0,1,24,crash,false,6,9,1312,2365,0,0,0,false,false,false,0,0,3677,30,0,
201,greedy,3367,30,0,budget,0,68,true,4,690,79,110,0.16666666666666666,0.8333333333333334,0,0,0,1,30,normal,false,5,11,207,3160,0,0,0,false,false,true,0,0,3367,30,0,
202,greedy,3959,30,0,budget,0,56,true,5,730,79,134,0.3333333333333333,0.6666666666666666,0,0,0,4,10,crash,false,4,15,319,3640,0,0,0,false,false,false,0,0,3959,30,0,
203,greedy,7426,44,14,budget,0,95,true,5,1365,123,173,0.09090909090909091,0.7727272727272727,0.11363636363636363,0.022727272727272728,0,7,16,normal,false,5,19,106,3985,1580,1755,0,true,true,false,0,0,7426,44,0,
204,greedy,4883,30,0,budget,0,65,true,4,655,104,167,0.1,0.9,0,0,0,1,26,crash,false,5,14,358,4525,0,0,0,false,false,false,0,0,4883,30,0,
205,greedy,3801,30,0,budget,0,52,true,6,885,80,137,0.26666666666666666,0.7333333333333333,0,0,0,4,4,normal,false,5,12,361,3440,0,0,0,false,false,true,0,0,3801,30,0,
206,greedy,2427,30,0,budget,0,50,true,5,420,63,143,0.5333333333333333,0.4666666666666667,0,0,0,4,5,crash,false,4,10,1192,1235,0,0,0,false,false,false,0,0,2427,30,0,
207,greedy,4391,38,8,budget,0,92,true,4,590,110,155,0.10526315789473684,0.8421052631578947,0.05263157894736842,0,0,6,1,normal,false,4,16,456,2765,900,270,0,true,false,false,0,0,4391,38,0,
208,greedy,2747,30,0,budget,0,53,true,3,330,60,121,0.4,0.6,0,0,0,3,13,normal,false,4,13,557,2190,0,0,0,false,false,true,0,0,2747,30,0,
209,greedy,2929,30,0,budget,0,69,true,4,375,74,129,0.5,0.5,0,0,0,5,10,normal,false,9,15,659,2270,0,0,0,false,false,true,0,0,2929,30,0,
210,greedy,7308,32,2,budget,0,84,true,7,1485,119,187,0.0625,0.90625,0.03125,0,0,2,2,normal,false,6,12,233,6775,300,0,0,false,false,false,0,0,7308,32,0,
211,greedy,5305,30,0,budget,0,62,true,6,1110,101,172,0.1,0.9,0,0,0,1,25,crash,false,4,17,170,5135,0,0,0,false,false,true,0,0,5305,30,0,
212,greedy,2940,34,4,budget,0,85,true,3,345,76,112,0.029411764705882353,0.9117647058823529,0.058823529411764705,0,0,2,2,normal,false,5,13,30,2700,210,0,0,false,false,true,0,0,2940,34,0,
213,greedy,4951,36,6,budget,0,79,true,5,855,99,157,0.1388888888888889,0.7777777777777778,0.08333333333333333,0,0,4,1,crash,false,8,12,141,4480,330,0,0,false,false,false,0,0,4951,36,0,
214,greedy,4050,17,13,lock,1,100,false,4,1560,47,58,0,0.5294117647058824,0.11764705882352941,0.058823529411764705,0.29411764705882354,3,6,normal,false,5,5,0,830,750,90,2380,false,false,false,2290,5,1760,12,1,2
215,greedy,5898,46,16,budget,0,96,true,4,780,112,161,0.043478260869565216,0.8043478260869565,0.10869565217391304,0.043478260869565216,0,6,4,crash,false,10,16,23,2945,2150,780,0,true,true,false,0,0,5898,46,0,
216,greedy,8445,43,13,budget,1,100,false,7,2595,117,144,0,0.7674418604651163,0.06976744186046512,0.046511627906976744,0.11627906976744186,3,16,normal,false,9,18,0,3885,650,2730,1180,false,true,true,3595,5,4850,38,1,2
217,greedy,2535,30,0,budget,0,56,true,3,400,64,114,0.3333333333333333,0.6666666666666666,0,0,0,2,11,normal,false,6,10,295,2240,0,0,0,false,false,true,0,0,2535,30,0,
218,greedy,20133,63,33,budget,1,100,true,5,3240,215,329,0.09523809523809523,0.6190476190476191,0.1746031746031746,0.031746031746031744,0.07936507936507936,17,2,crash,false,6,27,248,4985,4630,2970,7300,false,false,false,8140,5,11993,58,1,3
219,greedy,5786,40,10,budget,0,82,true,7,1910,109,158,0.175,0.725,0.1,0,0,7,12,normal,false,6,18,421,3505,1860,0,0,false,false,true,0,0,5786,40,0,
220,greedy,21375,80,50,budget,4,100,true,4,1680,243,312,0.025,0.5375,0.15,0.0375,0.25,16,16,crash,false,9,47,80,4505,2880,2250,11660,false,true,false,10720,20,10655,60,4,2|2|2|2
221,greedy,3788,32,2,budget,0,74,true,5,810,78,110,0.21875,0.75,0.03125,0,0,4,1,normal,false,4,16,143,3465,180,0,0,false,false,true,0,0,3788,32,0,
222,greedy,12224,68,38,budget,2,100,true,4,930,190,266,0.07352941176470588,0.5588235294117647,0.17647058823529413,0.04411764705882353,0.14705882352941177,14,10,crash,false,4,39,489,3780,3090,1485,3380,false,true,true,2390,10,9834,58,2,2|5
223,greedy,3776,30,0,budget,0,53,true,5,600,87,142,0.13333333333333333,0.8666666666666667,0,0,0,2,24,normal,false,4,12,431,3345,0,0,0,false,false,false,0,0,3776,30,0,
224,greedy,3534,30,0,budget,0,50,true,5,520,88,140,0.3,0.7,0,0,0,4,9,normal,false,4,12,794,2740,0,0,0,false,false,false,0,0,3534,30,0,
225,greedy,7660,32,2,budget,0,82,true,7,2820,103,167,0.09375,0.875,0.03125,0,0,4,1,normal,false,4,13,315,4435,2910,0,0,false,false,false,0,0,7660,32,0,
226,greedy,3779,30,0,budget,0,67,true,3,435,93,168,0.3,0.7,0,0,0,2,5,crash,false,5,13,739,3040,0,0,0,false,false,false,0,0,3779,30,0,
227,greedy,8266,51,21,budget,1,100,true,4,1285,129,183,0.09803921568627451,0.6470588235294118,0.11764705882352941,0.0392156862745098,0.09803921568627451,8,6,normal,false,5,27,181,3685,800,1620,1980,false,true,true,1860,5,6406,46,0,
228,greedy,3898,30,0,budget,0,61,true,6,885,73,130,0.26666666666666666,0.7333333333333333,0,0,0,2,6,normal,false,5,11,303,3595,0,0,0,false,false,false,0,0,3898,30,0,
229,greedy,2577,30,0,budget,0,52,true,4,550,60,115,0.3333333333333333,0.6666666666666666,0,0,0,2,12,normal,false,7,11,372,2205,0,0,0,false,false,false,0,0,2577,30,0,
230,greedy,5528,40,10,budget,0,84,true,4,560,115,171,0.1,0.775,0.125,0,0,6,6,crash,false,5,19,113,4365,1050,0,0,false,false,false,0,0,5528,40,0,
231,greedy,30115,76,46,budget,2,100,true,9,5805,285,381,0.013157894736842105,0.5789473684210527,0.19736842105263158,0.07894736842105263,0.13157894736842105,15,18,normal,false,6,39,20,7195,9750,6390,6760,false,true,false,4410,10,25705,66,2,6|8
232,greedy,6228,37,7,budget,1,100,true,4,1580,105,142,0.10810810810810811,0.7027027027027027,0.05405405405405406,0,0.13513513513513514,4,3,normal,false,10,14,93,3025,390,0,2720,false,false,false,2820,5,3408,32,0,
233,greedy,5040,30,0,budget,0,52,true,5,805,102,152,0.03333333333333333,0.9666666666666667,0,0,0,1,13,normal,false,5,14,95,4945,0,0,0,false,false,true,0,0,5040,30,0,
234,greedy,5204,45,15,budget,1,100,true,5,795,113,158,0.2222222222222222,0.5777777777777777,0.06666666666666667,0.022222222222222223,0.1111111111111111,7,1,normal,false,11,13,554,2980,630,120,920,false,false,true,920,5,4284,40,1,3
235,greedy,3584,30,0,budget,0,50,true,5,765,71,128,0.26666666666666666,0.7333333333333333,0,0,0,3,8,normal,false,5,12,449,3135,0,0,0,false,false,true,0,0,3584,30,0,
236,greedy,5765,34,4,budget,0,76,false,5,965,125,162,0,0.9411764705882353,0.058823529411764705,0,0,2,30,normal,false,5,16,0,5405,360,0,0,false,false,false,0,0,5765,34,0,
237,greedy,4988,38,8,budget,0,93,true,4,910,96,144,0.23684210526315788,0.631578947368421,0.10526315789473684,0.02631578947368421,0,9,4,normal,false,4,17,218,2785,860,1125,0,true,false,true,0,0,4988,38,0,
238,greedy,4488,30,0,budget,0,69,true,5,690,83,132,0.03333333333333333,0.9666666666666667,0,0,0,1,13,normal,false,4,12,143,4345,0,0,0,false,false,false,0,0,4488,30,0,
239,greedy,10005,44,14,budget,0,98,true,4,1430,152,229,0.09090909090909091,0.8181818181818182,0.06818181818181818,0.022727272727272728,0,8,6,normal,false,5,20,235,5040,2210,2520,0,true,true,true,0,0,10005,44,0,
240,greedy,5638,48,18,budget,0,85,true,4,570,129,177,0.0625,0.75,0.1875,0,0,9,4,normal,false,7,20,208,3990,1440,0,0,false,false,false,0,0,5638,48,0,
241,greedy,4899,32,2,budget,0,83,true,5,1155,95,165,0.25,0.65625,0.09375,0,0,3,11,normal,false,7,11,474,4155,270,0,0,false,false,false,0,0,4899,32,0,
242,greedy,3106,30,0,budget,0,55,true,3,585,68,131,0.16666666666666666,0.8333333333333334,0,0,0,1,26,crash,false,4,11,156,2950,0,0,0,false,false,false,0,0,3106,30,0,
243,greedy,16630,69,39,budget,3,100,true,4,2760,186,257,0.17391304347826086,0.34782608695652173,0.14492753623188406,0.11594202898550725,0.21739130434782608,16,1,crash,false,12,30,740,1970,2100,2100,9720,false,false,false,8575,15,8055,54,3,4|4|4
244,greedy,3935,30,0,budget,0,60,true,5,925,80,136,0.2,0.8,0,0,0,3,14,normal,false,4,11,500,3435,0,0,0,false,false,false,0,0,3935,30,0,
245,greedy,15919,57,27,budget,1,100,true,5,2360,180,287,0.14035087719298245,0.5263157894736842,0.21052631578947367,0.03508771929824561,0.08771929824561403,12,3,crash,false,7,28,509,4855,3710,3765,3080,false,true,false,2840,5,13079,52,1,5
246,greedy,3141,30,0,budget,0,65,true,4,425,76,115,0.2,0.8,0,0,0,3,19,normal,false,4,11,406,2735,0,0,0,false,false,false,0,0,3141,30,0,
247,greedy,14216,75,45,budget,1,100,true,4,860,219,281,0.08,0.4666666666666667,0.30666666666666664,0.08,0.06666666666666667,25,2,normal,false,7,38,166,4350,4240,3660,1800,false,true,false,1470,5,12746,70,1,5
248,greedy,2156,30,0,budget,0,52,true,5,405,63,100,0.3333333333333333,0.6666666666666666,0,0,0,6,5,normal,false,6,13,666,1490,0,0,0,false,false,false,0,0,2156,30,0,
249,greedy,7998,43,13,budget,1,100,true,7,1385,127,172,0.13953488372093023,0.627906976744186,0.09302325581395349,0.023255813953488372,0.11627906976744186,6,6,normal,false,5,19,298,4615,330,135,2620,false,true,true,2600,5,5398,38,1,4
250,greedy,2218,30,0,budget,0,64,true,3,315,60,104,0.2,0.8,0,0,0,2,9,crash,false,6,10,268,1950,0,0,0,false,false,true,0,0,2218,30,0,
251,greedy,6805,44,14,budget,0,89,false,6,2220,130,181,0,0.8409090909090909,0.13636363636363635,0.022727272727272728,0,5,24,normal,false,5,17,0,5330,1340,135,0,false,false,false,0,0,6805,44,0,
252,greedy,3855,30,0,budget,0,67,true,6,1080,78,120,0.06666666666666667,0.9333333333333333,0,0,0,1,29,normal,false,10,9,155,3700,0,0,0,false,false,true,0,0,3855,30,0,
253,greedy,16961,53,23,budget,1,100,true,9,1860,214,293,0.05660377358490566,0.6792452830188679,0.1509433962264151,0.018867924528301886,0.09433962264150944,10,1,normal,false,8,27,146,7790,3550,1755,3720,false,false,false,2400,5,14561,48,1,3
254,greedy,2132,30,0,budget,0,50,true,4,255,64,106,0.4666666666666667,0.5333333333333333,0,0,0,1,27,normal,false,7,9,612,1520,0,0,0,false,false,false,0,0,2132,30,0,
255,greedy,6021,34,4,budget,0,83,true,4,1720,107,161,0.17647058823529413,0.7352941176470589,0.08823529411764706,0,0,4,2,normal,false,7,15,436,2995,2590,0,0,false,false,false,0,0,6021,34,0,
256,greedy,2535,30,0,budget,0,68,true,3,295,73,103,0.13333333333333333,0.8666666666666667,0,0,0,3,16,normal,false,4,13,90,2445,0,0,0,false,false,false,0,0,2535,30,0,
257,greedy,9120,56,26,budget,0,90,true,4,725,169,238,0.05357142857142857,0.8035714285714286,0.14285714285714285,0,0,14,7,normal,false,6,28,150,5580,2940,450,0,true,false,false,0,0,9120,56,0,
258,greedy,5955,55,25,budget,1,100,true,2,450,120,183,0.07272727272727272,0.7272727272727273,0.09090909090909091,0.01818181818181818,0.09090909090909091,13,1,crash,false,14,26,185,3280,1200,90,1200,false,true,false,1110,5,4845,50,1,4
259,greedy,3758,30,0,budget,0,53,true,4,570,74,148,0.43333333333333335,0.5666666666666667,0,0,0,4,9,normal,false,5,13,778,2980,0,0,0,false,false,true,0,0,3758,30,0,
260,greedy,3290,30,0,budget,0,64,true,4,555,66,110,0.16666666666666666,0.8333333333333334,0,0,0,2,14,crash,false,4,13,75,3215,0,0,0,false,false,false,0,0,3290,30,0,
261,greedy,8495,52,22,budget,0,97,false,3,1570,138,204,0,0.75,0.21153846153846154,0.038461538461538464,0,10,6,normal,false,8,24,0,3355,2620,2520,0,true,true,true,0,0,8495,52,0,
262,greedy,21510,80,50,budget,2,100,true,6,2425,251,334,0.025,0.5625,0.2375,0.05,0.125,21,8,normal,false,5,41,30,4415,7190,3315,6560,false,true,false,5760,10,15750,70,2,2|4
263,greedy,3294,32,2,budget,0,72,true,4,555,82,130,0.28125,0.6875,0.03125,0,0,5,2,normal,false,4,14,634,2500,160,0,0,false,false,true,0,0,3294,32,0,
264,greedy,9910,49,19,budget,1,100,true,4,1740,152,203,0.02040816326530612,0.8163265306122449,0.061224489795918366,0,0.10204081632653061,7,3,normal,false,7,21,15,4685,1020,270,3920,false,false,false,4260,5,5650,44,0,
265,greedy,8838,51,21,budget,1,100,true,4,1040,136,184,0.11764705882352941,0.6470588235294118,0.11764705882352941,0.0196078431372549,0.09803921568627451,11,7,crash,false,7,21,198,3565,1230,1305,2540,false,false,false,2480,5,6358,46,1,2
266,greedy,19501,77,47,budget,1,100,true,5,2265,241,336,0.03896103896103896,0.5844155844155844,0.2857142857142857,0.025974025974025976,0.06493506493506493,22,1,crash,false,7,41,46,5255,4990,5610,3600,false,true,false,3990,5,15511,72,1,6
267,greedy,13833,64,34,budget,0,99,true,6,2550,189,299,0.140625,0.578125,0.265625,0.015625,0,19,2,normal,false,5,34,588,4915,5540,2790,0,true,true,true,0,0,13833,64,0,
268,greedy,11036,58,28,budget,2,100,true,6,1165,156,243,0.1206896551724138,0.5172413793103449,0.13793103448275862,0.05172413793103448,0.1724137931034483,10,1,normal,false,7,24,201,4595,3020,540,2680,false,true,true,2290,10,8746,48,2,7|3
269,greedy,6251,46,16,budget,0,98,true,3,555,128,203,0.391304347826087,0.34782608695652173,0.1956521739130435,0.06521739130434782,0,13,1,crash,false,5,20,766,2735,1820,930,0,true,true,false,0,0,6251,46,0,
270,greedy,3308,30,0,budget,0,65,true,3,500,80,113,0.13333333333333333,0.8666666666666667,0,0,0,2,21,normal,false,5,10,253,3055,0,0,0,false,false,false,0,0,3308,30,0,
271,greedy,2996,32,2,budget,0,82,true,5,330,63,135,0.5625,0.40625,0.03125,0,0,5,1,crash,false,4,13,1131,1565,300,0,0,false,false,true,0,0,2996,32,0,
272,greedy,6420,42,12,budget,0,98,true,4,630,128,182,0.07142857142857142,0.8333333333333334,0.07142857142857142,0.023809523809523808,0,7,2,normal,false,5,18,200,4150,1620,450,0,true,true,false,0,0,6420,42,0,
273,greedy,2916,30,0,budget,0,59,true,4,525,74,116,0.16666666666666666,0.8333333333333334,0,0,0,2,8,crash,false,6,10,306,2610,0,0,0,false,false,true,0,0,2916,30,0,
274,greedy,5260,30,0,budget,0,61,true,9,2175,88,127,0,1,0,0,0,0,-1,normal,false,7,11,80,5180,0,0,0,false,false,true,0,0,5260,30,0,
275,greedy,2490,30,0,budget,0,50,true,3,285,71,118,0.36666666666666664,0.6333333333333333,0,0,0,4,10,normal,false,4,12,495,1995,0,0,0,false,false,false,0,0,2490,30,0,
276,greedy,3058,34,4,budget,0,80,true,3,385,76,145,0.47058823529411764,0.5,0.029411764705882353,0,0,4,1,crash,false,5,15,648,2200,210,0,0,false,false,false,0,0,3058,34,0,
277,greedy,5353,36,6,budget,0,82,true,6,990,107,159,0.08333333333333333,0.8611111111111112,0.05555555555555555,0,0,3,8,crash,false,7,12,573,3700,1080,0,0,false,false,true,0,0,5353,36,0,
278,greedy,5105,38,8,budget,0,84,true,5,870,100,142,0.07894736842105263,0.8421052631578947,0.07894736842105263,0,0,6,8,crash,false,4,19,80,4185,840,0,0,false,false,false,0,0,5105,38,0,
279,greedy,4615,32,2,budget,0,72,true,5,980,85,152,0.0625,0.90625,0.03125,0,0,2,16,crash,false,6,12,90,4435,90,0,0,false,false,true,0,0,4615,32,0,
280,greedy,3776,34,4,budget,0,84,true,5,533,88,131,0.11764705882352941,0.7352941176470589,0.14705882352941177,0,0,5,5,normal,false,4,13,376,2950,450,0,0,false,false,true,0,0,3776,34,0,
281,greedy,5740,32,2,budget,0,77,true,7,1360,96,147,0.03125,0.9375,0.03125,0,0,2,1,normal,false,6,12,15,5355,370,0,0,false,false,false,0,0,5740,32,0,
282,greedy,2509,32,2,budget,0,72,true,3,430,70,117,0.40625,0.5625,0.03125,0,0,5,2,crash,false,7,10,374,2015,120,0,0,false,false,true,0,0,2509,32,0,
283,greedy,4903,34,4,budget,0,85,true,6,1045,88,142,0.17647058823529413,0.7352941176470589,0.08823529411764706,0,0,5,3,normal,false,5,15,133,4010,760,0,0,false,false,false,0,0,4903,34,0,
284,greedy,4825,30,0,budget,0,50,true,4,620,105,174,0.23333333333333334,0.7666666666666667,0,0,0,4,9,normal,false,5,12,730,4095,0,0,0,false,false,true,0,0,4825,30,0,
285,greedy,7213,36,6,budget,0,85,true,6,2685,101,173,0.3611111111111111,0.6111111111111112,0.027777777777777776,0,0,5,13,normal,false,8,12,958,3075,3180,0,0,false,false,false,0,0,7213,36,0,
286,greedy,2346,30,0,budget,0,59,true,3,435,63,103,0.2,0.8,0,0,0,3,3,normal,false,9,8,286,2060,0,0,0,false,false,false,0,0,2346,30,0,
287,greedy,2625,32,2,budget,0,70,true,3,390,73,99,0.0625,0.9375,0,0,0,2,6,normal,false,8,8,120,2505,0,0,0,false,false,false,0,0,2625,32,0,
288,greedy,5390,41,11,budget,1,100,true,4,620,104,145,0.04878048780487805,0.7560975609756098,0.07317073170731707,0,0.12195121951219512,4,8,normal,false,9,12,95,3385,470,0,1440,false,false,true,1400,5,3990,36,1,2
289,greedy,4365,38,8,budget,0,81,true,5,1350,76,159,0.2894736842105263,0.6578947368421053,0.05263157894736842,0,0,5,16,crash,false,6,16,1010,1825,1530,0,0,false,false,false,0,0,4365,38,0,
290,greedy,3231,32,2,budget,0,73,true,6,533,78,124,0.3125,0.65625,0.03125,0,0,4,5,crash,false,7,12,861,2280,90,0,0,false,false,true,0,0,3231,32,0,
291,greedy,13815,55,25,budget,1,100,true,4,3160,173,250,0.2,0.509090909090909,0.12727272727272726,0.07272727272727272,0.09090909090909091,10,1,normal,false,10,23,395,3180,4000,2880,3360,false,true,false,1830,5,11985,50,1,3
292,greedy,3656,30,0,budget,0,62,true,4,610,87,143,0.3333333333333333,0.6666666666666666,0,0,0,3,12,normal,false,4,13,661,2995,0,0,0,false,false,false,0,0,3656,30,0,
293,greedy,24565,89,59,budget,3,100,true,5,2460,254,360,0.033707865168539325,0.47191011235955055,0.2696629213483146,0.056179775280898875,0.16853932584269662,22,4,crash,false,7,43,130,3730,4520,6645,9540,false,true,false,8030,15,16535,74,2,4|3
294,greedy,8240,47,17,budget,1,100,false,5,1320,132,164,0,0.6808510638297872,0.14893617021276595,0.06382978723404255,0.10638297872340426,7,5,normal,false,8,18,0,3475,1270,1635,1860,false,true,false,1860,5,6380,42,1,5
295,greedy,2397,28,2,lock,0,77,true,3,330,62,115,0.32142857142857145,0.6428571428571429,0.03571428571428571,0,0,4,7,normal,false,3,14,682,1595,120,0,0,false,false,false,0,0,2397,28,0,
296,greedy,1931,30,0,budget,0,55,true,2,180,56,101,0.23333333333333334,0.7666666666666667,0,0,0,1,25,crash,false,11,7,291,1640,0,0,0,false,false,false,0,0,1931,30,0,
297,greedy,7018,39,9,budget,1,100,true,5,1020,116,164,0.07692307692307693,0.7692307692307693,0.02564102564102564,0,0.1282051282051282,3,2,normal,false,8,16,268,3980,90,300,2380,false,false,false,2570,5,4448,34,0,
298,greedy,2593,30,0,budget,0,50,true,4,500,62,102,0.4,0.6,0,0,0,4,6,normal,false,6,10,278,2315,0,0,0,false,false,false,0,0,2593,30,0,
299,greedy,3561,30,0,budget,0,62,true,3,395,85,135,0.2,0.8,0,0,0,3,11,normal,false,4,14,231,3330,0,0,0,false,false,true,0,0,3561,30,0,
300,greedy,3785,34,4,budget,0,87,true,4,630,84,115,0.029411764705882353,0.8823529411764706,0.08823529411764706,0,0,3,2,normal,false,6,13,20,2955,540,270,0,false,false,false,0,0,3785,34,0,
301,greedy,10391,55,25,budget,1,100,true,4,1280,158,233,0.03636363636363636,0.6545454545454545,0.16363636363636364,0.05454545454545454,0.09090909090909091,9,19,crash,false,4,29,251,4265,1550,945,3380,false,true,true,2340,5,8051,50,1,3
302,greedy,3143,30,0,budget,0,57,true,4,565,68,121,0.2,0.8,0,0,0,4,12,normal,false,5,13,348,2795,0,0,0,false,false,true,0,0,3143,30,0,
303,greedy,3118,30,0,budget,0,62,true,5,750,61,120,0.43333333333333335,0.5666666666666667,0,0,0,3,13,crash,false,10,9,558,2560,0,0,0,false,false,false,0,0,3118,30,0,
304,greedy,13330,55,25,budget,1,100,true,5,2100,173,258,0.21818181818181817,0.509090909090909,0.12727272727272726,0.05454545454545454,0.09090909090909091,10,1,crash,false,8,21,720,4225,3720,1305,3360,false,true,false,5010,5,8320,50,0,
305,greedy,3375,30,0,budget,0,62,true,4,525,81,118,0,1,0,0,0,0,-1,normal,false,5,12,135,3240,0,0,0,false,false,true,0,0,3375,30,0,
306,greedy,17291,61,31,budget,3,100,true,5,4740,194,247,0.06557377049180328,0.47540983606557374,0.18032786885245902,0.03278688524590164,0.2459016393442623,9,1,crash,false,5,29,186,4260,1790,795,10260,false,false,false,9580,15,7711,46,3,3|3|3
307,greedy,2822,30,0,budget,0,50,true,5,413,61,148,0.5333333333333333,0.4666666666666667,0,0,0,4,4,crash,false,8,8,1347,1475,0,0,0,false,false,false,0,0,2822,30,0,
308,greedy,2666,30,0,budget,0,50,true,4,370,63,96,0.16666666666666666,0.8333333333333334,0,0,0,3,6,normal,false,5,10,166,2500,0,0,0,false,false,false,0,0,2666,30,0,
309,greedy,2520,30,0,budget,0,56,true,4,420,65,95,0.06666666666666667,0.9333333333333333,0,0,0,2,10,normal,false,5,11,65,2455,0,0,0,false,false,false,0,0,2520,30,0,
310,greedy,4495,32,2,budget,0,78,true,4,540,115,162,0.125,0.84375,0.03125,0,0,3,7,normal,false,7,11,345,4030,120,0,0,false,false,false,0,0,4495,32,0,
311,greedy,4078,34,4,budget,0,71,true,4,555,87,141,0.11764705882352941,0.8823529411764706,0,0,0,3,1,crash,false,3,15,113,3965,0,0,0,false,false,false,0,0,4078,34,0,
312,greedy,8580,45,15,budget,1,100,false,4,1710,131,166,0,0.8222222222222222,0.022222222222222223,0.044444444444444446,0.1111111111111111,4,1,normal,false,11,16,0,3665,1100,315,3500,false,false,false,2930,5,5650,40,0,
313,greedy,3471,32,2,budget,0,81,true,4,493,86,135,0.15625,0.8125,0.03125,0,0,3,14,normal,false,4,16,341,2860,270,0,0,false,false,true,0,0,3471,32,0,
314,greedy,4192,34,4,budget,0,77,true,6,825,92,139,0.23529411764705882,0.7058823529411765,0.058823529411764705,0,0,3,9,normal,false,4,12,492,3250,450,0,0,false,false,false,0,0,4192,34,0,
315,greedy,3448,30,0,budget,0,68,true,4,585,73,131,0.2,0.8,0,0,0,2,22,crash,false,7,11,263,3185,0,0,0,false,false,false,0,0,3448,30,0,
316,greedy,135,3,0,lock,0,58,false,1,75,6,5,0,1,0,0,0,0,-1,normal,false,3,0,0,135,0,0,0,false,false,false,0,0,135,3,0,
317,greedy,2980,30,0,budget,0,69,true,5,555,82,110,0.03333333333333333,0.9666666666666667,0,0,0,1,6,normal,false,6,11,20,2960,0,0,0,false,false,false,0,0,2980,30,0,
318,greedy,5490,30,0,budget,0,65,true,6,1695,101,151,0.06666666666666667,0.9333333333333333,0,0,0,2,7,normal,false,4,15,75,5415,0,0,0,false,false,true,0,0,5490,30,0,
319,greedy,5898,36,6,budget,0,91,true,7,1455,113,171,0.1111111111111111,0.8055555555555556,0.05555555555555555,0.027777777777777776,0,4,7,normal,false,13,14,238,4995,530,135,0,true,false,true,0,0,5898,36,0,
320,greedy,10220,54,24,budget,0,98,true,5,2075,161,227,0.14814814814814814,0.6111111111111112,0.16666666666666666,0.07407407407407407,0,12,6,normal,false,8,30,380,4010,2770,3060,0,true,true,false,0,0,10220,54,0,
321,greedy,2555,30,0,budget,0,50,true,4,310,54,125,0.4,0.6,0,0,0,4,4,crash,false,6,11,855,1700,0,0,0,false,false,false,0,0,2555,30,0,
322,greedy,3416,32,2,budget,0,71,true,3,460,85,129,0.09375,0.90625,0,0,0,2,17,normal,false,4,12,291,2725,400,0,0,false,false,false,0,0,3416,32,0,
323,greedy,4800,34,4,budget,0,80,true,4,775,96,180,0.3235294117647059,0.6470588235294118,0.029411764705882353,0,0,7,10,crash,false,5,18,605,3805,390,0,0,false,false,true,0,0,4800,34,0,
324,greedy,47085,81,51,budget,3,100,true,12,22130,287,377,0,0.5308641975308642,0.20987654320987653,0.07407407407407407,0.18518518518518517,19,1,normal,false,5,39,40,4425,4040,1980,36600,false,true,false,36580,15,10505,66,3,2|3|4
325,greedy,2386,30,0,budget,0,62,true,4,430,65,121,0.3333333333333333,0.6666666666666666,0,0,0,3,11,crash,false,10,10,646,1740,0,0,0,false,false,true,0,0,2386,30,0,
326,greedy,3102,30,0,budget,0,62,true,3,345,81,121,0.3,0.7,0,0,0,2,9,normal,false,5,11,632,2470,0,0,0,false,false,true,0,0,3102,30,0,
327,greedy,22730,85,55,budget,3,100,true,7,2335,248,377,0.03529411764705882,0.5764705882352941,0.18823529411764706,0.023529411764705882,0.17647058823529413,23,2,normal,false,5,50,310,5380,6210,1530,9300,false,true,false,9110,15,13620,70,2,3|4
328,greedy,5424,30,0,budget,0,63,true,6,1015,98,168,0.26666666666666666,0.7333333333333333,0,0,0,0,-1,crash,false,7,8,419,5005,0,0,0,false,false,false,0,0,5424,30,0,
329,greedy,4203,30,0,budget,0,52,true,5,720,79,128,0.2,0.8,0,0,0,3,10,normal,false,5,13,133,4070,0,0,0,false,false,true,0,0,4203,30,0,
330,greedy,5850,44,14,budget,0,83,true,3,800,132,176,0,0.8636363636363636,0.13636363636363635,0,0,6,4,normal,false,4,22,80,4420,1350,0,0,false,false,true,0,0,5850,44,0,
331,greedy,13110,52,22,budget,0,95,true,6,4050,176,242,0,0.8653846153846154,0.11538461538461539,0.019230769230769232,0,8,12,normal,false,18,18,90,5185,4190,3645,0,true,true,false,0,0,13110,52,0,
332,greedy,1312,18,0,lock,0,50,true,3,225,35,71,0.6111111111111112,0.3888888888888889,0,0,0,1,5,crash,false,11,2,517,795,0,0,0,false,false,false,0,0,1312,18,0,
333,greedy,2361,30,0,budget,0,64,true,3,375,60,108,0.26666666666666666,0.7333333333333333,0,0,0,4,13,crash,false,7,12,301,2060,0,0,0,false,false,true,0,0,2361,30,0,
334,greedy,3091,30,0,budget,0,55,true,5,750,72,122,0.23333333333333334,0.7666666666666667,0,0,0,2,24,crash,false,8,7,466,2625,0,0,0,false,false,false,0,0,3091,30,0,
335,greedy,9233,36,6,budget,0,97,true,7,3190,121,171,0.1388888888888889,0.8055555555555556,0.05555555555555555,0,0,5,4,normal,false,5,15,223,5350,1230,2430,0,true,true,false,0,0,9233,36,0,
336,greedy,2851,30,0,budget,0,50,true,3,570,59,149,0.6333333333333333,0.36666666666666664,0,0,0,2,9,crash,false,8,8,1056,1795,0,0,0,false,false,false,0,0,2851,30,0,
337,greedy,4643,36,6,budget,0,72,true,5,660,97,169,0.2777777777777778,0.6944444444444444,0.027777777777777776,0,0,7,4,normal,false,4,17,543,3520,580,0,0,false,false,true,0,0,4643,36,0,
338,greedy,4655,30,0,budget,0,62,true,5,960,92,146,0.43333333333333335,0.5666666666666667,0,0,0,3,8,normal,false,6,11,555,4100,0,0,0,false,false,true,0,0,4655,30,0,
339,greedy,2800,30,0,budget,0,56,true,3,385,73,112,0.1,0.9,0,0,0,2,12,crash,false,4,12,75,2725,0,0,0,false,false,false,0,0,2800,30,0,
340,greedy,9225,51,21,budget,1,100,true,4,800,158,224,0,0.7647058823529411,0.11764705882352941,0.0196078431372549,0.09803921568627451,8,6,normal,false,5,27,120,4955,2190,120,1840,false,false,true,1600,5,7625,46,1,5
341,greedy,9595,49,19,budget,1,100,true,4,1360,141,190,0.04081632653061224,0.673469387755102,0.14285714285714285,0.04081632653061224,0.10204081632653061,10,10,normal,false,3,28,60,4530,770,495,3740,false,true,false,2470,5,7125,44,1,6
342,greedy,10282,40,10,budget,0,97,true,7,4740,118,198,0.3,0.575,0.1,0.025,0,6,14,normal,false,8,18,637,3370,1940,4335,0,true,true,true,0,0,10282,40,0,
343,greedy,3025,30,0,budget,0,62,true,5,810,66,113,0.3,0.7,0,0,0,2,18,normal,false,5,8,415,2610,0,0,0,false,false,false,0,0,3025,30,0,
344,greedy,3389,30,0,budget,0,50,true,5,395,88,149,0.4666666666666667,0.5333333333333333,0,0,0,5,4,crash,false,4,10,1179,2210,0,0,0,false,false,false,0,0,3389,30,0,
345,greedy,2743,30,0,budget,0,50,true,4,410,80,128,0.5,0.5,0,0,0,4,13,normal,false,4,13,878,1865,0,0,0,false,false,true,0,0,2743,30,0,
346,greedy,1985,17,6,lock,0,78,false,3,420,43,61,0,0.9411764705882353,0.058823529411764705,0,0,3,6,normal,false,7,4,0,1505,480,0,0,false,false,true,0,0,1985,17,0,
347,greedy,7027,34,4,budget,0,82,true,8,1785,117,208,0.29411764705882354,0.6470588235294118,0.058823529411764705,0,0,6,5,crash,false,4,19,642,5515,870,0,0,false,false,true,0,0,7027,34,0,
348,greedy,5730,32,2,budget,0,84,true,6,1310,106,154,0,0.90625,0.09375,0,0,1,8,normal,false,4,15,60,5120,550,0,0,false,false,true,0,0,5730,32,0,
349,greedy,3203,30,0,budget,0,67,true,4,710,76,125,0.23333333333333334,0.7666666666666667,0,0,0,3,5,crash,false,8,10,538,2665,0,0,0,false,false,false,0,0,3203,30,0,
350,greedy,2505,30,0,budget,0,50,true,3,300,76,122,0.4,0.6,0,0,0,3,19,normal,false,4,14,775,1730,0,0,0,false,false,false,0,0,2505,30,0,
351,greedy,3095,30,0,budget,0,62,true,3,370,79,120,0.03333333333333333,0.9666666666666667,0,0,0,1,8,normal,false,7,8,25,3070,0,0,0,false,false,false,0,0,3095,30,0,
352,greedy,6441,44,14,budget,0,95,true,4,840,129,189,0.09090909090909091,0.8409090909090909,0.045454545454545456,0.022727272727272728,0,10,4,normal,false,5,20,376,4275,1610,180,0,true,true,false,0,0,6441,44,0,
353,greedy,3179,34,4,budget,0,74,true,4,480,68,129,0.35294117647058826,0.6470588235294118,0,0,0,7,4,crash,false,3,15,399,2150,630,0,0,false,false,false,0,0,3179,34,0,
354,greedy,3142,30,0,budget,0,56,true,5,875,74,127,0.3,0.7,0,0,0,2,11,crash,false,7,12,387,2755,0,0,0,false,false,true,0,0,3142,30,0,
355,greedy,6422,34,4,budget,0,72,true,6,1140,118,201,0.47058823529411764,0.5,0.029411764705882353,0,0,7,3,crash,false,5,17,992,5310,120,0,0,false,false,false,0,0,6422,34,0,
356,greedy,3975,32,2,budget,0,80,true,3,360,107,150,0.125,0.84375,0.03125,0,0,3,3,normal,false,3,15,320,3565,90,0,0,false,false,false,0,0,3975,32,0,
357,greedy,8264,52,22,budget,0,92,true,5,780,158,211,0.09615384615384616,0.7115384615384616,0.1346153846153846,0.057692307692307696,0,12,3,normal,false,8,24,594,3920,2550,1200,0,true,false,true,0,0,8264,52,0,
358,greedy,2862,30,0,budget,0,57,true,3,320,71,128,0.26666666666666666,0.7333333333333333,0,0,0,1,20,normal,false,8,13,422,2440,0,0,0,false,false,true,0,0,2862,30,0,
359,greedy,4792,32,2,budget,0,73,true,6,1050,96,166,0.34375,0.65625,0,0,0,3,7,crash,false,5,12,657,3865,270,0,0,false,false,false,0,0,4792,32,0,
360,greedy,13385,69,39,budget,1,100,true,7,1295,213,280,0.043478260869565216,0.6956521739130435,0.14492753623188406,0.043478260869565216,0.07246376811594203,18,4,normal,false,9,35,155,7165,2450,1515,2100,false,true,false,1800,5,11585,64,1,4
361,greedy,5175,48,18,budget,0,86,true,4,720,107,157,0.08333333333333333,0.75,0.16666666666666666,0,0,9,1,crash,false,13,21,125,3100,1680,270,0,false,false,true,0,0,5175,48,0,
362,greedy,2692,36,6,budget,0,85,true,3,240,62,125,0.2777777777777778,0.6388888888888888,0.08333333333333333,0,0,5,3,crash,false,7,14,462,1600,630,0,0,false,false,false,0,0,2692,36,0,
363,greedy,3089,30,0,budget,0,53,true,4,340,70,124,0.36666666666666664,0.6333333333333333,0,0,0,3,14,normal,false,9,11,544,2545,0,0,0,false,false,true,0,0,3089,30,0,
364,greedy,4053,30,0,budget,0,58,true,4,630,88,146,0.16666666666666666,0.8333333333333334,0,0,0,4,14,normal,false,5,15,518,3535,0,0,0,false,false,false,0,0,4053,30,0,
365,greedy,2702,30,0,budget,0,59,true,3,410,75,112,0.3,0.7,0,0,0,3,10,normal,false,7,7,347,2355,0,0,0,false,false,false,0,0,2702,30,0,
366,greedy,4524,32,2,budget,0,79,true,4,620,101,155,0.21875,0.78125,0,0,0,5,3,normal,false,6,18,464,3820,240,0,0,false,false,false,0,0,4524,32,0,
367,greedy,6944,40,10,budget,0,88,true,7,1215,131,195,0.15,0.775,0.05,0.025,0,5,1,crash,false,6,18,419,5670,720,135,0,false,false,false,0,0,6944,40,0,
368,greedy,3977,30,0,budget,0,56,true,5,690,80,146,0.23333333333333334,0.7666666666666667,0,0,0,2,9,normal,false,7,10,1007,2970,0,0,0,false,false,false,0,0,3977,30,0,
369,greedy,3754,30,0,budget,0,58,true,4,705,80,140,0.16666666666666666,0.8333333333333334,0,0,0,1,15,normal,false,8,14,539,3215,0,0,0,false,false,true,0,0,3754,30,0,
370,greedy,2404,30,0,budget,0,62,true,4,243,76,102,0.13333333333333333,0.8666666666666667,0,0,0,3,9,normal,false,5,11,339,2065,0,0,0,false,false,false,0,0,2404,30,0,
371,greedy,1100,14,0,lock,0,59,false,2,225,21,45,0,1,0,0,0,0,-1,normal,false,5,3,0,1100,0,0,0,false,false,false,0,0,1100,14,0,
372,greedy,4235,38,8,budget,0,96,false,4,375,108,127,0,0.8947368421052632,0.10526315789473684,0,0,4,13,normal,false,7,15,0,3195,770,270,0,true,true,false,0,0,4235,38,0,
373,greedy,5495,36,6,budget,0,86,true,5,800,112,157,0.08333333333333333,0.8055555555555556,0.1111111111111111,0,0,5,7,normal,false,4,16,95,4015,980,405,0,false,false,true,0,0,5495,36,0,
374,greedy,9935,46,16,budget,0,94,true,5,1575,174,232,0.021739130434782608,0.8478260869565217,0.08695652173913043,0.043478260869565216,0,6,4,normal,false,7,21,15,6955,1210,1755,0,true,false,false,0,0,9935,46,0,
375,greedy,5081,32,2,budget,0,83,true,6,1565,100,163,0.46875,0.5,0.03125,0,0,4,6,normal,false,4,13,636,4175,270,0,0,false,false,true,0,0,5081,32,0,
376,greedy,5533,30,0,budget,0,61,true,6,1320,96,175,0.26666666666666666,0.7333333333333333,0,0,0,1,18,crash,false,4,12,543,4990,0,0,0,false,false,false,0,0,5533,30,0,
377,greedy,4445,30,0,budget,0,63,true,5,1010,101,142,0.06666666666666667,0.9333333333333333,0,0,0,1,15,normal,false,6,11,150,4295,0,0,0,false,false,false,0,0,4445,30,0,
378,greedy,4345,32,2,budget,0,75,true,5,795,88,127,0.03125,0.9375,0.03125,0,0,2,7,normal,false,6,10,15,4210,120,0,0,false,false,false,0,0,4345,32,0,
379,greedy,12620,59,29,budget,1,100,true,5,1660,181,231,0.03389830508474576,0.6779661016949152,0.1864406779661017,0.01694915254237288,0.0847457627118644,15,1,normal,false,9,26,50,3705,4910,1635,2320,false,true,false,780,5,11840,54,1,2
380,greedy,7200,42,21,lock,1,100,false,4,1095,104,135,0,0.6428571428571429,0.16666666666666666,0.07142857142857142,0.11904761904761904,8,7,normal,false,6,19,0,2775,930,1395,2100,false,true,false,2100,5,5100,37,1,6
381,greedy,10535,68,38,budget,0,90,true,4,820,212,290,0,0.7352941176470589,0.23529411764705882,0.029411764705882353,0,17,3,normal,false,4,40,30,6610,3580,315,0,true,false,true,0,0,10535,68,0,
382,greedy,4993,30,0,budget,0,50,true,7,2185,77,168,0.5,0.5,0,0,0,2,12,normal,false,8,9,1078,3915,0,0,0,false,false,false,0,0,4993,30,0,
383,greedy,3605,30,0,budget,0,58,true,4,535,85,131,0,1,0,0,0,0,-1,normal,false,3,14,150,3455,0,0,0,false,false,true,0,0,3605,30,0,
384,greedy,2650,30,0,budget,0,67,true,4,515,65,107,0.2,0.8,0,0,0,3,13,normal,false,7,10,320,2330,0,0,0,false,false,true,0,0,2650,30,0,
385,greedy,2789,32,2,budget,0,71,true,4,255,80,114,0.15625,0.84375,0,0,0,4,10,normal,false,5,13,504,2285,0,0,0,false,false,false,0,0,2789,32,0,
386,greedy,19320,61,31,budget,1,100,true,5,3480,248,307,0.03278688524590164,0.7540983606557377,0.11475409836065574,0.01639344262295082,0.08196721311475409,14,2,normal,false,4,32,200,6675,1380,1725,9340,false,false,true,9870,5,9450,56,1,5
387,greedy,10287,59,29,budget,1,100,true,7,1120,176,227,0.11864406779661017,0.5084745762711864,0.2711864406779661,0.01694915254237288,0.0847457627118644,14,1,normal,false,5,26,497,5215,1860,1215,1500,false,true,true,1480,5,8807,54,1,2
388,greedy,2690,32,2,budget,0,70,true,3,255,75,113,0.09375,0.90625,0,0,0,2,5,normal,false,6,11,250,2440,0,0,0,false,false,false,0,0,2690,32,0,
389,greedy,3037,30,0,budget,0,55,true,4,450,65,138,0.6333333333333333,0.36666666666666664,0,0,0,1,10,crash,false,8,8,907,2130,0,0,0,false,false,false,0,0,3037,30,0,
390,greedy,5485,38,8,budget,0,81,true,5,750,107,152,0,0.9473684210526315,0.05263157894736842,0,0,4,6,normal,false,4,19,60,3985,1440,0,0,false,false,false,0,0,5485,38,0,
391,greedy,2858,30,0,budget,0,53,true,4,630,62,124,0.5,0.5,0,0,0,4,5,normal,false,7,9,623,2235,0,0,0,false,false,true,0,0,2858,30,0,
392,greedy,9532,48,22,lock,0,99,true,4,1165,143,216,0.16666666666666666,0.5,0.25,0.08333333333333333,0,13,2,crash,false,5,26,437,2895,3140,3060,0,true,true,false,0,0,9532,48,0,
393,greedy,3394,32,2,budget,0,73,true,4,825,67,150,0.5,0.46875,0.03125,0,0,4,1,normal,false,5,13,849,2425,120,0,0,false,false,true,0,0,3394,32,0,
394,greedy,7763,52,22,budget,0,93,true,5,645,145,205,0.019230769230769232,0.7692307692307693,0.21153846153846154,0,0,11,2,normal,false,9,19,113,4950,2250,450,0,true,false,false,0,0,7763,52,0,
395,greedy,3225,30,0,budget,0,65,false,4,525,75,97,0,1,0,0,0,0,-1,normal,false,5,14,0,3225,0,0,0,false,false,false,0,0,3225,30,0,
396,greedy,8295,30,13,lock,1,100,true,6,2120,100,130,0.03333333333333333,0.6,0.2,0,0.16666666666666666,6,4,normal,false,4,16,15,2940,1500,360,3480,false,false,false,3480,5,4815,25,1,4
397,greedy,4278,38,8,budget,0,87,true,4,585,92,136,0.18421052631578946,0.7105263157894737,0.10526315789473684,0,0,7,2,crash,false,4,17,238,3090,950,0,0,false,false,false,0,0,4278,38,0,
398,greedy,6415,38,8,budget,0,83,true,7,1750,103,167,0.02631578947368421,0.8157894736842105,0.15789473684210525,0,0,5,3,normal,false,8,13,30,5005,1380,0,0,false,false,true,0,0,6415,38,0,
399,greedy,1395,13,4,lock,0,78,false,3,395,31,47,0,0.9230769230769231,0.07692307692307693,0,0,2,2,normal,false,2,5,0,1035,360,0,0,false,false,false,0,0,1395,13,0,
400,greedy,4428,30,0,budget,0,62,true,6,795,87,141,0.13333333333333333,0.8666666666666667,0,0,0,2,13,normal,false,4,12,493,3935,0,0,0,false,false,true,0,0,4428,30,0,
401,greedy,2681,30,0,budget,0,67,true,4,275,76,111,0.26666666666666666,0.7333333333333333,0,0,0,5,15,normal,false,6,15,466,2215,0,0,0,false,false,true,0,0,2681,30,0,
402,greedy,8458,39,9,budget,1,100,true,3,1120,116,175,0.05128205128205128,0.6923076923076923,0.1282051282051282,0,0.1282051282051282,3,5,normal,false,4,21,53,3145,1960,0,3300,false,false,false,2940,5,5518,34,1,5
403,greedy,2890,30,0,budget,0,60,true,3,435,91,123,0.2,0.8,0,0,0,4,3,normal,false,4,15,155,2735,0,0,0,false,false,true,0,0,2890,30,0,
404,greedy,5983,42,12,budget,0,78,true,5,1560,94,183,0.3333333333333333,0.5714285714285714,0.09523809523809523,0,0,9,2,crash,false,3,19,1028,2795,2160,0,0,false,false,false,0,0,5983,42,0,
405,greedy,4217,30,0,budget,0,60,true,5,865,80,131,0.23333333333333334,0.7666666666666667,0,0,0,2,14,normal,false,11,8,222,3995,0,0,0,false,false,true,0,0,4217,30,0,
406,greedy,8285,46,16,budget,0,86,true,5,910,158,235,0.06521739130434782,0.8695652173913043,0.06521739130434782,0,0,9,3,normal,false,5,21,130,7265,890,0,0,false,false,true,0,0,8285,46,0,
407,greedy,11233,38,8,budget,0,97,true,6,4440,122,187,0.13157894736842105,0.6842105263157895,0.15789473684210525,0.02631578947368421,0,4,1,crash,false,9,11,83,4340,2220,4590,0,true,true,false,0,0,11233,38,0,
408,greedy,4279,30,0,budget,0,64,true,6,1130,96,151,0.23333333333333334,0.7666666666666667,0,0,0,1,28,normal,false,4,13,544,3735,0,0,0,false,false,true,0,0,4279,30,0,
409,greedy,3368,30,0,budget,0,65,true,4,410,81,155,0.4666666666666667,0.5333333333333333,0,0,0,5,8,normal,false,3,17,948,2420,0,0,0,false,false,true,0,0,3368,30,0,
410,greedy,2412,30,0,budget,0,50,true,3,375,59,126,0.4666666666666667,0.5333333333333333,0,0,0,2,12,crash,false,5,10,627,1785,0,0,0,false,false,false,0,0,2412,30,0,
411,greedy,3371,30,0,budget,0,60,true,4,455,86,113,0.16666666666666666,0.8333333333333334,0,0,0,4,6,normal,false,3,11,236,3135,0,0,0,false,false,false,0,0,3371,30,0,
412,greedy,18863,51,21,budget,1,100,true,6,4750,189,286,0.0392156862745098,0.7058823529411765,0.11764705882352941,0.0392156862745098,0.09803921568627451,10,2,normal,false,5,25,313,5065,9420,405,3660,false,true,true,7390,5,11473,46,1,2
413,greedy,3536,30,0,budget,0,69,true,4,450,86,125,0.1,0.9,0,0,0,1,20,normal,false,4,10,141,3395,0,0,0,false,false,false,0,0,3536,30,0,
414,greedy,3290,21,14,lock,0,99,false,4,1080,61,67,0,0.47619047619047616,0.42857142857142855,0.09523809523809523,0,4,2,normal,false,3,13,0,875,2190,225,0,true,true,true,0,0,3290,21,0,
415,greedy,2311,24,2,lock,0,74,true,5,825,62,88,0.4166666666666667,0.5416666666666666,0.041666666666666664,0,0,3,6,normal,false,6,9,466,1755,90,0,0,false,false,false,0,0,2311,24,0,
416,greedy,10354,42,12,budget,0,99,true,6,1520,152,252,0.16666666666666666,0.6666666666666666,0.09523809523809523,0.07142857142857142,0,7,8,crash,false,5,21,809,6495,2420,630,0,true,true,true,0,0,10354,42,0,
417,greedy,3455,34,4,budget,0,80,true,3,510,95,127,0.11764705882352941,0.8529411764705882,0.029411764705882353,0,0,4,1,normal,false,3,18,205,3160,90,0,0,false,false,true,0,0,3455,34,0,
418,greedy,9510,23,23,lock,3,100,false,3,1080,92,85,0,0.043478260869565216,0.30434782608695654,0,0.6521739130434783,4,1,keto,false,4,12,0,220,1170,780,7340,false,false,true,6970,15,2540,8,2,5|2
419,greedy,3458,30,0,budget,0,52,true,4,585,81,123,0.2,0.8,0,0,0,3,10,normal,false,5,13,308,3150,0,0,0,false,false,false,0,0,3458,30,0,
420,greedy,4404,32,2,budget,0,75,true,5,720,79,153,0.46875,0.53125,0,0,0,4,2,normal,false,5,13,679,3545,180,0,0,false,false,true,0,0,4404,32,0,
421,greedy,4860,32,2,budget,0,71,true,4,600,100,173,0.21875,0.78125,0,0,0,3,13,crash,false,7,11,460,4400,0,0,0,false,false,false,0,0,4860,32,0,
422,greedy,3281,30,0,budget,0,57,true,3,290,76,126,0.16666666666666666,0.8333333333333334,0,0,0,3,12,crash,false,4,10,391,2890,0,0,0,false,false,false,0,0,3281,30,0,
423,greedy,2671,34,4,budget,0,72,true,3,435,66,123,0.2647058823529412,0.7058823529411765,0.029411764705882353,0,0,5,5,crash,false,6,9,381,1960,330,0,0,false,false,false,0,0,2671,34,0,
424,greedy,5665,36,6,budget,0,94,true,7,1280,96,147,0.027777777777777776,0.8611111111111112,0.05555555555555555,0.05555555555555555,0,2,28,crash,false,7,13,0,3970,1380,315,0,true,false,false,0,0,5665,36,0,
425,greedy,6115,32,2,budget,0,71,true,5,1075,105,176,0.03125,0.96875,0,0,0,2,11,normal,false,7,16,85,5850,180,0,0,false,false,true,0,0,6115,32,0,
426,greedy,16280,71,41,budget,3,100,true,5,4010,210,265,0.014084507042253521,0.5352112676056338,0.16901408450704225,0.07042253521126761,0.2112676056338028,15,12,normal,false,5,37,65,4205,2300,810,8900,false,true,false,8570,15,7710,56,3,5|4|6
427,greedy,6923,48,18,budget,0,87,true,4,570,157,198,0.08333333333333333,0.8125,0.10416666666666667,0,0,9,1,normal,false,4,22,98,5265,1560,0,0,false,false,true,0,0,6923,48,0,
428,greedy,3620,32,2,budget,0,72,true,4,505,85,125,0.03125,0.9375,0.03125,0,0,2,14,normal,false,5,13,145,3385,90,0,0,false,false,false,0,0,3620,32,0,
429,greedy,2843,30,0,budget,0,66,true,6,555,73,115,0.16666666666666666,0.8333333333333334,0,0,0,2,18,normal,false,3,14,658,2185,0,0,0,false,false,false,0,0,2843,30,0,
430,greedy,5758,30,0,budget,0,63,true,7,1170,96,139,0.1,0.9,0,0,0,0,-1,crash,false,6,8,83,5675,0,0,0,false,false,false,0,0,5758,30,0,
431,greedy,2760,30,0,budget,0,54,true,3,345,74,109,0.23333333333333334,0.7666666666666667,0,0,0,2,7,normal,false,6,11,325,2435,0,0,0,false,false,false,0,0,2760,30,0,
432,greedy,2723,30,0,budget,0,62,true,4,660,57,116,0.43333333333333335,0.5666666666666667,0,0,0,3,17,normal,false,6,12,603,2120,0,0,0,false,false,false,0,0,2723,30,0,
433,greedy,3838,30,0,budget,0,57,true,5,975,84,114,0.1,0.9,0,0,0,2,9,normal,false,5,11,178,3660,0,0,0,false,false,true,0,0,3838,30,0,
434,greedy,4924,38,8,budget,0,84,true,4,660,99,161,0.23684210526315788,0.7105263157894737,0.05263157894736842,0,0,7,8,crash,false,7,15,374,3440,1110,0,0,false,false,false,0,0,4924,38,0,
435,greedy,22403,59,29,budget,1,100,true,8,4460,211,313,0.05084745762711865,0.6101694915254238,0.1694915254237288,0.0847457627118644,0.0847457627118644,11,2,normal,false,10,34,323,6660,5320,3540,6560,false,true,false,6470,5,15933,54,1,2
436,greedy,28060,85,55,budget,3,100,true,5,3690,262,393,0.047058823529411764,0.4823529411764706,0.24705882352941178,0.047058823529411764,0.17647058823529413,26,2,normal,false,4,50,145,4650,2930,9315,11020,false,true,false,9860,15,18200,70,3,10|3|5
437,greedy,7139,52,22,budget,0,88,true,5,755,145,220,0.1346153846153846,0.6730769230769231,0.15384615384615385,0.038461538461538464,0,9,6,crash,false,8,20,364,4750,1200,825,0,false,false,false,0,0,7139,52,0,
438,greedy,4676,36,6,budget,0,84,true,5,415,107,161,0.05555555555555555,0.8888888888888888,0.05555555555555555,0,0,3,6,normal,false,6,15,406,3730,540,0,0,false,false,true,0,0,4676,36,0,
439,greedy,3060,32,2,budget,0,74,true,4,720,76,101,0.03125,0.9375,0.03125,0,0,2,16,normal,false,9,11,15,2955,90,0,0,false,false,false,0,0,3060,32,0,
440,greedy,4207,34,4,budget,0,82,true,5,450,89,161,0.38235294117647056,0.5882352941176471,0.029411764705882353,0,0,8,1,normal,false,5,15,857,2840,510,0,0,false,false,false,0,0,4207,34,0,
441,greedy,2656,30,0,budget,0,66,true,4,375,61,94,0.1,0.9,0,0,0,0,-1,crash,false,4,8,46,2610,0,0,0,false,false,false,0,0,2656,30,0,
442,greedy,2011,30,0,budget,0,63,true,3,465,63,100,0.3333333333333333,0.6666666666666666,0,0,0,2,13,normal,false,6,9,381,1630,0,0,0,false,false,false,0,0,2011,30,0,
443,greedy,12215,72,42,budget,0,98,true,3,795,207,282,0.041666666666666664,0.6666666666666666,0.2222222222222222,0.06944444444444445,0,19,2,normal,false,5,33,200,4865,4450,2700,0,true,true,false,0,0,12215,72,0,
444,greedy,3847,30,0,budget,0,59,true,5,825,79,135,0.36666666666666664,0.6333333333333333,0,0,0,2,14,crash,false,7,10,542,3305,0,0,0,false,false,false,0,0,3847,30,0,
445,greedy,11053,43,13,budget,1,100,true,5,2720,150,193,0.046511627906976744,0.7441860465116279,0.09302325581395349,0,0.11627906976744186,5,10,normal,false,5,18,88,4315,370,2040,4240,false,false,true,5400,5,5653,38,1,4
446,greedy,2590,36,6,budget,0,77,true,5,630,61,120,0.5555555555555556,0.3888888888888889,0.05555555555555555,0,0,5,2,normal,false,9,9,705,1525,360,0,0,false,false,true,0,0,2590,36,0,
447,greedy,3143,32,2,budget,0,79,true,4,510,77,111,0.125,0.84375,0.03125,0,0,3,4,normal,false,4,13,178,2875,90,0,0,false,false,true,0,0,3143,32,0,
448,greedy,1425,13,0,lock,0,50,true,4,420,25,48,0,1,0,0,0,0,-1,normal,false,2,6,30,1395,0,0,0,false,false,false,0,0,1425,13,0,
449,greedy,4256,31,10,lock,0,83,true,4,770,94,134,0.12903225806451613,0.7419354838709677,0.12903225806451613,0,0,6,5,normal,false,4,14,421,2845,990,0,0,false,false,false,0,0,4256,31,0,
450,greedy,6775,42,12,budget,0,95,false,5,1515,115,165,0,0.8571428571428571,0.11904761904761904,0.023809523809523808,0,4,1,normal,false,6,16,0,4670,710,1395,0,true,true,true,0,0,6775,42,0,
451,greedy,2395,30,0,budget,0,56,true,4,765,54,115,0.5666666666666667,0.43333333333333335,0,0,0,4,8,crash,false,4,12,585,1810,0,0,0,false,false,true,0,0,2395,30,0,
452,greedy,3277,30,0,budget,0,69,true,4,555,77,128,0.3,0.7,0,0,0,2,9,crash,false,6,10,382,2895,0,0,0,false,false,true,0,0,3277,30,0,
453,greedy,2650,5,9,lock,1,100,false,4,1050,29,21,0,0,0,0,1,1,1,frenzy,false,2,3,0,150,0,900,1600,false,false,true,2650,5,0,0,0,
454,greedy,9205,55,25,budget,1,100,true,5,920,151,204,0.03636363636363636,0.7272727272727273,0.12727272727272726,0.01818181818181818,0.09090909090909091,12,14,normal,false,5,27,55,4370,2120,720,1940,false,true,false,2620,5,6585,50,1,2
455,greedy,4660,30,0,budget,0,53,true,5,945,83,170,0.4666666666666667,0.5333333333333333,0,0,0,3,12,crash,false,3,15,685,3975,0,0,0,false,false,false,0,0,4660,30,0,
456,greedy,3758,30,0,budget,0,61,true,5,1315,72,144,0.5666666666666667,0.43333333333333335,0,0,0,5,13,normal,false,7,14,688,3070,0,0,0,false,false,false,0,0,3758,30,0,
457,greedy,3631,30,0,budget,0,65,true,3,510,82,157,0.2,0.8,0,0,0,3,7,normal,false,4,15,381,3250,0,0,0,false,false,false,0,0,3631,30,0,
458,greedy,4218,30,0,budget,0,65,true,4,710,83,136,0.06666666666666667,0.9333333333333333,0,0,0,1,18,normal,false,5,10,38,4180,0,0,0,false,false,true,0,0,4218,30,0,
459,greedy,4838,30,0,budget,0,63,true,7,1600,81,131,0.1,0.9,0,0,0,2,11,normal,false,5,11,128,4710,0,0,0,false,false,true,0,0,4838,30,0,
460,greedy,13210,51,21,budget,1,100,true,6,2740,167,232,0.058823529411764705,0.6274509803921569,0.1568627450980392,0.058823529411764705,0.09803921568627451,8,16,normal,false,10,26,240,3905,4430,2175,2460,false,true,true,2890,5,10320,46,0,
461,greedy,3260,30,0,budget,0,67,false,4,660,88,119,0,1,0,0,0,0,-1,normal,false,6,9,0,3260,0,0,0,false,false,true,0,0,3260,30,0,
462,greedy,3004,30,0,budget,0,52,true,5,495,68,121,0.26666666666666666,0.7333333333333333,0,0,0,4,7,normal,false,4,12,764,2240,0,0,0,false,false,true,0,0,3004,30,0,
463,greedy,13320,71,41,budget,1,100,false,5,1995,199,278,0,0.6338028169014085,0.2535211267605634,0.04225352112676056,0.07042253521126761,18,1,normal,false,6,31,0,4655,5240,2085,1340,false,false,true,1300,5,12020,66,1,2
464,greedy,4082,38,8,budget,0,81,true,5,673,113,150,0.21052631578947367,0.7631578947368421,0.02631578947368421,0,0,7,1,normal,false,3,15,712,3100,270,0,0,false,false,false,0,0,4082,38,0,
465,greedy,3313,36,6,budget,0,77,true,5,585,77,116,0.16666666666666666,0.8333333333333334,0,0,0,8,4,normal,false,4,15,268,2865,180,0,0,false,false,false,0,0,3313,36,0,
466,greedy,4620,42,12,budget,0,95,true,3,620,105,142,0.16666666666666666,0.6190476190476191,0.19047619047619047,0.023809523809523808,0,9,3,normal,false,9,16,205,2350,1840,225,0,true,true,true,0,0,4620,42,0,
467,greedy,11000,50,43,lock,1,100,false,5,1650,130,169,0,0.46,0.38,0.06,0.1,16,9,keto,false,6,35,0,1785,5940,1215,2060,false,false,true,1670,5,9330,45,1,2
468,greedy,3283,32,2,budget,0,70,true,4,570,75,115,0.1875,0.8125,0,0,0,5,12,crash,false,4,13,143,3140,0,0,0,false,false,false,0,0,3283,32,0,
469,greedy,2662,30,0,budget,0,50,true,5,750,69,116,0.4666666666666667,0.5333333333333333,0,0,0,6,8,normal,false,4,13,652,2010,0,0,0,false,false,true,0,0,2662,30,0,
470,greedy,10489,43,13,budget,1,100,true,5,3060,133,194,0.09302325581395349,0.7209302325581395,0.046511627906976744,0.023255813953488372,0.11627906976744186,3,11,crash,false,5,19,249,3945,680,2955,2660,false,false,false,5600,5,4889,38,1,3
471,greedy,2705,32,2,budget,0,83,true,3,345,69,99,0.0625,0.875,0.0625,0,0,3,7,normal,false,6,8,45,2480,180,0,0,false,false,false,0,0,2705,32,0,
472,greedy,2994,30,0,budget,0,64,true,4,575,70,116,0.3333333333333333,0.6666666666666666,0,0,0,5,7,normal,false,5,13,309,2685,0,0,0,false,false,true,0,0,2994,30,0,
473,greedy,10856,53,23,budget,1,100,true,5,1725,150,203,0.1509433962264151,0.49056603773584906,0.20754716981132076,0.05660377358490566,0.09433962264150944,13,4,normal,false,6,23,351,2550,2220,4095,1640,false,true,false,2270,5,8586,48,1,5
474,greedy,12622,62,32,budget,2,100,true,5,1290,164,221,0.14516129032258066,0.4838709677419355,0.16129032258064516,0.04838709677419355,0.16129032258064516,15,11,normal,false,6,37,172,3395,3350,1665,4040,false,true,false,4220,10,8402,52,2,4|3
475,greedy,2995,34,4,budget,0,88,false,3,390,75,98,0,0.9411764705882353,0.029411764705882353,0.029411764705882353,0,2,9,normal,false,8,13,0,2665,60,270,0,false,false,false,0,0,2995,34,0,
476,greedy,5450,38,8,budget,0,96,true,5,1110,105,148,0,0.868421052631579,0.07894736842105263,0.05263157894736842,0,4,17,normal,false,3,19,30,3860,1200,360,0,true,true,false,0,0,5450,38,0,
477,greedy,14860,80,50,budget,0,98,true,6,1230,219,337,0.1875,0.4875,0.225,0.1,0,26,3,normal,false,6,47,845,5330,4380,4305,0,true,true,true,0,0,14860,80,0,
478,greedy,2988,30,0,budget,0,66,true,3,405,88,113,0.1,0.9,0,0,0,2,14,normal,false,6,9,158,2830,0,0,0,false,false,false,0,0,2988,30,0,
479,greedy,5736,42,12,budget,0,82,true,4,1160,102,171,0.11904761904761904,0.7857142857142857,0.09523809523809523,0,0,7,2,crash,false,5,16,96,3370,2270,0,0,false,false,false,0,0,5736,42,0,
480,greedy,2695,30,0,budget,0,63,true,3,440,66,93,0,1,0,0,0,0,-1,normal,false,11,8,30,2665,0,0,0,false,false,true,0,0,2695,30,0,
481,greedy,3483,32,2,budget,0,70,true,4,420,70,148,0.40625,0.59375,0,0,0,3,7,crash,false,11,7,713,2770,0,0,0,false,false,false,0,0,3483,32,0,
482,greedy,5905,40,10,budget,0,97,true,4,1305,99,166,0.275,0.55,0.125,0.05,0,8,1,normal,false,4,18,550,2810,580,1965,0,true,true,true,0,0,5905,40,0,
483,greedy,7535,48,18,budget,0,85,false,4,1250,143,205,0,0.875,0.125,0,0,8,11,normal,false,6,17,0,4725,2540,270,0,false,false,true,0,0,7535,48,0,
484,greedy,3903,36,6,budget,0,81,true,4,405,101,150,0.16666666666666666,0.8055555555555556,0.027777777777777776,0,0,5,11,crash,false,3,19,333,3300,270,0,0,false,false,true,0,0,3903,36,0,
485,greedy,3047,30,0,budget,0,50,true,4,770,71,149,0.36666666666666664,0.6333333333333333,0,0,0,4,4,normal,false,3,15,887,2160,0,0,0,false,false,true,0,0,3047,30,0,
486,greedy,5920,36,6,budget,0,84,true,5,1195,113,159,0.08333333333333333,0.8888888888888888,0.027777777777777776,0,0,4,9,normal,false,5,17,235,3765,1920,0,0,false,false,true,0,0,5920,36,0,
487,greedy,2839,30,0,budget,0,50,true,3,370,66,140,0.4666666666666667,0.5333333333333333,0,0,0,4,8,crash,false,7,13,864,1975,0,0,0,false,false,true,0,0,2839,30,0,
488,greedy,2361,30,0,budget,0,50,true,3,305,61,103,0.36666666666666664,0.6333333333333333,0,0,0,4,4,crash,false,2,14,496,1865,0,0,0,false,false,false,0,0,2361,30,0,
489,greedy,7895,48,18,budget,0,93,false,4,870,147,196,0,0.875,0.10416666666666667,0.020833333333333332,0,8,7,normal,false,6,26,0,4430,2520,945,0,true,false,true,0,0,7895,48,0,
490,greedy,5390,34,4,budget,0,74,true,5,1125,119,162,0.029411764705882353,0.9411764705882353,0.029411764705882353,0,0,3,1,normal,false,5,13,105,4775,510,0,0,false,false,false,0,0,5390,34,0,
491,greedy,3104,30,0,budget,0,68,true,5,735,72,116,0.4,0.6,0,0,0,2,3,normal,false,4,8,529,2575,0,0,0,false,false,false,0,0,3104,30,0,
492,greedy,8372,47,17,budget,1,100,true,5,1950,132,170,0.14893617021276595,0.574468085106383,0.1702127659574468,0,0.10638297872340426,8,1,normal,false,7,17,777,2495,920,1920,2260,false,false,false,2930,5,5442,42,1,2
493,greedy,4661,36,6,budget,0,87,true,3,730,94,147,0.19444444444444445,0.75,0.05555555555555555,0,0,4,1,crash,false,5,16,256,3535,210,660,0,false,false,false,0,0,4661,36,0,
494,greedy,2141,30,0,budget,0,53,true,3,315,57,87,0.13333333333333333,0.8666666666666667,0,0,0,2,16,normal,false,6,7,126,2015,0,0,0,false,false,false,0,0,2141,30,0,
495,greedy,425,5,0,lock,0,65,false,3,210,13,15,0,1,0,0,0,0,-1,normal,false,3,1,0,425,0,0,0,false,false,false,0,0,425,5,0,
496,greedy,4878,44,14,budget,0,74,true,6,760,108,165,0.13636363636363635,0.8636363636363636,0,0,0,9,5,crash,false,4,19,308,4210,360,0,0,false,false,false,0,0,4878,44,0,
497,greedy,5030,34,4,budget,0,82,true,3,580,119,172,0.058823529411764705,0.8823529411764706,0.058823529411764705,0,0,3,5,crash,false,6,14,150,4490,390,0,0,false,false,true,0,0,5030,34,0,
498,greedy,3703,30,0,budget,0,66,true,4,650,93,124,0.13333333333333333,0.8666666666666667,0,0,0,3,9,normal,false,6,13,138,3565,0,0,0,false,false,true,0,0,3703,30,0,
499,greedy,5513,34,4,budget,0,87,true,5,970,84,169,0.17647058823529413,0.7941176470588235,0.029411764705882353,0,0,5,6,crash,false,5,15,128,4335,240,810,0,false,false,false,0,0,5513,34,0,
500,greedy,2370,30,0,budget,0,62,true,2,360,59,108,0.3,0.7,0,0,0,4,10,normal,false,6,8,180,2190,0,0,0,false,false,true,0,0,2370,30,0,
501,greedy,2355,30,0,budget,0,62,true,3,285,50,117,0.3,0.7,0,0,0,2,9,normal,false,6,9,660,1695,0,0,0,false,false,false,0,0,2355,30,0,
502,greedy,4073,30,0,budget,0,65,true,5,825,82,145,0.2,0.8,0,0,0,5,4,normal,false,6,13,228,3845,0,0,0,false,false,true,0,0,4073,30,0,
503,greedy,5440,21,4,lock,0,84,false,7,1630,80,105,0,0.9047619047619048,0.09523809523809523,0,0,2,15,normal,false,6,8,0,4000,1440,0,0,false,false,false,0,0,5440,21,0,
504,greedy,4225,32,2,budget,0,70,true,4,585,95,139,0.125,0.875,0,0,0,4,12,normal,false,4,16,275,3770,180,0,0,false,false,true,0,0,4225,32,0,
505,greedy,5801,44,14,budget,0,89,true,4,825,109,177,0.11363636363636363,0.75,0.13636363636363635,0,0,9,2,normal,false,5,18,181,3400,1950,270,0,false,false,true,0,0,5801,44,0,
506,greedy,3115,34,4,budget,0,77,true,4,635,73,129,0.4117647058823529,0.5294117647058824,0.058823529411764705,0,0,2,2,crash,false,13,9,450,2485,180,0,0,false,false,true,0,0,3115,34,0,
507,greedy,2327,30,0,budget,0,50,true,3,445,57,103,0.3,0.7,0,0,0,6,7,normal,false,2,13,312,2015,0,0,0,false,false,false,0,0,2327,30,0,
508,greedy,3163,30,0,budget,0,63,true,4,435,73,129,0.3,0.7,0,0,0,3,17,crash,false,7,8,478,2685,0,0,0,false,false,false,0,0,3163,30,0,
509,greedy,3370,30,0,budget,0,64,true,5,660,87,125,0.1,0.9,0,0,0,2,27,normal,false,7,10,180,3190,0,0,0,false,false,true,0,0,3370,30,0,
510,greedy,3908,38,8,budget,0,88,true,4,680,91,133,0.2631578947368421,0.631578947368421,0.07894736842105263,0.02631578947368421,0,6,1,normal,false,5,17,568,2095,1110,135,0,false,false,false,0,0,3908,38,0,
511,greedy,2970,30,0,budget,0,62,true,4,585,66,96,0.03333333333333333,0.9666666666666667,0,0,0,1,13,normal,false,7,8,65,2905,0,0,0,false,false,false,0,0,2970,30,0,
512,greedy,6863,34,4,budget,0,97,true,5,1500,113,179,0.29411764705882354,0.5882352941176471,0.08823529411764706,0.029411764705882353,0,6,2,normal,false,4,14,313,4370,1640,540,0,true,true,true,0,0,6863,34,0,
513,greedy,6665,44,14,budget,0,98,true,4,850,138,199,0.045454545454545456,0.7954545454545454,0.13636363636363635,0.022727272727272728,0,7,8,crash,false,3,24,255,5165,1110,135,0,true,true,false,0,0,6665,44,0,
514,greedy,18355,62,32,budget,2,100,true,8,3480,211,267,0.016129032258064516,0.6612903225806451,0.14516129032258066,0.016129032258064516,0.16129032258064516,9,8,normal,false,4,35,35,5395,4910,2475,5540,false,true,true,6455,10,11900,52,0,
515,greedy,3750,32,2,budget,0,74,true,4,510,91,126,0.125,0.84375,0.03125,0,0,4,17,normal,false,10,14,165,3435,150,0,0,false,false,false,0,0,3750,32,0,
516,greedy,7606,45,15,budget,1,100,true,5,1040,121,183,0.1111111111111111,0.6666666666666666,0.06666666666666667,0.044444444444444446,0.1111111111111111,6,7,normal,false,9,22,406,3905,740,315,2240,false,false,true,2300,5,5306,40,1,4
517,greedy,19660,76,58,lock,2,100,false,5,1560,246,291,0,0.4605263157894737,0.3026315789473684,0.10526315789473684,0.13157894736842105,18,1,normal,false,9,36,0,3635,8020,2445,5560,false,true,false,5470,10,14190,66,2,10|2
518,greedy,3496,34,4,budget,0,79,true,4,420,92,133,0.35294117647058826,0.5882352941176471,0.058823529411764705,0,0,5,3,normal,false,5,20,726,2590,180,0,0,false,false,false,0,0,3496,34,0,
519,greedy,6353,38,8,budget,0,97,true,4,1090,119,176,0.10526315789473684,0.7894736842105263,0.05263157894736842,0.05263157894736842,0,4,3,normal,false,6,14,138,4685,270,1260,0,true,true,false,0,0,6353,38,0,
520,greedy,3919,30,0,budget,0,56,true,5,875,85,161,0.43333333333333335,0.5666666666666667,0,0,0,4,8,normal,false,4,13,1634,2285,0,0,0,false,false,true,0,0,3919,30,0,
521,greedy,9625,46,16,budget,0,98,true,6,2085,135,205,0.021739130434782608,0.782608695652174,0.15217391304347827,0.043478260869565216,0,8,12,normal,false,2,28,315,4590,2650,2070,0,true,true,true,0,0,9625,46,0,
522,greedy,2850,30,0,budget,0,67,true,4,460,75,123,0.5,0.5,0,0,0,4,11,crash,false,8,10,355,2495,0,0,0,false,false,false,0,0,2850,30,0,
523,greedy,16303,60,30,budget,2,100,true,6,3920,163,237,0.11666666666666667,0.48333333333333334,0.18333333333333332,0.05,0.16666666666666666,12,9,crash,false,7,28,168,2790,3860,2145,7340,false,true,false,7790,10,8513,50,2,5|6
524,greedy,12238,53,23,budget,1,100,true,5,3600,149,203,0.1320754716981132,0.5849056603773585,0.1320754716981132,0.05660377358490566,0.09433962264150944,9,2,normal,false,8,24,398,3010,2090,1440,5300,false,true,true,4700,5,7538,48,1,6
525,greedy,5399,32,2,budget,0,74,true,6,1420,105,166,0.28125,0.6875,0.03125,0,0,5,14,normal,false,6,17,694,4585,120,0,0,false,false,true,0,0,5399,32,0,
526,greedy,3978,32,2,budget,0,78,true,5,830,65,139,0.3125,0.65625,0.03125,0,0,3,7,normal,false,7,9,733,2415,830,0,0,false,false,true,0,0,3978,32,0,
527,greedy,3273,30,0,budget,0,66,true,6,1010,75,115,0.2,0.8,0,0,0,3,7,crash,false,5,14,198,3075,0,0,0,false,false,false,0,0,3273,30,0,
528,greedy,4053,34,4,budget,0,80,true,4,630,78,123,0.17647058823529413,0.7647058823529411,0.058823529411764705,0,0,5,1,crash,false,3,17,83,3540,430,0,0,false,false,false,0,0,4053,34,0,
529,greedy,3564,30,0,budget,0,69,true,3,355,96,135,0.16666666666666666,0.8333333333333334,0,0,0,3,14,normal,false,6,15,399,3165,0,0,0,false,false,false,0,0,3564,30,0,
530,greedy,10365,49,19,budget,1,100,true,4,1140,157,237,0.02040816326530612,0.7346938775510204,0.12244897959183673,0.02040816326530612,0.10204081632653061,6,5,crash,false,5,27,90,5210,1420,1305,2340,false,true,false,2850,5,7515,44,0,
531,greedy,4244,25,2,lock,0,79,true,7,1185,83,129,0.28,0.68,0.04,0,0,2,3,normal,false,8,11,484,3670,90,0,0,false,false,true,0,0,4244,25,0,
532,greedy,9720,50,20,budget,0,90,false,7,2470,147,208,0,0.86,0.14,0,0,7,2,normal,false,11,20,0,4980,4470,270,0,true,false,false,0,0,9720,50,0,
533,greedy,1655,22,2,lock,0,70,true,2,280,43,68,0.045454545454545456,0.9545454545454546,0,0,0,2,3,normal,false,6,6,45,1370,240,0,0,false,false,false,0,0,1655,22,0,
534,greedy,2632,30,0,budget,0,69,true,3,280,67,103,0.2,0.8,0,0,0,3,19,normal,false,4,13,227,2405,0,0,0,false,false,true,0,0,2632,30,0,
535,greedy,2993,30,0,budget,0,50,true,5,840,65,110,0.2,0.8,0,0,0,4,6,normal,false,5,10,228,2765,0,0,0,false,false,false,0,0,2993,30,0,
536,greedy,4774,34,4,budget,0,86,true,4,780,103,180,0.29411764705882354,0.6764705882352942,0.029411764705882353,0,0,4,1,normal,false,4,12,859,3645,270,0,0,false,false,false,0,0,4774,34,0,
537,greedy,3288,30,0,budget,0,64,true,3,490,87,123,0.1,0.9,0,0,0,1,14,normal,false,8,10,203,3085,0,0,0,false,false,false,0,0,3288,30,0,
538,greedy,3575,30,0,budget,0,64,true,4,505,86,132,0.13333333333333333,0.8666666666666667,0,0,0,2,28,normal,false,8,8,285,3290,0,0,0,false,false,true,0,0,3575,30,0,
539,greedy,7433,49,19,budget,1,100,true,5,2190,119,157,0.08163265306122448,0.6122448979591837,0.16326530612244897,0.04081632653061224,0.10204081632653061,7,2,normal,false,7,18,178,2700,880,1575,2100,false,true,true,3210,5,4223,44,1,5
540,greedy,3635,30,0,budget,0,63,true,4,495,79,113,0.03333333333333333,0.9666666666666667,0,0,0,1,23,normal,false,11,11,60,3575,0,0,0,false,false,true,0,0,3635,30,0,
541,greedy,2075,30,0,budget,0,55,true,3,195,60,88,0.06666666666666667,0.9333333333333333,0,0,0,2,9,normal,false,8,10,40,2035,0,0,0,false,false,true,0,0,2075,30,0,
542,greedy,10653,51,21,budget,1,100,true,5,960,173,233,0.058823529411764705,0.6862745098039216,0.13725490196078433,0.0196078431372549,0.09803921568627451,11,2,normal,false,4,29,318,6025,1110,780,2420,false,true,false,1880,5,8773,46,1,3
543,greedy,5365,32,2,budget,0,82,true,5,970,114,159,0.03125,0.9375,0.03125,0,0,2,14,normal,false,4,11,20,5105,240,0,0,false,false,false,0,0,5365,32,0,
544,greedy,3518,30,0,budget,0,50,true,5,850,75,122,0.23333333333333334,0.7666666666666667,0,0,0,4,10,normal,false,5,10,178,3340,0,0,0,false,false,true,0,0,3518,30,0,
545,greedy,12275,54,24,budget,2,100,true,6,2100,165,253,0.3148148148148148,0.4444444444444444,0.05555555555555555,0,0.18518518518518517,9,5,crash,false,8,21,830,4105,1140,540,5660,false,false,false,6220,10,6055,44,1,2
546,greedy,4160,30,0,budget,0,60,true,4,1090,81,132,0.16666666666666666,0.8333333333333334,0,0,0,4,7,normal,false,6,12,170,3990,0,0,0,false,false,true,0,0,4160,30,0,
547,greedy,5626,44,14,budget,0,94,true,5,825,119,170,0.11363636363636363,0.7272727272727273,0.11363636363636363,0.045454545454545456,0,8,3,crash,false,6,18,286,3565,1010,765,0,true,false,false,0,0,5626,44,0,
548,greedy,3680,30,0,budget,0,63,true,5,630,74,117,0.06666666666666667,0.9333333333333333,0,0,0,2,9,normal,false,4,11,270,3410,0,0,0,false,false,true,0,0,3680,30,0,
549,greedy,2954,36,6,budget,0,79,true,3,360,82,135,0.4166666666666667,0.5277777777777778,0.05555555555555555,0,0,4,8,crash,false,11,13,659,1795,500,0,0,false,false,false,0,0,2954,36,0,
550,greedy,790,9,2,lock,0,76,false,2,210,24,31,0,0.8888888888888888,0.1111111111111111,0,0,1,2,normal,false,4,2,0,580,210,0,0,false,false,false,0,0,790,9,0,
551,greedy,5345,34,4,budget,0,87,true,4,870,108,158,0.08823529411764706,0.8823529411764706,0.029411764705882353,0,0,4,6,normal,false,2,16,65,4290,990,0,0,false,false,true,0,0,5345,34,0,
552,greedy,5355,31,21,lock,1,100,false,6,1025,108,114,0,0.7096774193548387,0.12903225806451613,0.12903225806451613,0.03225806451612903,8,1,frenzy,false,4,16,0,3430,710,1215,0,false,true,true,90,1,5265,30,1,3
553,greedy,7334,38,8,budget,0,82,true,5,1050,117,194,0.2631578947368421,0.631578947368421,0.10526315789473684,0,0,7,2,normal,false,4,17,644,3520,3170,0,0,false,false,true,0,0,7334,38,0,
554,greedy,4085,38,8,budget,0,99,true,3,690,81,119,0.05263157894736842,0.868421052631579,0.05263157894736842,0.02631578947368421,0,4,19,crash,false,7,15,20,2505,1020,540,0,true,true,true,0,0,4085,38,0,
555,greedy,3245,30,0,budget,0,62,true,5,900,63,116,0.3333333333333333,0.6666666666666666,0,0,0,4,8,crash,false,5,10,445,2800,0,0,0,false,false,false,0,0,3245,30,0,
556,greedy,3337,30,0,budget,0,64,true,4,420,89,125,0.13333333333333333,0.8666666666666667,0,0,0,1,19,normal,false,3,13,372,2965,0,0,0,false,false,true,0,0,3337,30,0,
557,greedy,12160,73,43,budget,1,100,false,5,1020,212,257,0,0.6438356164383562,0.2465753424657534,0.0410958904109589,0.0684931506849315,16,2,normal,false,8,31,0,6130,3570,1080,1380,false,true,false,1290,5,10870,68,0,
558,greedy,3644,30,0,budget,0,66,true,6,1053,74,126,0.4666666666666667,0.5333333333333333,0,0,0,4,3,normal,false,7,9,649,2995,0,0,0,false,false,false,0,0,3644,30,0,
559,greedy,15008,58,28,budget,2,100,true,4,2320,183,210,0.06896551724137931,0.6206896551724138,0.1206896551724138,0.017241379310344827,0.1724137931034483,9,3,normal,false,7,20,73,4010,1430,855,8640,false,true,false,8570,10,6438,48,0,
560,greedy,2931,32,2,budget,0,73,true,4,375,74,124,0.1875,0.78125,0.03125,0,0,4,2,normal,false,5,13,491,2350,90,0,0,false,false,false,0,0,2931,32,0,
561,greedy,5290,30,0,budget,0,69,true,6,1475,103,182,0.06666666666666667,0.9333333333333333,0,0,0,1,14,crash,false,6,12,505,4785,0,0,0,false,false,false,0,0,5290,30,0,
562,greedy,3999,32,2,budget,0,73,true,5,980,90,151,0.25,0.71875,0.03125,0,0,2,13,crash,false,6,14,444,3375,180,0,0,false,false,true,0,0,3999,32,0,
563,greedy,9750,54,24,budget,0,90,true,5,2310,161,222,0.037037037037037035,0.7777777777777778,0.16666666666666666,0.018518518518518517,0,10,5,normal,false,7,21,300,3640,5180,630,0,true,false,false,0,0,9750,54,0,
564,greedy,7325,30,0,budget,0,65,true,6,1600,121,180,0.06666666666666667,0.9333333333333333,0,0,0,1,21,normal,false,3,15,260,7065,0,0,0,false,false,true,0,0,7325,30,0,
565,greedy,13716,48,18,budget,2,100,true,4,2600,154,215,0.25,0.4791666666666667,0.0625,0,0.20833333333333334,9,1,normal,false,5,21,391,2435,740,450,9700,false,false,false,9590,10,4126,38,2,2|2
566,greedy,4032,30,0,budget,0,62,true,6,1200,69,128,0.4,0.6,0,0,0,2,5,crash,false,6,10,357,3675,0,0,0,false,false,true,0,0,4032,30,0,
567,greedy,8510,20,15,lock,1,100,false,4,2120,78,90,0,0.5,0.2,0.05,0.25,4,1,keto,false,9,9,0,1240,470,1080,5720,false,true,true,5780,5,2730,15,1,4
568,greedy,9455,44,14,budget,0,86,true,6,1335,153,236,0.06818181818181818,0.8181818181818182,0.11363636363636363,0,0,8,4,crash,false,6,23,150,7015,2290,0,0,false,false,false,0,0,9455,44,0,
569,greedy,1951,30,0,budget,0,62,true,3,255,58,94,0.26666666666666666,0.7333333333333333,0,0,0,2,7,crash,false,4,11,326,1625,0,0,0,false,false,true,0,0,1951,30,0,
570,greedy,14368,71,41,budget,1,100,true,3,1320,212,280,0.056338028169014086,0.49295774647887325,0.2535211267605634,0.1267605633802817,0.07042253521126761,19,1,normal,false,4,33,93,4270,4730,1575,3700,false,true,true,3610,5,10758,66,0,
571,greedy,3335,30,0,budget,0,66,true,4,540,79,119,0.36666666666666664,0.6333333333333333,0,0,0,2,22,normal,false,4,13,555,2780,0,0,0,false,false,true,0,0,3335,30,0,
572,greedy,1974,30,0,budget,0,65,true,4,348,57,96,0.26666666666666666,0.7333333333333333,0,0,0,2,19,normal,false,8,6,564,1410,0,0,0,false,false,true,0,0,1974,30,0,
573,greedy,3258,34,4,budget,0,71,true,4,480,86,120,0.17647058823529413,0.8235294117647058,0,0,0,4,2,normal,false,4,12,153,2925,180,0,0,false,false,false,0,0,3258,34,0,
574,greedy,2543,30,0,budget,0,57,true,3,280,68,99,0.13333333333333333,0.8666666666666667,0,0,0,2,16,normal,false,7,8,88,2455,0,0,0,false,false,true,0,0,2543,30,0,
575,greedy,11413,51,21,budget,1,100,true,5,1590,168,236,0.09803921568627451,0.6666666666666666,0.11764705882352941,0.0196078431372549,0.09803921568627451,9,3,normal,false,6,26,458,5130,1610,1335,2880,false,true,true,4230,5,7183,46,1,5
576,greedy,3525,30,0,budget,0,67,true,3,450,87,119,0.03333333333333333,0.9666666666666667,0,0,0,1,17,normal,false,9,9,30,3495,0,0,0,false,false,false,0,0,3525,30,0,
577,greedy,12936,56,26,budget,0,97,true,5,2420,169,270,0.125,0.6428571428571429,0.21428571428571427,0.017857142857142856,0,15,8,normal,false,6,29,326,4640,3410,4560,0,true,true,false,0,0,12936,56,0,
578,greedy,2545,32,2,budget,0,78,true,3,290,68,134,0.375,0.59375,0.03125,0,0,4,1,normal,false,3,14,790,1635,120,0,0,false,false,true,0,0,2545,32,0,
579,greedy,3267,30,0,budget,0,53,true,3,385,84,137,0.23333333333333334,0.7666666666666667,0,0,0,2,14,normal,false,7,10,382,2885,0,0,0,false,false,true,0,0,3267,30,0,
580,greedy,5280,36,6,budget,0,81,true,5,945,109,156,0.027777777777777776,0.9166666666666666,0.05555555555555555,0,0,4,1,normal,false,7,14,125,4645,510,0,0,false,false,false,0,0,5280,36,0,
581,greedy,8721,43,13,budget,1,100,true,6,1340,137,187,0.18604651162790697,0.6046511627906976,0.023255813953488372,0.06976744186046512,0.11627906976744186,4,15,crash,false,6,23,641,3905,370,2325,1480,false,true,false,2650,5,6071,38,1,4
582,greedy,3557,30,0,budget,0,50,true,7,1818,65,124,0.4,0.6,0,0,0,5,6,normal,false,8,10,702,2855,0,0,0,false,false,true,0,0,3557,30,0,
583,greedy,26980,77,47,budget,1,100,true,8,5880,278,388,0.012987012987012988,0.5584415584415584,0.2987012987012987,0.06493506493506493,0.06493506493506493,16,1,normal,false,6,42,155,6985,7340,8880,3620,false,true,false,9260,5,17720,72,1,2
584,greedy,13620,47,17,budget,1,100,true,8,7545,142,184,0.02127659574468085,0.7446808510638298,0.1276595744680851,0,0.10638297872340426,4,25,crash,false,5,18,0,3860,1940,720,7100,false,false,false,8825,5,4795,42,0,
585,greedy,2704,30,0,budget,0,56,true,4,680,65,112,0.23333333333333334,0.7666666666666667,0,0,0,1,29,crash,false,4,11,274,2430,0,0,0,false,false,true,0,0,2704,30,0,
586,greedy,5843,40,10,budget,0,91,true,4,630,110,174,0.075,0.825,0.075,0.025,0,5,1,crash,false,8,19,108,4410,1190,135,0,true,false,false,0,0,5843,40,0,
587,greedy,3350,30,0,budget,0,59,true,4,515,72,110,0.13333333333333333,0.8666666666666667,0,0,0,3,21,crash,false,8,10,115,3235,0,0,0,false,false,false,0,0,3350,30,0,
588,greedy,4031,30,0,budget,0,64,true,4,700,94,150,0.23333333333333334,0.7666666666666667,0,0,0,2,4,normal,false,6,13,476,3555,0,0,0,false,false,false,0,0,4031,30,0,
589,greedy,3495,30,0,budget,0,57,true,5,890,83,121,0.1,0.9,0,0,0,3,5,normal,false,9,8,170,3325,0,0,0,false,false,false,0,0,3495,30,0,
590,greedy,8375,40,10,budget,0,97,false,6,2440,123,161,0,0.825,0.15,0.025,0,4,15,normal,false,4,15,0,4045,3430,900,0,true,true,true,0,0,8375,40,0,
591,greedy,4898,42,12,budget,0,93,true,3,635,106,141,0.14285714285714285,0.6428571428571429,0.16666666666666666,0.047619047619047616,0,8,1,normal,false,7,18,118,2560,1230,990,0,true,false,true,0,0,4898,42,0,
592,greedy,5141,30,0,budget,0,66,true,5,1135,106,161,0.13333333333333333,0.8666666666666667,0,0,0,2,23,normal,false,8,9,366,4775,0,0,0,false,false,false,0,0,5141,30,0,
593,greedy,5007,38,8,budget,0,80,true,4,585,104,156,0.21052631578947367,0.7368421052631579,0.05263157894736842,0,0,6,2,normal,false,5,15,397,3860,750,0,0,false,false,false,0,0,5007,38,0,
594,greedy,3193,34,4,budget,0,91,true,3,390,83,116,0.08823529411764706,0.8823529411764706,0,0.029411764705882353,0,3,15,normal,false,6,14,58,2705,160,270,0,true,false,true,0,0,3193,34,0,
595,greedy,4995,36,6,budget,0,81,false,4,630,118,172,0,0.9166666666666666,0.08333333333333333,0,0,3,7,normal,false,3,17,0,4665,330,0,0,false,false,false,0,0,4995,36,0,
596,greedy,3538,30,0,budget,0,50,true,6,1505,62,129,0.4,0.6,0,0,0,2,13,crash,false,7,10,658,2880,0,0,0,false,false,true,0,0,3538,30,0,
597,greedy,14750,75,45,budget,1,100,true,5,2080,204,303,0.04,0.6933333333333334,0.12,0.08,0.06666666666666667,18,6,normal,false,3,44,145,5030,5060,2715,1800,false,false,false,3760,5,10990,70,1,6
598,greedy,3453,30,0,budget,0,68,true,4,540,78,118,0.1,0.9,0,0,0,2,9,normal,false,4,12,328,3125,0,0,0,false,false,true,0,0,3453,30,0,
599,greedy,1634,30,0,budget,0,50,true,3,275,58,108,0.7333333333333333,0.26666666666666666,0,0,0,3,11,normal,false,6,10,679,955,0,0,0,false,false,true,0,0,1634,30,0,
600,greedy,19700,61,44,lock,2,100,true,5,2610,216,330,0.03278688524590164,0.5409836065573771,0.22950819672131148,0.03278688524590164,0.16393442622950818,16,1,normal,false,4,34,85,5020,6750,5445,2400,false,true,false,2840,10,16860,51,2,4|2
601,greedy,11800,58,28,budget,2,100,true,5,1590,151,234,0.08620689655172414,0.4482758620689655,0.20689655172413793,0.08620689655172414,0.1724137931034483,12,2,normal,false,8,24,320,3535,1860,2565,3520,false,true,false,3280,10,8520,48,2,5|6
602,greedy,3790,32,2,budget,0,70,true,4,585,78,151,0.3125,0.6875,0,0,0,5,3,crash,false,3,14,590,3200,0,0,0,false,false,false,0,0,3790,32,0,
603,greedy,3891,32,2,budget,0,71,true,5,1010,79,148,0.5,0.5,0,0,0,3,4,crash,false,4,12,751,2870,270,0,0,false,false,false,0,0,3891,32,0,
604,greedy,3032,30,0,budget,0,50,true,4,350,74,149,0.6,0.4,0,0,0,2,7,crash,false,5,9,1037,1995,0,0,0,false,false,false,0,0,3032,30,0,
605,greedy,11288,49,19,budget,1,100,true,6,3840,147,184,0.04081632653061224,0.7142857142857143,0.12244897959183673,0.02040816326530612,0.10204081632653061,8,12,normal,false,9,26,178,3450,1570,270,5820,false,false,false,5490,5,5798,44,1,4
606,greedy,5217,34,4,budget,0,71,true,5,775,103,178,0.2647058823529412,0.7352941176470589,0,0,0,4,8,crash,false,4,14,502,4715,0,0,0,false,false,false,0,0,5217,34,0,
607,greedy,5203,32,2,budget,0,78,true,5,905,114,167,0.21875,0.78125,0,0,0,3,11,normal,false,6,13,448,4575,180,0,0,false,false,true,0,0,5203,32,0,
608,greedy,2718,19,0,lock,0,61,true,4,520,52,76,0.10526315789473684,0.8947368421052632,0,0,0,1,6,normal,false,5,9,38,2680,0,0,0,false,false,false,0,0,2718,19,0,
609,greedy,19745,84,54,budget,2,100,true,5,1560,262,359,0,0.6666666666666666,0.16666666666666666,0.047619047619047616,0.11904761904761904,18,1,normal,false,6,44,70,7310,4250,5055,3060,false,true,false,3800,10,15945,74,1,2
610,greedy,2286,30,0,budget,0,56,true,3,285,65,117,0.3333333333333333,0.6666666666666666,0,0,0,3,16,normal,false,3,14,361,1925,0,0,0,false,false,true,0,0,2286,30,0,
611,greedy,2689,30,0,budget,0,63,true,4,375,66,116,0.43333333333333335,0.5666666666666667,0,0,0,2,10,crash,false,6,9,444,2245,0,0,0,false,false,false,0,0,2689,30,0,
612,greedy,10380,41,11,budget,1,100,false,8,2355,140,189,0,0.7804878048780488,0.0975609756097561,0,0.12195121951219512,3,24,normal,false,7,17,0,6255,1710,1215,1200,false,false,false,1160,5,9220,36,1,2
613,greedy,4222,30,0,budget,0,64,true,7,1380,86,143,0.43333333333333335,0.5666666666666667,0,0,0,4,12,normal,false,7,10,737,3485,0,0,0,false,false,true,0,0,4222,30,0,
614,greedy,3980,32,2,budget,0,71,false,4,465,101,136,0,1,0,0,0,1,29,normal,false,9,13,0,3580,400,0,0,false,false,true,0,0,3980,32,0,
615,greedy,315,7,0,lock,0,50,false,1,75,9,15,0,1,0,0,0,0,-1,normal,false,7,0,0,315,0,0,0,false,false,false,0,0,315,7,0,
616,greedy,5124,42,12,budget,0,87,true,6,753,110,178,0.14285714285714285,0.7380952380952381,0.11904761904761904,0,0,7,8,normal,false,7,16,994,3290,840,0,0,false,false,true,0,0,5124,42,0,
617,greedy,2226,30,0,budget,0,51,true,2,135,70,105,0.13333333333333333,0.8666666666666667,0,0,0,2,6,normal,false,6,7,211,2015,0,0,0,false,false,false,0,0,2226,30,0,
618,greedy,2710,30,0,budget,0,50,true,3,260,77,142,0.3333333333333333,0.6666666666666666,0,0,0,6,9,normal,false,5,15,710,2000,0,0,0,false,false,true,0,0,2710,30,0,
619,greedy,2800,32,2,budget,0,78,true,3,330,68,103,0.0625,0.9375,0,0,0,2,1,crash,false,7,10,15,2605,180,0,0,false,false,false,0,0,2800,32,0,
620,greedy,3638,36,6,budget,0,74,true,4,770,81,129,0.1111111111111111,0.8888888888888888,0,0,0,6,1,normal,false,6,16,113,3345,180,0,0,false,false,true,0,0,3638,36,0,
621,greedy,3440,32,2,budget,0,82,true,4,615,85,141,0.21875,0.71875,0.0625,0,0,5,7,normal,false,5,12,875,2235,330,0,0,false,false,true,0,0,3440,32,0,
622,greedy,3386,32,2,budget,0,74,true,3,330,81,125,0.125,0.84375,0.03125,0,0,2,1,crash,false,3,14,231,2975,180,0,0,false,false,false,0,0,3386,32,0,
623,greedy,2356,30,0,budget,0,67,true,3,240,63,108,0.36666666666666664,0.6333333333333333,0,0,0,4,10,crash,false,4,14,451,1905,0,0,0,false,false,false,0,0,2356,30,0,
624,greedy,3329,34,4,budget,0,76,true,4,340,88,149,0.29411764705882354,0.6764705882352942,0.029411764705882353,0,0,5,4,normal,false,5,18,784,2205,340,0,0,false,false,false,0,0,3329,34,0,
625,greedy,2794,30,0,budget,0,50,true,4,625,77,119,0.23333333333333334,0.7666666666666667,0,0,0,2,14,crash,false,7,12,289,2505,0,0,0,false,false,true,0,0,2794,30,0,
626,greedy,2360,30,0,budget,0,63,true,3,285,72,89,0.06666666666666667,0.9333333333333333,0,0,0,2,22,normal,false,5,11,30,2330,0,0,0,false,false,false,0,0,2360,30,0,
627,greedy,9945,62,32,budget,0,94,true,4,870,179,251,0.11290322580645161,0.6774193548387096,0.1774193548387097,0.03225806451612903,0,16,5,normal,false,7,32,260,4805,4610,270,0,true,false,true,0,0,9945,62,0,
628,greedy,3603,30,0,budget,0,69,true,4,480,84,116,0.1,0.9,0,0,0,1,30,normal,false,7,9,53,3550,0,0,0,false,false,true,0,0,3603,30,0,
629,greedy,29155,78,48,budget,2,100,false,10,7535,273,313,0,0.5641025641025641,0.2564102564102564,0.05128205128205128,0.1282051282051282,16,6,normal,false,5,35,0,3805,10350,4800,10200,false,true,false,10320,10,18835,68,2,2|2
630,greedy,1575,19,0,lock,0,65,false,3,275,41,56,0,1,0,0,0,0,-1,normal,false,7,5,0,1575,0,0,0,false,false,false,0,0,1575,19,0,
631,greedy,3755,30,0,budget,0,56,true,5,705,82,136,0.3,0.7,0,0,0,3,9,crash,false,7,13,520,3235,0,0,0,false,false,true,0,0,3755,30,0,
632,greedy,21053,82,52,budget,2,100,true,8,5160,237,325,0.04878048780487805,0.5975609756097561,0.18292682926829268,0.04878048780487805,0.12195121951219512,21,11,normal,false,5,37,113,5295,3880,7905,3860,false,false,false,3850,10,17203,72,2,2|2
633,greedy,3511,30,0,budget,0,66,true,5,705,70,136,0.26666666666666666,0.7333333333333333,0,0,0,2,18,crash,false,5,9,526,2985,0,0,0,false,false,true,0,0,3511,30,0,
634,greedy,4941,30,0,budget,0,66,true,6,845,100,177,0.23333333333333334,0.7666666666666667,0,0,0,4,8,normal,false,5,14,1351,3590,0,0,0,false,false,false,0,0,4941,30,0,
635,greedy,32890,102,72,budget,2,100,false,11,10330,306,408,0,0.6176470588235294,0.2549019607843137,0.029411764705882353,0.09803921568627451,26,2,normal,false,7,48,0,5280,8720,13530,5360,false,true,true,14470,10,18420,92,2,2|2
636,greedy,4500,34,4,budget,0,80,true,7,1185,99,133,0.029411764705882353,0.9411764705882353,0.029411764705882353,0,0,3,24,normal,false,5,13,15,4395,90,0,0,false,false,true,0,0,4500,34,0,
637,greedy,2196,30,0,budget,0,62,true,3,255,63,107,0.3333333333333333,0.6666666666666666,0,0,0,1,26,crash,false,5,10,456,1740,0,0,0,false,false,false,0,0,2196,30,0,
638,greedy,2953,30,0,budget,0,66,true,4,310,75,122,0.16666666666666666,0.8333333333333334,0,0,0,3,11,normal,false,5,12,468,2485,0,0,0,false,false,false,0,0,2953,30,0,
639,greedy,4283,32,2,budget,0,73,true,4,710,95,145,0.1875,0.78125,0.03125,0,0,3,3,crash,false,4,12,143,4050,90,0,0,false,false,true,0,0,4283,32,0,
640,greedy,6038,38,8,budget,0,80,true,5,880,122,175,0.07894736842105263,0.8947368421052632,0.02631578947368421,0,0,6,5,normal,false,6,19,153,5195,690,0,0,false,false,false,0,0,6038,38,0,
641,greedy,4764,32,2,budget,0,70,true,4,560,97,163,0.1875,0.8125,0,0,0,2,5,normal,false,6,14,224,4180,360,0,0,false,false,false,0,0,4764,32,0,
642,greedy,6298,38,8,budget,0,85,true,7,2780,108,161,0.15789473684210525,0.7894736842105263,0.05263157894736842,0,0,5,8,normal,false,4,18,473,3815,2010,0,0,false,false,true,0,0,6298,38,0,
643,greedy,4620,31,2,lock,0,71,true,4,770,104,138,0,1,0,0,0,1,17,normal,false,6,12,30,4590,0,0,0,false,false,false,0,0,4620,31,0,
644,greedy,3614,30,0,budget,0,65,true,6,1200,78,127,0.2,0.8,0,0,0,1,9,normal,false,7,13,269,3345,0,0,0,false,false,true,0,0,3614,30,0,
645,greedy,10291,54,24,budget,0,97,true,5,1600,165,236,0.14814814814814814,0.6481481481481481,0.16666666666666666,0.037037037037037035,0,12,1,normal,false,10,22,506,5375,2070,2340,0,true,true,true,0,0,10291,54,0,
646,greedy,6785,37,7,budget,1,100,true,3,1740,90,144,0.02702702702702703,0.8108108108108109,0.02702702702702703,0,0.13513513513513514,2,4,normal,false,5,13,30,3235,580,0,2940,false,false,true,1470,5,5315,32,0,
647,greedy,2555,30,0,budget,0,53,true,4,460,66,118,0.3,0.7,0,0,0,1,26,normal,false,11,8,495,2060,0,0,0,false,false,true,0,0,2555,30,0,
648,greedy,4655,37,26,lock,0,96,false,3,480,95,118,0,0.7027027027027027,0.24324324324324326,0.05405405405405406,0,7,16,normal,false,10,19,0,2215,1540,900,0,true,true,true,0,0,4655,37,0,
649,greedy,22465,48,49,lock,3,100,false,6,3180,161,236,0,0.3958333333333333,0.22916666666666666,0.0625,0.3125,16,1,frenzy,false,3,30,0,1840,4750,4515,11360,false,false,false,10160,15,12305,33,1,6
650,greedy,3275,32,2,budget,0,71,true,4,555,76,106,0.03125,0.96875,0,0,0,2,15,normal,false,10,14,180,3095,0,0,0,false,false,false,0,0,3275,32,0,
651,greedy,3800,30,0,budget,0,52,true,4,735,82,140,0.2,0.8,0,0,0,2,4,crash,false,4,11,515,3285,0,0,0,false,false,false,0,0,3800,30,0,
652,greedy,3531,30,0,budget,0,56,true,5,855,85,135,0.36666666666666664,0.6333333333333333,0,0,0,4,3,crash,false,6,12,646,2885,0,0,0,false,false,false,0,0,3531,30,0,
653,greedy,7921,54,24,budget,0,86,true,4,1080,162,221,0.07407407407407407,0.8333333333333334,0.09259259259259259,0,0,11,5,normal,false,4,27,146,4915,2860,0,0,false,false,false,0,0,7921,54,0,
654,greedy,4614,40,10,budget,0,85,true,3,560,95,167,0.3,0.575,0.125,0,0,8,1,normal,false,6,15,729,2185,1700,0,0,false,false,false,0,0,4614,40,0,
655,greedy,12133,67,37,budget,1,100,true,4,2080,197,257,0.029850746268656716,0.6716417910447762,0.14925373134328357,0.07462686567164178,0.07462686567164178,14,3,normal,false,19,26,88,3870,3580,3795,800,false,true,true,730,5,11403,62,1,9
656,greedy,4010,30,0,budget,0,64,true,7,1575,70,111,0,1,0,0,0,0,-1,normal,false,6,8,30,3980,0,0,0,false,false,false,0,0,4010,30,0,
657,greedy,3785,30,0,budget,0,62,true,4,540,77,139,0.23333333333333334,0.7666666666666667,0,0,0,6,7,normal,false,5,12,170,3615,0,0,0,false,false,true,0,0,3785,30,0,
658,greedy,5810,46,16,budget,0,86,true,6,795,132,194,0.2608695652173913,0.5869565217391305,0.15217391304347827,0,0,11,5,normal,false,4,21,1415,3135,1260,0,0,false,false,false,0,0,5810,46,0,
659,greedy,8508,47,17,budget,1,100,true,4,1160,151,195,0.06382978723404255,0.6595744680851063,0.14893617021276595,0.02127659574468085,0.10638297872340426,8,10,normal,false,4,25,148,4095,1450,135,2680,false,false,false,1680,5,6828,42,1,3
660,greedy,11055,24,17,lock,1,100,false,4,3760,111,117,0,0.3333333333333333,0.3333333333333333,0.125,0.20833333333333334,6,4,keto,false,5,15,0,1405,1210,1440,7000,false,true,false,5650,5,5405,19,1,4
661,greedy,4878,34,4,budget,0,74,true,5,765,95,149,0.14705882352941177,0.7941176470588235,0.058823529411764705,0,0,4,9,normal,false,5,12,128,4540,210,0,0,false,false,false,0,0,4878,34,0,
662,greedy,22480,75,45,budget,3,100,false,6,1830,250,341,0,0.5466666666666666,0.21333333333333335,0.04,0.2,12,1,normal,false,6,34,0,5110,5270,4380,7720,false,true,true,8450,15,14030,60,2,4|3
663,greedy,3216,32,2,budget,0,70,true,4,425,95,127,0.21875,0.78125,0,0,0,4,1,normal,false,6,14,596,2620,0,0,0,false,false,true,0,0,3216,32,0,
664,greedy,2933,30,0,budget,0,50,true,6,548,66,122,0.36666666666666664,0.6333333333333333,0,0,0,3,9,crash,false,5,9,933,2000,0,0,0,false,false,false,0,0,2933,30,0,
665,greedy,3805,30,0,budget,0,69,true,5,1110,88,126,0.16666666666666666,0.8333333333333334,0,0,0,2,24,crash,false,4,12,280,3525,0,0,0,false,false,false,0,0,3805,30,0,
666,greedy,2597,30,0,budget,0,57,true,4,510,56,93,0.23333333333333334,0.7666666666666667,0,0,0,2,5,normal,false,8,7,367,2230,0,0,0,false,false,false,0,0,2597,30,0,
667,greedy,4290,30,0,budget,0,69,true,5,795,88,128,0.1,0.9,0,0,0,1,6,normal,false,13,9,90,4200,0,0,0,false,false,false,0,0,4290,30,0,
668,greedy,3305,32,2,budget,0,78,false,4,700,84,112,0,0.96875,0.03125,0,0,1,30,normal,false,7,12,0,3215,90,0,0,false,false,false,0,0,3305,32,0,
669,greedy,6731,34,4,budget,0,91,true,6,900,111,187,0.20588235294117646,0.6470588235294118,0.11764705882352941,0.029411764705882353,0,3,6,crash,false,8,13,476,5210,910,135,0,true,false,false,0,0,6731,34,0,
670,greedy,14525,76,46,budget,2,100,false,5,3015,213,288,0,0.6052631578947368,0.23684210526315788,0.02631578947368421,0.13157894736842105,19,12,normal,false,6,42,0,5590,2590,4005,2340,false,true,false,2340,10,12185,66,2,3|2
671,greedy,6925,44,14,budget,0,85,true,4,1000,121,189,0.045454545454545456,0.7954545454545454,0.1590909090909091,0,0,7,3,normal,false,5,19,90,3605,2690,540,0,false,false,false,0,0,6925,44,0,
672,greedy,4721,34,4,budget,0,74,true,5,705,82,153,0.23529411764705882,0.7647058823529411,0,0,0,4,1,normal,false,5,15,271,3550,900,0,0,false,false,true,0,0,4721,34,0,
673,greedy,3596,30,0,budget,0,66,true,6,1265,70,147,0.4,0.6,0,0,0,2,20,crash,false,5,11,826,2770,0,0,0,false,false,false,0,0,3596,30,0,
674,greedy,3357,32,2,budget,0,70,true,3,610,80,136,0.3125,0.6875,0,0,0,3,5,crash,false,8,10,247,3110,0,0,0,false,false,false,0,0,3357,32,0,
675,greedy,9984,45,15,budget,1,100,true,7,3400,143,210,0.13333333333333333,0.6666666666666666,0.08888888888888889,0,0.1111111111111111,6,13,crash,false,5,24,529,4475,2720,0,2260,false,false,true,1160,5,8824,40,1,2
676,greedy,4658,30,0,budget,0,66,true,4,660,107,158,0.1,0.9,0,0,0,2,22,normal,false,7,13,323,4335,0,0,0,false,false,false,0,0,4658,30,0,
677,greedy,2696,30,0,budget,0,53,true,3,375,65,137,0.5666666666666667,0.43333333333333335,0,0,0,1,17,crash,false,10,10,781,1915,0,0,0,false,false,false,0,0,2696,30,0,
678,greedy,1797,30,0,budget,0,53,true,3,168,43,114,0.7666666666666667,0.23333333333333334,0,0,0,4,13,crash,false,12,8,957,840,0,0,0,false,false,false,0,0,1797,30,0,
679,greedy,3031,32,2,budget,0,71,true,4,620,69,122,0.375,0.625,0,0,0,4,6,normal,false,5,10,431,2600,0,0,0,false,false,false,0,0,3031,32,0,
680,greedy,3644,30,0,budget,0,66,true,4,900,84,134,0.23333333333333334,0.7666666666666667,0,0,0,4,14,normal,false,5,10,404,3240,0,0,0,false,false,true,0,0,3644,30,0,
681,greedy,2580,30,0,budget,0,62,true,3,400,76,115,0.16666666666666666,0.8333333333333334,0,0,0,3,14,crash,false,6,9,240,2340,0,0,0,false,false,false,0,0,2580,30,0,
682,greedy,4493,32,2,budget,0,74,true,5,890,88,130,0.1875,0.78125,0.03125,0,0,2,3,crash,false,12,12,353,3260,880,0,0,false,false,false,0,0,4493,32,0,
683,greedy,8840,34,17,lock,1,100,true,4,1680,109,151,0.029411764705882353,0.6470588235294118,0.17647058823529413,0,0.14705882352941177,6,2,normal,false,4,18,25,2865,2590,900,2460,false,false,false,3240,5,5600,29,1,2
684,greedy,7005,24,13,lock,1,100,false,4,1580,73,122,0,0.5416666666666666,0.20833333333333334,0.041666666666666664,0.20833333333333334,4,1,normal,false,5,9,0,1635,1320,1350,2700,false,true,true,2640,5,4365,19,1,2
685,greedy,2288,30,0,budget,0,62,true,3,470,67,94,0.23333333333333334,0.7666666666666667,0,0,0,5,5,normal,false,7,13,208,2080,0,0,0,false,false,true,0,0,2288,30,0,
686,greedy,2021,30,0,budget,0,57,true,3,240,61,118,0.4666666666666667,0.5333333333333333,0,0,0,3,15,crash,false,4,11,771,1250,0,0,0,false,false,false,0,0,2021,30,0,
687,greedy,6405,40,10,budget,0,91,true,4,1275,107,172,0.1,0.8,0.075,0.025,0,6,12,normal,false,4,18,200,3865,990,1350,0,true,false,false,0,0,6405,40,0,
688,greedy,3600,30,0,budget,0,66,true,5,850,80,125,0.06666666666666667,0.9333333333333333,0,0,0,2,17,normal,false,5,10,250,3350,0,0,0,false,false,true,0,0,3600,30,0,
689,greedy,4479,34,4,budget,0,79,true,4,590,99,169,0.29411764705882354,0.6470588235294118,0.058823529411764705,0,0,4,1,crash,false,3,19,559,3680,240,0,0,false,false,true,0,0,4479,34,0,
690,greedy,12775,51,21,budget,1,100,true,5,2760,154,232,0.17647058823529413,0.5882352941176471,0.09803921568627451,0.0392156862745098,0.09803921568627451,8,9,normal,false,8,22,350,3675,2300,4230,2220,false,true,false,2790,5,9985,46,0,
691,greedy,23050,89,59,budget,3,100,true,5,2640,261,338,0.02247191011235955,0.5617977528089888,0.20224719101123595,0.0449438202247191,0.16853932584269662,21,9,normal,false,11,38,100,4590,4820,4980,8560,false,true,false,8550,15,14500,74,2,4|5
692,greedy,3446,32,2,budget,0,73,true,3,360,84,121,0.125,0.84375,0.03125,0,0,3,6,normal,false,4,14,201,3155,90,0,0,false,false,true,0,0,3446,32,0,
693,greedy,3888,30,0,budget,0,61,true,5,720,77,127,0.13333333333333333,0.8666666666666667,0,0,0,2,10,normal,false,4,14,68,3820,0,0,0,false,false,true,0,0,3888,30,0,
694,greedy,503,9,0,lock,0,52,true,2,120,12,27,0.4444444444444444,0.5555555555555556,0,0,0,1,8,crash,false,4,2,53,450,0,0,0,false,false,false,0,0,503,9,0,
695,greedy,4806,32,2,budget,0,82,true,5,1170,95,137,0.21875,0.75,0.03125,0,0,4,5,crash,false,4,11,356,3220,1230,0,0,false,false,true,0,0,4806,32,0,
696,greedy,32727,92,62,budget,4,100,true,6,4850,294,368,0.10869565217391304,0.31521739130434784,0.2826086956521739,0.07608695652173914,0.21739130434782608,22,2,normal,false,7,42,332,3875,5870,8310,14340,false,true,true,13570,20,19157,72,4,9|10|6|2
697,greedy,855,12,0,lock,0,50,false,3,245,24,31,0,1,0,0,0,0,-1,normal,false,8,2,0,855,0,0,0,false,false,false,0,0,855,12,0,
698,greedy,20905,65,35,budget,1,100,false,6,3780,204,308,0,0.6923076923076923,0.18461538461538463,0.046153846153846156,0.07692307692307693,13,4,normal,false,4,37,0,5010,4500,3915,7480,false,true,true,6850,5,14055,60,1,5
699,greedy,6696,46,16,budget,0,94,true,4,565,130,191,0.10869565217391304,0.6739130434782609,0.1956521739130435,0.021739130434782608,0,8,5,normal,false,8,24,286,4060,1540,810,0,true,false,true,0,0,6696,46,0,
700,greedy,3235,30,0,budget,0,59,true,5,605,73,115,0.13333333333333333,0.8666666666666667,0,0,0,3,7,normal,false,7,10,160,3075,0,0,0,false,false,true,0,0,3235,30,0,
701,greedy,6580,46,16,budget,0,96,true,5,920,134,181,0.043478260869565216,0.8043478260869565,0.13043478260869565,0.021739130434782608,0,9,18,normal,false,6,21,75,4480,1620,405,0,true,true,false,0,0,6580,46,0,
702,greedy,5185,42,12,budget,0,99,true,4,650,109,159,0.047619047619047616,0.8095238095238095,0.09523809523809523,0.047619047619047616,0,6,4,crash,false,9,16,180,3735,820,450,0,true,true,false,0,0,5185,42,0,
703,greedy,2636,30,0,budget,0,66,true,3,390,66,112,0.23333333333333334,0.7666666666666667,0,0,0,2,12,crash,false,4,11,326,2310,0,0,0,false,false,false,0,0,2636,30,0,
704,greedy,6385,42,12,budget,0,87,true,9,2400,133,189,0.16666666666666666,0.6428571428571429,0.19047619047619047,0,0,9,1,normal,false,5,18,655,4750,980,0,0,false,false,false,0,0,6385,42,0,
705,greedy,6446,46,16,budget,0,99,true,4,600,130,191,0.17391304347826086,0.6956521739130435,0.08695652173913043,0.043478260869565216,0,9,1,crash,false,5,21,296,4385,1270,495,0,true,true,false,0,0,6446,46,0,
706,greedy,4540,34,4,budget,0,78,true,4,460,103,153,0.08823529411764706,0.8529411764705882,0.058823529411764705,0,0,4,2,normal,false,6,18,260,4000,280,0,0,false,false,false,0,0,4540,34,0,
707,greedy,3168,30,0,budget,0,63,true,4,450,73,119,0.16666666666666666,0.8333333333333334,0,0,0,2,11,normal,false,4,14,138,3030,0,0,0,false,false,false,0,0,3168,30,0,
708,greedy,4008,40,10,budget,0,88,true,4,480,93,140,0.125,0.775,0.075,0.025,0,7,11,normal,false,3,18,308,2950,570,180,0,false,false,false,0,0,4008,40,0,
709,greedy,4197,34,4,budget,0,75,true,4,545,93,161,0.23529411764705882,0.7058823529411765,0.058823529411764705,0,0,3,15,crash,false,7,15,632,2765,800,0,0,false,false,false,0,0,4197,34,0,
710,greedy,2542,30,0,budget,0,59,true,3,240,75,125,0.43333333333333335,0.5666666666666667,0,0,0,5,11,normal,false,3,12,647,1895,0,0,0,false,false,false,0,0,2542,30,0,
711,greedy,10960,57,27,budget,1,100,false,3,1770,154,211,0,0.7192982456140351,0.12280701754385964,0.07017543859649122,0.08771929824561403,9,2,normal,false,8,26,0,4060,2070,1530,3300,false,true,false,3270,5,7690,52,1,2
712,greedy,3398,32,2,budget,0,74,true,3,330,80,140,0.34375,0.625,0.03125,0,0,4,1,normal,false,5,16,498,2720,180,0,0,false,false,true,0,0,3398,32,0,
713,greedy,2720,30,0,budget,0,67,true,3,440,73,98,0.06666666666666667,0.9333333333333333,0,0,0,1,28,normal,false,6,10,80,2640,0,0,0,false,false,true,0,0,2720,30,0,
714,greedy,3283,30,0,budget,0,66,true,4,405,88,143,0.2,0.8,0,0,0,2,17,normal,false,6,13,288,2995,0,0,0,false,false,true,0,0,3283,30,0,
715,greedy,4397,34,4,budget,0,80,true,4,570,103,163,0.3235294117647059,0.6764705882352942,0,0,0,4,3,normal,false,3,15,662,3375,360,0,0,false,false,false,0,0,4397,34,0,
716,greedy,2889,32,2,budget,0,71,true,4,480,83,135,0.4375,0.5625,0,0,0,6,1,normal,false,4,12,754,2135,0,0,0,false,false,false,0,0,2889,32,0,
717,greedy,6857,32,2,budget,0,72,true,7,2155,105,195,0.25,0.71875,0.03125,0,0,4,12,normal,false,4,14,382,5975,500,0,0,false,false,false,0,0,6857,32,0,
718,greedy,6509,40,10,budget,0,82,true,5,645,129,194,0.225,0.675,0.1,0,0,9,2,crash,false,4,18,354,4605,1550,0,0,false,false,false,0,0,6509,40,0,
719,greedy,870,11,0,lock,0,66,true,3,240,18,35,0.36363636363636365,0.6363636363636364,0,0,0,2,6,crash,false,2,4,90,780,0,0,0,false,false,false,0,0,870,11,0,
720,greedy,4225,27,10,lock,0,86,false,4,480,83,114,0,0.8888888888888888,0.1111111111111111,0,0,4,7,normal,false,3,10,0,2895,1060,270,0,false,false,false,0,0,4225,27,0,
721,greedy,14778,59,29,budget,1,100,true,5,3120,190,259,0.15254237288135594,0.5084745762711864,0.22033898305084745,0.03389830508474576,0.0847457627118644,15,1,normal,false,7,26,753,4195,2760,990,6080,false,true,false,6755,5,8023,54,0,
722,greedy,3125,30,0,budget,0,69,false,4,750,70,96,0,1,0,0,0,0,-1,normal,false,6,9,0,3125,0,0,0,false,false,false,0,0,3125,30,0,
723,greedy,6096,36,6,budget,0,80,true,7,1160,113,186,0.3055555555555556,0.6944444444444444,0,0,0,5,8,crash,false,7,15,586,5150,360,0,0,false,false,true,0,0,6096,36,0,
724,greedy,20018,73,43,budget,3,100,true,5,1720,223,304,0.0821917808219178,0.5205479452054794,0.136986301369863,0.0547945205479452,0.2054794520547945,16,2,crash,false,8,31,293,2925,6310,750,9740,false,true,false,6570,15,13448,58,3,5|3|4
725,greedy,2984,30,0,budget,0,62,true,3,420,74,135,0.26666666666666666,0.7333333333333333,0,0,0,2,5,normal,false,8,13,564,2420,0,0,0,false,false,false,0,0,2984,30,0,
726,greedy,4183,36,6,budget,0,84,true,3,570,93,164,0.3333333333333333,0.6111111111111112,0.05555555555555555,0,0,8,1,normal,false,5,16,743,2540,900,0,0,false,false,true,0,0,4183,36,0,
727,greedy,1837,30,0,budget,0,67,true,2,240,55,102,0.36666666666666664,0.6333333333333333,0,0,0,2,18,crash,false,3,11,382,1455,0,0,0,false,false,true,0,0,1837,30,0,
728,greedy,5415,34,4,budget,0,86,true,5,570,107,173,0.11764705882352941,0.7941176470588235,0.08823529411764706,0,0,3,1,crash,false,5,13,250,4125,1040,0,0,false,false,false,0,0,5415,34,0,
729,greedy,3695,32,2,budget,0,70,true,5,780,67,142,0.4375,0.5625,0,0,0,4,7,crash,false,6,9,830,2415,450,0,0,false,false,false,0,0,3695,32,0,
730,greedy,4084,34,4,budget,0,72,true,5,560,92,149,0.2647058823529412,0.7058823529411765,0.029411764705882353,0,0,7,5,normal,false,3,18,584,3110,390,0,0,false,false,false,0,0,4084,34,0,
731,greedy,6172,32,2,budget,0,76,true,8,1503,110,190,0.25,0.71875,0.03125,0,0,3,3,normal,false,4,12,1982,4100,90,0,0,false,false,true,0,0,6172,32,0,
732,greedy,3260,30,0,budget,0,69,true,4,535,70,152,0.4,0.6,0,0,0,2,6,crash,false,5,10,550,2710,0,0,0,false,false,false,0,0,3260,30,0,
733,greedy,16265,52,22,budget,2,100,true,8,6370,165,219,0.057692307692307696,0.6153846153846154,0.09615384615384616,0.038461538461538464,0.19230769230769232,9,8,crash,false,6,26,30,3440,2050,5805,4940,false,true,false,4445,10,11820,42,2,2|3
734,greedy,3175,30,0,budget,0,65,true,5,645,80,138,0.43333333333333335,0.5666666666666667,0,0,0,4,13,crash,false,4,12,725,2450,0,0,0,false,false,false,0,0,3175,30,0,
735,greedy,3706,30,0,budget,0,50,true,4,800,67,156,0.5,0.5,0,0,0,3,10,crash,false,8,10,616,3090,0,0,0,false,false,false,0,0,3706,30,0,
736,greedy,12330,68,38,budget,0,98,true,5,1200,219,283,0.014705882352941176,0.7352941176470589,0.20588235294117646,0.04411764705882353,0,17,4,normal,false,4,33,80,6335,3650,2265,0,true,true,false,0,0,12330,68,0,
737,greedy,4783,34,4,budget,0,82,true,4,755,99,173,0.20588235294117646,0.7352941176470589,0.058823529411764705,0,0,5,7,crash,false,5,16,473,4010,300,0,0,false,false,true,0,0,4783,34,0,
738,greedy,2568,30,0,budget,0,62,true,3,300,74,104,0.1,0.9,0,0,0,2,7,normal,false,4,14,288,2280,0,0,0,false,false,false,0,0,2568,30,0,
739,greedy,2972,30,0,budget,0,55,true,4,435,73,112,0.3,0.7,0,0,0,3,5,normal,false,5,10,372,2600,0,0,0,false,false,false,0,0,2972,30,0,
740,greedy,7641,45,15,budget,1,100,true,4,1440,120,191,0.4,0.35555555555555557,0.13333333333333333,0,0.1111111111111111,9,2,normal,false,7,20,1486,2005,910,540,2700,false,false,true,2920,5,4721,40,1,4
741,greedy,6290,32,2,budget,0,80,false,5,870,121,172,0,0.96875,0.03125,0,0,1,16,normal,false,4,14,0,5720,570,0,0,false,false,false,0,0,6290,32,0,
742,greedy,2151,30,0,budget,0,52,true,3,285,63,116,0.4666666666666667,0.5333333333333333,0,0,0,4,5,normal,false,5,12,516,1635,0,0,0,false,false,false,0,0,2151,30,0,
743,greedy,3426,30,0,budget,0,57,true,5,645,80,130,0.4,0.6,0,0,0,4,12,normal,false,8,12,566,2860,0,0,0,false,false,true,0,0,3426,30,0,
744,greedy,7710,42,12,budget,0,80,false,7,3410,117,164,0,0.9285714285714286,0.07142857142857142,0,0,6,22,normal,false,3,20,0,4070,3640,0,0,false,false,true,0,0,7710,42,0,
745,greedy,6140,30,0,budget,0,53,true,5,1390,117,167,0.03333333333333333,0.9666666666666667,0,0,0,1,27,normal,false,5,14,185,5955,0,0,0,false,false,false,0,0,6140,30,0,
746,greedy,4455,30,0,budget,0,57,true,5,690,81,142,0.1,0.9,0,0,0,3,19,normal,false,4,14,75,4380,0,0,0,false,false,true,0,0,4455,30,0,
747,greedy,5885,36,6,budget,0,79,true,6,1860,110,167,0.1111111111111111,0.8611111111111112,0.027777777777777776,0,0,4,14,crash,false,3,17,125,3630,2130,0,0,false,false,false,0,0,5885,36,0,
748,greedy,3719,30,0,budget,0,64,true,4,595,80,149,0.3,0.7,0,0,0,3,4,crash,false,5,14,294,3425,0,0,0,false,false,false,0,0,3719,30,0,
749,greedy,13941,43,13,budget,1,100,true,9,4360,146,209,0.16279069767441862,0.6511627906976745,0.046511627906976744,0.023255813953488372,0.11627906976744186,6,5,normal,false,9,16,401,6000,510,750,6280,false,false,false,7270,5,6671,38,1,3
750,greedy,4080,30,0,budget,0,63,true,5,540,84,131,0.13333333333333333,0.8666666666666667,0,0,0,2,18,normal,false,7,9,90,3990,0,0,0,false,false,false,0,0,4080,30,0,
751,greedy,7153,40,10,budget,0,84,true,7,2060,126,195,0.05,0.825,0.125,0,0,6,5,normal,false,5,17,163,6290,700,0,0,false,false,true,0,0,7153,40,0,
752,greedy,3450,30,0,budget,0,66,true,4,615,86,122,0.03333333333333333,0.9666666666666667,0,0,0,1,17,normal,false,4,8,115,3335,0,0,0,false,false,false,0,0,3450,30,0,
753,greedy,5588,42,12,budget,0,96,true,4,580,124,167,0.14285714285714285,0.6666666666666666,0.09523809523809523,0.09523809523809523,0,6,8,normal,false,5,19,393,3060,1280,855,0,true,true,false,0,0,5588,42,0,
754,greedy,4407,38,8,budget,0,76,true,5,705,117,183,0.4473684210526316,0.47368421052631576,0.07894736842105263,0,0,8,2,normal,false,4,15,952,3095,360,0,0,false,false,false,0,0,4407,38,0,
755,greedy,4138,32,2,budget,0,83,true,4,810,85,142,0.09375,0.875,0.03125,0,0,2,12,crash,false,5,11,188,3680,270,0,0,false,false,false,0,0,4138,32,0,
756,greedy,19545,61,31,budget,3,100,true,6,4500,200,276,0.01639344262295082,0.5573770491803278,0.13114754098360656,0.04918032786885246,0.2459016393442623,9,6,normal,false,5,36,50,4985,1990,900,11620,false,true,false,10480,15,9065,46,3,2|3|3
757,greedy,4344,36,6,budget,0,87,true,3,570,90,149,0.1388888888888889,0.7777777777777778,0.08333333333333333,0,0,5,14,normal,false,9,18,689,2515,420,720,0,false,false,true,0,0,4344,36,0,
758,greedy,4125,32,2,budget,0,77,true,5,1045,95,145,0.28125,0.71875,0,0,0,4,3,normal,false,5,13,555,3390,180,0,0,false,false,false,0,0,4125,32,0,
759,greedy,4161,38,8,budget,0,88,true,5,875,79,116,0.18421052631578946,0.6578947368421053,0.13157894736842105,0.02631578947368421,0,6,18,crash,false,6,16,126,2875,710,450,0,false,false,false,0,0,4161,38,0,
760,greedy,7461,30,0,budget,0,68,true,8,2180,105,166,0.26666666666666666,0.7333333333333333,0,0,0,1,15,crash,false,5,14,306,7155,0,0,0,false,false,true,0,0,7461,30,0,
761,greedy,595,8,0,lock,0,50,true,3,195,13,30,0.125,0.875,0,0,0,1,4,normal,false,4,1,105,490,0,0,0,false,false,false,0,0,595,8,0,
762,greedy,10390,47,33,lock,1,100,false,5,1830,147,204,0,0.723404255319149,0.14893617021276595,0.02127659574468085,0.10638297872340426,13,5,normal,false,5,25,0,4260,4330,180,1620,false,false,true,1240,5,9150,42,1,3
763,greedy,4500,36,6,budget,0,74,true,5,630,102,160,0.027777777777777776,0.9166666666666666,0.05555555555555555,0,0,4,3,normal,false,5,14,370,3860,270,0,0,false,false,true,0,0,4500,36,0,
764,greedy,9460,38,8,budget,0,96,true,9,2175,143,220,0.02631578947368421,0.8947368421052632,0.07894736842105263,0,0,3,23,normal,false,7,16,30,6985,810,1635,0,true,true,false,0,0,9460,38,0,
765,greedy,2312,30,0,budget,0,62,true,3,330,64,118,0.5,0.5,0,0,0,3,16,normal,false,5,12,692,1620,0,0,0,false,false,false,0,0,2312,30,0,
766,greedy,3341,30,0,budget,0,66,true,4,923,71,127,0.23333333333333334,0.7666666666666667,0,0,0,1,23,crash,false,6,9,261,3080,0,0,0,false,false,false,0,0,3341,30,0,
767,greedy,6315,48,18,budget,0,93,true,4,1275,130,174,0.10416666666666667,0.7708333333333334,0.08333333333333333,0.041666666666666664,0,10,2,normal,false,9,21,330,3720,1950,315,0,true,false,false,0,0,6315,48,0,
768,greedy,4074,38,8,budget,0,98,true,3,420,103,143,0.13157894736842105,0.7105263157894737,0.13157894736842105,0.02631578947368421,0,5,7,normal,false,6,14,514,2805,620,135,0,true,true,false,0,0,4074,38,0,
769,greedy,3878,34,4,budget,0,77,true,5,750,83,129,0.029411764705882353,0.9411764705882353,0.029411764705882353,0,0,2,1,crash,false,5,16,218,3570,90,0,0,false,false,true,0,0,3878,34,0,
770,greedy,2774,30,0,budget,0,53,true,3,480,72,129,0.4666666666666667,0.5333333333333333,0,0,0,4,14,normal,false,4,13,724,2050,0,0,0,false,false,true,0,0,2774,30,0,
771,greedy,8302,49,19,budget,1,100,true,6,1050,141,188,0.10204081632653061,0.673469387755102,0.10204081632653061,0.02040816326530612,0.10204081632653061,7,1,normal,false,5,18,137,4635,1490,720,1320,false,true,false,1480,5,6822,44,1,4
772,greedy,2970,19,0,lock,0,60,true,5,690,56,90,0.05263157894736842,0.9473684210526315,0,0,0,0,-1,crash,false,3,7,45,2925,0,0,0,false,false,false,0,0,2970,19,0,
773,greedy,4315,30,0,budget,0,67,true,5,760,90,144,0.13333333333333333,0.8666666666666667,0,0,0,1,7,normal,false,6,11,200,4115,0,0,0,false,false,false,0,0,4315,30,0,
774,greedy,5225,40,10,budget,0,87,false,3,570,114,154,0,0.875,0.125,0,0,3,11,normal,false,5,16,0,4045,1180,0,0,false,false,false,0,0,5225,40,0,
775,greedy,3046,30,0,budget,0,60,true,5,815,64,130,0.43333333333333335,0.5666666666666667,0,0,0,4,12,normal,false,4,11,906,2140,0,0,0,false,false,false,0,0,3046,30,0,
776,greedy,6161,36,6,budget,0,73,true,5,1210,127,189,0.08333333333333333,0.8888888888888888,0.027777777777777776,0,0,5,2,normal,false,3,20,281,5580,300,0,0,false,false,false,0,0,6161,36,0,
777,greedy,8175,45,15,budget,1,100,false,4,1120,131,181,0,0.8,0.06666666666666667,0.022222222222222223,0.1111111111111111,5,1,normal,false,9,19,0,4355,1780,120,1920,false,false,false,1920,5,6255,40,1,2
778,greedy,2021,30,0,budget,0,60,true,3,255,55,100,0.26666666666666666,0.7333333333333333,0,0,0,3,15,normal,false,6,12,331,1690,0,0,0,false,false,false,0,0,2021,30,0,
779,greedy,18080,83,53,budget,5,100,true,5,1520,248,285,0.012048192771084338,0.40963855421686746,0.21686746987951808,0.060240963855421686,0.30120481927710846,18,6,normal,false,7,37,350,4185,2250,1755,9540,false,true,false,8400,25,9680,58,5,3|4|6|3|3
780,greedy,2870,30,0,budget,0,50,true,5,665,64,129,0.36666666666666664,0.6333333333333333,0,0,0,1,11,crash,false,10,9,585,2285,0,0,0,false,false,false,0,0,2870,30,0,
781,greedy,3581,34,4,budget,0,82,true,4,580,92,140,0.14705882352941177,0.8235294117647058,0.029411764705882353,0,0,5,1,normal,false,3,16,336,3095,150,0,0,false,false,true,0,0,3581,34,0,
782,greedy,3313,30,0,budget,0,62,true,5,675,75,122,0.2,0.8,0,0,0,1,21,normal,false,8,12,413,2900,0,0,0,false,false,false,0,0,3313,30,0,
783,greedy,3944,32,2,budget,0,72,true,5,705,88,143,0.21875,0.75,0.03125,0,0,2,19,normal,false,7,10,404,3420,120,0,0,false,false,false,0,0,3944,32,0,
784,greedy,3943,30,0,budget,0,63,true,4,605,81,138,0.16666666666666666,0.8333333333333334,0,0,0,3,14,normal,false,5,14,288,3655,0,0,0,false,false,true,0,0,3943,30,0,
785,greedy,5801,43,13,budget,1,100,true,4,770,125,167,0.09302325581395349,0.6976744186046512,0.06976744186046512,0.023255813953488372,0.11627906976744186,6,2,normal,false,8,13,271,3190,530,630,1180,false,false,false,1150,5,4651,38,1,3
786,greedy,4010,30,0,budget,0,61,true,4,510,93,152,0.1,0.9,0,0,0,2,21,normal,false,5,11,495,3515,0,0,0,false,false,true,0,0,4010,30,0,
787,greedy,22135,78,48,budget,4,100,true,7,5760,228,287,0.01282051282051282,0.5512820512820513,0.16666666666666666,0.01282051282051282,0.2564102564102564,13,9,crash,false,6,40,0,5250,1290,6135,9460,false,false,false,14105,20,8030,58,3,2|3|2
788,greedy,12710,47,17,budget,1,100,true,6,1515,139,233,0.0851063829787234,0.6382978723404256,0.14893617021276595,0.02127659574468085,0.10638297872340426,9,1,normal,false,5,26,95,4265,4010,180,4160,false,false,true,4380,5,8330,42,1,2
789,greedy,7280,22,21,lock,1,100,false,4,2190,61,90,0,0.5,0.18181818181818182,0.09090909090909091,0.22727272727272727,8,1,normal,false,6,13,0,840,1310,3030,2100,false,true,true,1710,5,5570,17,1,3
790,greedy,7740,49,19,budget,1,100,true,4,1740,137,175,0,0.7346938775510204,0.14285714285714285,0.02040816326530612,0.10204081632653061,8,11,normal,false,5,23,160,3610,1140,90,2740,false,false,false,2650,5,5090,44,1,7
791,greedy,8803,47,17,budget,1,100,true,5,3300,123,164,0.0851063829787234,0.6808510638297872,0.10638297872340426,0.02127659574468085,0.10638297872340426,8,7,normal,false,4,26,218,2585,600,180,5220,false,false,true,2100,5,6703,42,1,2
792,greedy,3948,34,4,budget,0,81,true,5,648,82,134,0.20588235294117646,0.7647058823529411,0.029411764705882353,0,0,3,5,crash,false,8,12,273,3495,180,0,0,false,false,false,0,0,3948,34,0,
793,greedy,1546,30,0,budget,0,50,true,3,135,51,86,0.5,0.5,0,0,0,3,9,normal,false,5,9,646,900,0,0,0,false,false,true,0,0,1546,30,0,
794,greedy,10397,41,11,budget,1,100,true,6,1890,127,169,0.17073170731707318,0.6585365853658537,0.024390243902439025,0.024390243902439025,0.12195121951219512,4,16,normal,false,15,14,252,3345,1150,90,5560,false,false,true,4350,5,6047,36,1,2
795,greedy,15339,58,28,budget,2,100,true,6,1980,182,281,0.22413793103448276,0.41379310344827586,0.1206896551724138,0.06896551724137931,0.1724137931034483,12,1,crash,false,6,29,559,4520,1950,2370,5940,false,true,true,5900,10,9439,48,2,7|2
796,greedy,5090,32,2,budget,0,75,true,4,600,105,157,0.125,0.84375,0.03125,0,0,3,7,crash,false,6,14,130,4810,150,0,0,false,false,false,0,0,5090,32,0,
797,greedy,2715,30,0,budget,0,50,true,3,405,61,122,0.5,0.5,0,0,0,6,3,normal,false,5,13,690,2025,0,0,0,false,false,true,0,0,2715,30,0,
798,greedy,3063,32,2,budget,0,79,true,3,370,85,118,0.09375,0.90625,0,0,0,2,5,normal,false,7,12,193,2600,270,0,0,false,false,true,0,0,3063,32,0,
799,greedy,4454,34,4,budget,0,79,true,6,1095,96,147,0.35294117647058826,0.6176470588235294,0.029411764705882353,0,0,6,1,normal,false,5,16,734,3360,360,0,0,false,false,true,0,0,4454,34,0,
800,greedy,3325,30,0,budget,0,53,true,5,590,85,134,0.4,0.6,0,0,0,6,5,normal,false,5,14,715,2610,0,0,0,false,false,false,0,0,3325,30,0,
801,greedy,3493,32,2,budget,0,70,true,4,435,84,129,0.1875,0.8125,0,0,0,4,1,normal,false,6,14,328,3165,0,0,0,false,false,false,0,0,3493,32,0,
802,greedy,6658,40,10,budget,0,92,true,6,1065,132,186,0.15,0.65,0.175,0.025,0,7,8,normal,false,9,15,433,4450,1640,135,0,true,false,false,0,0,6658,40,0,
803,greedy,6160,40,10,budget,0,80,true,5,2090,105,176,0.15,0.8,0.05,0,0,9,2,normal,false,5,21,230,3140,2790,0,0,false,false,true,0,0,6160,40,0,
804,greedy,3684,34,4,budget,0,97,true,4,615,94,147,0.29411764705882354,0.6176470588235294,0.058823529411764705,0.029411764705882353,0,7,3,normal,false,4,17,574,2715,260,135,0,true,true,false,0,0,3684,34,0,
805,greedy,1485,13,0,lock,0,67,false,4,585,42,48,0,1,0,0,0,0,-1,normal,false,6,3,0,1485,0,0,0,false,false,false,0,0,1485,13,0,
806,greedy,17357,59,29,budget,1,100,true,5,2940,192,279,0.22033898305084745,0.4745762711864407,0.1864406779661017,0.03389830508474576,0.0847457627118644,15,7,crash,false,6,29,817,2635,4490,2235,7180,false,true,false,4630,5,12727,54,1,6
807,greedy,3041,30,0,budget,0,50,true,4,560,73,128,0.2,0.8,0,0,0,2,14,normal,false,6,15,506,2535,0,0,0,false,false,true,0,0,3041,30,0,
808,greedy,7710,33,13,lock,1,100,false,3,1700,112,133,0,0.7272727272727273,0.09090909090909091,0.030303030303030304,0.15151515151515152,5,13,normal,false,3,15,0,2790,830,150,3940,false,false,false,3850,5,3860,28,1,3
809,greedy,3720,34,4,budget,0,70,true,4,405,88,112,0.058823529411764705,0.9411764705882353,0,0,0,4,1,normal,false,7,12,120,3600,0,0,0,false,false,false,0,0,3720,34,0,
810,greedy,2687,30,0,budget,0,66,true,4,645,67,119,0.4,0.6,0,0,0,2,22,crash,false,6,11,507,2180,0,0,0,false,false,true,0,0,2687,30,0,
811,greedy,2353,30,0,budget,0,69,true,4,405,63,84,0.1,0.9,0,0,0,1,11,normal,false,8,9,58,2295,0,0,0,false,false,true,0,0,2353,30,0,
812,greedy,4113,30,0,budget,0,54,true,6,923,85,125,0.1,0.9,0,0,0,2,22,normal,false,4,16,128,3985,0,0,0,false,false,true,0,0,4113,30,0,
813,greedy,11215,59,29,budget,1,100,true,4,1025,177,232,0.05084745762711865,0.6271186440677966,0.22033898305084745,0.01694915254237288,0.0847457627118644,11,3,normal,false,5,30,280,3715,4040,900,2280,false,false,false,1960,5,9255,54,1,2
814,greedy,3105,30,0,budget,0,62,true,4,410,83,105,0.06666666666666667,0.9333333333333333,0,0,0,2,5,normal,false,4,11,60,3045,0,0,0,false,false,false,0,0,3105,30,0,
815,greedy,10628,53,23,budget,3,100,true,4,1310,153,214,0.16981132075471697,0.41509433962264153,0.09433962264150944,0.03773584905660377,0.2830188679245283,10,1,normal,false,4,27,413,2475,1910,510,5320,false,false,true,4730,15,5898,38,3,4|3|2
816,greedy,3675,32,2,budget,0,74,false,3,345,89,130,0,0.96875,0.03125,0,0,1,15,normal,false,3,15,0,3585,90,0,0,false,false,false,0,0,3675,32,0,
817,greedy,5675,36,28,lock,0,92,false,4,870,85,117,0,0.5833333333333334,0.3333333333333333,0.08333333333333333,0,13,2,normal,false,6,18,0,1565,3030,1080,0,true,false,false,0,0,5675,36,0,
818,greedy,24233,74,44,budget,2,100,true,8,5090,237,312,0.04054054054054054,0.6081081081081081,0.16216216216216217,0.05405405405405406,0.13513513513513514,15,6,crash,false,14,29,98,4960,9200,675,9300,false,false,false,9750,10,14483,64,2,5|2
819,greedy,4448,30,0,budget,0,50,true,7,1765,83,200,0.8,0.2,0,0,0,2,11,crash,false,4,15,1758,2690,0,0,0,false,false,false,0,0,4448,30,0,
820,greedy,3895,36,6,budget,0,82,true,4,600,87,122,0.08333333333333333,0.8611111111111112,0.05555555555555555,0,0,6,8,normal,false,7,13,85,2880,930,0,0,false,false,false,0,0,3895,36,0,
821,greedy,3733,32,2,budget,0,74,true,4,540,90,144,0.21875,0.75,0.03125,0,0,2,13,crash,false,9,12,443,3200,90,0,0,false,false,false,0,0,3733,32,0,
822,greedy,2899,30,0,budget,0,64,true,3,320,82,132,0.26666666666666666,0.7333333333333333,0,0,0,3,19,normal,false,6,11,584,2315,0,0,0,false,false,false,0,0,2899,30,0,
823,greedy,6516,32,2,budget,0,82,true,7,2045,109,172,0.1875,0.75,0.0625,0,0,2,1,crash,false,5,11,511,5315,690,0,0,false,false,false,0,0,6516,32,0,
824,greedy,3598,30,0,budget,0,60,true,5,720,75,124,0.23333333333333334,0.7666666666666667,0,0,0,3,18,crash,false,5,11,373,3225,0,0,0,false,false,false,0,0,3598,30,0,
825,greedy,9010,55,25,budget,1,100,true,4,1155,153,205,0.01818181818181818,0.6545454545454545,0.21818181818181817,0.01818181818181818,0.09090909090909091,10,2,normal,false,5,27,25,3990,2640,1035,1320,false,false,false,1170,5,7840,50,1,3
826,greedy,2299,30,0,budget,0,67,true,3,255,73,111,0.4,0.6,0,0,0,4,16,normal,false,9,11,509,1790,0,0,0,false,false,false,0,0,2299,30,0,
827,greedy,4618,30,0,budget,0,66,true,5,765,88,140,0.06666666666666667,0.9333333333333333,0,0,0,2,5,normal,false,7,13,333,4285,0,0,0,false,false,true,0,0,4618,30,0,
828,greedy,4138,36,6,budget,0,84,true,3,510,99,140,0.1388888888888889,0.8333333333333334,0.027777777777777776,0,0,7,5,normal,false,4,16,153,2935,1050,0,0,false,false,false,0,0,4138,36,0,
829,greedy,2342,30,0,budget,0,50,true,3,170,61,124,0.3333333333333333,0.6666666666666666,0,0,0,3,17,crash,false,4,11,542,1800,0,0,0,false,false,false,0,0,2342,30,0,
830,greedy,4245,32,2,budget,0,72,true,4,550,102,135,0.0625,0.90625,0.03125,0,0,3,4,normal,false,4,13,50,3985,210,0,0,false,false,false,0,0,4245,32,0,
831,greedy,3547,30,0,budget,0,66,true,5,820,77,121,0.3333333333333333,0.6666666666666666,0,0,0,2,10,normal,false,5,11,757,2790,0,0,0,false,false,false,0,0,3547,30,0,
832,greedy,10863,59,29,budget,1,100,true,4,1590,157,222,0.11864406779661017,0.6271186440677966,0.15254237288135594,0.01694915254237288,0.0847457627118644,16,8,crash,false,5,30,298,2985,2290,810,4480,false,true,false,4630,5,6233,54,0,
833,greedy,3696,30,0,budget,0,51,true,5,1330,69,110,0.26666666666666666,0.7333333333333333,0,0,0,6,9,normal,false,8,11,211,3485,0,0,0,false,false,true,0,0,3696,30,0,
834,greedy,3537,34,4,budget,0,84,true,4,475,80,138,0.4411764705882353,0.47058823529411764,0.08823529411764706,0,0,6,2,crash,false,4,11,537,2490,510,0,0,false,false,false,0,0,3537,34,0,
835,greedy,23900,82,52,budget,2,100,false,5,2985,277,372,0,0.6341463414634146,0.2073170731707317,0.036585365853658534,0.12195121951219512,19,13,normal,false,6,49,0,6850,5300,3630,8120,false,false,true,9245,10,14655,72,2,5|2
836,greedy,3996,32,2,budget,0,73,true,6,900,84,143,0.3125,0.65625,0.03125,0,0,2,7,crash,false,5,16,481,3425,90,0,0,false,false,true,0,0,3996,32,0,
837,greedy,9585,59,29,budget,1,100,false,4,750,156,199,0,0.6779661016949152,0.1864406779661017,0.05084745762711865,0.0847457627118644,11,2,normal,false,12,30,0,4725,2550,810,1500,false,false,false,1980,5,7605,54,1,7
838,greedy,2550,30,0,budget,0,58,true,2,270,70,114,0.13333333333333333,0.8666666666666667,0,0,0,3,4,normal,false,8,10,85,2465,0,0,0,false,false,false,0,0,2550,30,0,
839,greedy,2344,30,0,budget,0,61,true,3,215,64,119,0.4666666666666667,0.5333333333333333,0,0,0,3,15,crash,false,5,13,769,1575,0,0,0,false,false,true,0,0,2344,30,0,
840,greedy,8125,46,16,budget,0,88,true,6,1310,132,187,0,0.9130434782608695,0.06521739130434782,0.021739130434782608,0,7,3,normal,false,8,15,30,5240,2720,135,0,false,false,true,0,0,8125,46,0,
841,greedy,10605,49,19,budget,1,100,false,4,1360,140,193,0,0.8367346938775511,0.02040816326530612,0.04081632653061224,0.10204081632653061,6,14,normal,false,7,17,0,3345,2700,900,3660,false,true,false,3960,5,6645,44,1,3
842,greedy,3855,30,0,budget,0,54,true,6,975,90,136,0.23333333333333334,0.7666666666666667,0,0,0,2,13,normal,false,4,15,540,3315,0,0,0,false,false,true,0,0,3855,30,0,
843,greedy,10091,45,15,budget,1,100,true,5,1980,159,221,0.17777777777777778,0.6222222222222222,0.06666666666666667,0.022222222222222223,0.1111111111111111,8,7,normal,false,5,19,666,3785,2460,720,2460,false,false,false,3060,5,7031,40,1,2
844,greedy,10103,39,9,budget,1,100,true,4,3080,117,185,0.07692307692307693,0.7435897435897436,0.02564102564102564,0.02564102564102564,0.1282051282051282,3,10,crash,false,7,16,88,3815,550,270,5380,false,true,false,5690,5,4413,34,1,2
845,greedy,4075,36,6,budget,0,82,true,4,435,114,157,0.08333333333333333,0.8888888888888888,0.027777777777777776,0,0,4,1,normal,false,4,19,235,3720,120,0,0,false,false,false,0,0,4075,36,0,
846,greedy,12225,67,37,budget,1,100,true,6,1290,198,246,0.014925373134328358,0.7313432835820896,0.14925373134328357,0.029850746268656716,0.07462686567164178,15,7,normal,false,8,33,15,4800,4460,750,2200,false,false,false,1740,5,10485,62,1,2
847,greedy,2631,30,0,budget,0,68,true,4,620,74,107,0.16666666666666666,0.8333333333333334,0,0,0,2,13,normal,false,7,12,366,2265,0,0,0,false,false,true,0,0,2631,30,0,
848,greedy,3378,32,2,budget,0,72,true,5,805,78,147,0.40625,0.5625,0.03125,0,0,4,7,crash,false,5,14,878,2410,90,0,0,false,false,false,0,0,3378,32,0,
849,greedy,4185,36,6,budget,0,80,true,8,1305,84,148,0.3333333333333333,0.6111111111111112,0.05555555555555555,0,0,5,1,normal,false,10,13,1625,1960,600,0,0,false,false,true,0,0,4185,36,0,
850,greedy,3508,30,0,budget,0,68,true,4,690,82,122,0.16666666666666666,0.8333333333333334,0,0,0,2,9,normal,false,8,9,273,3235,0,0,0,false,false,false,0,0,3508,30,0,
851,greedy,16503,61,31,budget,1,100,true,7,2790,202,293,0.09836065573770492,0.5573770491803278,0.18032786885245902,0.08196721311475409,0.08196721311475409,15,2,normal,false,5,33,563,6140,4790,1530,3480,false,false,false,2820,5,13683,56,1,5
852,greedy,3474,30,0,budget,0,54,true,4,615,85,148,0.36666666666666664,0.6333333333333333,0,0,0,5,14,normal,false,5,12,584,2890,0,0,0,false,false,true,0,0,3474,30,0,
853,greedy,20004,84,54,budget,2,100,true,7,1200,272,385,0.11904761904761904,0.5357142857142857,0.15476190476190477,0.07142857142857142,0.11904761904761904,21,2,normal,false,6,42,694,5495,6060,3015,4740,false,true,false,4020,10,15984,74,2,3|2
854,greedy,6785,41,15,lock,1,100,true,4,1230,123,160,0.2682926829268293,0.4634146341463415,0.14634146341463414,0.024390243902439025,0.0975609756097561,10,6,frenzy,false,3,23,650,2895,720,1560,960,false,true,true,1080,4,5705,37,1,5
855,greedy,5245,32,2,budget,0,77,true,4,750,119,185,0.03125,0.96875,0,0,0,2,5,normal,false,5,12,155,4910,180,0,0,false,false,false,0,0,5245,32,0,
856,greedy,3828,38,8,budget,0,77,true,4,420,95,123,0.02631578947368421,0.9210526315789473,0.05263157894736842,0,0,5,7,normal,false,6,12,63,3225,540,0,0,false,false,false,0,0,3828,38,0,
857,greedy,5119,30,0,budget,0,53,true,5,1440,99,154,0.2,0.8,0,0,0,1,17,crash,false,7,10,449,4670,0,0,0,false,false,false,0,0,5119,30,0,
858,greedy,2881,30,0,budget,0,62,true,3,485,73,114,0.2,0.8,0,0,0,3,13,normal,false,5,10,366,2515,0,0,0,false,false,false,0,0,2881,30,0,
859,greedy,4553,32,2,budget,0,73,true,6,720,104,151,0.15625,0.8125,0.03125,0,0,4,9,normal,false,3,16,733,3600,220,0,0,false,false,false,0,0,4553,32,0,
860,greedy,14445,58,28,budget,0,97,true,6,3815,211,298,0.034482758620689655,0.7068965517241379,0.20689655172413793,0.05172413793103448,0,11,5,crash,false,7,26,100,6225,3050,5070,0,true,true,false,0,0,14445,58,0,
861,greedy,4055,30,0,budget,0,66,true,5,570,85,153,0.3,0.7,0,0,0,3,14,normal,false,5,12,785,3270,0,0,0,false,false,true,0,0,4055,30,0,
862,greedy,11959,53,23,budget,1,100,true,4,1950,152,238,0.1509433962264151,0.5849056603773585,0.1509433962264151,0.018867924528301886,0.09433962264150944,12,3,normal,false,8,22,604,3235,2080,2460,3580,false,false,false,3970,5,7989,48,1,5
863,greedy,9286,41,11,budget,1,100,true,5,1350,114,168,0.12195121951219512,0.6097560975609756,0.12195121951219512,0.024390243902439025,0.12195121951219512,6,1,normal,false,8,16,336,2740,2430,720,3060,false,false,true,3980,5,5306,36,1,6
864,greedy,6618,38,8,budget,0,81,true,5,995,134,185,0.07894736842105263,0.868421052631579,0.05263157894736842,0,0,5,8,normal,false,3,21,368,5860,390,0,0,false,false,true,0,0,6618,38,0,
865,greedy,16006,58,28,budget,2,100,true,5,3940,173,244,0.13793103448275862,0.5344827586206896,0.1206896551724138,0.034482758620689655,0.1724137931034483,12,1,normal,false,11,26,511,2940,2400,2715,7440,false,false,true,3230,10,12776,48,2,3|2
866,greedy,2883,32,2,budget,0,72,true,4,470,73,129,0.25,0.71875,0.03125,0,0,5,2,crash,false,4,13,458,2305,120,0,0,false,false,false,0,0,2883,32,0,
867,greedy,14601,56,26,budget,2,100,true,6,2100,190,251,0.14285714285714285,0.5,0.10714285714285714,0.07142857142857142,0.17857142857142858,11,1,crash,false,8,24,686,3845,5010,1320,3740,false,true,false,3210,10,11391,46,2,5|3
868,greedy,11076,47,17,budget,1,100,true,5,2430,140,201,0.10638297872340426,0.6595744680851063,0.06382978723404255,0.06382978723404255,0.10638297872340426,5,2,crash,false,9,18,91,4000,500,4425,2060,false,true,false,1620,5,9456,42,1,6
869,greedy,3478,30,0,budget,0,65,true,4,320,89,152,0.13333333333333333,0.8666666666666667,0,0,0,2,9,normal,false,5,14,693,2785,0,0,0,false,false,true,0,0,3478,30,0,
870,greedy,5188,32,2,budget,0,82,true,5,1260,103,156,0.09375,0.84375,0.0625,0,0,2,8,normal,false,4,14,223,3615,1350,0,0,false,false,false,0,0,5188,32,0,
871,greedy,4760,30,0,budget,0,67,true,6,885,96,144,0.03333333333333333,0.9666666666666667,0,0,0,1,27,normal,false,5,12,80,4680,0,0,0,false,false,false,0,0,4760,30,0,
872,greedy,9011,51,21,budget,1,100,true,4,2380,133,200,0.09803921568627451,0.6862745098039216,0.11764705882352941,0,0.09803921568627451,11,2,normal,false,4,24,476,3765,1020,450,3300,false,false,false,3040,5,5971,46,1,2
873,greedy,10048,59,29,budget,1,100,true,4,1315,176,227,0.05084745762711865,0.6610169491525424,0.1864406779661017,0.01694915254237288,0.0847457627118644,13,7,normal,false,4,27,53,4710,2580,1125,1580,false,false,false,2575,5,7473,54,1,6
874,greedy,2817,30,0,budget,0,50,true,4,660,64,115,0.3,0.7,0,0,0,3,13,crash,false,4,12,402,2415,0,0,0,false,false,false,0,0,2817,30,0,
875,greedy,5526,36,6,budget,0,98,true,6,1095,98,157,0.25,0.6666666666666666,0.05555555555555555,0.027777777777777776,0,6,1,normal,false,5,14,376,4115,540,495,0,true,true,true,0,0,5526,36,0,
876,greedy,4285,30,0,budget,0,64,true,5,645,87,137,0.06666666666666667,0.9333333333333333,0,0,0,0,-1,crash,false,3,16,75,4210,0,0,0,false,false,true,0,0,4285,30,0,
877,greedy,2471,30,0,budget,0,53,true,5,750,57,91,0.23333333333333334,0.7666666666666667,0,0,0,6,5,normal,false,4,13,156,2315,0,0,0,false,false,true,0,0,2471,30,0,
878,greedy,7683,36,24,lock,0,99,true,5,810,100,140,0.05555555555555555,0.4444444444444444,0.3333333333333333,0.16666666666666666,0,10,2,crash,false,8,18,53,2350,2310,2970,0,true,true,false,0,0,7683,36,0,
879,greedy,4410,36,6,budget,0,89,true,4,540,95,126,0.05555555555555555,0.8055555555555556,0.1111111111111111,0.027777777777777776,0,4,12,normal,false,7,13,50,3475,750,135,0,false,false,true,0,0,4410,36,0,
880,greedy,3191,30,0,budget,0,55,true,4,405,74,133,0.26666666666666666,0.7333333333333333,0,0,0,2,16,crash,false,6,12,1006,2185,0,0,0,false,false,true,0,0,3191,30,0,
881,greedy,2611,30,0,budget,0,65,true,3,375,72,117,0.2,0.8,0,0,0,3,14,normal,false,8,9,531,2080,0,0,0,false,false,false,0,0,2611,30,0,
882,greedy,3120,30,0,budget,0,63,true,4,540,70,110,0.06666666666666667,0.9333333333333333,0,0,0,2,25,normal,false,8,10,135,2985,0,0,0,false,false,true,0,0,3120,30,0,
883,greedy,12911,67,37,budget,1,100,true,4,1380,184,238,0.08955223880597014,0.582089552238806,0.16417910447761194,0.08955223880597014,0.07462686567164178,14,1,normal,false,10,35,286,3995,2410,2040,4180,false,true,false,2950,5,9961,62,1,4
884,greedy,10655,43,13,budget,1,100,true,9,2845,141,189,0.023255813953488372,0.6976744186046512,0.11627906976744186,0.046511627906976744,0.11627906976744186,6,9,normal,false,5,21,150,5720,1140,225,3420,false,true,false,3400,5,7255,38,1,6
885,greedy,3891,30,0,budget,0,56,true,5,885,86,123,0.23333333333333334,0.7666666666666667,0,0,0,4,13,normal,false,4,15,331,3560,0,0,0,false,false,false,0,0,3891,30,0,
886,greedy,5478,43,13,budget,1,100,true,3,1000,99,148,0.11627906976744186,0.6744186046511628,0.06976744186046512,0.023255813953488372,0.11627906976744186,6,2,crash,false,9,15,213,2465,750,270,1780,false,false,false,870,5,4608,38,1,4
887,greedy,4620,32,2,budget,0,70,true,5,675,97,140,0.15625,0.84375,0,0,0,3,10,normal,false,6,13,265,4175,180,0,0,false,false,false,0,0,4620,32,0,
888,greedy,6290,46,16,budget,0,97,false,5,935,108,142,0,0.717391304347826,0.21739130434782608,0.06521739130434782,0,7,14,normal,false,8,20,0,2870,1440,1980,0,true,true,true,0,0,6290,46,0,
889,greedy,10309,55,25,budget,1,100,true,4,2880,144,227,0.12727272727272726,0.6363636363636364,0.12727272727272726,0.01818181818181818,0.09090909090909091,12,1,normal,false,9,18,429,4165,1680,135,3900,false,false,false,3840,5,6469,50,1,2
890,greedy,4229,34,4,budget,0,76,true,5,705,89,137,0.17647058823529413,0.7647058823529411,0.058823529411764705,0,0,3,6,normal,false,11,15,174,3875,180,0,0,false,false,false,0,0,4229,34,0,
891,greedy,2941,32,2,budget,0,80,true,3,320,77,117,0.21875,0.75,0.03125,0,0,3,13,normal,false,7,10,236,2615,90,0,0,false,false,false,0,0,2941,32,0,
892,greedy,20874,63,33,budget,3,100,true,7,6760,178,282,0.20634920634920634,0.3492063492063492,0.1746031746031746,0.031746031746031744,0.23809523809523808,14,2,normal,false,6,31,714,2185,2290,2205,13480,false,true,false,12460,15,8414,48,3,2|5|2
893,greedy,3118,30,0,budget,0,66,true,5,855,65,100,0.1,0.9,0,0,0,1,22,normal,false,3,12,83,3035,0,0,0,false,false,false,0,0,3118,30,0,
894,greedy,4935,25,12,lock,0,89,true,4,1280,82,105,0.04,0.6,0.32,0.04,0,4,7,normal,false,3,12,15,2305,1760,855,0,false,false,false,0,0,4935,25,0,
895,greedy,4550,32,2,budget,0,74,true,4,760,102,148,0.03125,0.96875,0,0,0,2,9,normal,false,6,9,220,4150,180,0,0,false,false,false,0,0,4550,32,0,
896,greedy,3416,30,0,budget,0,65,true,4,630,76,126,0.13333333333333333,0.8666666666666667,0,0,0,0,-1,crash,false,8,6,211,3205,0,0,0,false,false,false,0,0,3416,30,0,
897,greedy,7604,47,17,budget,1,100,true,6,1400,109,181,0.1702127659574468,0.574468085106383,0.1276595744680851,0.02127659574468085,0.10638297872340426,10,3,crash,false,7,21,869,2335,990,90,3320,false,false,false,2810,5,4794,42,1,3
898,greedy,3936,30,0,budget,0,51,true,4,660,77,149,0.23333333333333334,0.7666666666666667,0,0,0,2,15,crash,false,4,14,411,3525,0,0,0,false,false,false,0,0,3936,30,0,
899,greedy,1908,30,0,budget,0,50,true,3,375,49,103,0.5666666666666667,0.43333333333333335,0,0,0,4,7,normal,false,7,10,678,1230,0,0,0,false,false,false,0,0,1908,30,0,
900,greedy,17735,64,38,lock,2,100,false,5,2070,204,273,0,0.609375,0.1875,0.046875,0.15625,14,26,normal,false,6,34,0,5605,4700,2190,5240,false,false,false,6180,10,11555,54,2,6|4
901,greedy,2073,23,0,lock,0,50,true,3,230,69,93,0.13043478260869565,0.8695652173913043,0,0,0,1,14,normal,false,7,7,318,1755,0,0,0,false,false,false,0,0,2073,23,0,
902,greedy,4076,30,0,budget,0,62,true,5,720,92,129,0.26666666666666666,0.7333333333333333,0,0,0,2,12,normal,false,7,10,341,3735,0,0,0,false,false,false,0,0,4076,30,0,
903,greedy,1673,23,0,lock,0,68,true,3,285,49,79,0.34782608695652173,0.6521739130434783,0,0,0,4,10,normal,false,5,9,363,1310,0,0,0,false,false,true,0,0,1673,23,0,
904,greedy,7751,34,4,budget,0,84,true,8,2480,108,191,0.35294117647058826,0.6176470588235294,0.029411764705882353,0,0,7,5,crash,false,6,15,751,6640,360,0,0,false,false,false,0,0,7751,34,0,
905,greedy,7238,32,2,budget,0,84,true,5,1290,119,186,0.09375,0.8125,0.09375,0,0,3,2,normal,false,2,14,333,5255,1650,0,0,false,false,false,0,0,7238,32,0,
906,greedy,12220,53,23,budget,1,100,true,7,1660,160,212,0,0.7358490566037735,0.09433962264150944,0.07547169811320754,0.09433962264150944,8,3,normal,false,7,23,30,5590,1230,1410,3960,false,true,true,3870,5,8350,48,1,3
907,greedy,6380,34,4,budget,0,78,true,4,1360,121,172,0.029411764705882353,0.9705882352941176,0,0,0,3,10,normal,false,4,17,25,4455,1900,0,0,false,false,true,0,0,6380,34,0,
908,greedy,4655,38,8,budget,0,85,true,3,480,108,160,0.05263157894736842,0.9210526315789473,0.02631578947368421,0,0,5,10,normal,false,5,15,60,4025,570,0,0,false,false,false,0,0,4655,38,0,
909,greedy,5500,32,2,budget,0,78,true,5,855,111,172,0.15625,0.8125,0.03125,0,0,5,4,normal,false,5,13,410,4970,120,0,0,false,false,false,0,0,5500,32,0,
910,greedy,3021,30,0,budget,0,50,true,4,555,69,118,0.3,0.7,0,0,0,5,4,normal,false,5,12,311,2710,0,0,0,false,false,false,0,0,3021,30,0,
911,greedy,6180,40,10,budget,0,91,true,4,610,122,179,0.025,0.875,0.075,0.025,0,3,7,crash,false,8,13,120,4500,1380,180,0,true,false,false,0,0,6180,40,0,
912,greedy,17435,62,32,budget,2,100,true,5,2700,177,241,0.016129032258064516,0.46774193548387094,0.27419354838709675,0.08064516129032258,0.16129032258064516,13,4,normal,false,5,28,40,3365,1710,3720,8600,false,true,false,6450,10,10985,52,2,10|3
913,greedy,2748,30,0,budget,0,57,true,4,585,84,130,0.26666666666666666,0.7333333333333333,0,0,0,2,6,normal,false,5,11,573,2175,0,0,0,false,false,false,0,0,2748,30,0,
914,greedy,4605,30,0,budget,0,59,true,5,765,96,161,0.16666666666666666,0.8333333333333334,0,0,0,3,16,normal,false,5,10,340,4265,0,0,0,false,false,true,0,0,4605,30,0,
915,greedy,7919,38,8,budget,0,74,true,8,1440,132,211,0.21052631578947367,0.7894736842105263,0,0,0,7,2,normal,false,5,18,694,6685,540,0,0,false,false,false,0,0,7919,38,0,
916,greedy,10135,47,17,budget,1,100,true,4,2100,143,188,0.02127659574468085,0.8085106382978723,0.0425531914893617,0.02127659574468085,0.10638297872340426,8,9,normal,false,7,22,15,4030,2100,90,3900,false,false,true,3810,5,6325,42,1,3
917,greedy,2465,32,2,budget,0,78,true,3,240,73,89,0,0.96875,0.03125,0,0,1,5,normal,false,6,13,30,2345,90,0,0,false,false,false,0,0,2465,32,0,
918,greedy,7591,43,13,budget,1,100,true,6,1430,121,166,0.13953488372093023,0.6744186046511628,0.046511627906976744,0.023255813953488372,0.11627906976744186,6,1,normal,false,5,16,521,3965,930,315,1860,false,false,false,1980,5,5611,38,1,3
919,greedy,3928,36,6,budget,0,80,true,4,660,77,140,0.3055555555555556,0.6388888888888888,0.05555555555555555,0,0,6,4,normal,false,6,17,413,2855,660,0,0,false,false,true,0,0,3928,36,0,
920,greedy,3794,30,0,budget,0,63,true,3,405,86,135,0.3,0.7,0,0,0,4,15,normal,false,4,14,619,3175,0,0,0,false,false,false,0,0,3794,30,0,
921,greedy,5365,32,2,budget,0,74,false,4,810,111,152,0,1,0,0,0,1,1,normal,false,6,12,0,4915,450,0,0,false,false,false,0,0,5365,32,0,
922,greedy,4219,32,2,budget,0,71,true,5,515,90,154,0.28125,0.71875,0,0,0,3,4,crash,false,4,14,744,3475,0,0,0,false,false,true,0,0,4219,32,0,
923,greedy,810,8,0,lock,0,50,false,3,300,15,30,0,1,0,0,0,0,-1,normal,false,6,1,0,810,0,0,0,false,false,false,0,0,810,8,0,
924,greedy,3219,30,0,budget,0,53,true,4,465,67,113,0.23333333333333334,0.7666666666666667,0,0,0,4,10,normal,false,3,13,324,2895,0,0,0,false,false,false,0,0,3219,30,0,
925,greedy,5706,40,10,budget,0,95,true,5,740,117,159,0.1,0.825,0.075,0,0,7,6,normal,false,10,17,106,3840,1490,270,0,true,true,false,0,0,5706,40,0,
926,greedy,3070,30,0,budget,0,66,true,3,355,74,116,0.06666666666666667,0.9333333333333333,0,0,0,1,21,crash,false,5,13,20,3050,0,0,0,false,false,false,0,0,3070,30,0,
927,greedy,5364,34,4,budget,0,73,true,5,1160,109,187,0.35294117647058826,0.6176470588235294,0.029411764705882353,0,0,5,1,normal,false,6,17,874,4370,120,0,0,false,false,true,0,0,5364,34,0,
928,greedy,5508,46,16,budget,0,92,true,3,560,126,198,0.21739130434782608,0.6086956521739131,0.15217391304347827,0.021739130434782608,0,10,4,crash,false,4,21,633,2880,1860,135,0,true,false,false,0,0,5508,46,0,
929,greedy,3718,36,6,budget,0,82,true,4,760,82,121,0.1388888888888889,0.8333333333333334,0.027777777777777776,0,0,5,1,normal,false,3,17,138,2590,990,0,0,false,false,true,0,0,3718,36,0,
930,greedy,2670,30,0,budget,0,66,true,5,750,65,100,0.06666666666666667,0.9333333333333333,0,0,0,0,-1,crash,false,5,10,30,2640,0,0,0,false,false,true,0,0,2670,30,0,
931,greedy,15554,59,29,budget,1,100,true,6,1420,206,288,0.1016949152542373,0.5932203389830508,0.1694915254237288,0.05084745762711865,0.0847457627118644,13,3,crash,false,6,27,184,6810,3380,1620,3560,false,true,false,2640,5,12914,54,1,2
932,greedy,6865,38,8,budget,0,98,true,6,1580,116,166,0.05263157894736842,0.7894736842105263,0.07894736842105263,0.07894736842105263,0,4,12,crash,false,9,16,80,4185,1250,1350,0,true,true,false,0,0,6865,38,0,
933,greedy,5550,34,4,budget,0,86,true,5,2010,80,140,0.35294117647058826,0.5882352941176471,0.058823529411764705,0,0,4,1,crash,false,6,11,440,2880,790,1440,0,false,false,false,0,0,5550,34,0,
934,greedy,3030,32,2,budget,0,74,true,3,360,73,100,0.09375,0.875,0.03125,0,0,4,1,normal,false,7,12,90,2850,90,0,0,false,false,false,0,0,3030,32,0,
935,greedy,3811,30,0,budget,0,50,true,5,930,68,161,0.4666666666666667,0.5333333333333333,0,0,0,2,11,crash,false,6,13,1291,2520,0,0,0,false,false,false,0,0,3811,30,0,
936,greedy,5280,40,10,budget,0,92,false,3,1270,111,138,0,0.925,0.075,0,0,5,1,normal,false,4,17,0,2960,1150,1170,0,true,false,true,0,0,5280,40,0,
937,greedy,3575,30,0,budget,0,53,true,5,890,79,125,0.23333333333333334,0.7666666666666667,0,0,0,3,9,normal,false,4,13,155,3420,0,0,0,false,false,true,0,0,3575,30,0,
938,greedy,2643,30,0,budget,0,59,true,3,400,78,116,0.1,0.9,0,0,0,1,20,normal,false,9,8,213,2430,0,0,0,false,false,false,0,0,2643,30,0,
939,greedy,2705,32,2,budget,0,83,false,4,535,62,91,0,0.90625,0.09375,0,0,1,2,normal,false,4,13,0,2465,240,0,0,false,false,false,0,0,2705,32,0,
940,greedy,19910,56,26,budget,2,100,true,6,6040,178,272,0.26785714285714285,0.35714285714285715,0.14285714285714285,0.05357142857142857,0.17857142857142858,12,1,crash,false,5,24,950,3155,2720,705,12380,false,false,false,12330,10,7580,46,2,2|5
941,greedy,4165,32,2,budget,0,72,true,5,630,98,145,0.15625,0.8125,0.03125,0,0,5,11,normal,false,3,15,240,3835,90,0,0,false,false,false,0,0,4165,32,0,
942,greedy,5390,34,4,budget,0,78,true,5,980,101,163,0.08823529411764706,0.9117647058823529,0,0,0,3,8,crash,false,8,14,65,4695,630,0,0,false,false,false,0,0,5390,34,0,
943,greedy,16964,83,53,budget,1,100,true,4,1720,258,342,0.04819277108433735,0.6024096385542169,0.24096385542168675,0.04819277108433735,0.060240963855421686,22,3,normal,false,8,48,229,6560,4690,1485,4000,false,true,true,3250,5,13714,78,1,3
944,greedy,4459,34,4,budget,0,73,true,6,1485,83,135,0.23529411764705882,0.7647058823529411,0,0,0,6,2,normal,false,5,13,379,3360,720,0,0,false,false,true,0,0,4459,34,0,
945,greedy,10074,44,14,budget,2,100,true,4,1740,132,193,0.18181818181818182,0.4772727272727273,0.11363636363636363,0,0.22727272727272727,4,1,crash,false,8,16,454,3150,530,180,5760,false,false,false,4280,10,5794,34,2,2|3
946,greedy,3984,32,2,budget,0,74,true,6,840,75,125,0.1875,0.78125,0.03125,0,0,3,1,crash,false,9,10,299,3595,90,0,0,false,false,false,0,0,3984,32,0,
947,greedy,4650,30,0,budget,0,67,true,4,640,106,150,0,1,0,0,0,0,-1,normal,false,6,11,170,4480,0,0,0,false,false,false,0,0,4650,30,0,
948,greedy,14460,68,38,budget,0,92,true,7,2025,218,303,0.014705882352941176,0.8382352941176471,0.11764705882352941,0.029411764705882353,0,17,3,crash,false,7,31,0,9630,3480,1350,0,true,false,false,0,0,14460,68,0,
949,greedy,5045,38,8,budget,0,88,false,4,530,113,159,0,0.868421052631579,0.10526315789473684,0.02631578947368421,0,4,1,normal,false,8,16,0,4485,380,180,0,false,false,false,0,0,5045,38,0,
950,greedy,10580,51,21,budget,1,100,true,5,1260,174,223,0.0196078431372549,0.7058823529411765,0.09803921568627451,0.0784313725490196,0.09803921568627451,8,10,normal,false,6,24,165,5170,1720,585,2940,false,false,false,2490,5,8090,46,1,2
951,greedy,12570,46,19,lock,1,100,false,5,1700,155,215,0,0.717391304347826,0.15217391304347827,0.021739130434782608,0.10869565217391304,7,3,normal,false,5,24,0,3615,3770,2565,2620,false,true,false,2120,5,10450,41,1,3
952,greedy,8255,54,24,budget,0,97,true,4,1050,157,209,0.037037037037037035,0.7777777777777778,0.14814814814814814,0.037037037037037035,0,13,1,normal,false,5,29,80,4780,3080,315,0,true,true,true,0,0,8255,54,0,
953,greedy,7690,48,18,budget,0,89,false,4,1360,132,195,0,0.8333333333333334,0.14583333333333334,0.020833333333333332,0,9,5,normal,false,7,21,0,4285,1920,1485,0,false,false,false,0,0,7690,48,0,
954,greedy,13605,61,31,budget,1,100,true,5,1860,171,215,0,0.7377049180327869,0.13114754098360656,0.04918032786885246,0.08196721311475409,13,24,normal,false,6,32,30,3410,4260,765,5140,false,false,false,4620,5,8985,56,1,5
955,greedy,2728,30,0,budget,0,50,true,3,255,75,126,0.23333333333333334,0.7666666666666667,0,0,0,4,18,normal,false,6,15,548,2180,0,0,0,false,false,false,0,0,2728,30,0,
956,greedy,9895,56,26,budget,0,99,false,4,1120,171,232,0,0.7678571428571429,0.16071428571428573,0.07142857142857142,0,9,2,normal,false,6,24,0,5145,3400,1350,0,true,true,false,0,0,9895,56,0,
957,greedy,3768,32,2,budget,0,71,true,4,495,92,131,0.09375,0.90625,0,0,0,1,11,crash,false,6,13,38,3730,0,0,0,false,false,false,0,0,3768,32,0,
958,greedy,7966,43,13,budget,1,100,true,4,1440,105,185,0.27906976744186046,0.5348837209302325,0.06976744186046512,0,0.11627906976744186,7,11,normal,false,7,23,431,2705,1710,0,3120,false,false,false,2810,5,5156,38,0,
959,greedy,3737,40,10,budget,0,95,true,3,450,88,140,0.35,0.55,0.075,0.025,0,8,7,normal,false,7,17,817,1495,1290,135,0,true,true,true,0,0,3737,40,0,
960,greedy,4113,34,4,budget,0,74,true,4,555,92,144,0.058823529411764705,0.8529411764705882,0.08823529411764706,0,0,4,5,normal,false,4,15,98,3685,330,0,0,false,false,true,0,0,4113,34,0,
961,greedy,5589,40,10,budget,0,92,true,4,810,118,180,0.175,0.725,0.075,0.025,0,8,8,normal,false,4,26,604,3265,1540,180,0,true,false,true,0,0,5589,40,0,
962,greedy,4439,30,0,budget,0,56,true,6,1020,91,138,0.3,0.7,0,0,0,2,13,normal,false,6,10,334,4105,0,0,0,false,false,false,0,0,4439,30,0,
963,greedy,4705,34,4,budget,0,97,true,5,1260,85,121,0.029411764705882353,0.8823529411764706,0.058823529411764705,0.029411764705882353,0,2,22,normal,false,6,13,20,3485,300,900,0,true,true,false,0,0,4705,34,0,
964,greedy,5402,34,4,budget,0,82,true,5,780,96,163,0.38235294117647056,0.5,0.11764705882352941,0,0,6,3,normal,false,4,16,597,3485,1320,0,0,false,false,false,0,0,5402,34,0,
965,greedy,3133,30,0,budget,0,64,true,4,435,83,137,0.23333333333333334,0.7666666666666667,0,0,0,1,24,normal,false,6,10,558,2575,0,0,0,false,false,false,0,0,3133,30,0,
966,greedy,27894,99,69,budget,3,100,true,8,5295,321,438,0.0707070707070707,0.47474747474747475,0.24242424242424243,0.06060606060606061,0.15151515151515152,25,6,normal,false,6,52,604,6795,5210,5445,9840,false,true,true,11815,15,16079,84,2,4|12
967,greedy,3084,30,0,budget,0,53,true,4,465,69,124,0.4,0.6,0,0,0,7,8,normal,false,4,12,434,2650,0,0,0,false,false,true,0,0,3084,30,0,
968,greedy,7045,43,13,budget,1,100,true,4,1440,109,155,0.06976744186046512,0.7674418604651163,0.046511627906976744,0,0.11627906976744186,6,1,normal,false,6,14,110,3500,870,405,2160,false,true,true,840,5,6205,38,1,2
969,greedy,2935,30,0,budget,0,69,true,4,465,70,105,0.1,0.9,0,0,0,3,22,normal,false,8,14,75,2860,0,0,0,false,false,true,0,0,2935,30,0,
970,greedy,22949,91,61,budget,1,100,true,6,3025,255,388,0.10989010989010989,0.5164835164835165,0.25274725274725274,0.06593406593406594,0.054945054945054944,24,9,crash,false,8,50,344,5635,5910,6840,4220,false,true,false,4730,5,18219,86,0,
971,greedy,5843,44,14,budget,0,94,true,4,650,113,154,0.045454545454545456,0.8409090909090909,0.09090909090909091,0.022727272727272728,0,6,6,normal,false,3,21,43,4165,1410,225,0,true,false,false,0,0,5843,44,0,
972,greedy,10878,51,21,budget,1,100,true,5,1360,178,245,0.0392156862745098,0.7254901960784313,0.13725490196078433,0,0.09803921568627451,7,1,normal,false,11,22,378,5100,2900,240,2260,false,false,false,1260,5,9618,46,1,3
973,greedy,2245,30,0,budget,0,63,true,3,250,67,110,0.26666666666666666,0.7333333333333333,0,0,0,3,9,normal,false,8,12,790,1455,0,0,0,false,false,true,0,0,2245,30,0,
974,greedy,3644,30,0,budget,0,50,true,4,835,73,147,0.43333333333333335,0.5666666666666667,0,0,0,3,11,crash,false,6,12,514,3130,0,0,0,false,false,false,0,0,3644,30,0,
975,greedy,3061,30,0,budget,0,53,true,4,380,69,116,0.23333333333333334,0.7666666666666667,0,0,0,4,11,normal,false,5,13,281,2780,0,0,0,false,false,false,0,0,3061,30,0,
976,greedy,4081,30,0,budget,0,54,true,5,675,76,147,0.3333333333333333,0.6666666666666666,0,0,0,4,4,crash,false,3,14,686,3395,0,0,0,false,false,false,0,0,4081,30,0,
977,greedy,11150,62,32,budget,0,97,false,4,1660,175,234,0,0.8225806451612904,0.14516129032258066,0.03225806451612903,0,13,10,normal,false,7,25,0,4510,4480,2160,0,true,true,false,0,0,11150,62,0,
978,greedy,3320,27,2,lock,0,83,false,3,320,88,119,0,1,0,0,0,1,19,normal,false,5,12,0,3080,240,0,0,false,false,false,0,0,3320,27,0,
979,greedy,3046,30,0,budget,0,54,true,4,510,67,121,0.3,0.7,0,0,0,4,9,crash,false,3,13,281,2765,0,0,0,false,false,false,0,0,3046,30,0,
980,greedy,4601,30,0,budget,0,69,true,5,1130,95,142,0.16666666666666666,0.8333333333333334,0,0,0,1,11,normal,false,5,14,361,4240,0,0,0,false,false,true,0,0,4601,30,0,
981,greedy,3266,30,0,budget,0,62,true,5,750,75,132,0.43333333333333335,0.5666666666666667,0,0,0,3,6,normal,false,5,11,681,2585,0,0,0,false,false,true,0,0,3266,30,0,
982,greedy,5293,30,0,budget,0,62,true,5,820,91,152,0.16666666666666666,0.8333333333333334,0,0,0,2,7,crash,false,5,12,233,5060,0,0,0,false,false,false,0,0,5293,30,0,
983,greedy,2804,34,4,budget,0,91,true,3,330,72,117,0.2647058823529412,0.6764705882352942,0.029411764705882353,0.029411764705882353,0,3,11,normal,false,7,15,389,1875,360,180,0,true,false,true,0,0,2804,34,0,
984,greedy,5635,32,2,budget,0,74,false,6,820,115,150,0,0.96875,0.03125,0,0,1,28,normal,false,6,10,0,5455,180,0,0,false,false,true,0,0,5635,32,0,
985,greedy,3140,30,0,budget,0,58,true,4,465,70,112,0.03333333333333333,0.9666666666666667,0,0,0,0,-1,crash,false,4,10,0,3140,0,0,0,false,false,false,0,0,3140,30,0,
986,greedy,4400,42,12,budget,0,81,true,5,630,91,155,0.35714285714285715,0.5714285714285714,0.07142857142857142,0,0,11,1,crash,false,4,18,350,3390,660,0,0,false,false,false,0,0,4400,42,0,
987,greedy,11357,51,21,budget,1,100,true,7,1560,176,266,0.1568627450980392,0.5490196078431373,0.1568627450980392,0.0392156862745098,0.09803921568627451,9,11,normal,false,5,26,1167,4980,1550,540,3120,false,true,true,3180,5,8177,46,1,2
988,greedy,2705,30,0,budget,0,53,true,4,375,67,99,0.1,0.9,0,0,0,3,7,normal,false,5,11,90,2615,0,0,0,false,false,true,0,0,2705,30,0,
989,greedy,5228,40,10,budget,0,93,true,3,660,109,148,0.025,0.825,0.125,0.025,0,5,8,normal,false,6,17,133,3685,870,540,0,true,false,false,0,0,5228,40,0,
990,greedy,1914,30,0,budget,0,53,true,3,240,52,102,0.7,0.3,0,0,0,1,27,normal,false,9,7,759,1155,0,0,0,false,false,true,0,0,1914,30,0,
991,greedy,3083,30,0,budget,0,68,true,4,415,70,130,0.26666666666666666,0.7333333333333333,0,0,0,3,12,normal,false,6,10,578,2505,0,0,0,false,false,false,0,0,3083,30,0,
992,greedy,3674,30,0,budget,0,64,true,5,1015,89,146,0.5666666666666667,0.43333333333333335,0,0,0,3,12,normal,false,4,12,634,3040,0,0,0,false,false,false,0,0,3674,30,0,
993,greedy,12070,47,24,lock,2,100,true,3,1360,153,180,0.0851063829787234,0.5319148936170213,0.10638297872340426,0.06382978723404255,0.2127659574468085,9,7,normal,false,4,25,105,2040,2350,1395,6180,false,true,false,4890,10,7180,37,1,3
994,greedy,3222,32,2,budget,0,71,true,4,375,85,141,0.28125,0.71875,0,0,0,4,3,crash,false,3,16,712,2510,0,0,0,false,false,true,0,0,3222,32,0,
995,greedy,3845,32,2,budget,0,74,true,5,1095,88,127,0.125,0.875,0,0,0,3,1,normal,false,5,10,160,3445,240,0,0,false,false,true,0,0,3845,32,0,
996,greedy,14463,70,40,budget,2,100,true,4,1200,213,276,0.014285714285714285,0.5571428571428572,0.2,0.08571428571428572,0.14285714285714285,14,15,normal,false,8,39,218,5135,2340,2490,4280,false,true,false,3630,10,10833,60,2,9|2
997,greedy,9811,52,22,budget,2,100,true,4,1200,143,198,0.038461538461538464,0.6730769230769231,0.057692307692307696,0.038461538461538464,0.19230769230769232,5,2,normal,false,9,19,496,2945,1060,1170,4140,false,true,false,2730,10,7081,42,2,3|3
998,greedy,16734,73,43,budget,1,100,true,7,2425,220,339,0.0958904109589041,0.5753424657534246,0.2191780821917808,0.0410958904109589,0.0684931506849315,18,12,normal,false,6,39,559,5480,7800,1935,960,false,true,true,960,5,15774,68,1,5
999,greedy,8140,42,12,budget,0,84,true,5,2060,132,190,0.023809523809523808,0.9047619047619048,0.07142857142857142,0,0,6,15,normal,false,6,20,45,4385,3710,0,0,false,false,true,0,0,8140,42,0,
1000,greedy,5845,38,8,budget,0,87,true,6,855,115,148,0.02631578947368421,0.868421052631579,0.10526315789473684,0,0,4,2,normal,false,5,17,30,5155,660,0,0,false,false,true,0,0,5845,38,0,
1001,greedy,5243,40,10,budget,0,94,true,4,900,109,179,0.15,0.775,0.05,0.025,0,6,7,crash,false,6,17,478,3415,630,720,0,true,false,false,0,0,5243,40,0,
1002,greedy,2574,32,2,budget,0,77,true,3,275,68,120,0.34375,0.625,0.03125,0,0,5,4,normal,false,6,12,559,1925,90,0,0,false,false,true,0,0,2574,32,0,
1003,greedy,4238,34,4,budget,0,76,true,4,520,101,129,0.11764705882352941,0.8235294117647058,0.058823529411764705,0,0,4,2,normal,false,6,12,163,3745,330,0,0,false,false,false,0,0,4238,34,0,
1004,greedy,19000,84,54,budget,2,100,true,4,2740,250,299,0.011904761904761904,0.5833333333333334,0.2261904761904762,0.05952380952380952,0.11904761904761904,21,1,normal,false,7,40,20,4490,2430,4380,7680,false,true,true,5410,10,13590,74,2,4|9
1005,greedy,3955,34,4,budget,0,78,true,6,1480,79,115,0.029411764705882353,0.9117647058823529,0.058823529411764705,0,0,3,7,normal,false,6,15,75,3700,180,0,0,false,false,true,0,0,3955,34,0,
1006,greedy,2164,25,0,lock,0,62,true,3,240,49,98,0.32,0.68,0,0,0,3,15,crash,false,4,10,499,1665,0,0,0,false,false,false,0,0,2164,25,0,
1007,greedy,3996,30,0,budget,0,67,true,4,640,94,151,0.16666666666666666,0.8333333333333334,0,0,0,3,5,normal,false,5,16,366,3630,0,0,0,false,false,true,0,0,3996,30,0,
1008,greedy,10494,53,23,budget,1,100,true,4,2140,151,204,0.11320754716981132,0.660377358490566,0.11320754716981132,0.018867924528301886,0.09433962264150944,8,5,normal,false,8,20,464,3625,1410,1995,3000,false,false,false,5020,5,5474,48,0,
1009,greedy,6325,38,8,budget,0,88,true,5,1890,110,167,0.10526315789473684,0.7105263157894737,0.15789473684210525,0.02631578947368421,0,5,5,crash,false,4,20,190,3580,2420,135,0,false,false,false,0,0,6325,38,0,
1010,greedy,3396,30,0,budget,0,60,true,4,660,96,144,0.26666666666666666,0.7333333333333333,0,0,0,5,4,normal,false,5,11,861,2535,0,0,0,false,false,false,0,0,3396,30,0,
1011,greedy,2047,28,0,lock,0,50,true,3,295,57,102,0.35714285714285715,0.6428571428571429,0,0,0,2,10,normal,false,7,9,317,1730,0,0,0,false,false,true,0,0,2047,28,0,
1012,greedy,3145,30,0,budget,0,65,true,5,546,72,129,0.23333333333333334,0.7666666666666667,0,0,0,2,23,normal,false,5,12,890,2255,0,0,0,false,false,false,0,0,3145,30,0,
1013,greedy,4228,32,2,budget,0,71,true,5,600,84,132,0.09375,0.90625,0,0,0,3,5,normal,false,4,13,123,4105,0,0,0,false,false,false,0,0,4228,32,0,
1014,greedy,2850,30,0,budget,0,59,true,3,330,88,143,0.4666666666666667,0.5333333333333333,0,0,0,5,5,normal,false,5,9,920,1930,0,0,0,false,false,false,0,0,2850,30,0,
1015,greedy,24103,105,75,budget,1,100,true,4,1725,301,425,0.0380952380952381,0.5523809523809524,0.3047619047619048,0.05714285714285714,0.047619047619047616,32,3,normal,false,10,55,218,5640,7930,7815,2500,false,true,false,3020,5,21083,100,1,2
1016,greedy,3670,30,0,budget,0,66,true,5,615,75,130,0.3333333333333333,0.6666666666666666,0,0,0,2,15,normal,false,3,14,570,3100,0,0,0,false,false,false,0,0,3670,30,0,
1017,greedy,11118,61,31,budget,1,100,true,3,1500,171,222,0.03278688524590164,0.6557377049180327,0.19672131147540983,0.03278688524590164,0.08196721311475409,14,2,normal,false,8,26,238,3290,4170,540,2880,false,false,false,2580,5,8538,56,1,3
1018,greedy,3884,30,0,budget,0,63,true,4,490,89,154,0.26666666666666666,0.7333333333333333,0,0,0,3,12,crash,false,4,14,734,3150,0,0,0,false,false,false,0,0,3884,30,0,
1019,greedy,9479,49,19,budget,1,100,true,4,1575,137,225,0.2857142857142857,0.40816326530612246,0.14285714285714285,0.061224489795918366,0.10204081632653061,10,1,crash,false,5,24,1139,2380,2190,2430,1340,false,true,false,1070,5,8409,44,1,2
1020,greedy,3094,30,0,budget,0,58,true,3,430,89,138,0.3,0.7,0,0,0,5,9,normal,false,4,16,659,2435,0,0,0,false,false,true,0,0,3094,30,0,
1021,greedy,2689,30,0,budget,0,55,true,5,378,64,144,0.43333333333333335,0.5666666666666667,0,0,0,4,5,normal,false,6,11,1419,1270,0,0,0,false,false,false,0,0,2689,30,0,
1022,greedy,18063,53,26,lock,2,100,true,7,2760,204,284,0.1320754716981132,0.5849056603773585,0.09433962264150944,0,0.18867924528301888,11,5,normal,false,4,29,458,6450,1570,1305,8280,false,false,true,6100,10,11963,43,2,2|3
1023,greedy,3238,30,0,budget,0,68,true,3,390,69,120,0.16666666666666666,0.8333333333333334,0,0,0,2,6,crash,false,5,11,228,3010,0,0,0,false,false,false,0,0,3238,30,0,
1024,greedy,8765,43,13,budget,1,100,true,6,1560,127,167,0.09302325581395349,0.6511627906976745,0.13953488372093023,0,0.11627906976744186,9,7,normal,false,3,22,65,3960,1080,360,3300,false,false,false,3280,5,5485,38,1,4
1025,greedy,4078,34,4,budget,0,72,true,4,490,96,135,0.08823529411764706,0.8823529411764706,0.029411764705882353,0,0,3,7,normal,false,8,14,103,3855,120,0,0,false,false,false,0,0,4078,34,0,
1026,greedy,6221,42,22,lock,0,94,true,4,1020,97,136,0.09523809523809523,0.7380952380952381,0.14285714285714285,0.023809523809523808,0,10,4,normal,false,7,18,111,2210,2910,990,0,true,false,true,0,0,6221,42,0,
1027,greedy,3696,30,0,budget,0,67,true,4,520,83,136,0.13333333333333333,0.8666666666666667,0,0,0,0,-1,crash,false,6,12,121,3575,0,0,0,false,false,false,0,0,3696,30,0,
1028,greedy,4574,38,8,budget,0,84,true,3,525,92,156,0.23684210526315788,0.7105263157894737,0.05263157894736842,0,0,7,6,normal,false,5,18,364,3150,1060,0,0,false,false,true,0,0,4574,38,0,
1029,greedy,7265,38,8,budget,0,95,true,6,1575,124,205,0.13157894736842105,0.7368421052631579,0.07894736842105263,0.05263157894736842,0,6,2,normal,false,9,16,485,5300,790,690,0,true,true,true,0,0,7265,38,0,
1030,greedy,2634,30,0,budget,0,64,true,4,570,64,114,0.3333333333333333,0.6666666666666666,0,0,0,5,11,normal,false,6,12,534,2100,0,0,0,false,false,true,0,0,2634,30,0,
1031,greedy,11150,47,17,budget,1,100,true,6,1405,193,239,0.10638297872340426,0.6382978723404256,0.1276595744680851,0.02127659574468085,0.10638297872340426,9,11,normal,false,3,26,370,6450,1570,180,2580,false,true,false,2160,5,8990,42,1,4
1032,greedy,4275,23,4,lock,0,79,true,5,965,97,123,0.13043478260869565,0.8260869565217391,0.043478260869565216,0,0,4,16,keto,false,3,13,170,3925,180,0,0,false,false,true,0,0,4275,23,0,
1033,greedy,8888,42,12,budget,0,85,true,6,1260,160,224,0.047619047619047616,0.8095238095238095,0.14285714285714285,0,0,5,5,crash,false,5,20,23,6855,870,1140,0,false,false,false,0,0,8888,42,0,
1034,greedy,2418,30,0,budget,0,50,true,4,675,61,122,0.5,0.5,0,0,0,3,14,normal,false,4,10,678,1740,0,0,0,false,false,true,0,0,2418,30,0,
1035,greedy,7035,42,12,budget,0,98,true,6,2690,120,198,0.2619047619047619,0.5952380952380952,0.11904761904761904,0.023809523809523808,0,9,1,normal,false,7,18,1060,2820,1310,1845,0,true,true,true,0,0,7035,42,0,
1036,greedy,3731,34,4,budget,0,84,true,4,515,71,129,0.11764705882352941,0.7647058823529411,0.11764705882352941,0,0,2,2,crash,false,6,15,66,3125,540,0,0,false,false,false,0,0,3731,34,0,
1037,greedy,1963,30,0,budget,0,67,true,2,240,62,87,0.1,0.9,0,0,0,2,22,normal,false,12,7,173,1790,0,0,0,false,false,false,0,0,1963,30,0,
1038,greedy,4720,34,4,budget,0,80,true,5,735,105,142,0.058823529411764705,0.9117647058823529,0.029411764705882353,0,0,4,7,normal,false,6,15,85,4545,90,0,0,false,false,true,0,0,4720,34,0,
1039,greedy,2245,16,6,lock,0,80,true,4,1100,42,54,0.0625,0.875,0.0625,0,0,4,4,normal,false,5,6,20,1085,1140,0,0,false,false,false,0,0,2245,16,0,
1040,greedy,2678,30,0,budget,0,62,true,3,285,78,127,0.2,0.8,0,0,0,3,8,normal,false,4,15,373,2305,0,0,0,false,false,true,0,0,2678,30,0,
1041,greedy,2405,30,0,budget,0,68,true,3,300,68,102,0.13333333333333333,0.8666666666666667,0,0,0,2,15,normal,false,6,11,165,2240,0,0,0,false,false,true,0,0,2405,30,0,
1042,greedy,3930,34,4,budget,0,71,true,4,525,92,135,0,1,0,0,0,2,17,normal,false,7,13,80,3850,0,0,0,false,false,false,0,0,3930,34,0,
1043,greedy,4542,36,6,budget,0,98,true,5,1110,86,138,0.3055555555555556,0.5555555555555556,0.1111111111111111,0.027777777777777776,0,7,3,crash,false,8,10,247,2550,1610,135,0,true,true,false,0,0,4542,36,0,
1044,greedy,7499,41,11,budget,1,100,true,5,1510,108,161,0.12195121951219512,0.6585365853658537,0.07317073170731707,0.024390243902439025,0.12195121951219512,7,1,normal,false,7,17,524,2375,510,90,4000,false,false,true,3770,5,3729,36,1,4
1045,greedy,3490,36,6,budget,0,79,true,4,390,81,108,0.027777777777777776,0.9166666666666666,0.05555555555555555,0,0,4,1,normal,false,7,12,15,3295,180,0,0,false,false,false,0,0,3490,36,0,
1046,greedy,3003,30,0,budget,0,67,true,5,585,75,112,0.1,0.9,0,0,0,1,22,normal,false,4,10,143,2860,0,0,0,false,false,false,0,0,3003,30,0,
1047,greedy,3915,30,0,budget,0,57,true,6,1415,89,161,0.5666666666666667,0.43333333333333335,0,0,0,3,13,crash,false,8,8,1395,2520,0,0,0,false,false,false,0,0,3915,30,0,
1048,greedy,4066,32,2,budget,0,72,true,4,640,90,138,0.09375,0.875,0.03125,0,0,1,2,crash,false,7,11,196,3690,180,0,0,false,false,true,0,0,4066,32,0,
1049,greedy,3069,36,6,budget,0,80,true,3,335,86,138,0.3888888888888889,0.5833333333333334,0.027777777777777776,0,0,4,4,crash,false,7,10,709,2090,270,0,0,false,false,false,0,0,3069,36,0,
1050,greedy,2348,30,0,budget,0,52,true,4,260,58,111,0.3333333333333333,0.6666666666666666,0,0,0,1,13,crash,false,10,8,513,1835,0,0,0,false,false,true,0,0,2348,30,0,
1051,greedy,2485,30,0,budget,0,50,true,4,495,60,116,0.5666666666666667,0.43333333333333335,0,0,0,3,4,normal,false,9,12,830,1655,0,0,0,false,false,true,0,0,2485,30,0,
1052,greedy,575,6,6,lock,0,88,false,2,240,16,11,0,0.3333333333333333,0.5,0.16666666666666666,0,3,1,keto,false,1,4,0,210,230,135,0,false,false,true,0,0,575,6,0,
1053,greedy,12629,59,29,budget,1,100,true,5,2980,180,236,0.11864406779661017,0.5254237288135594,0.2033898305084746,0.06779661016949153,0.0847457627118644,13,1,normal,false,5,29,484,4155,1490,1020,5480,false,true,false,3700,5,8929,54,1,2
1054,greedy,5739,36,6,budget,0,76,true,4,585,103,167,0.1388888888888889,0.8333333333333334,0.027777777777777776,0,0,4,7,normal,false,3,17,174,4635,930,0,0,false,false,true,0,0,5739,36,0,
1055,greedy,4695,46,16,budget,0,92,true,4,645,120,178,0.2608695652173913,0.6086956521739131,0.08695652173913043,0.043478260869565216,0,10,4,normal,false,4,24,955,2375,870,495,0,true,false,false,0,0,4695,46,0,
1056,greedy,3991,30,0,budget,0,61,true,5,680,90,147,0.3333333333333333,0.6666666666666666,0,0,0,6,11,normal,false,6,12,401,3590,0,0,0,false,false,false,0,0,3991,30,0,
1057,greedy,8665,55,25,budget,1,100,true,4,540,159,203,0.05454545454545454,0.6181818181818182,0.2,0.03636363636363636,0.09090909090909091,12,2,normal,false,3,32,105,4555,1910,675,1420,false,true,true,1100,5,7565,50,1,2
1058,greedy,2225,30,0,budget,0,50,true,3,220,61,131,0.6333333333333333,0.36666666666666664,0,0,0,4,8,crash,false,7,12,1340,885,0,0,0,false,false,true,0,0,2225,30,0,
1059,greedy,4785,36,6,budget,0,96,false,4,910,101,137,0,0.9166666666666666,0.05555555555555555,0.027777777777777776,0,3,13,normal,false,4,16,0,3795,810,180,0,true,true,false,0,0,4785,36,0,
1060,greedy,1913,30,0,budget,0,50,true,3,180,52,86,0.13333333333333333,0.8666666666666667,0,0,0,1,7,crash,false,5,9,148,1765,0,0,0,false,false,false,0,0,1913,30,0,
1061,greedy,10105,43,13,budget,1,100,true,7,2330,145,192,0.023255813953488372,0.7209302325581395,0.11627906976744186,0.023255813953488372,0.11627906976744186,4,17,keto,false,5,20,35,4785,1360,765,3160,false,false,true,5130,5,4975,38,0,
1062,greedy,3746,30,0,budget,0,50,true,5,705,81,122,0.26666666666666666,0.7333333333333333,0,0,0,3,4,normal,false,7,9,471,3275,0,0,0,false,false,false,0,0,3746,30,0,
1063,greedy,991,17,0,lock,0,50,true,3,255,20,70,0.8235294117647058,0.17647058823529413,0,0,0,0,-1,crash,false,10,3,526,465,0,0,0,false,false,false,0,0,991,17,0,
1064,greedy,7265,42,12,budget,0,82,true,5,970,126,177,0.023809523809523808,0.9285714285714286,0.047619047619047616,0,0,7,5,normal,false,5,21,20,4455,2790,0,0,false,false,false,0,0,7265,42,0,
1065,greedy,5320,30,0,budget,0,66,false,7,1565,93,131,0,1,0,0,0,0,-1,normal,false,8,11,0,5320,0,0,0,false,false,true,0,0,5320,30,0,
1066,greedy,4874,34,4,budget,0,80,true,4,1080,106,159,0.23529411764705882,0.7352941176470589,0.029411764705882353,0,0,6,2,normal,false,4,16,349,3385,1140,0,0,false,false,true,0,0,4874,34,0,
1067,greedy,5608,30,0,budget,0,60,true,7,1955,97,150,0.2,0.8,0,0,0,2,20,normal,false,4,11,233,5375,0,0,0,false,false,true,0,0,5608,30,0,
1068,greedy,24400,60,30,budget,2,100,true,7,7720,222,292,0.016666666666666666,0.5,0.18333333333333332,0.13333333333333333,0.16666666666666666,11,4,crash,false,4,35,0,5525,2110,2625,14140,false,true,false,13810,10,10590,50,2,7|4
1069,greedy,3205,30,0,budget,0,66,false,3,420,78,109,0,1,0,0,0,0,-1,normal,false,4,10,0,3205,0,0,0,false,false,false,0,0,3205,30,0,
1070,greedy,2662,30,0,budget,0,66,true,3,475,63,113,0.3,0.7,0,0,0,1,29,crash,false,8,9,437,2225,0,0,0,false,false,true,0,0,2662,30,0,
1071,greedy,5525,40,10,budget,0,90,true,6,1215,110,156,0,0.9,0.1,0,0,3,26,normal,false,5,19,30,4645,580,270,0,true,false,true,0,0,5525,40,0,
1072,greedy,11561,41,11,budget,1,100,true,3,1740,127,245,0.12195121951219512,0.7073170731707317,0.024390243902439025,0.024390243902439025,0.12195121951219512,4,2,crash,false,5,17,286,4445,1300,90,5440,false,false,true,3790,5,7771,36,1,2
1073,greedy,3345,34,4,budget,0,80,true,4,480,84,125,0.11764705882352941,0.8235294117647058,0.058823529411764705,0,0,5,1,normal,false,6,15,290,2845,210,0,0,false,false,true,0,0,3345,34,0,
1074,greedy,2481,30,0,budget,0,65,true,4,405,65,98,0.2,0.8,0,0,0,2,16,normal,false,3,12,196,2285,0,0,0,false,false,true,0,0,2481,30,0,
1075,greedy,2769,30,0,budget,0,50,true,4,645,54,124,0.5,0.5,0,0,0,4,11,normal,false,6,11,819,1950,0,0,0,false,false,true,0,0,2769,30,0,
1076,greedy,9323,43,13,budget,1,100,true,6,2670,129,181,0,0.7906976744186046,0.09302325581395349,0,0.11627906976744186,4,4,normal,false,6,24,318,4085,450,1170,3300,false,false,true,4050,5,5273,38,1,2
1077,greedy,12140,56,26,budget,0,95,true,5,1180,204,297,0.05357142857142857,0.8214285714285714,0.08928571428571429,0.03571428571428571,0,13,1,normal,false,7,27,495,7375,3820,450,0,true,true,true,0,0,12140,56,0,
1078,greedy,9895,53,23,budget,1,100,true,5,1565,144,220,0.018867924528301886,0.6792452830188679,0.16981132075471697,0.03773584905660377,0.09433962264150944,10,25,normal,false,11,29,15,4060,2510,1590,1720,false,true,false,1690,5,8205,48,1,8
1079,greedy,10360,48,18,budget,2,100,false,5,1980,152,191,0,0.6666666666666666,0.125,0,0.20833333333333334,5,6,normal,false,6,24,0,4440,920,180,4820,false,false,false,4220,10,6140,38,2,2|4
1080,greedy,1578,20,0,lock,0,53,true,4,330,37,85,0.55,0.45,0,0,0,1,13,crash,false,7,5,683,895,0,0,0,false,false,false,0,0,1578,20,0,
1081,greedy,3886,34,4,budget,0,88,true,3,330,90,133,0.14705882352941177,0.7941176470588235,0,0.058823529411764705,0,3,2,crash,false,9,11,166,3105,300,315,0,false,false,false,0,0,3886,34,0,
1082,greedy,6885,42,12,budget,0,88,true,4,1330,123,181,0.023809523809523808,0.8333333333333334,0.09523809523809523,0.047619047619047616,0,7,1,normal,false,8,19,65,3750,1810,1260,0,false,false,false,0,0,6885,42,0,
1083,greedy,3086,30,0,budget,0,53,true,4,735,64,121,0.3333333333333333,0.6666666666666666,0,0,0,5,10,normal,false,4,12,316,2770,0,0,0,false,false,false,0,0,3086,30,0,
1084,greedy,5382,36,6,budget,0,84,true,5,1405,108,148,0.16666666666666666,0.7777777777777778,0.05555555555555555,0,0,4,4,normal,false,4,15,462,3330,1590,0,0,false,false,false,0,0,5382,36,0,
1085,greedy,3371,30,0,budget,0,68,true,4,505,89,134,0.26666666666666666,0.7333333333333333,0,0,0,5,6,normal,false,3,16,721,2650,0,0,0,false,false,false,0,0,3371,30,0,
1086,greedy,2723,30,0,budget,0,51,true,2,300,81,140,0.5,0.5,0,0,0,2,15,crash,false,5,9,503,2220,0,0,0,false,false,false,0,0,2723,30,0,
1087,greedy,3578,32,2,budget,0,76,true,4,420,85,140,0.21875,0.75,0.03125,0,0,3,2,crash,false,7,15,483,3005,90,0,0,false,false,true,0,0,3578,32,0,
1088,greedy,3808,30,0,budget,0,62,true,4,535,87,134,0.03333333333333333,0.9666666666666667,0,0,0,1,24,normal,false,7,15,228,3580,0,0,0,false,false,false,0,0,3808,30,0,
1089,greedy,4060,30,0,budget,0,50,true,5,760,88,142,0.13333333333333333,0.8666666666666667,0,0,0,2,12,normal,false,5,12,190,3870,0,0,0,false,false,false,0,0,4060,30,0,
1090,greedy,14955,49,19,budget,1,100,true,6,3460,155,255,0.12244897959183673,0.6326530612244898,0.12244897959183673,0.02040816326530612,0.10204081632653061,12,4,normal,false,5,22,300,5220,1820,5775,1840,false,true,false,2020,5,12935,44,1,4
1091,greedy,3668,38,8,budget,0,84,true,4,645,91,120,0.07894736842105263,0.8421052631578947,0.07894736842105263,0,0,5,12,normal,false,6,14,83,2535,1050,0,0,false,false,true,0,0,3668,38,0,
1092,greedy,3338,30,0,budget,0,50,true,3,315,82,130,0.26666666666666666,0.7333333333333333,0,0,0,3,9,normal,false,4,13,618,2720,0,0,0,false,false,false,0,0,3338,30,0,
1093,greedy,12325,65,37,lock,1,100,true,4,1700,188,237,0.015384615384615385,0.6461538461538462,0.24615384615384617,0.015384615384615385,0.07692307692307693,15,9,normal,false,7,27,45,4045,2970,405,4860,false,false,false,4060,5,8265,60,1,2
1094,greedy,2080,9,11,lock,1,100,false,2,910,23,24,0,0,0.2222222222222222,0.2222222222222222,0.5555555555555556,4,1,frenzy,false,4,5,0,70,180,1110,720,false,true,false,840,5,1240,4,1,5
1095,greedy,3435,30,0,budget,0,56,true,5,735,76,105,0.03333333333333333,0.9666666666666667,0,0,0,1,23,normal,false,8,12,95,3340,0,0,0,false,false,true,0,0,3435,30,0,
1096,greedy,4563,32,2,budget,0,73,true,5,825,92,138,0.21875,0.75,0.03125,0,0,5,2,normal,false,4,14,368,4105,90,0,0,false,false,false,0,0,4563,32,0,
1097,greedy,2815,30,0,budget,0,57,true,3,570,69,108,0.16666666666666666,0.8333333333333334,0,0,0,2,5,normal,false,4,11,350,2465,0,0,0,false,false,true,0,0,2815,30,0,
1098,greedy,10831,47,17,budget,1,100,true,7,1580,171,238,0.06382978723404255,0.6595744680851063,0.14893617021276595,0.02127659574468085,0.10638297872340426,7,5,normal,false,3,24,751,5895,1830,315,2040,false,false,true,1820,5,9011,42,1,2
1099,greedy,4038,30,0,budget,0,69,true,5,720,82,127,0.06666666666666667,0.9333333333333333,0,0,0,0,-1,crash,false,4,12,23,4015,0,0,0,false,false,false,0,0,4038,30,0,
1100,greedy,3805,30,0,budget,0,63,true,4,470,77,115,0,1,0,0,0,0,-1,normal,false,7,10,30,3775,0,0,0,false,false,false,0,0,3805,30,0,
1101,greedy,4074,32,2,budget,0,76,true,4,510,97,147,0.1875,0.78125,0.03125,0,0,4,7,normal,false,4,16,494,3490,90,0,0,false,false,true,0,0,4074,32,0,
1102,greedy,3975,30,0,budget,0,56,true,3,450,87,145,0.16666666666666666,0.8333333333333334,0,0,0,2,5,crash,false,6,11,185,3790,0,0,0,false,false,false,0,0,3975,30,0,
1103,greedy,6339,46,16,budget,0,91,true,5,900,118,185,0.17391304347826086,0.7391304347826086,0.06521739130434782,0.021739130434782608,0,12,3,normal,false,10,22,414,4440,1350,135,0,true,false,false,0,0,6339,46,0,
1104,greedy,10350,54,24,budget,0,97,true,6,2625,141,214,0.12962962962962962,0.7407407407407407,0.12962962962962962,0,0,16,2,crash,false,6,26,180,4215,3390,2565,0,true,true,false,0,0,10350,54,0,
1105,greedy,13383,61,31,budget,3,100,true,3,1720,170,236,0.13114754098360656,0.4426229508196721,0.14754098360655737,0.03278688524590164,0.2459016393442623,12,10,crash,false,6,31,233,2820,1750,1860,6720,false,true,false,7140,15,6243,46,3,4|4|2
1106,greedy,5360,30,0,budget,0,67,false,5,875,120,162,0,1,0,0,0,0,-1,normal,false,4,14,0,5360,0,0,0,false,false,true,0,0,5360,30,0,
1107,greedy,25408,82,52,budget,2,100,true,6,4185,255,357,0.024390243902439025,0.5365853658536586,0.2073170731707317,0.10975609756097561,0.12195121951219512,19,2,normal,false,7,46,333,5645,3630,6600,9200,false,true,false,8420,10,16988,72,2,8|3
1108,greedy,4278,36,6,budget,0,80,true,5,690,88,144,0.16666666666666666,0.7777777777777778,0.05555555555555555,0,0,4,6,crash,false,4,16,283,3395,600,0,0,false,false,false,0,0,4278,36,0,
1109,greedy,11230,39,9,budget,1,100,true,7,4550,140,170,0,0.8461538461538461,0.02564102564102564,0,0.1282051282051282,2,14,normal,false,7,16,360,5080,1730,0,4060,false,false,false,5190,5,6040,34,0,
1110,greedy,4794,30,0,budget,0,51,true,5,1080,104,164,0.3,0.7,0,0,0,2,14,normal,false,6,12,544,4250,0,0,0,false,false,true,0,0,4794,30,0,
1111,greedy,4183,30,0,budget,0,51,true,4,560,89,159,0.23333333333333334,0.7666666666666667,0,0,0,2,21,normal,false,4,15,298,3885,0,0,0,false,false,true,0,0,4183,30,0,
1112,greedy,10766,57,27,budget,1,100,true,5,960,176,240,0.10526315789473684,0.6140350877192983,0.15789473684210525,0.03508771929824561,0.08771929824561403,11,2,normal,false,5,25,211,4670,2280,705,2900,false,false,true,2660,5,8106,52,0,
1113,greedy,2467,24,0,lock,0,52,true,4,300,61,100,0.3333333333333333,0.6666666666666666,0,0,0,3,11,normal,false,3,13,742,1725,0,0,0,false,false,false,0,0,2467,24,0,
1114,greedy,1983,30,0,budget,0,63,true,3,285,56,90,0.3333333333333333,0.6666666666666666,0,0,0,3,21,crash,false,5,9,203,1780,0,0,0,false,false,false,0,0,1983,30,0,
1115,greedy,1940,9,12,lock,0,85,false,3,560,34,36,0,0.5555555555555556,0.4444444444444444,0,0,6,1,keto,false,2,6,0,370,1570,0,0,false,false,true,0,0,1940,9,0,
1116,greedy,15796,60,30,budget,2,100,true,5,2780,208,260,0.08333333333333333,0.5833333333333334,0.15,0.016666666666666666,0.16666666666666666,12,2,normal,false,8,24,441,4330,3210,315,7500,false,false,false,7040,10,8756,50,2,4|3
1117,greedy,3152,30,0,budget,0,50,true,6,1025,73,151,0.4,0.6,0,0,0,4,8,normal,false,7,12,712,2440,0,0,0,false,false,true,0,0,3152,30,0,
1118,greedy,9370,48,18,budget,0,85,false,8,2255,153,220,0,0.875,0.125,0,0,7,3,normal,false,7,21,0,7090,2280,0,0,false,false,true,0,0,9370,48,0,
1119,greedy,13705,57,41,lock,1,100,false,6,2100,163,215,0,0.5614035087719298,0.21052631578947367,0.14035087719298245,0.08771929824561403,15,4,normal,false,5,32,0,3005,3510,4110,3080,false,true,false,2960,5,10745,52,1,4
1120,greedy,4980,36,6,budget,0,98,true,5,750,100,132,0,0.8888888888888888,0.05555555555555555,0.05555555555555555,0,2,10,normal,false,7,11,30,4395,330,225,0,true,true,false,0,0,4980,36,0,
1121,greedy,25934,99,69,budget,5,100,true,4,2240,300,377,0.10101010101010101,0.3939393939393939,0.1919191919191919,0.06060606060606061,0.25252525252525254,29,5,normal,false,4,56,619,3735,3820,2940,14820,false,true,false,13730,25,12204,74,4,4|5|2|3
1122,greedy,3733,32,2,budget,0,80,true,4,415,85,134,0.09375,0.90625,0,0,0,1,18,crash,false,7,13,68,3365,300,0,0,false,false,false,0,0,3733,32,0,
1123,greedy,23338,76,46,budget,2,100,true,6,3900,241,347,0.039473684210526314,0.5,0.23684210526315788,0.09210526315789473,0.13157894736842105,17,1,crash,false,5,38,73,4690,6790,3405,8380,false,true,false,4420,10,18918,66,2,8|2
1124,greedy,14616,57,27,budget,1,100,true,6,3090,173,274,0.08771929824561403,0.631578947368421,0.17543859649122806,0.017543859649122806,0.08771929824561403,9,5,crash,false,5,30,141,4960,5530,1125,2860,false,false,false,2990,5,11626,52,1,3
1125,greedy,4053,38,8,budget,0,82,true,4,675,83,126,0.07894736842105263,0.868421052631579,0.05263157894736842,0,0,6,7,normal,false,5,17,53,3670,330,0,0,false,false,false,0,0,4053,38,0,
1126,greedy,5560,44,14,budget,0,94,true,4,750,119,185,0.09090909090909091,0.75,0.13636363636363635,0.022727272727272728,0,9,1,normal,false,4,21,190,3705,1530,135,0,true,false,false,0,0,5560,44,0,
1127,greedy,3122,30,0,budget,0,58,true,4,410,77,141,0.4,0.6,0,0,0,3,15,normal,false,6,13,767,2355,0,0,0,false,false,true,0,0,3122,30,0,
1128,greedy,3875,32,2,budget,0,80,true,4,540,90,142,0.125,0.875,0,0,0,4,7,normal,false,6,10,320,3105,450,0,0,false,false,false,0,0,3875,32,0,
1129,greedy,2600,30,0,budget,0,50,true,4,823,68,119,0.5,0.5,0,0,0,4,9,normal,false,7,9,935,1665,0,0,0,false,false,true,0,0,2600,30,0,
1130,greedy,2459,30,0,budget,0,64,true,4,270,69,110,0.23333333333333334,0.7666666666666667,0,0,0,5,13,normal,false,5,11,559,1900,0,0,0,false,false,false,0,0,2459,30,0,
1131,greedy,2477,30,0,budget,0,53,true,3,430,66,108,0.4,0.6,0,0,0,4,13,crash,false,3,13,477,2000,0,0,0,false,false,false,0,0,2477,30,0,
1132,greedy,4001,32,2,budget,0,74,true,5,845,83,135,0.28125,0.71875,0,0,0,2,5,normal,false,6,11,431,3300,270,0,0,false,false,true,0,0,4001,32,0,
1133,greedy,4923,40,10,budget,0,84,true,4,620,90,165,0.425,0.475,0.1,0,0,8,1,crash,false,4,16,558,2515,1850,0,0,false,false,true,0,0,4923,40,0,
1134,greedy,2704,30,0,budget,0,50,true,3,220,68,120,0.23333333333333334,0.7666666666666667,0,0,0,4,9,normal,false,5,14,469,2235,0,0,0,false,false,false,0,0,2704,30,0,
1135,greedy,2397,32,2,budget,0,70,true,4,320,72,127,0.625,0.375,0,0,0,6,1,crash,false,7,11,1162,1055,180,0,0,false,false,false,0,0,2397,32,0,
1136,greedy,4712,30,0,budget,0,53,true,5,890,93,157,0.36666666666666664,0.6333333333333333,0,0,0,5,6,crash,false,4,15,597,4115,0,0,0,false,false,false,0,0,4712,30,0,
1137,greedy,3530,32,2,budget,0,75,true,4,510,80,129,0.28125,0.65625,0.0625,0,0,5,5,normal,false,4,15,380,2870,280,0,0,false,false,true,0,0,3530,32,0,
1138,greedy,3295,30,0,budget,0,56,true,4,435,76,112,0,1,0,0,0,0,-1,normal,false,9,7,150,3145,0,0,0,false,false,true,0,0,3295,30,0,
1139,greedy,2744,30,0,budget,0,50,true,4,550,65,114,0.4,0.6,0,0,0,5,5,normal,false,4,12,469,2275,0,0,0,false,false,true,0,0,2744,30,0,
1140,greedy,3102,30,0,budget,0,50,true,5,765,68,112,0.4,0.6,0,0,0,4,9,normal,false,5,10,532,2570,0,0,0,false,false,false,0,0,3102,30,0,
1141,greedy,3165,30,0,budget,0,59,true,4,465,77,106,0.03333333333333333,0.9666666666666667,0,0,0,1,4,normal,false,5,8,15,3150,0,0,0,false,false,false,0,0,3165,30,0,
1142,greedy,12745,51,21,budget,1,100,true,6,2340,157,224,0.058823529411764705,0.7058823529411765,0.13725490196078433,0,0.09803921568627451,10,1,normal,false,9,21,95,5450,1940,720,4540,false,false,false,4180,5,8565,46,1,2
1143,greedy,5859,34,4,budget,0,85,true,7,1935,95,172,0.2647058823529412,0.6470588235294118,0.08823529411764706,0,0,3,4,crash,false,3,18,1094,4495,270,0,0,false,false,true,0,0,5859,34,0,
1144,greedy,7825,49,42,lock,0,94,false,4,880,138,171,0,0.6122448979591837,0.32653061224489793,0.061224489795918366,0,19,2,normal,false,2,33,0,3070,3450,1305,0,true,false,true,0,0,7825,49,0,
1145,greedy,12855,54,24,budget,2,100,true,6,1380,185,244,0.018518518518518517,0.6481481481481481,0.12962962962962962,0.018518518518518517,0.18518518518518517,9,2,normal,false,7,25,185,5590,1550,90,5440,false,false,false,5280,10,7575,44,2,4|3
1146,greedy,4517,38,8,budget,0,84,true,4,800,97,155,0.23684210526315788,0.6842105263157895,0.07894736842105263,0,0,6,1,normal,false,4,16,407,3660,450,0,0,false,false,true,0,0,4517,38,0,
1147,greedy,9111,45,15,budget,1,100,true,4,1410,127,195,0.2222222222222222,0.5555555555555556,0.08888888888888889,0.022222222222222223,0.1111111111111111,8,3,normal,false,5,18,421,3120,410,1980,3180,false,true,false,2370,5,6741,40,1,2
1148,greedy,6576,48,18,budget,0,93,true,5,645,134,193,0.0625,0.8125,0.10416666666666667,0.020833333333333332,0,8,10,normal,false,7,19,456,4045,1940,135,0,true,false,false,0,0,6576,48,0,
1149,greedy,6692,38,8,budget,0,97,true,5,890,112,175,0.2894736842105263,0.5263157894736842,0.13157894736842105,0.05263157894736842,0,7,11,normal,false,5,20,662,3340,890,1800,0,true,true,true,0,0,6692,38,0,
1150,greedy,2289,30,0,budget,0,65,true,3,370,65,107,0.43333333333333335,0.5666666666666667,0,0,0,3,12,normal,false,9,9,434,1855,0,0,0,false,false,false,0,0,2289,30,0,
1151,greedy,3716,32,2,budget,0,73,true,4,560,82,140,0.21875,0.75,0.03125,0,0,3,6,normal,false,5,11,246,3380,90,0,0,false,false,true,0,0,3716,32,0,
1152,greedy,16010,77,47,budget,1,100,true,5,1245,214,296,0.03896103896103896,0.5454545454545454,0.2727272727272727,0.07792207792207792,0.06493506493506493,19,5,crash,false,8,42,95,3775,6010,4410,1720,false,true,false,2280,5,13730,72,1,2
1153,greedy,3931,34,4,budget,0,71,true,3,390,97,141,0.11764705882352941,0.8823529411764706,0,0,0,4,12,normal,false,5,13,211,3720,0,0,0,false,false,true,0,0,3931,34,0,
1154,greedy,3041,30,0,budget,0,62,true,4,495,78,110,0.2,0.8,0,0,0,1,9,normal,false,5,9,271,2770,0,0,0,false,false,false,0,0,3041,30,0,
1155,greedy,7256,42,12,budget,0,81,true,6,1175,132,204,0.14285714285714285,0.7857142857142857,0.07142857142857142,0,0,9,1,normal,false,5,16,226,4750,2280,0,0,false,false,true,0,0,7256,42,0,
1156,greedy,25440,74,44,budget,2,100,true,6,4060,252,340,0.013513513513513514,0.6216216216216216,0.1891891891891892,0.04054054054054054,0.13513513513513514,15,9,normal,false,4,42,15,6285,3280,4920,10940,false,true,true,10870,10,14570,64,2,3|3
1157,greedy,6810,45,15,budget,1,100,true,4,1295,102,141,0.08888888888888889,0.7111111111111111,0.08888888888888889,0,0.1111111111111111,6,5,normal,false,5,20,120,2570,1180,1800,1140,false,false,false,900,5,5910,40,1,3
1158,greedy,2692,30,0,budget,0,65,true,4,270,72,133,0.5,0.5,0,0,0,5,10,crash,false,6,13,1022,1670,0,0,0,false,false,true,0,0,2692,30,0,
1159,greedy,6345,38,8,budget,0,97,true,4,600,126,179,0.02631578947368421,0.8157894736842105,0.13157894736842105,0.02631578947368421,0,5,11,normal,false,9,16,180,4510,1520,135,0,true,true,false,0,0,6345,38,0,
1160,greedy,2901,30,0,budget,0,50,true,5,615,68,123,0.3,0.7,0,0,0,1,18,normal,false,7,11,221,2680,0,0,0,false,false,true,0,0,2901,30,0,
1161,greedy,1810,12,10,lock,0,80,false,4,540,34,43,0,0.8333333333333334,0.16666666666666666,0,0,5,1,normal,false,2,7,0,1060,750,0,0,false,false,false,0,0,1810,12,0,
1162,greedy,8008,49,19,budget,1,100,true,4,735,127,181,0.061224489795918366,0.6938775510204082,0.14285714285714285,0,0.10204081632653061,9,10,normal,false,5,27,58,3835,1190,945,1980,false,false,false,1860,5,6148,44,0,
1163,greedy,4698,32,2,budget,0,79,true,4,680,103,174,0.28125,0.6875,0.03125,0,0,5,13,normal,false,4,15,723,3795,180,0,0,false,false,true,0,0,4698,32,0,
1164,greedy,15348,67,37,budget,1,100,true,5,1500,214,294,0.07462686567164178,0.6268656716417911,0.208955223880597,0.014925373134328358,0.07462686567164178,19,7,normal,false,7,32,173,5855,4880,2520,1920,false,true,false,3300,5,12048,62,1,2
1165,greedy,3342,36,6,budget,0,70,true,4,315,91,134,0.1388888888888889,0.8611111111111112,0,0,0,5,1,normal,false,4,14,317,3025,0,0,0,false,false,true,0,0,3342,36,0,
1166,greedy,7645,38,8,budget,0,86,true,5,1780,130,192,0,0.9473684210526315,0.05263157894736842,0,0,2,21,normal,false,10,11,30,5890,960,765,0,false,false,false,0,0,7645,38,0,
1167,greedy,5016,40,10,budget,0,87,true,4,675,98,161,0.175,0.725,0.1,0,0,7,2,normal,false,4,21,486,3720,540,270,0,false,false,false,0,0,5016,40,0,
1168,greedy,2543,30,0,budget,0,62,true,3,290,74,120,0.3333333333333333,0.6666666666666666,0,0,0,2,9,normal,false,6,12,683,1860,0,0,0,false,false,true,0,0,2543,30,0,
1169,greedy,4709,34,4,budget,0,84,true,4,695,97,163,0.14705882352941177,0.8235294117647058,0.029411764705882353,0,0,6,1,normal,false,4,18,514,3835,360,0,0,false,false,true,0,0,4709,34,0,
1170,greedy,4084,38,8,budget,0,78,true,4,495,106,147,0.10526315789473684,0.7894736842105263,0.10526315789473684,0,0,5,14,normal,false,7,15,424,3300,360,0,0,false,false,true,0,0,4084,38,0,
1171,greedy,3421,30,0,budget,0,69,true,5,630,79,135,0.4,0.6,0,0,0,4,7,normal,false,5,14,876,2545,0,0,0,false,false,false,0,0,3421,30,0,
1172,greedy,3585,30,0,budget,0,62,true,5,1230,77,132,0.43333333333333335,0.5666666666666667,0,0,0,1,19,crash,false,11,9,495,3090,0,0,0,false,false,false,0,0,3585,30,0,
1173,greedy,5035,40,10,budget,0,86,false,5,585,113,150,0,0.85,0.15,0,0,4,11,normal,false,6,18,0,3825,1210,0,0,false,false,false,0,0,5035,40,0,
1174,greedy,3459,30,0,budget,0,53,true,5,505,91,153,0.23333333333333334,0.7666666666666667,0,0,0,4,9,normal,false,4,14,1234,2225,0,0,0,false,false,true,0,0,3459,30,0,
1175,greedy,5162,30,0,budget,0,50,true,5,745,91,192,0.3333333333333333,0.6666666666666666,0,0,0,3,15,normal,false,5,15,722,4440,0,0,0,false,false,true,0,0,5162,30,0,
1176,greedy,4810,30,0,budget,0,50,true,5,980,90,168,0.26666666666666666,0.7333333333333333,0,0,0,4,4,normal,false,4,17,700,4110,0,0,0,false,false,true,0,0,4810,30,0,
1177,greedy,14281,68,38,budget,2,100,true,6,1905,183,245,0.07352941176470588,0.45588235294117646,0.27941176470588236,0.04411764705882353,0.14705882352941177,15,3,normal,false,4,29,146,2790,5280,2205,3860,false,true,true,4410,10,9871,58,1,4
1178,greedy,3835,30,0,budget,0,55,true,6,705,73,128,0.06666666666666667,0.9333333333333333,0,0,0,2,12,normal,false,4,11,720,3115,0,0,0,false,false,false,0,0,3835,30,0,
1179,greedy,15800,49,19,budget,1,100,true,7,8560,151,218,0,0.8163265306122449,0.08163265306122448,0,0.10204081632653061,7,6,normal,false,5,22,30,4510,1240,2160,7860,false,false,false,10000,5,5800,44,1,2
1180,greedy,3032,30,0,budget,0,50,true,4,323,69,132,0.3333333333333333,0.6666666666666666,0,0,0,4,14,normal,false,4,13,1022,2010,0,0,0,false,false,true,0,0,3032,30,0,
1181,greedy,3465,30,0,budget,0,57,true,5,805,84,121,0.03333333333333333,0.9666666666666667,0,0,0,1,17,normal,false,8,10,15,3450,0,0,0,false,false,false,0,0,3465,30,0,
1182,greedy,8303,43,13,budget,1,100,true,5,1215,143,197,0.2558139534883721,0.5581395348837209,0.06976744186046512,0,0.11627906976744186,8,6,normal,false,5,19,658,4305,710,810,1820,false,false,false,1530,5,6773,38,0,
1183,greedy,9935,60,30,budget,0,99,true,4,1450,167,220,0.016666666666666666,0.5833333333333334,0.35,0.05,0,12,2,normal,false,5,27,15,3960,3620,2340,0,true,true,false,0,0,9935,60,0,
1184,greedy,4996,36,6,budget,0,96,true,5,825,82,145,0.3055555555555556,0.5555555555555556,0.08333333333333333,0.05555555555555555,0,5,2,crash,false,7,11,311,2930,1440,315,0,true,true,false,0,0,4996,36,0,
1185,greedy,1120,13,4,lock,0,80,false,2,240,24,38,0,0.9230769230769231,0.07692307692307693,0,0,2,1,normal,false,5,6,0,820,300,0,0,false,false,true,0,0,1120,13,0,
1186,greedy,4340,32,2,budget,0,70,true,5,770,98,140,0.0625,0.9375,0,0,0,2,6,normal,false,4,15,55,4285,0,0,0,false,false,false,0,0,4340,32,0,
1187,greedy,3813,30,0,budget,0,57,true,4,420,88,136,0.13333333333333333,0.8666666666666667,0,0,0,3,9,normal,false,5,13,293,3520,0,0,0,false,false,true,0,0,3813,30,0,
1188,greedy,2407,30,0,budget,0,59,true,4,465,62,110,0.3333333333333333,0.6666666666666666,0,0,0,3,4,normal,false,6,10,452,1955,0,0,0,false,false,false,0,0,2407,30,0,
1189,greedy,6380,32,2,budget,0,78,true,7,1785,104,174,0.375,0.5625,0.0625,0,0,6,2,normal,false,4,17,615,5515,250,0,0,false,false,false,0,0,6380,32,0,
1190,greedy,7800,46,16,budget,0,96,true,7,1185,137,214,0.13043478260869565,0.7391304347826086,0.10869565217391304,0.021739130434782608,0,11,1,normal,false,11,20,345,5130,1470,855,0,true,true,false,0,0,7800,46,0,
1191,greedy,2975,30,0,budget,0,56,true,3,300,79,112,0.03333333333333333,0.9666666666666667,0,0,0,1,23,normal,false,9,9,55,2920,0,0,0,false,false,true,0,0,2975,30,0,
1192,greedy,2427,30,0,budget,0,54,true,3,440,65,113,0.5333333333333333,0.4666666666666667,0,0,0,3,10,normal,false,6,14,582,1845,0,0,0,false,false,false,0,0,2427,30,0,
1193,greedy,9926,37,7,budget,1,100,true,5,2920,138,186,0.02702702702702703,0.8108108108108109,0.02702702702702703,0,0.13513513513513514,2,1,normal,false,8,14,371,4715,480,0,4360,false,false,false,1980,5,7946,32,0,
1194,greedy,3033,30,0,budget,0,50,true,4,485,65,119,0.4,0.6,0,0,0,3,16,crash,false,8,10,608,2425,0,0,0,false,false,false,0,0,3033,30,0,
1195,greedy,3053,32,2,budget,0,83,true,3,405,77,126,0.25,0.65625,0.09375,0,0,4,2,normal,false,7,17,703,2110,240,0,0,false,false,true,0,0,3053,32,0,
1196,greedy,6361,39,12,lock,0,93,true,5,1860,122,159,0.1282051282051282,0.6153846153846154,0.23076923076923078,0.02564102564102564,0,5,13,keto,false,3,22,346,3220,2660,135,0,true,false,true,0,0,6361,39,0,
1197,greedy,1005,8,2,lock,0,76,false,3,330,27,26,0,0.875,0.125,0,0,1,8,keto,false,2,4,0,1005,0,0,0,false,false,true,0,0,1005,8,0,
1198,greedy,5620,38,8,budget,0,97,true,5,1005,106,140,0.02631578947368421,0.8421052631578947,0.07894736842105263,0.05263157894736842,0,4,3,normal,false,11,8,15,4000,1110,495,0,true,true,false,0,0,5620,38,0,
1199,greedy,4205,32,2,budget,0,77,true,3,475,101,140,0.0625,0.9375,0,0,0,3,4,normal,false,3,16,115,3820,270,0,0,false,false,true,0,0,4205,32,0,
1200,greedy,4487,32,2,budget,0,73,true,4,900,86,156,0.25,0.71875,0.03125,0,0,4,3,normal,false,5,14,512,3765,210,0,0,false,false,true,0,0,4487,32,0,
1201,greedy,5358,46,16,budget,0,94,true,4,585,127,185,0.10869565217391304,0.8260869565217391,0.043478260869565216,0.021739130434782608,0,9,12,normal,false,4,25,293,3880,780,405,0,true,false,false,0,0,5358,46,0,
1202,greedy,3813,36,6,budget,0,86,true,4,690,89,136,0.1111111111111111,0.7777777777777778,0.1111111111111111,0,0,6,4,normal,false,4,15,278,3185,350,0,0,false,false,true,0,0,3813,36,0,
1203,greedy,15220,70,40,budget,2,100,true,4,2160,190,238,0.02857142857142857,0.5285714285714286,0.2571428571428571,0.04285714285714286,0.14285714285714285,17,2,normal,false,5,36,30,3485,3320,2445,5940,false,true,true,5670,10,9550,60,2,7|6
1204,greedy,6575,40,10,budget,0,79,true,8,1545,124,176,0.05,0.95,0,0,0,7,1,normal,false,5,17,35,5730,810,0,0,false,false,true,0,0,6575,40,0,
1205,greedy,5614,40,10,budget,0,90,true,5,1260,85,145,0.125,0.675,0.175,0.025,0,7,2,normal,false,8,15,134,3200,1830,450,0,true,false,true,0,0,5614,40,0,
1206,greedy,6277,44,14,budget,0,90,true,5,653,117,204,0.20454545454545456,0.7045454545454546,0.06818181818181818,0.022727272727272728,0,9,2,crash,false,5,19,777,4120,990,390,0,true,false,false,0,0,6277,44,0,
1207,greedy,4835,30,0,budget,0,52,true,5,835,100,158,0,1,0,0,0,0,-1,normal,false,4,13,30,4805,0,0,0,false,false,false,0,0,4835,30,0,
1208,greedy,2095,30,0,budget,0,56,true,3,365,63,90,0.1,0.9,0,0,0,2,7,normal,false,7,7,155,1940,0,0,0,false,false,false,0,0,2095,30,0,
1209,greedy,5490,38,8,budget,0,93,true,4,420,112,163,0.10526315789473684,0.7894736842105263,0.07894736842105263,0.02631578947368421,0,6,1,crash,false,8,16,195,4210,950,135,0,true,false,false,0,0,5490,38,0,
1210,greedy,2454,34,4,budget,0,87,true,3,210,71,99,0.11764705882352941,0.7941176470588235,0.08823529411764706,0,0,4,8,normal,false,7,9,214,1970,270,0,0,false,false,true,0,0,2454,34,0,
1211,greedy,3150,32,2,budget,0,71,true,3,360,84,112,0.03125,0.96875,0,0,0,2,8,normal,false,15,9,20,3130,0,0,0,false,false,true,0,0,3150,32,0,
1212,greedy,3490,34,4,budget,0,95,true,3,385,87,111,0,0.9411764705882353,0.029411764705882353,0.029411764705882353,0,1,21,normal,false,9,11,30,2920,360,180,0,true,true,true,0,0,3490,34,0,
1213,greedy,3805,30,0,budget,0,69,true,4,425,89,114,0.03333333333333333,0.9666666666666667,0,0,0,1,30,normal,false,3,15,50,3755,0,0,0,false,false,true,0,0,3805,30,0,
1214,greedy,8483,49,19,budget,1,100,true,5,855,138,209,0.061224489795918366,0.6326530612244898,0.14285714285714285,0.061224489795918366,0.10204081632653061,9,6,normal,false,7,24,463,4245,1510,525,1740,false,true,true,1680,5,6803,44,1,6
1215,greedy,5093,30,0,budget,0,53,true,5,775,101,160,0.1,0.9,0,0,0,1,10,crash,false,3,15,203,4890,0,0,0,false,false,false,0,0,5093,30,0,
1216,greedy,4463,34,4,budget,0,71,true,5,800,98,146,0.11764705882352941,0.8823529411764706,0,0,0,4,23,normal,false,4,16,118,4345,0,0,0,false,false,false,0,0,4463,34,0,
1217,greedy,8160,45,15,budget,1,100,true,3,1500,138,187,0.08888888888888889,0.6222222222222222,0.15555555555555556,0.022222222222222223,0.1111111111111111,9,2,normal,false,4,20,100,3510,1230,1860,1460,false,true,true,1300,5,6860,40,1,8
1218,greedy,2185,30,0,budget,0,58,true,3,415,77,114,0.5666666666666667,0.43333333333333335,0,0,0,4,10,normal,false,4,12,795,1390,0,0,0,false,false,true,0,0,2185,30,0,
1219,greedy,8390,26,11,lock,1,100,false,5,2400,87,107,0,0.6923076923076923,0.11538461538461539,0,0.19230769230769232,3,2,normal,false,7,13,0,1920,330,180,5960,false,false,false,5960,5,2430,21,1,2
1220,greedy,4315,30,0,budget,0,62,true,5,615,87,130,0.03333333333333333,0.9666666666666667,0,0,0,1,21,normal,false,4,14,120,4195,0,0,0,false,false,false,0,0,4315,30,0,
1221,greedy,375,5,0,lock,0,50,true,2,105,3,21,0.2,0.8,0,0,0,0,-1,crash,false,5,0,45,330,0,0,0,false,false,false,0,0,375,5,0,
1222,greedy,11360,43,13,budget,1,100,true,6,3880,158,187,0.06976744186046512,0.7209302325581395,0.023255813953488372,0.06976744186046512,0.11627906976744186,5,1,normal,false,6,17,125,3670,2790,495,4280,false,false,true,6300,5,5060,38,0,
1223,greedy,5850,36,6,budget,0,99,true,5,1620,105,153,0.027777777777777776,0.8611111111111112,0.08333333333333333,0.027777777777777776,0,4,1,normal,false,7,16,25,3650,510,1665,0,true,true,false,0,0,5850,36,0,
1224,greedy,11031,52,22,budget,2,100,true,7,1530,149,224,0.28846153846153844,0.34615384615384615,0.1346153846153846,0.038461538461538464,0.19230769230769232,11,1,normal,false,7,26,1831,2185,750,2325,3940,false,true,false,3340,10,7691,42,2,3|7
1225,greedy,3286,30,0,budget,0,64,true,6,1075,62,129,0.3,0.7,0,0,0,4,12,crash,false,2,15,516,2770,0,0,0,false,false,true,0,0,3286,30,0,
1226,greedy,7736,53,23,budget,1,100,true,6,1820,141,198,0.1320754716981132,0.6226415094339622,0.1509433962264151,0,0.09433962264150944,12,14,normal,false,4,28,561,3825,1550,540,1260,false,false,true,2840,5,4896,48,0,
1227,greedy,27875,103,73,budget,3,100,true,4,2145,301,412,0.009708737864077669,0.47572815533980584,0.30097087378640774,0.06796116504854369,0.14563106796116504,28,1,normal,false,8,61,30,4335,5740,8310,9460,false,true,true,7860,15,20015,88,3,8|2|8
1228,greedy,3440,30,0,budget,0,61,false,4,470,79,100,0,1,0,0,0,0,-1,normal,false,4,12,0,3440,0,0,0,false,false,true,0,0,3440,30,0,
1229,greedy,3795,30,0,budget,0,69,true,4,690,92,131,0.1,0.9,0,0,0,3,8,normal,false,5,12,175,3620,0,0,0,false,false,false,0,0,3795,30,0,
1230,greedy,4776,36,6,budget,0,81,true,5,770,108,174,0.2777777777777778,0.6666666666666666,0.05555555555555555,0,0,7,4,normal,false,3,23,621,3975,180,0,0,false,false,true,0,0,4776,36,0,
1231,greedy,2610,30,0,budget,0,50,true,3,285,66,130,0.5666666666666667,0.43333333333333335,0,0,0,4,3,crash,false,8,10,840,1770,0,0,0,false,false,true,0,0,2610,30,0,
1232,greedy,3855,30,0,budget,0,65,true,4,630,83,138,0.26666666666666666,0.7333333333333333,0,0,0,3,16,normal,false,5,11,470,3385,0,0,0,false,false,true,0,0,3855,30,0,
1233,greedy,3725,17,19,lock,1,100,false,3,980,65,61,0,0.5882352941176471,0.17647058823529413,0.17647058823529413,0.058823529411764705,7,4,frenzy,false,3,10,0,935,2040,510,240,false,true,true,330,1,3395,16,1,5
1234,greedy,3308,30,0,budget,0,52,true,5,720,72,115,0.16666666666666666,0.8333333333333334,0,0,0,2,7,crash,false,6,8,178,3130,0,0,0,false,false,false,0,0,3308,30,0,
1235,greedy,5095,38,8,budget,0,77,true,5,885,111,139,0.02631578947368421,0.8947368421052632,0.07894736842105263,0,0,5,19,normal,false,6,14,110,4625,360,0,0,false,false,false,0,0,5095,38,0,
1236,greedy,19990,61,31,budget,3,100,true,5,2490,192,257,0.03278688524590164,0.47540983606557374,0.16393442622950818,0.08196721311475409,0.2459016393442623,13,6,normal,false,8,30,305,3395,1900,3030,11360,false,true,true,9950,15,10040,46,3,4|5|3
1237,greedy,4090,30,0,budget,0,61,true,4,570,96,131,0.13333333333333333,0.8666666666666667,0,0,0,2,23,normal,false,4,11,320,3770,0,0,0,false,false,false,0,0,4090,30,0,
1238,greedy,7080,50,20,budget,0,98,true,4,825,135,181,0.02,0.62,0.24,0.12,0,11,12,normal,false,9,22,50,3375,1990,1665,0,true,true,false,0,0,7080,50,0,
1239,greedy,19375,56,51,lock,5,100,false,5,1540,187,217,0,0.23214285714285715,0.23214285714285715,0.08928571428571429,0.44642857142857145,12,8,keto,false,4,31,0,1385,4100,2850,11040,false,true,false,10750,25,8625,31,4,7|3|2|4
1240,greedy,53058,112,82,budget,6,100,true,7,4020,439,583,0.026785714285714284,0.38392857142857145,0.24107142857142858,0.08035714285714286,0.26785714285714285,26,1,normal,false,4,58,213,6570,9260,6915,30100,false,true,false,29840,30,23218,82,5,6|6|5|5|2
1241,greedy,15700,63,33,budget,1,100,false,6,1840,211,305,0,0.7301587301587301,0.19047619047619047,0,0.07936507936507936,13,3,normal,false,5,35,0,6500,4930,270,4000,false,false,true,3620,5,12080,58,1,4
1242,greedy,7870,46,16,budget,0,89,true,4,1355,126,198,0.21739130434782608,0.6521739130434783,0.10869565217391304,0.021739130434782608,0,10,3,normal,false,5,21,375,3830,1550,2115,0,false,false,false,0,0,7870,46,0,
1243,greedy,3792,32,2,budget,0,77,true,5,675,85,136,0.3125,0.6875,0,0,0,3,2,normal,false,6,11,442,3170,180,0,0,false,false,false,0,0,3792,32,0,
1244,greedy,2301,32,2,budget,0,76,true,2,300,64,119,0.46875,0.53125,0,0,0,5,3,normal,false,4,15,441,1620,240,0,0,false,false,true,0,0,2301,32,0,
1245,greedy,4415,44,14,budget,0,94,false,3,420,109,130,0,0.8181818181818182,0.13636363636363635,0.045454545454545456,0,6,2,normal,false,10,19,0,3080,990,345,0,true,false,false,0,0,4415,44,0,
1246,greedy,3779,34,4,budget,0,75,true,5,533,78,140,0.23529411764705882,0.7647058823529411,0,0,0,4,5,crash,false,7,9,529,2980,270,0,0,false,false,false,0,0,3779,34,0,
1247,greedy,25585,80,50,budget,2,100,false,6,4600,290,357,0,0.6,0.225,0.05,0.125,18,1,normal,false,5,41,0,6345,5930,4290,9020,false,true,false,7910,10,17675,70,2,5|3
1248,greedy,3575,30,0,budget,0,68,true,5,765,86,127,0,1,0,0,0,0,-1,normal,false,5,13,195,3380,0,0,0,false,false,true,0,0,3575,30,0,
1249,greedy,3852,32,2,budget,0,70,true,4,920,86,143,0.21875,0.78125,0,0,0,2,1,normal,false,5,13,372,3480,0,0,0,false,false,false,0,0,3852,32,0,
1250,greedy,5206,37,7,budget,1,100,true,3,700,109,140,0.13513513513513514,0.7027027027027027,0.02702702702702703,0,0.13513513513513514,4,19,normal,false,6,20,236,2510,860,0,1600,false,false,false,1560,5,3646,32,0,
1251,greedy,2423,30,0,budget,0,52,true,3,315,64,99,0.13333333333333333,0.8666666666666667,0,0,0,2,19,normal,false,10,11,193,2230,0,0,0,false,false,true,0,0,2423,30,0,
1252,greedy,4055,30,0,budget,0,63,true,4,915,88,131,0.16666666666666666,0.8333333333333334,0,0,0,3,4,normal,false,6,13,270,3785,0,0,0,false,false,true,0,0,4055,30,0,
1253,greedy,5080,39,9,budget,1,100,true,3,1000,87,126,0.1282051282051282,0.6153846153846154,0.1282051282051282,0,0.1282051282051282,5,2,normal,false,10,13,220,1640,1020,0,2200,false,false,false,2530,5,2550,34,0,
1254,greedy,3251,34,4,budget,0,80,true,4,465,72,131,0.23529411764705882,0.7352941176470589,0.029411764705882353,0,0,3,9,crash,false,4,14,566,2535,150,0,0,false,false,false,0,0,3251,34,0,
1255,greedy,3913,34,4,budget,0,74,true,4,480,81,124,0.11764705882352941,0.8823529411764706,0,0,0,4,1,normal,false,7,13,248,3245,420,0,0,false,false,false,0,0,3913,34,0,
1256,greedy,2062,30,0,budget,0,67,true,3,225,49,93,0.3333333333333333,0.6666666666666666,0,0,0,4,15,normal,false,6,12,347,1715,0,0,0,false,false,true,0,0,2062,30,0,
1257,greedy,3291,30,0,budget,0,50,true,4,350,96,159,0.23333333333333334,0.7666666666666667,0,0,0,2,19,normal,false,3,14,996,2295,0,0,0,false,false,false,0,0,3291,30,0,
1258,greedy,2490,15,2,lock,0,79,false,4,790,42,69,0,1,0,0,0,1,11,normal,false,4,4,0,1860,630,0,0,false,false,false,0,0,2490,15,0,
1259,greedy,30620,89,59,budget,3,100,true,8,3420,281,412,0.0449438202247191,0.39325842696629215,0.33707865168539325,0.056179775280898875,0.16853932584269662,23,1,normal,false,8,46,260,6005,7030,6105,11220,false,true,false,12625,15,17995,74,2,10|6
1260,greedy,7484,44,14,budget,0,94,true,5,675,138,191,0.1590909090909091,0.7045454545454546,0.09090909090909091,0.045454545454545456,0,8,11,normal,false,6,20,199,5380,1230,675,0,true,false,true,0,0,7484,44,0,
1261,greedy,2768,30,0,budget,0,64,true,5,540,69,106,0.26666666666666666,0.7333333333333333,0,0,0,5,7,crash,false,3,13,303,2465,0,0,0,false,false,false,0,0,2768,30,0,
1262,greedy,3164,30,0,budget,0,50,true,4,465,69,147,0.4666666666666667,0.5333333333333333,0,0,0,5,6,crash,false,4,13,1124,2040,0,0,0,false,false,false,0,0,3164,30,0,
1263,greedy,12168,41,11,budget,1,100,true,6,6350,129,159,0.07317073170731707,0.7560975609756098,0.04878048780487805,0,0.12195121951219512,4,2,normal,false,7,13,58,3640,1100,810,6560,false,false,true,7030,5,5138,36,1,2
1264,greedy,2030,30,0,budget,0,65,true,2,180,58,91,0.1,0.9,0,0,0,2,16,crash,false,9,11,130,1900,0,0,0,false,false,true,0,0,2030,30,0,
1265,greedy,4753,32,2,budget,0,72,true,4,510,96,153,0.09375,0.90625,0,0,0,4,8,normal,false,4,13,103,4470,180,0,0,false,false,false,0,0,4753,32,0,
1266,greedy,4581,34,4,budget,0,81,true,4,470,97,155,0.14705882352941177,0.8235294117647058,0.029411764705882353,0,0,4,3,normal,false,5,16,446,3835,300,0,0,false,false,false,0,0,4581,34,0,
1267,greedy,3640,34,4,budget,0,74,true,5,578,93,172,0.5,0.5,0,0,0,5,1,crash,false,5,16,1610,1850,180,0,0,false,false,false,0,0,3640,34,0,
1268,greedy,3523,32,2,budget,0,73,true,5,640,80,128,0.1875,0.78125,0.03125,0,0,3,3,normal,false,5,11,418,2925,180,0,0,false,false,true,0,0,3523,32,0,
1269,greedy,14170,59,29,budget,1,100,true,5,2320,194,260,0.03389830508474576,0.6101694915254238,0.2033898305084746,0.06779661016949153,0.0847457627118644,11,2,crash,false,5,27,15,5120,3990,4065,980,false,true,false,3060,5,11110,54,1,2
1270,greedy,8794,58,29,lock,1,100,true,3,1260,152,205,0.13793103448275862,0.6379310344827587,0.10344827586206896,0.034482758620689655,0.08620689655172414,11,6,crash,false,6,28,349,3565,1380,900,2600,false,false,false,2450,5,6344,53,1,2
1271,greedy,5086,30,0,budget,0,64,true,6,1800,88,143,0.16666666666666666,0.8333333333333334,0,0,0,1,22,crash,false,8,8,156,4930,0,0,0,false,false,false,0,0,5086,30,0,
1272,greedy,2635,30,0,budget,0,60,true,3,275,66,91,0.06666666666666667,0.9333333333333333,0,0,0,1,22,normal,false,7,12,75,2560,0,0,0,false,false,false,0,0,2635,30,0,
1273,greedy,3445,34,4,budget,0,76,true,3,345,83,144,0.35294117647058826,0.6176470588235294,0.029411764705882353,0,0,4,1,normal,false,5,15,490,2685,270,0,0,false,false,false,0,0,3445,34,0,
1274,greedy,7759,52,22,budget,0,83,true,7,1335,134,210,0.1346153846153846,0.7692307692307693,0.09615384615384616,0,0,12,3,crash,false,7,21,324,4975,2460,0,0,false,false,false,0,0,7759,52,0,
1275,greedy,2291,30,0,budget,0,64,true,5,516,59,125,0.4,0.6,0,0,0,3,17,normal,false,13,7,1266,1025,0,0,0,false,false,true,0,0,2291,30,0,
1276,greedy,4540,30,0,budget,0,67,true,5,655,95,136,0.1,0.9,0,0,0,2,13,normal,false,5,14,275,4265,0,0,0,false,false,true,0,0,4540,30,0,
1277,greedy,7456,44,17,lock,1,100,true,3,1170,109,167,0.13636363636363635,0.6136363636363636,0.045454545454545456,0.09090909090909091,0.11363636363636363,6,3,crash,false,6,15,186,2890,900,1800,1680,false,true,false,1920,5,5536,39,1,6
1278,greedy,3630,32,2,budget,0,82,true,5,810,80,106,0.125,0.84375,0.03125,0,0,5,5,normal,false,5,13,85,2945,600,0,0,false,false,false,0,0,3630,32,0,
1279,greedy,4598,30,0,budget,0,59,true,6,1215,85,129,0.06666666666666667,0.9333333333333333,0,0,0,1,27,normal,false,7,9,173,4425,0,0,0,false,false,false,0,0,4598,30,0,
1280,greedy,3135,25,12,lock,0,88,true,3,420,59,91,0.04,0.84,0.08,0.04,0,5,2,crash,false,3,10,0,1695,1260,180,0,false,false,false,0,0,3135,25,0,
1281,greedy,5278,34,4,budget,0,72,true,6,885,90,149,0.11764705882352941,0.8529411764705882,0.029411764705882353,0,0,5,9,normal,false,5,14,158,4460,660,0,0,false,false,false,0,0,5278,34,0,
1282,greedy,1951,30,0,budget,0,66,true,3,245,64,89,0.26666666666666666,0.7333333333333333,0,0,0,2,16,normal,false,6,10,156,1795,0,0,0,false,false,true,0,0,1951,30,0,
1283,greedy,2453,30,0,budget,0,60,true,3,315,64,106,0.23333333333333334,0.7666666666666667,0,0,0,4,19,crash,false,3,12,248,2205,0,0,0,false,false,false,0,0,2453,30,0,
1284,greedy,6526,41,11,budget,1,100,true,5,1730,94,152,0.1951219512195122,0.6585365853658537,0.024390243902439025,0,0.12195121951219512,3,2,crash,false,5,13,271,2395,2090,450,1320,false,false,false,2870,5,3656,36,0,
1285,greedy,3161,30,0,budget,0,50,true,4,440,79,120,0.16666666666666666,0.8333333333333334,0,0,0,3,3,normal,false,4,12,216,2945,0,0,0,false,false,false,0,0,3161,30,0,
1286,greedy,7235,50,20,budget,0,91,false,4,960,150,199,0,0.84,0.14,0.02,0,7,6,normal,false,4,27,0,5240,1860,135,0,true,false,true,0,0,7235,50,0,
1287,greedy,1285,11,0,lock,0,54,true,3,360,25,45,0.09090909090909091,0.9090909090909091,0,0,0,1,10,normal,false,2,5,15,1270,0,0,0,false,false,true,0,0,1285,11,0,
1288,greedy,1575,12,6,lock,0,94,false,3,350,30,36,0,0.6666666666666666,0.25,0.08333333333333333,0,3,5,normal,false,4,4,0,760,410,405,0,true,false,false,0,0,1575,12,0,
1289,greedy,4713,30,0,budget,0,58,true,4,710,95,153,0.13333333333333333,0.8666666666666667,0,0,0,2,20,crash,false,3,15,53,4660,0,0,0,false,false,false,0,0,4713,30,0,
1290,greedy,14622,63,33,budget,1,100,true,6,2640,190,264,0.1111111111111111,0.5873015873015873,0.19047619047619047,0.031746031746031744,0.07936507936507936,17,4,normal,false,6,31,902,3750,5120,1530,3320,false,false,true,3210,5,11412,58,1,4
1291,greedy,20774,80,50,budget,4,100,true,4,2440,235,314,0.0625,0.4875,0.15,0.05,0.25,13,1,crash,false,10,28,254,3850,2560,2910,11200,false,false,false,11510,20,9264,60,3,4|2|3
1292,greedy,4150,30,0,budget,0,66,true,4,510,95,131,0.13333333333333333,0.8666666666666667,0,0,0,3,4,normal,false,3,15,180,3970,0,0,0,false,false,true,0,0,4150,30,0,
1293,greedy,2277,30,0,budget,0,63,true,2,210,67,99,0.3,0.7,0,0,0,2,13,normal,false,6,10,272,2005,0,0,0,false,false,false,0,0,2277,30,0,
1294,greedy,3465,32,2,budget,0,70,true,5,810,73,108,0,1,0,0,0,1,24,normal,false,11,7,30,3435,0,0,0,false,false,true,0,0,3465,32,0,
1295,greedy,1963,18,0,lock,0,53,true,4,505,43,75,0.2222222222222222,0.7777777777777778,0,0,0,1,16,normal,false,4,8,83,1880,0,0,0,false,false,true,0,0,1963,18,0,
1296,greedy,5921,54,24,budget,0,86,true,5,1130,140,197,0.12962962962962962,0.6851851851851852,0.18518518518518517,0,0,11,2,normal,false,5,25,246,3695,1980,0,0,false,false,false,0,0,5921,54,0,
1297,greedy,4770,30,0,budget,0,69,true,4,615,97,174,0.23333333333333334,0.7666666666666667,0,0,0,3,17,crash,false,3,16,340,4430,0,0,0,false,false,false,0,0,4770,30,0,
1298,greedy,10580,48,18,budget,2,100,true,5,1920,155,186,0,0.6875,0.0625,0.041666666666666664,0.20833333333333334,4,23,normal,false,5,21,30,4740,780,630,4400,false,true,false,4250,10,6330,38,2,3|2
1299,greedy,5255,30,0,budget,0,56,true,5,735,110,161,0.1,0.9,0,0,0,2,25,normal,false,2,16,140,5115,0,0,0,false,false,false,0,0,5255,30,0,
1300,greedy,2365,30,0,budget,0,65,false,3,300,58,83,0,1,0,0,0,0,-1,normal,false,6,6,0,2365,0,0,0,false,false,false,0,0,2365,30,0,
1301,greedy,4458,39,9,budget,1,100,true,4,490,85,154,0.46153846153846156,0.358974358974359,0.05128205128205128,0,0.1282051282051282,6,7,normal,false,4,16,838,1880,600,180,960,false,false,true,1080,5,3378,34,1,2
1302,greedy,3583,32,2,budget,0,70,true,5,585,88,136,0.34375,0.65625,0,0,0,4,2,crash,false,5,13,598,2985,0,0,0,false,false,false,0,0,3583,32,0,
1303,greedy,10535,39,9,budget,1,100,true,6,3260,125,186,0.10256410256410256,0.6923076923076923,0.05128205128205128,0.02564102564102564,0.1282051282051282,7,8,normal,false,4,20,80,5215,570,90,4580,false,false,true,4070,5,6465,34,1,3
1304,greedy,10638,65,35,budget,1,100,true,4,925,190,244,0.03076923076923077,0.5692307692307692,0.26153846153846155,0.06153846153846154,0.07692307692307693,14,4,normal,false,13,32,173,4375,2890,1620,1580,false,true,false,1440,5,9198,60,1,6
1305,greedy,1403,13,4,lock,0,80,true,3,420,25,48,0.15384615384615385,0.7692307692307693,0.07692307692307693,0,0,1,3,crash,false,3,5,23,1020,360,0,0,false,false,false,0,0,1403,13,0,
1306,greedy,6490,44,14,budget,0,93,true,3,660,131,188,0,0.8409090909090909,0.09090909090909091,0.06818181818181818,0,4,12,normal,false,4,20,30,4445,920,1095,0,true,false,false,0,0,6490,44,0,
1307,greedy,4035,11,16,lock,0,99,false,4,1560,43,41,0,0.09090909090909091,0.6363636363636364,0.2727272727272727,0,6,1,keto,true,2,7,0,370,860,2805,0,true,true,false,0,0,4035,11,0,
1308,greedy,1954,30,0,budget,0,50,true,3,260,51,111,0.43333333333333335,0.5666666666666667,0,0,0,5,12,crash,false,5,12,714,1240,0,0,0,false,false,false,0,0,1954,30,0,
1309,greedy,3510,30,0,budget,0,67,true,4,450,83,127,0.16666666666666666,0.8333333333333334,0,0,0,4,11,normal,false,3,15,285,3225,0,0,0,false,false,true,0,0,3510,30,0,
1310,greedy,2572,32,2,budget,0,76,true,3,440,69,122,0.4375,0.53125,0.03125,0,0,4,2,normal,false,10,8,582,1810,180,0,0,false,false,false,0,0,2572,32,0,
1311,greedy,3296,30,0,budget,0,64,true,4,645,72,127,0.23333333333333334,0.7666666666666667,0,0,0,2,20,crash,false,6,9,246,3050,0,0,0,false,false,false,0,0,3296,30,0,
1312,greedy,25397,104,74,budget,2,100,true,6,5920,306,419,0.0673076923076923,0.5865384615384616,0.19230769230769232,0.057692307692307696,0.09615384615384616,28,3,normal,false,7,52,237,6165,7050,2025,9920,false,true,false,9260,10,16137,94,1,6
1313,greedy,1927,30,0,budget,0,50,true,3,285,51,117,0.6,0.4,0,0,0,4,8,normal,false,9,10,857,1070,0,0,0,false,false,true,0,0,1927,30,0,
1314,greedy,10190,49,19,budget,1,100,true,8,1560,140,196,0.04081632653061224,0.7755102040816326,0.08163265306122448,0,0.10204081632653061,9,2,normal,false,4,26,50,4940,900,180,4120,false,false,false,4000,5,6190,44,1,2
1315,greedy,5566,36,6,budget,0,84,true,4,870,91,156,0.16666666666666666,0.7222222222222222,0.1111111111111111,0,0,5,3,normal,false,5,17,126,4060,1380,0,0,false,false,true,0,0,5566,36,0,
1316,greedy,3101,30,0,budget,0,59,true,4,530,73,119,0.23333333333333334,0.7666666666666667,0,0,0,3,18,normal,false,5,11,251,2850,0,0,0,false,false,true,0,0,3101,30,0,
1317,greedy,20553,58,28,budget,2,100,true,4,2840,189,327,0.22413793103448276,0.4482758620689655,0.15517241379310345,0,0.1724137931034483,8,2,crash,false,6,29,523,5200,1630,540,12660,false,false,true,10950,10,9603,48,1,2
1318,greedy,8190,56,26,budget,2,100,false,3,720,135,171,0,0.6071428571428571,0.19642857142857142,0.017857142857142856,0.17857142857142858,9,2,normal,false,16,18,0,2670,1380,900,3240,false,false,false,3300,10,4890,46,1,3
1319,greedy,3155,30,0,budget,0,59,true,5,900,76,109,0.03333333333333333,0.9666666666666667,0,0,0,1,22,normal,false,7,9,225,2930,0,0,0,false,false,false,0,0,3155,30,0,
1320,greedy,8044,58,28,budget,0,97,true,6,870,140,218,0.29310344827586204,0.41379310344827586,0.20689655172413793,0.08620689655172414,0,17,2,crash,false,6,30,634,3560,2050,1800,0,true,true,false,0,0,8044,58,0,
1321,greedy,4903,38,8,budget,0,91,true,5,655,110,155,0.10526315789473684,0.8157894736842105,0.05263157894736842,0.02631578947368421,0,4,17,crash,false,4,16,128,4130,420,225,0,true,false,true,0,0,4903,38,0,
1322,greedy,3485,38,8,budget,0,93,true,4,520,78,111,0.07894736842105263,0.8421052631578947,0.05263157894736842,0.02631578947368421,0,7,12,normal,false,5,17,45,2560,700,180,0,true,false,false,0,0,3485,38,0,
1323,greedy,3451,30,0,budget,0,50,true,6,975,69,126,0.4,0.6,0,0,0,6,5,crash,false,5,14,486,2965,0,0,0,false,false,false,0,0,3451,30,0,
1324,greedy,4340,32,2,budget,0,72,true,7,1275,98,132,0.0625,0.90625,0.03125,0,0,3,2,normal,false,3,16,75,4145,120,0,0,false,false,true,0,0,4340,32,0,
1325,greedy,4994,30,0,budget,0,69,true,6,1010,106,159,0.16666666666666666,0.8333333333333334,0,0,0,1,21,normal,false,8,10,224,4770,0,0,0,false,false,false,0,0,4994,30,0,
1326,greedy,5048,32,2,budget,0,82,true,6,1095,106,144,0.25,0.6875,0.0625,0,0,6,8,normal,false,3,15,398,4320,330,0,0,false,false,false,0,0,5048,32,0,
1327,greedy,14394,68,38,budget,2,100,true,4,1020,222,274,0.11764705882352941,0.5,0.19117647058823528,0.04411764705882353,0.14705882352941177,13,8,normal,false,11,33,384,4925,2990,855,5240,false,true,false,5090,10,9304,58,2,6|4
1328,greedy,2726,30,0,budget,0,53,true,3,325,64,120,0.3,0.7,0,0,0,3,10,normal,false,5,10,286,2440,0,0,0,false,false,true,0,0,2726,30,0,
1329,greedy,3658,30,0,budget,0,64,true,5,1185,79,133,0.5,0.5,0,0,0,5,9,normal,false,5,14,663,2995,0,0,0,false,false,true,0,0,3658,30,0,
1330,greedy,2055,12,4,lock,0,71,true,3,480,36,67,0.16666666666666666,0.8333333333333334,0,0,0,3,4,crash,false,2,6,85,1550,420,0,0,false,false,false,0,0,2055,12,0,
1331,greedy,6363,30,0,budget,0,54,true,7,1690,99,197,0.43333333333333335,0.5666666666666667,0,0,0,4,8,crash,false,4,19,1038,5325,0,0,0,false,false,false,0,0,6363,30,0,
1332,greedy,1565,20,2,lock,0,71,true,4,440,44,57,0.05,0.95,0,0,0,2,6,normal,false,11,4,15,1550,0,0,0,false,false,true,0,0,1565,20,0,
1333,greedy,12549,57,27,budget,1,100,true,6,2760,170,235,0.14035087719298245,0.6666666666666666,0.10526315789473684,0,0.08771929824561403,11,3,crash,false,7,27,274,3895,4750,1290,2340,false,false,false,4140,5,8409,52,0,
1334,greedy,2823,30,0,budget,0,65,true,3,405,81,110,0.1,0.9,0,0,0,2,24,normal,false,6,10,273,2550,0,0,0,false,false,false,0,0,2823,30,0,
1335,greedy,7981,41,14,lock,0,94,true,5,1350,146,200,0.04878048780487805,0.7804878048780488,0.12195121951219512,0.04878048780487805,0,7,1,normal,false,4,24,216,5245,2250,270,0,true,false,false,0,0,7981,41,0,
1336,greedy,2545,30,0,budget,0,67,true,4,505,63,94,0.06666666666666667,0.9333333333333333,0,0,0,2,8,normal,false,3,10,90,2455,0,0,0,false,false,false,0,0,2545,30,0,
1337,greedy,12193,57,27,budget,1,100,true,4,1620,176,251,0.05263157894736842,0.7192982456140351,0.14035087719298245,0,0.08771929824561403,9,3,normal,false,7,26,58,5350,2520,885,3380,false,false,true,3730,5,8463,52,1,2
1338,greedy,7220,13,18,lock,2,100,false,5,3000,46,62,0,0.07692307692307693,0.07692307692307693,0.15384615384615385,0.6923076923076923,4,1,frenzy,false,2,8,0,80,780,600,5760,false,true,true,5880,9,1340,4,2,2|2
1339,greedy,11136,49,19,budget,1,100,true,5,1515,163,263,0.08163265306122448,0.7346938775510204,0.061224489795918366,0.02040816326530612,0.10204081632653061,8,7,normal,false,5,21,251,6405,1950,1350,1180,false,false,true,2050,5,9086,44,1,3
1340,greedy,3203,30,0,budget,0,50,true,6,1120,65,123,0.6,0.4,0,0,0,3,12,normal,false,5,12,908,2295,0,0,0,false,false,true,0,0,3203,30,0,
1341,greedy,3508,38,8,budget,0,90,true,3,390,89,131,0.15789473684210525,0.7105263157894737,0.10526315789473684,0.02631578947368421,0,8,1,normal,false,6,20,258,2500,480,270,0,true,false,false,0,0,3508,38,0,
1342,greedy,4111,34,4,budget,0,80,true,5,780,97,137,0.17647058823529413,0.8235294117647058,0,0,0,5,1,normal,false,5,14,271,3660,180,0,0,false,false,false,0,0,4111,34,0,
1343,greedy,6656,34,4,budget,0,71,true,6,1205,121,184,0.08823529411764706,0.9117647058823529,0,0,0,3,3,normal,false,5,14,496,5320,840,0,0,false,false,true,0,0,6656,34,0,
1344,greedy,3259,29,0,lock,0,61,true,5,900,68,110,0.27586206896551724,0.7241379310344828,0,0,0,3,15,normal,false,3,12,249,3010,0,0,0,false,false,false,0,0,3259,29,0,
1345,greedy,9143,43,13,budget,1,100,true,4,1980,114,158,0.046511627906976744,0.6744186046511628,0.09302325581395349,0.06976744186046512,0.11627906976744186,3,5,crash,false,12,18,23,3155,690,2475,2800,false,true,false,2950,5,6193,38,1,4
1346,greedy,7678,47,17,budget,1,100,true,4,1180,115,169,0.06382978723404255,0.7021276595744681,0.0851063829787234,0.0425531914893617,0.10638297872340426,7,13,normal,false,8,25,293,2535,1630,600,2620,false,false,true,1530,5,6148,42,1,3
1347,greedy,3525,34,4,budget,0,71,true,4,390,93,127,0.029411764705882353,0.9705882352941176,0,0,0,3,9,normal,false,5,16,45,3480,0,0,0,false,false,true,0,0,3525,34,0,
1348,greedy,3320,38,8,budget,0,77,false,4,435,89,118,0,0.9210526315789473,0.07894736842105263,0,0,3,1,normal,false,13,14,0,3020,300,0,0,false,false,true,0,0,3320,38,0,
1349,greedy,16661,63,33,budget,1,100,true,5,1360,238,334,0.07936507936507936,0.6031746031746031,0.20634920634920634,0.031746031746031744,0.07936507936507936,14,7,normal,false,6,33,441,6605,4600,1755,3260,false,true,false,2760,5,13901,58,1,8
1350,greedy,2891,30,0,budget,0,55,true,5,715,64,104,0.13333333333333333,0.8666666666666667,0,0,0,1,16,crash,false,9,6,196,2695,0,0,0,false,false,false,0,0,2891,30,0,
1351,greedy,6422,44,14,budget,0,92,true,5,590,151,202,0.22727272727272727,0.6590909090909091,0.11363636363636363,0,0,10,13,normal,false,3,22,517,4635,1000,270,0,true,false,false,0,0,6422,44,0,
1352,greedy,4164,30,0,budget,0,62,true,5,1090,80,148,0.2,0.8,0,0,0,1,25,crash,false,8,8,349,3815,0,0,0,false,false,false,0,0,4164,30,0,
1353,greedy,4430,32,2,budget,0,79,true,4,615,85,132,0.03125,0.9375,0.03125,0,0,2,17,normal,false,5,14,15,4265,150,0,0,false,false,true,0,0,4430,32,0,
1354,greedy,4124,30,0,budget,0,63,true,4,565,89,146,0.13333333333333333,0.8666666666666667,0,0,0,2,6,normal,false,3,13,389,3735,0,0,0,false,false,false,0,0,4124,30,0,
1355,greedy,2449,32,2,budget,0,72,true,4,375,63,100,0.40625,0.5625,0.03125,0,0,4,10,normal,false,6,10,349,2010,90,0,0,false,false,true,0,0,2449,32,0,
1356,greedy,11609,41,11,budget,1,100,true,5,3420,114,207,0.17073170731707318,0.5853658536585366,0.0975609756097561,0.024390243902439025,0.12195121951219512,7,2,normal,false,7,16,374,3105,2010,540,5580,false,false,true,6360,5,5249,36,1,4
1357,greedy,3859,30,0,budget,0,58,true,7,1700,70,128,0.3333333333333333,0.6666666666666666,0,0,0,4,11,crash,false,8,10,274,3585,0,0,0,false,false,false,0,0,3859,30,0,
1358,greedy,4909,30,0,budget,0,69,true,5,1000,92,157,0.1,0.9,0,0,0,0,-1,crash,false,3,12,159,4750,0,0,0,false,false,false,0,0,4909,30,0,
1359,greedy,8010,65,35,budget,1,100,true,3,420,168,217,0.015384615384615385,0.6307692307692307,0.24615384615384617,0.03076923076923077,0.07692307692307693,13,8,crash,false,5,34,60,4070,2490,270,1120,false,true,false,1030,5,6980,60,1,6
1360,greedy,12413,53,23,budget,1,100,true,5,1930,156,227,0.07547169811320754,0.6792452830188679,0.1320754716981132,0.018867924528301886,0.09433962264150944,10,7,normal,false,9,22,128,4155,3670,360,4100,false,false,true,4010,5,8403,48,1,2
1361,greedy,3618,30,0,budget,0,68,true,4,385,95,128,0.06666666666666667,0.9333333333333333,0,0,0,2,12,normal,false,5,12,338,3280,0,0,0,false,false,false,0,0,3618,30,0,
1362,greedy,4346,32,2,budget,0,77,true,4,605,97,163,0.21875,0.75,0.03125,0,0,6,12,normal,false,4,19,636,3620,90,0,0,false,false,true,0,0,4346,32,0,
1363,greedy,4932,30,0,budget,0,67,true,6,855,104,186,0.43333333333333335,0.5666666666666667,0,0,0,5,9,normal,false,6,15,1102,3830,0,0,0,false,false,true,0,0,4932,30,0,
1364,greedy,13028,59,29,budget,1,100,true,5,1360,184,266,0.23728813559322035,0.5254237288135594,0.13559322033898305,0.01694915254237288,0.0847457627118644,11,17,crash,false,13,29,498,4905,2320,1485,3820,false,false,false,3100,5,9928,54,1,6
1365,greedy,2417,30,0,budget,0,52,true,5,420,55,123,0.5,0.5,0,0,0,2,14,crash,false,8,10,1052,1365,0,0,0,false,false,false,0,0,2417,30,0,
1366,greedy,3620,30,0,budget,0,63,true,5,1085,73,130,0.43333333333333335,0.5666666666666667,0,0,0,1,23,crash,false,6,9,430,3190,0,0,0,false,false,false,0,0,3620,30,0,
1367,greedy,2011,19,8,lock,0,86,true,4,315,44,68,0.15789473684210525,0.5789473684210527,0.2631578947368421,0,0,5,1,normal,false,2,9,301,1210,500,0,0,false,false,false,0,0,2011,19,0,
1368,greedy,2595,30,0,budget,0,50,true,3,340,65,114,0.43333333333333335,0.5666666666666667,0,0,0,2,8,crash,false,8,8,445,2150,0,0,0,false,false,false,0,0,2595,30,0,
1369,greedy,9530,53,23,budget,1,100,false,3,990,160,197,0,0.7547169811320755,0.09433962264150944,0.05660377358490566,0.09433962264150944,9,2,normal,false,5,26,0,3645,2090,1335,2460,false,true,false,2310,5,7220,48,1,3
1370,greedy,4078,32,2,budget,0,73,true,5,1200,83,112,0.125,0.875,0,0,0,3,20,normal,false,6,10,178,3090,810,0,0,false,false,false,0,0,4078,32,0,
1371,greedy,9922,48,18,budget,2,100,true,4,1440,112,181,0.22916666666666666,0.3333333333333333,0.1875,0.041666666666666664,0.20833333333333334,8,2,crash,false,7,21,337,1695,1800,210,5880,false,false,false,5430,10,4492,38,2,4|8
1372,greedy,11010,29,21,lock,1,100,true,6,3305,94,139,0,0.5517241379310345,0.2413793103448276,0.034482758620689655,0.1724137931034483,6,3,normal,false,10,14,30,1735,3590,2835,2820,false,false,false,2200,5,8810,24,1,2
1373,greedy,9791,56,26,budget,0,92,true,5,1170,194,249,0.10714285714285714,0.7142857142857143,0.125,0.05357142857142857,0,14,2,normal,false,3,29,281,5905,2480,1125,0,true,false,true,0,0,9791,56,0,
1374,greedy,4000,30,0,budget,0,50,true,5,885,90,150,0.4,0.6,0,0,0,3,12,normal,false,6,11,995,3005,0,0,0,false,false,true,0,0,4000,30,0,
1375,greedy,24471,101,71,budget,3,100,true,5,2400,289,413,0.09900990099009901,0.4752475247524752,0.22772277227722773,0.04950495049504951,0.1485148514851485,29,4,crash,false,5,53,386,5770,5110,4785,8420,false,true,false,8890,15,15581,86,3,15|3|2
1376,greedy,4076,34,4,budget,0,78,true,6,1000,90,145,0.3235294117647059,0.6176470588235294,0.058823529411764705,0,0,4,6,normal,false,8,16,681,3095,300,0,0,false,false,false,0,0,4076,34,0,
1377,greedy,12240,51,21,budget,1,100,false,4,2500,151,203,0,0.6078431372549019,0.21568627450980393,0.0784313725490196,0.09803921568627451,9,8,normal,false,7,20,0,3360,2000,2040,4840,false,true,false,5100,5,7140,46,1,3
1378,greedy,3238,30,0,budget,0,57,true,4,640,76,114,0.13333333333333333,0.8666666666666667,0,0,0,2,13,normal,false,7,12,288,2950,0,0,0,false,false,false,0,0,3238,30,0,
1379,greedy,9760,39,9,budget,1,100,false,5,1350,156,207,0,0.8205128205128205,0.05128205128205128,0,0.1282051282051282,2,4,normal,false,4,19,0,6670,690,0,2400,false,false,true,2440,5,7320,34,0,
1380,greedy,9343,50,20,budget,2,100,true,5,1635,147,198,0.1,0.58,0.1,0.02,0.2,8,1,normal,false,8,20,288,3995,1880,360,2820,false,true,true,4185,10,5158,40,1,4
1381,greedy,3349,30,0,budget,0,62,true,5,705,66,123,0.23333333333333334,0.7666666666666667,0,0,0,1,16,crash,false,8,11,259,3090,0,0,0,false,false,false,0,0,3349,30,0,
1382,greedy,3444,30,0,budget,0,57,true,4,580,86,127,0.26666666666666666,0.7333333333333333,0,0,0,2,17,normal,false,6,10,399,3045,0,0,0,false,false,true,0,0,3444,30,0,
1383,greedy,2069,30,0,budget,0,53,true,3,285,62,107,0.4666666666666667,0.5333333333333333,0,0,0,2,9,normal,false,11,8,554,1515,0,0,0,false,false,false,0,0,2069,30,0,
1384,greedy,4945,40,10,budget,0,95,true,3,500,106,155,0.075,0.8,0.05,0.075,0,4,10,normal,false,8,18,90,3515,800,540,0,true,true,true,0,0,4945,40,0,
1385,greedy,16050,55,25,budget,1,100,true,5,2010,202,263,0.01818181818181818,0.6363636363636364,0.21818181818181817,0.03636363636363636,0.09090909090909091,10,5,crash,false,8,27,30,3870,7400,810,3940,false,false,false,3780,5,12270,50,1,3
1386,greedy,9878,74,44,budget,0,97,true,4,685,172,231,0.04054054054054054,0.5945945945945946,0.28378378378378377,0.08108108108108109,0,19,1,crash,false,8,36,98,3370,4550,1860,0,true,true,false,0,0,9878,74,0,
1387,greedy,3239,30,0,budget,0,64,true,4,510,72,134,0.3333333333333333,0.6666666666666666,0,0,0,3,6,normal,false,3,14,634,2605,0,0,0,false,false,true,0,0,3239,30,0,
1388,greedy,3013,30,0,budget,0,66,true,5,630,68,107,0.1,0.9,0,0,0,2,20,normal,false,10,9,68,2945,0,0,0,false,false,true,0,0,3013,30,0,
1389,greedy,3571,32,2,budget,0,77,true,4,540,89,129,0.25,0.71875,0.03125,0,0,3,13,normal,false,7,9,286,3195,90,0,0,false,false,false,0,0,3571,32,0,
1390,greedy,8001,42,12,budget,0,91,true,8,2640,138,197,0.11904761904761904,0.7380952380952381,0.09523809523809523,0.047619047619047616,0,5,2,normal,false,4,17,306,4175,3250,270,0,true,false,true,0,0,8001,42,0,
1391,greedy,2360,30,0,budget,0,56,true,3,265,61,85,0.13333333333333333,0.8666666666666667,0,0,0,3,4,normal,false,6,11,135,2225,0,0,0,false,false,true,0,0,2360,30,0,
1392,greedy,5500,30,0,budget,0,64,true,5,1170,98,160,0.03333333333333333,0.9666666666666667,0,0,0,1,22,normal,false,3,11,55,5445,0,0,0,false,false,false,0,0,5500,30,0,
1393,greedy,1932,30,0,budget,0,52,true,3,180,60,87,0.36666666666666664,0.6333333333333333,0,0,0,2,23,normal,false,6,10,442,1490,0,0,0,false,false,true,0,0,1932,30,0,
1394,greedy,4221,30,0,budget,0,64,true,5,690,89,176,0.4,0.6,0,0,0,5,8,crash,false,5,11,1276,2945,0,0,0,false,false,false,0,0,4221,30,0,
1395,greedy,4720,30,0,budget,0,66,true,5,820,96,140,0.1,0.9,0,0,0,3,16,normal,false,4,14,105,4615,0,0,0,false,false,true,0,0,4720,30,0,
1396,greedy,15226,41,11,budget,1,100,true,5,2620,133,215,0.17073170731707318,0.5853658536585366,0.0975609756097561,0.024390243902439025,0.12195121951219512,6,1,normal,false,12,15,371,2940,4160,135,7620,false,false,true,7240,5,7986,36,1,5
1397,greedy,3575,32,2,budget,0,80,false,4,330,95,127,0,0.96875,0.03125,0,0,1,15,normal,false,3,14,0,3355,220,0,0,false,false,false,0,0,3575,32,0,
1398,greedy,2230,21,2,lock,0,78,true,4,810,42,71,0.09523809523809523,0.9047619047619048,0,0,0,2,6,crash,false,6,7,60,1450,720,0,0,false,false,false,0,0,2230,21,0,
1399,greedy,3202,32,2,budget,0,72,true,3,490,82,130,0.25,0.71875,0.03125,0,0,3,11,normal,false,10,9,312,2650,240,0,0,false,false,false,0,0,3202,32,0,
1400,greedy,2431,30,0,budget,0,53,true,4,560,60,118,0.5333333333333333,0.4666666666666667,0,0,0,4,6,normal,false,8,11,776,1655,0,0,0,false,false,true,0,0,2431,30,0,
1401,greedy,14637,64,34,budget,0,94,true,6,1980,195,305,0.109375,0.609375,0.234375,0.046875,0,18,9,normal,false,6,33,497,5380,6420,2340,0,true,false,false,0,0,14637,64,0,
1402,greedy,2599,30,0,budget,0,51,true,3,290,70,117,0.36666666666666664,0.6333333333333333,0,0,0,4,6,normal,false,5,12,394,2205,0,0,0,false,false,true,0,0,2599,30,0,
1403,greedy,3334,30,0,budget,0,54,true,3,240,81,141,0.3,0.7,0,0,0,3,13,normal,false,4,13,699,2635,0,0,0,false,false,false,0,0,3334,30,0,
1404,greedy,2533,24,0,lock,0,56,true,4,420,60,105,0.125,0.875,0,0,0,1,14,normal,false,4,9,233,2300,0,0,0,false,false,false,0,0,2533,24,0,
1405,greedy,13155,73,43,budget,1,100,true,5,2260,209,261,0.0136986301369863,0.6712328767123288,0.1917808219178082,0.0547945205479452,0.0684931506849315,18,5,normal,false,9,34,65,5175,3340,2895,1680,false,true,false,3100,5,10055,68,0,
1406,greedy,4771,40,10,budget,0,84,true,4,910,100,153,0.225,0.7,0.075,0,0,7,6,normal,false,6,18,471,2530,1770,0,0,false,false,true,0,0,4771,40,0,
1407,greedy,4853,34,4,budget,0,71,true,5,1185,96,147,0.17647058823529413,0.8235294117647058,0,0,0,5,3,normal,false,7,14,323,4350,180,0,0,false,false,true,0,0,4853,34,0,
1408,greedy,10880,47,17,budget,1,100,true,7,4810,143,186,0.0425531914893617,0.7446808510638298,0.0851063829787234,0.02127659574468085,0.10638297872340426,6,7,normal,false,5,21,80,4055,1030,4755,960,false,false,false,1070,5,9810,42,0,
1409,greedy,3235,30,0,budget,0,50,true,4,710,66,150,0.5666666666666667,0.43333333333333335,0,0,0,6,8,crash,false,4,12,1090,2145,0,0,0,false,false,false,0,0,3235,30,0,
1410,greedy,4230,36,6,budget,0,94,true,4,550,96,125,0.027777777777777776,0.8333333333333334,0.1111111111111111,0.027777777777777776,0,4,1,normal,false,6,13,45,3065,400,720,0,true,false,false,0,0,4230,36,0,
1411,greedy,4081,30,0,budget,0,50,true,5,1085,80,145,0.4,0.6,0,0,0,2,19,crash,false,5,8,391,3690,0,0,0,false,false,false,0,0,4081,30,0,
1412,greedy,2620,30,0,budget,0,50,true,4,605,63,122,0.5333333333333333,0.4666666666666667,0,0,0,3,9,normal,false,9,7,715,1905,0,0,0,false,false,true,0,0,2620,30,0,
1413,greedy,4640,30,0,budget,0,60,true,5,735,97,152,0.03333333333333333,0.9666666666666667,0,0,0,1,30,normal,false,7,13,60,4580,0,0,0,false,false,true,0,0,4640,30,0,
1414,greedy,8420,49,19,budget,1,100,true,7,1415,149,185,0.02040816326530612,0.7142857142857143,0.12244897959183673,0.04081632653061224,0.10204081632653061,6,8,normal,false,13,19,15,5340,750,255,2060,false,false,false,1860,5,6560,44,1,3
1415,greedy,15355,71,41,budget,1,100,true,6,1680,204,289,0.028169014084507043,0.6901408450704225,0.16901408450704225,0.04225352112676056,0.07042253521126761,17,1,normal,false,12,37,250,5410,3110,3525,3060,false,true,false,3120,5,12235,66,1,2
1416,greedy,1999,30,0,budget,0,62,true,3,225,60,104,0.4,0.6,0,0,0,3,14,crash,false,4,12,394,1605,0,0,0,false,false,false,0,0,1999,30,0,
1417,greedy,3989,34,4,budget,0,80,true,5,745,90,130,0.2647058823529412,0.7058823529411765,0.029411764705882353,0,0,5,9,normal,false,5,18,314,3555,120,0,0,false,false,true,0,0,3989,34,0,
1418,greedy,3778,30,0,budget,0,57,true,4,720,76,120,0.06666666666666667,0.9333333333333333,0,0,0,1,19,normal,false,10,11,68,3710,0,0,0,false,false,true,0,0,3778,30,0,
1419,greedy,3173,30,0,budget,0,50,true,5,570,67,140,0.6666666666666666,0.3333333333333333,0,0,0,3,3,crash,false,14,11,963,2210,0,0,0,false,false,true,0,0,3173,30,0,
1420,greedy,17685,74,44,budget,2,100,true,5,3120,225,306,0.013513513513513514,0.581081081081081,0.21621621621621623,0.05405405405405406,0.13513513513513514,17,5,normal,false,5,38,60,5380,4160,1005,7080,false,true,false,6450,10,11235,64,2,2|3
1421,greedy,3481,30,0,budget,0,62,true,3,420,86,134,0.13333333333333333,0.8666666666666667,0,0,0,1,24,crash,false,5,13,136,3345,0,0,0,false,false,false,0,0,3481,30,0,
1422,greedy,10690,53,23,budget,1,100,true,3,1320,138,194,0.018867924528301886,0.6792452830188679,0.18867924528301888,0.018867924528301886,0.09433962264150944,11,5,normal,false,6,22,15,2650,2610,1215,4200,false,false,false,3435,5,7255,48,1,3
1423,greedy,13495,52,22,budget,0,92,true,6,1680,189,277,0,0.7884615384615384,0.1346153846153846,0.07692307692307693,0,8,13,normal,false,5,30,110,8870,2580,1935,0,true,false,false,0,0,13495,52,0,
1424,greedy,4899,32,2,budget,0,83,true,5,1560,90,136,0.1875,0.8125,0,0,0,3,10,normal,false,7,13,449,3310,1140,0,0,false,false,false,0,0,4899,32,0,
1425,greedy,8925,55,25,budget,1,100,true,3,930,165,220,0.03636363636363636,0.6545454545454545,0.14545454545454545,0.07272727272727272,0.09090909090909091,12,1,normal,false,5,24,60,3815,2520,1350,1180,false,false,true,1320,5,7605,50,1,11
1426,greedy,5195,42,12,budget,0,90,true,4,490,119,153,0.023809523809523808,0.8571428571428571,0.09523809523809523,0.023809523809523808,0,4,3,normal,false,5,19,155,3780,1080,180,0,true,false,false,0,0,5195,42,0,
1427,greedy,14039,70,40,budget,2,100,true,4,1920,208,289,0.14285714285714285,0.5285714285714286,0.14285714285714285,0.04285714285714286,0.14285714285714285,14,11,crash,false,5,39,554,3965,3630,390,5500,false,true,false,5470,10,8569,60,2,2|4
1428,greedy,4969,40,10,budget,0,86,true,4,600,113,154,0.05,0.9,0.05,0,0,5,5,normal,false,11,15,269,3650,1050,0,0,false,false,false,0,0,4969,40,0,
1429,greedy,2933,30,0,budget,0,53,true,3,420,74,139,0.3333333333333333,0.6666666666666666,0,0,0,4,10,crash,false,7,12,528,2405,0,0,0,false,false,false,0,0,2933,30,0,
1430,greedy,5295,30,0,budget,0,52,true,6,915,87,157,0.06666666666666667,0.9333333333333333,0,0,0,2,17,normal,false,5,11,90,5205,0,0,0,false,false,true,0,0,5295,30,0,
1431,greedy,5058,40,10,budget,0,91,true,5,645,115,170,0.125,0.725,0.125,0.025,0,7,9,normal,false,10,17,313,3470,870,405,0,true,false,true,0,0,5058,40,0,
1432,greedy,21205,67,37,budget,1,100,true,5,2920,249,352,0.05970149253731343,0.6268656716417911,0.16417910447761194,0.07462686567164178,0.07462686567164178,14,2,crash,false,6,32,80,7050,2840,5115,6120,false,true,false,4505,5,16700,62,1,3
1433,greedy,3038,30,0,budget,0,63,true,4,495,71,117,0.16666666666666666,0.8333333333333334,0,0,0,3,4,normal,false,6,13,343,2695,0,0,0,false,false,false,0,0,3038,30,0,
1434,greedy,4226,34,4,budget,0,84,true,4,655,96,141,0.17647058823529413,0.8235294117647058,0,0,0,6,1,normal,false,5,14,236,3360,630,0,0,false,false,true,0,0,4226,34,0,
1435,greedy,15790,53,23,budget,1,100,false,6,8120,164,223,0,0.6981132075471698,0.18867924528301888,0.018867924528301886,0.09433962264150944,10,7,normal,false,5,27,0,3530,1690,630,9940,false,false,false,9940,5,5850,48,1,6
1436,greedy,3715,34,4,budget,0,77,true,3,313,87,157,0.2647058823529412,0.7058823529411765,0.029411764705882353,0,0,6,5,normal,false,4,14,435,2980,300,0,0,false,false,true,0,0,3715,34,0,
1437,greedy,3698,34,4,budget,0,90,true,5,755,89,134,0.17647058823529413,0.7058823529411765,0.08823529411764706,0.029411764705882353,0,4,5,crash,false,3,17,463,2790,310,135,0,true,false,false,0,0,3698,34,0,
1438,greedy,8545,46,16,budget,0,92,false,9,3780,130,189,0,0.8043478260869565,0.15217391304347827,0.043478260869565216,0,7,2,normal,false,5,25,0,6890,1250,405,0,true,false,true,0,0,8545,46,0,
1439,greedy,14121,58,28,budget,2,100,true,6,5115,163,237,0.13793103448275862,0.5,0.15517241379310345,0.034482758620689655,0.1724137931034483,12,4,normal,false,7,23,371,3125,1920,4665,4040,false,false,false,3650,10,10471,48,2,2|4
1440,greedy,4753,30,0,budget,0,54,true,6,925,87,139,0.16666666666666666,0.8333333333333334,0,0,0,3,14,normal,false,4,9,233,4520,0,0,0,false,false,true,0,0,4753,30,0,
1441,greedy,1060,17,0,lock,0,64,true,2,135,29,43,0.058823529411764705,0.9411764705882353,0,0,0,1,14,normal,false,7,4,70,990,0,0,0,false,false,false,0,0,1060,17,0,
1442,greedy,2400,34,4,budget,0,71,true,3,255,66,101,0.029411764705882353,0.9705882352941176,0,0,0,2,5,crash,false,17,6,0,2220,180,0,0,false,false,false,0,0,2400,34,0,
1443,greedy,2391,30,0,budget,0,53,true,3,390,62,120,0.5,0.5,0,0,0,3,13,crash,false,8,7,651,1740,0,0,0,false,false,false,0,0,2391,30,0,
1444,greedy,4776,34,4,budget,0,78,true,4,590,108,159,0.08823529411764706,0.8823529411764706,0.029411764705882353,0,0,4,6,normal,false,5,15,261,4395,120,0,0,false,false,false,0,0,4776,34,0,
1445,greedy,5700,32,2,budget,0,70,true,6,1400,98,166,0.1875,0.8125,0,0,0,4,14,normal,false,4,16,260,5440,0,0,0,false,false,true,0,0,5700,32,0,
1446,greedy,3390,30,0,budget,0,68,true,4,525,76,108,0.03333333333333333,0.9666666666666667,0,0,0,1,11,normal,false,8,9,45,3345,0,0,0,false,false,true,0,0,3390,30,0,
1447,greedy,4571,30,0,budget,0,61,true,6,1245,89,130,0.13333333333333333,0.8666666666666667,0,0,0,2,6,normal,false,7,10,471,4100,0,0,0,false,false,true,0,0,4571,30,0,
1448,greedy,2497,30,0,budget,0,50,true,4,635,57,123,0.6,0.4,0,0,0,6,5,normal,false,4,12,887,1610,0,0,0,false,false,true,0,0,2497,30,0,
1449,greedy,3677,30,0,budget,0,65,true,4,730,90,150,0.36666666666666664,0.6333333333333333,0,0,0,3,14,normal,false,5,11,607,3070,0,0,0,false,false,true,0,0,3677,30,0,
1450,greedy,4295,30,0,budget,0,60,true,5,600,92,134,0.06666666666666667,0.9333333333333333,0,0,0,1,27,normal,false,5,8,45,4250,0,0,0,false,false,false,0,0,4295,30,0,
1451,greedy,2684,22,0,lock,0,65,true,4,490,60,108,0.22727272727272727,0.7727272727272727,0,0,0,2,15,normal,false,5,9,219,2465,0,0,0,false,false,true,0,0,2684,22,0,
1452,greedy,3417,30,0,budget,0,67,true,3,350,87,140,0.3,0.7,0,0,0,1,25,crash,false,3,13,467,2950,0,0,0,false,false,false,0,0,3417,30,0,
1453,greedy,2833,30,0,budget,0,62,true,3,315,75,115,0.13333333333333333,0.8666666666666667,0,0,0,1,13,normal,false,5,14,203,2630,0,0,0,false,false,false,0,0,2833,30,0,
1454,greedy,2096,30,0,budget,0,50,true,3,300,63,118,0.4666666666666667,0.5333333333333333,0,0,0,6,7,normal,false,5,15,726,1370,0,0,0,false,false,true,0,0,2096,30,0,
1455,greedy,8860,47,17,budget,1,100,false,5,2440,140,171,0,0.8297872340425532,0.06382978723404255,0,0.10638297872340426,5,4,normal,false,4,25,0,3580,550,810,3920,false,false,false,4560,5,4300,42,1,2
1456,greedy,8298,51,21,budget,1,100,true,3,1290,136,191,0.0392156862745098,0.6666666666666666,0.17647058823529413,0.0196078431372549,0.09803921568627451,9,9,crash,false,9,22,23,3280,2450,1365,1180,false,true,false,1320,5,6978,46,1,2
1457,greedy,5646,38,8,budget,0,80,true,6,1190,107,166,0.10526315789473684,0.7631578947368421,0.13157894736842105,0,0,5,4,normal,false,4,21,286,4390,970,0,0,false,false,false,0,0,5646,38,0,
1458,greedy,11649,41,11,budget,1,100,true,6,5240,114,167,0.21951219512195122,0.5365853658536586,0.0975609756097561,0.024390243902439025,0.12195121951219512,7,5,crash,false,12,13,389,2170,420,630,8040,false,true,false,7980,5,3669,36,1,4
1459,greedy,4163,38,8,budget,0,89,true,5,720,70,149,0.3157894736842105,0.6052631578947368,0.07894736842105263,0,0,6,7,crash,false,5,18,723,2210,570,660,0,false,false,false,0,0,4163,38,0,
1460,greedy,2910,30,0,budget,0,55,true,4,510,68,127,0.26666666666666666,0.7333333333333333,0,0,0,1,17,crash,false,11,9,350,2560,0,0,0,false,false,true,0,0,2910,30,0,
1461,greedy,33435,80,63,lock,5,100,false,6,4420,304,379,0,0.3875,0.2625,0.0875,0.2625,15,1,frenzy,false,8,39,0,5355,6880,2280,18920,false,true,true,21840,21,11595,59,2,6|7
1462,greedy,8165,43,13,budget,1,100,true,6,1145,139,172,0.023255813953488372,0.7209302325581395,0.11627906976744186,0.023255813953488372,0.11627906976744186,5,2,normal,false,4,21,15,5080,1080,90,1900,false,false,false,1150,5,7015,38,1,4
1463,greedy,1444,20,0,lock,0,62,true,2,195,36,70,0.4,0.6,0,0,0,2,11,crash,false,10,4,249,1195,0,0,0,false,false,false,0,0,1444,20,0,
1464,greedy,3061,34,4,budget,0,75,true,3,465,79,123,0.14705882352941177,0.7941176470588235,0.058823529411764705,0,0,5,3,normal,false,5,17,291,2500,270,0,0,false,false,false,0,0,3061,34,0,
1465,greedy,14360,63,33,budget,1,100,true,6,1425,189,281,0.015873015873015872,0.6507936507936508,0.2222222222222222,0.031746031746031744,0.07936507936507936,11,13,normal,false,5,33,95,5365,3470,1890,3540,false,false,false,2370,5,11990,58,1,2
1466,greedy,5261,32,2,budget,0,70,true,5,630,100,170,0.25,0.75,0,0,0,3,15,crash,false,7,15,721,4100,440,0,0,false,false,true,0,0,5261,32,0,
1467,greedy,3675,38,8,budget,0,93,false,5,655,89,118,0,0.8157894736842105,0.15789473684210525,0.02631578947368421,0,4,17,normal,false,9,16,0,2590,950,135,0,true,false,false,0,0,3675,38,0,
1468,greedy,3393,34,4,budget,0,84,true,4,725,73,123,0.11764705882352941,0.7941176470588235,0.08823529411764706,0,0,3,2,normal,false,8,11,203,2740,450,0,0,false,false,false,0,0,3393,34,0,
1469,greedy,2521,30,0,budget,0,66,true,4,420,82,129,0.4666666666666667,0.5333333333333333,0,0,0,6,10,normal,false,4,15,956,1565,0,0,0,false,false,false,0,0,2521,30,0,
1470,greedy,9982,41,11,budget,1,100,true,5,2380,141,202,0.1951219512195122,0.4878048780487805,0.1951219512195122,0,0.12195121951219512,6,4,normal,false,3,23,307,3315,4600,0,1760,false,false,false,3900,5,6082,36,1,3
1471,greedy,2630,15,0,lock,0,53,true,5,700,44,71,0,1,0,0,0,0,-1,normal,false,4,5,30,2600,0,0,0,false,false,true,0,0,2630,15,0,
1472,greedy,3418,30,0,budget,0,50,true,4,510,81,138,0.3,0.7,0,0,0,5,6,normal,false,4,13,578,2840,0,0,0,false,false,true,0,0,3418,30,0,
1473,greedy,9708,53,23,budget,1,100,true,4,1680,136,208,0.16981132075471697,0.5660377358490566,0.1320754716981132,0.03773584905660377,0.09433962264150944,11,2,crash,false,7,19,513,2615,2140,2040,2400,false,true,true,2400,5,7308,48,1,5
1474,greedy,5618,42,12,budget,0,89,true,4,990,108,159,0.09523809523809523,0.8095238095238095,0.09523809523809523,0,0,6,6,normal,false,9,12,128,3660,750,1080,0,false,false,false,0,0,5618,42,0,
1475,greedy,2759,30,0,budget,0,50,true,3,380,76,136,0.36666666666666664,0.6333333333333333,0,0,0,5,7,crash,false,5,12,694,2065,0,0,0,false,false,false,0,0,2759,30,0,
1476,greedy,2211,30,0,budget,0,57,true,3,430,57,87,0.13333333333333333,0.8666666666666667,0,0,0,2,13,normal,false,5,8,81,2130,0,0,0,false,false,false,0,0,2211,30,0,
1477,greedy,4045,36,6,budget,0,79,true,4,450,101,143,0.1111111111111111,0.8333333333333334,0.05555555555555555,0,0,4,8,normal,false,5,18,260,3485,300,0,0,false,false,false,0,0,4045,36,0,
1478,greedy,14920,43,13,budget,1,100,false,6,4940,147,180,0,0.7441860465116279,0.09302325581395349,0.046511627906976744,0.11627906976744186,5,7,normal,false,16,17,0,3845,720,855,9500,false,true,false,4740,5,10180,38,1,6
1479,greedy,4881,30,0,budget,0,68,true,6,1065,95,158,0.26666666666666666,0.7333333333333333,0,0,0,3,15,normal,false,4,15,1021,3860,0,0,0,false,false,true,0,0,4881,30,0,
1480,greedy,3896,30,0,budget,0,50,true,7,1680,71,128,0.26666666666666666,0.7333333333333333,0,0,0,3,15,normal,false,7,10,461,3435,0,0,0,false,false,true,0,0,3896,30,0,
1481,greedy,3979,36,6,budget,0,74,true,4,1080,95,129,0.1111111111111111,0.8333333333333334,0.05555555555555555,0,0,3,1,normal,false,6,13,234,2605,1140,0,0,false,false,false,0,0,3979,36,0,
1482,greedy,4015,34,4,budget,0,76,true,4,780,81,140,0.14705882352941177,0.7941176470588235,0.058823529411764705,0,0,6,9,crash,false,3,14,285,3490,240,0,0,false,false,false,0,0,4015,34,0,
1483,greedy,3831,30,0,budget,0,58,true,4,405,84,148,0.26666666666666666,0.7333333333333333,0,0,0,3,11,crash,false,5,14,696,3135,0,0,0,false,false,false,0,0,3831,30,0,
1484,greedy,9151,39,9,budget,1,100,true,5,2630,116,150,0.07692307692307693,0.7435897435897436,0.05128205128205128,0,0.1282051282051282,3,10,normal,false,8,16,126,3285,590,2490,2660,false,false,false,4570,5,4581,34,1,2
1485,greedy,7232,44,14,budget,0,95,true,4,1800,123,218,0.38636363636363635,0.4318181818181818,0.1590909090909091,0.022727272727272728,0,8,2,crash,false,5,25,982,2990,2810,450,0,true,true,false,0,0,7232,44,0,
1486,greedy,4990,35,31,lock,1,100,false,3,670,84,102,0,0.45714285714285713,0.34285714285714286,0.05714285714285714,0.14285714285714285,10,1,normal,false,11,16,0,1320,1930,540,1200,false,false,false,1230,5,3760,30,0,
1487,greedy,4165,30,0,budget,0,65,true,4,555,89,144,0.13333333333333333,0.8666666666666667,0,0,0,3,20,crash,false,6,11,185,3980,0,0,0,false,false,false,0,0,4165,30,0,
1488,greedy,8284,57,27,budget,1,100,true,6,760,150,217,0.21052631578947367,0.45614035087719296,0.17543859649122806,0.07017543859649122,0.08771929824561403,13,3,crash,false,6,28,1099,2075,2260,990,1860,false,true,false,1830,5,6454,52,0,
1489,greedy,3025,30,0,budget,0,63,true,3,390,67,111,0.06666666666666667,0.9333333333333333,0,0,0,0,-1,crash,false,4,10,60,2965,0,0,0,false,false,false,0,0,3025,30,0,
1490,greedy,1872,30,0,budget,0,68,true,3,180,68,106,0.36666666666666664,0.6333333333333333,0,0,0,3,12,normal,false,5,10,587,1285,0,0,0,false,false,false,0,0,1872,30,0,
1491,greedy,10845,43,13,budget,1,100,true,7,3245,123,181,0.023255813953488372,0.7906976744186046,0.06976744186046512,0,0.11627906976744186,4,2,normal,false,7,16,15,5565,810,1275,3180,false,false,true,4325,5,6520,38,0,
1492,greedy,3210,30,0,budget,0,50,true,4,740,79,152,0.4,0.6,0,0,0,6,3,normal,false,5,15,980,2230,0,0,0,false,false,true,0,0,3210,30,0,
1493,greedy,3273,30,0,budget,0,61,true,6,825,79,136,0.5,0.5,0,0,0,1,19,normal,false,7,10,833,2440,0,0,0,false,false,true,0,0,3273,30,0,
1494,greedy,6295,28,17,lock,1,100,false,5,630,95,122,0,0.5714285714285714,0.21428571428571427,0.03571428571428571,0.17857142857142858,4,12,normal,false,6,13,0,2595,1490,150,2060,false,true,false,1650,5,4645,23,1,2
1495,greedy,3131,30,0,budget,0,64,true,4,555,67,117,0.3333333333333333,0.6666666666666666,0,0,0,3,10,crash,false,6,12,376,2755,0,0,0,false,false,false,0,0,3131,30,0,
1496,greedy,4535,38,8,budget,0,94,true,3,615,97,153,0.18421052631578946,0.6842105263157895,0.10526315789473684,0.02631578947368421,0,8,8,normal,false,4,22,395,2700,630,810,0,true,false,false,0,0,4535,38,0,
1497,greedy,4515,34,4,budget,0,80,true,6,780,100,144,0,0.9411764705882353,0.058823529411764705,0,0,2,5,normal,false,4,17,30,4145,340,0,0,false,false,true,0,0,4515,34,0,
1498,greedy,15985,58,28,budget,2,100,true,5,2660,169,251,0.05172413793103448,0.5862068965517241,0.15517241379310345,0.034482758620689655,0.1724137931034483,9,7,crash,false,12,25,45,4060,2770,2850,6260,false,true,false,2850,10,13135,48,1,5
1499,greedy,1075,11,0,lock,0,62,false,4,450,25,33,0,1,0,0,0,0,-1,normal,false,4,3,0,1075,0,0,0,false,false,false,0,0,1075,11,0,
1500,greedy,3311,30,0,budget,0,53,true,6,1315,77,131,0.4666666666666667,0.5333333333333333,0,0,0,4,7,normal,false,4,12,846,2465,0,0,0,false,false,true,0,0,3311,30,0,
1501,greedy,6880,44,14,budget,0,83,true,4,855,120,196,0.06818181818181818,0.8636363636363636,0.06818181818181818,0,0,9,2,crash,false,5,22,140,4850,1890,0,0,false,false,false,0,0,6880,44,0,
1502,greedy,22869,82,52,budget,4,100,true,5,2090,270,361,0.0975609756097561,0.34146341463414637,0.25609756097560976,0.06097560975609756,0.24390243902439024,21,2,normal,false,7,39,259,4055,6310,2265,9980,false,true,true,9490,20,13379,62,4,5|10|6|4
1503,greedy,5080,40,10,budget,0,92,true,5,600,109,149,0.025,0.8,0.125,0.05,0,4,1,normal,false,13,13,240,3190,1110,540,0,true,false,false,0,0,5080,40,0,
1504,greedy,4880,36,6,budget,0,85,true,4,780,95,139,0.08333333333333333,0.8611111111111112,0.05555555555555555,0,0,4,10,normal,false,6,14,60,3830,990,0,0,false,false,true,0,0,4880,36,0,
1505,greedy,7875,41,11,budget,1,100,false,6,1560,113,157,0,0.8048780487804879,0.07317073170731707,0,0.12195121951219512,3,24,normal,false,10,19,0,3955,1100,180,2640,false,false,false,2640,5,5235,36,1,3
1506,greedy,5145,38,8,budget,0,86,true,5,975,109,160,0.07894736842105263,0.868421052631579,0.05263157894736842,0,0,4,15,normal,false,4,17,205,4510,430,0,0,false,false,true,0,0,5145,38,0,
1507,greedy,25135,83,53,budget,3,100,true,6,4180,302,361,0.012048192771084338,0.5421686746987951,0.21686746987951808,0.04819277108433735,0.18072289156626506,18,12,normal,false,6,48,20,5960,4230,4125,10800,false,true,false,11350,15,13785,68,3,4|7|3
1508,greedy,11761,57,27,budget,1,100,true,5,1890,160,224,0.12280701754385964,0.543859649122807,0.17543859649122806,0.07017543859649122,0.08771929824561403,14,1,normal,false,5,25,771,2990,3590,3270,1140,false,true,false,1140,5,10621,52,1,12
1509,greedy,9611,57,27,budget,1,100,true,6,1555,154,224,0.08771929824561403,0.7192982456140351,0.10526315789473684,0,0.08771929824561403,11,2,normal,false,9,18,301,4330,2130,1350,1500,false,false,false,1060,5,8551,52,1,2
1510,greedy,3764,34,4,budget,0,77,true,4,425,81,146,0.2647058823529412,0.6764705882352942,0.058823529411764705,0,0,6,2,crash,false,4,18,599,2895,270,0,0,false,false,false,0,0,3764,34,0,
1511,greedy,3851,30,0,budget,0,64,true,3,645,81,136,0.13333333333333333,0.8666666666666667,0,0,0,2,16,normal,false,5,11,141,3710,0,0,0,false,false,false,0,0,3851,30,0,
1512,greedy,2766,30,0,budget,0,60,true,4,375,58,134,0.4666666666666667,0.5333333333333333,0,0,0,3,4,crash,false,4,15,961,1805,0,0,0,false,false,true,0,0,2766,30,0,
1513,greedy,3243,30,0,budget,0,64,true,4,410,78,125,0.13333333333333333,0.8666666666666667,0,0,0,1,8,crash,false,6,9,98,3145,0,0,0,false,false,true,0,0,3243,30,0,
1514,greedy,9477,39,9,budget,1,100,true,6,1400,128,178,0.15384615384615385,0.6410256410256411,0.07692307692307693,0,0.1282051282051282,5,19,normal,false,7,19,337,4630,810,240,3460,false,false,true,3200,5,6277,34,1,2
1515,greedy,3053,30,0,budget,0,68,true,4,435,77,120,0.2,0.8,0,0,0,2,24,normal,false,5,12,593,2460,0,0,0,false,false,false,0,0,3053,30,0,
1516,greedy,11408,58,28,budget,0,98,true,5,1815,162,259,0.10344827586206896,0.6206896551724138,0.22413793103448276,0.05172413793103448,0,16,5,normal,false,4,31,348,3780,3140,4140,0,true,true,true,0,0,11408,58,0,
1517,greedy,2418,30,4,lock,0,85,true,3,390,66,105,0.6,0.36666666666666664,0.03333333333333333,0,0,3,10,normal,false,10,9,748,1490,180,0,0,false,false,true,0,0,2418,30,0,
1518,greedy,4412,38,8,budget,0,82,true,4,1340,93,148,0.4473684210526316,0.5,0.05263157894736842,0,0,7,1,normal,false,5,16,662,1630,2120,0,0,false,false,false,0,0,4412,38,0,
1519,greedy,4845,38,8,budget,0,96,true,3,560,98,143,0.05263157894736842,0.7894736842105263,0.13157894736842105,0.02631578947368421,0,5,8,normal,false,5,18,55,3635,1020,135,0,true,true,true,0,0,4845,38,0,
1520,greedy,2846,30,0,budget,0,67,true,4,590,68,129,0.36666666666666664,0.6333333333333333,0,0,0,4,9,crash,false,3,14,461,2385,0,0,0,false,false,false,0,0,2846,30,0,
1521,greedy,18015,66,36,budget,2,100,true,6,4120,204,281,0,0.6818181818181818,0.13636363636363635,0.030303030303030304,0.15151515151515152,13,7,normal,false,6,29,30,4255,4490,1440,7800,false,false,false,7440,10,10575,56,2,4|2
1522,greedy,3460,30,0,budget,0,56,true,4,465,72,122,0.13333333333333333,0.8666666666666667,0,0,0,3,11,normal,false,6,11,165,3295,0,0,0,false,false,false,0,0,3460,30,0,
1523,greedy,20411,74,44,budget,2,100,true,5,3600,232,340,0.17567567567567569,0.4594594594594595,0.17567567567567569,0.05405405405405406,0.13513513513513514,18,2,crash,false,6,36,521,5025,3360,1245,10260,false,false,false,9080,10,11331,64,2,2|3
1524,greedy,3218,30,0,budget,0,65,true,3,525,81,123,0.1,0.9,0,0,0,1,9,normal,false,4,10,173,3045,0,0,0,false,false,false,0,0,3218,30,0,
1525,greedy,4609,38,8,budget,0,88,true,4,920,97,143,0.15789473684210525,0.7631578947368421,0.05263157894736842,0.02631578947368421,0,7,2,normal,false,5,18,469,2605,1400,135,0,false,false,false,0,0,4609,38,0,
1526,greedy,4010,29,0,lock,0,62,true,7,1395,80,121,0.06896551724137931,0.9310344827586207,0,0,0,2,3,normal,false,8,7,160,3850,0,0,0,false,false,false,0,0,4010,29,0,
1527,greedy,6810,34,4,budget,0,82,false,5,1055,119,176,0,1,0,0,0,2,2,normal,false,6,11,0,5520,1290,0,0,false,false,false,0,0,6810,34,0,
1528,greedy,1790,20,2,lock,0,71,false,3,270,40,64,0,1,0,0,0,1,8,normal,false,5,7,0,1790,0,0,0,false,false,true,0,0,1790,20,0,
1529,greedy,3260,30,0,budget,0,63,true,3,385,73,125,0.26666666666666666,0.7333333333333333,0,0,0,3,11,crash,false,5,13,525,2735,0,0,0,false,false,true,0,0,3260,30,0,
1530,greedy,13102,66,36,budget,2,100,true,4,1200,176,283,0.2727272727272727,0.42424242424242425,0.15151515151515152,0,0.15151515151515152,15,3,crash,false,6,27,877,3595,2320,270,6040,false,false,false,6335,10,6767,56,1,2
1531,greedy,2315,25,2,lock,0,83,false,4,450,47,75,0,0.88,0.12,0,0,1,2,normal,false,4,11,0,2075,240,0,0,false,false,false,0,0,2315,25,0,
1532,greedy,4865,34,4,budget,0,78,true,5,480,107,164,0.058823529411764705,0.8823529411764706,0.058823529411764705,0,0,3,16,normal,false,5,13,460,4165,240,0,0,false,false,false,0,0,4865,34,0,
1533,greedy,3608,30,0,budget,0,69,true,5,600,81,121,0.13333333333333333,0.8666666666666667,0,0,0,2,6,crash,false,7,11,248,3360,0,0,0,false,false,false,0,0,3608,30,0,
1534,greedy,2720,30,0,budget,0,66,true,4,345,62,106,0.26666666666666666,0.7333333333333333,0,0,0,1,25,crash,false,6,12,210,2510,0,0,0,false,false,true,0,0,2720,30,0,
1535,greedy,2121,30,0,budget,0,50,true,3,225,56,92,0.23333333333333334,0.7666666666666667,0,0,0,4,8,crash,false,8,10,261,1860,0,0,0,false,false,false,0,0,2121,30,0,
1536,greedy,3265,30,0,budget,0,64,true,4,575,82,138,0.26666666666666666,0.7333333333333333,0,0,0,3,22,normal,false,5,10,855,2410,0,0,0,false,false,true,0,0,3265,30,0,
1537,greedy,3998,30,0,budget,0,66,true,4,690,82,139,0.13333333333333333,0.8666666666666667,0,0,0,2,5,normal,false,5,12,138,3860,0,0,0,false,false,false,0,0,3998,30,0,
1538,greedy,7240,40,10,budget,0,97,true,5,720,138,200,0.05,0.825,0.1,0.025,0,5,2,crash,false,5,18,385,5325,720,810,0,true,true,false,0,0,7240,40,0,
1539,greedy,11178,57,27,budget,1,100,true,4,1260,163,232,0.05263157894736842,0.7017543859649122,0.12280701754385964,0.03508771929824561,0.08771929824561403,9,2,crash,false,7,22,83,4850,2180,705,3360,false,true,false,4200,5,6978,52,0,
1540,greedy,13246,66,36,budget,2,100,true,4,1980,174,255,0.2727272727272727,0.22727272727272727,0.24242424242424243,0.10606060606060606,0.15151515151515152,16,1,normal,false,6,33,851,1110,3050,1875,6360,false,true,false,5980,10,7266,56,2,9|2
1541,greedy,10960,61,31,budget,1,100,true,5,720,184,254,0.03278688524590164,0.6065573770491803,0.19672131147540983,0.08196721311475409,0.08196721311475409,13,4,normal,false,6,36,50,6140,2370,780,1620,false,true,true,1590,5,9370,56,1,3
1542,greedy,4793,40,10,budget,0,83,true,4,660,110,155,0.1,0.8,0.1,0,0,6,3,crash,false,5,17,108,3345,1340,0,0,false,false,true,0,0,4793,40,0,
1543,greedy,20372,78,48,budget,2,100,true,7,2220,237,353,0.14102564102564102,0.48717948717948717,0.16666666666666666,0.07692307692307693,0.1282051282051282,18,10,normal,false,9,39,507,5495,6620,2430,5320,false,true,true,5350,10,15022,68,2,5|2
1544,greedy,4227,32,2,budget,0,82,true,5,855,80,137,0.25,0.6875,0.0625,0,0,3,9,normal,false,6,13,607,2680,940,0,0,false,false,true,0,0,4227,32,0,
1545,greedy,480,5,0,lock,0,66,false,3,210,12,14,0,1,0,0,0,0,-1,normal,false,4,1,0,480,0,0,0,false,false,false,0,0,480,5,0,
1546,greedy,7686,47,17,budget,1,100,true,5,1010,132,185,0.0851063829787234,0.6808510638297872,0.10638297872340426,0.02127659574468085,0.10638297872340426,8,1,normal,false,6,19,331,3755,1530,150,1920,false,false,false,1350,5,6336,42,1,3
1547,greedy,3313,32,2,budget,0,82,true,3,330,78,128,0.1875,0.78125,0.03125,0,0,2,13,crash,false,4,13,428,2605,280,0,0,false,false,false,0,0,3313,32,0,
1548,greedy,3078,30,0,budget,0,51,true,4,1130,76,121,0.26666666666666666,0.7333333333333333,0,0,0,5,5,normal,false,7,10,358,2720,0,0,0,false,false,false,0,0,3078,30,0,
1549,greedy,4955,34,4,budget,0,72,true,4,585,110,151,0,0.9705882352941176,0.029411764705882353,0,0,2,7,normal,false,7,16,60,4535,360,0,0,false,false,true,0,0,4955,34,0,
1550,greedy,8386,47,17,budget,1,100,true,5,1500,136,196,0.10638297872340426,0.7021276595744681,0.06382978723404255,0.02127659574468085,0.10638297872340426,9,6,normal,false,4,26,181,3295,2710,120,2080,false,false,true,1880,5,6506,42,1,3
1551,greedy,9535,41,11,budget,1,100,true,5,1200,146,203,0.04878048780487805,0.7317073170731707,0.0975609756097561,0,0.12195121951219512,4,5,normal,false,6,18,90,5855,930,0,2660,false,false,true,2820,5,6715,36,0,
1552,greedy,12090,57,27,budget,1,100,true,4,1800,166,231,0.05263157894736842,0.631578947368421,0.17543859649122806,0.05263157894736842,0.08771929824561403,13,15,normal,false,5,30,125,3910,1860,2295,3900,false,true,false,3570,5,8520,52,1,3
1553,greedy,4955,30,0,budget,0,63,true,5,1065,112,160,0.26666666666666666,0.7333333333333333,0,0,0,2,16,normal,false,4,13,305,4650,0,0,0,false,false,false,0,0,4955,30,0,
1554,greedy,3115,30,0,budget,0,54,true,5,369,70,135,0.3,0.7,0,0,0,5,8,normal,false,4,15,735,2380,0,0,0,false,false,true,0,0,3115,30,0,
1555,greedy,7453,50,20,budget,0,98,true,5,870,151,208,0.18,0.6,0.2,0.02,0,8,9,normal,false,8,18,278,4755,1760,660,0,true,true,false,0,0,7453,50,0,
1556,greedy,2583,30,0,budget,0,65,true,4,420,71,101,0.23333333333333334,0.7666666666666667,0,0,0,6,9,normal,false,5,14,288,2295,0,0,0,false,false,true,0,0,2583,30,0,
1557,greedy,7285,43,13,budget,1,100,true,4,1200,116,175,0.32558139534883723,0.4186046511627907,0.06976744186046512,0.06976744186046512,0.11627906976744186,7,1,crash,false,7,16,440,3210,770,945,1920,false,true,false,1770,5,5515,38,1,5
1558,greedy,3494,30,0,budget,0,57,true,5,985,73,120,0.26666666666666666,0.7333333333333333,0,0,0,1,20,crash,false,9,9,204,3290,0,0,0,false,false,false,0,0,3494,30,0,
1559,greedy,3813,30,0,budget,0,50,true,6,930,74,161,0.7,0.3,0,0,0,2,6,crash,false,9,9,1228,2585,0,0,0,false,false,false,0,0,3813,30,0,
1560,greedy,4538,32,2,budget,0,80,true,5,1490,91,142,0.1875,0.78125,0.03125,0,0,4,8,crash,false,5,11,223,4075,240,0,0,false,false,false,0,0,4538,32,0,
1561,greedy,2767,30,0,budget,0,69,true,3,325,71,133,0.3333333333333333,0.6666666666666666,0,0,0,3,10,crash,false,5,10,657,2110,0,0,0,false,false,true,0,0,2767,30,0,
1562,greedy,2771,30,0,budget,0,52,true,5,940,71,114,0.26666666666666666,0.7333333333333333,0,0,0,3,17,normal,false,5,10,496,2275,0,0,0,false,false,true,0,0,2771,30,0,
1563,greedy,12387,60,30,budget,2,100,true,4,1575,177,232,0.15,0.5,0.13333333333333333,0.05,0.16666666666666666,13,2,normal,false,5,30,697,2630,1870,2910,4280,false,true,false,4875,10,7512,50,1,5
1564,greedy,6830,36,6,budget,0,88,false,4,1650,113,159,0,0.9444444444444444,0.05555555555555555,0,0,2,10,normal,false,15,13,0,3920,300,2610,0,false,false,true,0,0,6830,36,0,
1565,greedy,4690,30,0,budget,0,67,false,6,1120,96,129,0,1,0,0,0,0,-1,normal,false,5,11,0,4690,0,0,0,false,false,false,0,0,4690,30,0,
1566,greedy,5310,30,0,budget,0,62,true,6,1115,91,160,0.1,0.9,0,0,0,2,18,crash,false,3,14,140,5170,0,0,0,false,false,false,0,0,5310,30,0,
1567,greedy,5770,46,16,budget,0,88,false,4,660,124,164,0,0.8695652173913043,0.10869565217391304,0.021739130434782608,0,8,8,normal,false,7,15,0,3835,1800,135,0,false,false,false,0,0,5770,46,0,
1568,greedy,2720,32,2,budget,0,70,true,3,345,72,137,0.375,0.625,0,0,0,3,8,crash,false,5,12,675,2045,0,0,0,false,false,true,0,0,2720,32,0,
1569,greedy,3683,32,2,budget,0,70,true,3,290,99,136,0.1875,0.8125,0,0,0,4,8,normal,false,4,11,283,3400,0,0,0,false,false,false,0,0,3683,32,0,
1570,greedy,5600,34,4,budget,0,82,true,5,1800,85,169,0.2647058823529412,0.6764705882352942,0.058823529411764705,0,0,3,13,crash,false,5,10,525,3045,2030,0,0,false,false,false,0,0,5600,34,0,
1571,greedy,28030,100,70,budget,4,100,true,5,1340,320,441,0.01,0.48,0.26,0.05,0.2,21,8,normal,false,5,60,45,6640,7170,3915,10260,false,true,false,9940,20,18090,80,4,2|4|4|5
1572,greedy,5785,44,14,budget,0,90,false,3,600,142,180,0,0.9318181818181818,0.045454545454545456,0.022727272727272728,0,6,7,normal,false,6,15,0,5065,450,270,0,true,false,false,0,0,5785,44,0,
1573,greedy,8585,64,34,budget,0,99,true,4,870,184,224,0.015625,0.796875,0.15625,0.03125,0,16,5,normal,false,8,32,75,4490,2790,1230,0,true,true,false,0,0,8585,64,0,
1574,greedy,3312,30,0,budget,0,50,true,3,500,72,144,0.23333333333333334,0.7666666666666667,0,0,0,1,16,crash,false,6,10,302,3010,0,0,0,false,false,false,0,0,3312,30,0,
1575,greedy,2905,30,0,budget,0,67,true,4,570,73,107,0.1,0.9,0,0,0,3,8,normal,false,5,14,130,2775,0,0,0,false,false,false,0,0,2905,30,0,
1576,greedy,5500,36,6,budget,0,88,false,5,1030,118,161,0,0.8888888888888888,0.08333333333333333,0.027777777777777776,0,3,29,normal,false,4,16,0,4265,290,945,0,false,false,true,0,0,5500,36,0,
1577,greedy,5238,30,0,budget,0,69,true,6,1265,91,175,0.26666666666666666,0.7333333333333333,0,0,0,4,11,normal,false,5,14,453,4785,0,0,0,false,false,true,0,0,5238,30,0,
1578,greedy,4341,42,12,budget,0,81,true,3,480,92,156,0.19047619047619047,0.7619047619047619,0.047619047619047616,0,0,6,1,normal,false,3,20,466,2615,1260,0,0,false,false,false,0,0,4341,42,0,
1579,greedy,13998,59,29,budget,1,100,true,7,1725,177,286,0.05084745762711865,0.6949152542372882,0.13559322033898305,0.03389830508474576,0.0847457627118644,12,1,normal,false,5,34,418,7415,1920,945,3300,false,true,true,2755,5,11243,54,1,3
1580,greedy,5928,38,8,budget,0,86,true,6,760,124,180,0.10526315789473684,0.7894736842105263,0.10526315789473684,0,0,6,5,crash,false,4,19,298,5060,570,0,0,false,false,false,0,0,5928,38,0,
1581,greedy,3733,30,0,budget,0,58,true,4,535,78,144,0.4,0.6,0,0,0,2,20,crash,false,4,14,818,2915,0,0,0,false,false,false,0,0,3733,30,0,
1582,greedy,3383,36,6,budget,0,86,true,3,395,80,152,0.4722222222222222,0.5,0.027777777777777776,0,0,5,3,crash,false,8,11,843,2210,330,0,0,false,false,false,0,0,3383,36,0,
1583,greedy,10603,58,28,budget,0,97,true,4,900,174,269,0.06896551724137931,0.6206896551724138,0.1724137931034483,0.13793103448275862,0,12,2,crash,false,5,28,248,5745,2360,2250,0,true,true,false,0,0,10603,58,0,
1584,greedy,5005,36,6,budget,0,83,false,4,1480,102,136,0,0.9722222222222222,0.027777777777777776,0,0,3,3,normal,false,7,16,0,3475,1530,0,0,false,false,true,0,0,5005,36,0,
1585,greedy,14945,66,36,budget,2,100,true,3,1390,216,285,0.015151515151515152,0.6212121212121212,0.19696969696969696,0.015151515151515152,0.15151515151515152,13,5,normal,false,7,32,115,4475,3670,2505,4180,false,true,true,4620,10,10325,56,1,7
1586,greedy,11895,56,26,budget,2,100,false,5,2900,158,203,0,0.625,0.125,0.07142857142857142,0.17857142857142858,8,12,normal,false,6,25,0,3480,2260,1095,5060,false,true,true,2200,10,9695,46,2,4|2
1587,greedy,17331,68,38,budget,2,100,true,5,1820,198,283,0.11764705882352941,0.5,0.17647058823529413,0.058823529411764705,0.14705882352941177,17,6,normal,false,3,41,441,3545,6380,1485,5480,false,true,false,5280,10,12051,58,2,5|4
1588,greedy,3275,30,0,budget,0,62,true,4,585,84,113,0.06666666666666667,0.9333333333333333,0,0,0,1,12,normal,false,3,14,110,3165,0,0,0,false,false,true,0,0,3275,30,0,
1589,greedy,8593,51,21,budget,1,100,true,3,1260,123,176,0.2549019607843137,0.49019607843137253,0.13725490196078433,0.0196078431372549,0.09803921568627451,9,2,normal,false,12,16,588,1780,2040,765,3420,false,false,false,3870,5,4723,46,0,
1590,greedy,5016,38,8,budget,0,85,true,5,590,104,154,0.07894736842105263,0.7894736842105263,0.13157894736842105,0,0,7,1,normal,false,9,15,291,3685,1040,0,0,false,false,false,0,0,5016,38,0,
1591,greedy,4380,34,4,budget,0,83,false,4,700,96,131,0,0.8823529411764706,0.11764705882352941,0,0,2,14,normal,false,5,14,0,3720,660,0,0,false,false,true,0,0,4380,34,0,
1592,greedy,3698,32,4,lock,0,72,true,4,970,81,119,0.0625,0.875,0.0625,0,0,3,16,normal,false,7,13,83,3225,390,0,0,false,false,false,0,0,3698,32,0,
1593,greedy,17782,74,44,budget,2,100,true,4,2480,211,289,0.0945945945945946,0.5135135135135135,0.20270270270270271,0.05405405405405406,0.13513513513513514,17,3,normal,false,6,32,217,4555,3460,3150,6400,false,true,true,7375,10,10407,64,2,2|4
1594,greedy,9131,53,23,budget,1,100,true,7,1590,142,186,0.09433962264150944,0.6792452830188679,0.1320754716981132,0,0.09433962264150944,6,9,crash,false,5,27,106,4765,1420,540,2300,false,false,true,2380,5,6751,48,1,4
1595,greedy,3828,34,4,budget,0,87,true,4,465,85,165,0.4411764705882353,0.5294117647058824,0.029411764705882353,0,0,4,7,normal,false,5,17,1178,2230,420,0,0,false,false,false,0,0,3828,34,0,
1596,greedy,3920,40,10,budget,0,79,true,4,910,106,147,0.05,0.925,0.025,0,0,7,3,normal,false,4,16,205,3625,90,0,0,false,false,true,0,0,3920,40,0,
1597,greedy,8758,50,20,budget,0,94,true,5,1005,160,222,0,0.84,0.14,0.02,0,10,17,normal,false,6,21,318,6095,2210,135,0,true,false,false,0,0,8758,50,0,
1598,greedy,4231,36,6,budget,0,80,true,4,910,99,137,0.08333333333333333,0.8333333333333334,0.08333333333333333,0,0,4,13,normal,false,6,7,211,3750,270,0,0,false,false,false,0,0,4231,36,0,
1599,greedy,14378,53,23,budget,1,100,true,9,2340,186,221,0.07547169811320754,0.5849056603773585,0.20754716981132076,0.03773584905660377,0.09433962264150944,9,7,normal,false,10,24,68,5965,2170,1215,4960,false,true,false,4420,5,9958,48,1,2
1600,greedy,6185,38,8,budget,0,84,true,4,1670,104,182,0.2894736842105263,0.6578947368421053,0.05263157894736842,0,0,8,3,normal,false,7,18,515,3640,2030,0,0,false,false,false,0,0,6185,38,0,
1601,greedy,2867,30,0,budget,0,56,true,4,495,63,114,0.26666666666666666,0.7333333333333333,0,0,0,2,15,crash,false,5,12,347,2520,0,0,0,false,false,false,0,0,2867,30,0,
1602,greedy,3850,34,4,budget,0,73,true,5,1110,81,112,0.029411764705882353,0.9705882352941176,0,0,0,3,1,normal,false,11,11,45,3355,450,0,0,false,false,true,0,0,3850,34,0,
1603,greedy,2476,30,0,budget,0,50,true,3,360,64,125,0.5333333333333333,0.4666666666666667,0,0,0,6,6,crash,false,4,16,666,1810,0,0,0,false,false,false,0,0,2476,30,0,
1604,greedy,11390,49,19,budget,1,100,true,5,1220,184,257,0.061224489795918366,0.7142857142857143,0.08163265306122448,0.04081632653061224,0.10204081632653061,7,3,normal,false,6,23,150,6305,1480,915,2540,false,false,false,2540,5,8850,44,1,3
1605,greedy,800,14,0,lock,0,50,true,3,135,20,57,0.6428571428571429,0.35714285714285715,0,0,0,1,6,crash,false,5,4,400,400,0,0,0,false,false,false,0,0,800,14,0,
1606,greedy,4604,42,12,budget,0,81,true,3,540,97,139,0.047619047619047616,0.8809523809523809,0.07142857142857142,0,0,6,17,normal,false,8,17,219,3035,1350,0,0,false,false,false,0,0,4604,42,0,
1607,greedy,3808,36,6,budget,0,78,true,3,510,86,127,0.05555555555555555,0.9166666666666666,0.027777777777777776,0,0,3,12,crash,false,4,18,23,3245,540,0,0,false,false,false,0,0,3808,36,0,
1608,greedy,5036,30,0,budget,0,64,true,5,675,115,180,0.2,0.8,0,0,0,3,17,normal,false,4,14,631,4405,0,0,0,false,false,true,0,0,5036,30,0,
1609,greedy,2706,32,2,budget,0,70,true,3,240,75,116,0.25,0.75,0,0,0,4,1,normal,false,5,15,311,2395,0,0,0,false,false,false,0,0,2706,32,0,
1610,greedy,3023,36,6,budget,0,84,true,5,528,88,144,0.3611111111111111,0.5555555555555556,0.08333333333333333,0,0,5,1,normal,false,5,16,1203,1490,330,0,0,false,false,false,0,0,3023,36,0,
1611,greedy,4592,34,4,budget,0,76,true,5,1120,110,154,0.29411764705882354,0.6470588235294118,0.058823529411764705,0,0,5,8,normal,false,5,14,657,3545,390,0,0,false,false,false,0,0,4592,34,0,
1612,greedy,7935,43,13,budget,1,100,true,5,1280,135,188,0.11627906976744186,0.6744186046511628,0.06976744186046512,0.023255813953488372,0.11627906976744186,8,6,normal,false,5,19,215,5310,1240,90,1080,false,false,false,930,5,7005,38,1,3
1613,greedy,3913,34,4,budget,0,75,true,4,420,87,129,0.08823529411764706,0.8823529411764706,0.029411764705882353,0,0,3,2,normal,false,5,13,98,3455,360,0,0,false,false,true,0,0,3913,34,0,
1614,greedy,2961,30,0,budget,0,65,true,4,620,81,113,0.2,0.8,0,0,0,2,4,normal,false,4,10,356,2605,0,0,0,false,false,false,0,0,2961,30,0,
1615,greedy,1126,17,0,lock,0,52,true,2,210,32,60,0.35294117647058826,0.6470588235294118,0,0,0,2,9,normal,false,2,6,271,855,0,0,0,false,false,false,0,0,1126,17,0,
1616,greedy,1701,30,0,budget,0,59,true,3,255,51,104,0.5333333333333333,0.4666666666666667,0,0,0,3,5,normal,false,8,10,751,950,0,0,0,false,false,false,0,0,1701,30,0,
1617,greedy,3081,30,0,budget,0,67,true,6,720,75,104,0.2,0.8,0,0,0,3,17,normal,false,4,14,256,2825,0,0,0,false,false,false,0,0,3081,30,0,
1618,greedy,4266,32,2,budget,0,71,true,4,595,97,129,0.15625,0.84375,0,0,0,2,16,normal,false,6,12,301,3965,0,0,0,false,false,false,0,0,4266,32,0,
1619,greedy,7145,30,0,budget,0,57,true,7,1605,102,175,0.1,0.9,0,0,0,0,-1,crash,false,9,8,665,6480,0,0,0,false,false,true,0,0,7145,30,0,
1620,greedy,12359,67,37,budget,1,100,true,5,990,202,288,0.07462686567164178,0.6716417910447762,0.13432835820895522,0.04477611940298507,0.07462686567164178,15,8,normal,false,7,31,359,5080,4590,1170,1160,false,false,false,960,5,11399,62,1,3
1621,greedy,2182,30,0,budget,0,50,true,3,315,68,120,0.36666666666666664,0.6333333333333333,0,0,0,2,21,normal,false,6,9,437,1745,0,0,0,false,false,true,0,0,2182,30,0,
1622,greedy,3186,30,0,budget,0,65,true,5,760,71,93,0.1,0.9,0,0,0,1,26,normal,false,6,7,91,3095,0,0,0,false,false,false,0,0,3186,30,0,
1623,greedy,3730,19,10,lock,0,81,false,6,2470,42,62,0,0.8421052631578947,0.15789473684210525,0,0,4,1,normal,false,5,8,0,1010,2720,0,0,false,false,false,0,0,3730,19,0,
1624,greedy,4725,30,0,budget,0,59,true,4,1025,91,141,0.1,0.9,0,0,0,3,13,normal,false,7,12,90,4635,0,0,0,false,false,false,0,0,4725,30,0,
1625,greedy,3990,30,0,budget,0,58,true,4,510,97,135,0.03333333333333333,0.9666666666666667,0,0,0,1,28,normal,false,8,12,80,3910,0,0,0,false,false,true,0,0,3990,30,0,
1626,greedy,3910,34,4,budget,0,77,true,4,520,86,145,0.11764705882352941,0.7941176470588235,0.08823529411764706,0,0,4,2,normal,false,6,13,270,3340,300,0,0,false,false,false,0,0,3910,34,0,
1627,greedy,6625,32,2,budget,0,72,true,7,1555,108,171,0.1875,0.78125,0.03125,0,0,5,3,normal,false,4,15,285,5740,600,0,0,false,false,true,0,0,6625,32,0,
1628,greedy,2783,30,0,budget,0,57,true,3,315,64,138,0.5,0.5,0,0,0,3,11,crash,false,2,12,923,1860,0,0,0,false,false,false,0,0,2783,30,0,
1629,greedy,13635,57,27,budget,1,100,false,6,1710,175,239,0,0.7368421052631579,0.15789473684210525,0.017543859649122806,0.08771929824561403,11,1,normal,false,6,29,0,4435,5460,1080,2660,false,true,false,2690,5,10945,52,1,2
1630,greedy,2336,30,0,budget,0,67,true,4,555,56,92,0.3333333333333333,0.6666666666666666,0,0,0,1,19,normal,false,7,6,436,1900,0,0,0,false,false,false,0,0,2336,30,0,
1631,greedy,4698,36,6,budget,0,93,true,3,880,95,142,0.05555555555555555,0.8333333333333334,0.08333333333333333,0.027777777777777776,0,5,4,normal,false,4,16,163,2725,1540,270,0,true,false,false,0,0,4698,36,0,
1632,greedy,5004,30,0,budget,0,59,true,5,1090,93,168,0.36666666666666664,0.6333333333333333,0,0,0,3,10,normal,false,9,11,579,4425,0,0,0,false,false,false,0,0,5004,30,0,
1633,greedy,5340,34,4,budget,0,75,false,6,930,113,160,0,0.9705882352941176,0.029411764705882353,0,0,2,11,normal,false,5,11,0,5250,90,0,0,false,false,false,0,0,5340,34,0,
1634,greedy,14545,51,21,budget,1,100,false,5,6120,165,216,0,0.7450980392156863,0.13725490196078433,0.0196078431372549,0.09803921568627451,9,1,normal,false,5,24,0,4905,2040,540,7060,false,false,false,7060,5,7485,46,1,4
1635,greedy,38539,121,91,budget,5,100,true,5,4200,427,537,0.049586776859504134,0.47107438016528924,0.2231404958677686,0.049586776859504134,0.2066115702479339,30,3,normal,false,5,59,204,8145,7170,5640,17380,false,true,true,17160,25,21379,96,4,4|6|3|3
1636,greedy,3055,30,0,budget,0,64,true,3,450,84,117,0.06666666666666667,0.9333333333333333,0,0,0,2,5,normal,false,5,13,160,2895,0,0,0,false,false,false,0,0,3055,30,0,
1637,greedy,2950,23,12,lock,0,94,true,4,510,63,82,0.043478260869565216,0.782608695652174,0.17391304347826086,0,0,6,7,normal,false,7,10,15,2185,480,270,0,true,false,false,0,0,2950,23,0,
1638,greedy,2094,30,0,budget,0,63,true,3,300,64,106,0.36666666666666664,0.6333333333333333,0,0,0,2,24,normal,false,4,12,664,1430,0,0,0,false,false,false,0,0,2094,30,0,
1639,greedy,2444,30,0,budget,0,65,true,3,240,64,96,0.23333333333333334,0.7666666666666667,0,0,0,3,24,normal,false,7,9,249,2195,0,0,0,false,false,true,0,0,2444,30,0,
1640,greedy,2256,30,0,budget,0,52,true,3,225,71,111,0.36666666666666664,0.6333333333333333,0,0,0,4,9,normal,false,6,12,531,1725,0,0,0,false,false,true,0,0,2256,30,0,
1641,greedy,3196,32,2,budget,0,76,true,4,730,86,113,0.09375,0.875,0.03125,0,0,2,18,normal,false,6,14,306,2800,90,0,0,false,false,false,0,0,3196,32,0,
1642,greedy,2612,30,0,budget,0,53,true,6,848,57,96,0.3,0.7,0,0,0,6,6,normal,false,5,13,392,2220,0,0,0,false,false,true,0,0,2612,30,0,
1643,greedy,3200,32,2,budget,0,82,true,3,600,79,116,0.0625,0.90625,0.03125,0,0,2,5,normal,false,10,8,75,2405,720,0,0,false,false,false,0,0,3200,32,0,
1644,greedy,5129,38,8,budget,0,85,true,4,585,116,190,0.13157894736842105,0.8157894736842105,0.05263157894736842,0,0,4,8,crash,false,5,17,364,4105,660,0,0,false,false,false,0,0,5129,38,0,
1645,greedy,5380,36,6,budget,0,80,true,6,1070,110,149,0.1111111111111111,0.8333333333333334,0.05555555555555555,0,0,4,4,normal,false,3,17,375,4555,450,0,0,false,false,false,0,0,5380,36,0,
1646,greedy,17785,67,37,budget,3,100,true,6,1620,213,258,0,0.582089552238806,0.14925373134328357,0.04477611940298507,0.22388059701492538,11,3,normal,false,9,29,60,4800,2090,2475,8360,false,true,false,8120,15,9665,52,2,3|4
1647,greedy,3308,30,0,budget,0,59,true,4,445,86,123,0.13333333333333333,0.8666666666666667,0,0,0,2,13,normal,false,6,11,113,3195,0,0,0,false,false,false,0,0,3308,30,0,
1648,greedy,10695,45,28,lock,2,100,true,3,1020,153,225,0.08888888888888889,0.5111111111111111,0.15555555555555556,0.022222222222222223,0.2222222222222222,10,3,normal,false,2,26,95,3840,3030,390,3340,false,false,false,3570,10,7125,35,0,
1649,greedy,8030,38,8,budget,0,89,false,6,1360,124,186,0,0.9473684210526315,0.05263157894736842,0,0,3,17,normal,false,5,21,0,6150,1340,540,0,false,false,true,0,0,8030,38,0,
1650,greedy,5608,40,10,budget,0,91,true,4,620,94,153,0.125,0.65,0.225,0,0,7,2,crash,false,7,15,93,3175,1530,810,0,true,false,false,0,0,5608,40,0,
1651,greedy,585,8,0,lock,0,50,true,2,165,12,29,0.375,0.625,0,0,0,3,4,normal,false,3,4,135,450,0,0,0,false,false,true,0,0,585,8,0,
1652,greedy,6095,42,12,budget,0,97,true,5,995,109,138,0.023809523809523808,0.8333333333333334,0.09523809523809523,0.047619047619047616,0,5,16,normal,false,12,18,65,3535,800,1695,0,true,true,true,0,0,6095,42,0,
1653,greedy,5510,42,12,budget,0,87,false,3,895,115,166,0,0.8809523809523809,0.11904761904761904,0,0,4,2,normal,false,4,21,0,3685,1150,675,0,false,false,true,0,0,5510,42,0,
1654,greedy,2955,18,4,lock,0,75,true,6,1020,58,88,0.16666666666666666,0.7777777777777778,0.05555555555555555,0,0,3,6,crash,false,3,8,195,2490,270,0,0,false,false,true,0,0,2955,18,0,
1655,greedy,4551,34,4,budget,0,81,true,5,510,97,157,0.3235294117647059,0.6470588235294118,0.029411764705882353,0,0,7,8,crash,false,4,18,706,3365,480,0,0,false,false,true,0,0,4551,34,0,
1656,greedy,13370,40,35,lock,1,100,false,5,3000,143,195,0,0.575,0.275,0.025,0.125,15,2,normal,false,4,26,0,2830,5000,3000,2540,false,true,false,2480,5,10890,35,1,4
1657,greedy,8075,45,15,budget,1,100,true,4,1360,134,189,0.022222222222222223,0.7777777777777778,0.08888888888888889,0,0.1111111111111111,5,18,normal,false,7,22,15,4530,770,180,2580,false,false,false,1480,5,6595,40,1,2
1658,greedy,3838,34,4,budget,0,72,true,4,330,96,133,0.11764705882352941,0.8529411764705882,0.029411764705882353,0,0,3,2,normal,false,6,11,188,3380,270,0,0,false,false,false,0,0,3838,34,0,
1659,greedy,15680,76,46,budget,0,98,true,4,1960,241,329,0.013157894736842105,0.6578947368421053,0.27631578947368424,0.05263157894736842,0,20,1,normal,false,5,36,20,6165,5760,3735,0,true,true,false,0,0,15680,76,0,
1660,greedy,24155,62,32,budget,2,100,true,8,10340,221,311,0.06451612903225806,0.6129032258064516,0.12903225806451613,0.03225806451612903,0.16129032258064516,14,2,normal,false,6,35,365,5850,1540,1080,15320,false,true,false,14710,10,9445,52,2,4|5
1661,greedy,8210,41,11,budget,1,100,true,5,1500,131,172,0.04878048780487805,0.7560975609756098,0.04878048780487805,0.024390243902439025,0.12195121951219512,5,9,normal,false,8,18,70,4215,640,1065,2220,false,false,false,2460,5,5750,36,1,2
1662,greedy,7300,39,9,budget,1,100,true,3,2560,113,173,0.3076923076923077,0.5384615384615384,0.02564102564102564,0,0.1282051282051282,7,7,normal,false,6,18,685,2515,460,0,3640,false,false,true,3640,5,3660,34,0,
1663,greedy,1949,30,0,budget,0,69,true,3,245,67,112,0.5333333333333333,0.4666666666666667,0,0,0,5,4,normal,false,4,13,669,1280,0,0,0,false,false,true,0,0,1949,30,0,
1664,greedy,4395,36,6,budget,0,92,true,4,460,100,142,0.1388888888888889,0.7222222222222222,0.05555555555555555,0.08333333333333333,0,4,18,normal,false,10,15,430,2515,1000,450,0,true,false,false,0,0,4395,36,0,
1665,greedy,3510,32,2,budget,0,80,false,5,870,86,110,0,1,0,0,0,1,13,normal,false,9,12,0,3330,180,0,0,false,false,false,0,0,3510,32,0,
1666,greedy,20205,76,46,budget,2,100,true,7,3575,259,326,0.013157894736842105,0.618421052631579,0.21052631578947367,0.02631578947368421,0.13157894736842105,19,1,normal,false,5,41,20,6075,4050,3240,6820,false,true,true,5920,10,14285,66,2,9|2
1667,greedy,2378,24,6,lock,0,94,true,3,360,59,85,0.25,0.6666666666666666,0,0.08333333333333333,0,5,3,normal,false,6,10,193,1495,240,450,0,true,false,true,0,0,2378,24,0,
1668,greedy,3519,32,2,budget,0,70,true,4,405,76,136,0.25,0.75,0,0,0,4,9,crash,false,3,16,309,3210,0,0,0,false,false,true,0,0,3519,32,0,
1669,greedy,3545,30,0,budget,0,64,true,5,850,69,114,0.3,0.7,0,0,0,2,12,normal,false,8,12,235,3310,0,0,0,false,false,true,0,0,3545,30,0,
1670,greedy,5610,46,16,budget,0,87,true,5,560,126,176,0.043478260869565216,0.8043478260869565,0.15217391304347827,0,0,8,9,normal,false,4,22,75,4475,1060,0,0,false,false,false,0,0,5610,46,0,
1671,greedy,28808,95,65,budget,3,100,true,5,2830,310,419,0.010526315789473684,0.6,0.2,0.031578947368421054,0.15789473684210525,24,8,normal,false,9,43,83,5905,6680,6060,10080,false,true,false,9815,15,18993,80,3,2|8|3
1672,greedy,7049,40,10,budget,0,80,true,6,1150,127,197,0.2,0.75,0.05,0,0,10,1,normal,false,4,18,349,4470,2230,0,0,false,false,false,0,0,7049,40,0,
1673,greedy,3383,32,2,budget,0,70,true,5,705,81,117,0.25,0.75,0,0,0,6,1,normal,false,3,13,358,3025,0,0,0,false,false,false,0,0,3383,32,0,
1674,greedy,3742,32,2,budget,0,70,true,5,715,69,131,0.34375,0.65625,0,0,0,3,1,normal,false,6,10,352,2850,540,0,0,false,false,false,0,0,3742,32,0,
1675,greedy,2117,30,0,budget,0,50,true,3,205,67,124,0.43333333333333335,0.5666666666666667,0,0,0,4,8,normal,false,3,13,842,1275,0,0,0,false,false,false,0,0,2117,30,0,
1676,greedy,2570,30,0,budget,0,64,true,3,285,67,106,0.06666666666666667,0.9333333333333333,0,0,0,2,9,normal,false,7,10,75,2495,0,0,0,false,false,false,0,0,2570,30,0,
1677,greedy,5153,34,4,budget,0,84,true,4,590,112,169,0.08823529411764706,0.8529411764705882,0.058823529411764705,0,0,3,1,normal,false,8,14,263,4080,810,0,0,false,false,true,0,0,5153,34,0,
1678,greedy,18133,72,42,budget,2,100,true,5,2140,215,313,0.041666666666666664,0.6527777777777778,0.1388888888888889,0.027777777777777776,0.1388888888888889,18,12,normal,false,5,42,228,5665,3820,1920,6500,false,true,false,6390,10,11743,62,2,2|5
1679,greedy,45,1,0,lock,0,50,false,1,45,0,3,0,1,0,0,0,0,-1,normal,false,1,0,0,45,0,0,0,false,false,false,0,0,45,1,0,
1680,greedy,2571,30,0,budget,0,67,true,4,271,60,128,0.4666666666666667,0.5333333333333333,0,0,0,2,16,crash,false,6,12,841,1730,0,0,0,false,false,false,0,0,2571,30,0,
1681,greedy,10815,49,19,budget,1,100,true,5,2115,145,215,0.04081632653061224,0.7346938775510204,0.08163265306122448,0.04081632653061224,0.10204081632653061,6,7,crash,false,12,18,20,3720,1680,2295,3100,false,true,false,3160,5,7655,44,1,3
1682,greedy,3321,30,0,budget,0,55,true,5,705,74,117,0.2,0.8,0,0,0,3,21,crash,false,3,14,306,3015,0,0,0,false,false,false,0,0,3321,30,0,
1683,greedy,1969,30,0,budget,0,50,true,3,435,42,108,0.6,0.4,0,0,0,3,10,crash,false,10,7,664,1305,0,0,0,false,false,false,0,0,1969,30,0,
1684,greedy,3532,32,2,budget,0,70,true,4,690,72,132,0.34375,0.65625,0,0,0,5,3,crash,false,8,10,547,2985,0,0,0,false,false,false,0,0,3532,32,0,
1685,greedy,7360,44,14,budget,0,96,false,4,990,148,201,0,0.8409090909090909,0.11363636363636363,0.045454545454545456,0,6,11,normal,false,4,21,0,5425,1530,405,0,true,true,false,0,0,7360,44,0,
1686,greedy,2066,30,0,budget,0,56,true,3,345,55,109,0.5,0.5,0,0,0,4,16,normal,false,7,9,776,1290,0,0,0,false,false,true,0,0,2066,30,0,
1687,greedy,10143,60,30,budget,0,98,true,4,1245,181,253,0.08333333333333333,0.7,0.16666666666666666,0.05,0,11,1,crash,false,4,26,113,5410,2370,2250,0,true,true,false,0,0,10143,60,0,
1688,greedy,4580,36,6,budget,0,85,true,5,600,92,131,0.027777777777777776,0.8888888888888888,0.08333333333333333,0,0,3,15,normal,false,6,15,15,3795,770,0,0,false,false,false,0,0,4580,36,0,
1689,greedy,9926,51,21,budget,1,100,true,6,2500,153,205,0.0784313725490196,0.6862745098039216,0.13725490196078433,0,0.09803921568627451,10,7,normal,false,6,22,146,4700,2940,0,2140,false,false,false,2100,5,7826,46,1,2
1690,greedy,3039,30,0,budget,0,56,true,4,570,77,122,0.3,0.7,0,0,0,2,16,normal,false,4,11,294,2745,0,0,0,false,false,false,0,0,3039,30,0,
1691,greedy,5039,42,12,budget,0,97,true,3,390,103,161,0.2619047619047619,0.5238095238095238,0.16666666666666666,0.047619047619047616,0,8,1,crash,false,6,14,359,2860,1370,450,0,true,true,false,0,0,5039,42,0,
1692,greedy,4431,30,0,budget,0,61,true,4,640,91,151,0.2,0.8,0,0,0,1,12,normal,false,7,13,271,4160,0,0,0,false,false,true,0,0,4431,30,0,
1693,greedy,4018,40,10,budget,0,82,true,4,730,84,133,0.3,0.65,0.05,0,0,7,1,normal,false,5,14,438,2200,1380,0,0,false,false,true,0,0,4018,40,0,
1694,greedy,6973,42,12,budget,0,94,true,4,1290,116,187,0.11904761904761904,0.7619047619047619,0.07142857142857142,0.047619047619047616,0,7,15,crash,false,4,22,333,3690,2680,270,0,true,false,true,0,0,6973,42,0,
1695,greedy,4795,36,6,budget,0,75,true,5,710,106,154,0.027777777777777776,0.9444444444444444,0.027777777777777776,0,0,3,7,crash,false,7,13,155,3980,660,0,0,false,false,false,0,0,4795,36,0,
1696,greedy,5388,34,4,budget,0,89,true,7,2130,87,167,0.38235294117647056,0.5294117647058824,0.058823529411764705,0.029411764705882353,0,5,2,crash,false,6,12,808,4050,350,180,0,false,false,false,0,0,5388,34,0,
1697,greedy,9500,43,13,budget,1,100,false,3,1620,133,170,0,0.813953488372093,0.06976744186046512,0,0.11627906976744186,3,1,normal,false,7,14,0,3120,820,180,5380,false,false,false,4260,5,5240,38,1,2
1698,greedy,11665,58,28,budget,0,93,true,4,1620,175,240,0,0.7413793103448276,0.20689655172413793,0.05172413793103448,0,11,12,normal,false,3,29,30,4890,4720,2025,0,true,false,false,0,0,11665,58,0,
1699,greedy,4075,30,0,budget,0,50,true,4,540,98,153,0.26666666666666666,0.7333333333333333,0,0,0,4,5,normal,false,3,14,655,3420,0,0,0,false,false,true,0,0,4075,30,0,
1700,greedy,10623,45,15,budget,1,100,true,7,4040,133,187,0.06666666666666667,0.7555555555555555,0.06666666666666667,0,0.1111111111111111,5,1,crash,false,7,17,53,4530,440,1620,3980,false,false,false,5500,5,5123,40,1,2
1701,greedy,16470,62,32,budget,2,100,true,6,2400,222,299,0.03225806451612903,0.5806451612903226,0.1774193548387097,0.04838709677419355,0.16129032258064516,11,2,normal,false,4,30,75,5550,2540,2025,6280,false,false,false,7170,10,9300,52,2,2|4
1702,greedy,4972,38,8,budget,0,87,true,6,720,97,168,0.3157894736842105,0.5789473684210527,0.10526315789473684,0,0,10,3,normal,false,4,19,977,2855,1140,0,0,false,false,false,0,0,4972,38,0,
1703,greedy,2823,30,0,budget,0,57,true,4,450,65,103,0.16666666666666666,0.8333333333333334,0,0,0,3,6,normal,false,4,12,228,2595,0,0,0,false,false,true,0,0,2823,30,0,
1704,greedy,6480,38,8,budget,0,94,false,3,1020,121,171,0,0.8421052631578947,0.15789473684210525,0,0,3,30,normal,false,5,18,0,3440,2770,270,0,true,false,true,0,0,6480,38,0,
1705,greedy,2224,30,0,budget,0,52,true,3,480,51,107,0.43333333333333335,0.5666666666666667,0,0,0,2,21,crash,false,6,11,534,1690,0,0,0,false,false,false,0,0,2224,30,0,
1706,greedy,2149,30,0,budget,0,56,true,3,285,60,99,0.3333333333333333,0.6666666666666666,0,0,0,3,14,normal,false,4,12,299,1850,0,0,0,false,false,true,0,0,2149,30,0,
1707,greedy,4305,34,4,budget,0,92,true,4,600,93,135,0.058823529411764705,0.8235294117647058,0.08823529411764706,0.029411764705882353,0,3,4,crash,false,5,16,30,3870,270,135,0,true,false,false,0,0,4305,34,0,
1708,greedy,4035,30,0,budget,0,67,true,5,775,89,135,0.13333333333333333,0.8666666666666667,0,0,0,3,14,normal,false,4,12,105,3930,0,0,0,false,false,false,0,0,4035,30,0,
1709,greedy,5305,38,8,budget,0,97,false,5,1595,89,130,0,0.868421052631579,0.10526315789473684,0.02631578947368421,0,3,21,normal,false,8,18,0,2620,1110,1575,0,true,true,true,0,0,5305,38,0,
1710,greedy,9381,53,23,budget,1,100,true,5,1140,146,208,0.03773584905660377,0.6792452830188679,0.1509433962264151,0.03773584905660377,0.09433962264150944,9,1,normal,false,5,22,346,3920,3240,975,900,false,true,false,1120,5,8261,48,1,2
1711,greedy,600,8,0,lock,0,62,true,2,210,14,24,0.125,0.875,0,0,0,1,5,normal,false,4,2,20,580,0,0,0,false,false,true,0,0,600,8,0,
1712,greedy,3620,30,0,budget,0,62,true,4,495,75,121,0.03333333333333333,0.9666666666666667,0,0,0,1,7,normal,false,5,11,85,3535,0,0,0,false,false,false,0,0,3620,30,0,
1713,greedy,1565,13,2,lock,0,72,true,3,450,37,58,0.07692307692307693,0.8461538461538461,0.07692307692307693,0,0,2,2,normal,false,4,6,40,1405,120,0,0,false,false,true,0,0,1565,13,0,
1714,greedy,16841,64,34,budget,2,100,true,6,5320,195,261,0.0625,0.484375,0.265625,0.03125,0.15625,13,2,normal,false,5,36,336,3015,3960,450,9080,false,false,false,8810,10,8031,54,2,3|5
1715,greedy,8425,42,12,budget,0,91,true,5,1650,138,178,0.023809523809523808,0.8095238095238095,0.14285714285714285,0.023809523809523808,0,7,8,normal,false,4,24,15,5060,3080,270,0,true,false,false,0,0,8425,42,0,
1716,greedy,3909,30,0,budget,0,55,true,6,1340,72,132,0.23333333333333334,0.7666666666666667,0,0,0,4,4,normal,false,5,14,269,3640,0,0,0,false,false,true,0,0,3909,30,0,
1717,greedy,6786,42,12,budget,0,99,true,6,1435,123,187,0.09523809523809523,0.7380952380952381,0.11904761904761904,0.047619047619047616,0,7,1,crash,false,5,20,291,5220,480,795,0,true,true,false,0,0,6786,42,0,
1718,greedy,20310,73,43,budget,3,100,true,4,2360,227,305,0.0136986301369863,0.5616438356164384,0.1643835616438356,0.0547945205479452,0.2054794520547945,15,1,normal,false,4,40,255,4875,3610,2490,9080,false,true,true,7450,15,12860,58,3,3|5|5
1719,greedy,3891,34,4,budget,0,78,true,3,480,99,150,0.2647058823529412,0.6764705882352942,0.058823529411764705,0,0,3,1,normal,false,6,13,306,3315,270,0,0,false,false,false,0,0,3891,34,0,
1720,greedy,2640,30,0,budget,0,52,true,3,330,60,161,0.7,0.3,0,0,0,2,14,crash,false,4,11,1195,1445,0,0,0,false,false,false,0,0,2640,30,0,
1721,greedy,2638,30,0,budget,0,66,true,3,330,72,105,0.2,0.8,0,0,0,2,15,normal,false,6,8,278,2360,0,0,0,false,false,false,0,0,2638,30,0,
1722,greedy,12825,45,15,budget,1,100,true,5,2760,154,197,0.044444444444444446,0.6888888888888889,0.15555555555555556,0,0.1111111111111111,6,9,crash,false,6,20,15,3665,980,945,7220,false,false,false,5800,5,7025,40,1,3
1723,greedy,4393,30,0,budget,0,63,true,4,800,97,141,0.16666666666666666,0.8333333333333334,0,0,0,2,10,normal,false,3,12,318,4075,0,0,0,false,false,false,0,0,4393,30,0,
1724,greedy,3865,30,0,budget,0,65,false,4,490,96,125,0,1,0,0,0,0,-1,normal,false,5,9,0,3865,0,0,0,false,false,false,0,0,3865,30,0,
1725,greedy,2615,30,0,budget,0,67,true,3,285,63,134,0.3333333333333333,0.6666666666666666,0,0,0,1,29,normal,false,7,9,575,2040,0,0,0,false,false,false,0,0,2615,30,0,
1726,greedy,8334,33,21,lock,1,100,true,6,1680,100,139,0.18181818181818182,0.45454545454545453,0.18181818181818182,0.030303030303030304,0.15151515151515152,12,7,normal,false,3,22,334,2180,2460,120,3240,false,false,false,3120,5,5214,28,1,4
1727,greedy,11351,67,37,budget,1,100,true,4,1260,191,278,0.07462686567164178,0.5970149253731343,0.23880597014925373,0.014925373134328358,0.07462686567164178,14,2,crash,false,6,33,356,4605,4920,450,1020,false,false,false,960,5,10391,62,1,6
1728,greedy,2800,30,0,budget,0,55,true,4,620,70,110,0.1,0.9,0,0,0,2,26,normal,false,6,10,155,2645,0,0,0,false,false,true,0,0,2800,30,0,
1729,greedy,5478,40,10,budget,0,80,true,4,780,116,170,0.2,0.75,0.05,0,0,8,9,normal,false,4,22,353,3475,1650,0,0,false,false,false,0,0,5478,40,0,
1730,greedy,3014,30,0,budget,0,62,true,3,370,70,117,0.36666666666666664,0.6333333333333333,0,0,0,6,9,normal,false,6,9,469,2545,0,0,0,false,false,false,0,0,3014,30,0,
1731,greedy,3458,30,0,budget,0,50,true,6,1125,65,120,0.36666666666666664,0.6333333333333333,0,0,0,4,9,normal,false,4,11,408,3050,0,0,0,false,false,true,0,0,3458,30,0,
1732,greedy,2212,30,0,budget,0,69,true,6,601,67,97,0.5333333333333333,0.4666666666666667,0,0,0,5,10,normal,false,6,7,1027,1185,0,0,0,false,false,true,0,0,2212,30,0,
1733,greedy,2601,30,0,budget,0,58,true,4,760,64,103,0.3,0.7,0,0,0,3,11,normal,false,8,9,216,2385,0,0,0,false,false,false,0,0,2601,30,0,
1734,greedy,3025,34,4,budget,0,78,true,3,315,77,107,0.029411764705882353,0.9117647058823529,0.058823529411764705,0,0,3,2,normal,false,6,13,75,2770,180,0,0,false,false,false,0,0,3025,34,0,
1735,greedy,3410,30,0,budget,0,50,true,6,885,78,130,0.3333333333333333,0.6666666666666666,0,0,0,3,8,normal,false,5,15,900,2510,0,0,0,false,false,false,0,0,3410,30,0,
1736,greedy,6015,32,2,budget,0,72,true,6,1015,108,171,0,1,0,0,0,1,26,normal,false,8,12,80,5125,810,0,0,false,false,false,0,0,6015,32,0,
1737,greedy,2599,30,0,budget,0,67,true,4,605,65,104,0.3,0.7,0,0,0,5,13,normal,false,5,14,384,2215,0,0,0,false,false,true,0,0,2599,30,0,
1738,greedy,5600,30,0,budget,0,68,true,8,2285,84,174,0.2,0.8,0,0,0,2,20,normal,false,2,15,880,4720,0,0,0,false,false,true,0,0,5600,30,0,
1739,greedy,2177,30,0,budget,0,67,true,3,270,58,98,0.3,0.7,0,0,0,4,18,normal,false,3,13,442,1735,0,0,0,false,false,true,0,0,2177,30,0,
1740,greedy,3395,30,0,budget,0,56,true,4,525,88,121,0.03333333333333333,0.9666666666666667,0,0,0,1,21,normal,false,4,13,15,3380,0,0,0,false,false,true,0,0,3395,30,0,
1741,greedy,3330,30,0,budget,0,55,true,6,1035,66,124,0.26666666666666666,0.7333333333333333,0,0,0,1,25,crash,false,5,12,580,2750,0,0,0,false,false,true,0,0,3330,30,0,
1742,greedy,11186,42,19,lock,1,100,true,5,2190,133,195,0.07142857142857142,0.5714285714285714,0.19047619047619047,0.047619047619047616,0.11904761904761904,8,4,normal,false,3,20,301,3210,1410,3345,2920,false,true,false,2770,5,8416,37,1,5
1743,greedy,4256,36,6,budget,0,80,true,4,500,96,162,0.2777777777777778,0.6944444444444444,0.027777777777777776,0,0,6,1,normal,false,4,18,791,3345,120,0,0,false,false,true,0,0,4256,36,0,
1744,greedy,10120,51,21,budget,1,100,false,4,1500,172,215,0,0.7843137254901961,0.11764705882352941,0,0.09803921568627451,7,10,normal,false,10,22,0,5020,1880,720,2500,false,false,false,3160,5,6960,46,1,2
1745,greedy,3615,34,4,budget,0,81,true,3,325,95,136,0.08823529411764706,0.8529411764705882,0.058823529411764705,0,0,5,2,normal,false,3,20,315,2910,390,0,0,false,false,true,0,0,3615,34,0,
1746,greedy,6890,48,18,budget,0,92,false,5,750,127,181,0,0.8125,0.16666666666666666,0.020833333333333332,0,8,1,normal,false,10,21,0,4155,2330,405,0,true,false,false,0,0,6890,48,0,
1747,greedy,4765,34,4,budget,0,89,false,5,1095,94,125,0,0.9411764705882353,0.029411764705882353,0.029411764705882353,0,1,18,normal,false,4,13,0,4360,270,135,0,false,false,true,0,0,4765,34,0,
1748,greedy,10343,42,12,budget,0,84,true,8,4520,133,219,0.14285714285714285,0.8095238095238095,0.047619047619047616,0,0,11,1,normal,false,4,22,288,5115,4940,0,0,false,false,false,0,0,10343,42,0,
1749,greedy,3006,30,0,budget,0,66,true,3,360,66,132,0.43333333333333335,0.5666666666666667,0,0,0,2,11,crash,false,6,11,621,2385,0,0,0,false,false,false,0,0,3006,30,0,
1750,greedy,2749,30,0,budget,0,67,true,3,315,72,113,0.23333333333333334,0.7666666666666667,0,0,0,4,19,normal,false,5,11,309,2440,0,0,0,false,false,true,0,0,2749,30,0,
1751,greedy,3260,38,8,budget,0,95,true,3,485,72,130,0.42105263157894735,0.5263157894736842,0.05263157894736842,0,0,5,4,normal,false,12,10,465,2075,450,270,0,true,true,false,0,0,3260,38,0,
1752,greedy,13348,41,11,budget,1,100,true,7,4320,143,209,0.17073170731707318,0.6585365853658537,0.04878048780487805,0,0.12195121951219512,6,4,normal,false,5,13,208,5760,1320,0,6060,false,false,false,5610,5,7738,36,0,
1753,greedy,3825,30,0,budget,0,54,true,4,520,82,121,0.06666666666666667,0.9333333333333333,0,0,0,2,28,normal,false,7,10,30,3795,0,0,0,false,false,true,0,0,3825,30,0,
1754,greedy,3804,30,0,budget,0,62,true,4,710,96,140,0.26666666666666666,0.7333333333333333,0,0,0,2,7,normal,false,4,10,759,3045,0,0,0,false,false,false,0,0,3804,30,0,
1755,greedy,8375,51,21,budget,1,100,true,4,1190,146,193,0,0.7647058823529411,0.13725490196078433,0,0.09803921568627451,8,12,normal,false,12,19,60,3715,1880,1080,1640,false,false,false,1580,5,6795,46,1,3
1756,greedy,5979,34,4,budget,0,80,true,5,1185,119,215,0.2647058823529412,0.7352941176470589,0,0,0,5,3,crash,false,3,17,729,4710,540,0,0,false,false,false,0,0,5979,34,0,
1757,greedy,8770,48,18,budget,0,87,true,6,1145,151,211,0.041666666666666664,0.8125,0.14583333333333334,0,0,9,1,crash,false,7,22,15,6895,1860,0,0,false,false,false,0,0,8770,48,0,
1758,greedy,3541,32,2,budget,0,73,true,5,810,71,125,0.1875,0.78125,0.03125,0,0,3,7,crash,false,7,14,136,3195,210,0,0,false,false,false,0,0,3541,32,0,
1759,greedy,3455,30,0,budget,0,54,true,5,555,76,120,0.23333333333333334,0.7666666666666667,0,0,0,3,11,normal,false,4,12,425,3030,0,0,0,false,false,false,0,0,3455,30,0,
1760,greedy,10233,54,24,budget,2,100,true,8,1683,160,212,0.018518518518518517,0.6851851851851852,0.05555555555555555,0.05555555555555555,0.18518518518518517,6,3,normal,false,12,16,363,4605,780,2385,2100,false,true,false,2410,10,7823,44,1,5
1761,greedy,2637,30,0,budget,0,55,true,3,340,71,119,0.3,0.7,0,0,0,2,12,normal,false,8,10,447,2190,0,0,0,false,false,true,0,0,2637,30,0,
1762,greedy,13171,71,41,budget,1,100,true,4,1780,197,263,0.09859154929577464,0.5070422535211268,0.2676056338028169,0.056338028169014086,0.07042253521126761,18,7,normal,false,7,34,296,4015,2260,2460,4140,false,true,true,4000,5,9171,66,1,3
1763,greedy,4850,34,4,budget,0,71,true,5,665,114,155,0.029411764705882353,0.9705882352941176,0,0,0,3,16,normal,false,4,16,70,4480,300,0,0,false,false,true,0,0,4850,34,0,
1764,greedy,4072,34,4,budget,0,82,true,3,315,102,166,0.20588235294117646,0.6764705882352942,0.11764705882352941,0,0,3,7,crash,false,7,17,582,2810,680,0,0,false,false,true,0,0,4072,34,0,
1765,greedy,4150,34,4,budget,0,77,true,4,640,76,148,0.3235294117647059,0.6470588235294118,0.029411764705882353,0,0,5,5,normal,false,5,10,390,3160,600,0,0,false,false,true,0,0,4150,34,0,
1766,greedy,6420,19,19,lock,1,100,false,4,1680,58,68,0,0.3157894736842105,0.3684210526315789,0.05263157894736842,0.2631578947368421,8,1,frenzy,false,1,17,0,310,2300,90,3720,false,false,true,3810,5,2610,14,1,4
1767,greedy,3658,30,0,budget,0,53,true,4,835,76,116,0.1,0.9,0,0,0,1,7,normal,false,3,15,53,3605,0,0,0,false,false,true,0,0,3658,30,0,
1768,greedy,2410,22,0,lock,0,66,true,3,375,52,80,0,1,0,0,0,0,-1,normal,false,4,9,40,2370,0,0,0,false,false,true,0,0,2410,22,0,
1769,greedy,8486,38,8,budget,0,85,true,7,1125,142,221,0.15789473684210525,0.7894736842105263,0.05263157894736842,0,0,6,10,normal,false,4,18,331,7015,1140,0,0,false,false,true,0,0,8486,38,0,
1770,greedy,4480,38,8,budget,0,80,false,4,540,115,143,0,0.9473684210526315,0.05263157894736842,0,0,4,9,normal,false,5,15,0,4300,180,0,0,false,false,false,0,0,4480,38,0,
1771,greedy,8535,37,7,budget,1,100,true,4,2200,100,169,0.43243243243243246,0.3783783783783784,0.05405405405405406,0,0.13513513513513514,6,1,crash,false,7,17,650,2415,570,0,4900,false,false,false,5020,5,3515,32,1,2
1772,greedy,2398,30,0,budget,0,64,true,4,720,54,107,0.5666666666666667,0.43333333333333335,0,0,0,6,8,crash,false,7,11,453,1945,0,0,0,false,false,false,0,0,2398,30,0,
1773,greedy,3408,36,6,budget,0,81,true,4,615,94,138,0.3055555555555556,0.6388888888888888,0.05555555555555555,0,0,5,13,normal,false,11,13,563,2545,300,0,0,false,false,false,0,0,3408,36,0,
1774,greedy,3193,34,4,budget,0,73,true,4,340,79,132,0.08823529411764706,0.8529411764705882,0.058823529411764705,0,0,3,4,normal,false,5,16,158,2825,210,0,0,false,false,true,0,0,3193,34,0,
1775,greedy,4551,40,10,budget,0,98,true,3,420,113,166,0.325,0.525,0.1,0.05,0,9,1,normal,false,6,18,906,2085,810,750,0,true,true,true,0,0,4551,40,0,
1776,greedy,2645,30,0,budget,0,66,false,4,405,65,82,0,1,0,0,0,0,-1,normal,false,6,10,0,2645,0,0,0,false,false,true,0,0,2645,30,0,
1777,greedy,2833,30,0,budget,0,64,true,4,375,62,110,0.16666666666666666,0.8333333333333334,0,0,0,5,15,normal,false,6,12,198,2635,0,0,0,false,false,true,0,0,2833,30,0,
1778,greedy,6965,36,6,budget,0,86,true,5,950,138,191,0.05555555555555555,0.9166666666666666,0.027777777777777776,0,0,3,8,normal,false,4,14,50,6675,240,0,0,false,false,false,0,0,6965,36,0,
1779,greedy,4950,34,4,budget,0,79,false,4,540,100,149,0,0.9705882352941176,0.029411764705882353,0,0,2,12,normal,false,5,14,0,4380,570,0,0,false,false,false,0,0,4950,34,0,
1780,greedy,3903,32,2,budget,0,79,true,4,635,83,149,0.4375,0.5,0.0625,0,0,3,6,crash,false,9,10,933,2530,440,0,0,false,false,false,0,0,3903,32,0,
1781,greedy,6540,38,8,budget,0,82,true,4,690,127,181,0.05263157894736842,0.9210526315789473,0.02631578947368421,0,0,5,1,normal,false,8,18,95,4855,1590,0,0,false,false,false,0,0,6540,38,0,
1782,greedy,2839,30,0,budget,0,66,true,4,515,76,110,0.3,0.7,0,0,0,1,14,normal,false,11,8,434,2405,0,0,0,false,false,false,0,0,2839,30,0,
1783,greedy,4338,30,0,budget,0,58,true,4,545,90,141,0.13333333333333333,0.8666666666666667,0,0,0,3,17,normal,false,3,14,293,4045,0,0,0,false,false,true,0,0,4338,30,0,
1784,greedy,3038,30,0,budget,0,67,true,4,375,70,128,0.2,0.8,0,0,0,2,22,crash,false,6,13,423,2615,0,0,0,false,false,false,0,0,3038,30,0,
1785,greedy,4085,34,4,budget,0,83,true,4,420,89,142,0.058823529411764705,0.9117647058823529,0.029411764705882353,0,0,3,3,crash,false,4,18,275,3360,450,0,0,false,false,false,0,0,4085,34,0,
1786,greedy,11175,45,15,budget,1,100,true,6,1315,160,212,0.022222222222222223,0.6222222222222222,0.17777777777777778,0.06666666666666667,0.1111111111111111,6,17,normal,false,3,27,75,6090,1460,630,2920,false,true,false,2780,5,8395,40,1,3
1787,greedy,3185,30,0,budget,0,62,false,4,640,79,116,0,1,0,0,0,0,-1,normal,false,5,14,0,3185,0,0,0,false,false,true,0,0,3185,30,0,
1788,greedy,2845,32,2,budget,0,70,false,4,400,84,109,0,1,0,0,0,1,11,normal,false,7,8,0,2845,0,0,0,false,false,true,0,0,2845,32,0,
1789,greedy,1054,17,0,lock,0,62,true,3,135,24,62,0.4117647058823529,0.5882352941176471,0,0,0,1,11,crash,false,3,6,349,705,0,0,0,false,false,false,0,0,1054,17,0,
1790,greedy,6427,45,15,budget,1,100,true,3,740,118,165,0.15555555555555556,0.5555555555555556,0.13333333333333333,0.044444444444444446,0.1111111111111111,8,1,crash,false,5,21,377,2630,830,210,2380,false,true,false,1760,5,4667,40,1,4
1791,greedy,4181,30,0,budget,0,50,true,4,515,91,153,0.26666666666666666,0.7333333333333333,0,0,0,1,22,normal,false,8,14,361,3820,0,0,0,false,false,true,0,0,4181,30,0,
1792,greedy,2739,23,0,lock,0,61,true,3,420,66,110,0.34782608695652173,0.6521739130434783,0,0,0,2,7,crash,false,4,11,364,2375,0,0,0,false,false,false,0,0,2739,23,0,
1793,greedy,5795,34,4,budget,0,83,true,5,1730,108,150,0,0.9411764705882353,0.058823529411764705,0,0,2,4,normal,false,5,16,40,3635,2120,0,0,false,false,false,0,0,5795,34,0,
1794,greedy,2505,30,0,budget,0,64,false,3,345,64,89,0,1,0,0,0,0,-1,normal,false,4,11,0,2505,0,0,0,false,false,false,0,0,2505,30,0,
1795,greedy,6545,42,12,budget,0,97,true,5,825,116,163,0.023809523809523808,0.8333333333333334,0.09523809523809523,0.047619047619047616,0,7,7,normal,false,6,22,45,4565,810,1125,0,true,true,true,0,0,6545,42,0,
1796,greedy,3353,30,0,budget,0,63,true,4,570,78,122,0.23333333333333334,0.7666666666666667,0,0,0,2,7,normal,false,3,14,413,2940,0,0,0,false,false,false,0,0,3353,30,0,
1797,greedy,11033,48,21,lock,1,100,true,4,2200,127,177,0.08333333333333333,0.625,0.125,0.0625,0.10416666666666667,8,2,normal,false,11,17,143,2320,1100,2970,4500,false,true,false,4940,5,6093,43,0,
1798,greedy,14475,66,36,budget,2,100,false,5,1175,240,296,0,0.6212121212121212,0.18181818181818182,0.045454545454545456,0.15151515151515152,10,19,normal,false,6,36,0,6730,1880,765,5100,false,true,false,5190,10,9285,56,2,7|3
1799,greedy,5145,35,8,lock,0,99,true,5,790,102,153,0.08571428571428572,0.8285714285714286,0.05714285714285714,0.02857142857142857,0,5,3,normal,false,6,13,260,3745,960,180,0,true,true,false,0,0,5145,35,0,
1800,greedy,3408,30,0,budget,0,57,true,3,380,83,137,0.23333333333333334,0.7666666666666667,0,0,0,2,9,normal,false,4,10,578,2830,0,0,0,false,false,false,0,0,3408,30,0,
1801,greedy,2605,30,0,budget,0,63,true,3,320,79,103,0.03333333333333333,0.9666666666666667,0,0,0,1,14,normal,false,7,9,65,2540,0,0,0,false,false,true,0,0,2605,30,0,
1802,greedy,6253,36,6,budget,0,71,true,4,845,137,188,0.05555555555555555,0.9444444444444444,0,0,0,4,11,normal,false,4,15,223,6030,0,0,0,false,false,true,0,0,6253,36,0,
1803,greedy,3935,30,0,budget,0,65,true,5,975,87,128,0.13333333333333333,0.8666666666666667,0,0,0,3,10,normal,false,3,14,190,3745,0,0,0,false,false,false,0,0,3935,30,0,
1804,greedy,4521,36,6,budget,0,98,true,4,540,99,155,0.19444444444444445,0.7222222222222222,0.05555555555555555,0.027777777777777776,0,4,9,normal,false,5,16,396,3025,920,180,0,true,true,true,0,0,4521,36,0,
1805,greedy,3293,32,2,budget,0,73,true,3,270,91,134,0.25,0.71875,0.03125,0,0,4,2,normal,false,3,15,368,2835,90,0,0,false,false,false,0,0,3293,32,0,
1806,greedy,2260,30,0,budget,0,53,true,3,275,67,122,0.5,0.5,0,0,0,1,21,normal,false,4,11,850,1410,0,0,0,false,false,false,0,0,2260,30,0,
1807,greedy,4061,30,0,budget,0,54,true,6,1370,73,133,0.36666666666666664,0.6333333333333333,0,0,0,3,8,crash,false,6,10,711,3350,0,0,0,false,false,true,0,0,4061,30,0,
1808,greedy,5895,30,18,lock,0,98,false,4,1860,91,127,0,0.8,0.16666666666666666,0.03333333333333333,0,7,8,normal,false,6,17,0,2425,1340,2130,0,true,true,true,0,0,5895,30,0,
1809,greedy,2666,30,0,budget,0,50,true,5,540,56,122,0.23333333333333334,0.7666666666666667,0,0,0,4,12,crash,false,6,10,446,2220,0,0,0,false,false,false,0,0,2666,30,0,
1810,greedy,5656,30,0,budget,0,59,true,5,1665,88,166,0.23333333333333334,0.7666666666666667,0,0,0,3,25,normal,false,4,15,391,5265,0,0,0,false,false,true,0,0,5656,30,0,
1811,greedy,3870,30,0,budget,0,50,true,4,610,81,148,0.3333333333333333,0.6666666666666666,0,0,0,4,15,normal,false,6,10,780,3090,0,0,0,false,false,false,0,0,3870,30,0,
1812,greedy,12610,49,19,budget,1,100,false,6,3200,160,209,0,0.7755102040816326,0.08163265306122448,0.04081632653061224,0.10204081632653061,7,4,normal,false,11,19,0,4400,1770,5160,1280,false,true,false,1580,5,11030,44,1,4
1813,greedy,6108,36,6,budget,0,93,true,4,1500,112,160,0.1388888888888889,0.7222222222222222,0.1111111111111111,0.027777777777777776,0,5,14,normal,false,4,17,378,3270,840,1620,0,true,false,true,0,0,6108,36,0,
1814,greedy,3645,30,0,budget,0,58,true,5,780,85,125,0.06666666666666667,0.9333333333333333,0,0,0,2,10,normal,false,7,13,35,3610,0,0,0,false,false,false,0,0,3645,30,0,
1815,greedy,3120,32,2,budget,0,79,true,4,495,76,113,0,1,0,0,0,1,5,normal,false,5,10,30,2910,180,0,0,false,false,false,0,0,3120,32,0,
1816,greedy,6365,40,10,budget,0,88,true,6,1845,95,159,0.1,0.75,0.15,0,0,6,6,crash,false,7,14,60,3525,2510,270,0,false,false,false,0,0,6365,40,0,
1817,greedy,3156,32,2,budget,0,74,true,4,420,76,129,0.4375,0.53125,0.03125,0,0,3,5,normal,false,6,15,651,2415,90,0,0,false,false,false,0,0,3156,32,0,
1818,greedy,2648,30,0,budget,0,54,true,3,260,70,104,0.16666666666666666,0.8333333333333334,0,0,0,3,14,normal,false,5,13,153,2495,0,0,0,false,false,false,0,0,2648,30,0,
1819,greedy,4585,30,0,budget,0,68,true,6,780,99,171,0.4666666666666667,0.5333333333333333,0,0,0,4,5,normal,false,3,15,1265,3320,0,0,0,false,false,true,0,0,4585,30,0,
1820,greedy,2501,30,0,budget,0,64,true,3,265,65,100,0.26666666666666666,0.7333333333333333,0,0,0,4,9,crash,false,4,11,231,2270,0,0,0,false,false,true,0,0,2501,30,0,
1821,greedy,2447,30,0,budget,0,59,true,4,500,55,93,0.26666666666666666,0.7333333333333333,0,0,0,1,11,crash,false,8,4,152,2295,0,0,0,false,false,false,0,0,2447,30,0,
1822,greedy,5175,34,6,lock,0,78,false,4,580,114,162,0,0.9705882352941176,0.029411764705882353,0,0,3,17,normal,false,6,17,0,4995,180,0,0,false,false,false,0,0,5175,34,0,
1823,greedy,3178,30,0,budget,0,59,true,5,505,66,140,0.43333333333333335,0.5666666666666667,0,0,0,2,13,normal,false,7,12,988,2190,0,0,0,false,false,false,0,0,3178,30,0,
1824,greedy,3115,30,0,budget,0,62,true,4,425,69,121,0.1,0.9,0,0,0,1,25,crash,false,5,15,270,2845,0,0,0,false,false,true,0,0,3115,30,0,
1825,greedy,20005,74,44,budget,2,100,true,5,3000,257,313,0.013513513513513514,0.7162162162162162,0.12162162162162163,0.013513513513513514,0.13513513513513514,16,1,normal,false,9,38,95,5375,4290,1125,9120,false,true,false,10660,10,9345,64,1,2
1826,greedy,4356,30,0,budget,0,58,true,5,855,89,142,0.23333333333333334,0.7666666666666667,0,0,0,1,18,normal,false,3,14,331,4025,0,0,0,false,false,false,0,0,4356,30,0,
1827,greedy,3582,30,0,budget,0,61,true,5,435,83,163,0.3333333333333333,0.6666666666666666,0,0,0,3,17,crash,false,3,14,1472,2110,0,0,0,false,false,false,0,0,3582,30,0,
1828,greedy,18339,68,38,budget,2,100,true,5,2340,252,356,0.058823529411764705,0.7058823529411765,0.058823529411764705,0.029411764705882353,0.14705882352941177,14,1,normal,false,7,36,409,8385,2330,1215,6000,false,false,true,6290,10,12049,58,1,3
1829,greedy,1305,14,0,lock,0,69,true,3,275,34,46,0.07142857142857142,0.9285714285714286,0,0,0,1,7,normal,false,5,4,45,1260,0,0,0,false,false,false,0,0,1305,14,0,
1830,greedy,4621,32,2,budget,0,70,true,5,990,92,172,0.34375,0.65625,0,0,0,4,7,crash,false,7,14,696,3925,0,0,0,false,false,false,0,0,4621,32,0,
1831,greedy,4475,44,14,budget,0,86,true,3,450,120,143,0,0.8636363636363636,0.13636363636363635,0,0,4,13,normal,false,4,15,30,3485,960,0,0,false,false,false,0,0,4475,44,0,
1832,greedy,2165,32,2,budget,0,74,true,3,240,56,90,0.15625,0.84375,0,0,0,4,10,normal,false,7,10,145,1840,180,0,0,false,false,true,0,0,2165,32,0,
1833,greedy,13295,59,29,budget,1,100,true,4,1520,171,280,0.2033898305084746,0.4576271186440678,0.1864406779661017,0.06779661016949153,0.0847457627118644,15,2,crash,false,6,33,815,3900,3580,2400,2600,false,true,true,2450,5,10845,54,1,3
1834,greedy,3125,19,17,lock,1,100,false,3,630,54,42,0,0.47368421052631576,0.21052631578947367,0.05263157894736842,0.2631578947368421,4,5,keto,false,4,10,0,485,870,630,1140,false,false,false,1650,5,1475,14,1,2
1835,greedy,4480,40,10,budget,0,91,true,3,405,99,135,0,0.95,0.025,0.025,0,4,4,normal,false,9,16,30,3700,480,270,0,true,false,false,0,0,4480,40,0,
1836,greedy,22570,81,51,budget,3,100,true,4,3000,266,345,0.18518518518518517,0.37037037037037035,0.20987654320987653,0.04938271604938271,0.18518518518518517,21,4,normal,false,6,39,1210,3565,3050,2085,12660,false,false,false,13010,15,9560,66,3,8|3|2
1837,greedy,4935,28,15,lock,1,100,true,4,505,84,101,0,0.5357142857142857,0.21428571428571427,0.07142857142857142,0.17857142857142858,6,9,normal,false,6,12,40,2135,850,630,1280,false,false,false,1130,5,3805,23,1,6
1838,greedy,3070,30,0,budget,0,65,false,4,405,82,108,0,1,0,0,0,0,-1,normal,false,3,13,0,3070,0,0,0,false,false,false,0,0,3070,30,0,
1839,greedy,10705,59,29,budget,1,100,true,5,3315,130,204,0.01694915254237288,0.6610169491525424,0.2033898305084746,0.03389830508474576,0.0847457627118644,13,5,crash,false,8,30,45,2265,3580,3495,1320,false,true,true,1320,5,9385,54,1,4
1840,greedy,3345,17,2,lock,0,75,false,7,1580,65,77,0,0.9411764705882353,0.058823529411764705,0,0,1,16,normal,false,3,8,0,3255,90,0,0,false,false,false,0,0,3345,17,0,
1841,greedy,5314,41,11,budget,1,100,true,4,1160,96,150,0.4146341463414634,0.3902439024390244,0.04878048780487805,0.024390243902439025,0.12195121951219512,5,2,crash,false,4,12,1034,1470,390,360,2060,false,true,false,2180,5,3134,36,1,3
1842,greedy,8576,55,25,budget,1,100,true,3,810,162,222,0.16363636363636364,0.4909090909090909,0.18181818181818182,0.07272727272727272,0.09090909090909091,11,4,crash,false,8,23,471,3095,1950,1680,1380,false,true,false,1380,5,7196,50,1,6
1843,greedy,4148,32,2,budget,0,72,true,4,500,81,129,0.09375,0.90625,0,0,0,2,9,crash,false,4,11,53,3915,180,0,0,false,false,false,0,0,4148,32,0,
1844,greedy,2862,30,0,budget,0,50,true,5,563,62,117,0.26666666666666666,0.7333333333333333,0,0,0,4,11,crash,false,4,9,897,1965,0,0,0,false,false,false,0,0,2862,30,0,
1845,greedy,4105,36,6,budget,0,95,true,3,360,92,127,0.05555555555555555,0.7777777777777778,0.1388888888888889,0.027777777777777776,0,5,2,normal,false,5,13,45,3415,510,135,0,true,true,false,0,0,4105,36,0,
1846,greedy,12753,47,17,budget,1,100,true,4,1700,171,234,0.06382978723404255,0.723404255319149,0.0851063829787234,0.02127659574468085,0.10638297872340426,8,1,normal,false,4,25,273,5390,1750,360,4980,false,false,true,4300,5,8453,42,1,3
1847,greedy,7471,48,18,budget,0,94,true,5,950,125,216,0.125,0.7083333333333334,0.125,0.041666666666666664,0,12,1,normal,false,4,24,481,4040,2410,540,0,true,false,false,0,0,7471,48,0,
1848,greedy,5466,36,6,budget,0,92,true,5,1060,108,158,0.1388888888888889,0.7777777777777778,0.05555555555555555,0.027777777777777776,0,5,12,normal,false,5,14,271,3785,240,1170,0,true,false,false,0,0,5466,36,0,
1849,greedy,8484,40,18,lock,0,96,true,4,1335,125,193,0.225,0.5,0.225,0.05,0,11,4,crash,false,5,20,434,2970,2920,2160,0,true,true,false,0,0,8484,40,0,
1850,greedy,2840,30,0,budget,0,55,true,2,250,79,117,0.06666666666666667,0.9333333333333333,0,0,0,1,12,normal,false,7,7,130,2710,0,0,0,false,false,true,0,0,2840,30,0,
1851,greedy,2875,30,0,budget,0,50,true,4,360,64,106,0.06666666666666667,0.9333333333333333,0,0,0,2,11,normal,false,4,12,150,2725,0,0,0,false,false,true,0,0,2875,30,0,
1852,greedy,3327,30,0,budget,0,50,true,3,555,81,142,0.4,0.6,0,0,0,4,10,crash,false,5,10,667,2660,0,0,0,false,false,false,0,0,3327,30,0,
1853,greedy,2694,30,0,budget,0,62,true,6,518,57,105,0.23333333333333334,0.7666666666666667,0,0,0,2,18,crash,false,5,9,579,2115,0,0,0,false,false,false,0,0,2694,30,0,
1854,greedy,16420,50,20,budget,2,100,true,8,6435,144,202,0.02,0.64,0.1,0.04,0.2,6,8,normal,false,12,18,195,4020,1020,1245,9940,false,false,false,10285,10,6135,40,2,2|5
1855,greedy,3915,30,0,budget,0,65,true,4,985,93,134,0.06666666666666667,0.9333333333333333,0,0,0,2,7,normal,false,5,8,160,3755,0,0,0,false,false,false,0,0,3915,30,0,
1856,greedy,4429,36,6,budget,0,78,true,4,450,102,152,0.19444444444444445,0.7777777777777778,0.027777777777777776,0,0,7,6,normal,false,3,19,304,3705,420,0,0,false,false,false,0,0,4429,36,0,
1857,greedy,6183,50,20,budget,0,89,true,5,1305,123,160,0.08,0.68,0.22,0.02,0,11,4,normal,false,10,20,103,3385,2560,135,0,false,false,true,0,0,6183,50,0,
1858,greedy,3030,32,2,budget,0,73,true,4,705,76,111,0.09375,0.875,0.03125,0,0,4,2,normal,false,4,13,95,2845,90,0,0,false,false,false,0,0,3030,32,0,
1859,greedy,570,5,0,lock,0,58,false,4,375,12,15,0,1,0,0,0,0,-1,normal,false,2,1,0,570,0,0,0,false,false,false,0,0,570,5,0,
1860,greedy,27205,112,82,budget,4,100,true,6,1830,356,484,0.026785714285714284,0.5267857142857143,0.1875,0.08035714285714286,0.17857142857142858,27,2,crash,false,7,46,515,7345,6610,3615,9120,false,true,false,9480,20,17725,92,4,2|2|2|3
1861,greedy,10055,45,15,budget,1,100,true,4,1620,146,194,0,0.7777777777777778,0.08888888888888889,0.022222222222222223,0.1111111111111111,5,1,normal,false,9,16,40,4075,1020,1560,3360,false,true,false,3480,5,6575,40,1,4
1862,greedy,5080,32,2,budget,0,72,true,6,950,101,137,0.0625,0.90625,0.03125,0,0,3,11,normal,false,3,15,95,4805,180,0,0,false,false,true,0,0,5080,32,0,
1863,greedy,450,6,0,lock,0,57,false,2,120,12,19,0,1,0,0,0,0,-1,normal,false,6,0,0,450,0,0,0,false,false,false,0,0,450,6,0,
1864,greedy,3810,42,12,budget,0,87,true,3,330,101,133,0.07142857142857142,0.7619047619047619,0.16666666666666666,0,0,8,9,normal,false,5,18,205,2535,800,270,0,false,false,true,0,0,3810,42,0,
1865,greedy,4143,30,0,budget,0,57,true,4,755,94,148,0.16666666666666666,0.8333333333333334,0,0,0,2,20,normal,false,3,12,333,3810,0,0,0,false,false,true,0,0,4143,30,0,
1866,greedy,2012,30,0,budget,0,66,true,3,210,57,101,0.3333333333333333,0.6666666666666666,0,0,0,3,12,crash,false,6,7,457,1555,0,0,0,false,false,false,0,0,2012,30,0,
1867,greedy,4228,38,8,budget,0,87,true,3,510,103,169,0.15789473684210525,0.7894736842105263,0.05263157894736842,0,0,5,12,crash,false,5,16,598,2910,720,0,0,false,false,true,0,0,4228,38,0,
1868,greedy,12799,58,28,budget,2,100,true,7,1560,160,238,0.13793103448275862,0.4827586206896552,0.15517241379310345,0.05172413793103448,0.1724137931034483,13,1,crash,false,6,31,219,5120,2000,540,4920,false,true,false,4740,10,8059,48,2,3|3
1869,greedy,3736,32,2,budget,0,79,true,4,565,78,146,0.46875,0.53125,0,0,0,2,17,crash,false,5,13,546,3010,180,0,0,false,false,false,0,0,3736,32,0,
1870,greedy,6205,42,16,lock,0,91,false,5,930,134,169,0,0.8095238095238095,0.19047619047619047,0,0,6,3,normal,false,7,21,0,4600,1200,405,0,true,false,false,0,0,6205,42,0,
1871,greedy,24153,87,57,budget,1,100,true,8,7300,296,431,0.05747126436781609,0.6551724137931034,0.1724137931034483,0.05747126436781609,0.05747126436781609,23,6,normal,false,8,50,433,8575,4370,1935,8840,false,true,true,8870,5,15283,82,0,
1872,greedy,4396,34,4,budget,0,74,true,5,655,83,157,0.35294117647058826,0.6470588235294118,0,0,0,4,1,crash,false,5,11,786,3430,180,0,0,false,false,false,0,0,4396,34,0,
1873,greedy,3966,38,8,budget,0,80,true,3,570,82,159,0.42105263157894735,0.5526315789473685,0.02631578947368421,0,0,8,4,crash,false,3,19,1071,1965,930,0,0,false,false,false,0,0,3966,38,0,
1874,greedy,2222,30,0,budget,0,53,true,3,420,57,105,0.3,0.7,0,0,0,3,6,crash,false,6,9,587,1635,0,0,0,false,false,false,0,0,2222,30,0,
1875,greedy,3600,32,2,budget,0,74,true,5,875,82,139,0.3125,0.65625,0.03125,0,0,3,8,normal,false,5,12,695,2785,120,0,0,false,false,true,0,0,3600,32,0,
1876,greedy,2605,34,4,budget,0,72,true,3,225,72,107,0.23529411764705882,0.7352941176470589,0.029411764705882353,0,0,5,7,normal,false,5,12,365,2090,150,0,0,false,false,true,0,0,2605,34,0,
1877,greedy,5335,30,0,budget,0,64,true,5,705,115,186,0.13333333333333333,0.8666666666666667,0,0,0,3,4,normal,false,4,14,220,5115,0,0,0,false,false,true,0,0,5335,30,0,
1878,greedy,10568,53,23,budget,1,100,true,6,720,174,223,0.018867924528301886,0.6792452830188679,0.20754716981132076,0,0.09433962264150944,8,4,normal,false,4,29,253,4695,3100,180,2340,false,false,false,1980,5,8588,48,1,5
1879,greedy,17123,58,28,budget,2,100,true,8,5420,170,252,0.034482758620689655,0.5689655172413793,0.15517241379310345,0.06896551724137931,0.1724137931034483,11,4,normal,false,6,27,83,3795,6050,1635,5560,false,true,false,3360,10,13763,48,2,8|6
1880,greedy,4052,32,2,budget,0,78,true,5,740,84,160,0.53125,0.46875,0,0,0,2,1,normal,false,14,9,1102,2770,180,0,0,false,false,false,0,0,4052,32,0,
1881,greedy,16305,62,32,budget,2,100,false,5,2400,208,263,0,0.6129032258064516,0.1935483870967742,0.03225806451612903,0.16129032258064516,10,2,normal,false,6,31,0,4885,3180,1620,6620,false,true,false,4240,10,12065,52,2,7|4
1882,greedy,2524,30,0,budget,0,61,true,4,400,65,108,0.23333333333333334,0.7666666666666667,0,0,0,4,5,normal,false,5,14,524,2000,0,0,0,false,false,false,0,0,2524,30,0,
1883,greedy,2720,30,0,budget,0,68,true,3,255,70,95,0.03333333333333333,0.9666666666666667,0,0,0,1,11,normal,false,4,8,15,2705,0,0,0,false,false,true,0,0,2720,30,0,
1884,greedy,1355,8,4,lock,0,78,false,4,510,23,35,0,0.75,0.25,0,0,2,2,normal,false,1,5,0,865,490,0,0,false,false,true,0,0,1355,8,0,
1885,greedy,12405,64,34,budget,2,100,true,4,1340,192,240,0.03125,0.5625,0.1875,0.0625,0.15625,13,5,normal,false,8,29,155,4990,1640,3360,2260,false,true,false,2290,10,10115,54,2,5|6
1886,greedy,2842,30,0,budget,0,54,true,4,985,66,136,0.6,0.4,0,0,0,3,12,crash,false,6,13,717,2125,0,0,0,false,false,false,0,0,2842,30,0,
1887,greedy,3074,30,0,budget,0,59,true,3,515,91,119,0.2,0.8,0,0,0,1,17,normal,false,5,13,194,2880,0,0,0,false,false,true,0,0,3074,30,0,
1888,greedy,2413,32,2,budget,0,78,true,3,270,63,94,0.15625,0.84375,0,0,0,4,13,normal,false,4,11,228,2005,180,0,0,false,false,false,0,0,2413,32,0,
1889,greedy,3149,30,0,budget,0,64,true,3,390,78,124,0.26666666666666666,0.7333333333333333,0,0,0,3,10,normal,false,3,12,379,2770,0,0,0,false,false,false,0,0,3149,30,0,
1890,greedy,3654,30,0,budget,0,52,true,5,665,77,136,0.3,0.7,0,0,0,3,8,crash,false,4,11,394,3260,0,0,0,false,false,false,0,0,3654,30,0,
1891,greedy,6636,38,8,budget,0,96,true,4,1045,121,181,0.13157894736842105,0.7105263157894737,0.13157894736842105,0.02631578947368421,0,6,12,normal,false,5,15,451,3990,1790,405,0,true,true,true,0,0,6636,38,0,
1892,greedy,4058,30,0,budget,0,65,true,6,1320,77,139,0.3,0.7,0,0,0,3,14,crash,false,8,14,433,3625,0,0,0,false,false,false,0,0,4058,30,0,
1893,greedy,3243,30,0,budget,0,65,true,5,428,82,112,0.23333333333333334,0.7666666666666667,0,0,0,3,15,normal,false,4,10,608,2635,0,0,0,false,false,false,0,0,3243,30,0,
1894,greedy,4103,30,0,budget,0,68,true,5,990,90,123,0.13333333333333333,0.8666666666666667,0,0,0,3,8,normal,false,4,10,113,3990,0,0,0,false,false,false,0,0,4103,30,0,
1895,greedy,20375,97,67,budget,3,100,true,4,2440,258,320,0.010309278350515464,0.5463917525773195,0.20618556701030927,0.08247422680412371,0.15463917525773196,27,1,normal,false,10,50,60,5070,4470,3915,6860,false,true,false,3970,15,16405,82,3,6|4|4
1896,greedy,3035,30,0,budget,0,50,true,4,550,75,125,0.13333333333333333,0.8666666666666667,0,0,0,3,10,normal,false,7,11,615,2420,0,0,0,false,false,true,0,0,3035,30,0,
1897,greedy,3340,30,0,budget,0,66,true,4,720,74,111,0.06666666666666667,0.9333333333333333,0,0,0,2,20,normal,false,6,11,40,3300,0,0,0,false,false,false,0,0,3340,30,0,
1898,greedy,3415,34,4,budget,0,85,true,3,405,77,133,0.3235294117647059,0.5882352941176471,0.08823529411764706,0,0,4,2,normal,false,6,10,400,2595,420,0,0,false,false,false,0,0,3415,34,0,
1899,greedy,2356,21,0,lock,0,58,true,4,750,48,94,0.3333333333333333,0.6666666666666666,0,0,0,3,10,normal,false,5,7,261,2095,0,0,0,false,false,false,0,0,2356,21,0,
1900,greedy,12330,61,31,budget,3,100,true,4,1680,159,222,0.04918032786885246,0.47540983606557374,0.18032786885245902,0.04918032786885246,0.2459016393442623,9,13,normal,false,7,25,130,3025,2470,765,5940,false,true,true,5890,15,6440,46,3,3|3|5
1901,greedy,3445,32,2,budget,0,73,true,4,435,87,126,0.125,0.84375,0.03125,0,0,4,2,normal,false,4,17,90,3115,240,0,0,false,false,false,0,0,3445,32,0,
1902,greedy,3214,30,0,budget,0,63,true,5,775,76,140,0.4666666666666667,0.5333333333333333,0,0,0,5,9,normal,false,5,13,669,2545,0,0,0,false,false,true,0,0,3214,30,0,
1903,greedy,3788,30,0,budget,0,64,true,5,610,85,127,0.13333333333333333,0.8666666666666667,0,0,0,3,4,crash,false,7,9,353,3435,0,0,0,false,false,false,0,0,3788,30,0,
1904,greedy,8750,43,13,budget,1,100,true,5,700,143,203,0.046511627906976744,0.7674418604651163,0.046511627906976744,0.023255813953488372,0.11627906976744186,5,10,normal,false,9,17,140,6180,360,90,1980,false,false,false,1470,5,7280,38,1,2
1905,greedy,6185,45,15,budget,1,100,true,4,760,114,164,0.26666666666666666,0.4,0.15555555555555556,0.06666666666666667,0.1111111111111111,8,1,normal,false,4,21,760,2045,880,360,2140,false,true,false,1480,5,4705,40,0,
1906,greedy,3219,32,2,budget,0,74,true,4,420,81,140,0.40625,0.5625,0.03125,0,0,6,5,crash,false,5,15,804,2325,90,0,0,false,false,false,0,0,3219,32,0,
1907,greedy,6945,41,11,budget,1,100,true,4,1215,119,154,0.024390243902439025,0.8048780487804879,0.04878048780487805,0,0.12195121951219512,3,7,normal,false,5,17,90,3250,180,1005,2420,false,false,true,2835,5,4110,36,1,2
1908,greedy,9976,36,6,budget,0,85,true,9,5040,128,181,0.1111111111111111,0.7222222222222222,0.16666666666666666,0,0,5,10,keto,false,6,14,336,4090,5550,0,0,false,false,false,0,0,9976,36,0,
1909,greedy,4423,32,2,budget,0,74,true,5,720,80,142,0.28125,0.71875,0,0,0,6,1,crash,false,3,13,323,3920,180,0,0,false,false,true,0,0,4423,32,0,
1910,greedy,12555,51,21,budget,1,100,true,4,1800,163,245,0.0196078431372549,0.6862745098039216,0.13725490196078433,0.058823529411764705,0.09803921568627451,9,2,normal,false,6,27,70,4040,1570,3135,3740,false,true,true,4160,5,8395,46,1,5
1911,greedy,45370,166,136,budget,4,100,true,6,3630,538,660,0.012048192771084338,0.42771084337349397,0.3132530120481928,0.12650602409638553,0.12048192771084337,52,1,normal,false,7,96,95,9470,12130,13035,10640,false,true,false,9680,20,35690,146,3,7|8|4
1912,greedy,2312,30,0,budget,0,59,true,3,225,61,104,0.3,0.7,0,0,0,3,7,normal,false,7,8,502,1810,0,0,0,false,false,false,0,0,2312,30,0,
1913,greedy,3176,32,2,budget,0,75,true,3,450,77,125,0.125,0.875,0,0,0,3,5,normal,false,4,14,266,2640,270,0,0,false,false,true,0,0,3176,32,0,
1914,greedy,10607,45,15,budget,1,100,true,5,3180,130,192,0.26666666666666666,0.5111111111111111,0.06666666666666667,0.044444444444444446,0.1111111111111111,9,1,normal,false,6,21,592,2600,600,1395,5420,false,true,false,2330,5,8277,40,1,5
1915,greedy,8719,36,6,budget,0,98,true,5,2520,129,193,0.08333333333333333,0.8611111111111112,0.05555555555555555,0,0,3,4,normal,false,7,17,169,5220,1170,2160,0,true,true,true,0,0,8719,36,0,
1916,greedy,4590,36,6,budget,0,87,true,3,460,102,151,0.08333333333333333,0.8333333333333334,0.08333333333333333,0,0,3,15,crash,false,7,15,235,3915,440,0,0,false,false,false,0,0,4590,36,0,
1917,greedy,1875,13,15,lock,1,100,false,2,400,42,37,0,0.46153846153846156,0.23076923076923078,0.15384615384615385,0.15384615384615385,5,5,frenzy,false,2,8,0,620,850,225,180,false,false,false,270,2,1605,11,1,4
1918,greedy,2143,30,0,budget,0,50,true,3,255,52,96,0.2,0.8,0,0,0,2,19,normal,false,10,7,308,1835,0,0,0,false,false,true,0,0,2143,30,0,
1919,greedy,2368,30,0,budget,0,50,true,3,225,66,127,0.5333333333333333,0.4666666666666667,0,0,0,4,15,crash,false,4,13,1148,1220,0,0,0,false,false,false,0,0,2368,30,0,
1920,greedy,5291,30,0,budget,0,62,true,6,960,91,167,0.23333333333333334,0.7666666666666667,0,0,0,4,6,normal,false,5,12,681,4610,0,0,0,false,false,false,0,0,5291,30,0,
1921,greedy,14934,73,43,budget,3,100,true,4,1610,227,297,0.1095890410958904,0.4657534246575342,0.1917808219178082,0.0273972602739726,0.2054794520547945,16,7,crash,false,5,40,404,4300,4150,360,5720,false,false,true,5340,15,9594,58,3,2|2|5
1922,greedy,2173,30,0,budget,0,66,true,4,405,58,119,0.6333333333333333,0.36666666666666664,0,0,0,2,15,crash,false,7,9,843,1330,0,0,0,false,false,true,0,0,2173,30,0,
1923,greedy,16270,58,28,budget,2,100,true,5,1700,192,257,0.017241379310344827,0.6206896551724138,0.1724137931034483,0.017241379310344827,0.1724137931034483,9,1,normal,false,7,29,85,5645,2270,870,7400,false,true,false,6770,10,9500,48,1,4
1924,greedy,3672,30,0,budget,0,55,true,4,540,97,146,0.4,0.6,0,0,0,5,6,normal,false,5,15,852,2820,0,0,0,false,false,false,0,0,3672,30,0,
1925,greedy,4234,30,0,budget,0,63,true,6,840,86,143,0.26666666666666666,0.7333333333333333,0,0,0,2,22,crash,false,5,11,394,3840,0,0,0,false,false,false,0,0,4234,30,0,
1926,greedy,6070,32,2,budget,0,71,false,6,1095,105,165,0,1,0,0,0,1,3,normal,false,3,13,0,6070,0,0,0,false,false,true,0,0,6070,32,0,
1927,greedy,5265,48,18,budget,0,85,true,4,540,107,160,0.041666666666666664,0.75,0.20833333333333334,0,0,10,2,normal,false,5,24,60,3885,1320,0,0,false,false,true,0,0,5265,48,0,
1928,greedy,2915,30,0,budget,0,62,true,3,480,76,111,0.16666666666666666,0.8333333333333334,0,0,0,2,13,normal,false,7,11,165,2750,0,0,0,false,false,false,0,0,2915,30,0,
1929,greedy,2455,30,0,budget,0,50,true,3,315,69,112,0.3333333333333333,0.6666666666666666,0,0,0,4,11,normal,false,5,9,680,1775,0,0,0,false,false,false,0,0,2455,30,0,
1930,greedy,3088,30,0,budget,0,62,true,4,260,82,135,0.06666666666666667,0.9333333333333333,0,0,0,2,12,normal,false,3,14,283,2805,0,0,0,false,false,true,0,0,3088,30,0,
1931,greedy,8573,44,19,lock,1,100,true,4,1620,149,205,0.09090909090909091,0.5909090909090909,0.18181818181818182,0.022727272727272728,0.11363636363636363,10,7,normal,false,5,24,438,3980,2490,405,1260,false,true,true,1180,5,7393,39,1,8
1932,greedy,3189,30,0,budget,0,50,true,5,795,68,125,0.43333333333333335,0.5666666666666667,0,0,0,6,11,normal,false,4,14,584,2605,0,0,0,false,false,false,0,0,3189,30,0,
1933,greedy,3709,30,0,budget,0,50,true,6,1080,62,140,0.5666666666666667,0.43333333333333335,0,0,0,3,11,crash,false,4,9,719,2990,0,0,0,false,false,false,0,0,3709,30,0,
1934,greedy,4050,30,0,budget,0,64,true,5,595,103,139,0.13333333333333333,0.8666666666666667,0,0,0,2,17,normal,false,4,10,345,3705,0,0,0,false,false,false,0,0,4050,30,0,
1935,greedy,5220,38,8,budget,0,94,false,3,825,84,127,0,0.9210526315789473,0.07894736842105263,0,0,3,1,normal,false,7,12,0,2990,880,1350,0,true,false,false,0,0,5220,38,0,
1936,greedy,10895,50,20,budget,0,90,false,9,3990,168,217,0,0.8,0.18,0.02,0,10,12,normal,false,4,24,0,4790,5970,135,0,true,false,false,0,0,10895,50,0,
1937,greedy,3668,30,0,budget,0,50,true,5,705,78,138,0.13333333333333333,0.8666666666666667,0,0,0,2,11,normal,false,5,13,208,3460,0,0,0,false,false,true,0,0,3668,30,0,
1938,greedy,3335,32,2,budget,0,75,true,3,325,90,120,0.1875,0.78125,0.03125,0,0,5,4,normal,false,3,17,255,2990,90,0,0,false,false,false,0,0,3335,32,0,
1939,greedy,8623,52,22,budget,0,87,true,7,1875,158,212,0.07692307692307693,0.7692307692307693,0.15384615384615385,0,0,11,1,normal,false,5,24,88,7035,1500,0,0,false,false,true,0,0,8623,52,0,
1940,greedy,6618,44,14,budget,0,95,true,4,720,124,187,0.11363636363636363,0.7045454545454546,0.13636363636363635,0.045454545454545456,0,9,3,normal,false,3,26,363,4470,1410,375,0,true,true,false,0,0,6618,44,0,
1941,greedy,3803,30,0,budget,0,69,true,6,1080,68,124,0.23333333333333334,0.7666666666666667,0,0,0,1,28,normal,false,5,9,423,3380,0,0,0,false,false,false,0,0,3803,30,0,
1942,greedy,5330,30,0,budget,0,65,true,8,1463,82,179,0.4666666666666667,0.5333333333333333,0,0,0,4,14,normal,false,5,16,1160,4170,0,0,0,false,false,true,0,0,5330,30,0,
1943,greedy,10421,47,17,budget,1,100,true,4,1590,150,229,0.23404255319148937,0.574468085106383,0.06382978723404255,0.02127659574468085,0.10638297872340426,10,8,crash,false,3,24,651,3825,1900,1425,2620,false,false,false,2770,5,7651,42,1,3
1944,greedy,4685,38,8,budget,0,82,true,4,640,106,144,0.15789473684210525,0.7894736842105263,0.05263157894736842,0,0,5,13,normal,false,10,11,230,3345,1110,0,0,false,false,false,0,0,4685,38,0,
1945,greedy,6958,54,24,budget,0,96,true,5,1605,131,175,0.12962962962962962,0.5740740740740741,0.2777777777777778,0.018518518518518517,0,13,1,normal,false,5,25,248,2680,2680,1350,0,true,true,false,0,0,6958,54,0,
1946,greedy,7505,54,24,budget,0,98,false,3,985,138,190,0,0.7592592592592593,0.2037037037037037,0.037037037037037035,0,10,6,normal,false,10,17,0,3685,1750,2070,0,true,true,false,0,0,7505,54,0,
1947,greedy,11145,63,33,budget,1,100,true,5,1890,193,226,0.015873015873015872,0.6507936507936508,0.19047619047619047,0.06349206349206349,0.07936507936507936,13,7,normal,false,9,26,40,4400,2740,2805,1160,false,true,false,1010,5,10135,58,1,3
1948,greedy,9795,49,19,budget,1,100,true,5,1080,149,183,0.02040816326530612,0.6122448979591837,0.16326530612244897,0.10204081632653061,0.10204081632653061,9,5,normal,false,7,25,15,4965,780,855,3180,false,true,false,2310,5,7485,44,1,5
1949,greedy,15529,67,37,budget,1,100,true,5,2900,218,294,0.11940298507462686,0.5074626865671642,0.22388059701492538,0.07462686567164178,0.07462686567164178,16,1,normal,false,6,36,219,4475,5380,1095,4360,false,true,false,1640,5,13889,62,1,2
1950,greedy,4595,34,4,budget,0,78,true,4,510,112,140,0,0.9411764705882353,0.058823529411764705,0,0,2,14,normal,false,7,13,250,4075,270,0,0,false,false,false,0,0,4595,34,0,
1951,greedy,3424,32,2,budget,0,71,true,4,400,95,135,0.3125,0.6875,0,0,0,5,3,normal,false,4,14,639,2605,180,0,0,false,false,false,0,0,3424,32,0,
1952,greedy,4609,30,0,budget,0,62,true,6,1000,87,157,0.3333333333333333,0.6666666666666666,0,0,0,2,11,normal,false,10,15,294,4315,0,0,0,false,false,true,0,0,4609,30,0,
1953,greedy,4433,34,4,budget,0,84,true,5,935,90,131,0.058823529411764705,0.9117647058823529,0.029411764705882353,0,0,2,17,crash,false,10,15,23,3810,600,0,0,false,false,false,0,0,4433,34,0,
1954,greedy,11276,54,24,budget,0,95,true,4,1620,169,277,0.16666666666666666,0.5925925925925926,0.2037037037037037,0.037037037037037035,0,14,1,crash,false,4,30,701,3700,4310,2565,0,true,true,true,0,0,11276,54,0,
1955,greedy,10770,45,15,budget,1,100,true,6,4440,128,205,0.26666666666666666,0.4888888888888889,0.13333333333333333,0,0.1111111111111111,9,1,normal,false,6,23,1030,2330,1730,180,5500,false,false,true,5600,5,5170,40,1,3
1956,greedy,5793,32,2,budget,0,74,true,5,1240,110,181,0.25,0.71875,0.03125,0,0,4,1,normal,false,8,12,548,5095,150,0,0,false,false,true,0,0,5793,32,0,
1957,greedy,2342,30,0,budget,0,67,true,4,375,61,108,0.43333333333333335,0.5666666666666667,0,0,0,1,19,crash,false,9,9,487,1855,0,0,0,false,false,false,0,0,2342,30,0,
1958,greedy,4504,34,4,budget,0,72,true,4,690,108,150,0.17647058823529413,0.7941176470588235,0.029411764705882353,0,0,3,10,normal,false,8,12,279,4135,90,0,0,false,false,false,0,0,4504,34,0,
1959,greedy,3186,30,0,budget,0,62,true,4,480,77,115,0.13333333333333333,0.8666666666666667,0,0,0,2,18,normal,false,7,8,111,3075,0,0,0,false,false,false,0,0,3186,30,0,
1960,greedy,10750,56,26,budget,0,99,false,4,1260,165,219,0,0.5714285714285714,0.32142857142857145,0.10714285714285714,0,11,8,normal,false,11,25,0,3625,3870,3255,0,true,true,false,0,0,10750,56,0,
1961,greedy,4913,30,0,budget,0,59,true,5,825,93,157,0.16666666666666666,0.8333333333333334,0,0,0,2,3,normal,false,5,14,548,4365,0,0,0,false,false,false,0,0,4913,30,0,
1962,greedy,17963,66,36,budget,4,100,true,8,5040,187,245,0.07575757575757576,0.4090909090909091,0.12121212121212122,0.09090909090909091,0.30303030303030304,11,8,normal,false,5,35,303,3985,1540,1035,11100,false,false,false,12585,20,5378,46,3,5|3|3
1963,greedy,2669,32,2,budget,0,84,true,5,485,66,107,0.3125,0.65625,0.03125,0,0,4,14,normal,false,7,13,339,2120,210,0,0,false,false,true,0,0,2669,32,0,
1964,greedy,4708,36,6,budget,0,82,true,3,600,116,156,0.08333333333333333,0.8611111111111112,0.05555555555555555,0,0,4,16,normal,false,6,13,228,3490,990,0,0,false,false,false,0,0,4708,36,0,
1965,greedy,2576,30,0,budget,0,55,true,5,555,64,127,0.6333333333333333,0.36666666666666664,0,0,0,2,19,crash,false,6,8,1006,1570,0,0,0,false,false,false,0,0,2576,30,0,
1966,greedy,4098,30,0,budget,0,54,true,4,560,74,143,0.2,0.8,0,0,0,4,12,crash,false,11,11,388,3710,0,0,0,false,false,false,0,0,4098,30,0,
1967,greedy,3265,30,0,budget,0,59,true,4,465,75,133,0.36666666666666664,0.6333333333333333,0,0,0,1,25,crash,false,16,8,725,2540,0,0,0,false,false,false,0,0,3265,30,0,
1968,greedy,2558,30,0,budget,0,54,true,3,495,75,98,0.1,0.9,0,0,0,2,7,normal,false,7,8,53,2505,0,0,0,false,false,false,0,0,2558,30,0,
1969,greedy,7611,44,14,budget,0,91,true,6,1110,146,222,0.1590909090909091,0.7272727272727273,0.09090909090909091,0.022727272727272728,0,11,6,normal,false,4,22,676,5150,1650,135,0,true,false,true,0,0,7611,44,0,
1970,greedy,3607,30,0,budget,0,53,true,7,1525,71,131,0.5,0.5,0,0,0,7,4,normal,false,4,15,472,3135,0,0,0,false,false,true,0,0,3607,30,0,
1971,greedy,5158,38,8,budget,0,81,true,4,560,110,172,0.13157894736842105,0.7894736842105263,0.07894736842105263,0,0,4,1,crash,false,5,18,363,3775,1020,0,0,false,false,false,0,0,5158,38,0,
1972,greedy,3438,30,0,budget,0,62,true,3,425,77,136,0.1,0.9,0,0,0,3,6,normal,false,6,13,318,3120,0,0,0,false,false,false,0,0,3438,30,0,
1973,greedy,3889,34,4,budget,0,95,true,4,830,88,135,0.2647058823529412,0.6764705882352942,0.058823529411764705,0,0,5,5,normal,false,7,10,259,3015,210,405,0,true,true,false,0,0,3889,34,0,
1974,greedy,3398,34,4,budget,0,81,true,3,375,84,146,0.4411764705882353,0.5,0.058823529411764705,0,0,3,3,crash,false,6,14,658,2290,450,0,0,false,false,true,0,0,3398,34,0,
1975,greedy,4064,30,0,budget,0,50,true,5,825,88,149,0.4,0.6,0,0,0,6,6,normal,false,3,14,764,3300,0,0,0,false,false,true,0,0,4064,30,0,
1976,greedy,2295,12,11,lock,1,100,false,2,720,24,35,0,0.3333333333333333,0.16666666666666666,0.08333333333333333,0.4166666666666667,4,1,normal,false,2,8,0,255,150,150,1740,false,false,false,1530,5,765,7,1,3
1977,greedy,6398,36,6,budget,0,80,true,6,2090,105,181,0.16666666666666666,0.8055555555555556,0.027777777777777776,0,0,5,5,crash,false,7,11,273,4535,1590,0,0,false,false,false,0,0,6398,36,0,
1978,greedy,2236,30,0,budget,0,68,true,3,335,61,93,0.16666666666666666,0.8333333333333334,0,0,0,2,22,normal,false,5,9,161,2075,0,0,0,false,false,false,0,0,2236,30,0,
1979,greedy,3299,30,0,budget,0,60,true,4,550,81,133,0.26666666666666666,0.7333333333333333,0,0,0,2,11,normal,false,4,11,454,2845,0,0,0,false,false,false,0,0,3299,30,0,
1980,greedy,6658,40,10,budget,0,88,true,6,1300,130,188,0.125,0.775,0.1,0,0,5,1,normal,false,5,13,348,4930,660,720,0,false,false,false,0,0,6658,40,0,
1981,greedy,15905,63,33,budget,1,100,true,4,2685,200,270,0,0.5555555555555556,0.2857142857142857,0.07936507936507936,0.07936507936507936,11,8,normal,false,5,33,30,4080,4250,4725,2820,false,true,false,2460,5,13445,58,0,
1982,greedy,2325,30,0,budget,0,62,false,3,360,61,84,0,1,0,0,0,0,-1,normal,false,11,5,0,2325,0,0,0,false,false,false,0,0,2325,30,0,
1983,greedy,2754,30,0,budget,0,53,true,4,398,64,134,0.5,0.5,0,0,0,6,8,normal,false,4,13,924,1830,0,0,0,false,false,false,0,0,2754,30,0,
1984,greedy,10650,53,23,budget,1,100,true,4,2380,136,176,0.018867924528301886,0.6415094339622641,0.20754716981132076,0.03773584905660377,0.09433962264150944,9,3,normal,false,11,17,30,2510,1950,720,5440,false,true,false,4380,5,6270,48,1,2
1985,greedy,4732,30,0,budget,0,66,true,5,1010,94,145,0.23333333333333334,0.7666666666666667,0,0,0,2,11,normal,false,6,10,322,4410,0,0,0,false,false,true,0,0,4732,30,0,
1986,greedy,2511,30,0,budget,0,50,true,4,420,56,134,0.6333333333333333,0.36666666666666664,0,0,0,3,10,normal,false,6,11,1091,1420,0,0,0,false,false,true,0,0,2511,30,0,
1987,greedy,20883,75,45,budget,3,100,true,5,2800,220,283,0.10666666666666667,0.49333333333333335,0.2,0,0.2,18,4,normal,false,6,34,318,3485,3010,4290,9780,false,true,true,10070,15,10813,60,3,4|2|3
1988,greedy,6089,40,10,budget,0,86,true,5,1190,109,179,0.225,0.7,0.075,0,0,8,1,crash,false,6,18,394,4165,1530,0,0,false,false,false,0,0,6089,40,0,
1989,greedy,18242,74,44,budget,4,100,true,5,1430,231,309,0.12162162162162163,0.40540540540540543,0.17567567567567569,0.02702702702702703,0.2702702702702703,14,6,normal,false,4,40,312,5165,3500,705,8560,false,true,true,8470,20,9772,54,3,2|3|2
1990,greedy,3241,30,0,budget,0,64,true,3,360,83,136,0.2,0.8,0,0,0,2,7,normal,false,4,15,246,2995,0,0,0,false,false,true,0,0,3241,30,0,
1991,greedy,3143,30,0,budget,0,66,true,3,335,73,121,0.13333333333333333,0.8666666666666667,0,0,0,3,9,normal,false,5,13,98,3045,0,0,0,false,false,true,0,0,3143,30,0,
1992,greedy,6405,36,6,budget,0,80,true,7,1435,123,174,0.05555555555555555,0.8611111111111112,0.08333333333333333,0,0,3,15,crash,false,7,15,60,5985,360,0,0,false,false,false,0,0,6405,36,0,
1993,greedy,2255,30,0,budget,0,66,true,3,240,64,99,0.1,0.9,0,0,0,2,26,normal,false,6,10,65,2190,0,0,0,false,false,false,0,0,2255,30,0,
1994,greedy,2206,22,0,lock,0,62,true,4,360,57,109,0.4090909090909091,0.5909090909090909,0,0,0,2,18,normal,false,7,7,651,1555,0,0,0,false,false,false,0,0,2206,22,0,
1995,greedy,18462,65,35,budget,1,100,true,7,3390,213,310,0.09230769230769231,0.47692307692307695,0.23076923076923078,0.12307692307692308,0.07692307692307693,17,6,normal,false,5,36,1087,4225,3860,4230,5060,false,true,false,4020,5,14442,60,1,8
1996,greedy,5315,44,14,budget,0,77,false,3,590,131,170,0,0.9545454545454546,0.045454545454545456,0,0,7,3,normal,false,7,17,0,4275,1040,0,0,false,false,false,0,0,5315,44,0,
1997,greedy,9929,43,13,budget,1,100,true,6,1740,137,210,0.16279069767441862,0.6511627906976745,0.046511627906976744,0.023255813953488372,0.11627906976744186,8,12,normal,false,5,20,874,4340,420,495,3800,false,true,false,2300,5,7629,38,1,3
1998,greedy,4661,19,2,lock,0,76,true,7,1228,75,131,0.2631578947368421,0.7368421052631579,0,0,0,3,2,normal,false,3,11,806,3495,360,0,0,false,false,false,0,0,4661,19,0,
1999,greedy,2416,30,0,budget,0,53,true,4,415,70,133,0.6333333333333333,0.36666666666666664,0,0,0,6,8,normal,false,4,13,1196,1220,0,0,0,false,false,true,0,0,2416,30,0,
2000,greedy,4998,36,6,budget,0,87,true,5,835,98,161,0.1388888888888889,0.7777777777777778,0.08333333333333333,0,0,3,13,crash,false,5,14,683,3475,840,0,0,false,false,true,0,0,4998,36,0,
