seed,bot,score,moves,movesEarned,endReason,frenzies,peakMeter,crashed,maxCombo,bestMovePts,proteinTiles,carbTiles,pctCrash,pctNormal,pctKeto,pctDeep,pctFrenzy,tierUpsSeen,firstTierUpMove,endState,endedWithin5OfFrenzy,longestDryGap,rewardEvents,ptsCrash,ptsNormal,ptsKeto,ptsDeep,ptsFrenzy,nearMissNoFrenzy,fellBackWithoutFrenzy,lastMoveWasReward,ptsInFrenzy,movesInFrenzy,ptsOutside,movesOutside,climbCount,climbLengths
1,tempted_1_0,11056,49,19,budget,1,100,true,4,1800,165,234,0.08163265306122448,0.6122448979591837,0.14285714285714285,0.061224489795918366,0.10204081632653061,10,5,normal,false,4,24,666,4110,1700,1080,3500,false,true,false,3080,5,7976,44,1,6
2,tempted_1_0,18308,60,30,budget,2,100,true,8,3350,201,308,0.06666666666666667,0.5333333333333333,0.2,0.03333333333333333,0.16666666666666666,11,11,crash,false,3,27,343,7700,2820,585,6860,false,false,false,6840,10,11468,50,2,2|8
3,tempted_1_0,5564,40,10,budget,0,95,true,4,1000,99,182,0.2,0.725,0.025,0.05,0,5,7,normal,false,4,19,604,3505,960,495,0,true,true,false,0,0,5564,40,0,
4,tempted_1_0,2572,30,0,budget,0,50,true,4,655,53,125,0.5666666666666667,0.43333333333333335,0,0,0,2,14,normal,false,11,8,607,1965,0,0,0,false,false,true,0,0,2572,30,0,
5,tempted_1_0,8795,55,25,budget,1,100,true,4,1120,159,203,0.01818181818181818,0.7454545454545455,0.14545454545454545,0,0.09090909090909091,9,18,normal,false,6,25,45,4210,1330,450,2760,false,false,false,2680,5,6115,50,1,4
6,tempted_1_0,3640,30,0,budget,0,61,true,5,685,84,121,0,1,0,0,0,0,-1,normal,false,8,9,200,3440,0,0,0,false,false,true,0,0,3640,30,0,
7,tempted_1_0,4686,30,0,budget,0,51,true,5,1430,97,185,0.5666666666666667,0.43333333333333335,0,0,0,2,20,normal,false,6,15,1151,3535,0,0,0,false,false,true,0,0,4686,30,0,
8,tempted_1_0,5290,36,6,budget,0,77,true,6,865,113,149,0.027777777777777776,0.8888888888888888,0.08333333333333333,0,0,3,11,normal,false,11,9,15,4975,300,0,0,false,false,false,0,0,5290,36,0,
9,tempted_1_0,2031,30,0,budget,0,50,true,3,300,56,106,0.5333333333333333,0.4666666666666667,0,0,0,3,9,normal,false,7,10,711,1320,0,0,0,false,false,false,0,0,2031,30,0,
10,tempted_1_0,4384,30,0,budget,0,69,true,4,650,98,140,0.13333333333333333,0.8666666666666667,0,0,0,2,22,normal,false,3,12,144,4240,0,0,0,false,false,false,0,0,4384,30,0,
11,tempted_1_0,2885,30,0,budget,0,50,true,3,355,77,133,0.43333333333333335,0.5666666666666667,0,0,0,5,7,normal,false,5,16,515,2370,0,0,0,false,false,true,0,0,2885,30,0,
12,tempted_1_0,20262,57,27,budget,1,100,true,6,4900,209,314,0.14035087719298245,0.5964912280701754,0.17543859649122806,0,0.08771929824561403,11,4,crash,false,6,32,322,6085,4230,765,8860,false,true,true,7080,5,13182,52,1,4
13,tempted_1_0,13928,63,33,budget,1,100,true,6,1380,213,290,0.09523809523809523,0.6666666666666666,0.15873015873015872,0,0.07936507936507936,15,2,normal,false,4,33,418,5815,2280,1815,3600,false,true,false,2760,5,11168,58,1,3
14,tempted_1_0,1649,32,2,budget,0,70,true,3,275,44,97,0.5625,0.4375,0,0,0,2,1,crash,false,18,7,484,1165,0,0,0,false,false,false,0,0,1649,32,0,
15,tempted_1_0,3816,34,4,budget,0,97,true,3,1000,81,101,0.08823529411764706,0.7647058823529411,0.08823529411764706,0.058823529411764705,0,4,11,normal,false,8,10,176,1965,1360,315,0,true,true,false,0,0,3816,34,0,
16,tempted_1_0,5290,30,0,budget,0,64,true,5,735,90,146,0.13333333333333333,0.8666666666666667,0,0,0,3,10,crash,false,3,15,215,5075,0,0,0,false,false,false,0,0,5290,30,0,
17,tempted_1_0,12680,24,9,lock,1,100,true,9,4675,96,123,0,0.7083333333333334,0.08333333333333333,0,0.20833333333333334,2,17,normal,false,5,13,60,2400,3900,360,5960,false,false,false,4600,5,8080,19,1,2
18,tempted_1_0,3306,30,0,budget,0,56,true,3,375,83,130,0.36666666666666664,0.6333333333333333,0,0,0,4,9,normal,false,5,14,476,2830,0,0,0,false,false,true,0,0,3306,30,0,
19,tempted_1_0,6975,34,4,budget,0,82,true,6,2040,122,168,0.029411764705882353,0.9705882352941176,0,0,0,3,6,normal,false,3,16,180,4965,1830,0,0,false,false,false,0,0,6975,34,0,
20,tempted_1_0,2873,30,2,lock,0,74,true,3,600,71,113,0.2,0.7666666666666667,0.03333333333333333,0,0,2,1,crash,false,6,9,123,2660,90,0,0,false,false,false,0,0,2873,30,0,
21,tempted_1_0,2783,30,0,budget,0,63,true,3,320,64,117,0.3333333333333333,0.6666666666666666,0,0,0,1,25,crash,false,7,12,388,2395,0,0,0,false,false,true,0,0,2783,30,0,
22,tempted_1_0,13160,49,19,budget,1,100,true,6,2040,166,239,0.04081632653061224,0.7142857142857143,0.10204081632653061,0.04081632653061224,0.10204081632653061,9,1,normal,false,8,18,185,6160,1880,375,4560,false,true,false,3720,5,9440,44,1,5
23,tempted_1_0,13425,43,13,budget,1,100,true,4,2010,160,216,0.11627906976744186,0.6511627906976745,0.09302325581395349,0.023255813953488372,0.11627906976744186,6,15,normal,false,5,23,345,3530,1780,330,7440,false,true,true,7170,5,6255,38,1,3
24,tempted_1_0,2479,30,0,budget,0,60,true,4,375,58,114,0.5333333333333333,0.4666666666666667,0,0,0,3,11,crash,false,4,11,719,1760,0,0,0,false,false,true,0,0,2479,30,0,
25,tempted_1_0,11957,52,22,budget,2,100,true,6,1440,160,228,0.23076923076923078,0.40384615384615385,0.15384615384615385,0.019230769230769232,0.19230769230769232,7,7,normal,false,7,22,707,2875,1710,1605,5060,false,true,true,6600,10,5357,42,2,4|6
26,tempted_1_0,4224,32,2,budget,0,75,true,4,465,90,172,0.21875,0.75,0.03125,0,0,4,11,normal,false,2,15,649,3455,120,0,0,false,false,true,0,0,4224,32,0,
27,tempted_1_0,18725,72,42,budget,2,100,false,5,2180,229,263,0,0.5833333333333334,0.2222222222222222,0.05555555555555555,0.1388888888888889,15,5,normal,false,5,35,0,3545,4860,1440,8880,false,true,true,8180,10,10545,62,2,4|5
28,tempted_1_0,2644,30,0,budget,0,58,true,3,345,72,112,0.26666666666666666,0.7333333333333333,0,0,0,5,10,normal,false,4,11,419,2225,0,0,0,false,false,false,0,0,2644,30,0,
29,tempted_1_0,3241,29,4,lock,0,77,true,3,435,80,121,0.20689655172413793,0.7586206896551724,0.034482758620689655,0,0,6,2,normal,false,7,11,231,2740,270,0,0,false,false,false,0,0,3241,29,0,
30,tempted_1_0,3404,30,0,budget,0,67,true,5,915,91,134,0.23333333333333334,0.7666666666666667,0,0,0,5,10,normal,false,4,12,844,2560,0,0,0,false,false,true,0,0,3404,30,0,
31,tempted_1_0,25680,97,67,budget,5,100,true,5,1640,292,437,0.1134020618556701,0.38144329896907214,0.17525773195876287,0.07216494845360824,0.25773195876288657,23,10,crash,false,12,53,1200,4785,4620,3555,11520,false,true,false,11725,25,13955,72,5,2|4|6|5|2
32,tempted_1_0,3465,30,0,budget,0,66,true,4,445,84,136,0.26666666666666666,0.7333333333333333,0,0,0,4,17,normal,false,8,11,610,2855,0,0,0,false,false,false,0,0,3465,30,0,
33,tempted_1_0,1430,30,0,budget,0,60,true,2,190,45,81,0.5666666666666667,0.43333333333333335,0,0,0,4,11,normal,false,7,9,375,1055,0,0,0,false,false,false,0,0,1430,30,0,
34,tempted_1_0,3317,34,4,budget,0,83,true,5,400,76,110,0.08823529411764706,0.8235294117647058,0.08823529411764706,0,0,3,4,normal,false,9,10,302,2445,570,0,0,false,false,true,0,0,3317,34,0,
35,tempted_1_0,4409,34,4,budget,0,83,true,5,585,94,130,0.11764705882352941,0.7647058823529411,0.11764705882352941,0,0,3,5,normal,false,4,16,339,3680,390,0,0,false,false,true,0,0,4409,34,0,
36,tempted_1_0,4186,36,6,budget,0,92,true,5,820,87,152,0.25,0.7222222222222222,0.027777777777777776,0,0,4,1,normal,false,4,16,866,2930,120,270,0,true,false,true,0,0,4186,36,0,
37,tempted_1_0,8740,54,24,budget,0,94,true,6,1340,135,204,0.037037037037037035,0.7777777777777778,0.1111111111111111,0.07407407407407407,0,8,9,crash,false,14,17,75,3780,3280,1605,0,true,false,false,0,0,8740,54,0,
38,tempted_1_0,2654,30,0,budget,0,50,true,3,565,62,144,0.6,0.4,0,0,0,6,7,crash,false,6,11,1094,1560,0,0,0,false,false,false,0,0,2654,30,0,
39,tempted_1_0,2707,30,0,budget,0,53,true,6,780,65,110,0.4666666666666667,0.5333333333333333,0,0,0,5,13,normal,false,9,13,537,2170,0,0,0,false,false,true,0,0,2707,30,0,
40,tempted_1_0,7128,41,11,budget,1,100,true,5,770,136,170,0.21951219512195122,0.5853658536585366,0.07317073170731707,0,0.12195121951219512,7,13,normal,false,5,24,478,3920,570,0,2160,false,false,true,1820,5,5308,36,0,
41,tempted_1_0,4019,32,2,budget,0,75,true,6,865,91,143,0.1875,0.78125,0.03125,0,0,4,8,normal,false,5,11,724,3115,180,0,0,false,false,true,0,0,4019,32,0,
42,tempted_1_0,5936,36,6,budget,0,90,true,4,670,125,176,0.05555555555555555,0.8888888888888888,0.05555555555555555,0,0,4,17,normal,false,12,9,166,4700,800,270,0,true,false,false,0,0,5936,36,0,
43,tempted_1_0,5720,36,6,budget,0,81,true,4,740,112,195,0.2777777777777778,0.6944444444444444,0.027777777777777776,0,0,6,13,crash,false,4,16,830,3830,1060,0,0,false,false,false,0,0,5720,36,0,
44,tempted_1_0,3652,30,0,budget,0,52,true,4,625,72,124,0.26666666666666666,0.7333333333333333,0,0,0,1,24,normal,false,8,9,417,3235,0,0,0,false,false,true,0,0,3652,30,0,
45,tempted_1_0,8360,45,15,budget,1,100,true,5,670,146,202,0,0.7777777777777778,0.08888888888888889,0.022222222222222223,0.1111111111111111,4,5,normal,false,10,15,325,4195,960,600,2280,false,true,false,2000,5,6360,40,1,2
46,tempted_1_0,3315,30,0,budget,0,53,true,3,375,77,145,0.5333333333333333,0.4666666666666667,0,0,0,4,9,normal,false,6,15,840,2475,0,0,0,false,false,true,0,0,3315,30,0,
47,tempted_1_0,7809,46,16,budget,0,91,true,5,1200,162,219,0.13043478260869565,0.717391304347826,0.15217391304347827,0,0,10,4,normal,false,3,25,459,5655,1290,405,0,true,false,false,0,0,7809,46,0,
48,tempted_1_0,7585,42,12,budget,0,81,true,5,2295,126,170,0.047619047619047616,0.9047619047619048,0.047619047619047616,0,0,8,5,normal,false,6,20,35,3630,3920,0,0,false,false,false,0,0,7585,42,0,
49,tempted_1_0,3355,30,0,budget,0,54,true,4,495,77,128,0.2,0.8,0,0,0,2,20,normal,false,6,14,255,3100,0,0,0,false,false,true,0,0,3355,30,0,
50,tempted_1_0,2744,30,0,budget,0,66,true,3,345,76,106,0.26666666666666666,0.7333333333333333,0,0,0,2,18,normal,false,8,7,294,2450,0,0,0,false,false,true,0,0,2744,30,0,
51,tempted_1_0,9665,38,23,lock,1,100,false,6,2010,136,166,0,0.631578947368421,0.21052631578947367,0.02631578947368421,0.13157894736842105,7,6,keto,false,5,25,0,3165,3590,450,2460,false,false,true,2720,5,6945,33,1,4
52,tempted_1_0,5133,40,10,budget,0,93,true,5,645,107,142,0.05,0.8,0.125,0.025,0,6,8,normal,false,6,15,43,4075,880,135,0,true,false,false,0,0,5133,40,0,
53,tempted_1_0,18195,76,46,budget,2,100,true,5,2400,247,318,0.15789473684210525,0.5131578947368421,0.13157894736842105,0.06578947368421052,0.13157894736842105,18,6,normal,false,6,32,680,4600,3410,2625,6880,false,true,false,8365,10,9830,66,0,
54,tempted_1_0,5907,36,6,budget,0,82,true,5,1190,94,166,0.2222222222222222,0.7777777777777778,0,0,0,6,3,crash,false,5,17,212,3925,1770,0,0,false,false,false,0,0,5907,36,0,
55,tempted_1_0,5925,40,10,budget,0,78,true,4,1090,109,148,0,0.925,0.075,0,0,4,1,normal,false,3,17,30,3795,2100,0,0,false,false,false,0,0,5925,40,0,
56,tempted_1_0,2615,30,0,budget,0,50,true,4,495,62,108,0.43333333333333335,0.5666666666666667,0,0,0,4,5,normal,false,9,10,420,2195,0,0,0,false,false,false,0,0,2615,30,0,
57,tempted_1_0,7720,43,13,budget,1,100,true,4,1680,123,161,0.023255813953488372,0.6744186046511628,0.16279069767441862,0.023255813953488372,0.11627906976744186,6,23,normal,false,6,16,50,3635,780,135,3120,false,false,false,3120,5,4600,38,1,2
58,tempted_1_0,3097,30,0,budget,0,50,true,4,675,68,117,0.3333333333333333,0.6666666666666666,0,0,0,4,5,crash,false,3,11,592,2505,0,0,0,false,false,false,0,0,3097,30,0,
59,tempted_1_0,11888,45,15,budget,1,100,true,6,2970,153,208,0.022222222222222223,0.7555555555555555,0.1111111111111111,0,0.1111111111111111,5,6,normal,false,9,14,83,4635,1920,2610,2640,false,true,false,3810,5,8078,40,0,
60,tempted_1_0,6155,36,6,budget,0,84,true,5,725,115,176,0.05555555555555555,0.8888888888888888,0.05555555555555555,0,0,5,6,normal,false,5,16,175,5230,750,0,0,false,false,false,0,0,6155,36,0,
61,tempted_1_0,3859,32,2,budget,0,73,true,4,450,81,157,0.375,0.59375,0.03125,0,0,3,6,crash,false,7,16,539,3200,120,0,0,false,false,false,0,0,3859,32,0,
62,tempted_1_0,4570,32,2,budget,0,78,true,5,1085,100,127,0.03125,0.96875,0,0,0,2,14,normal,false,7,14,90,4030,450,0,0,false,false,true,0,0,4570,32,0,
63,tempted_1_0,2288,32,2,budget,0,75,true,3,235,72,92,0.1875,0.78125,0.03125,0,0,6,9,normal,false,4,10,198,2000,90,0,0,false,false,true,0,0,2288,32,0,
64,tempted_1_0,3140,30,0,budget,0,50,true,4,320,89,153,0.36666666666666664,0.6333333333333333,0,0,0,4,4,normal,false,4,12,1025,2115,0,0,0,false,false,true,0,0,3140,30,0,
65,tempted_1_0,11340,61,31,budget,1,100,true,4,1000,167,216,0.03278688524590164,0.7213114754098361,0.16393442622950818,0,0.08196721311475409,11,14,normal,false,4,26,50,3965,2010,1395,3920,false,false,false,3460,5,7880,56,1,2
66,tempted_1_0,5375,42,12,budget,0,96,false,4,1300,107,129,0,0.7857142857142857,0.19047619047619047,0.023809523809523808,0,6,9,normal,false,5,15,0,2890,1810,675,0,true,true,false,0,0,5375,42,0,
67,tempted_1_0,3025,30,0,budget,0,60,true,3,360,78,114,0.03333333333333333,0.9666666666666667,0,0,0,1,20,normal,false,5,12,50,2975,0,0,0,false,false,true,0,0,3025,30,0,
68,tempted_1_0,3463,30,0,budget,0,62,true,5,905,85,127,0.3333333333333333,0.6666666666666666,0,0,0,3,6,normal,false,5,12,573,2890,0,0,0,false,false,true,0,0,3463,30,0,
69,tempted_1_0,3018,30,0,budget,0,66,true,4,480,81,113,0.23333333333333334,0.7666666666666667,0,0,0,5,6,normal,false,6,12,258,2760,0,0,0,false,false,true,0,0,3018,30,0,
70,tempted_1_0,2912,30,0,budget,0,50,true,5,780,66,136,0.6666666666666666,0.3333333333333333,0,0,0,3,8,crash,false,5,9,952,1960,0,0,0,false,false,true,0,0,2912,30,0,
71,tempted_1_0,4424,30,0,budget,0,53,true,4,465,89,176,0.3333333333333333,0.6666666666666666,0,0,0,4,7,crash,false,4,15,624,3800,0,0,0,false,false,false,0,0,4424,30,0,
72,tempted_1_0,3918,32,2,budget,0,72,true,4,555,87,120,0.09375,0.90625,0,0,0,2,2,normal,false,5,9,98,3640,180,0,0,false,false,true,0,0,3918,32,0,
73,tempted_1_0,4581,30,0,budget,0,62,true,5,750,98,151,0.2,0.8,0,0,0,2,15,normal,false,7,13,501,4080,0,0,0,false,false,true,0,0,4581,30,0,
74,tempted_1_0,2622,30,0,budget,0,50,true,5,395,57,119,0.4666666666666667,0.5333333333333333,0,0,0,3,5,crash,false,4,8,877,1745,0,0,0,false,false,false,0,0,2622,30,0,
75,tempted_1_0,7055,47,17,budget,1,100,true,4,960,129,176,0.2553191489361702,0.48936170212765956,0.0851063829787234,0.06382978723404255,0.10638297872340426,10,5,crash,false,5,26,495,2575,1310,315,2360,false,true,false,1490,5,5565,42,1,6
76,tempted_1_0,11918,39,9,budget,1,100,true,8,5750,139,179,0.3076923076923077,0.5384615384615384,0.02564102564102564,0,0.1282051282051282,4,12,normal,false,7,14,573,3375,1530,3600,2840,false,false,false,8350,5,3568,34,0,
77,tempted_1_0,2978,34,4,budget,0,75,true,4,495,84,116,0.11764705882352941,0.8823529411764706,0,0,0,4,1,normal,false,7,13,268,2530,180,0,0,false,false,false,0,0,2978,34,0,
78,tempted_1_0,2440,30,0,budget,0,50,true,3,210,81,116,0.26666666666666666,0.7333333333333333,0,0,0,2,16,normal,false,10,10,410,2030,0,0,0,false,false,false,0,0,2440,30,0,
79,tempted_1_0,5756,38,8,budget,0,85,true,5,1005,104,142,0.07894736842105263,0.8157894736842105,0.10526315789473684,0,0,4,1,normal,false,8,12,136,3700,1920,0,0,false,false,false,0,0,5756,38,0,
80,tempted_1_0,5950,30,0,budget,0,67,true,6,1090,107,155,0.03333333333333333,0.9666666666666667,0,0,0,1,29,normal,false,8,12,165,5785,0,0,0,false,false,false,0,0,5950,30,0,
81,tempted_1_0,3680,30,0,budget,0,69,true,4,545,82,122,0,1,0,0,0,0,-1,normal,false,4,11,120,3560,0,0,0,false,false,false,0,0,3680,30,0,
82,tempted_1_0,3208,32,2,budget,0,74,true,3,460,71,138,0.40625,0.59375,0,0,0,3,1,crash,false,5,13,543,2485,180,0,0,false,false,false,0,0,3208,32,0,
83,tempted_1_0,3157,30,0,budget,0,50,true,4,620,83,139,0.4,0.6,0,0,0,6,5,normal,false,3,14,752,2405,0,0,0,false,false,false,0,0,3157,30,0,
84,tempted_1_0,3560,30,0,budget,0,56,true,5,585,77,140,0.23333333333333334,0.7666666666666667,0,0,0,1,21,normal,false,5,11,890,2670,0,0,0,false,false,false,0,0,3560,30,0,
85,tempted_1_0,3812,32,2,budget,0,71,true,5,680,84,147,0.28125,0.71875,0,0,0,2,9,crash,false,4,12,457,3175,180,0,0,false,false,false,0,0,3812,32,0,
86,tempted_1_0,3273,30,0,budget,0,63,true,4,510,86,131,0.2,0.8,0,0,0,3,6,crash,false,4,13,168,3105,0,0,0,false,false,false,0,0,3273,30,0,
87,tempted_1_0,3540,30,0,budget,0,51,true,4,560,88,134,0.3,0.7,0,0,0,4,7,normal,false,6,14,425,3115,0,0,0,false,false,false,0,0,3540,30,0,
88,tempted_1_0,4533,40,10,budget,0,87,true,5,610,105,144,0.1,0.8,0.1,0,0,6,8,normal,false,5,19,413,3580,540,0,0,false,false,true,0,0,4533,40,0,
89,tempted_1_0,3453,32,2,budget,0,75,true,3,345,88,122,0.09375,0.875,0.03125,0,0,2,15,normal,false,4,13,148,3185,120,0,0,false,false,true,0,0,3453,32,0,
90,tempted_1_0,4089,32,2,budget,0,72,true,6,860,70,140,0.375,0.625,0,0,0,5,2,normal,false,5,10,809,2530,750,0,0,false,false,false,0,0,4089,32,0,
91,tempted_1_0,16209,51,21,budget,1,100,true,5,5080,157,270,0.09803921568627451,0.7450980392156863,0.058823529411764705,0,0.09803921568627451,8,7,crash,false,11,21,309,4890,2030,180,8800,false,false,false,8660,5,7549,46,0,
92,tempted_1_0,2140,13,0,lock,0,50,true,5,605,38,82,0.6923076923076923,0.3076923076923077,0,0,0,2,7,crash,false,3,7,460,1680,0,0,0,false,false,false,0,0,2140,13,0,
93,tempted_1_0,1517,22,0,lock,0,50,true,3,240,40,79,0.2727272727272727,0.7272727272727273,0,0,0,2,12,crash,false,7,4,362,1155,0,0,0,false,false,false,0,0,1517,22,0,
94,tempted_1_0,14480,56,26,budget,2,100,true,5,1840,168,230,0.017857142857142856,0.6428571428571429,0.14285714285714285,0.017857142857142856,0.17857142857142858,8,4,crash,false,7,22,0,3850,2110,2340,6180,false,true,false,6660,10,7820,46,1,5
95,tempted_1_0,2983,34,4,budget,0,78,true,3,360,72,105,0.08823529411764706,0.7941176470588235,0.11764705882352941,0,0,3,13,normal,false,6,12,93,2470,420,0,0,false,false,true,0,0,2983,34,0,
96,tempted_1_0,5420,32,2,budget,0,77,true,7,1380,105,151,0.03125,0.9375,0.03125,0,0,2,4,normal,false,3,15,60,5270,90,0,0,false,false,false,0,0,5420,32,0,
97,tempted_1_0,7675,38,8,budget,0,78,true,4,715,143,219,0.18421052631578946,0.7368421052631579,0.07894736842105263,0,0,6,4,normal,false,5,19,300,6265,1110,0,0,false,false,true,0,0,7675,38,0,
98,tempted_1_0,5337,36,6,budget,0,90,true,5,2315,93,150,0.3611111111111111,0.5277777777777778,0.1111111111111111,0,0,7,6,normal,false,3,20,597,2065,740,1935,0,true,false,true,0,0,5337,36,0,
99,tempted_1_0,2726,32,2,budget,0,70,true,3,440,75,121,0.25,0.75,0,0,0,4,1,crash,false,5,15,301,2425,0,0,0,false,false,true,0,0,2726,32,0,
100,tempted_1_0,2448,32,2,budget,0,73,true,3,350,78,97,0.0625,0.90625,0.03125,0,0,2,12,normal,false,6,10,83,2275,90,0,0,false,false,false,0,0,2448,32,0,
101,tempted_1_0,4653,34,4,budget,0,89,true,4,480,92,146,0.08823529411764706,0.7941176470588235,0.08823529411764706,0.029411764705882353,0,4,3,normal,false,4,12,128,3400,990,135,0,false,false,false,0,0,4653,34,0,
102,tempted_1_0,3159,30,0,budget,0,57,true,6,965,72,113,0.36666666666666664,0.6333333333333333,0,0,0,2,11,normal,false,6,9,579,2580,0,0,0,false,false,false,0,0,3159,30,0,
103,tempted_1_0,3870,30,0,budget,0,63,true,4,480,82,148,0.26666666666666666,0.7333333333333333,0,0,0,4,15,normal,false,4,13,710,3160,0,0,0,false,false,true,0,0,3870,30,0,
104,tempted_1_0,5096,40,10,budget,0,81,true,4,485,116,166,0.1,0.85,0.05,0,0,6,9,normal,false,5,21,326,4050,720,0,0,false,false,true,0,0,5096,40,0,
105,tempted_1_0,3790,34,4,budget,0,81,true,4,520,92,129,0.029411764705882353,0.9705882352941176,0,0,0,3,6,normal,false,7,9,250,2820,720,0,0,false,false,false,0,0,3790,34,0,
106,tempted_1_0,6260,36,6,budget,0,80,true,5,780,129,172,0.027777777777777776,0.8888888888888888,0.08333333333333333,0,0,3,13,normal,false,6,17,140,5820,300,0,0,false,false,true,0,0,6260,36,0,
107,tempted_1_0,4341,34,4,budget,0,72,true,6,870,95,139,0.11764705882352941,0.8823529411764706,0,0,0,4,14,normal,false,4,16,91,3950,300,0,0,false,false,false,0,0,4341,34,0,
108,tempted_1_0,30175,90,60,budget,4,100,true,8,4275,287,367,0,0.5666666666666667,0.16666666666666666,0.044444444444444446,0.2222222222222222,16,1,normal,false,8,39,30,5590,4730,6645,13180,false,true,false,12210,20,17965,70,3,3|3|5
109,tempted_1_0,3996,30,0,budget,0,61,true,4,630,102,150,0.23333333333333334,0.7666666666666667,0,0,0,4,12,normal,false,6,15,426,3570,0,0,0,false,false,true,0,0,3996,30,0,
110,tempted_1_0,2274,30,0,budget,0,57,true,4,420,50,99,0.43333333333333335,0.5666666666666667,0,0,0,3,12,crash,false,6,7,379,1895,0,0,0,false,false,false,0,0,2274,30,0,
111,tempted_1_0,4221,36,6,budget,0,96,true,3,420,98,147,0.1111111111111111,0.8055555555555556,0.08333333333333333,0,0,4,5,normal,false,5,13,351,3000,600,270,0,true,true,false,0,0,4221,36,0,
112,tempted_1_0,2710,30,0,budget,0,61,true,4,430,66,127,0.3333333333333333,0.6666666666666666,0,0,0,2,20,crash,false,6,11,425,2285,0,0,0,false,false,false,0,0,2710,30,0,
113,tempted_1_0,3495,30,0,budget,0,64,true,3,555,89,125,0.1,0.9,0,0,0,1,7,normal,false,8,13,220,3275,0,0,0,false,false,true,0,0,3495,30,0,
114,tempted_1_0,2873,32,2,budget,0,70,true,3,375,76,124,0.125,0.875,0,0,0,2,14,crash,false,5,13,398,2205,270,0,0,false,false,false,0,0,2873,32,0,
115,tempted_1_0,2178,30,0,budget,0,50,true,4,315,52,123,0.6666666666666666,0.3333333333333333,0,0,0,3,3,crash,false,9,8,898,1280,0,0,0,false,false,false,0,0,2178,30,0,
116,tempted_1_0,4160,36,6,budget,0,82,true,4,795,89,131,0.25,0.7222222222222222,0.027777777777777776,0,0,6,9,normal,false,5,17,310,2710,1140,0,0,false,false,false,0,0,4160,36,0,
117,tempted_1_0,4720,32,2,budget,0,72,true,4,790,110,156,0.0625,0.90625,0.03125,0,0,3,5,normal,false,5,12,90,4540,90,0,0,false,false,false,0,0,4720,32,0,
118,tempted_1_0,18095,50,20,budget,2,100,true,6,5900,143,212,0.26,0.38,0.14,0.02,0.2,9,3,normal,false,6,16,335,2615,1510,675,12960,false,true,false,12830,10,5265,40,0,
119,tempted_1_0,3370,30,0,budget,0,54,true,5,825,84,122,0.3333333333333333,0.6666666666666666,0,0,0,3,4,normal,false,5,11,435,2935,0,0,0,false,false,false,0,0,3370,30,0,
120,tempted_1_0,6178,40,10,budget,0,95,true,6,1113,112,179,0.325,0.575,0.1,0,0,8,9,normal,false,6,19,793,3065,1540,780,0,true,true,false,0,0,6178,40,0,
121,tempted_1_0,3204,32,2,budget,0,70,true,5,570,72,114,0.21875,0.78125,0,0,0,4,2,crash,false,5,10,149,3055,0,0,0,false,false,false,0,0,3204,32,0,
122,tempted_1_0,2593,27,0,lock,0,52,true,4,465,67,144,0.5555555555555556,0.4444444444444444,0,0,0,3,12,crash,false,4,11,1098,1495,0,0,0,false,false,false,0,0,2593,27,0,
123,tempted_1_0,14185,49,19,budget,1,100,true,6,3360,164,222,0.02040816326530612,0.7755102040816326,0.08163265306122448,0.02040816326530612,0.10204081632653061,6,11,normal,false,13,19,50,4295,2910,630,6300,false,false,false,6840,5,7345,44,0,
124,tempted_1_0,4282,30,0,budget,0,68,true,5,965,86,136,0.3,0.7,0,0,0,2,13,crash,false,9,12,392,3890,0,0,0,false,false,false,0,0,4282,30,0,
125,tempted_1_0,2258,32,2,budget,0,76,true,3,300,59,123,0.53125,0.4375,0.03125,0,0,5,13,crash,false,6,10,638,1500,120,0,0,false,false,false,0,0,2258,32,0,
126,tempted_1_0,2701,32,2,budget,0,75,true,4,390,72,102,0.15625,0.8125,0.03125,0,0,4,5,normal,false,6,11,331,2250,120,0,0,false,false,true,0,0,2701,32,0,
127,tempted_1_0,4745,36,6,budget,0,78,true,5,1155,79,159,0.2777777777777778,0.6388888888888888,0.08333333333333333,0,0,7,4,crash,false,8,15,255,3600,890,0,0,false,false,false,0,0,4745,36,0,
128,tempted_1_0,4861,30,0,budget,0,65,true,6,1350,90,173,0.36666666666666664,0.6333333333333333,0,0,0,3,16,normal,false,9,15,741,4120,0,0,0,false,false,true,0,0,4861,30,0,
129,tempted_1_0,3268,30,0,budget,0,51,true,5,668,68,113,0.3,0.7,0,0,0,4,7,normal,false,6,10,558,2710,0,0,0,false,false,false,0,0,3268,30,0,
130,tempted_1_0,6476,37,7,budget,1,100,true,4,800,123,149,0.08108108108108109,0.7297297297297297,0.05405405405405406,0,0.13513513513513514,3,14,normal,false,6,15,176,3550,610,0,2140,false,false,true,2420,5,4056,32,1,2
131,tempted_1_0,5130,32,2,budget,0,82,true,5,1720,93,142,0.09375,0.90625,0,0,0,3,2,crash,false,5,11,80,3440,1610,0,0,false,false,false,0,0,5130,32,0,
132,tempted_1_0,2041,30,0,budget,0,62,true,3,330,51,120,0.8,0.2,0,0,0,3,16,crash,false,8,14,1081,960,0,0,0,false,false,true,0,0,2041,30,0,
133,tempted_1_0,2986,38,8,budget,0,81,true,3,430,83,117,0.2631578947368421,0.6842105263157895,0.05263157894736842,0,0,6,12,normal,false,7,14,466,1860,660,0,0,false,false,true,0,0,2986,38,0,
134,tempted_1_0,3449,30,0,budget,0,50,true,5,810,77,151,0.5333333333333333,0.4666666666666667,0,0,0,2,8,crash,false,5,13,899,2550,0,0,0,false,false,false,0,0,3449,30,0,
135,tempted_1_0,6421,36,6,budget,0,97,true,5,1770,102,172,0.19444444444444445,0.6666666666666666,0.08333333333333333,0.05555555555555555,0,5,1,crash,false,9,14,601,2525,1690,1605,0,true,true,true,0,0,6421,36,0,
136,tempted_1_0,2385,30,0,budget,0,53,true,3,480,56,126,0.5666666666666667,0.43333333333333335,0,0,0,3,5,crash,false,5,10,845,1540,0,0,0,false,false,false,0,0,2385,30,0,
137,tempted_1_0,4560,38,8,budget,0,82,false,4,940,90,120,0,0.9210526315789473,0.07894736842105263,0,0,4,8,normal,false,13,7,0,2520,2040,0,0,false,false,false,0,0,4560,38,0,
138,tempted_1_0,2446,30,0,budget,0,62,true,4,475,65,102,0.26666666666666666,0.7333333333333333,0,0,0,4,18,normal,false,5,11,411,2035,0,0,0,false,false,false,0,0,2446,30,0,
139,tempted_1_0,4915,36,6,budget,0,97,true,5,1570,102,135,0.027777777777777776,0.8611111111111112,0.08333333333333333,0.027777777777777776,0,3,5,normal,false,5,15,85,2760,690,1380,0,true,true,true,0,0,4915,36,0,
140,tempted_1_0,3020,30,0,budget,0,66,true,3,430,71,108,0,1,0,0,0,0,-1,normal,false,5,10,60,2960,0,0,0,false,false,false,0,0,3020,30,0,
141,tempted_1_0,8843,52,22,budget,0,93,true,5,1010,153,210,0.07692307692307693,0.6923076923076923,0.23076923076923078,0,0,9,1,crash,false,6,19,73,4840,3120,810,0,true,false,false,0,0,8843,52,0,
142,tempted_1_0,5616,40,10,budget,0,76,true,4,760,114,175,0.125,0.8,0.075,0,0,7,6,crash,false,8,16,256,4250,1110,0,0,false,false,false,0,0,5616,40,0,
143,tempted_1_0,4140,44,14,budget,0,92,true,3,455,98,147,0.25,0.6363636363636364,0.06818181818181818,0.045454545454545456,0,6,6,normal,false,7,18,515,2365,990,270,0,true,false,false,0,0,4140,44,0,
144,tempted_1_0,7489,39,9,budget,1,100,true,4,1380,105,152,0.10256410256410256,0.717948717948718,0.05128205128205128,0,0.1282051282051282,3,11,crash,false,9,15,129,3110,750,0,3500,false,false,false,2940,5,4549,34,0,
145,tempted_1_0,5955,39,9,budget,1,100,true,3,800,108,154,0.2564102564102564,0.5384615384615384,0.07692307692307693,0,0.1282051282051282,6,10,normal,false,4,22,260,2705,650,0,2340,false,false,false,2480,5,3475,34,1,2
146,tempted_1_0,5315,36,6,budget,0,83,true,4,750,120,187,0.2777777777777778,0.6666666666666666,0.05555555555555555,0,0,6,15,normal,false,6,18,980,3655,680,0,0,false,false,false,0,0,5315,36,0,
147,tempted_1_0,3721,30,0,budget,0,67,true,5,665,88,125,0.2,0.8,0,0,0,3,6,normal,false,6,11,231,3490,0,0,0,false,false,true,0,0,3721,30,0,
148,tempted_1_0,2235,25,0,lock,0,68,false,4,430,63,74,0,1,0,0,0,0,-1,normal,false,11,6,0,2235,0,0,0,false,false,false,0,0,2235,25,0,
149,tempted_1_0,15379,72,42,budget,2,100,true,5,1960,213,281,0.09722222222222222,0.5,0.20833333333333334,0.05555555555555555,0.1388888888888889,14,10,normal,false,5,39,339,4420,2450,2010,6160,false,true,false,5120,10,10259,62,0,
150,tempted_1_0,3495,30,0,budget,0,62,false,5,740,79,111,0,1,0,0,0,0,-1,normal,false,4,13,0,3495,0,0,0,false,false,true,0,0,3495,30,0,
151,tempted_1_0,9473,41,11,budget,1,100,true,5,2570,120,181,0.12195121951219512,0.7317073170731707,0.024390243902439025,0,0.12195121951219512,6,11,normal,false,4,18,438,2895,140,2280,3720,false,false,false,6110,5,3363,36,0,
152,tempted_1_0,2741,30,0,budget,0,56,true,4,445,74,126,0.3,0.7,0,0,0,2,17,crash,false,5,12,606,2135,0,0,0,false,false,false,0,0,2741,30,0,
153,tempted_1_0,3126,30,0,budget,0,69,true,3,370,88,136,0.26666666666666666,0.7333333333333333,0,0,0,2,9,normal,false,4,15,411,2715,0,0,0,false,false,true,0,0,3126,30,0,
154,tempted_1_0,3129,22,0,lock,0,62,true,6,930,74,117,0.36363636363636365,0.6363636363636364,0,0,0,2,18,normal,false,3,11,589,2540,0,0,0,false,false,false,0,0,3129,22,0,
155,tempted_1_0,12690,50,20,budget,0,97,false,8,5395,142,213,0,0.86,0.12,0.02,0,8,13,normal,false,7,19,0,3895,3350,5445,0,true,true,false,0,0,12690,50,0,
156,tempted_1_0,1814,30,0,budget,0,56,true,3,220,56,118,0.6,0.4,0,0,0,2,17,crash,false,6,10,949,865,0,0,0,false,false,false,0,0,1814,30,0,
157,tempted_1_0,3310,32,2,budget,0,70,true,3,390,75,118,0.21875,0.78125,0,0,0,3,1,normal,false,9,13,280,3030,0,0,0,false,false,false,0,0,3310,32,0,
158,tempted_1_0,11025,38,8,budget,0,98,false,6,4220,130,197,0,0.8947368421052632,0.07894736842105263,0.02631578947368421,0,3,9,normal,false,6,17,0,4540,3380,3105,0,true,true,true,0,0,11025,38,0,
159,tempted_1_0,9010,46,16,budget,2,100,true,6,1640,123,177,0.1956521739130435,0.5217391304347826,0.06521739130434782,0,0.21739130434782608,4,7,normal,false,4,20,485,3245,330,450,4500,false,false,true,4400,10,4610,36,1,3
160,tempted_1_0,2039,30,0,budget,0,60,true,4,495,55,90,0.23333333333333334,0.7666666666666667,0,0,0,1,18,normal,false,6,6,219,1820,0,0,0,false,false,false,0,0,2039,30,0,
161,tempted_1_0,3263,30,0,budget,0,56,true,4,790,78,117,0.06666666666666667,0.9333333333333333,0,0,0,1,6,normal,false,6,10,93,3170,0,0,0,false,false,false,0,0,3263,30,0,
162,tempted_1_0,2223,30,0,budget,0,56,true,4,545,60,99,0.3333333333333333,0.6666666666666666,0,0,0,3,6,normal,false,8,11,363,1860,0,0,0,false,false,false,0,0,2223,30,0,
163,tempted_1_0,3598,30,0,budget,0,65,true,5,725,82,141,0.2,0.8,0,0,0,4,11,normal,false,7,14,318,3280,0,0,0,false,false,true,0,0,3598,30,0,
164,tempted_1_0,2935,30,0,budget,0,50,true,6,720,53,109,0.26666666666666666,0.7333333333333333,0,0,0,2,12,crash,false,5,9,670,2265,0,0,0,false,false,false,0,0,2935,30,0,
165,tempted_1_0,17758,68,38,budget,2,100,true,5,2350,234,293,0.04411764705882353,0.5588235294117647,0.20588235294117646,0.04411764705882353,0.14705882352941177,14,25,crash,false,6,34,63,6200,3930,1485,6080,false,true,false,4650,10,13108,58,2,4|10
166,tempted_1_0,3558,30,0,budget,0,57,true,4,420,77,146,0.3333333333333333,0.6666666666666666,0,0,0,4,6,normal,false,4,14,608,2950,0,0,0,false,false,true,0,0,3558,30,0,
167,tempted_1_0,5697,38,8,budget,0,85,true,5,715,118,179,0.23684210526315788,0.6052631578947368,0.15789473684210525,0,0,7,2,normal,false,4,16,797,3640,810,450,0,false,false,false,0,0,5697,38,0,
168,tempted_1_0,5243,30,0,budget,0,64,true,5,840,97,159,0.1,0.9,0,0,0,2,10,crash,false,4,15,218,5025,0,0,0,false,false,true,0,0,5243,30,0,
169,tempted_1_0,4140,30,0,budget,0,68,true,7,1375,86,124,0,1,0,0,0,0,-1,normal,false,9,11,30,4110,0,0,0,false,false,false,0,0,4140,30,0,
170,tempted_1_0,2351,30,0,budget,0,50,true,4,415,51,127,0.5,0.5,0,0,0,3,5,normal,false,10,10,606,1745,0,0,0,false,false,true,0,0,2351,30,0,
171,tempted_1_0,5547,32,2,budget,0,80,true,7,950,104,176,0.3125,0.6875,0,0,0,4,10,normal,false,3,16,1227,4050,270,0,0,false,false,true,0,0,5547,32,0,
172,tempted_1_0,3949,32,2,budget,0,71,true,5,645,83,139,0.1875,0.8125,0,0,0,4,11,normal,false,5,10,454,3315,180,0,0,false,false,false,0,0,3949,32,0,
173,tempted_1_0,10252,37,7,budget,1,100,true,5,3920,128,168,0.21621621621621623,0.5945945945945946,0.05405405405405406,0,0.13513513513513514,4,3,normal,false,8,19,497,3705,210,0,5840,false,false,false,5180,5,5072,32,1,2
174,tempted_1_0,2333,30,0,budget,0,50,true,4,333,65,117,0.4666666666666667,0.5333333333333333,0,0,0,5,7,normal,false,6,13,658,1675,0,0,0,false,false,true,0,0,2333,30,0,
175,tempted_1_0,14445,75,45,budget,1,100,true,4,1920,233,309,0.02666666666666667,0.6933333333333334,0.16,0.05333333333333334,0.06666666666666667,18,7,normal,false,8,34,175,5545,3680,1905,3140,false,true,false,3000,5,11445,70,1,3
176,tempted_1_0,3173,32,2,budget,0,74,true,4,505,90,138,0.5,0.46875,0.03125,0,0,4,1,normal,false,9,13,608,2445,120,0,0,false,false,false,0,0,3173,32,0,
177,tempted_1_0,10162,63,33,budget,1,100,true,4,790,180,242,0.14285714285714285,0.5555555555555556,0.14285714285714285,0.07936507936507936,0.07936507936507936,15,7,crash,false,5,30,387,4270,2770,1635,1100,false,true,false,1400,5,8762,58,1,7
178,tempted_1_0,2724,30,0,budget,0,50,true,5,495,61,111,0.5,0.5,0,0,0,7,6,normal,false,5,11,674,2050,0,0,0,false,false,true,0,0,2724,30,0,
179,tempted_1_0,2775,30,0,budget,0,50,true,4,570,77,127,0.5333333333333333,0.4666666666666667,0,0,0,3,4,normal,false,10,9,680,2095,0,0,0,false,false,false,0,0,2775,30,0,
180,tempted_1_0,4060,30,0,budget,0,56,true,5,720,86,145,0.1,0.9,0,0,0,3,15,normal,false,7,8,295,3765,0,0,0,false,false,false,0,0,4060,30,0,
181,tempted_1_0,4193,32,2,budget,0,74,true,4,600,92,135,0.09375,0.90625,0,0,0,3,10,normal,false,5,16,238,3435,520,0,0,false,false,false,0,0,4193,32,0,
182,tempted_1_0,3126,30,0,budget,0,69,true,3,455,72,133,0.36666666666666664,0.6333333333333333,0,0,0,2,20,crash,false,5,12,706,2420,0,0,0,false,false,false,0,0,3126,30,0,
183,tempted_1_0,3515,30,0,budget,0,61,true,4,440,77,135,0.3333333333333333,0.6666666666666666,0,0,0,4,11,crash,false,5,12,505,3010,0,0,0,false,false,false,0,0,3515,30,0,
184,tempted_1_0,4391,30,0,budget,0,58,true,4,640,91,143,0.06666666666666667,0.9333333333333333,0,0,0,2,23,normal,false,7,16,176,4215,0,0,0,false,false,true,0,0,4391,30,0,
185,tempted_1_0,3026,30,0,budget,0,58,true,4,475,75,105,0.16666666666666666,0.8333333333333334,0,0,0,3,8,normal,false,3,13,136,2890,0,0,0,false,false,true,0,0,3026,30,0,
186,tempted_1_0,3105,30,0,budget,0,61,true,3,330,71,106,0.13333333333333333,0.8666666666666667,0,0,0,3,6,normal,false,3,15,125,2980,0,0,0,false,false,false,0,0,3105,30,0,
187,tempted_1_0,3005,30,0,budget,0,55,true,4,315,81,113,0.1,0.9,0,0,0,2,11,normal,false,5,10,290,2715,0,0,0,false,false,false,0,0,3005,30,0,
188,tempted_1_0,2561,30,0,budget,0,58,true,3,230,76,114,0.3,0.7,0,0,0,6,7,normal,false,5,12,436,2125,0,0,0,false,false,true,0,0,2561,30,0,
189,tempted_1_0,13538,57,27,budget,1,100,true,6,1560,184,259,0.05263157894736842,0.7368421052631579,0.08771929824561403,0.03508771929824561,0.08771929824561403,8,2,normal,false,4,28,258,6125,2420,1275,3460,false,false,false,4270,5,9268,52,0,
190,tempted_1_0,8859,59,29,budget,1,100,true,4,1860,152,210,0.13559322033898305,0.6101694915254238,0.13559322033898305,0.03389830508474576,0.0847457627118644,14,1,crash,false,6,25,229,4240,1000,270,3120,false,true,false,2790,5,6069,54,1,4
191,tempted_1_0,1889,32,2,budget,0,70,true,3,290,58,98,0.4375,0.5625,0,0,0,4,1,normal,false,11,8,444,1445,0,0,0,false,false,false,0,0,1889,32,0,
192,tempted_1_0,3188,30,0,budget,0,50,true,7,1650,59,108,0.4,0.6,0,0,0,6,9,normal,false,5,10,333,2855,0,0,0,false,false,false,0,0,3188,30,0,
193,tempted_1_0,4007,30,0,budget,0,68,true,4,575,92,132,0.23333333333333334,0.7666666666666667,0,0,0,3,7,normal,false,5,19,262,3745,0,0,0,false,false,true,0,0,4007,30,0,
194,tempted_1_0,3445,32,2,budget,0,74,true,6,1025,64,138,0.625,0.34375,0.03125,0,0,4,1,crash,false,12,9,915,2440,90,0,0,false,false,true,0,0,3445,32,0,
195,tempted_1_0,3464,30,0,budget,0,54,true,5,720,79,134,0.3,0.7,0,0,0,2,19,crash,false,6,13,524,2940,0,0,0,false,false,false,0,0,3464,30,0,
196,tempted_1_0,4373,30,0,budget,0,54,true,5,620,95,133,0.1,0.9,0,0,0,3,5,normal,false,4,11,373,4000,0,0,0,false,false,false,0,0,4373,30,0,
197,tempted_1_0,2590,32,2,budget,0,83,true,2,240,72,94,0.125,0.84375,0.03125,0,0,2,3,normal,false,8,9,120,2070,400,0,0,false,false,true,0,0,2590,32,0,
198,tempted_1_0,9824,45,15,budget,1,100,true,6,2610,138,189,0.15555555555555556,0.6888888888888889,0.044444444444444446,0,0.1111111111111111,6,1,normal,false,8,15,599,2855,2340,810,3220,false,false,false,4290,5,5534,40,1,2
199,tempted_1_0,3621,30,0,budget,0,50,true,5,690,77,128,0.3,0.7,0,0,0,5,13,normal,false,5,11,386,3235,0,0,0,false,false,true,0,0,3621,30,0,
200,tempted_1_0,2784,30,0,budget,0,50,true,5,1095,48,138,0.8333333333333334,0.16666666666666666,0,0,0,3,11,crash,false,7,9,1044,1740,0,0,0,false,false,false,0,0,2784,30,0,
201,tempted_1_0,2951,30,0,budget,0,68,true,3,570,79,120,0.16666666666666666,0.8333333333333334,0,0,0,3,18,normal,false,6,11,306,2645,0,0,0,false,false,true,0,0,2951,30,0,
202,tempted_1_0,5055,30,0,budget,0,50,true,8,1515,88,163,0.36666666666666664,0.6333333333333333,0,0,0,3,13,crash,false,6,12,820,4235,0,0,0,false,false,false,0,0,5055,30,0,
203,tempted_1_0,11756,47,17,budget,1,100,true,6,2070,168,224,0.0851063829787234,0.6595744680851063,0.1276595744680851,0.02127659574468085,0.10638297872340426,6,12,normal,false,8,22,436,4530,1530,1980,3280,false,false,false,2000,5,9756,42,1,2
204,tempted_1_0,3237,30,0,budget,0,64,true,5,450,79,129,0.2,0.8,0,0,0,4,8,normal,false,7,10,637,2600,0,0,0,false,false,false,0,0,3237,30,0,
205,tempted_1_0,2969,30,0,budget,0,50,true,3,380,81,147,0.5,0.5,0,0,0,4,4,crash,false,4,15,1004,1965,0,0,0,false,false,false,0,0,2969,30,0,
206,tempted_1_0,2547,30,0,budget,0,50,true,4,465,63,146,0.6,0.4,0,0,0,5,6,crash,false,3,14,1112,1435,0,0,0,false,false,true,0,0,2547,30,0,
207,tempted_1_0,3383,25,6,lock,0,79,true,4,510,76,110,0.12,0.8,0.08,0,0,5,1,normal,false,4,11,563,2370,450,0,0,false,false,false,0,0,3383,25,0,
208,tempted_1_0,2170,30,0,budget,0,50,true,3,265,57,131,0.43333333333333335,0.5666666666666667,0,0,0,1,23,crash,false,6,13,1120,1050,0,0,0,false,false,false,0,0,2170,30,0,
209,tempted_1_0,2973,30,0,budget,0,50,true,6,466,73,126,0.36666666666666664,0.6333333333333333,0,0,0,3,13,normal,false,3,13,673,2300,0,0,0,false,false,true,0,0,2973,30,0,
210,tempted_1_0,5582,30,0,budget,0,66,true,7,2225,97,173,0.3333333333333333,0.6666666666666666,0,0,0,2,14,normal,false,5,11,817,4765,0,0,0,false,false,true,0,0,5582,30,0,
211,tempted_1_0,2689,30,0,budget,0,50,true,4,425,61,118,0.43333333333333335,0.5666666666666667,0,0,0,0,-1,crash,false,10,7,409,2280,0,0,0,false,false,false,0,0,2689,30,0,
212,tempted_1_0,4859,30,0,budget,0,61,true,6,960,92,149,0.23333333333333334,0.7666666666666667,0,0,0,2,7,crash,false,5,14,669,4190,0,0,0,false,false,false,0,0,4859,30,0,
213,tempted_1_0,3798,32,2,budget,0,73,true,6,990,81,132,0.21875,0.78125,0,0,0,3,13,crash,false,6,10,623,2665,510,0,0,false,false,true,0,0,3798,32,0,
214,tempted_1_0,3500,38,8,budget,0,83,true,4,503,83,132,0.18421052631578946,0.6842105263157895,0.13157894736842105,0,0,5,6,crash,false,9,11,445,2575,480,0,0,false,false,false,0,0,3500,38,0,
215,tempted_1_0,5145,36,6,budget,0,82,false,6,895,100,143,0,0.9444444444444444,0.05555555555555555,0,0,3,11,normal,false,8,13,0,4275,870,0,0,false,false,false,0,0,5145,36,0,
216,tempted_1_0,3165,32,2,budget,0,70,true,3,375,81,113,0.03125,0.96875,0,0,0,2,12,normal,false,5,12,85,3080,0,0,0,false,false,false,0,0,3165,32,0,
217,tempted_1_0,2930,30,0,budget,0,50,true,4,420,77,131,0.5666666666666667,0.43333333333333335,0,0,0,4,10,normal,false,4,14,1065,1865,0,0,0,false,false,false,0,0,2930,30,0,
218,tempted_1_0,4474,30,0,budget,0,67,true,6,1725,82,137,0.23333333333333334,0.7666666666666667,0,0,0,2,27,normal,false,7,9,359,4115,0,0,0,false,false,true,0,0,4474,30,0,
219,tempted_1_0,4209,30,0,budget,0,61,true,5,815,95,140,0.13333333333333333,0.8666666666666667,0,0,0,1,11,normal,false,4,13,339,3870,0,0,0,false,false,false,0,0,4209,30,0,
220,tempted_1_0,4014,30,0,budget,0,55,true,4,640,109,149,0.13333333333333333,0.8666666666666667,0,0,0,2,14,normal,false,3,17,584,3430,0,0,0,false,false,true,0,0,4014,30,0,
221,tempted_1_0,4598,40,10,budget,0,78,true,7,1090,100,139,0.1,0.8,0.1,0,0,8,1,normal,false,8,17,553,3595,450,0,0,false,false,false,0,0,4598,40,0,
222,tempted_1_0,11255,47,17,budget,1,100,true,5,1585,159,207,0,0.6595744680851063,0.1702127659574468,0.06382978723404255,0.10638297872340426,6,5,normal,false,5,20,30,4640,1790,2415,2380,false,true,false,3045,5,8210,42,1,7
223,tempted_1_0,22682,56,26,budget,2,100,true,7,4695,205,289,0.125,0.5357142857142857,0.125,0.03571428571428571,0.17857142857142858,12,10,normal,false,5,28,822,5460,1090,5610,9700,false,true,false,9935,10,12747,46,2,4|3
224,tempted_1_0,5851,32,2,budget,0,79,true,4,1910,94,169,0.15625,0.78125,0.0625,0,0,3,6,crash,false,10,13,431,3390,2030,0,0,false,false,false,0,0,5851,32,0,
225,tempted_1_0,2033,30,0,budget,0,53,true,3,240,56,103,0.4,0.6,0,0,0,3,12,crash,false,7,10,463,1570,0,0,0,false,false,false,0,0,2033,30,0,
226,tempted_1_0,3962,30,0,budget,0,62,true,5,413,96,164,0.3333333333333333,0.6666666666666666,0,0,0,4,4,crash,false,3,16,1242,2720,0,0,0,false,false,true,0,0,3962,30,0,
227,tempted_1_0,6722,42,12,budget,0,88,true,5,785,121,177,0.19047619047619047,0.6428571428571429,0.14285714285714285,0.023809523809523808,0,9,5,normal,false,5,17,402,4055,1320,945,0,false,false,true,0,0,6722,42,0,
228,tempted_1_0,2804,30,0,budget,0,50,true,4,603,59,118,0.43333333333333335,0.5666666666666667,0,0,0,6,7,normal,false,4,10,674,2130,0,0,0,false,false,false,0,0,2804,30,0,
229,tempted_1_0,2693,30,0,budget,0,56,true,4,670,68,138,0.6333333333333333,0.36666666666666664,0,0,0,2,7,crash,false,8,7,893,1800,0,0,0,false,false,false,0,0,2693,30,0,
230,tempted_1_0,5970,36,6,budget,0,92,true,6,2085,120,175,0.2222222222222222,0.7222222222222222,0.05555555555555555,0,0,5,10,normal,false,5,16,515,4345,300,810,0,true,false,false,0,0,5970,36,0,
231,tempted_1_0,9678,50,20,budget,0,86,true,4,1085,169,242,0.04,0.8,0.16,0,0,10,8,normal,false,4,24,143,6545,2450,540,0,false,false,false,0,0,9678,50,0,
232,tempted_1_0,3819,36,6,budget,0,79,true,4,525,94,133,0.19444444444444445,0.7222222222222222,0.08333333333333333,0,0,6,4,normal,false,3,19,304,3155,360,0,0,false,false,false,0,0,3819,36,0,
233,tempted_1_0,4831,34,4,budget,0,94,true,3,1395,85,133,0.17647058823529413,0.6764705882352942,0.11764705882352941,0.029411764705882353,0,4,11,normal,false,6,13,196,2540,700,1395,0,true,false,false,0,0,4831,34,0,
234,tempted_1_0,5971,40,10,budget,0,91,true,5,1395,110,156,0.175,0.675,0.15,0,0,8,2,normal,false,6,16,226,3615,1860,270,0,true,false,true,0,0,5971,40,0,
235,tempted_1_0,2512,30,0,budget,0,50,true,4,211,69,143,0.6,0.4,0,0,0,4,5,normal,false,8,13,1322,1190,0,0,0,false,false,true,0,0,2512,30,0,
236,tempted_1_0,2911,30,0,budget,0,61,true,4,550,79,108,0.16666666666666666,0.8333333333333334,0,0,0,4,6,normal,false,3,13,181,2730,0,0,0,false,false,false,0,0,2911,30,0,
237,tempted_1_0,3595,36,6,budget,0,82,true,4,470,90,138,0.2777777777777778,0.6666666666666666,0.05555555555555555,0,0,6,7,normal,false,6,17,625,2130,840,0,0,false,false,false,0,0,3595,36,0,
238,tempted_1_0,2722,30,0,budget,0,66,true,3,300,71,122,0.3333333333333333,0.6666666666666666,0,0,0,2,11,normal,false,5,12,642,2080,0,0,0,false,false,false,0,0,2722,30,0,
239,tempted_1_0,6180,36,6,budget,0,76,true,6,1625,114,179,0.027777777777777776,0.9444444444444444,0.027777777777777776,0,0,4,4,normal,false,4,20,95,5425,660,0,0,false,false,true,0,0,6180,36,0,
240,tempted_1_0,5438,38,8,budget,0,99,true,4,1005,85,138,0.10526315789473684,0.7105263157894737,0.13157894736842105,0.05263157894736842,0,4,3,crash,false,11,8,78,2675,1470,1215,0,true,true,false,0,0,5438,38,0,
241,tempted_1_0,3334,32,2,budget,0,70,true,5,510,78,144,0.21875,0.78125,0,0,0,4,8,normal,false,7,12,574,2760,0,0,0,false,false,false,0,0,3334,32,0,
242,tempted_1_0,12057,45,15,budget,1,100,true,5,3060,145,235,0.28888888888888886,0.5111111111111111,0.044444444444444446,0.044444444444444446,0.1111111111111111,7,11,normal,false,6,27,807,4940,910,600,4800,false,false,false,4800,5,7257,40,1,3
243,tempted_1_0,9075,48,18,budget,2,100,false,4,680,142,176,0,0.6875,0.08333333333333333,0.020833333333333332,0.20833333333333334,6,1,normal,false,10,18,0,3335,1210,390,4140,false,true,false,3910,10,5165,38,2,3|2
244,tempted_1_0,3469,30,0,budget,0,50,true,4,420,82,147,0.5666666666666667,0.43333333333333335,0,0,0,4,8,crash,false,4,8,979,2490,0,0,0,false,false,false,0,0,3469,30,0,
245,tempted_1_0,4293,26,0,lock,0,67,true,5,750,91,136,0.15384615384615385,0.8461538461538461,0,0,0,2,20,normal,false,3,11,118,4175,0,0,0,false,false,true,0,0,4293,26,0,
246,tempted_1_0,2675,30,0,budget,0,65,true,3,285,79,121,0.3,0.7,0,0,0,3,21,normal,false,6,12,515,2160,0,0,0,false,false,false,0,0,2675,30,0,
247,tempted_1_0,2485,30,0,budget,0,66,false,3,310,71,98,0,1,0,0,0,0,-1,normal,false,17,4,0,2485,0,0,0,false,false,false,0,0,2485,30,0,
248,tempted_1_0,3302,30,0,budget,0,63,true,4,630,75,128,0.26666666666666666,0.7333333333333333,0,0,0,2,11,normal,false,4,13,372,2930,0,0,0,false,false,false,0,0,3302,30,0,
249,tempted_1_0,6410,35,19,lock,1,100,true,5,855,101,132,0.05714285714285714,0.6571428571428571,0.14285714285714285,0,0.14285714285714285,9,7,normal,false,2,19,30,3200,1220,180,1780,false,false,true,1880,5,4530,30,1,2
250,tempted_1_0,4705,30,0,budget,0,50,true,6,1275,80,160,0.3333333333333333,0.6666666666666666,0,0,0,3,13,crash,false,4,12,925,3780,0,0,0,false,false,false,0,0,4705,30,0,
251,tempted_1_0,2215,30,0,budget,0,61,true,4,720,59,103,0.5333333333333333,0.4666666666666667,0,0,0,3,21,normal,false,13,6,540,1675,0,0,0,false,false,false,0,0,2215,30,0,
252,tempted_1_0,3401,30,0,budget,0,67,true,4,380,86,136,0.36666666666666664,0.6333333333333333,0,0,0,4,5,normal,false,6,8,681,2720,0,0,0,false,false,false,0,0,3401,30,0,
253,tempted_1_0,2826,32,2,budget,0,70,true,5,675,71,102,0.1875,0.8125,0,0,0,3,1,normal,false,5,13,186,2460,180,0,0,false,false,false,0,0,2826,32,0,
254,tempted_1_0,2267,30,0,budget,0,50,true,3,255,68,119,0.4,0.6,0,0,0,3,10,normal,false,4,10,772,1495,0,0,0,false,false,false,0,0,2267,30,0,
255,tempted_1_0,7555,42,12,budget,0,95,true,5,3040,110,177,0.09523809523809523,0.8095238095238095,0.09523809523809523,0,0,7,6,normal,false,6,15,170,2715,4130,540,0,true,true,false,0,0,7555,42,0,
256,tempted_1_0,5072,36,6,budget,0,75,true,6,1215,104,154,0.2222222222222222,0.75,0.027777777777777776,0,0,5,7,normal,false,4,16,437,3975,660,0,0,false,false,true,0,0,5072,36,0,
257,tempted_1_0,3449,30,0,budget,0,67,true,4,485,85,129,0.16666666666666666,0.8333333333333334,0,0,0,2,10,normal,false,8,10,369,3080,0,0,0,false,false,true,0,0,3449,30,0,
258,tempted_1_0,2818,30,0,budget,0,68,true,4,420,72,119,0.23333333333333334,0.7666666666666667,0,0,0,2,19,normal,false,6,9,358,2460,0,0,0,false,false,false,0,0,2818,30,0,
259,tempted_1_0,3522,30,0,budget,0,50,true,5,1420,84,160,0.5333333333333333,0.4666666666666667,0,0,0,3,7,crash,false,5,13,842,2680,0,0,0,false,false,true,0,0,3522,30,0,
260,tempted_1_0,4737,40,10,budget,0,91,true,4,795,87,153,0.25,0.625,0.125,0,0,7,5,normal,false,8,17,307,2915,570,945,0,true,false,true,0,0,4737,40,0,
261,tempted_1_0,3089,30,0,budget,0,63,true,3,430,77,110,0.13333333333333333,0.8666666666666667,0,0,0,3,5,normal,false,2,14,169,2920,0,0,0,false,false,false,0,0,3089,30,0,
262,tempted_1_0,3575,36,6,budget,0,75,true,3,420,97,122,0.05555555555555555,0.9166666666666666,0.027777777777777776,0,0,5,10,normal,false,4,14,150,3335,90,0,0,false,false,false,0,0,3575,36,0,
263,tempted_1_0,5639,32,2,budget,0,72,true,5,795,113,183,0.25,0.71875,0.03125,0,0,4,2,normal,false,4,16,474,4985,180,0,0,false,false,true,0,0,5639,32,0,
264,tempted_1_0,14096,57,27,budget,1,100,true,6,3430,177,253,0.07017543859649122,0.6842105263157895,0.07017543859649122,0.08771929824561403,0.08771929824561403,11,6,normal,false,4,27,271,4785,3520,3420,2100,false,true,true,1880,5,12216,52,0,
265,tempted_1_0,540,5,0,lock,0,52,false,2,150,12,21,0,1,0,0,0,0,-1,normal,false,5,0,0,540,0,0,0,false,false,false,0,0,540,5,0,
266,tempted_1_0,20670,64,34,budget,2,100,true,6,5220,229,292,0.015625,0.640625,0.171875,0.015625,0.15625,11,1,normal,false,8,24,15,5150,3380,3825,8300,false,false,false,12370,10,8300,54,2,2|2
267,tempted_1_0,8854,47,17,budget,1,100,true,4,1800,126,194,0.14893617021276595,0.6808510638297872,0.06382978723404255,0,0.10638297872340426,6,10,crash,false,6,15,244,4130,900,720,2860,false,false,false,3730,5,5124,42,1,2
268,tempted_1_0,5538,36,6,budget,0,82,true,5,800,109,158,0.05555555555555555,0.8611111111111112,0.08333333333333333,0,0,5,1,normal,false,5,18,273,3765,1500,0,0,false,false,true,0,0,5538,36,0,
269,tempted_1_0,2155,12,10,lock,0,89,false,3,500,43,49,0,0.6666666666666666,0.25,0.08333333333333333,0,4,1,normal,false,3,7,0,1005,970,180,0,false,false,false,0,0,2155,12,0,
270,tempted_1_0,15721,61,41,lock,1,100,true,6,2540,200,256,0.09836065573770492,0.5409836065573771,0.22950819672131148,0.04918032786885246,0.08196721311475409,17,6,deep,false,7,32,646,4785,3490,2520,4280,false,true,true,2310,5,13411,56,1,2
271,tempted_1_0,2941,30,0,budget,0,68,true,4,705,67,145,0.4,0.6,0,0,0,1,23,crash,false,5,10,626,2315,0,0,0,false,false,false,0,0,2941,30,0,
272,tempted_1_0,2642,30,0,budget,0,66,true,3,335,66,112,0.3,0.7,0,0,0,3,12,crash,false,4,10,282,2360,0,0,0,false,false,false,0,0,2642,30,0,
273,tempted_1_0,4752,32,2,budget,0,76,true,5,730,99,145,0.28125,0.6875,0.03125,0,0,6,3,normal,false,5,16,277,4295,180,0,0,false,false,false,0,0,4752,32,0,
274,tempted_1_0,4129,34,4,budget,0,78,true,5,610,88,130,0.2647058823529412,0.6764705882352942,0.058823529411764705,0,0,3,13,normal,false,8,16,319,3570,240,0,0,false,false,true,0,0,4129,34,0,
275,tempted_1_0,2485,30,0,budget,0,50,true,4,550,60,110,0.36666666666666664,0.6333333333333333,0,0,0,6,10,normal,false,4,10,515,1970,0,0,0,false,false,false,0,0,2485,30,0,
276,tempted_1_0,3002,32,2,budget,0,70,true,3,460,68,129,0.40625,0.59375,0,0,0,5,1,crash,false,6,12,682,2320,0,0,0,false,false,false,0,0,3002,32,0,
277,tempted_1_0,5610,30,0,budget,0,66,true,10,2235,93,136,0.13333333333333333,0.8666666666666667,0,0,0,2,10,crash,false,7,10,125,5485,0,0,0,false,false,false,0,0,5610,30,0,
278,tempted_1_0,5916,36,6,budget,0,78,true,4,1130,99,140,0.08333333333333333,0.8611111111111112,0.05555555555555555,0,0,5,6,normal,false,5,14,166,3290,2460,0,0,false,false,false,0,0,5916,36,0,
279,tempted_1_0,3567,32,2,budget,0,73,true,4,305,87,147,0.28125,0.6875,0.03125,0,0,4,13,normal,false,5,13,767,2710,90,0,0,false,false,false,0,0,3567,32,0,
280,tempted_1_0,4288,34,4,budget,0,85,true,3,1000,93,146,0.11764705882352941,0.8529411764705882,0.029411764705882353,0,0,4,12,crash,false,6,12,363,3055,240,630,0,false,false,false,0,0,4288,34,0,
281,tempted_1_0,3692,34,4,budget,0,77,true,4,555,93,143,0.29411764705882354,0.6764705882352942,0.029411764705882353,0,0,3,1,normal,false,5,12,457,2865,370,0,0,false,false,true,0,0,3692,34,0,
282,tempted_1_0,5173,32,2,budget,0,76,true,6,1175,98,176,0.5,0.5,0,0,0,8,2,crash,false,3,15,1183,3630,360,0,0,false,false,false,0,0,5173,32,0,
283,tempted_1_0,6903,32,2,budget,0,73,true,5,1470,114,179,0.25,0.71875,0.03125,0,0,3,15,normal,false,4,17,488,4735,1680,0,0,false,false,false,0,0,6903,32,0,
284,tempted_1_0,6013,30,0,budget,0,67,true,6,1175,120,193,0.2,0.8,0,0,0,4,7,normal,false,5,12,688,5325,0,0,0,false,false,true,0,0,6013,30,0,
285,tempted_1_0,285,6,0,lock,0,50,true,2,75,6,15,0,1,0,0,0,0,-1,normal,false,6,0,30,255,0,0,0,false,false,false,0,0,285,6,0,
286,tempted_1_0,2419,30,0,budget,0,68,true,4,540,72,116,0.4666666666666667,0.5333333333333333,0,0,0,3,6,normal,false,8,11,704,1715,0,0,0,false,false,true,0,0,2419,30,0,
287,tempted_1_0,2539,32,2,budget,0,76,true,5,373,69,100,0.15625,0.8125,0.03125,0,0,4,7,normal,false,8,9,499,1950,90,0,0,false,false,false,0,0,2539,32,0,
288,tempted_1_0,7735,45,15,budget,1,100,true,4,860,140,191,0.044444444444444446,0.7333333333333333,0.1111111111111111,0,0.1111111111111111,6,6,normal,false,5,16,125,4485,980,645,1500,false,false,false,1640,5,6095,40,1,3
289,tempted_1_0,2559,32,2,budget,0,72,true,3,260,59,119,0.34375,0.625,0.03125,0,0,3,13,crash,false,7,11,524,1945,90,0,0,false,false,true,0,0,2559,32,0,
290,tempted_1_0,3521,30,0,budget,0,69,true,5,555,76,125,0.2,0.8,0,0,0,1,23,crash,false,6,10,171,3350,0,0,0,false,false,false,0,0,3521,30,0,
291,tempted_1_0,6040,42,12,budget,0,99,true,3,680,117,201,0.38095238095238093,0.5476190476190477,0.047619047619047616,0.023809523809523808,0,8,3,crash,false,6,16,850,3430,1400,360,0,true,true,false,0,0,6040,42,0,
292,tempted_1_0,3097,32,2,budget,0,73,true,4,495,78,120,0.28125,0.6875,0.03125,0,0,4,10,normal,false,5,14,347,2570,180,0,0,false,false,true,0,0,3097,32,0,
293,tempted_1_0,19545,54,24,budget,2,100,true,6,5100,191,258,0.018518518518518517,0.6666666666666666,0.1111111111111111,0.018518518518518517,0.18518518518518517,7,4,normal,false,11,23,70,5525,1440,2310,10200,false,false,true,9370,10,10175,44,1,3
294,tempted_1_0,12436,51,21,budget,1,100,true,5,2480,181,246,0.0392156862745098,0.7647058823529411,0.09803921568627451,0,0.09803921568627451,7,9,crash,false,7,24,121,6355,2220,360,3380,false,false,true,3740,5,8696,46,1,2
295,tempted_1_0,2029,30,0,budget,0,69,true,3,290,68,99,0.36666666666666664,0.6333333333333333,0,0,0,3,9,normal,false,8,8,449,1580,0,0,0,false,false,true,0,0,2029,30,0,
296,tempted_1_0,2272,30,0,budget,0,60,true,3,360,60,99,0.3333333333333333,0.6666666666666666,0,0,0,3,6,crash,false,9,10,302,1970,0,0,0,false,false,false,0,0,2272,30,0,
297,tempted_1_0,14589,54,24,budget,2,100,true,5,2760,181,248,0.12962962962962962,0.5925925925925926,0.09259259259259259,0,0.18518518518518517,9,2,normal,false,5,25,334,4345,1970,300,7640,false,false,false,7070,10,7519,44,1,3
298,tempted_1_0,2953,30,0,budget,0,50,true,5,795,69,120,0.6666666666666666,0.3333333333333333,0,0,0,3,16,crash,false,7,11,713,2240,0,0,0,false,false,false,0,0,2953,30,0,
299,tempted_1_0,2874,30,0,budget,0,62,true,3,240,80,124,0.26666666666666666,0.7333333333333333,0,0,0,4,9,normal,false,5,10,329,2545,0,0,0,false,false,false,0,0,2874,30,0,
300,tempted_1_0,3351,30,0,budget,0,64,true,4,630,84,123,0.2,0.8,0,0,0,5,8,normal,false,5,11,281,3070,0,0,0,false,false,true,0,0,3351,30,0,
301,tempted_1_0,10735,58,28,budget,2,100,true,4,1620,157,221,0.1724137931034483,0.46551724137931033,0.15517241379310345,0.034482758620689655,0.1724137931034483,12,5,crash,false,4,32,335,3220,1740,660,4780,false,false,false,4660,10,6075,48,2,3|3
302,tempted_1_0,2426,30,0,budget,0,68,true,3,395,62,115,0.5333333333333333,0.4666666666666667,0,0,0,3,11,normal,false,7,11,801,1625,0,0,0,false,false,false,0,0,2426,30,0,
303,tempted_1_0,2384,30,0,budget,0,53,true,3,255,56,107,0.43333333333333335,0.5666666666666667,0,0,0,3,10,normal,false,7,11,564,1820,0,0,0,false,false,true,0,0,2384,30,0,
304,tempted_1_0,18690,53,23,budget,1,100,true,6,6480,196,293,0.20754716981132076,0.49056603773584906,0.18867924528301888,0.018867924528301886,0.09433962264150944,10,1,crash,false,7,25,890,3690,3900,810,9400,false,false,false,9760,5,8930,48,1,4
305,tempted_1_0,5296,34,4,budget,0,79,true,5,660,105,144,0.08823529411764706,0.8823529411764706,0.029411764705882353,0,0,2,6,normal,false,5,13,111,4645,540,0,0,false,false,false,0,0,5296,34,0,
306,tempted_1_0,11532,58,28,budget,2,100,true,5,1980,164,205,0.1206896551724138,0.5172413793103449,0.13793103448275862,0.05172413793103448,0.1724137931034483,9,2,crash,false,6,21,152,3525,1550,1305,5000,false,false,false,5730,10,5802,48,2,2|3
307,tempted_1_0,3978,30,0,budget,0,50,true,8,1523,70,154,0.6666666666666666,0.3333333333333333,0,0,0,5,7,normal,false,5,11,1438,2540,0,0,0,false,false,true,0,0,3978,30,0,
308,tempted_1_0,2411,30,0,budget,0,66,true,4,665,62,101,0.3333333333333333,0.6666666666666666,0,0,0,3,7,normal,false,6,14,336,2075,0,0,0,false,false,true,0,0,2411,30,0,
309,tempted_1_0,3545,30,0,budget,0,50,true,6,1080,74,124,0.3333333333333333,0.6666666666666666,0,0,0,3,11,crash,false,5,9,400,3145,0,0,0,false,false,false,0,0,3545,30,0,
310,tempted_1_0,3200,34,4,budget,0,71,false,3,360,88,123,0,1,0,0,0,2,19,normal,false,8,12,0,3200,0,0,0,false,false,true,0,0,3200,34,0,
311,tempted_1_0,4066,42,12,budget,0,81,true,3,490,92,145,0.14285714285714285,0.7857142857142857,0.07142857142857142,0,0,7,1,crash,false,3,21,216,3070,780,0,0,false,false,false,0,0,4066,42,0,
312,tempted_1_0,11709,37,7,budget,1,100,true,5,3240,127,165,0.16216216216216217,0.6756756756756757,0.02702702702702703,0,0.13513513513513514,5,1,normal,false,9,14,299,2760,530,0,8120,false,false,true,6710,5,4999,32,0,
313,tempted_1_0,3266,30,0,budget,0,50,true,5,690,67,119,0.23333333333333334,0.7666666666666667,0,0,0,4,5,normal,false,4,12,336,2930,0,0,0,false,false,true,0,0,3266,30,0,
314,tempted_1_0,2369,25,0,lock,0,59,true,4,270,57,104,0.44,0.56,0,0,0,4,8,normal,false,4,10,604,1765,0,0,0,false,false,true,0,0,2369,25,0,
315,tempted_1_0,3336,30,0,budget,0,53,true,6,685,87,151,0.43333333333333335,0.5666666666666667,0,0,0,3,16,normal,false,6,10,1501,1835,0,0,0,false,false,false,0,0,3336,30,0,
316,tempted_1_0,2643,32,2,budget,0,80,true,3,370,66,122,0.34375,0.625,0.03125,0,0,4,5,normal,false,4,12,548,2005,90,0,0,false,false,false,0,0,2643,32,0,
317,tempted_1_0,3950,30,0,budget,0,61,true,5,895,88,126,0.1,0.9,0,0,0,3,11,normal,false,3,14,175,3775,0,0,0,false,false,true,0,0,3950,30,0,
318,tempted_1_0,3418,30,0,budget,0,50,true,3,465,90,140,0.2,0.8,0,0,0,3,6,crash,false,5,13,293,3125,0,0,0,false,false,true,0,0,3418,30,0,
319,tempted_1_0,3694,30,0,budget,0,52,true,4,515,92,157,0.36666666666666664,0.6333333333333333,0,0,0,2,15,normal,false,3,17,514,3180,0,0,0,false,false,false,0,0,3694,30,0,
320,tempted_1_0,6286,40,10,budget,0,87,true,5,1145,131,175,0.075,0.825,0.1,0,0,5,11,normal,false,5,15,91,4905,1290,0,0,false,false,true,0,0,6286,40,0,
321,tempted_1_0,3514,30,0,budget,0,50,true,5,640,88,173,0.6,0.4,0,0,0,5,5,crash,false,5,13,1889,1625,0,0,0,false,false,false,0,0,3514,30,0,
322,tempted_1_0,2340,30,0,budget,0,62,true,3,330,63,110,0.43333333333333335,0.5666666666666667,0,0,0,3,5,crash,false,7,12,380,1960,0,0,0,false,false,false,0,0,2340,30,0,
323,tempted_1_0,2290,30,0,budget,0,50,true,3,345,58,113,0.5,0.5,0,0,0,4,15,crash,false,6,8,710,1580,0,0,0,false,false,false,0,0,2290,30,0,
324,tempted_1_0,15818,50,20,budget,2,100,true,6,2520,172,223,0.06,0.66,0.06,0.02,0.2,7,1,normal,false,4,20,188,4020,2310,540,8760,false,false,false,6520,10,9298,40,1,2
325,tempted_1_0,2958,30,0,budget,0,62,true,3,465,66,130,0.3,0.7,0,0,0,2,11,normal,false,12,10,518,2440,0,0,0,false,false,true,0,0,2958,30,0,
326,tempted_1_0,3577,32,2,budget,0,77,true,5,710,86,125,0.15625,0.84375,0,0,0,4,6,normal,false,5,11,632,2765,180,0,0,false,false,false,0,0,3577,32,0,
327,tempted_1_0,2851,32,2,budget,0,76,true,3,260,70,111,0.15625,0.84375,0,0,0,3,5,crash,false,4,13,136,2535,180,0,0,false,false,false,0,0,2851,32,0,
328,tempted_1_0,4677,32,2,budget,0,81,true,5,1025,97,157,0.25,0.71875,0.03125,0,0,3,13,normal,false,4,14,512,4075,90,0,0,false,false,true,0,0,4677,32,0,
329,tempted_1_0,2148,30,0,budget,0,52,true,4,705,53,101,0.4666666666666667,0.5333333333333333,0,0,0,6,5,crash,false,5,10,603,1545,0,0,0,false,false,false,0,0,2148,30,0,
330,tempted_1_0,8940,45,15,budget,1,100,true,4,1220,147,201,0,0.7555555555555555,0.1111111111111111,0.022222222222222223,0.1111111111111111,4,13,normal,false,9,17,60,4020,1810,150,2900,false,false,true,2630,5,6310,40,1,4
331,tempted_1_0,5600,36,6,budget,0,84,true,4,625,120,170,0,0.9444444444444444,0.05555555555555555,0,0,3,9,normal,false,5,14,240,4730,630,0,0,false,false,false,0,0,5600,36,0,
332,tempted_1_0,4186,30,0,budget,0,62,true,4,975,80,147,0.16666666666666666,0.8333333333333334,0,0,0,3,6,normal,false,12,9,236,3950,0,0,0,false,false,true,0,0,4186,30,0,
333,tempted_1_0,2674,30,0,budget,0,54,true,4,575,59,111,0.26666666666666666,0.7333333333333333,0,0,0,3,5,crash,false,5,9,254,2420,0,0,0,false,false,false,0,0,2674,30,0,
334,tempted_1_0,3941,32,2,budget,0,82,true,4,465,83,150,0.40625,0.5625,0.03125,0,0,3,11,crash,false,4,14,631,3190,120,0,0,false,false,false,0,0,3941,32,0,
335,tempted_1_0,7510,32,2,budget,0,79,true,5,1630,139,192,0.09375,0.875,0.03125,0,0,4,15,normal,false,5,16,620,5260,1630,0,0,false,false,false,0,0,7510,32,0,
336,tempted_1_0,3410,30,0,budget,0,50,true,4,390,79,169,0.5666666666666667,0.43333333333333335,0,0,0,5,9,crash,false,3,13,1545,1865,0,0,0,false,false,false,0,0,3410,30,0,
337,tempted_1_0,2658,30,0,budget,0,68,true,3,300,65,104,0.16666666666666666,0.8333333333333334,0,0,0,2,5,crash,false,5,14,108,2550,0,0,0,false,false,true,0,0,2658,30,0,
338,tempted_1_0,4116,30,0,budget,0,52,true,4,675,90,147,0.4,0.6,0,0,0,5,5,crash,false,3,16,826,3290,0,0,0,false,false,false,0,0,4116,30,0,
339,tempted_1_0,3253,30,0,budget,0,52,true,4,510,77,108,0.13333333333333333,0.8666666666666667,0,0,0,4,6,normal,false,3,15,128,3125,0,0,0,false,false,true,0,0,3253,30,0,
340,tempted_1_0,4265,32,2,budget,0,84,false,6,820,98,127,0,0.9375,0.0625,0,0,1,10,normal,false,10,7,0,3965,300,0,0,false,false,false,0,0,4265,32,0,
341,tempted_1_0,5910,45,15,budget,1,100,false,3,840,109,138,0,0.7777777777777778,0.08888888888888889,0.022222222222222223,0.1111111111111111,4,11,normal,false,8,13,0,2925,570,675,1740,false,true,true,1680,5,4230,40,1,3
342,tempted_1_0,3041,30,0,budget,0,56,true,4,555,76,127,0.3,0.7,0,0,0,1,12,crash,false,6,12,566,2475,0,0,0,false,false,false,0,0,3041,30,0,
343,tempted_1_0,4556,30,0,budget,0,69,true,5,645,99,155,0.1,0.9,0,0,0,2,8,normal,false,5,15,156,4400,0,0,0,false,false,true,0,0,4556,30,0,
344,tempted_1_0,3006,30,0,budget,0,64,true,5,640,65,120,0.3,0.7,0,0,0,2,11,normal,false,8,10,371,2635,0,0,0,false,false,true,0,0,3006,30,0,
345,tempted_1_0,10879,37,7,budget,1,100,true,6,3580,129,187,0.1891891891891892,0.6216216216216216,0.05405405405405406,0,0.13513513513513514,5,7,normal,false,6,14,394,3765,2740,0,3980,false,false,false,4740,5,6139,32,0,
346,tempted_1_0,2708,30,0,budget,0,68,true,3,340,71,109,0.1,0.9,0,0,0,2,5,normal,false,5,9,188,2520,0,0,0,false,false,true,0,0,2708,30,0,
347,tempted_1_0,2939,30,0,budget,0,64,true,4,645,66,129,0.36666666666666664,0.6333333333333333,0,0,0,3,9,normal,false,6,13,899,2040,0,0,0,false,false,true,0,0,2939,30,0,
348,tempted_1_0,5071,32,2,budget,0,74,true,5,1215,108,159,0.15625,0.8125,0.03125,0,0,2,13,crash,false,5,11,951,4030,90,0,0,false,false,true,0,0,5071,32,0,
349,tempted_1_0,3739,30,0,budget,0,58,true,4,398,101,167,0.4,0.6,0,0,0,5,5,normal,false,5,15,914,2825,0,0,0,false,false,false,0,0,3739,30,0,
350,tempted_1_0,3243,30,0,budget,0,50,true,6,631,81,146,0.4666666666666667,0.5333333333333333,0,0,0,4,4,normal,false,5,13,1388,1855,0,0,0,false,false,true,0,0,3243,30,0,
351,tempted_1_0,5188,30,0,budget,0,63,true,6,1315,104,145,0.06666666666666667,0.9333333333333333,0,0,0,1,18,normal,false,5,9,168,5020,0,0,0,false,false,false,0,0,5188,30,0,
352,tempted_1_0,3933,30,0,budget,0,65,true,4,835,79,137,0.43333333333333335,0.5666666666666667,0,0,0,3,14,crash,false,5,12,328,3605,0,0,0,false,false,true,0,0,3933,30,0,
353,tempted_1_0,3383,30,0,budget,0,50,true,4,485,77,154,0.4,0.6,0,0,0,3,14,normal,false,4,16,673,2710,0,0,0,false,false,true,0,0,3383,30,0,
354,tempted_1_0,4609,30,0,budget,0,53,true,6,975,87,158,0.3,0.7,0,0,0,2,8,crash,false,5,11,754,3855,0,0,0,false,false,false,0,0,4609,30,0,
355,tempted_1_0,3137,30,0,budget,0,68,true,4,335,73,120,0.26666666666666666,0.7333333333333333,0,0,0,2,12,normal,false,7,13,352,2785,0,0,0,false,false,true,0,0,3137,30,0,
356,tempted_1_0,2567,30,0,budget,0,61,true,4,360,77,113,0.26666666666666666,0.7333333333333333,0,0,0,2,11,normal,false,5,10,552,2015,0,0,0,false,false,false,0,0,2567,30,0,
357,tempted_1_0,9075,47,17,budget,1,100,true,5,1880,153,198,0.0851063829787234,0.6808510638297872,0.1276595744680851,0,0.10638297872340426,9,2,normal,false,5,16,125,4030,1600,300,3020,false,false,true,3460,5,5615,42,1,3
358,tempted_1_0,3478,32,2,budget,0,75,true,4,660,82,139,0.40625,0.53125,0.0625,0,0,5,5,normal,false,6,12,998,1640,840,0,0,false,false,true,0,0,3478,32,0,
359,tempted_1_0,2746,30,0,budget,0,50,true,4,585,69,122,0.3,0.7,0,0,0,4,17,crash,false,6,12,501,2245,0,0,0,false,false,false,0,0,2746,30,0,
360,tempted_1_0,1564,30,0,budget,0,55,true,2,150,57,89,0.36666666666666664,0.6333333333333333,0,0,0,3,19,normal,false,8,9,374,1190,0,0,0,false,false,true,0,0,1564,30,0,
361,tempted_1_0,16145,49,19,budget,1,100,true,6,3920,186,262,0.02040816326530612,0.7346938775510204,0.08163265306122448,0.061224489795918366,0.10204081632653061,8,1,normal,false,6,22,135,5725,2210,855,7220,false,true,true,6860,5,9285,44,1,4
362,tempted_1_0,2604,27,0,lock,0,60,true,3,355,63,125,0.37037037037037035,0.6296296296296297,0,0,0,2,13,crash,false,4,14,654,1950,0,0,0,false,false,true,0,0,2604,27,0,
363,tempted_1_0,2798,30,0,budget,0,58,true,5,543,69,122,0.4,0.6,0,0,0,3,8,normal,false,7,10,698,2100,0,0,0,false,false,true,0,0,2798,30,0,
364,tempted_1_0,3975,30,0,budget,0,63,true,4,755,75,151,0.4666666666666667,0.5333333333333333,0,0,0,3,4,crash,false,4,15,410,3565,0,0,0,false,false,false,0,0,3975,30,0,
365,tempted_1_0,2768,30,0,budget,0,50,true,3,295,75,120,0.36666666666666664,0.6333333333333333,0,0,0,3,7,normal,false,8,11,508,2260,0,0,0,false,false,false,0,0,2768,30,0,
366,tempted_1_0,2529,30,0,budget,0,62,true,3,410,64,103,0.36666666666666664,0.6333333333333333,0,0,0,4,8,normal,false,5,12,414,2115,0,0,0,false,false,false,0,0,2529,30,0,
367,tempted_1_0,4503,32,2,budget,0,70,true,7,1215,97,133,0.15625,0.84375,0,0,0,4,1,normal,false,6,14,188,4315,0,0,0,false,false,true,0,0,4503,32,0,
368,tempted_1_0,3302,30,0,budget,0,52,true,5,490,77,136,0.36666666666666664,0.6333333333333333,0,0,0,2,8,normal,false,6,10,1222,2080,0,0,0,false,false,false,0,0,3302,30,0,
369,tempted_1_0,4366,34,4,budget,0,78,true,6,835,86,143,0.14705882352941177,0.8235294117647058,0.029411764705882353,0,0,5,11,normal,false,5,15,366,3910,90,0,0,false,false,true,0,0,4366,34,0,
370,tempted_1_0,2711,29,4,lock,0,73,true,4,435,80,111,0.2413793103448276,0.7241379310344828,0.034482758620689655,0,0,3,14,normal,false,4,13,441,2180,90,0,0,false,false,true,0,0,2711,29,0,
371,tempted_1_0,3326,30,0,budget,0,62,true,3,410,85,129,0.13333333333333333,0.8666666666666667,0,0,0,2,14,normal,false,5,11,391,2935,0,0,0,false,false,false,0,0,3326,30,0,
372,tempted_1_0,16555,51,21,budget,1,100,false,5,4060,206,254,0,0.6862745098039216,0.17647058823529413,0.0392156862745098,0.09803921568627451,9,5,normal,false,9,24,0,5315,2190,270,8780,false,false,true,7640,5,8915,46,1,6
373,tempted_1_0,5019,32,2,budget,0,70,true,8,1320,84,130,0.1875,0.8125,0,0,0,1,13,crash,false,9,10,189,4650,180,0,0,false,false,false,0,0,5019,32,0,
374,tempted_1_0,4175,32,2,budget,0,78,true,5,585,97,135,0.0625,0.90625,0.03125,0,0,3,9,normal,false,6,13,220,3775,180,0,0,false,false,true,0,0,4175,32,0,
375,tempted_1_0,4928,32,2,budget,0,75,true,6,1065,92,160,0.34375,0.65625,0,0,0,4,7,crash,false,7,12,453,3755,720,0,0,false,false,false,0,0,4928,32,0,
376,tempted_1_0,3016,30,0,budget,0,68,true,4,405,80,127,0.5,0.5,0,0,0,4,10,normal,false,6,15,1031,1985,0,0,0,false,false,false,0,0,3016,30,0,
377,tempted_1_0,3726,30,0,budget,0,64,true,4,570,95,133,0.23333333333333334,0.7666666666666667,0,0,0,4,8,normal,false,5,12,376,3350,0,0,0,false,false,false,0,0,3726,30,0,
378,tempted_1_0,3460,30,0,budget,0,63,true,5,965,88,130,0.36666666666666664,0.6333333333333333,0,0,0,4,5,normal,false,4,13,660,2800,0,0,0,false,false,true,0,0,3460,30,0,
379,tempted_1_0,12638,65,35,budget,1,100,true,5,2220,193,265,0.13846153846153847,0.5846153846153846,0.15384615384615385,0.046153846153846156,0.07692307692307693,14,3,normal,false,5,29,303,5105,4950,840,1440,false,true,true,1610,5,11028,60,0,
380,tempted_1_0,6556,47,17,budget,1,100,true,3,820,122,153,0.06382978723404255,0.723404255319149,0.06382978723404255,0.0425531914893617,0.10638297872340426,5,18,normal,false,14,18,116,3170,500,510,2260,false,false,false,1780,5,4776,42,0,
381,tempted_1_0,5126,40,10,budget,0,95,true,5,660,103,139,0.15,0.725,0.075,0.05,0,5,15,normal,false,9,17,181,3295,1110,540,0,true,true,true,0,0,5126,40,0,
382,tempted_1_0,1491,23,0,lock,0,50,true,3,210,40,92,0.6956521739130435,0.30434782608695654,0,0,0,3,5,crash,false,4,8,766,725,0,0,0,false,false,false,0,0,1491,23,0,
383,tempted_1_0,2625,30,0,budget,0,50,true,4,248,74,116,0.26666666666666666,0.7333333333333333,0,0,0,2,25,normal,false,8,10,560,2065,0,0,0,false,false,false,0,0,2625,30,0,
384,tempted_1_0,3310,30,0,budget,0,67,true,4,680,75,131,0.4,0.6,0,0,0,5,13,crash,false,5,14,780,2530,0,0,0,false,false,true,0,0,3310,30,0,
385,tempted_1_0,3660,30,0,budget,0,66,true,4,415,86,125,0.13333333333333333,0.8666666666666667,0,0,0,3,6,normal,false,5,18,215,3445,0,0,0,false,false,true,0,0,3660,30,0,
386,tempted_1_0,11550,61,31,budget,1,100,false,4,940,211,255,0,0.7868852459016393,0.11475409836065574,0.01639344262295082,0.08196721311475409,10,12,normal,false,6,30,0,5450,2120,360,3620,false,true,false,3080,5,8470,56,1,2
387,tempted_1_0,13756,62,32,budget,2,100,true,7,2430,160,234,0.04838709677419355,0.5645161290322581,0.16129032258064516,0.06451612903225806,0.16129032258064516,9,1,crash,false,13,21,46,4610,3640,2400,3060,false,true,false,3955,10,9801,52,1,2
388,tempted_1_0,3685,30,0,budget,0,69,true,4,600,81,147,0.13333333333333333,0.8666666666666667,0,0,0,2,18,crash,false,4,15,285,3400,0,0,0,false,false,true,0,0,3685,30,0,
389,tempted_1_0,3705,26,0,lock,0,50,true,4,610,65,142,0.5,0.5,0,0,0,6,7,crash,false,5,13,830,2875,0,0,0,false,false,false,0,0,3705,26,0,
390,tempted_1_0,2855,30,0,budget,0,65,true,4,450,76,114,0.23333333333333334,0.7666666666666667,0,0,0,1,15,normal,false,8,8,605,2250,0,0,0,false,false,false,0,0,2855,30,0,
391,tempted_1_0,2659,30,0,budget,0,53,true,5,675,50,124,0.4,0.6,0,0,0,3,10,crash,false,6,11,584,2075,0,0,0,false,false,true,0,0,2659,30,0,
392,tempted_1_0,2660,32,2,budget,0,72,true,3,545,72,94,0.0625,0.90625,0.03125,0,0,3,9,normal,false,5,9,60,2510,90,0,0,false,false,true,0,0,2660,32,0,
393,tempted_1_0,1739,32,2,budget,0,73,true,3,240,49,116,0.65625,0.3125,0.03125,0,0,4,1,normal,false,7,9,769,850,120,0,0,false,false,true,0,0,1739,32,0,
394,tempted_1_0,8805,58,28,budget,0,99,true,9,2145,158,243,0.1724137931034483,0.6379310344827587,0.1724137931034483,0.017241379310344827,0,13,2,crash,false,7,23,730,5495,2310,270,0,true,true,true,0,0,8805,58,0,
395,tempted_1_0,4960,34,4,budget,0,88,true,5,745,119,158,0.058823529411764705,0.8823529411764706,0.029411764705882353,0.029411764705882353,0,3,12,normal,false,4,15,170,4495,160,135,0,false,false,false,0,0,4960,34,0,
396,tempted_1_0,6472,39,9,budget,1,100,true,5,1560,97,162,0.23076923076923078,0.5641025641025641,0.07692307692307693,0,0.1282051282051282,4,2,crash,false,4,15,352,2860,380,0,2880,false,false,true,2600,5,3872,34,1,2
397,tempted_1_0,4333,36,6,budget,0,83,true,5,580,92,142,0.25,0.6388888888888888,0.1111111111111111,0,0,5,3,normal,false,4,13,333,3270,730,0,0,false,false,false,0,0,4333,36,0,
398,tempted_1_0,3094,30,0,budget,0,65,true,4,420,70,119,0.23333333333333334,0.7666666666666667,0,0,0,2,23,crash,false,5,12,369,2725,0,0,0,false,false,true,0,0,3094,30,0,
399,tempted_1_0,2940,32,2,budget,0,79,true,4,390,82,116,0.0625,0.875,0.0625,0,0,3,10,normal,false,3,14,195,2385,360,0,0,false,false,true,0,0,2940,32,0,
400,tempted_1_0,3151,30,0,budget,0,54,true,5,780,69,114,0.2,0.8,0,0,0,3,15,crash,false,6,11,311,2840,0,0,0,false,false,false,0,0,3151,30,0,
401,tempted_1_0,3749,32,2,budget,0,82,true,4,620,85,127,0.25,0.71875,0.03125,0,0,2,21,normal,false,6,14,339,2720,690,0,0,false,false,true,0,0,3749,32,0,
402,tempted_1_0,2684,30,0,budget,0,62,true,3,360,71,106,0.23333333333333334,0.7666666666666667,0,0,0,4,5,normal,false,4,12,284,2400,0,0,0,false,false,true,0,0,2684,30,0,
403,tempted_1_0,6800,39,9,budget,1,100,true,4,770,134,172,0.28205128205128205,0.5128205128205128,0.07692307692307693,0,0.1282051282051282,8,6,normal,false,4,22,515,3615,730,0,1940,false,false,true,1800,5,5000,34,1,2
404,tempted_1_0,3157,30,0,budget,0,50,true,6,1075,56,127,0.3333333333333333,0.6666666666666666,0,0,0,3,8,crash,false,7,12,562,2595,0,0,0,false,false,true,0,0,3157,30,0,
405,tempted_1_0,4304,30,0,budget,0,68,true,4,550,88,161,0.3,0.7,0,0,0,3,3,crash,false,3,14,614,3690,0,0,0,false,false,false,0,0,4304,30,0,
406,tempted_1_0,6552,38,8,budget,0,88,true,5,930,126,197,0.18421052631578946,0.7368421052631579,0.05263157894736842,0.02631578947368421,0,6,3,normal,false,8,14,417,4815,390,930,0,false,false,true,0,0,6552,38,0,
407,tempted_1_0,8404,38,8,budget,0,91,true,6,4440,106,173,0.3684210526315789,0.5789473684210527,0.05263157894736842,0,0,6,1,crash,false,10,12,509,2585,1890,3420,0,true,false,false,0,0,8404,38,0,
408,tempted_1_0,5004,32,2,budget,0,70,true,6,885,102,152,0.09375,0.90625,0,0,0,3,20,normal,false,4,14,304,4070,630,0,0,false,false,true,0,0,5004,32,0,
409,tempted_1_0,3125,30,0,budget,0,50,true,4,375,77,164,0.7,0.3,0,0,0,6,6,normal,false,6,15,1470,1655,0,0,0,false,false,true,0,0,3125,30,0,
410,tempted_1_0,1939,11,0,lock,0,66,true,4,955,31,69,0.6363636363636364,0.36363636363636365,0,0,0,1,6,crash,false,4,3,364,1575,0,0,0,false,false,false,0,0,1939,11,0,
411,tempted_1_0,5167,42,12,budget,0,94,true,4,865,112,167,0.14285714285714285,0.7380952380952381,0.09523809523809523,0.023809523809523808,0,7,8,normal,false,5,18,157,4305,570,135,0,true,false,true,0,0,5167,42,0,
412,tempted_1_0,4249,30,0,budget,0,64,true,5,985,91,162,0.3333333333333333,0.6666666666666666,0,0,0,4,9,normal,false,4,12,949,3300,0,0,0,false,false,true,0,0,4249,30,0,
413,tempted_1_0,6418,30,0,budget,0,65,true,7,1385,109,175,0.16666666666666666,0.8333333333333334,0,0,0,3,18,crash,false,6,11,208,6210,0,0,0,false,false,false,0,0,6418,30,0,
414,tempted_1_0,20838,86,56,budget,2,100,true,5,1820,280,387,0.023255813953488372,0.5930232558139535,0.23255813953488372,0.03488372093023256,0.11627906976744186,23,4,normal,false,4,42,373,6515,6700,2370,4880,false,true,true,4450,10,16388,76,1,3
415,tempted_1_0,2249,30,0,budget,0,61,true,4,255,68,105,0.3,0.7,0,0,0,1,13,normal,false,9,12,444,1805,0,0,0,false,false,false,0,0,2249,30,0,
416,tempted_1_0,8384,36,6,budget,0,99,true,6,2985,108,168,0.19444444444444445,0.6388888888888888,0.027777777777777776,0.1388888888888889,0,3,10,normal,false,9,17,779,2940,240,4425,0,true,true,true,0,0,8384,36,0,
417,tempted_1_0,6133,42,12,budget,0,80,true,5,1760,120,170,0.09523809523809523,0.8095238095238095,0.09523809523809523,0,0,7,1,normal,false,8,19,178,3705,2250,0,0,false,false,false,0,0,6133,42,0,
418,tempted_1_0,15216,56,26,budget,2,100,true,6,3670,162,206,0.10714285714285714,0.5178571428571429,0.16071428571428573,0.03571428571428571,0.17857142857142858,9,1,crash,false,14,18,186,2300,2360,990,9380,false,true,false,9310,10,5906,46,2,2|5
419,tempted_1_0,3886,30,0,budget,0,56,true,5,655,93,134,0.1,0.9,0,0,0,1,17,normal,false,4,14,361,3525,0,0,0,false,false,true,0,0,3886,30,0,
420,tempted_1_0,7093,32,2,budget,0,75,true,8,2050,100,185,0.53125,0.46875,0,0,0,5,2,normal,false,7,12,803,6110,180,0,0,false,false,false,0,0,7093,32,0,
421,tempted_1_0,3973,30,0,budget,0,61,true,6,815,87,157,0.3333333333333333,0.6666666666666666,0,0,0,3,4,crash,false,3,13,748,3225,0,0,0,false,false,false,0,0,3973,30,0,
422,tempted_1_0,3022,30,0,budget,0,50,true,4,375,83,132,0.3,0.7,0,0,0,3,9,crash,false,4,12,607,2415,0,0,0,false,false,false,0,0,3022,30,0,
423,tempted_1_0,2819,30,0,budget,0,50,true,4,600,60,116,0.26666666666666666,0.7333333333333333,0,0,0,5,7,crash,false,4,12,504,2315,0,0,0,false,false,false,0,0,2819,30,0,
424,tempted_1_0,6263,36,6,budget,0,84,true,6,1805,106,147,0.08333333333333333,0.8333333333333334,0.08333333333333333,0,0,5,12,normal,false,5,17,183,4190,1890,0,0,false,false,false,0,0,6263,36,0,
425,tempted_1_0,3735,30,0,budget,0,53,true,5,495,84,144,0.23333333333333334,0.7666666666666667,0,0,0,3,12,normal,false,4,12,635,3100,0,0,0,false,false,false,0,0,3735,30,0,
426,tempted_1_0,2951,30,0,budget,0,58,true,3,365,77,110,0.1,0.9,0,0,0,1,29,normal,false,7,11,201,2750,0,0,0,false,false,true,0,0,2951,30,0,
427,tempted_1_0,10456,53,23,budget,1,100,true,5,3420,151,205,0.05660377358490566,0.6981132075471698,0.1509433962264151,0,0.09433962264150944,10,1,normal,false,7,20,196,3590,2550,1560,2560,false,false,false,4900,5,5556,48,1,2
428,tempted_1_0,6961,39,9,budget,1,100,true,4,2040,96,155,0.1794871794871795,0.6153846153846154,0.02564102564102564,0.05128205128205128,0.1282051282051282,5,8,normal,false,7,16,566,1895,90,2370,2040,false,true,true,1950,5,5011,34,1,3
429,tempted_1_0,3301,32,2,budget,0,71,true,4,570,74,109,0.15625,0.84375,0,0,0,3,8,normal,false,5,14,161,2780,360,0,0,false,false,true,0,0,3301,32,0,
430,tempted_1_0,6328,37,7,budget,1,100,true,5,960,100,161,0.2702702702702703,0.5405405405405406,0.05405405405405406,0,0.13513513513513514,3,9,normal,false,10,15,453,3155,240,0,2480,false,false,false,3030,5,3298,32,0,
431,tempted_1_0,2751,30,0,budget,0,57,true,4,645,74,118,0.43333333333333335,0.5666666666666667,0,0,0,4,6,normal,false,3,12,786,1965,0,0,0,false,false,false,0,0,2751,30,0,
432,tempted_1_0,2121,30,0,budget,0,50,true,3,270,57,127,0.5666666666666667,0.43333333333333335,0,0,0,4,15,normal,false,5,11,1146,975,0,0,0,false,false,false,0,0,2121,30,0,
433,tempted_1_0,6260,40,10,budget,0,95,true,7,2235,107,158,0.2,0.675,0.075,0.05,0,7,13,normal,false,7,16,235,3235,2430,360,0,true,true,true,0,0,6260,40,0,
434,tempted_1_0,3446,30,0,budget,0,50,true,4,500,73,133,0.23333333333333334,0.7666666666666667,0,0,0,1,19,crash,false,9,12,681,2765,0,0,0,false,false,true,0,0,3446,30,0,
435,tempted_1_0,4070,30,0,budget,0,61,true,4,485,103,144,0.13333333333333333,0.8666666666666667,0,0,0,3,24,normal,false,8,13,370,3700,0,0,0,false,false,true,0,0,4070,30,0,
436,tempted_1_0,3195,32,2,budget,0,71,true,3,490,81,127,0.25,0.75,0,0,0,3,6,crash,false,5,12,385,2810,0,0,0,false,false,false,0,0,3195,32,0,
437,tempted_1_0,3386,34,4,budget,0,75,true,3,345,80,129,0.11764705882352941,0.8823529411764706,0,0,0,4,18,crash,false,6,14,436,2770,180,0,0,false,false,true,0,0,3386,34,0,
438,tempted_1_0,8455,27,13,lock,1,100,true,4,1880,96,137,0.07407407407407407,0.6296296296296297,0.1111111111111111,0,0.18518518518518517,2,14,crash,false,6,12,60,2145,1350,360,4540,false,false,false,5060,5,3395,22,0,
439,tempted_1_0,18704,61,31,budget,1,100,true,6,5410,229,325,0.16393442622950818,0.6065573770491803,0.09836065573770492,0.04918032786885246,0.08196721311475409,16,8,normal,false,5,31,914,6835,4150,5025,1780,false,true,true,1760,5,16944,56,1,2
440,tempted_1_0,4198,30,0,budget,0,53,true,5,1315,85,160,0.6,0.4,0,0,0,5,6,crash,false,6,11,1173,3025,0,0,0,false,false,false,0,0,4198,30,0,
441,tempted_1_0,4139,30,0,budget,0,64,true,6,795,87,136,0.16666666666666666,0.8333333333333334,0,0,0,1,28,normal,false,5,13,289,3850,0,0,0,false,false,true,0,0,4139,30,0,
442,tempted_1_0,2863,30,0,budget,0,61,true,5,525,68,107,0.1,0.9,0,0,0,1,8,normal,false,7,7,158,2705,0,0,0,false,false,false,0,0,2863,30,0,
443,tempted_1_0,12800,53,23,budget,1,100,true,5,2640,166,209,0.018867924528301886,0.5660377358490566,0.2830188679245283,0.03773584905660377,0.09433962264150944,9,2,normal,false,5,21,30,3540,2750,900,5580,false,true,false,4860,5,7940,48,1,7
444,tempted_1_0,3479,30,0,budget,0,50,true,5,775,81,142,0.43333333333333335,0.5666666666666667,0,0,0,5,5,normal,false,3,14,1119,2360,0,0,0,false,false,false,0,0,3479,30,0,
445,tempted_1_0,10865,45,15,budget,1,100,true,6,2310,155,213,0,0.8666666666666667,0.022222222222222223,0,0.1111111111111111,4,8,normal,false,8,18,60,5095,720,1830,3160,false,false,true,4910,5,5955,40,0,
446,tempted_1_0,4488,30,0,budget,0,61,true,4,625,109,186,0.3,0.7,0,0,0,2,17,normal,false,4,15,1038,3450,0,0,0,false,false,false,0,0,4488,30,0,
447,tempted_1_0,1330,7,2,lock,0,78,false,4,510,26,34,0,0.8571428571428571,0.14285714285714285,0,0,1,6,normal,false,4,2,0,1150,180,0,0,false,false,false,0,0,1330,7,0,
448,tempted_1_0,3430,30,0,budget,0,50,true,5,743,64,113,0.3333333333333333,0.6666666666666666,0,0,0,5,5,normal,false,7,9,430,3000,0,0,0,false,false,false,0,0,3430,30,0,
449,tempted_1_0,5616,34,4,budget,0,85,true,7,1023,123,183,0.17647058823529413,0.7941176470588235,0.029411764705882353,0,0,6,7,normal,false,5,15,1521,3975,120,0,0,false,false,true,0,0,5616,34,0,
450,tempted_1_0,2548,32,2,budget,0,70,true,3,255,67,99,0.15625,0.84375,0,0,0,3,1,crash,false,5,14,158,2210,180,0,0,false,false,false,0,0,2548,32,0,
451,tempted_1_0,4011,30,0,budget,0,62,true,6,880,82,149,0.43333333333333335,0.5666666666666667,0,0,0,5,9,normal,false,5,15,646,3365,0,0,0,false,false,true,0,0,4011,30,0,
452,tempted_1_0,2794,21,0,lock,0,53,true,4,515,63,105,0.42857142857142855,0.5714285714285714,0,0,0,2,11,crash,false,3,9,369,2425,0,0,0,false,false,false,0,0,2794,21,0,
453,tempted_1_0,3405,17,13,lock,1,100,false,2,640,47,49,0,0.5882352941176471,0.11764705882352941,0,0.29411764705882354,4,1,normal,false,6,7,0,625,780,180,1820,false,false,false,1480,5,1925,12,1,2
454,tempted_1_0,14012,45,15,budget,1,100,true,7,6260,142,199,0.2,0.5555555555555556,0.1111111111111111,0.022222222222222223,0.1111111111111111,7,12,crash,false,8,20,522,3245,830,135,9280,false,true,false,8900,5,5112,40,1,4
455,tempted_1_0,4443,30,0,budget,0,53,true,7,1230,82,170,0.5333333333333333,0.4666666666666667,0,0,0,2,18,normal,false,8,14,718,3725,0,0,0,false,false,true,0,0,4443,30,0,
456,tempted_1_0,4504,30,0,budget,0,55,true,6,1050,77,158,0.43333333333333335,0.5666666666666667,0,0,0,2,14,normal,false,3,13,684,3820,0,0,0,false,false,true,0,0,4504,30,0,
457,tempted_1_0,3112,30,0,budget,0,65,true,4,375,73,150,0.5,0.5,0,0,0,4,10,crash,false,6,15,1427,1685,0,0,0,false,false,false,0,0,3112,30,0,
458,tempted_1_0,4162,30,0,budget,0,55,true,7,1100,80,134,0.3,0.7,0,0,0,2,22,normal,false,7,9,787,3375,0,0,0,false,false,false,0,0,4162,30,0,
459,tempted_1_0,3655,30,0,budget,0,56,true,4,515,78,131,0.26666666666666666,0.7333333333333333,0,0,0,5,10,normal,false,4,13,680,2975,0,0,0,false,false,true,0,0,3655,30,0,
460,tempted_1_0,3872,34,4,budget,0,86,true,5,735,93,117,0.14705882352941177,0.7647058823529411,0.08823529411764706,0,0,3,17,normal,false,4,15,162,3410,300,0,0,false,false,false,0,0,3872,34,0,
461,tempted_1_0,4173,32,2,budget,0,73,true,5,840,94,145,0.09375,0.90625,0,0,0,2,13,crash,false,7,12,573,3240,360,0,0,false,false,false,0,0,4173,32,0,
462,tempted_1_0,2047,30,0,budget,0,50,true,3,260,57,115,0.6333333333333333,0.36666666666666664,0,0,0,4,6,normal,false,5,10,987,1060,0,0,0,false,false,false,0,0,2047,30,0,
463,tempted_1_0,5125,36,6,budget,0,93,true,5,1085,105,149,0.19444444444444445,0.75,0.05555555555555555,0,0,5,1,normal,false,9,15,670,3435,210,810,0,true,false,true,0,0,5125,36,0,
464,tempted_1_0,4350,36,6,budget,0,78,true,4,645,93,130,0,0.9722222222222222,0.027777777777777776,0,0,3,1,normal,false,7,13,30,3600,720,0,0,false,false,false,0,0,4350,36,0,
465,tempted_1_0,1993,14,0,lock,0,62,true,4,660,38,57,0.14285714285714285,0.8571428571428571,0,0,0,1,11,normal,false,4,3,98,1895,0,0,0,false,false,false,0,0,1993,14,0,
466,tempted_1_0,4881,32,2,budget,0,71,true,4,655,109,153,0.0625,0.9375,0,0,0,3,22,normal,false,6,11,166,4715,0,0,0,false,false,true,0,0,4881,32,0,
467,tempted_1_0,5118,40,10,budget,0,93,true,4,690,114,158,0.075,0.775,0.125,0.025,0,6,10,normal,false,3,20,353,3760,870,135,0,true,false,true,0,0,5118,40,0,
468,tempted_1_0,2930,30,0,budget,0,67,true,4,735,73,99,0.06666666666666667,0.9333333333333333,0,0,0,2,4,normal,false,7,9,30,2900,0,0,0,false,false,false,0,0,2930,30,0,
469,tempted_1_0,1657,30,0,budget,0,50,true,4,223,57,103,0.5333333333333333,0.4666666666666667,0,0,0,4,11,normal,false,8,10,792,865,0,0,0,false,false,true,0,0,1657,30,0,
470,tempted_1_0,22615,69,39,budget,3,100,true,9,9215,209,301,0.043478260869565216,0.5797101449275363,0.13043478260869565,0.028985507246376812,0.21739130434782608,12,1,normal,false,8,29,110,4910,2070,7845,7680,false,true,false,15035,15,7580,54,2,2|4
471,tempted_1_0,2648,30,0,budget,0,60,true,4,520,68,105,0.16666666666666666,0.8333333333333334,0,0,0,2,19,crash,false,3,12,158,2490,0,0,0,false,false,false,0,0,2648,30,0,
472,tempted_1_0,3559,30,0,budget,0,65,true,5,615,76,145,0.4666666666666667,0.5333333333333333,0,0,0,4,16,crash,false,6,13,644,2915,0,0,0,false,false,false,0,0,3559,30,0,
473,tempted_1_0,2065,32,2,budget,0,78,true,2,140,63,83,0.09375,0.875,0.03125,0,0,4,7,normal,false,6,15,125,1850,90,0,0,false,false,true,0,0,2065,32,0,
474,tempted_1_0,3073,32,2,budget,0,77,true,6,660,78,115,0.375,0.59375,0.03125,0,0,4,8,normal,false,6,12,563,2420,90,0,0,false,false,false,0,0,3073,32,0,
475,tempted_1_0,2457,30,0,budget,0,62,true,3,385,64,103,0.23333333333333334,0.7666666666666667,0,0,0,2,22,normal,false,6,10,202,2255,0,0,0,false,false,true,0,0,2457,30,0,
476,tempted_1_0,2062,30,0,budget,0,66,true,2,200,71,92,0.2,0.8,0,0,0,1,21,normal,false,9,9,287,1775,0,0,0,false,false,false,0,0,2062,30,0,
477,tempted_1_0,5615,38,8,budget,0,75,true,6,1050,127,174,0.05263157894736842,0.8947368421052632,0.05263157894736842,0,0,5,27,normal,false,5,21,60,5045,510,0,0,false,false,true,0,0,5615,38,0,
478,tempted_1_0,4805,36,6,budget,0,85,true,5,800,95,135,0.05555555555555555,0.8611111111111112,0.08333333333333333,0,0,5,7,normal,false,4,14,145,3410,1250,0,0,false,false,false,0,0,4805,36,0,
479,tempted_1_0,12193,52,22,budget,2,100,true,4,2560,144,226,0.07692307692307693,0.6153846153846154,0.07692307692307693,0.038461538461538464,0.19230769230769232,9,3,normal,false,12,20,403,3460,860,630,6840,false,true,false,7270,10,4923,42,1,4
480,tempted_1_0,2903,30,0,budget,0,65,true,3,440,83,109,0.13333333333333333,0.8666666666666667,0,0,0,3,24,normal,false,3,15,178,2725,0,0,0,false,false,false,0,0,2903,30,0,
481,tempted_1_0,2992,30,0,budget,0,65,true,5,485,71,125,0.23333333333333334,0.7666666666666667,0,0,0,3,7,crash,false,5,12,562,2430,0,0,0,false,false,false,0,0,2992,30,0,
482,tempted_1_0,2947,30,0,budget,0,61,true,4,430,81,135,0.4,0.6,0,0,0,5,5,normal,false,4,14,717,2230,0,0,0,false,false,true,0,0,2947,30,0,
483,tempted_1_0,9175,30,11,lock,1,100,true,4,2620,89,125,0.03333333333333333,0.6666666666666666,0.1,0.03333333333333333,0.16666666666666666,5,11,keto,false,8,15,30,1935,320,1470,5420,false,true,true,4270,5,4905,25,1,3
484,tempted_1_0,1395,12,0,lock,0,65,false,3,440,34,43,0,1,0,0,0,0,-1,normal,false,3,5,0,1395,0,0,0,false,false,true,0,0,1395,12,0,
485,tempted_1_0,3398,30,0,budget,0,50,true,7,835,88,160,0.6333333333333333,0.36666666666666664,0,0,0,5,6,normal,false,4,13,1913,1485,0,0,0,false,false,true,0,0,3398,30,0,
486,tempted_1_0,14583,60,30,budget,0,99,true,5,2185,180,283,0.2,0.6,0.16666666666666666,0.03333333333333333,0,14,8,crash,false,9,24,493,4190,3840,6060,0,true,true,false,0,0,14583,60,0,
487,tempted_1_0,369,7,0,lock,0,50,true,2,180,6,24,0.8571428571428571,0.14285714285714285,0,0,0,0,-1,crash,false,5,1,144,225,0,0,0,false,false,false,0,0,369,7,0,
488,tempted_1_0,2749,30,0,budget,0,50,true,4,525,77,136,0.5,0.5,0,0,0,5,8,crash,false,3,15,924,1825,0,0,0,false,false,false,0,0,2749,30,0,
489,tempted_1_0,14169,45,15,budget,1,100,true,6,3195,154,225,0.15555555555555556,0.6888888888888889,0.044444444444444446,0,0.1111111111111111,6,11,crash,false,6,22,439,3635,3260,2655,4180,false,false,true,5295,5,8874,40,0,
490,tempted_1_0,3978,34,4,budget,0,74,true,3,470,92,137,0.11764705882352941,0.8823529411764706,0,0,0,4,1,normal,false,3,15,148,3650,180,0,0,false,false,false,0,0,3978,34,0,
491,tempted_1_0,3100,30,0,budget,0,69,true,4,530,77,131,0.5333333333333333,0.4666666666666667,0,0,0,4,8,normal,false,7,15,670,2430,0,0,0,false,false,true,0,0,3100,30,0,
492,tempted_1_0,7616,50,20,budget,0,94,true,4,540,154,202,0.06,0.74,0.14,0.06,0,9,1,normal,false,7,18,186,4850,1860,720,0,true,false,true,0,0,7616,50,0,
493,tempted_1_0,13463,57,27,budget,1,100,true,7,1950,180,263,0.17543859649122806,0.5789473684210527,0.14035087719298245,0.017543859649122806,0.08771929824561403,11,1,normal,false,8,29,428,6010,2650,2535,1840,false,false,true,3260,5,10203,52,1,2
494,tempted_1_0,13595,45,15,budget,1,100,true,5,1785,156,299,0.3333333333333333,0.4222222222222222,0.13333333333333333,0,0.1111111111111111,8,5,crash,false,4,23,1235,3210,3420,2970,2760,false,false,true,2780,5,10815,40,1,2
495,tempted_1_0,3914,36,6,budget,0,88,true,5,915,89,124,0.1388888888888889,0.8055555555555556,0.027777777777777776,0.027777777777777776,0,4,11,normal,false,5,13,234,3350,60,270,0,false,false,false,0,0,3914,36,0,
496,tempted_1_0,5636,36,6,budget,0,96,true,7,1680,105,163,0.3611111111111111,0.5555555555555556,0.05555555555555555,0.027777777777777776,0,8,6,normal,false,5,20,1046,3615,840,135,0,true,true,true,0,0,5636,36,0,
497,tempted_1_0,4320,30,0,budget,0,65,false,4,450,96,143,0,1,0,0,0,0,-1,normal,false,4,16,0,4320,0,0,0,false,false,false,0,0,4320,30,0,
498,tempted_1_0,3354,30,0,budget,0,58,true,4,645,73,110,0.26666666666666666,0.7333333333333333,0,0,0,5,5,normal,false,4,12,259,3095,0,0,0,false,false,false,0,0,3354,30,0,
499,tempted_1_0,2620,30,0,budget,0,50,true,4,435,58,114,0.4,0.6,0,0,0,3,10,crash,false,6,13,470,2150,0,0,0,false,false,true,0,0,2620,30,0,
500,tempted_1_0,3816,30,0,budget,0,50,true,4,720,80,148,0.3,0.7,0,0,0,3,13,crash,false,4,11,541,3275,0,0,0,false,false,false,0,0,3816,30,0,
501,tempted_1_0,2480,30,0,budget,0,53,true,4,370,58,136,0.6333333333333333,0.36666666666666664,0,0,0,3,5,crash,false,4,10,1070,1410,0,0,0,false,false,false,0,0,2480,30,0,
502,tempted_1_0,4554,30,0,budget,0,50,true,9,2045,73,144,0.4666666666666667,0.5333333333333333,0,0,0,5,4,normal,false,5,11,1029,3525,0,0,0,false,false,false,0,0,4554,30,0,
503,tempted_1_0,10542,48,18,budget,0,97,true,7,1260,163,228,0.14583333333333334,0.625,0.125,0.10416666666666667,0,8,10,normal,false,5,21,362,5025,1900,3255,0,true,true,false,0,0,10542,48,0,
504,tempted_1_0,4421,30,0,budget,0,68,true,5,975,99,137,0.16666666666666666,0.8333333333333334,0,0,0,4,15,normal,false,3,14,351,4070,0,0,0,false,false,true,0,0,4421,30,0,
505,tempted_1_0,4260,30,0,budget,0,64,true,8,1381,78,128,0.23333333333333334,0.7666666666666667,0,0,0,2,16,normal,false,6,9,890,3370,0,0,0,false,false,true,0,0,4260,30,0,
506,tempted_1_0,5111,34,4,budget,0,79,true,5,780,93,168,0.29411764705882354,0.7058823529411765,0,0,0,3,7,crash,false,4,14,566,4275,270,0,0,false,false,false,0,0,5111,34,0,
507,tempted_1_0,3129,30,0,budget,0,53,true,6,855,60,140,0.7333333333333333,0.26666666666666666,0,0,0,2,9,crash,false,5,11,1429,1700,0,0,0,false,false,false,0,0,3129,30,0,
508,tempted_1_0,4206,30,0,budget,0,57,true,5,600,78,141,0.2,0.8,0,0,0,1,29,normal,false,6,10,241,3965,0,0,0,false,false,true,0,0,4206,30,0,
509,tempted_1_0,5661,30,0,budget,0,64,true,6,1155,103,155,0.1,0.9,0,0,0,2,9,normal,false,4,13,591,5070,0,0,0,false,false,false,0,0,5661,30,0,
510,tempted_1_0,2871,32,2,budget,0,74,true,4,345,70,110,0.25,0.71875,0.03125,0,0,5,1,crash,false,6,14,236,2455,180,0,0,false,false,true,0,0,2871,32,0,
511,tempted_1_0,4972,36,6,budget,0,89,true,5,750,95,160,0.4444444444444444,0.5277777777777778,0,0.027777777777777776,0,7,4,crash,false,6,17,737,3755,120,360,0,false,false,true,0,0,4972,36,0,
512,tempted_1_0,4766,34,4,budget,0,82,true,5,1500,95,146,0.29411764705882354,0.6176470588235294,0.08823529411764706,0,0,4,2,normal,false,4,14,586,2500,1680,0,0,false,false,false,0,0,4766,34,0,
513,tempted_1_0,3939,38,8,budget,0,81,true,3,345,99,144,0.15789473684210525,0.7894736842105263,0.05263157894736842,0,0,6,10,normal,false,5,14,259,3290,390,0,0,false,false,true,0,0,3939,38,0,
514,tempted_1_0,4480,38,8,budget,0,83,true,3,540,97,124,0.05263157894736842,0.8157894736842105,0.13157894736842105,0,0,4,21,normal,false,7,14,55,3105,1320,0,0,false,false,false,0,0,4480,38,0,
515,tempted_1_0,1719,30,0,budget,0,64,true,3,240,55,91,0.43333333333333335,0.5666666666666667,0,0,0,4,5,normal,false,7,9,529,1190,0,0,0,false,false,false,0,0,1719,30,0,
516,tempted_1_0,6396,36,6,budget,0,96,true,5,1500,115,169,0.2222222222222222,0.6666666666666666,0.1111111111111111,0,0,4,13,normal,false,5,15,526,4010,690,1170,0,true,true,false,0,0,6396,36,0,
517,tempted_1_0,21120,84,54,budget,2,100,true,5,1880,275,342,0.15476190476190477,0.44047619047619047,0.21428571428571427,0.07142857142857142,0.11904761904761904,24,1,normal,false,5,46,615,4770,6070,2025,7640,false,true,false,6105,10,15015,74,2,3|6
518,tempted_1_0,2800,30,0,budget,0,57,true,3,410,69,112,0.3333333333333333,0.6666666666666666,0,0,0,5,15,normal,false,5,13,455,2345,0,0,0,false,false,true,0,0,2800,30,0,
519,tempted_1_0,11777,38,8,budget,0,97,true,9,5925,118,187,0.18421052631578946,0.7105263157894737,0.10526315789473684,0,0,4,3,normal,false,6,16,817,3705,1450,5805,0,true,true,false,0,0,11777,38,0,
520,tempted_1_0,1753,26,2,lock,0,72,true,2,195,47,95,0.46153846153846156,0.5,0.038461538461538464,0,0,4,4,crash,false,5,9,323,1250,180,0,0,false,false,false,0,0,1753,26,0,
521,tempted_1_0,3876,34,4,budget,0,87,true,4,435,90,137,0.23529411764705882,0.6176470588235294,0.14705882352941177,0,0,7,9,normal,false,4,15,221,2865,790,0,0,false,false,false,0,0,3876,34,0,
522,tempted_1_0,4141,30,0,budget,0,65,true,4,610,84,160,0.4,0.6,0,0,0,4,9,crash,false,5,13,596,3545,0,0,0,false,false,false,0,0,4141,30,0,
523,tempted_1_0,15843,73,43,budget,3,100,true,7,2190,205,299,0.2328767123287671,0.3835616438356164,0.136986301369863,0.0410958904109589,0.2054794520547945,14,5,normal,false,7,33,713,5210,2040,2880,5000,false,true,true,5400,15,10443,58,3,2|4|3
524,tempted_1_0,7818,51,21,budget,1,100,true,4,990,143,186,0.1568627450980392,0.5882352941176471,0.09803921568627451,0.058823529411764705,0.09803921568627451,12,7,normal,false,6,25,413,3180,830,1995,1400,false,true,false,1400,5,6418,46,1,6
525,tempted_1_0,6129,41,11,budget,1,100,true,4,1260,106,153,0.24390243902439024,0.5365853658536586,0.0975609756097561,0,0.12195121951219512,6,20,normal,false,7,19,569,2500,1100,540,1420,false,false,true,1440,5,4689,36,1,2
526,tempted_1_0,3270,32,2,budget,0,71,true,4,630,68,146,0.5625,0.4375,0,0,0,2,6,crash,false,6,9,1030,1790,450,0,0,false,false,false,0,0,3270,32,0,
527,tempted_1_0,2798,32,2,budget,0,72,true,3,440,74,108,0.0625,0.9375,0,0,0,2,19,normal,false,6,13,43,2395,360,0,0,false,false,true,0,0,2798,32,0,
528,tempted_1_0,4212,34,4,budget,0,80,true,3,450,92,165,0.23529411764705882,0.7058823529411765,0.058823529411764705,0,0,6,1,crash,false,4,15,487,3205,520,0,0,false,false,true,0,0,4212,34,0,
529,tempted_1_0,4076,30,0,budget,0,69,true,5,550,89,135,0.16666666666666666,0.8333333333333334,0,0,0,3,9,normal,false,4,11,176,3900,0,0,0,false,false,false,0,0,4076,30,0,
530,tempted_1_0,4086,30,0,budget,0,57,true,4,735,95,142,0.26666666666666666,0.7333333333333333,0,0,0,5,15,normal,false,7,13,411,3675,0,0,0,false,false,true,0,0,4086,30,0,
531,tempted_1_0,4312,30,0,budget,0,67,true,4,750,101,159,0.3,0.7,0,0,0,2,15,normal,false,5,9,532,3780,0,0,0,false,false,true,0,0,4312,30,0,
532,tempted_1_0,3677,30,0,budget,0,69,true,4,405,91,132,0.23333333333333334,0.7666666666666667,0,0,0,4,5,normal,false,3,13,397,3280,0,0,0,false,false,true,0,0,3677,30,0,
533,tempted_1_0,10543,55,25,budget,1,100,true,4,1260,150,221,0.09090909090909091,0.6363636363636364,0.16363636363636364,0.01818181818181818,0.09090909090909091,10,10,normal,false,9,26,323,3230,2030,1620,3340,false,false,false,3260,5,7283,50,1,4
534,tempted_1_0,2484,32,2,budget,0,71,true,5,361,58,110,0.40625,0.59375,0,0,0,2,2,crash,false,9,7,769,1715,0,0,0,false,false,false,0,0,2484,32,0,
535,tempted_1_0,2236,30,0,budget,0,50,true,3,315,60,111,0.43333333333333335,0.5666666666666667,0,0,0,4,10,normal,false,6,9,591,1645,0,0,0,false,false,false,0,0,2236,30,0,
536,tempted_1_0,2709,30,0,budget,0,61,true,4,620,67,125,0.5333333333333333,0.4666666666666667,0,0,0,2,19,crash,false,8,9,954,1755,0,0,0,false,false,false,0,0,2709,30,0,
537,tempted_1_0,3591,32,2,budget,0,72,true,3,465,88,141,0.3125,0.6875,0,0,0,3,10,normal,false,5,11,546,2865,180,0,0,false,false,false,0,0,3591,32,0,
538,tempted_1_0,3488,30,0,budget,0,66,true,4,465,83,134,0.2,0.8,0,0,0,3,12,crash,false,5,11,293,3195,0,0,0,false,false,true,0,0,3488,30,0,
539,tempted_1_0,12260,73,43,budget,1,100,true,5,1350,206,297,0.1780821917808219,0.547945205479452,0.1506849315068493,0.0547945205479452,0.0684931506849315,16,4,normal,false,12,35,575,3980,4720,1005,1980,false,false,true,1650,5,10610,68,1,3
540,tempted_1_0,3663,30,0,budget,0,56,true,5,655,81,117,0.06666666666666667,0.9333333333333333,0,0,0,2,26,normal,false,6,13,353,3310,0,0,0,false,false,true,0,0,3663,30,0,
541,tempted_1_0,4902,34,4,budget,0,76,true,5,1740,88,151,0.23529411764705882,0.7352941176470589,0.029411764705882353,0,0,3,10,crash,false,5,13,317,2995,1590,0,0,false,false,true,0,0,4902,34,0,
542,tempted_1_0,10130,53,23,budget,1,100,true,7,3230,167,212,0.1509433962264151,0.5660377358490566,0.1320754716981132,0.05660377358490566,0.09433962264150944,11,2,normal,false,7,30,565,3365,4000,1080,1120,false,false,true,4230,5,5900,48,0,
543,tempted_1_0,5319,40,10,budget,0,87,true,5,1205,106,164,0.2,0.7,0.1,0,0,5,11,normal,false,5,15,614,3205,1500,0,0,false,false,false,0,0,5319,40,0,
544,tempted_1_0,2667,30,0,budget,0,53,true,3,520,71,126,0.23333333333333334,0.7666666666666667,0,0,0,3,5,normal,false,4,8,437,2230,0,0,0,false,false,false,0,0,2667,30,0,
545,tempted_1_0,10478,59,29,budget,1,100,true,6,1140,171,266,0.288135593220339,0.4745762711864407,0.11864406779661017,0.03389830508474576,0.0847457627118644,11,8,normal,false,9,26,498,5240,1830,510,2400,false,true,false,2520,5,7958,54,0,
546,tempted_1_0,2483,30,0,budget,0,57,true,3,270,69,121,0.5333333333333333,0.4666666666666667,0,0,0,2,18,crash,false,6,8,568,1915,0,0,0,false,false,false,0,0,2483,30,0,
547,tempted_1_0,3678,30,0,budget,0,68,true,5,1035,77,121,0.13333333333333333,0.8666666666666667,0,0,0,1,7,crash,false,4,13,158,3520,0,0,0,false,false,false,0,0,3678,30,0,
548,tempted_1_0,2459,30,0,budget,0,55,true,4,375,63,104,0.2,0.8,0,0,0,2,8,crash,false,8,7,164,2295,0,0,0,false,false,false,0,0,2459,30,0,
549,tempted_1_0,4021,30,0,budget,0,60,true,6,421,86,150,0.26666666666666666,0.7333333333333333,0,0,0,1,27,crash,false,4,11,751,3270,0,0,0,false,false,false,0,0,4021,30,0,
550,tempted_1_0,2565,32,2,budget,0,76,true,4,330,69,116,0.25,0.71875,0.03125,0,0,3,2,normal,false,10,8,440,1915,210,0,0,false,false,true,0,0,2565,32,0,
551,tempted_1_0,3779,29,0,lock,0,63,true,5,570,82,129,0.2413793103448276,0.7586206896551724,0,0,0,4,7,normal,false,5,13,209,3570,0,0,0,false,false,true,0,0,3779,29,0,
552,tempted_1_0,8893,61,31,budget,1,100,true,4,800,178,231,0.04918032786885246,0.6721311475409836,0.16393442622950818,0.03278688524590164,0.08196721311475409,13,1,normal,false,6,25,148,4660,2040,405,1640,false,true,false,1690,5,7203,56,0,
553,tempted_1_0,9160,36,6,budget,0,82,true,9,2330,117,206,0.25,0.6666666666666666,0.08333333333333333,0,0,7,2,normal,false,7,14,315,5855,2990,0,0,false,false,true,0,0,9160,36,0,
554,tempted_1_0,2929,30,0,budget,0,55,true,4,370,73,101,0.16666666666666666,0.8333333333333334,0,0,0,2,8,normal,false,4,11,224,2705,0,0,0,false,false,true,0,0,2929,30,0,
555,tempted_1_0,2562,30,0,budget,0,64,true,4,465,55,113,0.5,0.5,0,0,0,2,12,crash,false,6,10,692,1870,0,0,0,false,false,false,0,0,2562,30,0,
556,tempted_1_0,3636,30,0,budget,0,67,true,3,400,97,130,0.13333333333333333,0.8666666666666667,0,0,0,3,10,normal,false,3,15,246,3390,0,0,0,false,false,false,0,0,3636,30,0,
557,tempted_1_0,10340,56,26,budget,2,100,true,5,1170,166,202,0,0.7321428571428571,0.08928571428571429,0,0.17857142857142858,7,2,normal,false,12,20,30,4790,2010,630,2880,false,false,false,3330,10,7010,46,1,2
558,tempted_1_0,3473,30,0,budget,0,63,true,4,448,79,149,0.36666666666666664,0.6333333333333333,0,0,0,4,5,crash,false,4,13,718,2755,0,0,0,false,false,false,0,0,3473,30,0,
559,tempted_1_0,17450,76,46,budget,2,100,true,5,1560,240,310,0.07894736842105263,0.5131578947368421,0.17105263157894737,0.10526315789473684,0.13157894736842105,18,5,normal,false,4,42,420,4530,3440,3600,5460,false,true,false,5735,10,11715,66,2,2|5
560,tempted_1_0,2871,30,0,budget,0,67,true,4,535,69,117,0.36666666666666664,0.6333333333333333,0,0,0,2,20,normal,false,8,10,356,2515,0,0,0,false,false,true,0,0,2871,30,0,
561,tempted_1_0,3026,30,0,budget,0,50,true,4,480,74,138,0.6,0.4,0,0,0,2,6,normal,false,7,11,951,2075,0,0,0,false,false,true,0,0,3026,30,0,
562,tempted_1_0,1755,30,0,budget,0,50,true,3,445,51,88,0.4,0.6,0,0,0,4,9,crash,false,8,9,305,1450,0,0,0,false,false,false,0,0,1755,30,0,
563,tempted_1_0,2653,30,0,budget,0,55,true,4,278,67,107,0.2,0.8,0,0,0,2,24,normal,false,5,15,363,2290,0,0,0,false,false,true,0,0,2653,30,0,
564,tempted_1_0,3798,30,0,budget,0,57,true,4,640,91,141,0.36666666666666664,0.6333333333333333,0,0,0,4,6,normal,false,5,12,668,3130,0,0,0,false,false,true,0,0,3798,30,0,
565,tempted_1_0,6025,18,8,lock,0,94,false,8,3935,69,91,0,0.8888888888888888,0.1111111111111111,0,0,3,1,keto,false,4,9,0,2290,900,2835,0,true,false,false,0,0,6025,18,0,
566,tempted_1_0,3602,30,0,budget,0,62,true,5,935,75,119,0.3333333333333333,0.6666666666666666,0,0,0,6,5,normal,false,5,14,352,3250,0,0,0,false,false,true,0,0,3602,30,0,
567,tempted_1_0,24795,93,63,budget,1,100,true,5,2840,310,410,0.010752688172043012,0.6129032258064516,0.21505376344086022,0.10752688172043011,0.053763440860215055,22,1,normal,false,6,45,60,6805,7290,5520,5120,false,true,false,5020,5,19775,88,0,
568,tempted_1_0,10196,34,4,budget,0,93,true,9,6805,108,153,0.11764705882352941,0.8235294117647058,0.029411764705882353,0.029411764705882353,0,3,13,normal,false,7,12,121,3515,1340,5220,0,true,false,false,0,0,10196,34,0,
569,tempted_1_0,3007,30,0,budget,0,63,true,4,435,67,126,0.3333333333333333,0.6666666666666666,0,0,0,3,4,crash,false,4,10,677,2330,0,0,0,false,false,false,0,0,3007,30,0,
570,tempted_1_0,12700,46,16,budget,2,100,true,4,1680,150,185,0.021739130434782608,0.6739130434782609,0.08695652173913043,0,0.21739130434782608,6,1,normal,false,5,19,95,3625,1520,0,7460,false,false,false,6270,10,6430,36,1,4
571,tempted_1_0,2431,30,0,budget,0,57,true,4,540,59,103,0.4,0.6,0,0,0,2,14,normal,false,8,8,436,1995,0,0,0,false,false,false,0,0,2431,30,0,
572,tempted_1_0,3836,30,0,budget,0,68,true,4,740,89,142,0.26666666666666666,0.7333333333333333,0,0,0,4,13,crash,false,6,8,411,3425,0,0,0,false,false,false,0,0,3836,30,0,
573,tempted_1_0,3633,30,0,budget,0,64,true,5,560,80,120,0.1,0.9,0,0,0,0,-1,crash,false,5,10,383,3250,0,0,0,false,false,true,0,0,3633,30,0,
574,tempted_1_0,3066,34,4,budget,0,96,true,3,510,78,116,0.3235294117647059,0.6176470588235294,0.029411764705882353,0.029411764705882353,0,5,6,normal,false,5,13,536,1765,630,135,0,true,true,false,0,0,3066,34,0,
575,tempted_1_0,8050,43,13,budget,1,100,true,5,1440,122,150,0.023255813953488372,0.7209302325581395,0.11627906976744186,0.023255813953488372,0.11627906976744186,5,11,normal,false,7,17,15,3745,1350,480,2460,false,false,true,2760,5,5290,38,1,2
576,tempted_1_0,4143,32,2,budget,0,71,true,5,865,99,131,0.03125,0.96875,0,0,0,2,7,normal,false,8,12,98,4045,0,0,0,false,false,false,0,0,4143,32,0,
577,tempted_1_0,8670,48,18,budget,0,89,true,5,1925,143,235,0.3125,0.5416666666666666,0.14583333333333334,0,0,8,8,normal,false,7,21,975,3590,2890,1215,0,false,false,true,0,0,8670,48,0,
578,tempted_1_0,6037,34,4,budget,0,76,true,6,900,122,200,0.4117647058823529,0.5,0.08823529411764706,0,0,5,5,normal,false,3,17,1067,4580,390,0,0,false,false,false,0,0,6037,34,0,
579,tempted_1_0,3314,30,0,budget,0,57,true,3,420,87,141,0.4666666666666667,0.5333333333333333,0,0,0,4,3,normal,false,10,11,599,2715,0,0,0,false,false,true,0,0,3314,30,0,
580,tempted_1_0,6759,38,8,budget,0,82,true,5,1890,117,178,0.18421052631578946,0.7631578947368421,0.05263157894736842,0,0,5,2,normal,false,7,17,294,4125,2340,0,0,false,false,true,0,0,6759,38,0,
581,tempted_1_0,10838,44,14,budget,0,97,true,8,6045,121,182,0.09090909090909091,0.75,0.09090909090909091,0.06818181818181818,0,7,7,crash,false,8,18,258,3425,1500,5655,0,true,true,false,0,0,10838,44,0,
582,tempted_1_0,2845,30,0,budget,0,50,true,5,950,67,129,0.6,0.4,0,0,0,3,11,crash,false,7,10,900,1945,0,0,0,false,false,false,0,0,2845,30,0,
583,tempted_1_0,8798,51,21,budget,1,100,true,5,900,145,196,0.058823529411764705,0.6666666666666666,0.13725490196078433,0.0392156862745098,0.09803921568627451,8,1,normal,false,7,17,298,4035,1180,1665,1620,false,true,true,2280,5,6518,46,1,2
584,tempted_1_0,8095,44,14,budget,0,95,true,5,1030,159,209,0.06818181818181818,0.75,0.13636363636363635,0.045454545454545456,0,7,6,normal,false,5,20,245,5540,1410,900,0,true,true,false,0,0,8095,44,0,
585,tempted_1_0,2737,30,0,budget,0,56,true,3,310,66,119,0.26666666666666666,0.7333333333333333,0,0,0,3,16,normal,false,5,13,392,2345,0,0,0,false,false,true,0,0,2737,30,0,
586,tempted_1_0,6145,38,8,budget,0,83,true,4,1065,114,172,0.02631578947368421,0.9736842105263158,0,0,0,4,1,crash,false,7,16,30,4315,1800,0,0,false,false,false,0,0,6145,38,0,
587,tempted_1_0,3052,30,0,budget,0,53,true,3,285,74,126,0.3,0.7,0,0,0,5,10,crash,false,9,15,292,2760,0,0,0,false,false,false,0,0,3052,30,0,
588,tempted_1_0,2495,30,0,budget,0,50,true,4,585,62,110,0.5666666666666667,0.43333333333333335,0,0,0,7,6,normal,false,5,13,920,1575,0,0,0,false,false,true,0,0,2495,30,0,
589,tempted_1_0,3012,32,2,budget,0,73,true,4,315,88,121,0.15625,0.8125,0.03125,0,0,2,9,normal,false,5,9,347,2575,90,0,0,false,false,false,0,0,3012,32,0,
590,tempted_1_0,8595,49,19,budget,1,100,true,5,960,148,199,0,0.7551020408163265,0.12244897959183673,0.02040816326530612,0.10204081632653061,6,15,normal,false,7,24,60,4520,1260,495,2260,false,false,true,2500,5,6095,44,1,4
591,tempted_1_0,4876,30,0,budget,0,59,true,6,1108,102,148,0.1,0.9,0,0,0,2,22,normal,false,3,15,581,4295,0,0,0,false,false,true,0,0,4876,30,0,
592,tempted_1_0,3030,30,0,budget,0,52,true,3,480,73,113,0.13333333333333333,0.8666666666666667,0,0,0,4,6,normal,false,6,11,120,2910,0,0,0,false,false,true,0,0,3030,30,0,
593,tempted_1_0,2864,32,2,budget,0,80,true,3,280,73,123,0.1875,0.78125,0.03125,0,0,3,4,crash,false,4,10,249,2525,90,0,0,false,false,true,0,0,2864,32,0,
594,tempted_1_0,3740,30,0,budget,0,51,true,5,600,79,116,0,1,0,0,0,0,-1,normal,false,6,12,30,3710,0,0,0,false,false,true,0,0,3740,30,0,
595,tempted_1_0,5625,34,4,budget,0,77,true,5,1200,119,158,0.029411764705882353,0.9411764705882353,0.029411764705882353,0,0,3,5,normal,false,7,13,15,5010,600,0,0,false,false,false,0,0,5625,34,0,
596,tempted_1_0,3768,30,0,budget,0,54,true,5,745,74,147,0.5666666666666667,0.43333333333333335,0,0,0,3,20,crash,false,4,12,1293,2475,0,0,0,false,false,false,0,0,3768,30,0,
597,tempted_1_0,4242,36,6,budget,0,87,true,3,850,98,138,0.19444444444444445,0.7222222222222222,0.08333333333333333,0,0,7,7,normal,false,5,17,377,2535,1330,0,0,false,false,false,0,0,4242,36,0,
598,tempted_1_0,7209,38,8,budget,0,80,true,8,735,145,230,0.18421052631578946,0.7368421052631579,0.07894736842105263,0,0,5,1,normal,false,5,21,1199,5590,420,0,0,false,false,true,0,0,7209,38,0,
599,tempted_1_0,3565,30,0,budget,0,53,true,5,755,75,142,0.5666666666666667,0.43333333333333335,0,0,0,5,8,crash,false,5,13,995,2570,0,0,0,false,false,false,0,0,3565,30,0,
600,tempted_1_0,11802,49,19,budget,1,100,true,5,2440,169,245,0.14285714285714285,0.6122448979591837,0.10204081632653061,0.04081632653061224,0.10204081632653061,7,1,normal,false,6,21,382,3800,5660,360,1600,false,false,false,2150,5,9652,44,1,2
601,tempted_1_0,4194,34,4,budget,0,94,true,4,530,92,150,0.23529411764705882,0.6764705882352942,0.058823529411764705,0.029411764705882353,0,3,11,crash,false,4,15,324,3045,690,135,0,true,false,false,0,0,4194,34,0,
602,tempted_1_0,3513,32,2,budget,0,70,true,5,578,73,159,0.375,0.625,0,0,0,3,3,crash,false,4,13,1103,2410,0,0,0,false,false,false,0,0,3513,32,0,
603,tempted_1_0,1335,15,0,lock,0,50,true,3,240,30,55,0.26666666666666666,0.7333333333333333,0,0,0,3,8,normal,false,3,6,140,1195,0,0,0,false,false,true,0,0,1335,15,0,
604,tempted_1_0,4380,30,0,budget,0,50,true,7,1570,85,174,0.6,0.4,0,0,0,5,8,normal,false,6,10,1365,3015,0,0,0,false,false,false,0,0,4380,30,0,
605,tempted_1_0,7083,47,17,budget,1,100,true,4,740,130,183,0.0425531914893617,0.723404255319149,0.0851063829787234,0.0425531914893617,0.10638297872340426,6,18,crash,false,5,26,123,3940,1010,630,1380,false,false,false,1290,5,5793,42,1,4
606,tempted_1_0,2154,30,0,budget,0,50,true,4,240,61,106,0.43333333333333335,0.5666666666666667,0,0,0,5,7,normal,false,4,12,694,1460,0,0,0,false,false,false,0,0,2154,30,0,
607,tempted_1_0,4633,30,0,budget,0,59,true,4,690,92,149,0.1,0.9,0,0,0,2,5,normal,false,4,14,83,4550,0,0,0,false,false,false,0,0,4633,30,0,
608,tempted_1_0,2499,30,0,budget,0,50,true,4,530,70,120,0.4666666666666667,0.5333333333333333,0,0,0,4,6,crash,false,5,12,779,1720,0,0,0,false,false,false,0,0,2499,30,0,
609,tempted_1_0,3329,30,0,budget,0,63,true,4,475,73,120,0.3,0.7,0,0,0,4,5,crash,false,6,13,249,3080,0,0,0,false,false,false,0,0,3329,30,0,
610,tempted_1_0,3812,30,0,budget,0,50,true,5,990,87,145,0.26666666666666666,0.7333333333333333,0,0,0,4,17,crash,false,4,12,407,3405,0,0,0,false,false,false,0,0,3812,30,0,
611,tempted_1_0,2664,30,0,budget,0,60,true,3,305,84,130,0.3,0.7,0,0,0,1,21,normal,false,8,10,559,2105,0,0,0,false,false,false,0,0,2664,30,0,
612,tempted_1_0,4405,34,4,budget,0,78,true,4,450,93,132,0.058823529411764705,0.8529411764705882,0.08823529411764706,0,0,3,11,crash,false,7,12,130,3915,360,0,0,false,false,false,0,0,4405,34,0,
613,tempted_1_0,2494,34,4,budget,0,72,true,3,265,67,118,0.2647058823529412,0.6764705882352942,0.058823529411764705,0,0,4,4,normal,false,6,12,504,1810,180,0,0,false,false,true,0,0,2494,34,0,
614,tempted_1_0,9386,40,10,budget,0,87,true,6,3325,129,194,0.1,0.8,0.1,0,0,6,4,normal,false,7,18,151,5395,1020,2820,0,false,false,true,0,0,9386,40,0,
615,tempted_1_0,7119,41,11,budget,1,100,true,7,1710,123,179,0.17073170731707318,0.6585365853658537,0.04878048780487805,0,0.12195121951219512,3,19,normal,false,3,20,209,4570,870,270,1200,false,false,false,2050,5,5069,36,0,
616,tempted_1_0,6202,42,12,budget,0,93,true,5,670,105,178,0.16666666666666666,0.6428571428571429,0.16666666666666666,0.023809523809523808,0,11,6,normal,false,7,18,537,3430,1560,675,0,true,false,true,0,0,6202,42,0,
617,tempted_1_0,2778,30,0,budget,0,50,true,3,430,82,136,0.3,0.7,0,0,0,3,7,crash,false,6,13,518,2260,0,0,0,false,false,false,0,0,2778,30,0,
618,tempted_1_0,2679,30,0,budget,0,53,true,4,300,68,125,0.4666666666666667,0.5333333333333333,0,0,0,5,5,normal,false,4,11,784,1895,0,0,0,false,false,false,0,0,2679,30,0,
619,tempted_1_0,4571,38,8,budget,0,87,true,4,420,89,148,0.23684210526315788,0.631578947368421,0.13157894736842105,0,0,7,1,crash,false,7,13,356,3135,810,270,0,false,false,false,0,0,4571,38,0,
620,tempted_1_0,4498,32,2,budget,0,74,true,5,540,92,162,0.25,0.75,0,0,0,4,1,normal,false,6,12,963,3355,180,0,0,false,false,true,0,0,4498,32,0,
621,tempted_1_0,2635,30,0,budget,0,68,true,3,335,66,108,0.23333333333333334,0.7666666666666667,0,0,0,2,4,normal,false,10,9,295,2340,0,0,0,false,false,true,0,0,2635,30,0,
622,tempted_1_0,2909,30,0,budget,0,56,true,4,505,75,117,0.3,0.7,0,0,0,6,7,normal,false,4,13,399,2510,0,0,0,false,false,false,0,0,2909,30,0,
623,tempted_1_0,1779,30,0,budget,0,65,true,2,200,56,97,0.36666666666666664,0.6333333333333333,0,0,0,3,14,crash,false,6,8,349,1430,0,0,0,false,false,false,0,0,1779,30,0,
624,tempted_1_0,5960,30,0,budget,0,64,true,7,1575,110,171,0.13333333333333333,0.8666666666666667,0,0,0,2,12,normal,false,3,16,300,5660,0,0,0,false,false,false,0,0,5960,30,0,
625,tempted_1_0,2747,30,0,budget,0,50,true,4,640,72,116,0.4,0.6,0,0,0,3,13,normal,false,7,10,352,2395,0,0,0,false,false,true,0,0,2747,30,0,
626,tempted_1_0,6619,29,9,lock,1,100,true,6,2100,88,118,0.1724137931034483,0.6206896551724138,0.034482758620689655,0,0.1724137931034483,4,11,normal,false,4,14,389,2660,990,0,2580,false,false,false,3180,5,3439,24,0,
627,tempted_1_0,4142,32,2,budget,0,80,true,6,1238,86,131,0.15625,0.8125,0.03125,0,0,2,7,crash,false,5,15,227,3795,120,0,0,false,false,false,0,0,4142,32,0,
628,tempted_1_0,4685,15,12,lock,0,87,false,5,2235,51,69,0,0.7333333333333333,0.26666666666666666,0,0,3,3,normal,false,3,7,0,1220,1530,1935,0,false,false,true,0,0,4685,15,0,
629,tempted_1_0,27785,96,66,budget,6,100,true,5,2880,302,347,0.020833333333333332,0.4270833333333333,0.14583333333333334,0.09375,0.3125,20,6,normal,false,8,46,85,5480,1670,5070,15480,false,true,true,12750,30,15035,66,5,3|7|4|3|3
630,tempted_1_0,18623,56,26,budget,2,100,true,6,2820,199,249,0.05357142857142857,0.6071428571428571,0.14285714285714285,0.017857142857142856,0.17857142857142858,11,5,normal,false,7,34,128,5250,1300,405,11540,false,true,false,11420,10,7203,46,1,3
631,tempted_1_0,3881,30,0,budget,0,50,true,5,705,77,141,0.36666666666666664,0.6333333333333333,0,0,0,3,9,crash,false,4,14,606,3275,0,0,0,false,false,true,0,0,3881,30,0,
632,tempted_1_0,13660,37,7,budget,1,100,false,8,7010,129,175,0,0.8108108108108109,0.05405405405405406,0,0.13513513513513514,2,9,normal,false,9,13,0,3810,390,0,9460,false,false,false,9810,5,3850,32,0,
633,tempted_1_0,4373,30,0,budget,0,50,true,5,960,80,157,0.43333333333333335,0.5666666666666667,0,0,0,3,8,crash,false,5,9,528,3845,0,0,0,false,false,false,0,0,4373,30,0,
634,tempted_1_0,2777,30,0,budget,0,60,true,4,390,64,134,0.5,0.5,0,0,0,5,14,normal,false,6,11,1122,1655,0,0,0,false,false,true,0,0,2777,30,0,
635,tempted_1_0,9539,50,20,budget,0,97,true,7,1365,177,239,0.1,0.74,0.12,0.04,0,10,3,normal,false,14,19,374,6530,1690,945,0,true,true,true,0,0,9539,50,0,
636,tempted_1_0,3330,30,0,budget,0,69,false,3,375,87,124,0,1,0,0,0,0,-1,normal,false,6,11,0,3330,0,0,0,false,false,false,0,0,3330,30,0,
637,tempted_1_0,2896,34,4,budget,0,85,true,4,480,81,120,0.4411764705882353,0.4411764705882353,0.11764705882352941,0,0,4,4,normal,false,4,13,696,1740,460,0,0,false,false,false,0,0,2896,34,0,
638,tempted_1_0,2312,30,0,budget,0,50,true,4,333,57,99,0.3,0.7,0,0,0,3,10,crash,false,4,10,272,2040,0,0,0,false,false,false,0,0,2312,30,0,
639,tempted_1_0,2978,30,0,budget,0,68,true,3,470,77,114,0.06666666666666667,0.9333333333333333,0,0,0,1,4,normal,false,5,9,58,2920,0,0,0,false,false,false,0,0,2978,30,0,
640,tempted_1_0,5224,30,0,budget,0,66,true,4,860,123,176,0.23333333333333334,0.7666666666666667,0,0,0,2,8,normal,false,4,15,484,4740,0,0,0,false,false,true,0,0,5224,30,0,
641,tempted_1_0,3973,30,0,budget,0,66,true,4,690,87,152,0.4666666666666667,0.5333333333333333,0,0,0,5,8,crash,false,3,13,793,3180,0,0,0,false,false,false,0,0,3973,30,0,
642,tempted_1_0,2955,30,0,budget,0,65,true,4,710,66,109,0.03333333333333333,0.9666666666666667,0,0,0,0,-1,crash,false,6,8,30,2925,0,0,0,false,false,false,0,0,2955,30,0,
643,tempted_1_0,3670,30,0,budget,0,68,false,4,405,87,116,0,1,0,0,0,0,-1,normal,false,7,12,0,3670,0,0,0,false,false,false,0,0,3670,30,0,
644,tempted_1_0,3147,30,0,budget,0,62,true,6,1200,69,112,0.5666666666666667,0.43333333333333335,0,0,0,5,6,normal,false,5,12,767,2380,0,0,0,false,false,false,0,0,3147,30,0,
645,tempted_1_0,10136,49,19,budget,1,100,true,5,1755,150,205,0.08163265306122448,0.7551020408163265,0.061224489795918366,0,0.10204081632653061,6,1,normal,false,11,20,111,4425,1950,1710,1940,false,true,false,3095,5,7041,44,0,
646,tempted_1_0,2988,34,4,budget,0,93,true,4,490,75,117,0.3235294117647059,0.6176470588235294,0.029411764705882353,0.029411764705882353,0,2,4,normal,false,7,9,373,2200,280,135,0,true,false,true,0,0,2988,34,0,
647,tempted_1_0,3074,30,0,budget,0,50,true,4,495,72,129,0.43333333333333335,0.5666666666666667,0,0,0,6,4,normal,false,2,15,579,2495,0,0,0,false,false,false,0,0,3074,30,0,
648,tempted_1_0,29433,94,64,budget,4,100,true,5,2400,307,426,0.0425531914893617,0.4574468085106383,0.22340425531914893,0.06382978723404255,0.2127659574468085,18,6,crash,false,6,47,418,5905,4670,4140,14300,false,true,false,12970,20,16463,74,4,7|2|4|2
649,tempted_1_0,5914,32,2,budget,0,70,true,8,2130,109,174,0.3125,0.6875,0,0,0,2,1,crash,false,5,15,474,5440,0,0,0,false,false,false,0,0,5914,32,0,
650,tempted_1_0,5956,34,4,budget,0,82,true,5,1950,94,144,0.058823529411764705,0.8823529411764706,0.058823529411764705,0,0,3,12,normal,false,4,15,166,3210,2580,0,0,false,false,true,0,0,5956,34,0,
651,tempted_1_0,3480,30,0,budget,0,56,true,4,735,72,127,0.3333333333333333,0.6666666666666666,0,0,0,4,6,normal,false,4,11,470,3010,0,0,0,false,false,true,0,0,3480,30,0,
652,tempted_1_0,6110,32,2,budget,0,73,true,5,855,127,199,0.0625,0.875,0.0625,0,0,3,3,normal,false,5,15,480,5420,210,0,0,false,false,false,0,0,6110,32,0,
653,tempted_1_0,7863,40,10,budget,0,96,true,5,1225,126,178,0.075,0.75,0.15,0.025,0,7,6,crash,false,5,16,363,4105,1370,2025,0,true,true,false,0,0,7863,40,0,
654,tempted_1_0,4268,36,6,budget,0,85,true,5,605,87,172,0.5555555555555556,0.3888888888888889,0.05555555555555555,0,0,8,1,crash,false,5,14,1113,2295,860,0,0,false,false,false,0,0,4268,36,0,
655,tempted_1_0,4548,40,10,budget,0,86,true,4,540,110,145,0.075,0.8,0.125,0,0,7,5,normal,false,5,18,148,3380,1020,0,0,false,false,false,0,0,4548,40,0,
656,tempted_1_0,2865,30,0,budget,0,59,true,5,398,81,133,0.4,0.6,0,0,0,3,11,normal,false,6,9,1175,1690,0,0,0,false,false,false,0,0,2865,30,0,
657,tempted_1_0,1601,30,0,budget,0,50,true,3,225,59,104,0.7,0.3,0,0,0,1,28,normal,false,10,7,926,675,0,0,0,false,false,false,0,0,1601,30,0,
658,tempted_1_0,5012,42,12,budget,0,80,true,4,540,115,193,0.2619047619047619,0.6428571428571429,0.09523809523809523,0,0,8,3,crash,false,5,15,697,3415,900,0,0,false,false,false,0,0,5012,42,0,
659,tempted_1_0,2402,30,0,budget,0,69,true,3,445,75,105,0.3,0.7,0,0,0,3,6,normal,false,4,11,312,2090,0,0,0,false,false,true,0,0,2402,30,0,
660,tempted_1_0,9255,49,19,budget,1,100,false,5,2400,154,185,0,0.7755102040816326,0.10204081632653061,0.02040816326530612,0.10204081632653061,6,5,normal,false,12,17,0,4065,630,2400,2160,false,false,true,3900,5,5355,44,1,2
661,tempted_1_0,3112,30,0,budget,0,68,true,4,490,74,118,0.23333333333333334,0.7666666666666667,0,0,0,1,21,crash,false,7,9,182,2930,0,0,0,false,false,true,0,0,3112,30,0,
662,tempted_1_0,8911,43,13,budget,1,100,true,4,2760,127,163,0.09302325581395349,0.7209302325581395,0.06976744186046512,0,0.11627906976744186,6,8,crash,false,6,16,176,3095,600,180,4860,false,false,false,2460,5,6451,38,1,2
663,tempted_1_0,2682,32,2,budget,0,70,true,3,340,81,117,0.34375,0.65625,0,0,0,4,1,normal,false,4,16,512,2170,0,0,0,false,false,false,0,0,2682,32,0,
664,tempted_1_0,2028,30,0,budget,0,59,true,3,270,54,99,0.4,0.6,0,0,0,3,9,normal,false,6,10,423,1605,0,0,0,false,false,false,0,0,2028,30,0,
665,tempted_1_0,3025,30,0,budget,0,56,true,4,405,69,103,0.03333333333333333,0.9666666666666667,0,0,0,1,30,normal,false,6,11,205,2820,0,0,0,false,false,true,0,0,3025,30,0,
666,tempted_1_0,2939,30,0,budget,0,65,true,3,300,65,128,0.4,0.6,0,0,0,3,4,crash,false,5,11,614,2325,0,0,0,false,false,false,0,0,2939,30,0,
667,tempted_1_0,30789,114,84,budget,6,100,true,5,2140,358,436,0.07894736842105263,0.2631578947368421,0.2894736842105263,0.10526315789473684,0.2631578947368421,27,5,keto,false,6,57,274,4590,6570,4935,14420,false,true,false,13840,30,16949,84,6,2|8|3|2|4|6
668,tempted_1_0,7436,41,11,budget,1,100,true,5,1080,130,168,0.07317073170731707,0.7317073170731707,0.04878048780487805,0.024390243902439025,0.12195121951219512,4,20,normal,false,5,19,111,4365,180,420,2360,false,false,false,1700,5,5736,36,1,2
669,tempted_1_0,4739,30,0,budget,0,65,true,4,660,101,158,0.16666666666666666,0.8333333333333334,0,0,0,1,24,normal,false,7,13,169,4570,0,0,0,false,false,false,0,0,4739,30,0,
670,tempted_1_0,4360,34,4,budget,0,74,true,4,665,97,133,0.029411764705882353,0.9117647058823529,0.058823529411764705,0,0,2,21,normal,false,9,13,45,4015,300,0,0,false,false,false,0,0,4360,34,0,
671,tempted_1_0,3408,30,0,budget,0,69,true,4,365,76,130,0.3333333333333333,0.6666666666666666,0,0,0,3,11,crash,false,4,11,553,2855,0,0,0,false,false,false,0,0,3408,30,0,
672,tempted_1_0,3044,32,2,budget,0,74,true,3,510,70,128,0.375,0.625,0,0,0,7,1,crash,false,4,13,464,2130,450,0,0,false,false,true,0,0,3044,32,0,
673,tempted_1_0,2233,30,0,budget,0,62,true,4,313,55,122,0.4666666666666667,0.5333333333333333,0,0,0,1,24,crash,false,9,7,1133,1100,0,0,0,false,false,true,0,0,2233,30,0,
674,tempted_1_0,4648,34,4,budget,0,72,true,5,705,101,170,0.38235294117647056,0.5882352941176471,0.029411764705882353,0,0,5,2,normal,false,4,12,968,3560,120,0,0,false,false,false,0,0,4648,34,0,
675,tempted_1_0,5121,34,4,budget,0,84,true,4,870,106,158,0.11764705882352941,0.8529411764705882,0.029411764705882353,0,0,3,12,crash,false,4,15,181,4340,600,0,0,false,false,false,0,0,5121,34,0,
676,tempted_1_0,4576,30,0,budget,0,61,true,6,940,105,153,0.26666666666666666,0.7333333333333333,0,0,0,3,15,normal,false,4,16,706,3870,0,0,0,false,false,true,0,0,4576,30,0,
677,tempted_1_0,2887,30,0,budget,0,56,true,3,390,63,124,0.43333333333333335,0.5666666666666667,0,0,0,4,6,normal,false,6,11,497,2390,0,0,0,false,false,true,0,0,2887,30,0,
678,tempted_1_0,2721,30,0,budget,0,53,true,5,491,61,145,0.6666666666666666,0.3333333333333333,0,0,0,5,7,crash,false,5,10,1356,1365,0,0,0,false,false,false,0,0,2721,30,0,
679,tempted_1_0,2645,30,0,budget,0,52,true,4,403,76,136,0.5333333333333333,0.4666666666666667,0,0,0,4,5,normal,false,5,12,1200,1445,0,0,0,false,false,false,0,0,2645,30,0,
680,tempted_1_0,3958,30,0,budget,0,53,true,4,670,82,147,0.4,0.6,0,0,0,3,22,crash,false,6,10,583,3375,0,0,0,false,false,false,0,0,3958,30,0,
681,tempted_1_0,2387,30,0,budget,0,50,true,3,260,69,114,0.36666666666666664,0.6333333333333333,0,0,0,4,6,normal,false,5,12,452,1935,0,0,0,false,false,true,0,0,2387,30,0,
682,tempted_1_0,4909,32,2,budget,0,74,true,5,890,104,148,0.28125,0.6875,0.03125,0,0,6,3,normal,false,8,14,534,3495,880,0,0,false,false,true,0,0,4909,32,0,
683,tempted_1_0,2879,30,0,budget,0,56,true,4,345,68,115,0.16666666666666666,0.8333333333333334,0,0,0,1,18,crash,false,5,10,299,2580,0,0,0,false,false,false,0,0,2879,30,0,
684,tempted_1_0,6334,40,10,budget,0,97,true,4,1580,114,188,0.15,0.775,0.05,0.025,0,6,1,crash,false,8,15,244,4080,660,1350,0,true,true,false,0,0,6334,40,0,
685,tempted_1_0,5886,30,0,budget,0,64,true,7,1185,105,168,0.16666666666666666,0.8333333333333334,0,0,0,3,6,normal,false,3,12,601,5285,0,0,0,false,false,true,0,0,5886,30,0,
686,tempted_1_0,2318,30,0,budget,0,50,true,4,745,59,124,0.5666666666666667,0.43333333333333335,0,0,0,4,12,crash,false,6,8,748,1570,0,0,0,false,false,false,0,0,2318,30,0,
687,tempted_1_0,3056,32,2,budget,0,75,true,4,480,73,130,0.375,0.59375,0.03125,0,0,4,6,crash,false,9,9,641,2325,90,0,0,false,false,false,0,0,3056,32,0,
688,tempted_1_0,3391,30,0,budget,0,52,true,4,580,75,126,0.13333333333333333,0.8666666666666667,0,0,0,1,20,normal,false,11,9,156,3235,0,0,0,false,false,false,0,0,3391,30,0,
689,tempted_1_0,3536,30,0,budget,0,53,true,5,660,71,119,0.3,0.7,0,0,0,3,22,crash,false,6,12,406,3130,0,0,0,false,false,false,0,0,3536,30,0,
690,tempted_1_0,5243,32,2,budget,0,82,true,6,1210,98,156,0.1875,0.78125,0.03125,0,0,2,8,normal,false,7,12,238,4915,90,0,0,false,false,true,0,0,5243,32,0,
691,tempted_1_0,3091,30,0,budget,0,69,true,4,650,80,108,0.13333333333333333,0.8666666666666667,0,0,0,2,20,normal,false,6,9,186,2905,0,0,0,false,false,false,0,0,3091,30,0,
692,tempted_1_0,2479,30,0,budget,0,67,true,4,450,71,104,0.3333333333333333,0.6666666666666666,0,0,0,5,6,normal,false,4,13,529,1950,0,0,0,false,false,false,0,0,2479,30,0,
693,tempted_1_0,2926,30,0,budget,0,58,true,3,410,74,123,0.3,0.7,0,0,0,2,4,crash,false,6,10,406,2520,0,0,0,false,false,false,0,0,2926,30,0,
694,tempted_1_0,2650,30,0,budget,0,59,true,4,520,65,103,0.06666666666666667,0.9333333333333333,0,0,0,2,19,normal,false,5,9,125,2525,0,0,0,false,false,true,0,0,2650,30,0,
695,tempted_1_0,8394,44,14,budget,0,97,true,4,1630,146,223,0.13636363636363635,0.75,0.09090909090909091,0.022727272727272728,0,8,11,normal,false,6,23,374,4960,2340,720,0,true,true,true,0,0,8394,44,0,
696,tempted_1_0,12850,24,20,lock,2,100,false,7,4995,103,107,0,0.3333333333333333,0.16666666666666666,0.08333333333333333,0.4166666666666667,4,7,normal,false,4,12,0,1455,1360,3015,7020,false,false,false,9215,10,3635,14,1,5
697,tempted_1_0,2415,30,0,budget,0,60,true,3,255,61,90,0.03333333333333333,0.9666666666666667,0,0,0,1,9,normal,false,4,10,60,2355,0,0,0,false,false,false,0,0,2415,30,0,
698,tempted_1_0,6845,51,21,budget,1,100,true,4,620,145,185,0,0.7843137254901961,0.09803921568627451,0.0196078431372549,0.09803921568627451,7,14,normal,false,4,28,135,3955,1180,135,1440,false,false,true,1180,5,5665,46,1,2
699,tempted_1_0,2738,29,0,lock,0,67,true,3,325,84,104,0.06896551724137931,0.9310344827586207,0,0,0,1,19,normal,false,5,8,233,2505,0,0,0,false,false,false,0,0,2738,29,0,
700,tempted_1_0,3185,30,0,budget,0,50,true,4,680,76,133,0.43333333333333335,0.5666666666666667,0,0,0,4,6,crash,false,4,15,580,2605,0,0,0,false,false,false,0,0,3185,30,0,
701,tempted_1_0,5909,44,14,budget,0,85,true,4,855,139,177,0.09090909090909091,0.7954545454545454,0.11363636363636363,0,0,8,11,normal,false,4,21,299,4275,660,675,0,false,false,false,0,0,5909,44,0,
702,tempted_1_0,4038,32,2,budget,0,77,true,4,465,97,132,0.09375,0.875,0.03125,0,0,3,7,normal,false,5,13,128,3820,90,0,0,false,false,true,0,0,4038,32,0,
703,tempted_1_0,3965,32,2,budget,0,75,true,4,1070,82,138,0.125,0.875,0,0,0,3,3,normal,false,4,15,185,2880,900,0,0,false,false,true,0,0,3965,32,0,
704,tempted_1_0,3159,32,2,budget,0,72,true,4,790,78,119,0.15625,0.8125,0.03125,0,0,3,10,crash,false,5,10,239,2830,90,0,0,false,false,false,0,0,3159,32,0,
705,tempted_1_0,4150,36,6,budget,0,85,true,3,520,99,144,0.08333333333333333,0.8055555555555556,0.1111111111111111,0,0,5,6,normal,false,3,17,165,3365,620,0,0,false,false,true,0,0,4150,36,0,
706,tempted_1_0,2734,32,2,budget,0,78,true,4,490,70,106,0.21875,0.75,0.03125,0,0,4,2,normal,false,6,11,299,2315,120,0,0,false,false,false,0,0,2734,32,0,
707,tempted_1_0,2652,30,0,budget,0,57,true,3,240,75,118,0.36666666666666664,0.6333333333333333,0,0,0,7,4,normal,false,4,17,612,2040,0,0,0,false,false,true,0,0,2652,30,0,
708,tempted_1_0,3234,34,4,budget,0,89,true,3,625,78,107,0.14705882352941177,0.7941176470588235,0.058823529411764705,0,0,3,8,normal,false,7,14,164,2485,180,405,0,false,false,false,0,0,3234,34,0,
709,tempted_1_0,3414,30,0,budget,0,53,true,5,465,78,138,0.3,0.7,0,0,0,3,24,normal,false,7,11,1009,2405,0,0,0,false,false,true,0,0,3414,30,0,
710,tempted_1_0,3483,30,0,budget,0,65,true,5,780,69,135,0.4666666666666667,0.5333333333333333,0,0,0,4,11,crash,false,4,13,768,2715,0,0,0,false,false,false,0,0,3483,30,0,
711,tempted_1_0,5720,54,24,budget,0,89,true,3,490,145,177,0,0.8148148148148148,0.16666666666666666,0.018518518518518517,0,11,2,normal,false,7,23,30,4115,1440,135,0,false,false,false,0,0,5720,54,0,
712,tempted_1_0,7035,40,10,budget,0,82,true,7,2575,106,183,0.35,0.575,0.075,0,0,6,1,normal,false,10,19,500,3385,3150,0,0,false,false,true,0,0,7035,40,0,
713,tempted_1_0,3780,30,0,budget,0,66,true,4,530,89,123,0.1,0.9,0,0,0,2,11,normal,false,6,14,125,3655,0,0,0,false,false,true,0,0,3780,30,0,
714,tempted_1_0,2315,30,0,budget,0,51,true,4,380,71,124,0.5,0.5,0,0,0,4,8,normal,false,4,12,1020,1295,0,0,0,false,false,false,0,0,2315,30,0,
715,tempted_1_0,2295,11,4,lock,0,94,false,4,1135,35,51,0,0.9090909090909091,0.09090909090909091,0,0,1,2,normal,false,4,3,0,1170,180,945,0,true,false,false,0,0,2295,11,0,
716,tempted_1_0,1156,8,2,lock,0,71,true,4,480,20,40,0.375,0.625,0,0,0,2,1,normal,false,3,4,66,1090,0,0,0,false,false,true,0,0,1156,8,0,
717,tempted_1_0,2524,30,0,budget,0,52,true,5,495,53,118,0.5,0.5,0,0,0,4,7,normal,false,8,9,634,1890,0,0,0,false,false,false,0,0,2524,30,0,
718,tempted_1_0,5199,38,8,budget,0,91,true,5,570,107,178,0.3157894736842105,0.5789473684210527,0.07894736842105263,0.02631578947368421,0,5,4,crash,false,7,21,734,3970,360,135,0,true,false,false,0,0,5199,38,0,
719,tempted_1_0,1711,30,0,budget,0,58,true,5,331,52,112,0.7,0.3,0,0,0,2,21,normal,false,10,7,1081,630,0,0,0,false,false,true,0,0,1711,30,0,
720,tempted_1_0,3789,30,0,budget,0,63,true,5,1050,91,132,0.2,0.8,0,0,0,3,18,normal,false,8,8,379,3410,0,0,0,false,false,true,0,0,3789,30,0,
721,tempted_1_0,6515,44,14,budget,0,89,true,5,570,131,196,0.13636363636363635,0.7272727272727273,0.11363636363636363,0.022727272727272728,0,7,1,normal,false,3,22,305,4655,1420,135,0,false,false,false,0,0,6515,44,0,
722,tempted_1_0,4955,34,4,budget,0,78,false,5,660,113,147,0,1,0,0,0,2,27,normal,false,11,8,0,4595,360,0,0,false,false,false,0,0,4955,34,0,
723,tempted_1_0,3542,32,2,budget,0,70,true,4,660,91,134,0.28125,0.71875,0,0,0,4,8,normal,false,7,13,432,3110,0,0,0,false,false,false,0,0,3542,32,0,
724,tempted_1_0,11352,55,25,budget,1,100,true,4,1980,188,248,0.09090909090909091,0.6181818181818182,0.14545454545454545,0.05454545454545454,0.09090909090909091,9,5,normal,false,6,23,337,4630,2450,555,3380,false,true,true,3340,5,8012,50,1,3
725,tempted_1_0,1365,21,0,lock,0,50,true,2,250,32,76,0.42857142857142855,0.5714285714285714,0,0,0,2,7,crash,false,4,7,340,1025,0,0,0,false,false,false,0,0,1365,21,0,
726,tempted_1_0,4594,30,0,budget,0,50,true,6,1305,86,159,0.2,0.8,0,0,0,3,13,normal,false,4,12,459,4135,0,0,0,false,false,true,0,0,4594,30,0,
727,tempted_1_0,5162,30,0,budget,0,50,true,8,2355,86,164,0.5333333333333333,0.4666666666666667,0,0,0,3,12,normal,false,4,11,1282,3880,0,0,0,false,false,true,0,0,5162,30,0,
728,tempted_1_0,3208,32,2,budget,0,81,true,3,540,86,124,0.34375,0.59375,0.0625,0,0,3,1,normal,false,9,6,458,2000,750,0,0,false,false,true,0,0,3208,32,0,
729,tempted_1_0,2976,30,0,budget,0,50,true,5,1110,55,120,0.43333333333333335,0.5666666666666667,0,0,0,6,5,crash,false,3,10,516,2460,0,0,0,false,false,false,0,0,2976,30,0,
730,tempted_1_0,4968,38,8,budget,0,77,true,6,885,98,173,0.2894736842105263,0.6842105263157895,0.02631578947368421,0,0,5,9,crash,false,8,17,378,3650,940,0,0,false,false,false,0,0,4968,38,0,
731,tempted_1_0,1940,30,0,budget,0,50,true,3,240,48,112,0.5333333333333333,0.4666666666666667,0,0,0,2,16,crash,false,7,8,775,1165,0,0,0,false,false,false,0,0,1940,30,0,
732,tempted_1_0,2791,27,0,lock,0,50,true,4,450,61,122,0.48148148148148145,0.5185185185185185,0,0,0,2,4,normal,false,7,12,661,2130,0,0,0,false,false,true,0,0,2791,27,0,
733,tempted_1_0,5165,40,13,lock,1,100,true,3,750,102,122,0.175,0.6,0.1,0,0.125,6,5,normal,false,6,20,320,2055,540,630,1620,false,false,true,2250,5,2915,35,1,2
734,tempted_1_0,3075,30,0,budget,0,69,true,5,730,73,121,0.4666666666666667,0.5333333333333333,0,0,0,5,9,normal,false,5,9,605,2470,0,0,0,false,false,false,0,0,3075,30,0,
735,tempted_1_0,4430,30,0,budget,0,51,true,5,773,81,181,0.5,0.5,0,0,0,4,7,crash,false,4,14,1550,2880,0,0,0,false,false,false,0,0,4430,30,0,
736,tempted_1_0,7213,44,14,budget,0,81,true,5,775,152,196,0.045454545454545456,0.9090909090909091,0.045454545454545456,0,0,8,11,normal,false,6,20,108,5635,1470,0,0,false,false,true,0,0,7213,44,0,
737,tempted_1_0,3873,30,0,budget,0,69,true,6,1375,87,123,0.3,0.7,0,0,0,4,16,normal,false,7,10,468,3405,0,0,0,false,false,true,0,0,3873,30,0,
738,tempted_1_0,4376,30,0,budget,0,59,true,5,615,79,137,0.13333333333333333,0.8666666666666667,0,0,0,1,19,crash,false,5,11,196,4180,0,0,0,false,false,false,0,0,4376,30,0,
739,tempted_1_0,3690,36,6,budget,0,72,true,3,285,99,156,0.25,0.6944444444444444,0.05555555555555555,0,0,5,12,normal,false,4,18,645,2835,210,0,0,false,false,true,0,0,3690,36,0,
740,tempted_1_0,6832,42,12,budget,0,94,true,4,1230,128,211,0.2619047619047619,0.5952380952380952,0.09523809523809523,0.047619047619047616,0,7,10,normal,false,3,20,847,3540,2130,315,0,true,false,true,0,0,6832,42,0,
741,tempted_1_0,2679,30,0,budget,0,53,true,3,330,75,108,0.23333333333333334,0.7666666666666667,0,0,0,4,9,normal,false,5,12,379,2300,0,0,0,false,false,true,0,0,2679,30,0,
742,tempted_1_0,2505,30,0,budget,0,56,true,3,198,64,124,0.3333333333333333,0.6666666666666666,0,0,0,5,7,normal,false,5,9,630,1875,0,0,0,false,false,true,0,0,2505,30,0,
743,tempted_1_0,3976,30,0,budget,0,64,true,5,545,93,149,0.3333333333333333,0.6666666666666666,0,0,0,3,14,normal,false,3,14,826,3150,0,0,0,false,false,true,0,0,3976,30,0,
744,tempted_1_0,3665,30,0,budget,0,65,true,5,780,88,120,0.1,0.9,0,0,0,2,10,normal,false,3,12,200,3465,0,0,0,false,false,false,0,0,3665,30,0,
745,tempted_1_0,3625,30,0,budget,0,68,true,5,830,83,122,0.1,0.9,0,0,0,2,6,normal,false,11,9,70,3555,0,0,0,false,false,false,0,0,3625,30,0,
746,tempted_1_0,3793,30,0,budget,0,50,true,5,428,82,146,0.4666666666666667,0.5333333333333333,0,0,0,5,7,crash,false,3,15,1158,2635,0,0,0,false,false,false,0,0,3793,30,0,
747,tempted_1_0,3475,34,4,budget,0,72,true,3,420,77,112,0.029411764705882353,0.9705882352941176,0,0,0,2,22,crash,false,6,13,60,2965,450,0,0,false,false,false,0,0,3475,34,0,
748,tempted_1_0,3628,30,0,budget,0,58,true,5,660,86,150,0.5,0.5,0,0,0,4,5,normal,false,5,13,613,3015,0,0,0,false,false,true,0,0,3628,30,0,
749,tempted_1_0,11859,48,18,budget,2,100,true,5,1965,150,218,0.125,0.5833333333333334,0.08333333333333333,0,0.20833333333333334,5,7,normal,false,3,21,674,3885,760,0,6540,false,false,false,6445,10,5414,38,1,3
750,tempted_1_0,3132,30,0,budget,0,51,true,6,555,78,118,0.23333333333333334,0.7666666666666667,0,0,0,4,6,normal,false,7,8,827,2305,0,0,0,false,false,false,0,0,3132,30,0,
751,tempted_1_0,7357,42,12,budget,0,88,true,6,1100,126,216,0.23809523809523808,0.6428571428571429,0.09523809523809523,0.023809523809523808,0,8,9,crash,false,4,17,1082,4250,1620,405,0,false,false,false,0,0,7357,42,0,
752,tempted_1_0,5411,36,6,budget,0,80,true,4,975,119,161,0.1388888888888889,0.8611111111111112,0,0,0,5,3,normal,false,10,12,371,4020,1020,0,0,false,false,true,0,0,5411,36,0,
753,tempted_1_0,4815,39,20,lock,0,98,true,3,630,99,144,0.23076923076923078,0.48717948717948717,0.23076923076923078,0.05128205128205128,0,9,8,normal,false,5,17,345,1705,1820,945,0,true,true,false,0,0,4815,39,0,
754,tempted_1_0,7072,40,10,budget,0,81,true,8,1865,120,199,0.25,0.7,0.05,0,0,6,1,normal,false,6,16,537,5485,1050,0,0,false,false,false,0,0,7072,40,0,
755,tempted_1_0,3365,32,2,budget,0,76,true,4,700,74,126,0.34375,0.625,0.03125,0,0,5,9,crash,false,6,11,315,2810,240,0,0,false,false,false,0,0,3365,32,0,
756,tempted_1_0,4316,32,2,budget,0,76,true,5,1050,92,152,0.21875,0.75,0.03125,0,0,3,11,normal,false,6,12,371,3825,120,0,0,false,false,false,0,0,4316,32,0,
757,tempted_1_0,8707,36,6,budget,0,99,true,6,1790,145,234,0.16666666666666666,0.8055555555555556,0,0.027777777777777776,0,4,18,normal,false,5,18,1197,5335,600,1575,0,true,true,false,0,0,8707,36,0,
758,tempted_1_0,3685,30,0,budget,0,53,true,5,695,89,143,0.3,0.7,0,0,0,2,11,normal,false,3,13,425,3260,0,0,0,false,false,true,0,0,3685,30,0,
759,tempted_1_0,2964,32,2,budget,0,76,true,4,345,67,107,0.15625,0.8125,0.03125,0,0,3,16,crash,false,5,10,169,2615,180,0,0,false,false,false,0,0,2964,32,0,
760,tempted_1_0,3546,32,2,budget,0,70,true,4,555,86,131,0.1875,0.8125,0,0,0,3,4,normal,false,6,11,296,3250,0,0,0,false,false,false,0,0,3546,32,0,
761,tempted_1_0,3091,30,0,budget,0,50,true,4,680,67,120,0.4666666666666667,0.5333333333333333,0,0,0,3,4,crash,false,10,9,516,2575,0,0,0,false,false,true,0,0,3091,30,0,
762,tempted_1_0,3523,34,4,budget,0,84,true,4,360,82,111,0.058823529411764705,0.9117647058823529,0.029411764705882353,0,0,4,12,normal,false,5,14,98,3035,390,0,0,false,false,false,0,0,3523,34,0,
763,tempted_1_0,4395,30,0,budget,0,57,true,6,1640,90,141,0.43333333333333335,0.5666666666666667,0,0,0,4,13,normal,false,4,12,560,3835,0,0,0,false,false,false,0,0,4395,30,0,
764,tempted_1_0,3886,34,4,budget,0,83,true,4,450,101,141,0.35294117647058826,0.5882352941176471,0.058823529411764705,0,0,5,5,normal,false,4,14,541,2925,420,0,0,false,false,false,0,0,3886,34,0,
765,tempted_1_0,3372,30,0,budget,0,51,true,6,709,70,127,0.36666666666666664,0.6333333333333333,0,0,0,3,13,normal,false,8,10,1302,2070,0,0,0,false,false,false,0,0,3372,30,0,
766,tempted_1_0,2851,30,0,budget,0,50,true,4,790,62,113,0.36666666666666664,0.6333333333333333,0,0,0,4,12,crash,false,4,11,441,2410,0,0,0,false,false,false,0,0,2851,30,0,
767,tempted_1_0,1997,23,2,lock,0,73,true,4,525,50,84,0.391304347826087,0.5652173913043478,0.043478260869565216,0,0,2,2,normal,false,6,6,582,1295,120,0,0,false,false,false,0,0,1997,23,0,
768,tempted_1_0,3668,34,4,budget,0,75,true,4,400,94,145,0.29411764705882354,0.6764705882352942,0.029411764705882353,0,0,4,6,normal,false,5,14,788,2480,400,0,0,false,false,false,0,0,3668,34,0,
769,tempted_1_0,3267,32,2,budget,0,70,true,4,490,82,124,0.25,0.75,0,0,0,3,1,normal,false,5,12,542,2725,0,0,0,false,false,true,0,0,3267,32,0,
770,tempted_1_0,3350,30,0,budget,0,50,true,5,765,78,152,0.6333333333333333,0.36666666666666664,0,0,0,5,12,crash,false,5,17,1275,2075,0,0,0,false,false,true,0,0,3350,30,0,
771,tempted_1_0,18912,55,25,budget,1,100,true,4,3300,198,284,0.09090909090909091,0.6545454545454545,0.16363636363636364,0,0.09090909090909091,11,1,normal,false,6,24,232,4230,4430,3600,6420,false,false,false,5440,5,13472,50,1,5
772,tempted_1_0,2466,30,0,budget,0,53,true,4,535,64,102,0.3,0.7,0,0,0,7,7,crash,false,4,10,361,2105,0,0,0,false,false,false,0,0,2466,30,0,
773,tempted_1_0,2504,30,0,budget,0,66,true,3,300,70,110,0.3,0.7,0,0,0,3,7,normal,false,6,11,509,1995,0,0,0,false,false,true,0,0,2504,30,0,
774,tempted_1_0,5404,34,4,budget,0,73,true,5,1035,113,156,0.17647058823529413,0.7647058823529411,0.058823529411764705,0,0,5,8,normal,false,7,18,489,4135,780,0,0,false,false,false,0,0,5404,34,0,
775,tempted_1_0,3782,30,0,budget,0,68,true,3,495,85,154,0.26666666666666666,0.7333333333333333,0,0,0,3,12,normal,false,4,12,482,3300,0,0,0,false,false,true,0,0,3782,30,0,
776,tempted_1_0,4173,30,0,budget,0,60,true,4,670,103,159,0.23333333333333334,0.7666666666666667,0,0,0,2,13,crash,false,4,14,503,3670,0,0,0,false,false,false,0,0,4173,30,0,
777,tempted_1_0,24956,70,40,budget,2,100,true,7,7400,206,349,0.21428571428571427,0.42857142857142855,0.18571428571428572,0.02857142857142857,0.14285714285714285,17,1,normal,false,4,39,686,4300,3840,2250,13880,false,true,true,13370,10,11586,60,2,2|4
778,tempted_1_0,2277,30,0,budget,0,64,true,3,325,68,118,0.5333333333333333,0.4666666666666667,0,0,0,2,11,normal,false,4,11,652,1625,0,0,0,false,false,true,0,0,2277,30,0,
779,tempted_1_0,23231,71,50,lock,4,100,true,8,2555,264,306,0.028169014084507043,0.49295774647887325,0.16901408450704225,0.028169014084507043,0.28169014084507044,12,6,normal,false,8,32,186,7380,2760,2085,10820,false,true,true,10680,20,12551,51,2,4|3
780,tempted_1_0,2846,30,0,budget,0,50,true,4,455,70,145,0.5,0.5,0,0,0,3,7,crash,false,6,11,1051,1795,0,0,0,false,false,false,0,0,2846,30,0,
781,tempted_1_0,1390,17,2,lock,0,70,false,2,150,40,54,0,1,0,0,0,1,1,normal,false,4,9,0,1390,0,0,0,false,false,false,0,0,1390,17,0,
782,tempted_1_0,3684,32,2,budget,0,70,true,5,1185,66,111,0.125,0.875,0,0,0,2,10,normal,false,9,11,149,2455,1080,0,0,false,false,true,0,0,3684,32,0,
783,tempted_1_0,4501,32,2,budget,0,74,true,4,850,96,169,0.1875,0.78125,0.03125,0,0,3,11,crash,false,3,14,356,4055,90,0,0,false,false,false,0,0,4501,32,0,
784,tempted_1_0,2837,30,0,budget,0,50,true,4,440,68,106,0.36666666666666664,0.6333333333333333,0,0,0,5,8,normal,false,4,15,352,2485,0,0,0,false,false,true,0,0,2837,30,0,
785,tempted_1_0,8429,47,17,budget,1,100,true,4,2100,129,178,0.10638297872340426,0.7021276595744681,0.06382978723404255,0.02127659574468085,0.10638297872340426,7,2,normal,false,7,18,374,3475,860,420,3300,false,false,true,3420,5,5009,42,0,
786,tempted_1_0,2285,30,0,budget,0,55,true,3,315,63,116,0.4,0.6,0,0,0,3,10,crash,false,4,9,525,1760,0,0,0,false,false,false,0,0,2285,30,0,
787,tempted_1_0,24126,69,39,budget,3,100,true,6,3380,256,296,0.028985507246376812,0.5217391304347826,0.18840579710144928,0.043478260869565216,0.21739130434782608,14,5,normal,false,7,39,176,4015,4270,1485,14180,false,false,true,13850,15,10276,54,3,4|3|2
788,tempted_1_0,19756,71,41,budget,3,100,true,5,1575,212,351,0.11267605633802817,0.49295774647887325,0.16901408450704225,0.014084507042253521,0.2112676056338028,13,1,normal,false,5,30,456,6635,4910,495,7260,false,true,false,7460,15,12296,56,1,5
789,tempted_1_0,4765,40,10,budget,0,92,true,3,900,101,187,0.4,0.5,0.075,0.025,0,5,1,crash,false,9,16,1040,1940,1650,135,0,true,false,false,0,0,4765,40,0,
790,tempted_1_0,5571,38,8,budget,0,91,true,6,900,123,162,0.13157894736842105,0.7894736842105263,0.02631578947368421,0.05263157894736842,0,3,21,normal,false,6,18,281,4795,90,405,0,true,false,true,0,0,5571,38,0,
791,tempted_1_0,3908,32,2,budget,0,74,true,3,570,94,138,0.09375,0.90625,0,0,0,2,9,crash,false,6,12,128,3270,510,0,0,false,false,false,0,0,3908,32,0,
792,tempted_1_0,3915,32,2,budget,0,76,true,3,440,89,144,0.25,0.71875,0.03125,0,0,3,3,crash,false,5,15,340,3395,180,0,0,false,false,false,0,0,3915,32,0,
793,tempted_1_0,3665,30,0,budget,0,52,true,4,650,85,133,0.3,0.7,0,0,0,6,4,normal,false,4,13,440,3225,0,0,0,false,false,true,0,0,3665,30,0,
794,tempted_1_0,8532,39,9,budget,1,100,true,7,1755,119,158,0.3333333333333333,0.48717948717948717,0.02564102564102564,0.02564102564102564,0.1282051282051282,5,8,normal,false,8,15,307,4275,520,870,2560,false,false,false,3250,5,5282,34,1,2
795,tempted_1_0,10553,49,19,budget,1,100,true,4,1920,137,204,0.04081632653061224,0.7551020408163265,0.10204081632653061,0,0.10204081632653061,6,1,normal,false,11,17,183,3580,1800,1170,3820,false,false,false,4120,5,6433,44,0,
796,tempted_1_0,4063,30,0,budget,0,57,true,4,465,86,137,0.13333333333333333,0.8666666666666667,0,0,0,3,16,crash,false,4,15,263,3800,0,0,0,false,false,true,0,0,4063,30,0,
797,tempted_1_0,3783,30,0,budget,0,50,true,5,653,75,148,0.4,0.6,0,0,0,5,4,normal,false,5,12,1048,2735,0,0,0,false,false,true,0,0,3783,30,0,
798,tempted_1_0,3432,30,0,budget,0,67,true,4,465,83,128,0.23333333333333334,0.7666666666666667,0,0,0,2,22,normal,false,6,14,302,3130,0,0,0,false,false,true,0,0,3432,30,0,
799,tempted_1_0,2802,30,0,budget,0,54,true,3,385,64,113,0.2,0.8,0,0,0,1,25,normal,false,8,10,297,2505,0,0,0,false,false,false,0,0,2802,30,0,
800,tempted_1_0,3659,30,0,budget,0,51,true,6,1220,68,119,0.5,0.5,0,0,0,5,6,crash,false,6,13,484,3175,0,0,0,false,false,false,0,0,3659,30,0,
801,tempted_1_0,2227,30,0,budget,0,61,true,3,210,60,103,0.2,0.8,0,0,0,2,17,normal,false,3,12,492,1735,0,0,0,false,false,false,0,0,2227,30,0,
802,tempted_1_0,3435,30,0,budget,0,55,true,3,355,75,122,0.13333333333333333,0.8666666666666667,0,0,0,3,9,crash,false,3,14,170,3265,0,0,0,false,false,false,0,0,3435,30,0,
803,tempted_1_0,3940,30,0,budget,0,67,true,4,820,79,142,0.3,0.7,0,0,0,3,11,normal,false,8,10,375,3565,0,0,0,false,false,true,0,0,3940,30,0,
804,tempted_1_0,6450,34,4,budget,0,82,true,7,1835,104,177,0.2647058823529412,0.6764705882352942,0.058823529411764705,0,0,4,2,crash,false,6,13,225,4515,1710,0,0,false,false,false,0,0,6450,34,0,
805,tempted_1_0,275,5,0,lock,0,65,false,2,110,11,9,0,1,0,0,0,0,-1,normal,false,3,1,0,275,0,0,0,false,false,false,0,0,275,5,0,
806,tempted_1_0,16531,51,21,budget,3,100,true,5,3560,173,253,0.1568627450980392,0.47058823529411764,0.0784313725490196,0,0.29411764705882354,5,8,crash,false,8,23,501,3830,680,180,11340,false,false,true,11020,15,5511,36,2,2|2
807,tempted_1_0,4207,30,0,budget,0,50,true,9,2225,75,128,0.5666666666666667,0.43333333333333335,0,0,0,6,5,normal,false,7,13,1032,3175,0,0,0,false,false,true,0,0,4207,30,0,
808,tempted_1_0,9400,47,17,budget,1,100,true,4,1140,175,220,0.02127659574468085,0.7659574468085106,0.0851063829787234,0.02127659574468085,0.10638297872340426,5,13,normal,false,6,19,15,4980,1560,585,2260,false,true,false,2680,5,6720,42,0,
809,tempted_1_0,5060,32,2,budget,0,70,true,8,1935,90,122,0.03125,0.96875,0,0,0,2,1,normal,false,7,10,30,5030,0,0,0,false,false,true,0,0,5060,32,0,
810,tempted_1_0,3096,32,2,budget,0,71,true,3,335,85,137,0.3125,0.6875,0,0,0,3,7,normal,false,6,14,671,2425,0,0,0,false,false,false,0,0,3096,32,0,
811,tempted_1_0,5022,30,0,budget,0,68,true,5,810,98,145,0.23333333333333334,0.7666666666666667,0,0,0,2,5,normal,false,5,13,167,4855,0,0,0,false,false,false,0,0,5022,30,0,
812,tempted_1_0,3899,30,0,budget,0,60,true,4,345,86,132,0.13333333333333333,0.8666666666666667,0,0,0,1,26,normal,false,6,15,219,3680,0,0,0,false,false,false,0,0,3899,30,0,
813,tempted_1_0,4606,40,10,budget,0,90,true,3,345,107,148,0.075,0.825,0.075,0.025,0,5,11,normal,false,4,16,116,3665,690,135,0,true,false,true,0,0,4606,40,0,
814,tempted_1_0,4826,30,0,budget,0,64,true,6,1028,99,143,0.03333333333333333,0.9666666666666667,0,0,0,1,7,normal,false,6,10,331,4495,0,0,0,false,false,true,0,0,4826,30,0,
815,tempted_1_0,5955,33,25,lock,1,100,false,4,1310,91,111,0,0.5454545454545454,0.24242424242424243,0.06060606060606061,0.15151515151515152,10,1,normal,false,4,15,0,1825,2540,270,1320,false,false,false,820,5,5135,28,1,2
816,tempted_1_0,2675,30,0,budget,0,57,true,3,335,70,98,0.03333333333333333,0.9666666666666667,0,0,0,1,6,normal,false,8,10,55,2620,0,0,0,false,false,false,0,0,2675,30,0,
817,tempted_1_0,5447,30,0,budget,0,69,true,6,1270,102,173,0.3,0.7,0,0,0,3,11,crash,false,4,17,552,4895,0,0,0,false,false,false,0,0,5447,30,0,
818,tempted_1_0,8680,50,20,budget,2,100,false,4,890,144,180,0,0.66,0.14,0,0.2,5,15,normal,false,6,20,0,4050,1370,180,3080,false,false,true,2860,10,5820,40,2,3|3
819,tempted_1_0,1921,30,0,budget,0,50,true,3,350,48,114,0.6666666666666666,0.3333333333333333,0,0,0,6,9,crash,false,5,11,666,1255,0,0,0,false,false,false,0,0,1921,30,0,
820,tempted_1_0,3210,32,2,budget,0,75,true,4,510,84,113,0.09375,0.875,0.03125,0,0,3,4,normal,false,4,13,110,3010,90,0,0,false,false,true,0,0,3210,32,0,
821,tempted_1_0,4520,30,0,budget,0,67,true,4,525,101,154,0.13333333333333333,0.8666666666666667,0,0,0,2,8,normal,false,6,13,560,3960,0,0,0,false,false,true,0,0,4520,30,0,
822,tempted_1_0,3556,30,0,budget,0,55,true,4,415,93,144,0.3,0.7,0,0,0,5,11,normal,false,3,13,886,2670,0,0,0,false,false,false,0,0,3556,30,0,
823,tempted_1_0,4086,32,2,budget,0,82,true,4,465,91,153,0.375,0.59375,0.03125,0,0,6,1,normal,false,3,17,596,2980,510,0,0,false,false,true,0,0,4086,32,0,
824,tempted_1_0,2955,30,0,budget,0,50,true,4,330,72,115,0.3,0.7,0,0,0,3,18,normal,false,5,9,360,2595,0,0,0,false,false,true,0,0,2955,30,0,
825,tempted_1_0,9035,45,15,budget,1,100,true,4,1420,136,197,0.06666666666666667,0.7111111111111111,0.08888888888888889,0.022222222222222223,0.1111111111111111,7,2,crash,false,9,18,70,3815,770,180,4200,false,true,false,3960,5,5075,40,1,3
826,tempted_1_0,4101,32,2,budget,0,74,true,4,465,96,143,0.3125,0.65625,0.03125,0,0,3,14,normal,false,5,14,476,3445,180,0,0,false,false,true,0,0,4101,32,0,
827,tempted_1_0,2476,30,0,budget,0,50,true,4,480,67,111,0.3,0.7,0,0,0,5,5,crash,false,4,12,326,2150,0,0,0,false,false,true,0,0,2476,30,0,
828,tempted_1_0,2668,30,0,budget,0,60,true,4,390,74,120,0.4,0.6,0,0,0,2,15,normal,false,6,11,628,2040,0,0,0,false,false,false,0,0,2668,30,0,
829,tempted_1_0,2710,30,0,budget,0,50,true,3,315,69,143,0.4666666666666667,0.5333333333333333,0,0,0,5,16,crash,false,4,11,950,1760,0,0,0,false,false,false,0,0,2710,30,0,
830,tempted_1_0,3668,30,0,budget,0,68,true,4,405,80,115,0.16666666666666666,0.8333333333333334,0,0,0,3,13,normal,false,9,9,228,3440,0,0,0,false,false,false,0,0,3668,30,0,
831,tempted_1_0,4147,30,0,budget,0,68,true,5,790,95,152,0.3,0.7,0,0,0,5,5,normal,false,3,16,712,3435,0,0,0,false,false,false,0,0,4147,30,0,
832,tempted_1_0,8794,48,18,budget,0,92,true,4,790,160,226,0.08333333333333333,0.7083333333333334,0.1875,0.020833333333333332,0,7,9,normal,false,6,21,574,5110,2660,450,0,true,false,true,0,0,8794,48,0,
833,tempted_1_0,3102,30,0,budget,0,50,true,4,505,75,123,0.36666666666666664,0.6333333333333333,0,0,0,2,19,normal,false,8,10,377,2725,0,0,0,false,false,true,0,0,3102,30,0,
834,tempted_1_0,3806,30,0,budget,0,62,true,4,600,84,130,0.13333333333333333,0.8666666666666667,0,0,0,3,24,normal,false,5,12,181,3625,0,0,0,false,false,false,0,0,3806,30,0,
835,tempted_1_0,7713,45,15,budget,1,100,true,4,1025,134,168,0.044444444444444446,0.7111111111111111,0.13333333333333333,0,0.1111111111111111,6,8,normal,false,6,17,103,3425,1080,1005,2100,false,false,false,2220,5,5493,40,1,2
836,tempted_1_0,3464,30,0,budget,0,59,true,3,300,89,147,0.16666666666666666,0.8333333333333334,0,0,0,1,19,crash,false,5,13,334,3130,0,0,0,false,false,false,0,0,3464,30,0,
837,tempted_1_0,15370,60,30,budget,2,100,true,5,2580,194,261,0.21666666666666667,0.45,0.11666666666666667,0.05,0.16666666666666666,10,7,normal,false,4,31,485,3510,2860,2355,6160,false,true,false,6970,10,8400,50,2,2|3
838,tempted_1_0,3859,30,0,budget,0,62,true,5,660,92,146,0.3333333333333333,0.6666666666666666,0,0,0,3,6,normal,false,2,17,554,3305,0,0,0,false,false,false,0,0,3859,30,0,
839,tempted_1_0,4552,30,0,budget,0,63,true,5,770,83,153,0.23333333333333334,0.7666666666666667,0,0,0,3,17,crash,false,3,14,512,4040,0,0,0,false,false,false,0,0,4552,30,0,
840,tempted_1_0,4540,36,6,budget,0,90,true,4,870,89,132,0,0.9722222222222222,0,0.027777777777777776,0,2,9,normal,false,10,9,60,3415,930,135,0,true,false,false,0,0,4540,36,0,
841,tempted_1_0,20759,76,46,budget,2,100,true,5,2150,239,346,0.07894736842105263,0.5263157894736842,0.2236842105263158,0.039473684210526314,0.13157894736842105,21,5,normal,false,6,37,384,5755,4260,3540,6820,false,true,false,5590,10,15169,66,2,3|3
842,tempted_1_0,4230,30,0,budget,0,63,true,4,680,109,158,0.13333333333333333,0.8666666666666667,0,0,0,2,10,normal,false,4,11,320,3910,0,0,0,false,false,false,0,0,4230,30,0,
843,tempted_1_0,4026,30,0,budget,0,62,true,4,675,93,148,0.2,0.8,0,0,0,3,6,crash,false,6,9,671,3355,0,0,0,false,false,false,0,0,4026,30,0,
844,tempted_1_0,4599,40,10,budget,0,85,true,6,1245,105,154,0.225,0.7,0.075,0,0,9,8,normal,false,4,21,324,3615,660,0,0,false,false,true,0,0,4599,40,0,
845,tempted_1_0,3740,36,6,budget,0,83,true,3,535,90,140,0.3055555555555556,0.6388888888888888,0.05555555555555555,0,0,7,1,crash,false,4,14,365,3195,180,0,0,false,false,false,0,0,3740,36,0,
846,tempted_1_0,20015,84,54,budget,4,100,true,4,2210,250,337,0.047619047619047616,0.5,0.15476190476190477,0.05952380952380952,0.23809523809523808,19,4,crash,false,7,43,90,5360,2450,3615,8500,false,true,false,8785,20,11230,64,3,2|3|3
847,tempted_1_0,2057,30,0,budget,0,53,true,3,235,65,92,0.2,0.8,0,0,0,2,11,normal,false,11,7,312,1745,0,0,0,false,false,true,0,0,2057,30,0,
848,tempted_1_0,4081,30,0,budget,0,57,true,6,835,79,145,0.4,0.6,0,0,0,3,20,crash,false,4,14,956,3125,0,0,0,false,false,true,0,0,4081,30,0,
849,tempted_1_0,4940,34,4,budget,0,81,true,5,710,99,160,0.4117647058823529,0.5588235294117647,0.029411764705882353,0,0,6,1,normal,false,5,13,780,3500,660,0,0,false,false,true,0,0,4940,34,0,
850,tempted_1_0,4367,30,0,budget,0,55,true,6,1058,89,146,0.3333333333333333,0.6666666666666666,0,0,0,3,8,normal,false,4,12,727,3640,0,0,0,false,false,false,0,0,4367,30,0,
851,tempted_1_0,4583,38,8,budget,0,73,true,7,1140,96,142,0.2631578947368421,0.6842105263157895,0.05263157894736842,0,0,6,2,normal,false,8,14,303,3920,360,0,0,false,false,true,0,0,4583,38,0,
852,tempted_1_0,2595,30,0,budget,0,53,true,3,420,75,139,0.43333333333333335,0.5666666666666667,0,0,0,4,5,normal,false,3,13,685,1910,0,0,0,false,false,true,0,0,2595,30,0,
853,tempted_1_0,22681,63,33,budget,3,100,true,6,3680,209,287,0.1746031746031746,0.3968253968253968,0.15873015873015872,0.031746031746031744,0.23809523809523808,11,2,crash,false,10,21,336,3725,3120,2520,12980,false,true,false,10270,15,12411,48,3,5|3|2
854,tempted_1_0,9035,37,7,budget,1,100,true,6,3020,123,176,0.10810810810810811,0.7027027027027027,0.05405405405405406,0,0.13513513513513514,5,10,normal,false,8,14,675,3630,270,0,4460,false,false,false,4460,5,4575,32,1,2
855,tempted_1_0,5323,30,0,budget,0,53,true,5,655,104,161,0.06666666666666667,0.9333333333333333,0,0,0,1,26,normal,false,4,13,143,5180,0,0,0,false,false,false,0,0,5323,30,0,
856,tempted_1_0,2990,30,0,budget,0,65,true,3,240,79,103,0,1,0,0,0,0,-1,normal,false,9,12,30,2960,0,0,0,false,false,true,0,0,2990,30,0,
857,tempted_1_0,2600,32,2,budget,0,73,true,4,285,72,115,0.34375,0.625,0.03125,0,0,5,8,normal,false,7,12,510,2000,90,0,0,false,false,true,0,0,2600,32,0,
858,tempted_1_0,4522,30,0,budget,0,64,true,5,660,83,146,0.26666666666666666,0.7333333333333333,0,0,0,2,5,crash,false,4,16,307,4215,0,0,0,false,false,false,0,0,4522,30,0,
859,tempted_1_0,4771,36,6,budget,0,89,true,5,600,101,146,0.16666666666666666,0.75,0.05555555555555555,0.027777777777777776,0,5,7,normal,false,6,16,346,4050,240,135,0,false,false,true,0,0,4771,36,0,
860,tempted_1_0,5000,42,12,budget,0,92,true,4,615,114,153,0.07142857142857142,0.7380952380952381,0.16666666666666666,0.023809523809523808,0,7,3,normal,false,8,14,140,3875,850,135,0,true,false,true,0,0,5000,42,0,
861,tempted_1_0,3482,30,0,budget,0,53,true,5,705,71,145,0.6,0.4,0,0,0,3,10,crash,false,3,13,942,2540,0,0,0,false,false,false,0,0,3482,30,0,
862,tempted_1_0,5824,32,2,budget,0,83,true,5,1510,90,155,0.15625,0.8125,0.03125,0,0,2,20,crash,false,8,11,209,3485,2130,0,0,false,false,false,0,0,5824,32,0,
863,tempted_1_0,5999,27,2,lock,0,83,true,5,1350,98,139,0.14814814814814814,0.7407407407407407,0.1111111111111111,0,0,2,1,normal,false,4,10,284,4095,1620,0,0,false,false,false,0,0,5999,27,0,
864,tempted_1_0,5848,41,11,budget,1,100,true,4,420,115,152,0.0975609756097561,0.6585365853658537,0.07317073170731707,0.04878048780487805,0.12195121951219512,7,4,normal,false,5,21,268,3300,610,270,1400,false,true,true,1170,5,4678,36,1,3
865,tempted_1_0,6146,48,18,budget,0,87,true,4,1010,136,191,0.125,0.6666666666666666,0.20833333333333334,0,0,9,1,crash,false,10,18,296,3690,1890,270,0,false,false,true,0,0,6146,48,0,
866,tempted_1_0,2369,30,0,budget,0,50,true,3,345,65,118,0.5333333333333333,0.4666666666666667,0,0,0,5,8,normal,false,5,13,729,1640,0,0,0,false,false,true,0,0,2369,30,0,
867,tempted_1_0,8611,51,21,budget,1,100,true,5,1260,144,178,0.13725490196078433,0.5882352941176471,0.09803921568627451,0.0784313725490196,0.09803921568627451,8,3,crash,false,10,20,461,2865,870,735,3680,false,false,true,3000,5,5611,46,1,4
868,tempted_1_0,4350,32,2,budget,0,72,false,5,815,98,129,0,1,0,0,0,1,29,normal,false,6,12,0,4080,270,0,0,false,false,false,0,0,4350,32,0,
869,tempted_1_0,2612,30,0,budget,0,64,true,4,500,69,130,0.43333333333333335,0.5666666666666667,0,0,0,4,3,crash,false,6,11,702,1910,0,0,0,false,false,false,0,0,2612,30,0,
870,tempted_1_0,5015,32,2,budget,0,76,true,5,900,115,164,0.03125,0.9375,0.03125,0,0,2,13,normal,false,4,15,120,4775,120,0,0,false,false,true,0,0,5015,32,0,
871,tempted_1_0,4955,30,0,budget,0,65,true,6,885,96,154,0.1,0.9,0,0,0,3,11,normal,false,3,13,250,4705,0,0,0,false,false,false,0,0,4955,30,0,
872,tempted_1_0,4326,32,10,lock,0,80,true,5,1075,92,132,0.125,0.75,0.125,0,0,7,5,normal,false,5,16,151,3485,690,0,0,false,false,true,0,0,4326,32,0,
873,tempted_1_0,9103,52,22,budget,0,90,true,6,1540,162,232,0.038461538461538464,0.9038461538461539,0.038461538461538464,0.019230769230769232,0,9,6,crash,false,7,23,113,7025,1650,315,0,true,false,false,0,0,9103,52,0,
874,tempted_1_0,2811,30,0,budget,0,50,true,4,460,70,136,0.5,0.5,0,0,0,5,7,normal,false,5,11,1021,1790,0,0,0,false,false,false,0,0,2811,30,0,
875,tempted_1_0,6987,38,8,budget,0,98,true,5,810,114,172,0.21052631578947367,0.631578947368421,0.13157894736842105,0.02631578947368421,0,5,1,normal,false,5,15,442,3530,2610,405,0,true,true,false,0,0,6987,38,0,
876,tempted_1_0,2243,32,2,budget,0,70,true,4,260,65,99,0.34375,0.65625,0,0,0,6,6,normal,false,5,12,588,1655,0,0,0,false,false,false,0,0,2243,32,0,
877,tempted_1_0,4110,30,0,budget,0,50,true,5,1075,82,146,0.5,0.5,0,0,0,4,8,crash,false,3,12,770,3340,0,0,0,false,false,false,0,0,4110,30,0,
878,tempted_1_0,13238,45,15,budget,1,100,true,7,1885,155,221,0.044444444444444446,0.7111111111111111,0.13333333333333333,0,0.1111111111111111,5,7,normal,false,7,19,43,5450,1440,1125,5180,false,false,true,3980,5,9258,40,1,3
879,tempted_1_0,4830,34,4,budget,0,82,false,4,645,102,134,0,0.9705882352941176,0.029411764705882353,0,0,2,14,normal,false,6,9,0,4560,270,0,0,false,false,false,0,0,4830,34,0,
880,tempted_1_0,3300,30,0,budget,0,61,true,4,690,74,129,0.3333333333333333,0.6666666666666666,0,0,0,3,5,crash,false,4,12,560,2740,0,0,0,false,false,false,0,0,3300,30,0,
881,tempted_1_0,3108,32,2,budget,0,74,true,4,495,75,131,0.3125,0.65625,0.03125,0,0,4,4,normal,false,10,11,273,2685,150,0,0,false,false,true,0,0,3108,32,0,
882,tempted_1_0,3669,30,0,budget,0,53,true,4,630,87,138,0.2,0.8,0,0,0,4,8,normal,false,5,14,654,3015,0,0,0,false,false,false,0,0,3669,30,0,
883,tempted_1_0,8085,54,24,budget,0,99,true,4,1290,160,214,0.05555555555555555,0.7592592592592593,0.16666666666666666,0.018518518518518517,0,10,1,normal,false,4,26,95,4910,1550,1530,0,true,true,true,0,0,8085,54,0,
884,tempted_1_0,1676,11,0,lock,0,51,true,4,710,39,73,0.5454545454545454,0.45454545454545453,0,0,0,0,-1,crash,false,2,5,711,965,0,0,0,false,false,false,0,0,1676,11,0,
885,tempted_1_0,4519,38,8,budget,0,85,true,4,630,92,156,0.23684210526315788,0.6842105263157895,0.07894736842105263,0,0,8,5,normal,false,6,18,554,2875,1090,0,0,false,false,false,0,0,4519,38,0,
886,tempted_1_0,7034,49,19,budget,1,100,true,5,1050,113,163,0.08163265306122448,0.5714285714285714,0.22448979591836735,0.02040816326530612,0.10204081632653061,8,7,normal,false,8,18,489,2750,1300,315,2180,false,true,false,2340,5,4694,44,1,2
887,tempted_1_0,4028,38,8,budget,0,79,true,3,345,112,151,0.07894736842105263,0.8947368421052632,0.02631578947368421,0,0,6,10,normal,false,6,14,178,3760,90,0,0,false,false,true,0,0,4028,38,0,
888,tempted_1_0,4145,34,4,budget,0,77,true,5,750,100,130,0.029411764705882353,0.9117647058823529,0.058823529411764705,0,0,2,6,normal,false,7,13,25,3820,300,0,0,false,false,false,0,0,4145,34,0,
889,tempted_1_0,2872,32,2,budget,0,74,true,3,405,65,111,0.25,0.75,0,0,0,4,1,crash,false,4,13,352,2340,180,0,0,false,false,false,0,0,2872,32,0,
890,tempted_1_0,4254,32,2,budget,0,81,true,3,1360,84,134,0.1875,0.8125,0,0,0,5,6,normal,false,5,13,284,2670,1300,0,0,false,false,true,0,0,4254,32,0,
891,tempted_1_0,4852,38,8,budget,0,82,true,3,480,116,178,0.18421052631578946,0.7368421052631579,0.07894736842105263,0,0,7,4,normal,false,4,18,342,3730,780,0,0,false,false,false,0,0,4852,38,0,
892,tempted_1_0,9440,45,15,budget,1,100,true,4,2600,118,185,0.28888888888888886,0.4666666666666667,0.1111111111111111,0.022222222222222223,0.1111111111111111,7,5,crash,false,7,15,560,2200,1080,240,5360,false,true,false,3000,5,6440,40,1,2
893,tempted_1_0,4487,30,0,budget,0,68,true,5,915,79,136,0.23333333333333334,0.7666666666666667,0,0,0,4,17,normal,false,5,10,367,4120,0,0,0,false,false,true,0,0,4487,30,0,
894,tempted_1_0,3741,32,2,budget,0,76,true,6,895,87,114,0.0625,0.90625,0.03125,0,0,3,5,normal,false,7,12,481,3170,90,0,0,false,false,true,0,0,3741,32,0,
895,tempted_1_0,2261,22,0,lock,0,61,true,4,465,59,79,0.22727272727272727,0.7727272727272727,0,0,0,3,13,normal,false,4,9,281,1980,0,0,0,false,false,false,0,0,2261,22,0,
896,tempted_1_0,2843,32,2,budget,0,77,true,4,355,75,124,0.34375,0.625,0.03125,0,0,4,6,crash,false,4,13,658,2095,90,0,0,false,false,false,0,0,2843,32,0,
897,tempted_1_0,3378,30,0,budget,0,67,true,4,610,74,134,0.4,0.6,0,0,0,2,19,crash,false,7,10,608,2770,0,0,0,false,false,false,0,0,3378,30,0,
898,tempted_1_0,2747,30,0,budget,0,50,true,6,500,56,122,0.4,0.6,0,0,0,3,10,normal,false,4,13,682,2065,0,0,0,false,false,true,0,0,2747,30,0,
899,tempted_1_0,4977,38,8,budget,0,93,true,4,670,103,175,0.39473684210526316,0.42105263157894735,0.18421052631578946,0,0,5,8,normal,false,6,17,982,2305,1420,270,0,true,false,false,0,0,4977,38,0,
900,tempted_1_0,4948,36,6,budget,0,87,true,4,653,118,176,0.25,0.6666666666666666,0.08333333333333333,0,0,5,16,normal,false,9,15,698,3590,390,270,0,false,false,true,0,0,4948,36,0,
901,tempted_1_0,2890,32,2,budget,0,83,true,4,450,74,110,0.1875,0.78125,0.03125,0,0,2,11,normal,false,10,9,270,2500,120,0,0,false,false,false,0,0,2890,32,0,
902,tempted_1_0,2893,30,0,budget,0,52,true,4,525,78,124,0.36666666666666664,0.6333333333333333,0,0,0,4,11,normal,false,3,13,753,2140,0,0,0,false,false,false,0,0,2893,30,0,
903,tempted_1_0,4530,30,0,budget,0,58,true,7,1470,86,164,0.5,0.5,0,0,0,2,24,normal,false,5,11,1055,3475,0,0,0,false,false,true,0,0,4530,30,0,
904,tempted_1_0,4045,30,0,budget,0,51,true,4,490,95,190,0.5,0.5,0,0,0,2,13,crash,false,2,18,1875,2170,0,0,0,false,false,true,0,0,4045,30,0,
905,tempted_1_0,3392,30,0,budget,0,52,true,5,760,70,120,0.26666666666666666,0.7333333333333333,0,0,0,3,9,crash,false,4,13,427,2965,0,0,0,false,false,true,0,0,3392,30,0,
906,tempted_1_0,8455,41,11,budget,1,100,true,4,2100,130,155,0.07317073170731707,0.7317073170731707,0.04878048780487805,0.024390243902439025,0.12195121951219512,5,6,normal,false,5,17,65,3450,200,360,4380,false,true,true,3980,5,4475,36,1,3
907,tempted_1_0,3276,30,0,budget,0,50,true,3,350,81,134,0.23333333333333334,0.7666666666666667,0,0,0,4,7,crash,false,6,11,291,2985,0,0,0,false,false,false,0,0,3276,30,0,
908,tempted_1_0,2801,30,0,budget,0,69,true,4,415,70,103,0.23333333333333334,0.7666666666666667,0,0,0,5,5,normal,false,4,14,231,2570,0,0,0,false,false,false,0,0,2801,30,0,
909,tempted_1_0,2792,32,2,budget,0,73,true,4,360,75,117,0.21875,0.75,0.03125,0,0,4,4,normal,false,10,10,367,2335,90,0,0,false,false,false,0,0,2792,32,0,
910,tempted_1_0,3454,30,0,budget,0,52,true,6,920,73,129,0.5666666666666667,0.43333333333333335,0,0,0,3,13,crash,false,4,12,794,2660,0,0,0,false,false,false,0,0,3454,30,0,
911,tempted_1_0,2825,30,0,budget,0,65,true,3,345,73,102,0.1,0.9,0,0,0,3,7,normal,false,6,9,115,2710,0,0,0,false,false,false,0,0,2825,30,0,
912,tempted_1_0,12700,45,15,budget,1,100,true,8,2690,167,217,0.17777777777777778,0.5555555555555556,0.08888888888888889,0.06666666666666667,0.1111111111111111,7,5,normal,false,6,19,220,5755,1130,855,4740,false,true,false,3720,5,8980,40,1,3
913,tempted_1_0,3458,30,0,budget,0,64,true,5,790,87,125,0.4,0.6,0,0,0,5,7,normal,false,7,13,463,2995,0,0,0,false,false,true,0,0,3458,30,0,
914,tempted_1_0,3393,30,0,budget,0,50,true,3,360,76,130,0.16666666666666666,0.8333333333333334,0,0,0,2,11,normal,false,4,13,248,3145,0,0,0,false,false,false,0,0,3393,30,0,
915,tempted_1_0,8098,38,8,budget,0,90,true,5,1925,126,204,0.15789473684210525,0.7105263157894737,0.10526315789473684,0.02631578947368421,0,4,7,normal,false,6,17,318,4230,1690,1860,0,true,false,true,0,0,8098,38,0,
916,tempted_1_0,24995,75,45,budget,1,100,true,9,4980,262,370,0.013333333333333334,0.6133333333333333,0.21333333333333335,0.09333333333333334,0.06666666666666667,15,2,normal,false,4,38,30,7455,7590,4680,5240,false,true,false,8060,5,16935,70,1,4
917,tempted_1_0,3229,34,4,budget,0,73,true,4,390,79,120,0.14705882352941177,0.7941176470588235,0.058823529411764705,0,0,2,9,crash,false,8,11,354,2695,180,0,0,false,false,false,0,0,3229,34,0,
918,tempted_1_0,14805,62,32,budget,2,100,true,6,1800,169,272,0.12903225806451613,0.5967741935483871,0.08064516129032258,0.03225806451612903,0.16129032258064516,12,1,normal,false,8,25,375,4045,2350,2175,5860,false,true,false,6370,10,8435,52,2,4|2
919,tempted_1_0,3321,32,2,budget,0,70,true,4,540,84,139,0.1875,0.8125,0,0,0,2,16,normal,false,8,14,286,3035,0,0,0,false,false,true,0,0,3321,32,0,
920,tempted_1_0,2603,30,0,budget,0,50,true,3,375,66,117,0.43333333333333335,0.5666666666666667,0,0,0,5,6,crash,false,6,13,633,1970,0,0,0,false,false,false,0,0,2603,30,0,
921,tempted_1_0,16382,56,26,budget,2,100,true,5,3160,180,267,0.125,0.5714285714285714,0.125,0,0.17857142857142858,10,1,crash,false,6,25,132,4700,4110,360,7080,false,false,false,8050,10,8332,46,2,3|2
922,tempted_1_0,5845,34,4,budget,0,72,true,4,720,103,186,0.058823529411764705,0.9411764705882353,0,0,0,3,7,normal,false,4,16,75,4930,840,0,0,false,false,false,0,0,5845,34,0,
923,tempted_1_0,3434,30,0,budget,0,54,true,4,675,74,141,0.4,0.6,0,0,0,4,8,normal,false,4,11,824,2610,0,0,0,false,false,false,0,0,3434,30,0,
924,tempted_1_0,2853,30,0,budget,0,53,true,5,536,77,127,0.5666666666666667,0.43333333333333335,0,0,0,4,11,normal,false,5,11,1443,1410,0,0,0,false,false,false,0,0,2853,30,0,
925,tempted_1_0,2520,30,0,budget,0,69,true,4,565,68,99,0.06666666666666667,0.9333333333333333,0,0,0,2,8,normal,false,5,10,370,2150,0,0,0,false,false,true,0,0,2520,30,0,
926,tempted_1_0,2993,30,0,budget,0,55,true,4,615,70,119,0.2,0.8,0,0,0,2,26,crash,false,7,11,193,2800,0,0,0,false,false,false,0,0,2993,30,0,
927,tempted_1_0,4647,36,6,budget,0,72,true,4,510,98,162,0.25,0.75,0,0,0,4,6,crash,false,7,12,292,3725,630,0,0,false,false,true,0,0,4647,36,0,
928,tempted_1_0,5882,40,10,budget,0,92,true,5,1075,118,167,0.175,0.65,0.15,0.025,0,4,8,normal,false,5,16,397,4115,1190,180,0,true,false,true,0,0,5882,40,0,
929,tempted_1_0,5297,40,10,budget,0,93,true,4,835,112,167,0.2,0.7,0.075,0.025,0,6,1,normal,false,9,17,372,3520,550,855,0,true,false,true,0,0,5297,40,0,
930,tempted_1_0,2887,30,0,budget,0,66,true,3,360,79,104,0.23333333333333334,0.7666666666666667,0,0,0,3,10,normal,false,6,11,197,2690,0,0,0,false,false,false,0,0,2887,30,0,
931,tempted_1_0,4818,48,18,budget,0,89,true,4,350,119,162,0.020833333333333332,0.9583333333333334,0,0.020833333333333332,0,8,9,crash,false,7,17,173,3670,840,135,0,false,false,true,0,0,4818,48,0,
932,tempted_1_0,7434,37,7,budget,1,100,true,4,1640,110,138,0.08108108108108109,0.7297297297297297,0.05405405405405406,0,0.13513513513513514,3,17,normal,false,7,15,189,2905,1080,0,3260,false,false,true,3200,5,4234,32,1,2
933,tempted_1_0,5509,34,4,budget,0,86,true,5,2010,85,153,0.2647058823529412,0.6764705882352942,0.058823529411764705,0,0,4,1,crash,false,6,16,499,2780,790,1440,0,false,false,true,0,0,5509,34,0,
934,tempted_1_0,2758,30,0,budget,0,50,true,4,525,63,108,0.2,0.8,0,0,0,3,10,crash,false,5,15,248,2510,0,0,0,false,false,false,0,0,2758,30,0,
935,tempted_1_0,4258,32,2,budget,0,73,true,5,930,70,169,0.59375,0.375,0.03125,0,0,4,4,crash,false,7,13,1063,3015,180,0,0,false,false,true,0,0,4258,32,0,
936,tempted_1_0,5555,38,8,budget,0,92,true,4,1270,112,148,0.02631578947368421,0.868421052631579,0.10526315789473684,0,0,5,1,normal,false,3,18,30,3625,730,1170,0,true,false,false,0,0,5555,38,0,
937,tempted_1_0,2935,30,0,budget,0,56,true,4,480,81,131,0.4,0.6,0,0,0,5,6,crash,false,5,12,680,2255,0,0,0,false,false,false,0,0,2935,30,0,
938,tempted_1_0,3675,36,6,budget,0,80,true,3,440,89,130,0.027777777777777776,0.9722222222222222,0,0,0,4,14,normal,false,12,10,105,3210,360,0,0,false,false,true,0,0,3675,36,0,
939,tempted_1_0,3209,30,0,budget,0,64,true,4,555,74,117,0.2,0.8,0,0,0,0,-1,crash,false,5,11,279,2930,0,0,0,false,false,false,0,0,3209,30,0,
940,tempted_1_0,11143,55,25,budget,1,100,true,5,2420,151,233,0.2909090909090909,0.38181818181818183,0.14545454545454545,0.09090909090909091,0.09090909090909091,11,1,normal,false,10,18,823,2625,2830,1185,3680,false,true,false,3470,5,7673,50,1,6
941,tempted_1_0,3088,23,2,lock,0,77,true,4,465,73,94,0.13043478260869565,0.8260869565217391,0.043478260869565216,0,0,2,10,normal,false,5,10,68,2930,90,0,0,false,false,true,0,0,3088,23,0,
942,tempted_1_0,2705,32,2,budget,0,71,true,2,270,69,113,0.0625,0.9375,0,0,0,2,5,crash,false,8,12,95,2430,180,0,0,false,false,true,0,0,2705,32,0,
943,tempted_1_0,18057,71,41,budget,3,100,true,7,5300,211,290,0.09859154929577464,0.5352112676056338,0.1267605633802817,0.028169014084507043,0.2112676056338028,14,4,crash,false,6,26,227,3470,3180,5400,5780,false,false,false,10670,15,7387,56,3,2|3|3
944,tempted_1_0,2435,30,0,budget,0,50,true,3,285,72,109,0.3,0.7,0,0,0,5,14,normal,false,7,12,630,1805,0,0,0,false,false,false,0,0,2435,30,0,
945,tempted_1_0,9203,45,15,budget,1,100,true,6,1400,136,205,0.13333333333333333,0.6888888888888889,0.06666666666666667,0,0.1111111111111111,7,17,crash,false,4,22,438,4595,460,1350,2360,false,false,false,2200,5,7003,40,1,2
946,tempted_1_0,8279,43,13,budget,1,100,true,6,1300,128,190,0.16279069767441862,0.627906976744186,0.06976744186046512,0.023255813953488372,0.11627906976744186,9,1,normal,false,3,24,644,4665,900,330,1740,false,false,false,1770,5,6509,38,1,2
947,tempted_1_0,4250,30,0,budget,0,65,true,4,570,95,131,0.06666666666666667,0.9333333333333333,0,0,0,2,18,normal,false,6,11,110,4140,0,0,0,false,false,true,0,0,4250,30,0,
948,tempted_1_0,10385,64,34,budget,0,98,true,4,1665,182,236,0.015625,0.8125,0.109375,0.0625,0,14,15,normal,false,12,24,110,4725,3480,2070,0,true,true,false,0,0,10385,64,0,
949,tempted_1_0,5763,32,2,budget,0,77,true,5,1230,110,166,0.09375,0.84375,0.0625,0,0,2,3,normal,false,6,12,238,5315,210,0,0,false,false,true,0,0,5763,32,0,
950,tempted_1_0,3254,32,2,budget,0,84,true,3,300,84,124,0.125,0.8125,0.0625,0,0,2,17,crash,false,9,10,334,2620,300,0,0,false,false,false,0,0,3254,32,0,
951,tempted_1_0,2485,32,2,budget,0,71,false,4,430,62,83,0,1,0,0,0,1,5,normal,false,10,6,0,2215,270,0,0,false,false,false,0,0,2485,32,0,
952,tempted_1_0,14520,53,23,budget,1,100,false,6,4140,176,234,0,0.7547169811320755,0.1509433962264151,0,0.09433962264150944,9,1,normal,false,12,21,0,4135,5940,405,4040,false,false,false,4020,5,10500,48,1,2
953,tempted_1_0,3408,30,0,budget,0,62,true,3,315,80,127,0.13333333333333333,0.8666666666666667,0,0,0,3,9,normal,false,9,10,363,3045,0,0,0,false,false,false,0,0,3408,30,0,
954,tempted_1_0,10775,52,31,lock,1,100,true,5,1745,166,204,0.019230769230769232,0.7115384615384616,0.11538461538461539,0.057692307692307696,0.09615384615384616,12,7,keto,false,4,27,20,4205,2370,3240,940,false,true,true,850,5,9925,47,1,5
955,tempted_1_0,728,10,0,lock,0,52,true,2,135,15,30,0.1,0.9,0,0,0,1,4,normal,false,4,2,53,675,0,0,0,false,false,false,0,0,728,10,0,
956,tempted_1_0,855,12,2,lock,0,81,false,3,195,24,27,0,0.8333333333333334,0.16666666666666666,0,0,1,2,normal,false,5,2,0,645,210,0,0,false,false,false,0,0,855,12,0,
957,tempted_1_0,3014,32,2,budget,0,70,true,4,360,86,118,0.09375,0.90625,0,0,0,2,10,normal,false,4,13,229,2785,0,0,0,false,false,false,0,0,3014,32,0,
958,tempted_1_0,2844,30,0,budget,0,60,true,4,308,81,140,0.43333333333333335,0.5666666666666667,0,0,0,3,4,normal,false,6,11,834,2010,0,0,0,false,false,false,0,0,2844,30,0,
959,tempted_1_0,4709,38,8,budget,0,85,true,5,855,93,148,0.21052631578947367,0.6578947368421053,0.13157894736842105,0,0,6,4,normal,false,4,18,369,3710,630,0,0,false,false,true,0,0,4709,38,0,
960,tempted_1_0,2971,30,0,budget,0,57,true,5,590,73,103,0.13333333333333333,0.8666666666666667,0,0,0,2,4,normal,false,5,12,86,2885,0,0,0,false,false,true,0,0,2971,30,0,
961,tempted_1_0,3537,30,0,budget,0,50,true,5,715,86,141,0.36666666666666664,0.6333333333333333,0,0,0,4,16,normal,false,3,15,792,2745,0,0,0,false,false,true,0,0,3537,30,0,
962,tempted_1_0,5317,30,0,budget,0,60,true,6,995,101,158,0.23333333333333334,0.7666666666666667,0,0,0,4,6,normal,false,3,11,532,4785,0,0,0,false,false,true,0,0,5317,30,0,
963,tempted_1_0,2265,30,0,budget,0,67,true,3,255,61,100,0.3333333333333333,0.6666666666666666,0,0,0,4,14,normal,false,8,8,375,1890,0,0,0,false,false,false,0,0,2265,30,0,
964,tempted_1_0,4208,30,0,budget,0,50,true,5,468,86,178,0.6,0.4,0,0,0,6,3,crash,false,4,13,1868,2340,0,0,0,false,false,false,0,0,4208,30,0,
965,tempted_1_0,3683,30,0,budget,0,50,true,5,800,81,142,0.43333333333333335,0.5666666666666667,0,0,0,5,6,normal,false,5,14,708,2975,0,0,0,false,false,true,0,0,3683,30,0,
966,tempted_1_0,9893,52,22,budget,2,100,true,4,1560,139,172,0.07692307692307693,0.5961538461538461,0.09615384615384616,0.038461538461538464,0.19230769230769232,11,4,normal,false,11,23,208,2650,1240,315,5480,false,false,true,5580,10,4313,42,1,3
967,tempted_1_0,2333,32,2,budget,0,70,true,5,565,62,104,0.40625,0.59375,0,0,0,5,5,normal,false,6,10,478,1855,0,0,0,false,false,false,0,0,2333,32,0,
968,tempted_1_0,7814,52,22,budget,0,95,true,4,1170,150,221,0.36538461538461536,0.4423076923076923,0.17307692307692307,0.019230769230769232,0,12,1,normal,false,10,21,1469,2165,2830,1350,0,true,true,true,0,0,7814,52,0,
969,tempted_1_0,5263,34,4,budget,0,86,true,5,880,97,143,0.11764705882352941,0.8529411764705882,0.029411764705882353,0,0,3,14,crash,false,6,11,153,4165,540,405,0,false,false,true,0,0,5263,34,0,
970,tempted_1_0,4205,30,0,budget,0,63,true,4,650,93,138,0.03333333333333333,0.9666666666666667,0,0,0,1,29,normal,false,6,13,105,4100,0,0,0,false,false,false,0,0,4205,30,0,
971,tempted_1_0,4815,36,6,budget,0,82,false,5,570,111,142,0,0.8333333333333334,0.16666666666666666,0,0,3,19,normal,false,7,14,0,3855,960,0,0,false,false,true,0,0,4815,36,0,
972,tempted_1_0,9507,53,23,budget,1,100,true,4,700,171,229,0.16981132075471697,0.5660377358490566,0.16981132075471697,0,0.09433962264150944,12,1,normal,false,6,28,937,4000,1710,660,2200,false,false,true,2340,5,7167,48,1,5
973,tempted_1_0,2364,30,0,budget,0,50,true,4,345,65,127,0.43333333333333335,0.5666666666666667,0,0,0,5,8,crash,false,4,15,954,1410,0,0,0,false,false,false,0,0,2364,30,0,
974,tempted_1_0,2559,30,0,budget,0,50,true,4,225,64,136,0.43333333333333335,0.5666666666666667,0,0,0,3,8,normal,false,7,10,664,1895,0,0,0,false,false,false,0,0,2559,30,0,
975,tempted_1_0,2739,30,0,budget,0,61,true,4,570,78,135,0.6666666666666666,0.3333333333333333,0,0,0,3,9,normal,false,4,11,1009,1730,0,0,0,false,false,false,0,0,2739,30,0,
976,tempted_1_0,4483,30,0,budget,0,50,true,5,600,97,175,0.5,0.5,0,0,0,5,6,normal,false,4,15,1093,3390,0,0,0,false,false,true,0,0,4483,30,0,
977,tempted_1_0,5665,42,12,budget,0,93,false,6,970,122,158,0,0.8809523809523809,0.07142857142857142,0.047619047619047616,0,5,7,normal,false,10,13,0,4640,620,405,0,true,false,false,0,0,5665,42,0,
978,tempted_1_0,3148,32,2,budget,0,80,true,3,610,76,112,0.125,0.875,0,0,0,4,8,normal,false,3,13,118,2580,450,0,0,false,false,false,0,0,3148,32,0,
979,tempted_1_0,2881,30,0,budget,0,50,true,5,675,60,110,0.3333333333333333,0.6666666666666666,0,0,0,5,6,normal,false,3,12,571,2310,0,0,0,false,false,true,0,0,2881,30,0,
980,tempted_1_0,4726,34,6,lock,0,86,true,5,1765,89,129,0.20588235294117646,0.7058823529411765,0.08823529411764706,0,0,7,5,normal,false,6,14,476,2275,1300,675,0,false,false,false,0,0,4726,34,0,
981,tempted_1_0,2637,32,2,budget,0,72,true,4,470,64,110,0.40625,0.5625,0.03125,0,0,5,10,normal,false,8,15,472,2075,90,0,0,false,false,true,0,0,2637,32,0,
982,tempted_1_0,3114,30,0,budget,0,54,true,3,450,79,133,0.3333333333333333,0.6666666666666666,0,0,0,4,12,normal,false,6,9,629,2485,0,0,0,false,false,false,0,0,3114,30,0,
983,tempted_1_0,2564,30,0,budget,0,64,true,5,765,63,97,0.3,0.7,0,0,0,3,11,normal,false,5,9,424,2140,0,0,0,false,false,true,0,0,2564,30,0,
984,tempted_1_0,3785,38,8,budget,0,81,true,3,340,104,130,0.02631578947368421,0.8947368421052632,0.07894736842105263,0,0,4,18,normal,false,8,18,175,3000,610,0,0,false,false,false,0,0,3785,38,0,
985,tempted_1_0,3635,30,0,budget,0,58,true,4,465,84,131,0.16666666666666666,0.8333333333333334,0,0,0,3,15,normal,false,4,12,380,3255,0,0,0,false,false,false,0,0,3635,30,0,
986,tempted_1_0,8394,52,22,budget,0,82,true,5,870,145,244,0.21153846153846154,0.7307692307692307,0.057692307692307696,0,0,15,1,normal,false,4,26,934,4850,2610,0,0,false,false,true,0,0,8394,52,0,
987,tempted_1_0,2459,30,0,budget,0,68,true,4,460,70,124,0.5333333333333333,0.4666666666666667,0,0,0,2,21,normal,false,4,9,1074,1385,0,0,0,false,false,false,0,0,2459,30,0,
988,tempted_1_0,3935,32,2,budget,0,84,false,4,480,89,132,0,0.96875,0.03125,0,0,1,21,normal,false,5,15,0,3815,120,0,0,false,false,true,0,0,3935,32,0,
989,tempted_1_0,1330,13,0,lock,0,59,false,3,425,33,44,0,1,0,0,0,0,-1,normal,false,2,6,0,1330,0,0,0,false,false,false,0,0,1330,13,0,
990,tempted_1_0,4311,32,2,budget,0,73,true,4,390,92,173,0.28125,0.6875,0.03125,0,0,5,4,normal,false,4,18,476,3415,420,0,0,false,false,false,0,0,4311,32,0,
991,tempted_1_0,3334,30,0,budget,0,57,true,4,480,78,135,0.43333333333333335,0.5666666666666667,0,0,0,4,14,normal,false,8,14,809,2525,0,0,0,false,false,false,0,0,3334,30,0,
992,tempted_1_0,5018,32,2,budget,0,71,true,5,735,115,186,0.4375,0.5625,0,0,0,5,5,normal,false,4,17,888,4130,0,0,0,false,false,true,0,0,5018,32,0,
993,tempted_1_0,15075,76,46,budget,2,100,true,5,1350,233,302,0.10526315789473684,0.5131578947368421,0.17105263157894737,0.07894736842105263,0.13157894736842105,19,10,normal,false,8,34,835,4980,3410,3750,2100,false,true,false,1950,10,13125,66,2,9|5
994,tempted_1_0,4051,30,0,budget,0,69,true,4,495,84,147,0.1,0.9,0,0,0,2,13,normal,false,5,11,331,3720,0,0,0,false,false,true,0,0,4051,30,0,
995,tempted_1_0,9943,49,19,budget,1,100,true,4,1905,150,251,0.1836734693877551,0.6530612244897959,0.04081632653061224,0.02040816326530612,0.10204081632653061,8,7,normal,false,5,27,688,3190,1410,2295,2360,false,false,false,2335,5,7608,44,0,
996,tempted_1_0,8925,39,9,budget,1,100,true,7,3450,117,146,0.02564102564102564,0.7435897435897436,0.07692307692307693,0.02564102564102564,0.1282051282051282,3,9,normal,false,13,13,135,3125,1170,135,4360,false,false,true,4530,5,4395,34,1,4
997,tempted_1_0,4391,36,6,budget,0,93,true,5,630,98,145,0.1388888888888889,0.8055555555555556,0.027777777777777776,0.027777777777777776,0,6,2,normal,false,6,16,306,3740,210,135,0,true,false,true,0,0,4391,36,0,
998,tempted_1_0,16821,56,26,budget,2,100,true,10,3430,154,240,0.25,0.39285714285714285,0.14285714285714285,0.03571428571428571,0.17857142857142858,14,6,crash,false,5,28,796,3510,3540,1215,7760,false,false,false,8600,10,8221,46,2,2|2
999,tempted_1_0,3036,36,6,budget,0,87,true,4,420,82,117,0.1111111111111111,0.8055555555555556,0.08333333333333333,0,0,4,9,normal,false,8,12,316,2420,300,0,0,false,false,true,0,0,3036,36,0,
1000,tempted_1_0,4136,34,4,budget,0,83,true,4,710,91,129,0.14705882352941177,0.8235294117647058,0.029411764705882353,0,0,5,9,normal,false,6,14,171,3395,570,0,0,false,false,false,0,0,4136,34,0,
1001,tempted_1_0,2888,30,0,budget,0,60,true,4,455,75,123,0.43333333333333335,0.5666666666666667,0,0,0,3,6,normal,false,6,10,648,2240,0,0,0,false,false,true,0,0,2888,30,0,
1002,tempted_1_0,2239,30,0,budget,0,63,true,3,285,60,114,0.5,0.5,0,0,0,3,16,crash,false,5,9,654,1585,0,0,0,false,false,false,0,0,2239,30,0,
1003,tempted_1_0,3122,30,0,budget,0,55,true,6,930,70,109,0.3,0.7,0,0,0,3,14,crash,false,5,9,312,2810,0,0,0,false,false,false,0,0,3122,30,0,
1004,tempted_1_0,21660,84,54,budget,4,100,true,5,1440,253,331,0.011904761904761904,0.5119047619047619,0.21428571428571427,0.023809523809523808,0.23809523809523808,16,15,crash,false,4,45,0,5005,5100,2835,8720,false,true,false,8060,20,13600,64,4,4|2|5|5
1005,tempted_1_0,5310,46,16,budget,0,83,true,3,470,126,162,0.021739130434782608,0.9130434782608695,0.06521739130434782,0,0,9,11,normal,false,7,26,60,3660,1590,0,0,false,false,false,0,0,5310,46,0,
1006,tempted_1_0,2453,30,0,budget,0,59,true,3,350,61,114,0.4,0.6,0,0,0,3,14,normal,false,5,14,503,1950,0,0,0,false,false,false,0,0,2453,30,0,
1007,tempted_1_0,25841,85,55,budget,1,100,true,6,3540,307,427,0.047058823529411764,0.6705882352941176,0.16470588235294117,0.058823529411764705,0.058823529411764705,21,6,normal,false,6,44,286,7990,7790,5055,4720,false,true,true,6340,5,19501,80,0,
1008,tempted_1_0,3506,30,0,budget,0,62,true,6,780,90,117,0.23333333333333334,0.7666666666666667,0,0,0,4,8,normal,false,8,12,341,3165,0,0,0,false,false,true,0,0,3506,30,0,
1009,tempted_1_0,5634,36,6,budget,0,90,true,5,1020,113,166,0.16666666666666666,0.7222222222222222,0.05555555555555555,0.05555555555555555,0,4,10,normal,false,5,13,394,4610,360,270,0,true,false,true,0,0,5634,36,0,
1010,tempted_1_0,2380,30,0,budget,0,52,true,4,248,79,118,0.36666666666666664,0.6333333333333333,0,0,0,5,8,normal,false,5,12,795,1585,0,0,0,false,false,true,0,0,2380,30,0,
1011,tempted_1_0,2392,30,0,budget,0,59,true,3,220,69,146,0.5333333333333333,0.4666666666666667,0,0,0,2,5,crash,false,5,10,912,1480,0,0,0,false,false,false,0,0,2392,30,0,
1012,tempted_1_0,3000,30,0,budget,0,55,true,4,410,73,128,0.3333333333333333,0.6666666666666666,0,0,0,3,11,normal,false,5,12,705,2295,0,0,0,false,false,true,0,0,3000,30,0,
1013,tempted_1_0,2140,30,0,budget,0,67,true,3,240,55,97,0.3,0.7,0,0,0,2,23,crash,false,5,11,445,1695,0,0,0,false,false,false,0,0,2140,30,0,
1014,tempted_1_0,3191,30,0,budget,0,53,true,4,405,72,143,0.4666666666666667,0.5333333333333333,0,0,0,4,6,crash,false,4,12,966,2225,0,0,0,false,false,false,0,0,3191,30,0,
1015,tempted_1_0,4193,30,8,lock,0,84,true,4,480,89,135,0.06666666666666667,0.8,0.13333333333333333,0,0,6,5,normal,false,4,14,153,3310,730,0,0,false,false,true,0,0,4193,30,0,
1016,tempted_1_0,3804,34,4,budget,0,78,true,4,710,76,138,0.4117647058823529,0.5294117647058824,0.058823529411764705,0,0,6,11,crash,false,8,14,639,2115,1050,0,0,false,false,false,0,0,3804,34,0,
1017,tempted_1_0,10623,65,35,budget,1,100,true,4,1020,189,243,0.09230769230769231,0.6153846153846154,0.18461538461538463,0.03076923076923077,0.07692307692307693,18,9,normal,false,8,30,598,3830,2340,855,3000,false,true,false,2980,5,7643,60,1,2
1018,tempted_1_0,3275,30,0,budget,0,58,true,6,1195,75,122,0.3333333333333333,0.6666666666666666,0,0,0,1,18,normal,false,5,9,490,2785,0,0,0,false,false,false,0,0,3275,30,0,
1019,tempted_1_0,16137,49,19,budget,1,100,true,6,3560,176,278,0.22448979591836735,0.5306122448979592,0.12244897959183673,0.02040816326530612,0.10204081632653061,9,3,normal,false,5,24,792,4215,1870,1200,8060,false,false,false,6320,5,9817,44,1,2
1020,tempted_1_0,2192,30,0,budget,0,59,true,5,420,48,107,0.4,0.6,0,0,0,4,6,crash,false,5,9,682,1510,0,0,0,false,false,false,0,0,2192,30,0,
1021,tempted_1_0,1992,30,0,budget,0,50,true,4,465,57,121,0.7,0.3,0,0,0,3,8,normal,false,3,13,897,1095,0,0,0,false,false,false,0,0,1992,30,0,
1022,tempted_1_0,3657,32,2,budget,0,81,true,4,725,75,136,0.4375,0.53125,0.03125,0,0,3,11,normal,false,7,11,702,2865,90,0,0,false,false,true,0,0,3657,32,0,
1023,tempted_1_0,1934,30,0,budget,0,50,true,4,345,55,101,0.5,0.5,0,0,0,4,11,crash,false,7,8,514,1420,0,0,0,false,false,false,0,0,1934,30,0,
1024,tempted_1_0,4405,38,8,budget,0,90,true,4,550,108,143,0.02631578947368421,0.8947368421052632,0.05263157894736842,0.02631578947368421,0,5,14,normal,false,5,18,15,3930,190,270,0,true,false,true,0,0,4405,38,0,
1025,tempted_1_0,4174,30,0,budget,0,59,true,4,680,86,137,0.2,0.8,0,0,0,2,22,normal,false,5,10,219,3955,0,0,0,false,false,true,0,0,4174,30,0,
1026,tempted_1_0,11148,54,24,budget,2,100,true,5,1140,161,226,0.1111111111111111,0.5370370370370371,0.1111111111111111,0.05555555555555555,0.18518518518518517,9,9,normal,false,7,26,453,3730,2410,855,3700,false,true,false,3060,10,8088,44,2,2|3
1027,tempted_1_0,4750,32,2,budget,0,72,true,5,720,115,166,0.09375,0.875,0.03125,0,0,3,13,normal,false,3,15,410,4220,120,0,0,false,false,false,0,0,4750,32,0,
1028,tempted_1_0,4319,30,0,budget,0,64,true,5,1050,87,151,0.36666666666666664,0.6333333333333333,0,0,0,4,8,normal,false,5,15,354,3965,0,0,0,false,false,true,0,0,4319,30,0,
1029,tempted_1_0,4483,34,4,budget,0,74,true,5,620,102,167,0.20588235294117646,0.7647058823529411,0.029411764705882353,0,0,3,21,normal,false,5,11,873,3340,270,0,0,false,false,false,0,0,4483,34,0,
1030,tempted_1_0,2487,30,0,budget,0,60,true,5,645,65,119,0.4666666666666667,0.5333333333333333,0,0,0,4,12,normal,false,6,10,822,1665,0,0,0,false,false,true,0,0,2487,30,0,
1031,tempted_1_0,2309,32,2,budget,0,75,true,3,375,67,95,0.3125,0.65625,0.03125,0,0,3,5,normal,false,6,10,369,1850,90,0,0,false,false,false,0,0,2309,32,0,
1032,tempted_1_0,7503,40,10,budget,0,85,true,5,1175,146,210,0.2,0.675,0.125,0,0,8,4,normal,false,6,20,713,5940,850,0,0,false,false,false,0,0,7503,40,0,
1033,tempted_1_0,12375,52,22,budget,0,94,true,5,1740,196,270,0.019230769230769232,0.75,0.21153846153846154,0.019230769230769232,0,10,5,normal,false,4,24,105,5455,5000,1815,0,true,false,false,0,0,12375,52,0,
1034,tempted_1_0,3571,30,0,budget,0,50,true,5,775,72,144,0.5666666666666667,0.43333333333333335,0,0,0,6,8,crash,false,5,16,811,2760,0,0,0,false,false,true,0,0,3571,30,0,
1035,tempted_1_0,4915,38,8,budget,0,82,true,5,840,104,179,0.42105263157894735,0.5,0.07894736842105263,0,0,7,2,normal,false,6,17,1100,2505,1310,0,0,false,false,true,0,0,4915,38,0,
1036,tempted_1_0,2734,32,2,budget,0,83,true,4,650,58,109,0.34375,0.625,0.03125,0,0,3,3,crash,false,12,11,339,2275,120,0,0,false,false,false,0,0,2734,32,0,
1037,tempted_1_0,3743,30,0,budget,0,54,true,5,615,88,131,0.13333333333333333,0.8666666666666667,0,0,0,2,12,crash,false,3,14,233,3510,0,0,0,false,false,true,0,0,3743,30,0,
1038,tempted_1_0,6010,34,4,budget,0,75,true,5,2320,102,151,0,0.9705882352941176,0.029411764705882353,0,0,2,13,normal,false,11,11,110,3900,2000,0,0,false,false,false,0,0,6010,34,0,
1039,tempted_1_0,4793,30,0,budget,0,62,true,6,1035,101,149,0.06666666666666667,0.9333333333333333,0,0,0,2,11,normal,false,5,10,238,4555,0,0,0,false,false,true,0,0,4793,30,0,
1040,tempted_1_0,3820,30,0,budget,0,53,true,5,630,91,155,0.36666666666666664,0.6333333333333333,0,0,0,4,10,crash,false,8,14,1060,2760,0,0,0,false,false,false,0,0,3820,30,0,
1041,tempted_1_0,4740,32,2,budget,0,71,true,4,720,114,148,0.03125,0.96875,0,0,0,2,11,normal,false,9,9,30,4710,0,0,0,false,false,false,0,0,4740,32,0,
1042,tempted_1_0,3479,30,0,budget,0,61,true,4,510,87,142,0.3,0.7,0,0,0,3,7,normal,false,5,11,444,3035,0,0,0,false,false,false,0,0,3479,30,0,
1043,tempted_1_0,3065,30,0,budget,0,52,true,4,325,73,112,0.1,0.9,0,0,0,2,8,normal,false,6,12,295,2770,0,0,0,false,false,false,0,0,3065,30,0,
1044,tempted_1_0,6996,44,14,budget,0,92,true,4,680,136,195,0.09090909090909091,0.7954545454545454,0.06818181818181818,0.045454545454545456,0,7,1,normal,false,7,21,326,4990,1230,450,0,true,false,false,0,0,6996,44,0,
1045,tempted_1_0,3563,38,8,budget,0,77,true,4,635,94,124,0.13157894736842105,0.8157894736842105,0.05263157894736842,0,0,7,1,normal,false,6,13,143,3210,210,0,0,false,false,false,0,0,3563,38,0,
1046,tempted_1_0,3503,30,0,budget,0,64,true,4,345,77,133,0.3333333333333333,0.6666666666666666,0,0,0,4,12,normal,false,5,11,453,3050,0,0,0,false,false,true,0,0,3503,30,0,
1047,tempted_1_0,2863,30,0,budget,0,53,true,3,395,66,137,0.6333333333333333,0.36666666666666664,0,0,0,3,13,crash,false,8,9,733,2130,0,0,0,false,false,true,0,0,2863,30,0,
1048,tempted_1_0,3854,32,2,budget,0,70,true,5,780,86,125,0.1875,0.8125,0,0,0,4,7,normal,false,6,13,409,3445,0,0,0,false,false,false,0,0,3854,32,0,
1049,tempted_1_0,5464,27,0,lock,0,61,true,6,1020,109,166,0.18518518518518517,0.8148148148148148,0,0,0,4,11,normal,false,5,12,824,4640,0,0,0,false,false,false,0,0,5464,27,0,
1050,tempted_1_0,2635,30,0,budget,0,50,true,3,320,70,130,0.36666666666666664,0.6333333333333333,0,0,0,3,8,crash,false,5,11,765,1870,0,0,0,false,false,false,0,0,2635,30,0,
1051,tempted_1_0,4219,30,0,budget,0,63,true,4,530,96,156,0.23333333333333334,0.7666666666666667,0,0,0,5,3,normal,false,7,14,799,3420,0,0,0,false,false,false,0,0,4219,30,0,
1052,tempted_1_0,3597,32,2,budget,0,74,true,5,488,81,119,0.15625,0.8125,0.03125,0,0,3,1,normal,false,8,10,252,3255,90,0,0,false,false,false,0,0,3597,32,0,
1053,tempted_1_0,9166,53,23,budget,1,100,true,5,690,158,199,0.05660377358490566,0.6226415094339622,0.11320754716981132,0.11320754716981132,0.09433962264150944,8,1,normal,false,4,27,196,4635,1410,1185,1740,false,true,false,1560,5,7606,48,1,7
1054,tempted_1_0,5082,30,0,budget,0,68,true,5,675,91,153,0.23333333333333334,0.7666666666666667,0,0,0,2,6,normal,false,5,14,437,4645,0,0,0,false,false,false,0,0,5082,30,0,
1055,tempted_1_0,8227,62,32,budget,0,97,true,4,615,168,250,0.20967741935483872,0.5161290322580645,0.22580645161290322,0.04838709677419355,0,15,4,normal,false,5,33,682,3650,2500,1395,0,true,true,true,0,0,8227,62,0,
1056,tempted_1_0,3002,30,0,budget,0,50,true,6,848,77,143,0.6333333333333333,0.36666666666666664,0,0,0,6,6,normal,false,6,11,1187,1815,0,0,0,false,false,true,0,0,3002,30,0,
1057,tempted_1_0,10668,53,23,budget,1,100,true,4,1020,173,223,0.05660377358490566,0.660377358490566,0.1320754716981132,0.05660377358490566,0.09433962264150944,9,4,normal,false,6,25,208,4140,2350,990,2980,false,true,true,2980,5,7688,48,1,7
1058,tempted_1_0,2466,30,0,budget,0,50,true,5,555,63,129,0.5333333333333333,0.4666666666666667,0,0,0,5,6,normal,false,5,11,1186,1280,0,0,0,false,false,false,0,0,2466,30,0,
1059,tempted_1_0,225,6,0,lock,0,57,false,1,45,9,9,0,1,0,0,0,0,-1,normal,false,6,0,0,225,0,0,0,false,false,false,0,0,225,6,0,
1060,tempted_1_0,3000,30,0,budget,0,55,true,5,715,72,126,0.4666666666666667,0.5333333333333333,0,0,0,6,5,crash,false,4,11,580,2420,0,0,0,false,false,false,0,0,3000,30,0,
1061,tempted_1_0,3474,30,0,budget,0,50,true,4,795,77,140,0.5,0.5,0,0,0,5,7,normal,false,4,14,1054,2420,0,0,0,false,false,true,0,0,3474,30,0,
1062,tempted_1_0,3193,30,0,budget,0,55,true,6,444,78,119,0.16666666666666666,0.8333333333333334,0,0,0,3,5,normal,false,6,9,738,2455,0,0,0,false,false,false,0,0,3193,30,0,
1063,tempted_1_0,3823,30,0,budget,0,64,true,5,975,78,138,0.3333333333333333,0.6666666666666666,0,0,0,4,9,normal,false,4,11,558,3265,0,0,0,false,false,false,0,0,3823,30,0,
1064,tempted_1_0,6423,41,11,budget,1,100,true,4,920,119,159,0.0975609756097561,0.7560975609756098,0.024390243902439025,0,0.12195121951219512,4,5,normal,false,8,20,123,4240,210,270,1580,false,false,false,1930,5,4493,36,0,
1065,tempted_1_0,5985,44,14,budget,0,87,true,4,1145,118,161,0.022727272727272728,0.8181818181818182,0.1590909090909091,0,0,7,8,normal,false,4,21,110,3005,2870,0,0,false,false,false,0,0,5985,44,0,
1066,tempted_1_0,3406,30,0,budget,0,56,true,5,945,72,119,0.4666666666666667,0.5333333333333333,0,0,0,4,7,normal,false,3,11,571,2835,0,0,0,false,false,true,0,0,3406,30,0,
1067,tempted_1_0,4399,30,0,budget,0,59,true,6,815,77,139,0.4666666666666667,0.5333333333333333,0,0,0,1,29,normal,false,11,10,514,3885,0,0,0,false,false,true,0,0,4399,30,0,
1068,tempted_1_0,24103,78,48,budget,2,100,true,6,7180,242,330,0.14102564102564102,0.47435897435897434,0.20512820512820512,0.05128205128205128,0.1282051282051282,16,1,normal,false,8,40,478,4205,2650,2730,14040,false,true,false,13640,10,10463,68,2,4|2
1069,tempted_1_0,18010,68,38,budget,2,100,true,6,2860,225,300,0.014705882352941176,0.6323529411764706,0.1323529411764706,0.07352941176470588,0.14705882352941177,12,5,normal,false,7,27,50,5445,4240,4215,4060,false,true,true,5080,10,12930,58,1,3
1070,tempted_1_0,2526,30,0,budget,0,67,true,5,645,62,105,0.4,0.6,0,0,0,2,10,crash,false,6,9,546,1980,0,0,0,false,false,true,0,0,2526,30,0,
1071,tempted_1_0,5701,34,4,budget,0,81,true,5,1300,114,166,0.14705882352941177,0.8235294117647058,0.029411764705882353,0,0,4,11,crash,false,5,18,206,4955,540,0,0,false,false,false,0,0,5701,34,0,
1072,tempted_1_0,3448,30,0,budget,0,69,true,4,825,68,134,0.6333333333333333,0.36666666666666664,0,0,0,4,10,crash,false,10,9,583,2865,0,0,0,false,false,true,0,0,3448,30,0,
1073,tempted_1_0,3451,32,2,budget,0,84,true,3,600,92,133,0.125,0.84375,0.03125,0,0,3,2,normal,false,7,12,551,2300,600,0,0,false,false,true,0,0,3451,32,0,
1074,tempted_1_0,16395,62,32,budget,2,100,true,5,3440,196,291,0.1774193548387097,0.5161290322580645,0.12903225806451613,0.016129032258064516,0.16129032258064516,10,9,crash,false,5,33,395,5230,3250,1500,6020,false,true,false,4595,10,11800,52,1,2
1075,tempted_1_0,2616,29,0,lock,0,50,true,4,348,62,137,0.5172413793103449,0.4827586206896552,0,0,0,4,7,normal,false,4,11,1316,1300,0,0,0,false,false,false,0,0,2616,29,0,
1076,tempted_1_0,5635,46,16,budget,0,88,false,3,460,132,177,0,0.9347826086956522,0.06521739130434782,0,0,6,4,normal,false,9,20,0,4405,960,270,0,false,false,true,0,0,5635,46,0,
1077,tempted_1_0,3318,36,6,budget,0,82,true,5,640,81,129,0.2777777777777778,0.6388888888888888,0.08333333333333333,0,0,6,9,crash,false,6,13,303,2445,570,0,0,false,false,false,0,0,3318,36,0,
1078,tempted_1_0,3315,32,2,budget,0,73,true,3,440,90,129,0.3125,0.65625,0.03125,0,0,4,18,normal,false,7,12,415,2540,360,0,0,false,false,false,0,0,3315,32,0,
1079,tempted_1_0,6128,43,13,budget,1,100,true,4,745,114,149,0.023255813953488372,0.7441860465116279,0.09302325581395349,0.023255813953488372,0.11627906976744186,5,19,normal,false,10,18,113,3320,720,495,1480,false,false,false,1700,5,4428,38,1,4
1080,tempted_1_0,2793,32,2,budget,0,72,true,4,555,71,129,0.59375,0.375,0.03125,0,0,4,15,normal,false,6,13,738,1935,120,0,0,false,false,true,0,0,2793,32,0,
1081,tempted_1_0,4674,36,6,budget,0,88,true,4,480,101,165,0.16666666666666666,0.7222222222222222,0.05555555555555555,0.05555555555555555,0,3,2,crash,false,9,12,539,3400,420,315,0,false,false,false,0,0,4674,36,0,
1082,tempted_1_0,5819,32,2,budget,0,72,true,5,790,116,188,0.15625,0.8125,0.03125,0,0,4,3,normal,false,3,18,754,4975,90,0,0,false,false,true,0,0,5819,32,0,
1083,tempted_1_0,2101,30,0,budget,0,50,true,3,300,50,106,0.36666666666666664,0.6333333333333333,0,0,0,2,18,crash,false,4,9,406,1695,0,0,0,false,false,false,0,0,2101,30,0,
1084,tempted_1_0,3591,30,0,budget,0,57,true,4,470,76,123,0.13333333333333333,0.8666666666666667,0,0,0,1,29,crash,false,4,11,146,3445,0,0,0,false,false,false,0,0,3591,30,0,
1085,tempted_1_0,9835,53,23,budget,1,100,true,4,2000,156,209,0.20754716981132076,0.5094339622641509,0.16981132075471697,0.018867924528301886,0.09433962264150944,10,8,normal,false,10,26,445,3285,1930,675,3500,false,false,false,3700,5,6135,48,1,4
1086,tempted_1_0,3189,30,0,budget,0,50,true,3,315,77,149,0.43333333333333335,0.5666666666666667,0,0,0,2,12,crash,false,5,11,754,2435,0,0,0,false,false,false,0,0,3189,30,0,
1087,tempted_1_0,2595,30,0,budget,0,57,true,3,315,64,105,0.1,0.9,0,0,0,3,13,normal,false,4,12,55,2540,0,0,0,false,false,true,0,0,2595,30,0,
1088,tempted_1_0,1778,30,0,budget,0,50,true,3,143,58,95,0.3,0.7,0,0,0,6,14,normal,false,6,9,638,1140,0,0,0,false,false,false,0,0,1778,30,0,
1089,tempted_1_0,2735,30,0,budget,0,52,true,3,360,77,132,0.36666666666666664,0.6333333333333333,0,0,0,2,12,crash,false,3,10,775,1960,0,0,0,false,false,false,0,0,2735,30,0,
1090,tempted_1_0,5957,46,16,budget,0,96,true,4,700,114,179,0.17391304347826086,0.6086956521739131,0.17391304347826086,0.043478260869565216,0,9,7,crash,false,5,20,317,3920,910,810,0,true,true,false,0,0,5957,46,0,
1091,tempted_1_0,3898,30,0,budget,0,67,true,6,990,100,147,0.36666666666666664,0.6333333333333333,0,0,0,2,6,normal,false,5,11,848,3050,0,0,0,false,false,false,0,0,3898,30,0,
1092,tempted_1_0,15447,66,36,budget,2,100,true,5,2115,216,315,0.2878787878787879,0.3484848484848485,0.18181818181818182,0.030303030303030304,0.15151515151515152,13,19,normal,false,5,38,842,4490,2130,3645,4340,false,true,true,4060,10,11387,56,2,2|2
1093,tempted_1_0,8674,55,25,budget,1,100,true,3,705,149,192,0.10909090909090909,0.6181818181818182,0.16363636363636364,0.01818181818181818,0.09090909090909091,8,9,normal,false,9,22,289,3925,1740,1260,1460,false,false,false,1850,5,6824,50,1,5
1094,tempted_1_0,30673,87,64,lock,4,100,true,5,2100,332,384,0.034482758620689655,0.42528735632183906,0.22988505747126436,0.08045977011494253,0.22988505747126436,21,1,deep,false,6,44,258,5150,6290,4695,14280,false,true,true,13895,20,16778,67,4,4|2|3|2
1095,tempted_1_0,10681,47,17,budget,1,100,true,6,1545,158,210,0.0425531914893617,0.6808510638297872,0.1276595744680851,0.0425531914893617,0.10638297872340426,5,9,normal,false,8,18,256,4970,830,585,4040,false,false,false,4040,5,6641,42,0,
1096,tempted_1_0,3143,30,0,budget,0,64,true,4,385,79,120,0.16666666666666666,0.8333333333333334,0,0,0,3,12,crash,false,7,9,258,2885,0,0,0,false,false,false,0,0,3143,30,0,
1097,tempted_1_0,3866,32,2,budget,0,71,true,7,578,99,153,0.40625,0.59375,0,0,0,5,8,normal,false,5,15,1301,2565,0,0,0,false,false,false,0,0,3866,32,0,
1098,tempted_1_0,3855,32,2,budget,0,83,true,4,810,93,114,0.03125,0.90625,0.0625,0,0,2,23,normal,false,10,10,15,3180,660,0,0,false,false,false,0,0,3855,32,0,
1099,tempted_1_0,2723,32,2,budget,0,71,true,4,435,71,93,0.0625,0.9375,0,0,0,2,9,normal,false,8,11,58,2395,270,0,0,false,false,false,0,0,2723,32,0,
1100,tempted_1_0,1937,30,0,budget,0,50,true,3,315,57,92,0.36666666666666664,0.6333333333333333,0,0,0,5,7,normal,false,10,9,317,1620,0,0,0,false,false,true,0,0,1937,30,0,
1101,tempted_1_0,3451,30,0,budget,0,52,true,5,1085,78,137,0.3333333333333333,0.6666666666666666,0,0,0,2,5,crash,false,4,10,616,2835,0,0,0,false,false,true,0,0,3451,30,0,
1102,tempted_1_0,4358,30,0,budget,0,67,true,5,913,100,149,0.3333333333333333,0.6666666666666666,0,0,0,4,8,normal,false,7,11,553,3805,0,0,0,false,false,true,0,0,4358,30,0,
1103,tempted_1_0,5097,38,8,budget,0,91,true,5,985,113,180,0.23684210526315788,0.7105263157894737,0.02631578947368421,0.02631578947368421,0,7,3,normal,false,4,23,642,3900,420,135,0,true,false,false,0,0,5097,38,0,
1104,tempted_1_0,4522,38,8,budget,0,90,true,5,905,100,141,0.2631578947368421,0.5789473684210527,0.07894736842105263,0.07894736842105263,0,5,13,normal,false,6,20,712,2430,930,450,0,true,false,false,0,0,4522,38,0,
1105,tempted_1_0,9416,55,25,budget,1,100,true,5,1020,158,221,0.16363636363636364,0.5454545454545454,0.18181818181818182,0.01818181818181818,0.09090909090909091,9,11,crash,false,5,27,596,5025,900,315,2580,false,false,false,2460,5,6956,50,1,6
1106,tempted_1_0,4011,32,2,budget,0,79,true,4,555,101,136,0.1875,0.78125,0.03125,0,0,3,3,normal,false,8,10,416,3475,120,0,0,false,false,true,0,0,4011,32,0,
1107,tempted_1_0,3505,36,6,budget,0,85,false,3,360,95,119,0,0.8888888888888888,0.1111111111111111,0,0,3,25,normal,false,5,13,0,2995,510,0,0,false,false,false,0,0,3505,36,0,
1108,tempted_1_0,1513,20,0,lock,0,69,true,3,255,44,56,0.15,0.85,0,0,0,2,13,normal,false,9,6,63,1450,0,0,0,false,false,false,0,0,1513,20,0,
1109,tempted_1_0,16720,76,46,budget,2,100,false,4,1290,233,314,0,0.618421052631579,0.17105263157894737,0.07894736842105263,0.13157894736842105,16,8,normal,false,11,33,0,6140,3600,3060,3920,false,true,false,4340,10,12380,66,2,4|3
1110,tempted_1_0,3339,30,0,budget,0,50,true,5,463,80,151,0.2,0.8,0,0,0,3,9,normal,false,6,13,1054,2285,0,0,0,false,false,false,0,0,3339,30,0,
1111,tempted_1_0,3940,30,0,budget,0,55,true,5,585,73,139,0.3,0.7,0,0,0,3,8,crash,false,6,11,345,3595,0,0,0,false,false,false,0,0,3940,30,0,
1112,tempted_1_0,12226,67,37,budget,1,100,true,4,1545,190,268,0.13432835820895522,0.5223880597014925,0.22388059701492538,0.04477611940298507,0.07462686567164178,16,2,normal,false,8,28,476,3960,3710,2160,1920,false,true,true,1900,5,10326,62,1,7
1113,tempted_1_0,3099,34,4,budget,0,85,true,4,485,70,130,0.4117647058823529,0.5588235294117647,0.029411764705882353,0,0,6,5,crash,false,6,15,759,2190,150,0,0,false,false,false,0,0,3099,34,0,
1114,tempted_1_0,3340,30,0,budget,0,59,true,3,525,77,129,0.23333333333333334,0.7666666666666667,0,0,0,3,10,normal,false,6,10,385,2955,0,0,0,false,false,false,0,0,3340,30,0,
1115,tempted_1_0,3981,32,2,budget,0,74,true,5,750,99,134,0.125,0.84375,0.03125,0,0,3,11,normal,false,4,14,301,3590,90,0,0,false,false,true,0,0,3981,32,0,
1116,tempted_1_0,34508,104,75,lock,3,100,true,7,3135,395,509,0.028846153846153848,0.5,0.25961538461538464,0.0673076923076923,0.14423076923076922,25,2,normal,false,6,54,193,7520,10170,6165,10460,false,true,false,9560,15,24948,89,3,3|2|4
1117,tempted_1_0,2747,30,0,budget,0,50,true,4,600,61,132,0.6,0.4,0,0,0,5,4,normal,false,6,13,1132,1615,0,0,0,false,false,true,0,0,2747,30,0,
1118,tempted_1_0,6099,38,8,budget,0,73,true,5,905,114,170,0.15789473684210525,0.8157894736842105,0.02631578947368421,0,0,6,5,crash,false,4,16,169,5210,720,0,0,false,false,false,0,0,6099,38,0,
1119,tempted_1_0,5090,34,4,budget,0,76,true,9,2005,98,125,0.029411764705882353,0.9411764705882353,0.029411764705882353,0,0,3,13,normal,false,5,15,25,4975,90,0,0,false,false,false,0,0,5090,34,0,
1120,tempted_1_0,5705,36,6,budget,0,81,true,4,1170,124,169,0,0.9722222222222222,0.027777777777777776,0,0,2,9,normal,false,5,15,30,4505,1170,0,0,false,false,true,0,0,5705,36,0,
1121,tempted_1_0,17975,55,25,budget,1,100,true,7,5785,182,202,0.05454545454545454,0.7090909090909091,0.14545454545454545,0,0.09090909090909091,9,3,normal,false,12,22,80,3640,1270,1485,11500,false,false,true,11605,5,6370,50,1,2
1122,tempted_1_0,7353,39,9,budget,1,100,true,4,1000,106,178,0.05128205128205128,0.7435897435897436,0.07692307692307693,0,0.1282051282051282,3,13,normal,false,5,17,173,3730,570,0,2880,false,false,false,2930,5,4423,34,0,
1123,tempted_1_0,5265,38,8,budget,0,84,false,6,1780,105,129,0,0.9473684210526315,0.05263157894736842,0,0,4,1,normal,false,4,13,0,3705,1560,0,0,false,false,true,0,0,5265,38,0,
1124,tempted_1_0,4666,34,4,budget,0,89,true,4,905,98,159,0.38235294117647056,0.5882352941176471,0,0.029411764705882353,0,3,16,crash,false,13,15,671,3605,120,270,0,false,false,false,0,0,4666,34,0,
1125,tempted_1_0,3384,30,0,budget,0,69,true,4,345,94,135,0.26666666666666666,0.7333333333333333,0,0,0,3,19,normal,false,6,11,714,2670,0,0,0,false,false,false,0,0,3384,30,0,
1126,tempted_1_0,4044,40,10,budget,0,86,true,4,470,93,150,0.275,0.625,0.1,0,0,7,1,crash,false,8,14,349,2545,1150,0,0,false,false,false,0,0,4044,40,0,
1127,tempted_1_0,2214,30,0,budget,0,50,true,5,870,51,101,0.6,0.4,0,0,0,2,9,crash,false,8,7,664,1550,0,0,0,false,false,false,0,0,2214,30,0,
1128,tempted_1_0,2693,30,0,budget,0,51,true,4,470,73,114,0.3333333333333333,0.6666666666666666,0,0,0,6,4,normal,false,4,13,623,2070,0,0,0,false,false,true,0,0,2693,30,0,
1129,tempted_1_0,5602,30,0,budget,0,50,true,4,950,98,189,0.26666666666666666,0.7333333333333333,0,0,0,3,10,normal,false,5,17,742,4860,0,0,0,false,false,true,0,0,5602,30,0,
1130,tempted_1_0,3456,30,0,budget,0,54,true,6,1170,74,122,0.23333333333333334,0.7666666666666667,0,0,0,3,4,normal,false,3,12,446,3010,0,0,0,false,false,false,0,0,3456,30,0,
1131,tempted_1_0,2231,30,0,budget,0,50,true,3,340,61,101,0.16666666666666666,0.8333333333333334,0,0,0,2,16,normal,false,8,10,321,1910,0,0,0,false,false,false,0,0,2231,30,0,
1132,tempted_1_0,2161,30,0,budget,0,64,true,3,290,59,115,0.4,0.6,0,0,0,3,4,crash,false,5,9,551,1610,0,0,0,false,false,false,0,0,2161,30,0,
1133,tempted_1_0,4615,38,8,budget,0,91,true,4,450,99,183,0.3684210526315789,0.5263157894736842,0.07894736842105263,0.02631578947368421,0,6,1,crash,false,6,19,955,3030,450,180,0,true,false,false,0,0,4615,38,0,
1134,tempted_1_0,1401,30,0,budget,0,50,true,2,200,45,102,0.6666666666666666,0.3333333333333333,0,0,0,3,8,normal,false,7,9,726,675,0,0,0,false,false,false,0,0,1401,30,0,
1135,tempted_1_0,5542,32,2,budget,0,70,true,5,1020,108,180,0.15625,0.84375,0,0,0,2,1,crash,false,4,14,372,4990,180,0,0,false,false,false,0,0,5542,32,0,
1136,tempted_1_0,4006,30,0,budget,0,62,true,4,815,83,135,0.16666666666666666,0.8333333333333334,0,0,0,2,5,crash,false,2,15,456,3550,0,0,0,false,false,false,0,0,4006,30,0,
1137,tempted_1_0,2820,32,2,budget,0,80,true,4,500,73,113,0.34375,0.625,0.03125,0,0,5,4,normal,false,5,9,470,2170,180,0,0,false,false,true,0,0,2820,32,0,
1138,tempted_1_0,3111,30,0,budget,0,69,true,3,575,78,114,0.13333333333333333,0.8666666666666667,0,0,0,3,4,normal,false,4,12,256,2855,0,0,0,false,false,false,0,0,3111,30,0,
1139,tempted_1_0,2255,30,0,budget,0,50,true,3,260,55,119,0.4,0.6,0,0,0,3,8,crash,false,4,13,500,1755,0,0,0,false,false,true,0,0,2255,30,0,
1140,tempted_1_0,856,4,0,lock,0,50,true,5,765,3,25,0.75,0.25,0,0,0,0,-1,crash,false,3,1,46,810,0,0,0,false,false,false,0,0,856,4,0,
1141,tempted_1_0,3968,32,2,budget,0,70,true,4,840,79,135,0.125,0.875,0,0,0,3,6,crash,false,3,14,173,3795,0,0,0,false,false,false,0,0,3968,32,0,
1142,tempted_1_0,7386,55,25,budget,1,100,true,4,720,141,191,0.03636363636363636,0.6909090909090909,0.14545454545454545,0.03636363636363636,0.09090909090909091,9,8,normal,false,8,24,211,3725,1200,810,1440,false,false,false,1360,5,6026,50,1,3
1143,tempted_1_0,3033,30,0,budget,0,50,true,3,270,77,112,0.06666666666666667,0.9333333333333333,0,0,0,1,23,normal,false,5,11,183,2850,0,0,0,false,false,false,0,0,3033,30,0,
1144,tempted_1_0,15711,64,34,budget,2,100,true,5,1815,201,282,0.09375,0.5625,0.171875,0.015625,0.15625,12,2,crash,false,9,30,216,5280,2260,2295,5660,false,false,false,5110,10,10601,54,1,2
1145,tempted_1_0,7365,47,17,budget,1,100,true,3,1040,131,165,0.0425531914893617,0.7659574468085106,0.0851063829787234,0,0.10638297872340426,7,2,crash,false,8,17,30,3565,840,270,2660,false,false,false,2540,5,4825,42,1,2
1146,tempted_1_0,5353,48,18,budget,0,89,true,4,750,108,184,0.4166666666666667,0.375,0.1875,0.020833333333333332,0,9,1,normal,false,7,20,1103,1565,2460,225,0,false,false,true,0,0,5353,48,0,
1147,tempted_1_0,3466,36,6,budget,0,81,true,3,355,84,134,0.16666666666666666,0.7222222222222222,0.1111111111111111,0,0,5,5,crash,false,7,14,296,2660,510,0,0,false,false,true,0,0,3466,36,0,
1148,tempted_1_0,5419,50,20,budget,0,92,true,3,510,114,173,0.18,0.58,0.2,0.04,0,10,8,normal,false,9,23,364,2920,1820,315,0,true,false,false,0,0,5419,50,0,
1149,tempted_1_0,4110,32,2,budget,0,78,true,4,1500,81,140,0.375,0.59375,0.03125,0,0,3,7,normal,false,5,14,690,1920,1500,0,0,false,false,true,0,0,4110,32,0,
1150,tempted_1_0,4627,30,0,budget,0,64,true,7,1223,85,142,0.36666666666666664,0.6333333333333333,0,0,0,4,11,normal,false,4,13,1077,3550,0,0,0,false,false,false,0,0,4627,30,0,
1151,tempted_1_0,2812,30,0,budget,0,57,true,3,300,78,131,0.26666666666666666,0.7333333333333333,0,0,0,2,17,crash,false,7,11,542,2270,0,0,0,false,false,false,0,0,2812,30,0,
1152,tempted_1_0,2330,30,0,budget,0,63,true,3,470,60,91,0.13333333333333333,0.8666666666666667,0,0,0,2,5,crash,false,7,10,110,2220,0,0,0,false,false,false,0,0,2330,30,0,
1153,tempted_1_0,3568,32,2,budget,0,80,true,5,448,95,139,0.4375,0.5625,0,0,0,3,6,normal,false,6,14,958,2340,270,0,0,false,false,true,0,0,3568,32,0,
1154,tempted_1_0,19645,72,51,lock,3,100,true,8,1865,240,314,0.1111111111111111,0.4166666666666667,0.18055555555555555,0.08333333333333333,0.20833333333333334,21,6,keto,false,7,37,555,4680,3870,1920,8620,false,true,false,8920,15,10725,57,2,8|2
1155,tempted_1_0,5068,32,2,budget,0,78,true,5,930,93,147,0.125,0.875,0,0,0,4,1,normal,false,5,14,153,4195,720,0,0,false,false,true,0,0,5068,32,0,
1156,tempted_1_0,555,8,0,lock,0,55,true,2,135,12,25,0.125,0.875,0,0,0,1,8,normal,false,4,3,15,540,0,0,0,false,false,true,0,0,555,8,0,
1157,tempted_1_0,6264,47,17,budget,1,100,true,4,690,121,177,0.3829787234042553,0.40425531914893614,0.0851063829787234,0.02127659574468085,0.10638297872340426,8,9,crash,false,6,21,1079,1630,490,825,2240,false,false,true,2220,5,4044,42,1,2
1158,tempted_1_0,2800,30,0,budget,0,59,true,4,285,77,138,0.3,0.7,0,0,0,5,4,normal,false,8,10,1005,1795,0,0,0,false,false,false,0,0,2800,30,0,
1159,tempted_1_0,15499,72,42,budget,2,100,true,5,2460,200,272,0.125,0.5833333333333334,0.1388888888888889,0.013888888888888888,0.1388888888888889,17,8,normal,false,7,36,629,3560,4270,2040,5000,false,true,false,6440,10,9059,62,1,3
1160,tempted_1_0,4232,30,0,budget,0,59,true,4,615,91,144,0.16666666666666666,0.8333333333333334,0,0,0,3,6,normal,false,5,12,367,3865,0,0,0,false,false,true,0,0,4232,30,0,
1161,tempted_1_0,9505,53,23,budget,1,100,true,4,1500,150,214,0,0.8113207547169812,0.09433962264150944,0,0.09433962264150944,9,1,normal,false,4,22,30,4285,2190,0,3000,false,false,false,2460,5,7045,48,1,2
1162,tempted_1_0,10976,65,35,budget,1,100,true,5,1080,173,268,0.2153846153846154,0.4461538461538462,0.18461538461538463,0.07692307692307693,0.07692307692307693,13,13,crash,false,8,27,596,4565,2410,1545,1860,false,true,true,1770,5,9206,60,1,3
1163,tempted_1_0,3491,30,0,budget,0,50,true,4,680,72,137,0.5666666666666667,0.43333333333333335,0,0,0,3,23,normal,false,8,8,851,2640,0,0,0,false,false,true,0,0,3491,30,0,
1164,tempted_1_0,7910,23,14,lock,0,93,false,5,1925,102,126,0,0.6521739130434783,0.2608695652173913,0.08695652173913043,0,5,5,keto,false,3,13,0,2290,3010,2610,0,true,false,true,0,0,7910,23,0,
1165,tempted_1_0,6813,36,6,budget,0,84,true,6,870,131,189,0.05555555555555555,0.8888888888888888,0.05555555555555555,0,0,4,1,normal,false,5,18,218,6265,330,0,0,false,false,true,0,0,6813,36,0,
1166,tempted_1_0,3399,30,0,budget,0,64,true,5,600,79,116,0.23333333333333334,0.7666666666666667,0,0,0,3,8,normal,false,5,12,294,3105,0,0,0,false,false,true,0,0,3399,30,0,
1167,tempted_1_0,2556,30,0,budget,0,65,true,4,320,64,113,0.23333333333333334,0.7666666666666667,0,0,0,2,16,crash,false,5,11,671,1885,0,0,0,false,false,false,0,0,2556,30,0,
1168,tempted_1_0,3764,30,0,budget,0,50,true,4,545,91,145,0.2,0.8,0,0,0,2,15,normal,false,4,13,324,3440,0,0,0,false,false,false,0,0,3764,30,0,
1169,tempted_1_0,5483,32,2,budget,0,70,true,8,1665,106,176,0.4375,0.5625,0,0,0,4,1,normal,false,4,15,1023,4460,0,0,0,false,false,false,0,0,5483,32,0,
1170,tempted_1_0,4923,34,4,budget,0,78,true,5,788,98,149,0.20588235294117646,0.7352941176470589,0.058823529411764705,0,0,6,4,normal,false,3,15,458,3765,700,0,0,false,false,false,0,0,4923,34,0,
1171,tempted_1_0,2966,30,0,budget,0,69,true,3,340,84,146,0.5,0.5,0,0,0,4,7,normal,false,4,13,721,2245,0,0,0,false,false,true,0,0,2966,30,0,
1172,tempted_1_0,2792,30,0,budget,0,64,true,4,440,65,113,0.3,0.7,0,0,0,3,14,crash,false,4,11,187,2605,0,0,0,false,false,false,0,0,2792,30,0,
1173,tempted_1_0,2695,30,0,budget,0,63,true,3,405,70,102,0.06666666666666667,0.9333333333333333,0,0,0,2,21,normal,false,5,9,45,2650,0,0,0,false,false,true,0,0,2695,30,0,
1174,tempted_1_0,2159,30,0,budget,0,62,true,3,280,58,116,0.4,0.6,0,0,0,2,10,normal,false,7,8,619,1540,0,0,0,false,false,false,0,0,2159,30,0,
1175,tempted_1_0,3236,30,0,budget,0,50,true,3,510,71,156,0.5,0.5,0,0,0,3,11,crash,false,5,12,791,2445,0,0,0,false,false,false,0,0,3236,30,0,
1176,tempted_1_0,856,13,0,lock,0,50,true,3,300,16,44,0.38461538461538464,0.6153846153846154,0,0,0,1,7,crash,false,5,4,196,660,0,0,0,false,false,true,0,0,856,13,0,
1177,tempted_1_0,3150,38,8,budget,0,79,true,3,490,87,104,0,0.8947368421052632,0.10526315789473684,0,0,3,10,normal,false,8,14,30,2430,690,0,0,false,false,false,0,0,3150,38,0,
1178,tempted_1_0,2803,30,0,budget,0,50,true,3,270,81,134,0.3,0.7,0,0,0,2,19,normal,false,4,10,753,2050,0,0,0,false,false,false,0,0,2803,30,0,
1179,tempted_1_0,11100,51,21,budget,1,100,true,5,1780,167,236,0.2549019607843137,0.5294117647058824,0.11764705882352941,0,0.09803921568627451,10,5,normal,false,5,21,635,3615,3570,1260,2020,false,true,true,2560,5,8540,46,0,
1180,tempted_1_0,3042,30,0,budget,0,50,true,6,870,67,128,0.36666666666666664,0.6333333333333333,0,0,0,5,6,normal,false,5,13,622,2420,0,0,0,false,false,true,0,0,3042,30,0,
1181,tempted_1_0,2533,30,0,budget,0,50,true,4,485,72,111,0.4,0.6,0,0,0,5,9,normal,false,5,9,538,1995,0,0,0,false,false,true,0,0,2533,30,0,
1182,tempted_1_0,10630,50,20,budget,2,100,true,4,1680,155,230,0.2,0.52,0.06,0.02,0.2,8,5,crash,false,11,22,795,3705,1320,330,4480,false,false,false,4270,10,6360,40,2,2|2
1183,tempted_1_0,6298,42,12,budget,0,86,true,4,785,142,176,0.047619047619047616,0.7857142857142857,0.16666666666666666,0,0,6,2,normal,false,8,14,48,4780,1470,0,0,false,false,true,0,0,6298,42,0,
1184,tempted_1_0,3673,38,8,budget,0,89,true,3,495,84,147,0.3684210526315789,0.5263157894736842,0.07894736842105263,0.02631578947368421,0,7,3,crash,false,8,12,653,2255,630,135,0,false,false,false,0,0,3673,38,0,
1185,tempted_1_0,4410,34,4,budget,0,76,true,4,930,89,153,0.3235294117647059,0.6764705882352942,0,0,0,7,1,crash,false,7,15,750,2850,810,0,0,false,false,false,0,0,4410,34,0,
1186,tempted_1_0,4986,32,2,budget,0,70,true,6,1130,102,156,0.3125,0.6875,0,0,0,4,2,crash,false,4,15,466,4520,0,0,0,false,false,false,0,0,4986,32,0,
1187,tempted_1_0,4426,34,4,budget,0,96,true,5,630,106,170,0.35294117647058826,0.5882352941176471,0.029411764705882353,0.029411764705882353,0,5,9,normal,false,5,16,1056,2860,330,180,0,true,true,true,0,0,4426,34,0,
1188,tempted_1_0,1729,30,0,budget,0,50,true,3,270,62,111,0.6666666666666666,0.3333333333333333,0,0,0,6,4,normal,false,5,12,814,915,0,0,0,false,false,true,0,0,1729,30,0,
1189,tempted_1_0,3385,30,0,budget,0,61,true,5,758,69,126,0.3,0.7,0,0,0,3,11,normal,false,6,8,330,3055,0,0,0,false,false,false,0,0,3385,30,0,
1190,tempted_1_0,10387,58,28,budget,0,97,true,5,1930,148,243,0.1206896551724138,0.7068965517241379,0.13793103448275862,0.034482758620689655,0,14,1,normal,false,10,26,387,3385,4860,1755,0,true,true,true,0,0,10387,58,0,
1191,tempted_1_0,3271,30,0,budget,0,69,true,5,623,75,118,0.2,0.8,0,0,0,3,8,crash,false,12,9,496,2775,0,0,0,false,false,true,0,0,3271,30,0,
1192,tempted_1_0,2628,30,0,budget,0,55,true,3,295,66,127,0.36666666666666664,0.6333333333333333,0,0,0,3,6,crash,false,6,10,638,1990,0,0,0,false,false,false,0,0,2628,30,0,
1193,tempted_1_0,9372,40,20,lock,2,100,true,4,1360,108,157,0.2,0.4,0.125,0.025,0.25,5,1,crash,false,6,12,312,1835,1080,1305,4840,false,true,false,5890,10,3482,30,1,4
1194,tempted_1_0,3696,30,0,budget,0,63,true,4,585,82,149,0.36666666666666664,0.6333333333333333,0,0,0,3,11,crash,false,6,12,791,2905,0,0,0,false,false,false,0,0,3696,30,0,
1195,tempted_1_0,3480,30,0,budget,0,67,true,4,378,87,153,0.4,0.6,0,0,0,4,11,normal,false,3,12,1050,2430,0,0,0,false,false,true,0,0,3480,30,0,
1196,tempted_1_0,3515,34,4,budget,0,83,true,3,600,90,118,0.23529411764705882,0.6470588235294118,0.11764705882352941,0,0,6,7,keto,false,3,14,230,2415,870,0,0,false,false,false,0,0,3515,34,0,
1197,tempted_1_0,4810,30,0,budget,0,63,true,5,745,105,148,0.06666666666666667,0.9333333333333333,0,0,0,2,22,normal,false,6,11,125,4685,0,0,0,false,false,false,0,0,4810,30,0,
1198,tempted_1_0,4015,11,9,lock,1,100,false,4,1600,34,46,0,0.36363636363636365,0.18181818181818182,0,0.45454545454545453,1,4,normal,false,3,4,0,645,210,360,2800,false,false,false,3355,5,660,6,0,
1199,tempted_1_0,7720,41,11,budget,1,100,true,4,1780,114,165,0.024390243902439025,0.7804878048780488,0.07317073170731707,0,0.12195121951219512,4,12,normal,false,8,17,20,3360,500,180,3660,false,false,true,3700,5,4020,36,1,2
1200,tempted_1_0,778,10,0,lock,0,50,true,2,165,17,36,0.2,0.8,0,0,0,1,4,crash,false,2,4,53,725,0,0,0,false,false,false,0,0,778,10,0,
1201,tempted_1_0,7356,32,2,budget,0,80,true,6,1600,131,183,0.09375,0.90625,0,0,0,3,9,normal,false,3,17,171,6285,900,0,0,false,false,true,0,0,7356,32,0,
1202,tempted_1_0,3423,30,0,budget,0,56,true,4,525,81,128,0.3,0.7,0,0,0,5,6,crash,false,5,12,513,2910,0,0,0,false,false,false,0,0,3423,30,0,
1203,tempted_1_0,7715,45,15,budget,1,100,false,5,870,141,175,0,0.7333333333333333,0.13333333333333333,0.022222222222222223,0.1111111111111111,5,16,normal,false,9,19,0,4650,620,585,1860,false,false,false,1670,5,6045,40,1,2
1204,tempted_1_0,4283,32,2,budget,0,83,true,5,918,90,133,0.0625,0.90625,0.03125,0,0,3,2,normal,false,5,11,128,3645,510,0,0,false,false,true,0,0,4283,32,0,
1205,tempted_1_0,3148,32,2,budget,0,70,true,4,390,75,126,0.34375,0.65625,0,0,0,5,3,normal,false,5,11,578,2570,0,0,0,false,false,true,0,0,3148,32,0,
1206,tempted_1_0,4328,30,0,budget,0,63,true,5,540,87,137,0.2,0.8,0,0,0,4,14,crash,false,3,14,133,4195,0,0,0,false,false,false,0,0,4328,30,0,
1207,tempted_1_0,2647,30,0,budget,0,61,true,3,315,68,121,0.13333333333333333,0.8666666666666667,0,0,0,1,7,crash,false,10,7,432,2215,0,0,0,false,false,false,0,0,2647,30,0,
1208,tempted_1_0,5290,32,2,budget,0,72,true,7,1028,89,152,0.25,0.75,0,0,0,5,2,normal,false,4,14,475,4365,450,0,0,false,false,true,0,0,5290,32,0,
1209,tempted_1_0,4580,42,12,budget,0,79,true,6,720,107,156,0.023809523809523808,0.9285714285714286,0.047619047619047616,0,0,7,1,normal,false,4,19,55,3955,570,0,0,false,false,false,0,0,4580,42,0,
1210,tempted_1_0,2258,30,0,budget,0,55,true,4,395,61,90,0.3,0.7,0,0,0,3,15,normal,false,5,9,323,1935,0,0,0,false,false,true,0,0,2258,30,0,
1211,tempted_1_0,4820,36,6,budget,0,79,true,5,780,100,146,0,0.9444444444444444,0.05555555555555555,0,0,2,12,normal,false,8,12,80,3930,810,0,0,false,false,false,0,0,4820,36,0,
1212,tempted_1_0,8400,48,18,budget,0,87,true,7,1470,155,228,0.041666666666666664,0.8125,0.14583333333333334,0,0,9,15,crash,false,4,24,30,6820,1280,270,0,false,false,false,0,0,8400,48,0,
1213,tempted_1_0,2920,32,2,budget,0,80,false,5,570,76,94,0,0.96875,0.03125,0,0,1,25,normal,false,9,7,0,2830,90,0,0,false,false,true,0,0,2920,32,0,
1214,tempted_1_0,4819,32,2,budget,0,70,true,5,630,108,153,0.21875,0.78125,0,0,0,3,8,normal,false,4,17,359,4460,0,0,0,false,false,true,0,0,4819,32,0,
1215,tempted_1_0,8918,40,10,budget,0,97,true,5,1440,130,212,0.225,0.65,0.075,0.05,0,5,4,crash,false,6,21,558,4805,1620,1935,0,true,true,true,0,0,8918,40,0,
1216,tempted_1_0,4146,30,0,budget,0,56,true,6,765,91,138,0.23333333333333334,0.7666666666666667,0,0,0,3,5,normal,false,4,13,266,3880,0,0,0,false,false,false,0,0,4146,30,0,
1217,tempted_1_0,21545,64,34,budget,2,100,false,5,2760,233,271,0,0.703125,0.140625,0,0.15625,14,4,normal,false,7,34,0,4470,3790,405,12880,false,false,false,13000,10,8545,54,2,2|2
1218,tempted_1_0,2935,30,0,budget,0,57,true,4,765,75,114,0.26666666666666666,0.7333333333333333,0,0,0,3,11,normal,false,7,10,400,2535,0,0,0,false,false,false,0,0,2935,30,0,
1219,tempted_1_0,5260,42,12,budget,0,86,false,4,950,115,154,0,0.8571428571428571,0.14285714285714285,0,0,4,3,normal,false,12,13,0,3380,1880,0,0,false,false,false,0,0,5260,42,0,
1220,tempted_1_0,9273,38,8,budget,0,88,true,11,4465,117,163,0.05263157894736842,0.9210526315789473,0,0.02631578947368421,0,4,25,normal,false,9,13,303,7170,1260,540,0,false,false,true,0,0,9273,38,0,
1221,tempted_1_0,375,5,0,lock,0,50,true,2,105,3,21,0.2,0.8,0,0,0,0,-1,crash,false,5,0,45,330,0,0,0,false,false,false,0,0,375,5,0,
1222,tempted_1_0,7845,21,21,lock,1,100,false,6,2345,87,94,0,0.38095238095238093,0.23809523809523808,0.14285714285714285,0.23809523809523808,5,1,normal,false,3,11,0,1290,1580,1815,3160,false,false,true,4185,5,3660,16,0,
1223,tempted_1_0,4056,40,10,budget,0,74,true,4,525,101,149,0.1,0.85,0.05,0,0,7,1,normal,false,6,18,341,3445,270,0,0,false,false,true,0,0,4056,40,0,
1224,tempted_1_0,7079,47,17,budget,1,100,true,4,810,141,214,0.23404255319148937,0.5319148936170213,0.0851063829787234,0.0425531914893617,0.10638297872340426,9,1,normal,false,4,24,734,4180,840,225,1100,false,false,true,870,5,6209,42,1,3
1225,tempted_1_0,3502,30,0,budget,0,53,true,5,1070,67,147,0.43333333333333335,0.5666666666666667,0,0,0,2,14,crash,false,5,11,747,2755,0,0,0,false,false,false,0,0,3502,30,0,
1226,tempted_1_0,5780,42,12,budget,0,75,true,4,420,134,179,0,0.9047619047619048,0.09523809523809523,0,0,5,9,normal,false,4,18,120,4670,990,0,0,false,false,false,0,0,5780,42,0,
1227,tempted_1_0,4578,34,4,budget,0,74,true,5,940,98,146,0.11764705882352941,0.8823529411764706,0,0,0,4,1,normal,false,4,13,388,3740,450,0,0,false,false,false,0,0,4578,34,0,
1228,tempted_1_0,3830,32,2,budget,0,75,true,4,675,88,120,0,0.96875,0.03125,0,0,1,13,normal,false,4,11,90,3620,120,0,0,false,false,false,0,0,3830,32,0,
1229,tempted_1_0,2891,30,0,budget,0,51,true,4,580,74,119,0.3,0.7,0,0,0,2,7,crash,false,5,11,576,2315,0,0,0,false,false,false,0,0,2891,30,0,
1230,tempted_1_0,4419,40,10,budget,0,88,true,3,420,102,169,0.3,0.625,0.075,0,0,6,3,normal,false,10,19,414,3075,660,270,0,false,false,true,0,0,4419,40,0,
1231,tempted_1_0,3371,30,0,budget,0,50,true,5,810,76,129,0.4666666666666667,0.5333333333333333,0,0,0,5,4,normal,false,5,13,736,2635,0,0,0,false,false,false,0,0,3371,30,0,
1232,tempted_1_0,3419,30,0,budget,0,58,true,5,765,72,128,0.4,0.6,0,0,0,2,6,crash,false,4,12,499,2920,0,0,0,false,false,false,0,0,3419,30,0,
1233,tempted_1_0,11380,50,20,budget,2,100,true,4,1980,158,211,0.06,0.62,0.12,0,0.2,6,7,normal,false,4,19,240,4240,1020,180,5700,false,false,false,5820,10,5560,40,1,4
1234,tempted_1_0,3004,30,0,budget,0,55,true,5,720,80,115,0.26666666666666666,0.7333333333333333,0,0,0,2,13,normal,false,8,11,329,2675,0,0,0,false,false,true,0,0,3004,30,0,
1235,tempted_1_0,4050,38,8,budget,0,82,true,3,365,102,140,0,0.868421052631579,0.13157894736842105,0,0,4,18,normal,false,10,14,60,3320,670,0,0,false,false,false,0,0,4050,38,0,
1236,tempted_1_0,10438,47,17,budget,1,100,true,7,1675,155,205,0.06382978723404255,0.6595744680851063,0.10638297872340426,0.06382978723404255,0.10638297872340426,7,5,normal,false,4,22,148,5010,2250,930,2100,false,true,true,2195,5,8243,42,1,4
1237,tempted_1_0,3703,30,0,budget,0,53,true,4,465,90,129,0.13333333333333333,0.8666666666666667,0,0,0,2,21,normal,false,9,13,453,3250,0,0,0,false,false,true,0,0,3703,30,0,
1238,tempted_1_0,13643,64,34,budget,2,100,true,8,3165,180,240,0.03125,0.6875,0.109375,0.015625,0.15625,11,8,normal,false,8,34,73,4710,2610,2550,3700,false,true,false,4170,10,9473,54,1,2
1239,tempted_1_0,5528,42,12,budget,0,88,true,4,750,106,143,0.09523809523809523,0.7380952380952381,0.07142857142857142,0.09523809523809523,0,6,5,normal,false,4,19,233,2565,2100,630,0,false,false,false,0,0,5528,42,0,
1240,tempted_1_0,15028,47,17,budget,1,100,true,6,5380,161,225,0.0425531914893617,0.7446808510638298,0.10638297872340426,0,0.10638297872340426,5,1,normal,false,6,24,73,5195,2700,360,6700,false,false,true,2250,5,12778,42,0,
1241,tempted_1_0,3373,34,4,budget,0,80,true,3,375,90,123,0.08823529411764706,0.9117647058823529,0,0,0,4,11,normal,false,4,12,93,3040,240,0,0,false,false,false,0,0,3373,34,0,
1242,tempted_1_0,4383,38,8,budget,0,73,true,5,690,106,154,0.3157894736842105,0.6052631578947368,0.07894736842105263,0,0,7,6,normal,false,5,17,608,3475,300,0,0,false,false,false,0,0,4383,38,0,
1243,tempted_1_0,5825,34,4,budget,0,75,true,6,1353,108,173,0.23529411764705882,0.7058823529411765,0.058823529411764705,0,0,5,6,normal,false,3,16,755,4440,630,0,0,false,false,false,0,0,5825,34,0,
1244,tempted_1_0,2256,30,0,budget,0,50,true,3,430,68,120,0.6333333333333333,0.36666666666666664,0,0,0,5,7,normal,false,6,12,1031,1225,0,0,0,false,false,true,0,0,2256,30,0,
1245,tempted_1_0,6550,44,14,budget,0,99,false,3,480,143,180,0,0.7954545454545454,0.18181818181818182,0.022727272727272728,0,4,14,normal,false,8,17,0,4210,1620,720,0,true,true,false,0,0,6550,44,0,
1246,tempted_1_0,2580,30,0,budget,0,52,true,3,300,66,118,0.3,0.7,0,0,0,4,13,normal,false,5,9,540,2040,0,0,0,false,false,false,0,0,2580,30,0,
1247,tempted_1_0,32450,82,52,budget,4,100,true,8,4900,310,385,0.036585365853658534,0.47560975609756095,0.17073170731707318,0.07317073170731707,0.24390243902439024,18,1,normal,false,4,43,285,6105,5240,2520,18300,false,true,false,16510,20,15940,62,3,7|2|6
1248,tempted_1_0,2956,30,0,budget,0,56,true,4,390,74,109,0.2,0.8,0,0,0,3,8,normal,false,6,12,201,2755,0,0,0,false,false,true,0,0,2956,30,0,
1249,tempted_1_0,4835,34,4,budget,0,77,true,5,1430,103,175,0.3235294117647059,0.6764705882352942,0,0,0,4,1,normal,false,6,16,965,2710,1160,0,0,false,false,false,0,0,4835,34,0,
1250,tempted_1_0,2675,30,0,budget,0,62,true,4,480,77,105,0.36666666666666664,0.6333333333333333,0,0,0,5,4,normal,false,5,13,515,2160,0,0,0,false,false,false,0,0,2675,30,0,
1251,tempted_1_0,4456,32,2,budget,0,80,true,6,1125,99,142,0.09375,0.90625,0,0,0,3,5,normal,false,4,15,286,3930,240,0,0,false,false,true,0,0,4456,32,0,
1252,tempted_1_0,2768,30,0,budget,0,52,true,3,330,78,120,0.23333333333333334,0.7666666666666667,0,0,0,4,4,normal,false,3,17,448,2320,0,0,0,false,false,true,0,0,2768,30,0,
1253,tempted_1_0,3100,30,0,budget,0,66,true,3,360,79,129,0.3,0.7,0,0,0,3,19,normal,false,3,12,505,2595,0,0,0,false,false,true,0,0,3100,30,0,
1254,tempted_1_0,3860,30,0,budget,0,53,true,4,540,76,142,0.4666666666666667,0.5333333333333333,0,0,0,2,7,crash,false,9,9,440,3420,0,0,0,false,false,false,0,0,3860,30,0,
1255,tempted_1_0,32679,63,33,budget,3,100,true,8,11200,251,319,0.07936507936507936,0.5238095238095238,0.12698412698412698,0.031746031746031744,0.23809523809523808,10,11,normal,false,4,36,314,4515,1400,1350,25100,false,true,true,20260,15,12419,48,1,2
1256,tempted_1_0,4463,30,0,budget,0,62,true,5,825,87,136,0.1,0.9,0,0,0,2,8,normal,false,7,12,113,4350,0,0,0,false,false,true,0,0,4463,30,0,
1257,tempted_1_0,2809,30,0,budget,0,62,true,3,420,75,123,0.26666666666666666,0.7333333333333333,0,0,0,2,6,crash,false,5,14,369,2440,0,0,0,false,false,false,0,0,2809,30,0,
1258,tempted_1_0,2485,30,0,budget,0,55,true,4,248,63,133,0.4,0.6,0,0,0,4,7,crash,false,4,12,1030,1455,0,0,0,false,false,false,0,0,2485,30,0,
1259,tempted_1_0,13315,65,35,budget,1,100,false,4,1860,189,245,0,0.6615384615384615,0.2153846153846154,0.046153846153846156,0.07692307692307693,11,1,normal,false,15,23,0,4000,2670,2745,3900,false,true,false,3180,5,10135,60,1,2
1260,tempted_1_0,2900,30,0,budget,0,67,true,4,395,71,100,0.03333333333333333,0.9666666666666667,0,0,0,1,10,normal,false,8,8,70,2830,0,0,0,false,false,false,0,0,2900,30,0,
1261,tempted_1_0,7146,40,10,budget,0,89,true,4,1000,128,203,0.175,0.725,0.025,0.075,0,6,9,crash,false,7,16,381,4990,1280,495,0,false,false,false,0,0,7146,40,0,
1262,tempted_1_0,2704,30,0,budget,0,51,true,4,435,66,142,0.5666666666666667,0.43333333333333335,0,0,0,2,7,normal,false,5,11,1219,1485,0,0,0,false,false,false,0,0,2704,30,0,
1263,tempted_1_0,16221,65,35,budget,1,100,true,6,6350,200,262,0.06153846153846154,0.6615384615384615,0.15384615384615385,0.046153846153846156,0.07692307692307693,14,2,normal,false,6,25,96,4710,3640,1635,6140,false,false,false,7010,5,9211,60,1,2
1264,tempted_1_0,5884,32,2,budget,0,82,true,8,3735,76,114,0.15625,0.8125,0.03125,0,0,3,2,normal,false,6,10,239,2495,3150,0,0,false,false,true,0,0,5884,32,0,
1265,tempted_1_0,6687,36,6,budget,0,83,true,4,1110,117,195,0.3055555555555556,0.6944444444444444,0,0,0,6,5,crash,false,6,15,737,3580,2370,0,0,false,false,true,0,0,6687,36,0,
1266,tempted_1_0,4640,32,2,budget,0,73,true,6,1200,90,152,0.40625,0.59375,0,0,0,5,3,crash,false,7,13,405,3875,360,0,0,false,false,false,0,0,4640,32,0,
1267,tempted_1_0,4467,30,0,budget,0,62,true,5,1220,86,158,0.3333333333333333,0.6666666666666666,0,0,0,4,8,crash,false,5,12,517,3950,0,0,0,false,false,false,0,0,4467,30,0,
1268,tempted_1_0,5487,32,2,budget,0,73,true,8,1900,99,172,0.4375,0.53125,0.03125,0,0,5,3,normal,false,7,12,617,4690,180,0,0,false,false,true,0,0,5487,32,0,
1269,tempted_1_0,3327,32,2,budget,0,70,true,5,780,90,122,0.34375,0.65625,0,0,0,5,15,normal,false,3,14,372,2775,180,0,0,false,false,false,0,0,3327,32,0,
1270,tempted_1_0,7606,39,9,budget,1,100,true,5,1960,128,147,0.15384615384615385,0.6923076923076923,0.02564102564102564,0,0.1282051282051282,4,9,normal,false,4,16,416,2780,450,360,3600,false,false,true,4120,5,3486,34,0,
1271,tempted_1_0,3003,34,4,budget,0,71,true,4,450,78,128,0.3235294117647059,0.6764705882352942,0,0,0,6,7,normal,false,6,14,343,2660,0,0,0,false,false,true,0,0,3003,34,0,
1272,tempted_1_0,16600,57,27,budget,1,100,true,7,5360,178,245,0,0.6842105263157895,0.19298245614035087,0.03508771929824561,0.08771929824561403,11,20,normal,false,3,30,30,5180,2640,1770,6980,false,true,false,7010,5,9590,52,1,4
1273,tempted_1_0,3561,34,4,budget,0,76,true,3,450,84,136,0.14705882352941177,0.8235294117647058,0.029411764705882353,0,0,4,1,normal,false,6,13,201,3090,270,0,0,false,false,false,0,0,3561,34,0,
1274,tempted_1_0,4304,30,0,budget,0,68,true,4,750,89,139,0.23333333333333334,0.7666666666666667,0,0,0,2,16,crash,false,8,9,134,4170,0,0,0,false,false,false,0,0,4304,30,0,
1275,tempted_1_0,3686,30,0,budget,0,52,true,5,975,58,150,0.3333333333333333,0.6666666666666666,0,0,0,3,4,crash,false,5,13,671,3015,0,0,0,false,false,false,0,0,3686,30,0,
1276,tempted_1_0,3894,30,0,budget,0,68,true,5,855,81,132,0.2,0.8,0,0,0,2,10,crash,false,4,10,199,3695,0,0,0,false,false,false,0,0,3894,30,0,
1277,tempted_1_0,18845,44,26,lock,2,100,true,8,6400,168,235,0,0.5681818181818182,0.18181818181818182,0.022727272727272728,0.22727272727272727,9,2,keto,false,7,18,90,3380,4180,4335,6860,false,false,true,6295,10,12550,34,2,3|3
1278,tempted_1_0,5308,34,4,budget,0,75,true,6,1070,103,159,0.11764705882352941,0.8823529411764706,0,0,0,2,15,crash,false,7,15,168,4330,810,0,0,false,false,false,0,0,5308,34,0,
1279,tempted_1_0,3379,30,0,budget,0,69,true,4,510,84,135,0.3,0.7,0,0,0,4,13,normal,false,4,14,384,2995,0,0,0,false,false,true,0,0,3379,30,0,
1280,tempted_1_0,4822,30,0,budget,0,68,true,5,1145,89,142,0.26666666666666666,0.7333333333333333,0,0,0,3,16,crash,false,3,13,187,4635,0,0,0,false,false,false,0,0,4822,30,0,
1281,tempted_1_0,2680,30,0,budget,0,64,true,4,450,62,122,0.36666666666666664,0.6333333333333333,0,0,0,3,7,crash,false,4,11,560,2120,0,0,0,false,false,false,0,0,2680,30,0,
1282,tempted_1_0,3461,32,2,budget,0,72,true,4,540,89,129,0.28125,0.6875,0.03125,0,0,4,5,normal,false,4,14,511,2860,90,0,0,false,false,true,0,0,3461,32,0,
1283,tempted_1_0,2581,30,0,budget,0,58,true,4,450,64,110,0.26666666666666666,0.7333333333333333,0,0,0,3,21,crash,false,6,9,416,2165,0,0,0,false,false,false,0,0,2581,30,0,
1284,tempted_1_0,3605,11,9,lock,1,100,false,5,1730,31,52,0,0.45454545454545453,0.09090909090909091,0,0.45454545454545453,1,2,normal,false,3,4,0,375,1400,450,1380,false,false,true,2870,5,735,6,0,
1285,tempted_1_0,2249,30,0,budget,0,59,true,3,210,67,112,0.4666666666666667,0.5333333333333333,0,0,0,5,3,normal,false,4,12,679,1570,0,0,0,false,false,false,0,0,2249,30,0,
1286,tempted_1_0,2375,30,0,budget,0,62,true,5,675,65,95,0.16666666666666666,0.8333333333333334,0,0,0,3,7,normal,false,6,10,265,2110,0,0,0,false,false,false,0,0,2375,30,0,
1287,tempted_1_0,3309,30,0,budget,0,62,true,5,575,81,113,0.13333333333333333,0.8666666666666667,0,0,0,3,13,normal,false,3,13,254,3055,0,0,0,false,false,false,0,0,3309,30,0,
1288,tempted_1_0,2731,30,0,budget,0,63,true,4,400,71,99,0.1,0.9,0,0,0,1,29,normal,false,6,9,156,2575,0,0,0,false,false,true,0,0,2731,30,0,
1289,tempted_1_0,4016,30,0,budget,0,69,true,5,885,100,149,0.1,0.9,0,0,0,2,5,normal,false,8,9,406,3610,0,0,0,false,false,false,0,0,4016,30,0,
1290,tempted_1_0,6613,40,10,budget,0,95,true,5,725,136,193,0.075,0.775,0.125,0.025,0,6,4,normal,false,5,16,153,4910,1280,270,0,true,true,false,0,0,6613,40,0,
1291,tempted_1_0,19780,65,35,budget,3,100,true,6,4740,208,274,0.2153846153846154,0.3384615384615385,0.12307692307692308,0.09230769230769231,0.23076923076923078,15,1,crash,false,7,32,405,3560,2110,1545,12160,false,true,false,9145,15,10635,50,3,3|6|7
1292,tempted_1_0,2220,30,0,budget,0,50,true,4,525,52,100,0.4666666666666667,0.5333333333333333,0,0,0,5,5,crash,false,5,12,380,1840,0,0,0,false,false,false,0,0,2220,30,0,
1293,tempted_1_0,5412,44,14,budget,0,83,true,5,710,121,170,0.11363636363636363,0.7045454545454546,0.18181818181818182,0,0,7,9,normal,false,6,17,282,4380,750,0,0,false,false,false,0,0,5412,44,0,
1294,tempted_1_0,3108,30,0,budget,0,58,true,4,690,69,111,0.06666666666666667,0.9333333333333333,0,0,0,0,-1,crash,false,12,5,23,3085,0,0,0,false,false,false,0,0,3108,30,0,
1295,tempted_1_0,3637,36,6,budget,0,85,true,4,495,100,141,0.25,0.6666666666666666,0.08333333333333333,0,0,7,7,normal,false,3,15,717,2530,390,0,0,false,false,false,0,0,3637,36,0,
1296,tempted_1_0,10595,48,18,budget,0,97,false,6,3495,136,184,0,0.7708333333333334,0.16666666666666666,0.0625,0,7,4,normal,false,4,19,0,3930,1940,4725,0,true,true,false,0,0,10595,48,0,
1297,tempted_1_0,2705,30,0,budget,0,50,true,4,360,76,124,0.4,0.6,0,0,0,2,19,normal,false,6,9,640,2065,0,0,0,false,false,false,0,0,2705,30,0,
1298,tempted_1_0,17396,60,30,budget,2,100,true,6,1960,223,277,0.1,0.6,0.1,0.03333333333333333,0.16666666666666666,12,8,normal,false,9,30,226,5030,3610,1290,7240,false,true,false,7680,10,9716,50,2,3|2
1299,tempted_1_0,2297,30,0,budget,0,60,true,4,405,64,93,0.3,0.7,0,0,0,4,5,normal,false,4,11,387,1910,0,0,0,false,false,false,0,0,2297,30,0,
1300,tempted_1_0,4155,30,0,budget,0,68,true,5,690,97,143,0.06666666666666667,0.9333333333333333,0,0,0,1,5,crash,false,5,12,115,4040,0,0,0,false,false,false,0,0,4155,30,0,
1301,tempted_1_0,7157,43,13,budget,1,100,true,4,1740,100,182,0.4418604651162791,0.3488372093023256,0.09302325581395349,0,0.11627906976744186,5,5,normal,false,5,21,1152,1735,870,720,2680,false,false,true,3180,5,3977,38,1,2
1302,tempted_1_0,4104,30,0,budget,0,61,true,5,845,94,140,0.2,0.8,0,0,0,2,9,normal,false,6,13,269,3835,0,0,0,false,false,true,0,0,4104,30,0,
1303,tempted_1_0,3631,32,2,budget,0,70,true,7,1210,83,138,0.375,0.625,0,0,0,3,9,normal,false,8,5,541,3090,0,0,0,false,false,false,0,0,3631,32,0,
1304,tempted_1_0,2749,30,0,budget,0,65,true,5,490,71,103,0.23333333333333334,0.7666666666666667,0,0,0,4,4,normal,false,5,10,269,2480,0,0,0,false,false,true,0,0,2749,30,0,
1305,tempted_1_0,2752,30,0,budget,0,68,true,3,480,74,124,0.36666666666666664,0.6333333333333333,0,0,0,4,10,normal,false,4,13,472,2280,0,0,0,false,false,false,0,0,2752,30,0,
1306,tempted_1_0,3950,34,4,budget,0,97,true,3,390,87,122,0.058823529411764705,0.8235294117647058,0.058823529411764705,0.058823529411764705,0,2,5,normal,false,6,13,60,3030,410,450,0,true,true,true,0,0,3950,34,0,
1307,tempted_1_0,6247,48,18,budget,0,97,true,5,1005,122,171,0.16666666666666666,0.6458333333333334,0.125,0.0625,0,7,1,crash,false,8,19,222,3655,1020,1350,0,true,true,false,0,0,6247,48,0,
1308,tempted_1_0,2592,30,0,budget,0,57,true,4,395,67,139,0.7,0.3,0,0,0,2,22,normal,false,6,10,1242,1350,0,0,0,false,false,true,0,0,2592,30,0,
1309,tempted_1_0,5773,38,8,budget,0,84,true,4,720,109,189,0.23684210526315788,0.7105263157894737,0.05263157894736842,0,0,4,10,crash,false,5,17,698,3785,1290,0,0,false,false,true,0,0,5773,38,0,
1310,tempted_1_0,2977,30,0,budget,0,52,true,6,625,77,142,0.4,0.6,0,0,0,2,20,crash,false,8,10,1452,1525,0,0,0,false,false,false,0,0,2977,30,0,
1311,tempted_1_0,3147,30,0,budget,0,53,true,4,570,74,122,0.26666666666666666,0.7333333333333333,0,0,0,4,18,normal,false,5,13,502,2645,0,0,0,false,false,true,0,0,3147,30,0,
1312,tempted_1_0,9118,52,22,budget,0,98,true,4,1200,165,216,0.057692307692307696,0.7307692307692307,0.17307692307692307,0.038461538461538464,0,11,2,normal,false,5,24,238,3930,3600,1350,0,true,true,true,0,0,9118,52,0,
1313,tempted_1_0,2168,30,0,budget,0,50,true,3,285,58,133,0.7,0.3,0,0,0,3,15,crash,false,5,15,1063,1105,0,0,0,false,false,true,0,0,2168,30,0,
1314,tempted_1_0,1806,32,2,budget,0,73,true,2,260,52,77,0.09375,0.90625,0,0,0,2,5,normal,false,14,5,86,1540,180,0,0,false,false,false,0,0,1806,32,0,
1315,tempted_1_0,1957,30,0,budget,0,55,true,3,255,58,90,0.26666666666666666,0.7333333333333333,0,0,0,3,10,normal,false,5,11,377,1580,0,0,0,false,false,true,0,0,1957,30,0,
1316,tempted_1_0,2769,32,2,budget,0,71,true,4,435,72,121,0.3125,0.6875,0,0,0,7,5,normal,false,4,15,429,2070,270,0,0,false,false,false,0,0,2769,32,0,
1317,tempted_1_0,3689,32,2,budget,0,71,true,4,485,97,140,0.3125,0.6875,0,0,0,5,2,normal,false,4,14,504,2915,270,0,0,false,false,true,0,0,3689,32,0,
1318,tempted_1_0,9305,47,37,lock,1,100,true,5,2265,140,175,0.0425531914893617,0.5106382978723404,0.2127659574468085,0.1276595744680851,0.10638297872340426,12,2,deep,false,6,27,75,2750,2040,3300,1140,false,true,true,1440,5,7865,42,1,2
1319,tempted_1_0,4810,36,6,budget,0,92,true,5,1210,101,146,0.2222222222222222,0.6944444444444444,0.05555555555555555,0.027777777777777776,0,6,7,normal,false,6,17,570,2320,1740,180,0,true,false,true,0,0,4810,36,0,
1320,tempted_1_0,4065,38,8,budget,0,88,true,4,320,97,137,0.07894736842105263,0.7368421052631579,0.18421052631578946,0,0,3,7,normal,false,5,15,130,2765,900,270,0,false,false,false,0,0,4065,38,0,
1321,tempted_1_0,7445,28,14,lock,0,96,true,4,1515,101,137,0,0.6428571428571429,0.2857142857142857,0.07142857142857142,0,6,4,normal,false,7,12,30,2015,2580,2820,0,true,true,false,0,0,7445,28,0,
1322,tempted_1_0,4386,30,0,budget,0,67,true,6,1055,91,149,0.3333333333333333,0.6666666666666666,0,0,0,3,5,crash,false,3,13,321,4065,0,0,0,false,false,false,0,0,4386,30,0,
1323,tempted_1_0,3041,30,0,budget,0,50,true,4,490,75,145,0.5,0.5,0,0,0,5,9,normal,false,4,10,746,2295,0,0,0,false,false,false,0,0,3041,30,0,
1324,tempted_1_0,3848,32,2,budget,0,78,true,3,410,98,132,0.09375,0.875,0.03125,0,0,3,8,normal,false,8,12,163,3595,90,0,0,false,false,false,0,0,3848,32,0,
1325,tempted_1_0,2650,30,0,budget,0,50,true,3,330,76,129,0.26666666666666666,0.7333333333333333,0,0,0,2,15,crash,false,6,10,685,1965,0,0,0,false,false,false,0,0,2650,30,0,
1326,tempted_1_0,3963,36,6,budget,0,74,true,3,390,104,156,0.2777777777777778,0.6944444444444444,0.027777777777777776,0,0,7,8,normal,false,7,20,468,3015,480,0,0,false,false,true,0,0,3963,36,0,
1327,tempted_1_0,5115,36,6,budget,0,92,true,6,1135,109,140,0.027777777777777776,0.9166666666666666,0.027777777777777776,0.027777777777777776,0,3,13,normal,false,12,9,60,4830,90,135,0,true,false,false,0,0,5115,36,0,
1328,tempted_1_0,2633,30,0,budget,0,53,true,3,270,69,137,0.5333333333333333,0.4666666666666667,0,0,0,4,9,crash,false,5,7,788,1845,0,0,0,false,false,false,0,0,2633,30,0,
1329,tempted_1_0,2366,30,0,budget,0,50,true,4,535,49,96,0.5,0.5,0,0,0,5,9,crash,false,7,9,371,1995,0,0,0,false,false,false,0,0,2366,30,0,
1330,tempted_1_0,2318,30,0,budget,0,67,true,4,330,61,109,0.43333333333333335,0.5666666666666667,0,0,0,3,11,crash,false,4,11,833,1485,0,0,0,false,false,false,0,0,2318,30,0,
1331,tempted_1_0,4210,30,0,budget,0,50,true,5,925,69,156,0.5,0.5,0,0,0,5,7,crash,false,5,14,785,3425,0,0,0,false,false,true,0,0,4210,30,0,
1332,tempted_1_0,2968,30,0,budget,0,61,true,4,570,75,120,0.16666666666666666,0.8333333333333334,0,0,0,3,7,crash,false,6,15,163,2805,0,0,0,false,false,true,0,0,2968,30,0,
1333,tempted_1_0,8521,43,13,budget,1,100,true,5,1580,135,169,0.09302325581395349,0.7674418604651163,0.023255813953488372,0,0.11627906976744186,5,3,normal,false,5,20,161,4100,920,0,3340,false,false,false,3330,5,5191,38,0,
1334,tempted_1_0,11543,53,23,budget,1,100,true,4,920,194,259,0.11320754716981132,0.6037735849056604,0.1509433962264151,0.03773584905660377,0.09433962264150944,11,10,normal,false,6,28,408,5515,2300,540,2780,false,false,false,2465,5,9078,48,1,3
1335,tempted_1_0,4045,38,8,budget,0,88,true,3,660,85,131,0.07894736842105263,0.8157894736842105,0.10526315789473684,0,0,4,1,crash,false,6,15,55,2850,600,540,0,false,false,false,0,0,4045,38,0,
1336,tempted_1_0,2598,30,0,budget,0,50,true,4,505,65,115,0.4,0.6,0,0,0,4,5,crash,false,3,10,548,2050,0,0,0,false,false,false,0,0,2598,30,0,
1337,tempted_1_0,8163,38,8,budget,0,99,true,6,2445,139,203,0.15789473684210525,0.7631578947368421,0.05263157894736842,0.02631578947368421,0,4,4,normal,false,7,19,273,4950,870,2070,0,true,true,false,0,0,8163,38,0,
1338,tempted_1_0,6755,39,9,budget,1,100,true,4,900,113,175,0.3076923076923077,0.5128205128205128,0.02564102564102564,0.02564102564102564,0.1282051282051282,5,1,normal,false,7,14,545,3340,500,510,1860,false,false,true,2190,5,4565,34,1,2
1339,tempted_1_0,3684,30,0,budget,0,67,true,3,400,103,142,0.1,0.9,0,0,0,1,13,normal,false,6,12,284,3400,0,0,0,false,false,true,0,0,3684,30,0,
1340,tempted_1_0,4083,32,2,budget,0,75,true,6,1120,85,151,0.40625,0.53125,0.0625,0,0,4,13,crash,false,6,16,903,2940,240,0,0,false,false,true,0,0,4083,32,0,
1341,tempted_1_0,3913,36,6,budget,0,71,true,4,695,99,133,0.08333333333333333,0.9166666666666666,0,0,0,5,1,normal,false,8,13,113,3440,360,0,0,false,false,false,0,0,3913,36,0,
1342,tempted_1_0,2788,26,2,lock,0,70,true,4,375,72,113,0.3076923076923077,0.6923076923076923,0,0,0,4,1,normal,false,3,12,573,2215,0,0,0,false,false,false,0,0,2788,26,0,
1343,tempted_1_0,16029,57,27,budget,1,100,true,6,2220,183,283,0.12280701754385964,0.6491228070175439,0.12280701754385964,0.017543859649122806,0.08771929824561403,14,3,normal,false,5,29,494,4555,4290,1350,5340,false,false,true,3220,5,12809,52,1,2
1344,tempted_1_0,2187,30,0,budget,0,56,true,3,330,58,108,0.5,0.5,0,0,0,2,13,crash,false,5,9,657,1530,0,0,0,false,false,false,0,0,2187,30,0,
1345,tempted_1_0,8455,43,13,budget,1,100,true,4,2160,125,176,0.06976744186046512,0.7674418604651163,0.046511627906976744,0,0.11627906976744186,7,6,normal,false,5,19,70,3850,480,675,3380,false,false,false,3260,5,5195,38,1,2
1346,tempted_1_0,6675,42,12,budget,0,94,true,4,1275,105,171,0.07142857142857142,0.7857142857142857,0.14285714285714285,0,0,8,10,crash,false,5,20,135,3465,1590,1485,0,true,false,false,0,0,6675,42,0,
1347,tempted_1_0,2865,30,0,budget,0,58,true,5,510,71,100,0.06666666666666667,0.9333333333333333,0,0,0,2,5,normal,false,3,15,75,2790,0,0,0,false,false,true,0,0,2865,30,0,
1348,tempted_1_0,5778,44,14,budget,0,90,true,3,725,122,154,0.022727272727272728,0.7954545454545454,0.13636363636363635,0.045454545454545456,0,6,6,normal,false,8,14,83,3055,1830,810,0,true,false,false,0,0,5778,44,0,
1349,tempted_1_0,2894,30,0,budget,0,50,true,3,360,85,135,0.5,0.5,0,0,0,5,11,normal,false,4,14,839,2055,0,0,0,false,false,false,0,0,2894,30,0,
1350,tempted_1_0,3438,30,0,budget,0,66,true,4,500,87,129,0.3,0.7,0,0,0,3,11,normal,false,6,9,463,2975,0,0,0,false,false,false,0,0,3438,30,0,
1351,tempted_1_0,3151,30,0,budget,0,68,true,4,510,88,121,0.36666666666666664,0.6333333333333333,0,0,0,7,7,normal,false,3,13,561,2590,0,0,0,false,false,false,0,0,3151,30,0,
1352,tempted_1_0,3319,30,0,budget,0,50,true,3,525,71,131,0.26666666666666666,0.7333333333333333,0,0,0,4,5,normal,false,4,12,504,2815,0,0,0,false,false,true,0,0,3319,30,0,
1353,tempted_1_0,2736,30,0,budget,0,50,true,3,310,71,113,0.3,0.7,0,0,0,6,5,crash,false,5,13,406,2330,0,0,0,false,false,false,0,0,2736,30,0,
1354,tempted_1_0,1875,30,0,budget,0,53,true,4,308,54,117,0.6666666666666666,0.3333333333333333,0,0,0,4,5,crash,false,7,10,985,890,0,0,0,false,false,false,0,0,1875,30,0,
1355,tempted_1_0,3184,30,0,budget,0,68,true,4,570,70,115,0.4,0.6,0,0,0,4,3,normal,false,7,13,364,2820,0,0,0,false,false,true,0,0,3184,30,0,
1356,tempted_1_0,4948,38,8,budget,0,93,true,6,1328,79,166,0.5789473684210527,0.3157894736842105,0.07894736842105263,0.02631578947368421,0,4,2,crash,false,14,9,968,3035,810,135,0,true,false,false,0,0,4948,38,0,
1357,tempted_1_0,3505,30,0,budget,0,53,true,5,810,75,138,0.3,0.7,0,0,0,2,22,normal,false,5,11,575,2930,0,0,0,false,false,true,0,0,3505,30,0,
1358,tempted_1_0,8015,38,8,budget,0,98,true,7,1785,135,223,0.5,0.4473684210526316,0.05263157894736842,0,0,7,2,normal,false,6,16,1415,4110,1410,1080,0,true,true,true,0,0,8015,38,0,
1359,tempted_1_0,10246,56,26,budget,2,100,true,4,1290,153,194,0.07142857142857142,0.5714285714285714,0.14285714285714285,0.03571428571428571,0.17857142857142858,8,12,normal,false,6,25,291,2855,1470,1350,4280,false,false,false,3340,10,6906,46,2,4|4
1360,tempted_1_0,8683,48,18,budget,0,93,true,6,1640,150,216,0.0625,0.6666666666666666,0.2708333333333333,0,0,7,9,crash,false,7,18,223,4660,2900,900,0,true,false,false,0,0,8683,48,0,
1361,tempted_1_0,5001,34,4,budget,0,73,true,4,780,108,152,0.08823529411764706,0.9117647058823529,0,0,0,4,4,normal,false,6,12,161,3790,1050,0,0,false,false,false,0,0,5001,34,0,
1362,tempted_1_0,2165,30,0,budget,0,50,true,3,285,54,114,0.5333333333333333,0.4666666666666667,0,0,0,4,5,crash,false,9,8,465,1700,0,0,0,false,false,false,0,0,2165,30,0,
1363,tempted_1_0,5235,34,4,budget,0,72,true,5,990,100,182,0.38235294117647056,0.6176470588235294,0,0,0,4,12,crash,false,7,13,695,4060,480,0,0,false,false,false,0,0,5235,34,0,
1364,tempted_1_0,2546,30,0,budget,0,61,true,4,376,65,110,0.26666666666666666,0.7333333333333333,0,0,0,3,4,normal,false,10,7,701,1845,0,0,0,false,false,false,0,0,2546,30,0,
1365,tempted_1_0,2051,30,0,budget,0,54,true,3,270,57,112,0.43333333333333335,0.5666666666666667,0,0,0,2,23,crash,false,14,6,636,1415,0,0,0,false,false,false,0,0,2051,30,0,
1366,tempted_1_0,4536,30,0,budget,0,65,true,5,1085,97,153,0.26666666666666666,0.7333333333333333,0,0,0,1,30,normal,false,4,16,891,3645,0,0,0,false,false,true,0,0,4536,30,0,
1367,tempted_1_0,3577,34,4,budget,0,87,true,4,730,80,112,0.20588235294117646,0.7352941176470589,0.058823529411764705,0,0,4,14,normal,false,7,12,367,2270,940,0,0,false,false,false,0,0,3577,34,0,
1368,tempted_1_0,3046,30,0,budget,0,50,true,4,560,75,138,0.5,0.5,0,0,0,4,7,normal,false,5,9,1096,1950,0,0,0,false,false,false,0,0,3046,30,0,
1369,tempted_1_0,7454,43,13,budget,1,100,true,6,1075,133,165,0.09302325581395349,0.6744186046511628,0.06976744186046512,0.046511627906976744,0.11627906976744186,4,9,normal,false,7,23,164,4550,600,600,1540,false,false,false,1720,5,5734,38,1,3
1370,tempted_1_0,12283,57,27,budget,1,100,true,8,1800,181,263,0.03508771929824561,0.7368421052631579,0.10526315789473684,0.03508771929824561,0.08771929824561403,9,4,normal,false,8,21,43,6870,2370,900,2100,false,false,false,2090,5,10193,52,0,
1371,tempted_1_0,2130,30,0,budget,0,69,true,3,225,60,89,0.06666666666666667,0.9333333333333333,0,0,0,2,21,normal,false,5,11,160,1970,0,0,0,false,false,true,0,0,2130,30,0,
1372,tempted_1_0,5492,32,2,budget,0,73,true,5,765,103,167,0.15625,0.8125,0.03125,0,0,3,13,crash,false,5,12,717,4685,90,0,0,false,false,true,0,0,5492,32,0,
1373,tempted_1_0,7344,38,8,budget,0,84,true,6,1420,122,170,0.15789473684210525,0.7631578947368421,0.07894736842105263,0,0,7,2,normal,false,8,17,284,5500,1560,0,0,false,false,true,0,0,7344,38,0,
1374,tempted_1_0,5413,30,0,budget,0,54,true,7,1678,91,154,0.36666666666666664,0.6333333333333333,0,0,0,4,13,crash,false,5,13,663,4750,0,0,0,false,false,false,0,0,5413,30,0,
1375,tempted_1_0,12873,68,38,budget,0,97,true,6,2070,216,293,0.058823529411764705,0.6029411764705882,0.2647058823529412,0.07352941176470588,0,17,6,normal,false,5,32,348,5760,4230,2535,0,true,true,true,0,0,12873,68,0,
1376,tempted_1_0,3899,30,0,budget,0,66,true,4,575,84,145,0.3333333333333333,0.6666666666666666,0,0,0,2,11,crash,false,5,13,614,3285,0,0,0,false,false,false,0,0,3899,30,0,
1377,tempted_1_0,10063,64,34,budget,2,100,true,3,1000,151,195,0.046875,0.546875,0.203125,0.046875,0.15625,12,12,normal,false,11,28,83,2555,1540,1305,4580,false,true,false,3820,10,6243,54,2,5|6
1378,tempted_1_0,2975,30,0,budget,0,57,true,3,270,74,108,0.3,0.7,0,0,0,4,12,normal,false,4,15,455,2520,0,0,0,false,false,false,0,0,2975,30,0,
1379,tempted_1_0,10847,62,32,budget,2,100,true,4,860,172,246,0.11290322580645161,0.5645161290322581,0.16129032258064516,0,0.16129032258064516,10,3,crash,false,7,27,422,3650,3060,675,3040,false,false,false,2820,10,8027,52,1,2
1380,tempted_1_0,6856,48,18,budget,0,91,true,3,600,136,206,0.10416666666666667,0.7916666666666666,0.10416666666666667,0,0,11,1,crash,false,3,25,391,3645,2280,540,0,true,false,false,0,0,6856,48,0,
1381,tempted_1_0,2645,30,0,budget,0,50,true,3,440,60,122,0.5,0.5,0,0,0,5,7,crash,false,7,12,515,2130,0,0,0,false,false,false,0,0,2645,30,0,
1382,tempted_1_0,2309,30,0,budget,0,50,true,4,308,59,113,0.6333333333333333,0.36666666666666664,0,0,0,6,6,normal,false,6,10,944,1365,0,0,0,false,false,false,0,0,2309,30,0,
1383,tempted_1_0,2523,30,0,budget,0,65,true,4,373,65,110,0.3333333333333333,0.6666666666666666,0,0,0,3,7,normal,false,4,11,828,1695,0,0,0,false,false,false,0,0,2523,30,0,
1384,tempted_1_0,4530,40,10,budget,0,76,true,4,420,115,152,0.025,0.875,0.1,0,0,6,9,normal,false,7,18,20,3910,600,0,0,false,false,false,0,0,4530,40,0,
1385,tempted_1_0,7380,49,19,budget,1,100,true,4,800,147,172,0.02040816326530612,0.6938775510204082,0.1836734693877551,0,0.10204081632653061,7,11,normal,false,9,20,20,4270,1370,0,1720,false,false,false,1440,5,5940,44,1,3
1386,tempted_1_0,15732,82,52,budget,2,100,true,4,1240,235,348,0.18292682926829268,0.4024390243902439,0.23170731707317074,0.06097560975609756,0.12195121951219512,22,4,normal,false,6,39,792,5375,3400,3165,3000,false,true,true,3580,10,12152,72,2,3|11
1387,tempted_1_0,2836,30,0,budget,0,55,true,3,520,64,131,0.43333333333333335,0.5666666666666667,0,0,0,5,4,normal,false,4,11,641,2195,0,0,0,false,false,false,0,0,2836,30,0,
1388,tempted_1_0,4428,30,0,budget,0,61,true,7,1685,83,133,0.1,0.9,0,0,0,1,20,normal,false,5,10,198,4230,0,0,0,false,false,false,0,0,4428,30,0,
1389,tempted_1_0,2749,30,0,budget,0,63,true,4,420,69,116,0.36666666666666664,0.6333333333333333,0,0,0,3,19,normal,false,12,8,444,2305,0,0,0,false,false,true,0,0,2749,30,0,
1390,tempted_1_0,5193,44,14,budget,0,94,true,3,510,117,167,0.06818181818181818,0.75,0.1590909090909091,0.022727272727272728,0,5,13,crash,false,5,18,83,2950,1230,930,0,true,false,false,0,0,5193,44,0,
1391,tempted_1_0,4150,30,0,budget,0,64,true,6,1010,83,115,0,1,0,0,0,0,-1,normal,false,11,6,140,4010,0,0,0,false,false,false,0,0,4150,30,0,
1392,tempted_1_0,6488,34,4,budget,0,71,true,5,1820,100,172,0.2647058823529412,0.7352941176470589,0,0,0,5,12,normal,false,8,10,308,4860,1320,0,0,false,false,false,0,0,6488,34,0,
1393,tempted_1_0,3261,30,0,budget,0,68,true,3,333,72,117,0.2,0.8,0,0,0,3,12,crash,false,7,13,221,3040,0,0,0,false,false,false,0,0,3261,30,0,
1394,tempted_1_0,4099,30,0,budget,0,54,true,4,725,78,160,0.36666666666666664,0.6333333333333333,0,0,0,2,19,normal,false,7,14,684,3415,0,0,0,false,false,true,0,0,4099,30,0,
1395,tempted_1_0,5461,47,17,budget,1,100,true,3,580,100,158,0.19148936170212766,0.5531914893617021,0.1276595744680851,0.02127659574468085,0.10638297872340426,7,9,normal,false,10,19,246,2045,1850,180,1140,false,false,true,1000,5,4461,42,1,2
1396,tempted_1_0,5788,34,4,budget,0,83,true,5,860,106,167,0.08823529411764706,0.8823529411764706,0.029411764705882353,0,0,4,1,normal,false,6,16,68,4790,930,0,0,false,false,true,0,0,5788,34,0,
1397,tempted_1_0,6745,38,8,budget,0,83,true,5,1505,123,169,0,0.9210526315789473,0.07894736842105263,0,0,4,7,normal,false,9,16,40,4095,2610,0,0,false,false,false,0,0,6745,38,0,
1398,tempted_1_0,5893,32,2,budget,0,77,true,5,915,119,169,0.03125,0.96875,0,0,0,2,1,normal,false,7,15,528,4765,600,0,0,false,false,false,0,0,5893,32,0,
1399,tempted_1_0,10006,43,13,budget,1,100,true,4,1980,122,182,0.13953488372093023,0.6511627906976745,0.06976744186046512,0.023255813953488372,0.11627906976744186,7,7,normal,false,6,19,236,3080,1170,780,4740,false,true,false,4800,5,5206,38,1,3
1400,tempted_1_0,285,4,0,lock,0,53,true,2,105,3,15,0.25,0.75,0,0,0,0,-1,crash,false,4,0,0,285,0,0,0,false,false,false,0,0,285,4,0,
1401,tempted_1_0,2517,30,0,budget,0,50,true,5,428,66,118,0.4666666666666667,0.5333333333333333,0,0,0,6,7,crash,false,5,10,642,1875,0,0,0,false,false,false,0,0,2517,30,0,
1402,tempted_1_0,3253,30,0,budget,0,50,true,4,470,73,131,0.3333333333333333,0.6666666666666666,0,0,0,4,13,normal,false,4,13,643,2610,0,0,0,false,false,true,0,0,3253,30,0,
1403,tempted_1_0,1958,23,0,lock,0,50,true,3,240,50,99,0.4782608695652174,0.5217391304347826,0,0,0,2,16,normal,false,6,10,413,1545,0,0,0,false,false,true,0,0,1958,23,0,
1404,tempted_1_0,3441,30,0,budget,0,53,true,4,900,83,170,0.5666666666666667,0.43333333333333335,0,0,0,5,10,crash,false,4,13,1031,2410,0,0,0,false,false,true,0,0,3441,30,0,
1405,tempted_1_0,28180,95,65,budget,3,100,true,5,2160,312,431,0.08421052631578947,0.49473684210526314,0.23157894736842105,0.031578947368421054,0.15789473684210525,19,3,crash,false,9,40,360,5500,8860,3600,9860,false,true,false,9645,15,18535,80,2,3|3
1406,tempted_1_0,6540,36,6,budget,0,79,true,6,1041,116,182,0.19444444444444445,0.75,0.05555555555555555,0,0,6,8,normal,false,4,17,490,5510,540,0,0,false,false,true,0,0,6540,36,0,
1407,tempted_1_0,2795,32,2,budget,0,71,true,3,310,79,120,0.34375,0.65625,0,0,0,6,3,normal,false,3,15,430,2365,0,0,0,false,false,false,0,0,2795,32,0,
1408,tempted_1_0,3689,36,6,budget,0,76,true,4,495,98,140,0.16666666666666666,0.7777777777777778,0.05555555555555555,0,0,4,15,normal,false,6,12,269,3240,180,0,0,false,false,true,0,0,3689,36,0,
1409,tempted_1_0,2945,30,0,budget,0,50,true,4,710,57,137,0.5333333333333333,0.4666666666666667,0,0,0,3,9,crash,false,5,10,700,2245,0,0,0,false,false,false,0,0,2945,30,0,
1410,tempted_1_0,4425,40,10,budget,0,92,true,3,550,100,139,0.075,0.775,0.15,0,0,7,1,normal,false,5,18,170,3045,760,450,0,true,false,false,0,0,4425,40,0,
1411,tempted_1_0,2936,30,0,budget,0,50,true,6,593,86,143,0.43333333333333335,0.5666666666666667,0,0,0,3,15,normal,false,9,12,1401,1535,0,0,0,false,false,false,0,0,2936,30,0,
1412,tempted_1_0,16493,62,32,budget,2,100,true,7,1510,199,314,0.14516129032258066,0.4838709677419355,0.14516129032258066,0.06451612903225806,0.16129032258064516,10,10,normal,false,10,29,1203,4735,3460,1575,5520,false,true,false,5460,10,11033,52,2,2|3
1413,tempted_1_0,3767,30,0,budget,0,69,true,4,695,82,117,0.16666666666666666,0.8333333333333334,0,0,0,2,11,normal,false,5,11,362,3405,0,0,0,false,false,false,0,0,3767,30,0,
1414,tempted_1_0,3125,30,0,budget,0,55,true,4,480,72,101,0,1,0,0,0,0,-1,normal,false,9,6,30,3095,0,0,0,false,false,false,0,0,3125,30,0,
1415,tempted_1_0,2188,30,0,budget,0,61,true,4,445,59,95,0.1,0.9,0,0,0,0,-1,crash,false,12,7,98,2090,0,0,0,false,false,false,0,0,2188,30,0,
1416,tempted_1_0,3364,30,0,budget,0,58,true,4,390,89,132,0.23333333333333334,0.7666666666666667,0,0,0,5,14,normal,false,5,14,749,2615,0,0,0,false,false,false,0,0,3364,30,0,
1417,tempted_1_0,3362,30,0,budget,0,59,true,5,331,88,136,0.3333333333333333,0.6666666666666666,0,0,0,3,15,normal,false,5,11,927,2435,0,0,0,false,false,false,0,0,3362,30,0,
1418,tempted_1_0,4839,30,0,budget,0,64,true,6,1175,90,151,0.36666666666666664,0.6333333333333333,0,0,0,4,4,crash,false,4,13,629,4210,0,0,0,false,false,false,0,0,4839,30,0,
1419,tempted_1_0,4317,32,2,budget,0,82,true,5,1275,74,156,0.53125,0.46875,0,0,0,4,11,normal,false,7,10,927,2460,930,0,0,false,false,true,0,0,4317,32,0,
1420,tempted_1_0,5136,38,8,budget,0,79,true,5,765,104,156,0.10526315789473684,0.8421052631578947,0.05263157894736842,0,0,5,9,crash,false,9,14,236,4540,360,0,0,false,false,true,0,0,5136,38,0,
1421,tempted_1_0,3337,32,2,budget,0,81,true,5,570,91,127,0.21875,0.71875,0.0625,0,0,3,13,normal,false,4,14,547,2510,280,0,0,false,false,true,0,0,3337,32,0,
1422,tempted_1_0,9747,43,13,budget,1,100,true,4,1900,115,178,0.20930232558139536,0.5348837209302325,0.11627906976744186,0.023255813953488372,0.11627906976744186,9,8,crash,false,6,19,332,2630,970,1215,4600,false,false,false,4180,5,5567,38,1,2
1423,tempted_1_0,7012,45,15,budget,1,100,true,3,1080,120,177,0.2222222222222222,0.6,0.06666666666666667,0,0.1111111111111111,5,16,crash,false,11,18,722,2290,780,240,2980,false,false,true,2520,5,4492,40,0,
1424,tempted_1_0,2133,30,0,budget,0,62,true,3,383,62,92,0.3,0.7,0,0,0,3,8,normal,false,8,8,513,1620,0,0,0,false,false,true,0,0,2133,30,0,
1425,tempted_1_0,5935,40,10,budget,0,93,true,5,645,124,163,0.05,0.825,0.125,0,0,6,1,normal,false,7,16,40,4580,910,405,0,true,false,false,0,0,5935,40,0,
1426,tempted_1_0,3815,36,6,budget,0,90,true,5,750,89,120,0.05555555555555555,0.8333333333333334,0.08333333333333333,0.027777777777777776,0,5,4,normal,false,8,11,60,2990,540,225,0,true,false,false,0,0,3815,36,0,
1427,tempted_1_0,8845,55,25,budget,1,100,true,4,720,183,213,0.01818181818181818,0.6727272727272727,0.16363636363636364,0.05454545454545454,0.09090909090909091,11,8,normal,false,5,27,55,4930,1130,810,1920,false,true,true,1720,5,7125,50,1,2
1428,tempted_1_0,19353,62,32,budget,2,100,true,4,1830,203,298,0.08064516129032258,0.532258064516129,0.1935483870967742,0.03225806451612903,0.16129032258064516,12,6,normal,false,4,35,408,3385,3530,3930,8100,false,true,true,8190,10,11163,52,1,3
1429,tempted_1_0,2138,30,0,budget,0,50,true,4,305,54,110,0.43333333333333335,0.5666666666666667,0,0,0,5,12,crash,false,5,11,848,1290,0,0,0,false,false,false,0,0,2138,30,0,
1430,tempted_1_0,2372,30,0,budget,0,50,true,3,180,82,132,0.43333333333333335,0.5666666666666667,0,0,0,6,5,normal,false,4,12,1022,1350,0,0,0,false,false,false,0,0,2372,30,0,
1431,tempted_1_0,3791,34,4,budget,0,77,true,4,415,93,129,0.11764705882352941,0.8235294117647058,0.058823529411764705,0,0,4,5,normal,false,4,15,186,3395,210,0,0,false,false,true,0,0,3791,34,0,
1432,tempted_1_0,4263,36,6,budget,0,72,true,5,845,84,137,0.1388888888888889,0.8611111111111112,0,0,0,5,8,crash,false,4,15,223,3590,450,0,0,false,false,false,0,0,4263,36,0,
1433,tempted_1_0,3240,30,0,budget,0,66,true,4,480,87,156,0.3333333333333333,0.6666666666666666,0,0,0,5,3,normal,false,4,16,670,2570,0,0,0,false,false,true,0,0,3240,30,0,
1434,tempted_1_0,5280,34,4,budget,0,84,true,6,1060,105,165,0.29411764705882354,0.7058823529411765,0,0,0,5,1,normal,false,6,12,505,4145,630,0,0,false,false,true,0,0,5280,34,0,
1435,tempted_1_0,9765,38,16,lock,0,91,true,5,1585,148,199,0.02631578947368421,0.8157894736842105,0.15789473684210525,0,0,6,7,normal,false,4,19,35,5825,2690,1215,0,true,false,false,0,0,9765,38,0,
1436,tempted_1_0,2999,32,2,budget,0,73,true,3,630,68,128,0.40625,0.5625,0.03125,0,0,3,7,crash,false,7,6,424,2395,180,0,0,false,false,false,0,0,2999,32,0,
1437,tempted_1_0,2820,34,4,budget,0,82,true,6,571,75,120,0.29411764705882354,0.6764705882352942,0.029411764705882353,0,0,5,5,crash,false,4,12,995,1495,330,0,0,false,false,true,0,0,2820,34,0,
1438,tempted_1_0,12555,59,29,budget,1,100,true,6,2465,168,245,0.03389830508474576,0.6949152542372882,0.1694915254237288,0.01694915254237288,0.0847457627118644,12,3,normal,false,8,23,135,4625,4160,135,3500,false,false,false,3200,5,9355,54,1,2
1439,tempted_1_0,7715,38,8,budget,0,90,false,4,1060,130,191,0,0.868421052631579,0.05263157894736842,0.07894736842105263,0,3,18,normal,false,4,16,0,4455,1400,1860,0,true,false,false,0,0,7715,38,0,
1440,tempted_1_0,2841,30,0,budget,0,65,true,4,300,75,122,0.16666666666666666,0.8333333333333334,0,0,0,3,12,normal,false,4,14,401,2440,0,0,0,false,false,false,0,0,2841,30,0,
1441,tempted_1_0,5451,30,0,budget,0,62,true,7,1210,87,140,0.06666666666666667,0.9333333333333333,0,0,0,2,13,normal,false,5,13,106,5345,0,0,0,false,false,true,0,0,5451,30,0,
1442,tempted_1_0,5177,30,0,budget,0,52,true,6,1450,97,160,0.23333333333333334,0.7666666666666667,0,0,0,4,11,normal,false,4,15,522,4655,0,0,0,false,false,true,0,0,5177,30,0,
1443,tempted_1_0,4265,30,0,budget,0,53,true,4,810,90,169,0.36666666666666664,0.6333333333333333,0,0,0,3,16,normal,false,3,11,970,3295,0,0,0,false,false,true,0,0,4265,30,0,
1444,tempted_1_0,2830,30,0,budget,0,52,true,5,735,73,119,0.36666666666666664,0.6333333333333333,0,0,0,4,8,crash,false,7,13,710,2120,0,0,0,false,false,false,0,0,2830,30,0,
1445,tempted_1_0,1621,30,0,budget,0,53,true,3,285,48,89,0.4,0.6,0,0,0,4,14,crash,false,11,8,441,1180,0,0,0,false,false,false,0,0,1621,30,0,
1446,tempted_1_0,3151,30,0,budget,0,50,true,4,445,93,132,0.26666666666666666,0.7333333333333333,0,0,0,4,8,normal,false,4,14,786,2365,0,0,0,false,false,true,0,0,3151,30,0,
1447,tempted_1_0,13239,53,23,budget,1,100,true,8,5165,143,215,0.2830188679245283,0.4339622641509434,0.1509433962264151,0.03773584905660377,0.09433962264150944,10,10,normal,false,9,27,699,3805,2120,3735,2880,false,true,false,5945,5,7294,48,0,
1448,tempted_1_0,3180,30,0,budget,0,50,true,4,285,66,139,0.43333333333333335,0.5666666666666667,0,0,0,3,7,normal,false,4,12,720,2460,0,0,0,false,false,false,0,0,3180,30,0,
1449,tempted_1_0,3846,30,0,budget,0,53,true,5,465,93,161,0.36666666666666664,0.6333333333333333,0,0,0,2,10,normal,false,7,10,1056,2790,0,0,0,false,false,false,0,0,3846,30,0,
1450,tempted_1_0,3704,30,0,budget,0,60,true,3,465,94,136,0.2,0.8,0,0,0,3,6,normal,false,5,13,269,3435,0,0,0,false,false,false,0,0,3704,30,0,
1451,tempted_1_0,3488,30,0,budget,0,64,true,5,590,70,143,0.3333333333333333,0.6666666666666666,0,0,0,3,14,crash,false,6,12,798,2690,0,0,0,false,false,false,0,0,3488,30,0,
1452,tempted_1_0,3661,30,0,budget,0,61,true,4,700,79,128,0.16666666666666666,0.8333333333333334,0,0,0,3,5,crash,false,2,15,191,3470,0,0,0,false,false,false,0,0,3661,30,0,
1453,tempted_1_0,3985,30,0,budget,0,61,true,3,555,91,141,0.06666666666666667,0.9333333333333333,0,0,0,2,11,normal,false,5,14,70,3915,0,0,0,false,false,true,0,0,3985,30,0,
1454,tempted_1_0,4700,30,0,budget,0,67,true,4,630,111,176,0.26666666666666666,0.7333333333333333,0,0,0,3,8,normal,false,3,16,925,3775,0,0,0,false,false,true,0,0,4700,30,0,
1455,tempted_1_0,10421,47,17,budget,1,100,true,5,1500,157,207,0.06382978723404255,0.7021276595744681,0.10638297872340426,0.02127659574468085,0.10638297872340426,7,10,normal,false,5,22,226,5040,850,945,3360,false,false,true,3705,5,6716,42,1,6
1456,tempted_1_0,9679,54,24,budget,0,98,true,8,2570,156,235,0.09259259259259259,0.7037037037037037,0.14814814814814814,0.05555555555555555,0,13,9,normal,false,6,25,254,5955,2660,810,0,true,true,false,0,0,9679,54,0,
1457,tempted_1_0,6360,40,10,budget,0,97,true,4,510,120,169,0.025,0.825,0.125,0.025,0,6,5,normal,false,4,21,70,4695,1190,405,0,true,true,true,0,0,6360,40,0,
1458,tempted_1_0,6175,43,13,budget,1,100,true,3,900,96,138,0.16279069767441862,0.6511627906976745,0.046511627906976744,0.023255813953488372,0.11627906976744186,5,9,normal,false,13,14,295,2285,840,855,1900,false,true,true,2470,5,3705,38,1,3
1459,tempted_1_0,4458,34,4,budget,0,86,true,6,1375,83,166,0.47058823529411764,0.5,0.029411764705882353,0,0,3,6,normal,false,7,14,933,3075,180,270,0,false,false,true,0,0,4458,34,0,
1460,tempted_1_0,1641,26,0,lock,0,51,true,3,315,49,86,0.46153846153846156,0.5384615384615384,0,0,0,3,6,crash,false,6,7,426,1215,0,0,0,false,false,false,0,0,1641,26,0,
1461,tempted_1_0,3755,36,6,budget,0,98,true,3,540,91,115,0,0.9166666666666666,0.027777777777777776,0.05555555555555555,0,2,1,normal,false,8,9,30,2670,740,315,0,true,true,false,0,0,3755,36,0,
1462,tempted_1_0,1330,14,4,lock,0,91,false,3,225,39,39,0,0.7857142857142857,0.14285714285714285,0.07142857142857142,0,2,12,keto,false,3,6,0,1115,80,135,0,true,false,false,0,0,1330,14,0,
1463,tempted_1_0,4556,30,0,budget,0,55,true,6,1160,92,139,0.16666666666666666,0.8333333333333334,0,0,0,4,6,normal,false,5,12,351,4205,0,0,0,false,false,true,0,0,4556,30,0,
1464,tempted_1_0,1786,23,2,lock,0,71,true,3,265,52,79,0.2608695652173913,0.7391304347826086,0,0,0,3,10,crash,false,4,7,241,1545,0,0,0,false,false,true,0,0,1786,23,0,
1465,tempted_1_0,3505,30,0,budget,0,66,true,4,390,94,128,0.1,0.9,0,0,0,2,6,normal,false,7,13,330,3175,0,0,0,false,false,true,0,0,3505,30,0,
1466,tempted_1_0,5244,30,0,budget,0,54,true,6,940,92,158,0.2,0.8,0,0,0,3,15,crash,false,3,12,479,4765,0,0,0,false,false,false,0,0,5244,30,0,
1467,tempted_1_0,5784,40,10,budget,0,92,true,4,780,115,174,0.175,0.775,0.025,0.025,0,7,6,normal,false,10,16,549,3750,1350,135,0,true,false,false,0,0,5784,40,0,
1468,tempted_1_0,3344,32,2,budget,0,73,true,5,420,76,136,0.28125,0.6875,0.03125,0,0,6,7,normal,false,5,16,699,2555,90,0,0,false,false,true,0,0,3344,32,0,
1469,tempted_1_0,3660,30,0,budget,0,67,true,4,510,88,138,0.2,0.8,0,0,0,3,10,crash,false,4,14,175,3485,0,0,0,false,false,false,0,0,3660,30,0,
1470,tempted_1_0,1244,17,0,lock,0,50,true,5,443,34,66,0.5294117647058824,0.47058823529411764,0,0,0,3,8,normal,false,4,5,569,675,0,0,0,false,false,true,0,0,1244,17,0,
1471,tempted_1_0,3078,30,0,budget,0,58,true,5,765,72,129,0.6333333333333333,0.36666666666666664,0,0,0,5,9,crash,false,4,14,718,2360,0,0,0,false,false,false,0,0,3078,30,0,
1472,tempted_1_0,2990,30,0,budget,0,61,true,4,750,72,128,0.4,0.6,0,0,0,5,5,crash,false,6,10,625,2365,0,0,0,false,false,false,0,0,2990,30,0,
1473,tempted_1_0,6986,40,10,budget,0,91,true,4,1485,120,168,0.225,0.65,0.075,0.05,0,9,9,normal,false,6,17,266,3425,1090,2205,0,true,false,true,0,0,6986,40,0,
1474,tempted_1_0,7163,34,4,budget,0,97,true,6,1260,108,165,0.058823529411764705,0.7352941176470589,0.17647058823529413,0.029411764705882353,0,2,10,crash,false,5,14,23,4470,990,1680,0,true,true,false,0,0,7163,34,0,
1475,tempted_1_0,4460,32,2,budget,0,70,true,4,750,89,156,0.34375,0.65625,0,0,0,4,5,crash,false,5,14,620,3360,480,0,0,false,false,false,0,0,4460,32,0,
1476,tempted_1_0,3386,30,0,budget,0,57,true,4,435,90,131,0.4,0.6,0,0,0,5,5,normal,false,6,11,591,2795,0,0,0,false,false,true,0,0,3386,30,0,
1477,tempted_1_0,4530,30,0,budget,0,56,true,5,785,102,152,0.3,0.7,0,0,0,5,4,normal,false,4,13,840,3690,0,0,0,false,false,true,0,0,4530,30,0,
1478,tempted_1_0,7515,49,19,budget,1,100,true,5,1050,134,178,0.02040816326530612,0.7755102040816326,0.10204081632653061,0,0.10204081632653061,6,8,normal,false,6,21,80,4155,1600,240,1440,false,false,true,1600,5,5915,44,1,2
1479,tempted_1_0,3533,30,0,budget,0,60,true,6,765,71,137,0.4666666666666667,0.5333333333333333,0,0,0,4,13,crash,false,5,10,1028,2505,0,0,0,false,false,false,0,0,3533,30,0,
1480,tempted_1_0,2873,30,0,budget,0,50,true,4,470,65,126,0.5333333333333333,0.4666666666666667,0,0,0,5,6,normal,false,6,13,858,2015,0,0,0,false,false,true,0,0,2873,30,0,
1481,tempted_1_0,6053,40,10,budget,0,83,true,4,1080,123,171,0.25,0.65,0.1,0,0,5,1,normal,false,7,16,433,3910,1710,0,0,false,false,true,0,0,6053,40,0,
1482,tempted_1_0,4745,40,10,budget,0,94,true,4,483,110,165,0.3,0.6,0.075,0.025,0,7,10,normal,false,6,16,600,2635,1240,270,0,true,false,false,0,0,4745,40,0,
1483,tempted_1_0,2852,30,0,budget,0,58,true,4,590,70,117,0.36666666666666664,0.6333333333333333,0,0,0,4,14,normal,false,8,10,602,2250,0,0,0,false,false,true,0,0,2852,30,0,
1484,tempted_1_0,7016,35,5,budget,1,100,true,4,1630,114,140,0.22857142857142856,0.6,0.02857142857142857,0,0.14285714285714285,4,10,normal,false,6,21,771,2235,90,0,3920,false,false,true,4030,5,2986,30,0,
1485,tempted_1_0,3166,30,0,budget,0,50,true,4,575,73,139,0.4,0.6,0,0,0,1,27,normal,false,8,9,741,2425,0,0,0,false,false,false,0,0,3166,30,0,
1486,tempted_1_0,19135,75,45,budget,3,100,false,5,2460,224,282,0,0.6133333333333333,0.16,0.02666666666666667,0.2,13,1,normal,false,7,34,0,4260,2930,885,11060,false,false,false,9480,15,9655,60,3,4|3|2
1487,tempted_1_0,3435,30,0,budget,0,52,true,5,890,72,122,0.16666666666666666,0.8333333333333334,0,0,0,4,4,normal,false,3,16,365,3070,0,0,0,false,false,true,0,0,3435,30,0,
1488,tempted_1_0,6937,60,30,budget,0,98,true,3,735,139,194,0.13333333333333333,0.6333333333333333,0.21666666666666667,0.016666666666666666,0,13,2,crash,false,15,17,227,3830,2160,720,0,true,true,false,0,0,6937,60,0,
1489,tempted_1_0,3433,30,0,budget,0,50,true,5,960,72,130,0.3,0.7,0,0,0,4,13,normal,false,5,10,588,2845,0,0,0,false,false,true,0,0,3433,30,0,
1490,tempted_1_0,2603,30,0,budget,0,53,true,4,405,64,116,0.36666666666666664,0.6333333333333333,0,0,0,4,6,crash,false,2,13,518,2085,0,0,0,false,false,false,0,0,2603,30,0,
1491,tempted_1_0,5825,38,8,budget,0,89,true,5,915,112,166,0.02631578947368421,0.9210526315789473,0.02631578947368421,0.02631578947368421,0,4,6,normal,false,9,15,15,5225,360,225,0,false,false,true,0,0,5825,38,0,
1492,tempted_1_0,3175,30,0,budget,0,50,true,4,435,75,166,0.6666666666666666,0.3333333333333333,0,0,0,3,4,crash,false,3,15,1685,1490,0,0,0,false,false,false,0,0,3175,30,0,
1493,tempted_1_0,2298,30,0,budget,0,50,true,4,405,54,108,0.43333333333333335,0.5666666666666667,0,0,0,4,12,normal,false,8,10,623,1675,0,0,0,false,false,true,0,0,2298,30,0,
1494,tempted_1_0,12288,43,13,budget,1,100,true,6,4320,147,200,0.09302325581395349,0.7209302325581395,0.06976744186046512,0,0.11627906976744186,7,4,normal,false,5,25,233,4675,540,0,6840,false,false,false,6600,5,5688,38,1,2
1495,tempted_1_0,2540,30,0,budget,0,60,true,4,360,69,110,0.23333333333333334,0.7666666666666667,0,0,0,1,10,normal,false,5,10,530,2010,0,0,0,false,false,false,0,0,2540,30,0,
1496,tempted_1_0,4537,34,4,budget,0,99,true,4,540,91,153,0.35294117647058826,0.5588235294117647,0.029411764705882353,0.058823529411764705,0,3,5,normal,false,3,19,787,2580,450,720,0,true,true,true,0,0,4537,34,0,
1497,tempted_1_0,2993,32,2,budget,0,84,true,3,310,78,105,0.09375,0.875,0.03125,0,0,2,11,normal,false,6,12,228,2495,270,0,0,false,false,true,0,0,2993,32,0,
1498,tempted_1_0,8878,43,13,budget,1,100,true,6,1350,143,194,0.023255813953488372,0.813953488372093,0.046511627906976744,0,0.11627906976744186,5,5,normal,false,6,21,128,4075,2310,405,1960,false,false,false,1980,5,6898,38,1,2
1499,tempted_1_0,12567,43,13,budget,1,100,true,6,2295,130,204,0.20930232558139536,0.5581395348837209,0.06976744186046512,0.046511627906976744,0.11627906976744186,8,8,normal,false,5,22,622,3535,1960,2070,4380,false,false,true,3280,5,9287,38,1,3
1500,tempted_1_0,4064,32,2,budget,0,81,true,6,1285,78,132,0.1875,0.75,0.0625,0,0,4,8,normal,false,5,11,474,2870,720,0,0,false,false,true,0,0,4064,32,0,
1501,tempted_1_0,3906,34,4,budget,0,90,true,3,540,89,145,0.23529411764705882,0.7352941176470589,0,0.029411764705882353,0,3,3,crash,false,6,16,321,2730,720,135,0,true,false,false,0,0,3906,34,0,
1502,tempted_1_0,9188,56,26,budget,0,95,true,5,675,187,239,0.03571428571428571,0.7142857142857143,0.17857142857142858,0.07142857142857142,0,11,4,normal,false,8,25,103,5525,2570,990,0,true,true,false,0,0,9188,56,0,
1503,tempted_1_0,8130,48,18,budget,0,95,true,4,1740,111,172,0.020833333333333332,0.75,0.22916666666666666,0,0,10,1,normal,false,7,16,20,2875,2490,2745,0,true,true,false,0,0,8130,48,0,
1504,tempted_1_0,5764,34,4,budget,0,82,true,7,2460,88,136,0.20588235294117646,0.7352941176470589,0.058823529411764705,0,0,6,5,normal,false,6,15,389,3005,2370,0,0,false,false,false,0,0,5764,34,0,
1505,tempted_1_0,2275,32,2,budget,0,71,false,3,290,69,90,0,1,0,0,0,1,20,normal,false,8,9,0,2275,0,0,0,false,false,false,0,0,2275,32,0,
1506,tempted_1_0,3093,36,6,budget,0,85,true,4,260,90,122,0.08333333333333333,0.8055555555555556,0.1111111111111111,0,0,4,16,normal,false,12,13,268,2345,480,0,0,false,false,true,0,0,3093,36,0,
1507,tempted_1_0,37216,116,86,budget,6,100,true,6,5560,383,487,0.034482758620689655,0.4396551724137931,0.1810344827586207,0.08620689655172414,0.25862068965517243,28,5,normal,false,7,68,241,7425,4870,3600,21080,false,true,false,14850,30,22366,86,6,4|5|6|2|3|2
1508,tempted_1_0,7054,45,15,budget,1,100,true,3,960,123,184,0.17777777777777778,0.5555555555555556,0.1111111111111111,0.044444444444444446,0.1111111111111111,9,1,normal,false,6,20,379,2685,1320,810,1860,false,true,true,2180,5,4874,40,1,2
1509,tempted_1_0,5495,38,8,budget,0,94,true,7,998,100,155,0.23684210526315788,0.6842105263157895,0.07894736842105263,0,0,6,12,crash,false,8,12,415,3600,940,540,0,true,false,false,0,0,5495,38,0,
1510,tempted_1_0,2984,32,2,budget,0,73,true,3,350,75,137,0.3125,0.65625,0.03125,0,0,5,2,crash,false,4,15,699,2195,90,0,0,false,false,false,0,0,2984,32,0,
1511,tempted_1_0,3071,30,0,budget,0,50,true,5,820,78,123,0.26666666666666666,0.7333333333333333,0,0,0,3,19,normal,false,5,10,506,2565,0,0,0,false,false,true,0,0,3071,30,0,
1512,tempted_1_0,3605,30,0,budget,0,50,true,5,660,76,158,0.5333333333333333,0.4666666666666667,0,0,0,4,5,normal,false,4,11,925,2680,0,0,0,false,false,false,0,0,3605,30,0,
1513,tempted_1_0,2982,30,0,budget,0,53,true,4,475,69,124,0.4,0.6,0,0,0,4,9,normal,false,5,11,512,2470,0,0,0,false,false,true,0,0,2982,30,0,
1514,tempted_1_0,10663,49,19,budget,1,100,true,5,2125,132,187,0.02040816326530612,0.7551020408163265,0.10204081632653061,0.02040816326530612,0.10204081632653061,6,6,normal,false,13,15,228,3265,690,1500,4980,false,false,true,4705,5,5958,44,0,
1515,tempted_1_0,3908,30,0,budget,0,69,true,4,730,86,147,0.3,0.7,0,0,0,3,6,normal,false,8,10,573,3335,0,0,0,false,false,false,0,0,3908,30,0,
1516,tempted_1_0,4131,34,4,budget,0,78,true,4,585,102,146,0.20588235294117646,0.7352941176470589,0.058823529411764705,0,0,5,10,normal,false,6,13,256,3695,180,0,0,false,false,true,0,0,4131,34,0,
1517,tempted_1_0,9166,53,23,budget,1,100,true,6,1065,148,235,0.24528301886792453,0.4339622641509434,0.1320754716981132,0.09433962264150944,0.09433962264150944,10,9,normal,false,5,20,1066,4385,700,1935,1080,false,true,true,1185,5,7981,48,1,11
1518,tempted_1_0,4666,34,4,budget,0,78,true,7,1280,100,153,0.14705882352941177,0.8235294117647058,0.029411764705882353,0,0,4,1,normal,false,5,14,701,3695,270,0,0,false,false,false,0,0,4666,34,0,
1519,tempted_1_0,5886,46,16,budget,0,95,true,4,1160,113,184,0.21739130434782608,0.5869565217391305,0.1956521739130435,0,0,7,9,normal,false,5,19,691,2705,2220,270,0,true,true,false,0,0,5886,46,0,
1520,tempted_1_0,3228,30,0,budget,0,57,true,4,510,76,140,0.4666666666666667,0.5333333333333333,0,0,0,6,10,crash,false,3,14,578,2650,0,0,0,false,false,false,0,0,3228,30,0,
1521,tempted_1_0,3490,30,0,budget,0,59,true,5,570,87,116,0.06666666666666667,0.9333333333333333,0,0,0,2,16,normal,false,4,13,285,3205,0,0,0,false,false,true,0,0,3490,30,0,
1522,tempted_1_0,3459,32,2,budget,0,75,true,4,420,87,136,0.3125,0.65625,0.03125,0,0,4,9,normal,false,6,14,634,2735,90,0,0,false,false,false,0,0,3459,32,0,
1523,tempted_1_0,10019,45,15,budget,1,100,true,5,1260,137,210,0.1111111111111111,0.6666666666666666,0.1111111111111111,0,0.1111111111111111,6,3,normal,false,8,18,149,4665,1140,405,3660,false,false,true,2520,5,7499,40,1,2
1524,tempted_1_0,3433,30,0,budget,0,69,true,4,390,81,136,0.13333333333333333,0.8666666666666667,0,0,0,2,13,normal,false,3,14,243,3190,0,0,0,false,false,false,0,0,3433,30,0,
1525,tempted_1_0,3017,30,0,budget,0,61,true,4,460,79,117,0.2,0.8,0,0,0,4,7,normal,false,8,8,497,2520,0,0,0,false,false,false,0,0,3017,30,0,
1526,tempted_1_0,2822,30,0,budget,0,62,true,3,285,76,125,0.26666666666666666,0.7333333333333333,0,0,0,4,3,normal,false,5,13,357,2465,0,0,0,false,false,true,0,0,2822,30,0,
1527,tempted_1_0,8481,49,19,budget,1,100,true,4,1030,127,219,0.1836734693877551,0.5918367346938775,0.10204081632653061,0.02040816326530612,0.10204081632653061,9,5,crash,false,9,23,431,4560,990,420,2080,false,false,false,1810,5,6671,44,1,2
1528,tempted_1_0,4645,40,10,budget,0,85,true,5,740,108,152,0.15,0.8,0.05,0,0,5,8,normal,false,6,17,165,3830,650,0,0,false,false,false,0,0,4645,40,0,
1529,tempted_1_0,3196,30,0,budget,0,50,true,4,500,80,128,0.2,0.8,0,0,0,4,13,normal,false,5,11,376,2820,0,0,0,false,false,false,0,0,3196,30,0,
1530,tempted_1_0,5340,41,20,lock,0,85,false,3,690,124,152,0,0.7317073170731707,0.2682926829268293,0,0,8,3,normal,false,8,16,0,3080,2260,0,0,false,false,false,0,0,5340,41,0,
1531,tempted_1_0,2865,30,0,budget,0,55,true,4,398,71,108,0.36666666666666664,0.6333333333333333,0,0,0,7,8,normal,false,4,14,445,2420,0,0,0,false,false,true,0,0,2865,30,0,
1532,tempted_1_0,2142,30,0,budget,0,50,true,3,300,58,112,0.4,0.6,0,0,0,4,6,crash,false,7,10,472,1670,0,0,0,false,false,false,0,0,2142,30,0,
1533,tempted_1_0,3472,30,0,budget,0,69,true,4,420,74,124,0.2,0.8,0,0,0,1,21,crash,false,5,13,242,3230,0,0,0,false,false,false,0,0,3472,30,0,
1534,tempted_1_0,3742,30,0,budget,0,64,true,6,930,87,126,0.26666666666666666,0.7333333333333333,0,0,0,4,13,normal,false,5,12,582,3160,0,0,0,false,false,false,0,0,3742,30,0,
1535,tempted_1_0,2232,30,0,budget,0,50,true,3,230,69,109,0.3333333333333333,0.6666666666666666,0,0,0,3,19,normal,false,8,9,562,1670,0,0,0,false,false,false,0,0,2232,30,0,
1536,tempted_1_0,2842,30,0,budget,0,60,true,3,360,71,121,0.3,0.7,0,0,0,3,10,crash,false,6,11,397,2445,0,0,0,false,false,false,0,0,2842,30,0,
1537,tempted_1_0,3408,30,0,budget,0,66,true,4,615,78,139,0.43333333333333335,0.5666666666666667,0,0,0,5,6,normal,false,7,12,588,2820,0,0,0,false,false,true,0,0,3408,30,0,
1538,tempted_1_0,5185,36,6,budget,0,97,true,3,780,105,155,0.08333333333333333,0.8055555555555556,0.1111111111111111,0,0,5,2,normal,false,4,16,155,3380,1110,540,0,true,true,false,0,0,5185,36,0,
1539,tempted_1_0,6965,50,20,budget,0,90,true,5,1230,150,191,0.08,0.76,0.14,0.02,0,10,3,normal,false,6,24,275,4335,2220,135,0,true,false,true,0,0,6965,50,0,
1540,tempted_1_0,11217,55,25,budget,1,100,true,6,1215,187,264,0.21818181818181817,0.5636363636363636,0.10909090909090909,0.01818181818181818,0.09090909090909091,11,1,normal,false,8,22,1397,4145,2200,1155,2320,false,false,true,3100,5,8117,50,0,
1541,tempted_1_0,3870,36,6,budget,0,94,true,3,460,93,125,0.027777777777777776,0.8888888888888888,0.05555555555555555,0.027777777777777776,0,3,21,normal,false,5,15,15,3005,670,180,0,true,false,true,0,0,3870,36,0,
1542,tempted_1_0,10068,46,16,budget,0,90,true,7,4095,140,206,0.10869565217391304,0.782608695652174,0.10869565217391304,0,0,7,4,normal,false,9,21,278,4735,1950,3105,0,true,false,true,0,0,10068,46,0,
1543,tempted_1_0,5492,42,12,budget,0,85,true,4,570,113,174,0.19047619047619047,0.6904761904761905,0.11904761904761904,0,0,7,8,normal,false,5,16,652,3760,1080,0,0,false,false,false,0,0,5492,42,0,
1544,tempted_1_0,3017,30,0,budget,0,54,true,5,955,62,114,0.3,0.7,0,0,0,1,18,crash,false,4,10,392,2625,0,0,0,false,false,false,0,0,3017,30,0,
1545,tempted_1_0,6355,40,10,budget,0,94,true,5,600,128,165,0,0.85,0.15,0,0,4,11,normal,false,6,16,90,4865,1130,270,0,true,false,false,0,0,6355,40,0,
1546,tempted_1_0,3953,36,6,budget,0,86,true,4,1010,85,119,0.1111111111111111,0.7777777777777778,0.1111111111111111,0,0,5,1,normal,false,7,12,188,2005,1760,0,0,false,false,false,0,0,3953,36,0,
1547,tempted_1_0,3761,30,0,budget,0,62,true,4,570,86,127,0.13333333333333333,0.8666666666666667,0,0,0,2,5,normal,false,18,7,281,3480,0,0,0,false,false,true,0,0,3761,30,0,
1548,tempted_1_0,3791,30,0,budget,0,62,true,5,720,85,136,0.23333333333333334,0.7666666666666667,0,0,0,4,7,normal,false,6,12,471,3320,0,0,0,false,false,false,0,0,3791,30,0,
1549,tempted_1_0,10890,50,20,budget,0,92,true,5,2545,158,215,0,0.82,0.16,0.02,0,8,10,normal,false,4,21,40,3925,3610,3315,0,true,false,false,0,0,10890,50,0,
1550,tempted_1_0,2523,30,0,budget,0,63,true,4,485,65,107,0.3,0.7,0,0,0,2,26,normal,false,7,10,383,2140,0,0,0,false,false,true,0,0,2523,30,0,
1551,tempted_1_0,10709,48,18,budget,2,100,true,5,1520,123,193,0.10416666666666667,0.5625,0.10416666666666667,0.020833333333333332,0.20833333333333334,7,7,crash,false,6,23,404,3145,680,240,6240,false,false,false,6260,10,4449,38,2,2|2
1552,tempted_1_0,10308,55,25,budget,1,100,true,4,980,167,228,0.05454545454545454,0.6909090909090909,0.14545454545454545,0.01818181818181818,0.09090909090909091,11,8,normal,false,5,26,308,4265,2680,135,2920,false,true,false,2460,5,7848,50,0,
1553,tempted_1_0,4223,30,0,budget,0,68,true,3,465,102,152,0.06666666666666667,0.9333333333333333,0,0,0,1,19,normal,false,3,15,198,4025,0,0,0,false,false,false,0,0,4223,30,0,
1554,tempted_1_0,2921,30,0,budget,0,50,true,4,328,79,146,0.4666666666666667,0.5333333333333333,0,0,0,4,10,crash,false,7,10,1146,1775,0,0,0,false,false,true,0,0,2921,30,0,
1555,tempted_1_0,3515,34,4,budget,0,83,true,4,460,88,117,0.029411764705882353,0.7941176470588235,0.17647058823529413,0,0,2,17,normal,false,9,14,25,2690,800,0,0,false,false,false,0,0,3515,34,0,
1556,tempted_1_0,21563,82,52,budget,4,100,true,5,1940,248,337,0.04878048780487805,0.45121951219512196,0.21951219512195122,0.036585365853658534,0.24390243902439024,16,11,normal,false,8,45,143,4585,2680,4275,9880,false,true,true,10870,20,10693,62,3,5|5|2
1557,tempted_1_0,10756,49,19,budget,1,100,true,6,1500,146,215,0.24489795918367346,0.5102040816326531,0.14285714285714285,0,0.10204081632653061,10,2,normal,false,4,23,731,3475,2830,0,3720,false,false,false,2380,5,8376,44,1,2
1558,tempted_1_0,2514,30,0,budget,0,59,true,4,450,68,107,0.26666666666666666,0.7333333333333333,0,0,0,3,17,normal,false,6,11,394,2120,0,0,0,false,false,false,0,0,2514,30,0,
1559,tempted_1_0,7020,30,0,budget,0,58,true,9,2570,96,189,0.6333333333333333,0.36666666666666664,0,0,0,5,9,crash,false,6,12,1310,5710,0,0,0,false,false,false,0,0,7020,30,0,
1560,tempted_1_0,3997,30,0,budget,0,62,true,4,620,88,135,0.16666666666666666,0.8333333333333334,0,0,0,2,9,crash,false,8,12,362,3635,0,0,0,false,false,false,0,0,3997,30,0,
1561,tempted_1_0,4235,30,0,budget,0,69,true,5,1020,90,152,0.5,0.5,0,0,0,4,9,normal,false,5,14,725,3510,0,0,0,false,false,false,0,0,4235,30,0,
1562,tempted_1_0,4341,32,2,budget,0,73,true,4,585,97,147,0.15625,0.8125,0.03125,0,0,3,13,crash,false,3,13,151,4100,90,0,0,false,false,false,0,0,4341,32,0,
1563,tempted_1_0,12879,45,15,budget,1,100,true,5,3720,151,207,0.17777777777777778,0.5555555555555556,0.15555555555555556,0,0.1111111111111111,10,3,normal,false,6,19,289,3240,1510,0,7840,false,false,true,4280,5,8599,40,1,3
1564,tempted_1_0,5591,34,4,budget,0,77,true,6,1000,113,174,0.17647058823529413,0.7058823529411765,0.11764705882352941,0,0,3,5,crash,false,7,13,491,4620,480,0,0,false,false,true,0,0,5591,34,0,
1565,tempted_1_0,3980,34,4,budget,0,81,true,4,725,89,127,0,1,0,0,0,2,29,normal,false,5,12,30,3470,480,0,0,false,false,true,0,0,3980,34,0,
1566,tempted_1_0,4333,30,0,budget,0,67,true,5,1200,79,144,0.2,0.8,0,0,0,1,28,crash,false,5,14,408,3925,0,0,0,false,false,false,0,0,4333,30,0,
1567,tempted_1_0,6445,40,10,budget,0,82,true,4,1060,114,161,0,0.925,0.075,0,0,5,2,normal,false,8,12,70,3575,2800,0,0,false,false,false,0,0,6445,40,0,
1568,tempted_1_0,3108,30,0,budget,0,58,true,4,560,63,122,0.13333333333333333,0.8666666666666667,0,0,0,1,29,crash,false,6,10,278,2830,0,0,0,false,false,true,0,0,3108,30,0,
1569,tempted_1_0,2159,30,0,budget,0,55,true,3,305,71,97,0.26666666666666666,0.7333333333333333,0,0,0,2,9,normal,false,8,11,259,1900,0,0,0,false,false,false,0,0,2159,30,0,
1570,tempted_1_0,4238,42,12,budget,0,81,true,4,495,88,154,0.2619047619047619,0.5952380952380952,0.14285714285714285,0,0,6,11,crash,false,10,11,398,3300,540,0,0,false,false,false,0,0,4238,42,0,
1571,tempted_1_0,20190,64,55,lock,3,100,false,6,1610,214,254,0,0.34375,0.3125,0.109375,0.234375,17,5,keto,false,3,33,0,2195,6420,3615,7960,false,true,false,10420,15,9770,49,2,4|2
1572,tempted_1_0,13275,62,32,budget,2,100,true,4,1860,193,235,0.016129032258064516,0.6290322580645161,0.14516129032258066,0.04838709677419355,0.16129032258064516,11,12,normal,false,10,29,20,4120,3330,645,5160,false,true,false,5035,10,8240,52,1,4
1573,tempted_1_0,4478,44,14,budget,0,97,true,4,480,104,139,0.11363636363636363,0.7272727272727273,0.11363636363636363,0.045454545454545456,0,7,2,normal,false,7,15,203,2745,900,630,0,true,true,false,0,0,4478,44,0,
1574,tempted_1_0,1803,30,0,budget,0,50,true,2,160,49,106,0.4,0.6,0,0,0,3,14,crash,false,13,8,498,1305,0,0,0,false,false,false,0,0,1803,30,0,
1575,tempted_1_0,2745,30,0,budget,0,50,true,3,285,71,125,0.3333333333333333,0.6666666666666666,0,0,0,6,10,crash,false,6,12,665,2080,0,0,0,false,false,false,0,0,2745,30,0,
1576,tempted_1_0,5864,40,10,budget,0,86,true,5,885,116,172,0.275,0.625,0.1,0,0,7,10,normal,false,7,21,324,4090,1450,0,0,false,false,true,0,0,5864,40,0,
1577,tempted_1_0,2485,30,0,budget,0,50,true,4,420,70,117,0.3,0.7,0,0,0,3,10,normal,false,8,10,870,1615,0,0,0,false,false,false,0,0,2485,30,0,
1578,tempted_1_0,1925,20,4,lock,0,80,false,3,530,47,62,0,0.95,0.05,0,0,2,5,normal,false,5,6,0,1415,510,0,0,false,false,false,0,0,1925,20,0,
1579,tempted_1_0,6930,43,13,budget,1,100,true,5,1230,106,156,0.18604651162790697,0.627906976744186,0.046511627906976744,0.023255813953488372,0.11627906976744186,6,6,normal,false,9,15,265,3215,810,1440,1200,false,true,true,1275,5,5655,38,1,3
1580,tempted_1_0,4568,38,8,budget,0,97,true,4,500,113,158,0.15789473684210525,0.7105263157894737,0.10526315789473684,0.02631578947368421,0,5,16,normal,false,5,17,363,3560,420,225,0,true,true,true,0,0,4568,38,0,
1581,tempted_1_0,3372,30,0,budget,0,67,true,4,950,77,128,0.2,0.8,0,0,0,2,11,normal,false,4,9,277,3095,0,0,0,false,false,false,0,0,3372,30,0,
1582,tempted_1_0,2216,32,2,budget,0,70,true,4,315,60,119,0.375,0.625,0,0,0,3,4,crash,false,10,10,716,1500,0,0,0,false,false,false,0,0,2216,32,0,
1583,tempted_1_0,8607,51,21,budget,1,100,true,4,750,138,196,0.17647058823529413,0.5490196078431373,0.13725490196078433,0.0392156862745098,0.09803921568627451,7,2,normal,false,7,15,252,3580,1710,1125,1940,false,true,false,2120,5,6487,46,1,4
1584,tempted_1_0,4488,32,2,budget,0,71,true,7,1255,83,119,0.0625,0.9375,0,0,0,2,11,normal,false,6,11,68,4420,0,0,0,false,false,true,0,0,4488,32,0,
1585,tempted_1_0,20125,82,52,budget,2,100,false,5,2115,269,358,0,0.6219512195121951,0.2073170731707317,0.04878048780487805,0.12195121951219512,16,6,normal,false,6,37,0,6520,5890,2535,5180,false,true,true,4790,10,15335,72,2,2|3
1586,tempted_1_0,10005,43,13,budget,1,100,true,8,2165,141,187,0.06976744186046512,0.7674418604651163,0.046511627906976744,0,0.11627906976744186,6,6,normal,false,10,20,190,5535,1190,450,2640,false,false,true,3095,5,6910,38,0,
1587,tempted_1_0,6187,30,0,budget,0,68,true,6,1440,105,174,0.3333333333333333,0.6666666666666666,0,0,0,2,5,normal,false,9,10,747,5440,0,0,0,false,false,false,0,0,6187,30,0,
1588,tempted_1_0,5027,36,6,budget,0,94,true,4,1060,93,140,0.19444444444444445,0.6944444444444444,0.08333333333333333,0.027777777777777776,0,3,22,normal,false,8,13,412,2640,1300,675,0,true,false,true,0,0,5027,36,0,
1589,tempted_1_0,9786,63,33,budget,1,100,true,5,1245,151,238,0.23809523809523808,0.4444444444444444,0.19047619047619047,0.047619047619047616,0.07936507936507936,15,2,normal,false,10,26,901,2690,2970,1485,1740,false,false,true,2070,5,7716,58,0,
1590,tempted_1_0,3259,36,6,budget,0,92,true,3,340,73,119,0.19444444444444445,0.6944444444444444,0.08333333333333333,0.027777777777777776,0,3,1,crash,false,6,12,249,2250,520,240,0,true,false,false,0,0,3259,36,0,
1591,tempted_1_0,4589,32,2,budget,0,74,true,5,700,103,138,0.125,0.84375,0.03125,0,0,2,12,normal,false,8,12,174,4325,90,0,0,false,false,false,0,0,4589,32,0,
1592,tempted_1_0,2835,30,0,budget,0,64,true,3,345,75,109,0.06666666666666667,0.9333333333333333,0,0,0,2,6,normal,false,5,11,80,2755,0,0,0,false,false,false,0,0,2835,30,0,
1593,tempted_1_0,7630,45,15,budget,1,100,false,4,1080,128,169,0,0.8,0.08888888888888889,0,0.1111111111111111,3,21,normal,false,4,22,0,3830,960,360,2480,false,false,true,2980,5,4650,40,0,
1594,tempted_1_0,3581,40,10,budget,0,79,true,5,610,99,122,0.1,0.85,0.05,0,0,7,5,normal,false,6,13,191,3030,360,0,0,false,false,true,0,0,3581,40,0,
1595,tempted_1_0,3599,30,0,budget,0,62,true,5,655,65,140,0.36666666666666664,0.6333333333333333,0,0,0,3,9,crash,false,5,13,799,2800,0,0,0,false,false,false,0,0,3599,30,0,
1596,tempted_1_0,6324,40,10,budget,0,78,true,4,600,134,190,0.075,0.825,0.1,0,0,6,4,normal,false,4,20,494,4960,870,0,0,false,false,false,0,0,6324,40,0,
1597,tempted_1_0,4845,32,2,budget,0,82,true,5,780,91,142,0.28125,0.71875,0,0,0,4,10,normal,false,5,11,345,3750,750,0,0,false,false,false,0,0,4845,32,0,
1598,tempted_1_0,4713,30,0,budget,0,50,true,5,815,98,160,0.36666666666666664,0.6333333333333333,0,0,0,4,5,crash,false,5,10,643,4070,0,0,0,false,false,false,0,0,4713,30,0,
1599,tempted_1_0,9863,55,25,budget,1,100,true,5,1740,151,188,0.05454545454545454,0.6545454545454545,0.16363636363636364,0.03636363636363636,0.09090909090909091,12,6,normal,false,10,27,333,3100,2310,540,3580,false,true,true,3925,5,5938,50,1,6
1600,tempted_1_0,4511,32,2,budget,0,75,true,4,760,95,155,0.34375,0.65625,0,0,0,4,9,normal,false,4,15,531,3440,540,0,0,false,false,false,0,0,4511,32,0,
1601,tempted_1_0,3216,30,0,budget,0,50,true,5,600,75,126,0.2,0.8,0,0,0,4,7,normal,false,6,11,656,2560,0,0,0,false,false,true,0,0,3216,30,0,
1602,tempted_1_0,3854,32,2,budget,0,70,true,5,945,87,130,0.15625,0.84375,0,0,0,3,1,normal,false,4,15,334,3520,0,0,0,false,false,true,0,0,3854,32,0,
1603,tempted_1_0,2079,30,0,budget,0,51,true,4,360,57,113,0.6,0.4,0,0,0,4,7,normal,false,7,11,874,1205,0,0,0,false,false,true,0,0,2079,30,0,
1604,tempted_1_0,2973,30,0,budget,0,56,true,3,405,79,106,0.13333333333333333,0.8666666666666667,0,0,0,4,9,normal,false,5,14,288,2685,0,0,0,false,false,false,0,0,2973,30,0,
1605,tempted_1_0,3996,30,0,budget,0,50,true,6,990,78,143,0.3333333333333333,0.6666666666666666,0,0,0,4,6,normal,false,4,11,771,3225,0,0,0,false,false,true,0,0,3996,30,0,
1606,tempted_1_0,11080,43,13,budget,1,100,false,5,2380,136,188,0,0.7906976744186046,0.09302325581395349,0,0.11627906976744186,4,16,normal,false,4,23,0,4710,1410,180,4780,false,false,true,4940,5,6140,38,1,2
1607,tempted_1_0,3526,34,4,budget,0,72,true,4,680,68,115,0.11764705882352941,0.8823529411764706,0,0,0,3,14,crash,false,7,13,101,3065,360,0,0,false,false,false,0,0,3526,34,0,
1608,tempted_1_0,4492,30,0,budget,0,53,true,5,800,94,152,0.3,0.7,0,0,0,3,14,normal,false,8,11,502,3990,0,0,0,false,false,true,0,0,4492,30,0,
1609,tempted_1_0,1040,8,2,lock,0,70,false,4,465,17,30,0,1,0,0,0,1,1,normal,false,2,4,0,1040,0,0,0,false,false,true,0,0,1040,8,0,
1610,tempted_1_0,6292,38,8,budget,0,95,true,4,810,125,198,0.2631578947368421,0.6052631578947368,0.10526315789473684,0.02631578947368421,0,5,2,normal,false,6,16,562,3690,1590,450,0,true,true,false,0,0,6292,38,0,
1611,tempted_1_0,5001,32,2,budget,0,77,true,5,890,102,157,0.25,0.75,0,0,0,6,4,normal,false,3,16,536,3835,630,0,0,false,false,false,0,0,5001,32,0,
1612,tempted_1_0,3296,32,2,budget,0,84,true,5,880,81,134,0.40625,0.5625,0.03125,0,0,6,6,normal,false,5,12,786,2360,150,0,0,false,false,true,0,0,3296,32,0,
1613,tempted_1_0,4390,34,4,budget,0,72,true,5,990,95,139,0.029411764705882353,0.9411764705882353,0.029411764705882353,0,0,3,2,normal,false,5,10,50,4070,270,0,0,false,false,false,0,0,4390,34,0,
1614,tempted_1_0,3227,32,2,budget,0,70,true,4,360,83,138,0.21875,0.78125,0,0,0,3,5,normal,false,4,11,667,2380,180,0,0,false,false,false,0,0,3227,32,0,
1615,tempted_1_0,3148,30,0,budget,0,50,true,5,625,77,125,0.4,0.6,0,0,0,4,9,normal,false,5,11,898,2250,0,0,0,false,false,false,0,0,3148,30,0,
1616,tempted_1_0,2452,30,0,budget,0,50,true,3,315,62,131,0.5333333333333333,0.4666666666666667,0,0,0,4,10,normal,false,6,12,767,1685,0,0,0,false,false,true,0,0,2452,30,0,
1617,tempted_1_0,2881,30,0,budget,0,56,true,4,345,74,107,0.16666666666666666,0.8333333333333334,0,0,0,3,6,normal,false,9,10,311,2570,0,0,0,false,false,false,0,0,2881,30,0,
1618,tempted_1_0,3574,30,0,budget,0,58,true,4,600,82,124,0.26666666666666666,0.7333333333333333,0,0,0,2,13,normal,false,8,10,284,3290,0,0,0,false,false,true,0,0,3574,30,0,
1619,tempted_1_0,4231,32,2,budget,0,71,true,5,820,83,144,0.25,0.75,0,0,0,3,9,normal,false,6,15,566,3485,180,0,0,false,false,true,0,0,4231,32,0,
1620,tempted_1_0,10965,50,20,budget,0,95,true,4,2090,185,266,0,0.78,0.2,0.02,0,8,8,normal,false,9,22,30,5680,4130,1125,0,true,true,false,0,0,10965,50,0,
1621,tempted_1_0,2109,30,0,budget,0,50,true,3,210,61,117,0.4666666666666667,0.5333333333333333,0,0,0,3,12,normal,false,7,11,849,1260,0,0,0,false,false,true,0,0,2109,30,0,
1622,tempted_1_0,9467,44,14,budget,0,97,true,6,1418,130,212,0.18181818181818182,0.5909090909090909,0.20454545454545456,0.022727272727272728,0,9,9,normal,false,5,21,582,4610,2520,1755,0,true,true,false,0,0,9467,44,0,
1623,tempted_1_0,5865,32,2,budget,0,73,true,6,2470,89,130,0.125,0.875,0,0,0,4,1,normal,false,4,15,180,3265,2420,0,0,false,false,false,0,0,5865,32,0,
1624,tempted_1_0,4543,30,0,budget,0,50,true,4,940,96,176,0.43333333333333335,0.5666666666666667,0,0,0,4,7,crash,false,6,11,833,3710,0,0,0,false,false,false,0,0,4543,30,0,
1625,tempted_1_0,4086,32,2,budget,0,70,true,5,765,94,139,0.21875,0.78125,0,0,0,5,4,normal,false,4,17,376,3530,180,0,0,false,false,true,0,0,4086,32,0,
1626,tempted_1_0,2886,30,0,budget,0,67,true,4,575,73,108,0.16666666666666666,0.8333333333333334,0,0,0,3,11,normal,false,10,10,186,2700,0,0,0,false,false,true,0,0,2886,30,0,
1627,tempted_1_0,3207,36,6,budget,0,93,true,3,540,81,121,0.4166666666666667,0.4444444444444444,0.1111111111111111,0.027777777777777776,0,8,5,normal,false,5,15,517,1525,1030,135,0,true,false,true,0,0,3207,36,0,
1628,tempted_1_0,2405,30,0,budget,0,50,true,3,380,51,133,0.6333333333333333,0.36666666666666664,0,0,0,4,5,crash,false,7,11,1155,1250,0,0,0,false,false,false,0,0,2405,30,0,
1629,tempted_1_0,3850,32,2,budget,0,73,false,4,750,97,128,0,0.96875,0.03125,0,0,1,30,normal,false,7,9,0,3760,90,0,0,false,false,false,0,0,3850,32,0,
1630,tempted_1_0,2584,30,0,budget,0,59,true,3,420,63,115,0.4666666666666667,0.5333333333333333,0,0,0,5,13,normal,false,10,13,524,2060,0,0,0,false,false,true,0,0,2584,30,0,
1631,tempted_1_0,4621,42,12,budget,0,91,true,4,540,111,170,0.14285714285714285,0.7619047619047619,0.09523809523809523,0,0,7,4,crash,false,8,16,266,3425,570,360,0,true,false,false,0,0,4621,42,0,
1632,tempted_1_0,4239,30,0,budget,0,50,true,6,710,90,175,0.5666666666666667,0.43333333333333335,0,0,0,4,8,normal,false,6,12,1849,2390,0,0,0,false,false,true,0,0,4239,30,0,
1633,tempted_1_0,3219,32,2,budget,0,76,true,3,315,83,125,0.125,0.84375,0.03125,0,0,3,4,normal,false,7,8,409,2720,90,0,0,false,false,true,0,0,3219,32,0,
1634,tempted_1_0,11968,60,30,budget,2,100,true,4,1340,189,236,0.06666666666666667,0.6,0.13333333333333333,0.03333333333333333,0.16666666666666666,10,1,keto,false,8,25,143,4925,2440,600,3860,false,false,false,3960,10,8008,50,2,2|4
1635,tempted_1_0,32720,102,72,budget,4,100,true,7,5430,332,409,0.00980392156862745,0.5,0.23529411764705882,0.058823529411764705,0.19607843137254902,23,7,normal,false,8,45,20,5665,7280,6315,13440,false,true,true,15290,20,17430,82,4,2|2|2|5
1636,tempted_1_0,4376,32,2,budget,0,82,true,5,890,85,128,0.15625,0.8125,0.03125,0,0,2,9,crash,false,9,7,346,3280,750,0,0,false,false,false,0,0,4376,32,0,
1637,tempted_1_0,5926,36,6,budget,0,77,true,7,2540,116,156,0.19444444444444445,0.7777777777777778,0.027777777777777776,0,0,6,2,normal,false,5,13,226,5400,300,0,0,false,false,true,0,0,5926,36,0,
1638,tempted_1_0,2469,30,0,budget,0,50,true,4,560,68,111,0.3,0.7,0,0,0,3,9,normal,false,5,10,459,2010,0,0,0,false,false,false,0,0,2469,30,0,
1639,tempted_1_0,3233,30,0,budget,0,61,true,7,1195,63,113,0.36666666666666664,0.6333333333333333,0,0,0,2,11,crash,false,9,8,463,2770,0,0,0,false,false,false,0,0,3233,30,0,
1640,tempted_1_0,3079,30,0,budget,0,66,true,3,355,87,132,0.3,0.7,0,0,0,2,7,normal,false,4,12,529,2550,0,0,0,false,false,false,0,0,3079,30,0,
1641,tempted_1_0,6052,40,10,budget,0,94,true,5,1005,125,182,0.175,0.75,0.05,0.025,0,6,5,normal,false,7,21,367,4110,1440,135,0,true,false,true,0,0,6052,40,0,
1642,tempted_1_0,2832,30,0,budget,0,53,true,4,590,72,125,0.4,0.6,0,0,0,4,8,normal,false,6,12,587,2245,0,0,0,false,false,false,0,0,2832,30,0,
1643,tempted_1_0,2708,30,0,budget,0,53,true,3,315,70,100,0.1,0.9,0,0,0,3,6,normal,false,8,11,153,2555,0,0,0,false,false,true,0,0,2708,30,0,
1644,tempted_1_0,3564,32,2,budget,0,72,true,3,330,83,143,0.28125,0.6875,0.03125,0,0,3,7,crash,false,5,13,579,2865,120,0,0,false,false,false,0,0,3564,32,0,
1645,tempted_1_0,5285,36,6,budget,0,83,true,4,520,123,163,0.05555555555555555,0.8888888888888888,0.05555555555555555,0,0,5,4,normal,false,3,17,35,4250,1000,0,0,false,false,true,0,0,5285,36,0,
1646,tempted_1_0,16478,56,26,budget,2,100,true,4,2480,172,213,0.08928571428571429,0.5178571428571429,0.16071428571428573,0.05357142857142857,0.17857142857142858,10,5,normal,false,11,23,173,2510,2830,2265,8700,false,true,false,9345,10,7133,46,2,8|2
1647,tempted_1_0,3272,30,0,budget,0,53,true,4,420,83,137,0.4,0.6,0,0,0,5,6,crash,false,4,11,777,2495,0,0,0,false,false,false,0,0,3272,30,0,
1648,tempted_1_0,7955,47,17,budget,1,100,true,4,690,150,235,0.2765957446808511,0.5106382978723404,0.0851063829787234,0.02127659574468085,0.10638297872340426,10,4,crash,false,6,24,615,4180,1470,270,1420,false,false,false,1450,5,6505,42,1,3
1649,tempted_1_0,4108,32,2,budget,0,73,true,4,470,88,136,0.125,0.875,0,0,0,3,5,crash,false,9,11,273,3565,270,0,0,false,false,false,0,0,4108,32,0,
1650,tempted_1_0,4015,34,4,budget,0,84,true,3,620,94,139,0.20588235294117646,0.7647058823529411,0.029411764705882353,0,0,4,2,normal,false,5,16,435,2960,620,0,0,false,false,false,0,0,4015,34,0,
1651,tempted_1_0,2826,30,0,budget,0,63,true,5,398,74,129,0.3333333333333333,0.6666666666666666,0,0,0,2,9,normal,false,8,9,1116,1710,0,0,0,false,false,false,0,0,2826,30,0,
1652,tempted_1_0,9301,54,24,budget,0,97,true,5,1665,151,212,0.037037037037037035,0.6666666666666666,0.2222222222222222,0.07407407407407407,0,11,6,normal,false,3,27,396,3450,3340,2115,0,true,true,true,0,0,9301,54,0,
1653,tempted_1_0,3041,30,0,budget,0,52,true,4,555,69,112,0.23333333333333334,0.7666666666666667,0,0,0,4,9,crash,false,4,13,326,2715,0,0,0,false,false,false,0,0,3041,30,0,
1654,tempted_1_0,2163,30,0,budget,0,67,true,3,255,73,107,0.3333333333333333,0.6666666666666666,0,0,0,5,16,normal,false,5,10,433,1730,0,0,0,false,false,true,0,0,2163,30,0,
1655,tempted_1_0,4738,38,8,budget,0,93,true,4,765,92,159,0.34210526315789475,0.5526315789473685,0.07894736842105263,0.02631578947368421,0,9,5,crash,false,4,16,663,2815,720,540,0,true,false,false,0,0,4738,38,0,
1656,tempted_1_0,4433,34,4,budget,0,85,true,4,495,104,134,0.058823529411764705,0.9117647058823529,0.029411764705882353,0,0,3,11,normal,false,8,9,233,3960,240,0,0,false,false,false,0,0,4433,34,0,
1657,tempted_1_0,5403,38,8,budget,0,90,true,5,675,122,165,0.07894736842105263,0.8157894736842105,0.07894736842105263,0.02631578947368421,0,5,5,normal,false,8,13,168,4490,610,135,0,true,false,false,0,0,5403,38,0,
1658,tempted_1_0,13944,64,34,budget,2,100,true,4,1190,211,274,0.078125,0.640625,0.125,0,0.15625,12,12,normal,false,5,40,354,5505,2360,1845,3880,false,true,false,5130,10,8814,54,1,4
1659,tempted_1_0,7010,42,12,budget,0,86,true,5,1740,133,179,0.11904761904761904,0.8095238095238095,0.07142857142857142,0,0,10,1,normal,false,6,16,135,4265,2610,0,0,false,false,false,0,0,7010,42,0,
1660,tempted_1_0,6645,48,18,budget,0,95,true,5,1005,126,179,0.0625,0.6875,0.20833333333333334,0.041666666666666664,0,8,1,normal,false,8,17,155,3505,1110,1875,0,true,true,false,0,0,6645,48,0,
1661,tempted_1_0,5779,46,16,budget,0,96,true,5,695,130,185,0.21739130434782608,0.5652173913043478,0.17391304347826086,0.043478260869565216,0,8,12,normal,false,6,18,819,3145,1140,675,0,true,true,false,0,0,5779,46,0,
1662,tempted_1_0,4752,38,8,budget,0,97,true,4,1090,111,167,0.2631578947368421,0.631578947368421,0.07894736842105263,0.02631578947368421,0,6,8,normal,false,4,20,617,3305,380,450,0,true,true,false,0,0,4752,38,0,
1663,tempted_1_0,3878,30,0,budget,0,66,true,4,690,91,142,0.23333333333333334,0.7666666666666667,0,0,0,2,9,normal,false,4,16,313,3565,0,0,0,false,false,false,0,0,3878,30,0,
1664,tempted_1_0,7552,43,13,budget,1,100,true,6,1010,123,192,0.23255813953488372,0.5581395348837209,0.06976744186046512,0.023255813953488372,0.11627906976744186,7,8,normal,false,7,21,527,3540,530,1395,1560,false,true,true,2190,5,5362,38,1,3
1665,tempted_1_0,2640,30,0,budget,0,67,true,4,430,67,92,0.03333333333333333,0.9666666666666667,0,0,0,1,23,normal,false,5,8,30,2610,0,0,0,false,false,false,0,0,2640,30,0,
1666,tempted_1_0,17833,67,37,budget,3,100,true,5,1230,233,299,0.029850746268656716,0.5223880597014925,0.1791044776119403,0.04477611940298507,0.22388059701492538,12,1,normal,false,5,33,168,5900,3980,765,7020,false,false,true,7270,15,10563,52,3,9|2|4
1667,tempted_1_0,3575,30,0,budget,0,59,true,3,505,89,143,0.26666666666666666,0.7333333333333333,0,0,0,2,16,crash,false,3,13,370,3205,0,0,0,false,false,true,0,0,3575,30,0,
1668,tempted_1_0,3794,34,4,budget,0,82,true,6,1185,83,155,0.6176470588235294,0.35294117647058826,0.029411764705882353,0,0,4,7,crash,false,6,14,989,1875,930,0,0,false,false,false,0,0,3794,34,0,
1669,tempted_1_0,16231,66,36,budget,2,100,true,5,1920,208,293,0.13636363636363635,0.4696969696969697,0.16666666666666666,0.07575757575757576,0.15151515151515152,14,7,normal,false,7,33,701,4870,3370,3270,4020,false,true,false,4310,10,11921,56,2,4|3
1670,tempted_1_0,6068,34,4,budget,0,91,true,5,750,125,192,0.38235294117647056,0.5588235294117647,0.029411764705882353,0.029411764705882353,0,5,9,normal,false,3,19,968,4770,150,180,0,true,false,true,0,0,6068,34,0,
1671,tempted_1_0,11873,54,24,budget,0,97,true,4,1190,212,289,0.16666666666666666,0.5370370370370371,0.2222222222222222,0.07407407407407407,0,12,12,normal,false,5,24,478,5035,5250,1110,0,true,true,false,0,0,11873,54,0,
1672,tempted_1_0,5500,36,6,budget,0,83,true,4,1150,108,169,0.3333333333333333,0.6111111111111112,0.05555555555555555,0,0,6,1,normal,false,5,17,565,3485,1450,0,0,false,false,true,0,0,5500,36,0,
1673,tempted_1_0,3415,30,0,budget,0,50,true,5,665,79,128,0.16666666666666666,0.8333333333333334,0,0,0,3,12,crash,false,3,13,310,3105,0,0,0,false,false,false,0,0,3415,30,0,
1674,tempted_1_0,6397,35,14,lock,0,88,true,6,1830,87,154,0.22857142857142856,0.6285714285714286,0.11428571428571428,0.02857142857142857,0,7,12,keto,false,4,16,342,3280,2640,135,0,false,false,true,0,0,6397,35,0,
1675,tempted_1_0,2052,30,0,budget,0,50,true,4,530,49,108,0.43333333333333335,0.5666666666666667,0,0,0,4,11,normal,false,5,10,607,1445,0,0,0,false,false,false,0,0,2052,30,0,
1676,tempted_1_0,3051,30,0,budget,0,55,true,5,635,71,115,0.3333333333333333,0.6666666666666666,0,0,0,5,6,crash,false,5,11,411,2640,0,0,0,false,false,false,0,0,3051,30,0,
1677,tempted_1_0,8887,52,22,budget,0,92,true,5,1325,171,248,0.15384615384615385,0.7115384615384616,0.11538461538461539,0.019230769230769232,0,11,1,normal,false,6,26,762,4870,3120,135,0,true,false,true,0,0,8887,52,0,
1678,tempted_1_0,6390,38,8,budget,0,96,true,6,985,118,163,0.02631578947368421,0.868421052631579,0.07894736842105263,0.02631578947368421,0,4,14,normal,false,7,14,60,5400,750,180,0,true,true,false,0,0,6390,38,0,
1679,tempted_1_0,45,1,0,lock,0,50,false,1,45,0,3,0,1,0,0,0,0,-1,normal,false,1,0,0,45,0,0,0,false,false,false,0,0,45,1,0,
1680,tempted_1_0,3612,30,0,budget,0,50,true,4,435,72,158,0.4666666666666667,0.5333333333333333,0,0,0,3,10,crash,false,5,13,1227,2385,0,0,0,false,false,false,0,0,3612,30,0,
1681,tempted_1_0,6246,44,14,budget,0,90,true,5,615,126,190,0.20454545454545456,0.6818181818181818,0.06818181818181818,0.045454545454545456,0,10,7,crash,false,4,23,281,3300,2350,315,0,true,false,false,0,0,6246,44,0,
1682,tempted_1_0,2598,30,0,budget,0,65,true,4,390,65,98,0.1,0.9,0,0,0,2,11,normal,false,4,10,178,2420,0,0,0,false,false,false,0,0,2598,30,0,
1683,tempted_1_0,2742,30,0,budget,0,50,true,5,480,75,137,0.5666666666666667,0.43333333333333335,0,0,0,4,6,normal,false,4,11,1162,1580,0,0,0,false,false,true,0,0,2742,30,0,
1684,tempted_1_0,5955,29,10,lock,0,85,true,5,1720,98,171,0.2413793103448276,0.6551724137931034,0.10344827586206896,0,0,5,5,normal,false,6,11,730,2975,2250,0,0,false,false,false,0,0,5955,29,0,
1685,tempted_1_0,2621,30,0,budget,0,53,true,3,255,80,104,0.13333333333333333,0.8666666666666667,0,0,0,3,9,normal,false,5,11,396,2225,0,0,0,false,false,false,0,0,2621,30,0,
1686,tempted_1_0,1906,30,0,budget,0,50,true,3,255,44,103,0.4666666666666667,0.5333333333333333,0,0,0,2,15,crash,false,7,10,446,1460,0,0,0,false,false,false,0,0,1906,30,0,
1687,tempted_1_0,7241,42,12,budget,0,93,true,7,1255,127,179,0.09523809523809523,0.8095238095238095,0.047619047619047616,0.047619047619047616,0,6,10,normal,false,4,20,201,5795,930,315,0,true,false,false,0,0,7241,42,0,
1688,tempted_1_0,4003,30,0,budget,0,67,true,6,1080,90,133,0.16666666666666666,0.8333333333333334,0,0,0,2,9,normal,false,3,15,208,3795,0,0,0,false,false,false,0,0,4003,30,0,
1689,tempted_1_0,3711,30,0,budget,0,61,true,6,570,81,129,0.2,0.8,0,0,0,3,7,crash,false,4,11,591,3120,0,0,0,false,false,false,0,0,3711,30,0,
1690,tempted_1_0,2090,30,0,budget,0,50,true,4,360,59,112,0.6666666666666666,0.3333333333333333,0,0,0,4,4,crash,false,7,9,760,1330,0,0,0,false,false,false,0,0,2090,30,0,
1691,tempted_1_0,5465,40,10,budget,0,93,true,4,650,116,162,0.25,0.55,0.175,0.025,0,8,2,normal,false,5,15,475,2875,1980,135,0,true,false,true,0,0,5465,40,0,
1692,tempted_1_0,392,8,0,lock,0,50,true,2,135,3,28,0.75,0.25,0,0,0,0,-1,crash,false,8,0,107,285,0,0,0,false,false,false,0,0,392,8,0,
1693,tempted_1_0,4101,34,4,budget,0,70,true,4,540,102,152,0.11764705882352941,0.8823529411764706,0,0,0,4,6,normal,false,3,16,331,3770,0,0,0,false,false,true,0,0,4101,34,0,
1694,tempted_1_0,4553,36,6,budget,0,95,true,4,790,96,156,0.4444444444444444,0.5277777777777778,0.027777777777777776,0,0,4,13,crash,false,4,14,513,3005,360,675,0,true,true,false,0,0,4553,36,0,
1695,tempted_1_0,3228,30,0,budget,0,54,true,4,510,81,137,0.23333333333333334,0.7666666666666667,0,0,0,4,11,crash,false,3,15,498,2730,0,0,0,false,false,true,0,0,3228,30,0,
1696,tempted_1_0,6982,40,10,budget,0,98,true,5,1400,119,217,0.4,0.55,0.025,0.025,0,6,2,crash,false,8,15,1192,2400,2580,810,0,true,true,true,0,0,6982,40,0,
1697,tempted_1_0,6075,44,14,budget,0,86,false,4,595,129,166,0,0.8863636363636364,0.11363636363636363,0,0,5,1,normal,false,5,18,0,5055,1020,0,0,false,false,true,0,0,6075,44,0,
1698,tempted_1_0,2686,30,0,budget,0,56,true,3,295,70,117,0.4,0.6,0,0,0,1,6,crash,false,6,6,476,2210,0,0,0,false,false,false,0,0,2686,30,0,
1699,tempted_1_0,3169,30,0,budget,0,57,true,5,573,75,126,0.4666666666666667,0.5333333333333333,0,0,0,3,12,normal,false,5,10,594,2575,0,0,0,false,false,true,0,0,3169,30,0,
1700,tempted_1_0,6778,42,12,budget,0,94,true,4,1310,150,200,0.047619047619047616,0.8571428571428571,0.09523809523809523,0,0,6,1,normal,false,4,15,258,4520,1730,270,0,true,false,false,0,0,6778,42,0,
1701,tempted_1_0,13615,49,19,budget,1,100,true,4,2360,169,224,0.10204081632653061,0.5714285714285714,0.20408163265306123,0.02040816326530612,0.10204081632653061,12,2,normal,false,6,25,375,2755,4240,1665,4580,false,true,false,2320,5,11295,44,1,7
1702,tempted_1_0,3075,34,4,budget,0,77,true,4,405,79,135,0.3235294117647059,0.6176470588235294,0.058823529411764705,0,0,6,2,normal,false,5,13,720,2175,180,0,0,false,false,false,0,0,3075,34,0,
1703,tempted_1_0,5522,38,8,budget,0,87,true,4,805,127,174,0.21052631578947367,0.6842105263157895,0.10526315789473684,0,0,7,12,normal,false,5,22,487,4315,720,0,0,false,false,true,0,0,5522,38,0,
1704,tempted_1_0,14380,53,23,budget,1,100,true,5,2580,152,225,0.018867924528301886,0.6981132075471698,0.1320754716981132,0.05660377358490566,0.09433962264150944,9,15,normal,false,6,28,25,4405,1290,2340,6320,false,true,false,5880,5,8500,48,1,4
1705,tempted_1_0,2801,30,0,budget,0,50,true,4,480,61,122,0.3333333333333333,0.6666666666666666,0,0,0,2,13,normal,false,8,9,466,2335,0,0,0,false,false,false,0,0,2801,30,0,
1706,tempted_1_0,13008,60,30,budget,2,100,true,5,1900,159,247,0.2,0.43333333333333335,0.15,0.05,0.16666666666666666,15,7,normal,false,5,36,443,3915,1240,2370,5040,false,true,true,4900,10,8108,50,2,2|3
1707,tempted_1_0,7635,46,16,budget,0,97,true,5,1770,135,192,0.1956521739130435,0.6739130434782609,0.10869565217391304,0.021739130434782608,0,7,2,normal,false,5,17,495,3315,3330,495,0,true,true,false,0,0,7635,46,0,
1708,tempted_1_0,2257,30,0,budget,0,59,true,4,225,65,92,0.2,0.8,0,0,0,2,16,normal,false,7,10,357,1900,0,0,0,false,false,false,0,0,2257,30,0,
1709,tempted_1_0,5111,32,2,budget,0,71,true,6,1185,96,144,0.125,0.875,0,0,0,4,6,normal,false,5,15,161,4950,0,0,0,false,false,false,0,0,5111,32,0,
1710,tempted_1_0,11623,47,17,budget,1,100,true,4,1800,157,235,0.14893617021276595,0.5319148936170213,0.1702127659574468,0.0425531914893617,0.10638297872340426,10,1,normal,false,5,23,748,3495,1930,1530,3920,false,false,false,4140,5,7483,42,1,2
1711,tempted_1_0,3239,30,0,budget,0,60,true,4,380,86,117,0.16666666666666666,0.8333333333333334,0,0,0,2,7,normal,false,4,13,169,3070,0,0,0,false,false,true,0,0,3239,30,0,
1712,tempted_1_0,3485,32,2,budget,0,79,true,3,285,90,146,0.1875,0.78125,0.03125,0,0,4,9,normal,false,4,15,650,2685,150,0,0,false,false,true,0,0,3485,32,0,
1713,tempted_1_0,3902,32,2,budget,0,72,true,7,1145,83,140,0.3125,0.65625,0.03125,0,0,5,2,crash,false,4,16,562,3220,120,0,0,false,false,true,0,0,3902,32,0,
1714,tempted_1_0,3808,34,4,budget,0,97,true,5,1395,82,103,0.11764705882352941,0.7941176470588235,0.058823529411764705,0.029411764705882353,0,3,6,normal,false,7,11,98,2405,180,1125,0,true,true,false,0,0,3808,34,0,
1715,tempted_1_0,8263,44,14,budget,0,98,true,5,1125,146,207,0.045454545454545456,0.75,0.1590909090909091,0.045454545454545456,0,6,14,normal,false,3,22,53,5390,2280,540,0,true,true,true,0,0,8263,44,0,
1716,tempted_1_0,2158,30,0,budget,0,50,true,3,255,57,115,0.4666666666666667,0.5333333333333333,0,0,0,3,11,crash,false,6,9,378,1780,0,0,0,false,false,false,0,0,2158,30,0,
1717,tempted_1_0,4885,40,10,budget,0,84,false,4,460,117,155,0,0.875,0.125,0,0,5,1,normal,false,4,20,0,4115,770,0,0,false,false,false,0,0,4885,40,0,
1718,tempted_1_0,3411,36,6,budget,0,81,true,4,450,91,126,0.1388888888888889,0.8055555555555556,0.05555555555555555,0,0,6,1,normal,false,4,16,166,3005,240,0,0,false,false,false,0,0,3411,36,0,
1719,tempted_1_0,13621,59,29,budget,1,100,true,6,1440,162,241,0.1016949152542373,0.6610169491525424,0.11864406779661017,0.03389830508474576,0.0847457627118644,11,3,normal,false,7,26,561,4425,3700,2415,2520,false,true,false,3060,5,10561,54,1,2
1720,tempted_1_0,3133,30,0,budget,0,52,true,4,330,70,176,0.6666666666666666,0.3333333333333333,0,0,0,4,13,normal,false,4,14,1903,1230,0,0,0,false,false,true,0,0,3133,30,0,
1721,tempted_1_0,2902,30,0,budget,0,57,true,3,390,72,130,0.3333333333333333,0.6666666666666666,0,0,0,2,15,crash,false,8,14,472,2430,0,0,0,false,false,false,0,0,2902,30,0,
1722,tempted_1_0,10193,39,9,budget,1,100,true,6,3330,135,165,0.05128205128205128,0.7435897435897436,0.05128205128205128,0.02564102564102564,0.1282051282051282,3,16,normal,false,13,13,78,4835,510,330,4440,false,false,false,4590,5,5603,34,1,2
1723,tempted_1_0,3639,30,0,budget,0,64,true,5,740,82,128,0.2,0.8,0,0,0,3,16,normal,false,3,14,414,3225,0,0,0,false,false,true,0,0,3639,30,0,
1724,tempted_1_0,9866,41,11,budget,1,100,true,5,1940,126,188,0.17073170731707318,0.6097560975609756,0.0975609756097561,0,0.12195121951219512,5,7,crash,false,6,22,526,3090,1510,0,4740,false,false,true,4880,5,4986,36,1,2
1725,tempted_1_0,3560,30,0,budget,0,56,true,7,1575,61,140,0.6,0.4,0,0,0,2,6,crash,false,6,9,805,2755,0,0,0,false,false,false,0,0,3560,30,0,
1726,tempted_1_0,20414,93,63,budget,1,100,true,5,1335,261,377,0.07526881720430108,0.46236559139784944,0.3118279569892473,0.0967741935483871,0.053763440860215055,26,9,normal,false,10,52,269,5055,6960,5670,2460,false,true,false,2430,5,17984,88,1,13
1727,tempted_1_0,2868,34,4,budget,0,90,true,3,285,84,108,0.029411764705882353,0.9117647058823529,0.029411764705882353,0.029411764705882353,0,2,21,normal,false,7,10,183,2340,210,135,0,true,false,false,0,0,2868,34,0,
1728,tempted_1_0,2424,30,0,budget,0,66,true,3,435,66,103,0.3333333333333333,0.6666666666666666,0,0,0,3,13,normal,false,5,10,459,1965,0,0,0,false,false,false,0,0,2424,30,0,
1729,tempted_1_0,11278,39,9,budget,1,100,true,5,3000,112,172,0.28205128205128205,0.5128205128205128,0.05128205128205128,0.02564102564102564,0.1282051282051282,6,8,normal,false,7,17,383,2375,370,810,7340,false,true,true,5460,5,5818,34,1,3
1730,tempted_1_0,1587,30,0,budget,0,53,true,2,260,51,101,0.5,0.5,0,0,0,4,5,crash,false,5,10,517,1070,0,0,0,false,false,true,0,0,1587,30,0,
1731,tempted_1_0,1757,30,0,budget,0,50,true,3,190,56,99,0.5333333333333333,0.4666666666666667,0,0,0,6,10,normal,false,7,11,737,1020,0,0,0,false,false,false,0,0,1757,30,0,
1732,tempted_1_0,21127,71,41,budget,3,100,true,6,3660,230,324,0.08450704225352113,0.5774647887323944,0.09859154929577464,0.028169014084507043,0.2112676056338028,13,4,normal,false,6,37,632,6380,1740,2655,9720,false,true,false,10960,15,10167,56,2,2|2
1733,tempted_1_0,2619,32,2,budget,0,75,true,3,330,65,110,0.3125,0.65625,0.03125,0,0,3,11,normal,false,15,7,329,2200,90,0,0,false,false,true,0,0,2619,32,0,
1734,tempted_1_0,4178,34,4,budget,0,73,true,4,405,98,163,0.11764705882352941,0.8529411764705882,0.029411764705882353,0,0,4,6,crash,false,3,15,523,3445,210,0,0,false,false,false,0,0,4178,34,0,
1735,tempted_1_0,3196,30,0,budget,0,60,true,4,785,75,121,0.23333333333333334,0.7666666666666667,0,0,0,3,11,normal,false,6,12,311,2885,0,0,0,false,false,true,0,0,3196,30,0,
1736,tempted_1_0,7811,44,14,budget,0,94,true,4,1150,129,223,0.13636363636363635,0.7727272727272727,0.06818181818181818,0.022727272727272728,0,9,8,normal,false,5,20,561,4055,2250,945,0,true,false,false,0,0,7811,44,0,
1737,tempted_1_0,4863,30,0,budget,0,55,true,8,1435,89,143,0.3333333333333333,0.6666666666666666,0,0,0,6,5,normal,false,5,11,1088,3775,0,0,0,false,false,false,0,0,4863,30,0,
1738,tempted_1_0,4005,30,0,budget,0,64,true,6,1105,66,146,0.5,0.5,0,0,0,3,5,crash,false,10,7,700,3305,0,0,0,false,false,false,0,0,4005,30,0,
1739,tempted_1_0,2163,30,0,budget,0,69,true,2,165,69,111,0.4,0.6,0,0,0,3,10,normal,false,4,11,568,1595,0,0,0,false,false,true,0,0,2163,30,0,
1740,tempted_1_0,2876,30,0,budget,0,57,true,4,345,79,114,0.3,0.7,0,0,0,3,18,normal,false,5,14,431,2445,0,0,0,false,false,false,0,0,2876,30,0,
1741,tempted_1_0,2456,30,0,budget,0,57,true,3,300,57,124,0.4666666666666667,0.5333333333333333,0,0,0,3,18,crash,false,8,10,641,1815,0,0,0,false,false,false,0,0,2456,30,0,
1742,tempted_1_0,4344,42,12,budget,0,95,true,4,390,102,148,0.14285714285714285,0.7142857142857143,0.14285714285714285,0,0,5,6,crash,false,6,16,199,3275,600,270,0,true,true,false,0,0,4344,42,0,
1743,tempted_1_0,2584,32,2,budget,0,70,true,3,360,67,101,0.15625,0.84375,0,0,0,3,1,normal,false,5,13,159,2425,0,0,0,false,false,true,0,0,2584,32,0,
1744,tempted_1_0,14865,74,44,budget,2,100,true,5,1720,208,277,0,0.4864864864864865,0.2972972972972973,0.08108108108108109,0.13513513513513514,16,9,normal,false,8,34,30,4570,5190,1275,3800,false,true,false,4770,10,10095,64,2,2|8
1745,tempted_1_0,3587,30,0,budget,0,68,true,4,520,90,135,0.3,0.7,0,0,0,5,4,normal,false,3,13,677,2910,0,0,0,false,false,false,0,0,3587,30,0,
1746,tempted_1_0,6474,46,16,budget,0,88,true,4,750,137,199,0.10869565217391304,0.8043478260869565,0.06521739130434782,0.021739130434782608,0,9,1,normal,false,6,21,254,4115,1970,135,0,false,false,false,0,0,6474,46,0,
1747,tempted_1_0,2485,30,0,budget,0,57,true,3,315,66,91,0.03333333333333333,0.9666666666666667,0,0,0,1,22,normal,false,8,9,30,2455,0,0,0,false,false,false,0,0,2485,30,0,
1748,tempted_1_0,3566,20,6,lock,0,72,true,7,1335,47,102,0.4,0.6,0,0,0,4,1,crash,false,5,7,421,2785,360,0,0,false,false,false,0,0,3566,20,0,
1749,tempted_1_0,2910,30,0,budget,0,56,true,3,300,70,145,0.4,0.6,0,0,0,2,14,crash,false,6,13,1015,1895,0,0,0,false,false,false,0,0,2910,30,0,
1750,tempted_1_0,3065,30,0,budget,0,57,true,4,495,74,113,0.3,0.7,0,0,0,4,10,normal,false,4,13,575,2490,0,0,0,false,false,true,0,0,3065,30,0,
1751,tempted_1_0,2343,31,4,lock,0,80,true,3,330,63,110,0.4838709677419355,0.4838709677419355,0.03225806451612903,0,0,5,3,normal,false,6,11,538,1715,90,0,0,false,false,true,0,0,2343,31,0,
1752,tempted_1_0,3502,32,2,budget,0,74,true,5,660,77,108,0.21875,0.75,0.03125,0,0,4,17,normal,false,7,12,417,2995,90,0,0,false,false,false,0,0,3502,32,0,
1753,tempted_1_0,3012,30,0,budget,0,57,true,5,710,67,127,0.23333333333333334,0.7666666666666667,0,0,0,2,24,normal,false,6,10,807,2205,0,0,0,false,false,true,0,0,3012,30,0,
1754,tempted_1_0,4897,36,6,budget,0,86,true,6,1170,100,145,0.16666666666666666,0.6944444444444444,0.1388888888888889,0,0,6,5,normal,false,6,12,477,3710,710,0,0,false,false,false,0,0,4897,36,0,
1755,tempted_1_0,4098,38,8,budget,0,90,true,4,670,106,142,0.18421052631578946,0.7105263157894737,0.07894736842105263,0.02631578947368421,0,9,8,normal,false,6,18,263,3325,270,240,0,true,false,true,0,0,4098,38,0,
1756,tempted_1_0,4485,30,0,budget,0,50,true,6,2130,74,146,0.4666666666666667,0.5333333333333333,0,0,0,6,9,normal,false,8,11,700,3785,0,0,0,false,false,false,0,0,4485,30,0,
1757,tempted_1_0,6485,52,22,budget,0,97,false,5,1035,128,169,0,0.8461538461538461,0.1346153846153846,0.019230769230769232,0,11,1,normal,false,7,23,0,3730,1810,945,0,true,true,false,0,0,6485,52,0,
1758,tempted_1_0,3065,30,0,budget,0,55,true,5,608,74,139,0.5333333333333333,0.4666666666666667,0,0,0,3,19,crash,false,6,11,1340,1725,0,0,0,false,false,false,0,0,3065,30,0,
1759,tempted_1_0,1770,30,0,budget,0,50,true,3,225,58,95,0.43333333333333335,0.5666666666666667,0,0,0,7,9,normal,false,8,12,615,1155,0,0,0,false,false,true,0,0,1770,30,0,
1760,tempted_1_0,10046,50,20,budget,2,100,true,6,1875,152,197,0.2,0.54,0.06,0,0.2,7,5,normal,false,6,18,711,3240,690,2565,2840,false,false,false,5660,10,4386,40,0,
1761,tempted_1_0,2570,30,0,budget,0,50,true,3,310,67,124,0.43333333333333335,0.5666666666666667,0,0,0,4,10,crash,false,4,14,630,1940,0,0,0,false,false,false,0,0,2570,30,0,
1762,tempted_1_0,10738,43,13,budget,1,100,true,6,2235,121,180,0.18604651162790697,0.5581395348837209,0.09302325581395349,0.046511627906976744,0.11627906976744186,6,13,normal,false,10,18,313,2660,1720,2565,3480,false,false,false,3600,5,7138,38,1,3
1763,tempted_1_0,5831,38,8,budget,0,86,true,4,570,122,168,0.10526315789473684,0.7631578947368421,0.13157894736842105,0,0,6,9,normal,false,4,20,196,4485,1150,0,0,false,false,false,0,0,5831,38,0,
1764,tempted_1_0,3616,38,8,budget,0,95,true,4,433,72,129,0.3157894736842105,0.5526315789473685,0.10526315789473684,0.02631578947368421,0,5,10,normal,false,7,12,581,2450,450,135,0,true,true,true,0,0,3616,38,0,
1765,tempted_1_0,3594,30,0,budget,0,50,true,4,580,69,142,0.5333333333333333,0.4666666666666667,0,0,0,6,6,crash,false,5,12,524,3070,0,0,0,false,false,false,0,0,3594,30,0,
1766,tempted_1_0,11965,49,19,budget,1,100,true,5,2960,139,202,0.20408163265306123,0.5306122448979592,0.12244897959183673,0.04081632653061224,0.10204081632653061,11,1,crash,false,6,23,435,2275,3200,2895,3160,false,true,false,2980,5,8985,44,1,3
1767,tempted_1_0,3816,32,2,budget,0,70,true,5,725,87,150,0.375,0.625,0,0,0,4,10,normal,false,5,14,696,3120,0,0,0,false,false,true,0,0,3816,32,0,
1768,tempted_1_0,2887,30,0,budget,0,61,true,3,495,78,139,0.3333333333333333,0.6666666666666666,0,0,0,2,5,crash,false,4,12,592,2295,0,0,0,false,false,false,0,0,2887,30,0,
1769,tempted_1_0,2953,30,0,budget,0,52,true,4,435,74,129,0.26666666666666666,0.7333333333333333,0,0,0,2,10,normal,false,6,12,678,2275,0,0,0,false,false,false,0,0,2953,30,0,
1770,tempted_1_0,20665,85,55,budget,3,100,true,6,1560,272,354,0,0.5647058823529412,0.23529411764705882,0.023529411764705882,0.17647058823529413,18,3,normal,false,5,43,30,6880,4940,1275,7540,false,false,false,5790,15,14875,70,3,3|3|2
1771,tempted_1_0,6937,37,7,budget,1,100,true,4,1980,97,171,0.2702702702702703,0.5405405405405406,0.05405405405405406,0,0.13513513513513514,6,1,crash,false,8,14,582,2535,580,0,3240,false,false,false,2940,5,3997,32,1,2
1772,tempted_1_0,2805,30,0,budget,0,53,true,4,645,64,117,0.5333333333333333,0.4666666666666667,0,0,0,3,9,normal,false,5,9,600,2205,0,0,0,false,false,false,0,0,2805,30,0,
1773,tempted_1_0,4185,30,0,budget,0,65,true,4,615,84,144,0.26666666666666666,0.7333333333333333,0,0,0,1,13,normal,false,11,11,300,3885,0,0,0,false,false,true,0,0,4185,30,0,
1774,tempted_1_0,15606,52,22,budget,2,100,true,6,3740,182,259,0.1346153846153846,0.5576923076923077,0.07692307692307693,0.038461538461538464,0.19230769230769232,11,7,normal,false,3,28,571,5175,2270,1470,6120,false,true,true,6870,10,8736,42,2,2|3
1775,tempted_1_0,2845,30,0,budget,0,69,true,3,340,74,103,0,1,0,0,0,0,-1,normal,false,9,9,130,2715,0,0,0,false,false,true,0,0,2845,30,0,
1776,tempted_1_0,6239,32,2,budget,0,83,true,5,2010,87,159,0.34375,0.65625,0,0,0,3,5,crash,false,9,13,534,3875,1830,0,0,false,false,true,0,0,6239,32,0,
1777,tempted_1_0,2096,30,0,budget,0,53,true,3,240,60,102,0.3333333333333333,0.6666666666666666,0,0,0,3,7,normal,false,7,11,506,1590,0,0,0,false,false,false,0,0,2096,30,0,
1778,tempted_1_0,5208,34,4,budget,0,86,true,6,1440,107,146,0.14705882352941177,0.8235294117647058,0.029411764705882353,0,0,5,15,normal,false,5,15,108,4920,180,0,0,false,false,false,0,0,5208,34,0,
1779,tempted_1_0,5445,38,8,budget,0,78,true,6,1005,106,164,0.02631578947368421,0.8947368421052632,0.07894736842105263,0,0,3,9,crash,false,5,13,0,4675,770,0,0,false,false,false,0,0,5445,38,0,
1780,tempted_1_0,3405,30,0,budget,0,52,true,6,810,73,148,0.43333333333333335,0.5666666666666667,0,0,0,1,25,normal,false,11,12,905,2500,0,0,0,false,false,true,0,0,3405,30,0,
1781,tempted_1_0,3128,32,2,budget,0,82,true,4,630,77,127,0.4375,0.53125,0.03125,0,0,5,1,normal,false,8,10,623,1905,600,0,0,false,false,true,0,0,3128,32,0,
1782,tempted_1_0,3800,32,2,budget,0,75,true,4,590,84,130,0.09375,0.875,0.03125,0,0,3,8,crash,false,4,14,35,3325,440,0,0,false,false,false,0,0,3800,32,0,
1783,tempted_1_0,3138,30,0,budget,0,58,true,4,460,87,144,0.5333333333333333,0.4666666666666667,0,0,0,2,13,normal,false,5,11,943,2195,0,0,0,false,false,false,0,0,3138,30,0,
1784,tempted_1_0,3664,30,0,budget,0,50,true,4,390,90,149,0.3,0.7,0,0,0,6,7,normal,false,4,17,1004,2660,0,0,0,false,false,true,0,0,3664,30,0,
1785,tempted_1_0,2212,30,0,budget,0,50,true,3,460,61,123,0.43333333333333335,0.5666666666666667,0,0,0,3,9,crash,false,3,13,557,1655,0,0,0,false,false,false,0,0,2212,30,0,
1786,tempted_1_0,4014,34,4,budget,0,78,true,4,515,105,160,0.29411764705882354,0.6764705882352942,0.029411764705882353,0,0,5,9,normal,false,6,14,804,2950,260,0,0,false,false,false,0,0,4014,34,0,
1787,tempted_1_0,3871,36,6,budget,0,83,true,3,480,97,135,0.1388888888888889,0.8333333333333334,0.027777777777777776,0,0,6,6,normal,false,5,15,226,2985,660,0,0,false,false,true,0,0,3871,36,0,
1788,tempted_1_0,3441,32,2,budget,0,77,true,4,510,80,116,0.375,0.59375,0.03125,0,0,4,6,normal,false,5,10,461,2890,90,0,0,false,false,false,0,0,3441,32,0,
1789,tempted_1_0,3019,30,0,budget,0,51,true,4,315,78,137,0.36666666666666664,0.6333333333333333,0,0,0,5,9,normal,false,4,12,774,2245,0,0,0,false,false,true,0,0,3019,30,0,
1790,tempted_1_0,8592,49,19,budget,1,100,true,3,1140,152,215,0.14285714285714285,0.6122448979591837,0.12244897959183673,0.02040816326530612,0.10204081632653061,9,1,normal,false,8,23,552,3700,820,240,3280,false,false,false,3340,5,5252,44,1,5
1791,tempted_1_0,1862,30,0,budget,0,58,true,3,290,59,111,0.5333333333333333,0.4666666666666667,0,0,0,6,6,normal,false,8,11,622,1240,0,0,0,false,false,true,0,0,1862,30,0,
1792,tempted_1_0,5386,32,2,budget,0,74,true,7,973,109,169,0.34375,0.625,0.03125,0,0,6,8,normal,false,4,14,716,4580,90,0,0,false,false,true,0,0,5386,32,0,
1793,tempted_1_0,2932,30,0,budget,0,51,true,5,1055,73,121,0.36666666666666664,0.6333333333333333,0,0,0,5,10,normal,false,4,12,722,2210,0,0,0,false,false,true,0,0,2932,30,0,
1794,tempted_1_0,5585,32,2,budget,0,82,true,6,2250,112,166,0.28125,0.6875,0.03125,0,0,5,9,normal,false,4,11,915,2420,2250,0,0,false,false,true,0,0,5585,32,0,
1795,tempted_1_0,11993,46,16,budget,0,87,true,10,3180,168,229,0.043478260869565216,0.8695652173913043,0.08695652173913043,0,0,8,8,normal,false,6,19,53,9030,2910,0,0,false,false,false,0,0,11993,46,0,
1796,tempted_1_0,1828,30,0,budget,0,60,true,3,240,62,90,0.36666666666666664,0.6333333333333333,0,0,0,5,7,normal,false,4,11,493,1335,0,0,0,false,false,true,0,0,1828,30,0,
1797,tempted_1_0,5124,34,4,budget,0,78,true,6,1305,105,152,0.20588235294117646,0.7941176470588235,0,0,0,4,3,normal,false,4,13,324,3480,1320,0,0,false,false,true,0,0,5124,34,0,
1798,tempted_1_0,12676,50,20,budget,2,100,true,4,2500,152,200,0.2,0.48,0.08,0.04,0.2,7,8,normal,false,5,28,461,2280,1760,675,7500,false,true,false,7800,10,4876,40,2,2|3
1799,tempted_1_0,4971,38,8,budget,0,86,true,5,560,96,154,0.18421052631578946,0.7368421052631579,0.07894736842105263,0,0,5,7,crash,false,9,17,581,3310,1080,0,0,false,false,false,0,0,4971,38,0,
1800,tempted_1_0,4253,30,0,budget,0,62,true,7,1555,93,154,0.5333333333333333,0.4666666666666667,0,0,0,5,5,normal,false,7,15,1163,3090,0,0,0,false,false,true,0,0,4253,30,0,
1801,tempted_1_0,4126,32,2,budget,0,78,true,4,700,104,131,0.0625,0.90625,0.03125,0,0,2,17,normal,false,10,9,116,3920,90,0,0,false,false,true,0,0,4126,32,0,
1802,tempted_1_0,2424,30,0,budget,0,69,true,4,278,76,109,0.26666666666666666,0.7333333333333333,0,0,0,5,10,normal,false,9,9,389,2035,0,0,0,false,false,false,0,0,2424,30,0,
1803,tempted_1_0,3995,30,0,budget,0,69,true,4,605,97,153,0.26666666666666666,0.7333333333333333,0,0,0,5,7,normal,false,3,14,590,3405,0,0,0,false,false,true,0,0,3995,30,0,
1804,tempted_1_0,2875,30,0,budget,0,57,true,4,570,70,101,0.06666666666666667,0.9333333333333333,0,0,0,2,5,normal,false,4,13,135,2740,0,0,0,false,false,true,0,0,2875,30,0,
1805,tempted_1_0,11260,39,9,budget,1,100,true,7,1665,137,203,0.05128205128205128,0.717948717948718,0.10256410256410256,0,0.1282051282051282,3,13,normal,false,5,19,170,5560,720,630,4180,false,false,false,5665,5,5595,34,0,
1806,tempted_1_0,2260,30,0,budget,0,50,true,3,255,60,123,0.4,0.6,0,0,0,3,11,crash,false,5,9,705,1555,0,0,0,false,false,false,0,0,2260,30,0,
1807,tempted_1_0,2390,6,0,lock,0,54,false,6,1370,25,45,0,1,0,0,0,0,-1,normal,false,2,3,0,2390,0,0,0,false,false,false,0,0,2390,6,0,
1808,tempted_1_0,8474,46,16,budget,0,84,true,7,2090,153,207,0.08695652173913043,0.7608695652173914,0.15217391304347827,0,0,8,1,normal,false,5,21,294,6140,2040,0,0,false,false,false,0,0,8474,46,0,
1809,tempted_1_0,3358,30,0,budget,0,50,true,4,850,81,156,0.5333333333333333,0.4666666666666667,0,0,0,7,8,normal,false,7,13,953,2405,0,0,0,false,false,true,0,0,3358,30,0,
1810,tempted_1_0,3835,30,0,budget,0,68,true,6,845,76,134,0.4,0.6,0,0,0,4,11,normal,false,5,9,630,3205,0,0,0,false,false,false,0,0,3835,30,0,
1811,tempted_1_0,5079,30,0,budget,0,50,true,5,940,91,173,0.43333333333333335,0.5666666666666667,0,0,0,5,4,normal,false,5,12,509,4570,0,0,0,false,false,true,0,0,5079,30,0,
1812,tempted_1_0,9324,50,20,budget,0,96,true,6,2220,157,218,0.04,0.68,0.24,0.04,0,9,16,normal,false,6,19,394,4475,4050,405,0,true,true,false,0,0,9324,50,0,
1813,tempted_1_0,3897,30,0,budget,0,56,true,7,1585,75,128,0.3333333333333333,0.6666666666666666,0,0,0,2,6,crash,false,7,9,462,3435,0,0,0,false,false,false,0,0,3897,30,0,
1814,tempted_1_0,3397,32,2,budget,0,79,true,4,510,78,125,0.1875,0.8125,0,0,0,3,5,normal,false,9,12,377,2840,180,0,0,false,false,false,0,0,3397,32,0,
1815,tempted_1_0,3395,32,2,budget,0,73,true,4,525,78,120,0.03125,0.9375,0.03125,0,0,2,13,normal,false,7,12,115,3100,180,0,0,false,false,false,0,0,3395,32,0,
1816,tempted_1_0,3448,30,0,budget,0,63,true,4,590,82,135,0.16666666666666666,0.8333333333333334,0,0,0,2,24,crash,false,4,12,393,3055,0,0,0,false,false,false,0,0,3448,30,0,
1817,tempted_1_0,3815,34,4,budget,0,73,true,4,495,85,149,0.38235294117647056,0.5588235294117647,0.058823529411764705,0,0,3,9,normal,false,5,14,665,2970,180,0,0,false,false,false,0,0,3815,34,0,
1818,tempted_1_0,3682,30,0,budget,0,62,true,4,580,91,150,0.3333333333333333,0.6666666666666666,0,0,0,4,11,normal,false,3,14,912,2770,0,0,0,false,false,false,0,0,3682,30,0,
1819,tempted_1_0,3306,30,0,budget,0,50,true,4,610,85,145,0.5666666666666667,0.43333333333333335,0,0,0,4,5,normal,false,7,10,1286,2020,0,0,0,false,false,true,0,0,3306,30,0,
1820,tempted_1_0,2787,30,0,budget,0,68,true,6,915,69,114,0.26666666666666666,0.7333333333333333,0,0,0,2,14,normal,false,7,11,327,2460,0,0,0,false,false,false,0,0,2787,30,0,
1821,tempted_1_0,3271,34,4,budget,0,75,true,3,315,83,135,0.38235294117647056,0.5588235294117647,0.058823529411764705,0,0,4,10,normal,false,5,15,631,2460,180,0,0,false,false,true,0,0,3271,34,0,
1822,tempted_1_0,5932,40,10,budget,0,82,true,4,620,128,180,0.15,0.775,0.075,0,0,7,14,normal,false,7,19,182,4630,1120,0,0,false,false,true,0,0,5932,40,0,
1823,tempted_1_0,2015,30,0,budget,0,50,true,4,720,54,119,0.7,0.3,0,0,0,2,22,crash,false,5,9,760,1255,0,0,0,false,false,true,0,0,2015,30,0,
1824,tempted_1_0,2451,30,0,budget,0,62,true,4,685,62,104,0.23333333333333334,0.7666666666666667,0,0,0,4,15,crash,false,6,11,401,2050,0,0,0,false,false,false,0,0,2451,30,0,
1825,tempted_1_0,9708,49,19,budget,1,100,true,4,2040,138,184,0.061224489795918366,0.7142857142857143,0.08163265306122448,0.04081632653061224,0.10204081632653061,7,1,normal,false,5,27,288,3540,510,270,5100,false,true,false,4230,5,5478,44,1,3
1826,tempted_1_0,3549,32,2,budget,0,77,true,4,400,89,145,0.40625,0.59375,0,0,0,3,7,normal,false,10,15,759,2550,240,0,0,false,false,false,0,0,3549,32,0,
1827,tempted_1_0,3417,30,0,budget,0,50,true,4,725,71,146,0.43333333333333335,0.5666666666666667,0,0,0,3,12,crash,false,8,12,732,2685,0,0,0,false,false,false,0,0,3417,30,0,
1828,tempted_1_0,6045,38,8,budget,0,74,true,5,600,133,182,0.02631578947368421,0.9736842105263158,0,0,0,5,1,normal,false,5,19,125,5560,360,0,0,false,false,false,0,0,6045,38,0,
1829,tempted_1_0,6936,34,4,budget,0,74,true,7,1820,126,172,0.11764705882352941,0.8529411764705882,0.029411764705882353,0,0,5,7,normal,false,5,15,341,5155,1440,0,0,false,false,true,0,0,6936,34,0,
1830,tempted_1_0,3545,30,0,budget,0,52,true,4,550,80,151,0.36666666666666664,0.6333333333333333,0,0,0,4,7,normal,false,8,11,615,2930,0,0,0,false,false,true,0,0,3545,30,0,
1831,tempted_1_0,7758,40,10,budget,0,92,true,7,1553,146,196,0.05,0.85,0.075,0.025,0,6,10,normal,false,6,20,193,5620,1720,225,0,true,false,true,0,0,7758,40,0,
1832,tempted_1_0,18054,45,15,budget,1,100,true,9,3540,164,216,0.1111111111111111,0.6444444444444445,0.044444444444444446,0.08888888888888889,0.1111111111111111,4,10,normal,false,5,21,259,6060,570,3225,7940,false,true,false,10745,5,7309,40,0,
1833,tempted_1_0,6421,32,2,budget,0,83,true,4,1330,99,160,0.09375,0.78125,0.125,0,0,1,21,crash,false,3,13,46,3135,3240,0,0,false,false,false,0,0,6421,32,0,
1834,tempted_1_0,24470,94,71,lock,3,100,true,6,2160,279,344,0.010638297872340425,0.5,0.22340425531914893,0.10638297872340426,0.1595744680851064,20,5,normal,false,5,39,20,5155,4820,4035,10440,false,true,false,10540,15,13930,79,3,4|2|2
1835,tempted_1_0,3833,32,2,budget,0,82,true,4,420,87,124,0.0625,0.90625,0.03125,0,0,2,2,normal,false,7,8,408,2945,480,0,0,false,false,false,0,0,3833,32,0,
1836,tempted_1_0,20561,56,26,budget,2,100,true,5,4620,205,293,0.14285714285714285,0.5357142857142857,0.10714285714285714,0.03571428571428571,0.17857142857142858,9,14,normal,false,3,33,466,3945,1700,990,13460,false,true,true,13350,10,7211,46,2,3|6
1837,tempted_1_0,10298,51,21,budget,1,100,true,6,1280,155,219,0.11764705882352941,0.6078431372549019,0.13725490196078433,0.0392156862745098,0.09803921568627451,10,5,normal,false,7,22,398,5530,2040,270,2060,false,true,false,2335,5,7963,46,1,3
1838,tempted_1_0,8247,51,21,budget,1,100,true,3,960,140,205,0.13725490196078433,0.5294117647058824,0.1568627450980392,0.0784313725490196,0.09803921568627451,8,8,normal,false,6,26,327,3125,2140,675,1980,false,true,false,1180,5,7067,46,1,2
1839,tempted_1_0,4688,38,8,budget,0,72,true,4,495,112,168,0.21052631578947367,0.7894736842105263,0,0,0,7,4,normal,false,5,18,403,3745,540,0,0,false,false,true,0,0,4688,38,0,
1840,tempted_1_0,4025,32,2,budget,0,71,false,4,470,109,140,0,1,0,0,0,1,26,normal,false,3,15,0,4025,0,0,0,false,false,true,0,0,4025,32,0,
1841,tempted_1_0,5467,42,12,budget,0,86,true,6,1180,107,170,0.2857142857142857,0.6428571428571429,0.07142857142857142,0,0,7,5,normal,false,6,15,507,4045,510,405,0,false,false,true,0,0,5467,42,0,
1842,tempted_1_0,10183,49,19,budget,1,100,true,5,1695,145,190,0.02040816326530612,0.673469387755102,0.20408163265306123,0,0.10204081632653061,8,7,normal,false,10,18,53,3525,3310,1755,1540,false,true,false,1400,5,8783,44,1,8
1843,tempted_1_0,3609,30,0,budget,0,68,true,4,450,88,137,0.3333333333333333,0.6666666666666666,0,0,0,4,3,normal,false,4,14,584,3025,0,0,0,false,false,true,0,0,3609,30,0,
1844,tempted_1_0,4694,30,0,budget,0,65,true,5,1035,91,159,0.5333333333333333,0.4666666666666667,0,0,0,4,12,normal,false,7,10,774,3920,0,0,0,false,false,true,0,0,4694,30,0,
1845,tempted_1_0,3489,30,0,budget,0,69,true,3,360,101,133,0.2,0.8,0,0,0,2,16,normal,false,5,13,374,3115,0,0,0,false,false,false,0,0,3489,30,0,
1846,tempted_1_0,3143,22,2,lock,0,70,true,5,765,62,85,0.13636363636363635,0.8636363636363636,0,0,0,4,1,normal,false,6,8,153,2990,0,0,0,false,false,false,0,0,3143,22,0,
1847,tempted_1_0,4680,34,4,budget,0,82,true,6,1285,92,155,0.3235294117647059,0.6470588235294118,0.029411764705882353,0,0,3,1,normal,false,6,12,775,3425,480,0,0,false,false,true,0,0,4680,34,0,
1848,tempted_1_0,3436,30,0,budget,0,55,true,4,475,73,117,0.13333333333333333,0.8666666666666667,0,0,0,3,11,normal,false,3,11,206,3230,0,0,0,false,false,true,0,0,3436,30,0,
1849,tempted_1_0,4368,40,10,budget,0,86,true,4,405,96,164,0.25,0.675,0.075,0,0,5,6,crash,false,6,18,318,3360,690,0,0,false,false,true,0,0,4368,40,0,
1850,tempted_1_0,3132,30,0,budget,0,55,true,3,465,73,120,0.23333333333333334,0.7666666666666667,0,0,0,2,14,normal,false,5,11,332,2800,0,0,0,false,false,false,0,0,3132,30,0,
1851,tempted_1_0,2253,30,0,budget,0,53,true,3,330,59,107,0.5333333333333333,0.4666666666666667,0,0,0,3,11,crash,false,6,7,678,1575,0,0,0,false,false,false,0,0,2253,30,0,
1852,tempted_1_0,1223,6,0,lock,0,50,true,5,810,11,38,0.3333333333333333,0.6666666666666666,0,0,0,0,-1,crash,false,2,2,53,1170,0,0,0,false,false,false,0,0,1223,6,0,
1853,tempted_1_0,3526,30,0,budget,0,61,true,4,480,83,128,0.2,0.8,0,0,0,2,10,normal,false,3,13,296,3230,0,0,0,false,false,true,0,0,3526,30,0,
1854,tempted_1_0,2595,30,0,budget,0,66,true,3,275,73,103,0.03333333333333333,0.9666666666666667,0,0,0,1,19,normal,false,7,10,180,2415,0,0,0,false,false,false,0,0,2595,30,0,
1855,tempted_1_0,3013,32,2,budget,0,71,true,4,500,78,114,0.15625,0.84375,0,0,0,5,4,normal,false,4,10,208,2805,0,0,0,false,false,false,0,0,3013,32,0,
1856,tempted_1_0,5428,34,4,budget,0,80,true,5,1850,92,162,0.14705882352941177,0.8235294117647058,0.029411764705882353,0,0,3,11,crash,false,5,15,323,3245,1860,0,0,false,false,false,0,0,5428,34,0,
1857,tempted_1_0,3990,38,8,budget,0,78,true,3,540,99,131,0,0.8947368421052632,0.10526315789473684,0,0,3,30,normal,false,6,12,30,2880,1080,0,0,false,false,false,0,0,3990,38,0,
1858,tempted_1_0,2729,30,0,budget,0,55,true,4,388,64,114,0.43333333333333335,0.5666666666666667,0,0,0,4,9,normal,false,7,13,684,2045,0,0,0,false,false,true,0,0,2729,30,0,
1859,tempted_1_0,3943,30,0,budget,0,50,true,5,960,83,125,0.26666666666666666,0.7333333333333333,0,0,0,4,10,normal,false,7,11,598,3345,0,0,0,false,false,false,0,0,3943,30,0,
1860,tempted_1_0,18879,53,23,budget,1,100,true,6,4260,179,250,0.07547169811320754,0.6415094339622641,0.1320754716981132,0.05660377358490566,0.09433962264150944,9,2,crash,false,8,24,204,3705,2540,630,11800,false,false,false,10860,5,8019,48,1,2
1861,tempted_1_0,6900,41,11,budget,1,100,true,4,1620,116,149,0.0975609756097561,0.6829268292682927,0.07317073170731707,0.024390243902439025,0.12195121951219512,8,1,normal,false,12,13,155,3205,840,300,2400,false,true,false,2580,5,4320,36,1,4
1862,tempted_1_0,3192,30,0,budget,0,62,true,4,530,88,133,0.4,0.6,0,0,0,4,6,normal,false,5,13,557,2635,0,0,0,false,false,false,0,0,3192,30,0,
1863,tempted_1_0,4426,30,0,budget,0,54,true,5,700,97,148,0.23333333333333334,0.7666666666666667,0,0,0,4,7,crash,false,6,15,216,4210,0,0,0,false,false,false,0,0,4426,30,0,
1864,tempted_1_0,3386,30,0,budget,0,65,true,4,405,87,124,0.13333333333333333,0.8666666666666667,0,0,0,2,26,normal,false,3,12,91,3295,0,0,0,false,false,false,0,0,3386,30,0,
1865,tempted_1_0,2518,30,0,budget,0,50,true,3,375,78,125,0.4,0.6,0,0,0,4,8,normal,false,3,14,798,1720,0,0,0,false,false,false,0,0,2518,30,0,
1866,tempted_1_0,2977,32,2,budget,0,76,true,5,665,70,109,0.25,0.71875,0.03125,0,0,4,9,normal,false,4,13,422,2375,180,0,0,false,false,false,0,0,2977,32,0,
1867,tempted_1_0,3225,32,2,budget,0,72,true,5,630,76,118,0.0625,0.90625,0.03125,0,0,2,22,crash,false,5,12,140,2965,120,0,0,false,false,false,0,0,3225,32,0,
1868,tempted_1_0,2841,30,0,budget,0,69,true,4,338,72,99,0.13333333333333333,0.8666666666666667,0,0,0,1,21,normal,false,8,6,211,2630,0,0,0,false,false,false,0,0,2841,30,0,
1869,tempted_1_0,7903,45,15,budget,1,100,true,3,780,108,202,0.3111111111111111,0.5111111111111111,0.06666666666666667,0,0.1111111111111111,6,11,crash,false,5,21,758,2675,1350,720,2400,false,false,false,3000,5,4903,40,0,
1870,tempted_1_0,21203,74,59,lock,3,100,true,5,3460,214,303,0.08108108108108109,0.47297297297297297,0.21621621621621623,0.02702702702702703,0.20270270270270271,21,2,keto,false,5,38,503,4280,3410,2490,10520,false,false,false,10585,15,10618,59,3,2|2|3
1871,tempted_1_0,13911,63,33,budget,1,100,true,6,1500,194,275,0.1111111111111111,0.6190476190476191,0.14285714285714285,0.047619047619047616,0.07936507936507936,13,5,crash,false,11,27,241,6065,2520,3285,1800,false,true,false,1980,5,11931,58,1,2
1872,tempted_1_0,3080,32,2,budget,0,70,true,5,405,74,151,0.625,0.375,0,0,0,6,1,normal,false,5,12,1340,1740,0,0,0,false,false,true,0,0,3080,32,0,
1873,tempted_1_0,2463,30,0,budget,0,62,true,3,415,50,106,0.5,0.5,0,0,0,3,9,crash,false,9,8,513,1950,0,0,0,false,false,false,0,0,2463,30,0,
1874,tempted_1_0,4340,30,0,budget,0,60,true,4,450,89,166,0.23333333333333334,0.7666666666666667,0,0,0,1,23,normal,false,6,12,455,3885,0,0,0,false,false,true,0,0,4340,30,0,
1875,tempted_1_0,2931,32,2,budget,0,81,true,4,286,70,133,0.34375,0.625,0.03125,0,0,3,7,crash,false,6,12,891,1950,90,0,0,false,false,false,0,0,2931,32,0,
1876,tempted_1_0,4107,32,2,budget,0,79,true,4,540,83,147,0.40625,0.5625,0.03125,0,0,1,6,crash,false,15,10,382,3605,120,0,0,false,false,false,0,0,4107,32,0,
1877,tempted_1_0,3465,32,2,budget,0,73,true,4,405,80,145,0.3125,0.65625,0.03125,0,0,4,11,normal,false,5,12,845,2410,210,0,0,false,false,false,0,0,3465,32,0,
1878,tempted_1_0,16415,44,30,lock,2,100,false,6,3680,141,161,0,0.4772727272727273,0.22727272727272727,0.06818181818181818,0.22727272727272727,9,7,normal,false,11,18,0,1705,2120,1770,10820,false,true,false,11315,10,5100,34,2,2|3
1879,tempted_1_0,7498,47,17,budget,1,100,true,3,850,134,192,0.0851063829787234,0.6595744680851063,0.10638297872340426,0.0425531914893617,0.10638297872340426,6,6,normal,false,4,25,213,3405,1450,450,1980,false,false,false,2110,5,5388,42,0,
1880,tempted_1_0,5299,32,2,budget,0,78,true,5,1193,88,176,0.375,0.625,0,0,0,7,1,crash,false,5,13,749,4370,180,0,0,false,false,false,0,0,5299,32,0,
1881,tempted_1_0,15185,72,42,budget,2,100,true,5,1340,218,284,0.041666666666666664,0.625,0.09722222222222222,0.09722222222222222,0.1388888888888889,17,5,crash,false,9,29,75,4930,3150,1350,5680,false,true,false,5715,10,9470,62,2,7|2
1882,tempted_1_0,3290,30,0,budget,0,67,true,4,540,66,125,0.3,0.7,0,0,0,2,11,crash,false,5,11,330,2960,0,0,0,false,false,false,0,0,3290,30,0,
1883,tempted_1_0,6512,36,6,budget,0,91,true,7,2105,100,161,0.19444444444444445,0.75,0.05555555555555555,0,0,4,6,crash,false,5,14,347,5175,450,540,0,true,false,false,0,0,6512,36,0,
1884,tempted_1_0,4965,30,0,budget,0,63,true,6,915,94,134,0.06666666666666667,0.9333333333333333,0,0,0,2,8,normal,false,4,13,85,4880,0,0,0,false,false,false,0,0,4965,30,0,
1885,tempted_1_0,30350,89,59,budget,3,100,true,6,3165,335,445,0.0898876404494382,0.48314606741573035,0.19101123595505617,0.06741573033707865,0.16853932584269662,18,6,crash,false,9,44,380,8025,5090,5775,11080,false,true,false,12605,15,17745,74,2,5|3
1886,tempted_1_0,3496,30,0,budget,0,54,true,5,985,68,143,0.5333333333333333,0.4666666666666667,0,0,0,3,16,normal,false,6,9,576,2920,0,0,0,false,false,false,0,0,3496,30,0,
1887,tempted_1_0,3506,32,2,budget,0,73,true,4,495,86,119,0.15625,0.8125,0.03125,0,0,5,2,normal,false,6,13,291,3125,90,0,0,false,false,false,0,0,3506,32,0,
1888,tempted_1_0,3520,34,4,budget,0,78,true,3,305,81,122,0.029411764705882353,0.9705882352941176,0,0,0,2,10,crash,false,5,12,40,3120,360,0,0,false,false,false,0,0,3520,34,0,
1889,tempted_1_0,5314,34,4,budget,0,75,true,6,890,91,172,0.23529411764705882,0.7647058823529411,0,0,0,5,11,crash,false,4,14,469,4335,510,0,0,false,false,false,0,0,5314,34,0,
1890,tempted_1_0,2563,30,0,budget,0,50,true,4,405,67,124,0.5333333333333333,0.4666666666666667,0,0,0,3,6,crash,false,6,11,533,2030,0,0,0,false,false,false,0,0,2563,30,0,
1891,tempted_1_0,4380,32,2,budget,0,70,true,6,1005,79,136,0.3125,0.6875,0,0,0,2,15,crash,false,7,7,200,4180,0,0,0,false,false,false,0,0,4380,32,0,
1892,tempted_1_0,4495,32,2,budget,0,71,true,4,600,98,165,0.25,0.75,0,0,0,5,16,normal,false,7,14,470,4025,0,0,0,false,false,false,0,0,4495,32,0,
1893,tempted_1_0,9442,42,19,lock,1,100,true,5,1260,149,189,0.19047619047619047,0.47619047619047616,0.11904761904761904,0.09523809523809523,0.11904761904761904,9,8,deep,true,5,21,502,3925,980,1035,3000,false,true,true,3380,5,6062,37,1,6
1894,tempted_1_0,3980,30,0,budget,0,50,true,4,790,105,159,0.3333333333333333,0.6666666666666666,0,0,0,3,16,normal,false,5,11,785,3195,0,0,0,false,false,false,0,0,3980,30,0,
1895,tempted_1_0,16393,65,51,lock,3,100,true,6,1315,204,232,0.015384615384615385,0.49230769230769234,0.26153846153846155,0.03076923076923077,0.2,18,1,frenzy,false,9,32,98,3895,5450,1950,5000,false,true,false,5675,13,10718,52,2,3|3
1896,tempted_1_0,3139,30,0,budget,0,55,true,4,620,71,127,0.36666666666666664,0.6333333333333333,0,0,0,4,9,normal,false,4,11,549,2590,0,0,0,false,false,false,0,0,3139,30,0,
1897,tempted_1_0,2497,30,0,budget,0,58,true,4,375,65,104,0.3,0.7,0,0,0,2,6,normal,false,5,9,277,2220,0,0,0,false,false,false,0,0,2497,30,0,
1898,tempted_1_0,4475,30,0,budget,0,62,true,8,856,102,160,0.3,0.7,0,0,0,4,7,normal,false,3,15,1595,2880,0,0,0,false,false,false,0,0,4475,30,0,
1899,tempted_1_0,4047,30,0,budget,0,50,true,7,1620,81,135,0.3,0.7,0,0,0,3,12,normal,false,9,9,652,3395,0,0,0,false,false,false,0,0,4047,30,0,
1900,tempted_1_0,5000,32,2,budget,0,76,true,5,820,112,147,0.09375,0.875,0.03125,0,0,4,3,normal,false,5,11,115,4795,90,0,0,false,false,true,0,0,5000,32,0,
1901,tempted_1_0,3822,30,0,budget,0,66,true,4,480,90,131,0.2,0.8,0,0,0,3,11,normal,false,5,15,367,3455,0,0,0,false,false,true,0,0,3822,30,0,
1902,tempted_1_0,3400,30,0,budget,0,58,true,5,663,67,135,0.3333333333333333,0.6666666666666666,0,0,0,3,6,crash,false,6,12,755,2645,0,0,0,false,false,false,0,0,3400,30,0,
1903,tempted_1_0,2983,30,0,budget,0,59,true,4,525,78,113,0.23333333333333334,0.7666666666666667,0,0,0,6,3,normal,false,4,16,273,2710,0,0,0,false,false,true,0,0,2983,30,0,
1904,tempted_1_0,3147,30,0,budget,0,51,true,4,510,72,114,0.2,0.8,0,0,0,1,25,normal,false,5,12,367,2780,0,0,0,false,false,false,0,0,3147,30,0,
1905,tempted_1_0,5456,45,15,budget,1,100,true,4,495,112,165,0.2222222222222222,0.5555555555555556,0.06666666666666667,0.044444444444444446,0.1111111111111111,5,9,normal,false,5,23,791,2385,570,630,1080,false,false,false,1320,5,4136,40,1,4
1906,tempted_1_0,3800,30,0,budget,0,50,true,4,615,88,151,0.4666666666666667,0.5333333333333333,0,0,0,5,6,normal,false,5,16,735,3065,0,0,0,false,false,true,0,0,3800,30,0,
1907,tempted_1_0,6920,38,15,lock,1,100,true,3,780,115,146,0.02631578947368421,0.7631578947368421,0.07894736842105263,0,0.13157894736842105,5,7,normal,false,6,16,30,3280,1480,270,1860,false,false,false,1810,5,5110,33,0,
1908,tempted_1_0,3601,30,0,budget,0,54,true,4,660,83,131,0.1,0.9,0,0,0,2,6,normal,false,4,11,181,3420,0,0,0,false,false,false,0,0,3601,30,0,
1909,tempted_1_0,3116,30,0,budget,0,50,true,5,353,75,137,0.2,0.8,0,0,0,2,13,crash,false,7,9,466,2650,0,0,0,false,false,false,0,0,3116,30,0,
1910,tempted_1_0,5888,36,6,budget,0,83,true,6,825,104,162,0.05555555555555555,0.8888888888888888,0.05555555555555555,0,0,3,9,crash,false,5,11,128,4090,1670,0,0,false,false,false,0,0,5888,36,0,
1911,tempted_1_0,25115,96,66,budget,4,100,false,6,2955,286,358,0,0.5416666666666666,0.20833333333333334,0.041666666666666664,0.20833333333333334,20,1,normal,false,7,52,0,4930,5660,4125,10400,false,true,false,10110,20,15005,76,3,3|3|6
1912,tempted_1_0,2345,30,0,budget,0,50,true,3,255,61,110,0.3333333333333333,0.6666666666666666,0,0,0,4,7,crash,false,4,14,490,1855,0,0,0,false,false,true,0,0,2345,30,0,
1913,tempted_1_0,1710,30,0,budget,0,63,true,3,135,56,82,0.36666666666666664,0.6333333333333333,0,0,0,5,7,normal,false,6,10,390,1320,0,0,0,false,false,false,0,0,1710,30,0,
1914,tempted_1_0,4395,40,10,budget,0,84,true,4,585,102,140,0.15,0.75,0.1,0,0,9,1,normal,false,5,17,290,3145,960,0,0,false,false,false,0,0,4395,40,0,
1915,tempted_1_0,4424,32,2,budget,0,82,true,5,920,91,146,0.4375,0.53125,0.03125,0,0,6,4,normal,false,8,14,669,2945,810,0,0,false,false,true,0,0,4424,32,0,
1916,tempted_1_0,2755,32,2,budget,0,71,true,3,330,75,99,0,1,0,0,0,1,12,normal,false,20,4,90,2665,0,0,0,false,false,false,0,0,2755,32,0,
1917,tempted_1_0,3875,36,6,budget,0,87,false,4,645,95,120,0,0.9166666666666666,0.08333333333333333,0,0,1,10,normal,false,6,12,0,3365,510,0,0,false,false,true,0,0,3875,36,0,
1918,tempted_1_0,3221,28,0,lock,0,56,true,4,465,76,133,0.42857142857142855,0.5714285714285714,0,0,0,5,4,normal,false,6,13,1316,1905,0,0,0,false,false,true,0,0,3221,28,0,
1919,tempted_1_0,12290,45,15,budget,1,100,true,6,4510,129,234,0.26666666666666666,0.5333333333333333,0.08888888888888889,0,0.1111111111111111,8,7,normal,false,4,23,1010,3740,2960,3240,1340,false,false,false,1790,5,10500,40,0,
1920,tempted_1_0,4612,32,2,budget,0,84,true,4,950,82,149,0.40625,0.53125,0.0625,0,0,4,8,normal,false,5,13,632,2490,1490,0,0,false,false,false,0,0,4612,32,0,
1921,tempted_1_0,5135,40,10,budget,0,88,false,3,420,120,144,0,0.875,0.1,0.025,0,3,14,normal,false,8,15,0,3935,1020,180,0,false,false,false,0,0,5135,40,0,
1922,tempted_1_0,3037,30,0,budget,0,65,true,3,340,71,130,0.3,0.7,0,0,0,2,9,normal,false,5,11,452,2585,0,0,0,false,false,true,0,0,3037,30,0,
1923,tempted_1_0,6001,37,7,budget,1,100,true,4,1300,106,136,0.08108108108108109,0.7297297297297297,0.05405405405405406,0,0.13513513513513514,4,3,normal,false,10,10,106,2875,1380,0,1640,false,false,true,1760,5,4241,32,0,
1924,tempted_1_0,10298,41,11,budget,1,100,true,5,2700,147,225,0.04878048780487805,0.7804878048780488,0.04878048780487805,0,0.12195121951219512,5,6,normal,false,6,18,768,5510,180,480,3360,false,false,false,3660,5,6638,36,1,2
1925,tempted_1_0,2734,32,2,budget,0,84,true,3,240,71,125,0.34375,0.625,0.03125,0,0,4,6,normal,false,5,11,574,1980,180,0,0,false,false,true,0,0,2734,32,0,
1926,tempted_1_0,4290,30,0,budget,0,69,true,4,435,96,137,0.03333333333333333,0.9666666666666667,0,0,0,0,-1,crash,false,9,9,0,4290,0,0,0,false,false,false,0,0,4290,30,0,
1927,tempted_1_0,1925,10,6,lock,0,83,false,5,855,40,39,0,0.7,0.3,0,0,3,2,keto,false,3,5,0,1745,180,0,0,false,false,true,0,0,1925,10,0,
1928,tempted_1_0,4042,30,0,budget,0,57,true,4,705,85,155,0.13333333333333333,0.8666666666666667,0,0,0,1,28,crash,false,9,10,397,3645,0,0,0,false,false,false,0,0,4042,30,0,
1929,tempted_1_0,3874,30,0,budget,0,52,true,6,1275,83,136,0.23333333333333334,0.7666666666666667,0,0,0,4,12,normal,false,6,10,429,3445,0,0,0,false,false,false,0,0,3874,30,0,
1930,tempted_1_0,6754,36,6,budget,0,95,true,8,2800,98,159,0.25,0.6111111111111112,0.1111111111111111,0.027777777777777776,0,8,6,crash,false,5,20,424,2950,3200,180,0,true,true,false,0,0,6754,36,0,
1931,tempted_1_0,7213,46,16,budget,0,95,true,5,710,148,198,0.06521739130434782,0.782608695652174,0.13043478260869565,0.021739130434782608,0,9,6,normal,false,5,22,113,5515,1450,135,0,true,true,true,0,0,7213,46,0,
1932,tempted_1_0,2606,30,0,budget,0,50,true,3,340,61,128,0.36666666666666664,0.6333333333333333,0,0,0,5,13,normal,false,6,12,706,1900,0,0,0,false,false,true,0,0,2606,30,0,
1933,tempted_1_0,1936,30,0,budget,0,50,true,4,248,50,117,0.7,0.3,0,0,0,4,4,crash,false,4,12,971,965,0,0,0,false,false,false,0,0,1936,30,0,
1934,tempted_1_0,3271,30,0,budget,0,63,true,4,565,82,125,0.2,0.8,0,0,0,3,6,normal,false,4,13,456,2815,0,0,0,false,false,false,0,0,3271,30,0,
1935,tempted_1_0,4205,34,4,budget,0,73,true,4,485,94,142,0.11764705882352941,0.8823529411764706,0,0,0,5,2,normal,false,5,13,185,3480,540,0,0,false,false,false,0,0,4205,34,0,
1936,tempted_1_0,11373,54,24,budget,0,95,true,4,900,185,259,0.037037037037037035,0.6666666666666666,0.24074074074074073,0.05555555555555555,0,10,10,normal,false,5,29,43,5250,5630,450,0,true,true,false,0,0,11373,54,0,
1937,tempted_1_0,2443,30,0,budget,0,50,true,4,375,63,110,0.5333333333333333,0.4666666666666667,0,0,0,3,19,crash,false,9,9,808,1635,0,0,0,false,false,true,0,0,2443,30,0,
1938,tempted_1_0,2988,30,0,budget,0,67,true,5,600,79,110,0.06666666666666667,0.9333333333333333,0,0,0,1,9,normal,false,6,9,478,2510,0,0,0,false,false,false,0,0,2988,30,0,
1939,tempted_1_0,5900,40,10,budget,0,78,true,4,930,139,187,0,0.95,0.05,0,0,4,1,normal,false,7,21,420,5120,360,0,0,false,false,false,0,0,5900,40,0,
1940,tempted_1_0,4206,34,4,budget,0,92,true,4,510,97,146,0.17647058823529413,0.7941176470588235,0,0.029411764705882353,0,4,7,crash,false,5,14,316,3455,300,135,0,true,false,false,0,0,4206,34,0,
1941,tempted_1_0,3234,30,0,budget,0,67,true,3,300,89,142,0.26666666666666666,0.7333333333333333,0,0,0,5,10,normal,false,4,11,664,2570,0,0,0,false,false,false,0,0,3234,30,0,
1942,tempted_1_0,3142,30,0,budget,0,51,true,6,1125,59,135,0.7333333333333333,0.26666666666666666,0,0,0,2,20,crash,false,5,10,1207,1935,0,0,0,false,false,false,0,0,3142,30,0,
1943,tempted_1_0,10155,49,19,budget,1,100,true,5,1870,136,196,0.1836734693877551,0.5306122448979592,0.08163265306122448,0.10204081632653061,0.10204081632653061,7,9,crash,false,6,19,445,3020,1090,2820,2780,false,true,false,1700,5,8455,44,1,5
1944,tempted_1_0,3603,34,4,budget,0,85,true,4,415,86,120,0.08823529411764706,0.8529411764705882,0.058823529411764705,0,0,2,14,normal,false,10,13,288,3015,300,0,0,false,false,true,0,0,3603,34,0,
1945,tempted_1_0,13999,50,20,budget,2,100,true,5,3220,182,247,0.14,0.52,0.14,0,0.2,8,1,normal,false,4,29,739,3900,1360,360,7640,false,false,false,7460,10,6539,40,2,2|3
1946,tempted_1_0,12529,41,11,budget,1,100,true,6,2120,179,248,0.14634146341463414,0.7073170731707317,0.024390243902439025,0,0.12195121951219512,5,6,normal,false,4,19,509,6550,90,720,4660,false,false,true,4900,5,7629,36,0,
1947,tempted_1_0,12380,45,15,budget,1,100,false,8,6480,130,166,0,0.7555555555555555,0.13333333333333333,0,0.1111111111111111,5,10,normal,false,6,23,0,3310,950,0,8120,false,false,true,7240,5,5140,40,1,4
1948,tempted_1_0,12381,52,22,budget,2,100,true,9,3620,156,201,0.1346153846153846,0.5769230769230769,0.07692307692307693,0.019230769230769232,0.19230769230769232,10,1,crash,false,7,15,386,5010,440,1845,4700,false,false,false,8160,10,4221,42,1,4
1949,tempted_1_0,3015,34,4,budget,0,82,true,4,410,79,118,0.2647058823529412,0.7058823529411765,0.029411764705882353,0,0,6,1,normal,false,6,14,520,2405,90,0,0,false,false,false,0,0,3015,34,0,
1950,tempted_1_0,3805,32,2,budget,0,72,true,3,420,97,127,0.15625,0.8125,0.03125,0,0,2,9,normal,false,6,14,280,3435,90,0,0,false,false,true,0,0,3805,32,0,
1951,tempted_1_0,4390,36,6,budget,0,82,true,4,750,86,132,0.05555555555555555,0.8611111111111112,0.08333333333333333,0,0,5,8,normal,false,9,11,135,3265,990,0,0,false,false,false,0,0,4390,36,0,
1952,tempted_1_0,5318,30,0,budget,0,50,true,8,2055,83,167,0.4666666666666667,0.5333333333333333,0,0,0,4,9,crash,false,3,13,713,4605,0,0,0,false,false,false,0,0,5318,30,0,
1953,tempted_1_0,3525,30,0,budget,0,60,true,3,360,91,121,0.03333333333333333,0.9666666666666667,0,0,0,1,18,normal,false,3,13,45,3480,0,0,0,false,false,true,0,0,3525,30,0,
1954,tempted_1_0,10012,44,14,budget,0,94,true,7,1245,136,241,0.25,0.6363636363636364,0.11363636363636363,0,0,9,1,crash,false,5,23,527,5505,2900,1080,0,true,false,false,0,0,10012,44,0,
1955,tempted_1_0,6170,41,11,budget,1,100,true,5,750,110,186,0.4878048780487805,0.2926829268292683,0.0975609756097561,0,0.12195121951219512,8,1,crash,false,4,16,1055,2515,560,180,1860,false,false,false,1400,5,4770,36,1,3
1956,tempted_1_0,3386,34,4,budget,0,85,true,3,990,65,128,0.4117647058823529,0.5294117647058824,0.058823529411764705,0,0,4,16,crash,false,8,10,516,1670,1200,0,0,false,false,true,0,0,3386,34,0,
1957,tempted_1_0,3045,30,0,budget,0,52,true,5,415,72,134,0.3333333333333333,0.6666666666666666,0,0,0,2,13,crash,false,5,11,860,2185,0,0,0,false,false,false,0,0,3045,30,0,
1958,tempted_1_0,19476,74,44,budget,2,100,true,6,2085,254,342,0.10810810810810811,0.5,0.21621621621621623,0.04054054054054054,0.13513513513513514,16,6,normal,false,6,40,396,7070,2750,3660,5600,false,true,false,5700,10,13776,64,1,9
1959,tempted_1_0,2635,30,0,budget,0,50,true,3,360,74,115,0.4666666666666667,0.5333333333333333,0,0,0,6,5,normal,false,4,9,630,2005,0,0,0,false,false,true,0,0,2635,30,0,
1960,tempted_1_0,4020,32,2,budget,0,72,true,4,435,87,125,0.0625,0.90625,0.03125,0,0,3,8,normal,false,6,13,50,3790,180,0,0,false,false,false,0,0,4020,32,0,
1961,tempted_1_0,2614,30,0,budget,0,64,true,4,600,57,101,0.4,0.6,0,0,0,3,3,normal,false,7,9,309,2305,0,0,0,false,false,false,0,0,2614,30,0,
1962,tempted_1_0,19314,75,45,budget,3,100,true,5,1260,232,315,0.08,0.5066666666666667,0.16,0.05333333333333334,0.2,19,9,normal,false,5,45,309,5035,2590,3300,8080,false,true,false,6790,15,12524,60,3,3|4|4
1963,tempted_1_0,3074,30,0,budget,0,50,true,6,915,71,113,0.3,0.7,0,0,0,4,6,normal,false,5,13,619,2455,0,0,0,false,false,true,0,0,3074,30,0,
1964,tempted_1_0,14646,73,43,budget,1,100,true,6,1605,218,313,0.0821917808219178,0.6027397260273972,0.2054794520547945,0.0410958904109589,0.0684931506849315,17,13,normal,false,5,38,281,5625,4880,1920,1940,false,true,false,1770,5,12876,68,0,
1965,tempted_1_0,3873,30,0,budget,0,55,true,4,660,76,160,0.4,0.6,0,0,0,3,7,crash,false,4,14,753,3120,0,0,0,false,false,false,0,0,3873,30,0,
1966,tempted_1_0,1247,30,0,budget,0,50,true,2,105,37,79,0.5666666666666667,0.43333333333333335,0,0,0,5,7,normal,false,9,6,497,750,0,0,0,false,false,true,0,0,1247,30,0,
1967,tempted_1_0,3259,30,0,budget,0,57,true,3,825,82,158,0.4666666666666667,0.5333333333333333,0,0,0,3,13,crash,false,5,11,909,2350,0,0,0,false,false,false,0,0,3259,30,0,
1968,tempted_1_0,4785,38,8,budget,0,82,true,3,590,111,158,0,0.9473684210526315,0.05263157894736842,0,0,4,14,normal,false,5,17,60,3675,1050,0,0,false,false,false,0,0,4785,38,0,
1969,tempted_1_0,3223,30,0,budget,0,68,true,4,550,82,123,0.13333333333333333,0.8666666666666667,0,0,0,1,20,crash,false,6,8,228,2995,0,0,0,false,false,false,0,0,3223,30,0,
1970,tempted_1_0,3976,30,0,budget,0,55,true,5,645,79,170,0.4,0.6,0,0,0,2,7,crash,false,6,11,781,3195,0,0,0,false,false,false,0,0,3976,30,0,
1971,tempted_1_0,7227,40,10,budget,0,93,true,4,2170,112,180,0.2,0.675,0.125,0,0,9,1,normal,false,3,19,342,3805,1010,2070,0,true,false,true,0,0,7227,40,0,
1972,tempted_1_0,2073,30,0,budget,0,50,true,3,248,54,114,0.5666666666666667,0.43333333333333335,0,0,0,4,10,normal,false,7,10,858,1215,0,0,0,false,false,false,0,0,2073,30,0,
1973,tempted_1_0,3548,30,0,budget,0,65,true,5,488,94,139,0.3,0.7,0,0,0,3,13,normal,false,4,12,683,2865,0,0,0,false,false,true,0,0,3548,30,0,
1974,tempted_1_0,2666,32,2,budget,0,76,true,3,425,76,134,0.375,0.5625,0.0625,0,0,4,4,crash,false,4,14,646,1810,210,0,0,false,false,true,0,0,2666,32,0,
1975,tempted_1_0,2048,30,0,budget,0,56,true,3,260,60,110,0.4,0.6,0,0,0,3,6,crash,false,5,7,648,1400,0,0,0,false,false,true,0,0,2048,30,0,
1976,tempted_1_0,4673,36,6,budget,0,83,true,6,705,94,168,0.3055555555555556,0.6111111111111112,0.08333333333333333,0,0,5,1,crash,false,4,17,653,3720,300,0,0,false,false,false,0,0,4673,36,0,
1977,tempted_1_0,3419,30,0,budget,0,56,true,4,665,87,133,0.23333333333333334,0.7666666666666667,0,0,0,3,20,crash,false,7,10,564,2855,0,0,0,false,false,false,0,0,3419,30,0,
1978,tempted_1_0,2445,30,0,budget,0,62,true,3,265,74,125,0.23333333333333334,0.7666666666666667,0,0,0,4,14,crash,false,6,13,720,1725,0,0,0,false,false,true,0,0,2445,30,0,
1979,tempted_1_0,9334,50,20,budget,0,85,true,5,1810,150,228,0.1,0.78,0.12,0,0,8,10,normal,false,5,21,269,5170,3220,675,0,false,false,false,0,0,9334,50,0,
1980,tempted_1_0,6996,38,8,budget,0,88,true,4,1300,137,210,0.18421052631578946,0.7368421052631579,0.07894736842105263,0,0,5,1,normal,false,11,13,521,5215,540,720,0,false,false,true,0,0,6996,38,0,
1981,tempted_1_0,8430,45,15,budget,1,100,true,5,1140,155,186,0.022222222222222223,0.7555555555555555,0.06666666666666667,0.044444444444444446,0.1111111111111111,5,5,normal,false,14,15,120,4400,820,270,2820,false,false,false,2015,5,6415,40,1,3
1982,tempted_1_0,5869,34,4,budget,0,78,true,7,1615,118,164,0.14705882352941177,0.8529411764705882,0,0,0,3,12,normal,false,4,13,329,4490,1050,0,0,false,false,true,0,0,5869,34,0,
1983,tempted_1_0,2780,30,0,budget,0,50,true,4,390,63,136,0.5,0.5,0,0,0,4,7,crash,false,6,10,955,1825,0,0,0,false,false,true,0,0,2780,30,0,
1984,tempted_1_0,8669,48,18,budget,0,95,true,6,1875,148,200,0.20833333333333334,0.5208333333333334,0.25,0.020833333333333332,0,7,9,crash,false,6,23,359,3960,3000,1350,0,true,true,false,0,0,8669,48,0,
1985,tempted_1_0,5840,38,8,budget,0,86,true,6,2020,103,170,0.21052631578947367,0.7368421052631579,0.05263157894736842,0,0,4,7,crash,false,6,16,265,3655,1920,0,0,false,false,false,0,0,5840,38,0,
1986,tempted_1_0,2109,30,0,budget,0,50,true,3,420,55,135,0.7333333333333333,0.26666666666666666,0,0,0,3,6,normal,false,7,11,1109,1000,0,0,0,false,false,true,0,0,2109,30,0,
1987,tempted_1_0,16700,76,46,budget,2,100,false,4,1200,246,311,0,0.5921052631578947,0.21052631578947367,0.06578947368421052,0.13157894736842105,15,6,normal,false,7,34,0,5625,4900,1935,4240,false,true,false,3660,10,13040,66,2,4|6
1988,tempted_1_0,2435,32,2,budget,0,77,true,3,255,69,102,0.09375,0.875,0.03125,0,0,4,1,normal,false,10,11,120,2195,120,0,0,false,false,true,0,0,2435,32,0,
1989,tempted_1_0,15683,75,45,budget,3,100,true,5,980,213,294,0.17333333333333334,0.3466666666666667,0.22666666666666666,0.05333333333333334,0.2,17,9,crash,false,5,36,638,3190,3890,2085,5880,false,true,false,6645,15,9038,60,2,3|6
1990,tempted_1_0,3108,30,0,budget,0,69,true,4,540,80,130,0.3333333333333333,0.6666666666666666,0,0,0,3,6,normal,false,3,16,403,2705,0,0,0,false,false,false,0,0,3108,30,0,
1991,tempted_1_0,2739,30,0,budget,0,66,true,4,480,70,110,0.3333333333333333,0.6666666666666666,0,0,0,1,20,normal,false,9,12,359,2380,0,0,0,false,false,true,0,0,2739,30,0,
1992,tempted_1_0,4504,30,0,budget,0,50,true,7,1885,82,129,0.23333333333333334,0.7666666666666667,0,0,0,3,6,normal,false,5,10,194,4310,0,0,0,false,false,false,0,0,4504,30,0,
1993,tempted_1_0,2159,30,0,budget,0,50,true,3,285,61,100,0.3,0.7,0,0,0,3,8,crash,false,4,12,394,1765,0,0,0,false,false,false,0,0,2159,30,0,
1994,tempted_1_0,2972,30,0,budget,0,58,true,4,495,68,139,0.5333333333333333,0.4666666666666667,0,0,0,5,8,crash,false,5,11,872,2100,0,0,0,false,false,false,0,0,2972,30,0,
1995,tempted_1_0,11293,55,25,budget,1,100,true,6,1185,177,269,0.23636363636363636,0.5636363636363636,0.05454545454545454,0.05454545454545454,0.09090909090909091,8,9,normal,false,7,23,833,4670,2760,1710,1320,false,true,true,1380,5,9913,50,0,
1996,tempted_1_0,5650,36,6,budget,0,78,true,5,720,127,169,0,0.9722222222222222,0.027777777777777776,0,0,3,24,normal,false,7,14,30,5170,450,0,0,false,false,false,0,0,5650,36,0,
1997,tempted_1_0,5123,44,14,budget,0,86,true,3,510,114,183,0.22727272727272727,0.6363636363636364,0.13636363636363635,0,0,6,5,normal,false,4,20,413,3650,1060,0,0,false,false,true,0,0,5123,44,0,
1998,tempted_1_0,3130,30,0,budget,0,62,true,4,585,71,121,0.4,0.6,0,0,0,4,10,normal,false,6,12,645,2485,0,0,0,false,false,true,0,0,3130,30,0,
1999,tempted_1_0,3023,30,0,budget,0,56,true,4,605,82,139,0.4,0.6,0,0,0,4,12,normal,false,4,12,793,2230,0,0,0,false,false,false,0,0,3023,30,0,
2000,tempted_1_0,15702,63,33,budget,1,100,true,6,2375,213,307,0.09523809523809523,0.5555555555555556,0.23809523809523808,0.031746031746031744,0.07936507936507936,13,10,keto,false,8,34,472,4815,5090,3765,1560,false,true,true,1740,5,13962,58,1,2
