seed,bot,score,moves,movesEarned,endReason,frenzies,peakMeter,crashed,maxCombo,bestMovePts,proteinTiles,carbTiles,pctCrash,pctNormal,pctKeto,pctDeep,pctFrenzy,tierUpsSeen,firstTierUpMove,endState,endedWithin5OfFrenzy,longestDryGap,rewardEvents,ptsCrash,ptsNormal,ptsKeto,ptsDeep,ptsFrenzy,nearMissNoFrenzy,fellBackWithoutFrenzy,lastMoveWasReward,ptsInFrenzy,movesInFrenzy,ptsOutside,movesOutside,climbCount,climbLengths
1,keto,2445,21,4,lock,0,92,false,4,520,53,58,0,0.7619047619047619,0.19047619047619047,0.047619047619047616,0,2,17,keto,false,4,10,0,1740,570,135,0,true,false,true,0,0,2445,21,0,
2,keto,90,2,0,lock,0,50,false,1,45,0,6,0,1,0,0,0,0,-1,normal,false,2,0,0,90,0,0,0,false,false,false,0,0,90,2,0,
3,keto,26175,92,70,lock,2,100,false,6,2670,224,372,0,0.5978260869565217,0.25,0.043478260869565216,0.10869565217391304,29,2,normal,false,5,54,0,4485,13400,2430,5860,false,true,false,6040,10,20135,82,1,2
4,keto,2578,30,0,budget,0,66,true,4,450,53,101,0.3,0.7,0,0,0,3,13,crash,false,4,10,368,2210,0,0,0,false,false,false,0,0,2578,30,0,
5,keto,21193,100,70,budget,2,100,true,5,1480,263,360,0.06,0.52,0.26,0.06,0.1,31,3,normal,false,6,55,883,4975,5950,3645,5740,false,true,false,5750,10,15443,90,1,6
6,keto,5625,50,20,budget,0,94,true,4,480,123,155,0.02,0.78,0.18,0.02,0,9,3,normal,false,4,22,15,4320,1020,270,0,true,false,false,0,0,5625,50,0,
7,keto,9308,41,11,budget,1,100,true,7,1485,100,174,0.07317073170731707,0.6585365853658537,0.0975609756097561,0.04878048780487805,0.12195121951219512,5,2,normal,false,5,19,53,5295,840,180,2940,false,false,false,2550,5,6758,36,1,4
8,keto,17420,71,41,budget,1,100,true,7,3450,181,270,0.07042253521126761,0.5774647887323944,0.19718309859154928,0.08450704225352113,0.07042253521126761,22,2,normal,false,4,42,365,5445,4950,1260,5400,false,true,false,5370,5,12050,66,1,7
9,keto,2443,32,2,budget,0,75,true,3,480,54,97,0.3125,0.6875,0,0,0,6,3,normal,false,7,14,373,1620,450,0,0,false,false,true,0,0,2443,32,0,
10,keto,10668,56,26,budget,0,90,true,6,1695,139,211,0.14285714285714285,0.625,0.23214285714285715,0,0,13,2,normal,false,10,24,278,6030,4000,360,0,true,false,true,0,0,10668,56,0,
11,keto,4399,32,2,budget,0,76,true,5,580,84,131,0.15625,0.8125,0.03125,0,0,2,12,normal,false,7,14,414,3895,90,0,0,false,false,false,0,0,4399,32,0,
12,keto,9823,50,20,budget,2,100,true,5,1580,138,169,0.1,0.58,0.06,0.06,0.2,8,1,normal,false,8,23,213,3340,1850,720,3700,false,true,false,3580,10,6243,40,2,4|2
13,keto,9290,49,19,budget,1,100,true,5,2700,130,156,0,0.6326530612244898,0.1836734693877551,0.08163265306122448,0.10204081632653061,8,2,normal,false,7,17,40,3205,1800,1005,3240,false,true,false,3300,5,5990,44,1,3
14,keto,3487,34,4,budget,0,82,true,4,320,75,124,0.17647058823529413,0.7352941176470589,0.08823529411764706,0,0,3,3,normal,false,12,12,667,2580,240,0,0,false,false,false,0,0,3487,34,0,
15,keto,6548,60,30,budget,0,95,true,3,570,125,174,0.11666666666666667,0.6166666666666667,0.21666666666666667,0.05,0,16,2,crash,false,8,26,248,2810,2770,720,0,true,true,false,0,0,6548,60,0,
16,keto,4986,40,10,budget,0,80,true,5,570,104,162,0.2,0.725,0.075,0,0,7,7,crash,false,6,22,721,3995,270,0,0,false,false,false,0,0,4986,40,0,
17,keto,6965,47,17,budget,1,100,false,3,1095,98,124,0,0.723404255319149,0.1276595744680851,0.0425531914893617,0.10638297872340426,7,30,normal,false,16,21,0,2245,390,1890,2440,false,false,true,2350,5,4615,42,1,8
18,keto,10610,66,36,budget,0,94,true,4,1275,148,210,0.015151515151515152,0.7121212121212122,0.22727272727272727,0.045454545454545456,0,18,7,crash,false,6,42,0,4700,3300,2610,0,true,false,false,0,0,10610,66,0,
19,keto,3195,32,2,budget,0,70,true,3,435,75,105,0.03125,0.96875,0,0,0,2,11,normal,false,4,15,15,3180,0,0,0,false,false,false,0,0,3195,32,0,
20,keto,13885,55,25,budget,1,100,false,7,6420,120,175,0,0.7272727272727273,0.12727272727272726,0.05454545454545454,0.09090909090909091,9,2,normal,false,7,24,0,3370,1800,675,8040,false,false,false,7950,5,5935,50,1,3
21,keto,11435,20,11,lock,1,100,false,10,8880,54,73,0,0.5,0.25,0,0.25,3,8,normal,false,4,9,0,1145,570,3960,5760,false,false,false,9660,5,1775,15,1,4
22,keto,7860,26,18,lock,2,100,false,6,3660,53,75,0,0.3076923076923077,0.19230769230769232,0.11538461538461539,0.38461538461538464,6,1,normal,false,5,14,0,560,570,270,6460,false,false,false,6000,10,1860,16,2,4|4
23,keto,3815,32,2,budget,0,75,true,5,915,77,105,0.09375,0.875,0.03125,0,0,3,3,normal,false,9,12,105,3620,90,0,0,false,false,true,0,0,3815,32,0,
24,keto,4223,30,0,budget,0,62,true,4,690,78,126,0.1,0.9,0,0,0,1,27,normal,false,5,9,233,3990,0,0,0,false,false,false,0,0,4223,30,0,
25,keto,7190,41,11,budget,1,100,false,4,1620,111,141,0,0.7560975609756098,0.12195121951219512,0,0.12195121951219512,3,2,normal,false,6,13,0,3710,1080,180,2220,false,false,false,2340,5,4850,36,1,3
26,keto,6210,36,6,budget,0,90,false,6,1545,89,154,0,0.9444444444444444,0.027777777777777776,0.027777777777777776,0,3,29,normal,false,5,14,0,5565,330,315,0,true,false,false,0,0,6210,36,0,
27,keto,37825,110,80,budget,6,100,true,6,5870,303,358,0.00909090909090909,0.43636363636363634,0.2,0.08181818181818182,0.2727272727272727,29,2,normal,false,8,56,15,3110,5880,3060,25760,false,false,false,26440,30,11385,80,5,5|3|3|5|4
28,keto,5300,42,12,budget,0,80,false,4,1110,102,144,0,0.9523809523809523,0.047619047619047616,0,0,5,2,normal,false,5,13,0,3920,1380,0,0,false,false,false,0,0,5300,42,0,
29,keto,8351,40,21,lock,1,100,true,7,1365,101,149,0.05,0.7,0.1,0.025,0.125,10,1,normal,false,4,19,201,3935,840,1395,1980,false,false,false,1350,5,7001,35,1,4
30,keto,3549,40,10,budget,0,81,true,4,278,88,133,0.15,0.775,0.075,0,0,7,2,normal,false,4,21,429,2550,570,0,0,false,false,true,0,0,3549,40,0,
31,keto,13970,57,27,budget,1,100,true,6,1395,191,258,0.07017543859649122,0.5087719298245614,0.21052631578947367,0.12280701754385964,0.08771929824561403,14,7,normal,false,4,32,315,6175,2470,3510,1500,false,true,true,1470,5,12500,52,1,10
32,keto,3331,32,2,budget,0,73,true,4,660,69,105,0.09375,0.875,0.03125,0,0,2,2,crash,false,8,12,126,3115,90,0,0,false,false,false,0,0,3331,32,0,
33,keto,4373,30,0,budget,0,62,true,6,640,80,129,0,1,0,0,0,0,-1,normal,false,7,11,518,3855,0,0,0,false,false,true,0,0,4373,30,0,
34,keto,4780,41,11,budget,1,100,true,4,540,93,112,0.04878048780487805,0.7073170731707317,0.07317073170731707,0.04878048780487805,0.12195121951219512,4,3,normal,false,10,11,75,2640,270,675,1120,false,true,false,1180,5,3600,36,1,5
35,keto,4508,34,10,lock,0,85,true,5,720,77,112,0.08823529411764706,0.7352941176470589,0.17647058823529413,0,0,4,5,crash,false,4,15,38,3060,1410,0,0,false,false,false,0,0,4508,34,0,
36,keto,3147,40,10,budget,0,94,true,3,360,71,114,0.3,0.55,0.125,0.025,0,8,1,crash,false,8,12,627,1485,630,405,0,true,false,false,0,0,3147,40,0,
37,keto,3780,40,10,budget,0,86,true,4,1050,78,102,0.025,0.875,0.1,0,0,5,19,normal,false,7,17,45,2505,1230,0,0,false,false,false,0,0,3780,40,0,
38,keto,2859,30,0,budget,0,59,true,3,810,52,110,0.23333333333333334,0.7666666666666667,0,0,0,2,8,crash,false,9,7,234,2625,0,0,0,false,false,false,0,0,2859,30,0,
39,keto,12295,55,25,budget,1,100,true,7,3030,128,186,0.01818181818181818,0.6727272727272727,0.16363636363636364,0.05454545454545454,0.09090909090909091,12,3,normal,false,5,33,15,3160,4600,1620,2900,false,true,true,2870,5,9425,50,1,3
40,keto,3833,32,2,budget,0,73,true,3,600,82,121,0.0625,0.9375,0,0,0,2,2,normal,false,3,14,178,3475,180,0,0,false,false,false,0,0,3833,32,0,
41,keto,4220,38,8,budget,0,82,false,6,1155,81,105,0,0.9210526315789473,0.07894736842105263,0,0,4,12,normal,false,6,15,0,3800,420,0,0,false,false,false,0,0,4220,38,0,
42,keto,6075,46,16,budget,0,93,true,4,510,111,154,0,0.8043478260869565,0.1956521739130435,0,0,8,2,normal,false,4,24,90,4065,1650,270,0,true,false,false,0,0,6075,46,0,
43,keto,3597,34,4,budget,0,74,true,5,745,75,112,0.23529411764705882,0.7058823529411765,0.058823529411764705,0,0,4,1,normal,false,6,13,347,2980,270,0,0,false,false,false,0,0,3597,34,0,
44,keto,3630,44,14,budget,0,84,true,3,480,78,115,0.22727272727272727,0.7045454545454546,0.06818181818181818,0,0,9,8,normal,false,8,17,250,2000,1380,0,0,false,false,false,0,0,3630,44,0,
45,keto,3850,40,10,budget,0,96,false,5,720,85,107,0,0.8,0.175,0.025,0,4,3,normal,false,6,11,0,3025,690,135,0,true,true,false,0,0,3850,40,0,
46,keto,2637,30,0,budget,0,63,true,4,315,52,110,0.3333333333333333,0.6666666666666666,0,0,0,3,11,crash,false,5,14,827,1810,0,0,0,false,false,true,0,0,2637,30,0,
47,keto,7275,53,23,budget,1,100,true,4,600,139,172,0.11320754716981132,0.5849056603773585,0.1509433962264151,0.05660377358490566,0.09433962264150944,14,2,normal,false,8,23,720,3085,1630,360,1480,false,false,false,1450,5,5825,48,1,4
48,keto,23126,85,55,budget,3,100,true,4,1620,233,333,0.10588235294117647,0.4470588235294118,0.16470588235294117,0.10588235294117647,0.17647058823529413,23,9,normal,false,7,46,366,4320,5660,3600,9180,false,true,false,6480,15,16646,70,3,3|12|5
49,keto,3072,30,0,budget,0,62,true,5,600,62,103,0.26666666666666666,0.7333333333333333,0,0,0,3,15,normal,false,4,10,227,2845,0,0,0,false,false,false,0,0,3072,30,0,
50,keto,17670,69,39,budget,3,100,true,7,2570,181,239,0.028985507246376812,0.5072463768115942,0.2028985507246377,0.043478260869565216,0.21739130434782608,16,2,normal,false,4,39,75,4510,2770,1575,8740,false,true,true,6850,15,10820,54,3,3|3|6
51,keto,10080,74,44,budget,0,94,true,4,600,188,248,0.04054054054054054,0.6216216216216216,0.2972972972972973,0.04054054054054054,0,25,2,normal,false,3,49,305,4280,4730,765,0,true,false,true,0,0,10080,74,0,
52,keto,21021,71,41,budget,3,100,true,5,4200,200,278,0.15492957746478872,0.43661971830985913,0.18309859154929578,0.014084507042253521,0.2112676056338028,14,2,normal,false,6,31,526,3065,3040,1830,12560,false,false,true,13340,15,7681,56,3,2|4|2
53,keto,17975,91,61,budget,1,100,true,7,4560,225,297,0,0.7362637362637363,0.17582417582417584,0.03296703296703297,0.054945054945054944,27,11,normal,false,5,46,30,5555,6540,4770,1080,false,false,false,990,5,16985,86,1,2
54,keto,14185,39,9,budget,1,100,true,6,5360,109,180,0.05128205128205128,0.6923076923076923,0.1282051282051282,0,0.1282051282051282,3,2,normal,false,18,13,105,4280,660,360,8780,false,false,false,3960,5,10225,34,1,2
55,keto,4380,43,13,budget,1,100,true,3,720,84,95,0.09302325581395349,0.6046511627906976,0.11627906976744186,0.06976744186046512,0.11627906976744186,8,2,normal,false,5,19,135,2100,480,405,1260,false,false,false,1170,5,3210,38,1,6
56,keto,2769,34,4,budget,0,75,true,5,510,58,100,0.23529411764705882,0.7058823529411765,0.058823529411764705,0,0,5,4,crash,false,3,14,644,1945,180,0,0,false,false,false,0,0,2769,34,0,
57,keto,3110,40,10,budget,0,81,false,3,360,83,102,0,0.925,0.075,0,0,5,18,normal,false,5,18,0,2570,540,0,0,false,false,true,0,0,3110,40,0,
58,keto,4426,38,8,budget,0,92,true,4,705,78,137,0.13157894736842105,0.8157894736842105,0.02631578947368421,0.02631578947368421,0,4,7,crash,false,8,12,136,3585,570,135,0,true,false,false,0,0,4426,38,0,
59,keto,17908,71,41,budget,1,100,true,6,1750,206,292,0.028169014084507043,0.5915492957746479,0.23943661971830985,0.07042253521126761,0.07042253521126761,19,3,normal,false,6,40,303,4645,6840,4320,1800,false,true,true,1770,5,16138,66,1,4
60,keto,10900,56,26,budget,2,100,true,4,1980,118,170,0.05357142857142857,0.6071428571428571,0.08928571428571429,0.07142857142857142,0.17857142857142858,12,2,normal,false,8,21,45,2430,960,2685,4780,false,true,true,4330,10,6570,46,2,2|7
61,keto,4719,34,4,budget,0,72,true,5,1095,89,152,0.2647058823529412,0.6764705882352942,0.058823529411764705,0,0,4,5,crash,false,3,17,399,4110,210,0,0,false,false,false,0,0,4719,34,0,
62,keto,6415,44,14,budget,0,92,true,5,775,123,174,0,0.9090909090909091,0.06818181818181818,0.022727272727272728,0,6,2,normal,false,7,14,90,5155,990,180,0,true,false,false,0,0,6415,44,0,
63,keto,3750,42,12,budget,0,94,false,3,495,84,100,0,0.9047619047619048,0.07142857142857142,0.023809523809523808,0,6,5,normal,false,11,13,0,2415,930,405,0,true,false,true,0,0,3750,42,0,
64,keto,5775,42,12,budget,0,81,true,4,615,103,160,0.047619047619047616,0.8571428571428571,0.09523809523809523,0,0,8,2,normal,false,4,23,30,4935,810,0,0,false,false,false,0,0,5775,42,0,
65,keto,17848,79,49,budget,3,100,true,5,2640,190,250,0.02531645569620253,0.5063291139240507,0.20253164556962025,0.0759493670886076,0.189873417721519,19,16,normal,false,4,41,38,3215,3120,2295,9180,false,true,false,8850,15,8998,64,3,4|4|8
66,keto,18620,82,52,budget,2,100,true,4,1500,221,281,0.036585365853658534,0.5609756097560976,0.2073170731707317,0.07317073170731707,0.12195121951219512,24,2,normal,false,5,44,240,4135,4090,4995,5160,false,true,false,4980,10,13640,72,2,8|4
67,keto,7835,39,28,lock,0,99,false,4,1410,98,129,0,0.5128205128205128,0.358974358974359,0.1282051282051282,0,11,2,normal,false,4,20,0,1620,3020,3195,0,true,true,false,0,0,7835,39,0,
68,keto,3550,26,4,lock,0,92,true,4,810,67,90,0,0.7692307692307693,0.19230769230769232,0.038461538461538464,0,2,5,normal,false,5,9,30,2755,630,135,0,true,false,false,0,0,3550,26,0,
69,keto,1905,30,0,budget,0,68,true,3,345,52,72,0.1,0.9,0,0,0,2,20,normal,false,6,9,60,1845,0,0,0,false,false,true,0,0,1905,30,0,
70,keto,3927,36,6,budget,0,90,true,4,465,74,130,0.3333333333333333,0.5555555555555556,0.08333333333333333,0.027777777777777776,0,6,2,crash,false,5,16,227,3250,240,210,0,true,false,false,0,0,3927,36,0,
71,keto,3226,34,4,budget,0,82,true,4,810,63,103,0.08823529411764706,0.8823529411764706,0.029411764705882353,0,0,3,1,normal,false,11,8,271,2115,840,0,0,false,false,true,0,0,3226,34,0,
72,keto,8980,64,34,budget,0,94,false,4,1410,147,175,0,0.640625,0.28125,0.078125,0,16,6,normal,false,9,29,0,3090,3460,2430,0,true,false,false,0,0,8980,64,0,
73,keto,9793,48,23,lock,1,100,true,8,2280,120,196,0.041666666666666664,0.6875,0.125,0.041666666666666664,0.10416666666666667,11,4,crash,false,8,20,188,5400,2760,225,1220,false,false,false,1130,5,8663,43,1,3
74,keto,5096,32,2,budget,0,82,true,6,1650,67,116,0.25,0.75,0,0,0,5,5,normal,false,7,10,211,3265,1620,0,0,false,false,true,0,0,5096,32,0,
75,keto,19280,71,41,budget,3,100,false,5,2400,179,232,0,0.5352112676056338,0.16901408450704225,0.08450704225352113,0.2112676056338028,14,2,normal,false,15,27,0,3220,3500,840,11720,false,false,false,11180,15,8100,56,3,4|7|3
76,keto,9576,50,20,budget,2,100,true,7,2560,124,167,0.12,0.6,0.08,0,0.2,5,25,normal,false,13,21,451,3350,540,2115,3120,false,false,false,3000,10,6576,40,2,2|3
77,keto,2370,14,6,lock,0,94,false,4,1260,30,38,0,0.42857142857142855,0.5,0.07142857142857142,0,3,2,normal,false,2,9,0,285,1950,135,0,true,false,false,0,0,2370,14,0,
78,keto,9805,45,15,budget,1,100,false,5,2160,117,150,0,0.7111111111111111,0.13333333333333333,0.044444444444444446,0.1111111111111111,6,1,normal,false,7,19,0,4220,920,225,4440,false,true,false,3740,5,6065,40,1,5
79,keto,6135,43,13,budget,1,100,true,3,960,104,131,0.023255813953488372,0.6976744186046512,0.13953488372093023,0.023255813953488372,0.11627906976744186,3,2,crash,false,8,15,0,3245,940,90,1860,false,false,false,990,5,5145,38,1,6
80,keto,11388,61,31,budget,1,100,true,5,1185,166,198,0.04918032786885246,0.6229508196721312,0.22950819672131148,0.01639344262295082,0.08196721311475409,14,9,normal,false,6,25,53,5255,2720,1620,1740,false,false,false,1710,5,9678,56,1,4
81,keto,4280,36,6,budget,0,80,false,3,750,90,113,0,0.9444444444444444,0.05555555555555555,0,0,3,2,normal,false,4,16,0,3380,900,0,0,false,false,false,0,0,4280,36,0,
82,keto,4061,36,6,budget,0,94,true,5,1020,77,138,0.2777777777777778,0.5833333333333334,0.1111111111111111,0.027777777777777776,0,5,10,normal,false,8,15,956,2670,300,135,0,true,false,true,0,0,4061,36,0,
83,keto,4505,30,0,budget,0,51,true,6,1410,82,126,0.03333333333333333,0.9666666666666667,0,0,0,1,16,normal,false,6,13,15,4490,0,0,0,false,false,true,0,0,4505,30,0,
84,keto,4020,34,4,budget,0,88,true,5,1020,82,144,0.35294117647058826,0.5588235294117647,0.058823529411764705,0.029411764705882353,0,5,9,normal,false,3,18,835,2840,210,135,0,false,false,true,0,0,4020,34,0,
85,keto,14203,51,21,budget,1,100,true,5,1760,156,238,0.058823529411764705,0.6666666666666666,0.11764705882352941,0.058823529411764705,0.09803921568627451,11,3,normal,false,20,22,308,4540,3070,2805,3480,false,false,true,2890,5,11313,46,1,6
86,keto,6249,54,24,budget,0,94,true,4,540,108,181,0.3333333333333333,0.3333333333333333,0.24074074074074073,0.09259259259259259,0,15,2,normal,false,7,28,864,2405,1450,1530,0,true,false,true,0,0,6249,54,0,
87,keto,2679,30,0,budget,0,69,true,3,345,63,92,0.2,0.8,0,0,0,1,29,normal,false,12,7,204,2475,0,0,0,false,false,false,0,0,2679,30,0,
88,keto,14095,83,53,budget,1,100,true,5,1545,175,274,0.012048192771084338,0.6385542168674698,0.26506024096385544,0.024096385542168676,0.060240963855421686,25,2,normal,false,7,40,120,4965,4270,3420,1320,false,false,false,1050,5,13045,78,1,5
89,keto,1065,11,6,lock,0,83,false,3,270,27,24,0,0.5454545454545454,0.45454545454545453,0,0,3,3,keto,false,3,5,0,735,330,0,0,false,false,false,0,0,1065,11,0,
90,keto,3747,34,4,budget,0,74,true,4,610,77,147,0.4411764705882353,0.5,0.058823529411764705,0,0,5,1,normal,false,6,15,972,2595,180,0,0,false,false,true,0,0,3747,34,0,
91,keto,4905,36,6,budget,0,80,true,4,525,90,136,0.08333333333333333,0.8888888888888888,0.027777777777777776,0,0,6,2,normal,false,3,15,100,4115,690,0,0,false,false,false,0,0,4905,36,0,
92,keto,5693,34,4,budget,0,80,true,5,1215,85,151,0.08823529411764706,0.8823529411764706,0.029411764705882353,0,0,4,8,normal,false,6,10,158,5265,270,0,0,false,false,false,0,0,5693,34,0,
93,keto,4338,32,2,budget,0,79,true,5,630,76,124,0.0625,0.9375,0,0,0,3,10,normal,false,7,11,113,3985,240,0,0,false,false,false,0,0,4338,32,0,
94,keto,9015,54,24,budget,2,100,false,5,1365,132,154,0,0.6851851851851852,0.1111111111111111,0.018518518518518517,0.18518518518518517,6,2,normal,false,15,14,0,3680,480,1575,3280,false,true,true,3010,10,6005,44,2,3|3
95,keto,5722,49,19,budget,1,100,true,4,925,96,149,0.2653061224489796,0.46938775510204084,0.12244897959183673,0.04081632653061224,0.10204081632653061,10,2,crash,false,4,19,602,2270,1210,720,920,false,true,false,780,5,4942,44,1,3
96,keto,4950,36,6,budget,0,81,true,6,1480,95,140,0.25,0.6944444444444444,0.05555555555555555,0,0,8,2,crash,false,5,18,205,4385,360,0,0,false,false,false,0,0,4950,36,0,
97,keto,7465,46,16,budget,0,95,true,5,1285,118,175,0.021739130434782608,0.7391304347826086,0.21739130434782608,0.021739130434782608,0,8,1,normal,false,7,20,15,4260,1750,1440,0,true,true,false,0,0,7465,46,0,
98,keto,4970,38,8,budget,0,75,true,4,555,97,137,0.02631578947368421,0.9210526315789473,0.05263157894736842,0,0,5,2,normal,false,9,16,15,4505,450,0,0,false,false,false,0,0,4970,38,0,
99,keto,3210,34,4,budget,0,83,true,3,270,69,90,0.029411764705882353,0.9117647058823529,0.058823529411764705,0,0,3,2,normal,false,6,14,15,2685,510,0,0,false,false,false,0,0,3210,34,0,
100,keto,7350,51,21,budget,1,100,false,4,810,129,156,0,0.6862745098039216,0.09803921568627451,0.11764705882352941,0.09803921568627451,9,2,normal,false,13,22,0,3310,360,2280,1400,false,true,false,1370,5,5980,46,1,7
101,keto,6565,36,6,budget,0,90,true,5,960,102,155,0.027777777777777776,0.8611111111111112,0.08333333333333333,0.027777777777777776,0,3,2,crash,false,6,15,30,5140,1260,135,0,true,false,false,0,0,6565,36,0,
102,keto,10298,52,22,budget,0,99,true,6,1680,147,219,0.019230769230769232,0.8076923076923077,0.11538461538461539,0.057692307692307696,0,11,7,normal,false,9,23,218,5850,3870,360,0,true,true,false,0,0,10298,52,0,
103,keto,4641,34,4,budget,0,85,true,4,770,90,158,0.23529411764705882,0.7058823529411765,0.058823529411764705,0,0,5,3,crash,false,3,19,826,3575,240,0,0,false,false,false,0,0,4641,34,0,
104,keto,3525,36,6,budget,0,89,false,3,440,86,108,0,0.9722222222222222,0,0.027777777777777776,0,2,16,normal,false,7,13,0,2910,480,135,0,false,false,false,0,0,3525,36,0,
105,keto,14755,77,47,budget,1,100,false,5,2660,189,255,0,0.6493506493506493,0.24675324675324675,0.03896103896103896,0.06493506493506493,20,2,normal,false,6,40,0,4515,4640,660,4940,false,false,false,4580,5,10175,72,1,4
106,keto,20010,65,35,budget,1,100,true,7,5000,196,289,0.015384615384615385,0.7846153846153846,0.1076923076923077,0.015384615384615385,0.07692307692307693,14,4,crash,false,7,34,90,6140,4670,1350,7760,false,false,true,7610,5,12400,60,1,3
107,keto,3720,38,8,budget,0,96,true,4,330,82,119,0.07894736842105263,0.7631578947368421,0.13157894736842105,0.02631578947368421,0,7,5,normal,false,4,20,230,2455,630,405,0,true,true,true,0,0,3720,38,0,
108,keto,26795,111,81,budget,5,100,true,5,4590,290,357,0.009009009009009009,0.4864864864864865,0.21621621621621623,0.06306306306306306,0.22522522522522523,32,2,normal,false,9,65,15,6145,5440,1215,13980,false,true,false,13430,25,13365,86,5,3|6|4|2|4
109,keto,5085,34,4,budget,0,74,false,5,800,97,137,0,0.9411764705882353,0.058823529411764705,0,0,2,1,normal,false,4,15,0,4875,210,0,0,false,false,true,0,0,5085,34,0,
110,keto,2417,32,2,budget,0,73,true,3,660,51,91,0.40625,0.5625,0.03125,0,0,3,2,normal,false,11,9,362,1965,90,0,0,false,false,false,0,0,2417,32,0,
111,keto,5220,38,8,budget,0,84,false,5,930,89,136,0,0.9210526315789473,0.07894736842105263,0,0,3,2,normal,false,4,18,0,3780,1440,0,0,false,false,true,0,0,5220,38,0,
112,keto,2183,29,4,lock,0,83,true,4,405,48,71,0.06896551724137931,0.8275862068965517,0.10344827586206896,0,0,4,2,normal,false,9,10,98,1785,300,0,0,false,false,true,0,0,2183,29,0,
113,keto,3540,36,6,budget,0,80,false,3,330,81,107,0,0.9444444444444444,0.05555555555555555,0,0,3,12,normal,false,3,18,0,3180,360,0,0,false,false,true,0,0,3540,36,0,
114,keto,3020,32,2,budget,0,73,true,3,340,75,102,0.03125,0.9375,0.03125,0,0,2,2,normal,false,3,16,15,2915,90,0,0,false,false,true,0,0,3020,32,0,
115,keto,3623,30,0,budget,0,50,true,4,585,75,133,0.26666666666666666,0.7333333333333333,0,0,0,2,4,crash,false,5,12,553,3070,0,0,0,false,false,false,0,0,3623,30,0,
116,keto,14760,63,33,budget,1,100,true,9,2540,199,279,0.015873015873015872,0.6984126984126984,0.1746031746031746,0.031746031746031744,0.07936507936507936,13,8,normal,false,5,29,15,8000,3420,225,3100,false,false,false,2350,5,12410,58,1,2
117,keto,5450,40,10,budget,0,92,false,4,780,104,136,0,0.875,0.1,0.025,0,5,5,normal,false,12,13,0,3785,1530,135,0,true,false,false,0,0,5450,40,0,
118,keto,15332,52,22,budget,2,100,true,7,4710,138,196,0.2692307692307692,0.4230769230769231,0.09615384615384616,0.019230769230769232,0.19230769230769232,10,2,normal,false,7,22,652,3350,720,270,10340,false,true,false,9890,10,5442,42,2,4|2
119,keto,5170,38,8,budget,0,83,false,5,555,99,136,0,0.9210526315789473,0.07894736842105263,0,0,4,2,normal,false,5,14,0,4060,1110,0,0,false,false,false,0,0,5170,38,0,
120,keto,5129,43,13,budget,1,100,true,3,600,87,138,0.23255813953488372,0.5581395348837209,0.09302325581395349,0,0.11627906976744186,6,9,normal,false,8,19,384,2585,420,180,1560,false,false,false,1200,5,3929,38,1,4
121,keto,10701,39,9,budget,1,100,true,5,2600,113,176,0.1794871794871795,0.5641025641025641,0.10256410256410256,0.02564102564102564,0.1282051282051282,5,1,crash,false,6,16,381,4110,360,90,5760,false,false,false,5370,5,5331,34,1,4
122,keto,4057,36,6,budget,0,80,true,5,510,76,151,0.2777777777777778,0.6944444444444444,0.027777777777777776,0,0,4,4,crash,false,8,11,742,2805,510,0,0,false,false,false,0,0,4057,36,0,
123,keto,12955,41,11,budget,1,100,false,11,4825,143,167,0,0.7560975609756098,0.0975609756097561,0.024390243902439025,0.12195121951219512,4,6,normal,false,7,14,0,8105,720,690,3440,false,true,false,2790,5,10165,36,1,3
124,keto,6374,50,20,budget,0,92,true,5,1275,107,178,0.28,0.54,0.18,0,0,9,2,crash,false,8,19,614,2775,1770,1215,0,true,false,false,0,0,6374,50,0,
125,keto,4300,32,2,budget,0,74,true,4,900,68,117,0.0625,0.9375,0,0,0,3,1,normal,false,5,13,30,3460,810,0,0,false,false,false,0,0,4300,32,0,
126,keto,4478,36,6,budget,0,73,true,4,860,91,136,0.08333333333333333,0.8611111111111112,0.05555555555555555,0,0,4,2,normal,false,7,18,53,4245,180,0,0,false,false,true,0,0,4478,36,0,
127,keto,3714,30,0,budget,0,65,true,9,1177,71,139,0.7,0.3,0,0,0,1,29,normal,false,12,7,2064,1650,0,0,0,false,false,true,0,0,3714,30,0,
128,keto,4908,36,6,budget,0,85,true,5,865,79,137,0.19444444444444445,0.6666666666666666,0.1388888888888889,0,0,5,2,normal,false,4,15,198,3360,1350,0,0,false,false,true,0,0,4908,36,0,
129,keto,992,18,2,lock,0,73,true,2,150,23,47,0.3888888888888889,0.5555555555555556,0.05555555555555555,0,0,1,2,crash,false,8,6,167,735,90,0,0,false,false,false,0,0,992,18,0,
130,keto,7645,39,9,budget,1,100,false,4,2140,114,139,0,0.7948717948717948,0.07692307692307693,0,0.1282051282051282,2,14,normal,false,4,18,0,3285,1020,180,3160,false,false,false,3280,5,4365,34,1,2
131,keto,5725,46,16,budget,0,93,true,4,725,108,156,0.06521739130434782,0.8260869565217391,0.08695652173913043,0.021739130434782608,0,10,2,normal,false,8,23,45,4435,1110,135,0,true,false,true,0,0,5725,46,0,
132,keto,2974,30,0,budget,0,62,true,4,585,63,112,0.3,0.7,0,0,0,3,7,normal,false,7,7,444,2530,0,0,0,false,false,false,0,0,2974,30,0,
133,keto,3230,32,2,budget,0,79,false,3,300,83,111,0,0.96875,0.03125,0,0,1,28,normal,false,7,11,0,3140,90,0,0,false,false,true,0,0,3230,32,0,
134,keto,1956,30,0,budget,0,62,true,4,256,48,95,0.5,0.5,0,0,0,6,5,normal,false,3,13,711,1245,0,0,0,false,false,true,0,0,1956,30,0,
135,keto,7502,50,20,budget,2,100,true,4,840,109,172,0.3,0.34,0.12,0.04,0.2,12,2,crash,false,6,25,617,2905,450,450,3080,false,false,true,3020,10,4482,40,2,5|4
136,keto,3109,32,2,budget,0,76,true,4,625,61,112,0.3125,0.65625,0.03125,0,0,4,4,crash,false,5,13,294,2725,90,0,0,false,false,false,0,0,3109,32,0,
137,keto,6321,47,17,budget,1,100,true,3,525,117,151,0.0851063829787234,0.6382978723404256,0.14893617021276595,0.02127659574468085,0.10638297872340426,7,2,normal,false,5,21,196,3515,870,360,1380,false,false,false,1260,5,5061,42,1,6
138,keto,8130,66,36,budget,0,99,true,4,585,148,189,0.045454545454545456,0.6060606060606061,0.24242424242424243,0.10606060606060606,0,19,1,normal,false,5,39,160,4145,2610,1215,0,true,true,false,0,0,8130,66,0,
139,keto,3040,30,0,budget,0,66,true,4,640,69,95,0.03333333333333333,0.9666666666666667,0,0,0,1,25,normal,false,5,9,60,2980,0,0,0,false,false,false,0,0,3040,30,0,
140,keto,7480,52,22,budget,0,92,true,5,1170,107,167,0.019230769230769232,0.8653846153846154,0.07692307692307693,0.038461538461538464,0,11,9,normal,false,6,25,15,4410,2410,645,0,true,false,false,0,0,7480,52,0,
141,keto,11510,63,33,budget,1,100,false,6,1890,147,189,0,0.6349206349206349,0.25396825396825395,0.031746031746031744,0.07936507936507936,15,1,normal,false,9,24,0,3715,5140,495,2160,false,false,false,2070,5,9440,58,1,4
142,keto,2930,30,0,budget,0,69,true,3,330,78,94,0,1,0,0,0,0,-1,normal,false,7,7,70,2860,0,0,0,false,false,false,0,0,2930,30,0,
143,keto,5778,45,15,budget,1,100,true,4,910,90,128,0.08888888888888889,0.6,0.15555555555555556,0.044444444444444446,0.1111111111111111,9,2,normal,false,5,22,203,2235,1330,270,1740,false,false,false,1650,5,4128,40,1,4
144,keto,15895,78,48,budget,2,100,true,3,1350,168,250,0.07692307692307693,0.44871794871794873,0.2692307692307692,0.07692307692307693,0.1282051282051282,25,2,normal,false,8,45,120,3385,3000,3150,6240,false,true,true,5160,10,10735,68,2,4|6
145,keto,6255,44,14,budget,0,94,false,5,750,112,148,0,0.7954545454545454,0.13636363636363635,0.06818181818181818,0,7,2,normal,false,9,17,0,4860,540,855,0,true,false,false,0,0,6255,44,0,
146,keto,6331,50,20,budget,0,95,true,4,440,129,202,0.16,0.7,0.12,0.02,0,12,2,normal,false,4,30,851,4085,1170,225,0,true,true,true,0,0,6331,50,0,
147,keto,3140,32,2,budget,0,75,false,4,405,80,100,0,1,0,0,0,1,3,normal,false,6,14,0,2960,180,0,0,false,false,true,0,0,3140,32,0,
148,keto,14080,79,49,budget,1,100,false,4,1755,184,244,0,0.5822784810126582,0.26582278481012656,0.08860759493670886,0.06329113924050633,21,2,normal,false,9,36,0,4075,4680,3285,2040,false,true,false,1110,5,12970,74,1,5
149,keto,25640,88,58,budget,4,100,false,6,4240,232,302,0,0.42045454545454547,0.3068181818181818,0.045454545454545456,0.22727272727272727,21,20,normal,false,6,52,0,4345,5280,2475,13540,false,true,false,11440,20,14200,68,4,5|3|5|4
150,keto,6285,39,9,budget,1,100,false,7,1275,90,123,0,0.7435897435897436,0.10256410256410256,0.02564102564102564,0.1282051282051282,3,1,normal,false,14,13,0,3975,660,90,1560,false,false,false,1290,5,4995,34,1,5
151,keto,17783,71,41,budget,1,100,true,7,3630,167,244,0.1267605633802817,0.43661971830985913,0.2535211267605634,0.11267605633802817,0.07042253521126761,20,1,normal,false,8,30,288,2360,2830,10665,1640,false,true,true,2170,5,15613,66,1,2
152,keto,195,5,0,lock,0,54,false,1,45,6,9,0,1,0,0,0,0,-1,normal,false,5,0,0,195,0,0,0,false,false,false,0,0,195,5,0,
153,keto,7438,48,18,budget,0,97,true,4,1305,103,166,0.0625,0.7083333333333334,0.1875,0.041666666666666664,0,9,2,crash,false,11,18,278,2615,2430,2115,0,true,true,false,0,0,7438,48,0,
154,keto,2941,32,2,budget,0,76,true,4,555,57,98,0.15625,0.8125,0.03125,0,0,3,5,normal,false,6,13,91,2760,90,0,0,false,false,true,0,0,2941,32,0,
155,keto,8263,48,18,budget,0,89,true,8,2885,128,185,0.020833333333333332,0.875,0.08333333333333333,0.020833333333333332,0,10,2,normal,false,8,22,278,6140,1710,135,0,false,false,false,0,0,8263,48,0,
156,keto,3940,30,0,budget,0,62,true,8,1560,69,116,0.2,0.8,0,0,0,2,19,crash,false,7,13,265,3675,0,0,0,false,false,false,0,0,3940,30,0,
157,keto,20071,77,47,budget,1,100,true,6,4040,182,284,0.05194805194805195,0.5844155844155844,0.22077922077922077,0.07792207792207792,0.06493506493506493,21,2,normal,false,7,43,246,4065,6780,1800,7180,false,true,false,6020,5,14051,72,1,4
158,keto,8028,56,26,budget,0,99,true,6,803,127,187,0,0.7678571428571429,0.17857142857142858,0.05357142857142857,0,13,1,normal,false,11,23,383,3865,2700,1080,0,true,true,false,0,0,8028,56,0,
159,keto,590,5,8,lock,0,92,false,2,390,16,8,0,0.4,0.4,0.2,0,3,2,deep,false,1,4,0,120,470,0,0,true,false,true,0,0,590,5,0,
160,keto,3126,32,2,budget,0,70,true,4,495,66,105,0.125,0.875,0,0,0,2,1,normal,false,7,11,76,3050,0,0,0,false,false,true,0,0,3126,32,0,
161,keto,2595,30,0,budget,0,68,false,3,255,60,82,0,1,0,0,0,0,-1,normal,false,4,12,0,2595,0,0,0,false,false,true,0,0,2595,30,0,
162,keto,2217,34,4,budget,0,74,true,3,270,57,98,0.29411764705882354,0.6470588235294118,0.058823529411764705,0,0,3,1,normal,false,20,8,462,1575,180,0,0,false,false,true,0,0,2217,34,0,
163,keto,5423,42,12,budget,0,87,true,5,840,90,139,0.023809523809523808,0.8333333333333334,0.14285714285714285,0,0,5,2,crash,false,9,18,243,3620,1560,0,0,false,false,false,0,0,5423,42,0,
164,keto,10155,25,20,lock,2,100,false,5,2100,58,102,0,0.32,0.2,0.08,0.4,6,2,normal,false,5,14,0,795,2180,720,6460,false,true,false,5800,10,4355,15,2,4|4
165,keto,22583,99,69,budget,3,100,true,6,1305,276,357,0.06060606060606061,0.494949494949495,0.23232323232323232,0.06060606060606061,0.15151515151515152,29,2,normal,false,4,52,233,7045,7530,2115,5660,false,true,true,5450,15,17133,84,3,5|5|3
166,keto,2980,30,0,budget,0,62,true,4,360,54,98,0.03333333333333333,0.9666666666666667,0,0,0,0,-1,crash,false,4,11,0,2980,0,0,0,false,false,false,0,0,2980,30,0,
167,keto,8955,48,18,budget,0,94,true,6,1710,122,170,0.041666666666666664,0.75,0.14583333333333334,0.0625,0,9,1,normal,false,5,21,200,3775,1830,3150,0,true,false,false,0,0,8955,48,0,
168,keto,5080,40,10,budget,0,81,true,5,1290,83,119,0.05,0.85,0.1,0,0,7,2,normal,false,3,21,30,3220,1830,0,0,false,false,false,0,0,5080,40,0,
169,keto,2640,34,4,budget,0,92,true,3,270,66,82,0.11764705882352941,0.7058823529411765,0.14705882352941177,0.029411764705882353,0,4,2,normal,false,6,13,195,1950,360,135,0,true,false,false,0,0,2640,34,0,
170,keto,4261,30,0,budget,0,65,true,8,1950,55,117,0.3333333333333333,0.6666666666666666,0,0,0,4,9,normal,false,5,12,406,3855,0,0,0,false,false,true,0,0,4261,30,0,
171,keto,2344,30,0,budget,0,54,true,4,480,53,84,0.3,0.7,0,0,0,5,10,normal,false,7,11,189,2155,0,0,0,false,false,false,0,0,2344,30,0,
172,keto,4179,34,4,budget,0,80,true,4,480,81,119,0.17647058823529413,0.8235294117647058,0,0,0,4,22,normal,false,5,16,189,3360,630,0,0,false,false,false,0,0,4179,34,0,
173,keto,2648,26,6,lock,0,74,true,3,425,56,92,0.15384615384615385,0.8461538461538461,0,0,0,4,1,crash,false,3,12,98,2100,450,0,0,false,false,false,0,0,2648,26,0,
174,keto,5499,38,8,budget,0,80,true,5,690,93,155,0.15789473684210525,0.8157894736842105,0.02631578947368421,0,0,7,5,normal,false,6,20,699,3840,960,0,0,false,false,true,0,0,5499,38,0,
175,keto,32585,98,68,budget,4,100,true,6,3780,262,350,0.04081632653061224,0.336734693877551,0.336734693877551,0.08163265306122448,0.20408163265306123,27,1,normal,false,11,51,150,3445,5530,7260,16200,false,true,true,14800,20,17785,78,4,3|3|4|5
176,keto,8880,47,17,budget,1,100,false,5,2340,102,140,0,0.723404255319149,0.10638297872340426,0.06382978723404255,0.10638297872340426,6,2,normal,false,8,21,0,3015,1110,2475,2280,false,false,false,1290,5,7590,42,1,4
177,keto,8450,36,19,lock,1,100,false,5,1620,109,137,0,0.6388888888888888,0.19444444444444445,0.027777777777777776,0.1388888888888889,8,19,normal,false,3,20,0,3600,1250,1080,2520,false,false,false,2490,5,5960,31,1,6
178,keto,6632,45,15,budget,1,100,true,5,945,103,170,0.2,0.5777777777777777,0.08888888888888889,0.022222222222222223,0.1111111111111111,9,2,normal,false,6,17,522,3330,1290,90,1400,false,false,false,1370,5,5262,40,1,3
179,keto,11589,47,17,budget,1,100,true,6,1950,128,212,0.14893617021276595,0.6382978723404256,0.0851063829787234,0.02127659574468085,0.10638297872340426,8,3,crash,false,5,21,114,5750,2890,795,2040,false,false,false,2040,5,9549,42,1,4
180,keto,2291,30,0,budget,0,63,true,4,795,54,90,0.4666666666666667,0.5333333333333333,0,0,0,1,19,normal,false,16,7,596,1695,0,0,0,false,false,false,0,0,2291,30,0,
181,keto,7498,45,15,budget,1,100,true,4,1020,103,137,0.06666666666666667,0.6,0.2,0.022222222222222223,0.1111111111111111,8,5,normal,false,7,23,248,2420,1410,360,3060,false,false,false,2970,5,4528,40,1,7
182,keto,1125,11,8,lock,0,90,false,2,390,23,26,0,0.6363636363636364,0.2727272727272727,0.09090909090909091,0,4,3,normal,false,1,7,0,390,600,135,0,true,false,false,0,0,1125,11,0,
183,keto,2775,30,0,budget,0,69,true,3,540,57,94,0.1,0.9,0,0,0,1,16,normal,false,4,10,60,2715,0,0,0,false,false,false,0,0,2775,30,0,
184,keto,2760,32,2,budget,0,78,true,3,360,63,94,0.03125,0.9375,0.03125,0,0,2,6,normal,false,6,12,15,2655,90,0,0,false,false,false,0,0,2760,32,0,
185,keto,8491,51,21,budget,1,100,true,4,735,142,199,0.0784313725490196,0.7254901960784313,0.0784313725490196,0.0196078431372549,0.09803921568627451,9,18,crash,false,4,27,106,5340,1500,765,780,false,false,false,750,5,7741,46,1,3
186,keto,7160,42,12,budget,0,83,true,6,1985,108,150,0.023809523809523808,0.8333333333333334,0.14285714285714285,0,0,6,2,crash,false,3,20,0,3940,3220,0,0,false,false,false,0,0,7160,42,0,
187,keto,2730,34,4,budget,0,73,true,3,255,63,90,0.058823529411764705,0.8823529411764706,0.058823529411764705,0,0,3,2,crash,false,5,15,15,2535,180,0,0,false,false,false,0,0,2730,34,0,
188,keto,4354,32,2,budget,0,83,true,6,1020,69,116,0.1875,0.6875,0.125,0,0,3,2,crash,false,8,13,224,3110,1020,0,0,false,false,false,0,0,4354,32,0,
189,keto,7965,53,23,budget,1,100,true,5,1440,108,152,0.018867924528301886,0.5849056603773585,0.22641509433962265,0.07547169811320754,0.09433962264150944,10,2,crash,false,19,22,45,3080,2350,450,2040,false,true,false,2010,5,5955,48,1,10
190,keto,7840,45,15,budget,1,100,false,4,1590,120,131,0,0.7333333333333333,0.13333333333333333,0.022222222222222223,0.1111111111111111,6,2,normal,false,8,14,0,3280,600,1680,2280,false,true,false,2310,5,5530,40,1,3
191,keto,3703,38,8,budget,0,93,true,4,565,77,124,0.3157894736842105,0.5789473684210527,0.07894736842105263,0.02631578947368421,0,8,2,normal,false,4,16,558,2620,210,315,0,true,false,true,0,0,3703,38,0,
192,keto,641,12,2,lock,0,73,true,2,180,12,34,0.25,0.6666666666666666,0.08333333333333333,0,0,1,2,crash,false,9,2,46,505,90,0,0,false,false,false,0,0,641,12,0,
193,keto,7323,50,20,budget,0,93,true,4,715,132,180,0.04,0.8,0.12,0.04,0,10,8,normal,false,5,26,38,5455,1290,540,0,true,false,true,0,0,7323,50,0,
194,keto,6854,45,15,budget,1,100,true,3,2040,96,163,0.26666666666666666,0.5111111111111111,0.08888888888888889,0.022222222222222223,0.1111111111111111,9,2,normal,false,8,21,749,1905,1350,90,2760,false,false,false,2670,5,4184,40,1,3
195,keto,7227,46,16,budget,0,98,true,5,1410,102,155,0.17391304347826086,0.6304347826086957,0.10869565217391304,0.08695652173913043,0,10,2,normal,false,6,20,362,2630,2750,1485,0,true,true,false,0,0,7227,46,0,
196,keto,2003,30,0,budget,0,68,true,5,600,51,68,0.13333333333333333,0.8666666666666667,0,0,0,3,21,normal,false,5,9,68,1935,0,0,0,false,false,false,0,0,2003,30,0,
197,keto,8668,53,23,budget,1,100,true,5,2400,114,172,0.18867924528301888,0.4528301886792453,0.16981132075471697,0.09433962264150944,0.09433962264150944,12,2,normal,false,7,28,338,2525,1260,765,3780,false,false,false,1470,5,7198,48,1,13
198,keto,24435,87,57,budget,3,100,false,5,3600,208,289,0,0.40229885057471265,0.28735632183908044,0.13793103448275862,0.1724137931034483,23,2,normal,false,7,42,0,2720,4960,8055,8700,false,true,false,8490,15,15945,72,3,4|3|7
199,keto,3828,34,4,budget,0,85,true,5,840,81,123,0.11764705882352941,0.7941176470588235,0.08823529411764706,0,0,4,3,normal,false,3,17,293,3265,270,0,0,false,false,false,0,0,3828,34,0,
200,keto,3049,30,0,budget,0,62,true,4,375,60,134,0.4,0.6,0,0,0,2,11,normal,false,8,9,864,2185,0,0,0,false,false,true,0,0,3049,30,0,
201,keto,9980,59,29,budget,1,100,false,4,1240,138,204,0,0.6949152542372882,0.2033898305084746,0.01694915254237288,0.0847457627118644,13,2,normal,false,13,24,0,4600,1630,1710,2040,false,false,true,1530,5,8450,54,1,3
202,keto,4033,34,4,budget,0,86,true,5,960,72,112,0.17647058823529413,0.7647058823529411,0.058823529411764705,0,0,6,2,normal,false,3,18,148,2805,540,540,0,false,false,true,0,0,4033,34,0,
203,keto,21613,83,53,budget,3,100,true,7,1890,213,314,0.14457831325301204,0.39759036144578314,0.21686746987951808,0.060240963855421686,0.18072289156626506,22,5,normal,false,9,41,543,5660,4180,3630,7600,false,true,true,7600,15,14013,68,3,5|2|3
204,keto,5900,34,4,budget,0,78,true,5,1095,91,142,0.058823529411764705,0.8823529411764706,0.058823529411764705,0,0,4,17,normal,false,4,15,30,5690,180,0,0,false,false,true,0,0,5900,34,0,
205,keto,3566,30,0,budget,0,68,true,3,360,68,118,0.16666666666666666,0.8333333333333334,0,0,0,1,26,crash,false,8,11,286,3280,0,0,0,false,false,false,0,0,3566,30,0,
206,keto,4058,30,0,budget,0,64,true,5,705,62,131,0.13333333333333333,0.8666666666666667,0,0,0,2,10,crash,false,5,10,503,3555,0,0,0,false,false,false,0,0,4058,30,0,
207,keto,10853,59,29,budget,1,100,true,4,1890,144,194,0.05084745762711865,0.5932203389830508,0.22033898305084745,0.05084745762711865,0.0847457627118644,15,1,normal,false,4,35,153,3570,2300,2250,2580,false,true,false,2490,5,8363,54,1,6
208,keto,3687,30,0,budget,0,62,true,5,1010,68,122,0.3333333333333333,0.6666666666666666,0,0,0,1,20,normal,false,6,10,507,3180,0,0,0,false,false,false,0,0,3687,30,0,
209,keto,2850,32,2,budget,0,73,true,3,240,72,110,0.3125,0.65625,0.03125,0,0,7,2,normal,false,3,16,575,2185,90,0,0,false,false,true,0,0,2850,32,0,
210,keto,14115,70,40,budget,2,100,false,4,1120,149,227,0,0.5857142857142857,0.24285714285714285,0.02857142857142857,0.14285714285714285,15,2,normal,false,9,28,0,2995,3650,2070,5400,false,true,false,5220,10,8895,60,2,3|4
211,keto,4170,34,4,budget,0,81,true,5,675,76,121,0.35294117647058826,0.5588235294117647,0.08823529411764706,0,0,4,4,normal,false,7,13,505,2815,850,0,0,false,false,false,0,0,4170,34,0,
212,keto,7293,54,24,budget,0,85,true,5,870,137,210,0.1111111111111111,0.7592592592592593,0.12962962962962962,0,0,14,2,normal,false,7,30,518,5095,1680,0,0,false,false,false,0,0,7293,54,0,
213,keto,7823,41,11,budget,1,100,true,5,1740,98,142,0.1951219512195122,0.5609756097560976,0.0975609756097561,0.024390243902439025,0.12195121951219512,7,1,normal,false,7,14,333,3080,270,360,3780,false,false,false,3510,5,4313,36,1,5
214,keto,3815,42,12,budget,0,86,true,3,575,87,128,0.14285714285714285,0.6666666666666666,0.19047619047619047,0,0,10,3,normal,false,4,21,315,2790,710,0,0,false,false,true,0,0,3815,42,0,
215,keto,3690,14,13,lock,1,100,false,4,990,41,40,0,0.35714285714285715,0.21428571428571427,0.07142857142857142,0.35714285714285715,4,2,normal,false,5,6,0,450,1530,630,1080,false,false,false,990,5,2700,9,1,3
216,keto,19228,85,55,budget,3,100,true,5,3060,183,274,0.1411764705882353,0.38823529411764707,0.23529411764705882,0.058823529411764705,0.17647058823529413,24,2,crash,false,5,43,708,2385,5750,2385,8000,false,true,false,6570,15,12658,70,3,3|5|4
217,keto,3543,30,0,budget,0,66,true,4,705,72,113,0.2,0.8,0,0,0,4,14,normal,false,5,14,143,3400,0,0,0,false,false,true,0,0,3543,30,0,
218,keto,14674,61,31,budget,1,100,true,5,4140,134,217,0.06557377049180328,0.5245901639344263,0.2459016393442623,0.08196721311475409,0.08196721311475409,15,2,crash,false,13,25,294,2510,1650,3360,6860,false,false,true,5910,5,8764,56,1,18
219,keto,3385,36,6,budget,0,83,true,4,405,68,100,0.027777777777777776,0.9166666666666666,0.05555555555555555,0,0,4,2,normal,false,4,13,15,2710,660,0,0,false,false,true,0,0,3385,36,0,
220,keto,21498,93,63,budget,3,100,true,6,3180,237,308,0.053763440860215055,0.4946236559139785,0.25806451612903225,0.03225806451612903,0.16129032258064516,25,2,normal,false,9,49,108,4605,5280,5805,5700,false,false,true,8940,15,12558,78,3,2|2|3
221,keto,4730,44,14,budget,0,85,false,5,915,101,145,0,0.8863636363636364,0.11363636363636363,0,0,6,2,normal,false,4,24,0,4100,630,0,0,false,false,true,0,0,4730,44,0,
222,keto,19530,70,40,budget,2,100,true,6,3720,203,266,0.014285714285714285,0.6428571428571429,0.17142857142857143,0.02857142857142857,0.14285714285714285,16,7,normal,false,8,32,15,5640,2650,2025,9200,false,true,false,5990,10,13540,60,2,3|3
223,keto,4068,30,0,budget,0,53,true,5,730,70,118,0.2,0.8,0,0,0,2,22,crash,false,7,11,98,3970,0,0,0,false,false,false,0,0,4068,30,0,
224,keto,6570,46,16,budget,0,82,true,6,1170,112,186,0.15217391304347827,0.7391304347826086,0.10869565217391304,0,0,12,5,crash,false,3,25,150,5700,720,0,0,false,false,false,0,0,6570,46,0,
225,keto,6951,34,4,budget,0,83,true,7,2820,90,146,0.17647058823529413,0.7058823529411765,0.11764705882352941,0,0,3,1,crash,false,5,16,151,3680,3120,0,0,false,false,false,0,0,6951,34,0,
226,keto,1643,12,0,lock,0,62,true,3,315,33,53,0.16666666666666666,0.8333333333333334,0,0,0,1,7,normal,false,4,5,128,1515,0,0,0,false,false,true,0,0,1643,12,0,
227,keto,8630,43,13,budget,1,100,true,5,870,116,162,0.023255813953488372,0.627906976744186,0.13953488372093023,0.09302325581395349,0.11627906976744186,5,4,normal,false,5,24,15,4590,800,765,2460,false,true,false,2310,5,6320,38,1,10
228,keto,4632,34,4,budget,0,83,true,5,600,81,132,0.29411764705882354,0.6470588235294118,0.058823529411764705,0,0,6,2,normal,false,5,19,457,3515,660,0,0,false,false,true,0,0,4632,34,0,
229,keto,4077,32,2,budget,0,73,true,6,550,79,152,0.28125,0.6875,0.03125,0,0,4,2,crash,false,4,15,1072,2865,140,0,0,false,false,false,0,0,4077,32,0,
230,keto,6321,45,15,budget,1,100,true,4,645,112,156,0.13333333333333333,0.5777777777777777,0.13333333333333333,0.044444444444444446,0.1111111111111111,8,6,normal,false,3,24,451,3225,1000,765,880,false,true,true,1170,5,5151,40,1,3
231,keto,13228,58,28,budget,2,100,true,5,1860,153,195,0.08620689655172414,0.5862068965517241,0.1206896551724138,0.034482758620689655,0.1724137931034483,12,3,normal,false,9,26,158,3700,3210,180,5980,false,true,false,4440,10,8788,48,2,3|4
232,keto,5255,37,7,budget,1,100,true,5,690,93,118,0.02702702702702703,0.7837837837837838,0.05405405405405406,0,0.13513513513513514,2,3,normal,false,8,11,105,3500,570,0,1080,false,false,false,1120,5,4135,32,0,
233,keto,2593,30,0,budget,0,62,true,4,405,63,88,0.06666666666666667,0.9333333333333333,0,0,0,1,26,normal,false,4,11,68,2525,0,0,0,false,false,false,0,0,2593,30,0,
234,keto,8445,50,20,budget,2,100,false,5,840,121,167,0,0.7,0.08,0.02,0.2,5,1,normal,false,8,13,0,4545,1050,270,2580,false,false,true,2610,10,5835,40,2,2|3
235,keto,2286,34,4,budget,0,73,true,4,308,55,115,0.4117647058823529,0.5294117647058824,0.058823529411764705,0,0,7,2,crash,false,7,17,996,1110,180,0,0,false,false,true,0,0,2286,34,0,
236,keto,8630,37,28,lock,2,100,false,3,1260,94,120,0,0.4864864864864865,0.21621621621621623,0.02702702702702703,0.2702702702702703,9,2,keto,false,6,18,0,1755,1730,1485,3660,false,false,true,4140,10,4490,27,1,4
237,keto,8960,41,11,budget,1,100,false,6,1400,103,151,0,0.7560975609756098,0.07317073170731707,0.04878048780487805,0.12195121951219512,3,5,normal,false,10,10,0,4285,390,225,4060,false,false,false,3610,5,5350,36,1,2
238,keto,2320,30,0,budget,0,66,true,3,450,57,95,0.43333333333333335,0.5666666666666667,0,0,0,4,8,normal,false,9,8,430,1890,0,0,0,false,false,false,0,0,2320,30,0,
239,keto,8641,44,14,budget,0,90,true,8,2695,124,197,0.045454545454545456,0.7954545454545454,0.13636363636363635,0.022727272727272728,0,7,2,normal,false,4,22,226,6525,1710,180,0,true,false,true,0,0,8641,44,0,
240,keto,7801,53,23,budget,1,100,true,4,1140,119,157,0.11320754716981132,0.6226415094339622,0.11320754716981132,0.05660377358490566,0.09433962264150944,12,3,normal,false,6,21,241,3015,1860,945,1740,false,true,false,1710,5,6091,48,1,4
241,keto,2946,34,4,budget,0,72,true,6,551,67,120,0.17647058823529413,0.7647058823529411,0.058823529411764705,0,0,5,9,normal,false,8,13,921,1725,300,0,0,false,false,true,0,0,2946,34,0,
242,keto,3562,36,6,budget,0,85,true,4,540,68,127,0.25,0.6944444444444444,0.05555555555555555,0,0,6,2,crash,false,6,15,347,2465,750,0,0,false,false,true,0,0,3562,36,0,
243,keto,13335,60,30,budget,2,100,false,6,3300,152,180,0,0.5333333333333333,0.18333333333333332,0.11666666666666667,0.16666666666666666,12,1,normal,false,7,25,0,2745,1530,1620,7440,false,true,false,7080,10,6255,50,2,5|7
244,keto,5578,40,10,budget,0,82,true,5,1800,85,143,0.225,0.725,0.05,0,0,6,2,normal,false,9,14,313,2655,2610,0,0,false,false,true,0,0,5578,40,0,
245,keto,9365,46,16,budget,0,94,false,7,1830,149,200,0,0.8913043478260869,0.08695652173913043,0.021739130434782608,0,8,3,normal,false,12,21,0,8030,1200,135,0,true,false,true,0,0,9365,46,0,
246,keto,2943,40,10,budget,0,88,true,3,390,65,97,0.25,0.5,0.25,0,0,6,2,normal,false,12,10,258,1215,1200,270,0,false,false,false,0,0,2943,40,0,
247,keto,15450,68,38,budget,2,100,false,6,3360,164,208,0,0.4852941176470588,0.23529411764705882,0.1323529411764706,0.14705882352941177,14,4,normal,false,11,26,0,2275,6260,3255,3660,false,true,true,2460,10,12990,58,2,4|6
248,keto,2776,30,0,budget,0,62,true,4,750,59,100,0.2,0.8,0,0,0,4,6,normal,false,6,10,271,2505,0,0,0,false,false,true,0,0,2776,30,0,
249,keto,7784,62,32,budget,2,100,true,3,1160,120,158,0.16129032258064516,0.45161290322580644,0.16129032258064516,0.06451612903225806,0.16129032258064516,16,2,crash,false,7,24,294,2320,900,870,3400,false,true,false,2300,10,5484,52,2,3|4
250,keto,3328,34,4,budget,0,93,true,5,845,67,102,0.11764705882352941,0.7647058823529411,0.08823529411764706,0.029411764705882353,0,3,2,crash,false,4,15,53,2885,210,180,0,true,false,false,0,0,3328,34,0,
251,keto,3393,30,0,budget,0,63,true,5,720,75,109,0.13333333333333333,0.8666666666666667,0,0,0,1,22,normal,false,6,8,198,3195,0,0,0,false,false,false,0,0,3393,30,0,
252,keto,8125,47,17,budget,1,100,true,5,1020,109,164,0.0425531914893617,0.6382978723404256,0.19148936170212766,0.02127659574468085,0.10638297872340426,9,8,normal,false,9,21,30,3655,900,900,2640,false,false,false,1710,5,6415,42,1,7
253,keto,8740,46,16,budget,0,82,true,5,1210,147,198,0.021739130434782608,0.8260869565217391,0.15217391304347827,0,0,9,16,normal,false,4,24,15,6225,2500,0,0,false,false,false,0,0,8740,46,0,
254,keto,2079,30,0,budget,0,65,true,4,285,51,84,0.3,0.7,0,0,0,2,18,crash,false,5,7,369,1710,0,0,0,false,false,false,0,0,2079,30,0,
255,keto,10300,55,25,budget,1,100,true,5,1125,141,195,0.16363636363636364,0.4909090909090909,0.18181818181818182,0.07272727272727272,0.09090909090909091,13,3,normal,false,11,27,635,4145,960,2160,2400,false,true,false,2310,5,7990,50,1,12
256,keto,5008,46,16,budget,0,95,true,3,570,100,141,0.08695652173913043,0.717391304347826,0.15217391304347827,0.043478260869565216,0,8,1,normal,false,5,19,253,3075,1410,270,0,true,true,true,0,0,5008,46,0,
257,keto,3857,40,10,budget,0,99,true,3,585,79,107,0.2,0.6,0.1,0.1,0,6,2,normal,false,10,18,287,1935,1050,585,0,true,true,false,0,0,3857,40,0,
258,keto,4492,41,11,budget,1,100,true,4,420,79,109,0.21951219512195122,0.5365853658536586,0.04878048780487805,0.07317073170731707,0.12195121951219512,7,1,normal,false,8,13,212,2240,660,540,840,false,true,false,750,5,3742,36,1,5
259,keto,8543,42,12,budget,0,87,true,5,1950,100,184,0.09523809523809523,0.7619047619047619,0.14285714285714285,0,0,6,2,normal,false,6,15,353,3420,3390,1380,0,false,false,false,0,0,8543,42,0,
260,keto,2370,30,0,budget,0,65,true,3,270,57,80,0.1,0.9,0,0,0,3,18,normal,false,6,11,45,2325,0,0,0,false,false,true,0,0,2370,30,0,
261,keto,9411,51,21,budget,1,100,true,5,1980,119,174,0.13725490196078433,0.5686274509803921,0.1568627450980392,0.0392156862745098,0.09803921568627451,9,1,normal,false,6,19,356,3095,1700,1260,3000,false,false,false,2940,5,6471,46,1,5
262,keto,18725,104,74,budget,2,100,false,6,2640,256,334,0,0.5961538461538461,0.2692307692307692,0.038461538461538464,0.09615384615384616,30,7,normal,false,6,57,0,5460,9050,2175,2040,false,false,false,2220,10,16505,94,2,4|2
263,keto,3085,30,0,budget,0,68,true,5,600,65,98,0.03333333333333333,0.9666666666666667,0,0,0,0,-1,crash,false,5,11,0,3085,0,0,0,false,false,true,0,0,3085,30,0,
264,keto,13766,57,27,budget,1,100,true,5,2580,153,210,0.08771929824561403,0.631578947368421,0.15789473684210525,0.03508771929824561,0.08771929824561403,12,2,crash,false,5,28,76,4820,1350,900,6620,false,false,false,6110,5,7656,52,1,4
265,keto,15235,60,30,budget,2,100,true,5,3300,153,216,0.03333333333333333,0.6166666666666667,0.13333333333333333,0.05,0.16666666666666666,10,9,normal,false,7,31,75,3620,2010,1950,7580,false,false,true,8480,10,6755,50,2,2|4
266,keto,14990,76,46,budget,2,100,false,5,2600,173,217,0,0.5263157894736842,0.3026315789473684,0.039473684210526314,0.13157894736842105,19,1,normal,false,5,43,0,2690,4360,2340,5600,false,false,false,5890,10,9100,66,2,4|2
267,keto,9463,52,22,budget,2,100,true,4,1200,128,191,0.19230769230769232,0.4423076923076923,0.11538461538461539,0.057692307692307696,0.19230769230769232,9,2,normal,false,8,25,843,2045,1860,915,3800,false,true,false,3500,10,5963,42,2,3|3
268,keto,29853,107,77,budget,3,100,true,7,2580,310,447,0.056074766355140186,0.5887850467289719,0.205607476635514,0.009345794392523364,0.14018691588785046,33,1,normal,false,6,63,608,6980,12320,1845,8100,false,true,true,6780,15,23073,92,2,6|3
269,keto,5657,49,19,budget,1,100,true,3,390,102,160,0.30612244897959184,0.3469387755102041,0.16326530612244897,0.08163265306122448,0.10204081632653061,9,2,crash,false,6,20,962,1755,1230,810,900,false,true,false,780,5,4877,44,1,5
270,keto,4075,32,2,budget,0,82,true,4,480,79,111,0.03125,0.90625,0.0625,0,0,2,2,normal,false,3,16,15,3570,490,0,0,false,false,true,0,0,4075,32,0,
271,keto,5489,32,2,budget,0,78,true,6,1275,73,151,0.28125,0.71875,0,0,0,5,8,normal,false,6,13,519,4520,450,0,0,false,false,true,0,0,5489,32,0,
272,keto,5460,36,6,budget,0,94,true,6,1280,94,134,0.05555555555555555,0.75,0.19444444444444445,0,0,5,2,normal,false,6,17,35,3970,510,945,0,true,false,true,0,0,5460,36,0,
273,keto,3705,36,6,budget,0,81,false,3,360,86,109,0,0.8888888888888888,0.1111111111111111,0,0,3,20,normal,false,6,16,0,2745,960,0,0,false,false,false,0,0,3705,36,0,
274,keto,5275,32,2,budget,0,70,true,4,1075,102,144,0,1,0,0,0,1,29,normal,false,7,14,70,5205,0,0,0,false,false,false,0,0,5275,32,0,
275,keto,4716,32,2,budget,0,70,true,4,750,77,138,0.15625,0.84375,0,0,0,3,9,crash,false,4,14,241,3845,630,0,0,false,false,true,0,0,4716,32,0,
276,keto,4005,36,6,budget,0,90,true,4,525,75,124,0.1388888888888889,0.8055555555555556,0.027777777777777776,0.027777777777777776,0,6,1,normal,false,6,16,265,2735,870,135,0,true,false,true,0,0,4005,36,0,
277,keto,5095,36,6,budget,0,85,false,6,1290,96,128,0,0.8333333333333334,0.16666666666666666,0,0,3,2,normal,false,6,12,0,4615,480,0,0,false,false,true,0,0,5095,36,0,
278,keto,4735,30,0,budget,0,64,false,5,705,93,132,0,1,0,0,0,0,-1,normal,false,5,9,0,4735,0,0,0,false,false,false,0,0,4735,30,0,
279,keto,4055,34,4,budget,0,83,true,6,885,82,124,0.058823529411764705,0.8235294117647058,0.11764705882352941,0,0,3,2,normal,false,7,16,735,2990,330,0,0,false,false,false,0,0,4055,34,0,
280,keto,4725,40,10,budget,0,91,true,4,540,95,124,0.05,0.775,0.175,0,0,6,8,normal,false,3,18,120,3555,780,270,0,true,false,false,0,0,4725,40,0,
281,keto,6183,45,15,budget,1,100,true,4,700,97,145,0.08888888888888889,0.6222222222222222,0.15555555555555556,0.022222222222222223,0.1111111111111111,6,2,normal,false,17,15,203,3250,1170,360,1200,false,false,false,1110,5,5073,40,1,4
282,keto,7615,48,18,budget,0,93,true,3,660,125,187,0.0625,0.6875,0.22916666666666666,0.020833333333333332,0,11,1,normal,false,6,24,270,3880,3060,405,0,true,false,false,0,0,7615,48,0,
283,keto,5460,36,6,budget,0,75,true,7,1950,93,142,0.05555555555555555,0.8611111111111112,0.08333333333333333,0,0,4,2,normal,false,4,18,90,5100,270,0,0,false,false,false,0,0,5460,36,0,
284,keto,5221,36,6,budget,0,79,true,5,940,95,151,0.2222222222222222,0.75,0.027777777777777776,0,0,5,1,normal,false,4,17,346,4305,570,0,0,false,false,true,0,0,5221,36,0,
285,keto,9410,43,13,budget,1,100,true,4,1680,122,202,0.27906976744186046,0.5348837209302325,0.06976744186046512,0,0.11627906976744186,8,6,normal,false,7,17,640,4070,700,1620,2380,false,true,true,2360,5,7050,38,1,3
286,keto,9413,46,16,budget,0,97,true,4,2115,119,175,0.06521739130434782,0.6086956521739131,0.2826086956521739,0.043478260869565216,0,6,7,normal,false,11,21,98,3260,2830,3225,0,true,true,false,0,0,9413,46,0,
287,keto,4695,30,0,budget,0,59,true,7,1500,82,114,0.03333333333333333,0.9666666666666667,0,0,0,1,25,normal,false,4,10,105,4590,0,0,0,false,false,false,0,0,4695,30,0,
288,keto,5718,41,11,budget,1,100,true,4,1740,86,119,0.1951219512195122,0.4634146341463415,0.21951219512195122,0,0.12195121951219512,3,1,crash,false,16,8,498,1710,810,240,2460,false,false,false,2580,5,3138,36,1,9
289,keto,8156,45,15,budget,1,100,true,4,1410,83,163,0.24444444444444444,0.4444444444444444,0.1111111111111111,0.08888888888888889,0.1111111111111111,8,6,normal,false,6,23,641,1740,1920,1575,2280,false,true,true,1470,5,6686,40,1,8
290,keto,5943,41,11,budget,1,100,true,4,2010,78,125,0.21951219512195122,0.5853658536585366,0.04878048780487805,0.024390243902439025,0.12195121951219512,6,3,normal,false,10,12,498,1905,270,90,3180,false,true,true,3090,5,2853,36,1,3
291,keto,10878,51,21,budget,1,100,true,5,1815,131,182,0.0392156862745098,0.7058823529411765,0.09803921568627451,0.058823529411764705,0.09803921568627451,10,2,normal,false,5,20,38,4840,1770,2010,2220,false,true,false,2190,5,8688,46,1,6
292,keto,2860,30,0,budget,0,63,false,4,495,62,86,0,1,0,0,0,0,-1,normal,false,8,10,0,2860,0,0,0,false,false,false,0,0,2860,30,0,
293,keto,25335,101,71,budget,3,100,false,5,1760,259,354,0,0.5346534653465347,0.27722772277227725,0.039603960396039604,0.1485148514851485,27,4,normal,false,9,47,0,4445,7920,4770,8200,false,true,false,8715,15,16620,86,3,2|4|5
294,keto,7185,7,9,lock,1,100,false,7,4725,31,33,0,0.14285714285714285,0,0.14285714285714285,0.7142857142857143,2,2,frenzy,false,4,2,0,60,120,4665,2340,false,false,false,2430,5,4755,2,1,2
295,keto,9720,45,20,lock,0,94,true,7,2400,108,197,0.06666666666666667,0.7333333333333333,0.17777777777777778,0.022222222222222223,0,11,2,crash,false,3,23,105,5430,1710,2475,0,true,false,false,0,0,9720,45,0,
296,keto,4728,40,10,budget,0,80,true,5,1400,83,155,0.1,0.825,0.075,0,0,6,3,normal,false,5,21,233,4015,480,0,0,false,false,true,0,0,4728,40,0,
297,keto,10023,49,19,budget,1,100,true,5,1860,122,168,0.04081632653061224,0.673469387755102,0.14285714285714285,0.04081632653061224,0.10204081632653061,8,2,normal,false,15,16,158,3760,1530,495,4080,false,false,true,2310,5,7713,44,1,2
298,keto,2490,23,8,lock,0,90,false,3,480,39,64,0,0.8695652173913043,0.13043478260869565,0,0,4,2,normal,false,10,6,0,1020,1200,270,0,true,false,false,0,0,2490,23,0,
299,keto,3125,34,4,budget,0,77,true,4,405,77,101,0.029411764705882353,0.9411764705882353,0.029411764705882353,0,0,3,2,normal,false,4,14,15,2990,120,0,0,false,false,false,0,0,3125,34,0,
300,keto,6805,47,17,budget,1,100,true,4,900,99,139,0.02127659574468085,0.6382978723404256,0.2127659574468085,0.02127659574468085,0.10638297872340426,8,2,normal,false,6,17,75,2500,1530,360,2340,false,false,false,2130,5,4675,42,1,4
301,keto,14255,86,56,budget,2,100,true,5,910,218,297,0.023255813953488372,0.5697674418604651,0.23255813953488372,0.05813953488372093,0.11627906976744186,25,4,normal,false,4,46,190,6065,4520,1260,2220,false,false,false,2100,10,12155,76,2,3|4
302,keto,3368,30,0,budget,0,50,true,4,480,67,104,0.1,0.9,0,0,0,2,18,normal,false,4,11,98,3270,0,0,0,false,false,false,0,0,3368,30,0,
303,keto,3854,30,0,budget,0,63,true,5,570,62,115,0.26666666666666666,0.7333333333333333,0,0,0,2,11,crash,false,6,10,294,3560,0,0,0,false,false,false,0,0,3854,30,0,
304,keto,5795,42,29,lock,1,100,false,3,840,90,99,0,0.5476190476190477,0.2619047619047619,0.07142857142857142,0.11904761904761904,10,2,normal,false,9,20,0,1530,1790,1035,1440,false,false,false,690,5,5105,37,1,4
305,keto,10373,57,27,budget,1,100,true,8,1925,139,191,0.05263157894736842,0.7192982456140351,0.10526315789473684,0.03508771929824561,0.08771929824561403,13,4,normal,false,8,26,98,6405,1620,330,1920,false,false,true,1890,5,8483,52,1,5
306,keto,9805,49,19,budget,1,100,false,4,1200,138,155,0,0.7755102040816326,0.08163265306122448,0.04081632653061224,0.10204081632653061,8,1,normal,false,10,19,0,3585,2070,270,3880,false,false,false,2980,5,6825,44,1,2
307,keto,2738,30,0,budget,0,63,true,4,435,48,107,0.43333333333333335,0.5666666666666667,0,0,0,6,6,normal,false,4,13,368,2370,0,0,0,false,false,true,0,0,2738,30,0,
308,keto,3978,30,0,budget,0,63,true,4,600,68,112,0.06666666666666667,0.9333333333333333,0,0,0,0,-1,crash,false,9,6,23,3955,0,0,0,false,false,false,0,0,3978,30,0,
309,keto,3460,32,2,budget,0,77,true,5,1105,70,110,0.03125,0.9375,0.03125,0,0,1,20,crash,false,4,12,105,3265,90,0,0,false,false,true,0,0,3460,32,0,
310,keto,8765,54,24,budget,0,97,true,5,1660,135,169,0.018518518518518517,0.6666666666666666,0.25925925925925924,0.05555555555555555,0,11,6,normal,false,5,28,15,3700,3160,1890,0,true,true,false,0,0,8765,54,0,
311,keto,21205,104,74,budget,2,100,false,5,2430,254,346,0,0.5576923076923077,0.25961538461538464,0.08653846153846154,0.09615384615384616,31,1,normal,false,9,53,0,5700,5880,2085,7540,false,true,false,7615,10,13590,94,2,3|7
312,keto,10560,56,26,budget,2,100,false,3,1130,138,175,0,0.625,0.14285714285714285,0.05357142857142857,0.17857142857142858,9,2,normal,false,10,19,0,2870,1580,1590,4520,false,true,true,4220,10,6340,46,2,4|3
313,keto,5808,38,8,budget,0,82,true,4,1290,95,148,0.13157894736842105,0.8421052631578947,0.02631578947368421,0,0,6,14,normal,false,5,21,98,3430,2280,0,0,false,false,true,0,0,5808,38,0,
314,keto,5161,38,8,budget,0,92,true,4,990,92,158,0.13157894736842105,0.8157894736842105,0.02631578947368421,0.02631578947368421,0,4,18,crash,false,6,13,421,3300,1260,180,0,true,false,false,0,0,5161,38,0,
315,keto,6951,48,18,budget,0,94,true,5,1140,107,176,0.25,0.5416666666666666,0.16666666666666666,0.041666666666666664,0,12,5,normal,false,7,26,881,2590,2130,1350,0,true,false,true,0,0,6951,48,0,
316,keto,3753,38,8,budget,0,80,true,3,350,82,125,0.10526315789473684,0.8157894736842105,0.07894736842105263,0,0,6,2,normal,false,3,19,253,3170,330,0,0,false,false,false,0,0,3753,38,0,
317,keto,4340,32,2,budget,0,71,false,5,720,85,118,0,1,0,0,0,1,17,normal,false,7,11,0,3650,690,0,0,false,false,false,0,0,4340,32,0,
318,keto,4365,32,2,budget,0,79,true,4,615,90,130,0.0625,0.90625,0.03125,0,0,1,15,crash,false,4,15,15,4260,90,0,0,false,false,false,0,0,4365,32,0,
319,keto,4883,38,8,budget,0,87,true,7,1455,72,124,0.10526315789473684,0.7368421052631579,0.15789473684210525,0,0,5,7,crash,false,7,16,118,3460,900,405,0,false,false,false,0,0,4883,38,0,
320,keto,11090,67,37,budget,1,100,true,5,1035,154,219,0.029850746268656716,0.7014925373134329,0.16417910447761194,0.029850746268656716,0.07462686567164178,18,2,crash,false,5,36,150,4775,2850,1935,1380,false,false,true,1350,5,9740,62,1,7
321,keto,5245,30,0,budget,0,62,true,7,2165,77,132,0.06666666666666667,0.9333333333333333,0,0,0,2,19,normal,false,5,11,60,5185,0,0,0,false,false,false,0,0,5245,30,0,
322,keto,10835,53,23,budget,1,100,true,5,2400,142,207,0,0.7169811320754716,0.1509433962264151,0.03773584905660377,0.09433962264150944,10,4,normal,false,7,25,30,4905,3710,630,1560,false,false,false,1470,5,9365,48,1,3
323,keto,3806,30,0,budget,0,64,true,4,900,65,117,0.13333333333333333,0.8666666666666667,0,0,0,0,-1,crash,false,7,6,136,3670,0,0,0,false,false,false,0,0,3806,30,0,
324,keto,7730,41,11,budget,1,100,false,4,1260,124,144,0,0.8292682926829268,0.04878048780487805,0,0.12195121951219512,3,1,normal,false,9,12,0,3830,1020,0,2880,false,false,false,2350,5,5380,36,0,
325,keto,3959,32,2,budget,0,71,true,4,330,77,135,0.3125,0.6875,0,0,0,7,2,normal,false,3,19,624,3335,0,0,0,false,false,true,0,0,3959,32,0,
326,keto,3245,32,2,budget,0,71,true,5,845,71,105,0.09375,0.90625,0,0,0,3,7,normal,false,4,11,150,3095,0,0,0,false,false,false,0,0,3245,32,0,
327,keto,10430,67,37,budget,1,100,false,5,1230,162,221,0,0.7910447761194029,0.13432835820895522,0,0.07462686567164178,15,2,normal,false,5,37,0,5300,2550,1260,1320,false,false,true,1020,5,9410,62,1,2
328,keto,7785,45,15,budget,1,100,true,6,1315,99,163,0.24444444444444444,0.4888888888888889,0.08888888888888889,0.06666666666666667,0.1111111111111111,9,2,crash,false,7,15,325,4070,450,1260,1680,false,false,false,1590,5,6195,40,1,7
329,keto,3845,30,0,budget,0,69,true,5,790,80,132,0.16666666666666666,0.8333333333333334,0,0,0,1,27,normal,false,6,11,345,3500,0,0,0,false,false,true,0,0,3845,30,0,
330,keto,17526,65,35,budget,3,100,true,5,2115,185,238,0.07692307692307693,0.49230769230769234,0.13846153846153847,0.06153846153846154,0.23076923076923078,13,2,normal,false,8,32,91,5095,2130,3330,6880,false,true,false,6150,15,11376,50,3,4|3|6
331,keto,6140,48,18,budget,0,99,true,3,630,107,136,0,0.7083333333333334,0.25,0.041666666666666664,0,9,15,normal,false,9,22,70,2685,2350,1035,0,true,true,false,0,0,6140,48,0,
332,keto,3484,30,0,budget,0,62,true,4,510,63,122,0.36666666666666664,0.6333333333333333,0,0,0,2,14,crash,false,6,8,414,3070,0,0,0,false,false,false,0,0,3484,30,0,
333,keto,5393,40,10,budget,0,83,true,5,765,82,144,0.025,0.875,0.1,0,0,6,2,normal,false,4,19,53,4110,1230,0,0,false,false,false,0,0,5393,40,0,
334,keto,6066,38,8,budget,0,86,true,8,1965,89,153,0.13157894736842105,0.7368421052631579,0.13157894736842105,0,0,6,8,crash,false,5,19,181,5195,420,270,0,false,false,false,0,0,6066,38,0,
335,keto,7504,39,9,budget,1,100,true,5,1860,92,145,0.38461538461538464,0.3333333333333333,0.1282051282051282,0.02564102564102564,0.1282051282051282,7,2,crash,false,4,18,849,1585,1920,90,3060,false,false,false,1290,5,6214,34,1,5
336,keto,2738,30,0,budget,0,53,true,4,420,59,129,0.6666666666666666,0.3333333333333333,0,0,0,3,12,normal,false,7,10,1228,1510,0,0,0,false,false,false,0,0,2738,30,0,
337,keto,5410,44,14,budget,0,90,true,4,605,99,150,0.045454545454545456,0.8636363636363636,0.06818181818181818,0.022727272727272728,0,9,1,normal,false,7,24,105,4095,1030,180,0,true,false,false,0,0,5410,44,0,
338,keto,3965,34,4,budget,0,84,true,5,810,77,115,0.11764705882352941,0.7647058823529411,0.11764705882352941,0,0,6,3,normal,false,5,13,60,3575,330,0,0,false,false,true,0,0,3965,34,0,
339,keto,2545,30,0,budget,0,62,false,3,340,62,87,0,1,0,0,0,0,-1,normal,false,5,10,0,2545,0,0,0,false,false,false,0,0,2545,30,0,
340,keto,8075,50,20,budget,0,99,false,6,1210,123,168,0,0.78,0.16,0.06,0,10,3,normal,false,6,23,0,4285,3160,630,0,true,true,true,0,0,8075,50,0,
341,keto,4258,49,19,budget,1,100,true,3,390,98,114,0.061224489795918366,0.7551020408163265,0.061224489795918366,0.02040816326530612,0.10204081632653061,10,9,normal,false,5,26,68,2570,810,90,720,false,false,true,690,5,3568,44,1,3
342,keto,2226,32,2,budget,0,73,true,2,170,55,98,0.21875,0.75,0.03125,0,0,5,2,crash,false,3,14,136,1940,150,0,0,false,false,false,0,0,2226,32,0,
343,keto,6660,38,8,budget,0,80,false,6,1035,101,154,0,0.9473684210526315,0.05263157894736842,0,0,3,30,normal,false,4,20,0,5940,720,0,0,false,false,true,0,0,6660,38,0,
344,keto,3811,32,2,budget,0,73,true,5,915,73,110,0.15625,0.8125,0.03125,0,0,2,2,normal,false,10,11,301,3330,180,0,0,false,false,true,0,0,3811,32,0,
345,keto,6665,38,8,budget,0,80,false,5,1050,104,147,0,0.9736842105263158,0.02631578947368421,0,0,4,3,normal,false,7,12,0,5105,1560,0,0,false,false,false,0,0,6665,38,0,
346,keto,6795,40,10,budget,0,90,true,5,890,113,153,0,0.8,0.2,0,0,5,6,normal,false,8,17,30,4305,2190,270,0,true,false,false,0,0,6795,40,0,
347,keto,2328,30,0,budget,0,67,true,3,510,57,90,0.16666666666666666,0.8333333333333334,0,0,0,3,7,crash,false,8,11,143,2185,0,0,0,false,false,false,0,0,2328,30,0,
348,keto,15355,68,38,budget,2,100,true,6,2730,162,232,0.029411764705882353,0.6029411764705882,0.19117647058823528,0.029411764705882353,0.14705882352941177,17,2,normal,false,8,31,60,3575,4290,2970,4460,false,true,true,4340,10,11015,58,2,3|6
349,keto,6465,50,20,budget,0,92,true,4,1140,102,155,0.06,0.66,0.26,0.02,0,11,8,crash,false,4,30,60,2900,3100,405,0,true,false,false,0,0,6465,50,0,
350,keto,6360,34,4,budget,0,82,true,5,1170,92,136,0.029411764705882353,0.9705882352941176,0,0,0,3,5,normal,false,4,14,15,4755,1590,0,0,false,false,true,0,0,6360,34,0,
351,keto,6210,48,18,budget,0,81,false,3,610,124,171,0,0.9375,0.0625,0,0,9,30,normal,false,6,18,0,4310,1900,0,0,false,false,true,0,0,6210,48,0,
352,keto,10750,49,19,budget,1,100,true,5,1200,130,201,0.02040816326530612,0.7142857142857143,0.14285714285714285,0.02040816326530612,0.10204081632653061,8,2,normal,false,6,23,45,4810,1570,1305,3020,false,true,false,2990,5,7760,44,1,2
353,keto,4727,32,2,budget,0,83,true,4,1290,70,133,0.25,0.71875,0.03125,0,0,3,2,crash,false,6,13,527,2910,1290,0,0,false,false,true,0,0,4727,32,0,
354,keto,3464,32,2,budget,0,75,true,5,970,74,113,0.25,0.71875,0.03125,0,0,4,6,normal,false,5,15,234,3140,90,0,0,false,false,true,0,0,3464,32,0,
355,keto,17759,55,25,budget,1,100,true,7,2375,168,264,0.14545454545454545,0.6181818181818182,0.12727272727272726,0.01818181818181818,0.09090909090909091,13,2,normal,false,6,26,299,7295,3230,1755,5180,false,true,true,5150,5,12609,50,1,6
356,keto,12090,62,32,budget,0,94,false,6,1830,161,245,0,0.8709677419354839,0.12903225806451613,0,0,15,2,normal,false,6,29,0,6570,3720,1800,0,true,false,true,0,0,12090,62,0,
357,keto,15240,64,34,budget,2,100,false,6,1540,182,238,0,0.53125,0.265625,0.046875,0.15625,13,2,normal,false,9,38,0,5460,3810,1890,4080,false,true,false,2880,10,12360,54,2,4|4
358,keto,3417,30,0,budget,0,69,true,4,630,72,117,0.3333333333333333,0.6666666666666666,0,0,0,1,28,normal,false,4,10,537,2880,0,0,0,false,false,true,0,0,3417,30,0,
359,keto,2485,30,0,budget,0,64,true,3,375,59,81,0.03333333333333333,0.9666666666666667,0,0,0,1,19,normal,false,10,7,55,2430,0,0,0,false,false,true,0,0,2485,30,0,
360,keto,10091,49,19,budget,1,100,true,5,1770,123,155,0.10204081632653061,0.5510204081632653,0.20408163265306123,0.04081632653061224,0.10204081632653061,9,4,normal,false,5,28,216,2810,1530,2655,2880,false,true,true,2700,5,7391,44,1,5
361,keto,11935,49,19,budget,1,100,true,5,1485,144,212,0.02040816326530612,0.6530612244897959,0.1836734693877551,0.04081632653061224,0.10204081632653061,9,1,normal,false,5,24,15,5585,3030,225,3080,false,true,false,3050,5,8885,44,1,5
362,keto,11740,26,23,lock,1,100,false,5,2940,65,123,0,0.11538461538461539,0.5,0.19230769230769232,0.19230769230769232,10,2,normal,false,2,20,0,90,4210,5940,1500,false,true,false,1410,5,10330,21,1,8
363,keto,2964,32,2,budget,0,82,true,3,900,67,117,0.25,0.75,0,0,0,2,5,normal,false,7,11,459,1665,840,0,0,false,false,false,0,0,2964,32,0,
364,keto,3365,30,0,budget,0,67,true,4,510,67,105,0.03333333333333333,0.9666666666666667,0,0,0,1,27,normal,false,4,13,60,3305,0,0,0,false,false,false,0,0,3365,30,0,
365,keto,5338,36,6,budget,0,80,true,6,1435,89,143,0.1111111111111111,0.8888888888888888,0,0,0,4,5,crash,false,5,14,98,4430,810,0,0,false,false,false,0,0,5338,36,0,
366,keto,2878,32,2,budget,0,73,true,3,460,75,103,0.0625,0.90625,0.03125,0,0,2,2,normal,false,4,12,338,2380,160,0,0,false,false,true,0,0,2878,32,0,
367,keto,10234,39,9,budget,1,100,true,7,4470,90,125,0.1282051282051282,0.6410256410256411,0.07692307692307693,0.02564102564102564,0.1282051282051282,4,2,normal,false,7,12,219,2500,270,1125,6120,false,true,true,6090,5,4144,34,1,3
368,keto,2943,30,0,budget,0,50,true,3,600,64,120,0.16666666666666666,0.8333333333333334,0,0,0,3,6,normal,false,5,12,193,2750,0,0,0,false,false,false,0,0,2943,30,0,
369,keto,3530,32,2,budget,0,75,true,4,690,70,111,0.03125,0.96875,0,0,0,2,13,normal,false,3,12,15,3245,270,0,0,false,false,true,0,0,3530,32,0,
370,keto,2495,30,0,budget,0,66,false,3,285,62,77,0,1,0,0,0,0,-1,normal,false,9,8,0,2495,0,0,0,false,false,false,0,0,2495,30,0,
371,keto,6440,40,10,budget,0,97,false,5,975,96,150,0,0.9,0.075,0.025,0,5,2,normal,false,8,14,0,4010,1260,1170,0,true,true,true,0,0,6440,40,0,
372,keto,12205,64,34,budget,2,100,false,6,1500,171,198,0,0.640625,0.140625,0.0625,0.15625,13,4,normal,false,8,23,0,4680,1930,1935,3660,false,false,false,3480,10,8725,54,2,3|5
373,keto,6630,23,15,lock,1,100,false,4,2970,66,79,0,0.6521739130434783,0.13043478260869565,0.043478260869565216,0.17391304347826086,6,11,frenzy,false,4,13,0,1410,990,450,3780,false,false,true,3870,4,2760,19,1,4
374,keto,12725,49,19,budget,1,100,true,5,1940,167,214,0.02040816326530612,0.7551020408163265,0.12244897959183673,0,0.10204081632653061,7,2,normal,false,5,21,15,6930,2370,1170,2240,false,false,false,4060,5,8665,44,0,
375,keto,7778,37,7,budget,1,100,true,5,1640,100,160,0.16216216216216217,0.6216216216216216,0.08108108108108109,0,0.13513513513513514,4,2,crash,false,5,15,383,2985,2030,0,2380,false,false,false,2440,5,5338,32,1,3
376,keto,3994,30,0,budget,0,64,true,6,1100,75,117,0.2,0.8,0,0,0,2,20,normal,false,6,11,364,3630,0,0,0,false,false,false,0,0,3994,30,0,
377,keto,11846,66,36,budget,0,94,true,6,1110,168,246,0.07575757575757576,0.7424242424242424,0.16666666666666666,0.015151515151515152,0,18,2,normal,false,6,31,211,5680,4920,1035,0,true,false,false,0,0,11846,66,0,
378,keto,3275,34,4,budget,0,81,true,4,480,75,104,0.029411764705882353,0.9411764705882353,0.029411764705882353,0,0,3,6,normal,false,3,16,15,3170,90,0,0,false,false,true,0,0,3275,34,0,
379,keto,5605,43,13,budget,1,100,false,3,960,104,120,0,0.8372093023255814,0.046511627906976744,0,0.11627906976744186,4,3,normal,false,19,12,0,2425,1860,0,1320,false,false,true,2100,5,3505,38,0,
380,keto,19492,80,50,budget,2,100,true,6,4065,212,299,0.1,0.475,0.225,0.075,0.125,21,1,normal,false,11,43,972,3890,4490,5760,4380,false,true,false,8580,10,10912,70,2,3|2
381,keto,16343,60,30,budget,2,100,true,5,2340,173,219,0.05,0.55,0.18333333333333332,0.05,0.16666666666666666,11,3,normal,false,7,29,248,3770,3660,1125,7540,false,true,false,7060,10,9283,50,2,5|4
382,keto,3042,30,0,budget,0,66,true,4,390,57,127,0.43333333333333335,0.5666666666666667,0,0,0,4,12,crash,false,4,12,867,2175,0,0,0,false,false,true,0,0,3042,30,0,
383,keto,3456,38,8,budget,0,84,true,4,585,69,105,0.15789473684210525,0.7631578947368421,0.07894736842105263,0,0,7,14,normal,false,6,17,181,2405,870,0,0,false,false,true,0,0,3456,38,0,
384,keto,20143,64,34,budget,2,100,true,10,7350,172,243,0.03125,0.578125,0.203125,0.03125,0.15625,13,3,normal,false,5,29,83,4380,2480,9180,4020,false,false,false,3930,10,16213,54,2,6|7
385,keto,3520,37,8,lock,0,78,true,4,440,92,129,0.1891891891891892,0.7567567567567568,0.05405405405405406,0,0,6,3,normal,false,3,15,395,2945,180,0,0,false,false,false,0,0,3520,37,0,
386,keto,28385,83,53,budget,5,100,true,8,5580,251,311,0.012048192771084338,0.46987951807228917,0.1686746987951807,0.04819277108433735,0.30120481927710846,16,2,normal,false,5,32,60,5000,4300,1485,17540,false,true,false,16450,25,11935,58,4,2|3|3|4
387,keto,5145,39,9,budget,1,100,false,3,900,83,103,0,0.7692307692307693,0.10256410256410256,0,0.1282051282051282,3,1,normal,false,6,12,0,2255,850,0,2040,false,false,false,2140,5,3005,34,1,2
388,keto,3825,34,4,budget,0,74,true,4,525,82,123,0.029411764705882353,0.9411764705882353,0.029411764705882353,0,0,3,5,normal,false,4,17,60,3605,160,0,0,false,false,false,0,0,3825,34,0,
389,keto,2209,34,4,budget,0,77,true,3,300,54,97,0.5294117647058824,0.4117647058823529,0.058823529411764705,0,0,4,3,normal,false,11,11,514,1515,180,0,0,false,false,true,0,0,2209,34,0,
390,keto,2355,36,6,budget,0,80,true,2,210,61,91,0.1388888888888889,0.8055555555555556,0.05555555555555555,0,0,7,3,normal,false,4,18,180,1785,390,0,0,false,false,false,0,0,2355,36,0,
391,keto,3065,30,0,budget,0,62,true,3,270,63,123,0.43333333333333335,0.5666666666666667,0,0,0,3,16,crash,false,8,12,800,2265,0,0,0,false,false,false,0,0,3065,30,0,
392,keto,7882,47,17,budget,1,100,true,4,1215,119,176,0.10638297872340426,0.5319148936170213,0.14893617021276595,0.10638297872340426,0.10638297872340426,7,2,normal,false,7,21,572,2975,900,2055,1380,false,true,false,720,5,7162,42,1,7
393,keto,9377,50,20,budget,0,97,true,5,1350,122,211,0.26,0.54,0.14,0.06,0,13,2,normal,false,5,22,917,3360,2760,2340,0,true,true,false,0,0,9377,50,0,
394,keto,9533,47,17,budget,1,100,true,5,1620,136,176,0.06382978723404255,0.7446808510638298,0.06382978723404255,0.02127659574468085,0.10638297872340426,7,2,normal,false,4,18,53,4800,1470,90,3120,false,true,false,2850,5,6683,42,1,2
395,keto,2035,30,0,budget,0,62,true,3,240,59,81,0,1,0,0,0,0,-1,normal,false,5,7,30,2005,0,0,0,false,false,false,0,0,2035,30,0,
396,keto,7406,47,17,budget,1,100,true,4,860,123,180,0.40425531914893614,0.3404255319148936,0.1276595744680851,0.02127659574468085,0.10638297872340426,11,2,normal,false,9,20,1361,1985,1800,360,1900,false,true,false,1870,5,5536,42,1,5
397,keto,6465,47,17,budget,1,100,true,4,1545,91,138,0.23404255319148937,0.46808510638297873,0.1276595744680851,0.06382978723404255,0.10638297872340426,8,2,crash,false,9,18,370,1705,640,1770,1980,false,false,false,1890,5,4575,42,1,3
398,keto,5640,44,14,budget,0,92,false,4,810,90,132,0,0.8409090909090909,0.13636363636363635,0.022727272727272728,0,7,2,normal,false,11,16,0,2835,2580,225,0,true,false,true,0,0,5640,44,0,
399,keto,3330,32,2,budget,0,78,false,6,840,72,85,0,1,0,0,0,1,8,normal,false,6,10,0,2880,450,0,0,false,false,false,0,0,3330,32,0,
400,keto,19740,86,56,budget,0,99,true,7,2730,228,339,0.011627906976744186,0.627906976744186,0.27906976744186046,0.08139534883720931,0,27,5,normal,false,4,52,45,5930,7120,6645,0,true,true,false,0,0,19740,86,0,
401,keto,3433,35,12,lock,0,82,true,3,345,70,104,0.08571428571428572,0.7428571428571429,0.17142857142857143,0,0,7,2,crash,false,5,21,188,2375,870,0,0,false,false,false,0,0,3433,35,0,
402,keto,4673,36,6,budget,0,76,true,4,650,100,132,0.027777777777777776,0.9166666666666666,0.05555555555555555,0,0,4,2,normal,false,4,16,218,4005,450,0,0,false,false,false,0,0,4673,36,0,
403,keto,3020,36,6,budget,0,83,true,3,465,72,96,0.05555555555555555,0.8333333333333334,0.1111111111111111,0,0,5,2,normal,false,5,15,75,2405,540,0,0,false,false,false,0,0,3020,36,0,
404,keto,3619,32,2,budget,0,73,true,4,510,57,119,0.28125,0.6875,0.03125,0,0,2,2,crash,false,5,13,424,3105,90,0,0,false,false,false,0,0,3619,32,0,
405,keto,9285,46,16,budget,0,94,true,5,1830,102,192,0.2391304347826087,0.5217391304347826,0.21739130434782608,0.021739130434782608,0,9,4,normal,false,10,18,355,2795,5460,675,0,true,false,true,0,0,9285,46,0,
406,keto,5228,34,4,budget,0,84,true,5,1025,89,136,0.11764705882352941,0.8529411764705882,0.029411764705882353,0,0,3,11,normal,false,6,10,253,4165,810,0,0,false,false,false,0,0,5228,34,0,
407,keto,22985,85,55,budget,1,100,false,8,2880,240,373,0,0.7294117647058823,0.18823529411764706,0.023529411764705882,0.058823529411764705,25,1,normal,false,8,46,0,9230,9450,3105,1200,false,true,false,1110,5,21875,80,1,4
408,keto,5225,46,16,budget,0,88,true,4,810,96,139,0.06521739130434782,0.782608695652174,0.13043478260869565,0.021739130434782608,0,8,1,normal,false,4,21,135,3365,1590,135,0,false,false,true,0,0,5225,46,0,
409,keto,5756,30,0,budget,0,62,true,7,1830,75,152,0.36666666666666664,0.6333333333333333,0,0,0,3,4,normal,false,4,14,471,5285,0,0,0,false,false,true,0,0,5756,30,0,
410,keto,3241,30,0,budget,0,52,true,6,1080,56,103,0.26666666666666666,0.7333333333333333,0,0,0,5,3,normal,false,4,12,136,3105,0,0,0,false,false,false,0,0,3241,30,0,
411,keto,2701,30,0,budget,0,63,true,5,645,61,93,0.1,0.9,0,0,0,1,15,normal,false,5,11,116,2585,0,0,0,false,false,false,0,0,2701,30,0,
412,keto,2417,34,4,budget,0,76,true,2,315,57,99,0.23529411764705882,0.7058823529411765,0.058823529411764705,0,0,5,2,normal,false,4,12,347,1890,180,0,0,false,false,false,0,0,2417,34,0,
413,keto,6150,51,21,budget,1,100,true,3,840,93,129,0.0196078431372549,0.6862745098039216,0.1568627450980392,0.0392156862745098,0.09803921568627451,10,2,normal,false,4,25,75,2400,1590,225,1860,false,false,false,1110,5,5040,46,1,4
414,keto,12070,59,29,budget,1,100,false,4,1455,145,181,0,0.5932203389830508,0.2542372881355932,0.06779661016949153,0.0847457627118644,13,2,normal,false,4,26,0,3220,2070,2520,4260,false,true,false,4170,5,7900,54,1,7
415,keto,8525,47,17,budget,1,100,true,4,1080,126,170,0.0425531914893617,0.6808510638297872,0.14893617021276595,0.02127659574468085,0.10638297872340426,7,11,normal,false,9,23,75,4415,1020,1035,1980,false,false,false,1710,5,6815,42,1,6
416,keto,6530,33,15,lock,1,100,true,4,1220,82,131,0.030303030303030304,0.6060606060606061,0.18181818181818182,0.030303030303030304,0.15151515151515152,5,2,crash,false,5,16,135,2340,1940,495,1620,false,false,true,1110,5,5420,28,1,3
417,keto,5145,42,12,budget,0,94,true,5,1140,97,143,0.07142857142857142,0.7857142857142857,0.09523809523809523,0.047619047619047616,0,7,1,crash,false,5,22,160,3865,850,270,0,true,false,true,0,0,5145,42,0,
418,keto,8315,52,37,lock,1,100,false,5,1170,128,146,0,0.5384615384615384,0.34615384615384615,0.019230769230769232,0.09615384615384616,15,1,normal,false,6,25,0,2610,3030,855,1820,false,true,false,1160,5,7155,47,1,2
419,keto,4755,30,0,budget,0,62,true,7,1440,73,111,0.03333333333333333,0.9666666666666667,0,0,0,1,30,normal,false,10,8,75,4680,0,0,0,false,false,true,0,0,4755,30,0,
420,keto,3138,30,0,budget,0,65,true,4,570,70,127,0.43333333333333335,0.5666666666666667,0,0,0,2,15,normal,false,4,14,893,2245,0,0,0,false,false,false,0,0,3138,30,0,
421,keto,4698,36,6,budget,0,87,true,4,720,86,137,0.1111111111111111,0.6944444444444444,0.19444444444444445,0,0,4,5,crash,false,5,14,223,3245,1230,0,0,false,false,false,0,0,4698,36,0,
422,keto,3085,32,2,budget,0,73,true,5,740,66,90,0.03125,0.9375,0.03125,0,0,2,9,normal,false,8,8,40,2955,90,0,0,false,false,true,0,0,3085,32,0,
423,keto,4921,36,6,budget,0,73,true,4,635,87,161,0.25,0.75,0,0,0,5,2,crash,false,4,16,421,4320,180,0,0,false,false,false,0,0,4921,36,0,
424,keto,10163,45,15,budget,1,100,true,5,2700,114,172,0.06666666666666667,0.6666666666666666,0.08888888888888889,0.06666666666666667,0.1111111111111111,8,13,normal,false,4,26,83,4125,1140,315,4500,false,true,false,3990,5,6173,40,1,6
425,keto,5932,36,6,budget,0,82,true,6,1320,85,137,0.19444444444444445,0.7777777777777778,0.027777777777777776,0,0,6,11,normal,false,5,18,312,3640,1980,0,0,false,false,true,0,0,5932,36,0,
426,keto,5990,54,24,budget,0,90,false,4,420,115,148,0,0.7962962962962963,0.16666666666666666,0.037037037037037035,0,11,4,normal,false,7,33,0,3380,2250,360,0,true,false,true,0,0,5990,54,0,
427,keto,24655,91,61,budget,3,100,true,6,2220,248,346,0.02197802197802198,0.46153846153846156,0.2857142857142857,0.06593406593406594,0.16483516483516483,25,2,normal,false,4,50,30,6410,5530,5085,7600,false,true,false,7420,15,17235,76,3,3|17|6
428,keto,8800,47,17,budget,1,100,true,4,1260,117,182,0.02127659574468085,0.723404255319149,0.1276595744680851,0.02127659574468085,0.10638297872340426,8,2,normal,false,5,22,45,4075,2370,90,2220,false,false,false,2130,5,6670,42,1,3
429,keto,7829,47,17,budget,1,100,true,4,960,121,182,0.19148936170212766,0.574468085106383,0.10638297872340426,0.02127659574468085,0.10638297872340426,8,2,crash,false,17,17,819,2380,1720,930,1980,false,false,false,2730,5,5099,42,1,2
430,keto,4210,34,4,budget,0,86,false,4,790,90,123,0,0.8529411764705882,0.14705882352941177,0,0,2,12,normal,false,7,10,0,3820,390,0,0,false,false,false,0,0,4210,34,0,
431,keto,4655,38,8,budget,0,94,false,5,1035,90,127,0,0.868421052631579,0.10526315789473684,0.02631578947368421,0,4,6,normal,false,6,12,0,3860,390,405,0,true,false,false,0,0,4655,38,0,
432,keto,2278,30,0,budget,0,62,true,3,315,52,93,0.43333333333333335,0.5666666666666667,0,0,0,4,12,normal,false,7,9,408,1870,0,0,0,false,false,false,0,0,2278,30,0,
433,keto,13359,54,28,lock,2,100,true,4,1410,140,224,0.18518518518518517,0.35185185185185186,0.16666666666666666,0.1111111111111111,0.18518518518518517,12,11,crash,false,4,34,584,3055,1860,2700,5160,false,false,false,4290,10,9069,44,2,4|7
434,keto,10207,41,11,budget,1,100,true,4,3180,108,185,0.21951219512195122,0.5121951219512195,0.07317073170731707,0.07317073170731707,0.12195121951219512,5,3,crash,false,7,17,592,2790,630,1455,4740,false,true,false,4530,5,5677,36,1,6
435,keto,7625,52,22,budget,0,97,false,4,675,135,174,0,0.7307692307692307,0.21153846153846154,0.057692307692307696,0,9,2,normal,false,8,21,0,4505,1650,1470,0,true,true,false,0,0,7625,52,0,
436,keto,11661,73,43,budget,1,100,true,6,930,172,245,0.1095890410958904,0.589041095890411,0.1643835616438356,0.0684931506849315,0.0684931506849315,20,2,normal,false,8,32,481,4430,4050,1500,1200,false,false,false,1170,5,10491,68,1,3
437,keto,26600,85,55,budget,3,100,true,7,6960,215,329,0.023529411764705882,0.5411764705882353,0.21176470588235294,0.047058823529411764,0.17647058823529413,23,2,normal,false,5,50,120,4955,3060,11385,7080,false,false,false,5580,15,21020,70,3,5|5|4
438,keto,14430,53,23,budget,1,100,true,6,4320,150,213,0.018867924528301886,0.7358490566037735,0.11320754716981132,0.03773584905660377,0.09433962264150944,10,3,normal,false,5,25,15,5045,3430,180,5760,false,false,false,5610,5,8820,48,1,4
439,keto,24730,91,61,budget,3,100,false,6,3660,246,333,0,0.5824175824175825,0.16483516483516483,0.08791208791208792,0.16483516483516483,23,5,normal,false,7,45,0,6380,4960,1890,11500,false,true,false,8340,15,16390,76,3,4|6|4
440,keto,4235,36,6,budget,0,99,true,4,960,76,125,0.25,0.6111111111111112,0.08333333333333333,0.05555555555555555,0,4,1,normal,false,9,16,280,2440,1290,225,0,true,true,true,0,0,4235,36,0,
441,keto,19245,66,36,budget,2,100,false,7,2040,194,279,0,0.6212121212121212,0.19696969696969696,0.030303030303030304,0.15151515151515152,14,5,normal,false,12,31,0,6035,5190,1620,6400,false,true,false,5410,10,13835,56,2,13|2
442,keto,20270,81,51,budget,3,100,true,5,2060,184,291,0.037037037037037035,0.3950617283950617,0.2839506172839506,0.09876543209876543,0.18518518518518517,21,5,crash,false,5,43,30,3570,6000,1890,8780,false,true,false,8030,15,12240,66,3,6|9|3
443,keto,1735,15,14,lock,0,96,false,2,390,33,38,0,0.6,0.3333333333333333,0.06666666666666667,0,6,3,normal,false,1,11,0,460,1140,135,0,true,true,false,0,0,1735,15,0,
444,keto,5603,32,2,budget,0,74,true,7,1485,89,130,0.125,0.84375,0.03125,0,0,4,5,normal,false,6,11,158,5355,90,0,0,false,false,false,0,0,5603,32,0,
445,keto,9925,64,34,budget,0,97,true,4,1065,159,210,0.015625,0.703125,0.21875,0.0625,0,15,2,normal,false,8,30,120,4540,1770,3495,0,true,true,false,0,0,9925,64,0,
446,keto,3706,40,10,budget,0,83,true,3,480,76,130,0.4,0.525,0.075,0,0,7,2,normal,false,6,14,766,1350,1590,0,0,false,false,false,0,0,3706,40,0,
447,keto,3863,34,4,budget,0,84,true,4,660,78,112,0.20588235294117646,0.5,0.29411764705882354,0,0,4,2,normal,false,5,15,413,2190,1260,0,0,false,false,false,0,0,3863,34,0,
448,keto,3498,30,0,budget,0,65,true,5,835,74,123,0.3333333333333333,0.6666666666666666,0,0,0,3,14,normal,false,5,13,843,2655,0,0,0,false,false,false,0,0,3498,30,0,
449,keto,2860,32,2,budget,0,73,false,4,450,61,87,0,0.96875,0.03125,0,0,1,2,normal,false,5,12,0,2770,90,0,0,false,false,true,0,0,2860,32,0,
450,keto,4571,43,13,budget,1,100,true,3,960,81,108,0.09302325581395349,0.5581395348837209,0.20930232558139536,0.023255813953488372,0.11627906976744186,7,3,normal,false,9,17,86,1555,1280,90,1560,false,false,false,1530,5,3041,38,1,9
451,keto,3273,30,0,budget,0,62,true,4,495,62,118,0.16666666666666666,0.8333333333333334,0,0,0,2,15,normal,false,6,10,323,2950,0,0,0,false,false,true,0,0,3273,30,0,
452,keto,3462,32,2,budget,0,74,true,4,495,78,137,0.40625,0.5625,0.03125,0,0,3,1,crash,false,7,13,602,2680,180,0,0,false,false,false,0,0,3462,32,0,
453,keto,22836,89,59,budget,3,100,true,5,1545,229,335,0.23595505617977527,0.33707865168539325,0.21348314606741572,0.0449438202247191,0.16853932584269662,27,1,normal,false,9,44,631,3945,3540,4620,10100,false,true,true,7630,15,15206,74,3,2|6|3
454,keto,11538,65,35,budget,1,100,true,4,1560,153,219,0.07692307692307693,0.5846153846153846,0.18461538461538463,0.07692307692307693,0.07692307692307693,15,2,crash,false,9,29,218,3450,3460,1590,2820,false,true,true,2940,5,8598,60,1,3
455,keto,3974,30,0,budget,0,64,true,5,885,66,124,0.26666666666666666,0.7333333333333333,0,0,0,3,12,normal,false,5,12,294,3680,0,0,0,false,false,false,0,0,3974,30,0,
456,keto,3231,30,0,budget,0,58,true,4,425,69,131,0.43333333333333335,0.5666666666666667,0,0,0,5,6,normal,false,4,13,1026,2205,0,0,0,false,false,false,0,0,3231,30,0,
457,keto,4857,32,2,budget,0,84,true,6,975,85,153,0.21875,0.75,0.03125,0,0,2,4,crash,false,6,12,1042,3275,540,0,0,false,false,false,0,0,4857,32,0,
458,keto,4320,30,0,budget,0,67,false,4,495,81,141,0,1,0,0,0,0,-1,normal,false,6,13,0,4320,0,0,0,false,false,true,0,0,4320,30,0,
459,keto,3940,36,6,budget,0,93,true,5,690,78,120,0.25,0.6388888888888888,0.1111111111111111,0,0,10,2,normal,false,3,20,350,2370,590,630,0,true,false,true,0,0,3940,36,0,
460,keto,12090,63,33,budget,1,100,true,4,1700,158,207,0,0.6349206349206349,0.20634920634920634,0.07936507936507936,0.07936507936507936,15,2,normal,false,7,28,40,3645,2280,3645,2480,false,true,false,2450,5,9640,58,1,8
461,keto,2843,32,2,budget,0,75,true,3,390,68,91,0.09375,0.875,0.03125,0,0,3,6,normal,false,5,12,83,2670,90,0,0,false,false,false,0,0,2843,32,0,
462,keto,3735,30,0,budget,0,66,true,4,560,66,119,0.23333333333333334,0.7666666666666667,0,0,0,2,21,normal,false,7,9,250,3485,0,0,0,false,false,false,0,0,3735,30,0,
463,keto,2387,38,8,budget,0,84,true,2,180,64,93,0.21052631578947367,0.631578947368421,0.15789473684210525,0,0,5,2,normal,false,11,13,242,1605,540,0,0,false,false,true,0,0,2387,38,0,
464,keto,19585,99,69,budget,1,100,true,4,1500,261,349,0.010101010101010102,0.5454545454545454,0.2828282828282828,0.1111111111111111,0.050505050505050504,29,1,normal,false,8,52,15,5195,7490,5025,1860,false,true,false,1770,5,17815,94,1,4
465,keto,4480,42,12,budget,0,94,true,4,660,80,126,0.07142857142857142,0.7380952380952381,0.16666666666666666,0.023809523809523808,0,8,2,crash,false,5,18,75,2620,1380,405,0,true,false,false,0,0,4480,42,0,
466,keto,13015,54,24,budget,2,100,true,5,2205,155,225,0.05555555555555555,0.5925925925925926,0.12962962962962962,0.037037037037037035,0.18518518518518517,11,2,normal,false,7,25,75,5710,1590,2280,3360,false,true,true,2800,10,10215,44,2,3|3
467,keto,14454,69,39,budget,1,100,true,5,1770,174,238,0.13043478260869565,0.5942028985507246,0.15942028985507245,0.043478260869565216,0.07246376811594203,19,4,normal,false,7,35,294,4020,2580,5520,2040,false,false,false,3090,5,11364,64,1,9
468,keto,8105,47,17,budget,1,100,true,6,1365,113,175,0.0425531914893617,0.7446808510638298,0.06382978723404255,0.0425531914893617,0.10638297872340426,6,2,crash,false,6,16,195,3920,1500,1530,960,false,true,false,930,5,7175,42,1,3
469,keto,3570,30,0,budget,0,66,false,6,810,67,101,0,1,0,0,0,0,-1,normal,false,4,12,0,3570,0,0,0,false,false,false,0,0,3570,30,0,
470,keto,15245,52,22,budget,2,100,true,5,2220,143,209,0.19230769230769232,0.4423076923076923,0.1346153846153846,0.038461538461538464,0.19230769230769232,8,2,crash,false,7,19,335,3495,1430,2325,7660,false,false,false,9930,10,5315,42,2,3|2
471,keto,29273,86,56,budget,4,100,true,5,3980,222,339,0.06976744186046512,0.4883720930232558,0.16279069767441862,0.046511627906976744,0.23255813953488372,20,7,crash,false,15,44,193,3315,5070,2415,18280,false,true,false,16930,20,12343,66,4,4|3|2|3
472,keto,8664,43,13,budget,1,100,true,5,1470,104,179,0.13953488372093023,0.6511627906976745,0.06976744186046512,0.023255813953488372,0.11627906976744186,6,2,normal,false,6,18,459,3345,2070,90,2700,false,false,false,2670,5,5994,38,1,2
473,keto,9645,55,25,budget,1,100,true,6,1290,122,173,0.01818181818181818,0.5272727272727272,0.2727272727272727,0.09090909090909091,0.09090909090909091,12,1,normal,false,15,21,15,3420,3450,720,2040,false,false,false,1950,5,7695,50,1,5
474,keto,4910,42,12,budget,0,90,false,3,510,105,131,0,0.8809523809523809,0.07142857142857142,0.047619047619047616,0,6,2,normal,false,4,20,0,3290,1170,450,0,true,false,false,0,0,4910,42,0,
475,keto,4545,42,12,budget,0,90,true,4,420,96,144,0.09523809523809523,0.7857142857142857,0.11904761904761904,0,0,7,3,normal,false,4,18,455,2650,1080,360,0,true,false,true,0,0,4545,42,0,
476,keto,3935,40,10,budget,0,87,true,3,370,90,113,0.05,0.825,0.125,0,0,6,2,normal,false,6,15,80,2815,1040,0,0,false,false,false,0,0,3935,40,0,
477,keto,8450,43,13,budget,1,100,true,5,2100,129,160,0,0.7441860465116279,0.13953488372093023,0,0.11627906976744186,4,2,normal,false,3,23,80,4020,2670,180,1500,false,false,false,1620,5,6830,38,1,4
478,keto,3160,34,4,budget,0,84,false,4,580,73,96,0,0.9117647058823529,0.08823529411764706,0,0,2,10,normal,false,4,12,0,2680,480,0,0,false,false,false,0,0,3160,34,0,
479,keto,10682,52,29,lock,1,100,true,6,1830,119,193,0.1346153846153846,0.5576923076923077,0.15384615384615385,0.057692307692307696,0.09615384615384616,11,2,normal,false,15,16,777,3170,2430,1665,2640,false,false,false,3390,5,7292,47,1,2
480,keto,14740,74,44,budget,2,100,true,7,2320,175,230,0.013513513513513514,0.581081081081081,0.17567567567567569,0.0945945945945946,0.13513513513513514,17,4,normal,false,7,33,15,4095,2560,2070,6000,false,false,false,4200,10,10540,64,2,6|3
481,keto,12337,52,22,budget,2,100,true,5,2160,115,231,0.36538461538461536,0.3076923076923077,0.11538461538461539,0.019230769230769232,0.19230769230769232,10,5,normal,false,5,21,1382,2585,1950,1620,4800,false,false,true,2850,10,9487,42,2,4|3
482,keto,7626,43,13,budget,1,100,true,4,1740,96,161,0.16279069767441862,0.627906976744186,0.06976744186046512,0.023255813953488372,0.11627906976744186,5,2,crash,false,6,14,321,3285,630,90,3300,false,false,false,3210,5,4416,38,1,3
483,keto,5131,44,14,budget,0,94,true,3,480,107,138,0.06818181818181818,0.7954545454545454,0.09090909090909091,0.045454545454545456,0,6,7,normal,false,6,16,91,3780,810,450,0,true,false,false,0,0,5131,44,0,
484,keto,3490,38,8,budget,0,80,false,3,480,83,100,0,0.9473684210526315,0.05263157894736842,0,0,4,2,normal,false,5,16,0,2740,750,0,0,false,false,false,0,0,3490,38,0,
485,keto,2629,30,0,budget,0,57,true,3,405,60,107,0.26666666666666666,0.7333333333333333,0,0,0,3,17,normal,false,6,11,424,2205,0,0,0,false,false,false,0,0,2629,30,0,
486,keto,3045,32,2,budget,0,71,true,4,390,77,110,0.0625,0.9375,0,0,0,2,19,normal,false,7,12,220,2825,0,0,0,false,false,false,0,0,3045,32,0,
487,keto,3531,32,2,budget,0,73,true,5,780,65,128,0.28125,0.6875,0.03125,0,0,4,2,normal,false,5,15,746,2665,120,0,0,false,false,true,0,0,3531,32,0,
488,keto,3916,32,2,budget,0,73,true,6,1020,77,119,0.1875,0.78125,0.03125,0,0,5,2,normal,false,4,15,456,3370,90,0,0,false,false,false,0,0,3916,32,0,
489,keto,13760,65,35,budget,1,100,true,5,2580,184,269,0.07692307692307693,0.6153846153846154,0.2153846153846154,0.015384615384615385,0.07692307692307693,17,5,crash,false,8,33,290,5340,2880,990,4260,false,false,false,3810,5,9950,60,1,3
490,keto,9193,41,11,budget,1,100,true,9,2430,112,158,0.12195121951219512,0.7073170731707317,0.04878048780487805,0,0.12195121951219512,6,1,normal,false,5,15,83,5720,870,720,1800,false,false,false,1560,5,7633,36,1,2
491,keto,3837,30,0,budget,0,66,true,6,915,76,121,0.26666666666666666,0.7333333333333333,0,0,0,3,15,normal,false,4,11,337,3500,0,0,0,false,false,false,0,0,3837,30,0,
492,keto,7900,22,28,lock,2,100,false,3,1410,65,66,0,0.045454545454545456,0.5454545454545454,0,0.4090909090909091,9,1,frenzy,false,3,12,0,120,1590,3510,2680,false,false,false,3700,9,4200,13,2,11|2
493,keto,20025,89,59,budget,1,100,false,5,2470,203,300,0,0.5168539325842697,0.3146067415730337,0.11235955056179775,0.056179775280898875,24,2,normal,false,8,45,0,3515,7210,6840,2460,false,true,false,2310,5,17715,84,1,6
494,keto,3864,34,4,budget,0,88,true,5,780,72,116,0.17647058823529413,0.7647058823529411,0.058823529411764705,0,0,4,7,normal,false,6,15,219,3195,180,270,0,false,false,true,0,0,3864,34,0,
495,keto,5611,41,11,budget,1,100,true,3,680,95,119,0.17073170731707318,0.6097560975609756,0.04878048780487805,0.04878048780487805,0.12195121951219512,7,3,normal,false,5,16,211,2640,310,630,1820,false,false,false,1730,5,3881,36,1,4
496,keto,6056,54,24,budget,0,94,true,3,660,110,150,0.05555555555555555,0.7037037037037037,0.14814814814814814,0.09259259259259259,0,12,6,normal,false,6,23,76,3190,1590,1200,0,true,false,false,0,0,6056,54,0,
497,keto,4715,44,14,budget,0,94,true,4,450,103,138,0.022727272727272728,0.8636363636363636,0.06818181818181818,0.045454545454545456,0,7,3,crash,false,7,21,0,3500,810,405,0,true,false,false,0,0,4715,44,0,
498,keto,3155,34,4,budget,0,73,true,4,410,72,97,0.029411764705882353,0.9411764705882353,0.029411764705882353,0,0,3,2,normal,false,5,15,15,2870,270,0,0,false,false,true,0,0,3155,34,0,
499,keto,2893,34,4,budget,0,73,true,3,435,67,112,0.11764705882352941,0.8235294117647058,0.058823529411764705,0,0,3,2,crash,false,5,15,343,2370,180,0,0,false,false,false,0,0,2893,34,0,
500,keto,4836,34,4,budget,0,76,true,6,748,80,142,0.11764705882352941,0.8529411764705882,0.029411764705882353,0,0,4,3,normal,false,4,17,511,3965,360,0,0,false,false,true,0,0,4836,34,0,
501,keto,4039,36,6,budget,0,80,true,5,460,78,146,0.3055555555555556,0.6666666666666666,0.027777777777777776,0,0,4,2,normal,false,9,12,884,2645,510,0,0,false,false,true,0,0,4039,36,0,
502,keto,2744,30,0,budget,0,52,true,5,446,64,122,0.23333333333333334,0.7666666666666667,0,0,0,3,5,normal,false,6,14,829,1915,0,0,0,false,false,false,0,0,2744,30,0,
503,keto,3540,30,0,budget,0,66,false,4,620,76,101,0,1,0,0,0,0,-1,normal,false,4,11,0,3540,0,0,0,false,false,true,0,0,3540,30,0,
504,keto,3340,36,6,budget,0,74,true,3,375,79,100,0.027777777777777776,0.9166666666666666,0.05555555555555555,0,0,4,2,normal,false,9,12,15,2665,660,0,0,false,false,true,0,0,3340,36,0,
505,keto,10418,55,25,budget,1,100,true,4,2760,124,193,0.23636363636363636,0.509090909090909,0.10909090909090909,0.05454545454545454,0.09090909090909091,14,2,normal,false,11,21,258,2760,2360,720,4320,false,false,true,4320,5,6098,50,1,4
506,keto,5517,42,12,budget,0,96,true,5,855,83,153,0.30952380952380953,0.42857142857142855,0.21428571428571427,0.047619047619047616,0,7,2,crash,false,7,16,637,3170,1170,540,0,true,true,false,0,0,5517,42,0,
507,keto,4191,32,2,budget,0,73,true,5,945,79,136,0.1875,0.78125,0.03125,0,0,3,2,normal,false,4,14,346,3755,90,0,0,false,false,true,0,0,4191,32,0,
508,keto,5045,34,4,budget,0,81,true,6,840,82,135,0.14705882352941177,0.8235294117647058,0.029411764705882353,0,0,3,6,crash,false,9,13,610,3715,720,0,0,false,false,false,0,0,5045,34,0,
509,keto,3915,34,4,budget,0,86,false,4,555,78,109,0,0.9705882352941176,0.029411764705882353,0,0,1,22,normal,false,7,13,0,3465,450,0,0,false,false,false,0,0,3915,34,0,
510,keto,7395,47,17,budget,1,100,true,6,1145,106,151,0.02127659574468085,0.6808510638297872,0.10638297872340426,0.0851063829787234,0.10638297872340426,8,1,normal,false,7,18,15,4080,1350,450,1500,false,true,false,1470,5,5925,42,1,6
511,keto,7476,46,16,budget,0,97,true,6,1010,117,193,0.13043478260869565,0.6521739130434783,0.13043478260869565,0.08695652173913043,0,11,3,crash,false,9,23,316,5360,900,900,0,true,true,true,0,0,7476,46,0,
512,keto,4616,24,11,lock,1,100,true,3,1215,44,78,0.16666666666666666,0.4166666666666667,0.125,0.08333333333333333,0.20833333333333334,5,2,crash,false,6,12,61,760,630,1305,1860,false,false,false,1470,5,3146,19,1,5
513,keto,5422,46,16,budget,0,99,true,5,360,103,144,0.13043478260869565,0.6521739130434783,0.15217391304347827,0.06521739130434782,0,9,1,normal,false,6,17,452,3025,1360,585,0,true,true,true,0,0,5422,46,0,
514,keto,22740,110,80,budget,4,100,false,5,1925,253,347,0,0.5636363636363636,0.20909090909090908,0.045454545454545456,0.18181818181818182,31,2,normal,false,11,50,0,4945,6680,3375,7740,false,true,false,7290,20,15450,90,4,6|4|6|2
515,keto,3760,38,8,budget,0,90,true,4,495,75,104,0.05263157894736842,0.8421052631578947,0.07894736842105263,0.02631578947368421,0,6,1,normal,false,4,18,30,3085,510,135,0,true,false,false,0,0,3760,38,0,
516,keto,2858,30,0,budget,0,59,true,4,450,69,101,0.1,0.9,0,0,0,1,16,normal,false,4,13,263,2595,0,0,0,false,false,true,0,0,2858,30,0,
517,keto,1080,19,4,lock,0,73,true,2,135,36,37,0.05263157894736842,0.8947368421052632,0.05263157894736842,0,0,3,2,normal,false,3,8,15,975,90,0,0,false,false,true,0,0,1080,19,0,
518,keto,2840,38,8,budget,0,90,true,3,345,73,102,0.13157894736842105,0.7894736842105263,0.05263157894736842,0.02631578947368421,0,8,2,normal,false,5,17,290,2085,330,135,0,true,false,false,0,0,2840,38,0,
519,keto,5754,44,14,budget,0,99,true,6,930,88,144,0.1590909090909091,0.5454545454545454,0.18181818181818182,0.11363636363636363,0,7,2,normal,false,4,19,289,3305,1260,900,0,true,true,false,0,0,5754,44,0,
520,keto,4258,34,4,budget,0,85,true,4,555,76,143,0.3235294117647059,0.6470588235294118,0.029411764705882353,0,0,4,2,crash,false,10,10,573,3415,270,0,0,false,false,false,0,0,4258,34,0,
521,keto,6460,43,13,budget,1,100,true,3,1290,100,139,0.023255813953488372,0.6976744186046512,0.11627906976744186,0.046511627906976744,0.11627906976744186,6,2,normal,false,5,22,15,2705,810,390,2540,false,false,false,2450,5,4010,38,1,5
522,keto,8845,42,12,budget,0,84,true,5,1590,100,169,0.19047619047619047,0.6190476190476191,0.19047619047619047,0,0,8,1,normal,false,6,14,330,2115,6400,0,0,false,false,false,0,0,8845,42,0,
523,keto,17166,86,56,budget,2,100,true,6,2160,199,285,0.09302325581395349,0.5232558139534884,0.22093023255813954,0.046511627906976744,0.11627906976744186,26,2,crash,false,13,40,271,5190,3140,4185,4380,false,false,false,2030,10,15136,76,2,4|6
524,keto,3825,32,16,lock,0,82,false,5,895,82,99,0,0.84375,0.15625,0,0,8,5,normal,false,4,18,0,3165,660,0,0,false,false,true,0,0,3825,32,0,
525,keto,3168,32,2,budget,0,78,true,4,510,75,113,0.1875,0.8125,0,0,0,5,6,normal,false,6,14,413,2575,180,0,0,false,false,false,0,0,3168,32,0,
526,keto,7804,42,12,budget,0,92,true,9,1657,106,191,0.19047619047619047,0.7380952380952381,0.047619047619047616,0.023809523809523808,0,7,1,normal,false,11,14,1929,3880,1860,135,0,true,false,true,0,0,7804,42,0,
527,keto,3715,34,4,budget,0,88,true,3,420,80,119,0.14705882352941177,0.7941176470588235,0.029411764705882353,0.029411764705882353,0,3,11,normal,false,3,13,150,2935,390,240,0,false,false,false,0,0,3715,34,0,
528,keto,1080,4,6,lock,0,98,false,3,510,14,13,0,0.25,0.75,0,0,3,1,keto,true,1,3,0,100,620,360,0,true,true,false,0,0,1080,4,0,
529,keto,30966,113,83,budget,3,100,true,6,3090,289,423,0.035398230088495575,0.4778761061946903,0.2920353982300885,0.061946902654867256,0.13274336283185842,36,2,normal,false,12,57,176,4970,10350,6630,8840,false,true,true,6430,15,24536,98,3,3|9|6
530,keto,3009,38,8,budget,0,87,true,3,570,69,108,0.23684210526315788,0.6578947368421053,0.10526315789473684,0,0,7,3,normal,false,7,13,204,2235,570,0,0,false,false,true,0,0,3009,38,0,
531,keto,6223,52,22,budget,0,94,true,5,720,96,144,0.057692307692307696,0.8269230769230769,0.09615384615384616,0.019230769230769232,0,13,2,normal,false,6,25,53,3035,2190,945,0,true,false,true,0,0,6223,52,0,
532,keto,10520,51,21,budget,1,100,true,5,2145,128,178,0,0.7647058823529411,0.11764705882352941,0.0196078431372549,0.09803921568627451,9,3,normal,false,19,18,60,3355,2680,2445,1980,false,true,false,1590,5,8930,46,1,5
533,keto,17152,58,28,budget,2,100,true,7,5640,151,216,0.1206896551724138,0.5517241379310345,0.1206896551724138,0.034482758620689655,0.1724137931034483,10,2,normal,false,11,19,232,3220,3330,1530,8840,false,false,true,10190,10,6962,48,1,2
534,keto,11600,53,23,budget,1,100,true,4,2265,128,186,0.03773584905660377,0.660377358490566,0.18867924528301888,0.018867924528301886,0.09433962264150944,12,2,normal,false,4,25,75,3030,2660,2295,3540,false,false,true,3510,5,8090,48,1,4
535,keto,2899,30,0,budget,0,60,true,4,420,62,103,0.2,0.8,0,0,0,3,8,normal,false,8,11,239,2660,0,0,0,false,false,false,0,0,2899,30,0,
536,keto,6173,46,16,budget,0,94,true,4,1470,99,157,0.08695652173913043,0.782608695652174,0.10869565217391304,0.021739130434782608,0,9,1,normal,false,8,20,188,2880,2970,135,0,true,false,false,0,0,6173,46,0,
537,keto,2415,30,0,budget,0,62,true,4,345,57,83,0.03333333333333333,0.9666666666666667,0,0,0,1,30,normal,false,7,10,15,2400,0,0,0,false,false,true,0,0,2415,30,0,
538,keto,2595,23,8,lock,0,92,true,3,450,45,60,0.08695652173913043,0.6521739130434783,0.21739130434782608,0.043478260869565216,0,5,2,normal,false,3,13,45,1215,930,405,0,true,false,false,0,0,2595,23,0,
539,keto,9716,55,25,budget,1,100,true,4,2580,135,180,0.07272727272727272,0.6363636363636364,0.14545454545454545,0.05454545454545454,0.09090909090909091,11,2,normal,false,7,27,106,2800,2220,450,4140,false,false,false,1740,5,7976,50,1,3
540,keto,4485,34,4,budget,0,72,false,4,660,91,123,0,0.9705882352941176,0.029411764705882353,0,0,2,5,normal,false,4,16,0,4395,90,0,0,false,false,true,0,0,4485,34,0,
541,keto,4110,30,0,budget,0,62,true,6,1305,72,112,0.03333333333333333,0.9666666666666667,0,0,0,1,14,normal,false,4,12,15,4095,0,0,0,false,false,true,0,0,4110,30,0,
542,keto,3391,34,4,budget,0,93,true,5,560,73,110,0.14705882352941177,0.7352941176470589,0.08823529411764706,0.029411764705882353,0,5,2,normal,false,5,16,271,2775,210,135,0,true,false,true,0,0,3391,34,0,
543,keto,3485,30,0,budget,0,65,false,5,945,73,107,0,1,0,0,0,0,-1,normal,false,9,10,0,3485,0,0,0,false,false,true,0,0,3485,30,0,
544,keto,3465,32,2,budget,0,73,true,4,450,70,109,0.125,0.875,0,0,0,4,2,normal,false,12,7,120,3165,180,0,0,false,false,true,0,0,3465,32,0,
545,keto,9417,49,19,budget,1,100,true,6,1320,144,204,0.22448979591836735,0.46938775510204084,0.1836734693877551,0.02040816326530612,0.10204081632653061,10,5,normal,false,5,23,982,4060,1100,1035,2240,false,false,true,2210,5,7207,44,1,7
546,keto,5978,42,12,budget,0,94,true,5,720,101,142,0.07142857142857142,0.7619047619047619,0.14285714285714285,0.023809523809523808,0,7,1,normal,false,8,14,68,3950,520,1440,0,true,false,false,0,0,5978,42,0,
547,keto,7290,39,9,budget,1,100,true,5,1005,110,161,0.02564102564102564,0.7692307692307693,0.05128205128205128,0.02564102564102564,0.1282051282051282,3,1,crash,false,12,14,0,4810,330,90,2060,false,false,false,2030,5,5260,34,1,3
548,keto,2675,32,2,budget,0,75,true,3,255,70,90,0.03125,0.9375,0.03125,0,0,2,3,normal,false,3,15,15,2570,90,0,0,false,false,false,0,0,2675,32,0,
549,keto,5465,54,24,budget,0,91,true,3,525,105,165,0.3888888888888889,0.3888888888888889,0.2037037037037037,0.018518518518518517,0,15,2,normal,false,14,20,830,1740,1950,945,0,true,false,true,0,0,5465,54,0,
550,keto,10457,57,27,budget,1,100,true,4,1470,128,216,0.10526315789473684,0.6491228070175439,0.14035087719298245,0.017543859649122806,0.08771929824561403,11,2,normal,false,12,21,287,3960,3030,1440,1740,false,false,false,1650,5,8807,52,1,4
551,keto,3896,38,8,budget,0,94,true,4,765,83,115,0.07894736842105263,0.8157894736842105,0.07894736842105263,0.02631578947368421,0,6,3,normal,false,7,13,136,3205,420,135,0,true,false,false,0,0,3896,38,0,
552,keto,18050,64,34,budget,2,100,true,6,3140,184,245,0.171875,0.421875,0.15625,0.09375,0.15625,16,1,crash,false,10,28,410,3320,5400,3420,5500,false,true,false,5350,10,12700,54,2,7|5
553,keto,16967,51,21,budget,1,100,true,7,7860,128,207,0.17647058823529413,0.5490196078431373,0.11764705882352941,0.058823529411764705,0.09803921568627451,14,2,normal,false,5,26,467,3280,2710,1170,9340,false,false,true,8830,5,8137,46,1,4
554,keto,4380,40,10,budget,0,84,true,4,720,100,131,0.025,0.875,0.1,0,0,6,1,normal,false,5,19,15,3965,400,0,0,false,false,false,0,0,4380,40,0,
555,keto,3748,30,0,budget,0,62,true,5,518,65,118,0.13333333333333333,0.8666666666666667,0,0,0,4,9,normal,false,7,12,563,3185,0,0,0,false,false,true,0,0,3748,30,0,
556,keto,3770,40,10,budget,0,80,false,4,435,89,118,0,0.975,0.025,0,0,5,5,normal,false,5,16,0,3140,630,0,0,false,false,false,0,0,3770,40,0,
557,keto,22835,84,54,budget,4,100,false,7,2480,252,307,0,0.5595238095238095,0.16666666666666666,0.03571428571428571,0.23809523809523808,18,1,normal,false,5,36,0,6245,3810,2400,10380,false,true,true,10000,20,12835,64,4,2|4|3|2
558,keto,1145,8,0,lock,0,62,true,5,765,14,33,0.25,0.75,0,0,0,1,7,crash,false,3,3,15,1130,0,0,0,false,false,false,0,0,1145,8,0,
559,keto,19168,87,57,budget,3,100,true,5,1880,225,277,0.011494252873563218,0.5517241379310345,0.21839080459770116,0.04597701149425287,0.1724137931034483,20,3,normal,false,8,44,278,4540,6850,1440,6060,false,false,false,6830,15,12338,72,2,2|6
560,keto,855,12,6,lock,0,76,false,2,180,21,25,0,0.75,0.25,0,0,2,2,normal,false,3,6,0,585,270,0,0,false,false,false,0,0,855,12,0,
561,keto,3593,30,0,budget,0,62,true,5,795,63,121,0.3,0.7,0,0,0,5,10,normal,false,3,14,323,3270,0,0,0,false,false,true,0,0,3593,30,0,
562,keto,8898,55,25,budget,1,100,true,4,2160,115,186,0.05454545454545454,0.7818181818181819,0.05454545454545454,0.01818181818181818,0.09090909090909091,11,2,crash,false,8,23,113,3575,2100,90,3020,false,false,false,2930,5,5968,50,1,2
563,keto,11705,63,33,budget,1,100,true,7,1555,176,231,0.015873015873015872,0.6507936507936508,0.20634920634920634,0.047619047619047616,0.07936507936507936,14,3,normal,false,5,32,15,6155,3450,945,1140,false,true,true,1110,5,10595,58,1,4
564,keto,8045,49,19,budget,1,100,true,4,1455,112,177,0.08163265306122448,0.7142857142857143,0.08163265306122448,0.02040816326530612,0.10204081632653061,10,15,crash,false,6,27,115,3485,1140,1485,1820,false,false,false,1790,5,6255,44,1,4
565,keto,12045,57,27,budget,1,100,true,6,1920,144,207,0.05263157894736842,0.5964912280701754,0.22807017543859648,0.03508771929824561,0.08771929824561403,13,4,normal,false,5,30,105,4715,3150,1035,3040,false,true,false,1210,5,10835,52,1,4
566,keto,2365,32,2,budget,0,73,true,3,315,64,83,0.15625,0.8125,0.03125,0,0,5,2,normal,false,5,13,135,2140,90,0,0,false,false,false,0,0,2365,32,0,
567,keto,9568,45,15,budget,1,100,true,6,2040,125,164,0.06666666666666667,0.7111111111111111,0.08888888888888889,0.022222222222222223,0.1111111111111111,7,1,normal,false,4,17,133,4425,600,810,3600,false,false,false,3570,5,5998,40,1,3
568,keto,9985,52,22,budget,2,100,true,4,2280,122,179,0.019230769230769232,0.6346153846153846,0.1346153846153846,0.019230769230769232,0.19230769230769232,8,4,normal,false,7,19,15,3550,690,810,4920,false,false,true,4980,10,5005,42,2,2|3
569,keto,5154,38,8,budget,0,94,true,5,810,85,154,0.2894736842105263,0.5789473684210527,0.13157894736842105,0,0,4,3,crash,false,12,11,1009,2645,1230,270,0,true,false,false,0,0,5154,38,0,
570,keto,14755,56,26,budget,2,100,false,5,1320,172,210,0,0.4642857142857143,0.23214285714285715,0.125,0.17857142857142858,7,1,normal,false,11,24,0,5265,1890,2700,4900,false,true,true,4360,10,10395,46,1,5
571,keto,4275,30,0,budget,0,66,true,5,900,78,126,0.06666666666666667,0.9333333333333333,0,0,0,1,25,normal,false,3,12,85,4190,0,0,0,false,false,false,0,0,4275,30,0,
572,keto,2196,34,4,budget,0,83,true,3,270,62,84,0.35294117647058826,0.5,0.14705882352941177,0,0,4,2,normal,false,7,13,386,1240,570,0,0,false,false,false,0,0,2196,34,0,
573,keto,20600,70,40,budget,2,100,false,7,4935,196,236,0,0.5285714285714286,0.21428571428571427,0.11428571428571428,0.14285714285714285,16,2,normal,false,10,38,0,4800,4030,5970,5800,false,true,false,3380,10,17220,60,2,7|5
574,keto,878,10,0,lock,0,62,true,5,293,18,36,0.2,0.8,0,0,0,1,10,normal,false,7,3,353,525,0,0,0,false,false,true,0,0,878,10,0,
575,keto,6955,45,15,budget,1,100,false,5,940,114,141,0,0.7111111111111111,0.15555555555555556,0.022222222222222223,0.1111111111111111,5,2,normal,false,12,17,0,3905,820,90,2140,false,false,false,1810,5,5145,40,1,4
576,keto,8860,54,24,budget,0,94,false,7,1335,139,186,0,0.8148148148148148,0.14814814814814814,0.037037037037037035,0,11,11,normal,false,6,23,0,5515,2400,945,0,true,false,false,0,0,8860,54,0,
577,keto,2903,30,0,budget,0,50,true,5,600,57,97,0.16666666666666666,0.8333333333333334,0,0,0,3,15,normal,false,6,13,218,2685,0,0,0,false,false,false,0,0,2903,30,0,
578,keto,4115,40,10,budget,0,86,true,5,1110,73,134,0.25,0.6,0.15,0,0,6,1,normal,false,7,13,425,2850,840,0,0,false,false,true,0,0,4115,40,0,
579,keto,3613,30,0,budget,0,67,true,5,528,80,116,0.2,0.8,0,0,0,4,13,normal,false,5,10,648,2965,0,0,0,false,false,true,0,0,3613,30,0,
580,keto,11070,49,19,budget,1,100,true,6,2130,121,180,0.04081632653061224,0.7142857142857143,0.12244897959183673,0.02040816326530612,0.10204081632653061,9,3,normal,false,11,19,80,4460,1340,2790,2400,false,true,true,2320,5,8750,44,1,6
581,keto,13646,65,35,budget,1,100,true,5,1860,162,245,0.07692307692307693,0.5692307692307692,0.23076923076923078,0.046153846153846156,0.07692307692307693,17,2,normal,false,4,37,271,3670,4890,1935,2880,false,true,false,2850,5,10796,60,1,6
582,keto,2375,30,0,budget,0,62,true,4,435,61,100,0.4,0.6,0,0,0,4,10,normal,false,4,13,675,1700,0,0,0,false,false,false,0,0,2375,30,0,
583,keto,8420,51,21,budget,1,100,true,4,960,126,152,0.0392156862745098,0.7254901960784313,0.11764705882352941,0.0196078431372549,0.09803921568627451,10,4,normal,false,8,18,30,3590,1380,1140,2280,false,true,false,2760,5,5660,46,1,2
584,keto,3310,40,10,budget,0,81,false,3,230,85,107,0,0.925,0.075,0,0,5,6,normal,false,4,17,0,2860,450,0,0,false,false,false,0,0,3310,40,0,
585,keto,4967,32,2,budget,0,78,true,6,1340,80,131,0.3125,0.6875,0,0,0,2,8,crash,false,7,9,332,4455,180,0,0,false,false,false,0,0,4967,32,0,
586,keto,9336,55,25,budget,1,100,true,5,900,130,190,0.14545454545454545,0.5818181818181818,0.12727272727272726,0.05454545454545454,0.09090909090909091,11,2,crash,false,8,25,511,3350,1740,1575,2160,false,true,false,2130,5,7206,50,1,5
587,keto,2583,32,2,budget,0,83,true,4,595,61,85,0.15625,0.78125,0.0625,0,0,4,2,normal,false,4,14,128,2275,180,0,0,false,false,false,0,0,2583,32,0,
588,keto,3655,30,0,budget,0,62,true,4,580,73,115,0.03333333333333333,0.9666666666666667,0,0,0,1,10,normal,false,6,11,45,3610,0,0,0,false,false,true,0,0,3655,30,0,
589,keto,2610,32,2,budget,0,73,false,3,315,66,79,0,0.96875,0.03125,0,0,1,2,normal,false,5,10,0,2520,90,0,0,false,false,false,0,0,2610,32,0,
590,keto,12565,73,43,budget,1,100,false,5,1290,177,228,0,0.7397260273972602,0.1232876712328767,0.0684931506849315,0.0684931506849315,19,3,normal,false,10,34,0,4710,4100,675,3080,false,false,false,2370,5,10195,68,1,3
591,keto,3345,32,2,budget,0,73,true,4,445,79,108,0,0.96875,0.03125,0,0,1,2,normal,false,4,14,40,3215,90,0,0,false,false,true,0,0,3345,32,0,
592,keto,510,5,0,lock,0,64,false,2,240,9,19,0,1,0,0,0,0,-1,normal,false,1,2,0,510,0,0,0,false,false,false,0,0,510,5,0,
593,keto,13308,58,28,budget,2,100,true,5,2235,148,211,0.08620689655172414,0.5344827586206896,0.1724137931034483,0.034482758620689655,0.1724137931034483,13,1,normal,false,5,24,213,2805,1110,6120,3060,false,true,false,2970,10,10338,48,2,8|4
594,keto,7365,40,10,budget,0,84,false,6,2020,94,147,0,0.9,0.1,0,0,5,5,normal,false,6,15,0,3075,4290,0,0,false,false,false,0,0,7365,40,0,
595,keto,11270,66,36,budget,0,99,false,4,1215,170,221,0,0.6818181818181818,0.24242424242424243,0.07575757575757576,0,17,7,normal,false,6,35,0,4350,5120,1800,0,true,true,false,0,0,11270,66,0,
596,keto,1645,30,0,budget,0,54,true,3,225,47,92,0.5333333333333333,0.4666666666666667,0,0,0,1,23,crash,false,10,8,625,1020,0,0,0,false,false,false,0,0,1645,30,0,
597,keto,7255,47,17,budget,1,100,true,5,1380,108,143,0.02127659574468085,0.7021276595744681,0.14893617021276595,0.02127659574468085,0.10638297872340426,8,4,normal,false,9,18,15,3030,790,1440,1980,false,false,false,1890,5,5365,42,1,7
598,keto,5770,40,10,budget,0,88,false,5,2175,92,125,0,0.9,0.075,0.025,0,5,21,normal,false,6,18,0,3100,420,2250,0,false,false,true,0,0,5770,40,0,
599,keto,4078,30,0,budget,0,54,true,6,1080,62,115,0.16666666666666666,0.8333333333333334,0,0,0,3,10,normal,false,5,11,83,3995,0,0,0,false,false,true,0,0,4078,30,0,
600,keto,7123,49,19,budget,1,100,true,4,800,115,163,0.14285714285714285,0.5918367346938775,0.12244897959183673,0.04081632653061224,0.10204081632653061,10,1,normal,false,9,22,233,3500,680,450,2260,false,false,false,1880,5,5243,44,1,3
601,keto,8395,60,30,budget,0,96,true,5,1230,129,211,0.23333333333333334,0.48333333333333334,0.25,0.03333333333333333,0,18,2,crash,false,9,28,520,4590,2700,585,0,true,true,false,0,0,8395,60,0,
602,keto,5823,41,11,budget,1,100,true,5,780,84,158,0.2926829268292683,0.4634146341463415,0.0975609756097561,0.024390243902439025,0.12195121951219512,5,2,crash,false,15,14,1178,2020,270,315,2040,false,false,false,2040,5,3783,36,1,2
603,keto,5823,38,8,budget,0,90,true,6,900,97,155,0.15789473684210525,0.7631578947368421,0.05263157894736842,0.02631578947368421,0,5,5,normal,false,3,20,1013,3295,1380,135,0,true,false,false,0,0,5823,38,0,
604,keto,3422,30,0,budget,0,68,true,5,1000,62,138,0.4666666666666667,0.5333333333333333,0,0,0,2,13,crash,false,3,12,1017,2405,0,0,0,false,false,false,0,0,3422,30,0,
605,keto,14315,61,31,budget,1,100,true,4,2100,162,209,0,0.7049180327868853,0.16393442622950818,0.04918032786885246,0.08196721311475409,11,2,normal,false,5,33,60,4295,2400,360,7200,false,false,true,6210,5,8105,56,1,4
606,keto,4115,32,2,budget,0,73,true,5,820,71,117,0.03125,0.9375,0.03125,0,0,2,2,normal,false,5,16,30,3995,90,0,0,false,false,true,0,0,4115,32,0,
607,keto,4811,30,0,budget,0,68,true,6,1050,84,132,0.23333333333333334,0.7666666666666667,0,0,0,1,29,crash,false,7,8,286,4525,0,0,0,false,false,false,0,0,4811,30,0,
608,keto,5163,32,2,budget,0,78,true,9,2210,83,129,0.125,0.84375,0.03125,0,0,4,6,normal,false,5,14,68,5005,90,0,0,false,false,false,0,0,5163,32,0,
609,keto,17064,74,44,budget,2,100,true,5,2715,185,262,0.08108108108108109,0.47297297297297297,0.25675675675675674,0.05405405405405406,0.13513513513513514,18,1,crash,false,8,36,434,3895,3150,4965,4620,false,true,false,5010,10,12054,64,2,7|3
610,keto,3980,41,11,budget,1,100,true,4,505,79,117,0.24390243902439024,0.5365853658536586,0.07317073170731707,0.024390243902439025,0.12195121951219512,6,4,normal,false,7,16,505,2035,210,90,1140,false,true,false,930,5,3050,36,1,4
611,keto,3548,36,6,budget,0,80,true,3,600,77,117,0.2222222222222222,0.7222222222222222,0.05555555555555555,0,0,6,5,normal,false,7,12,293,2445,810,0,0,false,false,false,0,0,3548,36,0,
612,keto,1290,20,2,lock,0,73,false,2,180,33,46,0,0.95,0.05,0,0,1,11,normal,false,5,6,0,1200,90,0,0,false,false,false,0,0,1290,20,0,
613,keto,3506,34,4,budget,0,82,true,4,555,86,122,0.3235294117647059,0.5882352941176471,0.08823529411764706,0,0,4,2,normal,false,6,12,581,2475,450,0,0,false,false,false,0,0,3506,34,0,
614,keto,5033,40,10,budget,0,91,true,4,885,96,137,0,0.875,0.125,0,0,5,5,normal,false,9,13,208,3430,630,765,0,true,false,true,0,0,5033,40,0,
615,keto,13316,51,21,budget,1,100,true,7,3300,119,184,0.23529411764705882,0.45098039215686275,0.19607843137254902,0.0196078431372549,0.09803921568627451,11,2,crash,false,8,22,361,2275,4290,90,6300,false,false,false,5370,5,7946,46,1,4
616,keto,6165,47,17,budget,1,100,true,4,530,101,153,0.10638297872340426,0.6170212765957447,0.14893617021276595,0.02127659574468085,0.10638297872340426,10,3,normal,false,8,23,270,3115,1400,540,840,false,true,true,750,5,5415,42,1,5
617,keto,2625,30,0,budget,0,62,true,3,430,62,89,0.03333333333333333,0.9666666666666667,0,0,0,1,9,normal,false,8,10,15,2610,0,0,0,false,false,true,0,0,2625,30,0,
618,keto,4325,30,0,budget,0,62,true,5,825,63,126,0.03333333333333333,0.9666666666666667,0,0,0,1,28,normal,false,6,10,15,4310,0,0,0,false,false,true,0,0,4325,30,0,
619,keto,20870,78,48,budget,4,100,true,6,2220,203,300,0.02564102564102564,0.46153846153846156,0.19230769230769232,0.0641025641025641,0.2564102564102564,18,3,normal,false,5,39,30,4545,4150,2445,9700,false,true,false,9700,20,11170,58,4,3|2|3|3
620,keto,12395,63,33,budget,1,100,true,5,1500,147,256,0.031746031746031744,0.6666666666666666,0.15873015873015872,0.06349206349206349,0.07936507936507936,15,1,normal,false,13,30,225,4175,6180,495,1320,false,false,true,1230,5,11165,58,1,4
621,keto,2936,30,0,budget,0,62,true,3,465,70,106,0.16666666666666666,0.8333333333333334,0,0,0,2,22,normal,false,4,13,301,2635,0,0,0,false,false,false,0,0,2936,30,0,
622,keto,4285,32,2,budget,0,74,true,6,840,79,106,0.03125,0.9375,0.03125,0,0,2,1,normal,false,10,11,15,4180,90,0,0,false,false,true,0,0,4285,32,0,
623,keto,4045,34,4,budget,0,76,false,6,930,77,115,0,0.9411764705882353,0.058823529411764705,0,0,1,3,normal,false,7,13,0,3865,180,0,0,false,false,true,0,0,4045,34,0,
624,keto,6720,46,16,budget,0,90,false,6,1025,120,168,0,0.8913043478260869,0.10869565217391304,0,0,8,5,normal,false,5,24,0,5400,1050,270,0,true,false,false,0,0,6720,46,0,
625,keto,2865,30,0,budget,0,65,true,5,620,63,95,0.03333333333333333,0.9666666666666667,0,0,0,0,-1,crash,false,4,12,60,2805,0,0,0,false,false,false,0,0,2865,30,0,
626,keto,18406,66,36,budget,2,100,true,7,6035,174,235,0.06060606060606061,0.5757575757575758,0.16666666666666666,0.045454545454545456,0.15151515151515152,15,2,normal,false,5,34,76,4215,3320,1515,9280,false,true,false,9105,10,9301,56,2,2|4
627,keto,6340,48,18,budget,0,98,true,4,780,121,159,0.020833333333333332,0.7708333333333334,0.16666666666666666,0.041666666666666664,0,9,4,normal,false,7,19,15,3750,2260,315,0,true,true,true,0,0,6340,48,0,
628,keto,21030,58,28,budget,2,100,true,9,5520,148,254,0.25862068965517243,0.3793103448275862,0.15517241379310345,0.034482758620689655,0.1724137931034483,12,2,crash,false,11,27,465,5265,2700,540,12060,false,false,false,11040,10,9990,48,2,4|4
629,keto,19340,88,58,budget,4,100,true,5,1620,240,273,0.011363636363636364,0.4772727272727273,0.2159090909090909,0.06818181818181818,0.22727272727272727,19,2,crash,false,7,36,45,4755,5380,1860,7300,false,true,false,6000,20,13340,68,4,2|4|7|5
630,keto,3715,30,0,budget,0,68,false,5,710,79,106,0,1,0,0,0,0,-1,normal,false,3,13,0,3715,0,0,0,false,false,true,0,0,3715,30,0,
631,keto,3353,30,0,budget,0,62,true,6,890,68,107,0.13333333333333333,0.8666666666666667,0,0,0,4,12,normal,false,3,13,248,3105,0,0,0,false,false,true,0,0,3353,30,0,
632,keto,3400,18,10,lock,0,99,false,6,1040,61,64,0,0.6111111111111112,0.2777777777777778,0.1111111111111111,0,5,11,keto,true,2,11,0,1930,1200,270,0,true,true,false,0,0,3400,18,0,
633,keto,3665,30,0,budget,0,69,true,5,595,69,119,0.06666666666666667,0.9333333333333333,0,0,0,2,23,normal,false,10,9,75,3590,0,0,0,false,false,true,0,0,3665,30,0,
634,keto,5203,34,4,budget,0,80,true,6,1275,79,144,0.14705882352941177,0.8529411764705882,0,0,0,5,2,crash,false,7,10,73,4770,360,0,0,false,false,false,0,0,5203,34,0,
635,keto,11745,52,22,budget,2,100,true,4,1740,137,174,0.038461538461538464,0.5961538461538461,0.1346153846153846,0.038461538461538464,0.19230769230769232,9,2,normal,false,5,27,105,3135,1110,1755,5640,false,false,false,4230,10,7515,42,2,4|4
636,keto,5055,44,14,budget,0,95,false,3,690,100,133,0,0.8863636363636364,0.09090909090909091,0.022727272727272728,0,7,2,normal,false,7,18,0,3450,1470,135,0,true,true,false,0,0,5055,44,0,
637,keto,3435,38,8,budget,0,82,true,3,600,72,104,0.05263157894736842,0.868421052631579,0.07894736842105263,0,0,6,2,normal,false,10,16,75,1980,1380,0,0,false,false,true,0,0,3435,38,0,
638,keto,2574,32,2,budget,0,72,true,3,375,57,100,0.15625,0.8125,0.03125,0,0,2,9,crash,false,8,12,249,2235,90,0,0,false,false,false,0,0,2574,32,0,
639,keto,2783,32,2,budget,0,73,true,3,450,72,94,0.09375,0.875,0.03125,0,0,3,2,normal,false,4,14,53,2610,120,0,0,false,false,false,0,0,2783,32,0,
640,keto,3240,32,2,budget,0,80,false,4,395,68,95,0,0.96875,0.03125,0,0,1,7,normal,false,4,13,0,3150,90,0,0,false,false,false,0,0,3240,32,0,
641,keto,4426,36,6,budget,0,82,true,4,930,80,132,0.2222222222222222,0.7222222222222222,0.05555555555555555,0,0,6,1,crash,false,4,14,346,2730,1350,0,0,false,false,false,0,0,4426,36,0,
642,keto,12210,44,25,lock,1,100,true,7,1980,114,163,0.022727272727272728,0.6363636363636364,0.20454545454545456,0.022727272727272728,0.11363636363636363,10,2,normal,false,7,26,115,3140,3720,1035,4200,false,false,true,3420,5,8790,39,1,3
643,keto,18425,56,26,budget,2,100,false,5,3420,152,195,0,0.6607142857142857,0.10714285714285714,0.05357142857142857,0.17857142857142858,9,2,normal,false,13,19,0,3035,2790,360,12240,false,false,false,10250,10,8175,46,1,3
644,keto,2435,30,0,budget,0,65,true,4,278,64,105,0.4,0.6,0,0,0,1,16,normal,false,7,9,805,1630,0,0,0,false,false,true,0,0,2435,30,0,
645,keto,13515,57,27,budget,1,100,true,7,1815,175,225,0,0.7543859649122807,0.14035087719298245,0.017543859649122806,0.08771929824561403,11,1,normal,false,9,26,135,5995,1560,2745,3080,false,true,false,3200,5,10315,52,1,2
646,keto,18679,73,43,budget,3,100,true,5,4360,188,302,0.1506849315068493,0.4520547945205479,0.136986301369863,0.0547945205479452,0.2054794520547945,18,3,normal,false,4,44,884,3380,2880,735,10800,false,false,false,6090,15,12589,58,3,5|3|4
647,keto,3691,32,2,budget,0,76,true,5,630,82,132,0.28125,0.6875,0.03125,0,0,3,8,normal,false,6,15,471,3130,90,0,0,false,false,true,0,0,3691,32,0,
648,keto,6225,45,15,budget,1,100,false,4,1980,87,112,0,0.7333333333333333,0.1111111111111111,0.044444444444444446,0.1111111111111111,5,2,normal,false,6,19,0,2160,1080,225,2760,false,false,true,870,5,5355,40,1,4
649,keto,8105,51,21,budget,1,100,true,4,1080,111,169,0.0196078431372549,0.6274509803921569,0.1568627450980392,0.09803921568627451,0.09803921568627451,9,2,normal,false,6,24,15,4020,1340,630,2100,false,false,false,1650,5,6455,46,1,4
650,keto,10801,49,19,budget,1,100,true,5,1665,140,226,0.12244897959183673,0.5918367346938775,0.14285714285714285,0.04081632653061224,0.10204081632653061,9,2,normal,false,3,32,1156,3470,2700,315,3160,false,false,false,3130,5,7671,44,1,2
651,keto,2904,30,0,budget,0,63,true,4,435,63,100,0.16666666666666666,0.8333333333333334,0,0,0,2,7,normal,false,5,12,444,2460,0,0,0,false,false,false,0,0,2904,30,0,
652,keto,6767,41,11,budget,1,100,true,5,900,90,135,0.24390243902439024,0.5365853658536586,0.07317073170731707,0.024390243902439025,0.12195121951219512,6,7,normal,false,9,20,287,3050,1210,720,1500,false,true,false,1470,5,5297,36,1,3
653,keto,8899,56,26,budget,2,100,true,6,1215,132,167,0.125,0.42857142857142855,0.23214285714285715,0.03571428571428571,0.17857142857142858,11,2,normal,false,11,23,519,2320,2580,360,3120,false,false,false,2760,10,6139,46,2,5|3
654,keto,7423,42,12,budget,0,98,true,6,1165,99,180,0.2619047619047619,0.5,0.19047619047619047,0.047619047619047616,0,8,2,normal,false,8,14,633,3475,870,2445,0,true,true,false,0,0,7423,42,0,
655,keto,8240,43,13,budget,1,100,true,4,3520,111,134,0.023255813953488372,0.7674418604651163,0.06976744186046512,0.023255813953488372,0.11627906976744186,5,5,normal,false,5,15,60,2530,1500,90,4060,false,false,false,3970,5,4270,38,1,2
656,keto,2630,30,0,budget,0,55,false,4,675,56,81,0,1,0,0,0,0,-1,normal,false,6,8,0,2630,0,0,0,false,false,false,0,0,2630,30,0,
657,keto,3787,32,2,budget,0,82,true,4,720,71,124,0.3125,0.65625,0.03125,0,0,2,4,normal,false,10,8,622,2355,810,0,0,false,false,false,0,0,3787,32,0,
658,keto,3330,38,8,budget,0,77,false,3,435,80,102,0,0.9210526315789473,0.07894736842105263,0,0,4,3,normal,false,5,17,0,2880,450,0,0,false,false,false,0,0,3330,38,0,
659,keto,2753,32,2,budget,0,83,true,3,285,69,88,0.09375,0.84375,0.0625,0,0,4,2,normal,false,6,13,83,2340,330,0,0,false,false,true,0,0,2753,32,0,
660,keto,10175,52,22,budget,2,100,true,6,1740,136,168,0.038461538461538464,0.46153846153846156,0.25,0.057692307692307696,0.19230769230769232,9,5,normal,false,8,19,75,4085,2010,585,3420,false,false,true,3300,10,6875,42,2,2|13
661,keto,4075,30,0,budget,0,68,false,4,870,74,123,0,1,0,0,0,0,-1,normal,false,7,10,0,4075,0,0,0,false,false,true,0,0,4075,30,0,
662,keto,16250,81,51,budget,3,100,true,4,1800,185,247,0.024691358024691357,0.5308641975308642,0.20987654320987653,0.04938271604938271,0.18518518518518517,21,1,normal,false,11,37,90,3195,3850,1215,7900,false,false,false,6160,15,10090,66,3,7|7|2
663,keto,2600,38,8,budget,0,80,true,2,270,64,92,0.05263157894736842,0.868421052631579,0.07894736842105263,0,0,6,3,normal,false,13,13,30,2120,450,0,0,false,false,false,0,0,2600,38,0,
664,keto,2434,30,0,budget,0,63,true,3,255,63,106,0.3,0.7,0,0,0,3,8,crash,false,5,12,474,1960,0,0,0,false,false,false,0,0,2434,30,0,
665,keto,6218,46,16,budget,0,94,true,5,1950,90,126,0.06521739130434782,0.7391304347826086,0.15217391304347827,0.043478260869565216,0,9,3,normal,false,6,23,53,3105,900,2160,0,true,false,true,0,0,6218,46,0,
666,keto,3684,30,0,budget,0,62,true,8,1545,67,100,0.26666666666666666,0.7333333333333333,0,0,0,2,17,normal,false,9,8,324,3360,0,0,0,false,false,false,0,0,3684,30,0,
667,keto,4210,32,2,budget,0,74,true,5,860,79,120,0,0.96875,0.03125,0,0,1,2,normal,false,6,16,30,3820,360,0,0,false,false,true,0,0,4210,32,0,
668,keto,5515,38,8,budget,0,89,false,6,1160,107,148,0,0.9210526315789473,0.07894736842105263,0,0,4,7,normal,false,8,15,0,4345,900,270,0,false,false,true,0,0,5515,38,0,
669,keto,10235,46,16,budget,0,94,true,8,2025,134,214,0.2826086956521739,0.5434782608695652,0.17391304347826086,0,0,11,1,normal,false,5,19,795,6645,1400,1395,0,true,false,true,0,0,10235,46,0,
670,keto,11618,65,35,budget,1,100,true,4,870,165,237,0.06153846153846154,0.6,0.2153846153846154,0.046153846153846156,0.07692307692307693,18,5,normal,false,8,34,498,4250,3240,2250,1380,false,true,true,1110,5,10508,60,1,7
671,keto,17842,53,23,budget,1,100,true,7,6560,137,215,0.2641509433962264,0.4716981132075472,0.16981132075471697,0,0.09433962264150944,12,2,normal,false,5,26,597,2015,2530,720,11980,false,false,false,12120,5,5722,48,1,2
672,keto,6119,48,18,budget,0,98,true,4,845,97,182,0.375,0.4166666666666667,0.125,0.08333333333333333,0,9,1,crash,false,8,19,1199,1340,2230,1350,0,true,true,false,0,0,6119,48,0,
673,keto,4120,34,4,budget,0,80,true,5,540,78,152,0.38235294117647056,0.6176470588235294,0,0,0,3,13,normal,false,5,13,1390,2550,180,0,0,false,false,false,0,0,4120,34,0,
674,keto,7683,39,9,budget,1,100,true,4,1560,86,145,0.07692307692307693,0.6923076923076923,0.10256410256410256,0,0.1282051282051282,3,2,crash,false,9,12,83,3290,360,1170,2780,false,false,false,3350,5,4333,34,1,3
675,keto,19381,80,50,budget,2,100,true,5,1500,196,297,0.075,0.4125,0.275,0.1125,0.125,22,2,normal,false,7,44,386,3115,7270,2670,5940,false,true,false,5400,10,13981,70,2,4|4
676,keto,4860,36,6,budget,0,82,false,4,480,87,129,0,0.9166666666666666,0.08333333333333333,0,0,3,7,normal,false,6,14,0,4050,810,0,0,false,false,false,0,0,4860,36,0,
677,keto,3002,30,0,budget,0,52,true,5,510,65,126,0.4,0.6,0,0,0,2,20,crash,false,6,12,1112,1890,0,0,0,false,false,true,0,0,3002,30,0,
678,keto,3214,30,0,budget,0,66,true,6,570,65,139,0.6,0.4,0,0,0,4,10,crash,false,3,13,1379,1835,0,0,0,false,false,false,0,0,3214,30,0,
679,keto,2364,30,0,budget,0,63,true,4,375,48,93,0.16666666666666666,0.8333333333333334,0,0,0,1,26,crash,false,4,10,459,1905,0,0,0,false,false,false,0,0,2364,30,0,
680,keto,3046,30,0,budget,0,53,true,3,495,61,113,0.3333333333333333,0.6666666666666666,0,0,0,3,19,crash,false,6,10,481,2565,0,0,0,false,false,true,0,0,3046,30,0,
681,keto,3930,30,0,budget,0,62,true,4,480,85,129,0.06666666666666667,0.9333333333333333,0,0,0,2,20,normal,false,5,16,280,3650,0,0,0,false,false,false,0,0,3930,30,0,
682,keto,3875,36,6,budget,0,80,true,4,495,81,112,0.027777777777777776,0.9166666666666666,0.05555555555555555,0,0,4,4,normal,false,4,13,15,3680,180,0,0,false,false,false,0,0,3875,36,0,
683,keto,13465,63,33,budget,1,100,true,5,1800,161,240,0.015873015873015872,0.6666666666666666,0.20634920634920634,0.031746031746031744,0.07936507936507936,14,2,normal,false,6,32,15,6325,3660,1485,1980,false,false,false,1650,5,11815,58,1,2
684,keto,6586,39,9,budget,1,100,true,5,1580,95,149,0.1282051282051282,0.6666666666666666,0.05128205128205128,0.02564102564102564,0.1282051282051282,4,1,crash,false,7,12,211,3465,510,1260,1140,false,true,false,1110,5,5476,34,1,2
685,keto,2860,30,0,budget,0,66,false,3,285,63,99,0,1,0,0,0,0,-1,normal,false,4,14,0,2860,0,0,0,false,false,true,0,0,2860,30,0,
686,keto,5057,48,18,budget,0,94,true,4,735,91,160,0.3333333333333333,0.5208333333333334,0.10416666666666667,0.041666666666666664,0,9,5,normal,false,16,19,457,2530,1800,270,0,true,false,true,0,0,5057,48,0,
687,keto,3385,36,6,budget,0,86,true,3,520,78,119,0.1111111111111111,0.7777777777777778,0.1111111111111111,0,0,6,2,normal,false,5,16,155,2750,480,0,0,false,false,false,0,0,3385,36,0,
688,keto,5721,30,0,budget,0,64,true,5,1405,98,149,0.1,0.9,0,0,0,1,12,normal,false,4,11,541,5180,0,0,0,false,false,false,0,0,5721,30,0,
689,keto,5231,40,12,lock,0,90,true,5,810,86,147,0.1,0.725,0.175,0,0,6,2,crash,false,6,19,481,3100,1110,540,0,true,false,false,0,0,5231,40,0,
690,keto,3128,30,0,budget,0,54,true,5,630,54,99,0.13333333333333333,0.8666666666666667,0,0,0,2,15,normal,false,9,7,68,3060,0,0,0,false,false,true,0,0,3128,30,0,
691,keto,27490,104,74,budget,2,100,true,6,3420,265,358,0.009615384615384616,0.4807692307692308,0.3173076923076923,0.09615384615384616,0.09615384615384616,31,2,crash,false,6,52,0,5630,7860,7560,6440,false,true,false,6420,10,21070,94,2,8|2
692,keto,3275,30,0,budget,0,57,true,4,390,72,103,0.1,0.9,0,0,0,1,22,normal,false,10,11,135,3140,0,0,0,false,false,false,0,0,3275,30,0,
693,keto,3610,32,2,budget,0,70,true,4,720,71,115,0.0625,0.9375,0,0,0,1,16,crash,false,5,12,405,3205,0,0,0,false,false,true,0,0,3610,32,0,
694,keto,3890,34,4,budget,0,70,true,4,420,78,124,0.029411764705882353,0.9705882352941176,0,0,0,3,13,normal,false,8,11,145,3745,0,0,0,false,false,true,0,0,3890,34,0,
695,keto,9818,57,27,budget,1,100,true,5,1800,121,191,0.05263157894736842,0.7192982456140351,0.10526315789473684,0.03508771929824561,0.08771929824561403,12,3,normal,false,5,24,98,3595,1700,765,3660,false,false,true,2790,5,7028,52,1,4
696,keto,24635,92,62,budget,4,100,false,5,4380,266,317,0,0.5,0.21739130434782608,0.06521739130434782,0.21739130434782608,22,2,normal,false,9,43,0,4515,5570,2850,11700,false,true,false,12070,20,12565,72,3,4|2|7
697,keto,6670,43,13,budget,1,100,false,4,1170,120,126,0,0.6744186046511628,0.13953488372093023,0.06976744186046512,0.11627906976744186,5,4,keto,true,6,23,0,3395,390,585,2300,false,true,true,2270,5,4400,38,1,4
698,keto,14076,70,40,budget,2,100,true,4,1860,164,224,0.04285714285714286,0.45714285714285713,0.2857142857142857,0.07142857142857142,0.14285714285714285,18,2,normal,false,9,41,136,3490,2560,2610,5280,false,false,true,4200,10,9876,60,2,4|6
699,keto,6531,57,27,budget,1,100,true,3,1170,107,155,0.08771929824561403,0.6491228070175439,0.14035087719298245,0.03508771929824561,0.08771929824561403,13,2,normal,false,7,25,256,2700,880,315,2380,false,false,true,2170,5,4361,52,1,4
700,keto,3755,30,0,budget,0,63,true,6,825,69,99,0,1,0,0,0,0,-1,normal,false,6,8,30,3725,0,0,0,false,false,false,0,0,3755,30,0,
701,keto,10445,71,41,budget,1,100,false,4,1410,161,206,0,0.647887323943662,0.19718309859154928,0.08450704225352113,0.07042253521126761,19,2,normal,false,9,32,0,3120,4120,2265,940,false,true,false,850,5,9595,66,1,10
702,keto,9603,51,21,budget,1,100,true,5,2460,113,159,0.0784313725490196,0.6470588235294118,0.13725490196078433,0.0392156862745098,0.09803921568627451,9,2,normal,false,11,20,98,3300,720,1665,3820,false,true,true,3790,5,5813,46,1,4
703,keto,3354,38,8,budget,0,78,true,4,465,74,125,0.2631578947368421,0.6842105263157895,0.05263157894736842,0,0,7,2,crash,false,9,16,399,2535,420,0,0,false,false,false,0,0,3354,38,0,
704,keto,24125,88,58,budget,2,100,false,6,2670,231,328,0,0.45454545454545453,0.3522727272727273,0.07954545454545454,0.11363636363636363,25,1,normal,false,8,45,0,5205,5230,7830,5860,false,true,false,5620,10,18505,78,2,14|4
705,keto,7635,41,11,budget,1,100,false,6,1260,110,157,0,0.8048780487804879,0.04878048780487805,0.024390243902439025,0.12195121951219512,4,2,normal,false,4,16,0,4905,600,270,1860,false,false,false,2010,5,5625,36,1,3
706,keto,6630,46,16,budget,0,94,true,5,1960,101,135,0.021739130434782608,0.7391304347826086,0.21739130434782608,0.021739130434782608,0,9,2,normal,false,4,20,15,2480,3730,405,0,true,false,false,0,0,6630,46,0,
707,keto,11278,53,23,budget,1,100,true,6,1920,123,200,0.07547169811320754,0.6037735849056604,0.16981132075471697,0.05660377358490566,0.09433962264150944,12,2,normal,false,5,25,293,4045,2410,1530,3000,false,true,false,2610,5,8668,48,1,3
708,keto,5655,42,12,budget,0,85,false,4,660,105,147,0,0.8333333333333334,0.16666666666666666,0,0,5,8,normal,false,4,23,0,4125,930,600,0,false,false,false,0,0,5655,42,0,
709,keto,4484,34,4,budget,0,77,true,6,1010,75,130,0.17647058823529413,0.7647058823529411,0.058823529411764705,0,0,4,4,normal,false,5,18,219,4085,180,0,0,false,false,true,0,0,4484,34,0,
710,keto,5415,40,10,budget,0,93,true,5,895,95,141,0.025,0.875,0.1,0,0,6,2,normal,false,9,16,245,3850,1050,270,0,true,false,false,0,0,5415,40,0,
711,keto,18035,90,60,budget,2,100,true,4,1860,223,313,0,0.5777777777777777,0.23333333333333334,0.07777777777777778,0.1111111111111111,25,4,normal,false,9,44,50,5005,4240,3780,4960,false,true,false,4000,10,14035,80,2,2|2
712,keto,2873,32,2,budget,0,74,true,4,495,69,105,0.1875,0.78125,0.03125,0,0,4,1,normal,false,5,15,303,2480,90,0,0,false,false,false,0,0,2873,32,0,
713,keto,525,9,4,lock,0,77,false,2,90,15,18,0,0.7777777777777778,0.2222222222222222,0,0,2,4,normal,false,3,2,0,345,180,0,0,false,false,false,0,0,525,9,0,
714,keto,3010,30,0,budget,0,62,true,4,435,61,109,0.26666666666666666,0.7333333333333333,0,0,0,3,17,crash,false,5,11,330,2680,0,0,0,false,false,false,0,0,3010,30,0,
715,keto,15555,60,30,budget,0,96,false,6,1695,193,284,0,0.8,0.15,0.05,0,12,1,normal,false,7,28,0,9025,4640,1890,0,true,true,false,0,0,15555,60,0,
716,keto,2938,20,2,lock,0,80,true,3,620,55,104,0.35,0.65,0,0,0,3,4,crash,false,3,11,728,1850,360,0,0,false,false,true,0,0,2938,20,0,
717,keto,2591,32,2,budget,0,83,true,4,270,58,124,0.40625,0.53125,0.0625,0,0,2,2,normal,false,10,13,971,1410,210,0,0,false,false,false,0,0,2591,32,0,
718,keto,3395,19,13,lock,1,100,false,3,1140,41,43,0,0.3157894736842105,0.3684210526315789,0.05263157894736842,0.2631578947368421,5,2,normal,false,5,12,0,385,510,360,2140,false,false,true,2110,5,1285,14,1,7
719,keto,3493,36,6,budget,0,80,true,3,570,68,129,0.19444444444444445,0.75,0.05555555555555555,0,0,6,2,normal,false,5,17,493,2280,720,0,0,false,false,true,0,0,3493,36,0,
720,keto,3175,38,8,budget,0,79,false,3,480,78,107,0,0.9473684210526315,0.05263157894736842,0,0,3,11,normal,false,10,12,0,2695,480,0,0,false,false,false,0,0,3175,38,0,
721,keto,11948,58,28,budget,2,100,true,4,1365,131,189,0.06896551724137931,0.5344827586206896,0.15517241379310345,0.06896551724137931,0.1724137931034483,10,1,normal,false,11,22,148,3325,930,2205,5340,false,false,false,4440,10,7508,48,2,5|9
722,keto,14560,79,49,budget,1,100,false,5,1620,192,262,0,0.6329113924050633,0.27848101265822783,0.02531645569620253,0.06329113924050633,22,4,normal,false,8,40,0,4595,6500,1305,2160,false,false,false,2130,5,12430,74,1,4
723,keto,5050,34,4,budget,0,73,false,7,1910,93,134,0,0.9705882352941176,0.029411764705882353,0,0,2,2,normal,false,4,15,0,4960,90,0,0,false,false,true,0,0,5050,34,0,
724,keto,14285,67,37,budget,3,100,true,6,2025,177,228,0.014925373134328358,0.5970149253731343,0.13432835820895522,0.029850746268656716,0.22388059701492538,13,2,crash,false,5,28,0,4850,3950,225,5260,false,false,false,5200,15,9085,52,2,5|3
725,keto,2290,32,2,budget,0,73,true,4,375,56,102,0.40625,0.5625,0.03125,0,0,3,2,crash,false,3,14,575,1625,90,0,0,false,false,false,0,0,2290,32,0,
726,keto,3667,38,8,budget,0,92,true,3,600,83,146,0.3684210526315789,0.5263157894736842,0.07894736842105263,0.02631578947368421,0,7,3,crash,false,4,21,812,1850,870,135,0,true,false,true,0,0,3667,38,0,
727,keto,5837,36,6,budget,0,86,true,6,1780,90,173,0.16666666666666666,0.75,0.08333333333333333,0,0,5,2,crash,false,9,12,1037,4560,240,0,0,false,false,false,0,0,5837,36,0,
728,keto,11155,62,32,budget,0,99,true,5,1690,158,235,0.04838709677419355,0.7258064516129032,0.16129032258064516,0.06451612903225806,0,17,1,normal,false,6,28,45,4975,4890,1245,0,true,true,false,0,0,11155,62,0,
729,keto,1996,30,0,budget,0,64,true,3,345,51,83,0.2,0.8,0,0,0,2,24,normal,false,13,8,256,1740,0,0,0,false,false,true,0,0,1996,30,0,
730,keto,2181,30,0,budget,0,52,true,3,435,59,84,0.3,0.7,0,0,0,5,7,normal,false,6,11,196,1985,0,0,0,false,false,false,0,0,2181,30,0,
731,keto,5703,32,2,budget,0,72,true,6,1305,87,164,0.125,0.84375,0.03125,0,0,4,3,normal,false,4,16,293,5190,220,0,0,false,false,true,0,0,5703,32,0,
732,keto,6084,44,14,budget,0,86,true,5,1650,93,173,0.22727272727272727,0.6818181818181818,0.09090909090909091,0,0,9,1,crash,false,6,15,354,3420,2310,0,0,false,false,false,0,0,6084,44,0,
733,keto,2670,30,0,budget,0,64,true,5,795,58,84,0.06666666666666667,0.9333333333333333,0,0,0,2,12,normal,false,5,10,75,2595,0,0,0,false,false,false,0,0,2670,30,0,
734,keto,4145,34,4,budget,0,76,true,4,315,90,137,0.029411764705882353,0.9705882352941176,0,0,0,3,2,normal,false,5,13,175,3790,180,0,0,false,false,false,0,0,4145,34,0,
735,keto,2607,30,0,budget,0,66,true,4,350,62,127,0.43333333333333335,0.5666666666666667,0,0,0,3,13,normal,false,5,11,902,1705,0,0,0,false,false,false,0,0,2607,30,0,
736,keto,22370,76,46,budget,2,100,false,6,5440,241,317,0,0.631578947368421,0.19736842105263158,0.039473684210526314,0.13157894736842105,17,3,normal,false,8,34,0,6000,5980,2910,7480,false,true,true,10050,10,12320,66,2,2|2
737,keto,9395,49,19,budget,1,100,true,4,1200,107,148,0.08163265306122448,0.6326530612244898,0.14285714285714285,0.04081632653061224,0.10204081632653061,11,2,normal,false,7,21,60,2945,1320,1710,3360,false,false,false,2910,5,6485,44,1,3
738,keto,3225,30,0,budget,0,67,false,6,1005,67,94,0,1,0,0,0,0,-1,normal,false,4,11,0,3225,0,0,0,false,false,false,0,0,3225,30,0,
739,keto,3828,34,4,budget,0,73,true,6,1395,72,111,0.11764705882352941,0.8823529411764706,0,0,0,3,19,normal,false,13,9,123,3525,180,0,0,false,false,false,0,0,3828,34,0,
740,keto,9628,59,29,budget,1,100,true,4,990,132,205,0.3898305084745763,0.2542372881355932,0.1864406779661017,0.0847457627118644,0.0847457627118644,12,2,normal,false,6,26,1193,1845,1860,2970,1760,false,true,false,1340,5,8288,54,1,8
741,keto,3985,34,4,budget,0,80,false,3,560,86,126,0,1,0,0,0,2,23,normal,false,7,14,0,3565,420,0,0,false,false,true,0,0,3985,34,0,
742,keto,3241,30,0,budget,0,62,true,5,855,69,117,0.2,0.8,0,0,0,2,10,normal,false,6,11,191,3050,0,0,0,false,false,true,0,0,3241,30,0,
743,keto,5295,29,21,lock,1,100,true,5,1680,50,92,0.034482758620689655,0.5862068965517241,0.1724137931034483,0.034482758620689655,0.1724137931034483,9,2,crash,false,8,16,0,960,2700,135,1500,false,false,false,1395,5,3900,24,1,3
744,keto,5230,40,10,budget,0,84,false,5,1115,110,145,0,0.925,0.075,0,0,5,8,normal,false,4,19,0,4600,630,0,0,false,false,false,0,0,5230,40,0,
745,keto,5350,40,10,budget,0,90,false,6,1335,112,152,0,0.9,0.075,0.025,0,5,8,normal,false,7,13,0,4675,540,135,0,true,false,true,0,0,5350,40,0,
746,keto,3688,30,0,budget,0,62,true,6,1200,74,101,0.13333333333333333,0.8666666666666667,0,0,0,1,20,normal,false,7,10,173,3515,0,0,0,false,false,false,0,0,3688,30,0,
747,keto,4835,40,10,budget,0,83,true,5,900,93,121,0.025,0.825,0.15,0,0,6,2,normal,false,5,19,15,3830,990,0,0,false,false,false,0,0,4835,40,0,
748,keto,2143,34,4,budget,0,73,true,3,360,57,90,0.29411764705882354,0.6764705882352942,0.029411764705882353,0,0,5,2,normal,false,4,12,368,1505,270,0,0,false,false,false,0,0,2143,34,0,
749,keto,10111,43,13,budget,1,100,true,6,1260,119,171,0.09302325581395349,0.5813953488372093,0.16279069767441862,0.046511627906976744,0.11627906976744186,6,3,normal,false,10,18,391,4875,660,945,3240,false,false,true,2850,5,7261,38,1,3
750,keto,3670,32,2,budget,0,73,true,5,1125,75,98,0.09375,0.875,0.03125,0,0,3,2,normal,false,3,14,90,3490,90,0,0,false,false,false,0,0,3670,32,0,
751,keto,4900,30,0,budget,0,62,true,7,1315,80,134,0,1,0,0,0,0,-1,normal,false,6,13,40,4860,0,0,0,false,false,false,0,0,4900,30,0,
752,keto,11525,65,35,budget,1,100,true,5,1720,148,228,0.03076923076923077,0.7076923076923077,0.15384615384615385,0.03076923076923077,0.07692307692307693,17,2,normal,false,4,32,75,4975,4420,495,1560,false,false,false,810,5,10715,60,1,3
753,keto,4983,41,11,budget,1,100,true,3,1320,86,108,0.0975609756097561,0.6829268292682927,0.07317073170731707,0.024390243902439025,0.12195121951219512,7,6,normal,false,11,18,193,1970,390,90,2340,false,false,false,2250,5,2733,36,1,4
754,keto,7153,39,9,budget,1,100,true,5,2190,96,152,0.38461538461538464,0.4358974358974359,0.05128205128205128,0,0.1282051282051282,5,2,normal,false,5,14,888,2065,270,2010,1920,false,false,true,3930,5,3223,34,0,
755,keto,2080,30,0,budget,0,67,false,3,240,55,73,0,1,0,0,0,0,-1,normal,false,12,9,0,2080,0,0,0,false,false,false,0,0,2080,30,0,
756,keto,4759,30,0,budget,0,66,true,9,2415,75,117,0.23333333333333334,0.7666666666666667,0,0,0,2,8,normal,false,9,8,334,4425,0,0,0,false,false,false,0,0,4759,30,0,
757,keto,11825,39,9,budget,1,100,true,10,3115,125,195,0.05128205128205128,0.7692307692307693,0.02564102564102564,0.02564102564102564,0.1282051282051282,3,2,crash,false,4,17,55,8620,90,360,2700,false,true,false,2550,5,9275,34,1,2
758,keto,3898,36,6,budget,0,80,true,4,445,81,122,0.027777777777777776,0.9444444444444444,0.027777777777777776,0,0,4,2,normal,false,4,20,198,3430,270,0,0,false,false,false,0,0,3898,36,0,
759,keto,8836,49,19,budget,1,100,true,6,1355,117,183,0.10204081632653061,0.5918367346938775,0.1836734693877551,0.02040816326530612,0.10204081632653061,9,9,crash,false,7,26,266,4055,2220,675,1620,false,false,true,1680,5,7156,44,1,4
760,keto,6715,34,4,budget,0,80,true,6,1335,109,165,0,1,0,0,0,2,3,normal,false,12,13,30,5695,990,0,0,false,false,true,0,0,6715,34,0,
761,keto,4448,30,0,budget,0,56,true,5,695,86,141,0.13333333333333333,0.8666666666666667,0,0,0,1,30,normal,false,4,13,743,3705,0,0,0,false,false,true,0,0,4448,30,0,
762,keto,8535,47,17,budget,1,100,true,6,1170,131,174,0.02127659574468085,0.8085106382978723,0.0425531914893617,0.02127659574468085,0.10638297872340426,7,2,normal,false,13,15,15,5410,1400,90,1620,false,false,true,1530,5,7005,42,1,2
763,keto,2775,32,2,budget,0,75,true,3,270,69,89,0.03125,0.9375,0.03125,0,0,2,3,normal,false,5,14,15,2670,90,0,0,false,false,false,0,0,2775,32,0,
764,keto,3940,38,8,budget,0,82,false,4,720,89,107,0,0.9210526315789473,0.07894736842105263,0,0,4,22,normal,false,11,15,0,2830,1110,0,0,false,false,false,0,0,3940,38,0,
765,keto,3013,30,0,budget,0,62,true,4,580,69,115,0.2,0.8,0,0,0,2,16,normal,false,6,10,308,2705,0,0,0,false,false,false,0,0,3013,30,0,
766,keto,5871,46,16,budget,0,92,true,5,925,100,169,0.17391304347826086,0.6521739130434783,0.15217391304347827,0.021739130434782608,0,10,2,normal,false,6,21,316,4190,1230,135,0,true,false,true,0,0,5871,46,0,
767,keto,5798,50,20,budget,0,91,true,7,1095,112,147,0.08,0.7,0.18,0.04,0,11,1,normal,false,6,28,143,4155,1230,270,0,true,false,false,0,0,5798,50,0,
768,keto,6095,46,16,budget,0,90,true,6,870,104,156,0.06521739130434782,0.6304347826086957,0.2826086956521739,0.021739130434782608,0,11,7,normal,false,6,21,70,4270,1350,405,0,true,false,true,0,0,6095,46,0,
769,keto,11215,57,27,budget,1,100,false,6,970,169,228,0,0.7368421052631579,0.17543859649122806,0,0.08771929824561403,11,2,normal,false,6,32,0,5845,2340,810,2220,false,false,false,1980,5,9235,52,1,4
770,keto,3887,30,0,budget,0,67,true,5,518,80,126,0.26666666666666666,0.7333333333333333,0,0,0,4,7,normal,false,5,14,797,3090,0,0,0,false,false,false,0,0,3887,30,0,
771,keto,2640,12,13,lock,1,100,false,2,600,30,24,0,0.08333333333333333,0.4166666666666667,0.08333333333333333,0.4166666666666667,5,1,normal,false,3,6,0,90,330,900,1320,false,false,false,1230,5,1410,7,1,6
772,keto,7325,46,16,budget,0,97,true,4,1020,112,155,0.021739130434782608,0.8043478260869565,0.10869565217391304,0.06521739130434782,0,9,7,normal,false,7,24,15,4155,1520,1635,0,true,true,true,0,0,7325,46,0,
773,keto,3264,30,0,budget,0,62,true,4,615,75,102,0.23333333333333334,0.7666666666666667,0,0,0,4,7,normal,false,6,13,179,3085,0,0,0,false,false,true,0,0,3264,30,0,
774,keto,5945,40,10,budget,0,97,false,5,1140,96,126,0,0.8,0.15,0.05,0,5,2,normal,false,7,18,0,3020,1980,945,0,true,true,false,0,0,5945,40,0,
775,keto,5100,32,2,budget,0,73,true,4,545,82,147,0.03125,0.9375,0.03125,0,0,2,2,normal,false,3,16,15,4995,90,0,0,false,false,false,0,0,5100,32,0,
776,keto,5250,30,0,budget,0,68,true,6,915,90,129,0.03333333333333333,0.9666666666666667,0,0,0,0,-1,crash,false,9,8,0,5250,0,0,0,false,false,false,0,0,5250,30,0,
777,keto,30681,82,52,budget,2,100,true,6,3165,218,377,0.08536585365853659,0.4268292682926829,0.25609756097560976,0.10975609756097561,0.12195121951219512,25,1,normal,false,7,45,211,3730,9550,8370,8820,false,true,true,5840,10,24841,72,2,2|9
778,keto,8170,46,16,budget,0,93,false,5,1165,123,191,0,0.7391304347826086,0.2608695652173913,0,0,8,24,normal,false,4,19,0,5000,2540,630,0,true,false,false,0,0,8170,46,0,
779,keto,22975,96,66,budget,4,100,true,6,4960,254,297,0.010416666666666666,0.4375,0.2708333333333333,0.07291666666666667,0.20833333333333334,26,3,normal,false,10,48,15,4260,5320,1320,12060,false,true,false,6740,20,16235,76,4,3|4|3|2
780,keto,3893,30,0,budget,0,58,true,5,1050,63,111,0.13333333333333333,0.8666666666666667,0,0,0,2,22,crash,false,5,12,98,3795,0,0,0,false,false,true,0,0,3893,30,0,
781,keto,9638,58,28,budget,2,100,true,5,690,136,196,0.10344827586206896,0.5862068965517241,0.08620689655172414,0.05172413793103448,0.1724137931034483,10,2,normal,false,7,20,613,3100,1440,1125,3360,false,true,false,3090,10,6548,48,2,5|3
782,keto,2705,30,0,budget,0,65,true,3,450,63,95,0.1,0.9,0,0,0,3,10,normal,false,5,15,105,2600,0,0,0,false,false,false,0,0,2705,30,0,
783,keto,8680,52,22,budget,0,95,false,5,1510,119,188,0,0.8461538461538461,0.1346153846153846,0.019230769230769232,0,10,9,normal,false,4,27,0,3315,4270,1095,0,true,true,true,0,0,8680,52,0,
784,keto,6410,32,2,budget,0,78,false,7,1230,89,142,0,0.96875,0.03125,0,0,1,17,normal,false,7,14,0,6320,90,0,0,false,false,false,0,0,6410,32,0,
785,keto,6876,53,23,budget,1,100,true,4,1140,115,151,0.07547169811320754,0.6981132075471698,0.11320754716981132,0.018867924528301886,0.09433962264150944,13,2,normal,false,5,22,476,1990,1950,1260,1200,false,true,false,1080,5,5796,48,1,4
786,keto,7550,42,12,budget,0,92,true,6,1110,110,169,0.023809523809523808,0.8333333333333334,0.11904761904761904,0.023809523809523808,0,7,1,normal,false,12,15,15,4670,2730,135,0,true,false,false,0,0,7550,42,0,
787,keto,29030,111,81,budget,5,100,false,7,1560,302,363,0,0.5225225225225225,0.21621621621621623,0.036036036036036036,0.22522522522522523,28,5,normal,false,7,62,0,6530,6440,1260,14800,false,true,false,13140,25,15890,86,4,3|4|2|3
788,keto,10219,48,18,budget,0,97,true,7,1570,131,211,0.16666666666666666,0.625,0.14583333333333334,0.0625,0,11,4,normal,false,7,21,279,5800,2340,1800,0,true,true,false,0,0,10219,48,0,
789,keto,12220,56,26,budget,2,100,true,4,1960,148,230,0.14285714285714285,0.5178571428571429,0.125,0.03571428571428571,0.17857142857142858,11,1,normal,false,8,22,510,3240,1890,720,5860,false,false,true,4370,10,7850,46,2,2|7
790,keto,9595,45,15,budget,1,100,true,8,2500,140,171,0,0.8,0.06666666666666667,0.022222222222222223,0.1111111111111111,5,7,normal,false,6,23,270,7455,300,630,940,false,false,true,1450,5,8145,40,1,2
791,keto,1860,14,6,lock,0,73,false,4,540,34,39,0,0.8571428571428571,0.14285714285714285,0,0,3,3,normal,false,5,8,0,1230,630,0,0,false,false,true,0,0,1860,14,0,
792,keto,1605,20,2,lock,0,75,false,3,340,38,55,0,0.95,0.05,0,0,1,3,normal,false,4,6,0,1515,90,0,0,false,false,false,0,0,1605,20,0,
793,keto,2673,30,0,budget,0,62,true,4,450,57,105,0.16666666666666666,0.8333333333333334,0,0,0,2,19,crash,false,3,12,333,2340,0,0,0,false,false,true,0,0,2673,30,0,
794,keto,7560,55,25,budget,1,100,true,3,585,124,164,0.14545454545454545,0.5454545454545454,0.14545454545454545,0.07272727272727272,0.09090909090909091,12,1,normal,false,8,27,280,2935,1530,1395,1420,false,true,true,1270,5,6290,50,1,6
795,keto,5761,41,11,budget,1,100,true,3,1440,103,126,0.14634146341463414,0.6341463414634146,0.07317073170731707,0.024390243902439025,0.12195121951219512,4,2,normal,false,6,13,166,2505,720,90,2280,false,true,false,2190,5,3571,36,1,3
796,keto,3976,32,2,budget,0,73,true,4,510,83,140,0.1875,0.78125,0.03125,0,0,2,2,crash,false,6,13,371,3485,120,0,0,false,false,true,0,0,3976,32,0,
797,keto,6923,36,6,budget,0,80,true,6,1320,102,168,0.19444444444444445,0.7777777777777778,0.027777777777777776,0,0,7,2,normal,false,3,19,373,5140,1410,0,0,false,false,false,0,0,6923,36,0,
798,keto,3170,34,4,budget,0,74,true,3,480,73,99,0.029411764705882353,0.9705882352941176,0,0,0,3,6,normal,false,5,12,15,2705,450,0,0,false,false,false,0,0,3170,34,0,
799,keto,4251,42,12,budget,0,90,true,3,390,82,134,0.11904761904761904,0.7619047619047619,0.07142857142857142,0.047619047619047616,0,9,2,normal,false,6,20,226,2810,900,315,0,true,false,true,0,0,4251,42,0,
800,keto,9550,50,20,budget,0,96,true,6,3030,103,178,0.14,0.62,0.22,0.02,0,10,2,crash,false,6,21,310,3195,2040,4005,0,true,true,false,0,0,9550,50,0,
801,keto,8365,43,13,budget,1,100,false,5,2760,78,128,0,0.7441860465116279,0.11627906976744186,0.023255813953488372,0.11627906976744186,5,2,normal,false,12,17,0,1635,2440,90,4200,false,false,false,4110,5,4255,38,1,4
802,keto,4790,32,2,budget,0,72,true,6,1065,86,121,0.03125,0.9375,0.03125,0,0,2,11,normal,false,5,12,15,4685,90,0,0,false,false,false,0,0,4790,32,0,
803,keto,8222,45,15,budget,1,100,true,6,1755,90,161,0.17777777777777778,0.5777777777777777,0.08888888888888889,0.044444444444444446,0.1111111111111111,9,2,normal,false,8,22,307,2250,2860,765,2040,false,false,true,1470,5,6752,40,1,6
804,keto,4598,34,4,budget,0,97,true,4,870,89,118,0.14705882352941177,0.7647058823529411,0.029411764705882353,0.058823529411764705,0,4,2,normal,false,8,10,203,2865,990,540,0,true,true,false,0,0,4598,34,0,
805,keto,2115,30,0,budget,0,66,false,3,210,51,77,0,1,0,0,0,0,-1,normal,false,6,9,0,2115,0,0,0,false,false,true,0,0,2115,30,0,
806,keto,5195,44,14,budget,0,80,true,4,480,111,144,0.06818181818181818,0.8181818181818182,0.11363636363636363,0,0,10,8,normal,false,6,23,45,4150,1000,0,0,false,false,false,0,0,5195,44,0,
807,keto,3223,30,0,budget,0,52,true,3,355,72,115,0.13333333333333333,0.8666666666666667,0,0,0,2,17,normal,false,6,12,283,2940,0,0,0,false,false,false,0,0,3223,30,0,
808,keto,11435,59,29,budget,1,100,false,5,900,180,220,0,0.6949152542372882,0.1864406779661017,0.03389830508474576,0.0847457627118644,13,2,normal,false,7,33,0,7485,2120,270,1560,false,false,true,1340,5,10095,54,1,2
809,keto,6633,46,16,budget,0,95,true,4,765,111,178,0.17391304347826086,0.6739130434782609,0.13043478260869565,0.021739130434782608,0,7,4,crash,false,7,21,248,4570,870,945,0,true,true,false,0,0,6633,46,0,
810,keto,10076,46,16,budget,0,98,true,6,2370,117,172,0.2391304347826087,0.43478260869565216,0.2826086956521739,0.043478260869565216,0,8,4,keto,false,10,18,461,2400,4200,3015,0,true,true,false,0,0,10076,46,0,
811,keto,9463,57,27,budget,1,100,true,4,840,130,189,0.07017543859649122,0.7192982456140351,0.12280701754385964,0,0.08771929824561403,11,4,crash,false,8,25,83,4100,3180,180,1920,false,false,false,1980,5,7483,52,1,2
812,keto,6208,46,16,budget,0,92,true,3,540,118,165,0.021739130434782608,0.7391304347826086,0.1956521739130435,0.043478260869565216,0,8,2,normal,false,7,21,203,3605,2130,270,0,true,false,true,0,0,6208,46,0,
813,keto,3075,36,6,budget,0,77,false,5,750,74,89,0,0.9166666666666666,0.08333333333333333,0,0,3,26,normal,false,8,13,0,2805,270,0,0,false,false,true,0,0,3075,36,0,
814,keto,3615,34,4,budget,0,76,true,4,675,75,106,0.058823529411764705,0.9117647058823529,0.029411764705882353,0,0,3,2,normal,false,4,14,90,3255,270,0,0,false,false,true,0,0,3615,34,0,
815,keto,8836,55,25,budget,1,100,true,4,1320,130,156,0.09090909090909091,0.6545454545454545,0.14545454545454545,0.01818181818181818,0.09090909090909091,11,3,normal,false,6,19,91,3405,1590,90,3660,false,false,false,3630,5,5206,50,1,2
816,keto,2790,36,6,budget,0,85,false,3,225,71,95,0,0.9444444444444444,0.05555555555555555,0,0,3,6,normal,false,6,14,0,2340,450,0,0,false,false,false,0,0,2790,36,0,
817,keto,12147,58,28,budget,2,100,true,3,1500,140,231,0.1206896551724138,0.4827586206896552,0.1896551724137931,0.034482758620689655,0.1724137931034483,12,2,normal,false,5,24,402,3495,840,4230,3180,false,true,false,2430,10,9717,48,2,6|4
818,keto,23755,58,28,budget,2,100,true,7,3780,199,250,0.017241379310344827,0.6551724137931034,0.1206896551724138,0.034482758620689655,0.1724137931034483,9,5,normal,false,7,27,15,3955,2020,7065,10700,false,true,true,14115,10,9640,48,2,5|4
819,keto,4969,30,0,budget,0,56,true,7,795,78,169,0.4666666666666667,0.5333333333333333,0,0,0,2,4,normal,false,4,12,1604,3365,0,0,0,false,false,false,0,0,4969,30,0,
820,keto,7446,48,18,budget,0,93,true,6,1500,111,183,0.125,0.625,0.25,0,0,10,2,normal,false,6,26,426,3610,3140,270,0,true,false,false,0,0,7446,48,0,
821,keto,5205,30,0,budget,0,68,false,5,1210,90,134,0,1,0,0,0,0,-1,normal,false,9,10,0,5205,0,0,0,false,false,false,0,0,5205,30,0,
822,keto,6600,50,20,budget,0,94,true,4,660,107,164,0.04,0.78,0.14,0.04,0,8,3,normal,false,8,18,60,4065,1530,945,0,true,false,true,0,0,6600,50,0,
823,keto,19988,57,27,budget,1,100,true,8,9140,183,272,0.14035087719298245,0.6140350877192983,0.15789473684210525,0,0.08771929824561403,12,2,normal,false,5,27,733,4700,2390,1125,11040,false,false,false,10680,5,9308,52,1,4
824,keto,3033,32,2,budget,0,77,true,4,855,64,98,0.0625,0.90625,0.03125,0,0,3,13,normal,false,5,9,78,2805,150,0,0,false,false,true,0,0,3033,32,0,
825,keto,18540,67,37,budget,1,100,true,5,4880,210,273,0,0.7761194029850746,0.1044776119402985,0.04477611940298507,0.07462686567164178,15,2,normal,false,10,32,30,6610,3420,900,7580,false,false,false,7430,5,11110,62,1,6
826,keto,9033,43,13,budget,1,100,true,5,2010,124,179,0.09302325581395349,0.6511627906976745,0.11627906976744186,0.023255813953488372,0.11627906976744186,6,11,normal,false,4,22,518,3385,3540,90,1500,false,false,false,1410,5,7623,38,1,3
827,keto,765,12,6,lock,0,80,false,2,120,24,21,0,0.8333333333333334,0.16666666666666666,0,0,3,8,normal,false,7,5,0,585,180,0,0,false,false,true,0,0,765,12,0,
828,keto,11638,75,45,budget,1,100,true,5,2110,166,239,0.02666666666666667,0.6533333333333333,0.22666666666666666,0.02666666666666667,0.06666666666666667,21,13,normal,false,6,39,113,4240,4540,1485,1260,false,false,false,1170,5,10468,70,1,5
829,keto,2743,30,0,budget,0,64,true,5,345,54,108,0.3,0.7,0,0,0,2,25,crash,false,8,11,828,1915,0,0,0,false,false,true,0,0,2743,30,0,
830,keto,3711,42,12,budget,0,99,true,3,285,86,111,0.07142857142857142,0.7380952380952381,0.11904761904761904,0.07142857142857142,0,7,2,normal,false,11,14,206,2175,970,360,0,true,true,true,0,0,3711,42,0,
831,keto,1575,14,0,lock,0,62,true,3,270,24,57,0.2857142857142857,0.7142857142857143,0,0,0,2,7,crash,false,2,8,105,1470,0,0,0,false,false,false,0,0,1575,14,0,
832,keto,13286,74,44,budget,2,100,true,4,1360,156,220,0.0945945945945946,0.47297297297297297,0.24324324324324326,0.05405405405405406,0.13513513513513514,21,2,crash,false,7,37,286,3375,2740,3105,3780,false,false,false,3780,10,9506,64,2,3|4
833,keto,3540,32,2,budget,0,78,true,4,465,66,103,0.03125,0.9375,0.03125,0,0,2,19,normal,false,6,12,15,3435,90,0,0,false,false,false,0,0,3540,32,0,
834,keto,13790,31,25,lock,1,100,false,8,4020,85,137,0,0.5161290322580645,0.25806451612903225,0.06451612903225806,0.16129032258064516,8,2,normal,false,5,18,0,1565,6480,2565,3180,false,true,true,3420,5,10370,26,0,
835,keto,9460,40,31,lock,1,100,false,4,2710,92,123,0,0.575,0.3,0,0.125,12,4,normal,false,7,26,0,1330,2280,2430,3420,false,false,false,4090,5,5370,35,0,
836,keto,11660,51,23,lock,1,100,true,4,1950,115,182,0.0196078431372549,0.6862745098039216,0.17647058823529413,0.0196078431372549,0.09803921568627451,11,4,normal,false,10,19,50,2815,2230,1305,5260,false,true,false,4990,5,6670,46,1,5
837,keto,2940,21,6,lock,0,73,false,5,900,49,79,0,0.9523809523809523,0.047619047619047616,0,0,3,2,normal,false,2,11,0,2550,390,0,0,false,false,false,0,0,2940,21,0,
838,keto,4033,30,0,budget,0,61,true,4,450,89,133,0.13333333333333333,0.8666666666666667,0,0,0,2,10,normal,false,6,10,293,3740,0,0,0,false,false,true,0,0,4033,30,0,
839,keto,5745,32,2,budget,0,78,true,4,700,93,166,0,0.96875,0.03125,0,0,1,8,normal,false,6,15,30,5625,90,0,0,false,false,false,0,0,5745,32,0,
840,keto,12290,71,41,budget,1,100,false,4,960,151,213,0,0.4647887323943662,0.36619718309859156,0.09859154929577464,0.07042253521126761,18,2,normal,false,7,36,0,2235,5630,3045,1380,false,true,false,1260,5,11030,66,1,7
841,keto,14480,67,37,budget,1,100,false,7,4980,157,202,0,0.6865671641791045,0.16417910447761194,0.07462686567164178,0.07462686567164178,17,2,normal,false,7,37,0,3480,3620,1800,5580,false,true,true,5550,5,8930,62,1,11
842,keto,4385,30,0,budget,0,63,true,5,900,73,123,0.03333333333333333,0.9666666666666667,0,0,0,1,21,normal,false,5,11,105,4280,0,0,0,false,false,false,0,0,4385,30,0,
843,keto,3040,30,0,budget,0,68,true,5,650,62,94,0.1,0.9,0,0,0,3,21,normal,false,13,10,165,2875,0,0,0,false,false,true,0,0,3040,30,0,
844,keto,9370,51,21,budget,1,100,true,5,1225,129,194,0.1568627450980392,0.6862745098039216,0.058823529411764705,0,0.09803921568627451,11,3,normal,false,7,23,550,3970,2790,180,1880,false,false,true,1570,5,7800,46,0,
845,keto,10288,51,21,budget,1,100,true,6,1200,138,197,0.11764705882352941,0.5294117647058824,0.17647058823529413,0.0784313725490196,0.09803921568627451,9,2,crash,false,7,25,443,3975,2400,810,2660,false,true,false,2430,5,7858,46,1,2
846,keto,22411,83,53,budget,3,100,true,6,2420,257,343,0.03614457831325301,0.6144578313253012,0.1566265060240964,0.012048192771084338,0.18072289156626506,18,5,crash,false,7,41,241,6530,6750,450,8440,false,false,false,8210,15,14201,68,2,2|3
847,keto,3818,38,8,budget,0,79,true,4,810,83,126,0.07894736842105263,0.8421052631578947,0.07894736842105263,0,0,3,2,crash,false,5,16,128,3420,270,0,0,false,false,false,0,0,3818,38,0,
848,keto,4897,40,10,budget,0,94,true,5,960,83,147,0.25,0.525,0.2,0.025,0,7,2,normal,false,5,19,837,1765,1890,405,0,true,false,false,0,0,4897,40,0,
849,keto,4535,13,13,lock,1,100,false,3,1740,32,38,0,0.3076923076923077,0.23076923076923078,0.07692307692307693,0.38461538461538464,4,2,normal,false,5,6,0,135,330,630,3440,false,false,true,2990,5,1545,8,1,3
850,keto,5458,43,13,budget,1,100,true,4,540,93,140,0.32558139534883723,0.4418604651162791,0.09302325581395349,0.023255813953488372,0.11627906976744186,7,3,normal,false,6,19,418,2760,720,360,1200,false,false,true,1170,5,4288,38,1,4
851,keto,12361,53,23,budget,1,100,true,5,3060,126,193,0.09433962264150944,0.5471698113207547,0.18867924528301888,0.07547169811320754,0.09433962264150944,12,2,crash,false,5,29,331,3285,1350,3015,4380,false,true,true,4290,5,8071,48,1,8
852,keto,3559,30,0,budget,0,62,true,4,510,71,118,0.23333333333333334,0.7666666666666667,0,0,0,2,24,normal,false,7,10,234,3325,0,0,0,false,false,false,0,0,3559,30,0,
853,keto,19478,92,62,budget,2,100,true,4,3840,221,282,0.03260869565217391,0.5652173913043478,0.1956521739130435,0.09782608695652174,0.10869565217391304,28,2,normal,false,5,50,183,4245,3980,2610,8460,false,true,false,8130,10,11348,82,2,6|2
854,keto,21610,78,48,budget,2,100,true,6,3750,203,277,0.02564102564102564,0.48717948717948717,0.28205128205128205,0.07692307692307693,0.1282051282051282,20,7,crash,false,5,32,15,4000,6030,4245,7320,false,true,false,9120,10,12490,68,2,5|4
855,keto,3651,32,2,budget,0,77,true,5,995,70,101,0.15625,0.8125,0.03125,0,0,2,7,crash,false,8,10,76,3485,90,0,0,false,false,false,0,0,3651,32,0,
856,keto,5805,54,24,budget,0,94,false,4,540,109,140,0,0.7592592592592593,0.2222222222222222,0.018518518518518517,0,11,1,normal,false,7,25,0,3090,2310,405,0,true,false,false,0,0,5805,54,0,
857,keto,3365,36,6,budget,0,89,true,3,540,75,115,0.1111111111111111,0.8055555555555556,0.05555555555555555,0.027777777777777776,0,5,5,crash,false,4,15,135,2540,510,180,0,false,false,false,0,0,3365,36,0,
858,keto,5760,40,10,budget,0,90,true,6,1175,100,160,0.075,0.825,0.075,0.025,0,8,3,normal,false,4,21,135,4935,420,270,0,true,false,true,0,0,5760,40,0,
859,keto,3203,30,0,budget,0,69,true,4,615,72,97,0.1,0.9,0,0,0,2,11,normal,false,5,12,158,3045,0,0,0,false,false,true,0,0,3203,30,0,
860,keto,13825,71,41,budget,1,100,false,5,1435,174,223,0,0.5211267605633803,0.30985915492957744,0.09859154929577464,0.07042253521126761,15,3,normal,false,7,29,0,3145,4710,3690,2280,false,true,false,1890,5,11935,66,1,2
861,keto,2394,32,2,budget,0,78,true,3,380,58,106,0.40625,0.5625,0.03125,0,0,4,3,normal,false,4,14,544,1760,90,0,0,false,false,true,0,0,2394,32,0,
862,keto,4911,36,6,budget,0,80,true,5,1195,93,157,0.3055555555555556,0.6111111111111112,0.08333333333333333,0,0,3,3,crash,false,5,13,551,3670,690,0,0,false,false,false,0,0,4911,36,0,
863,keto,8990,47,17,budget,1,100,true,5,1350,116,168,0.02127659574468085,0.7659574468085106,0.0851063829787234,0.02127659574468085,0.10638297872340426,8,1,normal,false,10,18,110,3930,1680,90,3180,false,false,true,2790,5,6200,42,1,3
864,keto,4240,30,0,budget,0,66,false,8,1770,78,101,0,1,0,0,0,0,-1,normal,false,4,11,0,4240,0,0,0,false,false,false,0,0,4240,30,0,
865,keto,7970,54,24,budget,2,100,true,3,900,108,139,0.07407407407407407,0.3888888888888889,0.2222222222222222,0.12962962962962962,0.18518518518518517,11,1,crash,false,10,20,90,1305,1700,1935,2940,false,true,false,2220,10,5750,44,2,4|15
866,keto,3751,32,2,budget,0,73,true,5,685,72,115,0.1875,0.8125,0,0,0,2,2,crash,false,5,11,166,3405,180,0,0,false,false,false,0,0,3751,32,0,
867,keto,15283,64,34,budget,2,100,true,6,3220,167,204,0.09375,0.53125,0.15625,0.0625,0.15625,16,1,normal,false,9,31,313,3710,1920,1440,7900,false,true,true,6600,10,8683,54,2,2|6
868,keto,12905,65,35,budget,1,100,true,6,3540,142,203,0.015384615384615385,0.5538461538461539,0.24615384615384617,0.1076923076923077,0.07692307692307693,16,1,crash,false,9,28,0,2845,3960,1440,4660,false,true,false,4590,5,8315,60,1,4
869,keto,3095,34,4,budget,0,70,false,4,435,65,98,0,1,0,0,0,2,21,normal,false,4,12,0,3095,0,0,0,false,false,true,0,0,3095,34,0,
870,keto,3425,36,6,budget,0,94,true,4,530,79,118,0.2222222222222222,0.6666666666666666,0.08333333333333333,0.027777777777777776,0,4,4,crash,false,11,10,265,2785,240,135,0,true,false,false,0,0,3425,36,0,
871,keto,4185,30,0,budget,0,63,false,5,810,81,113,0,1,0,0,0,0,-1,normal,false,8,11,0,4185,0,0,0,false,false,true,0,0,4185,30,0,
872,keto,8528,51,21,budget,1,100,true,5,1190,132,199,0.09803921568627451,0.6470588235294118,0.13725490196078433,0.0196078431372549,0.09803921568627451,11,2,normal,false,7,24,533,4400,1270,1125,1200,false,false,true,1170,5,7358,46,1,2
873,keto,11510,67,37,budget,1,100,false,7,2520,169,217,0,0.6865671641791045,0.1791044776119403,0.05970149253731343,0.07462686567164178,16,2,normal,false,9,27,0,5300,4300,810,1100,false,false,true,1340,5,10170,62,1,10
874,keto,3503,32,2,budget,0,73,true,5,1110,66,110,0.15625,0.8125,0.03125,0,0,4,2,crash,false,6,16,233,3120,150,0,0,false,false,false,0,0,3503,32,0,
875,keto,7899,51,21,budget,1,100,true,4,1195,114,166,0.11764705882352941,0.6274509803921569,0.1568627450980392,0,0.09803921568627451,10,2,normal,false,4,24,369,3330,1800,900,1500,false,true,false,1590,5,6309,46,1,2
876,keto,3948,34,4,budget,0,83,true,6,1200,76,118,0.14705882352941177,0.7647058823529411,0.08823529411764706,0,0,5,2,crash,false,4,20,263,3445,240,0,0,false,false,false,0,0,3948,34,0,
877,keto,3320,34,4,budget,0,73,false,4,360,72,104,0,0.9705882352941176,0.029411764705882353,0,0,2,2,normal,false,5,10,0,3050,270,0,0,false,false,true,0,0,3320,34,0,
878,keto,7510,30,23,lock,1,100,false,4,1980,77,93,0,0.6,0.2,0.03333333333333333,0.16666666666666666,9,1,normal,false,6,16,0,1220,860,810,4620,false,true,false,4740,5,2770,25,1,2
879,keto,6698,59,29,budget,1,100,true,3,420,136,155,0.03389830508474576,0.7288135593220338,0.11864406779661017,0.03389830508474576,0.0847457627118644,14,2,normal,false,6,25,78,3935,1170,495,1020,false,false,false,990,5,5708,54,1,6
880,keto,3561,38,8,budget,0,94,true,3,495,77,116,0.21052631578947367,0.631578947368421,0.13157894736842105,0.02631578947368421,0,5,3,normal,false,4,17,486,2310,360,405,0,true,false,true,0,0,3561,38,0,
881,keto,3969,32,2,budget,0,80,true,5,495,76,133,0.21875,0.75,0.03125,0,0,4,4,normal,false,4,15,669,3210,90,0,0,false,false,false,0,0,3969,32,0,
882,keto,13311,49,19,budget,1,100,true,6,3090,131,206,0.061224489795918366,0.673469387755102,0.14285714285714285,0.02040816326530612,0.10204081632653061,10,3,normal,false,8,21,101,3550,6390,90,3180,false,false,false,2790,5,10521,44,1,7
883,keto,10683,63,33,budget,1,100,true,5,1080,145,193,0.047619047619047616,0.5396825396825397,0.2222222222222222,0.1111111111111111,0.07936507936507936,15,2,normal,false,7,26,98,3430,1720,3555,1880,false,true,false,1530,5,9153,58,1,5
884,keto,2563,30,0,budget,0,69,true,4,590,64,87,0.1,0.9,0,0,0,2,11,normal,false,4,10,113,2450,0,0,0,false,false,false,0,0,2563,30,0,
885,keto,2905,30,0,budget,0,62,true,4,615,66,95,0.06666666666666667,0.9333333333333333,0,0,0,1,23,normal,false,5,11,115,2790,0,0,0,false,false,true,0,0,2905,30,0,
886,keto,10383,53,23,budget,1,100,true,4,1410,149,198,0.05660377358490566,0.6415094339622641,0.16981132075471697,0.03773584905660377,0.09433962264150944,12,2,normal,false,11,26,218,4060,1440,2745,1920,false,false,true,1650,5,8733,48,1,3
887,keto,4603,42,12,budget,0,90,true,4,600,102,134,0.047619047619047616,0.8095238095238095,0.14285714285714285,0,0,7,15,normal,false,5,16,38,3755,540,270,0,true,false,false,0,0,4603,42,0,
888,keto,11090,55,25,budget,1,100,false,4,2020,137,182,0,0.7272727272727273,0.14545454545454545,0.03636363636363636,0.09090909090909091,10,2,normal,false,5,28,0,3715,3300,855,3220,false,false,true,3130,5,7960,50,1,5
889,keto,8063,39,9,budget,1,100,true,5,2610,93,140,0.10256410256410256,0.6923076923076923,0.05128205128205128,0.02564102564102564,0.1282051282051282,5,2,normal,false,14,11,278,2925,150,810,3900,false,true,false,3810,5,4253,34,1,3
890,keto,3805,36,6,budget,0,90,true,3,390,81,127,0.2222222222222222,0.6944444444444444,0.05555555555555555,0.027777777777777776,0,5,2,normal,false,6,14,445,2875,350,135,0,true,false,true,0,0,3805,36,0,
891,keto,3850,30,0,budget,0,63,true,5,1080,81,109,0.03333333333333333,0.9666666666666667,0,0,0,1,16,normal,false,4,11,15,3835,0,0,0,false,false,true,0,0,3850,30,0,
892,keto,6060,35,33,lock,1,100,false,3,1000,77,87,0,0.34285714285714286,0.42857142857142855,0.08571428571428572,0.14285714285714285,15,2,normal,false,3,24,0,765,2480,795,2020,false,true,false,1960,5,4100,30,1,3
893,keto,5957,40,10,budget,0,94,true,5,960,96,160,0.2,0.65,0.15,0,0,7,2,normal,false,4,23,722,3240,1050,945,0,true,false,true,0,0,5957,40,0,
894,keto,3290,34,4,budget,0,73,false,4,540,77,100,0,0.9705882352941176,0.029411764705882353,0,0,2,2,normal,false,5,16,0,3200,90,0,0,false,false,true,0,0,3290,34,0,
895,keto,3878,42,12,budget,0,85,true,3,435,87,121,0.11904761904761904,0.7142857142857143,0.16666666666666666,0,0,6,2,crash,false,8,9,158,2820,900,0,0,false,false,false,0,0,3878,42,0,
896,keto,3970,32,2,budget,0,75,true,7,1335,70,114,0.03125,0.9375,0.03125,0,0,1,20,crash,false,11,12,0,3880,90,0,0,false,false,false,0,0,3970,32,0,
897,keto,6751,43,13,budget,1,100,true,4,1485,85,140,0.3023255813953488,0.4186046511627907,0.13953488372093023,0.023255813953488372,0.11627906976744186,5,2,crash,false,8,13,736,1440,510,1665,2400,false,true,false,1740,5,5011,38,1,6
898,keto,4051,30,0,budget,0,63,true,5,585,75,139,0.26666666666666666,0.7333333333333333,0,0,0,3,20,normal,false,4,11,766,3285,0,0,0,false,false,false,0,0,4051,30,0,
899,keto,9207,49,19,budget,1,100,true,4,2640,132,202,0.1836734693877551,0.5918367346938775,0.12244897959183673,0,0.10204081632653061,12,5,normal,false,6,26,557,3490,660,540,3960,false,false,true,1560,5,7647,44,1,3
900,keto,5778,38,8,budget,0,96,true,4,705,115,161,0.05263157894736842,0.8421052631578947,0.10526315789473684,0,0,4,1,normal,false,7,14,103,4445,870,360,0,true,true,false,0,0,5778,38,0,
901,keto,3780,34,4,budget,0,74,true,4,655,84,121,0.058823529411764705,0.8823529411764706,0.058823529411764705,0,0,4,15,normal,false,7,16,45,3555,180,0,0,false,false,true,0,0,3780,34,0,
902,keto,2818,32,2,budget,0,83,true,4,465,65,99,0.125,0.8125,0.0625,0,0,3,2,normal,false,13,10,233,2255,330,0,0,false,false,false,0,0,2818,32,0,
903,keto,4440,32,2,budget,0,77,true,6,1490,74,128,0.03125,0.9375,0.03125,0,0,1,2,crash,false,8,11,0,4350,90,0,0,false,false,false,0,0,4440,32,0,
904,keto,4916,30,0,budget,0,63,true,5,1480,82,147,0.2,0.8,0,0,0,3,5,crash,false,3,16,361,4555,0,0,0,false,false,false,0,0,4916,30,0,
905,keto,2160,10,6,lock,0,97,false,4,1160,22,29,0,0.4,0.3,0.3,0,3,2,normal,false,2,6,0,240,480,1440,0,true,true,false,0,0,2160,10,0,
906,keto,9750,56,26,budget,2,100,false,5,3350,132,156,0,0.625,0.16071428571428573,0.03571428571428571,0.17857142857142858,7,2,normal,false,8,17,0,2740,920,3930,2160,false,true,false,2310,10,7440,46,2,6|5
907,keto,4005,36,6,budget,0,76,false,4,675,81,117,0,0.9166666666666666,0.08333333333333333,0,0,3,23,normal,false,8,11,0,3735,270,0,0,false,false,false,0,0,4005,36,0,
908,keto,10565,58,28,budget,0,97,false,6,1065,140,212,0,0.7068965517241379,0.1896551724137931,0.10344827586206896,0,14,5,normal,false,14,24,0,5630,3030,1905,0,true,true,true,0,0,10565,58,0,
909,keto,8120,54,24,budget,0,82,false,6,1610,137,192,0,0.9259259259259259,0.07407407407407407,0,0,12,2,normal,false,6,27,0,4640,3480,0,0,false,false,false,0,0,8120,54,0,
910,keto,4526,32,2,budget,0,73,true,6,1060,83,140,0.1875,0.78125,0.03125,0,0,3,2,crash,false,5,18,526,3910,90,0,0,false,false,false,0,0,4526,32,0,
911,keto,4245,38,8,budget,0,97,true,3,420,87,116,0.02631578947368421,0.8421052631578947,0.10526315789473684,0.02631578947368421,0,5,3,normal,false,13,13,15,3435,480,315,0,true,true,false,0,0,4245,38,0,
912,keto,9045,46,21,lock,1,100,true,5,900,129,161,0.043478260869565216,0.5869565217391305,0.1956521739130435,0.06521739130434782,0.10869565217391304,11,2,normal,false,5,21,60,3810,2130,945,2100,false,false,true,2070,5,6975,41,1,5
913,keto,2640,32,2,budget,0,70,true,3,255,59,93,0.0625,0.9375,0,0,0,2,11,crash,false,8,11,135,2505,0,0,0,false,false,true,0,0,2640,32,0,
914,keto,4705,32,2,budget,0,74,true,5,1170,83,138,0.03125,0.9375,0.03125,0,0,2,20,normal,false,8,13,15,4600,90,0,0,false,false,true,0,0,4705,32,0,
915,keto,8695,39,9,budget,1,100,true,5,2860,101,150,0.02564102564102564,0.7435897435897436,0.10256410256410256,0,0.1282051282051282,4,2,normal,false,13,12,90,3495,630,0,4480,false,false,true,4480,5,4215,34,1,3
916,keto,12643,62,32,budget,2,100,true,5,1860,157,205,0.08064516129032258,0.5161290322580645,0.20967741935483872,0.03225806451612903,0.16129032258064516,14,2,normal,false,10,26,248,3695,2880,180,5640,false,false,false,5460,10,7183,52,2,3|5
917,keto,5995,43,13,budget,1,100,true,3,1230,85,121,0.09302325581395349,0.627906976744186,0.11627906976744186,0.046511627906976744,0.11627906976744186,6,2,crash,false,19,13,240,1800,630,1305,2020,false,false,false,1830,5,4165,38,1,3
918,keto,6404,41,11,budget,1,100,true,4,1620,105,139,0.1951219512195122,0.6097560975609756,0.04878048780487805,0.024390243902439025,0.12195121951219512,4,2,normal,false,8,9,719,2490,270,765,2160,false,false,false,900,5,5504,36,1,3
919,keto,5085,38,8,budget,0,80,false,4,620,87,140,0,0.9210526315789473,0.07894736842105263,0,0,4,2,normal,false,5,21,0,4455,630,0,0,false,false,true,0,0,5085,38,0,
920,keto,3823,30,0,budget,0,66,true,5,810,73,114,0.13333333333333333,0.8666666666666667,0,0,0,2,21,normal,false,4,12,433,3390,0,0,0,false,false,true,0,0,3823,30,0,
921,keto,975,5,2,lock,0,73,false,4,705,10,27,0,0.8,0.2,0,0,1,2,normal,false,1,3,0,795,180,0,0,false,false,false,0,0,975,5,0,
922,keto,14734,53,23,budget,1,100,true,5,3730,127,212,0.1320754716981132,0.5283018867924528,0.22641509433962265,0.018867924528301886,0.09433962264150944,12,4,crash,false,9,24,549,2130,5140,2835,4080,false,false,false,2190,5,12544,48,1,3
923,keto,2812,32,2,budget,0,75,true,4,590,60,97,0.28125,0.6875,0.03125,0,0,3,3,normal,false,7,10,302,2420,90,0,0,false,false,false,0,0,2812,32,0,
924,keto,2649,30,0,budget,0,55,true,4,465,54,95,0.23333333333333334,0.7666666666666667,0,0,0,2,10,crash,false,8,10,264,2385,0,0,0,false,false,true,0,0,2649,30,0,
925,keto,4648,38,8,budget,0,86,true,5,765,89,118,0.02631578947368421,0.8157894736842105,0.15789473684210525,0,0,5,4,normal,false,7,15,173,3215,1260,0,0,false,false,false,0,0,4648,38,0,
926,keto,21768,89,59,budget,3,100,true,4,1720,208,307,0.07865168539325842,0.48314606741573035,0.2247191011235955,0.0449438202247191,0.16853932584269662,29,2,normal,false,7,47,298,4305,4420,4005,8740,false,false,false,7615,15,14153,74,3,4|2|3
927,keto,315,4,0,lock,0,66,false,2,210,9,9,0,1,0,0,0,0,-1,normal,false,4,0,0,315,0,0,0,false,false,false,0,0,315,4,0,
928,keto,7105,46,16,budget,0,98,true,5,1375,107,163,0.021739130434782608,0.6739130434782609,0.2391304347826087,0.06521739130434782,0,8,9,crash,false,5,19,75,4455,1630,945,0,true,true,false,0,0,7105,46,0,
929,keto,4814,40,10,budget,0,94,true,3,825,82,122,0.125,0.65,0.2,0.025,0,6,2,normal,false,10,14,99,2465,1080,1170,0,true,false,true,0,0,4814,40,0,
930,keto,10076,67,37,budget,1,100,true,3,1050,134,194,0.08955223880597014,0.47761194029850745,0.3283582089552239,0.029850746268656716,0.07462686567164178,19,3,normal,false,12,27,151,1885,3450,2970,1620,false,true,true,1650,5,8426,62,1,9
931,keto,18144,83,53,budget,3,100,true,5,1590,190,270,0.060240963855421686,0.4457831325301205,0.2289156626506024,0.08433734939759036,0.18072289156626506,21,1,normal,false,8,35,164,3065,4860,4635,5420,false,true,true,6660,15,11484,68,3,7|3|3
932,keto,17595,63,54,lock,4,100,false,4,3150,148,187,0,0.23809523809523808,0.36507936507936506,0.07936507936507936,0.31746031746031744,20,3,normal,false,4,38,0,900,3210,2025,11460,false,true,false,11430,20,6165,43,4,2|7|4|4
933,keto,3668,32,2,budget,0,83,true,4,685,69,114,0.03125,0.90625,0.0625,0,0,2,2,normal,false,13,14,133,3355,180,0,0,false,false,true,0,0,3668,32,0,
934,keto,3625,34,4,budget,0,78,false,5,585,83,104,0,0.9411764705882353,0.058823529411764705,0,0,2,1,normal,false,5,14,0,3445,180,0,0,false,false,false,0,0,3625,34,0,
935,keto,3186,30,0,budget,0,53,true,5,930,62,119,0.26666666666666666,0.7333333333333333,0,0,0,3,6,crash,false,5,10,511,2675,0,0,0,false,false,false,0,0,3186,30,0,
936,keto,24820,100,70,budget,4,100,true,5,3300,255,357,0.05,0.42,0.23,0.1,0.2,28,1,normal,false,7,53,260,5710,4200,2970,11680,false,false,false,7850,20,16970,80,4,5|3|6|3
937,keto,2755,30,0,budget,0,65,true,3,315,68,98,0.06666666666666667,0.9333333333333333,0,0,0,2,7,normal,false,5,12,30,2725,0,0,0,false,false,false,0,0,2755,30,0,
938,keto,1835,32,2,budget,0,70,true,3,165,56,76,0.03125,0.96875,0,0,0,2,26,normal,false,15,11,105,1730,0,0,0,false,false,true,0,0,1835,32,0,
939,keto,5858,40,10,budget,0,92,true,5,983,96,144,0.05,0.775,0.175,0,0,5,2,normal,false,5,20,203,4530,720,405,0,true,false,false,0,0,5858,40,0,
940,keto,10242,62,32,budget,2,100,true,4,1020,127,192,0.0967741935483871,0.5161290322580645,0.14516129032258066,0.08064516129032258,0.16129032258064516,14,2,crash,false,8,32,347,2590,2070,1995,3240,false,true,false,3060,10,7182,52,2,7|5
941,keto,8385,60,30,budget,0,90,true,5,870,119,201,0.16666666666666666,0.6333333333333333,0.15,0.05,0,13,7,crash,false,10,23,325,3520,2920,1620,0,true,false,false,0,0,8385,60,0,
942,keto,1080,12,2,lock,0,74,false,3,480,21,29,0,1,0,0,0,1,10,normal,false,3,3,0,630,450,0,0,false,false,false,0,0,1080,12,0,
943,keto,11700,62,32,budget,2,100,true,4,1510,161,198,0.016129032258064516,0.6612903225806451,0.11290322580645161,0.04838709677419355,0.16129032258064516,13,3,normal,false,7,24,15,4410,2430,765,4080,false,false,false,3200,10,8500,52,2,4|4
944,keto,3773,38,8,budget,0,90,true,4,480,82,124,0.13157894736842105,0.7631578947368421,0.10526315789473684,0,0,8,2,normal,false,4,16,113,2880,510,270,0,true,false,true,0,0,3773,38,0,
945,keto,13654,67,37,budget,3,100,true,4,3210,147,202,0.14925373134328357,0.3880597014925373,0.19402985074626866,0.04477611940298507,0.22388059701492538,13,1,normal,false,9,21,384,2090,1400,4320,5460,false,true,false,2730,15,10924,52,3,5|2|5
946,keto,6355,36,6,budget,0,78,true,5,915,112,155,0.05555555555555555,0.8888888888888888,0.05555555555555555,0,0,5,5,normal,false,3,21,30,5905,420,0,0,false,false,true,0,0,6355,36,0,
947,keto,3155,34,4,budget,0,76,false,4,375,73,95,0,0.9411764705882353,0.058823529411764705,0,0,2,2,normal,false,8,14,0,2885,270,0,0,false,false,true,0,0,3155,34,0,
948,keto,14425,73,43,budget,1,100,false,5,1305,183,241,0,0.6575342465753424,0.2465753424657534,0.0273972602739726,0.0684931506849315,18,2,normal,false,8,34,0,4840,4770,2475,2340,false,true,false,1965,5,12460,68,1,4
949,keto,8040,44,14,budget,0,97,false,5,960,124,169,0,0.7045454545454546,0.20454545454545456,0.09090909090909091,0,6,2,normal,false,7,20,0,3870,1380,2790,0,true,true,true,0,0,8040,44,0,
950,keto,15670,62,32,budget,2,100,true,6,2520,193,247,0,0.5,0.22580645161290322,0.11290322580645161,0.16129032258064516,13,3,normal,false,7,29,80,5875,2350,1125,6240,false,true,false,3360,10,12310,52,2,5|4
951,keto,14356,65,35,budget,1,100,true,6,2580,184,262,0.12307692307692308,0.5538461538461539,0.2,0.046153846153846156,0.07692307692307693,19,3,normal,false,5,34,481,4875,4380,3420,1200,false,true,true,930,5,13426,60,1,5
952,keto,8077,71,41,budget,1,100,true,4,870,144,191,0.1267605633802817,0.5352112676056338,0.22535211267605634,0.04225352112676056,0.07042253521126761,18,2,crash,false,10,29,267,2630,2600,1320,1260,false,false,false,1230,5,6847,66,1,4
953,keto,3705,34,4,budget,0,73,false,3,330,78,114,0,0.9705882352941176,0.029411764705882353,0,0,2,2,normal,false,3,17,0,3615,90,0,0,false,false,true,0,0,3705,34,0,
954,keto,21795,102,72,budget,2,100,false,6,3285,238,310,0,0.5294117647058824,0.3137254901960784,0.058823529411764705,0.09803921568627451,28,9,normal,false,5,58,0,3850,7660,4005,6280,false,false,true,6190,10,15605,92,2,3|2
955,keto,4370,34,4,budget,0,70,true,4,540,89,138,0,1,0,0,0,2,24,normal,false,5,13,195,4175,0,0,0,false,false,false,0,0,4370,34,0,
956,keto,5228,39,9,budget,1,100,true,4,900,92,122,0.05128205128205128,0.7692307692307693,0.05128205128205128,0,0.1282051282051282,2,1,crash,false,13,13,83,3175,170,240,1560,false,false,false,1760,5,3468,34,1,2
957,keto,10013,65,35,budget,1,100,true,3,600,145,229,0.12307692307692308,0.5538461538461539,0.18461538461538463,0.06153846153846154,0.07692307692307693,17,3,normal,false,4,36,263,3735,3480,1035,1500,false,false,true,1050,5,8963,60,1,10
958,keto,3680,30,0,budget,0,66,true,4,920,68,105,0.06666666666666667,0.9333333333333333,0,0,0,2,12,normal,false,4,13,75,3605,0,0,0,false,false,false,0,0,3680,30,0,
959,keto,7232,43,13,budget,1,100,true,3,1260,96,138,0.11627906976744186,0.6046511627906976,0.09302325581395349,0.06976744186046512,0.11627906976744186,6,3,normal,false,11,14,272,2505,450,1305,2700,false,true,false,2670,5,4562,38,1,6
960,keto,2786,32,2,budget,0,73,true,3,340,62,97,0.125,0.875,0,0,0,3,2,normal,false,7,11,286,2320,180,0,0,false,false,true,0,0,2786,32,0,
961,keto,3390,34,4,budget,0,75,true,4,735,70,101,0.058823529411764705,0.8823529411764706,0.058823529411764705,0,0,4,2,normal,false,6,12,30,3180,180,0,0,false,false,false,0,0,3390,34,0,
962,keto,3825,30,0,budget,0,65,true,5,950,73,110,0.13333333333333333,0.8666666666666667,0,0,0,3,10,normal,false,4,14,120,3705,0,0,0,false,false,false,0,0,3825,30,0,
963,keto,8580,55,25,budget,1,100,false,4,900,131,160,0,0.7454545454545455,0.14545454545454545,0.01818181818181818,0.09090909090909091,10,4,normal,false,7,26,0,3310,3380,90,1800,false,false,false,1770,5,6810,50,1,3
964,keto,4564,32,2,budget,0,73,true,7,1440,73,133,0.28125,0.71875,0,0,0,6,2,normal,false,8,13,289,4095,180,0,0,false,false,true,0,0,4564,32,0,
965,keto,9215,43,13,budget,1,100,false,5,1940,107,172,0,0.7906976744186046,0.09302325581395349,0,0.11627906976744186,5,30,normal,false,10,20,0,4205,3150,0,1860,false,false,false,1800,5,7415,38,1,2
966,keto,19410,71,41,budget,3,100,false,6,1560,190,255,0,0.5352112676056338,0.16901408450704225,0.08450704225352113,0.2112676056338028,16,3,normal,false,10,35,0,4400,3300,3090,8620,false,true,false,7810,15,11600,56,3,7|3|7
967,keto,4578,32,2,budget,0,73,true,5,1170,79,134,0.09375,0.90625,0,0,0,1,2,crash,false,6,11,98,4300,180,0,0,false,false,true,0,0,4578,32,0,
968,keto,4567,39,9,budget,1,100,true,4,1020,88,119,0.3333333333333333,0.48717948717948717,0.05128205128205128,0,0.1282051282051282,6,1,crash,false,11,9,527,1595,480,405,1560,false,true,true,1560,5,3007,34,1,2
969,keto,8045,48,18,budget,0,99,false,9,2720,114,159,0,0.75,0.14583333333333334,0.10416666666666667,0,9,5,normal,false,6,20,0,6020,1080,945,0,true,true,true,0,0,8045,48,0,
970,keto,4725,32,2,budget,0,81,true,5,870,92,113,0.03125,0.9375,0.03125,0,0,2,18,normal,false,5,13,30,4335,360,0,0,false,false,false,0,0,4725,32,0,
971,keto,10205,61,31,budget,1,100,false,4,1380,145,186,0,0.7049180327868853,0.11475409836065574,0.09836065573770492,0.08196721311475409,12,2,normal,false,10,27,0,3555,2120,1530,3000,false,true,true,1710,5,8495,56,1,3
972,keto,3662,30,0,budget,0,63,true,5,1150,73,115,0.16666666666666666,0.8333333333333334,0,0,0,2,13,normal,false,5,12,472,3190,0,0,0,false,false,false,0,0,3662,30,0,
973,keto,3700,32,2,budget,0,73,true,4,555,69,122,0.15625,0.8125,0.03125,0,0,4,2,normal,false,4,16,195,3415,90,0,0,false,false,true,0,0,3700,32,0,
974,keto,3844,30,0,budget,0,62,true,5,735,64,121,0.3,0.7,0,0,0,4,8,normal,false,7,12,279,3565,0,0,0,false,false,true,0,0,3844,30,0,
975,keto,2002,23,4,lock,0,73,true,3,330,38,81,0.30434782608695654,0.6956521739130435,0,0,0,4,2,crash,false,5,9,347,1355,300,0,0,false,false,false,0,0,2002,23,0,
976,keto,2461,30,0,budget,0,52,true,4,315,57,118,0.5333333333333333,0.4666666666666667,0,0,0,3,6,crash,false,4,12,1046,1415,0,0,0,false,false,true,0,0,2461,30,0,
977,keto,7965,51,21,budget,1,100,true,4,1840,117,144,0.0196078431372549,0.6274509803921569,0.19607843137254902,0.058823529411764705,0.09803921568627451,9,4,normal,false,18,22,15,3000,1410,360,3180,false,true,false,1430,5,6535,46,1,7
978,keto,2320,6,6,lock,0,84,false,3,1120,23,34,0,0.5,0.5,0,0,3,2,keto,false,1,4,0,120,2200,0,0,false,false,false,0,0,2320,6,0,
979,keto,5040,34,4,budget,0,82,true,4,870,80,137,0.20588235294117646,0.7352941176470589,0.058823529411764705,0,0,5,9,normal,false,7,13,240,2820,1980,0,0,false,false,true,0,0,5040,34,0,
980,keto,2711,32,2,budget,0,74,true,4,585,65,95,0.25,0.71875,0.03125,0,0,3,1,normal,false,5,12,251,2370,90,0,0,false,false,true,0,0,2711,32,0,
981,keto,2228,30,0,budget,0,58,true,3,270,61,97,0.13333333333333333,0.8666666666666667,0,0,0,0,-1,crash,false,6,7,178,2050,0,0,0,false,false,false,0,0,2228,30,0,
982,keto,4630,36,6,budget,0,82,false,4,720,89,123,0,0.9166666666666666,0.08333333333333333,0,0,3,3,normal,false,13,13,0,3640,990,0,0,false,false,true,0,0,4630,36,0,
983,keto,10188,47,17,budget,1,100,true,7,1365,128,177,0.0851063829787234,0.6808510638297872,0.10638297872340426,0.02127659574468085,0.10638297872340426,8,3,normal,false,4,23,203,4370,1170,2565,1880,false,true,false,1740,5,8448,42,1,5
984,keto,15695,69,39,budget,1,100,false,8,2840,180,268,0,0.5797101449275363,0.2608695652173913,0.08695652173913043,0.07246376811594203,18,2,normal,false,5,35,0,6835,5020,2160,1680,false,true,false,1590,5,14105,64,1,6
985,keto,4340,32,2,budget,0,73,true,7,1530,73,104,0.03125,0.9375,0.03125,0,0,2,2,normal,false,5,14,15,4235,90,0,0,false,false,true,0,0,4340,32,0,
986,keto,8828,53,23,budget,1,100,true,5,1040,121,178,0.05660377358490566,0.6037735849056604,0.20754716981132076,0.03773584905660377,0.09433962264150944,10,2,normal,false,11,25,83,4195,2220,630,1700,false,false,true,1670,5,7158,48,1,4
987,keto,2004,32,2,budget,0,73,true,4,255,55,112,0.5,0.46875,0.03125,0,0,3,2,normal,false,5,10,1014,900,90,0,0,false,false,false,0,0,2004,32,0,
988,keto,13810,60,30,budget,2,100,true,5,1530,149,203,0.05,0.4666666666666667,0.21666666666666667,0.1,0.16666666666666666,13,2,normal,false,8,31,75,2485,4830,2160,4260,false,true,false,3600,10,10210,50,2,4|4
989,keto,6883,53,23,budget,1,100,true,3,600,122,176,0.09433962264150944,0.660377358490566,0.1320754716981132,0.018867924528301886,0.09433962264150944,12,3,crash,false,6,23,263,3860,1110,90,1560,false,false,true,1530,5,5353,48,1,4
990,keto,615,9,0,lock,0,66,false,2,150,15,24,0,1,0,0,0,0,-1,normal,false,5,2,0,615,0,0,0,false,false,false,0,0,615,9,0,
991,keto,11485,49,19,budget,1,100,true,6,2580,118,222,0.20408163265306123,0.5918367346938775,0.061224489795918366,0.04081632653061224,0.10204081632653061,10,1,normal,false,8,22,415,4170,3090,270,3540,false,false,false,3510,5,7975,44,1,4
992,keto,4623,36,6,budget,0,97,true,4,960,79,127,0.1111111111111111,0.8333333333333334,0.027777777777777776,0.027777777777777776,0,6,2,normal,false,5,17,368,2920,390,945,0,true,true,true,0,0,4623,36,0,
993,keto,23400,89,59,budget,3,100,true,8,5190,235,297,0.011235955056179775,0.6179775280898876,0.14606741573033707,0.056179775280898875,0.16853932584269662,20,11,normal,false,7,41,15,4210,6110,6525,6540,false,true,false,6060,15,17340,74,3,4|3|2
994,keto,925,10,0,lock,0,64,true,3,255,16,33,0.1,0.9,0,0,0,0,-1,crash,false,5,3,0,925,0,0,0,false,false,false,0,0,925,10,0,
995,keto,4212,44,14,budget,0,99,true,4,640,89,129,0.1590909090909091,0.6818181818181818,0.11363636363636363,0.045454545454545456,0,8,3,normal,false,4,20,422,2735,740,315,0,true,true,true,0,0,4212,44,0,
996,keto,18929,75,45,budget,3,100,true,8,3870,198,263,0.16,0.4,0.2,0.04,0.2,19,2,crash,false,8,35,809,2915,7290,495,7420,false,false,false,8140,15,10789,60,2,3|4
997,keto,7212,39,9,budget,1,100,true,5,2820,88,109,0.23076923076923078,0.5128205128205128,0.07692307692307693,0.05128205128205128,0.1282051282051282,6,3,normal,false,9,16,347,1465,210,270,4920,false,true,false,4830,5,2382,34,1,4
998,keto,3440,34,4,budget,0,83,true,3,460,75,101,0.029411764705882353,0.9117647058823529,0.058823529411764705,0,0,3,2,normal,false,4,17,15,3035,390,0,0,false,false,false,0,0,3440,34,0,
999,keto,6326,42,12,budget,0,98,true,6,1270,95,135,0.09523809523809523,0.7619047619047619,0.09523809523809523,0.047619047619047616,0,6,3,crash,false,6,15,91,3960,970,1305,0,true,true,false,0,0,6326,42,0,
1000,keto,5515,40,10,budget,0,86,false,6,1645,98,135,0,0.875,0.125,0,0,5,2,normal,false,6,21,0,4765,750,0,0,false,false,true,0,0,5515,40,0,
1001,keto,3346,34,4,budget,0,80,true,4,575,74,112,0.14705882352941177,0.8235294117647058,0.029411764705882353,0,0,4,10,normal,false,7,17,146,3110,90,0,0,false,false,true,0,0,3346,34,0,
1002,keto,2747,36,6,budget,0,81,true,3,375,71,116,0.3055555555555556,0.6388888888888888,0.05555555555555555,0,0,6,4,normal,false,6,17,452,2115,180,0,0,false,false,true,0,0,2747,36,0,
1003,keto,6578,48,18,budget,0,97,true,5,435,119,169,0.041666666666666664,0.7291666666666666,0.16666666666666666,0.0625,0,9,2,normal,false,7,21,448,3595,1680,855,0,true,true,true,0,0,6578,48,0,
1004,keto,13045,86,56,budget,0,99,true,5,2940,215,258,0.011627906976744186,0.6046511627906976,0.3372093023255814,0.046511627906976744,0,28,2,normal,false,7,43,75,4755,4210,4005,0,true,true,false,0,0,13045,86,0,
1005,keto,12035,82,52,budget,0,99,false,6,1065,190,252,0,0.6585365853658537,0.24390243902439024,0.0975609756097561,0,24,2,normal,false,9,50,0,5955,2990,3090,0,true,true,true,0,0,12035,82,0,
1006,keto,1524,30,0,budget,0,66,true,2,135,48,79,0.4,0.6,0,0,0,3,19,normal,false,9,7,489,1035,0,0,0,false,false,true,0,0,1524,30,0,
1007,keto,2138,34,4,budget,0,83,true,4,450,54,78,0.11764705882352941,0.7647058823529411,0.11764705882352941,0,0,4,2,normal,false,7,12,113,1695,330,0,0,false,false,false,0,0,2138,34,0,
1008,keto,17925,74,44,budget,4,100,false,4,4020,158,211,0,0.5405405405405406,0.14864864864864866,0.04054054054054054,0.2702702702702703,14,16,normal,false,12,31,0,3015,1500,450,12960,false,false,false,12510,20,5415,54,4,3|4|4|4
1009,keto,7415,47,17,budget,1,100,true,4,1680,111,146,0.0425531914893617,0.7446808510638298,0.0851063829787234,0.02127659574468085,0.10638297872340426,8,5,normal,false,9,22,30,3365,1500,600,1920,false,false,true,2340,5,5075,42,1,2
1010,keto,13485,57,27,budget,1,100,true,5,2175,129,188,0.03508771929824561,0.7368421052631579,0.10526315789473684,0.03508771929824561,0.08771929824561403,13,3,crash,false,12,21,15,3425,2960,2565,4520,false,true,false,2870,5,10615,52,1,7
1011,keto,5306,32,2,budget,0,79,true,7,1710,84,150,0.125,0.84375,0.03125,0,0,1,3,crash,false,6,14,206,5010,90,0,0,false,false,true,0,0,5306,32,0,
1012,keto,15608,71,41,budget,1,100,true,6,1140,166,289,0.08450704225352113,0.5774647887323944,0.23943661971830985,0.028169014084507043,0.07042253521126761,22,2,crash,false,6,40,963,4070,4680,3915,1980,false,false,false,990,5,14618,66,1,9
1013,keto,3189,38,8,budget,0,96,true,3,435,69,104,0.23684210526315788,0.631578947368421,0.10526315789473684,0.02631578947368421,0,7,3,normal,false,7,11,204,2250,600,135,0,true,true,true,0,0,3189,38,0,
1014,keto,4948,30,0,budget,0,62,true,7,1650,68,111,0.06666666666666667,0.9333333333333333,0,0,0,1,17,normal,false,5,10,38,4910,0,0,0,false,false,true,0,0,4948,30,0,
1015,keto,9131,43,13,budget,1,100,true,5,4300,101,154,0.13953488372093023,0.6046511627906976,0.09302325581395349,0.046511627906976744,0.11627906976744186,5,2,normal,false,13,17,371,2415,420,225,5700,false,false,true,5670,5,3461,38,1,6
1016,keto,5135,30,0,budget,0,66,true,5,780,84,144,0.03333333333333333,0.9666666666666667,0,0,0,0,-1,crash,false,4,14,0,5135,0,0,0,false,false,false,0,0,5135,30,0,
1017,keto,13856,72,42,budget,2,100,true,4,1470,177,219,0.06944444444444445,0.5416666666666666,0.16666666666666666,0.08333333333333333,0.1388888888888889,18,2,normal,false,10,34,136,3090,3720,2010,4900,false,true,false,4870,10,8986,62,2,5|3
1018,keto,2720,30,0,budget,0,66,true,4,645,57,89,0.06666666666666667,0.9333333333333333,0,0,0,1,10,normal,false,7,7,75,2645,0,0,0,false,false,false,0,0,2720,30,0,
1019,keto,13201,47,17,budget,1,100,true,6,3380,133,202,0.10638297872340426,0.5957446808510638,0.14893617021276595,0.0425531914893617,0.10638297872340426,9,2,crash,false,7,24,821,3185,810,2025,6360,false,true,true,5910,5,7291,42,1,8
1020,keto,2713,30,0,budget,0,61,true,4,323,68,105,0.2,0.8,0,0,0,2,10,normal,false,4,15,568,2145,0,0,0,false,false,false,0,0,2713,30,0,
1021,keto,2628,30,0,budget,0,62,true,4,780,44,103,0.3333333333333333,0.6666666666666666,0,0,0,1,27,normal,false,6,8,318,2310,0,0,0,false,false,false,0,0,2628,30,0,
1022,keto,2759,30,0,budget,0,62,true,4,505,66,104,0.2,0.8,0,0,0,3,12,normal,false,4,14,319,2440,0,0,0,false,false,false,0,0,2759,30,0,
1023,keto,3375,34,4,budget,0,75,true,4,570,66,99,0,0.9411764705882353,0.058823529411764705,0,0,2,14,normal,false,5,13,30,3165,180,0,0,false,false,false,0,0,3375,34,0,
1024,keto,8670,55,25,budget,1,100,false,4,960,137,173,0,0.7090909090909091,0.16363636363636364,0.03636363636363636,0.09090909090909091,11,2,normal,false,10,25,0,4020,2130,900,1620,false,true,false,1170,5,7500,50,1,4
1025,keto,3190,30,0,budget,0,62,true,4,480,70,97,0.06666666666666667,0.9333333333333333,0,0,0,2,24,normal,false,4,15,30,3160,0,0,0,false,false,true,0,0,3190,30,0,
1026,keto,8115,56,26,budget,0,88,true,4,760,147,207,0.05357142857142857,0.7321428571428571,0.19642857142857142,0.017857142857142856,0,13,3,normal,false,4,26,150,5180,2650,135,0,false,false,true,0,0,8115,56,0,
1027,keto,5895,29,18,lock,0,99,false,6,2600,68,90,0,0.4827586206896552,0.4482758620689655,0.06896551724137931,0,9,4,normal,false,4,15,0,1045,3500,1350,0,true,true,false,0,0,5895,29,0,
1028,keto,8900,41,11,budget,1,100,true,5,3060,91,140,0.3170731707317073,0.4634146341463415,0.04878048780487805,0.04878048780487805,0.12195121951219512,7,2,normal,false,9,15,415,1770,270,2745,3700,false,false,false,5740,5,3160,36,1,4
1029,keto,8108,47,17,budget,1,100,true,5,1005,103,170,0.0851063829787234,0.6170212765957447,0.1702127659574468,0.02127659574468085,0.10638297872340426,9,1,normal,false,12,15,68,4440,870,810,1920,false,true,true,1830,5,6278,42,1,5
1030,keto,4355,34,4,budget,0,74,true,4,600,87,127,0,0.9411764705882353,0.058823529411764705,0,0,2,2,normal,false,4,16,30,4145,180,0,0,false,false,false,0,0,4355,34,0,
1031,keto,3840,34,4,budget,0,84,false,3,345,85,116,0,0.9117647058823529,0.08823529411764706,0,0,2,2,normal,false,4,19,0,3510,330,0,0,false,false,false,0,0,3840,34,0,
1032,keto,29668,100,79,lock,3,100,true,5,3420,269,383,0.02,0.49,0.26,0.08,0.15,29,7,crash,false,8,54,368,4870,9460,3150,11820,false,true,true,8640,15,21028,85,1,2
1033,keto,9038,50,20,budget,0,99,true,5,1815,136,175,0.04,0.62,0.24,0.1,0,10,2,normal,false,5,21,398,3555,1980,3105,0,true,true,false,0,0,9038,50,0,
1034,keto,2378,30,0,budget,0,50,true,3,285,58,114,0.43333333333333335,0.5666666666666667,0,0,0,3,8,crash,false,4,12,658,1720,0,0,0,false,false,false,0,0,2378,30,0,
1035,keto,6328,36,6,budget,0,97,true,6,1005,93,156,0.08333333333333333,0.7777777777777778,0.1111111111111111,0.027777777777777776,0,4,1,normal,false,11,12,348,4510,300,1170,0,true,true,true,0,0,6328,36,0,
1036,keto,4733,38,8,budget,0,93,true,4,690,74,132,0.13157894736842105,0.6842105263157895,0.15789473684210525,0.02631578947368421,0,6,2,crash,false,9,16,113,3765,450,405,0,true,false,false,0,0,4733,38,0,
1037,keto,6240,38,8,budget,0,93,false,6,2070,84,122,0,0.7894736842105263,0.15789473684210525,0.05263157894736842,0,4,3,normal,false,4,14,0,2865,2430,945,0,true,false,true,0,0,6240,38,0,
1038,keto,15565,66,36,budget,2,100,false,5,2850,173,235,0,0.5909090909090909,0.21212121212121213,0.045454545454545456,0.15151515151515152,14,2,normal,false,8,32,0,4365,2740,2160,6300,false,true,true,5970,10,9595,56,2,2|6
1039,keto,4360,30,0,budget,0,62,false,7,1320,86,122,0,1,0,0,0,0,-1,normal,false,9,9,0,4360,0,0,0,false,false,true,0,0,4360,30,0,
1040,keto,3935,36,6,budget,0,81,true,3,660,71,117,0.027777777777777776,0.9722222222222222,0,0,0,4,2,normal,false,6,12,45,2900,990,0,0,false,false,true,0,0,3935,36,0,
1041,keto,26074,89,59,budget,3,100,true,9,8220,220,310,0.12359550561797752,0.3707865168539326,0.30337078651685395,0.033707865168539325,0.16853932584269662,25,1,normal,false,6,49,904,2650,4830,3150,14540,false,true,false,6140,15,19934,74,3,4|4|5
1042,keto,8313,59,29,budget,1,100,true,5,1770,113,172,0.23728813559322035,0.4406779661016949,0.13559322033898305,0.1016949152542373,0.0847457627118644,18,2,normal,false,8,32,753,1785,3300,1035,1440,false,true,false,1410,5,6903,54,1,6
1043,keto,3448,40,10,budget,0,80,true,4,455,82,121,0.15,0.75,0.1,0,0,8,2,normal,false,4,20,338,2570,540,0,0,false,false,true,0,0,3448,40,0,
1044,keto,14890,71,41,budget,1,100,true,4,1680,160,227,0.014084507042253521,0.5070422535211268,0.30985915492957744,0.09859154929577464,0.07042253521126761,18,2,normal,false,9,31,15,2790,5680,2745,3660,false,true,false,3570,5,11320,66,1,3
1045,keto,20419,95,65,budget,3,100,true,4,1290,241,298,0.031578947368421054,0.49473684210526314,0.23157894736842105,0.08421052631578947,0.15789473684210525,27,2,crash,false,7,54,504,3565,5490,4920,5940,false,true,true,5790,15,14629,80,3,5|5|4
1046,keto,4548,38,8,budget,0,89,true,3,745,85,137,0.05263157894736842,0.868421052631579,0.05263157894736842,0.02631578947368421,0,3,1,crash,false,11,15,173,3090,700,585,0,false,false,true,0,0,4548,38,0,
1047,keto,2625,30,0,budget,0,64,true,3,435,53,96,0.1,0.9,0,0,0,1,23,normal,false,5,9,60,2565,0,0,0,false,false,false,0,0,2625,30,0,
1048,keto,9946,42,12,budget,0,82,true,7,3990,114,187,0.047619047619047616,0.9285714285714286,0.023809523809523808,0,0,6,5,crash,false,6,19,166,5130,4650,0,0,false,false,false,0,0,9946,42,0,
1049,keto,13773,55,25,budget,1,100,true,6,4540,129,202,0.05454545454545454,0.5636363636363636,0.2545454545454545,0.03636363636363636,0.09090909090909091,11,4,crash,false,5,27,128,3025,3100,900,6620,false,true,false,5830,5,7943,50,1,4
1050,keto,3256,32,2,budget,0,71,true,4,705,66,110,0.15625,0.84375,0,0,0,3,4,normal,false,5,13,111,3145,0,0,0,false,false,true,0,0,3256,32,0,
1051,keto,1703,30,0,budget,0,63,true,3,315,43,85,0.4666666666666667,0.5333333333333333,0,0,0,0,-1,crash,false,8,6,438,1265,0,0,0,false,false,false,0,0,1703,30,0,
1052,keto,13671,65,35,budget,1,100,true,5,2340,129,193,0.12307692307692308,0.47692307692307695,0.27692307692307694,0.046153846153846156,0.07692307692307693,21,2,normal,false,11,29,181,1930,2170,6090,3300,false,true,true,3270,5,10401,60,1,11
1053,keto,10520,31,28,lock,0,99,false,5,2605,103,120,0,0.3548387096774194,0.3870967741935484,0.25806451612903225,0,12,2,deep,false,2,19,0,1205,3390,5925,0,true,true,true,0,0,10520,31,0,
1054,keto,3450,34,4,budget,0,85,false,3,555,74,98,0,0.9411764705882353,0.058823529411764705,0,0,1,2,normal,false,9,12,0,2745,300,405,0,false,false,false,0,0,3450,34,0,
1055,keto,6397,66,36,budget,0,91,true,3,375,132,201,0.15151515151515152,0.6212121212121212,0.19696969696969696,0.030303030303030304,0,19,2,normal,false,8,34,647,3340,1870,540,0,true,false,false,0,0,6397,66,0,
1056,keto,3599,30,0,budget,0,62,true,5,1020,68,126,0.3,0.7,0,0,0,3,13,normal,false,4,13,509,3090,0,0,0,false,false,false,0,0,3599,30,0,
1057,keto,17285,79,49,budget,3,100,true,5,2400,193,252,0.0759493670886076,0.4430379746835443,0.22784810126582278,0.06329113924050633,0.189873417721519,22,2,normal,false,8,43,240,3560,3180,5205,5100,false,true,true,4630,15,12655,64,3,8|5|4
1058,keto,2010,30,0,budget,0,50,true,3,195,48,103,0.43333333333333335,0.5666666666666667,0,0,0,4,6,normal,false,4,14,580,1430,0,0,0,false,false,true,0,0,2010,30,0,
1059,keto,21600,95,66,lock,2,100,true,6,1575,243,351,0.010526315789473684,0.6421052631578947,0.18947368421052632,0.05263157894736842,0.10526315789473684,27,2,crash,false,7,52,0,6105,8040,2655,4800,false,true,false,4200,10,17400,85,2,2|5
1060,keto,4016,32,2,budget,0,76,true,6,855,75,130,0.1875,0.8125,0,0,0,2,21,normal,false,5,14,286,3490,240,0,0,false,false,true,0,0,4016,32,0,
1061,keto,2027,32,2,budget,0,70,true,3,225,54,92,0.28125,0.71875,0,0,0,3,11,normal,false,4,13,362,1665,0,0,0,false,false,false,0,0,2027,32,0,
1062,keto,2865,30,0,budget,0,67,false,4,480,57,89,0,1,0,0,0,0,-1,normal,false,6,9,0,2865,0,0,0,false,false,false,0,0,2865,30,0,
1063,keto,2293,30,0,budget,0,50,true,4,480,50,103,0.5,0.5,0,0,0,5,4,normal,false,5,10,548,1745,0,0,0,false,false,true,0,0,2293,30,0,
1064,keto,7415,46,16,budget,0,99,false,5,1080,111,150,0,0.6956521739130435,0.2608695652173913,0.043478260869565216,0,7,16,normal,false,6,19,0,3835,2950,630,0,true,true,false,0,0,7415,46,0,
1065,keto,3313,34,4,budget,0,79,true,4,515,73,103,0.11764705882352941,0.8529411764705882,0.029411764705882353,0,0,5,2,normal,false,4,16,98,2945,270,0,0,false,false,false,0,0,3313,34,0,
1066,keto,6485,32,2,budget,0,73,false,5,1065,99,155,0,1,0,0,0,1,2,normal,false,6,11,0,5855,630,0,0,false,false,false,0,0,6485,32,0,
1067,keto,5658,38,8,budget,0,92,true,4,1395,84,129,0.05263157894736842,0.7894736842105263,0.10526315789473684,0.05263157894736842,0,6,12,normal,false,4,17,113,2620,1260,1665,0,true,false,false,0,0,5658,38,0,
1068,keto,14010,88,58,budget,2,100,false,5,1035,194,234,0,0.5113636363636364,0.2727272727272727,0.10227272727272728,0.11363636363636363,25,3,normal,false,13,40,0,3765,2700,4005,3540,false,true,false,3000,10,11010,78,2,5|19
1069,keto,15250,77,47,budget,1,100,true,7,3760,184,246,0,0.6233766233766234,0.2077922077922078,0.1038961038961039,0.06493506493506493,21,2,normal,false,12,37,30,4350,6250,1800,2820,false,true,false,1920,5,13330,72,1,2
1070,keto,3840,32,2,budget,0,77,true,5,900,73,112,0.0625,0.90625,0.03125,0,0,3,4,normal,false,6,10,45,3705,90,0,0,false,false,true,0,0,3840,32,0,
1071,keto,5480,48,18,budget,0,90,false,5,530,112,146,0,0.875,0.10416666666666667,0.020833333333333332,0,9,2,normal,false,7,19,0,4430,870,180,0,true,false,false,0,0,5480,48,0,
1072,keto,5097,41,11,budget,1,100,true,4,600,74,135,0.43902439024390244,0.34146341463414637,0.04878048780487805,0.04878048780487805,0.12195121951219512,8,1,crash,false,4,18,882,1055,760,180,2220,false,false,false,1770,5,3327,36,1,4
1073,keto,2820,36,6,budget,0,95,false,3,330,75,88,0,0.8611111111111112,0.1111111111111111,0.027777777777777776,0,2,1,normal,false,15,8,0,2205,480,135,0,true,true,true,0,0,2820,36,0,
1074,keto,7775,43,13,budget,1,100,false,7,1680,113,153,0,0.813953488372093,0.046511627906976744,0.023255813953488372,0.11627906976744186,4,2,normal,false,12,14,0,4865,1260,90,1560,false,false,false,1110,5,6665,38,1,2
1075,keto,1871,30,0,budget,0,50,true,3,285,39,98,0.5333333333333333,0.4666666666666667,0,0,0,6,5,normal,false,5,11,626,1245,0,0,0,false,false,true,0,0,1871,30,0,
1076,keto,24753,88,58,budget,2,100,true,7,6240,248,342,0.07954545454545454,0.4318181818181818,0.2840909090909091,0.09090909090909091,0.11363636363636363,28,3,normal,false,5,54,263,5995,4850,10005,3640,false,true,false,3310,10,21443,78,2,3|3
1077,keto,6405,48,18,budget,0,92,true,4,540,126,166,0.041666666666666664,0.8125,0.08333333333333333,0.0625,0,7,1,normal,false,7,18,50,4510,1350,495,0,true,false,true,0,0,6405,48,0,
1078,keto,4025,32,2,budget,0,83,false,5,720,72,106,0,0.90625,0.09375,0,0,1,2,normal,false,6,13,0,3785,240,0,0,false,false,false,0,0,4025,32,0,
1079,keto,5300,52,22,budget,0,85,false,3,610,110,142,0,0.8076923076923077,0.19230769230769232,0,0,10,3,normal,false,3,27,0,3520,1780,0,0,false,false,false,0,0,5300,52,0,
1080,keto,3973,30,0,budget,0,62,true,5,870,71,136,0.26666666666666666,0.7333333333333333,0,0,0,1,16,normal,false,6,13,698,3275,0,0,0,false,false,true,0,0,3973,30,0,
1081,keto,5840,42,12,budget,0,96,true,4,905,99,153,0.023809523809523808,0.7380952380952381,0.21428571428571427,0.023809523809523808,0,6,3,crash,false,5,18,0,3700,970,1170,0,true,true,false,0,0,5840,42,0,
1082,keto,3785,40,10,budget,0,92,true,3,360,74,118,0.2,0.7,0.05,0.05,0,10,1,normal,false,9,16,265,2320,930,270,0,true,false,true,0,0,3785,40,0,
1083,keto,2966,32,2,budget,0,77,true,4,360,65,125,0.21875,0.75,0.03125,0,0,3,4,crash,false,4,14,591,2285,90,0,0,false,false,true,0,0,2966,32,0,
1084,keto,3585,40,10,budget,0,90,true,3,360,80,118,0.025,0.85,0.1,0.025,0,5,3,crash,false,7,17,45,3005,400,135,0,true,false,false,0,0,3585,40,0,
1085,keto,2674,30,0,budget,0,68,true,4,271,71,105,0.36666666666666664,0.6333333333333333,0,0,0,5,7,normal,false,3,14,614,2060,0,0,0,false,false,false,0,0,2674,30,0,
1086,keto,2896,30,0,budget,0,68,true,4,435,63,88,0.2,0.8,0,0,0,3,12,normal,false,3,11,151,2745,0,0,0,false,false,false,0,0,2896,30,0,
1087,keto,10730,47,17,budget,1,100,true,5,2265,119,169,0.02127659574468085,0.7446808510638298,0.10638297872340426,0.02127659574468085,0.10638297872340426,8,2,normal,false,5,20,15,3110,2130,2295,3180,false,true,false,3090,5,7640,42,1,3
1088,keto,16925,65,35,budget,1,100,false,6,2610,192,263,0,0.7076923076923077,0.15384615384615385,0.06153846153846154,0.07692307692307693,15,2,normal,false,12,35,0,6125,5160,3240,2400,false,true,false,1650,5,15275,60,1,5
1089,keto,3751,36,6,budget,0,80,true,5,990,68,112,0.1111111111111111,0.8611111111111112,0.027777777777777776,0,0,3,17,crash,false,7,11,151,2700,900,0,0,false,false,false,0,0,3751,36,0,
1090,keto,4230,32,6,lock,0,84,true,4,570,79,119,0.0625,0.78125,0.15625,0,0,5,2,normal,false,5,14,60,3690,480,0,0,false,false,false,0,0,4230,32,0,
1091,keto,3615,38,8,budget,0,72,true,3,360,89,113,0.02631578947368421,0.9736842105263158,0,0,0,5,15,normal,false,7,10,15,3420,180,0,0,false,false,false,0,0,3615,38,0,
1092,keto,9643,53,23,budget,1,100,true,5,900,147,220,0.09433962264150944,0.6226415094339622,0.1509433962264151,0.03773584905660377,0.09433962264150944,12,3,normal,false,9,28,783,4245,3250,225,1140,false,false,true,1050,5,8593,48,1,4
1093,keto,9825,62,32,budget,2,100,true,3,1980,139,168,0.1774193548387097,0.4838709677419355,0.11290322580645161,0.06451612903225806,0.16129032258064516,13,10,normal,false,12,22,320,2375,990,660,5480,false,false,false,3680,10,6145,52,2,4|2
1094,keto,13650,71,41,budget,3,100,false,4,1560,165,190,0,0.43661971830985913,0.323943661971831,0.028169014084507043,0.2112676056338028,14,1,normal,false,7,33,0,2775,2520,2115,6240,false,true,false,5640,15,8010,56,3,3|2|15
1095,keto,8705,39,9,budget,1,100,true,4,1455,122,153,0.02564102564102564,0.7948717948717948,0.05128205128205128,0,0.1282051282051282,2,29,crash,false,6,17,0,4120,150,1395,3040,false,false,false,4315,5,4390,34,1,2
1096,keto,3773,38,8,budget,0,86,true,3,420,80,122,0.07894736842105263,0.8157894736842105,0.10526315789473684,0,0,6,2,normal,false,5,17,173,2940,660,0,0,false,false,true,0,0,3773,38,0,
1097,keto,4085,30,0,budget,0,65,false,4,965,78,122,0,1,0,0,0,0,-1,normal,false,5,11,0,4085,0,0,0,false,false,false,0,0,4085,30,0,
1098,keto,13416,70,40,budget,2,100,true,4,2460,157,223,0.1,0.6,0.12857142857142856,0.02857142857142857,0.14285714285714285,18,2,normal,false,5,33,241,3510,2680,405,6580,false,false,false,6550,10,6866,60,2,5|2
1099,keto,12470,69,39,budget,1,100,false,5,1830,170,229,0,0.6376811594202898,0.2463768115942029,0.043478260869565216,0.07246376811594203,16,3,normal,false,5,30,0,4130,5010,1710,1620,false,true,false,1170,5,11300,64,1,11
1100,keto,18621,75,45,budget,1,100,true,6,2100,197,307,0.02666666666666667,0.5733333333333334,0.26666666666666666,0.06666666666666667,0.06666666666666667,18,2,crash,false,9,38,151,5325,7310,4515,1320,false,true,true,1500,5,17121,70,1,2
1101,keto,2458,34,4,budget,0,90,true,3,225,62,86,0.058823529411764705,0.8823529411764706,0.029411764705882353,0.029411764705882353,0,2,14,normal,false,13,8,113,2000,210,135,0,true,false,true,0,0,2458,34,0,
1102,keto,4530,30,0,budget,0,50,true,4,1020,80,128,0.1,0.9,0,0,0,2,11,normal,false,4,10,120,4410,0,0,0,false,false,false,0,0,4530,30,0,
1103,keto,135,4,2,lock,0,74,false,1,45,9,3,0,0.75,0.25,0,0,1,4,keto,false,3,1,0,135,0,0,0,false,false,true,0,0,135,4,0,
1104,keto,2665,30,0,budget,0,68,true,3,285,67,87,0.03333333333333333,0.9666666666666667,0,0,0,1,23,normal,false,5,11,75,2590,0,0,0,false,false,false,0,0,2665,30,0,
1105,keto,17573,77,47,budget,3,100,true,6,1410,196,269,0.07792207792207792,0.5714285714285714,0.09090909090909091,0.06493506493506493,0.19480519480519481,19,2,crash,false,9,44,203,4690,4740,540,7400,false,false,false,6590,15,10983,62,3,4|5|4
1106,keto,5335,50,20,budget,0,80,true,4,555,114,149,0.04,0.74,0.22,0,0,11,2,normal,false,5,25,30,3955,1350,0,0,false,false,true,0,0,5335,50,0,
1107,keto,16115,60,30,budget,2,100,true,5,2460,166,225,0.03333333333333333,0.5166666666666667,0.2,0.08333333333333333,0.16666666666666666,12,2,normal,false,5,27,75,4305,2860,2835,6040,false,true,false,4830,10,11285,50,2,2|6
1108,keto,8125,44,14,budget,0,97,false,6,1335,110,165,0,0.8409090909090909,0.09090909090909091,0.06818181818181818,0,7,3,normal,false,6,21,0,5455,1050,1620,0,true,true,true,0,0,8125,44,0,
1109,keto,10793,60,30,budget,2,100,true,5,1300,159,183,0.05,0.6,0.13333333333333333,0.05,0.16666666666666666,13,1,normal,false,9,28,103,4305,2290,315,3780,false,false,true,3030,10,7763,50,2,2|7
1110,keto,2771,30,0,budget,0,53,true,4,585,59,114,0.26666666666666666,0.7333333333333333,0,0,0,3,16,crash,false,7,11,596,2175,0,0,0,false,false,false,0,0,2771,30,0,
1111,keto,2110,18,2,lock,0,73,false,5,825,34,53,0,0.9444444444444444,0.05555555555555555,0,0,1,2,normal,false,6,5,0,2020,90,0,0,false,false,true,0,0,2110,18,0,
1112,keto,8115,55,25,budget,1,100,true,4,870,129,172,0.01818181818181818,0.7090909090909091,0.09090909090909091,0.09090909090909091,0.09090909090909091,11,3,normal,false,14,23,30,3510,2160,855,1560,false,true,false,1530,5,6585,50,1,2
1113,keto,3833,30,0,budget,0,66,true,6,1410,71,109,0.16666666666666666,0.8333333333333334,0,0,0,2,13,normal,false,6,10,98,3735,0,0,0,false,false,true,0,0,3833,30,0,
1114,keto,2680,30,0,budget,0,65,true,5,780,63,92,0.1,0.9,0,0,0,2,21,normal,false,7,9,135,2545,0,0,0,false,false,true,0,0,2680,30,0,
1115,keto,4921,45,15,budget,1,100,true,4,540,104,133,0.06666666666666667,0.7555555555555555,0.06666666666666667,0,0.1111111111111111,7,1,normal,false,8,18,381,2270,750,0,1520,false,false,false,1700,5,3221,40,1,2
1116,keto,19279,69,39,budget,3,100,true,8,3280,187,244,0.08695652173913043,0.43478260869565216,0.18840579710144928,0.07246376811594203,0.21739130434782608,13,3,crash,false,10,27,144,4705,2550,3120,8760,false,true,false,5660,15,13619,54,3,3|3|12
1117,keto,3189,30,0,budget,0,62,true,4,510,66,117,0.23333333333333334,0.7666666666666667,0,0,0,2,16,normal,false,6,10,474,2715,0,0,0,false,false,true,0,0,3189,30,0,
1118,keto,14966,59,29,budget,1,100,true,4,2640,151,237,0.06779661016949153,0.5932203389830508,0.2033898305084746,0.05084745762711865,0.0847457627118644,9,3,crash,false,11,24,226,4265,1930,2505,6040,false,false,false,5320,5,9646,54,1,3
1119,keto,6408,47,17,budget,1,100,true,5,615,111,150,0.10638297872340426,0.6808510638297872,0.06382978723404255,0.0425531914893617,0.10638297872340426,8,2,crash,false,9,18,113,3520,1110,225,1440,false,false,false,1410,5,4998,42,1,3
1120,keto,3793,38,8,budget,0,93,true,5,635,73,103,0.05263157894736842,0.7631578947368421,0.15789473684210525,0.02631578947368421,0,4,11,crash,false,5,16,23,2615,750,405,0,true,false,false,0,0,3793,38,0,
1121,keto,15205,63,59,lock,5,100,false,4,1140,162,163,0,0.2857142857142857,0.23809523809523808,0.07936507936507936,0.3968253968253968,20,2,keto,false,5,38,0,1485,3330,1530,8860,false,false,true,7750,25,7455,38,5,5|5|2|5|3
1122,keto,7246,44,14,budget,2,100,true,3,1020,94,133,0.22727272727272727,0.36363636363636365,0.1590909090909091,0.022727272727272728,0.22727272727272727,6,2,crash,false,6,21,376,1530,1710,90,3540,false,false,false,2850,10,4396,34,2,5|4
1123,keto,14283,57,27,budget,1,100,true,6,1460,175,242,0.10526315789473684,0.5964912280701754,0.15789473684210525,0.05263157894736842,0.08771929824561403,13,2,normal,false,3,29,503,5500,3190,810,4280,false,false,false,2940,5,11343,52,1,2
1124,keto,4663,36,6,budget,0,80,true,4,690,85,133,0.08333333333333333,0.8888888888888888,0.027777777777777776,0,0,5,5,normal,false,3,19,108,3565,990,0,0,false,false,true,0,0,4663,36,0,
1125,keto,5532,39,9,budget,1,100,true,5,2220,80,116,0.23076923076923078,0.5641025641025641,0.07692307692307693,0,0.1282051282051282,3,2,normal,false,12,11,252,2070,210,1260,1740,false,false,false,2820,5,2712,34,1,3
1126,keto,6148,49,19,budget,1,100,true,4,645,107,159,0.08163265306122448,0.6530612244897959,0.14285714285714285,0.02040816326530612,0.10204081632653061,7,3,crash,false,8,16,338,3595,1060,315,840,false,true,false,840,5,5308,44,1,5
1127,keto,3835,36,6,budget,0,86,true,4,730,70,116,0.25,0.6666666666666666,0.08333333333333333,0,0,3,2,normal,false,10,9,325,2715,390,405,0,false,false,false,0,0,3835,36,0,
1128,keto,2162,30,0,budget,0,62,true,3,240,55,90,0.23333333333333334,0.7666666666666667,0,0,0,1,25,normal,false,6,6,317,1845,0,0,0,false,false,false,0,0,2162,30,0,
1129,keto,3800,30,0,budget,0,63,true,5,1020,60,112,0.13333333333333333,0.8666666666666667,0,0,0,2,24,normal,false,6,8,170,3630,0,0,0,false,false,true,0,0,3800,30,0,
1130,keto,4349,34,4,budget,0,77,true,5,1000,81,129,0.2647058823529412,0.6764705882352942,0.058823529411764705,0,0,4,2,normal,false,3,17,499,3670,180,0,0,false,false,true,0,0,4349,34,0,
1131,keto,2736,30,0,budget,0,53,true,4,540,67,98,0.16666666666666666,0.8333333333333334,0,0,0,3,14,normal,false,5,11,256,2480,0,0,0,false,false,true,0,0,2736,30,0,
1132,keto,2594,30,0,budget,0,64,true,3,450,61,118,0.23333333333333334,0.7666666666666667,0,0,0,1,29,normal,false,6,11,434,2160,0,0,0,false,false,true,0,0,2594,30,0,
1133,keto,15592,76,46,budget,2,100,true,5,1620,186,280,0.11842105263157894,0.4605263157894737,0.23684210526315788,0.05263157894736842,0.13157894736842105,20,1,normal,false,5,43,652,3955,3430,1755,5800,false,false,false,5590,10,10002,66,1,7
1134,keto,557,11,0,lock,0,52,true,2,135,9,33,0.6363636363636364,0.36363636363636365,0,0,0,1,5,crash,false,6,2,167,390,0,0,0,false,false,false,0,0,557,11,0,
1135,keto,3804,30,0,budget,0,62,true,6,1035,75,112,0.3333333333333333,0.6666666666666666,0,0,0,5,14,normal,false,3,13,274,3530,0,0,0,false,false,false,0,0,3804,30,0,
1136,keto,3465,32,2,budget,0,71,true,5,825,65,105,0.03125,0.96875,0,0,0,2,16,normal,false,8,8,15,3450,0,0,0,false,false,false,0,0,3465,32,0,
1137,keto,3065,34,4,budget,0,80,true,4,510,68,98,0.029411764705882353,0.9411764705882353,0.029411764705882353,0,0,3,1,normal,false,5,15,15,2960,90,0,0,false,false,false,0,0,3065,34,0,
1138,keto,10346,42,21,lock,1,100,true,6,2340,95,153,0.11904761904761904,0.5,0.21428571428571427,0.047619047619047616,0.11904761904761904,8,5,crash,false,8,17,121,2685,1690,450,5400,false,false,false,5560,5,4786,37,1,3
1139,keto,4151,30,0,budget,0,62,true,4,540,72,126,0.2,0.8,0,0,0,4,12,normal,false,3,16,256,3895,0,0,0,false,false,true,0,0,4151,30,0,
1140,keto,2810,30,0,budget,0,61,false,4,480,63,88,0,1,0,0,0,0,-1,normal,false,5,12,0,2810,0,0,0,false,false,true,0,0,2810,30,0,
1141,keto,4670,36,6,budget,0,75,true,4,540,86,122,0.027777777777777776,0.9722222222222222,0,0,0,4,13,normal,false,3,16,15,3965,690,0,0,false,false,true,0,0,4670,36,0,
1142,keto,6680,45,15,budget,1,100,true,6,1065,109,145,0.022222222222222223,0.6888888888888889,0.13333333333333333,0.044444444444444446,0.1111111111111111,7,3,normal,false,9,19,240,3965,630,225,1620,false,false,true,1290,5,5390,40,1,3
1143,keto,3770,34,4,budget,0,76,true,4,510,73,112,0.08823529411764706,0.8823529411764706,0.029411764705882353,0,0,4,5,normal,false,7,13,180,3230,360,0,0,false,false,true,0,0,3770,34,0,
1144,keto,7855,60,30,budget,0,99,false,4,780,139,173,0,0.6333333333333333,0.26666666666666666,0.1,0,15,2,normal,false,5,36,0,3015,3850,990,0,true,true,false,0,0,7855,60,0,
1145,keto,11280,53,23,budget,1,100,true,6,1080,150,194,0.03773584905660377,0.6792452830188679,0.1509433962264151,0.03773584905660377,0.09433962264150944,12,3,normal,false,8,24,60,5335,1920,405,3560,false,true,true,3530,5,7750,48,1,3
1146,keto,8829,56,26,budget,0,93,true,5,1290,136,228,0.21428571428571427,0.6071428571428571,0.16071428571428573,0.017857142857142856,0,15,5,normal,false,6,26,694,3635,3780,720,0,true,false,false,0,0,8829,56,0,
1147,keto,4426,39,9,budget,1,100,true,5,585,85,125,0.38461538461538464,0.4358974358974359,0.05128205128205128,0,0.1282051282051282,7,2,normal,false,8,17,836,1860,170,180,1380,false,false,true,1520,5,2906,34,1,2
1148,keto,2985,32,2,budget,0,79,false,3,300,76,100,0,0.96875,0.03125,0,0,1,3,normal,false,3,16,0,2895,90,0,0,false,false,true,0,0,2985,32,0,
1149,keto,8120,48,18,budget,0,82,true,4,900,122,192,0.041666666666666664,0.8333333333333334,0.125,0,0,11,10,normal,false,6,24,80,5250,2790,0,0,false,false,false,0,0,8120,48,0,
1150,keto,510,5,0,lock,0,65,false,3,210,9,18,0,1,0,0,0,0,-1,normal,false,3,2,0,510,0,0,0,false,false,true,0,0,510,5,0,
1151,keto,5268,48,18,budget,0,85,true,4,930,83,129,0.22916666666666666,0.6041666666666666,0.16666666666666666,0,0,11,3,crash,false,8,17,273,1605,3390,0,0,false,false,false,0,0,5268,48,0,
1152,keto,5655,42,12,budget,0,94,false,3,870,116,149,0,0.8571428571428571,0.09523809523809523,0.047619047619047616,0,6,9,normal,false,10,22,0,3570,660,1425,0,true,false,true,0,0,5655,42,0,
1153,keto,3843,34,4,budget,0,89,true,5,795,82,110,0.17647058823529413,0.7647058823529411,0.029411764705882353,0.029411764705882353,0,4,1,normal,false,7,12,158,3460,90,135,0,false,false,true,0,0,3843,34,0,
1154,keto,5635,38,8,budget,0,94,true,5,1560,92,131,0.05263157894736842,0.8157894736842105,0.10526315789473684,0.02631578947368421,0,6,4,normal,false,7,16,150,2905,1860,720,0,true,false,true,0,0,5635,38,0,
1155,keto,3060,25,12,lock,0,81,false,3,930,55,79,0,0.92,0.08,0,0,6,1,normal,false,3,13,0,1770,1290,0,0,false,false,false,0,0,3060,25,0,
1156,keto,4925,32,2,budget,0,83,false,7,1980,82,112,0,0.84375,0.15625,0,0,1,2,normal,false,8,13,0,4115,810,0,0,false,false,false,0,0,4925,32,0,
1157,keto,6476,47,17,budget,1,100,true,4,1170,98,143,0.0851063829787234,0.6170212765957447,0.1702127659574468,0.02127659574468085,0.10638297872340426,7,9,crash,false,5,23,196,2950,1380,90,1860,false,false,false,1830,5,4646,42,1,5
1158,keto,1620,13,0,lock,0,63,true,4,390,30,50,0.15384615384615385,0.8461538461538461,0,0,0,0,-1,crash,false,11,2,75,1545,0,0,0,false,false,false,0,0,1620,13,0,
1159,keto,8680,50,20,budget,0,87,false,5,2050,133,187,0,0.8,0.2,0,0,10,4,normal,false,7,20,0,4560,4120,0,0,false,false,true,0,0,8680,50,0,
1160,keto,2451,30,0,budget,0,62,true,4,625,66,98,0.16666666666666666,0.8333333333333334,0,0,0,1,15,normal,false,6,8,211,2240,0,0,0,false,false,false,0,0,2451,30,0,
1161,keto,20490,83,53,budget,3,100,false,6,2040,209,285,0,0.5060240963855421,0.1927710843373494,0.12048192771084337,0.18072289156626506,20,1,normal,false,10,37,0,4520,4430,3360,8180,false,true,false,7970,15,12520,68,3,6|3|7
1162,keto,6560,51,21,budget,1,100,false,5,765,123,162,0,0.7843137254901961,0.11764705882352941,0,0.09803921568627451,6,13,normal,false,4,27,0,4490,840,270,960,false,false,true,1220,5,5340,46,0,
1163,keto,3178,34,4,budget,0,79,true,5,440,65,117,0.20588235294117646,0.7941176470588235,0,0,0,5,12,crash,false,3,15,458,2360,360,0,0,false,false,false,0,0,3178,34,0,
1164,keto,21870,67,37,budget,3,100,true,5,2460,204,271,0.014925373134328358,0.5074626865671642,0.22388059701492538,0.029850746268656716,0.22388059701492538,12,2,normal,false,14,31,75,3430,3510,1935,12920,false,true,false,10140,15,11730,52,3,4|2|4
1165,keto,1635,21,4,lock,0,70,false,3,300,42,51,0,1,0,0,0,2,18,normal,false,3,8,0,1455,180,0,0,false,false,false,0,0,1635,21,0,
1166,keto,2400,30,0,budget,0,67,false,2,250,61,89,0,1,0,0,0,0,-1,normal,false,4,10,0,2400,0,0,0,false,false,true,0,0,2400,30,0,
1167,keto,9380,54,24,budget,0,91,true,5,1205,150,222,0.018518518518518517,0.7962962962962963,0.16666666666666666,0.018518518518518517,0,12,2,crash,false,2,31,120,7585,1270,405,0,true,false,false,0,0,9380,54,0,
1168,keto,5334,44,14,budget,0,90,true,4,1005,84,134,0.1590909090909091,0.6590909090909091,0.18181818181818182,0,0,11,2,normal,false,5,24,344,2575,1470,945,0,true,false,true,0,0,5334,44,0,
1169,keto,3413,34,4,budget,0,80,true,5,960,75,119,0.3235294117647059,0.6470588235294118,0.029411764705882353,0,0,4,1,normal,false,9,12,848,2475,90,0,0,false,false,false,0,0,3413,34,0,
1170,keto,10945,49,19,budget,1,100,true,4,990,139,215,0,0.7551020408163265,0.14285714285714285,0,0.10204081632653061,7,8,normal,false,5,21,30,5185,2580,2070,1080,false,false,false,1920,5,9025,44,1,2
1171,keto,3782,34,4,budget,0,77,true,5,481,76,129,0.20588235294117646,0.7352941176470589,0.058823529411764705,0,0,5,1,normal,false,6,14,727,2635,420,0,0,false,false,false,0,0,3782,34,0,
1172,keto,6285,43,13,budget,1,100,true,5,1650,88,140,0.023255813953488372,0.7674418604651163,0.06976744186046512,0.023255813953488372,0.11627906976744186,5,16,normal,false,9,19,15,2670,2670,90,840,false,false,false,810,5,5475,38,1,2
1173,keto,2345,17,11,lock,1,100,false,3,360,39,45,0,0.5882352941176471,0.11764705882352941,0,0.29411764705882354,3,3,normal,false,7,4,0,745,480,180,940,false,false,false,1000,5,1345,12,1,2
1174,keto,2159,30,0,budget,0,68,true,4,390,58,96,0.36666666666666664,0.6333333333333333,0,0,0,3,10,crash,false,3,11,489,1670,0,0,0,false,false,false,0,0,2159,30,0,
1175,keto,4297,32,2,budget,0,74,true,7,958,72,154,0.3125,0.6875,0,0,0,3,4,crash,false,4,14,877,3240,180,0,0,false,false,false,0,0,4297,32,0,
1176,keto,4796,30,0,budget,0,62,true,5,650,81,149,0.23333333333333334,0.7666666666666667,0,0,0,3,19,normal,false,4,14,576,4220,0,0,0,false,false,true,0,0,4796,30,0,
1177,keto,16835,72,42,budget,2,100,false,7,1710,213,283,0,0.6527777777777778,0.16666666666666666,0.041666666666666664,0.1388888888888889,15,2,normal,false,5,36,0,8340,2820,2475,3200,false,true,false,3500,10,13335,62,1,5
1178,keto,3196,28,6,lock,0,91,true,3,690,56,89,0.17857142857142858,0.75,0.07142857142857142,0,0,3,6,normal,false,7,10,136,1630,890,540,0,true,false,true,0,0,3196,28,0,
1179,keto,4370,39,9,budget,1,100,false,4,720,92,113,0,0.7948717948717948,0.05128205128205128,0.02564102564102564,0.1282051282051282,3,3,normal,false,7,13,0,2320,360,330,1360,false,false,false,1530,5,2840,34,1,3
1180,keto,3775,30,0,budget,0,62,true,4,540,69,125,0.06666666666666667,0.9333333333333333,0,0,0,1,24,normal,false,4,14,75,3700,0,0,0,false,false,false,0,0,3775,30,0,
1181,keto,3960,18,18,lock,0,94,false,4,970,44,66,0,0.4444444444444444,0.5,0.05555555555555555,0,9,1,normal,false,1,14,0,315,3240,405,0,true,false,false,0,0,3960,18,0,
1182,keto,6843,49,19,budget,1,100,true,5,630,120,159,0.061224489795918366,0.6938775510204082,0.12244897959183673,0.02040816326530612,0.10204081632653061,9,3,normal,false,8,17,98,3815,1400,450,1080,false,false,true,1140,5,5703,44,1,6
1183,keto,7665,62,32,budget,0,97,false,3,735,149,186,0,0.7096774193548387,0.24193548387096775,0.04838709677419355,0,13,2,normal,false,7,33,0,4245,2340,1080,0,true,true,false,0,0,7665,62,0,
1184,keto,5744,39,9,budget,1,100,true,4,540,97,151,0.20512820512820512,0.5641025641025641,0.07692307692307693,0.02564102564102564,0.1282051282051282,5,2,crash,false,12,14,574,3730,420,120,900,false,false,false,840,5,4904,34,1,3
1185,keto,9155,59,29,budget,1,100,true,5,1820,115,179,0.01694915254237288,0.6610169491525424,0.1694915254237288,0.06779661016949153,0.0847457627118644,13,2,normal,false,9,27,15,2940,3260,1500,1440,false,false,true,1350,5,7805,54,1,6
1186,keto,9235,56,26,budget,2,100,false,4,1260,121,171,0,0.7142857142857143,0.08928571428571429,0.017857142857142856,0.17857142857142858,8,2,normal,false,11,19,0,3605,1100,630,3900,false,true,false,3560,10,5675,46,1,2
1187,keto,2680,30,0,budget,0,68,false,3,345,69,87,0,1,0,0,0,0,-1,normal,false,7,10,0,2680,0,0,0,false,false,true,0,0,2680,30,0,
1188,keto,3788,32,2,budget,0,75,true,5,720,75,113,0.0625,0.90625,0.03125,0,0,2,18,normal,false,3,14,398,3300,90,0,0,false,false,false,0,0,3788,32,0,
1189,keto,3031,30,0,budget,0,66,true,5,690,68,104,0.4666666666666667,0.5333333333333333,0,0,0,1,26,normal,false,8,6,686,2345,0,0,0,false,false,true,0,0,3031,30,0,
1190,keto,11610,55,25,budget,1,100,false,5,1710,146,222,0,0.6727272727272727,0.12727272727272726,0.10909090909090909,0.09090909090909091,11,3,normal,false,5,31,0,4945,2930,2475,1260,false,true,false,1230,5,10380,50,1,5
1191,keto,2205,30,0,budget,0,66,true,3,405,54,79,0.03333333333333333,0.9666666666666667,0,0,0,1,30,normal,false,4,11,60,2145,0,0,0,false,false,true,0,0,2205,30,0,
1192,keto,5387,42,12,budget,0,92,true,4,735,82,136,0.16666666666666666,0.6904761904761905,0.11904761904761904,0.023809523809523808,0,7,3,crash,false,8,15,332,2775,1470,810,0,true,false,false,0,0,5387,42,0,
1193,keto,15967,62,32,budget,2,100,true,5,3180,146,200,0.12903225806451613,0.4838709677419355,0.1774193548387097,0.04838709677419355,0.16129032258064516,14,1,normal,false,6,23,452,2440,2700,315,10060,false,false,false,6450,10,9517,52,1,4
1194,keto,3229,32,2,budget,0,74,true,5,681,78,133,0.4375,0.53125,0.03125,0,0,3,1,normal,false,12,9,1289,1850,90,0,0,false,false,true,0,0,3229,32,0,
1195,keto,3210,32,2,budget,0,83,true,5,690,67,106,0.125,0.75,0.125,0,0,5,2,normal,false,4,16,230,2500,480,0,0,false,false,false,0,0,3210,32,0,
1196,keto,7100,54,24,budget,0,95,false,5,795,133,170,0,0.7962962962962963,0.16666666666666666,0.037037037037037035,0,11,3,normal,false,5,25,0,4515,2270,315,0,true,true,false,0,0,7100,54,0,
1197,keto,3791,34,4,budget,0,84,true,4,405,84,108,0.11764705882352941,0.7352941176470589,0.14705882352941177,0,0,3,6,normal,false,5,10,76,3115,600,0,0,false,false,false,0,0,3791,34,0,
1198,keto,7673,53,23,budget,1,100,true,4,900,120,155,0.05660377358490566,0.6226415094339622,0.16981132075471697,0.05660377358490566,0.09433962264150944,11,2,normal,false,9,23,98,3335,1500,360,2380,false,true,true,1570,5,6103,48,1,5
1199,keto,9964,55,25,budget,1,100,true,3,1200,132,202,0.21818181818181817,0.38181818181818183,0.23636363636363636,0.07272727272727272,0.09090909090909091,13,2,normal,false,11,21,619,2255,2850,1620,2620,false,true,false,2530,5,7434,50,1,4
1200,keto,5470,38,8,budget,0,95,true,5,1300,96,163,0.23684210526315788,0.6578947368421053,0.07894736842105263,0.02631578947368421,0,4,2,crash,false,7,15,370,4425,540,135,0,true,true,false,0,0,5470,38,0,
1201,keto,2708,30,0,budget,0,64,true,3,285,63,87,0.13333333333333333,0.8666666666666667,0,0,0,1,12,normal,false,6,9,158,2550,0,0,0,false,false,false,0,0,2708,30,0,
1202,keto,5066,38,8,budget,0,77,true,6,1215,87,151,0.15789473684210525,0.7894736842105263,0.05263157894736842,0,0,7,2,crash,false,3,20,331,4035,700,0,0,false,false,false,0,0,5066,38,0,
1203,keto,19540,74,44,budget,2,100,true,7,4710,206,253,0,0.5675675675675675,0.25675675675675674,0.04054054054054054,0.13513513513513514,15,2,normal,false,10,29,30,5080,3340,4950,6140,false,false,false,8180,10,11360,64,2,6|3
1204,keto,13062,59,29,budget,1,100,true,5,2160,145,238,0.0847457627118644,0.6101694915254238,0.15254237288135594,0.06779661016949153,0.0847457627118644,14,2,normal,false,6,33,487,4785,2830,540,4420,false,true,true,3630,5,9432,54,1,4
1205,keto,10034,39,9,budget,1,100,true,7,4890,86,150,0.2564102564102564,0.46153846153846156,0.1282051282051282,0.02564102564102564,0.1282051282051282,7,2,normal,false,6,20,579,1995,390,90,6980,false,false,true,6890,5,3144,34,1,6
1206,keto,9541,50,20,budget,0,94,true,7,1630,126,215,0.12,0.66,0.14,0.08,0,11,4,normal,false,4,26,311,6780,1490,960,0,true,false,false,0,0,9541,50,0,
1207,keto,2735,30,0,budget,0,63,true,3,300,60,90,0.06666666666666667,0.9333333333333333,0,0,0,2,15,normal,false,4,13,35,2700,0,0,0,false,false,true,0,0,2735,30,0,
1208,keto,6995,44,14,budget,0,88,true,6,930,110,180,0.045454545454545456,0.8863636363636364,0.045454545454545456,0.022727272727272728,0,7,5,crash,false,7,14,30,4940,1890,135,0,false,false,false,0,0,6995,44,0,
1209,keto,4530,48,18,budget,0,90,false,4,480,104,122,0,0.7708333333333334,0.1875,0.041666666666666664,0,9,2,normal,false,9,21,0,2940,1050,540,0,true,false,false,0,0,4530,48,0,
1210,keto,7590,58,28,budget,0,93,false,5,810,135,175,0,0.7413793103448276,0.2413793103448276,0.017241379310344827,0,14,2,normal,false,8,27,0,3975,3030,585,0,true,false,true,0,0,7590,58,0,
1211,keto,10348,59,29,budget,1,100,true,4,1620,140,226,0.13559322033898305,0.5932203389830508,0.15254237288135594,0.03389830508474576,0.0847457627118644,13,2,crash,false,6,29,143,4110,2510,585,3000,false,false,false,2940,5,7408,54,1,2
1212,keto,12595,69,39,budget,1,100,true,5,1620,154,229,0.043478260869565216,0.5362318840579711,0.2753623188405797,0.07246376811594203,0.07246376811594203,16,10,crash,false,4,30,60,3405,5380,990,2760,false,true,false,1950,5,10645,64,1,2
1213,keto,13460,66,36,budget,2,100,false,4,1200,167,215,0,0.5606060606060606,0.22727272727272727,0.06060606060606061,0.15151515151515152,14,2,normal,false,7,33,0,3930,3300,630,5600,false,true,false,3560,10,9900,56,2,4|4
1214,keto,4251,44,14,budget,0,83,true,5,705,89,119,0.09090909090909091,0.8181818181818182,0.09090909090909091,0,0,10,9,normal,false,5,21,256,3095,900,0,0,false,false,false,0,0,4251,44,0,
1215,keto,4163,32,2,budget,0,82,true,5,815,73,119,0.03125,0.9375,0.03125,0,0,1,20,crash,false,7,10,203,3660,300,0,0,false,false,true,0,0,4163,32,0,
1216,keto,5870,40,10,budget,0,82,true,4,810,105,149,0.05,0.875,0.075,0,0,7,7,normal,false,6,15,90,4430,1350,0,0,false,false,false,0,0,5870,40,0,
1217,keto,8752,49,19,budget,1,100,true,6,1800,131,170,0.14285714285714285,0.673469387755102,0.061224489795918366,0.02040816326530612,0.10204081632653061,10,2,normal,false,7,18,352,4770,1260,270,2100,false,false,false,1470,5,7282,44,1,3
1218,keto,2993,30,0,budget,0,68,true,3,390,61,99,0.13333333333333333,0.8666666666666667,0,0,0,2,12,normal,false,5,11,68,2925,0,0,0,false,false,true,0,0,2993,30,0,
1219,keto,8891,57,27,budget,1,100,true,4,1560,130,179,0.19298245614035087,0.47368421052631576,0.17543859649122806,0.07017543859649122,0.08771929824561403,13,2,normal,false,10,28,666,2465,1470,1890,2400,false,false,true,2310,5,6581,52,1,4
1220,keto,5010,32,2,budget,0,73,false,5,1150,96,128,0,0.96875,0.03125,0,0,1,2,normal,false,6,16,0,4920,90,0,0,false,false,true,0,0,5010,32,0,
1221,keto,4818,30,0,budget,0,58,true,5,850,87,147,0.13333333333333333,0.8666666666666667,0,0,0,2,9,normal,false,3,14,253,4565,0,0,0,false,false,false,0,0,4818,30,0,
1222,keto,9120,50,20,budget,2,100,true,5,1140,120,143,0,0.6,0.14,0.06,0.2,6,2,normal,false,17,17,50,3045,1480,765,3780,false,false,true,3270,10,5850,40,2,4|6
1223,keto,8981,58,28,budget,2,100,true,5,805,126,190,0.06896551724137931,0.5517241379310345,0.13793103448275862,0.06896551724137931,0.1724137931034483,10,2,crash,false,7,27,116,4005,1350,990,2520,false,false,false,2550,10,6431,48,2,5|5
1224,keto,6823,45,15,budget,1,100,true,4,1980,109,154,0.15555555555555556,0.6,0.08888888888888889,0.044444444444444446,0.1111111111111111,8,1,normal,false,6,21,358,2835,420,270,2940,false,false,true,2790,5,4033,40,1,5
1225,keto,4093,32,2,budget,0,71,true,5,945,70,135,0.1875,0.8125,0,0,0,3,12,crash,false,4,15,198,3895,0,0,0,false,false,false,0,0,4093,32,0,
1226,keto,7180,38,8,budget,0,74,false,7,1700,122,158,0,0.9210526315789473,0.07894736842105263,0,0,4,2,normal,false,11,13,0,6880,300,0,0,false,false,true,0,0,7180,38,0,
1227,keto,3840,32,2,budget,0,77,true,5,855,73,109,0.03125,0.9375,0.03125,0,0,1,2,crash,false,7,13,0,3750,90,0,0,false,false,false,0,0,3840,32,0,
1228,keto,12045,66,36,budget,2,100,true,4,1500,156,204,0.030303030303030304,0.5606060606060606,0.21212121212121213,0.045454545454545456,0.15151515151515152,15,2,normal,false,8,29,30,3160,2730,1485,4640,false,false,false,5120,10,6925,56,2,2|2
1229,keto,4725,34,4,budget,0,83,true,5,570,85,127,0.08823529411764706,0.8235294117647058,0.08823529411764706,0,0,4,2,normal,false,7,16,120,3915,690,0,0,false,false,true,0,0,4725,34,0,
1230,keto,3960,12,9,lock,1,100,false,3,1470,27,34,0,0.16666666666666666,0.3333333333333333,0.08333333333333333,0.4166666666666667,3,2,normal,false,1,10,0,60,450,90,3360,false,false,true,2970,5,990,7,1,4
1231,keto,3071,30,0,budget,0,62,true,4,540,66,114,0.2,0.8,0,0,0,4,4,normal,false,5,15,411,2660,0,0,0,false,false,false,0,0,3071,30,0,
1232,keto,3566,34,4,budget,0,80,true,4,510,66,110,0.17647058823529413,0.7941176470588235,0.029411764705882353,0,0,4,1,crash,false,5,9,236,2970,360,0,0,false,false,false,0,0,3566,34,0,
1233,keto,10159,45,15,budget,1,100,true,6,2430,123,149,0.15555555555555556,0.6222222222222222,0.1111111111111111,0,0.1111111111111111,8,3,normal,false,6,18,129,3250,3840,0,2940,false,false,false,3270,5,6889,40,0,
1234,keto,6825,40,10,budget,0,83,false,6,1265,119,180,0,0.875,0.125,0,0,4,8,normal,false,3,21,0,6225,600,0,0,false,false,false,0,0,6825,40,0,
1235,keto,11006,69,39,budget,1,100,true,4,2035,172,231,0.028985507246376812,0.6521739130434783,0.21739130434782608,0.028985507246376812,0.07246376811594203,16,1,normal,false,4,32,206,5040,2790,2070,900,false,true,false,810,5,10196,64,1,3
1236,keto,15868,66,36,budget,2,100,true,5,2760,192,253,0.06060606060606061,0.5151515151515151,0.21212121212121213,0.06060606060606061,0.15151515151515152,15,3,crash,false,5,31,98,6135,1850,3105,4680,false,true,false,4720,10,11148,56,2,5|3
1237,keto,4270,38,8,budget,0,89,true,4,540,83,127,0.02631578947368421,0.868421052631579,0.07894736842105263,0.02631578947368421,0,4,8,normal,false,5,16,60,3295,780,135,0,false,false,true,0,0,4270,38,0,
1238,keto,10825,63,33,budget,1,100,false,3,2280,160,207,0,0.6825396825396826,0.1746031746031746,0.06349206349206349,0.07936507936507936,13,2,normal,false,9,32,0,3710,2370,1485,3260,false,true,true,1070,5,9755,58,1,5
1239,keto,20604,76,46,budget,4,100,true,4,1980,211,267,0.06578947368421052,0.47368421052631576,0.14473684210526316,0.05263157894736842,0.2631578947368421,15,1,crash,false,9,39,129,3760,2360,675,13680,false,false,false,12070,20,8534,56,4,2|3|2|4
1240,keto,11991,66,36,budget,2,100,true,6,1460,166,207,0.06060606060606061,0.5151515151515151,0.25757575757575757,0.015151515151515152,0.15151515151515152,15,2,normal,false,11,33,76,4355,3150,90,4320,false,false,false,4110,10,7881,56,2,4|2
1241,keto,11208,64,34,budget,0,96,true,5,1370,156,226,0.078125,0.578125,0.25,0.09375,0,18,1,normal,false,5,31,198,4665,4680,1665,0,true,true,false,0,0,11208,64,0,
1242,keto,5665,42,12,budget,0,94,true,5,1040,98,142,0.047619047619047616,0.7619047619047619,0.19047619047619047,0,0,8,2,normal,false,6,21,215,3660,1250,540,0,true,false,true,0,0,5665,42,0,
1243,keto,5914,45,15,budget,1,100,true,4,1030,97,161,0.26666666666666666,0.5555555555555556,0.06666666666666667,0,0.1111111111111111,8,2,crash,false,10,13,549,2195,2390,0,780,false,false,false,720,5,5194,40,1,2
1244,keto,3932,32,2,budget,0,74,true,6,1515,69,133,0.34375,0.625,0.03125,0,0,4,4,normal,false,3,16,757,2965,210,0,0,false,false,true,0,0,3932,32,0,
1245,keto,15260,70,40,budget,2,100,true,7,3750,177,226,0.014285714285714285,0.6285714285714286,0.15714285714285714,0.05714285714285714,0.14285714285714285,16,2,normal,false,5,31,60,4020,3220,4920,3040,false,true,false,2720,10,12540,60,2,2|4
1246,keto,6390,42,12,budget,0,81,false,5,900,99,150,0,0.8809523809523809,0.11904761904761904,0,0,5,4,normal,false,5,21,0,4170,2220,0,0,false,false,true,0,0,6390,42,0,
1247,keto,2610,30,0,budget,0,62,true,4,585,61,86,0.03333333333333333,0.9666666666666667,0,0,0,1,4,normal,false,5,10,15,2595,0,0,0,false,false,false,0,0,2610,30,0,
1248,keto,17492,54,24,budget,2,100,true,5,2220,145,214,0.12962962962962962,0.46296296296296297,0.18518518518518517,0.037037037037037035,0.18518518518518517,9,3,normal,false,5,23,542,2850,930,5670,7500,false,true,false,6345,10,11147,44,2,6|5
1249,keto,10044,45,15,budget,1,100,true,5,1500,105,178,0.15555555555555556,0.5777777777777777,0.1111111111111111,0.044444444444444446,0.1111111111111111,7,2,normal,false,9,17,204,3960,930,270,4680,false,false,true,4590,5,5454,40,1,3
1250,keto,2758,36,6,budget,0,80,true,3,330,62,97,0.1111111111111111,0.8611111111111112,0.027777777777777776,0,0,4,2,crash,false,6,15,98,2270,390,0,0,false,false,false,0,0,2758,36,0,
1251,keto,3803,30,0,budget,0,68,true,4,495,84,116,0.26666666666666666,0.7333333333333333,0,0,0,3,12,normal,false,5,11,233,3570,0,0,0,false,false,false,0,0,3803,30,0,
1252,keto,2536,30,0,budget,0,60,true,4,445,65,95,0.16666666666666666,0.8333333333333334,0,0,0,1,10,normal,false,4,11,271,2265,0,0,0,false,false,true,0,0,2536,30,0,
1253,keto,8390,48,18,budget,0,95,true,4,885,123,186,0.020833333333333332,0.8333333333333334,0.10416666666666667,0.041666666666666664,0,10,4,normal,false,8,20,105,4810,2080,1395,0,true,true,false,0,0,8390,48,0,
1254,keto,368,6,0,lock,0,62,true,2,120,3,21,0.3333333333333333,0.6666666666666666,0,0,0,0,-1,crash,false,4,1,68,300,0,0,0,false,false,false,0,0,368,6,0,
1255,keto,4318,32,2,budget,0,72,true,5,1080,86,118,0.0625,0.90625,0.03125,0,0,2,7,normal,false,7,9,38,4190,90,0,0,false,false,false,0,0,4318,32,0,
1256,keto,2150,30,0,budget,0,62,true,3,345,56,103,0.5,0.5,0,0,0,3,15,crash,false,5,10,740,1410,0,0,0,false,false,false,0,0,2150,30,0,
1257,keto,2185,30,0,budget,0,66,false,2,240,60,79,0,1,0,0,0,0,-1,normal,false,7,10,0,2185,0,0,0,false,false,true,0,0,2185,30,0,
1258,keto,5616,36,6,budget,0,80,true,5,855,92,159,0.16666666666666666,0.75,0.08333333333333333,0,0,4,10,normal,false,4,15,181,4505,930,0,0,false,false,false,0,0,5616,36,0,
1259,keto,20455,103,73,budget,3,100,true,4,1740,227,337,0.02912621359223301,0.46601941747572817,0.3300970873786408,0.02912621359223301,0.14563106796116504,30,1,crash,false,8,48,150,4520,4560,4545,6680,false,true,false,6110,15,14345,88,3,2|5|2
1260,keto,4020,40,10,budget,0,81,false,4,600,89,122,0,0.975,0.025,0,0,5,2,normal,false,6,16,0,3570,450,0,0,false,false,false,0,0,4020,40,0,
1261,keto,285,4,0,lock,0,62,false,2,120,6,12,0,1,0,0,0,0,-1,normal,false,1,2,0,285,0,0,0,false,false,true,0,0,285,4,0,
1262,keto,2985,30,0,budget,0,68,true,4,705,50,115,0.36666666666666664,0.6333333333333333,0,0,0,2,23,crash,false,4,10,375,2610,0,0,0,false,false,false,0,0,2985,30,0,
1263,keto,10045,57,27,budget,1,100,false,5,1060,149,188,0,0.49122807017543857,0.38596491228070173,0.03508771929824561,0.08771929824561403,12,2,normal,false,6,23,0,3610,4470,765,1200,false,false,true,1170,5,8875,52,1,3
1264,keto,10349,51,21,budget,1,100,true,5,1530,125,197,0.19607843137254902,0.45098039215686275,0.17647058823529413,0.0784313725490196,0.09803921568627451,9,2,normal,false,8,19,854,2130,4110,1635,1620,false,true,true,1530,5,8819,46,1,8
1265,keto,5870,38,8,budget,0,84,true,7,1290,99,139,0.02631578947368421,0.8421052631578947,0.13157894736842105,0,0,5,6,normal,false,5,16,90,4330,1450,0,0,false,false,true,0,0,5870,38,0,
1266,keto,5165,44,14,budget,0,94,true,6,925,101,152,0.1590909090909091,0.6818181818181818,0.13636363636363635,0.022727272727272728,0,9,3,normal,false,4,19,1035,3095,630,405,0,true,false,false,0,0,5165,44,0,
1267,keto,4903,40,10,budget,0,80,true,5,690,94,160,0.225,0.7,0.075,0,0,7,1,crash,false,5,19,543,3520,840,0,0,false,false,false,0,0,4903,40,0,
1268,keto,3827,30,0,budget,0,62,true,4,930,71,119,0.2,0.8,0,0,0,2,27,normal,false,6,12,377,3450,0,0,0,false,false,true,0,0,3827,30,0,
1269,keto,17690,70,40,budget,2,100,false,6,2120,190,244,0,0.6285714285714286,0.15714285714285714,0.07142857142857142,0.14285714285714285,16,1,normal,false,18,33,0,4350,5190,1050,7100,false,false,true,6470,10,11220,60,2,2|6
1270,keto,11450,70,40,budget,0,99,true,8,2220,158,211,0.05714285714285714,0.6,0.24285714285714285,0.1,0,21,3,normal,false,5,41,105,5190,3050,3105,0,true,true,false,0,0,11450,70,0,
1271,keto,5194,36,6,budget,0,88,true,5,780,93,151,0.1111111111111111,0.75,0.1388888888888889,0,0,5,2,crash,false,3,22,524,3810,590,270,0,false,false,true,0,0,5194,36,0,
1272,keto,4760,38,8,budget,0,80,false,4,720,104,129,0,0.9473684210526315,0.05263157894736842,0,0,4,8,normal,false,12,13,0,4150,610,0,0,false,false,false,0,0,4760,38,0,
1273,keto,4639,46,16,budget,0,87,true,3,570,84,143,0.1956521739130435,0.6739130434782609,0.13043478260869565,0,0,10,2,crash,false,7,16,324,2695,1350,270,0,false,false,false,0,0,4639,46,0,
1274,keto,10980,55,25,budget,1,100,true,5,1190,135,192,0.09090909090909091,0.5636363636363636,0.18181818181818182,0.07272727272727272,0.09090909090909091,14,2,normal,false,15,23,515,3330,2710,1845,2580,false,true,false,1590,5,9390,50,1,8
1275,keto,3604,30,0,budget,0,64,true,4,500,74,153,0.43333333333333335,0.5666666666666667,0,0,0,1,28,normal,false,6,14,1094,2510,0,0,0,false,false,true,0,0,3604,30,0,
1276,keto,8525,48,18,budget,0,92,false,4,825,129,181,0,0.8958333333333334,0.10416666666666667,0,0,9,7,normal,false,10,19,0,4500,3260,765,0,true,false,false,0,0,8525,48,0,
1277,keto,12413,55,25,budget,1,100,true,7,3630,138,202,0.09090909090909091,0.6,0.14545454545454545,0.07272727272727272,0.09090909090909091,13,2,normal,false,7,25,143,4135,2240,3975,1920,false,true,false,1830,5,10583,50,1,6
1278,keto,8475,45,15,budget,1,100,false,6,1980,106,144,0,0.7333333333333333,0.13333333333333333,0.022222222222222223,0.1111111111111111,5,16,normal,false,8,21,0,3465,2940,90,1980,false,false,true,1950,5,6525,40,1,4
1279,keto,4555,30,0,budget,0,69,true,6,1195,75,125,0.23333333333333334,0.7666666666666667,0,0,0,3,17,normal,false,6,9,390,4165,0,0,0,false,false,false,0,0,4555,30,0,
1280,keto,15585,71,41,budget,1,100,false,5,1710,182,245,0,0.5492957746478874,0.30985915492957744,0.07042253521126761,0.07042253521126761,19,1,normal,false,8,38,0,3815,5870,3420,2480,false,true,true,2410,5,13175,66,1,3
1281,keto,3482,34,4,budget,0,84,true,4,570,73,115,0.14705882352941177,0.7647058823529411,0.08823529411764706,0,0,3,8,normal,false,4,10,287,2865,330,0,0,false,false,false,0,0,3482,34,0,
1282,keto,3993,36,6,budget,0,94,true,5,360,94,127,0.08333333333333333,0.8055555555555556,0.08333333333333333,0.027777777777777776,0,5,1,normal,false,5,18,388,2960,510,135,0,true,false,true,0,0,3993,36,0,
1283,keto,5395,36,6,budget,0,74,true,6,970,97,141,0.1111111111111111,0.8055555555555556,0.08333333333333333,0,0,5,2,normal,false,3,20,360,4765,270,0,0,false,false,false,0,0,5395,36,0,
1284,keto,4811,43,13,budget,1,100,true,4,480,87,134,0.16279069767441862,0.627906976744186,0.06976744186046512,0.023255813953488372,0.11627906976744186,8,2,normal,false,5,23,291,2380,910,90,1140,false,false,false,1050,5,3761,38,1,4
1285,keto,4620,30,0,budget,0,54,true,5,795,81,133,0.03333333333333333,0.9666666666666667,0,0,0,1,10,normal,false,5,15,15,4605,0,0,0,false,false,true,0,0,4620,30,0,
1286,keto,5060,46,16,budget,0,99,false,3,735,92,124,0,0.8260869565217391,0.13043478260869565,0.043478260869565216,0,8,8,normal,false,10,22,0,2600,1290,1170,0,true,true,false,0,0,5060,46,0,
1287,keto,5100,32,2,budget,0,76,true,6,1655,87,135,0.0625,0.9375,0,0,0,3,5,normal,false,4,15,75,4845,180,0,0,false,false,true,0,0,5100,32,0,
1288,keto,8480,56,26,budget,0,95,true,5,1050,143,197,0.03571428571428571,0.6785714285714286,0.25,0.03571428571428571,0,14,4,normal,false,10,26,75,4725,3140,540,0,true,true,false,0,0,8480,56,0,
1289,keto,3810,32,2,budget,0,75,true,4,600,80,112,0,0.96875,0.03125,0,0,1,12,normal,false,5,12,50,3670,90,0,0,false,false,false,0,0,3810,32,0,
1290,keto,7776,61,31,budget,1,100,true,4,1080,129,178,0.08196721311475409,0.5901639344262295,0.19672131147540983,0.04918032786885246,0.08196721311475409,16,4,normal,false,7,29,91,3395,2160,450,1680,false,true,true,1590,5,6186,56,1,7
1291,keto,12698,68,38,budget,2,100,true,5,1180,177,207,0.058823529411764705,0.5441176470588235,0.19117647058823528,0.058823529411764705,0.14705882352941177,16,2,normal,false,7,32,263,2530,3130,1755,5020,false,true,false,5040,10,7658,58,2,4|2
1292,keto,3578,30,0,budget,0,62,true,5,585,74,113,0.1,0.9,0,0,0,2,12,normal,false,7,11,83,3495,0,0,0,false,false,false,0,0,3578,30,0,
1293,keto,4053,32,2,budget,0,83,true,4,595,83,116,0.0625,0.875,0.0625,0,0,2,11,normal,false,3,17,128,3625,300,0,0,false,false,false,0,0,4053,32,0,
1294,keto,8589,51,21,budget,1,100,true,5,1590,105,172,0.17647058823529413,0.5490196078431373,0.13725490196078433,0.0392156862745098,0.09803921568627451,11,14,normal,false,5,27,459,3270,2610,810,1440,false,false,false,1140,5,7449,46,1,7
1295,keto,12355,72,42,budget,2,100,true,6,1260,155,197,0.013888888888888888,0.5694444444444444,0.20833333333333334,0.06944444444444445,0.1388888888888889,16,2,normal,false,7,33,125,3225,3720,1125,4160,false,true,false,3840,10,8515,62,2,3|5
1296,keto,8899,49,19,budget,1,100,true,5,1140,118,156,0.10204081632653061,0.5102040816326531,0.22448979591836735,0.061224489795918366,0.10204081632653061,8,2,normal,false,12,20,99,3605,2450,765,1980,false,false,true,1890,5,7009,44,1,11
1297,keto,2216,34,4,budget,0,73,true,3,285,60,91,0.20588235294117646,0.7352941176470589,0.058823529411764705,0,0,5,2,normal,false,3,16,246,1790,180,0,0,false,false,false,0,0,2216,34,0,
1298,keto,11190,57,27,budget,1,100,false,5,1020,165,207,0,0.7017543859649122,0.19298245614035087,0.017543859649122806,0.08771929824561403,11,3,normal,false,6,32,0,4775,2300,1575,2540,false,true,false,2840,5,8350,52,1,5
1299,keto,14345,48,18,budget,0,98,false,10,3055,162,232,0,0.6875,0.20833333333333334,0.10416666666666667,0,8,16,normal,false,4,22,0,7795,3760,2790,0,true,true,true,0,0,14345,48,0,
1300,keto,3950,36,6,budget,0,73,true,4,630,97,132,0.027777777777777776,0.9166666666666666,0.05555555555555555,0,0,4,6,normal,false,5,17,15,3755,180,0,0,false,false,true,0,0,3950,36,0,
1301,keto,11517,45,15,budget,1,100,true,5,2180,121,204,0.24444444444444444,0.6,0.044444444444444446,0,0.1111111111111111,6,4,normal,false,5,22,617,3750,2350,0,4800,false,false,false,4490,5,7027,40,0,
1302,keto,12460,41,11,budget,1,100,true,7,2460,118,181,0.024390243902439025,0.7560975609756098,0.07317073170731707,0.024390243902439025,0.12195121951219512,5,2,normal,false,5,16,15,4030,2340,1395,4680,false,true,true,4590,5,7870,36,1,3
1303,keto,11291,47,17,budget,1,100,true,5,1360,134,200,0.10638297872340426,0.5106382978723404,0.19148936170212766,0.0851063829787234,0.10638297872340426,8,5,keto,false,4,27,441,4590,1880,1620,2760,false,true,false,2070,5,9221,42,1,6
1304,keto,13490,75,45,budget,1,100,false,8,2035,186,237,0,0.7466666666666667,0.17333333333333334,0.013333333333333334,0.06666666666666667,19,3,normal,false,8,34,0,6440,4350,360,2340,false,false,false,2460,5,11030,70,1,2
1305,keto,12920,65,35,budget,1,100,true,5,1140,172,243,0.046153846153846156,0.6923076923076923,0.15384615384615385,0.03076923076923077,0.07692307692307693,14,2,normal,false,7,34,250,4965,3640,1485,2580,false,true,false,2730,5,10190,60,1,3
1306,keto,27835,101,71,budget,3,100,true,7,4760,275,374,0.019801980198019802,0.5247524752475248,0.25742574257425743,0.04950495049504951,0.1485148514851485,29,4,normal,false,5,60,135,5250,7420,5310,9720,false,true,true,11690,15,16145,86,3,4|4|2
1307,keto,11895,57,27,budget,1,100,true,7,3820,156,191,0,0.6491228070175439,0.19298245614035087,0.07017543859649122,0.08771929824561403,11,1,normal,false,4,30,30,5240,2590,3015,1020,false,true,true,930,5,10965,52,1,6
1308,keto,1771,30,0,budget,0,50,true,3,255,38,93,0.43333333333333335,0.5666666666666667,0,0,0,3,19,crash,false,4,11,511,1260,0,0,0,false,false,false,0,0,1771,30,0,
1309,keto,12331,49,19,budget,1,100,true,5,1635,125,211,0.14285714285714285,0.5102040816326531,0.08163265306122448,0.16326530612244897,0.10204081632653061,10,8,normal,false,8,27,271,3200,1330,5370,2160,false,true,false,1530,5,10801,44,1,12
1310,keto,4306,34,4,budget,0,80,true,4,600,81,134,0.08823529411764706,0.8529411764705882,0.058823529411764705,0,0,3,2,normal,false,4,16,351,3565,390,0,0,false,false,true,0,0,4306,34,0,
1311,keto,1880,18,0,lock,0,68,true,3,315,40,56,0.1111111111111111,0.8888888888888888,0,0,0,1,14,normal,false,5,4,80,1800,0,0,0,false,false,false,0,0,1880,18,0,
1312,keto,11698,52,22,budget,2,100,true,5,2760,138,184,0.09615384615384616,0.4423076923076923,0.21153846153846154,0.057692307692307696,0.19230769230769232,9,3,normal,false,7,23,543,2675,1800,360,6320,false,true,false,3620,10,8078,42,2,6|4
1313,keto,4875,34,4,budget,0,86,true,6,1030,73,137,0.35294117647058826,0.5588235294117647,0.08823529411764706,0,0,5,10,normal,false,6,18,310,4055,240,270,0,false,false,true,0,0,4875,34,0,
1314,keto,8365,27,23,lock,1,100,false,3,1380,64,94,0,0.2222222222222222,0.5185185185185185,0.07407407407407407,0.18518518518518517,10,2,normal,false,3,20,0,300,2520,765,4780,false,false,true,4150,5,4215,22,1,3
1315,keto,2625,34,4,budget,0,85,true,3,330,55,81,0.08823529411764706,0.7058823529411765,0.20588235294117646,0,0,5,2,normal,false,14,10,45,1560,750,270,0,false,false,false,0,0,2625,34,0,
1316,keto,4740,40,10,budget,0,90,true,5,795,84,123,0.025,0.8,0.125,0.05,0,6,2,normal,false,5,16,30,3390,1050,270,0,true,false,false,0,0,4740,40,0,
1317,keto,8990,47,17,budget,1,100,false,4,3180,103,136,0,0.7021276595744681,0.14893617021276595,0.0425531914893617,0.10638297872340426,6,2,normal,false,9,15,0,2320,1400,450,4820,false,false,false,4220,5,4770,42,1,9
1318,keto,24465,122,92,budget,4,100,false,4,1400,298,385,0,0.5,0.2540983606557377,0.08196721311475409,0.16393442622950818,33,2,normal,false,9,54,0,4920,6760,6105,6680,false,true,false,7390,20,17075,102,3,4|5|3
1319,keto,2225,30,0,budget,0,69,false,3,300,60,79,0,1,0,0,0,0,-1,normal,false,5,10,0,2225,0,0,0,false,false,false,0,0,2225,30,0,
1320,keto,5945,35,25,lock,1,100,false,4,1080,78,92,0,0.4,0.37142857142857144,0.08571428571428572,0.14285714285714285,11,2,normal,false,4,21,0,1520,1920,765,1740,false,false,false,1680,5,4265,30,1,6
1321,keto,14915,68,38,budget,2,100,true,4,2280,170,237,0.1323529411764706,0.47058823529411764,0.20588235294117646,0.04411764705882353,0.14705882352941177,14,3,normal,false,9,31,430,3395,2000,3870,5220,false,true,false,3500,10,11415,58,2,9|3
1322,keto,6480,40,10,budget,0,86,false,5,1620,106,144,0,0.85,0.15,0,0,5,2,normal,false,9,14,0,3410,2530,540,0,false,false,true,0,0,6480,40,0,
1323,keto,2581,30,0,budget,0,62,true,3,585,56,98,0.23333333333333334,0.7666666666666667,0,0,0,3,13,normal,false,8,10,301,2280,0,0,0,false,false,true,0,0,2581,30,0,
1324,keto,21728,70,40,budget,2,100,true,8,5275,199,291,0.14285714285714285,0.5714285714285714,0.11428571428571428,0.02857142857142857,0.14285714285714285,15,1,crash,false,8,27,408,4425,6790,5325,4780,false,true,true,6620,10,15108,60,1,4
1325,keto,4268,32,2,budget,0,75,true,4,570,83,135,0.15625,0.84375,0,0,0,3,3,normal,false,4,14,428,3540,300,0,0,false,false,true,0,0,4268,32,0,
1326,keto,2805,30,0,budget,0,64,true,4,390,60,92,0.06666666666666667,0.9333333333333333,0,0,0,1,26,normal,false,6,13,90,2715,0,0,0,false,false,false,0,0,2805,30,0,
1327,keto,21830,85,55,budget,3,100,false,5,2700,205,268,0,0.5294117647058824,0.2235294117647059,0.07058823529411765,0.17647058823529413,23,22,normal,false,7,51,0,3390,4580,5760,8100,false,false,false,7065,15,14765,70,3,4|6|4
1328,keto,8455,48,18,budget,0,94,true,4,840,120,193,0.020833333333333332,0.8333333333333334,0.10416666666666667,0.041666666666666664,0,10,5,normal,false,8,21,15,5680,1770,990,0,true,false,true,0,0,8455,48,0,
1329,keto,3543,38,8,budget,0,76,true,5,740,74,126,0.4473684210526316,0.5,0.05263157894736842,0,0,9,2,normal,false,3,18,708,2025,810,0,0,false,false,true,0,0,3543,38,0,
1330,keto,6850,44,14,budget,0,94,true,5,2455,95,140,0,0.7954545454545454,0.18181818181818182,0.022727272727272728,0,7,3,normal,false,15,15,30,2880,2590,1350,0,true,false,false,0,0,6850,44,0,
1331,keto,4647,30,0,budget,0,62,true,6,1125,79,165,0.43333333333333335,0.5666666666666667,0,0,0,4,6,normal,false,4,13,1152,3495,0,0,0,false,false,true,0,0,4647,30,0,
1332,keto,3439,40,10,budget,0,79,true,4,420,79,116,0.2,0.675,0.125,0,0,7,3,crash,false,6,17,339,2560,540,0,0,false,false,false,0,0,3439,40,0,
1333,keto,17608,75,45,budget,3,100,true,4,2340,172,241,0.02666666666666667,0.56,0.18666666666666668,0.02666666666666667,0.2,16,4,crash,false,9,37,158,2970,3630,3510,7340,false,false,false,8660,15,8948,60,3,4|4|3
1334,keto,4285,34,4,budget,0,75,true,4,660,85,120,0.029411764705882353,0.9117647058823529,0.058823529411764705,0,0,3,1,normal,false,7,15,135,3760,390,0,0,false,false,false,0,0,4285,34,0,
1335,keto,6818,52,22,budget,0,94,true,5,765,118,164,0.057692307692307696,0.7307692307692307,0.1346153846153846,0.07692307692307693,0,12,1,crash,false,6,26,278,4395,1530,615,0,true,false,false,0,0,6818,52,0,
1336,keto,1534,30,0,budget,0,62,true,2,200,52,81,0.3333333333333333,0.6666666666666666,0,0,0,3,15,normal,false,11,9,329,1205,0,0,0,false,false,true,0,0,1534,30,0,
1337,keto,8720,43,13,budget,1,100,true,6,2340,106,134,0,0.7674418604651163,0.11627906976744186,0,0.11627906976744186,4,2,normal,false,6,12,30,3740,670,540,3740,false,false,false,3720,5,5000,38,1,3
1338,keto,11259,69,39,budget,1,100,true,4,1080,152,248,0.11594202898550725,0.5652173913043478,0.2028985507246377,0.043478260869565216,0.07246376811594203,18,1,normal,false,9,34,529,3670,2890,2070,2100,false,true,false,2010,5,9249,64,1,5
1339,keto,3155,34,4,budget,0,76,true,4,480,72,96,0.058823529411764705,0.8823529411764706,0.058823529411764705,0,0,4,15,normal,false,4,15,60,2825,270,0,0,false,false,false,0,0,3155,34,0,
1340,keto,3497,36,6,budget,0,85,true,4,595,71,128,0.16666666666666666,0.75,0.08333333333333333,0,0,4,2,crash,false,3,16,687,2330,480,0,0,false,false,true,0,0,3497,36,0,
1341,keto,9949,57,27,budget,1,100,true,4,810,143,219,0.08771929824561403,0.6140350877192983,0.15789473684210525,0.05263157894736842,0.08771929824561403,14,3,normal,false,5,29,509,3445,2950,585,2460,false,false,false,2310,5,7639,52,1,4
1342,keto,3884,40,10,budget,0,81,true,4,625,83,122,0.2,0.75,0.05,0,0,9,2,normal,false,15,19,399,2735,750,0,0,false,false,true,0,0,3884,40,0,
1343,keto,8530,43,13,budget,1,100,true,5,1020,109,159,0.023255813953488372,0.7441860465116279,0.06976744186046512,0.046511627906976744,0.11627906976744186,6,2,normal,false,5,21,105,4795,330,540,2760,false,true,false,2730,5,5800,38,1,5
1344,keto,5166,40,10,budget,0,93,true,4,1140,78,134,0.225,0.625,0.15,0,0,6,2,crash,false,7,14,496,2210,2190,270,0,true,false,false,0,0,5166,40,0,
1345,keto,8425,41,11,budget,1,100,true,4,1740,120,149,0.024390243902439025,0.7560975609756098,0.0975609756097561,0,0.12195121951219512,4,10,normal,false,5,18,20,4175,470,900,2860,false,false,false,3760,5,4665,36,1,4
1346,keto,9084,49,19,budget,1,100,true,7,1490,117,170,0.16326530612244897,0.5714285714285714,0.12244897959183673,0.04081632653061224,0.10204081632653061,9,2,normal,false,8,20,534,3945,660,1125,2820,false,false,false,2790,5,6294,44,1,6
1347,keto,3605,32,2,budget,0,77,false,4,570,77,93,0,1,0,0,0,1,25,normal,false,5,7,0,3425,180,0,0,false,false,false,0,0,3605,32,0,
1348,keto,20560,71,41,budget,3,100,false,5,4335,209,269,0,0.5633802816901409,0.19718309859154928,0.028169014084507043,0.2112676056338028,13,1,normal,false,7,28,0,5495,2250,4815,8000,false,true,false,7400,15,13160,56,3,6|2|6
1349,keto,4825,36,6,budget,0,90,true,5,1135,90,132,0.1111111111111111,0.8333333333333334,0.027777777777777776,0.027777777777777776,0,7,8,normal,false,7,19,430,3480,780,135,0,true,false,false,0,0,4825,36,0,
1350,keto,3448,32,2,budget,0,75,true,4,540,77,110,0.09375,0.875,0.03125,0,0,2,3,normal,false,6,13,203,3155,90,0,0,false,false,true,0,0,3448,32,0,
1351,keto,24705,104,79,lock,3,100,false,5,2240,277,344,0,0.5480769230769231,0.22115384615384615,0.08653846153846154,0.14423076923076922,34,1,deep,false,5,64,0,5715,7410,1620,9960,false,true,true,8250,15,16455,89,3,3|3|3
1352,keto,3994,30,0,budget,0,62,true,3,330,81,157,0.3333333333333333,0.6666666666666666,0,0,0,2,21,normal,false,4,13,789,3205,0,0,0,false,false,true,0,0,3994,30,0,
1353,keto,2460,32,2,budget,0,74,false,4,630,59,81,0,0.96875,0.03125,0,0,1,20,normal,false,7,7,0,2370,90,0,0,false,false,false,0,0,2460,32,0,
1354,keto,5833,30,0,budget,0,64,true,10,1425,86,140,0.1,0.9,0,0,0,2,8,normal,false,6,9,1028,4805,0,0,0,false,false,false,0,0,5833,30,0,
1355,keto,10330,46,16,budget,0,94,true,8,2555,138,235,0.2391304347826087,0.6086956521739131,0.08695652173913043,0.06521739130434782,0,9,2,normal,false,5,23,640,6705,1860,1125,0,true,false,false,0,0,10330,46,0,
1356,keto,7563,41,11,budget,1,100,true,6,1250,91,168,0.3170731707317073,0.4878048780487805,0.04878048780487805,0.024390243902439025,0.12195121951219512,7,2,normal,false,5,15,1018,1720,1550,495,2780,false,false,true,2210,5,5353,36,1,3
1357,keto,2228,32,2,budget,0,74,true,3,300,48,88,0.15625,0.8125,0.03125,0,0,4,2,crash,false,4,13,113,1815,300,0,0,false,false,false,0,0,2228,32,0,
1358,keto,5065,31,9,lock,1,100,false,3,960,68,95,0,0.6774193548387096,0.06451612903225806,0.0967741935483871,0.16129032258064516,3,2,normal,false,10,10,0,1735,150,1380,1800,false,true,false,1470,5,3595,26,1,5
1359,keto,13451,77,47,budget,1,100,true,5,780,195,262,0.05194805194805195,0.5584415584415584,0.23376623376623376,0.09090909090909091,0.06493506493506493,20,3,crash,false,5,37,301,5375,5330,1125,1320,false,true,false,1290,5,12161,72,1,3
1360,keto,11931,62,32,budget,2,100,true,4,1600,161,236,0.1935483870967742,0.45161290322580644,0.12903225806451613,0.06451612903225806,0.16129032258064516,13,2,crash,false,5,30,1001,2880,1930,1320,4800,false,true,false,4980,10,6951,52,2,3|7
1361,keto,6345,48,18,budget,0,99,false,5,570,108,142,0,0.7291666666666666,0.20833333333333334,0.0625,0,9,5,normal,false,6,17,0,3375,1980,990,0,true,true,false,0,0,6345,48,0,
1362,keto,6596,34,4,budget,0,92,true,6,1170,102,154,0.11764705882352941,0.8235294117647058,0.058823529411764705,0,0,3,1,normal,false,5,16,426,5165,330,675,0,true,false,false,0,0,6596,34,0,
1363,keto,3086,32,2,budget,0,77,true,4,445,76,116,0.1875,0.78125,0.03125,0,0,2,4,normal,false,4,15,256,2740,90,0,0,false,false,false,0,0,3086,32,0,
1364,keto,3434,32,2,budget,0,83,true,7,648,70,118,0.21875,0.75,0.03125,0,0,4,2,normal,false,3,15,859,2095,480,0,0,false,false,false,0,0,3434,32,0,
1365,keto,3221,34,4,budget,0,80,true,5,780,59,108,0.08823529411764706,0.8823529411764706,0.029411764705882353,0,0,4,2,normal,false,4,15,421,2530,270,0,0,false,false,false,0,0,3221,34,0,
1366,keto,2690,32,2,budget,0,73,false,4,390,61,85,0,0.96875,0.03125,0,0,1,15,normal,false,6,12,0,2600,90,0,0,false,false,true,0,0,2690,32,0,
1367,keto,6583,42,12,budget,0,81,true,5,1050,111,171,0.023809523809523808,0.9047619047619048,0.07142857142857142,0,0,7,1,normal,false,4,18,288,4485,1810,0,0,false,false,true,0,0,6583,42,0,
1368,keto,3924,36,6,budget,0,78,true,5,435,82,135,0.3055555555555556,0.6666666666666666,0.027777777777777776,0,0,4,5,crash,false,5,15,799,2405,720,0,0,false,false,false,0,0,3924,36,0,
1369,keto,10805,75,45,budget,1,100,false,4,660,182,235,0,0.68,0.22666666666666666,0.02666666666666667,0.06666666666666667,21,2,normal,false,5,34,0,4840,3910,855,1200,false,true,false,1170,5,9635,70,1,4
1370,keto,7115,63,33,budget,1,100,false,3,680,127,174,0,0.6825396825396826,0.20634920634920634,0.031746031746031744,0.07936507936507936,15,6,normal,false,6,24,0,3300,2330,225,1260,false,true,true,1170,5,5945,58,1,5
1371,keto,9906,51,21,budget,1,100,true,4,2040,127,200,0.0784313725490196,0.6666666666666666,0.11764705882352941,0.0392156862745098,0.09803921568627451,9,3,normal,false,11,21,136,4350,1860,180,3380,false,false,false,3290,5,6616,46,1,4
1372,keto,12580,57,27,budget,1,100,true,6,3615,142,229,0.03508771929824561,0.7368421052631579,0.10526315789473684,0.03508771929824561,0.08771929824561403,12,2,normal,false,9,22,165,4580,2780,3795,1260,false,true,false,1440,5,11140,52,1,4
1373,keto,11375,41,11,budget,1,100,true,6,3900,127,160,0.024390243902439025,0.7804878048780488,0.07317073170731707,0,0.12195121951219512,4,1,normal,false,5,14,85,4080,690,1500,5020,false,true,false,5200,5,6175,36,1,3
1374,keto,3645,32,2,budget,0,83,false,4,735,67,103,0,0.9375,0.0625,0,0,1,2,normal,false,7,11,0,3315,330,0,0,false,false,true,0,0,3645,32,0,
1375,keto,18594,98,68,budget,2,100,true,5,2340,234,305,0.09183673469387756,0.5,0.20408163265306123,0.10204081632653061,0.10204081632653061,33,2,normal,false,12,53,309,3960,4900,3285,6140,false,true,false,6260,10,12334,88,2,6|2
1376,keto,5209,44,14,budget,0,94,true,7,1460,90,145,0.18181818181818182,0.6590909090909091,0.13636363636363635,0.022727272727272728,0,8,3,crash,false,12,17,354,3280,810,765,0,true,false,false,0,0,5209,44,0,
1377,keto,8180,61,31,budget,1,100,true,3,960,131,179,0.14754098360655737,0.4918032786885246,0.21311475409836064,0.06557377049180328,0.08196721311475409,16,5,normal,false,8,27,430,2595,1630,1125,2400,false,false,true,2310,5,5870,56,1,6
1378,keto,3243,30,0,budget,0,68,true,4,690,74,100,0.13333333333333333,0.8666666666666667,0,0,0,3,17,normal,false,5,11,143,3100,0,0,0,false,false,false,0,0,3243,30,0,
1379,keto,9290,37,37,lock,3,100,false,3,1620,90,92,0,0.24324324324324326,0.35135135135135137,0.05405405405405406,0.35135135135135137,12,3,frenzy,false,7,18,0,545,1200,1065,6480,false,true,true,5730,13,3560,24,3,3|3|4
1380,keto,10965,51,21,budget,1,100,true,5,1560,128,178,0,0.7058823529411765,0.13725490196078433,0.058823529411764705,0.09803921568627451,8,1,normal,false,9,19,30,4470,1950,675,3840,false,true,true,3810,5,7155,46,1,6
1381,keto,1908,30,0,budget,0,62,true,3,270,46,83,0.3333333333333333,0.6666666666666666,0,0,0,2,14,normal,false,11,9,228,1680,0,0,0,false,false,true,0,0,1908,30,0,
1382,keto,3471,30,0,budget,0,62,true,5,665,68,112,0.26666666666666666,0.7333333333333333,0,0,0,4,16,normal,false,5,12,556,2915,0,0,0,false,false,true,0,0,3471,30,0,
1383,keto,2095,30,0,budget,0,67,true,3,390,52,84,0.3,0.7,0,0,0,2,15,normal,false,6,8,325,1770,0,0,0,false,false,false,0,0,2095,30,0,
1384,keto,5340,39,18,lock,0,98,true,4,675,89,113,0,0.717948717948718,0.1794871794871795,0.10256410256410256,0,8,2,normal,false,7,18,30,2195,1930,1185,0,true,true,false,0,0,5340,39,0,
1385,keto,14371,67,37,budget,3,100,true,6,2400,164,203,0.1044776119402985,0.373134328358209,0.2537313432835821,0.04477611940298507,0.22388059701492538,16,2,normal,false,4,37,256,2600,2940,1035,7540,false,false,true,8160,15,6211,52,3,6|3|4
1386,keto,12175,64,34,budget,2,100,false,3,1640,159,186,0,0.609375,0.1875,0.046875,0.15625,13,1,normal,false,12,25,0,3120,2280,1575,5200,false,false,false,5140,10,7035,54,2,2|3
1387,keto,2568,30,0,budget,0,67,true,4,855,55,98,0.4666666666666667,0.5333333333333333,0,0,0,3,11,normal,false,5,10,603,1965,0,0,0,false,false,false,0,0,2568,30,0,
1388,keto,8792,47,17,budget,1,100,true,4,1065,123,198,0.425531914893617,0.3404255319148936,0.0851063829787234,0.0425531914893617,0.10638297872340426,8,2,normal,false,8,19,1332,2255,1920,1665,1620,false,false,false,1530,5,7262,42,1,2
1389,keto,3435,30,0,budget,0,68,false,3,630,79,116,0,1,0,0,0,0,-1,normal,false,6,10,0,3435,0,0,0,false,false,true,0,0,3435,30,0,
1390,keto,10538,47,17,budget,1,100,true,6,2700,125,172,0.02127659574468085,0.7021276595744681,0.14893617021276595,0.02127659574468085,0.10638297872340426,8,2,normal,false,6,20,73,3515,4400,90,2460,false,false,false,2370,5,8168,42,1,4
1391,keto,4200,38,8,budget,0,86,false,3,615,93,124,0,0.9210526315789473,0.07894736842105263,0,0,3,9,normal,false,4,16,0,3500,700,0,0,false,false,false,0,0,4200,38,0,
1392,keto,5710,36,6,budget,0,80,false,7,1410,91,136,0,0.9166666666666666,0.08333333333333333,0,0,3,11,normal,false,4,18,0,5440,270,0,0,false,false,false,0,0,5710,36,0,
1393,keto,3825,38,8,budget,0,80,true,4,530,77,112,0,0.9473684210526315,0.05263157894736842,0,0,4,9,normal,false,7,15,60,2895,870,0,0,false,false,true,0,0,3825,38,0,
1394,keto,3602,32,2,budget,0,83,true,4,590,59,128,0.46875,0.46875,0.0625,0,0,3,2,crash,false,8,12,522,2750,330,0,0,false,false,false,0,0,3602,32,0,
1395,keto,4245,34,4,budget,0,80,true,4,660,77,109,0.029411764705882353,0.9411764705882353,0.029411764705882353,0,0,3,7,normal,false,6,15,15,3510,720,0,0,false,false,true,0,0,4245,34,0,
1396,keto,1765,15,8,lock,0,81,false,3,390,35,48,0,0.8,0.2,0,0,3,3,normal,false,5,6,0,745,1020,0,0,false,false,false,0,0,1765,15,0,
1397,keto,8880,49,19,budget,1,100,false,4,1215,122,156,0,0.7142857142857143,0.14285714285714285,0.04081632653061224,0.10204081632653061,7,2,normal,false,10,21,0,3225,2940,495,2220,false,false,false,1470,5,7410,44,1,5
1398,keto,5775,38,8,budget,0,99,false,6,1110,97,144,0,0.8947368421052632,0.07894736842105263,0.02631578947368421,0,4,2,normal,false,6,19,0,4330,1040,405,0,true,true,true,0,0,5775,38,0,
1399,keto,9005,42,12,budget,0,97,false,5,1770,116,160,0,0.8333333333333334,0.11904761904761904,0.047619047619047616,0,6,1,normal,false,12,15,0,4130,2400,2475,0,true,true,false,0,0,9005,42,0,
1400,keto,3339,30,0,budget,0,62,true,5,1130,57,115,0.26666666666666666,0.7333333333333333,0,0,0,3,11,crash,false,6,12,669,2670,0,0,0,false,false,false,0,0,3339,30,0,
1401,keto,3690,32,2,budget,0,76,true,3,465,74,120,0.03125,0.9375,0.03125,0,0,2,4,normal,false,7,12,15,3375,300,0,0,false,false,false,0,0,3690,32,0,
1402,keto,3129,32,2,budget,0,74,true,5,615,62,97,0.1875,0.8125,0,0,0,3,4,normal,false,5,10,144,2805,180,0,0,false,false,false,0,0,3129,32,0,
1403,keto,2998,30,0,budget,0,66,true,5,570,68,119,0.23333333333333334,0.7666666666666667,0,0,0,1,18,normal,false,4,12,548,2450,0,0,0,false,false,false,0,0,2998,30,0,
1404,keto,2250,30,0,budget,0,68,true,3,330,56,108,0.5333333333333333,0.4666666666666667,0,0,0,4,16,crash,false,5,11,810,1440,0,0,0,false,false,false,0,0,2250,30,0,
1405,keto,16610,45,15,budget,1,100,false,9,10255,125,154,0,0.7777777777777778,0.08888888888888889,0.022222222222222223,0.1111111111111111,5,2,normal,false,8,19,0,2995,1600,1755,10260,false,false,false,11875,5,4735,40,1,4
1406,keto,13430,55,25,budget,1,100,true,7,6800,117,187,0.12727272727272726,0.6,0.14545454545454545,0.03636363636363636,0.09090909090909091,13,3,normal,false,5,28,580,2915,1410,765,7760,false,false,true,7670,5,5760,50,1,5
1407,keto,9330,41,11,budget,1,100,false,4,1920,109,154,0,0.7804878048780488,0.07317073170731707,0.024390243902439025,0.12195121951219512,4,2,normal,false,9,14,0,3690,870,90,4680,false,false,false,3810,5,5520,36,1,3
1408,keto,9775,61,31,budget,1,100,false,3,1440,142,188,0,0.6885245901639344,0.19672131147540983,0.03278688524590164,0.08196721311475409,14,2,normal,false,9,31,0,3950,2210,495,3120,false,true,true,3030,5,6745,56,1,7
1409,keto,3881,34,4,budget,0,76,true,4,735,73,139,0.11764705882352941,0.8235294117647058,0.058823529411764705,0,0,2,5,crash,false,4,16,301,3340,240,0,0,false,false,false,0,0,3881,34,0,
1410,keto,9218,57,27,budget,1,100,true,5,940,145,199,0.05263157894736842,0.631578947368421,0.17543859649122806,0.05263157894736842,0.08771929824561403,12,2,crash,false,7,26,68,4705,2200,405,1840,false,false,false,1760,5,7458,52,1,3
1411,keto,5845,36,6,budget,0,86,true,7,1845,89,156,0.027777777777777776,0.8611111111111112,0.1111111111111111,0,0,3,5,crash,false,5,17,0,5515,330,0,0,false,false,false,0,0,5845,36,0,
1412,keto,3272,30,0,budget,0,50,true,6,1020,57,108,0.3333333333333333,0.6666666666666666,0,0,0,4,10,normal,false,4,12,467,2805,0,0,0,false,false,true,0,0,3272,30,0,
1413,keto,3500,40,10,budget,0,80,true,2,390,82,115,0.025,0.975,0,0,0,6,14,normal,false,9,18,15,2705,780,0,0,false,false,true,0,0,3500,40,0,
1414,keto,10605,77,47,budget,1,100,false,3,1080,157,202,0,0.5844155844155844,0.2727272727272727,0.07792207792207792,0.06493506493506493,19,2,normal,false,7,39,0,2860,3170,2835,1740,false,true,false,1710,5,8895,72,1,8
1415,keto,13443,62,41,lock,1,100,true,5,1845,148,200,0.06451612903225806,0.532258064516129,0.24193548387096775,0.08064516129032258,0.08064516129032258,20,1,normal,false,5,29,128,3395,3140,4500,2280,false,true,false,2460,5,10983,57,1,4
1416,keto,2153,32,2,budget,0,72,true,3,255,54,86,0.0625,0.90625,0.03125,0,0,1,10,crash,false,4,12,68,1995,90,0,0,false,false,false,0,0,2153,32,0,
1417,keto,8159,39,9,budget,1,100,true,4,1240,113,173,0.23076923076923078,0.5384615384615384,0.10256410256410256,0,0.1282051282051282,5,2,normal,false,7,16,409,3060,320,870,3500,false,false,true,3390,5,4769,34,1,3
1418,keto,5770,42,12,budget,0,85,true,3,930,90,150,0.023809523809523808,0.8571428571428571,0.11904761904761904,0,0,7,19,normal,false,8,16,45,3405,2320,0,0,false,false,true,0,0,5770,42,0,
1419,keto,3242,30,0,budget,0,56,true,5,840,63,120,0.36666666666666664,0.6333333333333333,0,0,0,1,13,crash,false,8,10,407,2835,0,0,0,false,false,false,0,0,3242,30,0,
1420,keto,5650,48,18,budget,0,96,false,5,630,106,134,0,0.7708333333333334,0.14583333333333334,0.08333333333333333,0,8,4,normal,false,16,15,0,3005,1790,855,0,true,true,false,0,0,5650,48,0,
1421,keto,7770,46,16,budget,0,90,true,5,1725,108,159,0.021739130434782608,0.6956521739130435,0.21739130434782608,0.06521739130434782,0,8,2,crash,false,3,26,0,4550,1150,2070,0,true,false,false,0,0,7770,46,0,
1422,keto,8196,59,29,budget,1,100,true,5,735,134,182,0.0847457627118644,0.6271186440677966,0.1694915254237288,0.03389830508474576,0.0847457627118644,13,2,normal,false,7,28,256,3715,1570,1395,1260,false,true,false,1230,5,6966,54,1,4
1423,keto,5735,44,14,budget,0,90,true,6,1200,109,158,0.06818181818181818,0.7727272727272727,0.13636363636363635,0.022727272727272728,0,10,2,normal,false,4,24,135,4565,900,135,0,true,false,false,0,0,5735,44,0,
1424,keto,2613,30,0,budget,0,62,true,4,505,60,85,0.16666666666666666,0.8333333333333334,0,0,0,2,14,normal,false,7,11,218,2395,0,0,0,false,false,true,0,0,2613,30,0,
1425,keto,8064,54,24,budget,2,100,true,4,1275,123,153,0.2222222222222222,0.37037037037037035,0.2037037037037037,0.018518518518518517,0.18518518518518517,10,1,normal,false,12,17,504,2135,1540,1305,2580,false,false,true,2530,10,5534,44,2,3|8
1426,keto,11150,73,43,budget,1,100,true,4,960,155,216,0.0136986301369863,0.6164383561643836,0.2191780821917808,0.0821917808219178,0.0684931506849315,21,2,normal,false,9,34,40,3985,3690,1935,1500,false,true,true,1410,5,9740,68,1,10
1427,keto,17159,91,61,budget,3,100,true,4,1560,203,268,0.07692307692307693,0.45054945054945056,0.24175824175824176,0.06593406593406594,0.16483516483516483,27,3,crash,false,8,45,289,2725,4870,2655,6620,false,true,false,5590,15,11569,76,3,4|6|8
1428,keto,2985,38,8,budget,0,80,true,3,395,73,100,0,0.9736842105263158,0.02631578947368421,0,0,4,25,normal,false,6,14,30,2685,270,0,0,false,false,false,0,0,2985,38,0,
1429,keto,5941,40,10,budget,0,92,true,4,1530,91,152,0.35,0.475,0.175,0,0,6,2,normal,false,13,16,636,2095,2850,360,0,true,false,true,0,0,5941,40,0,
1430,keto,5562,41,11,budget,1,100,true,3,1140,83,139,0.2926829268292683,0.5121951219512195,0.04878048780487805,0.024390243902439025,0.12195121951219512,7,2,crash,false,6,16,452,2060,740,270,2040,false,false,false,2190,5,3372,36,1,3
1431,keto,13410,58,28,budget,2,100,true,5,1140,146,228,0.034482758620689655,0.5689655172413793,0.13793103448275862,0.08620689655172414,0.1724137931034483,13,4,normal,false,3,37,180,3880,2790,1440,5120,false,true,false,4940,10,8470,48,2,4|6
1432,keto,6800,46,16,budget,0,84,true,6,1415,120,170,0.021739130434782608,0.8695652173913043,0.10869565217391304,0,0,7,2,crash,false,6,19,45,5235,1520,0,0,false,false,false,0,0,6800,46,0,
1433,keto,3515,32,2,budget,0,82,true,5,750,61,107,0.03125,0.9375,0.03125,0,0,2,4,normal,false,5,13,15,3290,210,0,0,false,false,true,0,0,3515,32,0,
1434,keto,5114,42,12,budget,0,80,true,5,660,100,158,0.16666666666666666,0.7857142857142857,0.047619047619047616,0,0,9,2,normal,false,6,20,624,3020,1470,0,0,false,false,true,0,0,5114,42,0,
1435,keto,10990,81,51,budget,1,100,false,5,870,179,228,0,0.5802469135802469,0.2345679012345679,0.12345679012345678,0.06172839506172839,21,1,normal,false,7,32,0,4615,2850,2685,840,false,true,false,750,5,10240,76,1,2
1436,keto,8121,39,9,budget,1,100,true,5,2520,82,136,0.1282051282051282,0.5897435897435898,0.1282051282051282,0.02564102564102564,0.1282051282051282,5,6,normal,false,7,17,136,2915,780,90,4200,false,false,true,1770,5,6351,34,1,6
1437,keto,4720,23,13,lock,1,100,false,4,2760,50,55,0,0.5217391304347826,0.21739130434782608,0.043478260869565216,0.21739130434782608,5,2,normal,false,9,12,0,610,540,90,3480,false,false,true,3390,5,1330,18,1,4
1438,keto,7128,47,17,budget,1,100,true,4,900,112,153,0.06382978723404255,0.7659574468085106,0.0425531914893617,0.02127659574468085,0.10638297872340426,8,2,normal,false,12,14,98,3940,1890,120,1080,false,false,false,1080,5,6048,42,1,3
1439,keto,6678,49,19,budget,1,100,true,3,690,121,163,0.061224489795918366,0.673469387755102,0.12244897959183673,0.04081632653061224,0.10204081632653061,9,2,normal,false,7,22,458,3145,930,765,1380,false,true,true,1350,5,5328,44,1,4
1440,keto,4400,38,8,budget,0,90,true,4,390,88,135,0.02631578947368421,0.8421052631578947,0.07894736842105263,0.05263157894736842,0,5,4,normal,false,5,18,105,3560,420,315,0,true,false,true,0,0,4400,38,0,
1441,keto,2751,30,0,budget,0,62,true,3,370,62,99,0.16666666666666666,0.8333333333333334,0,0,0,1,24,normal,false,6,8,296,2455,0,0,0,false,false,false,0,0,2751,30,0,
1442,keto,2905,34,4,budget,0,77,true,4,450,66,94,0.11764705882352941,0.8235294117647058,0.058823529411764705,0,0,3,7,crash,false,6,11,115,2610,180,0,0,false,false,false,0,0,2905,34,0,
1443,keto,2561,32,2,budget,0,70,true,3,405,52,97,0.25,0.75,0,0,0,4,5,crash,false,4,10,151,2410,0,0,0,false,false,false,0,0,2561,32,0,
1444,keto,8645,43,13,budget,1,100,true,5,2160,97,135,0.046511627906976744,0.7209302325581395,0.09302325581395349,0.023255813953488372,0.11627906976744186,6,2,normal,false,17,14,165,2615,330,2115,3420,false,true,false,3390,5,5255,38,1,5
1445,keto,2937,36,6,budget,0,90,true,3,370,66,104,0.25,0.6666666666666666,0.05555555555555555,0.027777777777777776,0,5,2,normal,false,6,14,307,2165,330,135,0,true,false,true,0,0,2937,36,0,
1446,keto,4395,34,4,budget,0,75,true,4,530,94,132,0.058823529411764705,0.9117647058823529,0.029411764705882353,0,0,4,8,normal,false,5,12,30,3975,390,0,0,false,false,false,0,0,4395,34,0,
1447,keto,2625,30,0,budget,0,56,true,3,300,60,96,0.1,0.9,0,0,0,3,6,normal,false,4,14,240,2385,0,0,0,false,false,true,0,0,2625,30,0,
1448,keto,3472,30,0,budget,0,63,true,5,735,61,128,0.3333333333333333,0.6666666666666666,0,0,0,4,11,normal,false,7,10,627,2845,0,0,0,false,false,true,0,0,3472,30,0,
1449,keto,1065,4,0,lock,0,53,false,3,390,17,30,0,1,0,0,0,0,-1,normal,false,1,3,0,1065,0,0,0,false,false,true,0,0,1065,4,0,
1450,keto,9557,51,21,budget,1,100,true,5,2280,109,187,0.19607843137254902,0.49019607843137253,0.17647058823529413,0.0392156862745098,0.09803921568627451,11,2,crash,false,6,22,847,1775,1160,4335,1440,false,true,false,1440,5,8117,46,1,8
1451,keto,2057,32,2,budget,0,77,true,3,270,56,88,0.28125,0.6875,0.03125,0,0,6,7,normal,false,6,11,277,1690,90,0,0,false,false,true,0,0,2057,32,0,
1452,keto,14642,57,27,budget,1,100,true,6,4320,141,230,0.17543859649122806,0.5789473684210527,0.12280701754385964,0.03508771929824561,0.08771929824561403,14,5,normal,false,5,30,417,3230,4440,495,6060,false,false,true,6030,5,8612,52,1,5
1453,keto,9590,44,39,lock,1,100,false,4,1040,107,171,0,0.4090909090909091,0.36363636363636365,0.11363636363636363,0.11363636363636363,16,2,normal,false,3,29,0,2595,3430,1305,2260,false,false,false,2030,5,7560,39,1,5
1454,keto,4050,30,0,budget,0,65,true,6,1260,70,110,0.03333333333333333,0.9666666666666667,0,0,0,1,10,normal,false,8,11,140,3910,0,0,0,false,false,false,0,0,4050,30,0,
1455,keto,6995,56,26,budget,0,92,false,4,670,139,159,0,0.7321428571428571,0.19642857142857142,0.07142857142857142,0,11,2,normal,false,4,27,0,3865,2590,540,0,true,false,true,0,0,6995,56,0,
1456,keto,11758,59,29,budget,1,100,true,5,2505,134,203,0.03389830508474576,0.576271186440678,0.2711864406779661,0.03389830508474576,0.0847457627118644,10,2,crash,false,9,28,173,3160,2580,2085,3760,false,false,false,4065,5,7693,54,1,5
1457,keto,6430,32,2,budget,0,73,false,8,2430,96,136,0,0.9375,0.0625,0,0,1,6,normal,false,4,17,0,6220,210,0,0,false,false,true,0,0,6430,32,0,
1458,keto,3640,20,11,lock,1,100,false,5,1360,54,50,0,0.6,0.1,0.05,0.25,3,2,keto,false,6,12,0,1080,1390,90,1080,false,false,true,990,5,2650,15,1,2
1459,keto,9523,43,13,budget,1,100,true,7,3570,85,171,0.32558139534883723,0.4186046511627907,0.13953488372093023,0,0.11627906976744186,6,2,normal,false,7,15,778,3405,450,2250,2640,false,false,true,4830,5,4693,38,1,3
1460,keto,2868,30,0,budget,0,66,true,5,675,55,97,0.23333333333333334,0.7666666666666667,0,0,0,5,7,normal,false,4,12,158,2710,0,0,0,false,false,true,0,0,2868,30,0,
1461,keto,13510,64,34,budget,2,100,true,4,2280,158,206,0.046875,0.640625,0.109375,0.046875,0.15625,15,2,normal,false,6,30,45,4260,1710,315,7180,false,false,true,5500,10,8010,54,2,2|2
1462,keto,11555,35,30,lock,2,100,false,4,2940,97,110,0,0.2571428571428571,0.42857142857142855,0.02857142857142857,0.2857142857142857,11,2,normal,false,5,19,0,485,3510,660,6900,false,false,false,6360,10,5195,25,2,2|2
1463,keto,3113,30,0,budget,0,62,true,5,735,69,104,0.2,0.8,0,0,0,2,20,normal,false,4,11,313,2800,0,0,0,false,false,false,0,0,3113,30,0,
1464,keto,5102,42,12,budget,0,94,true,4,590,96,155,0.23809523809523808,0.6190476190476191,0.11904761904761904,0.023809523809523808,0,7,3,crash,false,6,17,502,2705,1760,135,0,true,false,false,0,0,5102,42,0,
1465,keto,19195,64,34,budget,2,100,true,5,2400,172,256,0.03125,0.609375,0.15625,0.046875,0.15625,14,7,normal,false,7,34,30,4925,2640,1260,10340,false,false,true,9380,10,9815,54,2,3|6
1466,keto,7295,41,11,budget,1,100,true,5,1260,97,148,0.12195121951219512,0.6585365853658537,0.07317073170731707,0.024390243902439025,0.12195121951219512,7,17,normal,false,4,24,280,3215,1450,90,2260,false,false,false,2230,5,5065,36,1,4
1467,keto,7901,58,28,budget,0,93,true,5,1030,138,198,0.06896551724137931,0.7241379310344828,0.15517241379310345,0.05172413793103448,0,16,2,normal,false,11,33,576,4120,2800,405,0,true,false,false,0,0,7901,58,0,
1468,keto,4474,40,10,budget,0,99,true,3,570,88,128,0.15,0.725,0.075,0.05,0,6,2,normal,false,4,18,344,2460,1400,270,0,true,true,false,0,0,4474,40,0,
1469,keto,3330,34,4,budget,0,80,true,4,480,75,108,0.058823529411764705,0.9117647058823529,0.029411764705882353,0,0,3,8,normal,false,5,12,45,2745,540,0,0,false,false,false,0,0,3330,34,0,
1470,keto,21765,110,80,budget,2,100,true,4,3120,268,367,0.00909090909090909,0.5454545454545454,0.2636363636363636,0.09090909090909091,0.09090909090909091,36,12,normal,false,11,55,40,5815,6430,4080,5400,false,true,false,5250,10,16515,100,2,6|9
1471,keto,5255,30,0,budget,0,64,true,5,995,85,136,0.06666666666666667,0.9333333333333333,0,0,0,2,18,normal,false,2,14,30,5225,0,0,0,false,false,false,0,0,5255,30,0,
1472,keto,3018,30,0,budget,0,65,true,4,715,61,109,0.1,0.9,0,0,0,1,6,crash,false,5,7,38,2980,0,0,0,false,false,false,0,0,3018,30,0,
1473,keto,6691,56,26,budget,0,94,true,5,975,117,170,0.10714285714285714,0.5357142857142857,0.3392857142857143,0.017857142857142856,0,14,2,normal,false,4,31,211,3205,2420,855,0,true,false,true,0,0,6691,56,0,
1474,keto,8294,53,23,budget,1,100,true,4,820,130,188,0.11320754716981132,0.5849056603773585,0.1320754716981132,0.07547169811320754,0.09433962264150944,10,2,crash,false,5,26,174,3995,2230,495,1400,false,false,false,1370,5,6924,48,1,3
1475,keto,2178,32,2,budget,0,73,true,3,300,56,105,0.5,0.46875,0.03125,0,0,3,2,crash,false,8,10,648,1440,90,0,0,false,false,false,0,0,2178,32,0,
1476,keto,3705,30,0,budget,0,69,true,5,1000,63,102,0.1,0.9,0,0,0,2,17,crash,false,4,10,90,3615,0,0,0,false,false,true,0,0,3705,30,0,
1477,keto,4224,40,10,budget,0,99,true,4,420,88,132,0.125,0.6,0.2,0.075,0,6,12,crash,false,9,13,264,2580,1020,360,0,true,true,false,0,0,4224,40,0,
1478,keto,7275,43,13,budget,1,100,false,4,1740,103,120,0,0.6976744186046512,0.13953488372093023,0.046511627906976744,0.11627906976744186,5,11,normal,false,8,14,0,2820,1470,765,2220,false,true,false,2190,5,5085,38,1,7
1479,keto,7761,49,19,budget,1,100,true,4,850,109,174,0.10204081632653061,0.6326530612244898,0.10204081632653061,0.061224489795918366,0.10204081632653061,9,5,normal,false,9,22,151,2690,2520,360,2040,false,true,false,1590,5,6171,44,1,3
1480,keto,3768,30,0,budget,0,63,true,5,750,71,113,0.2,0.8,0,0,0,3,19,normal,false,5,15,233,3535,0,0,0,false,false,true,0,0,3768,30,0,
1481,keto,15413,70,40,budget,2,100,true,7,2985,176,230,0.02857142857142857,0.5714285714285714,0.17142857142857143,0.08571428571428572,0.14285714285714285,15,1,normal,false,9,25,38,4245,4980,3570,2580,false,true,false,4845,10,10568,60,2,5|6
1482,keto,5735,52,22,budget,0,91,false,4,850,108,155,0,0.8461538461538461,0.15384615384615385,0,0,11,16,normal,false,11,22,0,3025,2350,360,0,true,false,true,0,0,5735,52,0,
1483,keto,3750,32,2,budget,0,76,false,4,750,68,115,0,0.9375,0.0625,0,0,1,13,normal,false,14,8,0,3540,210,0,0,false,false,true,0,0,3750,32,0,
1484,keto,11080,56,26,budget,2,100,false,4,1140,153,194,0,0.5535714285714286,0.16071428571428573,0.10714285714285714,0.17857142857142858,8,16,normal,false,5,32,0,3715,1620,2445,3300,false,true,false,3450,10,7630,46,2,7|8
1485,keto,4028,38,8,budget,0,80,true,3,330,81,148,0.13157894736842105,0.7894736842105263,0.07894736842105263,0,0,6,2,normal,false,4,20,453,2885,690,0,0,false,false,false,0,0,4028,38,0,
1486,keto,8169,54,26,lock,2,100,true,4,900,114,159,0.14814814814814814,0.3888888888888889,0.2222222222222222,0.05555555555555555,0.18518518518518517,12,2,crash,false,5,20,204,2825,1690,630,2820,false,false,false,3030,10,5139,44,2,4|4
1487,keto,2765,32,2,budget,0,79,false,4,525,62,83,0,0.96875,0.03125,0,0,1,18,normal,false,8,10,0,2675,90,0,0,false,false,true,0,0,2765,32,0,
1488,keto,5963,43,13,budget,1,100,true,5,1005,104,120,0.046511627906976744,0.627906976744186,0.11627906976744186,0.09302325581395349,0.11627906976744186,5,2,crash,false,8,20,53,3105,540,765,1500,false,false,false,1740,5,4223,38,1,5
1489,keto,3684,32,2,budget,0,83,true,3,375,71,118,0.15625,0.75,0.09375,0,0,2,19,normal,false,6,14,174,3020,490,0,0,false,false,false,0,0,3684,32,0,
1490,keto,3090,32,2,budget,0,70,true,4,405,71,109,0.125,0.875,0,0,0,3,3,normal,false,3,15,210,2880,0,0,0,false,false,true,0,0,3090,32,0,
1491,keto,8060,54,24,budget,0,94,true,7,1515,132,180,0,0.7777777777777778,0.18518518518518517,0.037037037037037035,0,11,2,normal,false,6,25,60,5330,1770,900,0,true,false,false,0,0,8060,54,0,
1492,keto,2318,30,0,budget,0,62,true,4,285,52,106,0.5,0.5,0,0,0,5,8,normal,false,8,9,668,1650,0,0,0,false,false,false,0,0,2318,30,0,
1493,keto,4526,38,8,budget,0,82,true,5,880,83,146,0.2631578947368421,0.631578947368421,0.10526315789473684,0,0,7,2,crash,false,6,19,466,2490,1570,0,0,false,false,false,0,0,4526,38,0,
1494,keto,12410,60,30,budget,2,100,false,5,3610,143,181,0,0.7,0.1,0.03333333333333333,0.16666666666666666,10,3,normal,false,9,26,0,3070,2100,720,6520,false,true,false,6040,10,6370,50,2,2|2
1495,keto,4743,30,0,budget,0,65,true,5,825,76,128,0.16666666666666666,0.8333333333333334,0,0,0,1,10,crash,false,4,11,83,4660,0,0,0,false,false,false,0,0,4743,30,0,
1496,keto,5698,28,10,lock,0,93,true,4,2010,71,120,0.07142857142857142,0.75,0.10714285714285714,0.07142857142857142,0,6,9,normal,false,3,13,38,2750,1560,1350,0,true,false,false,0,0,5698,28,0,
1497,keto,9215,49,19,budget,1,100,false,4,1440,110,156,0,0.6122448979591837,0.2653061224489796,0.02040816326530612,0.10204081632653061,8,3,normal,false,6,21,0,2760,2720,135,3600,false,false,false,3620,5,5595,44,1,4
1498,keto,22721,72,42,budget,2,100,true,7,8600,175,269,0.06944444444444445,0.4444444444444444,0.20833333333333334,0.1388888888888889,0.1388888888888889,15,2,crash,false,7,36,286,3955,3750,3390,11340,false,true,false,11170,10,11551,62,2,2|15
1499,keto,3183,36,6,budget,0,83,true,4,315,81,100,0.05555555555555555,0.8055555555555556,0.1388888888888889,0,0,4,2,normal,false,6,17,128,2665,390,0,0,false,false,false,0,0,3183,36,0,
1500,keto,1946,17,0,lock,0,62,true,4,455,39,67,0.23529411764705882,0.7647058823529411,0,0,0,1,11,normal,false,4,6,206,1740,0,0,0,false,false,false,0,0,1946,17,0,
1501,keto,9075,41,11,budget,1,100,true,8,1545,121,172,0.04878048780487805,0.7317073170731707,0.07317073170731707,0.024390243902439025,0.12195121951219512,6,2,normal,false,12,14,30,6215,360,90,2380,false,true,false,2350,5,6725,36,1,3
1502,keto,14346,70,40,budget,2,100,true,6,1815,180,221,0.11428571428571428,0.5142857142857142,0.18571428571428572,0.04285714285714286,0.14285714285714285,18,3,normal,false,9,31,391,4340,2290,2745,4580,false,true,false,4160,10,10186,60,2,4|6
1503,keto,10188,58,28,budget,0,95,true,4,970,151,226,0.034482758620689655,0.7758620689655172,0.1724137931034483,0.017241379310344827,0,12,6,normal,false,8,26,208,4830,3440,1710,0,true,true,true,0,0,10188,58,0,
1504,keto,6426,47,17,budget,1,100,true,4,680,102,154,0.23404255319148937,0.44680851063829785,0.1702127659574468,0.0425531914893617,0.10638297872340426,10,2,crash,false,4,26,431,2485,1630,540,1340,false,false,true,1680,5,4746,42,0,
1505,keto,13445,59,29,budget,1,100,false,7,4680,146,189,0,0.6949152542372882,0.1864406779661017,0.03389830508474576,0.0847457627118644,11,2,normal,false,7,28,0,4600,3300,225,5320,false,false,false,5230,5,8215,54,1,2
1506,keto,11358,65,35,budget,1,100,true,4,2040,144,197,0.06153846153846154,0.6615384615384615,0.13846153846153847,0.06153846153846154,0.07692307692307693,16,5,crash,false,12,24,53,3060,3390,2115,2740,false,true,false,2650,5,8708,60,1,6
1507,keto,8240,55,25,budget,1,100,false,5,990,148,172,0,0.7272727272727273,0.14545454545454545,0.03636363636363636,0.09090909090909091,11,2,normal,false,7,24,0,3835,2920,225,1260,false,false,false,1230,5,7010,50,1,3
1508,keto,6455,57,27,budget,1,100,true,3,600,122,161,0.017543859649122806,0.6140350877192983,0.24561403508771928,0.03508771929824561,0.08771929824561403,10,2,normal,false,9,22,45,2820,2060,630,900,false,true,true,1110,5,5345,52,0,
1509,keto,10306,55,25,budget,1,100,true,4,1350,123,179,0.09090909090909091,0.509090909090909,0.2545454545454545,0.05454545454545454,0.09090909090909091,12,2,normal,false,7,27,481,2740,1840,2925,2320,false,true,true,2290,5,8016,50,1,5
1510,keto,6614,34,4,budget,0,84,true,5,1270,96,174,0.08823529411764706,0.7941176470588235,0.11764705882352941,0,0,3,2,normal,false,4,18,499,5635,480,0,0,false,false,true,0,0,6614,34,0,
1511,keto,5265,32,2,budget,0,74,true,4,645,93,147,0.03125,0.96875,0,0,0,2,10,normal,false,7,17,15,4800,450,0,0,false,false,true,0,0,5265,32,0,
1512,keto,2829,30,0,budget,0,67,true,5,578,51,121,0.36666666666666664,0.6333333333333333,0,0,0,0,-1,crash,false,6,8,1254,1575,0,0,0,false,false,false,0,0,2829,30,0,
1513,keto,4065,40,10,budget,0,83,false,3,630,80,122,0,0.9,0.1,0,0,5,2,normal,false,10,18,0,2925,1140,0,0,false,false,true,0,0,4065,40,0,
1514,keto,10763,55,25,budget,1,100,true,6,2520,133,186,0.21818181818181817,0.509090909090909,0.18181818181818182,0,0.09090909090909091,10,13,crash,false,7,27,508,3115,1920,180,5040,false,false,false,5160,5,5603,50,1,3
1515,keto,6607,44,14,budget,0,95,true,5,2235,97,156,0.20454545454545456,0.6363636363636364,0.1590909090909091,0,0,8,2,normal,false,6,20,787,2165,1270,2385,0,true,true,false,0,0,6607,44,0,
1516,keto,6305,41,11,budget,1,100,true,5,1905,91,128,0,0.7804878048780488,0.07317073170731707,0.024390243902439025,0.12195121951219512,4,6,normal,false,10,14,150,3230,570,1575,780,false,true,true,690,5,5615,36,1,4
1517,keto,1908,30,0,budget,0,54,true,3,210,49,93,0.4666666666666667,0.5333333333333333,0,0,0,3,20,normal,false,6,12,483,1425,0,0,0,false,false,true,0,0,1908,30,0,
1518,keto,4380,32,2,budget,0,84,true,4,945,79,118,0.0625,0.90625,0.03125,0,0,3,3,normal,false,7,11,30,3900,450,0,0,false,false,true,0,0,4380,32,0,
1519,keto,13704,66,36,budget,2,100,true,5,2325,163,252,0.09090909090909091,0.5606060606060606,0.16666666666666666,0.030303030303030304,0.15151515151515152,13,1,normal,false,9,34,249,5030,2840,2745,2840,false,false,true,2810,10,10894,56,2,6|3
1520,keto,600,4,2,lock,0,73,false,4,495,6,15,0,0.75,0.25,0,0,1,2,normal,false,1,2,0,510,90,0,0,false,false,false,0,0,600,4,0,
1521,keto,6825,45,15,budget,1,100,true,5,840,107,129,0.022222222222222223,0.8,0.06666666666666667,0,0.1111111111111111,5,2,normal,false,7,15,15,3270,360,180,3000,false,false,false,3120,5,3705,40,1,2
1522,keto,6176,44,14,budget,0,97,true,4,1125,97,159,0.1590909090909091,0.6818181818181818,0.09090909090909091,0.06818181818181818,0,8,2,normal,false,9,18,451,2905,1110,1710,0,true,true,true,0,0,6176,44,0,
1523,keto,16725,78,48,budget,2,100,false,7,1520,187,264,0,0.5512820512820513,0.2692307692307692,0.05128205128205128,0.1282051282051282,21,1,normal,false,5,41,0,5435,3670,2520,5100,false,true,false,4740,10,11985,68,2,10|4
1524,keto,7306,54,24,budget,0,99,true,5,2190,113,176,0.14814814814814814,0.7037037037037037,0.1111111111111111,0.037037037037037035,0,14,2,crash,false,8,21,241,3020,3820,225,0,true,true,false,0,0,7306,54,0,
1525,keto,6130,42,12,budget,0,81,false,7,1335,103,149,0,0.9047619047619048,0.09523809523809523,0,0,6,5,normal,false,5,17,0,4600,1530,0,0,false,false,true,0,0,6130,42,0,
1526,keto,3588,34,4,budget,0,79,true,3,530,72,108,0.08823529411764706,0.9117647058823529,0,0,0,2,3,crash,false,11,7,38,3100,450,0,0,false,false,false,0,0,3588,34,0,
1527,keto,3628,34,4,budget,0,85,true,3,390,84,116,0.08823529411764706,0.7941176470588235,0.11764705882352941,0,0,3,1,normal,false,12,8,128,3020,480,0,0,false,false,false,0,0,3628,34,0,
1528,keto,7285,48,18,budget,0,92,true,6,1425,130,171,0.041666666666666664,0.7708333333333334,0.125,0.0625,0,10,6,normal,false,14,23,70,5680,1130,405,0,true,false,false,0,0,7285,48,0,
1529,keto,4185,30,0,budget,0,64,true,8,1740,71,112,0.1,0.9,0,0,0,1,15,normal,false,7,10,195,3990,0,0,0,false,false,false,0,0,4185,30,0,
1530,keto,7930,57,27,budget,1,100,false,4,870,128,154,0,0.6140350877192983,0.24561403508771928,0.05263157894736842,0.08771929824561403,9,2,normal,false,8,22,0,2630,2660,360,2280,false,false,false,1770,5,6160,52,1,9
1531,keto,4288,36,6,budget,0,81,true,5,615,79,111,0.1111111111111111,0.8611111111111112,0.027777777777777776,0,0,6,2,normal,false,5,16,73,3285,930,0,0,false,false,false,0,0,4288,36,0,
1532,keto,4695,30,0,budget,0,59,true,5,865,86,130,0.03333333333333333,0.9666666666666667,0,0,0,1,22,normal,false,7,13,255,4440,0,0,0,false,false,true,0,0,4695,30,0,
1533,keto,11816,71,41,budget,1,100,true,5,2830,148,229,0.07042253521126761,0.6056338028169014,0.16901408450704225,0.08450704225352113,0.07042253521126761,20,5,crash,false,7,42,301,2860,4800,2355,1500,false,true,true,1410,5,10406,66,1,14
1534,keto,2640,32,2,budget,0,83,true,3,420,60,84,0.03125,0.9375,0.03125,0,0,2,2,normal,false,5,10,15,2205,420,0,0,false,false,false,0,0,2640,32,0,
1535,keto,7545,48,18,budget,0,92,false,5,1560,114,159,0,0.8333333333333334,0.125,0.041666666666666664,0,7,4,normal,false,11,19,0,3345,3930,270,0,true,false,false,0,0,7545,48,0,
1536,keto,4985,40,10,budget,0,75,true,4,915,94,151,0.025,0.925,0.05,0,0,6,2,normal,false,5,17,45,3920,1020,0,0,false,false,false,0,0,4985,40,0,
1537,keto,3537,30,0,budget,0,65,true,6,1480,68,109,0.3,0.7,0,0,0,2,15,normal,false,14,6,272,3265,0,0,0,false,false,false,0,0,3537,30,0,
1538,keto,27920,97,67,budget,3,100,true,7,3425,256,348,0,0.422680412371134,0.3402061855670103,0.08247422680412371,0.15463917525773196,24,2,normal,false,9,45,30,4525,8890,4995,9480,false,true,false,8610,15,19310,82,3,2|3|7
1539,keto,36645,112,82,budget,6,100,false,7,6420,280,390,0,0.41964285714285715,0.22321428571428573,0.08928571428571429,0.26785714285714285,29,2,normal,false,13,48,0,3275,6760,7230,19380,false,true,false,20460,30,16185,82,6,3|2|9|4|6|2
1540,keto,6625,57,27,budget,1,100,true,3,540,128,150,0.017543859649122806,0.6842105263157895,0.19298245614035087,0.017543859649122806,0.08771929824561403,11,2,normal,false,11,22,30,3375,1310,990,920,false,false,false,890,5,5735,52,1,5
1541,keto,9675,53,23,budget,1,100,true,5,2600,116,167,0.05660377358490566,0.6415094339622641,0.18867924528301888,0.018867924528301886,0.09433962264150944,11,2,crash,false,9,24,75,3930,1270,360,4040,false,true,false,4010,5,5665,48,1,8
1542,keto,14449,58,28,budget,2,100,true,5,3280,145,214,0.13793103448275862,0.5172413793103449,0.13793103448275862,0.034482758620689655,0.1724137931034483,9,2,normal,false,6,22,489,2830,1810,1260,8060,false,false,true,8530,10,5919,48,2,2|6
1543,keto,9655,45,15,budget,1,100,false,6,1140,116,178,0,0.7777777777777778,0.06666666666666667,0.044444444444444446,0.1111111111111111,5,21,normal,false,13,17,0,5210,1070,315,3060,false,false,false,2100,5,7555,40,1,2
1544,keto,2403,30,0,budget,0,65,true,4,293,55,107,0.1,0.9,0,0,0,1,21,crash,false,8,13,483,1920,0,0,0,false,false,true,0,0,2403,30,0,
1545,keto,21985,70,40,budget,2,100,true,4,4890,172,248,0.014285714285714285,0.45714285714285713,0.2857142857142857,0.1,0.14285714285714285,16,3,normal,false,13,32,15,2700,5290,1440,12540,false,true,false,12120,10,9865,60,2,4|4
1546,keto,2025,32,2,budget,0,75,false,2,165,59,76,0,0.96875,0.03125,0,0,1,6,normal,false,5,11,0,1935,90,0,0,false,false,false,0,0,2025,32,0,
1547,keto,4226,34,4,budget,0,87,true,6,1490,79,133,0.23529411764705882,0.7058823529411765,0.058823529411764705,0,0,3,12,crash,false,5,16,271,3595,360,0,0,false,false,true,0,0,4226,34,0,
1548,keto,1165,12,0,lock,0,50,true,4,495,23,39,0.08333333333333333,0.9166666666666666,0,0,0,1,12,normal,false,4,4,15,1150,0,0,0,false,false,true,0,0,1165,12,0,
1549,keto,4559,40,10,budget,0,92,true,4,435,98,135,0.175,0.675,0.125,0.025,0,7,2,normal,false,6,20,489,3335,600,135,0,true,false,true,0,0,4559,40,0,
1550,keto,4725,38,8,budget,0,96,true,4,405,97,129,0.05263157894736842,0.8157894736842105,0.07894736842105263,0.05263157894736842,0,6,5,normal,false,4,18,80,3635,380,630,0,true,true,true,0,0,4725,38,0,
1551,keto,5316,39,9,budget,1,100,true,5,960,88,125,0.10256410256410256,0.5897435897435898,0.10256410256410256,0.07692307692307693,0.1282051282051282,6,2,normal,false,8,17,301,2755,270,450,1540,false,false,false,1510,5,3806,34,1,6
1552,keto,2670,38,8,budget,0,74,true,4,390,67,84,0.05263157894736842,0.8421052631578947,0.10526315789473684,0,0,5,2,normal,false,6,16,30,2280,360,0,0,false,false,true,0,0,2670,38,0,
1553,keto,10435,48,18,budget,0,94,false,9,4170,133,191,0,0.8333333333333334,0.125,0.041666666666666664,0,9,1,normal,false,4,26,0,6825,2980,630,0,true,false,false,0,0,10435,48,0,
1554,keto,3004,34,4,budget,0,80,true,4,570,61,103,0.29411764705882354,0.7058823529411765,0,0,0,5,3,crash,false,11,10,249,2035,720,0,0,false,false,false,0,0,3004,34,0,
1555,keto,6790,62,32,budget,0,87,false,4,480,130,169,0,0.7096774193548387,0.2903225806451613,0,0,14,2,normal,false,5,33,0,2930,3590,270,0,false,false,true,0,0,6790,62,0,
1556,keto,8645,59,29,budget,1,100,false,4,1335,140,182,0,0.7288135593220338,0.13559322033898305,0.05084745762711865,0.0847457627118644,11,2,normal,false,6,35,0,4285,1690,1890,780,false,true,true,900,5,7745,54,1,8
1557,keto,8275,47,17,budget,1,100,true,5,930,124,179,0.0851063829787234,0.574468085106383,0.1276595744680851,0.10638297872340426,0.10638297872340426,7,1,normal,false,10,17,335,5300,420,1440,780,false,true,false,690,5,7585,42,1,4
1558,keto,4595,30,0,budget,0,63,false,4,870,86,128,0,1,0,0,0,0,-1,normal,false,4,13,0,4595,0,0,0,false,false,true,0,0,4595,30,0,
1559,keto,4282,34,4,budget,0,80,true,6,620,74,157,0.35294117647058826,0.6470588235294118,0,0,0,5,2,normal,false,8,13,1267,2505,510,0,0,false,false,true,0,0,4282,34,0,
1560,keto,5958,42,12,budget,0,82,true,6,825,111,161,0.023809523809523808,0.9047619047619048,0.07142857142857142,0,0,7,11,normal,false,3,20,253,4355,1350,0,0,false,false,false,0,0,5958,42,0,
1561,keto,5566,32,2,budget,0,74,true,7,1275,90,139,0.09375,0.90625,0,0,0,3,13,normal,false,5,13,196,4860,510,0,0,false,false,false,0,0,5566,32,0,
1562,keto,1695,30,0,budget,0,66,false,2,150,48,66,0,1,0,0,0,0,-1,normal,false,11,5,0,1695,0,0,0,false,false,true,0,0,1695,30,0,
1563,keto,8625,50,20,budget,2,100,true,4,1440,133,165,0.04,0.64,0.1,0.02,0.2,6,2,normal,false,10,18,30,4015,910,450,3220,false,false,true,3410,10,5215,40,1,4
1564,keto,7315,46,16,budget,0,90,false,5,1065,118,168,0,0.8695652173913043,0.10869565217391304,0.021739130434782608,0,8,2,normal,false,5,23,0,5320,1860,135,0,true,false,false,0,0,7315,46,0,
1565,keto,11080,62,32,budget,2,100,false,6,1500,142,196,0,0.5645161290322581,0.24193548387096775,0.03225806451612903,0.16129032258064516,12,2,normal,false,9,31,0,3340,2620,1140,3980,false,true,false,3920,10,7160,52,2,4|4
1566,keto,3825,34,4,budget,0,83,true,4,855,76,124,0.14705882352941177,0.7941176470588235,0.058823529411764705,0,0,4,2,crash,false,5,16,120,3315,390,0,0,false,false,false,0,0,3825,34,0,
1567,keto,13351,55,25,budget,1,100,true,6,1260,163,248,0.16363636363636364,0.6,0.12727272727272726,0.01818181818181818,0.09090909090909091,13,3,normal,false,5,27,626,5735,2370,1260,3360,false,false,true,3480,5,9871,50,1,3
1568,keto,4310,40,10,budget,0,95,true,5,840,79,131,0.275,0.575,0.125,0.025,0,8,2,crash,false,10,15,800,1380,1590,540,0,true,true,true,0,0,4310,40,0,
1569,keto,7615,50,20,budget,0,97,false,5,940,129,183,0,0.76,0.2,0.04,0,8,10,normal,false,11,20,0,4855,1320,1440,0,true,true,true,0,0,7615,50,0,
1570,keto,7938,47,17,budget,1,100,true,3,1440,89,147,0.10638297872340426,0.6170212765957447,0.10638297872340426,0.06382978723404255,0.10638297872340426,10,5,normal,false,7,23,128,2560,990,1800,2460,false,true,false,2370,5,5568,42,1,6
1571,keto,4415,46,16,budget,0,90,false,3,310,105,121,0,0.8478260869565217,0.10869565217391304,0.043478260869565216,0,7,2,normal,false,4,23,0,3295,850,270,0,true,false,false,0,0,4415,46,0,
1572,keto,10650,59,29,budget,1,100,false,5,1140,149,189,0,0.6949152542372882,0.1694915254237288,0.05084745762711865,0.0847457627118644,13,2,normal,false,9,27,0,4100,3580,630,2340,false,false,true,2310,5,8340,54,1,3
1573,keto,6730,43,13,budget,1,100,true,6,1600,114,135,0.046511627906976744,0.6744186046511628,0.13953488372093023,0.023255813953488372,0.11627906976744186,5,2,normal,false,14,14,30,3640,2040,360,660,false,false,false,900,5,5830,38,1,2
1574,keto,3383,34,4,budget,0,83,true,3,685,64,111,0.14705882352941177,0.7647058823529411,0.08823529411764706,0,0,3,2,normal,false,5,14,113,2820,450,0,0,false,false,true,0,0,3383,34,0,
1575,keto,2750,30,0,budget,0,64,true,3,330,59,94,0.03333333333333333,0.9666666666666667,0,0,0,0,-1,crash,false,6,10,0,2750,0,0,0,false,false,false,0,0,2750,30,0,
1576,keto,3210,36,6,budget,0,85,false,3,330,74,96,0,0.8611111111111112,0.1388888888888889,0,0,3,23,normal,false,10,15,0,2280,930,0,0,false,false,false,0,0,3210,36,0,
1577,keto,2889,34,4,budget,0,76,true,3,325,67,107,0.2647058823529412,0.6764705882352942,0.058823529411764705,0,0,6,2,normal,false,3,18,339,2370,180,0,0,false,false,true,0,0,2889,34,0,
1578,keto,22168,84,54,budget,2,100,true,7,5760,212,298,0.03571428571428571,0.5595238095238095,0.23809523809523808,0.047619047619047616,0.11904761904761904,22,1,normal,false,5,44,53,5170,3990,2835,10120,false,false,false,10300,10,11868,74,2,2|4
1579,keto,23704,63,33,budget,3,100,true,7,6300,177,286,0.14285714285714285,0.4126984126984127,0.14285714285714285,0.06349206349206349,0.23809523809523808,11,2,normal,false,8,28,724,3775,2400,405,16400,false,true,false,14890,15,8814,48,3,5|4|2
1580,keto,4270,36,6,budget,0,84,false,5,855,80,110,0,0.8611111111111112,0.1388888888888889,0,0,3,7,normal,false,6,15,0,3850,420,0,0,false,false,false,0,0,4270,36,0,
1581,keto,3809,38,8,budget,0,85,true,3,540,80,142,0.34210526315789475,0.5789473684210527,0.07894736842105263,0,0,8,6,normal,false,5,19,474,2435,900,0,0,false,false,true,0,0,3809,38,0,
1582,keto,4436,36,6,budget,0,89,true,5,790,82,151,0.2222222222222222,0.6944444444444444,0.05555555555555555,0.027777777777777776,0,4,5,normal,false,5,15,531,3440,330,135,0,false,false,false,0,0,4436,36,0,
1583,keto,19092,64,34,budget,2,100,true,5,2640,169,260,0.078125,0.546875,0.15625,0.0625,0.15625,11,2,crash,false,6,25,272,3220,3830,1170,10600,false,true,false,10540,10,8552,54,2,2|5
1584,keto,11348,62,32,budget,2,100,true,6,3230,126,157,0.06451612903225806,0.4838709677419355,0.1774193548387097,0.11290322580645161,0.16129032258064516,17,2,normal,false,10,24,98,1695,4220,2655,2680,false,true,false,2560,10,8788,52,2,6|4
1585,keto,9300,55,25,budget,1,100,false,4,1185,144,186,0,0.6363636363636364,0.21818181818181817,0.05454545454545454,0.09090909090909091,11,2,normal,false,7,25,0,3800,3240,660,1600,false,false,false,1945,5,7355,50,1,5
1586,keto,17215,65,40,lock,2,100,false,5,2800,165,218,0,0.6153846153846154,0.2,0.03076923076923077,0.15384615384615385,15,4,normal,false,9,32,0,3000,3450,2745,8020,false,false,false,6200,10,11015,55,2,4|3
1587,keto,22025,63,33,budget,3,100,false,7,5460,171,248,0,0.5714285714285714,0.15873015873015872,0.031746031746031744,0.23809523809523808,11,1,normal,false,10,28,0,4395,2070,6120,9440,false,true,true,6920,15,15105,48,3,4|3|2
1588,keto,2605,38,8,budget,0,87,true,3,405,62,97,0.23684210526315788,0.631578947368421,0.13157894736842105,0,0,5,2,crash,false,6,18,160,2025,420,0,0,false,false,false,0,0,2605,38,0,
1589,keto,12615,50,20,budget,2,100,true,5,3900,130,175,0.16,0.48,0.12,0.04,0.2,8,2,normal,false,9,17,595,2045,1860,495,7620,false,true,false,6540,10,6075,40,2,2|4
1590,keto,7993,46,16,budget,0,94,true,6,955,131,195,0.06521739130434782,0.7608695652173914,0.15217391304347827,0.021739130434782608,0,9,1,normal,false,6,19,273,5300,1910,510,0,true,false,true,0,0,7993,46,0,
1591,keto,11100,65,35,budget,1,100,false,5,1510,168,221,0,0.7230769230769231,0.15384615384615385,0.046153846153846156,0.07692307692307693,15,1,normal,false,15,23,0,4320,4030,1170,1580,false,false,false,1310,5,9790,60,1,6
1592,keto,4748,45,15,budget,1,100,true,5,660,87,122,0.06666666666666667,0.6888888888888889,0.1111111111111111,0.022222222222222223,0.1111111111111111,8,11,normal,false,6,26,203,2915,640,90,900,false,false,true,750,5,3998,40,1,6
1593,keto,23160,84,54,budget,4,100,false,7,2610,226,304,0,0.47619047619047616,0.21428571428571427,0.07142857142857142,0.23809523809523808,18,2,normal,false,8,36,0,4570,7900,3330,7360,false,true,true,9300,20,13860,64,3,8|4|3
1594,keto,8440,59,29,budget,1,100,true,4,1020,131,152,0,0.7627118644067796,0.11864406779661017,0.03389830508474576,0.0847457627118644,11,2,normal,false,15,27,30,3295,1170,405,3540,false,false,true,2610,5,5830,54,1,2
1595,keto,1777,30,0,budget,0,66,true,3,265,45,99,0.5666666666666667,0.43333333333333335,0,0,0,2,20,normal,false,11,11,672,1105,0,0,0,false,false,false,0,0,1777,30,0,
1596,keto,4128,38,8,budget,0,99,true,4,420,86,114,0.07894736842105263,0.7105263157894737,0.10526315789473684,0.10526315789473684,0,5,4,normal,false,7,17,53,3100,390,585,0,true,true,false,0,0,4128,38,0,
1597,keto,4595,36,6,budget,0,81,false,5,840,98,136,0,0.9444444444444444,0.05555555555555555,0,0,3,29,normal,false,12,16,0,4415,180,0,0,false,false,true,0,0,4595,36,0,
1598,keto,3835,32,2,budget,0,74,true,4,450,84,115,0.03125,0.96875,0,0,0,2,9,normal,false,4,15,15,3640,180,0,0,false,false,false,0,0,3835,32,0,
1599,keto,20470,84,54,budget,2,100,false,7,4920,226,276,0,0.5833333333333334,0.23809523809523808,0.05952380952380952,0.11904761904761904,21,11,normal,false,5,47,0,4535,5370,7305,3260,false,true,false,3290,10,17180,74,2,4|4
1600,keto,5620,32,2,budget,0,82,true,7,1670,89,136,0.03125,0.9375,0.03125,0,0,2,2,normal,false,6,13,15,5035,570,0,0,false,false,true,0,0,5620,32,0,
1601,keto,2345,30,0,budget,0,63,true,3,390,60,96,0.3,0.7,0,0,0,3,11,crash,false,5,11,430,1915,0,0,0,false,false,false,0,0,2345,30,0,
1602,keto,11280,49,19,budget,1,100,false,4,3740,132,179,0,0.6938775510204082,0.1836734693877551,0.02040816326530612,0.10204081632653061,8,2,normal,false,7,17,0,3570,1030,2220,4460,false,false,false,810,5,10470,44,1,6
1603,keto,5240,36,6,budget,0,90,true,5,1470,72,134,0.05555555555555555,0.8888888888888888,0.027777777777777776,0.027777777777777776,0,5,3,normal,false,5,16,60,3365,1680,135,0,true,false,true,0,0,5240,36,0,
1604,keto,12405,61,31,budget,1,100,true,6,2190,165,225,0.01639344262295082,0.7213114754098361,0.14754098360655737,0.03278688524590164,0.08196721311475409,13,2,normal,false,6,27,15,6090,4050,990,1260,false,true,false,1320,5,11085,56,1,2
1605,keto,3463,30,0,budget,0,62,true,4,660,68,122,0.3333333333333333,0.6666666666666666,0,0,0,3,11,normal,false,4,12,738,2725,0,0,0,false,false,false,0,0,3463,30,0,
1606,keto,4289,45,15,budget,1,100,true,2,720,94,114,0.15555555555555556,0.6222222222222222,0.08888888888888889,0.022222222222222223,0.1111111111111111,9,3,normal,false,5,16,189,1970,660,90,1380,false,false,false,1290,5,2999,40,1,4
1607,keto,7001,43,13,budget,1,100,true,6,1410,107,162,0.06976744186046512,0.7209302325581395,0.09302325581395349,0,0.11627906976744186,6,3,normal,false,12,16,516,3835,970,180,1500,false,false,false,1200,5,5801,38,1,3
1608,keto,8265,42,12,budget,0,90,true,7,2540,96,149,0.047619047619047616,0.7857142857142857,0.14285714285714285,0.023809523809523808,0,7,2,normal,false,5,14,30,3610,3950,675,0,true,false,false,0,0,8265,42,0,
1609,keto,3863,36,6,budget,0,80,true,4,840,75,102,0.08333333333333333,0.8888888888888888,0.027777777777777776,0,0,4,3,normal,false,10,12,83,2700,1080,0,0,false,false,true,0,0,3863,36,0,
1610,keto,9375,46,16,budget,0,92,false,6,2040,134,204,0,0.8695652173913043,0.10869565217391304,0.021739130434782608,0,5,2,normal,false,5,22,0,5605,3530,240,0,true,false,true,0,0,9375,46,0,
1611,keto,2696,30,0,budget,0,62,true,4,405,58,103,0.2,0.8,0,0,0,1,28,normal,false,5,11,366,2330,0,0,0,false,false,true,0,0,2696,30,0,
1612,keto,2286,30,0,budget,0,69,true,3,300,59,78,0.06666666666666667,0.9333333333333333,0,0,0,1,8,normal,false,7,8,126,2160,0,0,0,false,false,true,0,0,2286,30,0,
1613,keto,3510,36,6,budget,0,94,true,3,330,73,100,0,0.7777777777777778,0.2222222222222222,0,0,2,1,normal,false,10,7,30,2430,780,270,0,true,false,false,0,0,3510,36,0,
1614,keto,2923,32,2,budget,0,70,true,4,420,74,99,0.09375,0.90625,0,0,0,2,14,normal,false,5,11,248,2675,0,0,0,false,false,false,0,0,2923,32,0,
1615,keto,2783,32,2,budget,0,74,true,3,360,61,105,0.0625,0.90625,0.03125,0,0,2,2,normal,false,4,13,128,2295,360,0,0,false,false,false,0,0,2783,32,0,
1616,keto,4297,30,0,budget,0,64,true,4,750,73,148,0.3,0.7,0,0,0,1,10,crash,false,3,11,407,3890,0,0,0,false,false,true,0,0,4297,30,0,
1617,keto,2821,36,6,budget,0,90,true,3,270,60,98,0.1111111111111111,0.7777777777777778,0.08333333333333333,0.027777777777777776,0,3,2,crash,false,5,16,76,2370,240,135,0,true,false,false,0,0,2821,36,0,
1618,keto,4190,38,8,budget,0,80,true,4,825,87,116,0.02631578947368421,0.9736842105263158,0,0,0,5,5,normal,false,7,14,15,3545,630,0,0,false,false,false,0,0,4190,38,0,
1619,keto,854,15,2,lock,0,73,true,3,136,19,42,0.2,0.7333333333333333,0.06666666666666667,0,0,2,2,normal,false,4,6,239,525,90,0,0,false,false,true,0,0,854,15,0,
1620,keto,11166,55,25,budget,1,100,true,7,1725,154,228,0.12727272727272726,0.6545454545454545,0.10909090909090909,0.01818181818181818,0.09090909090909091,10,2,normal,false,5,25,421,6740,1680,405,1920,false,false,false,2220,5,8946,50,1,2
1621,keto,2008,30,0,budget,0,65,true,2,165,50,82,0.13333333333333333,0.8666666666666667,0,0,0,2,23,crash,false,9,12,98,1910,0,0,0,false,false,true,0,0,2008,30,0,
1622,keto,9051,52,22,budget,2,100,true,3,1080,108,176,0.15384615384615385,0.4230769230769231,0.21153846153846154,0.019230769230769232,0.19230769230769232,8,2,normal,false,7,20,401,2500,1410,540,4200,false,false,true,3810,10,5241,42,2,5|5
1623,keto,3671,34,4,budget,0,76,true,5,555,81,111,0.14705882352941177,0.8235294117647058,0.029411764705882353,0,0,3,5,normal,false,5,8,181,2920,570,0,0,false,false,false,0,0,3671,34,0,
1624,keto,4046,38,8,budget,0,81,true,4,725,84,141,0.18421052631578946,0.7631578947368421,0.05263157894736842,0,0,5,3,normal,false,5,18,631,2695,720,0,0,false,false,false,0,0,4046,38,0,
1625,keto,7303,61,31,budget,1,100,true,3,720,130,160,0.11475409836065574,0.4918032786885246,0.21311475409836064,0.09836065573770492,0.08196721311475409,18,2,normal,false,5,35,243,1795,3420,1125,720,false,true,true,690,5,6613,56,1,6
1626,keto,4110,34,4,budget,0,86,true,4,690,81,126,0.11764705882352941,0.7352941176470589,0.14705882352941177,0,0,4,2,crash,false,8,12,90,3630,390,0,0,false,false,false,0,0,4110,34,0,
1627,keto,2153,32,2,budget,0,73,true,3,255,56,80,0.0625,0.90625,0.03125,0,0,2,2,normal,false,9,12,38,2025,90,0,0,false,false,false,0,0,2153,32,0,
1628,keto,3091,32,2,budget,0,76,true,4,585,56,118,0.25,0.71875,0.03125,0,0,2,5,normal,false,5,14,451,2550,90,0,0,false,false,true,0,0,3091,32,0,
1629,keto,4985,39,11,lock,1,100,true,4,600,85,110,0.05128205128205128,0.6923076923076923,0.07692307692307693,0.05128205128205128,0.1282051282051282,5,2,normal,false,7,14,30,2620,370,585,1380,false,true,false,1350,5,3635,34,1,5
1630,keto,1713,23,0,lock,0,67,true,3,210,44,82,0.34782608695652173,0.6521739130434783,0,0,0,2,11,crash,false,8,10,513,1200,0,0,0,false,false,true,0,0,1713,23,0,
1631,keto,4350,38,8,budget,0,84,false,4,670,102,126,0,0.9210526315789473,0.07894736842105263,0,0,4,8,normal,false,4,18,0,3930,420,0,0,false,false,false,0,0,4350,38,0,
1632,keto,4293,30,0,budget,0,64,true,7,993,73,133,0.2,0.8,0,0,0,5,9,normal,false,5,10,348,3945,0,0,0,false,false,false,0,0,4293,30,0,
1633,keto,19385,66,36,budget,2,100,false,6,2350,192,300,0,0.696969696969697,0.13636363636363635,0.015151515151515152,0.15151515151515152,12,6,normal,false,5,36,0,7155,4490,1080,6660,false,false,false,5130,10,14255,56,2,2|3
1634,keto,6055,48,18,budget,0,93,true,4,540,121,168,0.08333333333333333,0.7708333333333334,0.10416666666666667,0.041666666666666664,0,10,3,normal,false,4,20,85,4500,1200,270,0,true,false,false,0,0,6055,48,0,
1635,keto,21445,101,77,lock,3,100,false,4,1800,254,301,0,0.5148514851485149,0.26732673267326734,0.06930693069306931,0.1485148514851485,30,4,normal,false,16,51,0,3880,6300,1845,9420,false,true,false,8130,15,13315,86,3,6|2|3
1636,keto,10740,65,35,budget,1,100,false,3,1440,147,208,0,0.6307692307692307,0.24615384615384617,0.046153846153846156,0.07692307692307693,16,2,normal,false,10,37,0,3495,2940,1545,2760,false,true,false,2820,5,7920,60,1,4
1637,keto,10470,63,33,budget,1,100,false,4,1320,158,191,0,0.7142857142857143,0.15873015873015872,0.047619047619047616,0.07936507936507936,15,2,normal,false,6,28,0,3965,2540,765,3200,false,false,false,2810,5,7660,58,1,5
1638,keto,2698,30,0,budget,0,63,true,4,325,65,94,0.06666666666666667,0.9333333333333333,0,0,0,1,23,normal,false,3,12,198,2500,0,0,0,false,false,false,0,0,2698,30,0,
1639,keto,5652,39,9,budget,1,100,true,3,1860,75,107,0.2564102564102564,0.5384615384615384,0.05128205128205128,0.02564102564102564,0.1282051282051282,5,1,normal,false,13,10,272,1570,540,90,3180,false,false,false,1410,5,4242,34,1,3
1640,keto,3360,30,0,budget,0,65,true,5,955,69,102,0.16666666666666666,0.8333333333333334,0,0,0,5,7,normal,false,7,13,205,3155,0,0,0,false,false,false,0,0,3360,30,0,
1641,keto,3480,38,8,budget,0,79,false,5,570,75,92,0,0.9210526315789473,0.07894736842105263,0,0,4,2,normal,false,5,16,0,2850,630,0,0,false,false,false,0,0,3480,38,0,
1642,keto,3530,30,0,budget,0,53,true,4,435,66,124,0.06666666666666667,0.9333333333333333,0,0,0,1,28,normal,false,4,12,75,3455,0,0,0,false,false,true,0,0,3530,30,0,
1643,keto,5530,40,10,budget,0,92,false,6,1445,98,132,0,0.85,0.15,0,0,4,3,normal,false,11,12,0,4570,690,270,0,true,false,true,0,0,5530,40,0,
1644,keto,5410,36,6,budget,0,82,true,5,720,95,153,0.027777777777777776,0.8611111111111112,0.1111111111111111,0,0,3,6,crash,false,9,9,45,4045,1320,0,0,false,false,false,0,0,5410,36,0,
1645,keto,7285,43,13,budget,1,100,false,4,840,126,164,0,0.7906976744186046,0.06976744186046512,0.023255813953488372,0.11627906976744186,4,5,normal,false,8,20,0,4895,1020,90,1280,false,true,true,1250,5,6035,38,1,3
1646,keto,13115,65,35,budget,3,100,true,3,1200,160,190,0.015384615384615385,0.49230769230769234,0.2,0.06153846153846154,0.23076923076923078,14,3,normal,false,7,30,105,2900,1350,1620,7140,false,true,false,5930,15,7185,50,3,3|6|4
1647,keto,3410,34,4,budget,0,80,true,3,420,77,102,0,0.9705882352941176,0.029411764705882353,0,0,2,12,normal,false,9,12,30,3290,90,0,0,false,false,false,0,0,3410,34,0,
1648,keto,11240,44,46,lock,0,97,false,5,1620,116,164,0,0.4772727272727273,0.4090909090909091,0.11363636363636363,0,22,2,normal,false,8,29,0,1450,7090,2700,0,true,true,true,0,0,11240,44,0,
1649,keto,5978,34,4,budget,0,80,true,8,2040,95,141,0.08823529411764706,0.8823529411764706,0.029411764705882353,0,0,2,7,crash,false,4,14,38,5850,90,0,0,false,false,false,0,0,5978,34,0,
1650,keto,3610,38,8,budget,0,94,true,3,240,80,108,0.05263157894736842,0.7631578947368421,0.10526315789473684,0.07894736842105263,0,4,3,normal,false,7,10,120,2280,760,450,0,true,false,false,0,0,3610,38,0,
1651,keto,1261,10,0,lock,0,62,true,4,375,18,43,0.3,0.7,0,0,0,0,-1,crash,false,4,2,61,1200,0,0,0,false,false,false,0,0,1261,10,0,
1652,keto,7220,60,30,budget,0,97,false,5,1050,128,167,0,0.7833333333333333,0.15,0.06666666666666667,0,15,9,normal,false,6,35,0,4340,2070,810,0,true,true,false,0,0,7220,60,0,
1653,keto,8070,51,21,budget,1,100,false,5,980,134,174,0,0.7647058823529411,0.11764705882352941,0.0196078431372549,0.09803921568627451,9,2,normal,false,5,22,0,5120,1350,360,1240,false,false,false,1150,5,6920,46,1,4
1654,keto,20670,69,39,budget,3,100,true,7,4500,158,228,0.043478260869565216,0.5507246376811594,0.13043478260869565,0.057971014492753624,0.21739130434782608,16,7,normal,false,9,29,45,2565,4490,4770,8800,false,true,false,8820,15,11850,54,3,2|4|4
1655,keto,6668,40,10,budget,0,83,true,5,1170,107,186,0.175,0.675,0.15,0,0,6,2,crash,false,4,18,373,5575,720,0,0,false,false,true,0,0,6668,40,0,
1656,keto,2870,32,2,budget,0,74,true,3,420,76,91,0.03125,0.9375,0.03125,0,0,2,1,normal,false,5,13,15,2765,90,0,0,false,false,false,0,0,2870,32,0,
1657,keto,9665,56,26,budget,0,90,false,7,1485,156,205,0,0.6964285714285714,0.2857142857142857,0.017857142857142856,0,13,2,normal,false,6,27,0,5560,3430,675,0,true,false,true,0,0,9665,56,0,
1658,keto,16220,72,42,budget,2,100,true,5,2280,210,257,0,0.5833333333333334,0.2222222222222222,0.05555555555555555,0.1388888888888889,15,3,normal,false,5,37,105,5025,5790,1800,3500,false,true,false,2930,10,13290,62,2,2|8
1659,keto,4475,38,8,budget,0,83,false,4,555,104,131,0,0.9210526315789473,0.07894736842105263,0,0,4,2,normal,false,7,17,0,3895,580,0,0,false,false,false,0,0,4475,38,0,
1660,keto,11878,60,30,budget,2,100,true,3,1620,134,189,0.05,0.6166666666666667,0.13333333333333333,0.03333333333333333,0.16666666666666666,9,2,crash,false,8,30,128,3220,1960,1890,4680,false,false,false,4770,10,7108,50,2,3|5
1661,keto,8575,49,19,budget,1,100,false,4,1080,123,147,0,0.7346938775510204,0.14285714285714285,0.02040816326530612,0.10204081632653061,7,2,normal,false,8,25,0,3140,1510,765,3160,false,false,true,3310,5,5265,44,1,2
1662,keto,21300,73,43,budget,3,100,true,5,3160,170,265,0.0410958904109589,0.4657534246575342,0.2054794520547945,0.0821917808219178,0.2054794520547945,17,2,normal,false,6,39,150,3530,2100,1800,13720,false,false,false,11380,15,9920,58,3,7|4|3
1663,keto,2820,30,0,budget,0,62,true,4,450,53,92,0.03333333333333333,0.9666666666666667,0,0,0,1,10,normal,false,4,13,60,2760,0,0,0,false,false,true,0,0,2820,30,0,
1664,keto,6855,45,15,budget,1,100,false,3,1200,100,135,0,0.7777777777777778,0.08888888888888889,0.022222222222222223,0.1111111111111111,6,1,normal,false,9,17,0,3165,960,630,2100,false,true,true,2070,5,4785,40,1,3
1665,keto,6905,40,10,budget,0,96,true,6,990,115,159,0.05,0.775,0.125,0.05,0,6,5,normal,false,4,20,75,5345,1080,405,0,true,true,false,0,0,6905,40,0,
1666,keto,12495,49,22,lock,2,100,false,6,3900,135,156,0,0.673469387755102,0.12244897959183673,0,0.20408163265306123,6,1,normal,false,11,16,0,3585,450,420,8040,false,false,true,7160,10,5335,39,2,2|2
1667,keto,7130,52,22,budget,0,93,true,4,990,113,177,0.057692307692307696,0.8269230769230769,0.09615384615384616,0.019230769230769232,0,12,2,normal,false,7,22,135,3940,2920,135,0,true,false,true,0,0,7130,52,0,
1668,keto,4109,32,2,budget,0,71,true,6,1095,77,127,0.28125,0.71875,0,0,0,4,5,crash,false,3,16,899,3210,0,0,0,false,false,false,0,0,4109,32,0,
1669,keto,4111,38,8,budget,0,80,true,4,480,81,121,0.13157894736842105,0.8421052631578947,0.02631578947368421,0,0,5,1,normal,false,5,17,136,3165,810,0,0,false,false,true,0,0,4111,38,0,
1670,keto,3029,29,0,lock,0,62,true,3,465,67,112,0.13793103448275862,0.8620689655172413,0,0,0,2,12,normal,false,4,11,369,2660,0,0,0,false,false,false,0,0,3029,29,0,
1671,keto,3270,38,8,budget,0,94,true,3,420,70,103,0.07894736842105263,0.7368421052631579,0.18421052631578946,0,0,4,2,crash,false,7,15,150,2040,720,360,0,true,false,false,0,0,3270,38,0,
1672,keto,10195,61,31,budget,1,100,true,4,1410,142,208,0.06557377049180328,0.6229508196721312,0.19672131147540983,0.03278688524590164,0.08196721311475409,17,2,normal,false,9,29,155,3685,1820,2655,1880,false,false,false,1290,5,8905,56,1,4
1673,keto,13368,61,31,budget,1,100,true,5,3060,156,224,0.06557377049180328,0.6885245901639344,0.13114754098360656,0.03278688524590164,0.08196721311475409,17,1,normal,false,7,28,173,4610,1730,1395,5460,false,true,false,5160,5,8208,56,1,5
1674,keto,6270,32,2,budget,0,71,true,7,1500,87,154,0.03125,0.96875,0,0,0,2,16,normal,false,4,10,15,6255,0,0,0,false,false,false,0,0,6270,32,0,
1675,keto,10388,51,21,budget,1,100,true,5,1095,127,187,0.1568627450980392,0.5294117647058824,0.1568627450980392,0.058823529411764705,0.09803921568627451,9,6,normal,false,6,23,468,4085,1140,1935,2760,false,true,true,2730,5,7658,46,1,3
1676,keto,2730,34,4,budget,0,75,false,3,390,66,91,0,0.9705882352941176,0.029411764705882353,0,0,2,11,normal,false,6,12,0,2640,90,0,0,false,false,false,0,0,2730,34,0,
1677,keto,4260,34,4,budget,0,80,true,5,715,87,122,0.08823529411764706,0.8823529411764706,0.029411764705882353,0,0,4,1,normal,false,4,14,60,3810,390,0,0,false,false,false,0,0,4260,34,0,
1678,keto,4015,42,12,budget,0,93,false,4,435,87,108,0,0.8571428571428571,0.11904761904761904,0.023809523809523808,0,6,25,normal,false,13,19,0,3070,810,135,0,true,false,false,0,0,4015,42,0,
1679,keto,45,1,0,lock,0,50,false,1,45,0,3,0,1,0,0,0,0,-1,normal,false,1,0,0,45,0,0,0,false,false,false,0,0,45,1,0,
1680,keto,5154,36,6,budget,0,85,true,4,2400,65,125,0.2222222222222222,0.6388888888888888,0.1388888888888889,0,0,5,7,normal,false,7,13,279,1665,600,2610,0,false,false,false,0,0,5154,36,0,
1681,keto,7765,43,13,budget,1,100,true,7,2125,129,178,0.046511627906976744,0.7906976744186046,0.023255813953488372,0.023255813953488372,0.11627906976744186,5,13,normal,false,8,19,330,6075,430,90,840,false,true,false,690,5,7075,38,1,2
1682,keto,4494,36,6,budget,0,77,true,4,600,92,134,0.2222222222222222,0.7222222222222222,0.05555555555555555,0,0,6,2,normal,false,6,15,204,3810,480,0,0,false,false,true,0,0,4494,36,0,
1683,keto,3761,30,0,budget,0,56,true,5,935,68,120,0.13333333333333333,0.8666666666666667,0,0,0,2,8,normal,false,7,12,301,3460,0,0,0,false,false,false,0,0,3761,30,0,
1684,keto,7394,40,10,budget,0,93,true,5,3210,89,148,0.15,0.65,0.2,0,0,6,2,normal,false,6,17,344,1845,4170,1035,0,true,false,true,0,0,7394,40,0,
1685,keto,11140,70,40,budget,0,99,true,5,1095,160,225,0.02857142857142857,0.6142857142857143,0.24285714285714285,0.11428571428571428,0,20,2,crash,false,4,41,15,4490,3440,3195,0,true,true,false,0,0,11140,70,0,
1686,keto,1133,16,0,lock,0,56,true,3,405,21,48,0.3125,0.6875,0,0,0,1,10,crash,false,4,4,128,1005,0,0,0,false,false,false,0,0,1133,16,0,
1687,keto,5180,41,11,budget,1,100,true,4,840,91,112,0.21951219512195122,0.5853658536585366,0.04878048780487805,0.024390243902439025,0.12195121951219512,6,2,normal,false,9,13,595,1555,720,270,2040,false,false,true,2190,5,2990,36,1,3
1688,keto,9915,60,30,budget,2,100,false,4,1160,141,184,0,0.65,0.15,0.03333333333333333,0.16666666666666666,11,2,normal,false,6,29,0,3805,1290,900,3920,false,false,false,3800,10,6115,50,2,4|2
1689,keto,8290,60,30,budget,0,96,true,5,1150,143,193,0,0.8333333333333334,0.15,0.016666666666666666,0,13,4,normal,false,6,26,30,4300,3420,540,0,true,true,true,0,0,8290,60,0,
1690,keto,3978,30,0,budget,0,54,true,5,1020,69,112,0.1,0.9,0,0,0,1,24,normal,false,6,11,363,3615,0,0,0,false,false,false,0,0,3978,30,0,
1691,keto,6421,51,21,budget,1,100,true,4,810,106,161,0.13725490196078433,0.6078431372549019,0.1568627450980392,0,0.09803921568627451,9,2,crash,false,5,20,421,3330,1560,270,840,false,false,false,1050,5,5371,46,1,2
1692,keto,2157,30,0,budget,0,50,true,3,270,48,93,0.3,0.7,0,0,0,2,12,crash,false,8,9,312,1845,0,0,0,false,false,true,0,0,2157,30,0,
1693,keto,8942,48,18,budget,0,99,true,6,3015,108,152,0.22916666666666666,0.5625,0.14583333333333334,0.0625,0,11,1,normal,false,5,25,317,2790,2550,3285,0,true,true,false,0,0,8942,48,0,
1694,keto,11646,55,25,budget,1,100,true,5,2540,131,207,0.12727272727272726,0.6,0.14545454545454545,0.03636363636363636,0.09090909090909091,13,3,normal,false,9,25,391,2790,2510,2715,3240,false,true,false,3180,5,8466,50,1,4
1695,keto,5580,46,16,budget,0,90,true,3,480,102,143,0.021739130434782608,0.8478260869565217,0.13043478260869565,0,0,9,2,normal,false,7,18,55,3275,1710,540,0,true,false,true,0,0,5580,46,0,
1696,keto,6720,43,13,budget,1,100,true,5,1380,88,155,0.20930232558139536,0.5348837209302325,0.11627906976744186,0.023255813953488372,0.11627906976744186,6,2,crash,false,6,20,790,2180,510,360,2880,false,false,false,1590,5,5130,38,1,5
1697,keto,14115,66,36,budget,2,100,true,5,2190,177,216,0.015151515151515152,0.6212121212121212,0.15151515151515152,0.06060606060606061,0.15151515151515152,15,1,normal,false,6,28,135,3755,2540,1365,6320,false,true,false,5730,10,8385,56,2,3|5
1698,keto,5976,52,22,budget,0,88,true,4,840,117,159,0.07692307692307693,0.7884615384615384,0.09615384615384616,0.038461538461538464,0,11,2,normal,false,3,30,111,3270,2100,495,0,false,false,false,0,0,5976,52,0,
1699,keto,3639,30,0,budget,0,63,true,4,450,72,111,0.1,0.9,0,0,0,2,11,normal,false,3,13,264,3375,0,0,0,false,false,true,0,0,3639,30,0,
1700,keto,4705,30,0,budget,0,66,false,6,915,92,122,0,1,0,0,0,0,-1,normal,false,8,7,0,4705,0,0,0,false,false,false,0,0,4705,30,0,
1701,keto,7560,56,26,budget,2,100,false,4,600,124,147,0,0.6071428571428571,0.14285714285714285,0.07142857142857142,0.17857142857142858,9,1,normal,false,13,22,0,3155,1020,405,2980,false,true,true,2860,10,4700,46,2,4|4
1702,keto,4557,38,8,budget,0,99,true,4,905,82,142,0.21052631578947367,0.631578947368421,0.07894736842105263,0.07894736842105263,0,6,2,crash,false,13,16,932,1470,1210,945,0,true,true,false,0,0,4557,38,0,
1703,keto,2605,30,0,budget,0,64,true,4,480,59,97,0.26666666666666666,0.7333333333333333,0,0,0,2,19,normal,false,5,10,220,2385,0,0,0,false,false,false,0,0,2605,30,0,
1704,keto,9870,53,23,budget,1,100,false,5,3630,118,146,0,0.7547169811320755,0.1509433962264151,0,0.09433962264150944,7,2,normal,false,10,16,0,2320,2300,4230,1020,false,false,true,4530,5,5340,48,0,
1705,keto,3363,34,4,budget,0,83,true,4,540,69,114,0.29411764705882354,0.6176470588235294,0.08823529411764706,0,0,3,2,normal,false,4,15,618,1815,930,0,0,false,false,true,0,0,3363,34,0,
1706,keto,3865,30,0,budget,0,65,true,4,525,81,114,0.03333333333333333,0.9666666666666667,0,0,0,1,13,normal,false,5,11,75,3790,0,0,0,false,false,false,0,0,3865,30,0,
1707,keto,7098,49,19,budget,1,100,true,4,1040,104,147,0.061224489795918366,0.6938775510204082,0.12244897959183673,0.02040816326530612,0.10204081632653061,8,2,crash,false,11,17,83,3155,990,630,2240,false,false,false,2210,5,4888,44,1,4
1708,keto,8196,54,24,budget,0,87,true,6,1010,132,209,0.09259259259259259,0.7592592592592593,0.14814814814814814,0,0,14,3,normal,false,4,28,526,4970,2700,0,0,false,false,true,0,0,8196,54,0,
1709,keto,7695,52,22,budget,0,95,false,4,1470,120,170,0,0.7884615384615384,0.21153846153846154,0,0,9,2,normal,false,6,23,0,4035,1440,2220,0,true,true,false,0,0,7695,52,0,
1710,keto,8571,49,19,budget,1,100,true,4,1430,110,151,0.14285714285714285,0.6530612244897959,0.08163265306122448,0.02040816326530612,0.10204081632653061,8,2,normal,false,13,17,256,3105,1800,90,3320,false,false,false,3290,5,5281,44,1,2
1711,keto,16485,54,24,budget,2,100,false,5,4560,146,225,0,0.6296296296296297,0.14814814814814814,0.037037037037037035,0.18518518518518517,8,22,normal,false,10,27,0,3295,2890,180,10120,false,true,true,9860,10,6625,44,2,4|3
1712,keto,2605,30,0,budget,0,62,true,3,330,62,101,0.16666666666666666,0.8333333333333334,0,0,0,2,11,normal,false,4,12,340,2265,0,0,0,false,false,true,0,0,2605,30,0,
1713,keto,4465,34,4,budget,0,79,true,5,945,84,126,0.029411764705882353,0.9411764705882353,0.029411764705882353,0,0,3,1,normal,false,8,10,15,4150,300,0,0,false,false,false,0,0,4465,34,0,
1714,keto,20155,97,67,budget,3,100,false,5,1410,233,327,0,0.5979381443298969,0.20618556701030927,0.041237113402061855,0.15463917525773196,27,2,normal,false,7,49,0,6820,5670,1485,6180,false,true,false,6030,15,14125,82,3,6|5|4
1715,keto,11930,48,18,budget,2,100,false,6,3240,147,193,0,0.5833333333333334,0.1875,0.020833333333333332,0.20833333333333334,6,2,normal,false,7,23,0,3340,5380,90,3120,false,true,false,3210,10,8720,38,2,4|4
1716,keto,5048,30,0,budget,0,65,true,5,820,91,148,0.16666666666666666,0.8333333333333334,0,0,0,2,20,normal,false,4,13,248,4800,0,0,0,false,false,true,0,0,5048,30,0,
1717,keto,11038,67,37,budget,1,100,true,6,1200,170,236,0.11940298507462686,0.6567164179104478,0.13432835820895522,0.014925373134328358,0.07462686567164178,19,2,normal,false,6,36,353,5315,3650,360,1360,false,true,true,1210,5,9828,62,1,5
1718,keto,13030,67,37,budget,3,100,false,4,1920,149,176,0,0.6268656716417911,0.11940298507462686,0.029850746268656716,0.22388059701492538,13,1,normal,false,14,23,0,2700,2100,1230,7000,false,false,false,5920,15,7110,52,3,3|2|4
1719,keto,1345,5,4,lock,0,80,false,4,660,20,25,0,0.8,0.2,0,0,2,1,normal,false,3,2,0,835,510,0,0,false,false,false,0,0,1345,5,0,
1720,keto,2146,30,0,budget,0,63,true,3,315,46,104,0.4666666666666667,0.5333333333333333,0,0,0,3,19,crash,false,3,13,541,1605,0,0,0,false,false,false,0,0,2146,30,0,
1721,keto,3060,34,4,budget,0,78,false,4,390,70,93,0,0.9705882352941176,0.029411764705882353,0,0,2,6,normal,false,7,10,0,2790,270,0,0,false,false,false,0,0,3060,34,0,
1722,keto,13240,54,24,budget,2,100,true,8,5220,156,204,0.037037037037037035,0.6851851851851852,0.09259259259259259,0,0.18518518518518517,8,2,normal,false,8,20,155,5225,3870,870,3120,false,false,true,6960,10,6280,44,2,2|2
1723,keto,2340,30,0,budget,0,59,true,3,270,57,78,0.06666666666666667,0.9333333333333333,0,0,0,2,3,normal,false,7,11,30,2310,0,0,0,false,false,false,0,0,2340,30,0,
1724,keto,14280,59,29,budget,1,100,false,8,2585,147,237,0,0.7288135593220338,0.15254237288135594,0.03389830508474576,0.0847457627118644,12,11,normal,false,6,32,0,6885,2190,2205,3000,false,true,false,1770,5,12510,54,1,8
1725,keto,2887,38,8,budget,0,85,true,4,270,64,144,0.5789473684210527,0.3157894736842105,0.10526315789473684,0,0,6,2,crash,false,5,12,1482,895,510,0,0,false,false,false,0,0,2887,38,0,
1726,keto,2625,34,4,budget,0,80,true,3,360,67,94,0.029411764705882353,0.9411764705882353,0.029411764705882353,0,0,3,20,normal,false,5,13,15,2520,90,0,0,false,false,false,0,0,2625,34,0,
1727,keto,3425,34,4,budget,0,83,false,3,410,78,89,0,0.7941176470588235,0.20588235294117646,0,0,2,5,normal,false,5,11,0,2705,720,0,0,false,false,false,0,0,3425,34,0,
1728,keto,1620,32,2,budget,0,77,true,2,180,52,67,0.0625,0.90625,0.03125,0,0,3,10,normal,false,9,8,30,1500,90,0,0,false,false,false,0,0,1620,32,0,
1729,keto,10705,57,27,budget,1,100,true,4,1220,143,221,0.017543859649122806,0.7192982456140351,0.15789473684210525,0.017543859649122806,0.08771929824561403,13,2,normal,false,5,33,15,5070,1470,630,3520,false,true,false,2470,5,8235,52,1,4
1730,keto,2659,30,0,budget,0,67,true,5,338,65,101,0.13333333333333333,0.8666666666666667,0,0,0,1,29,normal,false,9,6,484,2175,0,0,0,false,false,false,0,0,2659,30,0,
1731,keto,2985,30,0,budget,0,54,true,6,780,56,92,0.06666666666666667,0.9333333333333333,0,0,0,1,28,crash,false,5,10,295,2690,0,0,0,false,false,false,0,0,2985,30,0,
1732,keto,11080,51,21,budget,1,100,true,5,2010,143,199,0.0196078431372549,0.7843137254901961,0.09803921568627451,0,0.09803921568627451,9,2,normal,false,4,28,15,5005,3180,360,2520,false,false,true,3360,5,7720,46,1,2
1733,keto,3431,32,2,budget,0,75,true,5,795,66,108,0.15625,0.8125,0.03125,0,0,2,17,crash,false,7,9,121,3220,90,0,0,false,false,false,0,0,3431,32,0,
1734,keto,5505,50,20,budget,0,96,false,3,600,108,144,0,0.8,0.18,0.02,0,9,1,normal,false,8,19,0,3240,1590,675,0,true,true,false,0,0,5505,50,0,
1735,keto,12170,54,24,budget,0,86,true,7,3190,137,222,0.018518518518518517,0.8518518518518519,0.12962962962962962,0,0,11,2,normal,false,6,19,135,4275,7760,0,0,false,false,false,0,0,12170,54,0,
1736,keto,2780,30,0,budget,0,69,true,5,915,65,94,0.26666666666666666,0.7333333333333333,0,0,0,1,20,normal,false,5,9,415,2365,0,0,0,false,false,false,0,0,2780,30,0,
1737,keto,5915,36,6,budget,0,88,true,4,710,110,153,0,0.9166666666666666,0.05555555555555555,0.027777777777777776,0,3,9,normal,false,6,17,30,5600,150,135,0,false,false,true,0,0,5915,36,0,
1738,keto,2213,32,2,budget,0,77,true,2,270,60,89,0.1875,0.78125,0.03125,0,0,4,2,normal,false,6,12,178,1945,90,0,0,false,false,true,0,0,2213,32,0,
1739,keto,12455,53,23,budget,1,100,false,5,2640,120,187,0,0.7169811320754716,0.1320754716981132,0.05660377358490566,0.09433962264150944,9,3,normal,false,11,21,0,3865,950,3720,3920,false,true,true,3860,5,8595,48,1,7
1740,keto,4695,42,12,budget,0,81,true,5,735,94,133,0.023809523809523808,0.9285714285714286,0.047619047619047616,0,0,7,9,normal,false,5,21,15,3690,990,0,0,false,false,true,0,0,4695,42,0,
1741,keto,3838,30,0,budget,0,63,true,4,585,61,111,0.06666666666666667,0.9333333333333333,0,0,0,0,-1,crash,false,7,10,23,3815,0,0,0,false,false,false,0,0,3838,30,0,
1742,keto,9045,41,11,budget,1,100,true,4,2580,114,156,0.024390243902439025,0.7560975609756098,0.0975609756097561,0,0.12195121951219512,3,2,crash,false,9,15,0,3950,270,1185,3640,false,false,false,3820,5,5225,36,1,4
1743,keto,3240,44,14,budget,0,90,false,2,330,69,102,0,0.8636363636363636,0.13636363636363635,0,0,7,4,normal,false,7,16,0,1920,1050,270,0,true,false,false,0,0,3240,44,0,
1744,keto,26852,105,75,budget,3,100,true,7,1995,290,410,0.047619047619047616,0.4380952380952381,0.23809523809523808,0.13333333333333333,0.14285714285714285,31,2,normal,false,7,56,467,5915,6990,8520,4960,false,true,true,5140,15,21712,90,3,4|2|8
1745,keto,12110,61,31,budget,1,100,true,5,960,137,220,0.01639344262295082,0.639344262295082,0.22950819672131148,0.03278688524590164,0.08196721311475409,13,2,normal,false,8,31,15,4660,2920,1815,2700,false,false,true,2940,5,9170,56,1,3
1746,keto,3781,36,6,budget,0,86,true,3,465,80,111,0.1388888888888889,0.8055555555555556,0.05555555555555555,0,0,5,4,normal,false,5,15,91,3300,390,0,0,false,false,false,0,0,3781,36,0,
1747,keto,7999,49,19,budget,1,100,true,4,1020,112,146,0.14285714285714285,0.5714285714285714,0.10204081632653061,0.08163265306122448,0.10204081632653061,10,7,normal,false,7,20,264,1895,2470,1350,2020,false,true,false,1990,5,6009,44,1,5
1748,keto,3550,10,10,lock,0,96,false,3,2325,29,44,0,0.3,0.5,0.2,0,4,2,keto,false,3,6,0,205,480,2865,0,true,true,true,0,0,3550,10,0,
1749,keto,5168,34,4,budget,0,93,true,4,1410,64,123,0.08823529411764706,0.7058823529411765,0.20588235294117646,0,0,3,2,crash,false,4,17,68,2970,780,1350,0,true,false,false,0,0,5168,34,0,
1750,keto,6073,45,15,budget,1,100,true,3,1070,100,146,0.15555555555555556,0.6666666666666666,0.044444444444444446,0.022222222222222223,0.1111111111111111,8,5,normal,false,5,15,173,2600,780,1080,1440,false,true,false,930,5,5143,40,1,2
1751,keto,8058,41,11,budget,1,100,true,4,2520,97,141,0.0975609756097561,0.6829268292682927,0.07317073170731707,0.024390243902439025,0.12195121951219512,6,3,normal,false,5,18,253,2900,630,1035,3240,false,true,true,2970,5,5088,36,1,3
1752,keto,6756,39,9,budget,1,100,true,5,2250,85,129,0.07692307692307693,0.6923076923076923,0.10256410256410256,0,0.1282051282051282,3,2,normal,false,6,15,436,2540,270,630,2880,false,false,false,3090,5,3666,34,1,3
1753,keto,3253,40,10,budget,0,85,true,3,430,77,124,0.25,0.6,0.15,0,0,6,2,normal,false,5,19,423,2020,810,0,0,false,false,false,0,0,3253,40,0,
1754,keto,3583,32,2,budget,0,74,true,3,800,77,112,0.0625,0.90625,0.03125,0,0,2,10,normal,false,6,11,143,3350,90,0,0,false,false,false,0,0,3583,32,0,
1755,keto,19205,79,49,budget,1,100,false,5,3525,203,289,0,0.6329113924050633,0.21518987341772153,0.08860759493670886,0.06329113924050633,22,8,normal,false,9,50,0,4120,4890,7035,3160,false,true,true,3640,5,15565,74,1,4
1756,keto,4379,38,8,budget,0,87,true,4,675,77,143,0.2631578947368421,0.6052631578947368,0.13157894736842105,0,0,6,2,normal,false,7,15,694,2125,1290,270,0,false,false,false,0,0,4379,38,0,
1757,keto,16573,79,49,budget,3,100,true,5,1950,188,256,0.05063291139240506,0.4050632911392405,0.2911392405063291,0.06329113924050633,0.189873417721519,17,2,normal,false,8,38,158,2720,5830,1845,6020,false,false,false,4260,15,12313,64,3,4|4|5
1758,keto,3956,32,2,budget,0,77,true,4,1110,70,117,0.1875,0.8125,0,0,0,2,2,crash,false,8,10,331,2545,1080,0,0,false,false,true,0,0,3956,32,0,
1759,keto,2326,30,0,budget,0,62,true,3,300,58,93,0.2,0.8,0,0,0,3,24,normal,false,9,9,106,2220,0,0,0,false,false,false,0,0,2326,30,0,
1760,keto,6098,43,13,budget,1,100,true,5,1095,98,124,0.11627906976744186,0.6511627906976745,0.11627906976744186,0,0.11627906976744186,5,1,crash,false,15,9,68,2885,360,1485,1300,false,false,false,1360,5,4738,38,1,2
1761,keto,2433,34,4,budget,0,73,true,3,255,57,92,0.08823529411764706,0.8529411764705882,0.058823529411764705,0,0,2,2,crash,false,8,12,143,2110,180,0,0,false,false,true,0,0,2433,34,0,
1762,keto,2331,32,2,budget,0,73,true,3,270,64,93,0.25,0.71875,0.03125,0,0,4,2,normal,false,5,12,491,1750,90,0,0,false,false,false,0,0,2331,32,0,
1763,keto,6563,43,13,budget,1,100,true,4,1020,105,132,0.046511627906976744,0.7441860465116279,0.06976744186046512,0.023255813953488372,0.11627906976744186,6,8,normal,false,5,22,248,2535,1350,90,2340,false,false,false,1890,5,4673,38,1,4
1764,keto,2870,30,0,budget,0,63,false,3,540,57,93,0,1,0,0,0,0,-1,normal,false,5,12,0,2870,0,0,0,false,false,true,0,0,2870,30,0,
1765,keto,2921,30,0,budget,0,62,true,4,570,60,113,0.4666666666666667,0.5333333333333333,0,0,0,4,14,crash,false,5,11,461,2460,0,0,0,false,false,false,0,0,2921,30,0,
1766,keto,8070,45,15,budget,1,100,true,5,2220,111,135,0.022222222222222223,0.6444444444444445,0.2,0.022222222222222223,0.1111111111111111,5,2,normal,false,7,12,15,3045,1560,630,2820,false,false,false,2940,5,5130,40,1,2
1767,keto,2940,30,0,budget,0,62,true,4,435,68,100,0.06666666666666667,0.9333333333333333,0,0,0,1,8,normal,false,14,6,75,2865,0,0,0,false,false,true,0,0,2940,30,0,
1768,keto,4261,36,6,budget,0,76,true,4,740,75,124,0.16666666666666666,0.75,0.08333333333333333,0,0,5,2,crash,false,8,12,136,3285,840,0,0,false,false,false,0,0,4261,36,0,
1769,keto,3465,30,0,budget,0,65,true,4,630,69,116,0.13333333333333333,0.8666666666666667,0,0,0,3,10,normal,false,4,12,365,3100,0,0,0,false,false,true,0,0,3465,30,0,
1770,keto,9175,57,27,budget,1,100,false,5,915,150,188,0,0.7192982456140351,0.15789473684210525,0.03508771929824561,0.08771929824561403,11,2,normal,false,12,29,0,4400,2610,225,1940,false,false,false,1750,5,7425,52,1,2
1771,keto,4258,44,14,budget,0,98,true,3,350,83,139,0.25,0.5454545454545454,0.1590909090909091,0.045454545454545456,0,8,1,normal,false,9,14,258,2300,1070,630,0,true,true,true,0,0,4258,44,0,
1772,keto,2344,32,2,budget,0,84,true,3,285,49,99,0.375,0.4375,0.1875,0,0,4,1,normal,false,7,9,469,1245,630,0,0,false,false,true,0,0,2344,32,0,
1773,keto,3551,30,0,budget,0,64,true,3,380,85,126,0.13333333333333333,0.8666666666666667,0,0,0,1,12,normal,false,5,11,201,3350,0,0,0,false,false,false,0,0,3551,30,0,
1774,keto,4660,34,4,budget,0,80,false,4,600,90,128,0,1,0,0,0,2,3,normal,false,6,10,0,3850,810,0,0,false,false,false,0,0,4660,34,0,
1775,keto,13888,55,25,budget,1,100,true,5,1980,144,206,0.07272727272727272,0.6,0.14545454545454545,0.09090909090909091,0.09090909090909091,13,2,normal,false,6,24,133,3935,1990,4230,3600,false,true,false,2970,5,10918,50,1,6
1776,keto,8715,43,13,budget,1,100,false,3,2340,88,133,0,0.7209302325581395,0.09302325581395349,0.06976744186046512,0.11627906976744186,5,27,normal,false,9,21,0,2160,270,1425,4860,false,true,false,4290,5,4425,38,1,7
1777,keto,1485,16,2,lock,0,75,false,3,270,33,45,0,0.9375,0.0625,0,0,1,3,normal,false,4,7,0,1395,90,0,0,false,false,true,0,0,1485,16,0,
1778,keto,17304,66,36,budget,2,100,true,5,3560,171,230,0.13636363636363635,0.4090909090909091,0.25757575757575757,0.045454545454545456,0.15151515151515152,19,2,normal,false,8,30,234,3135,3480,3195,7260,false,true,true,6540,10,10764,56,2,5|6
1779,keto,3915,32,2,budget,0,73,true,5,810,72,103,0.0625,0.90625,0.03125,0,0,3,2,normal,false,7,14,30,3795,90,0,0,false,false,true,0,0,3915,32,0,
1780,keto,4161,32,2,budget,0,84,true,5,645,72,126,0.1875,0.78125,0.03125,0,0,3,7,normal,false,9,13,361,3440,360,0,0,false,false,true,0,0,4161,32,0,
1781,keto,4902,40,10,budget,0,97,true,3,600,87,136,0.25,0.525,0.15,0.075,0,8,1,normal,false,7,16,352,1995,1610,945,0,true,true,true,0,0,4902,40,0,
1782,keto,3064,30,0,budget,0,65,true,4,475,68,97,0.2,0.8,0,0,0,2,14,normal,false,8,11,174,2890,0,0,0,false,false,false,0,0,3064,30,0,
1783,keto,4530,36,6,budget,0,90,true,4,780,87,136,0.05555555555555555,0.8611111111111112,0.05555555555555555,0.027777777777777776,0,5,2,normal,false,8,14,90,4155,150,135,0,true,false,true,0,0,4530,36,0,
1784,keto,3685,30,0,budget,0,65,true,3,480,70,114,0,1,0,0,0,0,-1,normal,false,4,14,30,3655,0,0,0,false,false,true,0,0,3685,30,0,
1785,keto,3262,30,0,budget,0,63,true,4,480,69,115,0.3,0.7,0,0,0,4,8,crash,false,4,12,267,2995,0,0,0,false,false,true,0,0,3262,30,0,
1786,keto,5245,32,2,budget,0,74,true,6,1500,88,131,0.09375,0.90625,0,0,0,3,5,normal,false,8,11,65,4280,900,0,0,false,false,true,0,0,5245,32,0,
1787,keto,2650,34,4,budget,0,80,false,3,345,66,90,0,0.9705882352941176,0.029411764705882353,0,0,2,11,normal,false,6,12,0,2560,90,0,0,false,false,false,0,0,2650,34,0,
1788,keto,18255,97,67,budget,1,100,true,5,2640,213,333,0.061855670103092786,0.6804123711340206,0.18556701030927836,0.020618556701030927,0.05154639175257732,30,2,normal,false,4,54,265,5545,6700,945,4800,false,false,true,4770,5,13485,92,1,3
1789,keto,5095,36,6,budget,0,79,true,7,1335,80,135,0.2777777777777778,0.6388888888888888,0.08333333333333333,0,0,5,2,normal,false,3,18,365,4460,270,0,0,false,false,true,0,0,5095,36,0,
1790,keto,5064,41,11,budget,1,100,true,5,960,82,112,0.0975609756097561,0.6585365853658537,0.0975609756097561,0.024390243902439025,0.12195121951219512,5,2,normal,false,10,17,114,2850,330,450,1320,false,false,true,1590,5,3474,36,1,4
1791,keto,3025,30,0,budget,0,62,true,3,375,65,107,0.06666666666666667,0.9333333333333333,0,0,0,1,24,normal,false,6,9,95,2930,0,0,0,false,false,false,0,0,3025,30,0,
1792,keto,2735,34,4,budget,0,89,true,3,315,61,96,0.029411764705882353,0.9117647058823529,0.029411764705882353,0.029411764705882353,0,3,3,normal,false,7,11,15,2390,60,270,0,false,false,true,0,0,2735,34,0,
1793,keto,14319,78,48,budget,0,97,true,5,1410,177,284,0.21794871794871795,0.3717948717948718,0.2692307692307692,0.14102564102564102,0,26,2,normal,false,7,44,719,3400,4740,5460,0,true,true,false,0,0,14319,78,0,
1794,keto,2550,32,2,budget,0,78,true,3,300,67,89,0.0625,0.90625,0.03125,0,0,2,21,normal,false,7,14,75,2355,120,0,0,false,false,true,0,0,2550,32,0,
1795,keto,10675,49,19,budget,1,100,false,6,1590,120,164,0,0.4897959183673469,0.3673469387755102,0.04081632653061224,0.10204081632653061,8,2,normal,false,9,23,0,3075,3580,2520,1500,false,false,false,1470,5,9205,44,1,13
1796,keto,6638,42,12,budget,0,94,true,5,1275,104,168,0.07142857142857142,0.8333333333333334,0.07142857142857142,0.023809523809523808,0,7,2,normal,false,6,22,368,3650,1090,1530,0,true,false,true,0,0,6638,42,0,
1797,keto,8778,47,17,budget,1,100,true,5,1620,115,161,0.0425531914893617,0.5531914893617021,0.2765957446808511,0.02127659574468085,0.10638297872340426,8,2,normal,false,7,22,198,2300,3090,90,3100,false,false,true,2830,5,5948,42,1,2
1798,keto,11888,50,20,budget,2,100,true,4,3000,152,185,0.1,0.52,0.12,0.06,0.2,9,3,normal,false,4,28,273,3580,510,1005,6520,false,true,true,6690,10,5198,40,2,2|4
1799,keto,16765,52,22,budget,2,100,false,9,6000,142,195,0,0.5576923076923077,0.19230769230769232,0.057692307692307696,0.19230769230769232,8,3,normal,false,5,24,0,4860,1450,6255,4200,false,true,false,3300,10,13465,42,2,5|9
1800,keto,6435,34,4,budget,0,89,true,6,945,97,149,0.029411764705882353,0.9117647058823529,0.029411764705882353,0.029411764705882353,0,3,15,normal,false,3,19,15,6135,60,225,0,false,false,true,0,0,6435,34,0,
1801,keto,17078,66,36,budget,2,100,true,5,1425,184,263,0.06060606060606061,0.4696969696969697,0.25757575757575757,0.06060606060606061,0.15151515151515152,15,2,crash,false,9,29,378,3920,3780,4740,4260,false,true,false,5190,10,11888,56,2,16|3
1802,keto,2710,32,2,budget,0,77,true,3,400,72,95,0,0.96875,0.03125,0,0,1,4,normal,false,5,12,145,2475,90,0,0,false,false,true,0,0,2710,32,0,
1803,keto,2221,32,2,budget,0,76,true,3,270,53,96,0.34375,0.65625,0,0,0,3,2,crash,false,5,9,421,1620,180,0,0,false,false,true,0,0,2221,32,0,
1804,keto,4010,40,10,budget,0,88,true,4,435,79,125,0.075,0.775,0.125,0.025,0,5,9,crash,false,7,16,45,3155,630,180,0,false,false,false,0,0,4010,40,0,
1805,keto,22648,75,45,budget,3,100,true,5,2775,209,309,0.04,0.52,0.17333333333333334,0.06666666666666667,0.2,19,2,normal,false,7,35,53,5495,3860,4800,8440,false,false,true,6940,15,15708,60,3,4|3|3
1806,keto,4128,32,2,budget,0,71,true,5,900,75,130,0.0625,0.9375,0,0,0,1,6,crash,false,5,14,348,3780,0,0,0,false,false,true,0,0,4128,32,0,
1807,keto,4105,32,2,budget,0,83,true,5,690,71,120,0.125,0.78125,0.09375,0,0,3,2,crash,false,3,16,90,3775,240,0,0,false,false,false,0,0,4105,32,0,
1808,keto,8000,50,20,budget,0,96,true,4,900,132,172,0.02,0.82,0.14,0.02,0,11,2,normal,false,9,22,15,4240,3340,405,0,true,true,false,0,0,8000,50,0,
1809,keto,2806,30,0,budget,0,50,true,4,330,60,118,0.5333333333333333,0.4666666666666667,0,0,0,2,5,normal,false,6,13,851,1955,0,0,0,false,false,true,0,0,2806,30,0,
1810,keto,3789,32,2,budget,0,73,true,4,435,77,132,0.125,0.84375,0.03125,0,0,2,2,normal,false,3,14,369,3300,120,0,0,false,false,true,0,0,3789,32,0,
1811,keto,2193,30,0,budget,0,61,true,5,380,48,105,0.4666666666666667,0.5333333333333333,0,0,0,4,8,crash,false,6,10,668,1525,0,0,0,false,false,false,0,0,2193,30,0,
1812,keto,8210,57,27,budget,1,100,false,4,840,138,168,0,0.7192982456140351,0.12280701754385964,0.07017543859649122,0.08771929824561403,9,3,normal,false,11,20,0,3800,1590,1080,1740,false,true,true,1710,5,6500,52,1,2
1813,keto,3915,30,0,budget,0,68,false,4,555,75,108,0,1,0,0,0,0,-1,normal,false,6,12,0,3915,0,0,0,false,false,true,0,0,3915,30,0,
1814,keto,3755,32,2,budget,0,74,true,6,1510,74,108,0.03125,0.9375,0.03125,0,0,2,1,normal,false,13,8,15,3650,90,0,0,false,false,false,0,0,3755,32,0,
1815,keto,19378,74,44,budget,2,100,true,6,1830,189,276,0.013513513513513514,0.5675675675675675,0.22972972972972974,0.05405405405405406,0.13513513513513514,18,2,normal,false,6,38,143,5405,5130,2160,6540,false,true,false,6150,10,13228,64,2,4|5
1816,keto,5490,46,16,budget,0,97,true,3,540,92,137,0.021739130434782608,0.7608695652173914,0.10869565217391304,0.10869565217391304,0,9,2,normal,false,6,19,15,2990,1630,855,0,true,true,true,0,0,5490,46,0,
1817,keto,5311,32,2,budget,0,72,true,6,1275,73,131,0.1875,0.78125,0.03125,0,0,3,9,normal,false,6,12,316,4905,90,0,0,false,false,true,0,0,5311,32,0,
1818,keto,4895,36,6,budget,0,90,true,3,930,86,135,0.08333333333333333,0.8611111111111112,0.05555555555555555,0,0,4,7,normal,false,5,14,210,2930,1080,675,0,true,false,false,0,0,4895,36,0,
1819,keto,2021,30,0,budget,0,62,true,3,255,49,89,0.23333333333333334,0.7666666666666667,0,0,0,1,21,crash,false,9,9,276,1745,0,0,0,false,false,true,0,0,2021,30,0,
1820,keto,7491,46,16,budget,0,93,true,6,1500,110,187,0.21739130434782608,0.6304347826086957,0.13043478260869565,0.021739130434782608,0,12,7,crash,false,4,22,301,3980,2940,270,0,true,false,false,0,0,7491,46,0,
1821,keto,3776,32,2,budget,0,73,true,4,510,74,127,0.15625,0.8125,0.03125,0,0,2,5,crash,false,5,13,406,3160,210,0,0,false,false,false,0,0,3776,32,0,
1822,keto,8510,54,24,budget,0,92,false,5,810,133,185,0,0.7222222222222222,0.24074074074074073,0.037037037037037035,0,12,2,normal,false,10,27,0,5120,3120,270,0,true,false,false,0,0,8510,54,0,
1823,keto,4332,30,0,budget,0,62,true,7,1085,66,149,0.26666666666666666,0.7333333333333333,0,0,0,1,17,crash,false,6,12,857,3475,0,0,0,false,false,false,0,0,4332,30,0,
1824,keto,4373,36,6,budget,0,80,true,6,990,84,129,0.1388888888888889,0.8055555555555556,0.05555555555555555,0,0,6,2,normal,false,4,15,203,3810,360,0,0,false,false,true,0,0,4373,36,0,
1825,keto,19125,85,55,budget,3,100,false,6,4245,231,292,0,0.6,0.18823529411764706,0.03529411764705882,0.17647058823529413,18,4,normal,false,8,36,0,5760,2280,6525,4560,false,false,false,5720,15,13405,70,2,3|2
1826,keto,8493,44,14,budget,0,94,true,7,1605,116,200,0.09090909090909091,0.7727272727272727,0.11363636363636363,0.022727272727272728,0,9,13,normal,false,3,23,183,4960,1910,1440,0,true,false,false,0,0,8493,44,0,
1827,keto,2583,30,0,budget,0,62,true,4,435,50,91,0.06666666666666667,0.9333333333333333,0,0,0,1,29,crash,false,10,8,128,2455,0,0,0,false,false,true,0,0,2583,30,0,
1828,keto,8375,45,15,budget,1,100,true,4,1590,112,141,0.044444444444444446,0.7111111111111111,0.1111111111111111,0.022222222222222223,0.1111111111111111,7,2,normal,false,7,20,100,3415,1890,90,2880,false,false,false,2490,5,5885,40,1,4
1829,keto,7335,42,12,budget,0,94,false,5,1030,113,158,0,0.7380952380952381,0.23809523809523808,0.023809523809523808,0,6,10,normal,false,8,16,0,4065,2010,1260,0,true,false,true,0,0,7335,42,0,
1830,keto,4072,38,8,budget,0,83,true,5,870,78,137,0.23684210526315788,0.6578947368421053,0.10526315789473684,0,0,6,11,normal,false,3,17,637,2595,840,0,0,false,false,false,0,0,4072,38,0,
1831,keto,8830,57,27,budget,1,100,false,5,920,148,183,0,0.7192982456140351,0.14035087719298245,0.05263157894736842,0.08771929824561403,11,4,normal,false,7,31,0,3795,1410,1305,2320,false,false,false,2290,5,6540,52,1,7
1832,keto,2573,32,2,budget,0,75,true,3,315,67,90,0.15625,0.8125,0.03125,0,0,4,6,normal,false,5,14,283,2200,90,0,0,false,false,true,0,0,2573,32,0,
1833,keto,12793,62,32,budget,2,100,true,4,1380,150,232,0.06451612903225806,0.5483870967741935,0.14516129032258066,0.08064516129032258,0.16129032258064516,14,2,normal,false,8,29,343,4055,1800,1395,5200,false,true,false,5080,10,7713,52,2,4|6
1834,keto,9915,56,26,budget,2,100,false,4,990,148,157,0,0.625,0.16071428571428573,0.03571428571428571,0.17857142857142858,10,2,normal,false,11,25,0,3185,1650,540,4540,false,false,false,4780,10,5135,46,2,4|3
1835,keto,7910,52,22,budget,0,94,false,7,1375,132,167,0,0.8076923076923077,0.15384615384615385,0.038461538461538464,0,9,7,normal,false,6,22,0,5165,1530,1215,0,true,false,false,0,0,7910,52,0,
1836,keto,18032,79,49,budget,3,100,true,5,3080,198,278,0.12658227848101267,0.43037974683544306,0.189873417721519,0.06329113924050633,0.189873417721519,22,3,normal,false,4,46,892,3580,1840,3420,8300,false,true,false,6980,15,11052,64,3,4|2|4
1837,keto,18080,76,46,budget,2,100,true,7,2890,185,258,0.02631578947368421,0.5131578947368421,0.21052631578947367,0.11842105263157894,0.13157894736842105,20,18,normal,false,6,42,45,3540,6860,4575,3060,false,true,false,2580,10,15500,66,2,3|5
1838,keto,9545,53,23,budget,1,100,false,6,1835,137,196,0,0.7547169811320755,0.1320754716981132,0.018867924528301886,0.09433962264150944,9,2,normal,false,7,22,0,5265,1590,630,2060,false,false,false,1730,5,7815,48,1,2
1839,keto,12594,59,29,budget,1,100,true,5,2490,129,201,0.06779661016949153,0.6949152542372882,0.13559322033898305,0.01694915254237288,0.0847457627118644,13,7,crash,false,5,30,234,3405,3000,3795,2160,false,false,false,3030,5,9564,54,1,5
1840,keto,44033,95,65,budget,5,100,true,7,5620,290,469,0.042105263157894736,0.4421052631578947,0.17894736842105263,0.07368421052631578,0.2631578947368421,21,2,crash,false,6,50,353,5150,7240,11790,19500,false,true,false,16180,25,27853,70,5,3|4|3|5|3
1841,keto,11178,68,38,budget,2,100,true,5,1845,143,199,0.04411764705882353,0.5147058823529411,0.20588235294117646,0.08823529411764706,0.14705882352941177,17,2,normal,false,7,30,128,2835,3850,1305,3060,false,true,false,2580,10,8598,58,2,5|5
1842,keto,13235,66,36,budget,2,100,true,5,1300,164,227,0.015151515151515152,0.5151515151515151,0.2727272727272727,0.045454545454545456,0.15151515151515152,13,2,crash,false,5,32,0,3795,4550,1950,2940,false,true,false,2040,10,11195,56,2,6|5
1843,keto,2608,30,0,budget,0,67,true,3,360,70,102,0.16666666666666666,0.8333333333333334,0,0,0,3,22,normal,false,11,13,413,2195,0,0,0,false,false,false,0,0,2608,30,0,
1844,keto,2415,30,0,budget,0,66,true,4,495,51,86,0.03333333333333333,0.9666666666666667,0,0,0,1,26,normal,false,9,9,15,2400,0,0,0,false,false,true,0,0,2415,30,0,
1845,keto,28124,79,49,budget,3,100,true,6,3555,221,316,0.10126582278481013,0.46835443037974683,0.189873417721519,0.05063291139240506,0.189873417721519,20,2,crash,false,6,38,609,3795,3360,9480,10880,false,true,false,10640,15,17484,64,3,4|3|8
1846,keto,10971,67,37,budget,1,100,true,4,1740,168,215,0.07462686567164178,0.6567164179104478,0.1791044776119403,0.014925373134328358,0.07462686567164178,17,2,normal,false,8,34,151,4125,3260,915,2520,false,false,false,2700,5,8271,62,1,2
1847,keto,16497,49,19,budget,1,100,true,6,4230,136,241,0.14285714285714285,0.5714285714285714,0.14285714285714285,0.04081632653061224,0.10204081632653061,10,1,normal,false,6,22,657,4440,1350,810,9240,false,true,false,8970,5,7527,44,1,4
1848,keto,4000,30,0,budget,0,68,true,7,1830,64,107,0,1,0,0,0,0,-1,normal,false,12,8,30,3970,0,0,0,false,false,true,0,0,4000,30,0,
1849,keto,4730,38,8,budget,0,98,false,6,780,86,124,0,0.7631578947368421,0.15789473684210525,0.07894736842105263,0,4,2,normal,false,11,11,0,3740,630,360,0,true,true,true,0,0,4730,38,0,
1850,keto,3134,38,8,budget,0,84,true,4,450,73,103,0.18421052631578946,0.6578947368421053,0.15789473684210525,0,0,7,2,normal,false,4,19,159,2465,510,0,0,false,false,true,0,0,3134,38,0,
1851,keto,6450,38,8,budget,0,83,false,5,1860,94,143,0,0.8947368421052632,0.10526315789473684,0,0,4,2,normal,false,4,20,0,4320,2130,0,0,false,false,false,0,0,6450,38,0,
1852,keto,2121,30,0,budget,0,55,true,3,345,49,88,0.36666666666666664,0.6333333333333333,0,0,0,1,23,normal,false,11,7,326,1795,0,0,0,false,false,false,0,0,2121,30,0,
1853,keto,18280,77,47,budget,1,100,false,5,4680,172,262,0,0.7012987012987013,0.19480519480519481,0.03896103896103896,0.06493506493506493,19,2,normal,false,9,31,0,3590,4490,3240,6960,false,true,true,3850,5,14430,72,0,
1854,keto,9405,58,28,budget,2,100,true,3,1170,124,165,0.1206896551724138,0.4482758620689655,0.22413793103448276,0.034482758620689655,0.1724137931034483,14,2,crash,false,7,23,270,2140,1740,855,4400,false,true,false,3940,10,5465,48,2,7|6
1855,keto,4865,36,6,budget,0,71,false,4,690,96,149,0,1,0,0,0,3,5,normal,false,5,19,0,4865,0,0,0,false,false,true,0,0,4865,36,0,
1856,keto,3813,30,0,budget,0,68,true,4,810,78,112,0.1,0.9,0,0,0,1,12,normal,false,6,12,168,3645,0,0,0,false,false,true,0,0,3813,30,0,
1857,keto,6213,51,21,budget,1,100,true,4,660,114,147,0.058823529411764705,0.7254901960784313,0.0784313725490196,0.0392156862745098,0.09803921568627451,10,3,normal,false,6,22,88,3185,870,270,1800,false,true,true,1770,5,4443,46,1,5
1858,keto,3570,32,2,budget,0,83,false,4,495,67,100,0,0.90625,0.09375,0,0,1,2,normal,false,4,14,0,3330,240,0,0,false,false,true,0,0,3570,32,0,
1859,keto,10285,45,15,budget,1,100,true,5,1490,120,183,0.022222222222222223,0.8,0.044444444444444446,0.022222222222222223,0.1111111111111111,5,2,normal,false,6,19,15,4895,1820,135,3420,false,false,false,2930,5,7355,40,0,
1860,keto,9438,62,32,budget,2,100,true,4,705,144,171,0.06451612903225806,0.5161290322580645,0.20967741935483872,0.04838709677419355,0.16129032258064516,11,2,normal,false,12,26,203,3000,1990,1125,3120,false,true,false,3030,10,6408,52,1,4
1861,keto,13980,52,22,budget,2,100,true,5,2760,153,194,0.038461538461538464,0.6153846153846154,0.1346153846153846,0.019230769230769232,0.19230769230769232,9,2,normal,false,5,22,180,4455,1810,135,7400,false,false,false,4530,10,9450,42,1,5
1862,keto,2401,32,2,budget,0,79,true,3,360,60,95,0.21875,0.78125,0,0,0,3,5,normal,false,6,9,381,1750,270,0,0,false,false,true,0,0,2401,32,0,
1863,keto,5375,36,6,budget,0,96,true,4,690,100,146,0.027777777777777776,0.8611111111111112,0.08333333333333333,0.027777777777777776,0,4,5,normal,false,4,17,270,4355,570,180,0,true,true,false,0,0,5375,36,0,
1864,keto,26650,103,73,budget,1,100,false,8,4700,259,377,0,0.6796116504854369,0.21359223300970873,0.05825242718446602,0.04854368932038835,30,19,normal,false,6,55,0,6415,12070,4005,4160,false,true,true,5775,5,20875,98,0,
1865,keto,2325,30,0,budget,0,66,true,3,300,56,85,0.1,0.9,0,0,0,2,12,crash,false,7,9,30,2295,0,0,0,false,false,false,0,0,2325,30,0,
1866,keto,5402,36,6,budget,0,80,true,5,1195,88,163,0.19444444444444445,0.8055555555555556,0,0,0,3,2,crash,false,8,13,812,4050,540,0,0,false,false,true,0,0,5402,36,0,
1867,keto,5519,47,17,budget,1,100,true,4,570,98,151,0.23404255319148937,0.5106382978723404,0.1276595744680851,0.02127659574468085,0.10638297872340426,8,3,normal,false,8,19,449,2670,540,360,1500,false,false,false,1470,5,4049,42,1,4
1868,keto,9713,51,21,budget,1,100,true,6,1315,148,221,0.1568627450980392,0.5882352941176471,0.11764705882352941,0.0392156862745098,0.09803921568627451,10,1,normal,false,7,22,528,5450,1920,1035,780,false,false,false,1290,5,8423,46,1,2
1869,keto,3187,30,0,budget,0,67,true,5,585,71,102,0.23333333333333334,0.7666666666666667,0,0,0,2,7,normal,false,5,13,227,2960,0,0,0,false,false,false,0,0,3187,30,0,
1870,keto,5055,16,17,lock,1,100,false,4,1365,42,42,0,0,0.4375,0.375,0.1875,7,1,frenzy,false,1,9,0,90,600,3645,720,false,true,true,810,3,4245,13,1,14
1871,keto,9960,59,29,budget,1,100,true,6,1125,156,200,0.01694915254237288,0.7288135593220338,0.15254237288135594,0.01694915254237288,0.0847457627118644,13,2,normal,false,6,28,15,6330,1620,315,1680,false,false,false,1740,5,8220,54,1,3
1872,keto,2932,32,2,budget,0,75,true,3,450,60,109,0.1875,0.78125,0.03125,0,0,1,8,crash,false,9,11,107,2735,90,0,0,false,false,false,0,0,2932,32,0,
1873,keto,7789,44,14,budget,0,83,true,6,1555,108,196,0.25,0.6590909090909091,0.09090909090909091,0,0,10,2,normal,false,5,23,539,6050,1200,0,0,false,false,false,0,0,7789,44,0,
1874,keto,2790,30,0,budget,0,53,true,4,440,55,106,0.3333333333333333,0.6666666666666666,0,0,0,2,12,crash,false,9,10,340,2450,0,0,0,false,false,true,0,0,2790,30,0,
1875,keto,2961,30,0,budget,0,63,true,6,1035,65,97,0.23333333333333334,0.7666666666666667,0,0,0,1,30,normal,false,6,10,226,2735,0,0,0,false,false,true,0,0,2961,30,0,
1876,keto,2391,19,8,lock,0,94,true,3,555,40,68,0.15789473684210525,0.631578947368421,0.15789473684210525,0.05263157894736842,0,4,3,crash,false,3,11,46,1580,450,315,0,true,false,false,0,0,2391,19,0,
1877,keto,4460,34,4,budget,0,80,true,5,1075,65,118,0.029411764705882353,0.9117647058823529,0.058823529411764705,0,0,2,2,crash,false,7,13,0,3800,660,0,0,false,false,false,0,0,4460,34,0,
1878,keto,14909,72,42,budget,2,100,true,6,1920,177,231,0.08333333333333333,0.5833333333333334,0.16666666666666666,0.027777777777777776,0.1388888888888889,16,2,crash,false,13,32,189,4625,3840,1035,5220,false,false,false,4980,10,9929,62,2,2|2
1879,keto,9555,60,30,budget,2,100,true,4,1320,128,186,0.016666666666666666,0.65,0.11666666666666667,0.05,0.16666666666666666,13,7,normal,false,6,27,60,3660,1350,585,3900,false,false,false,3540,10,6015,50,2,3|4
1880,keto,2740,34,4,budget,0,85,true,4,360,63,99,0.029411764705882353,0.8823529411764706,0.08823529411764706,0,0,3,3,normal,false,4,12,170,2330,240,0,0,false,false,false,0,0,2740,34,0,
1881,keto,17685,53,35,lock,3,100,false,5,3500,153,183,0,0.3584905660377358,0.2830188679245283,0.07547169811320754,0.2830188679245283,11,7,normal,false,5,27,0,1995,3160,1170,11360,false,true,false,11525,15,6160,38,3,14|2|3
1882,keto,3415,30,0,budget,0,63,true,5,640,69,111,0.13333333333333333,0.8666666666666667,0,0,0,3,5,normal,false,3,15,415,3000,0,0,0,false,false,true,0,0,3415,30,0,
1883,keto,14741,62,32,budget,2,100,true,6,4050,141,210,0.25806451612903225,0.3064516129032258,0.1935483870967742,0.08064516129032258,0.16129032258064516,15,2,normal,false,5,26,681,2155,2380,3105,6420,false,true,false,5280,10,9461,52,2,5|4
1884,keto,26706,92,62,budget,2,100,true,7,5190,253,346,0.05434782608695652,0.5543478260869565,0.2391304347826087,0.043478260869565216,0.10869565217391304,29,1,normal,false,8,50,471,5680,8060,3915,8580,false,true,false,9900,10,16806,82,2,9|3
1885,keto,2800,15,0,lock,0,62,false,6,1120,44,70,0,1,0,0,0,0,-1,normal,false,7,4,0,2800,0,0,0,false,false,false,0,0,2800,15,0,
1886,keto,3243,32,2,budget,0,73,true,4,585,61,129,0.5,0.46875,0.03125,0,0,4,2,crash,false,5,12,708,2445,90,0,0,false,false,false,0,0,3243,32,0,
1887,keto,7745,49,19,budget,1,100,true,5,1110,133,162,0.02040816326530612,0.7142857142857143,0.16326530612244897,0,0.10204081632653061,8,8,normal,false,5,22,60,4635,2150,180,720,false,false,false,780,5,6965,44,1,2
1888,keto,6605,44,14,budget,0,91,true,4,750,109,159,0.045454545454545456,0.8636363636363636,0.09090909090909091,0,0,8,8,normal,false,5,20,75,3860,2400,270,0,true,false,true,0,0,6605,44,0,
1889,keto,7796,42,12,budget,0,82,true,5,1860,118,191,0.11904761904761904,0.8095238095238095,0.07142857142857142,0,0,7,5,normal,false,3,24,501,4585,2710,0,0,false,false,false,0,0,7796,42,0,
1890,keto,3175,30,0,budget,0,56,true,4,465,70,113,0.1,0.9,0,0,0,1,30,normal,false,3,13,140,3035,0,0,0,false,false,true,0,0,3175,30,0,
1891,keto,5548,50,20,budget,0,94,true,3,420,117,171,0.16,0.7,0.1,0.04,0,12,4,normal,false,6,21,298,3175,1760,315,0,true,false,false,0,0,5548,50,0,
1892,keto,5862,36,6,budget,0,88,true,6,1130,97,170,0.1388888888888889,0.75,0.08333333333333333,0.027777777777777776,0,4,4,crash,false,7,15,302,4800,580,180,0,false,false,false,0,0,5862,36,0,
1893,keto,36663,95,69,lock,3,100,true,9,7560,260,370,0.042105263157894736,0.4,0.3473684210526316,0.05263157894736842,0.15789473684210525,29,22,normal,false,5,55,158,3325,5480,9420,18280,false,true,false,17860,15,18803,80,3,4|3|6
1894,keto,5378,36,6,budget,0,83,true,6,795,92,137,0.05555555555555555,0.9166666666666666,0.027777777777777776,0,0,4,2,normal,false,3,19,293,4395,690,0,0,false,false,false,0,0,5378,36,0,
1895,keto,19365,85,55,budget,3,100,false,6,4320,229,269,0,0.5764705882352941,0.2,0.047058823529411764,0.17647058823529413,20,2,normal,false,8,39,0,4980,4590,3855,5940,false,true,true,7980,15,11385,70,3,3|3|2
1896,keto,1710,30,0,budget,0,62,true,2,225,48,74,0.13333333333333333,0.8666666666666667,0,0,0,4,7,normal,false,7,10,60,1650,0,0,0,false,false,true,0,0,1710,30,0,
1897,keto,4060,34,4,budget,0,71,true,5,615,79,119,0.058823529411764705,0.9411764705882353,0,0,0,3,5,crash,false,5,12,15,4045,0,0,0,false,false,false,0,0,4060,34,0,
1898,keto,3942,34,4,budget,0,81,true,6,1395,69,120,0.35294117647058826,0.5882352941176471,0.058823529411764705,0,0,5,2,normal,false,4,15,432,3100,410,0,0,false,false,true,0,0,3942,34,0,
1899,keto,2166,30,0,budget,0,66,true,3,300,52,94,0.26666666666666666,0.7333333333333333,0,0,0,2,20,normal,false,6,10,261,1905,0,0,0,false,false,true,0,0,2166,30,0,
1900,keto,3110,38,8,budget,0,84,false,3,300,80,96,0,0.868421052631579,0.13157894736842105,0,0,4,20,normal,false,5,18,0,2690,420,0,0,false,false,true,0,0,3110,38,0,
1901,keto,3120,34,4,budget,0,82,true,3,435,74,95,0.029411764705882353,0.8823529411764706,0.08823529411764706,0,0,3,2,normal,false,11,11,20,2470,630,0,0,false,false,false,0,0,3120,34,0,
1902,keto,2591,30,0,budget,0,62,true,3,360,56,109,0.36666666666666664,0.6333333333333333,0,0,0,3,11,normal,false,4,11,616,1975,0,0,0,false,false,true,0,0,2591,30,0,
1903,keto,3520,40,10,budget,0,90,false,3,750,75,96,0,0.9,0.075,0.025,0,5,2,normal,false,7,14,0,2245,1140,135,0,true,false,false,0,0,3520,40,0,
1904,keto,4591,32,2,budget,0,83,true,5,770,89,131,0.28125,0.625,0.09375,0,0,4,2,normal,false,3,16,316,4035,240,0,0,false,false,false,0,0,4591,32,0,
1905,keto,5699,43,13,budget,1,100,true,3,1020,105,144,0.16279069767441862,0.6744186046511628,0.046511627906976744,0,0.11627906976744186,5,1,normal,false,7,16,494,2715,720,270,1500,false,false,false,1830,5,3869,38,1,2
1906,keto,2078,30,0,budget,0,55,true,3,345,55,89,0.2,0.8,0,0,0,2,4,crash,false,7,10,218,1860,0,0,0,false,false,false,0,0,2078,30,0,
1907,keto,12140,75,45,budget,3,100,false,3,1200,168,222,0,0.52,0.18666666666666668,0.09333333333333334,0.2,16,13,normal,false,8,38,0,3495,3110,1095,4440,false,true,false,4380,15,7760,60,3,4|5|3
1908,keto,5281,32,2,budget,0,71,true,7,1790,93,134,0.09375,0.90625,0,0,0,2,4,normal,false,7,9,171,5110,0,0,0,false,false,true,0,0,5281,32,0,
1909,keto,7388,38,8,budget,0,84,true,6,2840,97,169,0.10526315789473684,0.7368421052631579,0.15789473684210525,0,0,7,5,normal,false,9,14,458,3430,3500,0,0,false,false,false,0,0,7388,38,0,
1910,keto,9853,56,26,budget,2,100,true,3,1440,128,183,0.07142857142857142,0.5357142857142857,0.17857142857142858,0.03571428571428571,0.17857142857142858,11,2,normal,false,5,25,198,3250,2250,495,3660,false,false,false,3615,10,6238,46,2,4|5
1911,keto,37590,146,116,budget,6,100,false,6,5540,377,482,0,0.4726027397260274,0.2602739726027397,0.06164383561643835,0.2054794520547945,43,2,normal,false,8,87,0,6285,9060,2985,19260,false,true,false,17000,30,20590,116,5,3|5|4|7|2
1912,keto,2891,30,0,budget,0,62,true,3,405,70,111,0.3333333333333333,0.6666666666666666,0,0,0,4,4,normal,false,3,14,456,2435,0,0,0,false,false,false,0,0,2891,30,0,
1913,keto,11775,38,8,budget,0,94,true,9,5065,125,197,0.02631578947368421,0.8157894736842105,0.15789473684210525,0,0,4,13,normal,false,3,19,15,6295,2810,2655,0,true,false,true,0,0,11775,38,0,
1914,keto,14672,54,24,budget,2,100,true,5,3780,124,194,0.2037037037037037,0.4444444444444444,0.07407407407407407,0.09259259259259259,0.18518518518518517,8,2,crash,false,8,19,392,2120,4090,810,7260,false,true,true,7200,10,7472,44,2,2|6
1915,keto,3185,30,0,budget,0,68,true,3,285,72,102,0,1,0,0,0,0,-1,normal,false,3,14,30,3155,0,0,0,false,false,false,0,0,3185,30,0,
1916,keto,4840,42,12,budget,0,93,true,4,1020,82,114,0.023809523809523808,0.6904761904761905,0.23809523809523808,0.047619047619047616,0,6,2,crash,false,13,14,0,2170,2130,540,0,true,false,false,0,0,4840,42,0,
1917,keto,19450,83,53,budget,3,100,false,6,1905,185,269,0,0.4939759036144578,0.25301204819277107,0.07228915662650602,0.18072289156626506,20,2,normal,false,12,43,0,4795,2940,4035,7680,false,false,false,6380,15,13070,68,3,4|7|4
1918,keto,3425,30,0,budget,0,62,true,5,720,70,108,0.03333333333333333,0.9666666666666667,0,0,0,1,26,normal,false,7,9,15,3410,0,0,0,false,false,true,0,0,3425,30,0,
1919,keto,3617,30,0,budget,0,64,true,4,600,79,136,0.3,0.7,0,0,0,2,15,normal,false,6,8,962,2655,0,0,0,false,false,false,0,0,3617,30,0,
1920,keto,6215,36,6,budget,0,83,false,6,2250,72,117,0,0.9722222222222222,0.027777777777777776,0,0,3,2,normal,false,7,13,0,2315,3900,0,0,false,false,false,0,0,6215,36,0,
1921,keto,9500,65,35,budget,1,100,true,4,840,156,182,0.03076923076923077,0.5538461538461539,0.24615384615384617,0.09230769230769231,0.07692307692307693,18,2,normal,false,5,28,30,3560,2920,1650,1340,false,true,false,1340,5,8160,60,1,4
1922,keto,3696,30,0,budget,0,67,true,6,815,71,108,0.26666666666666666,0.7333333333333333,0,0,0,3,11,normal,false,4,14,271,3425,0,0,0,false,false,true,0,0,3696,30,0,
1923,keto,11048,57,27,budget,1,100,true,4,1770,138,186,0.05263157894736842,0.6140350877192983,0.19298245614035087,0.05263157894736842,0.08771929824561403,13,2,normal,false,6,27,158,2510,1960,2520,3900,false,false,true,2990,5,8058,52,1,4
1924,keto,2796,26,0,lock,0,62,true,3,450,53,102,0.5769230769230769,0.4230769230769231,0,0,0,2,8,crash,false,8,9,466,2330,0,0,0,false,false,false,0,0,2796,26,0,
1925,keto,5430,34,4,budget,0,79,true,5,690,95,152,0.029411764705882353,0.9411764705882353,0.029411764705882353,0,0,2,2,crash,false,4,16,165,4905,360,0,0,false,false,true,0,0,5430,34,0,
1926,keto,17946,62,32,budget,2,100,true,6,3540,154,239,0.2903225806451613,0.3709677419354839,0.14516129032258066,0.03225806451612903,0.16129032258064516,16,2,normal,false,8,23,731,2140,2010,4905,8160,false,true,false,5460,10,12486,52,2,4|3
1927,keto,1575,12,10,lock,0,95,false,2,330,27,25,0,0.3333333333333333,0.5,0.16666666666666666,0,5,2,normal,false,3,8,0,225,810,540,0,true,true,false,0,0,1575,12,0,
1928,keto,3070,32,2,budget,0,84,true,5,605,70,100,0.0625,0.875,0.0625,0,0,2,4,normal,false,5,12,410,2330,330,0,0,false,false,true,0,0,3070,32,0,
1929,keto,7930,36,6,budget,0,93,false,6,1635,108,160,0,0.8888888888888888,0.1111111111111111,0,0,3,6,normal,false,3,18,0,5365,990,1575,0,true,false,true,0,0,7930,36,0,
1930,keto,4195,36,6,budget,0,80,true,4,390,86,134,0.027777777777777776,0.9444444444444444,0.027777777777777776,0,0,3,4,crash,false,5,16,85,3630,480,0,0,false,false,true,0,0,4195,36,0,
1931,keto,10100,68,38,budget,2,100,false,4,655,148,192,0,0.6617647058823529,0.14705882352941177,0.04411764705882353,0.14705882352941177,15,21,normal,false,6,34,0,3765,3130,765,2440,false,false,false,2200,10,7900,58,2,4|3
1932,keto,1005,4,0,lock,0,50,false,5,690,12,23,0,1,0,0,0,0,-1,normal,false,2,2,0,1005,0,0,0,false,false,true,0,0,1005,4,0,
1933,keto,3170,30,0,budget,0,62,true,6,1235,55,127,0.36666666666666664,0.6333333333333333,0,0,0,1,21,crash,false,6,7,665,2505,0,0,0,false,false,false,0,0,3170,30,0,
1934,keto,6940,47,17,budget,1,100,false,6,1245,112,153,0,0.723404255319149,0.1276595744680851,0.0425531914893617,0.10638297872340426,7,3,normal,false,7,22,0,4240,960,180,1560,false,false,false,1050,5,5890,42,1,4
1935,keto,11491,64,34,budget,0,95,true,5,1365,146,212,0.109375,0.546875,0.3125,0.03125,0,17,1,crash,false,12,24,136,3710,3640,4005,0,true,true,false,0,0,11491,64,0,
1936,keto,28791,130,100,budget,4,100,true,4,2160,333,455,0.038461538461538464,0.47692307692307695,0.24615384615384617,0.08461538461538462,0.15384615384615385,40,6,normal,false,6,70,121,5830,9170,4230,9440,false,true,false,6180,20,22611,110,4,4|2|11|4
1937,keto,2945,32,2,budget,0,78,true,3,555,64,94,0.0625,0.90625,0.03125,0,0,3,6,normal,false,4,14,60,2795,90,0,0,false,false,true,0,0,2945,32,0,
1938,keto,2740,30,0,budget,0,64,false,4,615,64,87,0,1,0,0,0,0,-1,normal,false,7,9,0,2740,0,0,0,false,false,true,0,0,2740,30,0,
1939,keto,10645,61,31,budget,1,100,false,5,2355,151,186,0,0.5901639344262295,0.26229508196721313,0.06557377049180328,0.08196721311475409,12,2,normal,false,10,26,0,3420,2440,3705,1080,false,false,false,1140,5,9505,56,1,5
1940,keto,6970,43,13,budget,1,100,false,4,720,103,139,0,0.813953488372093,0.06976744186046512,0,0.11627906976744186,4,2,normal,false,5,18,0,3700,930,180,2160,false,false,true,2220,5,4750,38,1,2
1941,keto,7270,41,11,budget,1,100,false,4,1620,98,154,0,0.8048780487804879,0.04878048780487805,0.024390243902439025,0.12195121951219512,3,2,normal,false,10,12,0,3470,950,150,2700,false,false,false,2730,5,4540,36,1,2
1942,keto,4251,30,0,budget,0,62,true,6,1245,74,139,0.3333333333333333,0.6666666666666666,0,0,0,1,29,crash,false,6,12,696,3555,0,0,0,false,false,true,0,0,4251,30,0,
1943,keto,11910,67,37,budget,1,100,true,6,1410,160,233,0.029850746268656716,0.6119402985074627,0.19402985074626866,0.08955223880597014,0.07462686567164178,18,5,normal,false,4,40,90,6675,1410,2115,1620,false,true,false,1530,5,10380,62,1,3
1944,keto,3615,36,6,budget,0,83,false,4,900,78,102,0,0.8611111111111112,0.1388888888888889,0,0,3,4,normal,false,6,14,0,3125,490,0,0,false,false,false,0,0,3615,36,0,
1945,keto,4350,32,2,budget,0,83,true,4,970,82,118,0.03125,0.90625,0.0625,0,0,2,2,normal,false,3,14,15,4005,330,0,0,false,false,true,0,0,4350,32,0,
1946,keto,5270,43,13,budget,1,100,true,5,1080,96,114,0.023255813953488372,0.7209302325581395,0.13953488372093023,0,0.11627906976744186,5,2,normal,false,8,18,15,3525,680,270,780,false,false,true,1220,5,4050,38,1,3
1947,keto,12490,54,24,budget,2,100,false,5,2085,155,180,0,0.6111111111111112,0.18518518518518517,0.018518518518518517,0.18518518518518517,6,2,normal,false,7,14,0,3900,2010,1500,5080,false,true,false,6505,10,5985,44,1,4
1948,keto,9405,51,21,budget,1,100,false,4,960,142,170,0,0.6862745098039216,0.19607843137254902,0.0196078431372549,0.09803921568627451,8,2,normal,false,6,22,0,4145,2110,1170,1980,false,false,false,2100,5,7305,46,1,4
1949,keto,7380,60,30,budget,0,95,true,4,1410,120,179,0.03333333333333333,0.8,0.13333333333333333,0.03333333333333333,0,16,2,normal,false,10,30,105,3395,2260,1620,0,true,true,true,0,0,7380,60,0,
1950,keto,4740,42,12,budget,0,83,false,4,540,95,124,0,0.8809523809523809,0.11904761904761904,0,0,6,2,normal,false,14,16,0,3390,1350,0,0,false,false,false,0,0,4740,42,0,
1951,keto,8860,56,26,budget,0,90,false,5,1710,136,193,0,0.7857142857142857,0.19642857142857142,0.017857142857142856,0,13,1,normal,false,6,27,0,4435,4020,405,0,true,false,true,0,0,8860,56,0,
1952,keto,2772,30,0,budget,0,62,true,4,680,64,122,0.43333333333333335,0.5666666666666667,0,0,0,1,10,crash,false,6,9,552,2220,0,0,0,false,false,false,0,0,2772,30,0,
1953,keto,11635,55,25,budget,1,100,false,5,1560,164,209,0,0.6909090909090909,0.16363636363636364,0.05454545454545454,0.09090909090909091,11,16,normal,false,5,31,0,4950,2160,1005,3520,false,true,false,2835,5,8800,50,1,3
1954,keto,9525,47,17,budget,1,100,true,6,1670,121,201,0.0425531914893617,0.7872340425531915,0.0425531914893617,0.02127659574468085,0.10638297872340426,6,1,normal,false,8,14,135,5410,1950,90,1940,false,false,false,1910,5,7615,42,1,2
1955,keto,28074,63,33,budget,3,100,true,10,10620,173,275,0.09523809523809523,0.42857142857142855,0.2222222222222222,0.015873015873015872,0.23809523809523808,13,1,normal,false,10,28,234,2860,5340,3600,16040,false,true,true,5220,15,22854,48,2,5|6
1956,keto,4676,34,4,budget,0,84,true,4,1320,81,132,0.17647058823529413,0.7352941176470589,0.08823529411764706,0,0,4,1,normal,false,5,15,361,2815,1500,0,0,false,false,false,0,0,4676,34,0,
1957,keto,5505,40,10,budget,0,97,true,5,1410,85,143,0.3,0.55,0.1,0.05,0,5,2,crash,false,8,17,505,2095,1810,1095,0,true,true,true,0,0,5505,40,0,
1958,keto,2860,30,0,budget,0,62,false,3,255,71,99,0,1,0,0,0,0,-1,normal,false,9,11,0,2860,0,0,0,false,false,true,0,0,2860,30,0,
1959,keto,3760,30,0,budget,0,57,true,4,600,75,107,0.03333333333333333,0.9666666666666667,0,0,0,1,12,normal,false,5,11,65,3695,0,0,0,false,false,false,0,0,3760,30,0,
1960,keto,6486,41,11,budget,1,100,true,4,990,98,135,0.07317073170731707,0.6585365853658537,0.12195121951219512,0.024390243902439025,0.12195121951219512,4,6,normal,false,8,14,416,3070,570,90,2340,false,false,true,2190,5,4296,36,1,2
1961,keto,10540,49,19,budget,1,100,true,5,1440,138,194,0.02040816326530612,0.6938775510204082,0.14285714285714285,0.04081632653061224,0.10204081632653061,8,2,normal,false,7,23,45,5225,690,720,3860,false,false,false,3620,5,6920,44,1,2
1962,keto,2235,32,2,budget,0,76,false,3,360,57,72,0,1,0,0,0,1,2,normal,false,11,8,0,1965,270,0,0,false,false,false,0,0,2235,32,0,
1963,keto,10975,50,20,budget,0,94,true,10,3890,132,200,0.02,0.78,0.16,0.04,0,11,2,normal,false,5,28,15,6165,4210,585,0,true,false,true,0,0,10975,50,0,
1964,keto,13928,69,39,budget,1,100,true,4,960,181,257,0.028985507246376812,0.5507246376811594,0.2753623188405797,0.07246376811594203,0.07246376811594203,17,2,normal,false,7,40,143,4500,5020,2025,2240,false,true,false,2240,5,11688,64,1,2
1965,keto,2099,30,0,budget,0,63,true,3,420,52,93,0.26666666666666666,0.7333333333333333,0,0,0,3,20,normal,false,8,9,404,1695,0,0,0,false,false,false,0,0,2099,30,0,
1966,keto,2294,32,2,budget,0,75,true,2,255,51,99,0.25,0.75,0,0,0,4,3,crash,false,5,11,254,1860,180,0,0,false,false,false,0,0,2294,32,0,
1967,keto,9775,43,22,lock,0,99,false,5,2340,110,187,0,0.7674418604651163,0.16279069767441862,0.06976744186046512,0,10,2,normal,false,2,28,0,3685,5460,630,0,true,true,false,0,0,9775,43,0,
1968,keto,3965,38,8,budget,0,80,false,3,480,90,120,0,0.9473684210526315,0.05263157894736842,0,0,4,2,normal,false,4,21,0,3365,600,0,0,false,false,true,0,0,3965,38,0,
1969,keto,5173,32,2,budget,0,79,true,5,935,95,149,0.09375,0.875,0.03125,0,0,1,2,crash,false,4,13,188,4895,90,0,0,false,false,false,0,0,5173,32,0,
1970,keto,3147,30,0,budget,0,56,true,5,690,72,126,0.26666666666666666,0.7333333333333333,0,0,0,2,15,normal,false,10,9,1042,2105,0,0,0,false,false,false,0,0,3147,30,0,
1971,keto,8790,57,27,budget,1,100,true,4,1560,130,200,0.21052631578947367,0.45614035087719296,0.17543859649122806,0.07017543859649122,0.08771929824561403,14,2,crash,false,9,23,760,3145,3470,495,920,false,true,false,830,5,7960,52,1,2
1972,keto,3466,30,0,budget,0,62,true,4,645,77,133,0.26666666666666666,0.7333333333333333,0,0,0,3,13,normal,false,6,15,596,2870,0,0,0,false,false,true,0,0,3466,30,0,
1973,keto,7693,51,21,budget,1,100,true,5,1200,115,170,0.058823529411764705,0.6470588235294118,0.17647058823529413,0.0196078431372549,0.09803921568627451,8,4,normal,false,10,20,83,3770,1710,90,2040,false,false,false,1770,5,5923,46,1,2
1974,keto,2461,34,4,budget,0,84,true,3,330,60,91,0.14705882352941177,0.7352941176470589,0.11764705882352941,0,0,3,1,normal,false,12,9,226,1905,330,0,0,false,false,true,0,0,2461,34,0,
1975,keto,2875,30,0,budget,0,67,true,4,825,62,100,0.16666666666666666,0.8333333333333334,0,0,0,2,10,normal,false,5,9,340,2535,0,0,0,false,false,false,0,0,2875,30,0,
1976,keto,5374,41,11,budget,1,100,true,5,915,85,126,0.24390243902439024,0.43902439024390244,0.17073170731707318,0.024390243902439025,0.12195121951219512,8,2,normal,false,5,16,599,2235,800,360,1380,false,false,true,1230,5,4144,36,1,6
1977,keto,3711,32,2,budget,0,71,true,4,480,82,129,0.1875,0.8125,0,0,0,1,6,crash,false,8,10,181,3530,0,0,0,false,false,false,0,0,3711,32,0,
1978,keto,5153,42,12,budget,0,94,true,3,900,95,144,0.19047619047619047,0.6428571428571429,0.09523809523809523,0.07142857142857142,0,8,2,normal,false,8,18,468,2400,1880,405,0,true,false,false,0,0,5153,42,0,
1979,keto,11856,53,23,budget,1,100,true,5,3120,157,241,0.03773584905660377,0.7924528301886793,0.07547169811320754,0,0.09433962264150944,10,2,normal,false,5,29,341,6455,1080,3060,920,false,false,true,3920,5,7936,48,1,2
1980,keto,8318,50,20,budget,0,94,true,6,2720,123,179,0.12,0.68,0.14,0.06,0,11,3,normal,false,7,25,448,2945,4250,675,0,true,false,true,0,0,8318,50,0,
1981,keto,18670,49,32,lock,2,100,false,6,2160,153,196,0,0.4489795918367347,0.20408163265306123,0.14285714285714285,0.20408163265306123,12,2,normal,false,8,24,0,1975,2380,3855,10460,false,true,false,8600,10,10070,39,2,2|11
1982,keto,3750,42,12,budget,0,83,false,4,465,78,113,0,0.8809523809523809,0.11904761904761904,0,0,6,2,normal,false,5,19,0,2790,960,0,0,false,false,false,0,0,3750,42,0,
1983,keto,3153,30,0,budget,0,67,true,5,390,67,119,0.3333333333333333,0.6666666666666666,0,0,0,1,15,crash,false,6,10,758,2395,0,0,0,false,false,false,0,0,3153,30,0,
1984,keto,11765,62,32,budget,2,100,true,5,1620,149,202,0.06451612903225806,0.6451612903225806,0.11290322580645161,0.016129032258064516,0.16129032258064516,11,6,crash,false,10,26,60,3995,2550,360,4800,false,false,true,5220,10,6545,52,1,2
1985,keto,9360,46,16,budget,0,93,false,6,1680,121,181,0,0.8043478260869565,0.13043478260869565,0.06521739130434782,0,8,8,normal,false,8,20,0,4020,4530,810,0,true,false,true,0,0,9360,46,0,
1986,keto,2553,30,0,budget,0,50,true,4,675,44,117,0.5333333333333333,0.4666666666666667,0,0,0,3,19,crash,false,4,10,708,1845,0,0,0,false,false,false,0,0,2553,30,0,
1987,keto,15550,84,54,budget,4,100,true,6,1335,193,243,0.011904761904761904,0.5,0.20238095238095238,0.047619047619047616,0.23809523809523808,16,2,crash,false,10,34,0,4645,2670,1515,6720,false,false,false,6720,20,8830,64,4,2|7|3|3
1988,keto,10845,47,17,budget,1,100,true,4,2400,98,167,0.19148936170212766,0.40425531914893614,0.19148936170212766,0.10638297872340426,0.10638297872340426,7,1,normal,false,11,16,520,1760,780,2385,5400,false,true,true,5370,5,5475,42,1,5
1989,keto,19398,81,51,budget,3,100,true,4,1920,198,252,0.04938271604938271,0.4444444444444444,0.2839506172839506,0.037037037037037035,0.18518518518518517,22,2,normal,false,7,48,148,2945,4350,1215,10740,false,false,true,10785,15,8613,66,3,2|4|2
1990,keto,3341,30,0,budget,0,62,true,4,840,64,103,0.16666666666666666,0.8333333333333334,0,0,0,1,12,crash,false,4,12,106,3235,0,0,0,false,false,false,0,0,3341,30,0,
1991,keto,4985,38,8,budget,0,99,true,4,765,84,129,0.10526315789473684,0.7105263157894737,0.15789473684210525,0.02631578947368421,0,6,1,crash,false,9,13,90,3290,840,765,0,true,true,false,0,0,4985,38,0,
1992,keto,4053,38,8,budget,0,80,true,4,405,88,129,0.07894736842105263,0.8421052631578947,0.07894736842105263,0,0,5,4,normal,false,4,19,133,3200,720,0,0,false,false,true,0,0,4053,38,0,
1993,keto,11085,47,17,budget,1,100,true,4,2490,125,179,0,0.7872340425531915,0.0851063829787234,0.02127659574468085,0.10638297872340426,7,4,normal,false,8,18,30,3365,1530,3420,2740,false,true,true,1270,5,9815,42,1,4
1994,keto,3208,30,0,budget,0,62,true,4,585,62,112,0.2,0.8,0,0,0,2,20,crash,false,4,12,383,2825,0,0,0,false,false,true,0,0,3208,30,0,
1995,keto,12081,56,26,budget,2,100,true,4,1290,148,205,0.08928571428571429,0.48214285714285715,0.19642857142857142,0.05357142857142857,0.17857142857142858,12,6,normal,false,7,26,221,2660,4230,930,4040,false,true,false,3900,10,8181,46,2,11|3
1996,keto,12465,64,34,budget,2,100,false,5,1460,176,226,0,0.65625,0.125,0.0625,0.15625,12,2,normal,false,8,23,0,5550,1870,1665,3380,false,false,false,3140,10,9325,54,2,2|4
1997,keto,9210,47,17,budget,1,100,false,4,2100,120,162,0,0.723404255319149,0.14893617021276595,0.02127659574468085,0.10638297872340426,7,1,normal,false,10,18,0,3830,1130,90,4160,false,true,false,3930,5,5280,42,1,3
1998,keto,5461,34,4,budget,0,89,true,8,1965,92,157,0.20588235294117646,0.7352941176470589,0,0.058823529411764705,0,4,2,normal,false,7,15,801,4045,120,495,0,false,false,true,0,0,5461,34,0,
1999,keto,9449,56,26,budget,0,94,true,4,1275,137,209,0.10714285714285714,0.6607142857142857,0.17857142857142858,0.05357142857142857,0,13,3,normal,false,6,32,354,4020,3410,1665,0,true,false,false,0,0,9449,56,0,
2000,keto,10237,51,21,budget,1,100,true,5,1545,122,185,0.17647058823529413,0.5490196078431373,0.13725490196078433,0.0392156862745098,0.09803921568627451,9,16,normal,false,10,27,307,2510,1600,1980,3840,false,false,false,3810,5,6427,46,1,5
