seed,bot,score,moves,movesEarned,endReason,frenzies,peakMeter,crashed,maxCombo,bestMovePts,proteinTiles,carbTiles,pctCrash,pctNormal,pctKeto,pctDeep,pctFrenzy,tierUpsSeen,firstTierUpMove,endState,endedWithin5OfFrenzy,longestDryGap,rewardEvents,ptsCrash,ptsNormal,ptsKeto,ptsDeep,ptsFrenzy,nearMissNoFrenzy,fellBackWithoutFrenzy,lastMoveWasReward,ptsInFrenzy,movesInFrenzy,ptsOutside,movesOutside,climbCount,climbLengths
1,tempted_1_5,19021,46,16,budget,2,100,true,7,7360,174,240,0.10869565217391304,0.6086956521739131,0.06521739130434782,0,0.21739130434782608,6,5,normal,false,4,22,416,4095,350,1620,12540,false,false,true,13600,10,5421,36,2,2|2
2,tempted_1_5,5550,34,4,budget,0,94,true,7,1560,111,165,0.029411764705882353,0.8529411764705882,0.08823529411764706,0.029411764705882353,0,3,16,normal,false,4,20,265,4760,390,135,0,true,false,true,0,0,5550,34,0,
3,tempted_1_5,5245,38,8,budget,0,95,true,4,1000,92,173,0.15789473684210525,0.7368421052631579,0.05263157894736842,0.05263157894736842,0,3,7,crash,false,7,18,425,3275,1050,495,0,true,true,true,0,0,5245,38,0,
4,tempted_1_5,3392,30,0,budget,0,50,true,4,615,66,131,0.3,0.7,0,0,0,3,15,crash,false,5,8,242,3150,0,0,0,false,false,false,0,0,3392,30,0,
5,tempted_1_5,9221,49,19,budget,1,100,true,4,1060,149,187,0.08163265306122448,0.5714285714285714,0.24489795918367346,0,0.10204081632653061,8,7,normal,false,6,20,181,3215,2670,1575,1580,false,false,false,1900,5,7321,44,1,5
6,tempted_1_5,5595,36,6,budget,0,86,false,5,1875,101,132,0,0.9166666666666666,0.08333333333333333,0,0,2,16,normal,false,7,13,0,3550,1370,675,0,false,false,true,0,0,5595,36,0,
7,tempted_1_5,5786,34,4,budget,0,82,true,5,1920,84,168,0.23529411764705882,0.7352941176470589,0.029411764705882353,0,0,5,5,crash,false,4,12,261,3215,2310,0,0,false,false,false,0,0,5786,34,0,
8,tempted_1_5,6410,36,6,budget,0,94,true,6,995,118,162,0.027777777777777776,0.8333333333333334,0.1111111111111111,0.027777777777777776,0,4,11,normal,false,8,13,15,5410,850,135,0,true,false,false,0,0,6410,36,0,
9,tempted_1_5,3898,30,0,budget,0,60,true,5,1045,80,141,0.43333333333333335,0.5666666666666667,0,0,0,4,7,normal,false,6,10,733,3165,0,0,0,false,false,false,0,0,3898,30,0,
10,tempted_1_5,2880,32,2,budget,0,76,true,3,370,77,105,0.03125,0.96875,0,0,0,2,2,normal,false,4,8,140,2560,180,0,0,false,false,false,0,0,2880,32,0,
11,tempted_1_5,3072,30,0,budget,0,67,true,4,450,69,116,0.23333333333333334,0.7666666666666667,0,0,0,2,7,normal,false,5,14,242,2830,0,0,0,false,false,true,0,0,3072,30,0,
12,tempted_1_5,13532,54,24,budget,2,100,true,6,1800,159,216,0.14814814814814814,0.5,0.12962962962962962,0.037037037037037035,0.18518518518518517,8,1,crash,false,9,22,257,3825,1710,2580,5160,false,true,false,5040,10,8492,44,2,4|5
13,tempted_1_5,8940,39,9,budget,1,100,false,6,1260,130,152,0,0.7692307692307693,0.10256410256410256,0,0.1282051282051282,3,3,normal,false,4,17,0,3700,740,0,4500,false,false,false,4120,5,4820,34,1,3
14,tempted_1_5,1649,32,2,budget,0,70,true,3,275,44,97,0.5625,0.4375,0,0,0,2,1,crash,false,18,7,484,1165,0,0,0,false,false,false,0,0,1649,32,0,
15,tempted_1_5,2821,24,8,lock,0,80,true,3,360,75,88,0.08333333333333333,0.7916666666666666,0.125,0,0,5,11,keto,false,3,13,151,2340,330,0,0,false,false,true,0,0,2821,24,0,
16,tempted_1_5,5735,32,2,budget,0,76,true,5,940,110,172,0.125,0.84375,0.03125,0,0,4,12,normal,false,4,20,155,5490,90,0,0,false,false,true,0,0,5735,32,0,
17,tempted_1_5,4835,44,14,budget,0,92,true,3,330,122,156,0,0.8863636363636364,0.06818181818181818,0.045454545454545456,0,4,29,normal,false,5,22,30,3905,630,270,0,true,false,false,0,0,4835,44,0,
18,tempted_1_5,22971,81,51,budget,3,100,true,5,2215,271,392,0.06172839506172839,0.5432098765432098,0.1728395061728395,0.037037037037037035,0.18518518518518517,21,3,normal,false,8,41,186,6265,4580,4620,7320,false,true,false,6820,15,16151,66,3,3|3|4
19,tempted_1_5,4861,40,10,budget,0,79,true,4,460,111,163,0.275,0.6,0.125,0,0,8,5,normal,false,4,18,516,3195,1150,0,0,false,false,false,0,0,4861,40,0,
20,tempted_1_5,4100,36,6,budget,0,96,true,5,600,93,144,0.25,0.6111111111111112,0.1111111111111111,0.027777777777777776,0,4,1,crash,false,8,12,545,2915,460,180,0,true,true,false,0,0,4100,36,0,
21,tempted_1_5,5016,30,0,budget,0,67,true,4,640,98,165,0.06666666666666667,0.9333333333333333,0,0,0,1,18,normal,false,3,17,171,4845,0,0,0,false,false,false,0,0,5016,30,0,
22,tempted_1_5,11620,51,21,budget,1,100,true,4,2040,166,228,0.0392156862745098,0.7058823529411765,0.11764705882352941,0.0392156862745098,0.09803921568627451,10,1,normal,false,4,22,140,4575,1970,375,4560,false,true,false,3720,5,7900,46,1,5
23,tempted_1_5,5824,38,8,budget,0,83,true,5,1560,108,156,0.15789473684210525,0.7894736842105263,0.05263157894736842,0,0,7,14,normal,false,3,18,414,3460,1950,0,0,false,false,false,0,0,5824,38,0,
24,tempted_1_5,2204,30,0,budget,0,60,true,4,278,58,104,0.5,0.5,0,0,0,5,11,normal,false,4,11,714,1490,0,0,0,false,false,true,0,0,2204,30,0,
25,tempted_1_5,8983,49,19,budget,1,100,true,4,1035,144,203,0.2857142857142857,0.40816326530612246,0.14285714285714285,0.061224489795918366,0.10204081632653061,9,7,normal,false,10,22,538,2930,1720,1875,1920,false,true,true,1890,5,7093,44,1,9
26,tempted_1_5,4559,32,2,budget,0,78,true,4,510,88,163,0.21875,0.6875,0.09375,0,0,4,11,normal,false,7,13,649,3220,690,0,0,false,false,false,0,0,4559,32,0,
27,tempted_1_5,27635,107,77,budget,3,100,false,4,2920,357,415,0,0.5514018691588785,0.24299065420560748,0.06542056074766354,0.14018691588785046,25,2,normal,false,6,55,0,5360,6330,3345,12600,false,true,false,11500,15,16135,92,3,2|12|4
28,tempted_1_5,2732,30,0,budget,0,59,true,3,400,69,107,0.26666666666666666,0.7333333333333333,0,0,0,3,15,normal,false,8,10,352,2380,0,0,0,false,false,false,0,0,2732,30,0,
29,tempted_1_5,9974,41,11,budget,1,100,true,5,1390,140,204,0.1951219512195122,0.5853658536585366,0.0975609756097561,0,0.12195121951219512,8,1,normal,false,3,20,559,3805,1040,810,3760,false,true,true,3700,5,6274,36,1,4
30,tempted_1_5,3456,30,0,budget,0,60,true,4,420,89,141,0.1,0.9,0,0,0,1,22,normal,false,6,11,651,2805,0,0,0,false,false,false,0,0,3456,30,0,
31,tempted_1_5,5191,34,4,budget,0,81,true,5,1040,112,163,0.14705882352941177,0.8235294117647058,0.029411764705882353,0,0,3,9,normal,false,7,15,266,4205,720,0,0,false,false,false,0,0,5191,34,0,
32,tempted_1_5,3882,32,2,budget,0,75,true,4,445,92,143,0.25,0.75,0,0,0,5,17,normal,false,8,11,532,2990,360,0,0,false,false,false,0,0,3882,32,0,
33,tempted_1_5,1215,27,0,lock,0,51,true,2,135,38,69,0.5925925925925926,0.4074074074074074,0,0,0,3,11,normal,false,7,8,360,855,0,0,0,false,false,true,0,0,1215,27,0,
34,tempted_1_5,750,13,2,lock,0,70,false,2,120,27,30,0,1,0,0,0,1,10,normal,false,5,2,0,750,0,0,0,false,false,false,0,0,750,13,0,
35,tempted_1_5,2375,18,4,lock,0,83,false,5,585,48,61,0,0.7777777777777778,0.2222222222222222,0,0,1,5,normal,false,5,7,0,1985,390,0,0,false,false,false,0,0,2375,18,0,
36,tempted_1_5,4744,38,8,budget,0,92,true,4,905,100,169,0.2631578947368421,0.6578947368421053,0.07894736842105263,0,0,9,1,normal,false,8,16,449,3695,330,270,0,true,false,true,0,0,4744,38,0,
37,tempted_1_5,8795,54,24,budget,0,94,true,6,1340,136,201,0.018518518518518517,0.7962962962962963,0.1111111111111111,0.07407407407407407,0,8,9,crash,false,14,18,0,3910,3280,1605,0,true,false,false,0,0,8795,54,0,
38,tempted_1_5,3049,30,0,budget,0,50,true,3,565,69,152,0.5333333333333333,0.4666666666666667,0,0,0,6,7,normal,false,6,12,1094,1955,0,0,0,false,false,false,0,0,3049,30,0,
39,tempted_1_5,1918,30,0,budget,0,68,true,3,200,66,104,0.36666666666666664,0.6333333333333333,0,0,0,2,9,normal,false,7,10,638,1280,0,0,0,false,false,false,0,0,1918,30,0,
40,tempted_1_5,8813,40,10,budget,0,94,true,5,1310,149,221,0.125,0.75,0.1,0.025,0,7,11,normal,false,3,21,403,5450,2780,180,0,true,false,true,0,0,8813,40,0,
41,tempted_1_5,4761,36,6,budget,0,84,true,4,470,103,149,0.08333333333333333,0.8333333333333334,0.08333333333333333,0,0,5,6,normal,false,4,14,241,3680,840,0,0,false,false,false,0,0,4761,36,0,
42,tempted_1_5,4200,36,6,budget,0,87,true,3,390,86,135,0.19444444444444445,0.75,0.05555555555555555,0,0,5,19,normal,false,6,15,250,3020,660,270,0,false,false,true,0,0,4200,36,0,
43,tempted_1_5,3555,30,0,budget,0,55,true,4,455,78,139,0.4,0.6,0,0,0,3,7,crash,false,5,10,640,2915,0,0,0,false,false,false,0,0,3555,30,0,
44,tempted_1_5,3741,30,0,budget,0,63,true,4,690,86,128,0.2,0.8,0,0,0,1,22,normal,false,5,12,206,3535,0,0,0,false,false,false,0,0,3741,30,0,
45,tempted_1_5,5375,40,10,budget,0,77,false,5,620,124,166,0,0.975,0.025,0,0,5,9,normal,false,5,24,0,5225,150,0,0,false,false,true,0,0,5375,40,0,
46,tempted_1_5,2355,30,0,budget,0,53,true,3,375,69,129,0.6333333333333333,0.36666666666666664,0,0,0,7,5,normal,false,4,11,945,1410,0,0,0,false,false,true,0,0,2355,30,0,
47,tempted_1_5,4598,34,4,budget,0,77,true,4,760,96,148,0.08823529411764706,0.8823529411764706,0.029411764705882353,0,0,3,13,crash,false,4,16,78,3800,720,0,0,false,false,false,0,0,4598,34,0,
48,tempted_1_5,17349,72,42,budget,2,100,true,5,2820,205,298,0.06944444444444445,0.625,0.1388888888888889,0.027777777777777776,0.1388888888888889,17,5,normal,false,11,34,134,4730,4840,945,6700,false,true,false,7355,10,9994,62,2,3|3
49,tempted_1_5,3329,30,0,budget,0,63,true,5,325,80,126,0.13333333333333333,0.8666666666666667,0,0,0,2,17,normal,false,6,13,399,2930,0,0,0,false,false,false,0,0,3329,30,0,
50,tempted_1_5,27643,92,62,budget,4,100,true,6,3920,275,393,0.021739130434782608,0.5217391304347826,0.17391304347826086,0.06521739130434782,0.21739130434782608,19,2,normal,false,5,41,333,4940,3680,5910,12780,false,true,true,15460,20,12183,72,3,2|2|2
51,tempted_1_5,10770,45,15,budget,1,100,false,6,2010,156,194,0,0.7111111111111111,0.15555555555555556,0.022222222222222223,0.1111111111111111,4,6,normal,false,3,26,0,4435,2880,135,3320,false,true,false,3140,5,7630,40,1,6
52,tempted_1_5,4715,36,6,budget,0,93,true,5,645,104,139,0.027777777777777776,0.8055555555555556,0.1388888888888889,0.027777777777777776,0,4,8,normal,false,5,15,60,3580,940,135,0,true,false,false,0,0,4715,36,0,
53,tempted_1_5,13625,53,23,budget,1,100,true,6,2655,214,268,0.018867924528301886,0.7547169811320755,0.11320754716981132,0.018867924528301886,0.09433962264150944,9,7,normal,false,5,27,30,7510,1350,3195,1540,false,true,true,3475,5,10150,48,1,2
54,tempted_1_5,4300,26,8,lock,0,96,true,5,795,78,112,0.038461538461538464,0.8846153846153846,0.038461538461538464,0.038461538461538464,0,4,3,normal,false,4,14,65,3170,840,225,0,true,true,false,0,0,4300,26,0,
55,tempted_1_5,9491,52,22,budget,0,86,true,6,1280,173,236,0.057692307692307696,0.8076923076923077,0.1346153846153846,0,0,8,1,crash,false,8,21,46,7105,2340,0,0,false,false,false,0,0,9491,52,0,
56,tempted_1_5,2533,30,0,budget,0,56,true,3,275,64,118,0.3,0.7,0,0,0,5,5,normal,false,4,14,468,2065,0,0,0,false,false,false,0,0,2533,30,0,
57,tempted_1_5,9651,48,18,budget,2,100,true,4,1440,143,179,0.0625,0.5625,0.10416666666666667,0.0625,0.20833333333333334,6,28,normal,false,7,20,146,3560,750,675,4520,false,false,true,3880,10,5771,38,2,2|7
58,tempted_1_5,3715,32,2,budget,0,71,true,4,615,86,142,0.28125,0.71875,0,0,0,3,10,crash,false,7,11,485,3230,0,0,0,false,false,true,0,0,3715,32,0,
59,tempted_1_5,18078,73,43,budget,3,100,true,5,2220,238,319,0.0821917808219178,0.4931506849315068,0.1506849315068493,0.0684931506849315,0.2054794520547945,20,3,normal,false,5,37,578,4135,3480,2805,7080,false,true,false,7475,15,10603,58,3,6|3|4
60,tempted_1_5,8523,56,26,budget,0,88,true,4,1270,148,222,0.08928571428571429,0.6964285714285714,0.19642857142857142,0.017857142857142856,0,14,6,normal,false,6,28,228,3725,3760,810,0,false,false,true,0,0,8523,56,0,
61,tempted_1_5,4543,36,6,budget,0,73,true,4,500,99,184,0.3611111111111111,0.6111111111111112,0.027777777777777776,0,0,8,5,crash,false,5,17,888,3295,360,0,0,false,false,false,0,0,4543,36,0,
62,tempted_1_5,3565,32,2,budget,0,76,true,4,455,92,118,0.0625,0.90625,0.03125,0,0,3,13,normal,false,10,16,30,3415,120,0,0,false,false,false,0,0,3565,32,0,
63,tempted_1_5,7961,44,14,budget,0,96,true,5,1200,133,193,0.1590909090909091,0.6590909090909091,0.1590909090909091,0.022727272727272728,0,9,9,crash,false,4,23,171,4820,1890,1080,0,true,true,false,0,0,7961,44,0,
64,tempted_1_5,2774,30,0,budget,0,50,true,2,320,77,132,0.4,0.6,0,0,0,4,4,crash,false,5,9,454,2320,0,0,0,false,false,false,0,0,2774,30,0,
65,tempted_1_5,14095,64,34,budget,2,100,true,5,1695,204,266,0,0.59375,0.25,0,0.15625,10,20,normal,false,6,36,120,3850,2970,2475,4680,false,true,false,4620,10,9475,54,2,5|2
66,tempted_1_5,8848,51,21,budget,1,100,true,5,975,147,179,0.058823529411764705,0.5490196078431373,0.23529411764705882,0.058823529411764705,0.09803921568627451,9,2,normal,false,7,25,448,2595,2360,1485,1960,false,true,false,1960,5,6888,46,1,8
67,tempted_1_5,2531,30,0,budget,0,53,true,4,223,74,110,0.13333333333333333,0.8666666666666667,0,0,0,2,20,normal,false,5,10,406,2125,0,0,0,false,false,true,0,0,2531,30,0,
68,tempted_1_5,3493,30,0,budget,0,65,true,5,975,81,107,0.1,0.9,0,0,0,3,20,normal,false,12,10,108,3385,0,0,0,false,false,true,0,0,3493,30,0,
69,tempted_1_5,3190,30,0,budget,0,63,true,4,480,78,111,0.16666666666666666,0.8333333333333334,0,0,0,5,6,normal,false,6,12,170,3020,0,0,0,false,false,false,0,0,3190,30,0,
70,tempted_1_5,820,8,0,lock,0,58,false,3,350,23,27,0,1,0,0,0,0,-1,normal,false,5,2,0,820,0,0,0,false,false,true,0,0,820,8,0,
71,tempted_1_5,2470,32,2,budget,0,74,true,3,330,62,118,0.3125,0.65625,0.03125,0,0,5,1,normal,false,8,12,670,1710,90,0,0,false,false,true,0,0,2470,32,0,
72,tempted_1_5,14218,60,30,budget,2,100,true,7,2240,204,261,0.1,0.6333333333333333,0.06666666666666667,0.03333333333333333,0.16666666666666666,13,2,normal,false,7,31,463,5315,3100,540,4800,false,false,false,4510,10,9708,50,2,2|4
73,tempted_1_5,3981,30,0,budget,0,62,true,4,425,98,151,0.26666666666666666,0.7333333333333333,0,0,0,2,16,normal,false,6,11,396,3585,0,0,0,false,false,false,0,0,3981,30,0,
74,tempted_1_5,2093,27,0,lock,0,50,true,4,450,57,110,0.48148148148148145,0.5185185185185185,0,0,0,3,5,normal,false,6,10,723,1370,0,0,0,false,false,true,0,0,2093,27,0,
75,tempted_1_5,9900,43,13,budget,1,100,true,4,2000,155,191,0.046511627906976744,0.7674418604651163,0.046511627906976744,0.023255813953488372,0.11627906976744186,7,5,normal,false,6,19,150,4030,1070,270,4380,false,false,false,2650,5,7250,38,1,3
76,tempted_1_5,23084,76,46,budget,2,100,true,8,5750,251,338,0.07894736842105263,0.6578947368421053,0.11842105263157894,0.013157894736842105,0.13157894736842105,17,12,crash,false,6,37,324,6190,8290,4140,4140,false,false,false,9910,10,13174,66,1,3
77,tempted_1_5,5454,36,6,budget,0,79,true,6,1470,107,167,0.2222222222222222,0.7777777777777778,0,0,0,7,1,normal,false,6,17,424,4040,990,0,0,false,false,true,0,0,5454,36,0,
78,tempted_1_5,9053,46,16,budget,0,97,true,7,2660,174,228,0.13043478260869565,0.7391304347826086,0.043478260869565216,0.08695652173913043,0,6,13,normal,false,3,25,638,4500,1620,2295,0,true,true,false,0,0,9053,46,0,
79,tempted_1_5,9541,47,17,budget,1,100,true,5,1340,150,208,0.0851063829787234,0.6808510638297872,0.1276595744680851,0,0.10638297872340426,6,1,normal,false,6,19,121,5420,1360,540,2100,false,false,true,2060,5,7481,42,1,2
80,tempted_1_5,19382,76,46,budget,2,100,true,6,2180,265,352,0.09210526315789473,0.5526315789473685,0.15789473684210525,0.06578947368421052,0.13157894736842105,19,14,normal,false,5,40,467,6685,3430,1800,7000,false,true,false,5030,10,14352,66,2,4|2
81,tempted_1_5,3845,32,2,budget,0,80,false,4,450,87,118,0,0.96875,0.03125,0,0,1,29,normal,false,6,12,0,3755,90,0,0,false,false,false,0,0,3845,32,0,
82,tempted_1_5,3410,32,2,budget,0,74,true,5,980,75,142,0.46875,0.53125,0,0,0,3,1,crash,false,4,12,780,2450,180,0,0,false,false,true,0,0,3410,32,0,
83,tempted_1_5,3483,30,0,budget,0,50,true,5,525,81,142,0.43333333333333335,0.5666666666666667,0,0,0,4,5,crash,false,5,12,873,2610,0,0,0,false,false,false,0,0,3483,30,0,
84,tempted_1_5,2672,30,0,budget,0,62,true,4,530,72,117,0.4666666666666667,0.5333333333333333,0,0,0,2,20,normal,false,5,10,807,1865,0,0,0,false,false,false,0,0,2672,30,0,
85,tempted_1_5,5237,30,0,budget,0,51,true,5,845,98,177,0.3333333333333333,0.6666666666666666,0,0,0,4,7,crash,false,5,12,542,4695,0,0,0,false,false,false,0,0,5237,30,0,
86,tempted_1_5,4459,34,4,budget,0,94,true,4,680,87,151,0.38235294117647056,0.5882352941176471,0,0.029411764705882353,0,4,6,crash,false,7,12,354,3190,600,315,0,true,false,false,0,0,4459,34,0,
87,tempted_1_5,3176,30,0,budget,0,51,true,4,560,82,131,0.4,0.6,0,0,0,4,7,crash,false,4,16,591,2585,0,0,0,false,false,true,0,0,3176,30,0,
88,tempted_1_5,7743,50,20,budget,0,91,true,4,935,140,198,0.04,0.72,0.24,0,0,9,9,normal,false,5,24,73,4395,2420,855,0,true,false,false,0,0,7743,50,0,
89,tempted_1_5,3295,32,2,budget,0,84,false,5,870,76,101,0,0.96875,0.03125,0,0,1,28,normal,false,8,9,0,2995,300,0,0,false,false,false,0,0,3295,32,0,
90,tempted_1_5,4942,36,6,budget,0,72,true,4,860,99,176,0.3888888888888889,0.6111111111111112,0,0,0,5,2,normal,false,6,17,932,3080,930,0,0,false,false,true,0,0,4942,36,0,
91,tempted_1_5,4685,30,0,budget,0,52,true,6,935,93,155,0.3333333333333333,0.6666666666666666,0,0,0,4,5,crash,false,6,11,440,4245,0,0,0,false,false,false,0,0,4685,30,0,
92,tempted_1_5,3445,30,0,budget,0,50,true,4,450,92,164,0.5666666666666667,0.43333333333333335,0,0,0,5,6,normal,false,3,15,975,2470,0,0,0,false,false,true,0,0,3445,30,0,
93,tempted_1_5,3859,30,0,budget,0,59,true,5,830,90,141,0.3333333333333333,0.6666666666666666,0,0,0,4,9,normal,false,5,13,509,3350,0,0,0,false,false,true,0,0,3859,30,0,
94,tempted_1_5,12553,59,29,budget,1,100,true,5,2430,192,236,0.01694915254237288,0.711864406779661,0.1694915254237288,0.01694915254237288,0.0847457627118644,9,2,normal,false,10,28,173,4935,1780,2565,3100,false,false,true,3430,5,9123,54,1,3
95,tempted_1_5,3203,36,6,budget,0,92,true,3,340,78,133,0.2777777777777778,0.6388888888888888,0.05555555555555555,0.027777777777777776,0,6,11,crash,false,6,16,408,2280,380,135,0,true,false,false,0,0,3203,36,0,
96,tempted_1_5,6429,38,8,budget,0,82,true,4,960,113,174,0.13157894736842105,0.7368421052631579,0.13157894736842105,0,0,5,5,crash,false,6,16,179,3380,2870,0,0,false,false,false,0,0,6429,38,0,
97,tempted_1_5,7402,40,10,budget,0,96,true,5,915,147,229,0.275,0.55,0.125,0.05,0,8,4,crash,false,6,19,687,4960,1440,315,0,true,true,false,0,0,7402,40,0,
98,tempted_1_5,4528,32,2,budget,0,74,true,4,515,103,162,0.1875,0.78125,0.03125,0,0,4,5,crash,false,6,17,383,4055,90,0,0,false,false,false,0,0,4528,32,0,
99,tempted_1_5,2726,32,2,budget,0,70,true,3,440,75,121,0.25,0.75,0,0,0,4,1,crash,false,5,15,301,2425,0,0,0,false,false,true,0,0,2726,32,0,
100,tempted_1_5,5268,38,8,budget,0,95,true,5,660,127,164,0.05263157894736842,0.8421052631578947,0.07894736842105263,0.02631578947368421,0,4,12,normal,false,5,18,173,4600,360,135,0,true,true,false,0,0,5268,38,0,
101,tempted_1_5,4465,36,6,budget,0,88,true,4,610,111,172,0.3611111111111111,0.5833333333333334,0.027777777777777776,0.027777777777777776,0,6,2,normal,false,5,15,605,3335,390,135,0,false,false,true,0,0,4465,36,0,
102,tempted_1_5,2961,30,0,budget,0,61,true,5,555,82,124,0.4,0.6,0,0,0,3,11,normal,false,5,11,781,2180,0,0,0,false,false,false,0,0,2961,30,0,
103,tempted_1_5,3994,30,0,budget,0,63,true,3,480,93,154,0.26666666666666666,0.7333333333333333,0,0,0,2,27,normal,false,5,12,549,3445,0,0,0,false,false,true,0,0,3994,30,0,
104,tempted_1_5,11515,46,16,budget,0,88,true,5,1545,204,278,0.043478260869565216,0.717391304347826,0.1956521739130435,0.043478260869565216,0,9,9,normal,false,3,25,75,7975,3150,315,0,false,false,true,0,0,11515,46,0,
105,tempted_1_5,5468,36,6,budget,0,89,true,5,565,117,156,0.05555555555555555,0.8611111111111112,0.05555555555555555,0.027777777777777776,0,4,16,normal,false,3,18,113,4660,380,315,0,false,false,false,0,0,5468,36,0,
106,tempted_1_5,7885,34,10,lock,0,88,false,5,1710,122,155,0,0.7941176470588235,0.20588235294117646,0,0,5,8,keto,false,4,18,0,4295,3320,270,0,false,false,false,0,0,7885,34,0,
107,tempted_1_5,3308,30,0,budget,0,66,true,3,310,85,129,0.13333333333333333,0.8666666666666667,0,0,0,3,16,normal,false,3,15,183,3125,0,0,0,false,false,false,0,0,3308,30,0,
108,tempted_1_5,3855,34,4,budget,0,77,true,4,405,93,125,0,0.9411764705882353,0.058823529411764705,0,0,2,1,normal,false,12,10,90,3375,390,0,0,false,false,false,0,0,3855,34,0,
109,tempted_1_5,4291,30,0,budget,0,60,true,4,470,101,152,0.16666666666666666,0.8333333333333334,0,0,0,2,12,crash,false,3,14,326,3965,0,0,0,false,false,false,0,0,4291,30,0,
110,tempted_1_5,2308,30,0,budget,0,64,true,4,420,51,97,0.3333333333333333,0.6666666666666666,0,0,0,3,12,normal,false,6,8,333,1975,0,0,0,false,false,true,0,0,2308,30,0,
111,tempted_1_5,4516,36,6,budget,0,96,true,3,420,103,153,0.1111111111111111,0.8055555555555556,0.08333333333333333,0,0,4,5,normal,false,5,14,351,3295,600,270,0,true,true,true,0,0,4516,36,0,
112,tempted_1_5,13889,41,11,budget,1,100,true,11,9410,101,186,0.14634146341463414,0.6829268292682927,0.04878048780487805,0,0.12195121951219512,3,5,crash,false,9,14,484,3040,2610,4095,3660,false,false,false,10310,5,3579,36,0,
113,tempted_1_5,2988,32,2,budget,0,76,true,4,435,75,115,0.1875,0.8125,0,0,0,2,7,crash,false,9,13,313,2315,360,0,0,false,false,false,0,0,2988,32,0,
114,tempted_1_5,2873,32,2,budget,0,70,true,3,375,76,124,0.125,0.875,0,0,0,2,14,crash,false,5,13,398,2205,270,0,0,false,false,false,0,0,2873,32,0,
115,tempted_1_5,2180,30,0,budget,0,50,true,4,465,59,115,0.7333333333333333,0.26666666666666666,0,0,0,5,4,normal,false,4,10,935,1245,0,0,0,false,false,true,0,0,2180,30,0,
116,tempted_1_5,5643,36,6,budget,0,79,true,4,570,126,176,0.08333333333333333,0.8888888888888888,0.027777777777777776,0,0,4,7,normal,false,4,16,118,5075,450,0,0,false,false,true,0,0,5643,36,0,
117,tempted_1_5,4022,38,8,budget,0,90,true,3,315,103,146,0.13157894736842105,0.7894736842105263,0.05263157894736842,0.02631578947368421,0,7,6,normal,false,4,14,272,3065,370,315,0,true,false,false,0,0,4022,38,0,
118,tempted_1_5,17518,53,23,budget,1,100,true,8,7560,176,253,0.18867924528301888,0.5471698113207547,0.09433962264150944,0.07547169811320754,0.09433962264150944,8,3,normal,false,7,24,998,3965,1450,5385,5720,false,true,false,9960,5,7558,48,0,
119,tempted_1_5,4463,30,0,budget,0,52,true,4,555,97,142,0.1,0.9,0,0,0,2,6,normal,false,5,11,263,4200,0,0,0,false,false,true,0,0,4463,30,0,
120,tempted_1_5,3001,32,2,budget,0,73,true,3,370,80,129,0.3125,0.625,0.0625,0,0,4,9,crash,false,5,13,601,2190,210,0,0,false,false,true,0,0,3001,32,0,
121,tempted_1_5,3204,32,2,budget,0,70,true,5,570,72,114,0.21875,0.78125,0,0,0,4,2,crash,false,5,10,149,3055,0,0,0,false,false,false,0,0,3204,32,0,
122,tempted_1_5,2630,34,4,budget,0,73,true,3,375,61,116,0.5,0.47058823529411764,0.029411764705882353,0,0,7,3,crash,false,7,12,440,1770,420,0,0,false,false,false,0,0,2630,34,0,
123,tempted_1_5,9305,41,11,budget,1,100,true,5,1200,132,182,0.0975609756097561,0.6829268292682927,0.0975609756097561,0,0.12195121951219512,8,10,normal,false,5,18,175,4070,1140,0,3920,false,false,false,3620,5,5685,36,1,2
124,tempted_1_5,4290,36,6,budget,0,83,true,4,405,93,131,0.05555555555555555,0.9166666666666666,0.027777777777777776,0,0,5,8,normal,false,4,18,85,3905,300,0,0,false,false,true,0,0,4290,36,0,
125,tempted_1_5,2248,30,0,budget,0,66,true,3,260,55,112,0.3333333333333333,0.6666666666666666,0,0,0,2,13,crash,false,6,10,358,1890,0,0,0,false,false,false,0,0,2248,30,0,
126,tempted_1_5,3091,30,0,budget,0,67,true,4,480,77,108,0.16666666666666666,0.8333333333333334,0,0,0,4,5,normal,false,3,13,286,2805,0,0,0,false,false,true,0,0,3091,30,0,
127,tempted_1_5,3763,30,0,budget,0,50,true,5,1155,70,146,0.5333333333333333,0.4666666666666667,0,0,0,3,4,crash,false,7,9,913,2850,0,0,0,false,false,false,0,0,3763,30,0,
128,tempted_1_5,5833,30,0,budget,0,65,true,6,1350,98,171,0.3,0.7,0,0,0,3,12,normal,false,7,15,303,5530,0,0,0,false,false,true,0,0,5833,30,0,
129,tempted_1_5,3268,30,0,budget,0,51,true,5,668,68,113,0.3,0.7,0,0,0,4,7,normal,false,6,10,558,2710,0,0,0,false,false,false,0,0,3268,30,0,
130,tempted_1_5,10330,55,25,budget,1,100,true,4,1680,155,223,0.12727272727272726,0.6545454545454545,0.10909090909090909,0.01818181818181818,0.09090909090909091,9,13,crash,false,11,23,205,3805,2050,270,4000,false,false,false,4140,5,6190,50,0,
131,tempted_1_5,6904,42,12,budget,0,82,true,5,1720,129,183,0.14285714285714285,0.8095238095238095,0.047619047619047616,0,0,8,2,normal,false,5,15,174,4310,2420,0,0,false,false,false,0,0,6904,42,0,
132,tempted_1_5,2384,30,0,budget,0,62,true,3,380,58,130,0.7333333333333333,0.26666666666666666,0,0,0,4,14,crash,false,8,15,1139,1245,0,0,0,false,false,true,0,0,2384,30,0,
133,tempted_1_5,1716,30,0,budget,0,66,true,3,200,59,84,0.3333333333333333,0.6666666666666666,0,0,0,3,10,normal,false,7,10,456,1260,0,0,0,false,false,false,0,0,1716,30,0,
134,tempted_1_5,3449,30,0,budget,0,50,true,5,810,77,151,0.5333333333333333,0.4666666666666667,0,0,0,2,8,crash,false,5,13,899,2550,0,0,0,false,false,false,0,0,3449,30,0,
135,tempted_1_5,2810,16,10,lock,0,94,false,4,1465,42,45,0,0.625,0.3125,0.0625,0,5,1,keto,false,7,8,0,670,700,1440,0,true,false,true,0,0,2810,16,0,
136,tempted_1_5,2289,30,0,budget,0,50,true,4,410,57,117,0.6666666666666666,0.3333333333333333,0,0,0,5,5,crash,false,8,10,744,1545,0,0,0,false,false,false,0,0,2289,30,0,
137,tempted_1_5,6220,48,18,budget,0,84,false,4,750,134,163,0,0.8958333333333334,0.10416666666666667,0,0,8,8,normal,false,9,14,0,3670,2550,0,0,false,false,false,0,0,6220,48,0,
138,tempted_1_5,1961,30,0,budget,0,62,true,3,230,61,89,0.23333333333333334,0.7666666666666667,0,0,0,3,18,normal,false,5,10,216,1745,0,0,0,false,false,true,0,0,1961,30,0,
139,tempted_1_5,8645,54,24,budget,0,94,true,6,1200,153,207,0.018518518518518517,0.7222222222222222,0.2222222222222222,0.037037037037037035,0,9,28,crash,false,8,25,0,4495,3160,990,0,true,false,false,0,0,8645,54,0,
140,tempted_1_5,2863,30,0,budget,0,50,true,4,270,79,124,0.23333333333333334,0.7666666666666667,0,0,0,4,8,crash,false,7,16,543,2320,0,0,0,false,false,true,0,0,2863,30,0,
141,tempted_1_5,13030,55,25,budget,1,100,false,5,2370,172,226,0,0.7090909090909091,0.16363636363636364,0.03636363636363636,0.09090909090909091,10,1,normal,false,10,23,0,4040,4100,1830,3060,false,true,false,4010,5,9020,50,1,4
142,tempted_1_5,4745,32,2,budget,0,76,true,4,760,102,143,0.03125,0.96875,0,0,0,2,6,normal,false,7,8,130,4255,360,0,0,false,false,false,0,0,4745,32,0,
143,tempted_1_5,9758,46,16,budget,2,100,true,5,3120,123,165,0.021739130434782608,0.6739130434782609,0.08695652173913043,0,0.21739130434782608,5,6,normal,false,6,19,238,2620,840,360,5700,false,false,false,5820,10,3938,36,2,2|3
144,tempted_1_5,6305,40,10,budget,0,83,false,6,2145,113,150,0,0.925,0.075,0,0,5,9,normal,false,4,19,0,3225,3080,0,0,false,false,true,0,0,6305,40,0,
145,tempted_1_5,8965,39,9,budget,1,100,true,5,3520,121,169,0.2564102564102564,0.5384615384615384,0.07692307692307693,0,0.1282051282051282,6,10,normal,false,4,23,260,2705,1180,0,4820,false,false,true,4960,5,4005,34,1,2
146,tempted_1_5,5315,36,6,budget,0,83,true,4,750,120,187,0.2777777777777778,0.6666666666666666,0.05555555555555555,0,0,6,15,normal,false,6,18,980,3655,680,0,0,false,false,false,0,0,5315,36,0,
147,tempted_1_5,17493,58,28,budget,2,100,true,5,1835,180,262,0.034482758620689655,0.6896551724137931,0.10344827586206896,0,0.1724137931034483,9,13,normal,false,9,25,108,3925,2950,2130,8380,false,false,false,7780,10,9713,48,2,2|4
148,tempted_1_5,9960,51,21,budget,1,100,true,5,1440,159,203,0.0196078431372549,0.7254901960784313,0.11764705882352941,0.0392156862745098,0.09803921568627451,7,17,normal,false,6,28,30,4685,2030,255,2960,false,true,false,2900,5,7060,46,1,6
149,tempted_1_5,9883,44,14,budget,2,100,true,5,2040,131,171,0.13636363636363635,0.5227272727272727,0.09090909090909091,0.022727272727272728,0.22727272727272727,7,10,keto,false,6,23,513,3210,520,180,5460,false,false,true,5460,10,4423,34,2,2|4
150,tempted_1_5,2755,30,0,budget,0,66,false,4,360,73,97,0,1,0,0,0,0,-1,normal,false,4,10,0,2755,0,0,0,false,false,false,0,0,2755,30,0,
151,tempted_1_5,7573,50,20,budget,0,90,true,4,900,151,236,0.08,0.8,0.1,0.02,0,10,3,crash,false,7,25,308,5110,2020,135,0,true,false,true,0,0,7573,50,0,
152,tempted_1_5,2742,30,0,budget,0,56,true,4,445,72,119,0.3,0.7,0,0,0,2,17,crash,false,5,9,487,2255,0,0,0,false,false,false,0,0,2742,30,0,
153,tempted_1_5,3747,32,2,budget,0,75,true,4,560,81,126,0.21875,0.78125,0,0,0,5,14,normal,false,4,13,327,2910,510,0,0,false,false,true,0,0,3747,32,0,
154,tempted_1_5,3861,32,2,budget,0,74,true,4,460,111,165,0.21875,0.75,0.03125,0,0,4,12,normal,false,3,15,941,2830,90,0,0,false,false,false,0,0,3861,32,0,
155,tempted_1_5,6374,44,14,budget,0,92,true,4,505,133,189,0.11363636363636363,0.7954545454545454,0.06818181818181818,0.022727272727272728,0,8,5,normal,false,5,19,264,4470,1190,450,0,true,false,false,0,0,6374,44,0,
156,tempted_1_5,3221,30,0,budget,0,66,true,5,900,67,120,0.26666666666666666,0.7333333333333333,0,0,0,4,11,normal,false,6,10,536,2685,0,0,0,false,false,true,0,0,3221,30,0,
157,tempted_1_5,3593,32,2,budget,0,70,true,4,535,83,126,0.25,0.75,0,0,0,6,1,normal,false,9,15,528,3065,0,0,0,false,false,true,0,0,3593,32,0,
158,tempted_1_5,7722,44,14,budget,0,85,true,6,1650,136,202,0.18181818181818182,0.7272727272727273,0.09090909090909091,0,0,11,1,normal,false,6,21,377,4265,3080,0,0,false,false,true,0,0,7722,44,0,
159,tempted_1_5,12989,56,26,budget,2,100,true,6,2550,161,217,0.14285714285714285,0.5,0.14285714285714285,0.03571428571428571,0.17857142857142858,11,7,normal,false,6,28,514,3185,870,1620,6800,false,false,true,7480,10,5509,46,1,4
160,tempted_1_5,2470,32,2,budget,0,72,true,3,405,66,114,0.25,0.71875,0.03125,0,0,2,2,crash,false,4,10,405,1975,90,0,0,false,false,false,0,0,2470,32,0,
161,tempted_1_5,4783,36,6,budget,0,84,true,4,645,108,144,0.05555555555555555,0.8888888888888888,0.05555555555555555,0,0,4,9,normal,false,9,14,68,3935,780,0,0,false,false,false,0,0,4783,36,0,
162,tempted_1_5,2223,30,0,budget,0,55,true,3,180,61,104,0.13333333333333333,0.8666666666666667,0,0,0,1,23,crash,false,15,8,323,1900,0,0,0,false,false,false,0,0,2223,30,0,
163,tempted_1_5,3037,30,0,budget,0,67,true,4,350,83,129,0.26666666666666666,0.7333333333333333,0,0,0,3,12,normal,false,4,13,587,2450,0,0,0,false,false,false,0,0,3037,30,0,
164,tempted_1_5,2518,30,0,budget,0,50,true,3,385,56,111,0.23333333333333334,0.7666666666666667,0,0,0,2,12,crash,false,5,8,553,1965,0,0,0,false,false,false,0,0,2518,30,0,
165,tempted_1_5,7520,47,17,budget,1,100,false,4,820,149,171,0,0.8085106382978723,0.0851063829787234,0,0.10638297872340426,5,5,normal,false,5,21,0,4070,1590,360,1500,false,false,false,2080,5,5440,42,0,
166,tempted_1_5,3308,30,0,budget,0,57,true,4,340,76,144,0.3333333333333333,0.6666666666666666,0,0,0,3,6,crash,false,5,14,673,2635,0,0,0,false,false,true,0,0,3308,30,0,
167,tempted_1_5,5652,38,8,budget,0,85,true,5,715,126,186,0.2631578947368421,0.5789473684210527,0.15789473684210525,0,0,7,2,normal,false,5,15,807,3585,810,450,0,false,false,true,0,0,5652,38,0,
168,tempted_1_5,3216,30,0,budget,0,55,true,4,405,74,130,0.2,0.8,0,0,0,2,21,crash,false,4,10,406,2810,0,0,0,false,false,false,0,0,3216,30,0,
169,tempted_1_5,7485,38,8,budget,0,89,false,7,1375,130,187,0,0.9210526315789473,0.05263157894736842,0.02631578947368421,0,4,23,normal,false,4,19,0,5955,330,1200,0,false,false,true,0,0,7485,38,0,
170,tempted_1_5,1800,30,0,budget,0,50,true,3,330,43,117,0.6333333333333333,0.36666666666666664,0,0,0,3,5,normal,false,10,8,675,1125,0,0,0,false,false,true,0,0,1800,30,0,
171,tempted_1_5,4494,32,2,budget,0,80,true,7,950,95,160,0.34375,0.65625,0,0,0,4,10,crash,false,5,14,1319,2905,270,0,0,false,false,true,0,0,4494,32,0,
172,tempted_1_5,5754,38,8,budget,0,84,true,5,700,115,187,0.18421052631578946,0.7631578947368421,0.05263157894736842,0,0,6,11,crash,false,3,15,454,4280,1020,0,0,false,false,false,0,0,5754,38,0,
173,tempted_1_5,5189,32,2,budget,0,74,true,4,690,113,161,0.15625,0.84375,0,0,0,3,6,normal,false,6,12,329,4500,360,0,0,false,false,false,0,0,5189,32,0,
174,tempted_1_5,4338,30,0,budget,0,51,true,4,580,96,155,0.16666666666666666,0.8333333333333334,0,0,0,2,15,normal,false,10,16,543,3795,0,0,0,false,false,true,0,0,4338,30,0,
175,tempted_1_5,20218,61,31,budget,1,100,true,9,7545,214,280,0.04918032786885246,0.5901639344262295,0.2459016393442623,0.03278688524590164,0.08196721311475409,13,7,normal,false,3,34,228,4565,2810,1635,10980,false,true,true,11625,5,8593,56,0,
176,tempted_1_5,13158,51,21,budget,1,100,true,6,5165,143,212,0.058823529411764705,0.6862745098039216,0.11764705882352941,0.0392156862745098,0.09803921568627451,9,1,crash,false,6,21,243,3260,1810,5085,2760,false,false,false,2700,5,10458,46,1,5
177,tempted_1_5,3185,30,0,budget,0,59,true,5,630,70,107,0.1,0.9,0,0,0,3,7,normal,false,5,13,85,3100,0,0,0,false,false,false,0,0,3185,30,0,
178,tempted_1_5,2988,30,0,budget,0,50,true,5,428,78,128,0.4,0.6,0,0,0,5,6,crash,false,5,12,603,2385,0,0,0,false,false,false,0,0,2988,30,0,
179,tempted_1_5,5623,32,2,budget,0,76,true,5,1290,102,176,0.28125,0.71875,0,0,0,5,13,crash,false,4,14,653,3800,1170,0,0,false,false,false,0,0,5623,32,0,
180,tempted_1_5,4163,30,0,budget,0,56,true,5,720,84,146,0.13333333333333333,0.8666666666666667,0,0,0,2,15,normal,false,6,8,178,3985,0,0,0,false,false,false,0,0,4163,30,0,
181,tempted_1_5,2878,30,0,budget,0,69,true,4,555,81,117,0.26666666666666666,0.7333333333333333,0,0,0,2,14,normal,false,4,11,398,2480,0,0,0,false,false,true,0,0,2878,30,0,
182,tempted_1_5,6369,36,6,budget,0,88,true,7,1195,111,168,0.3333333333333333,0.6111111111111112,0.027777777777777776,0.027777777777777776,0,5,9,normal,false,5,18,439,4685,120,1125,0,false,false,true,0,0,6369,36,0,
183,tempted_1_5,3389,30,0,budget,0,61,true,4,790,75,123,0.23333333333333334,0.7666666666666667,0,0,0,3,10,normal,false,5,10,219,3170,0,0,0,false,false,true,0,0,3389,30,0,
184,tempted_1_5,4023,30,0,budget,0,58,true,4,640,81,124,0.1,0.9,0,0,0,1,24,normal,false,7,12,128,3895,0,0,0,false,false,false,0,0,4023,30,0,
185,tempted_1_5,2646,30,0,budget,0,64,true,4,475,66,99,0.16666666666666666,0.8333333333333334,0,0,0,3,8,normal,false,3,12,136,2510,0,0,0,false,false,true,0,0,2646,30,0,
186,tempted_1_5,11684,56,26,budget,0,97,true,6,1155,177,252,0.08928571428571429,0.6428571428571429,0.25,0.017857142857142856,0,14,10,normal,false,6,29,174,5490,4760,1260,0,true,true,true,0,0,11684,56,0,
187,tempted_1_5,3988,29,6,lock,0,87,true,4,1065,78,111,0.13793103448275862,0.8275862068965517,0.034482758620689655,0,0,5,11,normal,false,3,12,388,2205,990,405,0,false,false,true,0,0,3988,29,0,
188,tempted_1_5,5031,34,4,budget,0,79,true,6,815,112,172,0.14705882352941177,0.8235294117647058,0.029411764705882353,0,0,5,11,normal,false,5,13,736,4205,90,0,0,false,false,false,0,0,5031,34,0,
189,tempted_1_5,12743,56,26,budget,0,98,true,7,1425,193,276,0.07142857142857142,0.7678571428571429,0.125,0.03571428571428571,0,12,2,normal,false,5,26,148,7170,3490,1935,0,true,true,false,0,0,12743,56,0,
190,tempted_1_5,12705,59,29,budget,1,100,true,6,1860,202,260,0.03389830508474576,0.6779661016949152,0.15254237288135594,0.05084745762711865,0.0847457627118644,13,1,normal,false,5,30,50,5575,2900,540,3640,false,true,false,3010,5,9695,54,1,4
191,tempted_1_5,4998,36,6,budget,0,82,true,5,1380,87,157,0.25,0.6944444444444444,0.05555555555555555,0,0,7,1,crash,false,6,17,548,2530,1920,0,0,false,false,false,0,0,4998,36,0,
192,tempted_1_5,3604,30,0,budget,0,50,true,7,1650,65,117,0.4666666666666667,0.5333333333333333,0,0,0,6,9,normal,false,5,9,414,3190,0,0,0,false,false,false,0,0,3604,30,0,
193,tempted_1_5,3326,30,0,budget,0,60,true,5,1060,73,104,0.1,0.9,0,0,0,3,12,normal,false,7,8,301,3025,0,0,0,false,false,true,0,0,3326,30,0,
194,tempted_1_5,3440,32,2,budget,0,74,true,6,1025,63,136,0.625,0.34375,0.03125,0,0,4,1,crash,false,12,8,910,2440,90,0,0,false,false,true,0,0,3440,32,0,
195,tempted_1_5,3191,30,0,budget,0,54,true,3,480,75,119,0.16666666666666666,0.8333333333333334,0,0,0,2,18,crash,false,4,12,186,3005,0,0,0,false,false,false,0,0,3191,30,0,
196,tempted_1_5,3766,30,0,budget,0,50,true,5,618,88,127,0.2,0.8,0,0,0,5,5,normal,false,4,14,401,3365,0,0,0,false,false,true,0,0,3766,30,0,
197,tempted_1_5,2628,32,2,budget,0,83,true,2,240,73,104,0.15625,0.8125,0.03125,0,0,3,3,normal,false,8,11,178,2050,400,0,0,false,false,false,0,0,2628,32,0,
198,tempted_1_5,14127,51,21,budget,1,100,true,5,3135,149,220,0.21568627450980393,0.5686274509803921,0.11764705882352941,0,0.09803921568627451,10,1,crash,false,6,20,442,2970,690,3945,6080,false,true,false,6630,5,7497,46,0,
199,tempted_1_5,3868,32,2,budget,0,72,true,4,545,76,131,0.09375,0.875,0.03125,0,0,2,2,crash,false,7,14,198,3580,90,0,0,false,false,true,0,0,3868,32,0,
200,tempted_1_5,2942,30,0,budget,0,50,true,5,1095,58,145,0.6333333333333333,0.36666666666666664,0,0,0,4,12,normal,false,10,9,987,1955,0,0,0,false,false,false,0,0,2942,30,0,
201,tempted_1_5,2093,30,0,budget,0,68,true,2,250,62,91,0.1,0.9,0,0,0,1,14,crash,false,8,7,73,2020,0,0,0,false,false,false,0,0,2093,30,0,
202,tempted_1_5,3637,30,0,budget,0,56,true,5,730,80,140,0.43333333333333335,0.5666666666666667,0,0,0,5,8,normal,false,3,14,637,3000,0,0,0,false,false,true,0,0,3637,30,0,
203,tempted_1_5,7535,46,16,budget,0,89,false,5,1200,129,177,0,0.8695652173913043,0.10869565217391304,0.021739130434782608,0,5,24,normal,false,5,19,0,4195,1990,1350,0,false,false,false,0,0,7535,46,0,
204,tempted_1_5,13859,39,9,budget,1,100,true,6,5900,131,198,0.05128205128205128,0.7692307692307693,0.05128205128205128,0,0.1282051282051282,4,8,normal,false,8,17,519,3990,870,0,8480,false,false,true,7780,5,6079,34,0,
205,tempted_1_5,2337,30,0,budget,0,50,true,3,240,71,138,0.6333333333333333,0.36666666666666664,0,0,0,5,4,crash,false,6,11,1062,1275,0,0,0,false,false,false,0,0,2337,30,0,
206,tempted_1_5,9754,30,0,budget,0,68,true,9,3170,129,225,0.4,0.6,0,0,0,4,6,normal,false,3,16,924,8830,0,0,0,false,false,false,0,0,9754,30,0,
207,tempted_1_5,11287,57,27,budget,1,100,true,5,1140,177,248,0.10526315789473684,0.631578947368421,0.15789473684210525,0.017543859649122806,0.08771929824561403,13,1,normal,false,4,25,347,4600,2630,810,2900,false,false,true,2120,5,9167,52,1,3
208,tempted_1_5,8293,41,11,budget,1,100,true,4,1700,126,195,0.12195121951219512,0.6097560975609756,0.14634146341463414,0,0.12195121951219512,5,20,normal,true,6,24,813,3045,940,675,2820,false,true,false,1240,5,7053,36,1,3
209,tempted_1_5,2322,30,0,budget,0,57,true,4,405,69,127,0.5,0.5,0,0,0,3,13,crash,false,5,13,722,1600,0,0,0,false,false,false,0,0,2322,30,0,
210,tempted_1_5,5249,42,12,budget,0,84,true,4,915,112,183,0.21428571428571427,0.7380952380952381,0.047619047619047616,0,0,9,2,normal,false,4,17,459,3200,1590,0,0,false,false,true,0,0,5249,42,0,
211,tempted_1_5,2689,30,0,budget,0,50,true,4,425,61,118,0.43333333333333335,0.5666666666666667,0,0,0,0,-1,crash,false,10,7,409,2280,0,0,0,false,false,false,0,0,2689,30,0,
212,tempted_1_5,5546,36,6,budget,0,85,true,6,810,110,162,0.1388888888888889,0.8055555555555556,0.05555555555555555,0,0,7,2,normal,false,3,21,241,5065,240,0,0,false,false,true,0,0,5546,36,0,
213,tempted_1_5,6751,38,8,budget,0,79,true,6,1740,119,170,0.07894736842105263,0.868421052631579,0.05263157894736842,0,0,4,7,normal,false,9,13,111,4780,1860,0,0,false,false,true,0,0,6751,38,0,
214,tempted_1_5,3649,38,8,budget,0,83,true,4,503,95,126,0.10526315789473684,0.7631578947368421,0.13157894736842105,0,0,5,6,normal,false,9,11,399,2770,480,0,0,false,false,false,0,0,3649,38,0,
215,tempted_1_5,12353,55,25,budget,1,100,true,6,2090,162,244,0.18181818181818182,0.5272727272727272,0.16363636363636364,0.03636363636363636,0.09090909090909091,12,4,crash,false,6,22,528,3515,4790,1680,1840,false,false,false,2200,5,10153,50,1,6
216,tempted_1_5,4700,48,18,budget,0,94,true,3,645,111,146,0.020833333333333332,0.8333333333333334,0.125,0.020833333333333332,0,10,12,normal,false,5,22,85,3490,990,135,0,true,false,true,0,0,4700,48,0,
217,tempted_1_5,2421,30,0,budget,0,50,true,4,390,57,114,0.4,0.6,0,0,0,3,8,crash,false,4,11,541,1880,0,0,0,false,false,false,0,0,2421,30,0,
218,tempted_1_5,3468,32,2,budget,0,70,true,4,415,86,131,0.125,0.875,0,0,0,1,19,crash,false,5,10,308,3160,0,0,0,false,false,false,0,0,3468,32,0,
219,tempted_1_5,3224,30,0,budget,0,52,true,3,340,84,118,0.13333333333333333,0.8666666666666667,0,0,0,1,11,normal,false,4,11,339,2885,0,0,0,false,false,false,0,0,3224,30,0,
220,tempted_1_5,3790,30,0,budget,0,67,true,4,420,88,127,0.03333333333333333,0.9666666666666667,0,0,0,0,-1,crash,false,3,14,0,3790,0,0,0,false,false,false,0,0,3790,30,0,
221,tempted_1_5,5418,38,8,budget,0,83,true,7,1090,112,161,0.13157894736842105,0.7894736842105263,0.07894736842105263,0,0,8,1,normal,false,6,19,588,3990,840,0,0,false,false,true,0,0,5418,38,0,
222,tempted_1_5,15037,64,34,budget,2,100,true,5,2405,184,265,0.15625,0.484375,0.15625,0.046875,0.15625,14,8,crash,false,6,29,347,3225,1950,4035,5480,false,true,false,5400,10,9637,54,2,3|3
223,tempted_1_5,4876,30,0,budget,0,61,true,8,1870,94,148,0.3,0.7,0,0,0,3,11,normal,false,5,11,606,4270,0,0,0,false,false,false,0,0,4876,30,0,
224,tempted_1_5,5973,34,4,budget,0,71,true,5,1470,124,198,0.11764705882352941,0.8823529411764706,0,0,0,4,9,normal,false,6,14,418,5315,240,0,0,false,false,false,0,0,5973,34,0,
225,tempted_1_5,4420,30,0,budget,0,50,true,5,825,91,150,0.1,0.9,0,0,0,3,9,normal,false,3,16,210,4210,0,0,0,false,false,true,0,0,4420,30,0,
226,tempted_1_5,5377,30,0,budget,0,62,true,6,1260,102,175,0.23333333333333334,0.7666666666666667,0,0,0,4,4,normal,false,3,18,1087,4290,0,0,0,false,false,true,0,0,5377,30,0,
227,tempted_1_5,8466,46,16,budget,0,98,true,5,1060,139,200,0.17391304347826086,0.6086956521739131,0.1956521739130435,0.021739130434782608,0,12,5,crash,false,4,21,276,4190,3460,540,0,true,true,false,0,0,8466,46,0,
228,tempted_1_5,2659,30,0,budget,0,50,true,4,585,75,129,0.5,0.5,0,0,0,5,8,normal,false,2,16,784,1875,0,0,0,false,false,true,0,0,2659,30,0,
229,tempted_1_5,3555,30,0,budget,0,56,true,4,670,76,149,0.3333333333333333,0.6666666666666666,0,0,0,2,7,normal,false,8,11,590,2965,0,0,0,false,false,true,0,0,3555,30,0,
230,tempted_1_5,6694,46,16,budget,0,99,true,5,1410,128,187,0.10869565217391304,0.6304347826086957,0.1956521739130435,0.06521739130434782,0,10,7,crash,false,6,20,464,2785,2800,645,0,true,true,false,0,0,6694,46,0,
231,tempted_1_5,6400,42,12,budget,0,91,true,3,820,133,174,0.047619047619047616,0.8571428571428571,0.047619047619047616,0.047619047619047616,0,6,13,normal,false,4,20,70,3830,2050,450,0,true,false,false,0,0,6400,42,0,
232,tempted_1_5,7963,37,7,budget,1,100,true,4,2140,113,145,0.1891891891891892,0.6486486486486487,0.02702702702702703,0,0.13513513513513514,7,3,normal,false,4,16,403,2480,420,0,4660,false,false,true,4040,5,3923,32,0,
233,tempted_1_5,2755,30,0,budget,0,55,true,3,435,67,109,0.4,0.6,0,0,0,3,11,crash,false,6,11,370,2385,0,0,0,false,false,true,0,0,2755,30,0,
234,tempted_1_5,5938,40,10,budget,0,91,true,4,590,119,171,0.1,0.825,0.075,0,0,7,2,normal,false,14,14,178,4260,960,540,0,true,false,false,0,0,5938,40,0,
235,tempted_1_5,2600,30,0,budget,0,50,true,4,395,60,125,0.6,0.4,0,0,0,4,5,crash,false,8,12,940,1660,0,0,0,false,false,false,0,0,2600,30,0,
236,tempted_1_5,8598,49,19,budget,1,100,true,4,1060,147,201,0.04081632653061224,0.7346938775510204,0.08163265306122448,0.04081632653061224,0.10204081632653061,8,6,normal,false,5,25,73,3550,1920,675,2380,false,true,false,2060,5,6538,44,1,3
237,tempted_1_5,10678,41,11,budget,1,100,true,4,2320,122,186,0.04878048780487805,0.7560975609756098,0.04878048780487805,0.024390243902439025,0.12195121951219512,4,7,normal,false,8,19,143,2945,660,870,6060,false,false,true,5260,5,5418,36,1,3
238,tempted_1_5,2654,30,0,budget,0,53,true,5,435,70,120,0.43333333333333335,0.5666666666666667,0,0,0,3,10,normal,false,5,13,1064,1590,0,0,0,false,false,false,0,0,2654,30,0,
239,tempted_1_5,3730,34,4,budget,0,79,true,4,540,97,138,0.029411764705882353,0.9117647058823529,0.058823529411764705,0,0,3,8,normal,false,4,16,70,3350,310,0,0,false,false,true,0,0,3730,34,0,
240,tempted_1_5,7690,36,6,budget,0,97,true,5,1005,137,186,0.027777777777777776,0.7777777777777778,0.16666666666666666,0.027777777777777776,0,4,3,normal,false,4,16,55,5245,1490,900,0,true,true,true,0,0,7690,36,0,
241,tempted_1_5,3485,30,0,budget,0,65,true,6,983,70,143,0.4,0.6,0,0,0,4,17,crash,false,6,10,725,2760,0,0,0,false,false,false,0,0,3485,30,0,
242,tempted_1_5,8967,45,15,budget,1,100,true,5,1040,149,242,0.3111111111111111,0.4666666666666667,0.06666666666666667,0.044444444444444446,0.1111111111111111,8,11,normal,false,6,20,1247,5210,1190,360,960,false,false,false,940,5,8027,40,1,4
243,tempted_1_5,18585,61,35,lock,3,100,true,4,3920,197,256,0.01639344262295082,0.5409836065573771,0.18032786885245902,0.01639344262295082,0.2459016393442623,10,1,normal,false,7,23,20,4200,2710,1155,10500,false,false,false,7860,15,10725,46,3,2|3|2
244,tempted_1_5,3213,30,0,budget,0,63,true,4,420,73,133,0.13333333333333333,0.8666666666666667,0,0,0,2,8,crash,false,5,13,288,2925,0,0,0,false,false,false,0,0,3213,30,0,
245,tempted_1_5,7178,38,8,budget,0,92,true,5,2095,113,168,0.13157894736842105,0.8157894736842105,0.05263157894736842,0,0,5,10,crash,false,4,15,98,4205,940,1935,0,true,false,false,0,0,7178,38,0,
246,tempted_1_5,3958,28,2,lock,0,72,true,5,1245,77,124,0.35714285714285715,0.6428571428571429,0,0,0,3,12,normal,false,4,11,348,3250,360,0,0,false,false,false,0,0,3958,28,0,
247,tempted_1_5,23865,73,43,budget,3,100,true,5,3670,246,307,0,0.589041095890411,0.1917808219178082,0.0136986301369863,0.2054794520547945,13,2,normal,false,8,31,70,4100,2440,6255,11000,false,true,false,12505,15,11360,58,3,2|4|3
248,tempted_1_5,3002,30,0,budget,0,64,true,4,630,69,119,0.3,0.7,0,0,0,2,11,crash,false,4,9,342,2660,0,0,0,false,false,false,0,0,3002,30,0,
249,tempted_1_5,5496,39,9,budget,1,100,true,4,680,114,161,0.20512820512820512,0.6153846153846154,0.05128205128205128,0,0.1282051282051282,4,7,crash,false,5,19,666,2340,190,180,2120,false,false,false,1880,5,3616,34,1,2
250,tempted_1_5,2541,30,0,budget,0,55,true,3,225,57,101,0.2,0.8,0,0,0,2,22,crash,false,5,9,196,2345,0,0,0,false,false,false,0,0,2541,30,0,
251,tempted_1_5,4332,32,2,budget,0,72,true,5,720,96,149,0.21875,0.78125,0,0,0,4,13,normal,false,5,14,632,3520,180,0,0,false,false,true,0,0,4332,32,0,
252,tempted_1_5,3224,30,0,budget,0,65,true,3,475,77,116,0.16666666666666666,0.8333333333333334,0,0,0,3,5,normal,false,4,10,239,2985,0,0,0,false,false,true,0,0,3224,30,0,
253,tempted_1_5,6711,51,21,budget,1,100,true,5,1090,124,158,0.11764705882352941,0.6666666666666666,0.09803921568627451,0.0196078431372549,0.09803921568627451,8,1,normal,false,5,25,186,3170,820,615,1920,false,true,false,2230,5,4481,46,0,
254,tempted_1_5,2302,30,0,budget,0,50,true,3,255,60,110,0.36666666666666664,0.6333333333333333,0,0,0,4,9,crash,false,3,15,427,1875,0,0,0,false,false,false,0,0,2302,30,0,
255,tempted_1_5,14664,60,30,budget,2,100,true,4,2040,186,259,0.16666666666666666,0.4666666666666667,0.16666666666666666,0.03333333333333333,0.16666666666666666,11,2,normal,false,7,32,739,3365,1200,2460,6900,false,false,false,7580,10,7084,50,2,3|2
256,tempted_1_5,3963,36,6,budget,0,88,true,3,530,97,135,0.08333333333333333,0.8611111111111112,0.027777777777777776,0.027777777777777776,0,5,7,normal,false,6,14,293,2950,540,180,0,false,false,true,0,0,3963,36,0,
257,tempted_1_5,3047,32,2,budget,0,76,true,4,338,78,117,0.15625,0.84375,0,0,0,2,16,normal,false,11,5,462,2405,180,0,0,false,false,false,0,0,3047,32,0,
258,tempted_1_5,3563,32,2,budget,0,78,true,4,720,84,135,0.21875,0.75,0.03125,0,0,3,1,crash,false,9,12,448,3025,90,0,0,false,false,false,0,0,3563,32,0,
259,tempted_1_5,2256,30,0,budget,0,53,true,4,350,64,115,0.6,0.4,0,0,0,6,6,normal,false,5,12,946,1310,0,0,0,false,false,true,0,0,2256,30,0,
260,tempted_1_5,4738,36,6,budget,0,96,true,5,745,92,173,0.3611111111111111,0.5555555555555556,0.05555555555555555,0.027777777777777776,0,4,5,crash,false,7,14,563,3380,660,135,0,true,true,false,0,0,4738,36,0,
261,tempted_1_5,3090,20,4,lock,0,81,true,4,665,68,89,0,0.95,0.05,0,0,2,11,normal,false,4,8,60,2530,500,0,0,false,false,false,0,0,3090,20,0,
262,tempted_1_5,613,11,0,lock,0,53,true,2,150,20,30,0.2727272727272727,0.7272727272727273,0,0,0,2,6,normal,false,3,4,133,480,0,0,0,false,false,false,0,0,613,11,0,
263,tempted_1_5,4078,32,2,budget,0,72,true,4,590,101,151,0.15625,0.8125,0.03125,0,0,3,2,normal,false,6,14,298,3620,160,0,0,false,false,true,0,0,4078,32,0,
264,tempted_1_5,12215,65,35,budget,1,100,false,4,2355,182,251,0,0.7076923076923077,0.12307692307692308,0.09230769230769231,0.07692307692307693,11,2,normal,false,7,26,0,4425,3080,1530,3180,false,true,false,3375,5,8840,60,1,2
265,tempted_1_5,540,5,0,lock,0,52,false,2,150,12,21,0,1,0,0,0,0,-1,normal,false,5,0,0,540,0,0,0,false,false,false,0,0,540,5,0,
266,tempted_1_5,26345,90,60,budget,2,100,true,8,2850,315,433,0.03333333333333333,0.6,0.2222222222222222,0.03333333333333333,0.1111111111111111,25,1,normal,false,8,47,135,8425,6900,5865,5020,false,true,false,4500,10,21845,80,2,3|3
267,tempted_1_5,7250,44,14,budget,0,93,true,5,1140,133,195,0.022727272727272728,0.8863636363636364,0.06818181818181818,0.022727272727272728,0,7,10,normal,false,6,19,60,5320,1690,180,0,true,false,false,0,0,7250,44,0,
268,tempted_1_5,5678,43,13,budget,1,100,true,3,800,114,152,0.023255813953488372,0.7209302325581395,0.11627906976744186,0.023255813953488372,0.11627906976744186,5,1,normal,false,5,20,223,2470,1560,405,1020,false,false,true,1390,5,4288,38,1,3
269,tempted_1_5,9286,45,15,budget,1,100,true,6,1080,124,186,0.37777777777777777,0.4,0.06666666666666667,0.044444444444444446,0.1111111111111111,10,1,crash,false,5,18,991,2565,1200,630,3900,false,false,false,4180,5,5106,40,0,
270,tempted_1_5,3905,30,0,budget,0,69,true,4,740,95,141,0.3,0.7,0,0,0,3,6,normal,false,10,7,705,3200,0,0,0,false,false,false,0,0,3905,30,0,
271,tempted_1_5,3816,32,2,budget,0,82,true,4,520,82,180,0.625,0.34375,0.03125,0,0,5,1,crash,false,3,15,2021,1495,300,0,0,false,false,true,0,0,3816,32,0,
272,tempted_1_5,5565,36,6,budget,0,78,false,7,1580,117,153,0,0.9722222222222222,0.027777777777777776,0,0,3,5,normal,false,5,15,0,4575,990,0,0,false,false,false,0,0,5565,36,0,
273,tempted_1_5,4109,36,6,budget,0,74,true,4,525,93,138,0.3333333333333333,0.6111111111111112,0.05555555555555555,0,0,7,3,normal,false,5,16,424,3295,390,0,0,false,false,true,0,0,4109,36,0,
274,tempted_1_5,7728,36,6,budget,0,86,true,4,1210,121,194,0.08333333333333333,0.75,0.16666666666666666,0,0,5,7,normal,false,3,21,293,4165,2460,810,0,false,false,true,0,0,7728,36,0,
275,tempted_1_5,2938,30,0,budget,0,50,true,3,300,77,131,0.23333333333333334,0.7666666666666667,0,0,0,3,10,normal,false,3,17,368,2570,0,0,0,false,false,true,0,0,2938,30,0,
276,tempted_1_5,2272,32,2,budget,0,70,true,3,240,64,108,0.40625,0.59375,0,0,0,5,1,normal,false,6,14,517,1755,0,0,0,false,false,true,0,0,2272,32,0,
277,tempted_1_5,4297,32,2,budget,0,74,true,4,720,101,155,0.25,0.71875,0.03125,0,0,2,18,crash,false,7,12,162,4045,90,0,0,false,false,true,0,0,4297,32,0,
278,tempted_1_5,6231,40,10,budget,0,92,true,4,1080,108,161,0.125,0.775,0.075,0.025,0,9,6,normal,false,5,23,206,3750,2140,135,0,true,false,true,0,0,6231,40,0,
279,tempted_1_5,4847,32,2,budget,0,82,true,4,810,101,165,0.28125,0.6875,0.03125,0,0,4,11,normal,false,5,14,537,3830,480,0,0,false,false,false,0,0,4847,32,0,
280,tempted_1_5,3340,30,0,budget,0,63,true,3,320,87,125,0.03333333333333333,0.9666666666666667,0,0,0,1,12,normal,false,5,12,235,3105,0,0,0,false,false,false,0,0,3340,30,0,
281,tempted_1_5,6565,42,12,budget,0,85,true,5,1410,124,198,0.23809523809523808,0.5952380952380952,0.16666666666666666,0,0,8,1,normal,false,5,18,550,3395,2620,0,0,false,false,false,0,0,6565,42,0,
282,tempted_1_5,5860,32,2,budget,0,76,true,7,1690,101,164,0.4375,0.5625,0,0,0,7,2,normal,false,4,14,565,4935,360,0,0,false,false,true,0,0,5860,32,0,
283,tempted_1_5,4523,30,0,budget,0,67,true,5,660,93,151,0.3,0.7,0,0,0,3,15,normal,false,4,12,473,4050,0,0,0,false,false,true,0,0,4523,30,0,
284,tempted_1_5,3957,30,0,budget,0,59,true,4,555,87,140,0.26666666666666666,0.7333333333333333,0,0,0,4,5,normal,false,7,10,357,3600,0,0,0,false,false,false,0,0,3957,30,0,
285,tempted_1_5,285,6,0,lock,0,50,true,2,75,6,15,0,1,0,0,0,0,-1,normal,false,6,0,30,255,0,0,0,false,false,false,0,0,285,6,0,
286,tempted_1_5,4413,36,6,budget,0,85,true,5,645,101,167,0.3055555555555556,0.6388888888888888,0.05555555555555555,0,0,4,6,normal,false,8,13,603,3470,340,0,0,false,false,false,0,0,4413,36,0,
287,tempted_1_5,3247,30,0,budget,0,55,true,4,435,85,125,0.3,0.7,0,0,0,4,7,normal,false,6,10,377,2870,0,0,0,false,false,false,0,0,3247,30,0,
288,tempted_1_5,6146,44,14,budget,0,96,true,5,810,128,180,0.13636363636363635,0.6818181818181818,0.09090909090909091,0.09090909090909091,0,7,5,crash,false,7,15,196,4390,870,690,0,true,true,false,0,0,6146,44,0,
289,tempted_1_5,2559,32,2,budget,0,72,true,3,260,59,119,0.34375,0.625,0.03125,0,0,3,13,crash,false,7,11,524,1945,90,0,0,false,false,true,0,0,2559,32,0,
290,tempted_1_5,3168,30,0,budget,0,60,true,3,515,83,135,0.4,0.6,0,0,0,4,12,normal,false,7,13,663,2505,0,0,0,false,false,true,0,0,3168,30,0,
291,tempted_1_5,6275,51,21,budget,1,100,true,3,960,103,159,0.2549019607843137,0.43137254901960786,0.19607843137254902,0.0196078431372549,0.09803921568627451,7,1,crash,false,13,19,415,1875,920,405,2660,false,false,true,2520,5,3755,46,1,9
292,tempted_1_5,5119,36,6,budget,0,85,true,5,1340,104,154,0.2222222222222222,0.75,0.027777777777777776,0,0,6,9,normal,false,5,17,409,3840,870,0,0,false,false,true,0,0,5119,36,0,
293,tempted_1_5,15648,65,35,budget,3,100,true,5,2040,179,243,0.046153846153846156,0.5692307692307692,0.13846153846153847,0.015384615384615385,0.23076923076923078,9,4,normal,false,10,23,53,3150,1960,3225,7260,false,false,false,6730,15,8918,50,2,2|7
294,tempted_1_5,8695,41,11,budget,1,100,true,4,2720,130,169,0.024390243902439025,0.7560975609756098,0.0975609756097561,0,0.12195121951219512,5,8,normal,false,7,17,30,3795,630,0,4240,false,false,true,4180,5,4515,36,1,2
295,tempted_1_5,3991,30,0,budget,0,56,true,4,540,91,150,0.3333333333333333,0.6666666666666666,0,0,0,3,9,crash,false,6,13,361,3630,0,0,0,false,false,false,0,0,3991,30,0,
296,tempted_1_5,3588,30,0,budget,0,69,true,5,845,81,152,0.36666666666666664,0.6333333333333333,0,0,0,2,5,normal,false,4,13,648,2940,0,0,0,false,false,true,0,0,3588,30,0,
297,tempted_1_5,10490,43,13,budget,1,100,false,5,2760,133,185,0,0.7906976744186046,0.09302325581395349,0,0.11627906976744186,3,2,normal,false,6,12,0,3750,1520,300,4920,false,false,false,5030,5,5460,38,0,
298,tempted_1_5,3702,30,0,budget,0,58,true,4,600,83,140,0.3333333333333333,0.6666666666666666,0,0,0,2,9,crash,false,6,15,392,3310,0,0,0,false,false,false,0,0,3702,30,0,
299,tempted_1_5,3536,30,0,budget,0,62,true,4,505,81,129,0.16666666666666666,0.8333333333333334,0,0,0,5,9,normal,false,5,12,411,3125,0,0,0,false,false,false,0,0,3536,30,0,
300,tempted_1_5,3411,30,0,budget,0,64,true,4,630,89,125,0.16666666666666666,0.8333333333333334,0,0,0,4,8,normal,false,5,12,241,3170,0,0,0,false,false,true,0,0,3411,30,0,
301,tempted_1_5,8010,49,19,budget,1,100,true,5,1160,138,183,0.02040816326530612,0.673469387755102,0.1836734693877551,0.02040816326530612,0.10204081632653061,7,5,crash,false,7,24,0,3975,1220,135,2680,false,false,false,2620,5,5390,44,1,2
302,tempted_1_5,4324,30,0,budget,0,61,true,5,940,88,151,0.3,0.7,0,0,0,3,8,crash,false,5,12,324,4000,0,0,0,false,false,false,0,0,4324,30,0,
303,tempted_1_5,4122,30,0,budget,0,50,true,5,1115,82,138,0.4,0.6,0,0,0,5,9,normal,false,7,13,402,3720,0,0,0,false,false,true,0,0,4122,30,0,
304,tempted_1_5,12192,57,27,budget,1,100,true,7,1605,183,262,0.12280701754385964,0.5789473684210527,0.15789473684210525,0.05263157894736842,0.08771929824561403,12,1,normal,false,7,24,387,5685,3710,810,1600,false,true,true,1480,5,10712,52,1,9
305,tempted_1_5,5270,34,4,budget,0,79,true,5,660,118,159,0.058823529411764705,0.9117647058823529,0.029411764705882353,0,0,2,6,normal,false,7,14,105,4625,540,0,0,false,false,true,0,0,5270,34,0,
306,tempted_1_5,17388,60,30,budget,2,100,true,8,4740,199,254,0.05,0.6333333333333333,0.11666666666666667,0.03333333333333333,0.16666666666666666,11,1,crash,false,6,28,313,6380,860,1155,8680,false,false,false,8290,10,9098,50,1,3
307,tempted_1_5,3682,30,0,budget,0,50,true,8,1523,62,147,0.6,0.4,0,0,0,4,7,crash,false,5,9,1077,2605,0,0,0,false,false,false,0,0,3682,30,0,
308,tempted_1_5,2666,32,2,budget,0,81,true,3,270,70,115,0.28125,0.6875,0.03125,0,0,3,7,normal,false,6,16,276,2300,90,0,0,false,false,true,0,0,2666,32,0,
309,tempted_1_5,3181,34,4,budget,0,74,true,4,420,87,114,0.08823529411764706,0.9117647058823529,0,0,0,3,12,normal,false,7,12,166,2565,450,0,0,false,false,true,0,0,3181,34,0,
310,tempted_1_5,7020,54,24,budget,0,88,true,4,670,143,189,0.018518518518518517,0.8703703703703703,0.07407407407407407,0.037037037037037035,0,9,17,normal,false,8,25,30,4590,1320,1080,0,false,false,false,0,0,7020,54,0,
311,tempted_1_5,11719,73,43,budget,1,100,true,5,2215,193,273,0.1095890410958904,0.6575342465753424,0.1232876712328767,0.0410958904109589,0.0684931506849315,21,1,normal,false,5,39,694,3815,3760,990,2460,false,false,false,3055,5,8664,68,1,3
312,tempted_1_5,12857,37,7,budget,1,100,true,7,3240,130,165,0.13513513513513514,0.7027027027027027,0.02702702702702703,0,0.13513513513513514,3,1,normal,false,8,15,287,3920,530,0,8120,false,false,false,6710,5,6147,32,0,
313,tempted_1_5,2156,30,0,budget,0,56,true,3,315,57,90,0.13333333333333333,0.8666666666666667,0,0,0,1,8,crash,false,7,10,136,2020,0,0,0,false,false,false,0,0,2156,30,0,
314,tempted_1_5,2482,30,0,budget,0,53,true,4,465,64,116,0.43333333333333335,0.5666666666666667,0,0,0,6,8,normal,false,5,11,827,1655,0,0,0,false,false,true,0,0,2482,30,0,
315,tempted_1_5,4053,30,0,budget,0,55,true,6,735,83,162,0.4666666666666667,0.5333333333333333,0,0,0,2,16,crash,false,6,10,1218,2835,0,0,0,false,false,true,0,0,4053,30,0,
316,tempted_1_5,2511,32,2,budget,0,80,true,3,470,63,119,0.40625,0.5625,0.03125,0,0,5,5,normal,false,4,12,516,1905,90,0,0,false,false,true,0,0,2511,32,0,
317,tempted_1_5,2859,30,0,budget,0,50,true,3,320,77,117,0.2,0.8,0,0,0,4,13,normal,false,5,11,424,2435,0,0,0,false,false,false,0,0,2859,30,0,
318,tempted_1_5,3141,30,0,budget,0,67,true,4,660,86,122,0.2,0.8,0,0,0,3,7,normal,false,3,14,356,2785,0,0,0,false,false,false,0,0,3141,30,0,
319,tempted_1_5,3540,32,2,budget,0,73,true,3,490,86,153,0.4375,0.53125,0.03125,0,0,2,18,crash,false,3,19,545,2785,210,0,0,false,false,false,0,0,3540,32,0,
320,tempted_1_5,8753,51,21,budget,1,100,true,4,960,154,204,0.0392156862745098,0.6862745098039216,0.0784313725490196,0.09803921568627451,0.09803921568627451,7,6,normal,false,6,19,108,3925,1510,1170,2040,false,true,true,1170,5,7583,46,1,5
321,tempted_1_5,4313,30,0,budget,0,54,true,6,750,90,175,0.5,0.5,0,0,0,4,5,normal,false,3,15,1583,2730,0,0,0,false,false,true,0,0,4313,30,0,
322,tempted_1_5,1265,22,0,lock,0,67,false,2,120,38,53,0,1,0,0,0,0,-1,normal,false,7,6,0,1265,0,0,0,false,false,false,0,0,1265,22,0,
323,tempted_1_5,3348,30,0,budget,0,60,true,5,675,71,131,0.4,0.6,0,0,0,3,12,crash,false,7,13,573,2775,0,0,0,false,false,false,0,0,3348,30,0,
324,tempted_1_5,12660,45,23,lock,1,100,true,4,2520,171,196,0,0.6,0.24444444444444444,0.044444444444444446,0.1111111111111111,7,1,deep,false,10,17,30,2945,2130,2475,5080,false,false,true,2740,5,9920,40,1,2
325,tempted_1_5,2717,30,0,budget,0,62,true,4,425,70,134,0.4,0.6,0,0,0,4,11,crash,false,3,13,527,2190,0,0,0,false,false,false,0,0,2717,30,0,
326,tempted_1_5,4836,32,2,budget,0,75,true,5,690,100,156,0.15625,0.8125,0.03125,0,0,3,8,normal,false,7,12,486,4050,300,0,0,false,false,false,0,0,4836,32,0,
327,tempted_1_5,2668,30,0,budget,0,65,true,3,230,77,103,0.13333333333333333,0.8666666666666667,0,0,0,3,5,normal,false,7,12,93,2575,0,0,0,false,false,true,0,0,2668,30,0,
328,tempted_1_5,7069,42,12,budget,0,94,true,4,660,124,201,0.21428571428571427,0.6190476190476191,0.14285714285714285,0.023809523809523808,0,10,6,normal,false,3,22,554,3460,2650,405,0,true,false,true,0,0,7069,42,0,
329,tempted_1_5,2527,30,0,budget,0,58,true,4,418,70,126,0.5666666666666667,0.43333333333333335,0,0,0,4,10,crash,false,3,12,907,1620,0,0,0,false,false,true,0,0,2527,30,0,
330,tempted_1_5,10198,53,23,budget,1,100,true,5,1220,149,212,0.05660377358490566,0.6415094339622641,0.16981132075471697,0.03773584905660377,0.09433962264150944,9,13,crash,false,6,23,113,4060,2840,285,2900,false,false,false,2630,5,7568,48,1,4
331,tempted_1_5,6420,36,6,budget,0,84,true,6,990,136,177,0,0.9444444444444444,0.05555555555555555,0,0,3,9,normal,false,5,16,210,5580,630,0,0,false,false,true,0,0,6420,36,0,
332,tempted_1_5,4086,30,0,budget,0,62,true,4,975,90,147,0.16666666666666666,0.8333333333333334,0,0,0,3,6,normal,false,7,10,236,3850,0,0,0,false,false,false,0,0,4086,30,0,
333,tempted_1_5,2515,30,0,budget,0,50,true,3,320,60,111,0.3333333333333333,0.6666666666666666,0,0,0,2,5,crash,false,5,11,285,2230,0,0,0,false,false,false,0,0,2515,30,0,
334,tempted_1_5,3695,32,2,budget,0,82,true,5,620,76,126,0.25,0.71875,0.03125,0,0,3,11,crash,false,6,12,240,3335,120,0,0,false,false,false,0,0,3695,32,0,
335,tempted_1_5,8163,40,10,budget,0,98,true,5,1105,146,208,0.2,0.65,0.1,0.05,0,5,18,normal,false,4,20,293,5290,2130,450,0,true,true,false,0,0,8163,40,0,
336,tempted_1_5,3410,30,0,budget,0,50,true,4,390,79,169,0.5666666666666667,0.43333333333333335,0,0,0,5,9,crash,false,3,13,1545,1865,0,0,0,false,false,false,0,0,3410,30,0,
337,tempted_1_5,2783,30,0,budget,0,68,true,3,300,67,106,0.1,0.9,0,0,0,2,5,normal,false,6,14,88,2695,0,0,0,false,false,true,0,0,2783,30,0,
338,tempted_1_5,4029,30,0,budget,0,54,true,4,525,94,151,0.2,0.8,0,0,0,2,3,normal,false,3,16,544,3485,0,0,0,false,false,true,0,0,4029,30,0,
339,tempted_1_5,3303,30,0,budget,0,62,true,5,685,82,116,0.3333333333333333,0.6666666666666666,0,0,0,2,9,normal,false,9,11,623,2680,0,0,0,false,false,false,0,0,3303,30,0,
340,tempted_1_5,4140,30,0,budget,0,69,true,5,995,97,129,0,1,0,0,0,0,-1,normal,false,6,9,160,3980,0,0,0,false,false,false,0,0,4140,30,0,
341,tempted_1_5,24616,77,47,budget,3,100,true,5,4260,236,342,0.06493506493506493,0.4805194805194805,0.23376623376623376,0.025974025974025976,0.19480519480519481,14,8,normal,false,5,37,186,3485,3420,1845,15680,false,true,true,15600,15,9016,62,2,3|2
342,tempted_1_5,3526,32,2,budget,0,70,true,3,455,84,141,0.25,0.75,0,0,0,2,12,normal,false,6,12,566,2690,270,0,0,false,false,true,0,0,3526,32,0,
343,tempted_1_5,4159,30,0,budget,0,63,true,4,610,90,148,0.16666666666666666,0.8333333333333334,0,0,0,2,12,normal,false,3,15,484,3675,0,0,0,false,false,false,0,0,4159,30,0,
344,tempted_1_5,3343,34,4,budget,0,91,true,4,435,72,122,0.23529411764705882,0.7058823529411765,0.058823529411764705,0,0,3,10,normal,false,8,13,278,2515,280,270,0,true,false,false,0,0,3343,34,0,
345,tempted_1_5,4113,30,0,budget,0,51,true,5,588,99,155,0.36666666666666664,0.6333333333333333,0,0,0,3,7,normal,false,6,11,578,3535,0,0,0,false,false,true,0,0,4113,30,0,
346,tempted_1_5,2708,30,0,budget,0,68,true,3,340,71,109,0.1,0.9,0,0,0,2,5,normal,false,5,9,188,2520,0,0,0,false,false,true,0,0,2708,30,0,
347,tempted_1_5,2916,30,0,budget,0,53,true,4,510,68,129,0.36666666666666664,0.6333333333333333,0,0,0,5,5,crash,false,5,12,641,2275,0,0,0,false,false,false,0,0,2916,30,0,
348,tempted_1_5,4475,32,2,budget,0,74,true,7,1250,91,120,0.0625,0.90625,0.03125,0,0,3,13,normal,false,5,11,75,4310,90,0,0,false,false,false,0,0,4475,32,0,
349,tempted_1_5,3617,30,0,budget,0,63,true,4,520,87,142,0.3,0.7,0,0,0,4,6,normal,false,5,11,367,3250,0,0,0,false,false,false,0,0,3617,30,0,
350,tempted_1_5,3541,30,0,budget,0,69,true,4,525,85,145,0.23333333333333334,0.7666666666666667,0,0,0,4,4,normal,false,6,12,656,2885,0,0,0,false,false,false,0,0,3541,30,0,
351,tempted_1_5,3136,30,0,budget,0,64,true,4,525,92,120,0.13333333333333333,0.8666666666666667,0,0,0,2,8,normal,false,7,10,256,2880,0,0,0,false,false,false,0,0,3136,30,0,
352,tempted_1_5,5798,36,6,budget,0,80,true,4,1080,121,188,0.3888888888888889,0.5555555555555556,0.05555555555555555,0,0,8,4,normal,false,3,21,748,3730,1320,0,0,false,false,true,0,0,5798,36,0,
353,tempted_1_5,4504,30,0,budget,0,51,true,5,800,87,173,0.36666666666666664,0.6333333333333333,0,0,0,2,13,crash,false,4,17,374,4130,0,0,0,false,false,false,0,0,4504,30,0,
354,tempted_1_5,3566,30,0,budget,0,58,true,4,585,82,128,0.2,0.8,0,0,0,2,13,crash,false,4,14,126,3440,0,0,0,false,false,false,0,0,3566,30,0,
355,tempted_1_5,4924,30,0,budget,0,61,true,4,1010,93,156,0.23333333333333334,0.7666666666666667,0,0,0,2,12,normal,false,6,12,444,4480,0,0,0,false,false,false,0,0,4924,30,0,
356,tempted_1_5,5017,30,0,budget,0,59,true,6,1060,93,136,0.2,0.8,0,0,0,1,22,normal,false,10,11,342,4675,0,0,0,false,false,false,0,0,5017,30,0,
357,tempted_1_5,4990,18,15,lock,1,100,false,4,1450,59,72,0,0.6666666666666666,0.05555555555555555,0,0.2777777777777778,4,7,normal,false,3,9,0,1130,280,540,3040,false,false,false,3470,5,1520,13,0,
358,tempted_1_5,2971,30,0,budget,0,68,true,4,310,75,129,0.43333333333333335,0.5666666666666667,0,0,0,4,5,normal,false,4,12,756,2215,0,0,0,false,false,false,0,0,2971,30,0,
359,tempted_1_5,2746,30,0,budget,0,50,true,4,585,69,122,0.3,0.7,0,0,0,4,17,crash,false,6,12,501,2245,0,0,0,false,false,false,0,0,2746,30,0,
360,tempted_1_5,11107,45,15,budget,1,100,true,7,1980,150,204,0.15555555555555556,0.6666666666666666,0.06666666666666667,0,0.1111111111111111,4,20,normal,false,5,20,347,5050,1410,360,3940,false,false,false,2680,5,8427,40,0,
361,tempted_1_5,11086,47,17,budget,1,100,true,4,2260,148,218,0.1702127659574468,0.6382978723404256,0.06382978723404255,0.02127659574468085,0.10638297872340426,10,1,normal,false,6,18,491,3365,1930,180,5120,false,false,false,4940,5,6146,42,1,4
362,tempted_1_5,3425,30,0,budget,0,68,true,3,645,82,143,0.3333333333333333,0.6666666666666666,0,0,0,2,18,normal,false,8,14,370,3055,0,0,0,false,false,true,0,0,3425,30,0,
363,tempted_1_5,5839,30,0,budget,0,51,true,6,1390,105,182,0.3,0.7,0,0,0,4,7,normal,false,6,14,449,5390,0,0,0,false,false,true,0,0,5839,30,0,
364,tempted_1_5,4025,30,0,budget,0,61,true,4,475,77,147,0.4,0.6,0,0,0,3,4,normal,false,4,15,365,3660,0,0,0,false,false,true,0,0,4025,30,0,
365,tempted_1_5,4561,30,0,budget,0,68,true,5,833,91,154,0.13333333333333333,0.8666666666666667,0,0,0,2,23,normal,false,7,10,276,4285,0,0,0,false,false,true,0,0,4561,30,0,
366,tempted_1_5,2364,30,0,budget,0,54,true,3,395,74,103,0.3,0.7,0,0,0,5,3,normal,false,4,11,359,2005,0,0,0,false,false,false,0,0,2364,30,0,
367,tempted_1_5,2630,13,2,lock,0,70,false,7,1215,46,62,0,1,0,0,0,1,1,normal,false,2,7,0,2630,0,0,0,false,false,false,0,0,2630,13,0,
368,tempted_1_5,3662,30,0,budget,0,50,true,8,1311,87,154,0.4666666666666667,0.5333333333333333,0,0,0,3,13,normal,false,5,13,2132,1530,0,0,0,false,false,true,0,0,3662,30,0,
369,tempted_1_5,4808,30,0,budget,0,69,true,5,795,95,152,0.13333333333333333,0.8666666666666667,0,0,0,3,8,normal,false,7,15,563,4245,0,0,0,false,false,false,0,0,4808,30,0,
370,tempted_1_5,3086,34,4,budget,0,75,true,4,435,83,124,0.20588235294117646,0.7058823529411765,0.08823529411764706,0,0,3,14,normal,false,7,13,441,2345,300,0,0,false,false,true,0,0,3086,34,0,
371,tempted_1_5,3011,30,0,budget,0,57,true,4,735,72,110,0.1,0.9,0,0,0,1,14,normal,false,6,9,156,2855,0,0,0,false,false,true,0,0,3011,30,0,
372,tempted_1_5,3860,38,8,budget,0,88,false,3,315,97,120,0,0.8947368421052632,0.07894736842105263,0.02631578947368421,0,4,12,normal,false,4,14,0,3285,440,135,0,false,false,false,0,0,3860,38,0,
373,tempted_1_5,5024,34,4,budget,0,71,true,5,650,103,155,0.17647058823529413,0.8235294117647058,0,0,0,4,8,normal,false,8,11,329,4515,180,0,0,false,false,false,0,0,5024,34,0,
374,tempted_1_5,21377,83,53,budget,3,100,true,8,1900,287,393,0.08433734939759036,0.5060240963855421,0.1927710843373494,0.03614457831325301,0.18072289156626506,19,7,normal,false,4,43,542,7415,5480,2040,5900,false,true,false,5750,15,15627,68,2,2|2
375,tempted_1_5,2433,26,0,lock,0,67,true,3,450,61,106,0.2692307692307692,0.7307692307692307,0,0,0,4,6,crash,false,3,13,188,2245,0,0,0,false,false,false,0,0,2433,26,0,
376,tempted_1_5,2712,30,0,budget,0,53,true,4,405,65,124,0.5,0.5,0,0,0,5,10,normal,false,6,13,877,1835,0,0,0,false,false,false,0,0,2712,30,0,
377,tempted_1_5,5550,38,8,budget,0,98,true,4,840,115,157,0.05263157894736842,0.7894736842105263,0.10526315789473684,0.05263157894736842,0,6,13,normal,false,5,12,50,3130,1830,540,0,true,true,false,0,0,5550,38,0,
378,tempted_1_5,2990,32,2,budget,0,75,true,3,255,84,117,0.1875,0.78125,0.03125,0,0,3,15,normal,false,4,13,235,2665,90,0,0,false,false,false,0,0,2990,32,0,
379,tempted_1_5,17334,71,41,budget,1,100,true,4,2220,216,305,0.09859154929577464,0.5633802816901409,0.23943661971830985,0.028169014084507043,0.07042253521126761,17,1,normal,false,9,32,279,3890,5680,1905,5580,false,false,true,3800,5,13534,66,1,4
380,tempted_1_5,7135,41,11,budget,1,100,false,4,1020,115,149,0,0.8048780487804879,0.07317073170731707,0,0.12195121951219512,4,11,normal,false,11,10,0,2655,1100,660,2720,false,false,false,1960,5,5175,36,0,
381,tempted_1_5,5126,40,10,budget,0,95,true,5,660,103,139,0.15,0.725,0.075,0.05,0,5,15,normal,false,9,17,181,3295,1110,540,0,true,true,true,0,0,5126,40,0,
382,tempted_1_5,2970,30,0,budget,0,50,true,5,553,68,148,0.6,0.4,0,0,0,3,5,crash,false,5,10,1395,1575,0,0,0,false,false,false,0,0,2970,30,0,
383,tempted_1_5,3386,32,2,budget,0,72,true,4,675,84,140,0.375,0.59375,0.03125,0,0,1,16,crash,false,7,12,586,2680,120,0,0,false,false,false,0,0,3386,32,0,
384,tempted_1_5,3310,30,0,budget,0,67,true,4,680,75,131,0.4,0.6,0,0,0,5,13,crash,false,5,14,780,2530,0,0,0,false,false,true,0,0,3310,30,0,
385,tempted_1_5,1901,30,0,budget,0,68,true,2,200,57,93,0.2,0.8,0,0,0,5,9,normal,false,5,12,276,1625,0,0,0,false,false,true,0,0,1901,30,0,
386,tempted_1_5,12335,63,33,budget,1,100,true,4,2400,196,229,0.031746031746031744,0.7142857142857143,0.14285714285714285,0.031746031746031744,0.07936507936507936,16,2,normal,false,7,34,30,4730,1880,1095,4600,false,false,false,3810,5,8525,58,1,3
387,tempted_1_5,14728,54,24,budget,2,100,true,7,2430,175,241,0.05555555555555555,0.5185185185185185,0.16666666666666666,0.07407407407407407,0.18518518518518517,7,1,crash,false,6,24,58,4255,3460,1995,4960,false,true,false,4680,10,10048,44,2,2|4
388,tempted_1_5,2654,30,0,budget,0,69,true,4,345,69,104,0.23333333333333334,0.7666666666666667,0,0,0,2,15,normal,false,7,12,399,2255,0,0,0,false,false,true,0,0,2654,30,0,
389,tempted_1_5,2370,30,0,budget,0,50,true,4,450,57,139,0.7666666666666667,0.23333333333333334,0,0,0,1,24,crash,false,5,8,1015,1355,0,0,0,false,false,false,0,0,2370,30,0,
390,tempted_1_5,6826,36,6,budget,0,84,true,8,1078,139,190,0.08333333333333333,0.8888888888888888,0.027777777777777776,0,0,4,15,normal,false,4,17,891,5185,750,0,0,false,false,true,0,0,6826,36,0,
391,tempted_1_5,2751,30,0,budget,0,53,true,4,590,76,153,0.6333333333333333,0.36666666666666664,0,0,0,5,9,crash,false,4,11,1186,1565,0,0,0,false,false,false,0,0,2751,30,0,
392,tempted_1_5,6245,42,12,budget,0,98,true,6,1270,117,176,0.23809523809523808,0.5476190476190477,0.19047619047619047,0.023809523809523808,0,10,2,normal,false,5,16,560,4240,830,615,0,true,true,false,0,0,6245,42,0,
393,tempted_1_5,5548,32,2,budget,0,81,true,6,845,96,183,0.34375,0.59375,0.0625,0,0,5,1,normal,false,5,18,358,4680,510,0,0,false,false,true,0,0,5548,32,0,
394,tempted_1_5,10908,32,15,lock,1,100,true,5,3500,123,171,0.09375,0.625,0.09375,0.03125,0.15625,5,2,crash,false,3,17,138,3810,890,3690,2380,false,true,true,5700,5,5208,27,1,4
395,tempted_1_5,5835,32,2,budget,0,72,false,6,875,121,168,0,0.96875,0.03125,0,0,1,28,normal,false,4,14,0,5745,90,0,0,false,false,false,0,0,5835,32,0,
396,tempted_1_5,7931,39,9,budget,1,100,true,6,1710,116,187,0.3076923076923077,0.48717948717948717,0.07692307692307693,0,0.1282051282051282,7,2,normal,false,5,16,661,4010,380,0,2880,false,false,true,2600,5,5331,34,1,2
397,tempted_1_5,5921,38,8,budget,0,84,true,4,735,113,171,0.13157894736842105,0.7368421052631579,0.13157894736842105,0,0,3,2,crash,false,7,13,246,4195,1480,0,0,false,false,true,0,0,5921,38,0,
398,tempted_1_5,2888,30,0,budget,0,65,true,4,435,70,101,0.13333333333333333,0.8666666666666667,0,0,0,3,22,normal,false,3,13,78,2810,0,0,0,false,false,false,0,0,2888,30,0,
399,tempted_1_5,5178,31,8,lock,0,82,true,5,1160,90,133,0.06451612903225806,0.8387096774193549,0.0967741935483871,0,0,5,2,normal,false,8,8,223,2705,2250,0,0,false,false,false,0,0,5178,31,0,
400,tempted_1_5,4986,32,2,budget,0,83,true,7,1095,88,148,0.09375,0.90625,0,0,0,2,22,normal,false,5,14,771,3225,990,0,0,false,false,true,0,0,4986,32,0,
401,tempted_1_5,5415,34,4,budget,0,71,true,3,810,103,167,0.058823529411764705,0.9411764705882353,0,0,0,4,14,normal,false,3,16,235,4250,930,0,0,false,false,false,0,0,5415,34,0,
402,tempted_1_5,2523,30,0,budget,0,58,true,3,285,71,95,0.13333333333333333,0.8666666666666667,0,0,0,3,5,normal,false,6,11,103,2420,0,0,0,false,false,true,0,0,2523,30,0,
403,tempted_1_5,4481,40,10,budget,0,84,true,5,795,114,147,0.1,0.85,0.05,0,0,7,5,normal,false,7,17,156,3845,480,0,0,false,false,false,0,0,4481,40,0,
404,tempted_1_5,2603,30,0,budget,0,50,true,3,380,71,140,0.4666666666666667,0.5333333333333333,0,0,0,4,8,normal,false,7,13,953,1650,0,0,0,false,false,false,0,0,2603,30,0,
405,tempted_1_5,3651,30,0,budget,0,53,true,4,430,79,157,0.4666666666666667,0.5333333333333333,0,0,0,4,3,crash,false,3,15,876,2775,0,0,0,false,false,false,0,0,3651,30,0,
406,tempted_1_5,5075,40,10,budget,0,84,true,5,835,120,173,0.175,0.65,0.175,0,0,9,3,normal,false,4,15,685,3080,1310,0,0,false,false,false,0,0,5075,40,0,
407,tempted_1_5,11888,40,10,budget,0,91,true,7,4440,145,221,0.2,0.75,0.05,0,0,8,1,normal,false,4,18,548,6030,1890,3420,0,true,false,false,0,0,11888,40,0,
408,tempted_1_5,4393,32,2,budget,0,70,true,6,885,97,135,0.09375,0.90625,0,0,0,3,12,normal,false,5,14,213,4180,0,0,0,false,false,false,0,0,4393,32,0,
409,tempted_1_5,3032,30,0,budget,0,50,true,4,375,71,154,0.6333333333333333,0.36666666666666664,0,0,0,4,6,normal,false,6,13,1392,1640,0,0,0,false,false,false,0,0,3032,30,0,
410,tempted_1_5,2588,30,0,budget,0,68,true,3,315,66,133,0.6666666666666666,0.3333333333333333,0,0,0,5,4,crash,false,8,10,1108,1480,0,0,0,false,false,false,0,0,2588,30,0,
411,tempted_1_5,2784,30,0,budget,0,53,true,4,500,73,108,0.23333333333333334,0.7666666666666667,0,0,0,4,8,normal,false,5,9,434,2350,0,0,0,false,false,true,0,0,2784,30,0,
412,tempted_1_5,8679,46,16,budget,0,96,true,5,1680,162,232,0.15217391304347827,0.717391304347826,0.10869565217391304,0.021739130434782608,0,10,2,normal,false,3,24,519,5620,2270,270,0,true,true,true,0,0,8679,46,0,
413,tempted_1_5,4595,34,4,budget,0,85,false,6,730,100,140,0,0.9705882352941176,0.029411764705882353,0,0,1,4,normal,false,5,16,0,4325,270,0,0,false,false,false,0,0,4595,34,0,
414,tempted_1_5,15119,60,30,budget,2,100,true,5,1820,208,273,0.06666666666666667,0.5666666666666667,0.15,0.05,0.16666666666666666,11,4,normal,false,5,27,229,5800,2910,1260,4920,false,true,false,4460,10,10659,50,1,5
415,tempted_1_5,5107,38,8,budget,0,78,true,7,1140,107,157,0.2631578947368421,0.6578947368421053,0.07894736842105263,0,0,7,7,normal,false,4,21,392,3905,810,0,0,false,false,false,0,0,5107,38,0,
416,tempted_1_5,6101,44,14,budget,0,98,true,4,900,111,166,0.11363636363636363,0.7045454545454546,0.13636363636363635,0.045454545454545456,0,10,15,normal,false,6,22,376,3030,1210,1485,0,true,true,true,0,0,6101,44,0,
417,tempted_1_5,4918,40,10,budget,0,79,true,4,620,115,162,0.075,0.85,0.075,0,0,7,1,normal,false,6,16,158,4420,340,0,0,false,false,false,0,0,4918,40,0,
418,tempted_1_5,18832,60,30,budget,2,100,true,6,3670,229,300,0.18333333333333332,0.5166666666666667,0.11666666666666667,0.016666666666666666,0.16666666666666666,14,1,normal,false,4,31,837,5620,1390,765,10220,false,false,true,9970,10,8862,50,2,2|2
419,tempted_1_5,3032,30,0,budget,0,52,true,3,395,87,134,0.3,0.7,0,0,0,3,9,normal,false,4,11,547,2485,0,0,0,false,false,false,0,0,3032,30,0,
420,tempted_1_5,7347,32,2,budget,0,75,true,8,2050,124,210,0.34375,0.65625,0,0,0,5,2,normal,false,4,20,617,6550,180,0,0,false,false,true,0,0,7347,32,0,
421,tempted_1_5,3643,32,2,budget,0,81,true,3,470,83,135,0.1875,0.75,0.0625,0,0,4,4,crash,false,3,16,298,3135,210,0,0,false,false,false,0,0,3643,32,0,
422,tempted_1_5,3609,30,0,budget,0,63,true,4,500,87,141,0.16666666666666666,0.8333333333333334,0,0,0,3,14,crash,false,4,13,394,3215,0,0,0,false,false,true,0,0,3609,30,0,
423,tempted_1_5,2379,30,0,budget,0,50,true,3,290,61,108,0.26666666666666666,0.7333333333333333,0,0,0,5,7,normal,false,4,12,444,1935,0,0,0,false,false,false,0,0,2379,30,0,
424,tempted_1_5,4035,36,6,budget,0,80,true,4,540,96,130,0.027777777777777776,0.9444444444444444,0.027777777777777776,0,0,4,14,normal,false,6,13,45,3720,270,0,0,false,false,true,0,0,4035,36,0,
425,tempted_1_5,3614,30,0,budget,0,53,true,4,530,78,140,0.23333333333333334,0.7666666666666667,0,0,0,2,21,crash,false,4,12,319,3295,0,0,0,false,false,false,0,0,3614,30,0,
426,tempted_1_5,2951,30,0,budget,0,58,true,3,365,77,110,0.1,0.9,0,0,0,1,29,normal,false,7,11,201,2750,0,0,0,false,false,true,0,0,2951,30,0,
427,tempted_1_5,25030,71,41,budget,1,100,true,6,8360,257,368,0.014084507042253521,0.7464788732394366,0.14084507042253522,0.028169014084507043,0.07042253521126761,17,1,normal,false,5,38,95,7570,4520,1125,11720,false,true,false,11620,5,13410,66,1,3
428,tempted_1_5,3727,34,4,budget,0,80,true,5,735,85,128,0.20588235294117646,0.7352941176470589,0.058823529411764705,0,0,3,2,normal,false,11,12,277,3180,270,0,0,false,false,true,0,0,3727,34,0,
429,tempted_1_5,2808,30,0,budget,0,68,true,3,395,70,105,0.16666666666666666,0.8333333333333334,0,0,0,4,17,normal,false,4,12,213,2595,0,0,0,false,false,false,0,0,2808,30,0,
430,tempted_1_5,8733,39,9,budget,1,100,true,5,1600,114,167,0.2564102564102564,0.5641025641025641,0.02564102564102564,0.02564102564102564,0.1282051282051282,4,9,normal,false,10,18,368,3065,210,1830,3260,false,true,false,3450,5,5283,34,1,2
431,tempted_1_5,5598,30,0,budget,0,50,true,6,1020,109,177,0.16666666666666666,0.8333333333333334,0,0,0,3,6,normal,false,3,16,343,5255,0,0,0,false,false,false,0,0,5598,30,0,
432,tempted_1_5,2096,30,0,budget,0,50,true,4,425,50,123,0.6333333333333333,0.36666666666666664,0,0,0,3,15,crash,false,5,10,786,1310,0,0,0,false,false,false,0,0,2096,30,0,
433,tempted_1_5,6237,46,16,budget,0,99,true,6,1085,120,182,0.1956521739130435,0.5217391304347826,0.21739130434782608,0.06521739130434782,0,11,5,normal,false,5,22,757,3020,1830,630,0,true,true,false,0,0,6237,46,0,
434,tempted_1_5,5590,30,0,budget,0,66,true,9,2670,91,142,0.26666666666666666,0.7333333333333333,0,0,0,2,21,normal,false,5,11,425,5165,0,0,0,false,false,true,0,0,5590,30,0,
435,tempted_1_5,4291,36,6,budget,0,87,true,5,630,90,137,0.1111111111111111,0.7777777777777778,0.1111111111111111,0,0,4,16,crash,false,5,15,141,3620,530,0,0,false,false,false,0,0,4291,36,0,
436,tempted_1_5,5867,40,10,budget,0,99,true,6,915,123,158,0.225,0.65,0.05,0.075,0,8,7,normal,false,5,17,482,3405,720,1260,0,true,true,false,0,0,5867,40,0,
437,tempted_1_5,3715,34,4,budget,0,77,true,3,360,89,146,0.058823529411764705,0.8823529411764706,0.058823529411764705,0,0,2,13,crash,false,7,13,110,3365,240,0,0,false,false,true,0,0,3715,34,0,
438,tempted_1_5,18845,72,42,budget,2,100,false,7,3230,214,302,0,0.7083333333333334,0.1388888888888889,0.013888888888888888,0.1388888888888889,13,26,normal,false,6,35,0,5100,8150,1395,4200,false,false,false,5230,10,13615,62,2,5|3
439,tempted_1_5,7915,34,4,budget,0,82,true,4,855,130,189,0.029411764705882353,0.9411764705882353,0.029411764705882353,0,0,3,8,normal,false,4,17,220,6315,1380,0,0,false,false,false,0,0,7915,34,0,
440,tempted_1_5,4828,30,0,budget,0,53,true,5,1315,96,172,0.36666666666666664,0.6333333333333333,0,0,0,4,8,normal,false,4,18,723,4105,0,0,0,false,false,true,0,0,4828,30,0,
441,tempted_1_5,6049,38,8,budget,0,80,true,5,1020,108,172,0.13157894736842105,0.8421052631578947,0.02631578947368421,0,0,5,18,crash,false,4,16,204,4315,1530,0,0,false,false,false,0,0,6049,38,0,
442,tempted_1_5,1498,16,0,lock,0,65,true,3,310,38,61,0.1875,0.8125,0,0,0,1,8,normal,false,7,4,128,1370,0,0,0,false,false,false,0,0,1498,16,0,
443,tempted_1_5,7840,35,22,lock,2,100,false,4,2280,109,120,0,0.6571428571428571,0.05714285714285714,0.05714285714285714,0.22857142857142856,6,2,frenzy,false,9,15,0,2090,480,330,4940,false,false,true,4370,8,3470,27,2,2|2
444,tempted_1_5,3344,30,0,budget,0,55,true,4,560,78,129,0.16666666666666666,0.8333333333333334,0,0,0,2,12,normal,false,5,10,309,3035,0,0,0,false,false,false,0,0,3344,30,0,
445,tempted_1_5,3470,36,6,budget,0,82,true,3,590,84,117,0.08333333333333333,0.8055555555555556,0.1111111111111111,0,0,4,6,normal,false,4,13,100,2350,1020,0,0,false,false,false,0,0,3470,36,0,
446,tempted_1_5,3772,30,0,budget,0,61,true,4,750,93,174,0.5666666666666667,0.43333333333333335,0,0,0,1,21,crash,false,4,13,1437,2335,0,0,0,false,false,true,0,0,3772,30,0,
447,tempted_1_5,3164,30,0,budget,0,67,true,4,510,79,120,0.2,0.8,0,0,0,2,15,crash,false,6,11,149,3015,0,0,0,false,false,false,0,0,3164,30,0,
448,tempted_1_5,9675,42,12,budget,0,92,true,5,1905,141,221,0.23809523809523808,0.6190476190476191,0.14285714285714285,0,0,8,5,normal,false,3,19,730,5175,2690,1080,0,true,false,false,0,0,9675,42,0,
449,tempted_1_5,4748,25,6,lock,0,85,true,7,1023,85,144,0.16,0.8,0.04,0,0,4,7,crash,false,5,8,1423,3025,300,0,0,false,false,false,0,0,4748,25,0,
450,tempted_1_5,13735,68,38,budget,0,99,true,5,3520,187,251,0,0.6764705882352942,0.2647058823529412,0.058823529411764705,0,14,1,normal,false,9,30,30,4150,4290,5265,0,true,true,false,0,0,13735,68,0,
451,tempted_1_5,2717,30,0,budget,0,50,true,3,330,59,126,0.4666666666666667,0.5333333333333333,0,0,0,4,9,normal,false,5,12,532,2185,0,0,0,false,false,true,0,0,2717,30,0,
452,tempted_1_5,2794,21,0,lock,0,53,true,4,515,63,105,0.42857142857142855,0.5714285714285714,0,0,0,2,11,crash,false,3,9,369,2425,0,0,0,false,false,false,0,0,2794,21,0,
453,tempted_1_5,8180,49,19,budget,1,100,true,4,755,149,191,0.02040816326530612,0.7551020408163265,0.12244897959183673,0,0.10204081632653061,8,1,normal,false,7,23,120,4260,1800,180,1820,false,false,false,1480,5,6700,44,1,2
454,tempted_1_5,8855,51,21,budget,1,100,true,4,1140,138,191,0.17647058823529413,0.5098039215686274,0.1568627450980392,0.058823529411764705,0.09803921568627451,10,12,crash,false,7,25,375,2845,2020,1995,1620,false,true,false,1300,5,7555,46,1,8
455,tempted_1_5,2623,30,0,budget,0,53,true,3,315,66,139,0.43333333333333335,0.5666666666666667,0,0,0,2,17,crash,false,4,11,768,1855,0,0,0,false,false,false,0,0,2623,30,0,
456,tempted_1_5,3176,30,0,budget,0,69,true,5,970,71,139,0.36666666666666664,0.6333333333333333,0,0,0,1,13,normal,false,3,13,636,2540,0,0,0,false,false,true,0,0,3176,30,0,
457,tempted_1_5,4622,30,0,budget,0,65,true,6,915,86,160,0.23333333333333334,0.7666666666666667,0,0,0,2,14,normal,false,4,14,542,4080,0,0,0,false,false,true,0,0,4622,30,0,
458,tempted_1_5,3923,30,0,budget,0,50,true,4,515,88,151,0.16666666666666666,0.8333333333333334,0,0,0,1,23,crash,false,8,12,553,3370,0,0,0,false,false,false,0,0,3923,30,0,
459,tempted_1_5,2864,30,0,budget,0,56,true,4,420,71,120,0.36666666666666664,0.6333333333333333,0,0,0,4,10,normal,false,4,12,699,2165,0,0,0,false,false,true,0,0,2864,30,0,
460,tempted_1_5,11007,47,17,budget,1,100,true,5,4480,128,170,0.14893617021276595,0.5531914893617021,0.1702127659574468,0.02127659574468085,0.10638297872340426,10,17,normal,false,5,24,242,2630,2170,405,5560,false,false,true,5500,5,5507,42,1,5
461,tempted_1_5,3765,30,0,budget,0,63,true,4,495,90,138,0.1,0.9,0,0,0,2,11,crash,false,5,12,240,3525,0,0,0,false,false,false,0,0,3765,30,0,
462,tempted_1_5,3134,30,0,budget,0,58,true,3,370,80,147,0.4666666666666667,0.5333333333333333,0,0,0,2,6,crash,false,4,14,939,2195,0,0,0,false,false,false,0,0,3134,30,0,
463,tempted_1_5,18463,76,46,budget,2,100,true,6,2505,232,315,0.05263157894736842,0.618421052631579,0.15789473684210525,0.039473684210526314,0.13157894736842105,16,1,normal,false,9,45,263,5000,3710,4050,5440,false,true,true,5090,10,13373,66,1,4
464,tempted_1_5,4045,38,8,budget,0,78,true,3,530,88,129,0,0.9736842105263158,0.02631578947368421,0,0,4,1,normal,false,7,15,30,3085,930,0,0,false,false,false,0,0,4045,38,0,
465,tempted_1_5,4648,30,0,budget,0,62,true,4,660,93,147,0.1,0.9,0,0,0,3,11,normal,false,4,14,168,4480,0,0,0,false,false,false,0,0,4648,30,0,
466,tempted_1_5,5111,42,12,budget,0,85,true,6,1075,113,160,0.14285714285714285,0.7380952380952381,0.11904761904761904,0,0,6,8,crash,false,5,16,296,4305,510,0,0,false,false,false,0,0,5111,42,0,
467,tempted_1_5,14044,53,23,budget,1,100,true,6,1860,176,250,0.09433962264150944,0.660377358490566,0.1320754716981132,0.018867924528301886,0.09433962264150944,10,10,crash,false,5,30,594,4350,2550,270,6280,false,false,true,5050,5,8994,48,1,2
468,tempted_1_5,3266,30,0,budget,0,58,true,4,375,77,121,0.13333333333333333,0.8666666666666667,0,0,0,2,8,crash,false,5,8,261,3005,0,0,0,false,false,false,0,0,3266,30,0,
469,tempted_1_5,2466,30,0,budget,0,56,true,3,270,70,111,0.3,0.7,0,0,0,3,9,crash,false,5,12,396,2070,0,0,0,false,false,false,0,0,2466,30,0,
470,tempted_1_5,11486,47,17,budget,1,100,true,4,3120,148,199,0.14893617021276595,0.6382978723404256,0.10638297872340426,0,0.10638297872340426,10,1,normal,false,6,21,351,3245,850,900,6140,false,false,true,6060,5,5426,42,1,2
471,tempted_1_5,1500,20,0,lock,0,67,false,3,250,42,54,0,1,0,0,0,0,-1,normal,false,5,6,0,1500,0,0,0,false,false,false,0,0,1500,20,0,
472,tempted_1_5,2806,32,2,budget,0,70,true,3,410,84,134,0.4375,0.5625,0,0,0,3,17,normal,false,12,9,776,2030,0,0,0,false,false,false,0,0,2806,32,0,
473,tempted_1_5,3680,38,8,budget,0,75,false,3,865,87,122,0,0.9210526315789473,0.07894736842105263,0,0,4,5,normal,false,8,13,0,2690,990,0,0,false,false,true,0,0,3680,38,0,
474,tempted_1_5,4533,32,2,budget,0,72,true,6,1025,101,141,0.3125,0.65625,0.03125,0,0,6,8,normal,false,4,16,473,3940,120,0,0,false,false,false,0,0,4533,32,0,
475,tempted_1_5,2903,30,0,budget,0,62,true,3,330,83,124,0.13333333333333333,0.8666666666666667,0,0,0,2,18,normal,false,5,9,563,2340,0,0,0,false,false,false,0,0,2903,30,0,
476,tempted_1_5,2649,32,2,budget,0,79,true,3,415,77,109,0.21875,0.71875,0.0625,0,0,2,20,normal,false,9,10,304,1975,370,0,0,false,false,false,0,0,2649,32,0,
477,tempted_1_5,5885,36,6,budget,0,83,false,4,900,125,162,0,0.8055555555555556,0.19444444444444445,0,0,3,16,normal,false,3,16,0,3555,2330,0,0,false,false,true,0,0,5885,36,0,
478,tempted_1_5,3245,30,0,budget,0,55,true,3,395,81,114,0.06666666666666667,0.9333333333333333,0,0,0,2,7,normal,false,4,12,80,3165,0,0,0,false,false,false,0,0,3245,30,0,
479,tempted_1_5,8975,43,13,budget,1,100,true,4,2560,105,174,0.27906976744186046,0.4883720930232558,0.11627906976744186,0,0.11627906976744186,4,3,crash,false,6,15,490,1895,1120,810,4660,false,false,true,5030,5,3945,38,0,
480,tempted_1_5,2955,30,0,budget,0,65,true,3,440,80,110,0.03333333333333333,0.9666666666666667,0,0,0,1,25,normal,false,3,14,60,2895,0,0,0,false,false,true,0,0,2955,30,0,
481,tempted_1_5,3518,30,0,budget,0,53,true,6,900,63,116,0.3333333333333333,0.6666666666666666,0,0,0,3,13,crash,false,6,9,343,3175,0,0,0,false,false,false,0,0,3518,30,0,
482,tempted_1_5,3916,34,4,budget,0,97,true,4,405,92,146,0.23529411764705882,0.6470588235294118,0.08823529411764706,0.029411764705882353,0,4,1,normal,false,3,18,426,3005,350,135,0,true,true,true,0,0,3916,34,0,
483,tempted_1_5,9175,30,11,lock,1,100,true,4,2620,89,125,0.03333333333333333,0.6666666666666666,0.1,0.03333333333333333,0.16666666666666666,5,11,keto,false,8,15,30,1935,320,1470,5420,false,true,true,4270,5,4905,25,1,3
484,tempted_1_5,1395,12,0,lock,0,65,false,3,440,34,43,0,1,0,0,0,0,-1,normal,false,3,5,0,1395,0,0,0,false,false,true,0,0,1395,12,0,
485,tempted_1_5,3073,30,0,budget,0,50,true,7,835,74,154,0.6666666666666666,0.3333333333333333,0,0,0,4,6,crash,false,4,11,1768,1305,0,0,0,false,false,false,0,0,3073,30,0,
486,tempted_1_5,2638,30,0,budget,0,69,true,3,315,80,103,0.1,0.9,0,0,0,1,8,normal,false,5,12,108,2530,0,0,0,false,false,true,0,0,2638,30,0,
487,tempted_1_5,369,7,0,lock,0,50,true,2,180,6,24,0.8571428571428571,0.14285714285714285,0,0,0,0,-1,crash,false,5,1,144,225,0,0,0,false,false,false,0,0,369,7,0,
488,tempted_1_5,4224,30,0,budget,0,50,true,6,1100,107,169,0.3333333333333333,0.6666666666666666,0,0,0,4,8,normal,false,2,18,669,3555,0,0,0,false,false,true,0,0,4224,30,0,
489,tempted_1_5,5778,40,10,budget,0,85,true,4,525,123,187,0.05,0.825,0.125,0,0,4,6,crash,false,5,21,433,4325,1020,0,0,false,false,false,0,0,5778,40,0,
490,tempted_1_5,3978,34,4,budget,0,74,true,3,470,92,137,0.11764705882352941,0.8823529411764706,0,0,0,4,1,normal,false,3,15,148,3650,180,0,0,false,false,false,0,0,3978,34,0,
491,tempted_1_5,3830,32,2,budget,0,70,true,4,410,90,137,0.15625,0.84375,0,0,0,4,3,normal,false,8,9,415,3145,270,0,0,false,false,false,0,0,3830,32,0,
492,tempted_1_5,8132,54,24,budget,0,99,true,4,580,153,197,0.07407407407407407,0.6851851851851852,0.16666666666666666,0.07407407407407407,0,10,1,normal,false,13,17,347,3365,2800,1620,0,true,true,false,0,0,8132,54,0,
493,tempted_1_5,4082,38,8,budget,0,77,true,3,580,97,142,0.21052631578947367,0.7631578947368421,0.02631578947368421,0,0,9,1,normal,false,7,14,417,2705,960,0,0,false,false,false,0,0,4082,38,0,
494,tempted_1_5,3297,32,2,budget,0,71,true,4,615,79,145,0.34375,0.65625,0,0,0,4,7,crash,false,6,9,722,2575,0,0,0,false,false,false,0,0,3297,32,0,
495,tempted_1_5,3099,30,0,budget,0,69,true,4,465,84,121,0.13333333333333333,0.8666666666666667,0,0,0,2,28,normal,false,9,10,474,2625,0,0,0,false,false,true,0,0,3099,30,0,
496,tempted_1_5,7673,47,17,budget,1,100,true,4,720,133,192,0.0425531914893617,0.7021276595744681,0.14893617021276595,0,0.10638297872340426,7,3,normal,false,7,23,68,3775,1490,0,2340,false,false,true,2390,5,5283,42,0,
497,tempted_1_5,10224,60,30,budget,0,98,true,4,1110,173,248,0.11666666666666667,0.6333333333333333,0.18333333333333332,0.06666666666666667,0,12,8,normal,false,7,25,324,3405,4380,2115,0,true,true,false,0,0,10224,60,0,
498,tempted_1_5,7106,42,12,budget,0,95,true,4,1480,134,187,0.047619047619047616,0.7857142857142857,0.14285714285714285,0.023809523809523808,0,6,10,normal,false,6,16,161,4390,2420,135,0,true,true,false,0,0,7106,42,0,
499,tempted_1_5,3170,30,0,budget,0,58,true,6,1275,63,114,0.3,0.7,0,0,0,3,10,crash,false,5,12,465,2705,0,0,0,false,false,true,0,0,3170,30,0,
500,tempted_1_5,5236,30,0,budget,0,52,true,5,1070,105,184,0.4,0.6,0,0,0,5,6,crash,false,3,15,926,4310,0,0,0,false,false,false,0,0,5236,30,0,
501,tempted_1_5,3189,32,2,budget,0,76,true,4,550,76,158,0.46875,0.53125,0,0,0,4,8,crash,false,4,14,1034,1795,360,0,0,false,false,false,0,0,3189,32,0,
502,tempted_1_5,4811,30,0,budget,0,50,true,9,2045,80,153,0.4666666666666667,0.5333333333333333,0,0,0,6,4,normal,false,4,13,996,3815,0,0,0,false,false,true,0,0,4811,30,0,
503,tempted_1_5,7735,46,16,budget,0,98,true,7,1170,141,204,0.17391304347826086,0.6521739130434783,0.10869565217391304,0.06521739130434782,0,10,13,normal,false,5,20,545,4875,1190,1125,0,true,true,false,0,0,7735,46,0,
504,tempted_1_5,5718,36,6,budget,0,82,true,5,975,124,162,0.08333333333333333,0.8055555555555556,0.1111111111111111,0,0,6,15,normal,false,4,18,188,4980,550,0,0,false,false,false,0,0,5718,36,0,
505,tempted_1_5,4678,30,0,budget,0,66,true,7,2165,83,138,0.3333333333333333,0.6666666666666666,0,0,0,3,11,crash,false,7,8,338,4340,0,0,0,false,false,true,0,0,4678,30,0,
506,tempted_1_5,3770,34,4,budget,0,80,true,3,435,89,150,0.2647058823529412,0.7352941176470589,0,0,0,5,7,crash,false,5,14,645,2945,180,0,0,false,false,false,0,0,3770,34,0,
507,tempted_1_5,3014,30,0,budget,0,53,true,6,935,64,117,0.5333333333333333,0.4666666666666667,0,0,0,7,7,normal,false,5,10,674,2340,0,0,0,false,false,true,0,0,3014,30,0,
508,tempted_1_5,7530,32,2,budget,0,71,true,8,2260,111,197,0.3125,0.6875,0,0,0,6,5,normal,false,4,13,625,6905,0,0,0,false,false,true,0,0,7530,32,0,
509,tempted_1_5,5364,32,2,budget,0,79,true,5,1075,118,167,0.09375,0.875,0.03125,0,0,2,14,normal,false,5,13,199,5045,120,0,0,false,false,false,0,0,5364,32,0,
510,tempted_1_5,6609,42,12,budget,0,75,true,5,955,134,190,0.09523809523809523,0.8095238095238095,0.09523809523809523,0,0,8,1,normal,false,5,23,354,4995,1260,0,0,false,false,false,0,0,6609,42,0,
511,tempted_1_5,5930,41,11,budget,1,100,true,3,1100,95,165,0.24390243902439024,0.5853658536585366,0.024390243902439025,0.024390243902439025,0.12195121951219512,3,13,crash,false,7,11,395,2325,700,510,2000,false,false,false,2060,5,3870,36,1,2
512,tempted_1_5,5976,38,8,budget,0,82,true,5,1500,116,173,0.10526315789473684,0.7894736842105263,0.10526315789473684,0,0,5,2,normal,false,5,17,431,3745,1800,0,0,false,false,false,0,0,5976,38,0,
513,tempted_1_5,6115,36,6,budget,0,85,true,5,1090,127,174,0,0.9444444444444444,0.05555555555555555,0,0,3,12,normal,false,5,13,120,5755,240,0,0,false,false,false,0,0,6115,36,0,
514,tempted_1_5,5790,40,10,budget,0,83,true,4,1340,104,139,0.05,0.775,0.175,0,0,5,21,normal,false,4,18,55,3075,2660,0,0,false,false,true,0,0,5790,40,0,
515,tempted_1_5,4710,32,2,budget,0,71,true,4,570,108,146,0,1,0,0,0,1,4,normal,false,4,10,90,4260,360,0,0,false,false,false,0,0,4710,32,0,
516,tempted_1_5,8428,43,13,budget,1,100,true,4,1200,126,194,0.23255813953488372,0.5581395348837209,0.06976744186046512,0.023255813953488372,0.11627906976744186,7,7,normal,false,4,28,558,3040,1450,1020,2360,false,false,true,1920,5,6508,38,1,3
517,tempted_1_5,37668,126,96,budget,6,100,true,5,2640,385,495,0.07936507936507936,0.3968253968253968,0.25396825396825395,0.031746031746031744,0.23809523809523808,28,1,crash,false,9,58,428,5475,6900,9045,15820,false,true,false,15350,30,22318,96,5,3|4|2|4|5
518,tempted_1_5,4012,30,0,budget,0,67,true,5,1145,90,136,0.3,0.7,0,0,0,4,11,normal,false,5,13,477,3535,0,0,0,false,false,false,0,0,4012,30,0,
519,tempted_1_5,11635,40,10,budget,0,97,true,9,5925,121,178,0.025,0.825,0.15,0,0,5,3,normal,false,8,17,125,4075,1630,5805,0,true,true,false,0,0,11635,40,0,
520,tempted_1_5,2032,32,2,budget,0,72,true,2,195,59,114,0.53125,0.4375,0.03125,0,0,4,4,crash,false,6,10,512,1340,180,0,0,false,false,false,0,0,2032,32,0,
521,tempted_1_5,6650,34,4,budget,0,81,true,5,780,120,184,0.08823529411764706,0.8823529411764706,0.029411764705882353,0,0,5,11,normal,false,5,17,175,5875,600,0,0,false,false,true,0,0,6650,34,0,
522,tempted_1_5,3764,30,0,budget,0,67,true,7,1010,85,143,0.36666666666666664,0.6333333333333333,0,0,0,2,16,crash,false,12,8,709,3055,0,0,0,false,false,false,0,0,3764,30,0,
523,tempted_1_5,20876,72,42,budget,4,100,true,6,3820,211,292,0.041666666666666664,0.5138888888888888,0.1527777777777778,0.013888888888888888,0.2777777777777778,12,5,normal,false,9,31,331,4495,1570,3060,11420,false,true,true,11570,20,9306,52,4,2|4|2|2
524,tempted_1_5,15496,49,19,budget,1,100,true,5,3660,159,227,0.04081632653061224,0.6530612244897959,0.14285714285714285,0.061224489795918366,0.10204081632653061,8,6,normal,false,6,22,166,4600,1590,1800,7340,false,true,false,8105,5,7391,44,1,10
525,tempted_1_5,4949,34,4,budget,0,87,true,6,928,105,158,0.17647058823529413,0.7941176470588235,0.029411764705882353,0,0,3,13,normal,false,5,17,519,4070,360,0,0,false,false,false,0,0,4949,34,0,
526,tempted_1_5,3844,32,2,budget,0,71,true,4,630,72,165,0.53125,0.46875,0,0,0,3,6,crash,false,4,12,1139,2255,450,0,0,false,false,false,0,0,3844,32,0,
527,tempted_1_5,1065,8,0,lock,0,63,false,3,385,22,29,0,1,0,0,0,0,-1,normal,false,2,3,0,1065,0,0,0,false,false,false,0,0,1065,8,0,
528,tempted_1_5,3162,32,2,budget,0,80,true,3,450,73,124,0.21875,0.75,0.03125,0,0,4,1,crash,false,5,12,262,2560,340,0,0,false,false,false,0,0,3162,32,0,
529,tempted_1_5,4126,32,2,budget,0,81,true,4,620,96,142,0.25,0.75,0,0,0,5,11,normal,false,4,12,356,3260,510,0,0,false,false,false,0,0,4126,32,0,
530,tempted_1_5,3332,30,0,budget,0,61,true,3,360,87,136,0.2,0.8,0,0,0,2,18,normal,false,6,11,382,2950,0,0,0,false,false,true,0,0,3332,30,0,
531,tempted_1_5,2163,30,0,budget,0,66,true,3,255,57,92,0.1,0.9,0,0,0,1,18,normal,false,7,9,158,2005,0,0,0,false,false,true,0,0,2163,30,0,
532,tempted_1_5,7435,34,4,budget,0,93,true,5,3370,111,157,0,0.9117647058823529,0.058823529411764705,0.029411764705882353,0,1,11,normal,false,6,15,80,3685,610,3060,0,true,false,false,0,0,7435,34,0,
533,tempted_1_5,7660,48,18,budget,0,90,true,4,1380,139,207,0.020833333333333332,0.7916666666666666,0.16666666666666666,0.020833333333333332,0,7,3,crash,false,6,21,70,4255,3200,135,0,true,false,false,0,0,7660,48,0,
534,tempted_1_5,3894,30,0,budget,0,66,true,5,695,89,144,0.2,0.8,0,0,0,1,21,normal,false,4,14,824,3070,0,0,0,false,false,true,0,0,3894,30,0,
535,tempted_1_5,3234,30,0,budget,0,55,true,4,380,85,138,0.4666666666666667,0.5333333333333333,0,0,0,4,9,normal,false,5,14,809,2425,0,0,0,false,false,true,0,0,3234,30,0,
536,tempted_1_5,3878,36,6,budget,0,86,true,3,480,90,159,0.3611111111111111,0.6111111111111112,0.027777777777777776,0,0,4,1,normal,false,5,14,603,2735,540,0,0,false,false,false,0,0,3878,36,0,
537,tempted_1_5,2830,16,0,lock,0,50,true,3,630,58,97,0.125,0.875,0,0,0,2,12,normal,false,2,9,100,2730,0,0,0,false,false,true,0,0,2830,16,0,
538,tempted_1_5,3988,30,0,budget,0,66,true,3,665,97,151,0.2,0.8,0,0,0,2,24,crash,false,7,11,208,3780,0,0,0,false,false,false,0,0,3988,30,0,
539,tempted_1_5,10661,43,13,budget,1,100,true,4,2320,141,195,0.16279069767441862,0.6046511627906976,0.09302325581395349,0.023255813953488372,0.11627906976744186,7,2,normal,false,4,20,341,3560,1100,1080,4580,false,false,false,5260,5,5401,38,1,4
540,tempted_1_5,4143,30,0,budget,0,55,true,5,795,88,128,0.06666666666666667,0.9333333333333333,0,0,0,1,30,normal,false,3,14,43,4100,0,0,0,false,false,true,0,0,4143,30,0,
541,tempted_1_5,1677,27,0,lock,0,55,true,3,240,49,75,0.2222222222222222,0.7777777777777778,0,0,0,2,10,normal,false,9,5,227,1450,0,0,0,false,false,false,0,0,1677,27,0,
542,tempted_1_5,20209,51,21,budget,1,100,true,9,8460,173,233,0.21568627450980393,0.5294117647058824,0.11764705882352941,0.0392156862745098,0.09803921568627451,9,2,normal,false,5,28,619,2965,2010,255,14360,false,true,false,14300,5,5909,46,1,4
543,tempted_1_5,5984,34,4,budget,0,72,true,5,870,122,183,0.20588235294117646,0.7647058823529411,0.029411764705882353,0,0,5,7,normal,false,4,16,509,5025,450,0,0,false,false,true,0,0,5984,34,0,
544,tempted_1_5,2104,30,0,budget,0,52,true,2,225,59,104,0.26666666666666666,0.7333333333333333,0,0,0,4,5,normal,false,5,11,354,1750,0,0,0,false,false,false,0,0,2104,30,0,
545,tempted_1_5,8480,48,18,budget,0,94,true,6,1080,165,226,0.0625,0.7708333333333334,0.16666666666666666,0,0,11,5,normal,false,4,22,100,6525,1450,405,0,true,false,true,0,0,8480,48,0,
546,tempted_1_5,2723,30,0,budget,0,59,true,4,770,68,112,0.4,0.6,0,0,0,2,21,normal,false,7,7,378,2345,0,0,0,false,false,false,0,0,2723,30,0,
547,tempted_1_5,11365,51,21,budget,1,100,true,4,1380,171,224,0.0196078431372549,0.7058823529411765,0.11764705882352941,0.058823529411764705,0.09803921568627451,7,3,normal,false,10,23,20,4335,1330,1380,4300,false,false,true,3860,5,7505,46,1,4
548,tempted_1_5,2989,30,0,budget,0,57,true,4,715,76,114,0.3333333333333333,0.6666666666666666,0,0,0,4,8,normal,false,5,12,329,2660,0,0,0,false,false,false,0,0,2989,30,0,
549,tempted_1_5,4006,30,0,budget,0,68,true,5,865,74,145,0.3,0.7,0,0,0,2,20,crash,false,4,13,341,3665,0,0,0,false,false,false,0,0,4006,30,0,
550,tempted_1_5,1015,10,2,lock,0,76,false,2,210,29,40,0,0.9,0.1,0,0,1,2,normal,false,5,3,0,805,210,0,0,false,false,true,0,0,1015,10,0,
551,tempted_1_5,4285,32,2,budget,0,74,true,4,445,93,145,0.3125,0.6875,0,0,0,5,6,normal,false,4,14,440,3605,240,0,0,false,false,false,0,0,4285,32,0,
552,tempted_1_5,1695,12,2,lock,0,70,false,4,420,41,48,0,1,0,0,0,1,1,normal,false,5,5,0,1695,0,0,0,false,false,false,0,0,1695,12,0,
553,tempted_1_5,5843,36,6,budget,0,82,true,5,1050,89,149,0.2777777777777778,0.6388888888888888,0.08333333333333333,0,0,5,2,normal,false,7,13,283,2570,2990,0,0,false,false,true,0,0,5843,36,0,
554,tempted_1_5,4329,34,4,budget,0,84,true,4,630,97,129,0.14705882352941177,0.7647058823529411,0.08823529411764706,0,0,3,8,normal,false,4,13,234,3275,820,0,0,false,false,true,0,0,4329,34,0,
555,tempted_1_5,2366,30,0,budget,0,57,true,4,495,60,120,0.5666666666666667,0.43333333333333335,0,0,0,5,7,crash,false,5,10,626,1740,0,0,0,false,false,false,0,0,2366,30,0,
556,tempted_1_5,3701,30,0,budget,0,67,true,3,400,98,135,0.13333333333333333,0.8666666666666667,0,0,0,3,10,normal,false,3,16,246,3455,0,0,0,false,false,true,0,0,3701,30,0,
557,tempted_1_5,18393,79,49,budget,3,100,true,5,2400,253,315,0.02531645569620253,0.5569620253164557,0.17721518987341772,0.05063291139240506,0.189873417721519,14,2,normal,false,10,37,223,5435,2520,1815,8400,false,true,false,6030,15,12363,64,2,2|2
558,tempted_1_5,3395,30,0,budget,0,66,true,5,775,76,135,0.5666666666666667,0.43333333333333335,0,0,0,6,3,crash,false,4,12,625,2770,0,0,0,false,false,false,0,0,3395,30,0,
559,tempted_1_5,21908,74,44,budget,4,100,true,4,2080,251,311,0.06756756756756757,0.40540540540540543,0.17567567567567569,0.08108108108108109,0.2702702702702703,13,5,normal,false,6,41,178,4130,2440,2460,12700,false,true,false,12450,20,9458,54,3,9|2|3
560,tempted_1_5,2491,30,0,budget,0,67,true,4,360,62,109,0.4,0.6,0,0,0,2,22,normal,false,8,10,636,1855,0,0,0,false,false,false,0,0,2491,30,0,
561,tempted_1_5,5665,38,8,budget,0,91,true,4,895,114,207,0.39473684210526316,0.5263157894736842,0.07894736842105263,0,0,7,16,crash,false,4,19,1465,2390,730,1080,0,true,false,false,0,0,5665,38,0,
562,tempted_1_5,3280,30,0,budget,0,66,true,4,675,83,126,0.13333333333333333,0.8666666666666667,0,0,0,3,16,normal,false,5,14,225,3055,0,0,0,false,false,true,0,0,3280,30,0,
563,tempted_1_5,2215,30,0,budget,0,58,true,3,218,60,98,0.2,0.8,0,0,0,2,24,normal,false,5,12,225,1990,0,0,0,false,false,false,0,0,2215,30,0,
564,tempted_1_5,4333,30,0,budget,0,57,true,5,803,92,149,0.3333333333333333,0.6666666666666666,0,0,0,4,6,normal,false,5,11,618,3715,0,0,0,false,false,false,0,0,4333,30,0,
565,tempted_1_5,13545,37,33,lock,3,100,false,6,5325,112,150,0,0.32432432432432434,0.21621621621621623,0.05405405405405406,0.40540540540540543,10,1,normal,false,4,21,0,1440,1080,5445,5580,false,false,true,9745,15,3800,22,3,2|3|2
566,tempted_1_5,3752,30,0,budget,0,62,true,5,935,80,121,0.3,0.7,0,0,0,5,5,normal,false,5,15,322,3430,0,0,0,false,false,true,0,0,3752,30,0,
567,tempted_1_5,15819,58,28,budget,2,100,true,5,3540,176,235,0.13793103448275862,0.4827586206896552,0.1206896551724138,0.08620689655172414,0.1724137931034483,10,1,normal,false,10,20,494,2750,1300,4395,6880,false,true,false,6800,10,9019,48,2,3|9
568,tempted_1_5,10996,40,10,budget,0,93,true,9,6805,120,181,0.15,0.775,0.05,0.025,0,6,13,normal,false,7,16,271,3625,1880,5220,0,true,false,true,0,0,10996,40,0,
569,tempted_1_5,3074,30,0,budget,0,63,true,4,435,72,122,0.26666666666666666,0.7333333333333333,0,0,0,4,4,normal,false,4,12,584,2490,0,0,0,false,false,true,0,0,3074,30,0,
570,tempted_1_5,23450,99,69,budget,5,100,true,6,2635,309,369,0.1111111111111111,0.36363636363636365,0.21212121212121213,0.06060606060606061,0.25252525252525254,24,1,normal,false,9,47,430,4865,4420,3675,10060,false,false,false,10360,25,13090,74,3,3|2|2
571,tempted_1_5,2939,30,0,budget,0,69,true,4,540,73,112,0.16666666666666666,0.8333333333333334,0,0,0,3,14,normal,false,8,11,339,2600,0,0,0,false,false,false,0,0,2939,30,0,
572,tempted_1_5,4493,32,2,budget,0,81,true,4,740,110,152,0.15625,0.8125,0.03125,0,0,4,13,normal,false,6,10,368,3735,390,0,0,false,false,false,0,0,4493,32,0,
573,tempted_1_5,3558,32,2,budget,0,72,true,4,480,78,117,0.09375,0.875,0.03125,0,0,1,17,crash,false,5,12,53,3415,90,0,0,false,false,true,0,0,3558,32,0,
574,tempted_1_5,2636,30,0,budget,0,62,true,4,430,70,115,0.43333333333333335,0.5666666666666667,0,0,0,3,6,normal,false,8,11,531,2105,0,0,0,false,false,false,0,0,2636,30,0,
575,tempted_1_5,6959,55,25,budget,1,100,true,5,840,138,187,0.16363636363636364,0.6181818181818182,0.09090909090909091,0.03636363636363636,0.09090909090909091,12,3,crash,false,6,21,344,3340,1480,255,1540,false,false,false,1480,5,5479,50,1,2
576,tempted_1_5,2951,30,0,budget,0,69,true,5,321,88,115,0.03333333333333333,0.9666666666666667,0,0,0,1,8,normal,false,7,10,321,2630,0,0,0,false,false,true,0,0,2951,30,0,
577,tempted_1_5,11892,51,21,budget,1,100,true,5,3060,161,255,0.17647058823529413,0.6274509803921569,0.09803921568627451,0,0.09803921568627451,10,5,crash,false,4,30,342,5565,1320,645,4020,false,false,false,1280,5,10612,46,1,3
578,tempted_1_5,3957,32,2,budget,0,73,true,3,570,112,182,0.3125,0.65625,0.03125,0,0,4,3,normal,false,3,18,1232,2635,90,0,0,false,false,false,0,0,3957,32,0,
579,tempted_1_5,4845,30,0,budget,0,63,true,5,1155,103,156,0.3333333333333333,0.6666666666666666,0,0,0,2,3,normal,false,9,11,420,4425,0,0,0,false,false,true,0,0,4845,30,0,
580,tempted_1_5,7313,38,8,budget,0,82,true,5,1890,121,172,0.10526315789473684,0.8421052631578947,0.05263157894736842,0,0,5,2,normal,false,7,16,183,4790,2340,0,0,false,false,true,0,0,7313,38,0,
581,tempted_1_5,5808,40,10,budget,0,96,true,4,585,124,168,0.05,0.8,0.1,0.05,0,5,7,normal,false,6,17,198,4045,770,795,0,true,true,true,0,0,5808,40,0,
582,tempted_1_5,3164,30,0,budget,0,50,true,4,565,72,135,0.5666666666666667,0.43333333333333335,0,0,0,4,11,normal,false,7,11,1064,2100,0,0,0,false,false,true,0,0,3164,30,0,
583,tempted_1_5,30465,93,63,budget,5,100,true,6,3720,300,426,0.03225806451612903,0.4946236559139785,0.17204301075268819,0.03225806451612903,0.26881720430107525,18,1,crash,false,5,48,110,5855,4070,1830,18600,false,false,false,17550,25,12915,68,5,2|3|2|3|2
584,tempted_1_5,5675,40,10,budget,0,98,true,3,410,138,182,0.025,0.85,0.1,0.025,0,6,6,normal,false,5,17,95,4800,600,180,0,true,true,true,0,0,5675,40,0,
585,tempted_1_5,3752,30,0,budget,0,56,true,4,490,82,149,0.3,0.7,0,0,0,4,17,crash,false,3,14,722,3030,0,0,0,false,false,true,0,0,3752,30,0,
586,tempted_1_5,6636,34,4,budget,0,74,true,5,1090,133,200,0.17647058823529413,0.8235294117647058,0,0,0,4,1,normal,false,4,17,321,5865,450,0,0,false,false,false,0,0,6636,34,0,
587,tempted_1_5,2044,30,0,budget,0,59,true,2,150,63,97,0.26666666666666666,0.7333333333333333,0,0,0,4,11,normal,false,7,8,384,1660,0,0,0,false,false,true,0,0,2044,30,0,
588,tempted_1_5,2234,30,0,budget,0,50,true,4,585,57,110,0.5,0.5,0,0,0,6,6,crash,false,7,13,794,1440,0,0,0,false,false,false,0,0,2234,30,0,
589,tempted_1_5,3997,34,4,budget,0,77,true,5,408,100,153,0.17647058823529413,0.7941176470588235,0.029411764705882353,0,0,4,16,crash,false,4,12,562,3165,270,0,0,false,false,false,0,0,3997,34,0,
590,tempted_1_5,7185,40,10,budget,0,86,true,5,975,140,189,0.025,0.8,0.175,0,0,5,15,normal,false,8,20,130,5555,1500,0,0,false,false,true,0,0,7185,40,0,
591,tempted_1_5,7538,42,12,budget,0,91,true,5,1605,135,198,0.047619047619047616,0.8571428571428571,0.07142857142857142,0.023809523809523808,0,4,24,crash,false,4,18,258,4750,1990,540,0,true,false,false,0,0,7538,42,0,
592,tempted_1_5,2983,30,0,budget,0,52,true,3,480,78,116,0.16666666666666666,0.8333333333333334,0,0,0,3,6,normal,false,6,11,343,2640,0,0,0,false,false,true,0,0,2983,30,0,
593,tempted_1_5,38261,129,99,budget,5,100,true,9,7640,402,537,0.046511627906976744,0.40310077519379844,0.27906976744186046,0.07751937984496124,0.1937984496124031,33,4,normal,false,5,67,226,6280,8460,13275,10020,false,true,false,10040,25,28221,104,5,6|5|3|4|8
594,tempted_1_5,5381,38,8,budget,0,91,true,6,920,98,151,0.3157894736842105,0.631578947368421,0.02631578947368421,0.02631578947368421,0,7,13,crash,false,3,16,596,3015,1590,180,0,true,false,false,0,0,5381,38,0,
595,tempted_1_5,14870,69,39,budget,1,100,true,5,1185,226,309,0.028985507246376812,0.6956521739130435,0.18840579710144928,0.014492753623188406,0.07246376811594203,17,2,normal,false,6,33,45,6830,5040,855,2100,false,false,true,2160,5,12710,64,0,
596,tempted_1_5,2256,30,0,budget,0,60,true,3,275,62,101,0.36666666666666664,0.6333333333333333,0,0,0,4,14,normal,false,3,14,546,1710,0,0,0,false,false,true,0,0,2256,30,0,
597,tempted_1_5,7243,49,19,budget,1,100,true,4,815,140,177,0.14285714285714285,0.6326530612244898,0.12244897959183673,0,0.10204081632653061,7,22,normal,false,11,19,433,3525,1160,765,1360,false,false,false,1620,5,5623,44,1,2
598,tempted_1_5,3153,30,0,budget,0,68,true,4,355,81,125,0.13333333333333333,0.8666666666666667,0,0,0,2,12,crash,false,6,9,178,2975,0,0,0,false,false,false,0,0,3153,30,0,
599,tempted_1_5,3866,30,0,budget,0,66,true,4,520,84,149,0.26666666666666666,0.7333333333333333,0,0,0,4,8,normal,false,3,16,366,3500,0,0,0,false,false,true,0,0,3866,30,0,
600,tempted_1_5,7629,40,10,budget,0,92,true,4,2200,103,173,0.175,0.6,0.2,0.025,0,6,1,crash,false,6,15,149,3015,3250,1215,0,true,false,false,0,0,7629,40,0,
601,tempted_1_5,3844,34,4,budget,0,94,true,4,530,86,134,0.17647058823529413,0.7352941176470589,0.058823529411764705,0.029411764705882353,0,3,11,normal,false,9,12,174,2845,690,135,0,true,false,false,0,0,3844,34,0,
602,tempted_1_5,2968,32,2,budget,0,70,true,3,330,73,152,0.375,0.625,0,0,0,3,3,normal,false,7,14,813,2155,0,0,0,false,false,true,0,0,2968,32,0,
603,tempted_1_5,1335,15,0,lock,0,50,true,3,240,30,55,0.26666666666666666,0.7333333333333333,0,0,0,3,8,normal,false,3,6,140,1195,0,0,0,false,false,true,0,0,1335,15,0,
604,tempted_1_5,2687,30,0,budget,0,50,true,4,350,68,137,0.5333333333333333,0.4666666666666667,0,0,0,4,7,normal,false,5,10,957,1730,0,0,0,false,false,true,0,0,2687,30,0,
605,tempted_1_5,11257,55,25,budget,1,100,true,5,915,187,284,0.12727272727272726,0.6909090909090909,0.07272727272727272,0.01818181818181818,0.09090909090909091,10,8,crash,false,5,27,482,5940,1630,645,2560,false,false,false,2620,5,8637,50,1,2
606,tempted_1_5,2550,30,0,budget,0,63,true,4,360,69,115,0.2,0.8,0,0,0,2,17,normal,false,9,7,400,2150,0,0,0,false,false,true,0,0,2550,30,0,
607,tempted_1_5,2813,30,0,budget,0,51,true,5,530,71,119,0.3333333333333333,0.6666666666666666,0,0,0,3,10,crash,false,9,10,563,2250,0,0,0,false,false,false,0,0,2813,30,0,
608,tempted_1_5,2199,30,0,budget,0,58,true,4,375,58,100,0.23333333333333334,0.7666666666666667,0,0,0,4,6,crash,false,5,13,309,1890,0,0,0,false,false,true,0,0,2199,30,0,
609,tempted_1_5,3345,30,0,budget,0,60,true,4,465,83,121,0.03333333333333333,0.9666666666666667,0,0,0,1,5,normal,false,3,13,140,3205,0,0,0,false,false,false,0,0,3345,30,0,
610,tempted_1_5,2710,30,0,budget,0,69,true,3,295,87,122,0.2,0.8,0,0,0,2,17,normal,false,4,12,425,2285,0,0,0,false,false,true,0,0,2710,30,0,
611,tempted_1_5,2791,30,0,budget,0,52,true,5,443,66,112,0.4666666666666667,0.5333333333333333,0,0,0,4,6,normal,false,6,11,616,2175,0,0,0,false,false,true,0,0,2791,30,0,
612,tempted_1_5,4205,32,2,budget,0,80,true,4,530,104,130,0,0.96875,0.03125,0,0,1,30,normal,false,4,17,30,4055,120,0,0,false,false,true,0,0,4205,32,0,
613,tempted_1_5,2494,34,4,budget,0,72,true,3,265,67,118,0.2647058823529412,0.6764705882352942,0.058823529411764705,0,0,4,4,normal,false,6,12,504,1810,180,0,0,false,false,true,0,0,2494,34,0,
614,tempted_1_5,4576,30,0,budget,0,55,true,4,590,105,157,0.13333333333333333,0.8666666666666667,0,0,0,2,25,normal,false,4,13,331,4245,0,0,0,false,false,false,0,0,4576,30,0,
615,tempted_1_5,6721,50,20,budget,0,88,true,3,780,131,196,0.1,0.82,0.08,0,0,11,18,normal,false,8,20,181,3840,2250,450,0,false,false,true,0,0,6721,50,0,
616,tempted_1_5,4040,32,2,budget,0,77,true,3,360,86,136,0.09375,0.875,0.03125,0,0,3,11,crash,false,5,12,50,3900,90,0,0,false,false,false,0,0,4040,32,0,
617,tempted_1_5,5683,44,14,budget,0,88,true,4,500,132,191,0.25,0.6363636363636364,0.09090909090909091,0.022727272727272728,0,11,11,normal,false,5,20,573,3715,1080,315,0,false,false,true,0,0,5683,44,0,
618,tempted_1_5,1971,17,0,lock,0,50,true,6,840,34,65,0.35294117647058826,0.6470588235294118,0,0,0,4,6,normal,false,5,7,281,1690,0,0,0,false,false,false,0,0,1971,17,0,
619,tempted_1_5,2290,17,8,lock,0,87,true,4,420,39,59,0.058823529411764705,0.6470588235294118,0.29411764705882354,0,0,4,1,normal,false,4,6,20,1190,810,270,0,false,false,false,0,0,2290,17,0,
620,tempted_1_5,3205,21,4,lock,0,74,true,4,500,58,105,0,1,0,0,0,2,1,normal,false,4,10,80,2945,180,0,0,false,false,true,0,0,3205,21,0,
621,tempted_1_5,4418,32,2,budget,0,77,true,4,930,91,138,0.15625,0.8125,0.03125,0,0,5,4,normal,false,3,18,138,3350,930,0,0,false,false,false,0,0,4418,32,0,
622,tempted_1_5,1178,19,0,lock,0,56,true,3,210,30,57,0.3157894736842105,0.6842105263157895,0,0,0,4,7,crash,false,4,7,148,1030,0,0,0,false,false,false,0,0,1178,19,0,
623,tempted_1_5,2887,30,0,budget,0,69,true,4,510,81,125,0.23333333333333334,0.7666666666666667,0,0,0,3,21,normal,false,4,10,397,2490,0,0,0,false,false,true,0,0,2887,30,0,
624,tempted_1_5,3895,32,2,budget,0,70,true,6,1060,102,146,0.3125,0.6875,0,0,0,5,3,normal,false,5,11,605,3290,0,0,0,false,false,false,0,0,3895,32,0,
625,tempted_1_5,2714,30,0,budget,0,62,true,4,475,72,109,0.3,0.7,0,0,0,3,9,normal,false,9,8,364,2350,0,0,0,false,false,false,0,0,2714,30,0,
626,tempted_1_5,7749,38,8,budget,0,97,true,6,1440,141,185,0.13157894736842105,0.7631578947368421,0.10526315789473684,0,0,6,11,normal,false,4,21,389,4550,1550,1260,0,true,true,true,0,0,7749,38,0,
627,tempted_1_5,4081,32,2,budget,0,72,true,4,795,101,136,0.15625,0.8125,0.03125,0,0,3,3,normal,false,4,14,301,3630,150,0,0,false,false,false,0,0,4081,32,0,
628,tempted_1_5,4685,15,12,lock,0,87,false,5,2235,51,69,0,0.7333333333333333,0.26666666666666666,0,0,3,3,normal,false,3,7,0,1220,1530,1935,0,false,false,true,0,0,4685,15,0,
629,tempted_1_5,20739,79,49,budget,3,100,true,4,2760,260,290,0.06329113924050633,0.5316455696202531,0.1518987341772152,0.06329113924050633,0.189873417721519,18,6,normal,false,8,36,179,4515,2120,2685,11240,false,false,false,12440,15,8299,64,3,3|7|2
630,tempted_1_5,3897,32,2,budget,0,70,true,4,710,101,138,0.1875,0.8125,0,0,0,4,7,normal,false,5,13,322,3215,360,0,0,false,false,true,0,0,3897,32,0,
631,tempted_1_5,3731,30,0,budget,0,56,true,5,705,92,140,0.2,0.8,0,0,0,3,9,normal,false,3,16,466,3265,0,0,0,false,false,false,0,0,3731,30,0,
632,tempted_1_5,8330,43,13,budget,1,100,false,4,1220,130,176,0,0.7209302325581395,0.16279069767441862,0,0.11627906976744186,3,17,normal,false,6,22,0,3330,2620,0,2380,false,false,false,2400,5,5930,38,1,2
633,tempted_1_5,4463,30,0,budget,0,66,true,5,755,86,166,0.5333333333333333,0.4666666666666667,0,0,0,4,7,crash,false,5,12,943,3520,0,0,0,false,false,false,0,0,4463,30,0,
634,tempted_1_5,7675,34,4,budget,0,77,true,6,1245,122,216,0.08823529411764706,0.9117647058823529,0,0,0,4,12,normal,false,4,18,425,6260,990,0,0,false,false,false,0,0,7675,34,0,
635,tempted_1_5,12040,58,28,budget,0,95,true,5,960,209,276,0.017241379310344827,0.7241379310344828,0.1724137931034483,0.08620689655172414,0,11,5,normal,false,4,25,15,7255,3510,1260,0,true,true,false,0,0,12040,58,0,
636,tempted_1_5,3470,36,6,budget,0,87,false,3,375,88,117,0,0.8888888888888888,0.1111111111111111,0,0,3,30,normal,false,6,15,0,2940,530,0,0,false,false,false,0,0,3470,36,0,
637,tempted_1_5,3495,34,4,budget,0,85,true,4,480,91,134,0.4117647058823529,0.47058823529411764,0.11764705882352941,0,0,5,4,normal,false,4,16,640,2395,460,0,0,false,false,true,0,0,3495,34,0,
638,tempted_1_5,3201,32,2,budget,0,70,true,4,480,76,142,0.375,0.625,0,0,0,4,14,crash,false,8,12,646,2555,0,0,0,false,false,true,0,0,3201,32,0,
639,tempted_1_5,3678,32,2,budget,0,75,true,5,585,85,120,0.0625,0.90625,0.03125,0,0,2,4,normal,false,5,12,58,3440,180,0,0,false,false,false,0,0,3678,32,0,
640,tempted_1_5,3477,34,4,budget,0,85,true,3,395,87,146,0.35294117647058826,0.5588235294117647,0.08823529411764706,0,0,6,5,crash,false,4,16,657,2340,480,0,0,false,false,true,0,0,3477,34,0,
641,tempted_1_5,4338,30,0,budget,0,66,true,4,690,92,164,0.4,0.6,0,0,0,4,8,normal,false,3,14,773,3565,0,0,0,false,false,true,0,0,4338,30,0,
642,tempted_1_5,3418,34,4,budget,0,89,true,4,610,71,121,0.2647058823529412,0.6764705882352942,0.029411764705882353,0.029411764705882353,0,3,5,normal,false,10,9,233,2690,360,135,0,false,false,false,0,0,3418,34,0,
643,tempted_1_5,4060,32,2,budget,0,76,true,4,405,102,131,0.03125,0.9375,0.03125,0,0,2,7,normal,false,6,12,20,3950,90,0,0,false,false,true,0,0,4060,32,0,
644,tempted_1_5,3147,30,0,budget,0,62,true,6,1200,69,112,0.5666666666666667,0.43333333333333335,0,0,0,5,6,normal,false,5,12,767,2380,0,0,0,false,false,false,0,0,3147,30,0,
645,tempted_1_5,14191,60,30,budget,2,100,true,5,1755,196,265,0.06666666666666667,0.65,0.08333333333333333,0.03333333333333333,0.16666666666666666,9,1,normal,false,5,30,146,4380,3750,1995,3920,false,true,false,4885,10,9306,50,1,2
646,tempted_1_5,2793,34,4,budget,0,93,true,4,350,67,113,0.29411764705882354,0.6470588235294118,0.029411764705882353,0.029411764705882353,0,3,4,normal,false,8,9,398,1980,280,135,0,true,false,false,0,0,2793,34,0,
647,tempted_1_5,3103,30,0,budget,0,50,true,5,585,69,139,0.5333333333333333,0.4666666666666667,0,0,0,4,4,crash,false,6,11,998,2105,0,0,0,false,false,false,0,0,3103,30,0,
648,tempted_1_5,17565,78,48,budget,2,100,false,4,1440,232,306,0,0.5512820512820513,0.2564102564102564,0.0641025641025641,0.1282051282051282,16,6,normal,false,8,36,0,5000,3140,1725,7700,false,true,false,7670,10,9895,68,2,7|3
649,tempted_1_5,5914,32,2,budget,0,70,true,8,2130,109,174,0.3125,0.6875,0,0,0,2,1,crash,false,5,15,474,5440,0,0,0,false,false,false,0,0,5914,32,0,
650,tempted_1_5,2640,25,6,lock,0,82,false,3,400,69,90,0,0.96,0.04,0,0,3,11,normal,false,5,12,0,2240,400,0,0,false,false,false,0,0,2640,25,0,
651,tempted_1_5,3428,34,4,budget,0,77,true,4,735,78,125,0.14705882352941177,0.8235294117647058,0.029411764705882353,0,0,5,5,crash,false,5,15,218,2940,270,0,0,false,false,false,0,0,3428,34,0,
652,tempted_1_5,3741,30,0,budget,0,51,true,5,855,81,148,0.4,0.6,0,0,0,2,3,crash,false,7,11,926,2815,0,0,0,false,false,false,0,0,3741,30,0,
653,tempted_1_5,11018,63,33,budget,1,100,true,8,1605,181,252,0.07936507936507936,0.6666666666666666,0.14285714285714285,0.031746031746031744,0.07936507936507936,15,6,normal,false,5,29,168,5880,2600,570,1800,false,false,true,1200,5,9818,58,1,3
654,tempted_1_5,11509,42,12,budget,0,85,true,7,2100,180,303,0.19047619047619047,0.6904761904761905,0.11904761904761904,0,0,8,1,normal,false,8,20,859,6620,4030,0,0,false,false,false,0,0,11509,42,0,
655,tempted_1_5,4223,38,8,budget,0,92,true,5,900,92,119,0.05263157894736842,0.8421052631578947,0.07894736842105263,0.02631578947368421,0,4,14,normal,false,9,15,103,2845,1140,135,0,true,false,true,0,0,4223,38,0,
656,tempted_1_5,2779,30,0,budget,0,50,true,4,295,81,132,0.4,0.6,0,0,0,3,11,crash,false,5,9,939,1840,0,0,0,false,false,false,0,0,2779,30,0,
657,tempted_1_5,2583,30,0,budget,0,53,true,5,600,66,121,0.5333333333333333,0.4666666666666667,0,0,0,5,8,crash,false,3,13,818,1765,0,0,0,false,false,false,0,0,2583,30,0,
658,tempted_1_5,5149,42,12,budget,0,93,true,4,540,103,172,0.35714285714285715,0.5238095238095238,0.09523809523809523,0.023809523809523808,0,10,3,crash,false,6,16,559,2760,1650,180,0,true,false,false,0,0,5149,42,0,
659,tempted_1_5,3088,30,0,budget,0,50,true,4,695,78,117,0.2,0.8,0,0,0,3,9,crash,false,5,11,363,2725,0,0,0,false,false,false,0,0,3088,30,0,
660,tempted_1_5,9255,49,19,budget,1,100,false,5,2400,154,185,0,0.7755102040816326,0.10204081632653061,0.02040816326530612,0.10204081632653061,6,5,normal,false,12,17,0,4065,630,2400,2160,false,false,true,3900,5,5355,44,1,2
661,tempted_1_5,3993,30,0,budget,0,55,true,5,725,85,131,0.13333333333333333,0.8666666666666667,0,0,0,2,27,crash,false,5,12,183,3810,0,0,0,false,false,false,0,0,3993,30,0,
662,tempted_1_5,16821,71,41,budget,1,100,true,7,2020,239,338,0.04225352112676056,0.676056338028169,0.16901408450704225,0.04225352112676056,0.07042253521126761,15,1,normal,false,5,32,246,6795,3980,2340,3460,false,true,true,4330,5,12491,66,1,2
663,tempted_1_5,4223,32,2,budget,0,70,true,4,435,98,145,0.15625,0.84375,0,0,0,4,1,normal,false,6,15,323,3900,0,0,0,false,false,false,0,0,4223,32,0,
664,tempted_1_5,2971,30,0,budget,0,59,true,4,625,64,132,0.5,0.5,0,0,0,2,9,crash,false,4,11,691,2280,0,0,0,false,false,false,0,0,2971,30,0,
665,tempted_1_5,3025,30,0,budget,0,56,true,4,405,69,103,0.03333333333333333,0.9666666666666667,0,0,0,1,30,normal,false,6,11,205,2820,0,0,0,false,false,true,0,0,3025,30,0,
666,tempted_1_5,2927,30,0,budget,0,54,true,4,445,65,134,0.4666666666666667,0.5333333333333333,0,0,0,5,4,crash,false,6,11,637,2290,0,0,0,false,false,false,0,0,2927,30,0,
667,tempted_1_5,8083,42,12,budget,0,90,true,7,1430,158,201,0.09523809523809523,0.7380952380952381,0.14285714285714285,0.023809523809523808,0,8,10,normal,false,4,18,208,6500,1240,135,0,true,false,false,0,0,8083,42,0,
668,tempted_1_5,21639,73,43,budget,3,100,true,6,3820,225,342,0.0958904109589041,0.3972602739726027,0.2465753424657534,0.0547945205479452,0.2054794520547945,18,9,crash,false,3,44,259,4415,3800,2925,10240,false,true,false,8930,15,12709,58,3,5|4|8
669,tempted_1_5,2950,30,0,budget,0,61,true,4,620,71,115,0.2,0.8,0,0,0,3,18,crash,false,5,10,290,2660,0,0,0,false,false,false,0,0,2950,30,0,
670,tempted_1_5,4145,40,10,budget,0,86,true,3,460,103,139,0.025,0.85,0.125,0,0,5,15,crash,false,5,11,0,3175,970,0,0,false,false,false,0,0,4145,40,0,
671,tempted_1_5,4390,38,8,budget,0,85,true,4,810,86,134,0.21052631578947367,0.6842105263157895,0.10526315789473684,0,0,4,3,normal,false,6,14,245,2855,750,540,0,false,false,false,0,0,4390,38,0,
672,tempted_1_5,3669,34,4,budget,0,74,true,4,510,65,125,0.29411764705882354,0.7058823529411765,0,0,0,5,1,crash,false,4,13,304,2465,900,0,0,false,false,true,0,0,3669,34,0,
673,tempted_1_5,5297,30,0,budget,0,60,true,6,1070,93,192,0.4,0.6,0,0,0,1,26,normal,false,5,13,1472,3825,0,0,0,false,false,false,0,0,5297,30,0,
674,tempted_1_5,4500,34,4,budget,0,73,true,5,870,81,154,0.3235294117647059,0.6470588235294118,0.029411764705882353,0,0,3,2,crash,false,4,15,575,2995,930,0,0,false,false,false,0,0,4500,34,0,
675,tempted_1_5,3655,34,4,budget,0,78,true,4,450,88,121,0.029411764705882353,0.9411764705882353,0.029411764705882353,0,0,3,20,normal,false,4,13,30,3535,90,0,0,false,false,true,0,0,3655,34,0,
676,tempted_1_5,3604,30,0,budget,0,61,true,4,940,87,137,0.3333333333333333,0.6666666666666666,0,0,0,2,15,crash,false,4,15,444,3160,0,0,0,false,false,false,0,0,3604,30,0,
677,tempted_1_5,2595,30,0,budget,0,50,true,3,260,65,122,0.3333333333333333,0.6666666666666666,0,0,0,2,17,normal,false,4,12,390,2205,0,0,0,false,false,false,0,0,2595,30,0,
678,tempted_1_5,2721,30,0,budget,0,53,true,5,491,61,145,0.6666666666666666,0.3333333333333333,0,0,0,5,7,crash,false,5,10,1356,1365,0,0,0,false,false,false,0,0,2721,30,0,
679,tempted_1_5,2625,30,0,budget,0,53,true,4,403,74,136,0.5333333333333333,0.4666666666666667,0,0,0,4,5,normal,false,5,12,1200,1425,0,0,0,false,false,false,0,0,2625,30,0,
680,tempted_1_5,3958,30,0,budget,0,53,true,4,670,82,147,0.4,0.6,0,0,0,3,22,crash,false,6,10,583,3375,0,0,0,false,false,false,0,0,3958,30,0,
681,tempted_1_5,2914,30,0,budget,0,50,true,5,1010,73,120,0.3,0.7,0,0,0,4,6,normal,false,4,11,509,2405,0,0,0,false,false,false,0,0,2914,30,0,
682,tempted_1_5,5393,32,2,budget,0,74,true,5,890,120,172,0.21875,0.75,0.03125,0,0,4,3,normal,false,8,16,938,3575,880,0,0,false,false,false,0,0,5393,32,0,
683,tempted_1_5,2790,30,0,budget,0,63,true,3,370,73,105,0.03333333333333333,0.9666666666666667,0,0,0,1,14,normal,false,5,13,45,2745,0,0,0,false,false,false,0,0,2790,30,0,
684,tempted_1_5,25768,87,57,budget,3,100,true,6,2500,268,398,0.09195402298850575,0.5057471264367817,0.1724137931034483,0.05747126436781609,0.1724137931034483,21,1,normal,false,10,38,418,4195,6260,4995,9900,false,true,false,11840,15,13928,72,2,2|5
685,tempted_1_5,3960,30,0,budget,0,65,true,7,1185,80,135,0.3,0.7,0,0,0,5,6,crash,false,7,11,725,3235,0,0,0,false,false,false,0,0,3960,30,0,
686,tempted_1_5,2315,30,0,budget,0,50,true,4,745,63,121,0.5333333333333333,0.4666666666666667,0,0,0,5,12,normal,false,6,9,745,1570,0,0,0,false,false,true,0,0,2315,30,0,
687,tempted_1_5,5156,32,2,budget,0,82,true,5,960,92,154,0.15625,0.84375,0,0,0,2,11,normal,false,10,11,266,4530,360,0,0,false,false,false,0,0,5156,32,0,
688,tempted_1_5,3980,30,0,budget,0,52,true,5,915,83,136,0.06666666666666667,0.9333333333333333,0,0,0,1,18,normal,false,9,7,80,3900,0,0,0,false,false,false,0,0,3980,30,0,
689,tempted_1_5,3723,34,4,budget,0,78,true,4,450,94,149,0.23529411764705882,0.7352941176470589,0.029411764705882353,0,0,6,1,normal,false,5,15,463,3170,90,0,0,false,false,true,0,0,3723,34,0,
690,tempted_1_5,2687,30,0,budget,0,50,true,5,810,59,115,0.4666666666666667,0.5333333333333333,0,0,0,3,8,crash,false,7,13,312,2375,0,0,0,false,false,false,0,0,2687,30,0,
691,tempted_1_5,3570,29,4,lock,0,80,false,4,525,90,117,0,0.9655172413793104,0.034482758620689655,0,0,2,9,normal,false,6,10,0,3480,90,0,0,false,false,false,0,0,3570,29,0,
692,tempted_1_5,3468,30,0,budget,0,58,true,3,430,85,134,0.23333333333333334,0.7666666666666667,0,0,0,3,6,normal,false,3,13,348,3120,0,0,0,false,false,true,0,0,3468,30,0,
693,tempted_1_5,3979,30,0,budget,0,61,true,5,1040,90,158,0.36666666666666664,0.6333333333333333,0,0,0,4,7,crash,false,5,15,914,3065,0,0,0,false,false,true,0,0,3979,30,0,
694,tempted_1_5,2483,30,0,budget,0,54,true,4,520,60,95,0.13333333333333333,0.8666666666666667,0,0,0,3,23,normal,false,5,9,103,2380,0,0,0,false,false,true,0,0,2483,30,0,
695,tempted_1_5,4053,30,0,budget,0,67,true,5,715,102,130,0.03333333333333333,0.9666666666666667,0,0,0,1,25,normal,false,7,11,158,3895,0,0,0,false,false,true,0,0,4053,30,0,
696,tempted_1_5,37278,105,75,budget,5,100,true,5,4480,367,469,0.10476190476190476,0.34285714285714286,0.21904761904761905,0.09523809523809523,0.23809523809523808,24,2,normal,false,7,58,553,4550,4510,6045,21620,false,true,true,18700,25,18578,80,4,2|5|6|2
697,tempted_1_5,545,8,0,lock,0,63,false,2,135,17,21,0,1,0,0,0,0,-1,normal,false,4,2,0,545,0,0,0,false,false,true,0,0,545,8,0,
698,tempted_1_5,4565,36,6,budget,0,82,true,4,405,106,133,0,0.9166666666666666,0.08333333333333333,0,0,3,15,normal,false,3,17,30,4055,480,0,0,false,false,true,0,0,4565,36,0,
699,tempted_1_5,2690,30,0,budget,0,55,true,3,375,75,100,0.03333333333333333,0.9666666666666667,0,0,0,1,22,normal,false,6,10,15,2675,0,0,0,false,false,false,0,0,2690,30,0,
700,tempted_1_5,3536,30,0,budget,0,60,true,4,585,83,126,0.23333333333333334,0.7666666666666667,0,0,0,4,4,normal,false,4,12,291,3245,0,0,0,false,false,false,0,0,3536,30,0,
701,tempted_1_5,3398,32,2,budget,0,81,true,4,680,86,118,0.15625,0.8125,0.03125,0,0,5,11,normal,false,3,14,163,3145,90,0,0,false,false,false,0,0,3398,32,0,
702,tempted_1_5,8404,46,16,budget,0,93,true,5,3445,119,181,0.1956521739130435,0.6739130434782609,0.10869565217391304,0.021739130434782608,0,8,10,crash,false,7,20,259,3535,1190,3420,0,true,false,false,0,0,8404,46,0,
703,tempted_1_5,2627,34,4,budget,0,72,true,4,283,76,139,0.47058823529411764,0.5294117647058824,0,0,0,7,3,normal,false,4,13,1182,1265,180,0,0,false,false,true,0,0,2627,34,0,
704,tempted_1_5,8625,23,11,lock,1,100,false,4,1860,83,110,0,0.6086956521739131,0.17391304347826086,0,0.21739130434782608,3,7,keto,false,5,12,0,1650,430,405,6140,false,false,true,5360,5,3265,18,1,2
705,tempted_1_5,14520,50,20,budget,2,100,false,5,3060,151,206,0,0.7,0.08,0.02,0.2,7,22,normal,false,7,27,0,4580,1240,180,8520,false,false,false,8680,10,5840,40,2,3|3
706,tempted_1_5,2118,21,2,lock,0,78,true,5,710,45,75,0.14285714285714285,0.8095238095238095,0.047619047619047616,0,0,4,2,normal,false,5,7,133,1865,120,0,0,false,false,false,0,0,2118,21,0,
707,tempted_1_5,3850,30,0,budget,0,67,true,4,495,83,155,0.3,0.7,0,0,0,3,4,crash,false,4,15,530,3320,0,0,0,false,false,false,0,0,3850,30,0,
708,tempted_1_5,4031,36,6,budget,0,84,true,4,555,82,122,0.1111111111111111,0.8333333333333334,0.05555555555555555,0,0,4,15,crash,false,4,14,91,2890,1050,0,0,false,false,false,0,0,4031,36,0,
709,tempted_1_5,620,6,0,lock,0,52,false,3,340,16,20,0,1,0,0,0,0,-1,normal,false,3,2,0,620,0,0,0,false,false,false,0,0,620,6,0,
710,tempted_1_5,3180,30,0,budget,0,65,true,3,400,79,134,0.36666666666666664,0.6333333333333333,0,0,0,4,10,normal,false,3,16,685,2495,0,0,0,false,false,false,0,0,3180,30,0,
711,tempted_1_5,15633,73,43,budget,1,100,true,5,1810,219,301,0.0684931506849315,0.5753424657534246,0.2465753424657534,0.0410958904109589,0.0684931506849315,19,2,crash,false,6,35,118,4185,6420,3270,1640,false,true,false,2855,5,12778,68,1,6
712,tempted_1_5,4063,32,2,budget,0,74,true,4,640,88,144,0.28125,0.6875,0.03125,0,0,4,1,normal,false,7,12,333,3550,180,0,0,false,false,true,0,0,4063,32,0,
713,tempted_1_5,2788,30,0,budget,0,59,true,4,450,74,96,0.06666666666666667,0.9333333333333333,0,0,0,1,29,normal,false,6,9,148,2640,0,0,0,false,false,true,0,0,2788,30,0,
714,tempted_1_5,3366,30,0,budget,0,66,true,4,560,85,139,0.4666666666666667,0.5333333333333333,0,0,0,3,20,normal,false,6,13,951,2415,0,0,0,false,false,false,0,0,3366,30,0,
715,tempted_1_5,3029,34,4,budget,0,80,true,4,570,82,119,0.17647058823529413,0.8235294117647058,0,0,0,4,3,normal,false,10,9,279,2390,360,0,0,false,false,true,0,0,3029,34,0,
716,tempted_1_5,4579,32,2,budget,0,71,true,4,600,90,171,0.34375,0.65625,0,0,0,5,1,crash,false,5,16,339,4240,0,0,0,false,false,false,0,0,4579,32,0,
717,tempted_1_5,2213,30,0,budget,0,52,true,5,458,59,127,0.6,0.4,0,0,0,6,7,crash,false,3,11,1258,955,0,0,0,false,false,false,0,0,2213,30,0,
718,tempted_1_5,5758,46,16,budget,0,91,true,3,1030,114,164,0.08695652173913043,0.7608695652173914,0.13043478260869565,0.021739130434782608,0,8,4,crash,false,7,16,73,3070,2480,135,0,true,false,false,0,0,5758,46,0,
719,tempted_1_5,2545,30,0,budget,0,58,true,4,735,56,106,0.3333333333333333,0.6666666666666666,0,0,0,3,14,normal,false,11,9,315,2230,0,0,0,false,false,false,0,0,2545,30,0,
720,tempted_1_5,4393,30,0,budget,0,67,true,4,580,92,139,0.1,0.9,0,0,0,3,15,normal,false,8,12,173,4220,0,0,0,false,false,true,0,0,4393,30,0,
721,tempted_1_5,5685,50,20,budget,0,92,true,3,630,125,188,0.24,0.58,0.14,0.04,0,10,1,normal,false,5,20,500,2790,2080,315,0,true,false,true,0,0,5685,50,0,
722,tempted_1_5,21780,79,49,budget,3,100,true,7,2415,263,328,0,0.4810126582278481,0.27848101265822783,0.05063291139240506,0.189873417721519,17,26,normal,false,10,36,60,4515,5210,6435,5560,false,true,false,5750,15,16030,64,3,3|8|5
723,tempted_1_5,3763,34,4,budget,0,84,true,4,740,89,135,0.3235294117647059,0.5882352941176471,0.08823529411764706,0,0,4,11,normal,false,7,14,633,2560,570,0,0,false,false,false,0,0,3763,34,0,
724,tempted_1_5,15575,52,22,budget,2,100,true,6,3530,165,203,0,0.6730769230769231,0.07692307692307693,0.057692307692307696,0.19230769230769232,7,2,normal,false,6,22,165,2820,1280,1170,10140,false,true,false,10430,10,5145,42,2,4|4
725,tempted_1_5,1365,21,0,lock,0,50,true,2,250,32,76,0.42857142857142855,0.5714285714285714,0,0,0,2,7,crash,false,4,7,340,1025,0,0,0,false,false,false,0,0,1365,21,0,
726,tempted_1_5,5344,32,2,budget,0,77,true,4,800,93,189,0.5,0.5,0,0,0,5,1,crash,false,6,13,659,4175,510,0,0,false,false,false,0,0,5344,32,0,
727,tempted_1_5,2806,30,0,budget,0,50,true,4,405,57,122,0.36666666666666664,0.6333333333333333,0,0,0,3,16,crash,false,8,9,741,2065,0,0,0,false,false,false,0,0,2806,30,0,
728,tempted_1_5,4929,36,6,budget,0,86,true,4,540,106,167,0.25,0.6666666666666666,0.08333333333333333,0,0,6,1,crash,false,14,13,654,2965,1310,0,0,false,false,false,0,0,4929,36,0,
729,tempted_1_5,3580,32,2,budget,0,72,true,4,840,83,136,0.28125,0.71875,0,0,0,4,16,normal,false,13,14,650,2300,630,0,0,false,false,true,0,0,3580,32,0,
730,tempted_1_5,6406,42,12,budget,0,86,true,6,885,124,199,0.16666666666666666,0.7857142857142857,0.047619047619047616,0,0,7,9,normal,false,4,22,366,4450,1590,0,0,false,false,true,0,0,6406,42,0,
731,tempted_1_5,10170,40,10,budget,0,98,true,7,1410,151,229,0.2,0.525,0.225,0.05,0,8,20,keto,true,3,24,1180,6385,1120,1485,0,true,true,false,0,0,10170,40,0,
732,tempted_1_5,3115,30,0,budget,0,69,true,4,340,67,136,0.4,0.6,0,0,0,1,22,crash,false,6,11,985,2130,0,0,0,false,false,false,0,0,3115,30,0,
733,tempted_1_5,5146,36,6,budget,0,97,true,4,1200,97,132,0.1111111111111111,0.75,0.08333333333333333,0.05555555555555555,0,5,11,normal,false,6,17,331,2775,420,1620,0,true,true,false,0,0,5146,36,0,
734,tempted_1_5,2400,30,0,budget,0,65,true,3,225,66,110,0.4,0.6,0,0,0,7,9,normal,false,3,13,740,1660,0,0,0,false,false,true,0,0,2400,30,0,
735,tempted_1_5,3126,30,0,budget,0,50,true,4,515,78,176,0.7,0.3,0,0,0,3,5,crash,false,4,13,1476,1650,0,0,0,false,false,false,0,0,3126,30,0,
736,tempted_1_5,26930,70,40,budget,2,100,true,7,4320,246,339,0.02857142857142857,0.6142857142857143,0.2,0.014285714285714285,0.14285714285714285,14,15,crash,false,7,36,55,6625,2950,7080,10220,false,true,false,11820,10,15110,60,2,5|4
737,tempted_1_5,3276,30,0,budget,0,69,true,6,1375,69,123,0.5,0.5,0,0,0,3,16,crash,false,7,7,506,2770,0,0,0,false,false,false,0,0,3276,30,0,
738,tempted_1_5,2720,30,0,budget,0,67,true,5,510,74,106,0.06666666666666667,0.9333333333333333,0,0,0,2,23,normal,false,5,10,170,2550,0,0,0,false,false,false,0,0,2720,30,0,
739,tempted_1_5,3022,30,0,budget,0,65,true,4,480,84,133,0.3,0.7,0,0,0,2,12,normal,false,4,12,502,2520,0,0,0,false,false,false,0,0,3022,30,0,
740,tempted_1_5,7846,45,17,lock,1,100,true,3,2000,122,193,0.26666666666666666,0.4,0.17777777777777778,0.044444444444444446,0.1111111111111111,9,2,crash,false,7,17,491,2580,1500,555,2720,false,false,false,2960,5,4886,40,1,4
741,tempted_1_5,3903,30,0,budget,0,66,true,4,440,84,117,0.06666666666666667,0.9333333333333333,0,0,0,1,8,normal,false,3,15,128,3775,0,0,0,false,false,false,0,0,3903,30,0,
742,tempted_1_5,3129,30,0,budget,0,50,true,3,500,83,151,0.5666666666666667,0.43333333333333335,0,0,0,4,7,crash,false,5,11,1144,1985,0,0,0,false,false,false,0,0,3129,30,0,
743,tempted_1_5,3298,30,0,budget,0,57,true,4,360,87,150,0.36666666666666664,0.6333333333333333,0,0,0,6,7,normal,false,4,16,1153,2145,0,0,0,false,false,true,0,0,3298,30,0,
744,tempted_1_5,7331,34,4,budget,0,84,true,8,1965,136,187,0.11764705882352941,0.7941176470588235,0.08823529411764706,0,0,4,9,normal,false,3,17,481,5450,1400,0,0,false,false,true,0,0,7331,34,0,
745,tempted_1_5,5555,34,4,budget,0,96,true,5,2025,97,144,0.11764705882352941,0.7941176470588235,0.058823529411764705,0.029411764705882353,0,6,6,normal,false,3,16,95,3235,200,2025,0,true,true,false,0,0,5555,34,0,
746,tempted_1_5,3105,30,0,budget,0,64,true,3,360,74,110,0.03333333333333333,0.9666666666666667,0,0,0,1,26,normal,false,7,13,110,2995,0,0,0,false,false,true,0,0,3105,30,0,
747,tempted_1_5,11165,50,20,budget,2,100,true,8,3900,123,187,0,0.68,0.12,0,0.2,5,22,normal,false,7,25,60,3845,3280,240,3740,false,false,false,3620,10,7545,40,1,3
748,tempted_1_5,3548,30,0,budget,0,56,true,5,660,74,151,0.5333333333333333,0.4666666666666667,0,0,0,4,5,crash,false,4,12,598,2950,0,0,0,false,false,false,0,0,3548,30,0,
749,tempted_1_5,11642,41,11,budget,1,100,true,5,2800,122,177,0.3170731707317073,0.4878048780487805,0.07317073170731707,0,0.12195121951219512,6,7,crash,false,7,16,512,1925,320,1905,6980,false,true,false,4640,5,7002,36,1,2
750,tempted_1_5,4008,30,0,budget,0,59,true,4,510,94,140,0.06666666666666667,0.9333333333333333,0,0,0,2,6,normal,false,5,10,278,3730,0,0,0,false,false,true,0,0,4008,30,0,
751,tempted_1_5,6193,36,6,budget,0,93,true,4,780,121,185,0.1388888888888889,0.75,0.1111111111111111,0,0,5,6,normal,false,4,21,538,4410,840,405,0,true,false,true,0,0,6193,36,0,
752,tempted_1_5,3665,36,6,budget,0,89,true,5,595,80,120,0.027777777777777776,0.9166666666666666,0.027777777777777776,0.027777777777777776,0,2,2,crash,false,8,11,0,3050,390,225,0,false,false,false,0,0,3665,36,0,
753,tempted_1_5,3574,42,12,budget,0,93,true,4,515,89,127,0.19047619047619047,0.6428571428571429,0.14285714285714285,0.023809523809523808,0,9,8,normal,false,6,17,284,1985,1170,135,0,true,false,false,0,0,3574,42,0,
754,tempted_1_5,8535,39,9,budget,1,100,true,4,2220,133,198,0.28205128205128205,0.5384615384615384,0.05128205128205128,0,0.1282051282051282,6,2,normal,false,7,19,645,3620,690,0,3580,false,false,false,3280,5,5255,34,1,2
755,tempted_1_5,3555,30,0,budget,0,69,true,4,840,83,133,0.1,0.9,0,0,0,1,22,normal,false,6,13,235,3320,0,0,0,false,false,true,0,0,3555,30,0,
756,tempted_1_5,3725,30,0,budget,0,52,true,5,1050,84,139,0.1,0.9,0,0,0,1,10,normal,false,4,11,155,3570,0,0,0,false,false,false,0,0,3725,30,0,
757,tempted_1_5,4310,30,0,budget,0,63,true,5,940,87,151,0.3,0.7,0,0,0,2,18,crash,false,3,14,750,3560,0,0,0,false,false,false,0,0,4310,30,0,
758,tempted_1_5,3685,30,0,budget,0,53,true,5,695,89,143,0.3,0.7,0,0,0,2,11,normal,false,3,13,425,3260,0,0,0,false,false,true,0,0,3685,30,0,
759,tempted_1_5,3221,34,4,budget,0,85,true,3,575,71,115,0.14705882352941177,0.7941176470588235,0.058823529411764705,0,0,2,15,crash,false,5,12,181,2215,420,405,0,false,false,false,0,0,3221,34,0,
760,tempted_1_5,3144,30,0,budget,0,57,true,3,330,83,130,0.3,0.7,0,0,0,5,10,normal,false,3,14,509,2635,0,0,0,false,false,false,0,0,3144,30,0,
761,tempted_1_5,2852,30,0,budget,0,57,true,5,540,70,121,0.36666666666666664,0.6333333333333333,0,0,0,4,4,normal,false,6,9,632,2220,0,0,0,false,false,true,0,0,2852,30,0,
762,tempted_1_5,2690,30,0,budget,0,63,true,4,375,76,97,0.03333333333333333,0.9666666666666667,0,0,0,1,17,normal,false,6,11,90,2600,0,0,0,false,false,false,0,0,2690,30,0,
763,tempted_1_5,3522,30,0,budget,0,58,true,4,505,86,127,0.2,0.8,0,0,0,3,16,normal,false,6,13,272,3250,0,0,0,false,false,true,0,0,3522,30,0,
764,tempted_1_5,3886,34,4,budget,0,83,true,4,450,101,141,0.35294117647058826,0.5882352941176471,0.058823529411764705,0,0,5,5,normal,false,4,14,541,2925,420,0,0,false,false,false,0,0,3886,34,0,
765,tempted_1_5,2320,30,0,budget,0,51,true,3,305,58,117,0.5,0.5,0,0,0,4,12,crash,false,8,10,650,1670,0,0,0,false,false,false,0,0,2320,30,0,
766,tempted_1_5,2400,30,0,budget,0,69,true,3,335,67,109,0.23333333333333334,0.7666666666666667,0,0,0,1,29,normal,false,5,13,245,2155,0,0,0,false,false,true,0,0,2400,30,0,
767,tempted_1_5,1997,23,2,lock,0,73,true,4,525,50,84,0.391304347826087,0.5652173913043478,0.043478260869565216,0,0,2,2,normal,false,6,6,582,1295,120,0,0,false,false,false,0,0,1997,23,0,
768,tempted_1_5,2458,30,0,budget,0,61,true,3,255,76,124,0.4666666666666667,0.5333333333333333,0,0,0,4,9,normal,false,4,13,828,1630,0,0,0,false,false,false,0,0,2458,30,0,
769,tempted_1_5,4227,34,4,budget,0,82,true,4,825,88,129,0.20588235294117646,0.7647058823529411,0.029411764705882353,0,0,5,1,crash,false,3,15,312,3105,810,0,0,false,false,false,0,0,4227,34,0,
770,tempted_1_5,1713,30,0,budget,0,53,true,3,375,47,96,0.4666666666666667,0.5333333333333333,0,0,0,5,8,normal,false,6,10,493,1220,0,0,0,false,false,false,0,0,1713,30,0,
771,tempted_1_5,14797,70,40,budget,2,100,true,5,1200,223,309,0.08571428571428572,0.5285714285714286,0.15714285714285714,0.08571428571428572,0.14285714285714285,17,1,normal,false,6,38,472,4805,2170,2130,5220,false,true,false,5280,10,9517,60,2,9|4
772,tempted_1_5,2610,30,0,budget,0,55,false,4,465,63,91,0,1,0,0,0,0,-1,normal,false,10,9,0,2610,0,0,0,false,false,true,0,0,2610,30,0,
773,tempted_1_5,2333,30,0,budget,0,64,true,3,225,59,105,0.3333333333333333,0.6666666666666666,0,0,0,3,8,crash,false,7,10,238,2095,0,0,0,false,false,false,0,0,2333,30,0,
774,tempted_1_5,5990,39,9,budget,1,100,true,4,780,97,138,0.02564102564102564,0.7948717948717948,0.02564102564102564,0.02564102564102564,0.1282051282051282,3,21,normal,false,8,16,50,2940,240,360,2400,false,false,true,2520,5,3470,34,1,2
775,tempted_1_5,2501,30,0,budget,0,53,true,4,515,60,123,0.4,0.6,0,0,0,4,10,crash,false,3,12,496,2005,0,0,0,false,false,false,0,0,2501,30,0,
776,tempted_1_5,3828,36,6,budget,0,75,true,3,595,103,137,0.05555555555555555,0.9166666666666666,0.027777777777777776,0,0,4,2,normal,false,9,12,308,3430,90,0,0,false,false,true,0,0,3828,36,0,
777,tempted_1_5,6008,36,6,budget,0,84,true,5,1685,113,175,0.16666666666666666,0.7777777777777778,0.05555555555555555,0,0,7,1,normal,false,4,18,413,4445,1150,0,0,false,false,true,0,0,6008,36,0,
778,tempted_1_5,5488,30,0,budget,0,53,true,8,1873,100,146,0.06666666666666667,0.9333333333333333,0,0,0,2,10,normal,false,4,13,148,5340,0,0,0,false,false,false,0,0,5488,30,0,
779,tempted_1_5,7916,43,13,budget,1,100,true,5,1820,132,146,0.06976744186046512,0.7441860465116279,0.06976744186046512,0,0.11627906976744186,4,6,normal,false,9,14,76,3620,360,180,3680,false,false,true,3840,5,4076,38,0,
780,tempted_1_5,4530,30,0,budget,0,50,true,6,1150,84,167,0.23333333333333334,0.7666666666666667,0,0,0,3,7,crash,false,4,13,930,3600,0,0,0,false,false,false,0,0,4530,30,0,
781,tempted_1_5,2775,32,2,budget,0,70,true,3,310,76,124,0.1875,0.8125,0,0,0,4,1,crash,false,7,14,305,2470,0,0,0,false,false,false,0,0,2775,32,0,
782,tempted_1_5,745,9,0,lock,0,50,true,3,225,15,31,0,1,0,0,0,0,-1,normal,false,5,3,30,715,0,0,0,false,false,false,0,0,745,9,0,
783,tempted_1_5,6456,32,2,budget,0,71,true,5,1155,123,198,0.28125,0.71875,0,0,0,3,17,normal,false,5,17,571,5165,720,0,0,false,false,true,0,0,6456,32,0,
784,tempted_1_5,3758,34,4,budget,0,90,true,4,705,94,156,0.3235294117647059,0.5882352941176471,0.058823529411764705,0.029411764705882353,0,5,11,normal,false,5,16,718,2690,170,180,0,true,false,false,0,0,3758,34,0,
785,tempted_1_5,13254,73,43,budget,1,100,true,5,2100,202,282,0.0958904109589041,0.589041095890411,0.1917808219178082,0.0547945205479452,0.0684931506849315,16,2,normal,false,6,27,504,5375,2970,1785,2620,false,true,true,2740,5,10514,68,0,
786,tempted_1_5,5045,36,6,budget,0,98,true,4,815,96,141,0.25,0.7222222222222222,0,0.027777777777777776,0,4,13,normal,false,7,13,285,3050,810,900,0,true,true,true,0,0,5045,36,0,
787,tempted_1_5,24807,90,60,budget,4,100,true,6,1980,304,374,0.08888888888888889,0.4111111111111111,0.15555555555555556,0.12222222222222222,0.2222222222222222,19,5,normal,false,5,43,317,4820,4430,2940,12300,false,true,true,12620,20,12187,70,3,7|6|2
788,tempted_1_5,11283,60,30,budget,2,100,true,5,1575,138,227,0.23333333333333334,0.4166666666666667,0.16666666666666666,0.016666666666666666,0.16666666666666666,11,1,normal,false,13,20,628,2630,3150,495,4380,false,true,false,3590,10,7693,50,1,5
789,tempted_1_5,4760,40,10,budget,0,92,true,4,900,98,175,0.3,0.6,0.075,0.025,0,6,1,crash,false,9,12,720,2255,1650,135,0,true,false,false,0,0,4760,40,0,
790,tempted_1_5,9161,49,19,budget,1,100,true,4,1450,150,205,0.10204081632653061,0.6122448979591837,0.14285714285714285,0.04081632653061224,0.10204081632653061,8,21,normal,false,6,23,281,3870,830,2340,1840,false,false,false,860,5,8301,44,1,2
791,tempted_1_5,4075,40,10,budget,0,81,true,3,435,115,150,0.05,0.875,0.075,0,0,6,9,normal,false,6,18,125,3590,360,0,0,false,false,false,0,0,4075,40,0,
792,tempted_1_5,3915,32,2,budget,0,76,true,3,440,89,144,0.25,0.71875,0.03125,0,0,3,3,crash,false,5,15,340,3395,180,0,0,false,false,false,0,0,3915,32,0,
793,tempted_1_5,3402,30,0,budget,0,50,true,4,500,82,135,0.3,0.7,0,0,0,5,4,normal,false,3,11,622,2780,0,0,0,false,false,false,0,0,3402,30,0,
794,tempted_1_5,13575,56,26,budget,2,100,true,4,1760,178,240,0.125,0.5357142857142857,0.125,0.03571428571428571,0.17857142857142858,9,8,normal,false,5,24,335,4975,1620,1365,5280,false,false,true,6150,10,7425,46,1,2
795,tempted_1_5,8259,49,19,budget,1,100,true,4,1380,119,186,0.1836734693877551,0.5102040816326531,0.14285714285714285,0.061224489795918366,0.10204081632653061,8,1,crash,false,6,20,319,2380,1190,2190,2180,false,true,true,2120,5,6139,44,1,3
796,tempted_1_5,4363,30,0,budget,0,57,true,4,580,100,157,0.23333333333333334,0.7666666666666667,0,0,0,3,10,crash,false,4,14,363,4000,0,0,0,false,false,false,0,0,4363,30,0,
797,tempted_1_5,5031,30,0,budget,0,56,true,6,1043,91,163,0.4666666666666667,0.5333333333333333,0,0,0,5,4,normal,false,5,13,956,4075,0,0,0,false,false,true,0,0,5031,30,0,
798,tempted_1_5,2262,32,2,budget,0,79,true,3,370,63,101,0.375,0.625,0,0,0,6,5,normal,false,4,15,552,1440,270,0,0,false,false,true,0,0,2262,32,0,
799,tempted_1_5,3174,34,4,budget,0,80,true,3,430,71,135,0.47058823529411764,0.47058823529411764,0.058823529411764705,0,0,6,1,normal,false,6,12,659,2035,480,0,0,false,false,true,0,0,3174,34,0,
800,tempted_1_5,2591,30,0,budget,0,50,true,4,315,79,131,0.5333333333333333,0.4666666666666667,0,0,0,4,11,crash,false,3,12,1146,1445,0,0,0,false,false,true,0,0,2591,30,0,
801,tempted_1_5,1640,10,4,lock,0,74,true,3,270,34,56,0.1,0.7,0.2,0,0,3,1,normal,false,1,7,180,1150,310,0,0,false,false,true,0,0,1640,10,0,
802,tempted_1_5,5715,36,6,budget,0,92,true,5,915,109,156,0.05555555555555555,0.8888888888888888,0,0.05555555555555555,0,4,9,normal,false,5,15,75,4515,810,315,0,true,false,true,0,0,5715,36,0,
803,tempted_1_5,4038,34,4,budget,0,74,true,5,820,83,151,0.4117647058823529,0.5588235294117647,0.029411764705882353,0,0,5,4,crash,false,7,14,698,3010,330,0,0,false,false,false,0,0,4038,34,0,
804,tempted_1_5,4068,36,6,budget,0,97,true,4,585,109,145,0.19444444444444445,0.7222222222222222,0.05555555555555555,0.027777777777777776,0,8,3,normal,false,4,19,253,3420,260,135,0,true,true,false,0,0,4068,36,0,
805,tempted_1_5,275,5,0,lock,0,65,false,2,110,11,9,0,1,0,0,0,0,-1,normal,false,3,1,0,275,0,0,0,false,false,false,0,0,275,5,0,
806,tempted_1_5,17864,64,34,budget,2,100,true,4,2680,212,307,0.140625,0.484375,0.171875,0.046875,0.15625,13,8,normal,false,8,30,649,4160,3550,2685,6820,false,true,true,6120,10,11744,54,1,5
807,tempted_1_5,3760,30,0,budget,0,52,true,5,575,83,141,0.36666666666666664,0.6333333333333333,0,0,0,3,13,normal,false,5,13,560,3200,0,0,0,false,false,false,0,0,3760,30,0,
808,tempted_1_5,8734,54,24,budget,2,100,true,3,680,154,178,0.12962962962962962,0.48148148148148145,0.2037037037037037,0,0.18518518518518517,9,9,normal,false,8,28,279,2075,1940,0,4440,false,false,false,3640,10,5094,44,2,5|4
809,tempted_1_5,7630,32,2,budget,0,70,true,10,3385,106,162,0.03125,0.96875,0,0,0,2,1,normal,false,7,13,60,7570,0,0,0,false,false,true,0,0,7630,32,0,
810,tempted_1_5,2491,30,0,budget,0,66,true,3,255,62,118,0.26666666666666666,0.7333333333333333,0,0,0,1,22,crash,false,5,10,361,2130,0,0,0,false,false,false,0,0,2491,30,0,
811,tempted_1_5,4441,30,0,budget,0,65,true,5,810,100,138,0.23333333333333334,0.7666666666666667,0,0,0,4,5,normal,false,4,14,321,4120,0,0,0,false,false,false,0,0,4441,30,0,
812,tempted_1_5,3981,32,2,budget,0,76,true,4,345,89,135,0.125,0.84375,0.03125,0,0,1,19,crash,false,6,14,206,3595,180,0,0,false,false,true,0,0,3981,32,0,
813,tempted_1_5,4070,36,6,budget,0,93,true,4,375,98,131,0,0.9166666666666666,0.05555555555555555,0.027777777777777776,0,2,23,normal,false,4,13,50,3430,410,180,0,true,false,false,0,0,4070,36,0,
814,tempted_1_5,6543,36,6,budget,0,77,true,4,900,127,182,0.027777777777777776,0.9722222222222222,0,0,0,4,7,normal,false,5,15,223,5390,930,0,0,false,false,true,0,0,6543,36,0,
815,tempted_1_5,13013,56,26,budget,2,100,true,5,1320,181,237,0.10714285714285714,0.5714285714285714,0.10714285714285714,0.03571428571428571,0.17857142857142858,8,1,normal,false,5,29,268,4130,2370,825,5420,false,true,true,5890,10,7123,46,1,3
816,tempted_1_5,16280,64,34,budget,2,100,true,5,3460,205,303,0,0.703125,0.125,0.015625,0.15625,14,10,normal,false,4,36,30,6170,2040,180,7860,false,true,true,4420,10,11860,54,2,3|3
817,tempted_1_5,6694,44,14,budget,0,86,true,4,710,144,231,0.3181818181818182,0.5454545454545454,0.13636363636363635,0,0,9,2,crash,false,4,21,1149,3945,1600,0,0,false,false,false,0,0,6694,44,0,
818,tempted_1_5,20477,80,50,budget,2,100,true,7,4905,243,336,0.0875,0.525,0.2125,0.05,0.125,20,11,normal,false,6,42,332,5420,4000,5325,5400,false,true,true,5535,10,14942,70,1,5
819,tempted_1_5,1975,30,0,budget,0,50,true,3,350,48,121,0.7,0.3,0,0,0,5,9,crash,false,6,9,950,1025,0,0,0,false,false,false,0,0,1975,30,0,
820,tempted_1_5,2840,32,2,budget,0,81,true,3,240,71,100,0,0.9375,0.0625,0,0,1,23,normal,false,7,13,30,2500,310,0,0,false,false,false,0,0,2840,32,0,
821,tempted_1_5,3725,30,0,budget,0,56,true,4,700,90,137,0.06666666666666667,0.9333333333333333,0,0,0,1,8,normal,false,6,9,275,3450,0,0,0,false,false,false,0,0,3725,30,0,
822,tempted_1_5,4528,30,0,budget,0,55,true,4,585,96,150,0.1,0.9,0,0,0,2,19,normal,false,6,12,128,4400,0,0,0,false,false,false,0,0,4528,30,0,
823,tempted_1_5,5254,32,2,budget,0,82,true,5,810,95,158,0.21875,0.71875,0.0625,0,0,4,1,normal,false,5,14,444,4120,690,0,0,false,false,true,0,0,5254,32,0,
824,tempted_1_5,3640,30,0,budget,0,50,true,6,810,80,118,0.03333333333333333,0.9666666666666667,0,0,0,1,19,normal,false,5,9,125,3515,0,0,0,false,false,false,0,0,3640,30,0,
825,tempted_1_5,8500,45,15,budget,1,100,true,4,900,148,206,0.08888888888888889,0.6888888888888889,0.08888888888888889,0.022222222222222223,0.1111111111111111,6,2,normal,false,6,17,365,4585,770,180,2600,false,true,false,2600,5,5900,40,1,3
826,tempted_1_5,2138,30,0,budget,0,67,true,2,260,69,98,0.3,0.7,0,0,0,2,13,normal,false,5,9,373,1765,0,0,0,false,false,false,0,0,2138,30,0,
827,tempted_1_5,3230,30,0,budget,0,55,true,4,485,77,121,0.13333333333333333,0.8666666666666667,0,0,0,3,5,crash,false,4,13,225,3005,0,0,0,false,false,false,0,0,3230,30,0,
828,tempted_1_5,3202,30,0,budget,0,59,true,4,620,85,132,0.3333333333333333,0.6666666666666666,0,0,0,3,8,normal,false,7,9,512,2690,0,0,0,false,false,false,0,0,3202,30,0,
829,tempted_1_5,3412,30,0,budget,0,56,true,4,445,63,153,0.43333333333333335,0.5666666666666667,0,0,0,1,20,crash,false,9,8,702,2710,0,0,0,false,false,false,0,0,3412,30,0,
830,tempted_1_5,3475,30,0,budget,0,56,true,4,405,72,114,0.13333333333333333,0.8666666666666667,0,0,0,3,13,crash,false,9,10,150,3325,0,0,0,false,false,false,0,0,3475,30,0,
831,tempted_1_5,3029,30,0,budget,0,53,true,4,510,76,129,0.4,0.6,0,0,0,4,6,normal,false,3,14,634,2395,0,0,0,false,false,true,0,0,3029,30,0,
832,tempted_1_5,14375,56,26,budget,2,100,true,6,5050,166,232,0.19642857142857142,0.4642857142857143,0.14285714285714285,0.017857142857142856,0.17857142857142858,11,7,crash,false,6,23,800,2050,1860,405,9260,false,false,false,9630,10,4745,46,1,3
833,tempted_1_5,3362,30,0,budget,0,54,true,4,505,76,128,0.36666666666666664,0.6333333333333333,0,0,0,2,19,crash,false,8,8,322,3040,0,0,0,false,false,false,0,0,3362,30,0,
834,tempted_1_5,1650,11,0,lock,0,59,true,5,775,28,47,0.09090909090909091,0.9090909090909091,0,0,0,0,-1,crash,false,3,4,0,1650,0,0,0,false,false,true,0,0,1650,11,0,
835,tempted_1_5,20850,64,34,budget,2,100,true,7,4335,223,280,0.015625,0.546875,0.203125,0.078125,0.15625,13,8,normal,false,8,32,90,4850,2790,1800,11320,false,true,false,11615,10,9235,54,2,5|7
836,tempted_1_5,4242,30,0,budget,0,59,true,3,470,99,160,0.2,0.8,0,0,0,2,17,normal,false,3,15,542,3700,0,0,0,false,false,true,0,0,4242,30,0,
837,tempted_1_5,9918,47,17,budget,1,100,true,4,880,154,204,0.0425531914893617,0.723404255319149,0.1276595744680851,0,0.10638297872340426,6,3,normal,false,6,20,93,5455,1210,0,3160,false,false,false,2540,5,7378,42,1,2
838,tempted_1_5,2450,30,0,budget,0,59,true,3,315,64,107,0.26666666666666666,0.7333333333333333,0,0,0,3,6,normal,false,7,11,385,2065,0,0,0,false,false,false,0,0,2450,30,0,
839,tempted_1_5,3259,30,0,budget,0,50,true,5,795,68,129,0.36666666666666664,0.6333333333333333,0,0,0,2,15,crash,false,4,13,389,2870,0,0,0,false,false,false,0,0,3259,30,0,
840,tempted_1_5,7477,44,14,budget,0,90,true,5,870,131,201,0.13636363636363635,0.7727272727272727,0.06818181818181818,0.022727272727272728,0,8,9,normal,false,5,17,287,5555,1500,135,0,true,false,true,0,0,7477,44,0,
841,tempted_1_5,10473,47,17,budget,1,100,true,5,1500,180,252,0.06382978723404255,0.6595744680851063,0.1702127659574468,0,0.10638297872340426,6,12,normal,false,6,18,323,5850,2980,0,1320,false,false,true,1320,5,9153,42,1,2
842,tempted_1_5,3338,30,0,budget,0,56,true,4,535,94,138,0.13333333333333333,0.8666666666666667,0,0,0,2,10,normal,false,7,12,613,2725,0,0,0,false,false,true,0,0,3338,30,0,
843,tempted_1_5,5822,32,2,budget,0,77,true,6,1690,125,177,0.25,0.71875,0.03125,0,0,5,6,normal,false,6,11,847,4885,90,0,0,false,false,false,0,0,5822,32,0,
844,tempted_1_5,9900,41,11,budget,1,100,true,4,3360,120,180,0.04878048780487805,0.7073170731707317,0.07317073170731707,0.04878048780487805,0.12195121951219512,5,6,normal,false,3,25,70,3195,920,255,5460,false,false,false,5340,5,4560,36,1,4
845,tempted_1_5,5470,42,12,budget,0,86,true,4,510,126,169,0.023809523809523808,0.8571428571428571,0.11904761904761904,0,0,6,1,normal,false,4,21,30,4260,1180,0,0,false,false,false,0,0,5470,42,0,
846,tempted_1_5,10335,53,23,budget,1,100,true,4,1320,151,161,0.018867924528301886,0.6226415094339622,0.22641509433962265,0.03773584905660377,0.09433962264150944,9,4,normal,false,6,25,15,2025,2580,2775,2940,false,true,false,2920,5,7415,48,1,6
847,tempted_1_5,3935,30,0,budget,0,68,true,7,1400,79,126,0.23333333333333334,0.7666666666666667,0,0,0,2,14,normal,false,6,12,215,3720,0,0,0,false,false,true,0,0,3935,30,0,
848,tempted_1_5,4260,30,0,budget,0,57,true,6,835,81,162,0.5333333333333333,0.4666666666666667,0,0,0,2,20,crash,false,8,11,1025,3235,0,0,0,false,false,false,0,0,4260,30,0,
849,tempted_1_5,4747,34,4,budget,0,81,true,5,710,108,178,0.4411764705882353,0.5294117647058824,0.029411764705882353,0,0,5,1,normal,false,5,16,942,3145,660,0,0,false,false,true,0,0,4747,34,0,
850,tempted_1_5,3198,30,0,budget,0,50,true,4,515,81,129,0.16666666666666666,0.8333333333333334,0,0,0,3,8,normal,false,5,12,428,2770,0,0,0,false,false,false,0,0,3198,30,0,
851,tempted_1_5,20000,76,46,budget,2,100,false,7,1980,254,364,0,0.631578947368421,0.2236842105263158,0.013157894736842105,0.13157894736842105,15,2,normal,false,6,37,0,6665,4400,1215,7720,false,true,false,6080,10,13920,66,2,2|5
852,tempted_1_5,2969,30,0,budget,0,54,true,4,445,68,140,0.6666666666666666,0.3333333333333333,0,0,0,2,19,crash,false,10,10,744,2225,0,0,0,false,false,false,0,0,2969,30,0,
853,tempted_1_5,24679,82,52,budget,4,100,true,5,2820,259,373,0.14634146341463414,0.43902439024390244,0.14634146341463414,0.024390243902439025,0.24390243902439024,18,2,crash,false,8,37,504,3730,6590,2355,11500,false,true,true,10610,20,14069,62,4,2|3|2|2
854,tempted_1_5,3123,32,2,budget,0,78,true,4,390,85,129,0.28125,0.6875,0.03125,0,0,4,6,normal,false,5,15,623,2380,120,0,0,false,false,true,0,0,3123,32,0,
855,tempted_1_5,11455,39,9,budget,1,100,true,5,3480,118,186,0.02564102564102564,0.7692307692307693,0.07692307692307693,0,0.1282051282051282,4,13,normal,false,6,20,115,3170,420,270,7480,false,false,true,4120,5,7335,34,1,3
856,tempted_1_5,7325,48,18,budget,0,96,true,3,740,150,203,0,0.8333333333333334,0.16666666666666666,0,0,6,12,normal,false,9,23,30,4605,1880,810,0,true,true,true,0,0,7325,48,0,
857,tempted_1_5,5592,30,0,budget,0,62,true,5,1440,103,157,0.2,0.8,0,0,0,4,9,normal,false,5,11,402,5190,0,0,0,false,false,false,0,0,5592,30,0,
858,tempted_1_5,5215,30,0,budget,0,64,true,5,975,96,155,0.03333333333333333,0.9666666666666667,0,0,0,1,5,normal,false,4,16,45,5170,0,0,0,false,false,false,0,0,5215,30,0,
859,tempted_1_5,7726,46,16,budget,0,89,true,5,1680,145,202,0.13043478260869565,0.717391304347826,0.10869565217391304,0.043478260869565216,0,8,7,normal,false,6,21,346,5490,1620,270,0,false,false,true,0,0,7726,46,0,
860,tempted_1_5,10673,51,21,budget,1,100,true,4,1560,145,185,0.0392156862745098,0.6666666666666666,0.17647058823529413,0.0196078431372549,0.09803921568627451,7,3,normal,false,6,23,78,3735,1890,450,4520,false,false,true,3860,5,6813,46,1,5
861,tempted_1_5,1656,30,0,budget,0,66,true,3,395,56,105,0.6,0.4,0,0,0,4,11,crash,false,8,8,556,1100,0,0,0,false,false,false,0,0,1656,30,0,
862,tempted_1_5,2654,30,0,budget,0,62,true,3,310,67,111,0.13333333333333333,0.8666666666666667,0,0,0,0,-1,crash,false,8,7,69,2585,0,0,0,false,false,false,0,0,2654,30,0,
863,tempted_1_5,5999,27,2,lock,0,83,true,5,1350,98,139,0.14814814814814814,0.7407407407407407,0.1111111111111111,0,0,2,1,normal,false,4,10,284,4095,1620,0,0,false,false,false,0,0,5999,27,0,
864,tempted_1_5,12223,54,24,budget,2,100,true,4,1560,168,235,0.09259259259259259,0.5740740740740741,0.14814814814814814,0,0.18518518518518517,11,4,normal,false,5,33,388,3355,2770,810,4900,false,false,false,4990,10,7233,44,2,3|5
865,tempted_1_5,11166,57,27,budget,1,100,true,5,2465,171,234,0.12280701754385964,0.5789473684210527,0.15789473684210525,0.05263157894736842,0.08771929824561403,15,1,normal,false,6,28,521,3340,1760,2985,2560,false,true,true,2530,5,8636,52,1,3
866,tempted_1_5,3473,30,0,budget,0,50,true,5,668,89,142,0.43333333333333335,0.5666666666666667,0,0,0,7,5,normal,false,3,15,1108,2365,0,0,0,false,false,true,0,0,3473,30,0,
867,tempted_1_5,10940,66,36,budget,2,100,false,4,805,182,210,0,0.6363636363636364,0.19696969696969696,0.015151515151515152,0.15151515151515152,11,2,normal,false,8,25,0,4060,2030,810,4040,false,false,false,4140,10,6800,56,1,3
868,tempted_1_5,13335,59,29,budget,1,100,true,4,1485,195,286,0.05084745762711865,0.6440677966101694,0.11864406779661017,0.1016949152542373,0.0847457627118644,13,2,crash,false,4,31,245,4985,2490,2775,2840,false,true,false,2630,5,10705,54,1,12
869,tempted_1_5,3279,30,0,budget,0,50,true,4,420,82,131,0.2,0.8,0,0,0,3,3,normal,false,3,14,264,3015,0,0,0,false,false,false,0,0,3279,30,0,
870,tempted_1_5,4753,32,2,budget,0,79,true,4,715,107,151,0.0625,0.90625,0.03125,0,0,2,7,normal,false,5,15,138,4525,90,0,0,false,false,false,0,0,4753,32,0,
871,tempted_1_5,2175,20,0,lock,0,65,true,6,885,48,79,0.3,0.7,0,0,0,4,9,normal,false,3,9,225,1950,0,0,0,false,false,true,0,0,2175,20,0,
872,tempted_1_5,4681,42,12,budget,0,80,true,4,500,104,168,0.19047619047619047,0.7142857142857143,0.09523809523809523,0,0,8,5,crash,false,5,17,531,3040,1110,0,0,false,false,false,0,0,4681,42,0,
873,tempted_1_5,17159,78,48,budget,2,100,true,4,1280,233,328,0.10256410256410256,0.5769230769230769,0.16666666666666666,0.02564102564102564,0.1282051282051282,20,6,crash,false,6,41,299,5475,5590,1755,4040,false,true,true,3440,10,13719,68,2,4|6
874,tempted_1_5,3756,30,0,budget,0,50,true,6,1090,78,146,0.3,0.7,0,0,0,3,7,crash,false,5,14,546,3210,0,0,0,false,false,true,0,0,3756,30,0,
875,tempted_1_5,4247,34,4,budget,0,98,true,4,410,87,141,0.29411764705882354,0.6470588235294118,0.029411764705882353,0.029411764705882353,0,2,1,crash,false,6,10,637,2575,630,405,0,true,true,false,0,0,4247,34,0,
876,tempted_1_5,4023,34,4,budget,0,80,true,5,830,87,129,0.35294117647058826,0.6176470588235294,0.029411764705882353,0,0,8,6,normal,false,5,15,608,2965,450,0,0,false,false,false,0,0,4023,34,0,
877,tempted_1_5,2048,30,0,budget,0,52,true,3,240,59,110,0.4,0.6,0,0,0,3,14,crash,false,3,14,493,1555,0,0,0,false,false,false,0,0,2048,30,0,
878,tempted_1_5,14460,53,23,budget,1,100,true,6,2290,173,239,0,0.7924528301886793,0.07547169811320754,0.03773584905660377,0.09433962264150944,8,6,normal,false,7,24,30,4965,3470,1815,4180,false,true,false,4420,5,10040,48,1,3
879,tempted_1_5,27020,106,76,budget,2,100,true,5,3520,351,477,0.009433962264150943,0.6509433962264151,0.1792452830188679,0.0660377358490566,0.09433962264150944,27,11,normal,false,10,54,30,8440,7910,2100,8540,false,true,true,7630,10,19390,96,1,2
880,tempted_1_5,4150,30,0,budget,0,67,true,6,473,90,140,0.26666666666666666,0.7333333333333333,0,0,0,4,5,normal,false,4,13,725,3425,0,0,0,false,false,false,0,0,4150,30,0,
881,tempted_1_5,4262,31,2,lock,0,74,true,6,900,93,160,0.2903225806451613,0.6774193548387096,0.03225806451612903,0,0,3,4,normal,false,8,9,492,3620,150,0,0,false,false,false,0,0,4262,31,0,
882,tempted_1_5,4685,30,0,budget,0,53,true,4,630,106,169,0.1,0.9,0,0,0,3,8,normal,false,5,14,255,4430,0,0,0,false,false,true,0,0,4685,30,0,
883,tempted_1_5,12367,63,33,budget,1,100,true,5,2115,185,249,0.12698412698412698,0.5238095238095238,0.23809523809523808,0.031746031746031744,0.07936507936507936,14,1,normal,false,6,27,312,4815,2200,2880,2160,false,true,false,2240,5,10127,58,1,2
884,tempted_1_5,3149,32,2,budget,0,72,true,3,260,99,125,0.25,0.71875,0.03125,0,0,5,7,normal,false,4,12,639,2420,90,0,0,false,false,false,0,0,3149,32,0,
885,tempted_1_5,5984,32,2,budget,0,75,true,7,1390,115,172,0.28125,0.6875,0.03125,0,0,3,18,crash,false,3,17,904,4990,90,0,0,false,false,true,0,0,5984,32,0,
886,tempted_1_5,8071,48,18,budget,0,85,true,4,880,160,223,0.125,0.75,0.125,0,0,7,2,normal,false,6,22,346,5805,1920,0,0,false,false,true,0,0,8071,48,0,
887,tempted_1_5,3593,32,2,budget,0,71,true,3,345,90,135,0.09375,0.90625,0,0,0,3,10,normal,false,6,10,188,3405,0,0,0,false,false,false,0,0,3593,32,0,
888,tempted_1_5,5991,38,8,budget,0,82,true,4,1020,109,168,0.10526315789473684,0.7894736842105263,0.10526315789473684,0,0,4,7,crash,false,6,16,111,4260,1620,0,0,false,false,false,0,0,5991,38,0,
889,tempted_1_5,5631,38,8,budget,0,75,true,5,1195,110,176,0.18421052631578946,0.7894736842105263,0.02631578947368421,0,0,8,1,normal,false,7,18,361,4550,720,0,0,false,false,true,0,0,5631,38,0,
890,tempted_1_5,4254,32,2,budget,0,81,true,3,1360,84,134,0.1875,0.8125,0,0,0,5,6,normal,false,5,13,284,2670,1300,0,0,false,false,true,0,0,4254,32,0,
891,tempted_1_5,4401,34,4,budget,0,94,true,5,900,92,132,0.11764705882352941,0.8235294117647058,0.058823529411764705,0,0,3,4,normal,false,6,9,186,3195,480,540,0,true,false,false,0,0,4401,34,0,
892,tempted_1_5,6445,53,23,budget,1,100,true,3,430,124,193,0.16981132075471697,0.5094339622641509,0.20754716981132076,0.018867924528301886,0.09433962264150944,9,5,normal,false,4,23,510,2850,1600,585,900,false,true,true,1150,5,5295,48,0,
893,tempted_1_5,3020,30,0,budget,0,66,true,5,580,75,117,0.16666666666666666,0.8333333333333334,0,0,0,2,10,crash,false,7,11,335,2685,0,0,0,false,false,false,0,0,3020,30,0,
894,tempted_1_5,14996,72,42,budget,0,97,true,6,3540,208,282,0.027777777777777776,0.6666666666666666,0.20833333333333334,0.09722222222222222,0,17,5,normal,false,9,36,481,4790,3620,6105,0,true,true,false,0,0,14996,72,0,
895,tempted_1_5,3288,30,0,budget,0,61,true,4,465,84,119,0.06666666666666667,0.9333333333333333,0,0,0,2,13,normal,false,5,8,288,3000,0,0,0,false,false,false,0,0,3288,30,0,
896,tempted_1_5,4211,30,0,budget,0,69,true,6,533,92,165,0.4,0.6,0,0,0,3,20,crash,false,7,10,1036,3175,0,0,0,false,false,true,0,0,4211,30,0,
897,tempted_1_5,3626,34,4,budget,0,71,true,3,780,82,146,0.17647058823529413,0.8235294117647058,0,0,0,4,12,crash,false,4,14,346,2560,720,0,0,false,false,false,0,0,3626,34,0,
898,tempted_1_5,3194,30,0,budget,0,50,true,3,500,69,130,0.3,0.7,0,0,0,4,10,crash,false,7,13,269,2925,0,0,0,false,false,false,0,0,3194,30,0,
899,tempted_1_5,4977,38,8,budget,0,93,true,4,670,103,175,0.39473684210526316,0.42105263157894735,0.18421052631578946,0,0,5,8,normal,false,6,17,982,2305,1420,270,0,true,false,false,0,0,4977,38,0,
900,tempted_1_5,4089,36,6,budget,0,73,true,4,490,102,163,0.2777777777777778,0.7222222222222222,0,0,0,5,24,normal,false,7,15,569,3200,320,0,0,false,false,true,0,0,4089,36,0,
901,tempted_1_5,4040,30,0,budget,0,64,true,4,560,105,141,0.03333333333333333,0.9666666666666667,0,0,0,1,6,normal,false,5,14,145,3895,0,0,0,false,false,true,0,0,4040,30,0,
902,tempted_1_5,2067,30,0,budget,0,52,true,4,525,56,97,0.3333333333333333,0.6666666666666666,0,0,0,2,10,normal,false,6,10,367,1700,0,0,0,false,false,false,0,0,2067,30,0,
903,tempted_1_5,3735,30,0,budget,0,56,true,4,525,80,146,0.36666666666666664,0.6333333333333333,0,0,0,4,14,normal,false,5,11,460,3275,0,0,0,false,false,true,0,0,3735,30,0,
904,tempted_1_5,4604,32,2,budget,0,74,true,4,860,91,186,0.375,0.625,0,0,0,4,12,crash,false,2,19,1049,2775,780,0,0,false,false,false,0,0,4604,32,0,
905,tempted_1_5,3771,36,6,budget,0,76,true,3,1060,80,129,0.1111111111111111,0.8055555555555556,0.08333333333333333,0,0,5,3,normal,false,5,16,256,2245,1270,0,0,false,false,true,0,0,3771,36,0,
906,tempted_1_5,13984,61,31,budget,1,100,true,7,2460,177,245,0.08196721311475409,0.6229508196721312,0.14754098360655737,0.06557377049180328,0.08196721311475409,11,6,crash,false,9,28,289,3680,3790,1845,4380,false,true,false,3980,5,10004,56,1,3
907,tempted_1_5,6960,42,12,budget,0,92,true,6,990,143,205,0.047619047619047616,0.8809523809523809,0.047619047619047616,0.023809523809523808,0,7,7,normal,false,4,25,100,5440,1240,180,0,true,false,true,0,0,6960,42,0,
908,tempted_1_5,4030,40,10,budget,0,92,true,3,480,100,150,0.175,0.75,0.05,0.025,0,4,10,crash,false,9,15,280,2910,660,180,0,true,false,false,0,0,4030,40,0,
909,tempted_1_5,6087,40,10,budget,0,97,true,7,751,116,182,0.3,0.55,0.125,0.025,0,9,3,normal,false,6,20,912,3690,720,765,0,true,true,true,0,0,6087,40,0,
910,tempted_1_5,2246,30,0,budget,0,52,true,4,405,66,113,0.5333333333333333,0.4666666666666667,0,0,0,4,13,normal,false,4,12,716,1530,0,0,0,false,false,true,0,0,2246,30,0,
911,tempted_1_5,4024,36,6,budget,0,73,true,4,515,96,132,0.1388888888888889,0.8333333333333334,0.027777777777777776,0,0,6,5,normal,false,4,17,164,3770,90,0,0,false,false,false,0,0,4024,36,0,
912,tempted_1_5,17306,59,29,budget,1,100,true,6,2245,197,280,0.05084745762711865,0.5423728813559322,0.2542372881355932,0.06779661016949153,0.0847457627118644,9,4,crash,false,7,24,76,4590,7030,2010,3600,false,false,false,4765,5,12541,54,1,5
913,tempted_1_5,2873,30,0,budget,0,64,true,4,520,76,127,0.4,0.6,0,0,0,5,7,normal,false,7,11,733,2140,0,0,0,false,false,true,0,0,2873,30,0,
914,tempted_1_5,2359,19,0,lock,0,50,true,4,435,46,92,0.3157894736842105,0.6842105263157895,0,0,0,2,17,normal,false,4,8,224,2135,0,0,0,false,false,true,0,0,2359,19,0,
915,tempted_1_5,3309,32,2,budget,0,73,true,4,315,80,131,0.125,0.84375,0.03125,0,0,2,7,crash,false,8,14,274,2855,180,0,0,false,false,false,0,0,3309,32,0,
916,tempted_1_5,20183,69,39,budget,1,100,true,7,4980,231,309,0.043478260869565216,0.5507246376811594,0.2608695652173913,0.07246376811594203,0.07246376811594203,16,2,normal,false,6,36,68,4655,6500,3720,5240,false,true,false,8060,5,12123,64,1,4
917,tempted_1_5,5303,36,6,budget,0,73,true,4,495,110,171,0.1388888888888889,0.75,0.1111111111111111,0,0,3,9,crash,false,6,18,633,4190,480,0,0,false,false,false,0,0,5303,36,0,
918,tempted_1_5,16909,54,24,budget,2,100,true,6,1800,169,272,0.14814814814814814,0.5555555555555556,0.07407407407407407,0.037037037037037035,0.18518518518518517,8,1,normal,false,4,22,614,4415,2240,2160,7480,false,true,true,7210,10,9699,44,2,4|2
919,tempted_1_5,3744,34,4,budget,0,78,true,4,540,89,155,0.23529411764705882,0.7352941176470589,0.029411764705882353,0,0,4,16,crash,false,8,15,534,3060,150,0,0,false,false,false,0,0,3744,34,0,
920,tempted_1_5,4383,30,0,budget,0,68,true,7,1845,83,125,0.13333333333333333,0.8666666666666667,0,0,0,3,15,normal,false,6,14,193,4190,0,0,0,false,false,true,0,0,4383,30,0,
921,tempted_1_5,9369,48,18,budget,0,93,true,6,900,173,250,0.10416666666666667,0.7083333333333334,0.14583333333333334,0.041666666666666664,0,10,1,normal,false,6,26,1049,5025,2890,405,0,true,false,false,0,0,9369,48,0,
922,tempted_1_5,4315,30,4,lock,0,72,true,4,720,85,145,0.3,0.7,0,0,0,4,7,crash,false,8,11,350,3125,840,0,0,false,false,false,0,0,4315,30,0,
923,tempted_1_5,4387,30,0,budget,0,64,true,4,560,104,170,0.3,0.7,0,0,0,3,8,normal,false,4,14,1022,3365,0,0,0,false,false,false,0,0,4387,30,0,
924,tempted_1_5,2833,30,0,budget,0,53,true,5,536,78,126,0.5666666666666667,0.43333333333333335,0,0,0,4,11,normal,false,5,11,1443,1390,0,0,0,false,false,false,0,0,2833,30,0,
925,tempted_1_5,4878,34,4,budget,0,75,true,5,645,107,156,0.11764705882352941,0.8823529411764706,0,0,0,3,6,crash,false,6,13,248,4270,360,0,0,false,false,false,0,0,4878,34,0,
926,tempted_1_5,2892,30,0,budget,0,59,true,3,390,75,128,0.23333333333333334,0.7666666666666667,0,0,0,2,16,crash,false,9,10,317,2575,0,0,0,false,false,false,0,0,2892,30,0,
927,tempted_1_5,9889,46,24,lock,0,92,true,5,3315,118,196,0.15217391304347827,0.6956521739130435,0.15217391304347827,0,0,14,1,keto,false,4,25,519,2620,2880,3870,0,true,false,false,0,0,9889,46,0,
928,tempted_1_5,7118,44,14,budget,0,92,true,5,1075,131,205,0.20454545454545456,0.5681818181818182,0.20454545454545456,0.022727272727272728,0,9,8,normal,false,5,21,883,4205,1850,180,0,true,false,true,0,0,7118,44,0,
929,tempted_1_5,4322,34,4,budget,0,71,true,5,925,89,148,0.29411764705882354,0.7058823529411765,0,0,0,3,1,crash,false,8,10,522,3620,180,0,0,false,false,false,0,0,4322,34,0,
930,tempted_1_5,4443,32,2,budget,0,70,true,4,525,91,144,0.0625,0.9375,0,0,0,1,25,crash,false,7,11,23,4420,0,0,0,false,false,false,0,0,4443,32,0,
931,tempted_1_5,7380,39,9,budget,1,100,true,5,1420,134,175,0.07692307692307693,0.717948717948718,0.07692307692307693,0,0.1282051282051282,5,3,normal,false,8,14,155,4105,1300,0,1820,false,false,true,1740,5,5640,34,1,2
932,tempted_1_5,4245,38,8,budget,0,88,false,4,425,97,127,0,0.8947368421052632,0.07894736842105263,0.02631578947368421,0,3,28,normal,false,5,15,0,3810,300,135,0,false,false,false,0,0,4245,38,0,
933,tempted_1_5,5486,34,4,budget,0,86,true,5,2010,92,138,0.11764705882352941,0.8235294117647058,0.058823529411764705,0,0,3,1,normal,false,6,14,216,3040,790,1440,0,false,false,true,0,0,5486,34,0,
934,tempted_1_5,3043,30,0,budget,0,50,true,4,525,76,115,0.16666666666666666,0.8333333333333334,0,0,0,3,10,normal,false,5,16,248,2795,0,0,0,false,false,false,0,0,3043,30,0,
935,tempted_1_5,4260,32,2,budget,0,73,true,5,930,82,185,0.53125,0.4375,0.03125,0,0,6,4,crash,false,5,16,1280,2800,180,0,0,false,false,false,0,0,4260,32,0,
936,tempted_1_5,6090,40,10,budget,0,97,true,4,1270,119,148,0.025,0.775,0.175,0.025,0,6,1,normal,false,6,20,30,3585,900,1575,0,true,true,false,0,0,6090,40,0,
937,tempted_1_5,2843,30,0,budget,0,53,true,4,480,76,127,0.23333333333333334,0.7666666666666667,0,0,0,5,6,normal,false,5,15,303,2540,0,0,0,false,false,true,0,0,2843,30,0,
938,tempted_1_5,4705,36,6,budget,0,80,true,4,465,110,160,0,0.9722222222222222,0.027777777777777776,0,0,3,14,normal,false,6,16,60,4105,540,0,0,false,false,false,0,0,4705,36,0,
939,tempted_1_5,8530,49,19,budget,1,100,true,4,1260,143,200,0.16326530612244897,0.6530612244897959,0.061224489795918366,0.02040816326530612,0.10204081632653061,8,3,normal,false,8,16,405,3185,1680,900,2360,false,false,false,1730,5,6800,44,1,3
940,tempted_1_5,10668,55,25,budget,1,100,true,5,1680,142,221,0.2,0.43636363636363634,0.2,0.07272727272727272,0.09090909090909091,10,1,normal,false,7,25,403,2605,3360,1680,2620,false,true,false,1640,5,9028,50,1,9
941,tempted_1_5,5073,34,4,budget,0,77,true,4,680,108,165,0.11764705882352941,0.8235294117647058,0.058823529411764705,0,0,4,10,normal,false,5,13,478,4385,210,0,0,false,false,true,0,0,5073,34,0,
942,tempted_1_5,3365,28,4,lock,0,79,true,4,450,76,116,0.10714285714285714,0.8928571428571429,0,0,0,4,5,crash,false,7,11,90,2735,540,0,0,false,false,false,0,0,3365,28,0,
943,tempted_1_5,19195,65,43,lock,3,100,true,7,5300,210,274,0,0.5538461538461539,0.16923076923076924,0.046153846153846156,0.23076923076923078,13,4,normal,false,7,28,30,3470,3480,6255,5960,false,false,false,11260,15,7935,50,3,2|3|3
944,tempted_1_5,4983,32,2,budget,0,76,true,7,1255,94,143,0.0625,0.9375,0,0,0,3,13,normal,false,7,17,213,4590,180,0,0,false,false,true,0,0,4983,32,0,
945,tempted_1_5,9110,45,21,lock,1,100,true,6,1400,126,184,0.022222222222222223,0.7111111111111111,0.13333333333333333,0.022222222222222223,0.1111111111111111,8,17,crash,false,7,20,105,4225,890,1530,2360,false,false,false,2200,5,6910,40,1,2
946,tempted_1_5,12035,52,22,budget,0,92,true,5,1875,189,271,0.038461538461538464,0.7692307692307693,0.19230769230769232,0,0,12,1,normal,false,4,27,145,7165,2970,1755,0,true,false,false,0,0,12035,52,0,
947,tempted_1_5,4535,32,2,budget,0,74,true,4,730,107,150,0.0625,0.90625,0.03125,0,0,3,8,normal,false,2,16,60,4385,90,0,0,false,false,true,0,0,4535,32,0,
948,tempted_1_5,22613,88,58,budget,2,100,true,6,2345,261,369,0.045454545454545456,0.6477272727272727,0.125,0.06818181818181818,0.11363636363636363,18,15,crash,false,7,38,83,6515,5160,4575,6280,false,true,false,6765,10,15848,78,1,2
949,tempted_1_5,3241,34,4,budget,0,76,true,5,555,80,116,0.29411764705882354,0.6176470588235294,0.08823529411764706,0,0,6,1,normal,false,9,13,356,2305,580,0,0,false,false,true,0,0,3241,34,0,
950,tempted_1_5,3151,32,2,budget,0,84,true,3,300,81,114,0.0625,0.875,0.0625,0,0,2,17,normal,false,9,9,216,2635,300,0,0,false,false,false,0,0,3151,32,0,
951,tempted_1_5,9159,47,17,budget,1,100,true,4,725,164,215,0.1276595744680851,0.6382978723404256,0.0851063829787234,0.0425531914893617,0.10638297872340426,7,3,normal,false,7,25,149,5260,670,900,2180,false,true,false,2180,5,6979,42,1,2
952,tempted_1_5,16135,58,28,budget,0,97,false,7,4140,193,257,0,0.8103448275862069,0.1206896551724138,0.06896551724137931,0,12,1,normal,false,12,22,0,5345,7370,3420,0,true,true,true,0,0,16135,58,0,
953,tempted_1_5,3274,32,2,budget,0,73,true,3,315,80,128,0.28125,0.6875,0.03125,0,0,5,9,crash,false,5,12,454,2730,90,0,0,false,false,false,0,0,3274,32,0,
954,tempted_1_5,17965,82,52,budget,2,100,true,5,1980,250,314,0.012195121951219513,0.6097560975609756,0.24390243902439024,0.012195121951219513,0.12195121951219512,19,7,normal,false,8,41,20,4740,5890,1755,5560,false,false,false,6380,10,11585,72,2,5|3
955,tempted_1_5,728,10,0,lock,0,52,true,2,135,15,30,0.1,0.9,0,0,0,1,4,normal,false,4,2,53,675,0,0,0,false,false,false,0,0,728,10,0,
956,tempted_1_5,855,12,2,lock,0,81,false,3,195,24,27,0,0.8333333333333334,0.16666666666666666,0,0,1,2,normal,false,5,2,0,645,210,0,0,false,false,false,0,0,855,12,0,
957,tempted_1_5,5375,32,2,budget,0,70,true,5,1410,108,153,0,1,0,0,0,1,10,normal,false,4,13,40,5335,0,0,0,false,false,true,0,0,5375,32,0,
958,tempted_1_5,4296,32,2,budget,0,77,true,6,1455,90,157,0.375,0.59375,0.03125,0,0,4,4,normal,false,6,13,811,3395,90,0,0,false,false,false,0,0,4296,32,0,
959,tempted_1_5,1755,13,8,lock,0,98,false,4,465,34,35,0,0.6923076923076923,0.23076923076923078,0.07692307692307693,0,3,4,normal,true,4,6,0,1060,290,405,0,true,true,true,0,0,1755,13,0,
960,tempted_1_5,2627,30,0,budget,0,66,true,4,400,73,107,0.23333333333333334,0.7666666666666667,0,0,0,2,10,normal,false,7,11,462,2165,0,0,0,false,false,true,0,0,2627,30,0,
961,tempted_1_5,3584,30,0,budget,0,50,true,5,715,86,141,0.36666666666666664,0.6333333333333333,0,0,0,4,16,normal,false,3,15,749,2835,0,0,0,false,false,true,0,0,3584,30,0,
962,tempted_1_5,3858,30,0,budget,0,56,true,6,995,91,138,0.4,0.6,0,0,0,4,10,normal,false,5,13,573,3285,0,0,0,false,false,true,0,0,3858,30,0,
963,tempted_1_5,3195,30,0,budget,0,67,true,4,375,85,118,0.13333333333333333,0.8666666666666667,0,0,0,4,14,normal,false,4,11,385,2810,0,0,0,false,false,true,0,0,3195,30,0,
964,tempted_1_5,4462,30,0,budget,0,66,true,4,1130,85,158,0.4,0.6,0,0,0,3,14,normal,false,6,13,772,3690,0,0,0,false,false,true,0,0,4462,30,0,
965,tempted_1_5,4086,30,0,budget,0,64,true,4,525,77,133,0.2,0.8,0,0,0,2,13,crash,false,5,13,221,3865,0,0,0,false,false,false,0,0,4086,30,0,
966,tempted_1_5,15928,53,23,budget,1,100,true,6,5060,171,217,0.03773584905660377,0.6792452830188679,0.1509433962264151,0.03773584905660377,0.09433962264150944,11,18,normal,false,5,27,58,4035,3090,1185,7560,false,true,true,7000,5,8928,48,1,3
967,tempted_1_5,3770,36,6,budget,0,91,true,3,980,80,151,0.4722222222222222,0.4722222222222222,0.027777777777777776,0.027777777777777776,0,6,5,normal,false,7,13,700,1575,1180,315,0,true,false,true,0,0,3770,36,0,
968,tempted_1_5,9638,49,19,budget,1,100,true,4,1460,148,203,0.10204081632653061,0.6530612244897959,0.10204081632653061,0.04081632653061224,0.10204081632653061,9,1,normal,false,8,16,188,3840,2020,1350,2240,false,true,false,900,5,8738,44,1,2
969,tempted_1_5,4800,34,4,budget,0,86,true,5,880,90,132,0.058823529411764705,0.9117647058823529,0.029411764705882353,0,0,2,14,normal,false,6,8,50,3805,540,405,0,false,false,false,0,0,4800,34,0,
970,tempted_1_5,26652,75,45,budget,1,100,true,8,9720,251,357,0.09333333333333334,0.6133333333333333,0.17333333333333334,0.05333333333333334,0.06666666666666667,18,8,crash,false,6,38,332,5310,5830,2520,12660,false,true,false,12100,5,14552,70,1,4
971,tempted_1_5,29384,107,77,budget,3,100,true,4,2060,337,466,0.04672897196261682,0.45794392523364486,0.2897196261682243,0.06542056074766354,0.14018691588785046,25,13,normal,false,4,62,249,4830,8040,5805,10460,false,true,false,11635,15,17749,92,2,12|3
972,tempted_1_5,33611,88,58,budget,4,100,true,7,3670,319,439,0.07954545454545454,0.45454545454545453,0.2159090909090909,0.022727272727272728,0.22727272727272727,19,1,normal,false,5,50,446,4845,7420,5160,15740,false,true,true,16170,20,17441,68,4,2|2|3|2
973,tempted_1_5,2955,30,0,budget,0,62,true,4,465,70,122,0.23333333333333334,0.7666666666666667,0,0,0,3,14,normal,false,6,11,395,2560,0,0,0,false,false,true,0,0,2955,30,0,
974,tempted_1_5,3079,30,0,budget,0,50,true,4,450,73,141,0.43333333333333335,0.5666666666666667,0,0,0,4,8,crash,false,6,11,1004,2075,0,0,0,false,false,false,0,0,3079,30,0,
975,tempted_1_5,5899,36,6,budget,0,86,true,6,1058,108,173,0.25,0.6388888888888888,0.1111111111111111,0,0,6,8,crash,false,8,15,579,4510,810,0,0,false,false,false,0,0,5899,36,0,
976,tempted_1_5,1838,30,0,budget,0,50,true,3,375,51,114,0.7666666666666667,0.23333333333333334,0,0,0,4,4,crash,false,6,9,823,1015,0,0,0,false,false,false,0,0,1838,30,0,
977,tempted_1_5,31675,98,68,budget,4,100,false,6,3160,348,397,0,0.42857142857142855,0.3163265306122449,0.05102040816326531,0.20408163265306123,23,3,keto,false,9,48,0,6020,5450,7125,13080,false,true,false,13585,20,18090,78,4,7|5|3|10
978,tempted_1_5,3888,30,0,budget,0,63,true,7,1415,77,116,0.06666666666666667,0.9333333333333333,0,0,0,1,21,normal,false,6,11,228,3660,0,0,0,false,false,true,0,0,3888,30,0,
979,tempted_1_5,3722,30,0,budget,0,53,true,3,910,88,133,0.3,0.7,0,0,0,4,6,normal,false,3,13,332,3390,0,0,0,false,false,false,0,0,3722,30,0,
980,tempted_1_5,7102,44,14,budget,0,89,true,4,550,133,192,0.11363636363636363,0.75,0.11363636363636363,0.022727272727272728,0,9,3,normal,false,4,23,167,5050,1750,135,0,false,false,false,0,0,7102,44,0,
981,tempted_1_5,3092,32,2,budget,0,72,true,5,470,67,130,0.46875,0.5,0.03125,0,0,4,10,crash,false,8,17,912,2090,90,0,0,false,false,false,0,0,3092,32,0,
982,tempted_1_5,3424,30,0,budget,0,58,true,4,895,78,119,0.3333333333333333,0.6666666666666666,0,0,0,3,11,normal,false,10,9,299,3125,0,0,0,false,false,true,0,0,3424,30,0,
983,tempted_1_5,1523,30,0,budget,0,64,true,2,135,41,89,0.4666666666666667,0.5333333333333333,0,0,0,3,10,crash,false,5,8,368,1155,0,0,0,false,false,true,0,0,1523,30,0,
984,tempted_1_5,11793,45,15,budget,1,100,true,5,3440,141,202,0.06666666666666667,0.7555555555555555,0.06666666666666667,0,0.1111111111111111,5,12,normal,false,8,19,268,4395,1200,270,5660,false,false,true,5840,5,5953,40,0,
985,tempted_1_5,4308,30,0,budget,0,59,true,5,630,95,150,0.13333333333333333,0.8666666666666667,0,0,0,2,18,normal,false,5,12,333,3975,0,0,0,false,false,false,0,0,4308,30,0,
986,tempted_1_5,7056,50,20,budget,0,93,true,6,1335,125,203,0.32,0.5,0.12,0.06,0,15,1,normal,false,10,21,661,3745,2200,450,0,true,false,true,0,0,7056,50,0,
987,tempted_1_5,3377,30,0,budget,0,57,true,4,805,82,144,0.3,0.7,0,0,0,2,9,normal,false,5,12,837,2540,0,0,0,false,false,true,0,0,3377,30,0,
988,tempted_1_5,2860,32,2,budget,0,79,true,3,330,82,108,0.03125,0.96875,0,0,0,2,7,normal,false,5,14,30,2650,180,0,0,false,false,true,0,0,2860,32,0,
989,tempted_1_5,12728,56,26,budget,2,100,true,6,2180,164,221,0.05357142857142857,0.6071428571428571,0.125,0.03571428571428571,0.17857142857142858,12,3,normal,false,4,29,173,4170,2350,1035,5000,false,false,false,4860,10,7868,46,2,2|4
990,tempted_1_5,5503,32,2,budget,0,73,true,5,1095,101,187,0.3125,0.65625,0.03125,0,0,6,4,normal,false,4,18,623,4460,420,0,0,false,false,true,0,0,5503,32,0,
991,tempted_1_5,2387,30,0,budget,0,57,true,4,415,60,112,0.4,0.6,0,0,0,2,16,crash,false,3,12,647,1740,0,0,0,false,false,false,0,0,2387,30,0,
992,tempted_1_5,3672,30,0,budget,0,53,true,5,735,92,152,0.4666666666666667,0.5333333333333333,0,0,0,6,5,normal,false,4,15,857,2815,0,0,0,false,false,true,0,0,3672,30,0,
993,tempted_1_5,25518,112,82,budget,4,100,true,5,1440,333,425,0.05357142857142857,0.45535714285714285,0.25892857142857145,0.05357142857142857,0.17857142857142858,27,10,normal,false,12,49,613,6185,6310,4470,7940,false,true,true,8065,20,17453,92,4,9|10|6|8
994,tempted_1_5,3181,30,0,budget,0,69,true,5,620,78,128,0.3,0.7,0,0,0,3,15,crash,false,2,12,521,2660,0,0,0,false,false,false,0,0,3181,30,0,
995,tempted_1_5,9084,44,14,budget,0,85,true,5,1100,143,233,0.1590909090909091,0.6590909090909091,0.18181818181818182,0,0,10,9,normal,false,4,23,1024,3380,4050,630,0,false,false,true,0,0,9084,44,0,
996,tempted_1_5,9548,41,11,budget,1,100,true,4,2840,149,180,0.04878048780487805,0.7073170731707317,0.07317073170731707,0.04878048780487805,0.12195121951219512,5,9,normal,false,7,20,68,4715,710,315,3740,false,true,false,1080,5,8468,36,1,5
997,tempted_1_5,4433,40,10,budget,0,93,true,4,600,103,147,0.1,0.825,0.05,0.025,0,7,2,normal,false,6,15,173,3795,330,135,0,true,false,true,0,0,4433,40,0,
998,tempted_1_5,7693,39,9,budget,1,100,true,5,2360,112,157,0.10256410256410256,0.6666666666666666,0.10256410256410256,0,0.1282051282051282,5,6,normal,false,5,25,568,1965,1060,0,4100,false,false,true,4240,5,3453,34,0,
999,tempted_1_5,2913,36,6,budget,0,87,true,4,420,78,115,0.1388888888888889,0.7777777777777778,0.08333333333333333,0,0,4,9,crash,false,8,12,333,2280,300,0,0,false,false,false,0,0,2913,36,0,
1000,tempted_1_5,13700,45,15,budget,1,100,true,6,3920,151,216,0.022222222222222223,0.7777777777777778,0.044444444444444446,0.044444444444444446,0.1111111111111111,5,2,normal,false,7,19,25,4475,1680,360,7160,false,false,true,8030,5,5670,40,0,
1001,tempted_1_5,3626,30,0,budget,0,67,true,4,465,82,128,0.16666666666666666,0.8333333333333334,0,0,0,3,6,crash,false,5,13,211,3415,0,0,0,false,false,false,0,0,3626,30,0,
1002,tempted_1_5,2090,32,2,budget,0,73,true,5,285,68,122,0.59375,0.375,0.03125,0,0,3,7,crash,false,10,6,1010,750,330,0,0,false,false,false,0,0,2090,32,0,
1003,tempted_1_5,4576,34,4,budget,0,97,true,3,750,102,140,0.08823529411764706,0.8235294117647058,0.058823529411764705,0.029411764705882353,0,3,17,normal,false,4,13,126,3250,390,810,0,true,true,false,0,0,4576,34,0,
1004,tempted_1_5,15005,73,43,budget,1,100,false,5,4600,205,239,0,0.6438356164383562,0.2876712328767123,0,0.0684931506849315,18,1,normal,false,6,31,0,3385,4440,0,7180,false,false,false,2700,5,12305,68,1,3
1005,tempted_1_5,5310,46,16,budget,0,83,true,3,470,126,162,0.021739130434782608,0.9130434782608695,0.06521739130434782,0,0,9,11,normal,false,7,26,60,3660,1590,0,0,false,false,false,0,0,5310,46,0,
1006,tempted_1_5,5042,36,6,budget,0,96,true,5,1505,103,153,0.3055555555555556,0.6388888888888888,0.05555555555555555,0,0,6,12,normal,false,6,14,582,2825,960,675,0,true,true,true,0,0,5042,36,0,
1007,tempted_1_5,3944,32,2,budget,0,72,true,4,473,100,146,0.1875,0.78125,0.03125,0,0,2,6,normal,false,4,13,399,3455,90,0,0,false,false,true,0,0,3944,32,0,
1008,tempted_1_5,7520,47,17,budget,1,100,true,6,1025,139,196,0.02127659574468085,0.8085106382978723,0.06382978723404255,0,0.10638297872340426,6,17,crash,false,7,19,215,4720,500,945,1140,false,false,false,1985,5,5535,42,1,2
1009,tempted_1_5,9815,36,6,budget,0,82,true,9,3610,142,205,0,0.9444444444444444,0.05555555555555555,0,0,3,10,normal,false,7,14,60,9015,740,0,0,false,false,false,0,0,9815,36,0,
1010,tempted_1_5,2103,30,0,budget,0,50,true,3,260,65,102,0.2,0.8,0,0,0,3,8,normal,false,8,12,248,1855,0,0,0,false,false,false,0,0,2103,30,0,
1011,tempted_1_5,2392,30,0,budget,0,59,true,3,220,69,146,0.5333333333333333,0.4666666666666667,0,0,0,2,5,crash,false,5,10,912,1480,0,0,0,false,false,false,0,0,2392,30,0,
1012,tempted_1_5,3077,30,0,budget,0,55,true,3,315,72,142,0.36666666666666664,0.6333333333333333,0,0,0,1,28,crash,false,4,13,422,2655,0,0,0,false,false,true,0,0,3077,30,0,
1013,tempted_1_5,2681,30,0,budget,0,67,true,3,265,69,108,0.16666666666666666,0.8333333333333334,0,0,0,1,30,normal,false,4,15,321,2360,0,0,0,false,false,true,0,0,2681,30,0,
1014,tempted_1_5,2586,30,0,budget,0,59,true,3,355,67,128,0.3333333333333333,0.6666666666666666,0,0,0,4,5,normal,false,4,11,431,2155,0,0,0,false,false,false,0,0,2586,30,0,
1015,tempted_1_5,8855,54,24,budget,0,87,true,6,1035,179,255,0.037037037037037035,0.8148148148148148,0.14814814814814814,0,0,12,5,normal,false,10,23,215,6260,2110,270,0,false,false,false,0,0,8855,54,0,
1016,tempted_1_5,3703,30,0,budget,0,66,true,5,1215,83,152,0.4666666666666667,0.5333333333333333,0,0,0,3,16,crash,false,5,15,828,2875,0,0,0,false,false,false,0,0,3703,30,0,
1017,tempted_1_5,27490,80,50,budget,4,100,true,7,3175,278,367,0,0.5,0.1625,0.0875,0.25,13,7,normal,false,4,37,100,5720,3640,10110,7920,false,true,false,7990,20,19500,60,4,2|2|7|2
1018,tempted_1_5,5272,36,6,budget,0,90,true,4,1105,102,169,0.19444444444444445,0.6944444444444444,0.08333333333333333,0.027777777777777776,0,5,11,normal,false,4,15,267,3855,970,180,0,true,false,false,0,0,5272,36,0,
1019,tempted_1_5,26836,71,41,budget,3,100,true,8,2980,240,357,0.09859154929577464,0.4788732394366197,0.11267605633802817,0.09859154929577464,0.2112676056338028,16,1,normal,false,4,35,231,5225,5010,6150,10220,false,true,true,11410,15,15426,56,3,2|5|2
1020,tempted_1_5,2760,30,0,budget,0,59,true,5,420,68,112,0.26666666666666666,0.7333333333333333,0,0,0,4,6,normal,false,4,13,490,2270,0,0,0,false,false,true,0,0,2760,30,0,
1021,tempted_1_5,5452,30,0,budget,0,54,true,6,1515,88,185,0.5333333333333333,0.4666666666666667,0,0,0,4,8,crash,false,3,15,922,4530,0,0,0,false,false,false,0,0,5452,30,0,
1022,tempted_1_5,3444,30,0,budget,0,62,true,4,725,76,132,0.4,0.6,0,0,0,2,11,normal,false,7,12,469,2975,0,0,0,false,false,false,0,0,3444,30,0,
1023,tempted_1_5,2312,30,0,budget,0,53,true,5,495,60,102,0.36666666666666664,0.6333333333333333,0,0,0,4,13,crash,false,7,8,632,1680,0,0,0,false,false,false,0,0,2312,30,0,
1024,tempted_1_5,3495,25,11,lock,1,100,false,3,405,69,81,0,0.72,0.08,0,0.2,3,14,normal,false,5,12,0,1875,190,270,1160,false,false,false,1100,5,2395,20,1,2
1025,tempted_1_5,5736,34,4,budget,0,81,true,5,1290,116,154,0.11764705882352941,0.8235294117647058,0.058823529411764705,0,0,4,9,normal,false,5,14,211,4695,830,0,0,false,false,true,0,0,5736,34,0,
1026,tempted_1_5,10871,51,21,budget,1,100,true,5,1220,156,214,0.058823529411764705,0.6862745098039216,0.13725490196078433,0.0196078431372549,0.09803921568627451,7,8,crash,false,6,24,156,4450,1380,1125,3760,false,false,false,3150,5,7721,46,0,
1027,tempted_1_5,3808,32,2,budget,0,71,true,3,330,96,149,0.15625,0.84375,0,0,0,2,19,normal,false,3,15,293,3335,180,0,0,false,false,false,0,0,3808,32,0,
1028,tempted_1_5,3570,30,0,budget,0,65,true,4,345,78,133,0.26666666666666666,0.7333333333333333,0,0,0,3,18,normal,false,5,11,495,3075,0,0,0,false,false,true,0,0,3570,30,0,
1029,tempted_1_5,5908,36,6,budget,0,91,true,4,1430,105,178,0.19444444444444445,0.7222222222222222,0.08333333333333333,0,0,3,5,normal,false,5,14,558,3030,1510,810,0,true,false,false,0,0,5908,36,0,
1030,tempted_1_5,2626,30,0,budget,0,60,true,5,645,62,109,0.4666666666666667,0.5333333333333333,0,0,0,4,19,crash,false,11,10,401,2225,0,0,0,false,false,false,0,0,2626,30,0,
1031,tempted_1_5,3233,32,2,budget,0,75,true,3,550,87,135,0.34375,0.625,0.03125,0,0,3,5,crash,false,6,13,578,2565,90,0,0,false,false,false,0,0,3233,32,0,
1032,tempted_1_5,3890,40,10,budget,0,80,true,4,495,108,143,0.025,0.875,0.1,0,0,6,18,normal,false,7,15,90,3440,360,0,0,false,false,false,0,0,3890,40,0,
1033,tempted_1_5,7425,40,10,budget,0,85,true,4,1260,150,203,0.025,0.8,0.175,0,0,4,5,normal,false,7,14,105,4390,1790,1140,0,false,false,false,0,0,7425,40,0,
1034,tempted_1_5,1854,30,0,budget,0,50,true,2,180,52,117,0.6,0.4,0,0,0,5,8,crash,false,5,12,574,1280,0,0,0,false,false,false,0,0,1854,30,0,
1035,tempted_1_5,6604,38,8,budget,0,82,true,5,840,115,185,0.13157894736842105,0.7894736842105263,0.07894736842105263,0,0,6,2,normal,false,4,18,244,5050,1310,0,0,false,false,true,0,0,6604,38,0,
1036,tempted_1_5,3193,32,2,budget,0,83,true,4,650,68,117,0.28125,0.6875,0.03125,0,0,4,3,normal,false,12,13,313,2760,120,0,0,false,false,true,0,0,3193,32,0,
1037,tempted_1_5,3024,30,0,budget,0,68,true,4,355,82,126,0.16666666666666666,0.8333333333333334,0,0,0,4,13,normal,false,5,15,519,2505,0,0,0,false,false,true,0,0,3024,30,0,
1038,tempted_1_5,6543,44,14,budget,0,87,true,5,1240,119,167,0.09090909090909091,0.8181818181818182,0.09090909090909091,0,0,8,7,normal,false,6,14,73,3440,3030,0,0,false,false,true,0,0,6543,44,0,
1039,tempted_1_5,4415,32,2,budget,0,72,true,6,1035,103,141,0.03125,0.9375,0.03125,0,0,2,11,normal,false,6,12,140,4185,90,0,0,false,false,true,0,0,4415,32,0,
1040,tempted_1_5,2096,30,0,budget,0,53,true,5,413,58,105,0.43333333333333335,0.5666666666666667,0,0,0,6,10,normal,false,8,11,1046,1050,0,0,0,false,false,true,0,0,2096,30,0,
1041,tempted_1_5,4340,32,2,budget,0,71,false,4,720,108,132,0,1,0,0,0,1,11,normal,false,9,8,0,4340,0,0,0,false,false,false,0,0,4340,32,0,
1042,tempted_1_5,3278,32,2,budget,0,70,true,4,465,84,135,0.1875,0.8125,0,0,0,3,8,crash,false,4,13,213,3065,0,0,0,false,false,false,0,0,3278,32,0,
1043,tempted_1_5,3456,30,0,budget,0,66,true,5,705,77,110,0.13333333333333333,0.8666666666666667,0,0,0,3,21,normal,false,4,13,166,3290,0,0,0,false,false,true,0,0,3456,30,0,
1044,tempted_1_5,10311,59,29,budget,1,100,true,6,960,167,216,0.0847457627118644,0.6949152542372882,0.0847457627118644,0.05084745762711865,0.0847457627118644,12,1,normal,false,8,20,261,4305,2160,885,2700,false,false,false,2880,5,7431,54,0,
1045,tempted_1_5,16600,76,46,budget,2,100,true,7,1540,261,316,0.039473684210526314,0.5526315789473685,0.21052631578947367,0.06578947368421052,0.13157894736842105,17,1,crash,false,7,44,150,7895,2720,2595,3240,false,true,false,3100,10,13500,66,2,2|2
1046,tempted_1_5,2871,30,0,budget,0,67,true,3,355,73,115,0.13333333333333333,0.8666666666666667,0,0,0,1,24,crash,false,6,11,66,2805,0,0,0,false,false,false,0,0,2871,30,0,
1047,tempted_1_5,2550,30,0,budget,0,53,true,3,365,69,138,0.5666666666666667,0.43333333333333335,0,0,0,5,13,crash,false,8,9,780,1770,0,0,0,false,false,true,0,0,2550,30,0,
1048,tempted_1_5,2766,32,2,budget,0,72,true,3,275,81,114,0.25,0.71875,0.03125,0,0,5,7,normal,false,6,13,391,2285,90,0,0,false,false,false,0,0,2766,32,0,
1049,tempted_1_5,2473,30,0,budget,0,67,true,4,540,70,104,0.3,0.7,0,0,0,2,14,normal,false,6,8,663,1810,0,0,0,false,false,false,0,0,2473,30,0,
1050,tempted_1_5,3618,30,0,budget,0,66,true,5,1140,72,126,0.3333333333333333,0.6666666666666666,0,0,0,2,11,normal,false,5,11,663,2955,0,0,0,false,false,false,0,0,3618,30,0,
1051,tempted_1_5,3827,32,2,budget,0,74,true,4,495,89,147,0.28125,0.71875,0,0,0,7,3,normal,false,4,12,927,2600,300,0,0,false,false,false,0,0,3827,32,0,
1052,tempted_1_5,2392,34,4,budget,0,88,true,3,245,69,103,0.2647058823529412,0.6470588235294118,0.058823529411764705,0.029411764705882353,0,5,1,normal,false,6,10,452,1635,170,135,0,false,false,true,0,0,2392,34,0,
1053,tempted_1_5,2851,32,2,budget,0,70,true,4,630,81,107,0.09375,0.90625,0,0,0,2,1,normal,false,6,12,101,2750,0,0,0,false,false,false,0,0,2851,32,0,
1054,tempted_1_5,4706,30,0,budget,0,68,true,5,675,83,143,0.4,0.6,0,0,0,2,6,crash,false,7,14,521,4185,0,0,0,false,false,false,0,0,4706,30,0,
1055,tempted_1_5,8687,51,21,budget,1,100,true,4,1320,145,213,0.19607843137254902,0.5294117647058824,0.1568627450980392,0.0196078431372549,0.09803921568627451,12,4,normal,false,4,33,597,3275,1840,135,2840,false,false,false,2720,5,5967,46,1,3
1056,tempted_1_5,380,6,0,lock,0,57,false,2,160,8,18,0,1,0,0,0,0,-1,normal,false,6,0,0,380,0,0,0,false,false,false,0,0,380,6,0,
1057,tempted_1_5,13120,66,36,budget,2,100,true,3,1540,204,262,0.030303030303030304,0.6060606060606061,0.19696969696969696,0.015151515151515152,0.15151515151515152,12,4,normal,false,5,32,110,4695,1840,675,5800,false,true,true,5140,10,7980,56,1,4
1058,tempted_1_5,3127,30,0,budget,0,50,true,5,555,73,141,0.4666666666666667,0.5333333333333333,0,0,0,5,6,normal,false,5,11,1072,2055,0,0,0,false,false,false,0,0,3127,30,0,
1059,tempted_1_5,225,6,0,lock,0,57,false,1,45,9,9,0,1,0,0,0,0,-1,normal,false,6,0,0,225,0,0,0,false,false,false,0,0,225,6,0,
1060,tempted_1_5,1837,30,0,budget,0,55,true,3,255,58,97,0.43333333333333335,0.5666666666666667,0,0,0,6,5,crash,false,4,11,437,1400,0,0,0,false,false,false,0,0,1837,30,0,
1061,tempted_1_5,4351,30,0,budget,0,65,true,5,795,90,149,0.4,0.6,0,0,0,3,7,normal,false,7,13,486,3865,0,0,0,false,false,true,0,0,4351,30,0,
1062,tempted_1_5,6229,38,8,budget,0,96,true,6,1230,131,199,0.3157894736842105,0.6052631578947368,0.05263157894736842,0.02631578947368421,0,8,5,normal,false,5,15,1394,3980,720,135,0,true,true,true,0,0,6229,38,0,
1063,tempted_1_5,2387,30,0,budget,0,50,true,3,340,61,119,0.43333333333333335,0.5666666666666667,0,0,0,5,6,normal,false,4,11,707,1680,0,0,0,false,false,false,0,0,2387,30,0,
1064,tempted_1_5,7194,40,10,budget,0,95,true,5,900,129,178,0.2,0.675,0.125,0,0,8,5,normal,false,8,18,334,4010,2580,270,0,true,true,false,0,0,7194,40,0,
1065,tempted_1_5,2630,14,0,lock,0,66,false,5,720,54,78,0,1,0,0,0,0,-1,normal,false,2,6,0,2630,0,0,0,false,false,false,0,0,2630,14,0,
1066,tempted_1_5,3553,30,0,budget,0,66,true,6,1175,73,130,0.5,0.5,0,0,0,6,6,normal,false,5,13,648,2905,0,0,0,false,false,true,0,0,3553,30,0,
1067,tempted_1_5,2966,30,0,budget,0,66,true,4,360,79,131,0.26666666666666666,0.7333333333333333,0,0,0,3,10,normal,false,6,10,736,2230,0,0,0,false,false,true,0,0,2966,30,0,
1068,tempted_1_5,7370,49,19,budget,1,100,false,4,960,143,158,0,0.7551020408163265,0.12244897959183673,0.02040816326530612,0.10204081632653061,6,13,normal,false,10,21,0,3960,630,660,2120,false,true,false,2000,5,5370,44,1,4
1069,tempted_1_5,11355,57,27,budget,1,100,true,7,1215,179,239,0.017543859649122806,0.7543859649122807,0.14035087719298245,0,0.08771929824561403,10,5,normal,false,9,28,20,6255,1790,270,3020,false,false,false,2940,5,8415,52,1,4
1070,tempted_1_5,2824,30,0,budget,0,69,true,4,585,67,122,0.3333333333333333,0.6666666666666666,0,0,0,2,13,crash,false,5,12,444,2380,0,0,0,false,false,false,0,0,2824,30,0,
1071,tempted_1_5,12921,43,13,budget,1,100,true,5,3280,158,229,0.06976744186046512,0.7209302325581395,0.09302325581395349,0,0.11627906976744186,7,14,normal,false,3,24,461,4360,1580,0,6520,false,false,false,3320,5,9601,38,1,2
1072,tempted_1_5,4128,30,0,budget,0,69,true,4,825,79,152,0.43333333333333335,0.5666666666666667,0,0,0,4,10,crash,false,6,12,353,3775,0,0,0,false,false,false,0,0,4128,30,0,
1073,tempted_1_5,4716,34,4,budget,0,74,true,5,870,100,163,0.20588235294117646,0.7352941176470589,0.058823529411764705,0,0,6,1,crash,false,4,17,311,4195,210,0,0,false,false,false,0,0,4716,34,0,
1074,tempted_1_5,4557,30,0,budget,0,67,true,4,645,103,151,0.23333333333333334,0.7666666666666667,0,0,0,2,6,normal,false,4,16,267,4290,0,0,0,false,false,true,0,0,4557,30,0,
1075,tempted_1_5,2890,30,0,budget,0,50,true,4,348,71,145,0.36666666666666664,0.6333333333333333,0,0,0,3,7,normal,false,4,12,1155,1735,0,0,0,false,false,false,0,0,2890,30,0,
1076,tempted_1_5,7075,41,11,budget,1,100,true,6,1020,127,160,0.024390243902439025,0.7560975609756098,0.07317073170731707,0.024390243902439025,0.12195121951219512,4,13,normal,false,10,22,30,4505,780,180,1580,false,false,false,1380,5,5695,36,1,3
1077,tempted_1_5,3340,32,2,budget,0,72,true,4,570,80,120,0.1875,0.78125,0.03125,0,0,3,19,normal,false,4,11,230,3020,90,0,0,false,false,false,0,0,3340,32,0,
1078,tempted_1_5,2460,30,0,budget,0,69,true,3,315,70,111,0.4,0.6,0,0,0,2,18,normal,false,7,10,395,2065,0,0,0,false,false,false,0,0,2460,30,0,
1079,tempted_1_5,6620,42,21,lock,1,100,true,4,920,111,138,0,0.8333333333333334,0.047619047619047616,0,0.11904761904761904,7,22,normal,false,10,19,30,2400,1660,270,2260,false,false,false,2270,5,4350,37,0,
1080,tempted_1_5,3785,30,0,budget,0,53,true,7,1088,76,165,0.5333333333333333,0.4666666666666667,0,0,0,5,9,normal,false,3,15,925,2860,0,0,0,false,false,true,0,0,3785,30,0,
1081,tempted_1_5,4794,36,6,budget,0,88,true,4,490,93,151,0.1388888888888889,0.75,0.05555555555555555,0.05555555555555555,0,2,2,crash,false,5,12,174,3885,420,315,0,false,false,false,0,0,4794,36,0,
1082,tempted_1_5,4648,34,4,budget,0,78,true,5,1020,101,157,0.2647058823529412,0.6764705882352942,0.058823529411764705,0,0,9,1,normal,false,5,12,378,4090,180,0,0,false,false,true,0,0,4648,34,0,
1083,tempted_1_5,2794,30,0,budget,0,50,true,4,540,65,121,0.23333333333333334,0.7666666666666667,0,0,0,3,18,normal,false,4,12,519,2275,0,0,0,false,false,true,0,0,2794,30,0,
1084,tempted_1_5,3245,30,0,budget,0,69,false,3,410,76,114,0,1,0,0,0,0,-1,normal,false,5,14,0,3245,0,0,0,false,false,false,0,0,3245,30,0,
1085,tempted_1_5,8715,54,24,budget,2,100,true,4,1410,144,207,0.2037037037037037,0.5185185185185185,0.09259259259259259,0,0.18518518518518517,10,8,normal,false,4,28,445,3470,1050,270,3480,false,false,false,3450,10,5265,44,1,4
1086,tempted_1_5,4103,30,0,budget,0,51,true,4,640,92,168,0.36666666666666664,0.6333333333333333,0,0,0,2,11,crash,false,4,15,1018,3085,0,0,0,false,false,false,0,0,4103,30,0,
1087,tempted_1_5,3668,30,0,budget,0,66,true,5,765,93,143,0.3333333333333333,0.6666666666666666,0,0,0,3,10,crash,false,3,14,548,3120,0,0,0,false,false,false,0,0,3668,30,0,
1088,tempted_1_5,1643,30,0,budget,0,50,true,3,135,53,93,0.36666666666666664,0.6333333333333333,0,0,0,5,14,crash,false,6,8,548,1095,0,0,0,false,false,false,0,0,1643,30,0,
1089,tempted_1_5,2735,30,0,budget,0,52,true,3,360,77,132,0.36666666666666664,0.6333333333333333,0,0,0,2,12,crash,false,3,10,775,1960,0,0,0,false,false,false,0,0,2735,30,0,
1090,tempted_1_5,9900,44,26,lock,2,100,true,4,1720,116,180,0.06818181818181818,0.5454545454545454,0.1590909090909091,0,0.22727272727272727,11,4,frenzy,false,5,27,140,2800,900,540,5520,false,false,true,5660,10,4240,34,2,2|5
1091,tempted_1_5,16917,55,25,budget,1,100,true,6,2640,221,331,0.3090909090909091,0.4909090909090909,0.09090909090909091,0.01818181818181818,0.09090909090909091,14,6,normal,false,4,33,1922,4660,5120,135,5080,false,false,true,5160,5,11757,50,0,
1092,tempted_1_5,3608,32,2,budget,0,81,true,4,570,92,143,0.40625,0.5625,0.03125,0,0,5,6,normal,false,4,15,738,2780,90,0,0,false,false,false,0,0,3608,32,0,
1093,tempted_1_5,12746,61,31,budget,1,100,true,6,1955,211,248,0.11475409836065574,0.5901639344262295,0.16393442622950818,0.04918032786885246,0.08196721311475409,13,4,normal,false,6,26,286,5275,4740,885,1560,false,true,false,1790,5,10956,56,1,2
1094,tempted_1_5,47868,162,132,budget,6,100,true,6,4180,515,639,0.012345679012345678,0.4567901234567901,0.24691358024691357,0.09876543209876543,0.18518518518518517,45,1,normal,false,10,81,83,8860,8510,7815,22600,false,true,true,19375,30,28493,132,4,5|4|3|4
1095,tempted_1_5,9520,52,22,budget,2,100,true,5,1140,142,185,0,0.5769230769230769,0.15384615384615385,0.07692307692307693,0.19230769230769232,7,26,normal,false,10,26,30,3370,890,1050,4180,false,true,false,3970,10,5550,42,2,3|4
1096,tempted_1_5,2858,30,0,budget,0,60,true,3,335,76,120,0.16666666666666666,0.8333333333333334,0,0,0,4,11,crash,false,6,12,298,2560,0,0,0,false,false,true,0,0,2858,30,0,
1097,tempted_1_5,4830,30,0,budget,0,56,true,7,1300,97,155,0.3333333333333333,0.6666666666666666,0,0,0,4,8,normal,false,4,17,1140,3690,0,0,0,false,false,true,0,0,4830,30,0,
1098,tempted_1_5,6780,40,10,budget,0,83,true,5,750,135,196,0.125,0.825,0.05,0,0,7,3,crash,false,4,20,110,5470,1200,0,0,false,false,false,0,0,6780,40,0,
1099,tempted_1_5,2723,32,2,budget,0,71,true,4,435,71,93,0.0625,0.9375,0,0,0,2,9,normal,false,8,11,58,2395,270,0,0,false,false,false,0,0,2723,32,0,
1100,tempted_1_5,3931,30,0,budget,0,58,true,5,1150,81,128,0.2,0.8,0,0,0,0,-1,crash,false,7,14,381,3550,0,0,0,false,false,false,0,0,3931,30,0,
1101,tempted_1_5,2394,30,0,budget,0,57,true,3,315,65,103,0.3,0.7,0,0,0,3,7,normal,false,4,10,274,2120,0,0,0,false,false,false,0,0,2394,30,0,
1102,tempted_1_5,1946,16,2,lock,0,80,true,4,400,46,73,0.5,0.4375,0.0625,0,0,3,6,normal,false,5,7,421,1315,210,0,0,false,false,false,0,0,1946,16,0,
1103,tempted_1_5,5192,38,8,budget,0,91,true,5,985,111,177,0.2894736842105263,0.6578947368421053,0.02631578947368421,0.02631578947368421,0,7,3,crash,false,4,23,702,3935,420,135,0,true,false,false,0,0,5192,38,0,
1104,tempted_1_5,4902,42,12,budget,0,90,true,5,905,105,151,0.21428571428571427,0.5714285714285714,0.14285714285714285,0.07142857142857142,0,6,13,normal,false,6,20,677,2295,1480,450,0,true,false,false,0,0,4902,42,0,
1105,tempted_1_5,8635,53,23,budget,1,100,true,5,1020,144,198,0.2641509433962264,0.37735849056603776,0.22641509433962265,0.03773584905660377,0.09433962264150944,9,11,crash,false,5,25,755,3060,1360,720,2740,false,false,false,2680,5,5955,48,1,6
1106,tempted_1_5,6753,36,6,budget,0,94,true,6,1040,128,203,0.2777777777777778,0.6111111111111112,0.05555555555555555,0.05555555555555555,0,6,3,crash,false,4,19,493,4985,780,495,0,true,false,false,0,0,6753,36,0,
1107,tempted_1_5,7990,39,9,budget,1,100,false,4,1820,113,145,0,0.7692307692307693,0.10256410256410256,0,0.1282051282051282,3,25,normal,false,5,17,0,2750,620,0,4620,false,false,false,4400,5,3590,34,1,4
1108,tempted_1_5,1513,20,0,lock,0,69,true,3,255,44,56,0.15,0.85,0,0,0,2,13,normal,false,9,6,63,1450,0,0,0,false,false,false,0,0,1513,20,0,
1109,tempted_1_5,15015,59,29,budget,3,100,false,5,2210,188,242,0,0.5932203389830508,0.11864406779661017,0.03389830508474576,0.2542372881355932,7,9,normal,false,6,23,0,3835,4360,660,6160,false,true,false,6360,15,8655,44,3,2|4|2
1110,tempted_1_5,3220,30,0,budget,0,50,true,4,395,82,152,0.2,0.8,0,0,0,2,9,normal,false,6,13,735,2485,0,0,0,false,false,true,0,0,3220,30,0,
1111,tempted_1_5,3076,30,0,budget,0,50,true,4,510,67,130,0.5333333333333333,0.4666666666666667,0,0,0,3,7,crash,false,5,10,761,2315,0,0,0,false,false,false,0,0,3076,30,0,
1112,tempted_1_5,10654,53,23,budget,1,100,true,5,1640,165,223,0.1320754716981132,0.5471698113207547,0.16981132075471697,0.05660377358490566,0.09433962264150944,9,2,normal,false,5,20,399,3665,2780,1890,1920,false,true,true,1900,5,8754,48,1,7
1113,tempted_1_5,2940,30,0,budget,0,51,true,4,360,69,116,0.13333333333333333,0.8666666666666667,0,0,0,2,5,crash,false,3,15,260,2680,0,0,0,false,false,false,0,0,2940,30,0,
1114,tempted_1_5,2339,30,0,budget,0,62,true,3,375,70,107,0.26666666666666666,0.7333333333333333,0,0,0,3,10,normal,false,6,9,269,2070,0,0,0,false,false,false,0,0,2339,30,0,
1115,tempted_1_5,24145,47,46,lock,2,100,false,6,5250,195,254,0,0.3617021276595745,0.2765957446808511,0.14893617021276595,0.2127659574468085,14,1,normal,false,4,27,0,2645,4530,6510,10460,false,true,false,10970,10,13175,37,2,2|7
1116,tempted_1_5,32370,99,69,budget,3,100,true,5,3135,352,450,0.030303030303030304,0.5151515151515151,0.25252525252525254,0.050505050505050504,0.15151515151515152,24,2,normal,false,6,52,120,6285,6010,7395,12560,false,true,false,10980,15,21390,84,3,3|2|6
1117,tempted_1_5,2921,30,0,budget,0,50,true,4,323,69,133,0.43333333333333335,0.5666666666666667,0,0,0,5,6,normal,false,4,13,801,2120,0,0,0,false,false,false,0,0,2921,30,0,
1118,tempted_1_5,9204,53,23,budget,1,100,true,4,2080,152,230,0.1509433962264151,0.6226415094339622,0.1320754716981132,0,0.09433962264150944,12,4,normal,false,6,23,534,3755,1200,675,3040,false,false,true,3250,5,5954,48,0,
1119,tempted_1_5,6180,48,18,budget,0,99,true,4,650,146,187,0.041666666666666664,0.75,0.1875,0.020833333333333332,0,10,4,normal,false,6,22,135,3840,2070,135,0,true,true,false,0,0,6180,48,0,
1120,tempted_1_5,5340,30,0,budget,0,63,true,5,760,114,162,0,1,0,0,0,0,-1,normal,false,5,13,30,5310,0,0,0,false,false,false,0,0,5340,30,0,
1121,tempted_1_5,19776,73,43,budget,1,100,true,5,7280,235,290,0.0410958904109589,0.6027397260273972,0.273972602739726,0.0136986301369863,0.0684931506849315,14,3,normal,false,8,28,331,4615,2810,2160,9860,false,false,false,10150,5,9626,68,0,
1122,tempted_1_5,7058,48,18,budget,0,97,true,4,690,131,211,0.2916666666666667,0.5,0.1875,0.020833333333333332,0,9,4,crash,false,3,22,703,3640,1680,1035,0,true,true,true,0,0,7058,48,0,
1123,tempted_1_5,11801,51,21,budget,1,100,true,5,1780,172,237,0.058823529411764705,0.7450980392156863,0.09803921568627451,0,0.09803921568627451,8,1,normal,false,6,26,116,5745,2910,270,2760,false,false,false,3150,5,8651,46,1,2
1124,tempted_1_5,4531,34,4,budget,0,89,true,4,905,98,153,0.35294117647058826,0.6176470588235294,0,0.029411764705882353,0,3,16,normal,false,13,14,626,3515,120,270,0,false,false,true,0,0,4531,34,0,
1125,tempted_1_5,3384,30,0,budget,0,69,true,4,345,94,135,0.26666666666666666,0.7333333333333333,0,0,0,3,19,normal,false,6,11,714,2670,0,0,0,false,false,false,0,0,3384,30,0,
1126,tempted_1_5,4044,40,10,budget,0,86,true,4,470,93,150,0.275,0.625,0.1,0,0,7,1,crash,false,8,14,349,2545,1150,0,0,false,false,false,0,0,4044,40,0,
1127,tempted_1_5,3037,30,0,budget,0,58,true,5,550,80,130,0.3333333333333333,0.6666666666666666,0,0,0,4,9,normal,false,4,12,552,2485,0,0,0,false,false,false,0,0,3037,30,0,
1128,tempted_1_5,2300,30,0,budget,0,58,true,3,240,65,117,0.36666666666666664,0.6333333333333333,0,0,0,6,4,normal,false,3,14,600,1700,0,0,0,false,false,false,0,0,2300,30,0,
1129,tempted_1_5,4252,30,0,budget,0,50,true,4,600,91,168,0.3,0.7,0,0,0,2,10,crash,false,5,14,902,3350,0,0,0,false,false,true,0,0,4252,30,0,
1130,tempted_1_5,1857,30,0,budget,0,50,true,2,135,52,93,0.3,0.7,0,0,0,5,4,crash,false,6,10,292,1565,0,0,0,false,false,false,0,0,1857,30,0,
1131,tempted_1_5,2771,30,0,budget,0,50,true,4,655,65,105,0.16666666666666666,0.8333333333333334,0,0,0,2,16,normal,false,8,10,311,2460,0,0,0,false,false,true,0,0,2771,30,0,
1132,tempted_1_5,3170,30,0,budget,0,50,true,4,445,77,144,0.3333333333333333,0.6666666666666666,0,0,0,3,17,normal,false,4,11,1095,2075,0,0,0,false,false,true,0,0,3170,30,0,
1133,tempted_1_5,4228,38,8,budget,0,91,true,4,685,85,155,0.3684210526315789,0.5263157894736842,0.07894736842105263,0.02631578947368421,0,8,1,crash,false,6,16,443,3155,450,180,0,true,false,false,0,0,4228,38,0,
1134,tempted_1_5,1725,30,0,budget,0,63,true,2,200,51,103,0.5333333333333333,0.4666666666666667,0,0,0,3,8,normal,false,7,11,550,1175,0,0,0,false,false,false,0,0,1725,30,0,
1135,tempted_1_5,5458,32,2,budget,0,70,true,5,1020,114,172,0.28125,0.71875,0,0,0,4,1,normal,false,5,17,553,4725,180,0,0,false,false,true,0,0,5458,32,0,
1136,tempted_1_5,6675,43,13,budget,1,100,true,4,1170,124,192,0.37209302325581395,0.46511627906976744,0.046511627906976744,0,0.11627906976744186,7,4,normal,false,3,28,835,3090,300,270,2180,false,false,true,2350,5,4325,38,0,
1137,tempted_1_5,2820,32,2,budget,0,80,true,4,500,73,113,0.34375,0.625,0.03125,0,0,5,4,normal,false,5,9,470,2170,180,0,0,false,false,true,0,0,2820,32,0,
1138,tempted_1_5,2759,32,2,budget,0,83,true,3,355,79,103,0.125,0.84375,0.03125,0,0,4,4,normal,false,4,13,219,2300,240,0,0,false,false,true,0,0,2759,32,0,
1139,tempted_1_5,3160,32,2,budget,0,72,true,4,490,72,135,0.375,0.59375,0.03125,0,0,5,5,normal,false,6,12,640,2370,150,0,0,false,false,false,0,0,3160,32,0,
1140,tempted_1_5,856,4,0,lock,0,50,true,5,765,3,25,0.75,0.25,0,0,0,0,-1,crash,false,3,1,46,810,0,0,0,false,false,false,0,0,856,4,0,
1141,tempted_1_5,4672,30,0,budget,0,55,true,4,880,85,146,0.3,0.7,0,0,0,1,26,crash,false,7,10,352,4320,0,0,0,false,false,false,0,0,4672,30,0,
1142,tempted_1_5,6310,50,20,budget,0,98,true,3,510,136,188,0.14,0.66,0.14,0.06,0,13,1,normal,false,8,21,470,2700,1970,1170,0,true,true,false,0,0,6310,50,0,
1143,tempted_1_5,5505,30,0,budget,0,57,true,5,765,105,177,0.1,0.9,0,0,0,2,12,crash,false,5,14,195,5310,0,0,0,false,false,false,0,0,5505,30,0,
1144,tempted_1_5,15670,47,28,lock,2,100,false,6,3360,156,192,0,0.48936170212765956,0.23404255319148937,0.06382978723404255,0.2127659574468085,10,2,normal,false,5,21,0,2835,4050,705,8080,false,true,false,5210,10,10460,37,1,3
1145,tempted_1_5,13936,62,32,budget,2,100,true,6,1840,186,259,0.0967741935483871,0.5967741935483871,0.12903225806451613,0.016129032258064516,0.16129032258064516,11,2,crash,false,4,30,176,5655,2640,525,4940,false,false,false,3780,10,10156,52,2,2|3
1146,tempted_1_5,4601,40,10,budget,0,83,true,3,465,98,159,0.275,0.6,0.125,0,0,5,1,crash,false,12,12,461,3060,1080,0,0,false,false,false,0,0,4601,40,0,
1147,tempted_1_5,3629,36,6,budget,0,98,true,4,845,76,119,0.3888888888888889,0.5,0.08333333333333333,0.027777777777777776,0,6,5,crash,false,7,13,414,1845,470,900,0,true,true,true,0,0,3629,36,0,
1148,tempted_1_5,10054,64,34,budget,0,97,true,5,1960,167,260,0.140625,0.5625,0.234375,0.0625,0,17,8,normal,false,9,28,394,3870,4980,810,0,true,true,false,0,0,10054,64,0,
1149,tempted_1_5,4164,30,0,budget,0,53,true,5,1305,92,143,0.23333333333333334,0.7666666666666667,0,0,0,2,7,normal,false,5,15,344,3820,0,0,0,false,false,true,0,0,4164,30,0,
1150,tempted_1_5,6090,32,2,budget,0,81,true,8,1935,102,162,0.375,0.59375,0.03125,0,0,5,11,normal,false,4,16,965,5005,120,0,0,false,false,false,0,0,6090,32,0,
1151,tempted_1_5,2752,30,0,budget,0,57,true,3,300,78,134,0.3,0.7,0,0,0,1,17,crash,false,7,10,527,2225,0,0,0,false,false,false,0,0,2752,30,0,
1152,tempted_1_5,3776,30,0,budget,0,60,true,6,1030,83,119,0.16666666666666666,0.8333333333333334,0,0,0,4,5,normal,false,4,12,336,3440,0,0,0,false,false,false,0,0,3776,30,0,
1153,tempted_1_5,10940,53,23,budget,1,100,true,5,1020,184,252,0.24528301886792453,0.5094339622641509,0.11320754716981132,0.03773584905660377,0.09433962264150944,11,6,normal,false,3,32,880,4175,2180,525,3180,false,false,false,2880,5,8060,48,1,6
1154,tempted_1_5,4555,28,12,lock,0,93,true,5,1260,71,117,0.07142857142857142,0.7142857142857143,0.17857142857142858,0.03571428571428571,0,5,5,normal,false,5,11,200,1710,1970,675,0,true,false,false,0,0,4555,28,0,
1155,tempted_1_5,4643,32,2,budget,0,78,true,3,930,103,160,0.125,0.875,0,0,0,2,1,crash,false,4,12,318,3605,720,0,0,false,false,false,0,0,4643,32,0,
1156,tempted_1_5,555,8,0,lock,0,55,true,2,135,12,25,0.125,0.875,0,0,0,1,8,normal,false,4,3,15,540,0,0,0,false,false,true,0,0,555,8,0,
1157,tempted_1_5,4786,44,14,budget,0,96,true,3,630,105,148,0.1590909090909091,0.6590909090909091,0.11363636363636363,0.06818181818181818,0,9,8,crash,false,5,22,216,2495,1430,645,0,true,true,false,0,0,4786,44,0,
1158,tempted_1_5,2488,30,0,budget,0,65,true,3,255,60,103,0.13333333333333333,0.8666666666666667,0,0,0,3,11,normal,false,6,12,243,2245,0,0,0,false,false,false,0,0,2488,30,0,
1159,tempted_1_5,1833,30,0,budget,0,66,true,3,158,60,89,0.16666666666666666,0.8333333333333334,0,0,0,4,10,normal,false,9,9,393,1440,0,0,0,false,false,false,0,0,1833,30,0,
1160,tempted_1_5,3757,30,0,budget,0,58,true,4,555,89,136,0.1,0.9,0,0,0,1,6,normal,false,7,10,297,3460,0,0,0,false,false,false,0,0,3757,30,0,
1161,tempted_1_5,7546,50,20,budget,0,85,true,4,725,145,208,0.12,0.78,0.1,0,0,10,1,crash,false,6,21,201,5320,1350,675,0,false,false,false,0,0,7546,50,0,
1162,tempted_1_5,5870,38,8,budget,0,87,true,4,690,129,173,0,0.8947368421052632,0.10526315789473684,0,0,3,16,normal,false,7,15,195,4175,1500,0,0,false,false,false,0,0,5870,38,0,
1163,tempted_1_5,5053,30,0,budget,0,62,true,6,1555,95,156,0.4,0.6,0,0,0,4,15,normal,false,5,10,533,4520,0,0,0,false,false,true,0,0,5053,30,0,
1164,tempted_1_5,28660,113,83,budget,3,100,false,5,1660,354,494,0,0.6106194690265486,0.22123893805309736,0.035398230088495575,0.13274336283185842,30,4,normal,false,8,55,0,6175,9400,2985,10100,false,true,false,10660,15,18000,98,1,3
1165,tempted_1_5,4881,36,6,budget,0,84,true,6,870,103,148,0.08333333333333333,0.8611111111111112,0.05555555555555555,0,0,4,1,normal,false,5,17,311,4240,330,0,0,false,false,true,0,0,4881,36,0,
1166,tempted_1_5,7521,30,0,budget,0,69,true,7,1403,134,180,0.1,0.9,0,0,0,1,14,normal,false,8,12,226,7295,0,0,0,false,false,true,0,0,7521,30,0,
1167,tempted_1_5,3418,36,6,budget,0,82,true,3,410,88,150,0.3888888888888889,0.5277777777777778,0.08333333333333333,0,0,7,2,crash,false,4,19,773,1895,750,0,0,false,false,false,0,0,3418,36,0,
1168,tempted_1_5,3764,30,0,budget,0,50,true,4,545,91,145,0.2,0.8,0,0,0,2,15,normal,false,4,13,324,3440,0,0,0,false,false,false,0,0,3764,30,0,
1169,tempted_1_5,7252,34,4,budget,0,84,true,7,1730,119,208,0.3235294117647059,0.6470588235294118,0.029411764705882353,0,0,6,1,crash,false,4,17,717,6175,360,0,0,false,false,true,0,0,7252,34,0,
1170,tempted_1_5,2188,30,0,budget,0,52,true,4,495,58,101,0.3,0.7,0,0,0,4,7,normal,false,5,10,448,1740,0,0,0,false,false,true,0,0,2188,30,0,
1171,tempted_1_5,2541,30,0,budget,0,69,true,3,280,74,131,0.5333333333333333,0.4666666666666667,0,0,0,4,7,crash,false,4,12,736,1805,0,0,0,false,false,false,0,0,2541,30,0,
1172,tempted_1_5,3596,30,0,budget,0,64,true,4,500,82,139,0.26666666666666666,0.7333333333333333,0,0,0,4,14,crash,false,3,15,371,3225,0,0,0,false,false,false,0,0,3596,30,0,
1173,tempted_1_5,6220,44,14,budget,0,92,false,5,750,128,174,0,0.9545454545454546,0.022727272727272728,0.022727272727272728,0,6,9,normal,false,6,19,0,5005,900,315,0,true,false,false,0,0,6220,44,0,
1174,tempted_1_5,2374,30,0,budget,0,69,true,3,255,59,111,0.36666666666666664,0.6333333333333333,0,0,0,3,14,normal,false,4,11,529,1845,0,0,0,false,false,false,0,0,2374,30,0,
1175,tempted_1_5,3136,30,0,budget,0,50,true,6,1030,71,143,0.6333333333333333,0.36666666666666664,0,0,0,5,13,normal,false,7,10,1011,2125,0,0,0,false,false,true,0,0,3136,30,0,
1176,tempted_1_5,856,13,0,lock,0,50,true,3,300,16,44,0.38461538461538464,0.6153846153846154,0,0,0,1,7,crash,false,5,4,196,660,0,0,0,false,false,true,0,0,856,13,0,
1177,tempted_1_5,9648,45,15,budget,1,100,true,4,2200,150,192,0.022222222222222223,0.7777777777777778,0.06666666666666667,0.022222222222222223,0.1111111111111111,5,3,normal,false,6,17,123,4225,1140,120,4040,false,false,false,2920,5,6728,40,1,4
1178,tempted_1_5,2803,30,0,budget,0,50,true,3,270,81,134,0.3,0.7,0,0,0,2,19,normal,false,4,10,753,2050,0,0,0,false,false,false,0,0,2803,30,0,
1179,tempted_1_5,13123,49,19,budget,1,100,true,4,3180,173,247,0.20408163265306123,0.5510204081632653,0.14285714285714285,0,0.10204081632653061,9,5,crash,false,4,22,613,3290,2020,2160,5040,false,true,true,4540,5,8583,44,1,3
1180,tempted_1_5,3571,30,0,budget,0,50,true,5,700,79,156,0.4,0.6,0,0,0,3,6,crash,false,5,11,921,2650,0,0,0,false,false,false,0,0,3571,30,0,
1181,tempted_1_5,2794,30,0,budget,0,50,true,4,335,80,124,0.16666666666666666,0.8333333333333334,0,0,0,4,9,normal,false,3,13,474,2320,0,0,0,false,false,false,0,0,2794,30,0,
1182,tempted_1_5,13250,48,18,budget,2,100,true,4,2040,135,189,0.25,0.375,0.10416666666666667,0.0625,0.20833333333333334,6,5,crash,false,11,22,335,1670,1600,1605,8040,false,true,true,6820,10,6430,38,2,4|4
1183,tempted_1_5,17650,76,46,budget,4,100,true,3,1430,225,297,0.02631578947368421,0.4473684210526316,0.17105263157894737,0.09210526315789473,0.2631578947368421,15,2,normal,false,6,40,125,3945,1710,2910,8960,false,true,false,8920,20,8730,56,4,6|2|2|4
1184,tempted_1_5,3819,38,8,budget,0,89,true,4,495,83,145,0.23684210526315788,0.6578947368421053,0.07894736842105263,0.02631578947368421,0,5,3,crash,false,8,14,514,2540,630,135,0,false,false,false,0,0,3819,38,0,
1185,tempted_1_5,7062,38,8,budget,0,92,true,6,2855,108,163,0.21052631578947367,0.7368421052631579,0.02631578947368421,0.02631578947368421,0,8,1,normal,false,4,20,467,2810,3650,135,0,true,false,true,0,0,7062,38,0,
1186,tempted_1_5,7338,38,8,budget,0,91,true,5,1480,130,177,0.07894736842105263,0.8421052631578947,0.07894736842105263,0,0,6,2,normal,false,3,20,103,5365,1600,270,0,true,false,false,0,0,7338,38,0,
1187,tempted_1_5,4426,34,4,budget,0,96,true,5,630,106,170,0.35294117647058826,0.5882352941176471,0.029411764705882353,0.029411764705882353,0,5,9,normal,false,5,16,1056,2860,330,180,0,true,true,true,0,0,4426,34,0,
1188,tempted_1_5,653,10,0,lock,0,50,true,2,135,17,38,0.4,0.6,0,0,0,1,4,crash,false,4,3,138,515,0,0,0,false,false,false,0,0,653,10,0,
1189,tempted_1_5,3357,32,2,budget,0,76,true,5,920,78,143,0.5625,0.40625,0.03125,0,0,3,2,normal,false,6,11,882,2385,90,0,0,false,false,false,0,0,3357,32,0,
1190,tempted_1_5,8626,42,12,budget,0,96,true,5,835,143,229,0.07142857142857142,0.8571428571428571,0.07142857142857142,0,0,7,1,normal,false,7,21,231,6100,1620,675,0,true,true,true,0,0,8626,42,0,
1191,tempted_1_5,3273,30,0,budget,0,69,true,3,255,92,138,0.2,0.8,0,0,0,3,8,normal,false,6,11,533,2740,0,0,0,false,false,false,0,0,3273,30,0,
1192,tempted_1_5,2628,30,0,budget,0,55,true,3,295,66,127,0.36666666666666664,0.6333333333333333,0,0,0,3,6,crash,false,6,10,638,1990,0,0,0,false,false,false,0,0,2628,30,0,
1193,tempted_1_5,11305,48,18,budget,2,100,true,6,1360,146,204,0.0625,0.625,0.08333333333333333,0.020833333333333332,0.20833333333333334,6,1,normal,false,6,17,555,3645,960,1305,4840,false,true,false,5890,10,5415,38,1,4
1194,tempted_1_5,3234,30,0,budget,0,52,true,4,390,79,144,0.3333333333333333,0.6666666666666666,0,0,0,4,11,normal,false,5,11,704,2530,0,0,0,false,false,true,0,0,3234,30,0,
1195,tempted_1_5,4780,32,2,budget,0,71,true,5,600,103,154,0.0625,0.9375,0,0,0,3,3,normal,false,2,18,190,4590,0,0,0,false,false,false,0,0,4780,32,0,
1196,tempted_1_5,7371,38,8,budget,0,80,true,6,990,133,193,0.07894736842105263,0.8947368421052632,0.02631578947368421,0,0,5,7,crash,false,3,19,151,6110,1110,0,0,false,false,true,0,0,7371,38,0,
1197,tempted_1_5,4899,30,0,budget,0,64,true,5,510,107,146,0.1,0.9,0,0,0,1,19,normal,false,6,12,669,4230,0,0,0,false,false,false,0,0,4899,30,0,
1198,tempted_1_5,6455,40,10,budget,0,88,true,5,810,134,169,0,0.875,0.1,0.025,0,4,5,normal,false,4,17,90,5030,1200,135,0,false,false,true,0,0,6455,40,0,
1199,tempted_1_5,4720,30,0,budget,0,69,true,4,750,108,150,0.03333333333333333,0.9666666666666667,0,0,0,0,-1,crash,false,7,15,0,4720,0,0,0,false,false,false,0,0,4720,30,0,
1200,tempted_1_5,2454,32,2,budget,0,80,true,3,230,74,113,0.28125,0.6875,0.03125,0,0,4,4,normal,false,3,13,339,2025,90,0,0,false,false,true,0,0,2454,32,0,
1201,tempted_1_5,3342,32,2,budget,0,71,true,4,770,84,127,0.25,0.75,0,0,0,5,8,normal,false,6,12,407,2305,630,0,0,false,false,false,0,0,3342,32,0,
1202,tempted_1_5,3748,30,0,budget,0,60,true,4,665,83,139,0.26666666666666666,0.7333333333333333,0,0,0,1,8,crash,false,10,11,373,3375,0,0,0,false,false,false,0,0,3748,30,0,
1203,tempted_1_5,15596,43,13,budget,1,100,true,8,3810,164,210,0.09302325581395349,0.7209302325581395,0.06976744186046512,0,0.11627906976744186,5,3,normal,false,8,20,151,6075,940,2250,6180,false,false,true,8130,5,7466,38,0,
1204,tempted_1_5,5046,40,10,budget,0,79,true,5,570,117,181,0.225,0.775,0,0,0,10,1,normal,false,7,20,816,3510,720,0,0,false,false,true,0,0,5046,40,0,
1205,tempted_1_5,3477,34,4,budget,0,80,true,4,375,77,133,0.2647058823529412,0.7058823529411765,0.029411764705882353,0,0,5,3,normal,false,7,13,387,3000,90,0,0,false,false,true,0,0,3477,34,0,
1206,tempted_1_5,5102,30,0,budget,0,63,true,4,860,106,165,0.16666666666666666,0.8333333333333334,0,0,0,2,25,normal,false,5,13,352,4750,0,0,0,false,false,true,0,0,5102,30,0,
1207,tempted_1_5,3175,30,0,budget,0,69,true,3,320,71,124,0.26666666666666666,0.7333333333333333,0,0,0,4,7,crash,false,5,12,450,2725,0,0,0,false,false,true,0,0,3175,30,0,
1208,tempted_1_5,1270,12,4,lock,0,72,false,3,500,28,37,0,1,0,0,0,2,2,normal,false,9,2,0,820,450,0,0,false,false,false,0,0,1270,12,0,
1209,tempted_1_5,9225,58,28,budget,0,97,true,4,735,171,237,0.05172413793103448,0.7241379310344828,0.1896551724137931,0.034482758620689655,0,15,1,normal,false,6,29,145,5480,2250,1350,0,true,true,true,0,0,9225,58,0,
1210,tempted_1_5,2051,30,0,budget,0,55,true,4,395,58,84,0.23333333333333334,0.7666666666666667,0,0,0,5,15,normal,false,5,10,211,1840,0,0,0,false,false,true,0,0,2051,30,0,
1211,tempted_1_5,4586,32,2,budget,0,75,true,4,515,107,160,0.0625,0.90625,0.03125,0,0,2,11,normal,false,6,17,261,4145,180,0,0,false,false,true,0,0,4586,32,0,
1212,tempted_1_5,10615,47,17,budget,1,100,true,7,1470,162,230,0.06382978723404255,0.723404255319149,0.0851063829787234,0.02127659574468085,0.10638297872340426,7,10,crash,false,9,22,55,6110,1200,450,2800,false,true,true,2680,5,7935,42,1,3
1213,tempted_1_5,7305,42,18,lock,0,94,false,5,975,134,167,0,0.7380952380952381,0.2619047619047619,0,0,9,9,normal,false,6,18,0,4025,3010,270,0,true,false,true,0,0,7305,42,0,
1214,tempted_1_5,10545,43,13,budget,1,100,true,5,1455,136,201,0,0.7441860465116279,0.09302325581395349,0.046511627906976744,0.11627906976744186,4,17,normal,false,6,21,50,5090,610,2355,2440,false,true,true,1870,5,8675,38,1,3
1215,tempted_1_5,4703,30,0,budget,0,58,true,4,645,103,153,0.13333333333333333,0.8666666666666667,0,0,0,3,11,normal,false,7,11,313,4390,0,0,0,false,false,true,0,0,4703,30,0,
1216,tempted_1_5,2726,30,0,budget,0,58,true,3,345,68,115,0.26666666666666666,0.7333333333333333,0,0,0,5,5,normal,false,4,12,276,2450,0,0,0,false,false,true,0,0,2726,30,0,
1217,tempted_1_5,13450,61,31,budget,1,100,true,5,1100,238,267,0,0.5573770491803278,0.3114754098360656,0.04918032786885246,0.08196721311475409,12,2,normal,false,4,34,30,5360,4580,1800,1680,false,true,true,2540,5,10910,56,1,5
1218,tempted_1_5,3554,34,4,budget,0,83,true,4,550,90,144,0.47058823529411764,0.47058823529411764,0.058823529411764705,0,0,4,12,normal,false,5,15,564,2600,390,0,0,false,false,false,0,0,3554,34,0,
1219,tempted_1_5,6555,47,17,budget,1,100,false,3,680,116,161,0,0.6595744680851063,0.23404255319148937,0,0.10638297872340426,5,3,normal,false,12,20,0,2715,2460,360,1020,false,false,true,1440,5,5115,42,1,6
1220,tempted_1_5,3646,30,0,budget,0,64,true,4,463,84,120,0.1,0.9,0,0,0,2,26,normal,false,3,14,306,3340,0,0,0,false,false,true,0,0,3646,30,0,
1221,tempted_1_5,375,5,0,lock,0,50,true,2,105,3,21,0.2,0.8,0,0,0,0,-1,crash,false,5,0,45,330,0,0,0,false,false,false,0,0,375,5,0,
1222,tempted_1_5,24457,69,39,budget,3,100,true,6,3880,256,307,0.08695652173913043,0.4782608695652174,0.14492753623188406,0.07246376811594203,0.21739130434782608,12,1,normal,false,5,34,207,4005,5080,945,14220,false,true,true,14610,15,9847,54,2,4|2
1223,tempted_1_5,7334,46,16,budget,0,93,true,5,860,146,218,0.17391304347826086,0.6739130434782609,0.15217391304347827,0,0,12,1,normal,false,5,20,374,4610,2080,270,0,true,false,true,0,0,7334,46,0,
1224,tempted_1_5,6343,47,17,budget,1,100,true,4,425,133,191,0.1702127659574468,0.5957446808510638,0.0851063829787234,0.0425531914893617,0.10638297872340426,10,1,normal,false,5,21,658,3520,840,225,1100,false,false,true,870,5,5473,42,1,3
1225,tempted_1_5,3481,30,0,budget,0,53,true,5,1070,76,150,0.5333333333333333,0.4666666666666667,0,0,0,3,14,crash,false,5,13,1086,2395,0,0,0,false,false,false,0,0,3481,30,0,
1226,tempted_1_5,6035,42,12,budget,0,97,true,4,940,121,158,0.023809523809523808,0.7857142857142857,0.16666666666666666,0.023809523809523808,0,5,6,normal,false,8,17,15,3555,2060,405,0,true,true,true,0,0,6035,42,0,
1227,tempted_1_5,3888,32,2,budget,0,74,true,3,440,101,143,0.0625,0.9375,0,0,0,2,1,normal,false,4,15,93,3615,180,0,0,false,false,false,0,0,3888,32,0,
1228,tempted_1_5,7735,41,11,budget,1,100,true,6,1235,134,177,0.024390243902439025,0.7560975609756098,0.04878048780487805,0.04878048780487805,0.12195121951219512,3,15,normal,false,8,16,100,5225,180,990,1240,false,false,false,1350,5,6385,36,1,3
1229,tempted_1_5,8544,44,14,budget,0,85,true,5,720,172,255,0.13636363636363635,0.75,0.11363636363636363,0,0,11,9,normal,false,7,22,1324,5230,1990,0,0,false,false,false,0,0,8544,44,0,
1230,tempted_1_5,4672,40,10,budget,0,88,true,3,420,104,166,0.275,0.625,0.1,0,0,7,3,normal,false,9,18,562,2910,930,270,0,false,false,true,0,0,4672,40,0,
1231,tempted_1_5,3126,30,0,budget,0,59,true,3,315,84,135,0.26666666666666666,0.7333333333333333,0,0,0,4,3,normal,false,3,17,456,2670,0,0,0,false,false,false,0,0,3126,30,0,
1232,tempted_1_5,3092,30,0,budget,0,65,true,4,610,77,134,0.43333333333333335,0.5666666666666667,0,0,0,4,10,crash,false,5,12,787,2305,0,0,0,false,false,false,0,0,3092,30,0,
1233,tempted_1_5,12703,48,18,budget,2,100,true,8,3795,128,179,0.0625,0.5625,0.10416666666666667,0.0625,0.20833333333333334,7,4,normal,false,9,17,133,2645,2320,1245,6360,false,true,true,8795,10,3908,38,1,6
1234,tempted_1_5,3706,30,0,budget,0,64,true,5,720,85,133,0.2,0.8,0,0,0,3,9,crash,false,8,10,366,3340,0,0,0,false,false,false,0,0,3706,30,0,
1235,tempted_1_5,12099,59,29,budget,1,100,true,5,2660,171,243,0.13559322033898305,0.5932203389830508,0.15254237288135594,0.03389830508474576,0.0847457627118644,12,13,crash,false,5,27,359,4340,1450,1890,4060,false,false,false,3900,5,8199,54,0,
1236,tempted_1_5,7574,51,21,budget,1,100,true,5,900,141,177,0.1568627450980392,0.47058823529411764,0.19607843137254902,0.0784313725490196,0.09803921568627451,11,5,normal,false,4,25,369,2365,1630,1110,2100,false,true,false,2195,5,5379,46,1,4
1237,tempted_1_5,2875,30,0,budget,0,58,true,4,465,72,120,0.26666666666666666,0.7333333333333333,0,0,0,2,16,crash,false,7,9,515,2360,0,0,0,false,false,true,0,0,2875,30,0,
1238,tempted_1_5,9313,49,19,budget,1,100,true,4,1070,151,200,0.061224489795918366,0.7551020408163265,0.08163265306122448,0,0.10204081632653061,8,8,normal,false,5,26,223,4040,2000,990,2060,false,false,true,2210,5,7103,44,1,3
1239,tempted_1_5,22733,80,50,budget,4,100,true,5,2120,249,307,0.025,0.525,0.125,0.075,0.25,15,5,normal,false,4,44,133,3640,4550,2430,11980,false,true,false,12490,20,10243,60,2,5|5
1240,tempted_1_5,8535,49,19,budget,1,100,true,4,750,151,194,0.02040816326530612,0.8163265306122449,0.061224489795918366,0,0.10204081632653061,7,1,crash,false,4,23,60,5160,1450,405,1460,false,false,false,1440,5,7095,44,1,2
1241,tempted_1_5,4021,38,8,budget,0,80,true,4,315,93,165,0.2894736842105263,0.6842105263157895,0.02631578947368421,0,0,5,11,crash,false,7,14,761,2750,510,0,0,false,false,false,0,0,4021,38,0,
1242,tempted_1_5,5111,36,6,budget,0,74,true,5,690,112,163,0.16666666666666666,0.75,0.08333333333333333,0,0,6,6,normal,false,3,18,361,4420,330,0,0,false,false,false,0,0,5111,36,0,
1243,tempted_1_5,4105,32,2,budget,0,75,true,5,710,95,154,0.375,0.5625,0.0625,0,0,6,6,normal,false,5,17,660,3065,380,0,0,false,false,true,0,0,4105,32,0,
1244,tempted_1_5,3385,30,0,budget,0,57,true,5,1005,84,133,0.13333333333333333,0.8666666666666667,0,0,0,3,7,normal,false,5,14,305,3080,0,0,0,false,false,true,0,0,3385,30,0,
1245,tempted_1_5,4855,38,8,budget,0,82,false,4,430,114,151,0,0.8947368421052632,0.10526315789473684,0,0,3,9,normal,false,3,16,0,4225,630,0,0,false,false,true,0,0,4855,38,0,
1246,tempted_1_5,3462,34,4,budget,0,73,true,3,635,82,134,0.20588235294117646,0.7647058823529411,0.029411764705882353,0,0,4,15,normal,false,7,11,212,3070,180,0,0,false,false,false,0,0,3462,34,0,
1247,tempted_1_5,27739,94,64,budget,4,100,true,6,3380,326,401,0.0425531914893617,0.5319148936170213,0.19148936170212766,0.02127659574468085,0.2127659574468085,19,1,normal,false,5,46,169,6280,6200,1170,13920,false,true,true,14020,20,13719,74,3,2|3|2
1248,tempted_1_5,3195,30,0,budget,0,68,true,3,395,87,129,0.06666666666666667,0.9333333333333333,0,0,0,2,25,normal,false,4,15,40,3155,0,0,0,false,false,false,0,0,3195,30,0,
1249,tempted_1_5,1935,15,2,lock,0,70,true,3,560,45,69,0.06666666666666667,0.9333333333333333,0,0,0,1,1,crash,false,4,8,0,1935,0,0,0,false,false,false,0,0,1935,15,0,
1250,tempted_1_5,9280,43,13,budget,1,100,true,5,1340,136,183,0.09302325581395349,0.7441860465116279,0.046511627906976744,0,0.11627906976744186,6,2,normal,false,6,25,145,4455,1280,360,3040,false,false,true,2370,5,6910,38,0,
1251,tempted_1_5,5728,40,10,budget,0,97,true,4,700,111,178,0.1,0.75,0.125,0.025,0,5,14,crash,false,5,16,193,4045,680,810,0,true,true,true,0,0,5728,40,0,
1252,tempted_1_5,3003,34,4,budget,0,88,true,3,330,90,136,0.2647058823529412,0.6470588235294118,0.058823529411764705,0.029411764705882353,0,6,4,normal,false,5,16,603,1985,280,135,0,false,false,true,0,0,3003,34,0,
1253,tempted_1_5,3255,30,0,budget,0,68,true,4,510,79,117,0.06666666666666667,0.9333333333333333,0,0,0,1,30,normal,false,6,12,105,3150,0,0,0,false,false,true,0,0,3255,30,0,
1254,tempted_1_5,3453,32,2,budget,0,71,true,4,540,73,134,0.40625,0.59375,0,0,0,3,7,crash,false,5,13,363,3090,0,0,0,false,false,false,0,0,3453,32,0,
1255,tempted_1_5,2733,20,4,lock,0,74,true,4,770,53,93,0.25,0.75,0,0,0,4,1,crash,false,4,8,193,2120,420,0,0,false,false,false,0,0,2733,20,0,
1256,tempted_1_5,6283,32,2,budget,0,75,true,6,1415,126,190,0.1875,0.8125,0,0,0,3,10,normal,false,6,15,468,5575,240,0,0,false,false,true,0,0,6283,32,0,
1257,tempted_1_5,5552,40,10,budget,0,85,true,4,1110,98,165,0.325,0.575,0.1,0,0,6,10,normal,false,7,17,532,2150,2870,0,0,false,false,false,0,0,5552,40,0,
1258,tempted_1_5,3647,30,0,budget,0,54,true,4,665,88,146,0.43333333333333335,0.5666666666666667,0,0,0,4,8,normal,false,6,11,687,2960,0,0,0,false,false,true,0,0,3647,30,0,
1259,tempted_1_5,27730,75,45,budget,3,100,true,6,6800,249,349,0.02666666666666667,0.5333333333333333,0.17333333333333334,0.06666666666666667,0.2,15,1,normal,false,7,34,225,3700,2860,2085,18860,false,true,false,10690,15,17040,60,3,2|4|2
1260,tempted_1_5,7721,38,8,budget,0,82,true,6,2810,128,172,0.07894736842105263,0.8421052631578947,0.07894736842105263,0,0,5,10,normal,false,5,17,126,4545,3050,0,0,false,false,true,0,0,7721,38,0,
1261,tempted_1_5,16280,49,19,budget,1,100,true,7,5700,166,258,0.04081632653061224,0.7142857142857143,0.14285714285714285,0,0.10204081632653061,7,10,crash,false,6,23,240,6190,870,1800,7180,false,false,true,9000,5,7280,44,1,2
1262,tempted_1_5,2696,30,0,budget,0,51,true,4,435,67,141,0.5333333333333333,0.4666666666666667,0,0,0,3,7,normal,false,5,10,1131,1565,0,0,0,false,false,false,0,0,2696,30,0,
1263,tempted_1_5,23784,59,29,budget,3,100,true,6,6350,204,264,0.13559322033898305,0.4745762711864407,0.11864406779661017,0.01694915254237288,0.2542372881355932,12,2,normal,false,8,27,244,3600,1780,5640,12520,false,false,false,13590,15,10194,44,3,2|2|6
1264,tempted_1_5,6031,32,2,budget,0,82,true,8,3735,82,111,0.09375,0.875,0.03125,0,0,2,2,normal,false,6,10,166,2715,3150,0,0,false,false,true,0,0,6031,32,0,
1265,tempted_1_5,6687,36,6,budget,0,83,true,4,1110,117,195,0.3055555555555556,0.6944444444444444,0,0,0,6,5,crash,false,6,15,737,3580,2370,0,0,false,false,true,0,0,6687,36,0,
1266,tempted_1_5,3171,34,4,budget,0,81,true,4,595,72,129,0.2647058823529412,0.7058823529411765,0.029411764705882353,0,0,4,3,crash,false,4,15,241,2630,300,0,0,false,false,false,0,0,3171,34,0,
1267,tempted_1_5,3088,34,4,budget,0,74,true,4,480,79,128,0.4411764705882353,0.5588235294117647,0,0,0,7,1,normal,false,5,16,548,2360,180,0,0,false,false,true,0,0,3088,34,0,
1268,tempted_1_5,5144,32,2,budget,0,73,true,8,1900,92,153,0.375,0.59375,0.03125,0,0,5,3,normal,false,7,11,409,4555,180,0,0,false,false,true,0,0,5144,32,0,
1269,tempted_1_5,4342,34,4,budget,0,94,true,5,1000,97,129,0.3235294117647059,0.6176470588235294,0.058823529411764705,0,0,5,15,normal,false,4,14,372,2830,600,540,0,true,false,false,0,0,4342,34,0,
1270,tempted_1_5,4556,41,11,budget,1,100,true,4,1030,103,124,0.17073170731707318,0.6585365853658537,0.04878048780487805,0,0.12195121951219512,6,9,normal,false,6,17,431,2025,660,360,1080,false,false,true,1870,5,2686,36,1,2
1271,tempted_1_5,3240,30,0,budget,0,66,true,4,580,79,137,0.3333333333333333,0.6666666666666666,0,0,0,3,14,crash,false,6,12,505,2735,0,0,0,false,false,false,0,0,3240,30,0,
1272,tempted_1_5,3810,30,0,budget,0,61,false,5,735,92,115,0,1,0,0,0,0,-1,normal,false,3,15,0,3810,0,0,0,false,false,true,0,0,3810,30,0,
1273,tempted_1_5,3068,34,4,budget,0,76,true,4,375,78,136,0.3235294117647059,0.6470588235294118,0.029411764705882353,0,0,4,1,normal,false,6,13,548,2250,270,0,0,false,false,true,0,0,3068,34,0,
1274,tempted_1_5,5358,38,8,budget,0,85,true,4,645,114,168,0.15789473684210525,0.7368421052631579,0.10526315789473684,0,0,8,4,normal,false,8,15,283,3290,1380,405,0,false,false,true,0,0,5358,38,0,
1275,tempted_1_5,4873,30,0,budget,0,56,true,5,730,89,181,0.4,0.6,0,0,0,5,8,normal,false,3,17,1108,3765,0,0,0,false,false,false,0,0,4873,30,0,
1276,tempted_1_5,3855,30,0,budget,0,66,true,5,855,85,131,0.1,0.9,0,0,0,3,15,normal,false,6,10,105,3750,0,0,0,false,false,true,0,0,3855,30,0,
1277,tempted_1_5,11838,61,31,budget,1,100,true,6,1150,185,259,0.03278688524590164,0.7540983606557377,0.11475409836065574,0.01639344262295082,0.08196721311475409,12,2,normal,false,5,26,118,5975,2250,1695,1800,false,false,false,2430,5,9408,56,1,2
1278,tempted_1_5,5300,34,4,budget,0,75,false,6,1070,106,151,0,1,0,0,0,2,15,normal,false,7,14,0,4490,810,0,0,false,false,true,0,0,5300,34,0,
1279,tempted_1_5,3207,30,0,budget,0,57,true,4,510,75,132,0.3333333333333333,0.6666666666666666,0,0,0,1,20,crash,false,7,9,802,2405,0,0,0,false,false,false,0,0,3207,30,0,
1280,tempted_1_5,6139,30,0,budget,0,69,true,7,2275,106,170,0.23333333333333334,0.7666666666666667,0,0,0,4,14,normal,false,5,14,384,5755,0,0,0,false,false,true,0,0,6139,30,0,
1281,tempted_1_5,2971,30,0,budget,0,68,true,5,565,78,141,0.43333333333333335,0.5666666666666667,0,0,0,1,18,crash,false,6,9,1296,1675,0,0,0,false,false,false,0,0,2971,30,0,
1282,tempted_1_5,2329,30,0,budget,0,66,true,3,300,65,100,0.26666666666666666,0.7333333333333333,0,0,0,4,9,normal,false,4,11,274,2055,0,0,0,false,false,true,0,0,2329,30,0,
1283,tempted_1_5,2010,30,0,budget,0,58,true,3,285,61,85,0.06666666666666667,0.9333333333333333,0,0,0,2,18,normal,false,4,11,85,1925,0,0,0,false,false,true,0,0,2010,30,0,
1284,tempted_1_5,3605,11,9,lock,1,100,false,5,1730,31,52,0,0.45454545454545453,0.09090909090909091,0,0.45454545454545453,1,2,normal,false,3,4,0,375,1400,450,1380,false,false,true,2870,5,735,6,0,
1285,tempted_1_5,2320,30,0,budget,0,50,true,4,390,65,105,0.36666666666666664,0.6333333333333333,0,0,0,6,3,normal,false,4,12,470,1850,0,0,0,false,false,false,0,0,2320,30,0,
1286,tempted_1_5,3273,32,2,budget,0,71,true,4,405,76,102,0.0625,0.9375,0,0,0,3,5,normal,false,8,11,93,3000,180,0,0,false,false,true,0,0,3273,32,0,
1287,tempted_1_5,2846,30,0,budget,0,50,true,3,280,73,111,0.1,0.9,0,0,0,2,13,normal,false,4,12,211,2635,0,0,0,false,false,false,0,0,2846,30,0,
1288,tempted_1_5,3030,30,0,budget,0,67,true,3,385,78,114,0.06666666666666667,0.9333333333333333,0,0,0,1,26,crash,false,5,11,80,2950,0,0,0,false,false,false,0,0,3030,30,0,
1289,tempted_1_5,3920,30,0,budget,0,64,true,6,935,92,134,0.4,0.6,0,0,0,4,5,normal,false,7,13,565,3355,0,0,0,false,false,true,0,0,3920,30,0,
1290,tempted_1_5,11508,41,11,budget,1,100,true,5,2600,150,217,0.04878048780487805,0.7560975609756098,0.04878048780487805,0.024390243902439025,0.12195121951219512,4,4,crash,false,4,19,188,5100,930,270,5020,false,true,false,5685,5,5823,36,0,
1291,tempted_1_5,16040,54,24,budget,2,100,false,6,4740,181,210,0,0.6296296296296297,0.07407407407407407,0.1111111111111111,0.18518518518518517,6,1,normal,false,6,24,0,3565,1040,1395,10040,false,false,true,8685,10,7355,44,2,3|6
1292,tempted_1_5,7191,38,8,budget,0,94,true,8,1945,124,193,0.3157894736842105,0.5789473684210527,0.07894736842105263,0.02631578947368421,0,7,5,crash,false,5,18,666,5130,1260,135,0,true,false,false,0,0,7191,38,0,
1293,tempted_1_5,3047,30,0,budget,0,69,true,3,390,77,118,0.16666666666666666,0.8333333333333334,0,0,0,1,9,normal,false,9,10,282,2765,0,0,0,false,false,false,0,0,3047,30,0,
1294,tempted_1_5,3683,30,0,budget,0,51,true,4,650,88,140,0.2,0.8,0,0,0,2,22,crash,false,4,10,188,3495,0,0,0,false,false,false,0,0,3683,30,0,
1295,tempted_1_5,8214,45,15,budget,1,100,true,3,1440,136,188,0.17777777777777778,0.6,0.1111111111111111,0,0.1111111111111111,8,7,normal,false,3,21,339,3145,510,900,3320,false,false,false,3200,5,5014,40,1,3
1296,tempted_1_5,13320,53,23,budget,1,100,true,4,2460,184,265,0.018867924528301886,0.7358490566037735,0.11320754716981132,0.03773584905660377,0.09433962264150944,9,2,normal,false,5,29,315,5635,1740,390,5240,false,true,true,5180,5,8140,48,1,2
1297,tempted_1_5,2650,32,2,budget,0,70,true,4,360,76,120,0.34375,0.65625,0,0,0,2,19,normal,false,6,8,540,2110,0,0,0,false,false,false,0,0,2650,32,0,
1298,tempted_1_5,8469,41,11,budget,1,100,true,5,1400,145,191,0.21951219512195122,0.5609756097560976,0.0975609756097561,0,0.12195121951219512,6,8,normal,false,5,21,789,3280,1570,270,2560,false,false,true,2570,5,5899,36,0,
1299,tempted_1_5,4223,32,2,budget,0,76,true,4,960,94,133,0.125,0.875,0,0,0,4,5,normal,false,4,17,208,3295,720,0,0,false,false,true,0,0,4223,32,0,
1300,tempted_1_5,3915,32,2,budget,0,70,true,4,465,90,132,0.0625,0.9375,0,0,0,2,5,crash,false,5,12,115,3800,0,0,0,false,false,false,0,0,3915,32,0,
1301,tempted_1_5,8208,43,13,budget,1,100,true,5,1740,109,190,0.27906976744186046,0.4883720930232558,0.09302325581395349,0.023255813953488372,0.11627906976744186,8,5,normal,false,6,22,733,3230,530,1035,2680,false,true,true,3180,5,5028,38,1,2
1302,tempted_1_5,3174,30,0,budget,0,65,true,3,480,83,135,0.23333333333333334,0.7666666666666667,0,0,0,2,18,normal,false,8,10,509,2665,0,0,0,false,false,false,0,0,3174,30,0,
1303,tempted_1_5,2785,30,0,budget,0,59,true,4,470,78,120,0.3333333333333333,0.6666666666666666,0,0,0,2,9,normal,false,8,6,440,2345,0,0,0,false,false,false,0,0,2785,30,0,
1304,tempted_1_5,2585,30,0,budget,0,67,true,4,595,75,103,0.13333333333333333,0.8666666666666667,0,0,0,2,19,normal,false,8,11,125,2460,0,0,0,false,false,false,0,0,2585,30,0,
1305,tempted_1_5,2229,30,0,budget,0,68,true,3,480,61,117,0.5333333333333333,0.4666666666666667,0,0,0,1,25,crash,false,5,11,684,1545,0,0,0,false,false,true,0,0,2229,30,0,
1306,tempted_1_5,18409,63,33,budget,1,100,true,14,5745,219,307,0.047619047619047616,0.6349206349206349,0.19047619047619047,0.047619047619047616,0.07936507936507936,12,6,normal,false,7,29,344,9830,4330,1305,2600,false,true,false,2120,5,16289,58,0,
1307,tempted_1_5,22600,88,58,budget,4,100,true,4,1980,265,353,0.011363636363636364,0.48863636363636365,0.20454545454545456,0.06818181818181818,0.22727272727272727,19,1,normal,false,8,48,90,4645,3990,3975,9900,false,true,false,10295,20,12305,68,4,5|3|3|5
1308,tempted_1_5,2931,30,0,budget,0,50,true,4,495,63,130,0.5333333333333333,0.4666666666666667,0,0,0,4,8,crash,false,7,15,706,2225,0,0,0,false,false,true,0,0,2931,30,0,
1309,tempted_1_5,4496,30,0,budget,0,66,true,4,495,100,163,0.2,0.8,0,0,0,3,6,normal,false,4,16,446,4050,0,0,0,false,false,true,0,0,4496,30,0,
1310,tempted_1_5,4249,30,0,budget,0,60,true,6,870,81,138,0.2,0.8,0,0,0,4,14,normal,false,9,9,619,3630,0,0,0,false,false,false,0,0,4249,30,0,
1311,tempted_1_5,8212,42,12,budget,0,93,true,6,1168,137,207,0.09523809523809523,0.8095238095238095,0.09523809523809523,0,0,6,26,normal,false,6,20,322,6590,1030,270,0,true,false,false,0,0,8212,42,0,
1312,tempted_1_5,17395,85,55,budget,3,100,true,4,2640,234,305,0.011764705882352941,0.5647058823529412,0.16470588235294117,0.08235294117647059,0.17647058823529413,18,2,normal,false,11,36,70,4625,2330,4350,6020,false,true,false,8450,15,8945,70,3,2|8|4
1313,tempted_1_5,1604,18,0,lock,0,50,true,3,325,36,92,0.6666666666666666,0.3333333333333333,0,0,0,2,10,normal,false,3,9,639,965,0,0,0,false,false,true,0,0,1604,18,0,
1314,tempted_1_5,5511,38,8,budget,0,85,true,7,1735,103,150,0.15789473684210525,0.7631578947368421,0.07894736842105263,0,0,7,2,normal,false,5,16,266,4675,570,0,0,false,false,false,0,0,5511,38,0,
1315,tempted_1_5,2828,30,0,budget,0,55,true,4,495,67,121,0.3333333333333333,0.6666666666666666,0,0,0,4,9,crash,false,5,13,568,2260,0,0,0,false,false,false,0,0,2828,30,0,
1316,tempted_1_5,4244,30,0,budget,0,50,true,6,900,93,145,0.26666666666666666,0.7333333333333333,0,0,0,2,21,normal,false,3,16,319,3925,0,0,0,false,false,false,0,0,4244,30,0,
1317,tempted_1_5,3689,32,2,budget,0,71,true,4,485,97,140,0.3125,0.6875,0,0,0,5,2,normal,false,4,14,504,2915,270,0,0,false,false,true,0,0,3689,32,0,
1318,tempted_1_5,10903,54,24,budget,0,88,true,6,1280,198,274,0.05555555555555555,0.7777777777777778,0.14814814814814814,0.018518518518518517,0,12,2,normal,false,5,33,73,8615,2080,135,0,false,false,true,0,0,10903,54,0,
1319,tempted_1_5,3506,32,2,budget,0,78,true,4,390,90,123,0.15625,0.8125,0.03125,0,0,3,6,normal,false,6,14,296,3090,120,0,0,false,false,false,0,0,3506,32,0,
1320,tempted_1_5,4505,38,8,budget,0,88,true,5,740,99,143,0.05263157894736842,0.7631578947368421,0.18421052631578946,0,0,3,7,crash,false,5,13,65,3270,900,270,0,false,false,false,0,0,4505,38,0,
1321,tempted_1_5,10448,49,19,budget,1,100,true,5,1880,132,191,0.10204081632653061,0.6326530612244898,0.12244897959183673,0.04081632653061224,0.10204081632653061,7,4,crash,false,8,22,143,3080,1690,2355,3180,false,true,false,3500,5,6948,44,1,2
1322,tempted_1_5,4676,38,8,budget,0,80,true,4,710,117,163,0.21052631578947367,0.7631578947368421,0.02631578947368421,0,0,8,4,normal,false,5,16,306,3560,810,0,0,false,false,false,0,0,4676,38,0,
1323,tempted_1_5,2368,30,0,budget,0,58,true,4,410,60,118,0.43333333333333335,0.5666666666666667,0,0,0,5,9,crash,false,4,11,548,1820,0,0,0,false,false,false,0,0,2368,30,0,
1324,tempted_1_5,5388,38,8,budget,0,80,true,4,575,111,164,0.13157894736842105,0.8157894736842105,0.05263157894736842,0,0,6,2,crash,false,4,20,123,4455,810,0,0,false,false,false,0,0,5388,38,0,
1325,tempted_1_5,5973,30,0,budget,0,63,true,5,1035,131,198,0.1,0.9,0,0,0,2,6,normal,false,7,12,233,5740,0,0,0,false,false,false,0,0,5973,30,0,
1326,tempted_1_5,3463,30,0,budget,0,54,true,4,535,82,134,0.23333333333333334,0.7666666666666667,0,0,0,4,7,normal,false,6,11,388,3075,0,0,0,false,false,true,0,0,3463,30,0,
1327,tempted_1_5,33705,104,74,budget,4,100,false,8,5260,350,452,0,0.5288461538461539,0.23076923076923078,0.04807692307692308,0.19230769230769232,20,6,normal,false,6,50,0,7420,6620,4365,15300,false,true,true,16360,20,17345,84,2,7|3
1328,tempted_1_5,3313,30,0,budget,0,59,true,4,710,75,150,0.5333333333333333,0.4666666666666667,0,0,0,2,10,normal,false,5,12,818,2495,0,0,0,false,false,true,0,0,3313,30,0,
1329,tempted_1_5,3539,30,0,budget,0,62,true,6,608,76,130,0.26666666666666666,0.7333333333333333,0,0,0,3,9,crash,false,5,13,554,2985,0,0,0,false,false,false,0,0,3539,30,0,
1330,tempted_1_5,2624,32,2,budget,0,74,true,3,325,77,112,0.25,0.71875,0.03125,0,0,5,5,normal,false,3,14,379,2155,90,0,0,false,false,true,0,0,2624,32,0,
1331,tempted_1_5,4037,30,0,budget,0,54,true,7,1690,67,162,0.8,0.2,0,0,0,1,18,crash,false,11,12,1342,2695,0,0,0,false,false,false,0,0,4037,30,0,
1332,tempted_1_5,4316,30,0,budget,0,64,true,4,810,99,154,0.2,0.8,0,0,0,3,7,normal,false,3,12,346,3970,0,0,0,false,false,false,0,0,4316,30,0,
1333,tempted_1_5,11853,45,15,budget,1,100,true,5,2960,150,194,0.06666666666666667,0.7777777777777778,0.044444444444444446,0,0.1111111111111111,7,3,normal,false,7,20,253,3920,1160,0,6520,false,false,true,6180,5,5673,40,1,2
1334,tempted_1_5,2817,30,0,budget,0,65,true,4,315,81,112,0.2,0.8,0,0,0,2,9,normal,false,8,8,362,2455,0,0,0,false,false,false,0,0,2817,30,0,
1335,tempted_1_5,4188,38,8,budget,0,88,true,4,660,86,131,0.10526315789473684,0.7894736842105263,0.10526315789473684,0,0,5,1,normal,false,6,17,98,2950,600,540,0,false,false,true,0,0,4188,38,0,
1336,tempted_1_5,3201,30,0,budget,0,50,true,4,545,69,124,0.3,0.7,0,0,0,5,5,normal,false,4,12,311,2890,0,0,0,false,false,false,0,0,3201,30,0,
1337,tempted_1_5,12229,60,30,budget,0,99,true,5,1100,210,282,0.08333333333333333,0.7,0.16666666666666666,0.05,0,12,4,normal,false,4,36,409,6745,2780,2295,0,true,true,false,0,0,12229,60,0,
1338,tempted_1_5,6755,39,9,budget,1,100,true,4,900,113,175,0.3076923076923077,0.5128205128205128,0.02564102564102564,0.02564102564102564,0.1282051282051282,5,1,normal,false,7,14,545,3340,500,510,1860,false,false,true,2190,5,4565,34,1,2
1339,tempted_1_5,4489,32,2,budget,0,78,true,4,480,118,174,0.09375,0.875,0.03125,0,0,2,13,normal,false,5,17,254,4055,180,0,0,false,false,false,0,0,4489,32,0,
1340,tempted_1_5,1980,16,0,lock,0,60,true,6,1120,36,64,0.5625,0.4375,0,0,0,2,11,normal,false,6,7,260,1720,0,0,0,false,false,true,0,0,1980,16,0,
1341,tempted_1_5,4773,40,10,budget,0,82,true,4,670,98,170,0.3,0.625,0.075,0,0,8,1,crash,false,8,18,878,2935,960,0,0,false,false,true,0,0,4773,40,0,
1342,tempted_1_5,3351,32,2,budget,0,70,true,4,375,81,134,0.375,0.625,0,0,0,4,1,crash,false,8,13,756,2595,0,0,0,false,false,false,0,0,3351,32,0,
1343,tempted_1_5,16673,57,27,budget,1,100,true,5,3365,193,294,0.10526315789473684,0.5964912280701754,0.17543859649122806,0.03508771929824561,0.08771929824561403,14,3,normal,false,6,30,373,4000,5190,3930,3180,false,false,false,3600,5,13073,52,1,4
1344,tempted_1_5,6712,36,6,budget,0,94,true,4,1500,103,175,0.2222222222222222,0.75,0.027777777777777776,0,0,4,6,crash,false,7,17,217,3975,1800,720,0,true,false,false,0,0,6712,36,0,
1345,tempted_1_5,11175,53,23,budget,1,100,true,5,2160,166,216,0.018867924528301886,0.7924528301886793,0.09433962264150944,0,0.09433962264150944,10,6,normal,false,5,26,15,4405,2700,675,3380,false,false,true,3260,5,7915,48,1,2
1346,tempted_1_5,5641,40,10,budget,0,94,true,4,860,107,172,0.175,0.7,0.125,0,0,8,7,crash,false,4,23,381,3280,1440,540,0,true,false,false,0,0,5641,40,0,
1347,tempted_1_5,2666,30,0,budget,0,58,true,5,645,61,95,0.16666666666666666,0.8333333333333334,0,0,0,3,10,crash,false,9,12,181,2485,0,0,0,false,false,false,0,0,2666,30,0,
1348,tempted_1_5,6143,44,14,budget,0,90,true,4,725,128,162,0.022727272727272728,0.7954545454545454,0.13636363636363635,0.045454545454545456,0,6,6,normal,false,8,16,83,3420,1830,810,0,true,false,true,0,0,6143,44,0,
1349,tempted_1_5,2400,30,0,budget,0,51,true,3,260,64,115,0.3,0.7,0,0,0,2,11,crash,false,6,11,460,1940,0,0,0,false,false,false,0,0,2400,30,0,
1350,tempted_1_5,3377,30,0,budget,0,55,true,5,665,76,114,0.23333333333333334,0.7666666666666667,0,0,0,4,7,normal,false,6,9,322,3055,0,0,0,false,false,false,0,0,3377,30,0,
1351,tempted_1_5,8675,39,9,budget,1,100,true,5,2340,129,170,0.20512820512820512,0.5897435897435898,0.05128205128205128,0.02564102564102564,0.1282051282051282,6,7,normal,false,5,18,480,3575,440,240,3940,false,true,false,1840,5,6835,34,1,3
1352,tempted_1_5,1313,18,0,lock,0,52,true,3,480,37,53,0.16666666666666666,0.8333333333333334,0,0,0,2,5,normal,false,4,5,118,1195,0,0,0,false,false,false,0,0,1313,18,0,
1353,tempted_1_5,3342,30,0,budget,0,55,true,4,510,90,136,0.3,0.7,0,0,0,5,5,normal,false,3,14,867,2475,0,0,0,false,false,false,0,0,3342,30,0,
1354,tempted_1_5,3467,30,0,budget,0,64,true,6,1110,82,134,0.4,0.6,0,0,0,5,5,normal,false,7,14,807,2660,0,0,0,false,false,false,0,0,3467,30,0,
1355,tempted_1_5,4595,32,2,budget,0,84,true,5,820,96,165,0.25,0.6875,0.0625,0,0,4,3,crash,false,5,13,570,3085,940,0,0,false,false,false,0,0,4595,32,0,
1356,tempted_1_5,4780,36,6,budget,0,92,true,4,635,85,172,0.5,0.3888888888888889,0.08333333333333333,0.027777777777777776,0,8,2,crash,false,4,13,1035,2215,900,630,0,true,false,false,0,0,4780,36,0,
1357,tempted_1_5,2809,30,0,budget,0,53,true,5,585,67,112,0.4666666666666667,0.5333333333333333,0,0,0,1,27,normal,false,5,8,509,2300,0,0,0,false,false,false,0,0,2809,30,0,
1358,tempted_1_5,10542,38,8,budget,0,98,true,7,1785,144,232,0.2631578947368421,0.6842105263157895,0.05263157894736842,0,0,8,2,normal,false,3,17,662,7390,1410,1080,0,true,true,true,0,0,10542,38,0,
1359,tempted_1_5,10246,56,26,budget,2,100,true,4,1290,153,194,0.07142857142857142,0.5714285714285714,0.14285714285714285,0.03571428571428571,0.17857142857142858,8,12,normal,false,6,25,291,2855,1470,1350,4280,false,false,false,3340,10,6906,46,2,4|4
1360,tempted_1_5,11791,55,25,budget,1,100,true,7,1880,192,277,0.16363636363636364,0.6,0.14545454545454545,0,0.09090909090909091,10,7,normal,false,5,28,611,5840,1620,1500,2220,false,true,true,2840,5,8951,50,1,6
1361,tempted_1_5,3895,32,2,budget,0,76,false,5,780,100,126,0,0.96875,0.03125,0,0,1,21,normal,false,6,13,0,3805,90,0,0,false,false,false,0,0,3895,32,0,
1362,tempted_1_5,2878,30,0,budget,0,52,true,3,225,81,136,0.3333333333333333,0.6666666666666666,0,0,0,6,5,normal,false,5,14,773,2105,0,0,0,false,false,false,0,0,2878,30,0,
1363,tempted_1_5,3242,30,0,budget,0,53,true,4,450,85,141,0.23333333333333334,0.7666666666666667,0,0,0,5,10,normal,false,5,13,522,2720,0,0,0,false,false,true,0,0,3242,30,0,
1364,tempted_1_5,14826,61,31,budget,3,100,true,7,3075,182,260,0.13114754098360656,0.4426229508196721,0.18032786885245902,0,0.2459016393442623,9,4,normal,false,4,33,701,3150,2860,4275,3840,false,false,true,8115,15,6711,46,2,3|3
1365,tempted_1_5,3154,30,0,budget,0,54,true,5,395,76,147,0.3,0.7,0,0,0,1,23,crash,false,13,10,959,2195,0,0,0,false,false,false,0,0,3154,30,0,
1366,tempted_1_5,5905,30,0,budget,0,59,true,7,1570,97,148,0,1,0,0,0,0,-1,normal,false,4,14,60,5845,0,0,0,false,false,false,0,0,5905,30,0,
1367,tempted_1_5,4029,36,6,budget,0,87,true,3,730,85,136,0.19444444444444445,0.7222222222222222,0.08333333333333333,0,0,4,14,crash,false,7,16,289,2620,1120,0,0,false,false,true,0,0,4029,36,0,
1368,tempted_1_5,2993,30,0,budget,0,50,true,4,440,80,133,0.5,0.5,0,0,0,6,7,normal,false,4,12,1118,1875,0,0,0,false,false,true,0,0,2993,30,0,
1369,tempted_1_5,8498,39,9,budget,1,100,true,4,2100,129,156,0.10256410256410256,0.6666666666666666,0.07692307692307693,0.02564102564102564,0.1282051282051282,4,13,normal,false,5,21,123,3075,1230,90,3980,false,false,true,3110,5,5388,34,1,4
1370,tempted_1_5,3833,30,0,budget,0,53,true,7,1250,81,128,0.2,0.8,0,0,0,4,8,crash,false,4,10,333,3500,0,0,0,false,false,false,0,0,3833,30,0,
1371,tempted_1_5,4360,34,4,budget,0,76,true,4,640,100,157,0.2647058823529412,0.7058823529411765,0.029411764705882353,0,0,4,2,crash,false,5,12,400,3690,270,0,0,false,false,false,0,0,4360,34,0,
1372,tempted_1_5,10583,40,10,budget,0,97,true,7,4855,122,196,0.225,0.6,0.15,0.025,0,6,4,normal,false,10,16,378,4670,1080,4455,0,true,true,true,0,0,10583,40,0,
1373,tempted_1_5,5186,34,4,budget,0,84,true,5,925,104,136,0.11764705882352941,0.8235294117647058,0.058823529411764705,0,0,4,2,normal,false,8,16,136,3880,1170,0,0,false,false,false,0,0,5186,34,0,
1374,tempted_1_5,1824,30,0,budget,0,51,true,3,195,60,103,0.3,0.7,0,0,0,2,19,normal,false,9,11,589,1235,0,0,0,false,false,true,0,0,1824,30,0,
1375,tempted_1_5,11150,34,34,lock,2,100,false,4,2080,124,143,0,0.2647058823529412,0.35294117647058826,0.08823529411764706,0.29411764705882354,12,6,frenzy,false,4,19,0,1595,2670,2745,4140,false,false,false,4020,10,7130,24,2,3|5
1376,tempted_1_5,1725,18,0,lock,0,69,true,3,395,50,65,0.05555555555555555,0.9444444444444444,0,0,0,1,10,normal,false,3,9,35,1690,0,0,0,false,false,true,0,0,1725,18,0,
1377,tempted_1_5,10928,53,23,budget,1,100,true,4,1380,171,229,0.018867924528301886,0.7169811320754716,0.1320754716981132,0.03773584905660377,0.09433962264150944,8,12,normal,false,4,28,143,4865,2400,720,2800,false,true,true,2800,5,8128,48,1,5
1378,tempted_1_5,2925,30,0,budget,0,57,true,4,500,80,110,0.26666666666666666,0.7333333333333333,0,0,0,2,12,normal,false,4,12,375,2550,0,0,0,false,false,true,0,0,2925,30,0,
1379,tempted_1_5,9130,50,20,budget,2,100,false,4,1040,142,179,0,0.7,0.08,0.02,0.2,5,5,normal,false,7,20,0,2840,1280,810,4200,false,false,false,4780,10,4350,40,2,3|2
1380,tempted_1_5,6586,48,18,budget,0,91,true,3,600,128,197,0.125,0.7708333333333334,0.10416666666666667,0,0,11,1,crash,false,3,25,391,3375,2280,540,0,true,false,false,0,0,6586,48,0,
1381,tempted_1_5,3056,30,0,budget,0,53,true,3,390,70,124,0.23333333333333334,0.7666666666666667,0,0,0,3,7,normal,false,3,13,366,2690,0,0,0,false,false,true,0,0,3056,30,0,
1382,tempted_1_5,1948,30,0,budget,0,50,true,3,255,65,113,0.6333333333333333,0.36666666666666664,0,0,0,5,6,normal,false,10,8,1048,900,0,0,0,false,false,false,0,0,1948,30,0,
1383,tempted_1_5,2523,30,0,budget,0,65,true,4,373,65,110,0.3333333333333333,0.6666666666666666,0,0,0,3,7,normal,false,4,11,828,1695,0,0,0,false,false,false,0,0,2523,30,0,
1384,tempted_1_5,1515,16,2,lock,0,73,false,3,330,42,53,0,0.9375,0.0625,0,0,1,7,normal,false,6,4,0,1425,90,0,0,false,false,false,0,0,1515,16,0,
1385,tempted_1_5,10125,56,26,budget,2,100,false,3,1020,159,192,0,0.6428571428571429,0.125,0.05357142857142857,0.17857142857142858,9,17,normal,false,5,31,0,3600,1190,795,4540,false,true,true,4860,10,5265,46,2,4|3
1386,tempted_1_5,17135,76,46,budget,2,100,true,5,2760,216,312,0.23684210526315788,0.34210526315789475,0.2631578947368421,0.02631578947368421,0.13157894736842105,17,1,crash,false,6,34,900,3265,2770,3120,7080,false,true,false,7220,10,9915,66,1,8
1387,tempted_1_5,4304,30,0,budget,0,64,true,5,865,89,173,0.36666666666666664,0.6333333333333333,0,0,0,4,6,normal,false,5,15,759,3545,0,0,0,false,false,false,0,0,4304,30,0,
1388,tempted_1_5,2613,30,0,budget,0,61,true,4,385,62,113,0.3,0.7,0,0,0,2,13,crash,false,6,13,678,1935,0,0,0,false,false,true,0,0,2613,30,0,
1389,tempted_1_5,2171,30,0,budget,0,57,true,2,240,70,103,0.2,0.8,0,0,0,3,13,normal,false,7,9,306,1865,0,0,0,false,false,true,0,0,2171,30,0,
1390,tempted_1_5,8153,46,16,budget,0,92,true,6,975,162,227,0.10869565217391304,0.6956521739130435,0.17391304347826086,0.021739130434782608,0,8,13,normal,false,3,26,473,5625,1920,135,0,true,false,true,0,0,8153,46,0,
1391,tempted_1_5,3795,30,0,budget,0,69,true,5,1010,75,110,0,1,0,0,0,0,-1,normal,false,11,7,80,3715,0,0,0,false,false,false,0,0,3795,30,0,
1392,tempted_1_5,6792,34,4,budget,0,80,true,5,1170,115,192,0.17647058823529413,0.8235294117647058,0,0,0,6,7,normal,false,4,15,397,5945,450,0,0,false,false,true,0,0,6792,34,0,
1393,tempted_1_5,4061,30,0,budget,0,61,true,4,450,89,131,0.16666666666666666,0.8333333333333334,0,0,0,3,12,normal,false,7,14,411,3650,0,0,0,false,false,true,0,0,4061,30,0,
1394,tempted_1_5,2879,24,0,lock,0,51,true,4,840,66,123,0.375,0.625,0,0,0,2,11,normal,false,3,15,579,2300,0,0,0,false,false,false,0,0,2879,24,0,
1395,tempted_1_5,3474,30,0,budget,0,60,true,3,355,90,129,0.16666666666666666,0.8333333333333334,0,0,0,2,7,normal,false,7,11,249,3225,0,0,0,false,false,true,0,0,3474,30,0,
1396,tempted_1_5,8382,44,14,budget,0,85,true,6,1545,119,199,0.1590909090909091,0.6590909090909091,0.18181818181818182,0,0,7,1,crash,false,7,16,162,5415,2040,765,0,false,false,false,0,0,8382,44,0,
1397,tempted_1_5,10861,50,20,budget,0,93,true,5,2000,156,229,0.08,0.8,0.1,0.02,0,11,7,normal,false,5,22,176,4505,5910,270,0,true,false,true,0,0,10861,50,0,
1398,tempted_1_5,5430,32,2,budget,0,77,true,5,915,101,153,0.03125,0.96875,0,0,0,2,1,normal,false,4,14,130,4700,600,0,0,false,false,false,0,0,5430,32,0,
1399,tempted_1_5,2913,30,0,budget,0,61,true,5,765,70,111,0.3333333333333333,0.6666666666666666,0,0,0,2,12,normal,false,9,10,353,2560,0,0,0,false,false,true,0,0,2913,30,0,
1400,tempted_1_5,285,4,0,lock,0,53,true,2,105,3,15,0.25,0.75,0,0,0,0,-1,crash,false,4,0,0,285,0,0,0,false,false,false,0,0,285,4,0,
1401,tempted_1_5,2860,30,0,budget,0,68,true,3,320,78,119,0.3,0.7,0,0,0,1,20,normal,false,5,14,465,2395,0,0,0,false,false,false,0,0,2860,30,0,
1402,tempted_1_5,2594,30,0,budget,0,55,true,3,295,76,128,0.43333333333333335,0.5666666666666667,0,0,0,3,8,normal,false,4,12,794,1800,0,0,0,false,false,false,0,0,2594,30,0,
1403,tempted_1_5,1842,30,0,budget,0,57,true,3,255,53,104,0.5,0.5,0,0,0,2,25,normal,false,12,7,487,1355,0,0,0,false,false,false,0,0,1842,30,0,
1404,tempted_1_5,2061,30,0,budget,0,53,true,4,330,57,100,0.3333333333333333,0.6666666666666666,0,0,0,4,12,normal,false,4,9,436,1625,0,0,0,false,false,true,0,0,2061,30,0,
1405,tempted_1_5,8820,48,18,budget,0,98,false,5,3160,135,172,0,0.8541666666666666,0.125,0.020833333333333332,0,8,6,normal,false,8,23,0,3975,1620,3225,0,true,true,true,0,0,8820,48,0,
1406,tempted_1_5,6528,36,6,budget,0,83,true,7,1170,118,194,0.25,0.6944444444444444,0.05555555555555555,0,0,3,17,crash,false,5,16,1048,4160,1320,0,0,false,false,true,0,0,6528,36,0,
1407,tempted_1_5,2882,32,2,budget,0,71,true,5,570,68,122,0.5,0.5,0,0,0,5,3,crash,false,5,13,612,2270,0,0,0,false,false,false,0,0,2882,32,0,
1408,tempted_1_5,3689,36,6,budget,0,76,true,4,495,98,140,0.16666666666666666,0.7777777777777778,0.05555555555555555,0,0,4,15,normal,false,6,12,269,3240,180,0,0,false,false,true,0,0,3689,36,0,
1409,tempted_1_5,5642,30,0,budget,0,54,true,5,760,107,191,0.23333333333333334,0.7666666666666667,0,0,0,2,9,normal,false,8,14,1497,4145,0,0,0,false,false,false,0,0,5642,30,0,
1410,tempted_1_5,7390,48,18,budget,0,92,true,5,650,153,211,0,0.8333333333333334,0.16666666666666666,0,0,8,1,normal,false,5,20,60,5535,940,855,0,true,false,true,0,0,7390,48,0,
1411,tempted_1_5,3471,30,0,budget,0,50,true,6,593,91,149,0.4666666666666667,0.5333333333333333,0,0,0,4,15,normal,false,9,12,1141,2330,0,0,0,false,false,true,0,0,3471,30,0,
1412,tempted_1_5,3151,30,0,budget,0,50,true,4,485,64,134,0.36666666666666664,0.6333333333333333,0,0,0,4,10,crash,false,4,10,491,2660,0,0,0,false,false,false,0,0,3151,30,0,
1413,tempted_1_5,9432,56,26,budget,0,98,true,5,1595,150,205,0.08928571428571429,0.6785714285714286,0.17857142857142858,0.05357142857142857,0,14,11,normal,false,5,23,302,3345,3580,2205,0,true,true,false,0,0,9432,56,0,
1414,tempted_1_5,8670,42,12,budget,0,98,false,6,1210,152,204,0,0.8095238095238095,0.09523809523809523,0.09523809523809523,0,5,22,normal,false,4,18,0,6360,780,1530,0,true,true,false,0,0,8670,42,0,
1415,tempted_1_5,6788,50,20,budget,0,97,true,4,690,132,185,0.1,0.78,0.1,0.02,0,12,1,normal,false,7,24,193,4180,1740,675,0,true,true,true,0,0,6788,50,0,
1416,tempted_1_5,2626,30,0,budget,0,58,true,4,390,65,116,0.4666666666666667,0.5333333333333333,0,0,0,2,14,crash,false,8,11,666,1960,0,0,0,false,false,false,0,0,2626,30,0,
1417,tempted_1_5,3433,30,0,budget,0,63,true,5,820,69,119,0.16666666666666666,0.8333333333333334,0,0,0,3,20,crash,false,5,12,83,3350,0,0,0,false,false,false,0,0,3433,30,0,
1418,tempted_1_5,3348,30,0,budget,0,64,true,4,495,83,124,0.23333333333333334,0.7666666666666667,0,0,0,4,4,normal,false,6,14,463,2885,0,0,0,false,false,false,0,0,3348,30,0,
1419,tempted_1_5,3100,30,0,budget,0,52,true,4,570,65,134,0.4666666666666667,0.5333333333333333,0,0,0,6,3,crash,false,3,17,780,2320,0,0,0,false,false,true,0,0,3100,30,0,
1420,tempted_1_5,5245,38,8,budget,0,79,true,5,765,114,151,0.02631578947368421,0.9210526315789473,0.05263157894736842,0,0,5,9,normal,false,9,14,25,4860,360,0,0,false,false,false,0,0,5245,38,0,
1421,tempted_1_5,4626,34,4,budget,0,93,true,5,415,104,159,0.11764705882352941,0.8235294117647058,0.029411764705882353,0.029411764705882353,0,4,6,normal,false,6,13,566,3580,210,270,0,true,false,true,0,0,4626,34,0,
1422,tempted_1_5,8385,26,11,lock,1,100,false,4,1900,84,111,0,0.5769230769230769,0.19230769230769232,0.038461538461538464,0.19230769230769232,4,8,normal,false,9,11,0,1600,970,1215,4600,false,false,false,4180,5,4205,21,1,2
1423,tempted_1_5,2346,30,0,budget,0,62,true,3,255,67,99,0.16666666666666666,0.8333333333333334,0,0,0,1,16,normal,false,11,10,386,1960,0,0,0,false,false,true,0,0,2346,30,0,
1424,tempted_1_5,4213,30,0,budget,0,53,true,5,770,100,155,0.3,0.7,0,0,0,6,4,normal,false,4,18,718,3495,0,0,0,false,false,true,0,0,4213,30,0,
1425,tempted_1_5,6530,42,12,budget,0,93,true,5,830,132,172,0.047619047619047616,0.7857142857142857,0.16666666666666666,0,0,7,1,normal,false,7,17,40,4425,1660,405,0,true,false,false,0,0,6530,42,0,
1426,tempted_1_5,5080,40,10,budget,0,87,false,5,840,111,143,0,0.85,0.15,0,0,3,3,normal,false,7,16,0,4480,600,0,0,false,false,false,0,0,5080,40,0,
1427,tempted_1_5,5545,31,15,lock,1,100,true,4,1110,101,107,0.03225806451612903,0.6129032258064516,0.16129032258064516,0.03225806451612903,0.16129032258064516,5,8,keto,false,4,17,55,2200,570,1080,1640,false,false,false,2270,5,3275,26,1,2
1428,tempted_1_5,17795,68,38,budget,2,100,true,5,1430,214,301,0.058823529411764705,0.5294117647058824,0.25,0.014705882352941176,0.14705882352941177,14,6,normal,false,11,38,355,4165,5230,2025,6020,false,true,true,5260,10,12535,58,2,3|3
1429,tempted_1_5,4234,30,0,budget,0,50,true,4,775,79,149,0.2,0.8,0,0,0,3,11,normal,false,5,13,224,4010,0,0,0,false,false,false,0,0,4234,30,0,
1430,tempted_1_5,2594,30,0,budget,0,54,true,4,435,69,113,0.43333333333333335,0.5666666666666667,0,0,0,3,5,normal,false,7,11,514,2080,0,0,0,false,false,true,0,0,2594,30,0,
1431,tempted_1_5,6140,40,10,budget,0,91,true,5,875,120,175,0.1,0.775,0.075,0.05,0,6,5,normal,false,5,21,260,4635,660,585,0,true,false,true,0,0,6140,40,0,
1432,tempted_1_5,3555,32,2,budget,0,73,true,3,375,92,126,0.03125,0.9375,0.03125,0,0,2,24,normal,false,4,15,30,3435,90,0,0,false,false,false,0,0,3555,32,0,
1433,tempted_1_5,3539,30,0,budget,0,66,true,4,480,91,168,0.3,0.7,0,0,0,4,3,crash,false,3,13,804,2735,0,0,0,false,false,false,0,0,3539,30,0,
1434,tempted_1_5,4699,34,4,budget,0,84,true,6,1095,86,137,0.14705882352941177,0.8529411764705882,0,0,0,4,1,normal,false,5,15,279,3790,630,0,0,false,false,false,0,0,4699,34,0,
1435,tempted_1_5,6040,34,4,budget,0,82,false,5,1400,107,149,0,0.9705882352941176,0.029411764705882353,0,0,2,7,normal,false,11,11,0,4750,1290,0,0,false,false,false,0,0,6040,34,0,
1436,tempted_1_5,3026,32,2,budget,0,73,true,3,315,74,129,0.3125,0.65625,0.03125,0,0,3,7,normal,false,7,9,436,2410,180,0,0,false,false,true,0,0,3026,32,0,
1437,tempted_1_5,2540,34,4,budget,0,82,true,3,300,69,96,0,0.9705882352941176,0.029411764705882353,0,0,2,5,normal,false,4,12,70,2140,330,0,0,false,false,true,0,0,2540,34,0,
1438,tempted_1_5,7818,46,16,budget,0,93,true,7,1695,145,198,0.17391304347826086,0.6521739130434783,0.13043478260869565,0.043478260869565216,0,7,3,normal,false,4,19,308,5200,1050,1260,0,true,false,false,0,0,7818,46,0,
1439,tempted_1_5,9266,45,15,budget,1,100,true,6,1640,133,190,0.1111111111111111,0.6222222222222222,0.1111111111111111,0.044444444444444446,0.1111111111111111,7,17,normal,false,6,18,286,4075,470,1695,2740,false,false,false,2570,5,6696,40,1,5
1440,tempted_1_5,3855,30,0,budget,0,53,true,5,925,85,137,0.36666666666666664,0.6333333333333333,0,0,0,4,10,normal,false,5,11,440,3415,0,0,0,false,false,true,0,0,3855,30,0,
1441,tempted_1_5,1693,30,0,budget,0,56,true,4,273,60,101,0.4666666666666667,0.5333333333333333,0,0,0,4,15,normal,false,10,9,818,875,0,0,0,false,false,true,0,0,1693,30,0,
1442,tempted_1_5,3717,30,0,budget,0,60,true,6,1290,81,119,0.26666666666666666,0.7333333333333333,0,0,0,3,14,normal,false,8,10,277,3440,0,0,0,false,false,false,0,0,3717,30,0,
1443,tempted_1_5,6180,38,8,budget,0,97,true,4,810,115,200,0.2894736842105263,0.5789473684210527,0.10526315789473684,0.02631578947368421,0,6,16,normal,false,3,16,970,3445,1630,135,0,true,true,false,0,0,6180,38,0,
1444,tempted_1_5,3168,30,0,budget,0,68,true,6,770,73,121,0.3333333333333333,0.6666666666666666,0,0,0,4,13,normal,false,9,9,648,2520,0,0,0,false,false,false,0,0,3168,30,0,
1445,tempted_1_5,2845,30,0,budget,0,53,true,6,1050,64,105,0.26666666666666666,0.7333333333333333,0,0,0,4,14,normal,false,11,11,365,2480,0,0,0,false,false,true,0,0,2845,30,0,
1446,tempted_1_5,2926,30,0,budget,0,52,true,4,445,80,116,0.2,0.8,0,0,0,3,8,normal,false,6,12,431,2495,0,0,0,false,false,true,0,0,2926,30,0,
1447,tempted_1_5,3332,30,0,budget,0,67,true,4,530,86,119,0.3333333333333333,0.6666666666666666,0,0,0,5,9,normal,false,7,12,552,2780,0,0,0,false,false,true,0,0,3332,30,0,
1448,tempted_1_5,3131,30,0,budget,0,55,true,5,510,74,147,0.5,0.5,0,0,0,4,7,normal,false,4,12,961,2170,0,0,0,false,false,false,0,0,3131,30,0,
1449,tempted_1_5,3178,30,0,budget,0,66,true,5,300,82,144,0.36666666666666664,0.6333333333333333,0,0,0,2,10,normal,false,5,10,978,2200,0,0,0,false,false,false,0,0,3178,30,0,
1450,tempted_1_5,3704,30,0,budget,0,60,true,3,465,94,136,0.2,0.8,0,0,0,3,6,normal,false,5,13,269,3435,0,0,0,false,false,false,0,0,3704,30,0,
1451,tempted_1_5,3344,30,0,budget,0,64,true,5,443,74,140,0.3,0.7,0,0,0,2,14,crash,false,4,11,794,2550,0,0,0,false,false,false,0,0,3344,30,0,
1452,tempted_1_5,3191,30,0,budget,0,61,true,4,390,80,130,0.16666666666666666,0.8333333333333334,0,0,0,3,5,crash,false,3,14,461,2730,0,0,0,false,false,true,0,0,3191,30,0,
1453,tempted_1_5,2950,30,0,budget,0,61,true,4,525,74,119,0.16666666666666666,0.8333333333333334,0,0,0,3,9,crash,false,5,13,280,2670,0,0,0,false,false,false,0,0,2950,30,0,
1454,tempted_1_5,6730,36,6,budget,0,79,true,6,1290,129,207,0.2222222222222222,0.7222222222222222,0.05555555555555555,0,0,6,8,normal,false,6,17,925,4575,1230,0,0,false,false,false,0,0,6730,36,0,
1455,tempted_1_5,9295,55,25,budget,1,100,true,3,1460,167,216,0.01818181818181818,0.7636363636363637,0.10909090909090909,0.01818181818181818,0.09090909090909091,9,16,normal,false,5,30,85,4245,1620,885,2460,false,false,false,3150,5,6145,50,1,2
1456,tempted_1_5,5375,42,12,budget,0,92,true,3,730,113,148,0,0.8333333333333334,0.14285714285714285,0.023809523809523808,0,4,9,normal,false,6,16,135,3485,1080,675,0,true,false,false,0,0,5375,42,0,
1457,tempted_1_5,4336,42,12,budget,0,97,true,3,360,93,137,0.14285714285714285,0.7380952380952381,0.09523809523809523,0.023809523809523808,0,8,5,normal,false,7,18,291,2480,1160,405,0,true,true,true,0,0,4336,42,0,
1458,tempted_1_5,7885,43,13,budget,1,100,true,4,1740,121,182,0.20930232558139536,0.5348837209302325,0.11627906976744186,0.023255813953488372,0.11627906976744186,8,10,crash,false,6,20,365,3340,410,270,3500,false,false,false,3350,5,4535,38,1,3
1459,tempted_1_5,4431,34,4,budget,0,71,true,4,735,92,169,0.38235294117647056,0.6176470588235294,0,0,0,4,8,crash,false,3,13,861,3210,360,0,0,false,false,false,0,0,4431,34,0,
1460,tempted_1_5,2083,30,0,budget,0,50,true,3,315,61,100,0.43333333333333335,0.5666666666666667,0,0,0,5,4,normal,false,9,11,553,1530,0,0,0,false,false,true,0,0,2083,30,0,
1461,tempted_1_5,3755,36,6,budget,0,98,true,3,540,91,115,0,0.9166666666666666,0.027777777777777776,0.05555555555555555,0,2,1,normal,false,8,9,30,2670,740,315,0,true,true,false,0,0,3755,36,0,
1462,tempted_1_5,12403,83,53,budget,1,100,true,4,780,229,284,0.024096385542168676,0.5783132530120482,0.3132530120481928,0.024096385542168676,0.060240963855421686,20,2,normal,false,6,35,73,4785,4730,1695,1120,false,true,false,1230,5,11173,78,0,
1463,tempted_1_5,3185,30,0,budget,0,50,true,4,750,80,135,0.26666666666666666,0.7333333333333333,0,0,0,3,12,normal,false,4,11,555,2630,0,0,0,false,false,false,0,0,3185,30,0,
1464,tempted_1_5,1786,23,2,lock,0,71,true,3,265,52,79,0.2608695652173913,0.7391304347826086,0,0,0,3,10,crash,false,4,7,241,1545,0,0,0,false,false,true,0,0,1786,23,0,
1465,tempted_1_5,20504,66,36,budget,2,100,true,5,2190,217,347,0.09090909090909091,0.5757575757575758,0.16666666666666666,0.015151515151515152,0.15151515151515152,13,6,crash,false,8,37,344,5315,5020,3525,6300,false,false,false,7690,10,12814,56,2,3|3
1466,tempted_1_5,4935,30,0,budget,0,54,true,5,1495,100,168,0.3333333333333333,0.6666666666666666,0,0,0,2,15,crash,false,5,11,430,4505,0,0,0,false,false,false,0,0,4935,30,0,
1467,tempted_1_5,9793,47,17,budget,1,100,true,5,1070,140,202,0.0851063829787234,0.6170212765957447,0.14893617021276595,0.0425531914893617,0.10638297872340426,5,13,crash,false,5,25,198,4920,820,1035,2820,false,true,false,3020,5,6773,42,1,6
1468,tempted_1_5,3344,32,2,budget,0,73,true,5,420,76,136,0.28125,0.6875,0.03125,0,0,6,7,normal,false,5,16,699,2555,90,0,0,false,false,true,0,0,3344,32,0,
1469,tempted_1_5,2085,22,0,lock,0,66,true,3,405,56,85,0.18181818181818182,0.8181818181818182,0,0,0,2,10,normal,false,4,10,145,1940,0,0,0,false,false,true,0,0,2085,22,0,
1470,tempted_1_5,1857,30,0,budget,0,50,true,3,270,62,94,0.4666666666666667,0.5333333333333333,0,0,0,7,8,normal,false,3,13,632,1225,0,0,0,false,false,true,0,0,1857,30,0,
1471,tempted_1_5,3010,30,0,budget,0,53,true,4,435,85,148,0.4666666666666667,0.5333333333333333,0,0,0,4,6,normal,false,4,15,860,2150,0,0,0,false,false,true,0,0,3010,30,0,
1472,tempted_1_5,2295,30,0,budget,0,60,true,3,445,59,110,0.36666666666666664,0.6333333333333333,0,0,0,5,7,crash,false,4,12,445,1850,0,0,0,false,false,false,0,0,2295,30,0,
1473,tempted_1_5,11495,43,13,budget,1,100,true,4,1500,137,200,0.09302325581395349,0.6744186046511628,0.046511627906976744,0.06976744186046512,0.11627906976744186,8,9,normal,false,5,20,65,3775,970,2685,4000,false,false,false,3960,5,7535,38,1,5
1474,tempted_1_5,1655,13,4,lock,0,79,true,3,360,43,53,0,0.8461538461538461,0.15384615384615385,0,0,1,8,normal,false,3,5,30,1445,180,0,0,false,false,false,0,0,1655,13,0,
1475,tempted_1_5,3617,30,0,budget,0,50,true,5,553,75,144,0.5333333333333333,0.4666666666666667,0,0,0,5,5,normal,false,5,13,1232,2385,0,0,0,false,false,true,0,0,3617,30,0,
1476,tempted_1_5,2925,22,0,lock,0,69,true,6,1155,60,88,0.13636363636363635,0.8636363636363636,0,0,0,3,5,normal,false,5,8,65,2860,0,0,0,false,false,false,0,0,2925,22,0,
1477,tempted_1_5,5232,36,6,budget,0,97,true,5,1365,99,153,0.3055555555555556,0.5833333333333334,0.027777777777777776,0.08333333333333333,0,4,4,crash,false,4,12,427,2765,1110,930,0,true,true,false,0,0,5232,36,0,
1478,tempted_1_5,10720,53,23,budget,1,100,true,5,2940,156,196,0,0.7547169811320755,0.1509433962264151,0,0.09433962264150944,8,8,normal,false,9,18,30,4830,1360,180,4320,false,false,false,4540,5,6180,48,1,2
1479,tempted_1_5,7750,34,4,budget,0,78,true,9,2450,119,174,0.029411764705882353,0.9411764705882353,0.029411764705882353,0,0,3,7,normal,false,5,12,70,6200,1480,0,0,false,false,true,0,0,7750,34,0,
1480,tempted_1_5,2455,30,0,budget,0,50,true,3,360,58,130,0.6,0.4,0,0,0,4,6,crash,false,6,10,775,1680,0,0,0,false,false,false,0,0,2455,30,0,
1481,tempted_1_5,8178,40,10,budget,0,83,true,7,1440,141,205,0.05,0.85,0.1,0,0,4,1,normal,false,6,19,68,5990,2120,0,0,false,false,true,0,0,8178,40,0,
1482,tempted_1_5,2467,30,0,budget,0,64,true,4,485,67,113,0.3,0.7,0,0,0,4,10,normal,false,4,11,427,2040,0,0,0,false,false,false,0,0,2467,30,0,
1483,tempted_1_5,2827,30,0,budget,0,58,true,4,405,64,115,0.3333333333333333,0.6666666666666666,0,0,0,3,10,crash,false,8,9,372,2455,0,0,0,false,false,false,0,0,2827,30,0,
1484,tempted_1_5,12328,68,38,budget,2,100,true,4,1240,192,266,0.11764705882352941,0.5441176470588235,0.16176470588235295,0.029411764705882353,0.14705882352941177,19,6,normal,false,5,39,723,4430,2140,555,4480,false,false,false,4660,10,7668,58,2,3|2
1485,tempted_1_5,3312,36,6,budget,0,82,true,3,295,84,140,0.3611111111111111,0.5833333333333334,0.05555555555555555,0,0,5,2,normal,false,7,19,877,2045,390,0,0,false,false,true,0,0,3312,36,0,
1486,tempted_1_5,27536,81,51,budget,3,100,true,7,5370,291,399,0.12345679012345678,0.5061728395061729,0.14814814814814814,0.037037037037037035,0.18518518518518517,19,1,normal,false,5,45,431,7200,2830,2295,14780,false,true,false,12065,15,15471,66,3,2|3|3
1487,tempted_1_5,3313,30,0,budget,0,57,true,3,370,81,118,0.2,0.8,0,0,0,5,4,normal,false,3,16,178,3135,0,0,0,false,false,false,0,0,3313,30,0,
1488,tempted_1_5,14881,56,26,budget,2,100,true,5,2640,163,257,0.35714285714285715,0.26785714285714285,0.16071428571428573,0.03571428571428571,0.17857142857142858,8,2,crash,false,12,25,1301,1730,1810,2880,7160,false,true,true,5620,10,9261,46,2,4|2
1489,tempted_1_5,3604,30,0,budget,0,60,true,5,960,84,130,0.26666666666666666,0.7333333333333333,0,0,0,2,26,normal,false,6,12,644,2960,0,0,0,false,false,true,0,0,3604,30,0,
1490,tempted_1_5,2765,30,0,budget,0,68,true,4,500,73,129,0.36666666666666664,0.6333333333333333,0,0,0,3,10,crash,false,10,10,635,2130,0,0,0,false,false,false,0,0,2765,30,0,
1491,tempted_1_5,9583,51,21,budget,1,100,true,4,2460,141,209,0.058823529411764705,0.7058823529411765,0.11764705882352941,0.0196078431372549,0.09803921568627451,8,8,crash,false,7,25,113,3930,1840,180,3520,false,false,false,3720,5,5863,46,0,
1492,tempted_1_5,4699,30,0,budget,0,51,true,9,2140,77,176,0.6333333333333333,0.36666666666666664,0,0,0,5,3,normal,false,7,10,1179,3520,0,0,0,false,false,true,0,0,4699,30,0,
1493,tempted_1_5,2382,30,0,budget,0,54,true,4,405,68,119,0.4,0.6,0,0,0,3,14,normal,false,8,10,822,1560,0,0,0,false,false,false,0,0,2382,30,0,
1494,tempted_1_5,12127,54,24,budget,2,100,true,4,1220,162,235,0.2037037037037037,0.4444444444444444,0.12962962962962962,0.037037037037037035,0.18518518518518517,10,4,crash,false,6,27,592,3380,1890,1425,4840,false,true,false,4700,10,7427,44,2,3|6
1495,tempted_1_5,3331,32,2,budget,0,71,true,4,675,78,141,0.34375,0.65625,0,0,0,5,7,crash,false,4,13,836,2495,0,0,0,false,false,false,0,0,3331,32,0,
1496,tempted_1_5,4622,38,8,budget,0,93,true,4,610,88,161,0.3157894736842105,0.5789473684210527,0.07894736842105263,0.02631578947368421,0,5,5,normal,false,8,15,787,2420,740,675,0,true,false,true,0,0,4622,38,0,
1497,tempted_1_5,2993,32,2,budget,0,84,true,3,310,78,105,0.09375,0.875,0.03125,0,0,2,11,normal,false,6,12,228,2495,270,0,0,false,false,true,0,0,2993,32,0,
1498,tempted_1_5,10123,57,27,budget,1,100,true,4,1350,177,249,0.017543859649122806,0.7543859649122807,0.12280701754385964,0.017543859649122806,0.08771929824561403,11,5,normal,false,11,25,178,4295,4060,450,1140,false,false,true,1320,5,8803,52,0,
1499,tempted_1_5,5820,30,0,budget,0,69,true,6,1630,107,168,0.13333333333333333,0.8666666666666667,0,0,0,1,28,crash,false,3,14,125,5695,0,0,0,false,false,false,0,0,5820,30,0,
1500,tempted_1_5,5790,32,2,budget,0,73,true,6,1535,87,170,0.34375,0.625,0.03125,0,0,4,8,crash,false,5,14,500,5200,90,0,0,false,false,false,0,0,5790,32,0,
1501,tempted_1_5,3995,36,6,budget,0,94,true,4,655,88,124,0.2222222222222222,0.75,0.027777777777777776,0,0,5,5,normal,false,5,13,365,2765,460,405,0,true,false,false,0,0,3995,36,0,
1502,tempted_1_5,14385,74,44,budget,0,97,true,5,1140,245,329,0.013513513513513514,0.6756756756756757,0.20270270270270271,0.10810810810810811,0,16,2,normal,false,6,35,255,5805,4410,3915,0,true,true,false,0,0,14385,74,0,
1503,tempted_1_5,4543,36,6,budget,0,92,true,3,600,97,143,0.1111111111111111,0.7777777777777778,0.08333333333333333,0.027777777777777776,0,5,1,normal,false,9,15,143,2840,1380,180,0,true,false,true,0,0,4543,36,0,
1504,tempted_1_5,2319,32,2,budget,0,74,true,3,240,67,100,0.3125,0.65625,0.03125,0,0,5,5,normal,false,5,13,314,1915,90,0,0,false,false,false,0,0,2319,32,0,
1505,tempted_1_5,9599,43,13,budget,1,100,true,6,2600,130,185,0.13953488372093023,0.7209302325581395,0.023255813953488372,0,0.11627906976744186,4,15,normal,false,8,17,259,3030,1370,900,4040,false,false,true,5320,5,4279,38,0,
1506,tempted_1_5,4220,32,2,budget,0,83,true,4,1090,86,126,0.03125,0.9375,0.03125,0,0,1,26,crash,false,5,13,0,3130,1090,0,0,false,false,false,0,0,4220,32,0,
1507,tempted_1_5,41433,111,81,budget,5,100,true,8,5020,379,531,0.0990990990990991,0.35135135135135137,0.24324324324324326,0.08108108108108109,0.22522522522522523,30,5,crash,false,8,64,563,4805,8290,8415,19360,false,true,false,15785,25,25648,86,5,6|4|4|4|3
1508,tempted_1_5,9497,43,13,budget,1,100,true,5,1240,149,218,0.16279069767441862,0.6046511627906976,0.11627906976744186,0,0.11627906976744186,6,1,normal,false,5,18,527,3910,1370,270,3420,false,false,false,3240,5,6257,38,1,2
1509,tempted_1_5,9990,48,18,budget,0,92,true,6,1555,155,242,0.14583333333333334,0.7291666666666666,0.125,0,0,8,2,crash,false,4,19,575,5235,2560,1620,0,true,false,false,0,0,9990,48,0,
1510,tempted_1_5,3790,32,2,budget,0,73,true,5,715,79,155,0.46875,0.5,0.03125,0,0,5,2,crash,false,4,15,840,2860,90,0,0,false,false,true,0,0,3790,32,0,
1511,tempted_1_5,3208,30,0,budget,0,57,true,4,645,75,131,0.3,0.7,0,0,0,2,10,crash,false,4,12,258,2950,0,0,0,false,false,false,0,0,3208,30,0,
1512,tempted_1_5,2364,30,0,budget,0,50,true,4,375,59,151,0.6333333333333333,0.36666666666666664,0,0,0,2,4,crash,false,8,10,1399,965,0,0,0,false,false,false,0,0,2364,30,0,
1513,tempted_1_5,2820,30,0,budget,0,57,true,3,370,78,122,0.16666666666666666,0.8333333333333334,0,0,0,3,8,crash,false,5,11,310,2510,0,0,0,false,false,true,0,0,2820,30,0,
1514,tempted_1_5,6096,41,11,budget,1,100,true,4,1320,109,146,0.04878048780487805,0.7073170731707317,0.0975609756097561,0.024390243902439025,0.12195121951219512,5,6,crash,false,13,11,446,2990,320,780,1560,false,false,true,2100,5,3996,36,1,5
1515,tempted_1_5,5689,32,2,budget,0,72,true,5,1100,101,162,0.21875,0.75,0.03125,0,0,4,10,crash,false,5,14,259,5310,120,0,0,false,false,false,0,0,5689,32,0,
1516,tempted_1_5,5715,40,10,budget,0,94,true,4,930,110,192,0.275,0.55,0.175,0,0,8,4,normal,false,6,17,940,3115,1120,540,0,true,false,true,0,0,5715,40,0,
1517,tempted_1_5,8862,53,23,budget,1,100,true,6,1065,142,229,0.24528301886792453,0.4339622641509434,0.1320754716981132,0.09433962264150944,0.09433962264150944,9,9,crash,false,5,19,1142,4005,700,1935,1080,false,true,false,1185,5,7677,48,1,11
1518,tempted_1_5,2734,32,2,budget,0,78,true,4,410,70,120,0.25,0.75,0,0,0,3,1,normal,false,8,10,529,2025,180,0,0,false,false,false,0,0,2734,32,0,
1519,tempted_1_5,4155,36,6,budget,0,80,true,4,720,98,144,0.027777777777777776,0.8888888888888888,0.08333333333333333,0,0,4,8,normal,false,6,16,80,2845,1230,0,0,false,false,true,0,0,4155,36,0,
1520,tempted_1_5,2732,30,0,budget,0,60,true,4,510,78,131,0.3333333333333333,0.6666666666666666,0,0,0,4,10,normal,false,4,16,497,2235,0,0,0,false,false,true,0,0,2732,30,0,
1521,tempted_1_5,3490,30,0,budget,0,59,true,5,570,87,116,0.06666666666666667,0.9333333333333333,0,0,0,2,16,normal,false,4,13,285,3205,0,0,0,false,false,true,0,0,3490,30,0,
1522,tempted_1_5,3225,30,0,budget,0,56,true,4,420,79,131,0.43333333333333335,0.5666666666666667,0,0,0,4,9,normal,false,6,12,715,2510,0,0,0,false,false,true,0,0,3225,30,0,
1523,tempted_1_5,8740,47,17,budget,1,100,true,3,1260,126,184,0.14893617021276595,0.6382978723404256,0.10638297872340426,0,0.10638297872340426,6,3,normal,false,5,17,325,3390,690,675,3660,false,false,false,2520,5,6220,42,1,2
1524,tempted_1_5,2338,30,0,budget,0,50,true,4,390,65,106,0.3,0.7,0,0,0,1,21,normal,false,4,9,408,1930,0,0,0,false,false,false,0,0,2338,30,0,
1525,tempted_1_5,4606,34,4,budget,0,82,true,4,555,104,165,0.3235294117647059,0.6470588235294118,0.029411764705882353,0,0,4,2,crash,false,4,14,616,3270,720,0,0,false,false,false,0,0,4606,34,0,
1526,tempted_1_5,3703,30,0,budget,0,67,true,4,380,94,133,0.16666666666666666,0.8333333333333334,0,0,0,2,3,normal,false,5,15,288,3415,0,0,0,false,false,true,0,0,3703,30,0,
1527,tempted_1_5,7930,41,11,budget,1,100,true,4,1030,115,168,0.14634146341463414,0.6341463414634146,0.07317073170731707,0.024390243902439025,0.12195121951219512,5,5,normal,false,9,20,310,3510,600,150,3360,false,false,false,2990,5,4940,36,1,2
1528,tempted_1_5,6015,36,6,budget,0,98,true,5,1290,109,150,0,0.8333333333333334,0.1388888888888889,0.027777777777777776,0,3,5,normal,false,9,15,90,3890,1360,675,0,true,true,true,0,0,6015,36,0,
1529,tempted_1_5,4471,30,0,budget,0,58,true,7,1140,82,127,0.26666666666666666,0.7333333333333333,0,0,0,4,13,normal,false,4,11,371,4100,0,0,0,false,false,false,0,0,4471,30,0,
1530,tempted_1_5,10170,56,26,budget,0,97,true,5,2040,165,234,0.05357142857142857,0.6071428571428571,0.26785714285714285,0.07142857142857142,0,12,4,crash,false,4,26,85,4050,5090,945,0,true,true,false,0,0,10170,56,0,
1531,tempted_1_5,3176,30,0,budget,0,56,true,4,570,83,124,0.13333333333333333,0.8666666666666667,0,0,0,1,27,normal,false,4,11,411,2765,0,0,0,false,false,false,0,0,3176,30,0,
1532,tempted_1_5,2142,30,0,budget,0,50,true,3,300,58,112,0.4,0.6,0,0,0,4,6,crash,false,7,10,472,1670,0,0,0,false,false,false,0,0,2142,30,0,
1533,tempted_1_5,5805,34,4,budget,0,74,false,7,1605,106,156,0,1,0,0,0,2,21,normal,false,5,15,0,5625,180,0,0,false,false,true,0,0,5805,34,0,
1534,tempted_1_5,5801,32,2,budget,0,77,true,6,1970,108,157,0.25,0.75,0,0,0,5,13,normal,false,5,14,561,3750,1490,0,0,false,false,false,0,0,5801,32,0,
1535,tempted_1_5,2966,30,0,budget,0,51,true,5,725,78,125,0.43333333333333335,0.5666666666666667,0,0,0,2,23,normal,false,9,8,1116,1850,0,0,0,false,false,true,0,0,2966,30,0,
1536,tempted_1_5,2205,20,0,lock,0,66,false,4,575,62,88,0,1,0,0,0,0,-1,normal,false,4,6,0,2205,0,0,0,false,false,false,0,0,2205,20,0,
1537,tempted_1_5,4449,30,0,budget,0,69,true,4,585,105,168,0.2,0.8,0,0,0,3,6,normal,false,5,16,169,4280,0,0,0,false,false,true,0,0,4449,30,0,
1538,tempted_1_5,5320,36,6,budget,0,97,false,3,780,99,150,0,0.8888888888888888,0.1111111111111111,0,0,3,2,normal,false,9,16,0,3670,1110,540,0,true,true,true,0,0,5320,36,0,
1539,tempted_1_5,12031,56,26,budget,2,100,true,6,2700,165,222,0.07142857142857142,0.4642857142857143,0.19642857142857142,0.08928571428571429,0.17857142857142858,12,3,normal,false,5,25,171,3655,1680,1545,4980,false,true,false,5160,10,6871,46,2,6|5
1540,tempted_1_5,9597,63,33,budget,1,100,true,4,680,183,269,0.20634920634920634,0.5079365079365079,0.14285714285714285,0.06349206349206349,0.07936507936507936,17,1,normal,false,4,26,822,3285,3070,900,1520,false,true,false,1890,5,7707,58,0,
1541,tempted_1_5,15300,55,25,budget,1,100,true,5,1905,174,248,0.09090909090909091,0.509090909090909,0.3090909090909091,0,0.09090909090909091,11,4,normal,false,4,28,255,3230,4880,2895,4040,false,false,true,5585,5,9715,50,1,2
1542,tempted_1_5,3090,36,6,budget,0,89,false,3,280,83,110,0,0.9444444444444444,0.027777777777777776,0.027777777777777776,0,2,12,normal,false,8,10,0,2625,330,135,0,false,false,false,0,0,3090,36,0,
1543,tempted_1_5,7028,40,10,budget,0,97,true,6,1935,119,180,0.35,0.475,0.15,0.025,0,7,9,normal,false,8,18,608,3270,1110,2040,0,true,true,false,0,0,7028,40,0,
1544,tempted_1_5,3144,30,0,budget,0,64,true,4,1070,66,119,0.23333333333333334,0.7666666666666667,0,0,0,1,29,crash,false,7,10,239,2905,0,0,0,false,false,false,0,0,3144,30,0,
1545,tempted_1_5,18995,61,31,budget,3,100,true,6,3600,179,257,0.16393442622950818,0.3770491803278688,0.18032786885245902,0.03278688524590164,0.2459016393442623,13,5,normal,false,4,29,430,3745,1680,1440,11700,false,true,false,11610,15,7385,46,3,6|3|5
1546,tempted_1_5,6688,44,14,budget,0,99,true,4,1010,135,194,0.20454545454545456,0.6590909090909091,0.09090909090909091,0.045454545454545456,0,8,1,normal,false,6,18,458,4195,1450,585,0,true,true,false,0,0,6688,44,0,
1547,tempted_1_5,4275,32,2,budget,0,75,true,4,545,101,151,0,0.96875,0.03125,0,0,1,12,normal,false,10,9,90,4095,90,0,0,false,false,false,0,0,4275,32,0,
1548,tempted_1_5,3209,32,2,budget,0,78,true,5,720,84,130,0.46875,0.5,0.03125,0,0,5,7,normal,false,10,10,794,2325,90,0,0,false,false,false,0,0,3209,32,0,
1549,tempted_1_5,8080,37,22,lock,0,92,true,5,2355,112,145,0,0.6756756756756757,0.32432432432432434,0,0,7,10,normal,false,6,17,40,2665,3080,2295,0,true,false,false,0,0,8080,37,0,
1550,tempted_1_5,2704,30,0,budget,0,63,true,4,485,73,111,0.2,0.8,0,0,0,3,20,normal,false,4,12,434,2270,0,0,0,false,false,false,0,0,2704,30,0,
1551,tempted_1_5,8857,51,21,budget,1,100,true,4,1620,132,194,0.1568627450980392,0.5882352941176471,0.13725490196078433,0.0196078431372549,0.09803921568627451,9,7,crash,false,9,22,347,3230,1110,510,3660,false,false,false,3300,5,5557,46,1,2
1552,tempted_1_5,4483,32,2,budget,0,73,true,4,585,105,136,0.0625,0.90625,0.03125,0,0,3,8,normal,false,8,9,318,4075,90,0,0,false,false,false,0,0,4483,32,0,
1553,tempted_1_5,2673,30,0,budget,0,50,true,3,465,73,115,0.2,0.8,0,0,0,3,4,crash,false,10,10,148,2525,0,0,0,false,false,false,0,0,2673,30,0,
1554,tempted_1_5,2191,30,0,budget,0,61,true,3,360,53,92,0.43333333333333335,0.5666666666666667,0,0,0,5,5,normal,false,7,10,371,1820,0,0,0,false,false,true,0,0,2191,30,0,
1555,tempted_1_5,14018,51,21,budget,1,100,true,5,2200,182,255,0.0196078431372549,0.6862745098039216,0.11764705882352941,0.0784313725490196,0.09803921568627451,9,10,normal,false,9,22,218,5625,2850,2505,2820,false,true,false,2780,5,11238,46,1,9
1556,tempted_1_5,11368,53,23,budget,1,100,true,4,1580,169,215,0.07547169811320754,0.660377358490566,0.1509433962264151,0.018867924528301886,0.09433962264150944,9,11,normal,false,4,28,103,4205,1210,2430,3420,false,true,false,4010,5,7358,48,0,
1557,tempted_1_5,4405,27,19,lock,1,100,false,3,615,72,82,0,0.4074074074074074,0.2962962962962963,0.1111111111111111,0.18518518518518517,7,2,normal,false,6,12,0,1015,1560,510,1320,false,false,true,1440,5,2965,22,1,10
1558,tempted_1_5,2469,30,0,budget,0,63,true,3,360,81,111,0.23333333333333334,0.7666666666666667,0,0,0,3,7,normal,false,5,11,169,2300,0,0,0,false,false,true,0,0,2469,30,0,
1559,tempted_1_5,2830,30,0,budget,0,50,true,4,275,68,156,0.5333333333333333,0.4666666666666667,0,0,0,5,9,normal,false,6,13,1205,1625,0,0,0,false,false,true,0,0,2830,30,0,
1560,tempted_1_5,3609,30,0,budget,0,69,true,4,1300,86,134,0.26666666666666666,0.7333333333333333,0,0,0,3,8,crash,false,7,13,454,3155,0,0,0,false,false,false,0,0,3609,30,0,
1561,tempted_1_5,2608,30,0,budget,0,69,true,3,485,65,119,0.4,0.6,0,0,0,2,10,crash,false,7,9,618,1990,0,0,0,false,false,false,0,0,2608,30,0,
1562,tempted_1_5,5526,34,4,budget,0,82,true,4,870,108,166,0.11764705882352941,0.8823529411764706,0,0,0,4,13,normal,false,4,14,211,4505,810,0,0,false,false,true,0,0,5526,34,0,
1563,tempted_1_5,12879,45,15,budget,1,100,true,5,3720,151,207,0.17777777777777778,0.5555555555555556,0.15555555555555556,0,0.1111111111111111,10,3,normal,false,6,19,289,3240,1510,0,7840,false,false,true,4280,5,8599,40,1,3
1564,tempted_1_5,2620,30,0,budget,0,59,true,4,670,65,104,0.3,0.7,0,0,0,4,11,crash,false,5,6,420,2200,0,0,0,false,false,false,0,0,2620,30,0,
1565,tempted_1_5,3490,32,2,budget,0,78,true,3,375,86,122,0,0.96875,0.03125,0,0,1,23,normal,false,6,10,30,3370,90,0,0,false,false,false,0,0,3490,32,0,
1566,tempted_1_5,3465,30,0,budget,0,50,true,4,405,83,142,0.3333333333333333,0.6666666666666666,0,0,0,4,12,normal,false,4,14,620,2845,0,0,0,false,false,true,0,0,3465,30,0,
1567,tempted_1_5,8476,48,18,budget,0,94,true,4,1455,145,225,0.0625,0.7916666666666666,0.125,0.020833333333333332,0,8,2,crash,false,6,18,161,4485,2300,1530,0,true,false,false,0,0,8476,48,0,
1568,tempted_1_5,4595,30,0,budget,0,58,true,5,645,83,153,0,1,0,0,0,0,-1,normal,false,6,10,90,4505,0,0,0,false,false,false,0,0,4595,30,0,
1569,tempted_1_5,5653,40,10,budget,0,91,true,3,570,122,184,0.125,0.75,0.125,0,0,7,7,normal,false,6,17,193,3560,1630,270,0,true,false,false,0,0,5653,40,0,
1570,tempted_1_5,4133,32,2,budget,0,76,true,4,530,89,165,0.28125,0.6875,0.03125,0,0,1,4,crash,false,5,12,628,3415,90,0,0,false,false,false,0,0,4133,32,0,
1571,tempted_1_5,23788,73,43,budget,3,100,true,6,2760,251,310,0.0684931506849315,0.5068493150684932,0.1780821917808219,0.0410958904109589,0.2054794520547945,17,5,normal,false,6,36,148,3840,5520,1500,12780,false,true,false,11675,15,12113,58,2,4|5
1572,tempted_1_5,4853,34,4,budget,0,83,true,5,735,106,148,0.058823529411764705,0.8823529411764706,0.058823529411764705,0,0,2,26,crash,false,9,12,23,4620,210,0,0,false,false,false,0,0,4853,34,0,
1573,tempted_1_5,9283,45,15,budget,1,100,true,4,1680,126,156,0.06666666666666667,0.6,0.08888888888888889,0.13333333333333333,0.1111111111111111,6,2,normal,false,10,17,123,2600,880,1440,4240,false,false,false,3940,5,5343,40,1,5
1574,tempted_1_5,2166,30,0,budget,0,50,true,5,316,60,116,0.43333333333333335,0.5666666666666667,0,0,0,2,19,crash,false,13,9,1091,1075,0,0,0,false,false,true,0,0,2166,30,0,
1575,tempted_1_5,2300,30,0,budget,0,55,true,4,435,64,111,0.43333333333333335,0.5666666666666667,0,0,0,4,6,normal,false,5,10,625,1675,0,0,0,false,false,true,0,0,2300,30,0,
1576,tempted_1_5,3527,32,2,budget,0,73,true,5,810,86,127,0.3125,0.625,0.0625,0,0,5,10,normal,false,7,14,457,2860,210,0,0,false,false,false,0,0,3527,32,0,
1577,tempted_1_5,1639,30,0,budget,0,51,true,3,158,51,85,0.23333333333333334,0.7666666666666667,0,0,0,4,10,crash,false,8,9,269,1370,0,0,0,false,false,false,0,0,1639,30,0,
1578,tempted_1_5,12946,54,24,budget,0,98,true,4,2735,168,245,0.09259259259259259,0.6481481481481481,0.2222222222222222,0.037037037037037035,0,12,1,normal,false,9,20,271,3585,3600,5490,0,true,true,false,0,0,12946,54,0,
1579,tempted_1_5,8441,41,11,budget,1,100,true,5,2250,118,187,0.1951219512195122,0.6585365853658537,0.024390243902439025,0,0.12195121951219512,4,6,crash,false,4,16,296,3715,1380,1170,1880,false,false,false,3890,5,4551,36,0,
1580,tempted_1_5,13185,53,23,budget,1,100,true,5,2055,174,258,0.018867924528301886,0.7547169811320755,0.1320754716981132,0,0.09433962264150944,10,11,normal,false,6,24,100,4540,2550,1935,4060,false,false,true,2780,5,10405,48,1,3
1581,tempted_1_5,2553,29,0,lock,0,50,true,4,450,53,116,0.41379310344827586,0.5862068965517241,0,0,0,2,11,crash,false,6,10,563,1990,0,0,0,false,false,false,0,0,2553,29,0,
1582,tempted_1_5,4384,34,4,budget,0,75,true,4,1030,88,157,0.17647058823529413,0.7941176470588235,0.029411764705882353,0,0,4,4,normal,false,5,16,219,4075,90,0,0,false,false,false,0,0,4384,34,0,
1583,tempted_1_5,11290,53,23,budget,1,100,true,6,1145,161,246,0.07547169811320754,0.6415094339622641,0.16981132075471697,0.018867924528301886,0.09433962264150944,10,2,normal,false,7,23,200,5145,1970,1575,2400,false,false,true,2220,5,9070,48,1,3
1584,tempted_1_5,5165,38,8,budget,0,92,true,3,680,106,143,0.02631578947368421,0.8947368421052632,0.05263157894736842,0.02631578947368421,0,5,2,normal,false,4,14,45,3565,1240,315,0,true,false,false,0,0,5165,38,0,
1585,tempted_1_5,9060,53,23,budget,1,100,true,4,660,142,197,0.018867924528301886,0.660377358490566,0.18867924528301888,0.03773584905660377,0.09433962264150944,9,5,normal,false,7,24,15,3630,2820,855,1740,false,false,true,2100,5,6960,48,0,
1586,tempted_1_5,2165,17,16,lock,0,99,false,3,690,43,38,0,0.35294117647058826,0.47058823529411764,0.17647058823529413,0,6,5,keto,true,3,9,0,365,1260,540,0,true,true,false,0,0,2165,17,0,
1587,tempted_1_5,3405,30,0,budget,0,67,true,5,600,73,130,0.3333333333333333,0.6666666666666666,0,0,0,4,5,normal,false,6,13,635,2770,0,0,0,false,false,true,0,0,3405,30,0,
1588,tempted_1_5,3318,30,0,budget,0,58,true,4,450,88,119,0.1,0.9,0,0,0,1,22,normal,false,4,11,178,3140,0,0,0,false,false,false,0,0,3318,30,0,
1589,tempted_1_5,6155,25,31,lock,1,100,false,5,1245,65,73,0,0.24,0.4,0.16,0.2,8,2,keto,true,4,14,0,435,2360,1620,1740,false,true,false,2070,5,4085,20,0,
1590,tempted_1_5,5130,33,6,lock,0,97,true,4,570,104,150,0.030303030303030304,0.7878787878787878,0.15151515151515152,0.030303030303030304,0,4,1,normal,false,7,11,15,4000,710,405,0,true,true,false,0,0,5130,33,0,
1591,tempted_1_5,3695,36,6,budget,0,90,true,3,290,92,130,0.027777777777777776,0.8611111111111112,0.08333333333333333,0.027777777777777776,0,2,19,crash,false,5,15,60,3095,360,180,0,true,false,false,0,0,3695,36,0,
1592,tempted_1_5,4037,32,2,budget,0,76,true,4,545,88,133,0.15625,0.84375,0,0,0,4,6,normal,false,5,13,277,3310,450,0,0,false,false,false,0,0,4037,32,0,
1593,tempted_1_5,8631,57,27,budget,1,100,true,3,880,140,176,0.10526315789473684,0.6140350877192983,0.15789473684210525,0.03508771929824561,0.08771929824561403,11,2,crash,false,13,22,196,2525,1870,1080,2960,false,false,false,2520,5,6111,52,1,4
1594,tempted_1_5,7975,49,19,budget,1,100,true,5,1180,138,164,0.02040816326530612,0.673469387755102,0.16326530612244897,0.04081632653061224,0.10204081632653061,8,5,normal,false,9,27,20,3545,1760,270,2380,false,true,false,2740,5,5235,44,1,2
1595,tempted_1_5,3053,30,0,budget,0,63,true,4,720,65,140,0.5,0.5,0,0,0,4,9,normal,false,5,13,808,2245,0,0,0,false,false,true,0,0,3053,30,0,
1596,tempted_1_5,4990,34,4,budget,0,79,true,5,665,114,162,0.058823529411764705,0.9117647058823529,0.029411764705882353,0,0,4,3,normal,false,7,12,135,4765,90,0,0,false,false,true,0,0,4990,34,0,
1597,tempted_1_5,11925,43,13,budget,1,100,true,5,2900,143,206,0,0.7674418604651163,0.11627906976744186,0,0.11627906976744186,4,23,normal,false,8,17,30,4445,2210,0,5240,false,false,false,5180,5,6745,38,1,2
1598,tempted_1_5,5936,36,6,budget,0,94,true,5,970,117,167,0.1111111111111111,0.7777777777777778,0.08333333333333333,0.027777777777777776,0,3,16,normal,false,10,15,191,4550,1060,135,0,true,false,false,0,0,5936,36,0,
1599,tempted_1_5,30116,79,49,budget,3,100,true,6,4440,299,397,0.0379746835443038,0.4810126582278481,0.20253164556962025,0.08860759493670886,0.189873417721519,18,6,crash,false,5,40,106,5045,7360,2385,15220,false,true,false,15055,15,15061,64,3,4|3|3
1600,tempted_1_5,5220,38,8,budget,0,84,true,4,490,115,204,0.34210526315789475,0.6578947368421053,0,0,0,7,5,crash,false,3,22,1130,3400,690,0,0,false,false,false,0,0,5220,38,0,
1601,tempted_1_5,3241,30,0,budget,0,50,true,5,510,84,130,0.13333333333333333,0.8666666666666667,0,0,0,2,7,normal,false,6,10,641,2600,0,0,0,false,false,false,0,0,3241,30,0,
1602,tempted_1_5,5528,36,6,budget,0,86,true,6,780,118,170,0.1111111111111111,0.8333333333333334,0.05555555555555555,0,0,6,1,normal,false,3,21,458,4730,340,0,0,false,false,true,0,0,5528,36,0,
1603,tempted_1_5,2813,30,0,budget,0,50,true,5,615,58,120,0.5,0.5,0,0,0,4,7,crash,false,5,10,593,2220,0,0,0,false,false,false,0,0,2813,30,0,
1604,tempted_1_5,8501,41,11,budget,1,100,true,5,1540,123,177,0.12195121951219512,0.7073170731707317,0.04878048780487805,0,0.12195121951219512,4,19,normal,false,9,18,201,4610,410,240,3040,false,false,true,3180,5,5321,36,1,2
1605,tempted_1_5,5163,36,6,budget,0,72,true,4,1040,101,175,0.25,0.75,0,0,0,6,6,normal,false,4,15,623,3520,1020,0,0,false,false,false,0,0,5163,36,0,
1606,tempted_1_5,3419,34,4,budget,0,89,true,5,390,80,119,0.20588235294117646,0.7058823529411765,0.058823529411764705,0.029411764705882353,0,4,16,crash,false,4,15,579,2090,570,180,0,false,false,false,0,0,3419,34,0,
1607,tempted_1_5,5098,36,6,budget,0,97,true,5,1080,92,140,0.1388888888888889,0.75,0.05555555555555555,0.05555555555555555,0,3,8,crash,false,7,15,263,3395,480,960,0,true,true,true,0,0,5098,36,0,
1608,tempted_1_5,3426,30,0,budget,0,55,true,5,675,78,134,0.26666666666666666,0.7333333333333333,0,0,0,2,9,crash,false,4,11,466,2960,0,0,0,false,false,true,0,0,3426,30,0,
1609,tempted_1_5,1040,8,2,lock,0,70,false,4,465,17,30,0,1,0,0,0,1,1,normal,false,2,4,0,1040,0,0,0,false,false,true,0,0,1040,8,0,
1610,tempted_1_5,7498,38,8,budget,0,95,true,5,855,128,202,0.10526315789473684,0.7631578947368421,0.10526315789473684,0.02631578947368421,0,5,2,normal,false,4,18,793,4665,1590,450,0,true,true,false,0,0,7498,38,0,
1611,tempted_1_5,3251,32,2,budget,0,83,true,4,585,84,126,0.25,0.71875,0.03125,0,0,4,4,normal,false,7,14,371,2610,270,0,0,false,false,false,0,0,3251,32,0,
1612,tempted_1_5,9978,44,14,budget,0,92,true,6,2325,158,224,0.13636363636363635,0.6590909090909091,0.18181818181818182,0.022727272727272728,0,9,6,normal,false,5,21,438,5670,1170,2700,0,true,false,false,0,0,9978,44,0,
1613,tempted_1_5,3614,34,4,budget,0,72,true,3,460,100,148,0.17647058823529413,0.7941176470588235,0.029411764705882353,0,0,3,2,normal,false,5,13,459,2665,490,0,0,false,false,false,0,0,3614,34,0,
1614,tempted_1_5,2484,30,0,budget,0,64,true,4,375,72,106,0.2,0.8,0,0,0,2,5,normal,false,4,10,239,2245,0,0,0,false,false,false,0,0,2484,30,0,
1615,tempted_1_5,4115,30,0,budget,0,61,true,5,555,87,143,0.03333333333333333,0.9666666666666667,0,0,0,1,21,normal,false,3,11,330,3785,0,0,0,false,false,false,0,0,4115,30,0,
1616,tempted_1_5,2467,30,0,budget,0,50,true,3,315,64,128,0.5,0.5,0,0,0,3,10,normal,false,6,12,727,1740,0,0,0,false,false,true,0,0,2467,30,0,
1617,tempted_1_5,3269,30,0,budget,0,67,true,4,345,88,117,0.16666666666666666,0.8333333333333334,0,0,0,3,6,normal,false,4,13,514,2755,0,0,0,false,false,true,0,0,3269,30,0,
1618,tempted_1_5,2629,30,0,budget,0,61,true,4,450,64,103,0.3,0.7,0,0,0,4,12,normal,false,7,11,309,2320,0,0,0,false,false,false,0,0,2629,30,0,
1619,tempted_1_5,2701,30,0,budget,0,60,true,4,530,76,126,0.5333333333333333,0.4666666666666667,0,0,0,5,10,normal,false,7,10,821,1880,0,0,0,false,false,false,0,0,2701,30,0,
1620,tempted_1_5,3530,34,4,budget,0,84,false,3,570,94,112,0,0.9117647058823529,0.08823529411764706,0,0,2,10,normal,false,11,7,0,2620,910,0,0,false,false,true,0,0,3530,34,0,
1621,tempted_1_5,2295,30,0,budget,0,50,true,4,265,56,111,0.36666666666666664,0.6333333333333333,0,0,0,6,8,crash,false,3,13,715,1580,0,0,0,false,false,false,0,0,2295,30,0,
1622,tempted_1_5,9188,44,14,budget,0,97,true,5,1200,130,212,0.11363636363636363,0.6590909090909091,0.20454545454545456,0.022727272727272728,0,9,9,normal,false,5,22,278,4635,2520,1755,0,true,true,true,0,0,9188,44,0,
1623,tempted_1_5,6103,40,10,budget,0,81,true,6,2470,102,139,0.05,0.925,0.025,0,0,6,1,normal,false,5,17,153,3350,2600,0,0,false,false,false,0,0,6103,40,0,
1624,tempted_1_5,3100,30,0,budget,0,61,true,4,940,63,122,0.26666666666666666,0.7333333333333333,0,0,0,1,7,crash,false,9,6,415,2685,0,0,0,false,false,false,0,0,3100,30,0,
1625,tempted_1_5,12779,63,33,budget,1,100,true,4,1300,202,263,0.06349206349206349,0.5873015873015873,0.2222222222222222,0.047619047619047616,0.07936507936507936,14,4,normal,false,7,36,289,4620,3050,1560,3260,false,true,false,3620,5,9159,58,1,6
1626,tempted_1_5,4168,34,4,budget,0,97,true,4,930,81,129,0.17647058823529413,0.7352941176470589,0.058823529411764705,0.029411764705882353,0,4,4,crash,false,4,13,233,2450,360,1125,0,true,true,false,0,0,4168,34,0,
1627,tempted_1_5,7101,41,11,budget,1,100,true,6,940,114,169,0.24390243902439024,0.5853658536585366,0.024390243902439025,0.024390243902439025,0.12195121951219512,6,5,normal,false,4,21,301,3670,990,360,1780,false,false,true,1620,5,5481,36,1,2
1628,tempted_1_5,1738,30,0,budget,0,50,true,5,448,44,109,0.7,0.3,0,0,0,5,5,crash,false,6,7,1168,570,0,0,0,false,false,false,0,0,1738,30,0,
1629,tempted_1_5,3510,30,0,budget,0,69,true,5,1050,81,106,0.03333333333333333,0.9666666666666667,0,0,0,1,22,normal,false,7,9,60,3450,0,0,0,false,false,true,0,0,3510,30,0,
1630,tempted_1_5,3740,13,0,lock,0,66,true,6,1590,46,94,0.15384615384615385,0.8461538461538461,0,0,0,2,9,normal,false,2,6,135,3605,0,0,0,false,false,false,0,0,3740,13,0,
1631,tempted_1_5,2649,30,0,budget,0,67,true,4,435,78,112,0.26666666666666666,0.7333333333333333,0,0,0,3,4,normal,false,6,11,374,2275,0,0,0,false,false,false,0,0,2649,30,0,
1632,tempted_1_5,4232,30,0,budget,0,59,true,6,710,95,179,0.6333333333333333,0.36666666666666664,0,0,0,3,8,crash,false,6,11,1962,2270,0,0,0,false,false,true,0,0,4232,30,0,
1633,tempted_1_5,3620,30,0,budget,0,66,true,5,660,77,110,0.06666666666666667,0.9333333333333333,0,0,0,2,6,normal,false,5,11,75,3545,0,0,0,false,false,false,0,0,3620,30,0,
1634,tempted_1_5,34760,115,85,budget,5,100,true,5,3240,360,466,0,0.5391304347826087,0.19130434782608696,0.05217391304347826,0.21739130434782608,27,1,normal,false,8,66,120,7380,4550,3030,19680,false,true,false,15730,25,19030,90,4,2|7|3|3
1635,tempted_1_5,21310,66,36,budget,2,100,false,6,3920,241,292,0,0.6060606060606061,0.22727272727272727,0.015151515151515152,0.15151515151515152,12,5,normal,false,6,32,0,4465,4650,1395,10800,false,true,false,9060,10,12250,56,1,3
1636,tempted_1_5,3011,30,0,budget,0,64,true,4,660,83,115,0.16666666666666666,0.8333333333333334,0,0,0,2,9,normal,false,8,8,286,2725,0,0,0,false,false,false,0,0,3011,30,0,
1637,tempted_1_5,7385,46,16,budget,0,91,false,8,2215,151,192,0,0.9130434782608695,0.06521739130434782,0.021739130434782608,0,6,7,normal,false,6,22,0,6540,710,135,0,true,false,false,0,0,7385,46,0,
1638,tempted_1_5,2650,30,0,budget,0,50,true,4,505,68,114,0.26666666666666666,0.7333333333333333,0,0,0,4,12,normal,false,4,13,570,2080,0,0,0,false,false,true,0,0,2650,30,0,
1639,tempted_1_5,2135,30,0,budget,0,67,true,3,280,61,107,0.4,0.6,0,0,0,3,16,normal,false,6,8,435,1700,0,0,0,false,false,true,0,0,2135,30,0,
1640,tempted_1_5,2522,30,0,budget,0,52,true,3,365,73,112,0.3333333333333333,0.6666666666666666,0,0,0,3,10,normal,false,6,10,492,2030,0,0,0,false,false,true,0,0,2522,30,0,
1641,tempted_1_5,2823,30,0,budget,0,62,true,3,380,93,120,0.2,0.8,0,0,0,3,5,normal,false,4,14,298,2525,0,0,0,false,false,false,0,0,2823,30,0,
1642,tempted_1_5,3134,30,0,budget,0,53,true,6,466,75,138,0.36666666666666664,0.6333333333333333,0,0,0,3,11,crash,false,4,10,809,2325,0,0,0,false,false,false,0,0,3134,30,0,
1643,tempted_1_5,4389,32,2,budget,0,82,true,5,680,90,142,0.15625,0.8125,0.03125,0,0,3,5,normal,false,6,11,284,3385,720,0,0,false,false,false,0,0,4389,32,0,
1644,tempted_1_5,3717,32,2,budget,0,72,true,3,330,94,143,0.21875,0.75,0.03125,0,0,3,7,crash,false,5,13,547,3050,120,0,0,false,false,false,0,0,3717,32,0,
1645,tempted_1_5,3750,32,2,budget,0,80,false,5,720,85,116,0,0.96875,0.03125,0,0,1,22,normal,false,7,12,0,3660,90,0,0,false,false,true,0,0,3750,32,0,
1646,tempted_1_5,24340,85,55,budget,3,100,false,4,2820,275,364,0,0.5058823529411764,0.27058823529411763,0.047058823529411764,0.17647058823529413,17,4,normal,false,5,44,0,4095,6550,2175,11520,false,true,true,12260,15,12080,70,3,2|3|7
1647,tempted_1_5,12643,47,17,budget,1,100,true,6,2300,147,217,0.23404255319148937,0.5319148936170213,0.1276595744680851,0,0.10638297872340426,9,10,normal,false,4,24,613,2940,2680,1350,5060,false,false,false,2920,5,9723,42,1,2
1648,tempted_1_5,4690,32,2,budget,0,75,true,6,1305,99,141,0.0625,0.875,0.0625,0,0,3,3,normal,false,11,10,230,4190,270,0,0,false,false,false,0,0,4690,32,0,
1649,tempted_1_5,17191,61,31,budget,3,100,true,4,2400,180,272,0.18032786885245902,0.39344262295081966,0.11475409836065574,0.06557377049180328,0.2459016393442623,13,5,normal,false,5,30,496,3455,1000,2100,10140,false,false,false,7560,15,9631,46,3,2|6|4
1650,tempted_1_5,5860,38,8,budget,0,92,true,6,1650,106,170,0.34210526315789475,0.5526315789473685,0.07894736842105263,0.02631578947368421,0,5,2,normal,false,8,17,745,2605,2330,180,0,true,false,true,0,0,5860,38,0,
1651,tempted_1_5,3042,30,0,budget,0,60,true,3,340,89,148,0.3,0.7,0,0,0,3,9,normal,false,6,14,947,2095,0,0,0,false,false,true,0,0,3042,30,0,
1652,tempted_1_5,3593,28,6,lock,0,99,true,3,1230,69,84,0.07142857142857142,0.75,0.10714285714285714,0.07142857142857142,0,4,6,normal,false,5,11,98,1340,790,1365,0,true,true,false,0,0,3593,28,0,
1653,tempted_1_5,10950,48,18,budget,0,94,false,5,1820,167,240,0,0.8125,0.16666666666666666,0.020833333333333332,0,8,8,normal,false,5,22,0,5025,5790,135,0,true,false,false,0,0,10950,48,0,
1654,tempted_1_5,2628,30,0,budget,0,68,true,3,330,86,114,0.3,0.7,0,0,0,4,16,normal,false,5,11,398,2230,0,0,0,false,false,true,0,0,2628,30,0,
1655,tempted_1_5,4778,38,8,budget,0,93,true,4,765,92,161,0.15789473684210525,0.7105263157894737,0.07894736842105263,0.05263157894736842,0,7,5,crash,false,6,16,313,3025,720,720,0,true,false,false,0,0,4778,38,0,
1656,tempted_1_5,12799,50,20,budget,2,100,true,5,1800,163,227,0.14,0.58,0.04,0.04,0.2,9,12,normal,false,6,25,609,4045,2640,345,5160,false,true,true,5045,10,7754,40,2,2|3
1657,tempted_1_5,5923,46,16,budget,0,97,true,3,660,122,182,0.08695652173913043,0.7608695652173914,0.10869565217391304,0.043478260869565216,0,9,14,normal,false,6,21,303,3530,1670,420,0,true,true,false,0,0,5923,46,0,
1658,tempted_1_5,3046,32,2,budget,0,76,true,4,375,80,108,0.125,0.84375,0.03125,0,0,2,11,normal,false,5,11,76,2880,90,0,0,false,false,false,0,0,3046,32,0,
1659,tempted_1_5,8345,53,26,lock,0,90,true,5,1740,155,209,0.09433962264150944,0.7169811320754716,0.16981132075471697,0.018867924528301886,0,16,1,normal,false,6,23,135,4305,3770,135,0,true,false,false,0,0,8345,53,0,
1660,tempted_1_5,10345,61,31,budget,1,100,true,5,1005,172,233,0.14754098360655737,0.45901639344262296,0.26229508196721313,0.04918032786885246,0.08196721311475409,15,1,normal,false,5,30,665,3055,2840,1965,1820,false,true,false,1840,5,8505,56,1,8
1661,tempted_1_5,9861,51,21,budget,1,100,true,4,1100,157,209,0.0784313725490196,0.6862745098039216,0.09803921568627451,0.0392156862745098,0.09803921568627451,8,9,normal,false,5,25,321,4495,1440,945,2660,false,true,false,3005,5,6856,46,1,5
1662,tempted_1_5,3141,30,0,budget,0,66,true,5,600,79,120,0.23333333333333334,0.7666666666666667,0,0,0,2,25,normal,false,3,13,326,2815,0,0,0,false,false,true,0,0,3141,30,0,
1663,tempted_1_5,17198,45,15,budget,1,100,true,7,6320,156,223,0.15555555555555556,0.5333333333333333,0.13333333333333333,0.06666666666666667,0.1111111111111111,7,9,normal,false,4,26,313,3720,2580,765,9820,false,true,false,3600,5,13598,40,1,9
1664,tempted_1_5,3468,32,2,budget,0,71,true,4,370,91,132,0.0625,0.9375,0,0,0,2,20,normal,false,6,12,273,3195,0,0,0,false,false,false,0,0,3468,32,0,
1665,tempted_1_5,5579,38,8,budget,0,84,true,5,1095,127,176,0.07894736842105263,0.8421052631578947,0.07894736842105263,0,0,4,7,normal,false,6,11,144,4655,780,0,0,false,false,true,0,0,5579,38,0,
1666,tempted_1_5,22400,89,59,budget,3,100,true,4,1620,306,394,0.06741573033707865,0.4606741573033708,0.24719101123595505,0.056179775280898875,0.16853932584269662,23,1,normal,false,5,49,560,5045,5960,1935,8900,false,false,false,8920,15,13480,74,3,9|2|3
1667,tempted_1_5,3068,30,0,budget,0,68,true,4,530,73,115,0.06666666666666667,0.9333333333333333,0,0,0,0,-1,crash,false,3,11,53,3015,0,0,0,false,false,false,0,0,3068,30,0,
1668,tempted_1_5,3610,30,0,budget,0,68,true,4,455,81,148,0.2,0.8,0,0,0,3,6,normal,false,5,12,785,2825,0,0,0,false,false,true,0,0,3610,30,0,
1669,tempted_1_5,3937,30,0,budget,0,63,true,4,850,92,131,0.26666666666666666,0.7333333333333333,0,0,0,3,9,normal,false,5,11,542,3395,0,0,0,false,false,false,0,0,3937,30,0,
1670,tempted_1_5,3870,32,2,budget,0,82,true,3,890,91,129,0.1875,0.8125,0,0,0,5,8,normal,false,5,12,340,2720,810,0,0,false,false,false,0,0,3870,32,0,
1671,tempted_1_5,11794,39,9,budget,1,100,true,7,5200,150,195,0.1282051282051282,0.6923076923076923,0.05128205128205128,0,0.1282051282051282,5,12,normal,false,5,18,309,4435,190,0,6860,false,false,false,6080,5,5714,34,1,2
1672,tempted_1_5,6127,36,6,budget,0,76,true,4,1150,120,184,0.2222222222222222,0.7222222222222222,0.05555555555555555,0,0,4,1,crash,false,3,17,517,4370,1240,0,0,false,false,false,0,0,6127,36,0,
1673,tempted_1_5,4888,36,6,budget,0,73,true,4,525,119,166,0.1388888888888889,0.8333333333333334,0.027777777777777776,0,0,5,1,normal,false,6,16,233,4475,180,0,0,false,false,true,0,0,4888,36,0,
1674,tempted_1_5,4107,32,2,budget,0,70,true,4,590,84,160,0.34375,0.65625,0,0,0,8,1,crash,false,4,17,837,2730,540,0,0,false,false,false,0,0,4107,32,0,
1675,tempted_1_5,2052,30,0,budget,0,50,true,4,530,49,108,0.43333333333333335,0.5666666666666667,0,0,0,4,11,normal,false,5,10,607,1445,0,0,0,false,false,false,0,0,2052,30,0,
1676,tempted_1_5,3735,30,0,budget,0,55,true,6,1110,74,115,0.13333333333333333,0.8666666666666667,0,0,0,4,6,normal,false,5,10,120,3615,0,0,0,false,false,true,0,0,3735,30,0,
1677,tempted_1_5,12339,61,31,budget,1,100,true,5,1080,201,278,0.06557377049180328,0.6229508196721312,0.19672131147540983,0.03278688524590164,0.08196721311475409,9,1,normal,false,9,27,554,5115,3800,1350,1520,false,false,false,2420,5,9919,56,0,
1678,tempted_1_5,7768,38,8,budget,0,88,true,6,1620,142,205,0.07894736842105263,0.8947368421052632,0,0.02631578947368421,0,4,3,crash,false,5,17,48,5710,1740,270,0,false,false,false,0,0,7768,38,0,
1679,tempted_1_5,45,1,0,lock,0,50,false,1,45,0,3,0,1,0,0,0,0,-1,normal,false,1,0,0,45,0,0,0,false,false,false,0,0,45,1,0,
1680,tempted_1_5,5340,34,4,budget,0,73,true,5,540,108,210,0.29411764705882354,0.6764705882352942,0.029411764705882353,0,0,3,20,crash,false,5,20,1125,3855,360,0,0,false,false,false,0,0,5340,34,0,
1681,tempted_1_5,10791,61,31,budget,1,100,true,4,1200,162,248,0.11475409836065574,0.6065573770491803,0.16393442622950818,0.03278688524590164,0.08196721311475409,13,7,crash,false,5,37,151,4550,2760,2250,1080,false,false,false,1975,5,8816,56,0,
1682,tempted_1_5,5204,32,2,budget,0,75,true,6,1260,97,147,0.1875,0.75,0.0625,0,0,2,5,crash,false,5,13,174,4730,300,0,0,false,false,false,0,0,5204,32,0,
1683,tempted_1_5,3176,30,0,budget,0,50,true,4,480,63,127,0.4666666666666667,0.5333333333333333,0,0,0,4,12,normal,false,7,11,481,2695,0,0,0,false,false,false,0,0,3176,30,0,
1684,tempted_1_5,3635,32,2,budget,0,70,true,5,600,74,147,0.5625,0.4375,0,0,0,3,3,crash,false,9,9,795,2840,0,0,0,false,false,false,0,0,3635,32,0,
1685,tempted_1_5,5880,42,12,budget,0,92,true,5,1095,119,149,0,0.9047619047619048,0.09523809523809523,0,0,5,26,normal,false,4,18,30,4365,540,945,0,true,false,true,0,0,5880,42,0,
1686,tempted_1_5,2522,30,0,budget,0,50,true,3,255,62,133,0.4,0.6,0,0,0,3,18,normal,false,4,14,792,1730,0,0,0,false,false,true,0,0,2522,30,0,
1687,tempted_1_5,5141,46,16,budget,0,91,true,4,540,116,152,0.10869565217391304,0.7391304347826086,0.13043478260869565,0.021739130434782608,0,7,1,normal,false,6,14,151,3625,1230,135,0,true,false,false,0,0,5141,46,0,
1688,tempted_1_5,9866,47,17,budget,1,100,true,4,1140,149,238,0.19148936170212766,0.6170212765957447,0.06382978723404255,0.02127659574468085,0.10638297872340426,8,7,crash,false,5,24,426,5240,1050,270,2880,false,false,false,2800,5,7066,42,1,3
1689,tempted_1_5,19565,83,53,budget,3,100,true,8,2130,255,340,0,0.6024096385542169,0.1686746987951807,0.04819277108433735,0.18072289156626506,18,9,normal,false,7,40,195,7210,3660,1980,6520,false,true,false,6540,15,13025,68,2,3|3
1690,tempted_1_5,873,11,0,lock,0,56,true,2,260,19,40,0.2727272727272727,0.7272727272727273,0,0,0,1,4,crash,false,4,3,63,810,0,0,0,false,false,false,0,0,873,11,0,
1691,tempted_1_5,7447,41,11,budget,1,100,true,6,1575,120,172,0.3170731707317073,0.4146341463414634,0.12195121951219512,0.024390243902439025,0.12195121951219512,6,1,normal,false,7,13,607,3975,900,225,1740,false,false,true,1660,5,5787,36,1,5
1692,tempted_1_5,392,8,0,lock,0,50,true,2,135,3,28,0.75,0.25,0,0,0,0,-1,crash,false,8,0,107,285,0,0,0,false,false,false,0,0,392,8,0,
1693,tempted_1_5,4639,36,6,budget,0,78,true,5,730,96,145,0.16666666666666666,0.8055555555555556,0.027777777777777776,0,0,5,1,normal,false,5,14,434,3035,1170,0,0,false,false,true,0,0,4639,36,0,
1694,tempted_1_5,5133,36,6,budget,0,80,true,5,790,114,185,0.1388888888888889,0.8333333333333334,0.027777777777777776,0,0,6,7,normal,false,6,15,328,4715,90,0,0,false,false,false,0,0,5133,36,0,
1695,tempted_1_5,3858,30,0,budget,0,65,true,4,545,97,137,0.13333333333333333,0.8666666666666667,0,0,0,2,20,normal,false,5,16,258,3600,0,0,0,false,false,true,0,0,3858,30,0,
1696,tempted_1_5,9897,52,22,budget,0,97,true,5,1940,139,273,0.36538461538461536,0.4423076923076923,0.19230769230769232,0,0,11,2,crash,false,8,21,1597,3310,2920,2070,0,true,true,true,0,0,9897,52,0,
1697,tempted_1_5,2805,16,8,lock,0,86,false,4,595,56,72,0,0.8125,0.1875,0,0,3,1,normal,false,4,7,0,1965,840,0,0,false,false,false,0,0,2805,16,0,
1698,tempted_1_5,5001,36,6,budget,0,92,true,4,600,93,141,0.16666666666666666,0.7222222222222222,0.05555555555555555,0.05555555555555555,0,5,8,normal,false,6,10,256,2795,840,1110,0,true,false,true,0,0,5001,36,0,
1699,tempted_1_5,2508,30,0,budget,0,66,true,4,520,78,111,0.3333333333333333,0.6666666666666666,0,0,0,3,9,normal,false,5,11,598,1910,0,0,0,false,false,true,0,0,2508,30,0,
1700,tempted_1_5,8963,41,11,budget,1,100,true,5,1740,136,188,0.07317073170731707,0.7804878048780488,0.024390243902439025,0,0.12195121951219512,3,1,crash,false,6,17,173,4560,390,360,3480,false,false,false,3780,5,5183,36,0,
1701,tempted_1_5,11283,61,31,budget,1,100,true,5,1255,178,229,0.06557377049180328,0.5245901639344263,0.29508196721311475,0.03278688524590164,0.08196721311475409,14,2,normal,false,5,24,98,3925,4200,1440,1620,false,true,false,1320,5,9963,56,1,5
1702,tempted_1_5,960,7,2,lock,0,76,false,3,360,20,25,0,0.7142857142857143,0.2857142857142857,0,0,1,3,normal,false,2,3,0,510,450,0,0,false,false,true,0,0,960,7,0,
1703,tempted_1_5,2537,30,0,budget,0,60,true,3,315,66,108,0.3,0.7,0,0,0,3,14,normal,false,6,11,312,2225,0,0,0,false,false,false,0,0,2537,30,0,
1704,tempted_1_5,14410,79,49,budget,1,100,true,6,1440,227,309,0.012658227848101266,0.6582278481012658,0.24050632911392406,0.02531645569620253,0.06329113924050633,19,15,normal,false,6,38,25,6600,3960,1485,2340,false,false,false,3090,5,11320,74,1,2
1705,tempted_1_5,4241,30,0,budget,0,54,true,7,1043,91,149,0.2,0.8,0,0,0,3,16,normal,false,4,13,426,3815,0,0,0,false,false,true,0,0,4241,30,0,
1706,tempted_1_5,3416,32,2,budget,0,75,true,3,335,86,122,0.1875,0.78125,0.03125,0,0,4,7,normal,false,3,17,201,2855,360,0,0,false,false,true,0,0,3416,32,0,
1707,tempted_1_5,8485,44,14,budget,0,97,true,5,1770,130,181,0.022727272727272728,0.8181818181818182,0.13636363636363635,0.022727272727272728,0,5,2,normal,false,8,14,60,3330,4600,495,0,true,true,false,0,0,8485,44,0,
1708,tempted_1_5,7260,40,10,budget,0,93,true,7,1170,128,180,0.025,0.875,0.1,0,0,4,12,normal,false,5,19,35,5070,760,1395,0,true,false,true,0,0,7260,40,0,
1709,tempted_1_5,3856,32,2,budget,0,84,true,5,970,88,120,0.15625,0.8125,0.03125,0,0,4,6,normal,false,5,15,166,3540,150,0,0,false,false,true,0,0,3856,32,0,
1710,tempted_1_5,19839,58,28,budget,2,100,true,7,5100,167,253,0.1206896551724138,0.5862068965517241,0.10344827586206896,0.017241379310344827,0.1724137931034483,11,1,crash,false,5,25,144,3115,2760,420,13400,false,false,false,7100,10,12739,48,2,2|2
1711,tempted_1_5,2363,30,0,budget,0,59,true,3,300,68,96,0.23333333333333334,0.7666666666666667,0,0,0,4,7,normal,false,4,11,153,2210,0,0,0,false,false,false,0,0,2363,30,0,
1712,tempted_1_5,4144,30,0,budget,0,53,true,6,950,89,143,0.2,0.8,0,0,0,3,7,normal,false,4,14,304,3840,0,0,0,false,false,true,0,0,4144,30,0,
1713,tempted_1_5,3339,32,2,budget,0,72,true,4,450,87,147,0.34375,0.625,0.03125,0,0,4,2,crash,false,4,16,849,2370,120,0,0,false,false,true,0,0,3339,32,0,
1714,tempted_1_5,14803,58,28,budget,2,100,true,4,1505,186,250,0.1724137931034483,0.41379310344827586,0.1724137931034483,0.06896551724137931,0.1724137931034483,10,2,crash,false,15,27,363,3315,2790,2775,5560,false,true,false,4360,10,10443,48,2,7|2
1715,tempted_1_5,4760,36,6,budget,0,80,true,4,590,109,142,0.027777777777777776,0.9166666666666666,0.05555555555555555,0,0,4,9,normal,false,3,19,20,3930,810,0,0,false,false,true,0,0,4760,36,0,
1716,tempted_1_5,3588,30,0,budget,0,53,true,4,665,79,145,0.36666666666666664,0.6333333333333333,0,0,0,2,6,normal,false,4,16,423,3165,0,0,0,false,false,true,0,0,3588,30,0,
1717,tempted_1_5,8937,47,17,budget,1,100,true,5,2520,142,202,0.14893617021276595,0.6808510638297872,0.06382978723404255,0,0.10638297872340426,10,1,normal,false,6,22,652,3555,510,180,4040,false,false,false,3920,5,5017,42,1,2
1718,tempted_1_5,20156,67,45,lock,3,100,true,7,3925,221,295,0.05970149253731343,0.3880597014925373,0.22388059701492538,0.1044776119402985,0.22388059701492538,17,1,normal,false,6,40,131,4375,3190,6480,5980,false,true,false,5600,15,14556,52,3,3|3|10
1719,tempted_1_5,4619,32,2,budget,0,78,true,6,990,94,138,0.25,0.71875,0.03125,0,0,2,1,normal,false,12,10,609,3830,180,0,0,false,false,false,0,0,4619,32,0,
1720,tempted_1_5,2546,30,0,budget,0,52,true,3,330,57,139,0.6,0.4,0,0,0,4,6,crash,false,6,11,1031,1515,0,0,0,false,false,false,0,0,2546,30,0,
1721,tempted_1_5,2506,30,0,budget,0,68,true,3,650,74,110,0.3,0.7,0,0,0,3,9,normal,false,6,12,286,2220,0,0,0,false,false,true,0,0,2506,30,0,
1722,tempted_1_5,14823,63,33,budget,1,100,true,6,1680,229,293,0.047619047619047616,0.6507936507936508,0.19047619047619047,0.031746031746031744,0.07936507936507936,11,13,normal,false,9,32,63,7610,2020,2250,2880,false,false,false,3810,5,11013,58,1,2
1723,tempted_1_5,3951,30,0,budget,0,63,true,4,530,95,142,0.16666666666666666,0.8333333333333334,0,0,0,3,10,normal,false,5,12,431,3520,0,0,0,false,false,false,0,0,3951,30,0,
1724,tempted_1_5,3630,32,2,budget,0,75,true,5,915,86,114,0,0.96875,0.03125,0,0,1,21,normal,false,6,12,135,3405,90,0,0,false,false,true,0,0,3630,32,0,
1725,tempted_1_5,2947,30,0,budget,0,67,true,4,448,68,155,0.5333333333333333,0.4666666666666667,0,0,0,3,9,crash,false,6,12,1252,1695,0,0,0,false,false,false,0,0,2947,30,0,
1726,tempted_1_5,23244,81,51,budget,3,100,true,7,3840,259,373,0.18518518518518517,0.35802469135802467,0.2345679012345679,0.037037037037037035,0.18518518518518517,21,9,normal,false,7,39,569,5850,4640,2865,9320,false,true,false,8960,15,14284,66,3,2|3|2
1727,tempted_1_5,7434,44,14,budget,0,98,true,4,900,147,196,0.09090909090909091,0.7045454545454546,0.1590909090909091,0.045454545454545456,0,7,10,normal,false,4,20,134,3950,1580,1770,0,true,true,false,0,0,7434,44,0,
1728,tempted_1_5,1945,30,0,budget,0,53,true,4,300,60,93,0.3333333333333333,0.6666666666666666,0,0,0,4,7,normal,false,4,11,570,1375,0,0,0,false,false,false,0,0,1945,30,0,
1729,tempted_1_5,4643,34,4,budget,0,76,true,6,930,91,141,0.11764705882352941,0.8529411764705882,0.029411764705882353,0,0,5,9,normal,false,6,15,133,4240,270,0,0,false,false,false,0,0,4643,34,0,
1730,tempted_1_5,3597,30,0,budget,0,63,true,6,890,72,128,0.5,0.5,0,0,0,6,5,normal,false,4,12,697,2900,0,0,0,false,false,true,0,0,3597,30,0,
1731,tempted_1_5,2295,30,0,budget,0,50,true,4,635,64,109,0.6,0.4,0,0,0,6,10,normal,false,7,10,765,1530,0,0,0,false,false,true,0,0,2295,30,0,
1732,tempted_1_5,9537,43,13,budget,1,100,true,5,1910,132,190,0.13953488372093023,0.6744186046511628,0.06976744186046512,0,0.11627906976744186,6,4,normal,false,8,16,632,4575,330,540,3460,false,false,false,2790,5,6747,38,1,2
1733,tempted_1_5,2254,26,0,lock,0,50,true,3,335,61,103,0.3076923076923077,0.6923076923076923,0,0,0,2,10,normal,false,7,8,329,1925,0,0,0,false,false,true,0,0,2254,26,0,
1734,tempted_1_5,1405,14,16,lock,0,88,false,2,260,34,40,0,0.7857142857142857,0.14285714285714285,0.07142857142857142,0,7,2,normal,false,1,10,0,700,480,225,0,false,false,false,0,0,1405,14,0,
1735,tempted_1_5,4136,34,4,budget,0,84,true,4,785,86,149,0.17647058823529413,0.7941176470588235,0.029411764705882353,0,0,4,11,normal,false,4,14,281,3375,480,0,0,false,false,false,0,0,4136,34,0,
1736,tempted_1_5,4983,34,4,budget,0,82,true,4,860,99,162,0.058823529411764705,0.9411764705882353,0,0,0,3,9,normal,false,11,17,388,3845,750,0,0,false,false,true,0,0,4983,34,0,
1737,tempted_1_5,4303,30,0,budget,0,53,true,8,1156,73,131,0.3,0.7,0,0,0,4,5,crash,false,6,11,903,3400,0,0,0,false,false,false,0,0,4303,30,0,
1738,tempted_1_5,4246,30,0,budget,0,68,true,4,450,80,167,0.4,0.6,0,0,0,3,4,normal,false,3,15,736,3510,0,0,0,false,false,true,0,0,4246,30,0,
1739,tempted_1_5,3326,30,0,budget,0,69,true,4,490,86,135,0.26666666666666666,0.7333333333333333,0,0,0,3,17,normal,false,4,12,626,2700,0,0,0,false,false,false,0,0,3326,30,0,
1740,tempted_1_5,3663,30,0,budget,0,63,true,3,330,100,129,0.1,0.9,0,0,0,2,16,normal,false,3,14,258,3405,0,0,0,false,false,true,0,0,3663,30,0,
1741,tempted_1_5,2949,30,0,budget,0,57,true,4,545,79,129,0.36666666666666664,0.6333333333333333,0,0,0,4,18,normal,false,8,13,549,2400,0,0,0,false,false,true,0,0,2949,30,0,
1742,tempted_1_5,7641,55,25,budget,1,100,true,4,690,138,223,0.2,0.5454545454545454,0.16363636363636364,0,0.09090909090909091,8,6,crash,false,7,22,586,3445,1640,450,1520,false,true,false,1360,5,6281,50,1,2
1743,tempted_1_5,5650,39,9,budget,1,100,true,5,780,104,156,0.23076923076923078,0.5897435897435898,0.05128205128205128,0,0.1282051282051282,6,1,normal,false,6,16,645,3205,280,0,1520,false,false,true,1440,5,4210,34,1,2
1744,tempted_1_5,15460,46,16,budget,2,100,true,5,2580,185,229,0.021739130434782608,0.5869565217391305,0.17391304347826086,0,0.21739130434782608,6,8,normal,false,6,25,80,4520,1250,630,8980,false,false,true,6720,10,8740,36,2,2|5
1745,tempted_1_5,4270,40,10,budget,0,81,true,4,540,108,164,0.1,0.85,0.05,0,0,8,5,crash,false,6,20,375,3715,180,0,0,false,false,true,0,0,4270,40,0,
1746,tempted_1_5,6054,46,16,budget,0,88,true,4,750,134,194,0.10869565217391304,0.8043478260869565,0.06521739130434782,0.021739130434782608,0,9,1,normal,false,6,21,254,3695,1970,135,0,false,false,true,0,0,6054,46,0,
1747,tempted_1_5,2465,30,0,budget,0,66,true,3,255,69,89,0.03333333333333333,0.9666666666666667,0,0,0,1,22,normal,false,8,11,25,2440,0,0,0,false,false,false,0,0,2465,30,0,
1748,tempted_1_5,3764,23,6,lock,0,72,true,7,1335,65,118,0.30434782608695654,0.6956521739130435,0,0,0,5,1,normal,false,4,11,594,2810,360,0,0,false,false,true,0,0,3764,23,0,
1749,tempted_1_5,3565,30,0,budget,0,66,true,4,1185,67,145,0.5333333333333333,0.4666666666666667,0,0,0,3,11,crash,false,3,12,870,2695,0,0,0,false,false,true,0,0,3565,30,0,
1750,tempted_1_5,4538,30,0,budget,0,57,true,6,1235,92,142,0.23333333333333334,0.7666666666666667,0,0,0,3,10,normal,false,3,12,263,4275,0,0,0,false,false,true,0,0,4538,30,0,
1751,tempted_1_5,3393,34,4,budget,0,80,true,5,775,73,131,0.35294117647058826,0.6176470588235294,0.029411764705882353,0,0,4,3,crash,false,5,13,493,2810,90,0,0,false,false,false,0,0,3393,34,0,
1752,tempted_1_5,6961,41,11,budget,1,100,true,4,1940,91,139,0.17073170731707318,0.6341463414634146,0.07317073170731707,0,0.12195121951219512,6,7,crash,false,6,17,301,2210,310,1800,2340,false,false,true,3920,5,3041,36,1,3
1753,tempted_1_5,3921,30,0,budget,0,63,true,6,1370,83,144,0.3,0.7,0,0,0,4,10,normal,false,4,14,461,3460,0,0,0,false,false,false,0,0,3921,30,0,
1754,tempted_1_5,16390,56,26,budget,2,100,true,6,4180,194,251,0.125,0.5892857142857143,0.07142857142857142,0.03571428571428571,0.17857142857142858,10,5,normal,false,6,24,470,5730,1970,720,7500,false,false,false,7370,10,9020,46,1,3
1755,tempted_1_5,6293,42,12,budget,0,92,true,4,580,136,171,0.047619047619047616,0.7619047619047619,0.16666666666666666,0.023809523809523808,0,7,15,normal,false,6,20,248,4165,1610,270,0,true,false,false,0,0,6293,42,0,
1756,tempted_1_5,5636,32,2,budget,0,74,true,6,1805,91,172,0.1875,0.8125,0,0,0,3,9,crash,false,4,19,96,5360,180,0,0,false,false,false,0,0,5636,32,0,
1757,tempted_1_5,4601,38,8,budget,0,83,true,4,480,110,147,0.10526315789473684,0.7894736842105263,0.10526315789473684,0,0,6,1,normal,false,5,15,166,3685,750,0,0,false,false,true,0,0,4601,38,0,
1758,tempted_1_5,8525,30,0,budget,0,57,true,10,3290,117,208,0.4,0.6,0,0,0,5,8,normal,false,5,13,1100,7425,0,0,0,false,false,true,0,0,8525,30,0,
1759,tempted_1_5,3351,30,0,budget,0,59,true,5,895,75,123,0.4,0.6,0,0,0,5,8,normal,false,7,7,406,2945,0,0,0,false,false,true,0,0,3351,30,0,
1760,tempted_1_5,11974,50,20,budget,2,100,true,6,1875,170,236,0.1,0.6,0.1,0,0.2,5,5,crash,false,4,21,499,5450,1120,1845,3060,false,false,true,3715,10,8259,40,1,4
1761,tempted_1_5,2929,30,0,budget,0,50,true,4,395,76,126,0.36666666666666664,0.6333333333333333,0,0,0,5,10,normal,false,4,14,609,2320,0,0,0,false,false,true,0,0,2929,30,0,
1762,tempted_1_5,10600,61,31,budget,1,100,true,4,1500,186,238,0.16393442622950818,0.5737704918032787,0.13114754098360656,0.04918032786885246,0.08196721311475409,11,15,normal,false,8,30,440,3975,1570,1515,3100,false,true,true,3160,5,7440,56,1,4
1763,tempted_1_5,5486,38,8,budget,0,86,true,4,750,117,160,0.07894736842105263,0.7894736842105263,0.13157894736842105,0,0,5,9,normal,false,9,15,216,4120,1150,0,0,false,false,true,0,0,5486,38,0,
1764,tempted_1_5,3324,32,2,budget,0,80,true,3,500,71,120,0.3125,0.6875,0,0,0,6,8,crash,false,5,13,429,2445,450,0,0,false,false,false,0,0,3324,32,0,
1765,tempted_1_5,5499,30,0,budget,0,63,true,7,1405,97,187,0.4,0.6,0,0,0,4,6,normal,false,3,12,644,4855,0,0,0,false,false,false,0,0,5499,30,0,
1766,tempted_1_5,12556,49,19,budget,1,100,true,5,2960,153,208,0.12244897959183673,0.6122448979591837,0.12244897959183673,0.04081632653061224,0.10204081632653061,10,1,crash,false,6,25,156,3145,3200,2895,3160,false,true,false,2980,5,9576,44,1,3
1767,tempted_1_5,3743,38,8,budget,0,73,true,5,351,86,145,0.23684210526315788,0.7631578947368421,0,0,0,7,8,crash,false,5,17,588,2795,360,0,0,false,false,false,0,0,3743,38,0,
1768,tempted_1_5,2472,30,0,budget,0,50,true,3,355,64,118,0.3,0.7,0,0,0,3,13,crash,false,5,10,192,2280,0,0,0,false,false,false,0,0,2472,30,0,
1769,tempted_1_5,3316,30,0,budget,0,54,true,4,515,74,128,0.16666666666666666,0.8333333333333334,0,0,0,4,11,normal,false,5,14,261,3055,0,0,0,false,false,true,0,0,3316,30,0,
1770,tempted_1_5,6272,50,20,budget,0,90,true,5,560,141,185,0.16,0.68,0.14,0.02,0,11,3,normal,false,6,21,752,3405,1980,135,0,true,false,true,0,0,6272,50,0,
1771,tempted_1_5,7508,41,11,budget,1,100,true,6,1980,112,192,0.2682926829268293,0.5121951219512195,0.0975609756097561,0,0.12195121951219512,7,1,crash,false,6,17,998,2400,870,0,3240,false,false,false,2940,5,4568,36,1,2
1772,tempted_1_5,2774,30,0,budget,0,53,true,4,645,71,121,0.43333333333333335,0.5666666666666667,0,0,0,2,10,normal,false,8,7,719,2055,0,0,0,false,false,false,0,0,2774,30,0,
1773,tempted_1_5,6537,44,14,budget,0,97,true,4,780,120,184,0.1590909090909091,0.6363636363636364,0.13636363636363635,0.06818181818181818,0,6,12,normal,false,10,20,232,3155,2070,1080,0,true,true,true,0,0,6537,44,0,
1774,tempted_1_5,6101,32,2,budget,0,76,true,6,1535,105,165,0.15625,0.84375,0,0,0,4,7,normal,false,8,13,506,4605,990,0,0,false,false,false,0,0,6101,32,0,
1775,tempted_1_5,4569,34,4,budget,0,74,true,6,1050,102,143,0.17647058823529413,0.7647058823529411,0.058823529411764705,0,0,5,1,normal,false,9,15,214,4055,300,0,0,false,false,true,0,0,4569,34,0,
1776,tempted_1_5,4111,36,6,budget,0,77,true,4,555,87,149,0.25,0.75,0,0,0,7,8,normal,false,6,20,341,2990,780,0,0,false,false,true,0,0,4111,36,0,
1777,tempted_1_5,3312,30,0,budget,0,59,true,4,380,81,133,0.3,0.7,0,0,0,4,15,normal,false,3,14,507,2805,0,0,0,false,false,true,0,0,3312,30,0,
1778,tempted_1_5,4185,34,4,budget,0,72,true,4,650,107,132,0.029411764705882353,0.9411764705882353,0.029411764705882353,0,0,3,6,normal,false,13,12,25,4040,120,0,0,false,false,true,0,0,4185,34,0,
1779,tempted_1_5,16155,60,30,budget,2,100,true,4,1860,185,250,0,0.6,0.16666666666666666,0.06666666666666667,0.16666666666666666,10,10,normal,false,7,27,30,3650,2880,1575,8020,false,true,false,7680,10,8475,50,2,8|2
1780,tempted_1_5,3748,30,0,budget,0,60,true,4,545,85,159,0.3,0.7,0,0,0,2,21,crash,false,4,13,538,3210,0,0,0,false,false,false,0,0,3748,30,0,
1781,tempted_1_5,3033,32,2,budget,0,82,true,4,630,81,121,0.4375,0.53125,0.03125,0,0,5,1,normal,false,8,9,623,1810,600,0,0,false,false,false,0,0,3033,32,0,
1782,tempted_1_5,5656,42,12,budget,0,94,true,3,1030,118,201,0.2619047619047619,0.6428571428571429,0.09523809523809523,0,0,7,8,crash,false,5,20,576,3630,640,810,0,true,false,true,0,0,5656,42,0,
1783,tempted_1_5,3138,30,0,budget,0,58,true,4,460,87,144,0.5333333333333333,0.4666666666666667,0,0,0,2,13,normal,false,5,11,943,2195,0,0,0,false,false,false,0,0,3138,30,0,
1784,tempted_1_5,3057,30,0,budget,0,50,true,4,285,83,137,0.36666666666666664,0.6333333333333333,0,0,0,5,7,normal,false,5,14,1007,2050,0,0,0,false,false,true,0,0,3057,30,0,
1785,tempted_1_5,1904,30,0,budget,0,50,true,4,333,49,102,0.5,0.5,0,0,0,3,9,crash,false,5,12,524,1380,0,0,0,false,false,false,0,0,1904,30,0,
1786,tempted_1_5,3610,30,0,budget,0,68,true,6,1160,80,124,0.3,0.7,0,0,0,1,16,normal,false,13,8,535,3075,0,0,0,false,false,true,0,0,3610,30,0,
1787,tempted_1_5,5926,48,18,budget,0,85,true,4,790,123,162,0.08333333333333333,0.75,0.16666666666666666,0,0,8,6,normal,false,10,21,206,3400,2050,270,0,false,false,true,0,0,5926,48,0,
1788,tempted_1_5,4558,32,2,budget,0,84,true,5,900,96,133,0.09375,0.875,0.03125,0,0,3,9,normal,false,3,13,118,3600,840,0,0,false,false,false,0,0,4558,32,0,
1789,tempted_1_5,3039,30,0,budget,0,52,true,3,320,77,130,0.23333333333333334,0.7666666666666667,0,0,0,3,9,normal,false,2,15,399,2640,0,0,0,false,false,false,0,0,3039,30,0,
1790,tempted_1_5,4988,40,10,budget,0,88,true,5,1050,112,147,0.075,0.775,0.125,0.025,0,8,1,normal,false,7,14,388,3035,1430,135,0,false,false,true,0,0,4988,40,0,
1791,tempted_1_5,3073,30,0,budget,0,50,true,4,490,76,133,0.4,0.6,0,0,0,5,10,normal,false,5,12,608,2465,0,0,0,false,false,true,0,0,3073,30,0,
1792,tempted_1_5,2675,30,0,budget,0,66,true,4,420,60,105,0.3,0.7,0,0,0,1,8,crash,false,7,8,295,2380,0,0,0,false,false,false,0,0,2675,30,0,
1793,tempted_1_5,4553,30,0,budget,0,64,true,6,1045,98,138,0.1,0.9,0,0,0,2,13,normal,false,6,15,163,4390,0,0,0,false,false,false,0,0,4553,30,0,
1794,tempted_1_5,4107,30,0,budget,0,67,true,6,1035,86,121,0.3,0.7,0,0,0,3,17,normal,false,4,10,292,3815,0,0,0,false,false,false,0,0,4107,30,0,
1795,tempted_1_5,8720,42,12,budget,0,82,true,7,2150,146,211,0.14285714285714285,0.7619047619047619,0.09523809523809523,0,0,10,6,normal,false,4,21,165,5665,2890,0,0,false,false,true,0,0,8720,42,0,
1796,tempted_1_5,1769,24,0,lock,0,50,true,3,275,50,81,0.2916666666666667,0.7083333333333334,0,0,0,1,18,normal,false,4,7,284,1485,0,0,0,false,false,false,0,0,1769,24,0,
1797,tempted_1_5,3891,32,2,budget,0,78,true,3,390,101,136,0.0625,0.875,0.0625,0,0,3,16,normal,false,3,18,381,3300,210,0,0,false,false,false,0,0,3891,32,0,
1798,tempted_1_5,6007,36,13,lock,1,100,true,3,1080,116,137,0.2222222222222222,0.4722222222222222,0.1111111111111111,0.05555555555555555,0.1388888888888889,5,10,keto,false,4,22,227,2715,230,375,2460,false,false,false,1620,5,4387,31,1,5
1799,tempted_1_5,4872,38,10,lock,0,89,true,5,790,110,158,0.2631578947368421,0.631578947368421,0.07894736842105263,0.02631578947368421,0,5,7,normal,false,5,17,482,3310,810,270,0,false,false,false,0,0,4872,38,0,
1800,tempted_1_5,8306,34,4,budget,0,85,true,7,2220,134,194,0.14705882352941177,0.8235294117647058,0.029411764705882353,0,0,5,6,normal,false,4,20,366,6050,1890,0,0,false,false,false,0,0,8306,34,0,
1801,tempted_1_5,3415,32,2,budget,0,78,true,5,1045,82,106,0,1,0,0,0,1,18,normal,false,10,6,60,2905,450,0,0,false,false,false,0,0,3415,32,0,
1802,tempted_1_5,3216,30,0,budget,0,69,true,4,400,88,126,0.1,0.9,0,0,0,1,10,normal,false,9,11,231,2985,0,0,0,false,false,false,0,0,3216,30,0,
1803,tempted_1_5,5786,34,4,budget,0,76,true,5,950,111,182,0.38235294117647056,0.6176470588235294,0,0,0,6,7,normal,false,5,15,731,3415,1640,0,0,false,false,false,0,0,5786,34,0,
1804,tempted_1_5,6364,36,6,budget,0,87,true,5,930,103,168,0.16666666666666666,0.7777777777777778,0.05555555555555555,0,0,4,11,normal,false,9,15,179,4595,1050,540,0,false,false,true,0,0,6364,36,0,
1805,tempted_1_5,3212,32,2,budget,0,71,true,4,515,85,134,0.34375,0.65625,0,0,0,3,5,normal,false,3,17,617,2595,0,0,0,false,false,false,0,0,3212,32,0,
1806,tempted_1_5,2605,30,0,budget,0,50,true,3,255,66,128,0.3333333333333333,0.6666666666666666,0,0,0,2,11,crash,false,5,10,615,1990,0,0,0,false,false,false,0,0,2605,30,0,
1807,tempted_1_5,2390,6,0,lock,0,54,false,6,1370,25,45,0,1,0,0,0,0,-1,normal,false,2,3,0,2390,0,0,0,false,false,false,0,0,2390,6,0,
1808,tempted_1_5,10018,45,15,budget,1,100,true,7,2090,129,177,0.26666666666666666,0.5333333333333333,0.06666666666666667,0.022222222222222223,0.1111111111111111,10,1,normal,false,4,18,318,3330,2010,240,4120,false,false,true,3480,5,6538,40,1,2
1809,tempted_1_5,3370,30,0,budget,0,50,true,5,525,76,144,0.43333333333333335,0.5666666666666667,0,0,0,4,6,normal,false,5,14,985,2385,0,0,0,false,false,true,0,0,3370,30,0,
1810,tempted_1_5,4298,30,0,budget,0,68,true,6,780,81,147,0.2,0.8,0,0,0,4,10,normal,false,4,11,288,4010,0,0,0,false,false,true,0,0,4298,30,0,
1811,tempted_1_5,4545,30,0,budget,0,52,true,5,940,102,180,0.5,0.5,0,0,0,7,4,normal,false,3,15,1065,3480,0,0,0,false,false,true,0,0,4545,30,0,
1812,tempted_1_5,14665,75,45,budget,1,100,true,6,1350,236,300,0.02666666666666667,0.68,0.17333333333333334,0.05333333333333334,0.06666666666666667,19,4,normal,false,9,40,205,7555,4370,555,1980,false,false,false,1530,5,13135,70,1,3
1813,tempted_1_5,3355,30,0,budget,0,51,true,5,800,77,115,0.13333333333333333,0.8666666666666667,0,0,0,3,6,normal,false,3,11,415,2940,0,0,0,false,false,false,0,0,3355,30,0,
1814,tempted_1_5,3887,32,2,budget,0,79,true,4,510,84,136,0.1875,0.8125,0,0,0,3,5,normal,false,6,14,377,3330,180,0,0,false,false,true,0,0,3887,32,0,
1815,tempted_1_5,3604,29,2,lock,0,76,true,4,525,89,124,0.13793103448275862,0.8275862068965517,0.034482758620689655,0,0,2,7,normal,false,2,13,264,3250,90,0,0,false,false,true,0,0,3604,29,0,
1816,tempted_1_5,4361,30,0,budget,0,55,true,4,700,101,166,0.26666666666666666,0.7333333333333333,0,0,0,5,13,crash,false,5,16,576,3785,0,0,0,false,false,true,0,0,4361,30,0,
1817,tempted_1_5,6452,38,8,budget,0,76,true,5,760,123,206,0.18421052631578946,0.7894736842105263,0.02631578947368421,0,0,7,5,normal,false,6,18,732,4580,1140,0,0,false,false,false,0,0,6452,38,0,
1818,tempted_1_5,3876,30,0,budget,0,62,true,4,580,91,148,0.26666666666666666,0.7333333333333333,0,0,0,4,11,normal,false,3,12,741,3135,0,0,0,false,false,true,0,0,3876,30,0,
1819,tempted_1_5,2701,30,0,budget,0,50,true,3,235,83,145,0.5666666666666667,0.43333333333333335,0,0,0,5,5,crash,false,7,9,1466,1235,0,0,0,false,false,true,0,0,2701,30,0,
1820,tempted_1_5,2627,32,2,budget,0,72,true,3,440,75,108,0.21875,0.75,0.03125,0,0,2,14,normal,false,7,11,277,1910,440,0,0,false,false,false,0,0,2627,32,0,
1821,tempted_1_5,3113,34,4,budget,0,71,true,5,430,82,135,0.3235294117647059,0.6764705882352942,0,0,0,5,10,normal,false,5,15,813,2300,0,0,0,false,false,true,0,0,3113,34,0,
1822,tempted_1_5,3773,32,2,budget,0,76,true,3,435,97,144,0.09375,0.875,0.03125,0,0,2,18,normal,false,5,15,113,3480,180,0,0,false,false,true,0,0,3773,32,0,
1823,tempted_1_5,2817,30,0,budget,0,50,true,4,720,56,144,0.6,0.4,0,0,0,2,19,normal,false,5,10,857,1960,0,0,0,false,false,true,0,0,2817,30,0,
1824,tempted_1_5,2500,30,0,budget,0,65,true,4,420,59,103,0.3,0.7,0,0,0,1,23,crash,false,7,8,175,2325,0,0,0,false,false,false,0,0,2500,30,0,
1825,tempted_1_5,6403,43,13,budget,1,100,true,5,720,136,175,0.11627906976744186,0.7209302325581395,0.023255813953488372,0.023255813953488372,0.11627906976744186,6,1,crash,false,6,21,198,4255,120,270,1560,false,false,false,1290,5,5113,38,1,2
1826,tempted_1_5,2849,30,0,budget,0,60,true,4,470,72,121,0.43333333333333335,0.5666666666666667,0,0,0,2,7,normal,false,10,12,759,2090,0,0,0,false,false,true,0,0,2849,30,0,
1827,tempted_1_5,3519,30,0,budget,0,66,true,4,480,84,160,0.4666666666666667,0.5333333333333333,0,0,0,4,12,normal,false,9,10,1139,2380,0,0,0,false,false,false,0,0,3519,30,0,
1828,tempted_1_5,13305,51,21,budget,1,100,true,8,4320,174,251,0,0.8431372549019608,0.058823529411764705,0,0.09803921568627451,8,1,normal,false,6,21,60,6595,3770,1260,1620,false,false,true,1640,5,11665,46,1,3
1829,tempted_1_5,5074,30,0,budget,0,69,true,7,1305,111,149,0.13333333333333333,0.8666666666666667,0,0,0,2,7,normal,false,4,13,384,4690,0,0,0,false,false,false,0,0,5074,30,0,
1830,tempted_1_5,4054,30,0,budget,0,50,true,4,620,100,168,0.3333333333333333,0.6666666666666666,0,0,0,4,9,normal,false,4,16,764,3290,0,0,0,false,false,true,0,0,4054,30,0,
1831,tempted_1_5,4400,32,2,budget,0,80,false,4,640,116,143,0,0.96875,0.03125,0,0,1,28,normal,false,7,10,0,4220,180,0,0,false,false,false,0,0,4400,32,0,
1832,tempted_1_5,2362,30,0,budget,0,59,true,3,225,74,110,0.4,0.6,0,0,0,3,8,normal,false,8,10,532,1830,0,0,0,false,false,true,0,0,2362,30,0,
1833,tempted_1_5,10862,49,19,budget,1,100,true,5,1020,173,282,0.2653061224489796,0.46938775510204084,0.12244897959183673,0.04081632653061224,0.10204081632653061,7,9,normal,false,5,27,1557,2995,2250,1320,2740,false,false,false,3070,5,7792,44,1,5
1834,tempted_1_5,22965,70,40,budget,4,100,true,5,3300,231,291,0.02857142857142857,0.4857142857142857,0.14285714285714285,0.05714285714285714,0.2857142857142857,10,3,crash,false,14,27,30,3905,2110,2460,14460,false,true,false,12490,20,10475,50,4,3|2|4|2
1835,tempted_1_5,9660,36,6,budget,0,83,false,7,2230,166,237,0,0.9444444444444444,0.05555555555555555,0,0,3,2,normal,false,6,19,0,8700,960,0,0,false,false,true,0,0,9660,36,0,
1836,tempted_1_5,12869,62,32,budget,2,100,true,5,1440,184,269,0.14516129032258066,0.46774193548387094,0.14516129032258066,0.08064516129032258,0.16129032258064516,11,5,crash,false,7,29,554,4205,3080,810,4220,false,true,false,3860,10,9009,52,2,2|7
1837,tempted_1_5,20521,48,18,budget,2,100,true,7,8400,169,242,0.10416666666666667,0.5416666666666666,0.10416666666666667,0.041666666666666664,0.20833333333333334,7,6,normal,false,4,27,486,4380,550,2625,12480,false,true,false,13545,10,6976,38,2,2|6
1838,tempted_1_5,5333,30,0,budget,0,59,true,5,1220,112,157,0.2,0.8,0,0,0,4,9,normal,false,5,14,418,4915,0,0,0,false,false,true,0,0,5333,30,0,
1839,tempted_1_5,5439,44,14,budget,0,96,true,3,465,123,177,0.1590909090909091,0.6818181818181818,0.13636363636363635,0.022727272727272728,0,8,4,crash,false,7,17,324,3645,1200,270,0,true,true,false,0,0,5439,44,0,
1840,tempted_1_5,7583,41,11,budget,1,100,true,4,1160,123,159,0.04878048780487805,0.7317073170731707,0.07317073170731707,0.024390243902439025,0.12195121951219512,4,16,normal,false,6,19,53,3035,960,675,2860,false,false,false,2940,5,4643,36,1,4
1841,tempted_1_5,5644,38,8,budget,0,86,true,6,980,110,163,0.15789473684210525,0.7894736842105263,0.05263157894736842,0,0,4,5,normal,false,5,13,179,4640,420,405,0,false,false,false,0,0,5644,38,0,
1842,tempted_1_5,17540,61,31,budget,1,100,true,9,5625,196,291,0.06557377049180328,0.5901639344262295,0.2459016393442623,0.01639344262295082,0.08196721311475409,15,7,crash,false,6,28,150,6545,7560,1845,1440,false,true,false,1360,5,16180,56,1,7
1843,tempted_1_5,3964,30,0,budget,0,62,true,5,1120,86,127,0.13333333333333333,0.8666666666666667,0,0,0,3,3,normal,false,5,11,169,3795,0,0,0,false,false,false,0,0,3964,30,0,
1844,tempted_1_5,2915,30,0,budget,0,50,true,4,390,82,144,0.5,0.5,0,0,0,3,10,crash,false,6,12,785,2130,0,0,0,false,false,true,0,0,2915,30,0,
1845,tempted_1_5,2680,30,0,budget,0,67,true,5,635,72,96,0.26666666666666666,0.7333333333333333,0,0,0,3,18,normal,false,7,12,235,2445,0,0,0,false,false,true,0,0,2680,30,0,
1846,tempted_1_5,4445,32,2,budget,0,70,true,5,740,98,141,0.15625,0.84375,0,0,0,3,1,crash,false,8,12,280,4165,0,0,0,false,false,false,0,0,4445,32,0,
1847,tempted_1_5,4139,36,6,budget,0,82,true,3,375,97,149,0.19444444444444445,0.75,0.05555555555555555,0,0,3,1,crash,false,6,15,259,3100,780,0,0,false,false,true,0,0,4139,36,0,
1848,tempted_1_5,12695,31,17,lock,1,100,false,6,4775,123,176,0,0.5483870967741935,0.22580645161290322,0.06451612903225806,0.16129032258064516,5,10,normal,false,7,11,0,3420,3400,4455,1420,false,false,false,1320,5,11375,26,1,6
1849,tempted_1_5,5020,40,10,budget,0,86,true,5,610,108,173,0.3,0.625,0.075,0,0,7,6,normal,false,5,19,530,3800,690,0,0,false,false,true,0,0,5020,40,0,
1850,tempted_1_5,3207,30,0,budget,0,57,true,4,665,79,119,0.23333333333333334,0.7666666666666667,0,0,0,2,14,normal,false,5,12,332,2875,0,0,0,false,false,true,0,0,3207,30,0,
1851,tempted_1_5,3517,34,4,budget,0,79,true,4,450,80,134,0.29411764705882354,0.6470588235294118,0.058823529411764705,0,0,4,11,crash,false,6,11,457,2880,180,0,0,false,false,false,0,0,3517,34,0,
1852,tempted_1_5,1223,6,0,lock,0,50,true,5,810,11,38,0.3333333333333333,0.6666666666666666,0,0,0,0,-1,crash,false,2,2,53,1170,0,0,0,false,false,false,0,0,1223,6,0,
1853,tempted_1_5,4506,30,0,budget,0,54,true,5,825,85,145,0.23333333333333334,0.7666666666666667,0,0,0,4,14,normal,false,3,13,281,4225,0,0,0,false,false,true,0,0,4506,30,0,
1854,tempted_1_5,2595,30,0,budget,0,66,true,3,275,73,103,0.03333333333333333,0.9666666666666667,0,0,0,1,19,normal,false,7,10,180,2415,0,0,0,false,false,false,0,0,2595,30,0,
1855,tempted_1_5,3261,32,2,budget,0,76,true,5,648,81,120,0.125,0.875,0,0,0,4,8,normal,false,5,12,161,2920,180,0,0,false,false,false,0,0,3261,32,0,
1856,tempted_1_5,3391,30,0,budget,0,67,true,5,675,76,130,0.23333333333333334,0.7666666666666667,0,0,0,2,10,crash,false,5,13,231,3160,0,0,0,false,false,false,0,0,3391,30,0,
1857,tempted_1_5,9100,52,22,budget,0,97,true,5,1365,156,198,0,0.9038461538461539,0.07692307692307693,0.019230769230769232,0,8,18,normal,false,6,22,60,4375,1830,2835,0,true,true,true,0,0,9100,52,0,
1858,tempted_1_5,3807,30,0,budget,0,62,true,5,1065,78,128,0.26666666666666666,0.7333333333333333,0,0,0,1,24,normal,false,5,10,282,3525,0,0,0,false,false,true,0,0,3807,30,0,
1859,tempted_1_5,3193,30,0,budget,0,69,true,4,400,73,119,0.2,0.8,0,0,0,3,11,crash,false,6,10,233,2960,0,0,0,false,false,false,0,0,3193,30,0,
1860,tempted_1_5,10873,51,21,budget,1,100,true,4,1830,154,208,0.09803921568627451,0.6078431372549019,0.13725490196078433,0.058823529411764705,0.09803921568627451,11,2,normal,false,11,20,108,3205,1920,3360,2280,false,false,true,2475,5,8398,46,1,6
1861,tempted_1_5,14441,50,20,budget,2,100,true,8,5360,154,216,0.08,0.62,0.08,0.02,0.2,7,1,crash,false,12,15,166,3975,2280,2640,5380,false,true,true,8760,10,5681,40,1,4
1862,tempted_1_5,4005,30,0,budget,0,50,true,5,1220,85,122,0.13333333333333333,0.8666666666666667,0,0,0,2,6,normal,false,7,9,160,3845,0,0,0,false,false,true,0,0,4005,30,0,
1863,tempted_1_5,3528,32,2,budget,0,71,true,4,390,84,127,0.125,0.875,0,0,0,4,7,normal,false,6,13,118,3410,0,0,0,false,false,true,0,0,3528,32,0,
1864,tempted_1_5,4250,30,0,budget,0,58,true,6,1340,96,134,0.06666666666666667,0.9333333333333333,0,0,0,1,25,normal,false,5,11,80,4170,0,0,0,false,false,false,0,0,4250,30,0,
1865,tempted_1_5,3065,30,0,budget,0,60,true,4,840,78,123,0.4,0.6,0,0,0,2,23,normal,false,4,9,595,2470,0,0,0,false,false,false,0,0,3065,30,0,
1866,tempted_1_5,3552,30,0,budget,0,66,true,4,460,67,134,0.2,0.8,0,0,0,1,20,crash,false,5,10,417,3135,0,0,0,false,false,false,0,0,3552,30,0,
1867,tempted_1_5,4320,34,4,budget,0,84,false,5,1065,89,132,0,0.9411764705882353,0.058823529411764705,0,0,2,23,normal,false,14,13,0,3800,520,0,0,false,false,true,0,0,4320,34,0,
1868,tempted_1_5,12592,47,17,budget,1,100,true,7,2765,162,227,0.1276595744680851,0.5957446808510638,0.14893617021276595,0.02127659574468085,0.10638297872340426,8,4,normal,false,4,19,292,6300,1740,1920,2340,false,false,true,2720,5,9872,42,1,4
1869,tempted_1_5,9274,40,10,budget,0,94,true,6,2490,105,200,0.375,0.5,0.1,0.025,0,7,8,crash,false,5,15,799,3050,3580,1845,0,true,false,false,0,0,9274,40,0,
1870,tempted_1_5,8704,55,25,budget,1,100,true,5,1235,146,208,0.12727272727272726,0.5636363636363636,0.21818181818181817,0,0.09090909090909091,9,2,crash,false,11,19,249,3985,3270,0,1200,false,false,false,2255,5,6449,50,0,
1871,tempted_1_5,20406,69,39,budget,3,100,true,5,1965,239,334,0.07246376811594203,0.5942028985507246,0.08695652173913043,0.028985507246376812,0.21739130434782608,13,6,normal,false,6,37,151,5635,4290,2070,8260,false,false,false,8305,15,12101,54,0,
1872,tempted_1_5,5131,32,2,budget,0,70,true,7,1405,99,184,0.4375,0.5625,0,0,0,4,1,crash,false,8,15,796,4335,0,0,0,false,false,true,0,0,5131,32,0,
1873,tempted_1_5,2463,30,0,budget,0,62,true,3,415,50,106,0.5,0.5,0,0,0,3,9,crash,false,9,8,513,1950,0,0,0,false,false,false,0,0,2463,30,0,
1874,tempted_1_5,2981,30,0,budget,0,58,true,3,305,80,152,0.43333333333333335,0.5666666666666667,0,0,0,2,14,normal,false,6,6,951,2030,0,0,0,false,false,false,0,0,2981,30,0,
1875,tempted_1_5,2728,30,0,budget,0,58,true,4,445,67,113,0.23333333333333334,0.7666666666666667,0,0,0,3,7,normal,false,6,13,403,2325,0,0,0,false,false,false,0,0,2728,30,0,
1876,tempted_1_5,5342,32,2,budget,0,78,true,5,593,106,194,0.28125,0.6875,0.03125,0,0,3,6,crash,false,4,10,957,4205,180,0,0,false,false,false,0,0,5342,32,0,
1877,tempted_1_5,2858,30,0,budget,0,50,true,4,375,80,138,0.4666666666666667,0.5333333333333333,0,0,0,4,11,normal,false,4,15,1163,1695,0,0,0,false,false,true,0,0,2858,30,0,
1878,tempted_1_5,19734,58,28,budget,2,100,true,7,5265,188,247,0.1724137931034483,0.5,0.13793103448275862,0.017241379310344827,0.1724137931034483,8,7,normal,false,5,25,344,3490,2200,3600,10100,false,true,false,13885,10,5849,48,2,2|4
1879,tempted_1_5,6969,40,10,budget,0,99,true,5,1035,130,186,0.125,0.775,0.075,0.025,0,7,4,normal,false,8,17,584,4980,1000,405,0,true,true,true,0,0,6969,40,0,
1880,tempted_1_5,5252,32,2,budget,0,78,true,5,1193,86,169,0.375,0.625,0,0,0,7,1,crash,false,5,11,617,4455,180,0,0,false,false,false,0,0,5252,32,0,
1881,tempted_1_5,18525,90,60,budget,2,100,true,5,1125,263,351,0.05555555555555555,0.5444444444444444,0.2,0.08888888888888889,0.1111111111111111,24,2,normal,false,9,45,255,5830,3460,4080,4900,false,true,true,4930,10,13595,80,1,3
1882,tempted_1_5,5115,30,0,budget,0,59,true,5,1015,99,158,0.26666666666666666,0.7333333333333333,0,0,0,2,11,normal,false,3,15,300,4815,0,0,0,false,false,false,0,0,5115,30,0,
1883,tempted_1_5,4010,34,4,budget,0,89,true,4,490,90,126,0.058823529411764705,0.8529411764705882,0.058823529411764705,0.029411764705882353,0,4,5,normal,false,4,16,45,3635,150,180,0,false,false,true,0,0,4010,34,0,
1884,tempted_1_5,6252,48,18,budget,0,91,true,4,1080,116,166,0.10416666666666667,0.7083333333333334,0.14583333333333334,0.041666666666666664,0,9,2,normal,false,8,19,222,3020,2650,360,0,true,false,false,0,0,6252,48,0,
1885,tempted_1_5,24328,80,50,budget,2,100,true,9,2880,299,370,0.0375,0.5375,0.275,0.025,0.125,18,6,normal,false,4,41,213,7410,4220,3465,9020,false,true,true,10150,10,14178,70,1,3
1886,tempted_1_5,3125,30,0,budget,0,54,true,4,985,62,140,0.5333333333333333,0.4666666666666667,0,0,0,4,11,crash,false,4,12,1025,2100,0,0,0,false,false,false,0,0,3125,30,0,
1887,tempted_1_5,2914,32,2,budget,0,73,true,4,495,76,106,0.21875,0.75,0.03125,0,0,6,2,normal,false,4,13,269,2555,90,0,0,false,false,false,0,0,2914,32,0,
1888,tempted_1_5,3329,34,4,budget,0,84,true,3,525,94,120,0.17647058823529413,0.7647058823529411,0.058823529411764705,0,0,4,10,normal,false,5,15,309,2660,360,0,0,false,false,true,0,0,3329,34,0,
1889,tempted_1_5,5151,30,0,budget,0,69,true,6,1125,102,183,0.4,0.6,0,0,0,2,15,crash,false,4,14,1036,4115,0,0,0,false,false,true,0,0,5151,30,0,
1890,tempted_1_5,3231,30,0,budget,0,61,true,4,1000,86,147,0.6,0.4,0,0,0,5,6,normal,false,5,15,991,2240,0,0,0,false,false,true,0,0,3231,30,0,
1891,tempted_1_5,4726,32,2,budget,0,70,true,6,1005,95,142,0.09375,0.90625,0,0,0,2,15,normal,false,7,11,96,4630,0,0,0,false,false,false,0,0,4726,32,0,
1892,tempted_1_5,3178,30,0,budget,0,65,true,4,450,76,134,0.4666666666666667,0.5333333333333333,0,0,0,3,15,crash,false,5,14,823,2355,0,0,0,false,false,false,0,0,3178,30,0,
1893,tempted_1_5,21199,54,24,budget,2,100,true,6,5000,198,265,0.2037037037037037,0.4444444444444444,0.14814814814814814,0.018518518518518517,0.18518518518518517,9,7,normal,false,7,30,469,4930,2400,420,12980,false,false,true,10240,10,10959,44,2,3|3
1894,tempted_1_5,3449,30,0,budget,0,57,true,4,510,83,126,0.2,0.8,0,0,0,2,18,normal,false,8,8,169,3280,0,0,0,false,false,true,0,0,3449,30,0,
1895,tempted_1_5,30131,114,84,budget,4,100,true,6,2640,361,465,0.03508771929824561,0.5087719298245614,0.20175438596491227,0.07894736842105263,0.17543859649122806,27,1,crash,false,8,55,121,5535,8500,2235,13740,false,true,false,12370,20,17761,94,2,8|3
1896,tempted_1_5,3984,30,0,budget,0,50,true,7,1508,83,137,0.23333333333333334,0.7666666666666667,0,0,0,4,9,normal,false,6,11,924,3060,0,0,0,false,false,true,0,0,3984,30,0,
1897,tempted_1_5,5108,37,7,budget,1,100,true,3,1000,96,148,0.32432432432432434,0.4594594594594595,0.08108108108108109,0,0.13513513513513514,6,6,normal,false,4,19,628,1750,910,0,1820,false,false,false,1780,5,3328,32,1,3
1898,tempted_1_5,2913,34,4,budget,0,78,true,4,1115,69,131,0.5588235294117647,0.4411764705882353,0,0,0,8,4,normal,false,4,11,748,1805,360,0,0,false,false,false,0,0,2913,34,0,
1899,tempted_1_5,1921,30,0,budget,0,50,true,3,375,50,110,0.5333333333333333,0.4666666666666667,0,0,0,2,12,crash,false,7,7,446,1475,0,0,0,false,false,false,0,0,1921,30,0,
1900,tempted_1_5,4250,36,6,budget,0,76,true,3,670,96,129,0.027777777777777776,0.9166666666666666,0.05555555555555555,0,0,4,3,normal,false,5,12,30,3410,810,0,0,false,false,true,0,0,4250,36,0,
1901,tempted_1_5,5038,30,0,budget,0,55,true,6,790,104,156,0.2,0.8,0,0,0,4,10,normal,false,4,14,308,4730,0,0,0,false,false,true,0,0,5038,30,0,
1902,tempted_1_5,3315,30,0,budget,0,58,true,5,663,79,136,0.3333333333333333,0.6666666666666666,0,0,0,3,6,normal,false,6,12,875,2440,0,0,0,false,false,false,0,0,3315,30,0,
1903,tempted_1_5,3258,30,0,budget,0,56,true,4,530,78,116,0.23333333333333334,0.7666666666666667,0,0,0,6,3,normal,false,4,16,273,2985,0,0,0,false,false,true,0,0,3258,30,0,
1904,tempted_1_5,3386,30,0,budget,0,51,true,4,480,81,125,0.13333333333333333,0.8666666666666667,0,0,0,1,23,normal,false,5,11,306,3080,0,0,0,false,false,false,0,0,3386,30,0,
1905,tempted_1_5,13993,58,28,budget,2,100,true,5,1800,175,252,0.08620689655172414,0.5862068965517241,0.10344827586206896,0.05172413793103448,0.1724137931034483,11,1,normal,false,6,25,173,4750,1360,1470,6240,false,true,true,5100,10,8893,48,2,4|3
1906,tempted_1_5,2249,30,0,budget,0,50,true,3,250,68,111,0.4,0.6,0,0,0,5,6,normal,false,5,14,509,1740,0,0,0,false,false,false,0,0,2249,30,0,
1907,tempted_1_5,9485,52,22,budget,0,92,true,5,1250,160,221,0.019230769230769232,0.8269230769230769,0.1346153846153846,0.019230769230769232,0,10,7,normal,false,6,16,30,5705,2670,1080,0,true,false,false,0,0,9485,52,0,
1908,tempted_1_5,6261,34,4,budget,0,77,true,5,990,126,176,0.08823529411764706,0.8823529411764706,0.029411764705882353,0,0,4,6,normal,false,4,17,301,5690,270,0,0,false,false,false,0,0,6261,34,0,
1909,tempted_1_5,1278,9,2,lock,0,74,true,4,480,19,41,0.2222222222222222,0.7777777777777778,0,0,0,1,1,crash,false,6,2,23,1075,180,0,0,false,false,false,0,0,1278,9,0,
1910,tempted_1_5,7418,46,16,budget,0,84,true,5,950,140,205,0.15217391304347827,0.6739130434782609,0.17391304347826086,0,0,11,6,normal,false,5,19,833,3545,3040,0,0,false,false,false,0,0,7418,46,0,
1911,tempted_1_5,15540,62,32,budget,2,100,false,4,2100,191,224,0,0.5645161290322581,0.22580645161290322,0.04838709677419355,0.16129032258064516,12,1,normal,false,7,26,0,2575,5150,975,6840,false,true,false,6620,10,8920,52,1,5
1912,tempted_1_5,2685,30,0,budget,0,50,true,4,680,72,111,0.3333333333333333,0.6666666666666666,0,0,0,5,7,normal,false,4,11,475,2210,0,0,0,false,false,true,0,0,2685,30,0,
1913,tempted_1_5,5311,30,0,budget,0,56,true,7,1540,101,153,0.16666666666666666,0.8333333333333334,0,0,0,3,4,normal,false,3,17,426,4885,0,0,0,false,false,false,0,0,5311,30,0,
1914,tempted_1_5,9165,56,26,budget,0,98,true,4,1305,144,225,0.19642857142857142,0.5178571428571429,0.19642857142857142,0.08928571428571429,0,12,1,normal,false,8,24,365,3350,2930,2520,0,true,true,false,0,0,9165,56,0,
1915,tempted_1_5,6686,36,6,budget,0,98,true,5,2520,104,168,0.1388888888888889,0.8055555555555556,0.05555555555555555,0,0,3,4,normal,false,5,16,316,3040,1170,2160,0,true,true,false,0,0,6686,36,0,
1916,tempted_1_5,2755,32,2,budget,0,71,true,3,330,75,99,0,1,0,0,0,1,12,normal,false,20,4,90,2665,0,0,0,false,false,false,0,0,2755,32,0,
1917,tempted_1_5,4320,36,6,budget,0,83,false,4,660,107,134,0,0.9444444444444444,0.05555555555555555,0,0,3,9,normal,false,5,14,0,3480,840,0,0,false,false,false,0,0,4320,36,0,
1918,tempted_1_5,3221,28,0,lock,0,56,true,4,465,76,133,0.42857142857142855,0.5714285714285714,0,0,0,5,4,normal,false,6,13,1316,1905,0,0,0,false,false,true,0,0,3221,28,0,
1919,tempted_1_5,2455,30,0,budget,0,50,true,3,240,61,114,0.03333333333333333,0.9666666666666667,0,0,0,1,23,normal,false,4,12,80,2375,0,0,0,false,false,true,0,0,2455,30,0,
1920,tempted_1_5,4465,30,0,budget,0,65,true,6,920,91,173,0.4666666666666667,0.5333333333333333,0,0,0,6,5,crash,false,5,14,945,3520,0,0,0,false,false,false,0,0,4465,30,0,
1921,tempted_1_5,11330,59,29,budget,1,100,false,6,2325,178,221,0,0.7457627118644068,0.11864406779661017,0.05084745762711865,0.0847457627118644,9,14,normal,false,8,30,0,4430,2840,2880,1180,false,true,false,3265,5,8065,54,1,2
1922,tempted_1_5,2693,30,0,budget,0,65,true,3,460,69,116,0.3333333333333333,0.6666666666666666,0,0,0,3,9,normal,false,7,8,463,2230,0,0,0,false,false,true,0,0,2693,30,0,
1923,tempted_1_5,7770,41,11,budget,1,100,true,5,880,130,173,0.1951219512195122,0.5365853658536586,0.12195121951219512,0.024390243902439025,0.12195121951219512,7,1,normal,false,5,17,535,2750,1210,135,3140,false,true,true,3060,5,4710,36,1,2
1924,tempted_1_5,4391,32,2,budget,0,78,true,5,1175,97,156,0.34375,0.625,0.03125,0,0,5,4,normal,false,6,13,576,3725,90,0,0,false,false,false,0,0,4391,32,0,
1925,tempted_1_5,5950,36,6,budget,0,83,true,4,870,113,174,0.1388888888888889,0.8055555555555556,0.05555555555555555,0,0,8,6,normal,false,3,20,200,3410,2340,0,0,false,false,true,0,0,5950,36,0,
1926,tempted_1_5,4650,30,0,budget,0,69,false,4,435,102,145,0,1,0,0,0,0,-1,normal,false,9,11,0,4650,0,0,0,false,false,true,0,0,4650,30,0,
1927,tempted_1_5,4326,38,8,budget,0,98,true,3,585,94,133,0.15789473684210525,0.631578947368421,0.13157894736842105,0.07894736842105263,0,4,9,normal,false,8,13,271,2250,860,945,0,true,true,true,0,0,4326,38,0,
1928,tempted_1_5,5184,30,0,budget,0,58,true,4,940,99,169,0.2,0.8,0,0,0,3,17,normal,false,5,10,384,4800,0,0,0,false,false,false,0,0,5184,30,0,
1929,tempted_1_5,3373,30,0,budget,0,55,true,4,545,83,131,0.16666666666666666,0.8333333333333334,0,0,0,3,12,crash,false,6,10,273,3100,0,0,0,false,false,false,0,0,3373,30,0,
1930,tempted_1_5,2902,32,2,budget,0,70,true,3,300,80,118,0.25,0.75,0,0,0,6,6,normal,false,5,16,407,2495,0,0,0,false,false,true,0,0,2902,32,0,
1931,tempted_1_5,7060,42,16,lock,0,86,true,5,810,142,192,0.023809523809523808,0.8095238095238095,0.16666666666666666,0,0,7,6,normal,false,2,25,70,5150,1840,0,0,false,false,true,0,0,7060,42,0,
1932,tempted_1_5,2510,30,0,budget,0,50,true,3,340,58,124,0.4,0.6,0,0,0,4,12,crash,false,4,12,525,1985,0,0,0,false,false,false,0,0,2510,30,0,
1933,tempted_1_5,2947,30,0,budget,0,50,true,4,690,62,136,0.43333333333333335,0.5666666666666667,0,0,0,4,4,normal,false,4,10,847,2100,0,0,0,false,false,false,0,0,2947,30,0,
1934,tempted_1_5,3020,30,0,budget,0,59,true,6,698,78,113,0.3,0.7,0,0,0,5,11,normal,false,4,11,455,2565,0,0,0,false,false,false,0,0,3020,30,0,
1935,tempted_1_5,3654,38,8,budget,0,74,true,3,460,89,138,0.2894736842105263,0.6842105263157895,0.02631578947368421,0,0,6,2,normal,false,9,12,359,2365,930,0,0,false,false,true,0,0,3654,38,0,
1936,tempted_1_5,4110,34,4,budget,0,81,true,3,455,113,146,0.029411764705882353,0.9117647058823529,0.058823529411764705,0,0,2,15,normal,false,6,13,70,3830,210,0,0,false,false,true,0,0,4110,34,0,
1937,tempted_1_5,2443,30,0,budget,0,50,true,4,375,63,110,0.5333333333333333,0.4666666666666667,0,0,0,3,19,crash,false,9,9,808,1635,0,0,0,false,false,true,0,0,2443,30,0,
1938,tempted_1_5,3108,30,0,budget,0,67,true,5,600,83,115,0.06666666666666667,0.9333333333333333,0,0,0,1,9,normal,false,7,9,448,2660,0,0,0,false,false,true,0,0,3108,30,0,
1939,tempted_1_5,6343,42,12,budget,0,82,true,4,930,140,196,0.047619047619047616,0.8809523809523809,0.07142857142857142,0,0,5,1,crash,false,7,22,403,5060,880,0,0,false,false,false,0,0,6343,42,0,
1940,tempted_1_5,8139,46,16,budget,0,97,true,5,1805,132,182,0.08695652173913043,0.7391304347826086,0.15217391304347827,0.021739130434782608,0,7,4,normal,false,7,15,164,3440,2030,2505,0,true,true,false,0,0,8139,46,0,
1941,tempted_1_5,3123,30,0,budget,0,63,true,5,420,81,135,0.26666666666666666,0.7333333333333333,0,0,0,2,19,normal,false,4,13,708,2415,0,0,0,false,false,true,0,0,3123,30,0,
1942,tempted_1_5,2849,30,0,budget,0,65,true,6,1125,49,126,0.6666666666666666,0.3333333333333333,0,0,0,3,8,normal,false,8,9,824,2025,0,0,0,false,false,true,0,0,2849,30,0,
1943,tempted_1_5,16029,54,29,lock,1,100,true,5,2600,164,250,0.18518518518518517,0.35185185185185186,0.18518518518518517,0.18518518518518517,0.09259259259259259,10,10,crash,false,3,32,489,3020,1970,4350,6200,false,true,false,5880,5,10149,49,1,20
1944,tempted_1_5,10665,47,17,budget,1,100,false,6,1620,151,214,0,0.7446808510638298,0.10638297872340426,0.0425531914893617,0.10638297872340426,6,11,normal,false,7,21,0,5785,860,720,3300,false,false,true,3660,5,7005,42,1,3
1945,tempted_1_5,9468,53,23,budget,1,100,true,6,1520,164,214,0.09433962264150944,0.6792452830188679,0.1320754716981132,0,0.09433962264150944,10,1,normal,false,6,26,208,5020,1280,180,2780,false,false,true,1700,5,7768,48,1,2
1946,tempted_1_5,6143,40,10,budget,0,95,true,5,765,117,175,0.075,0.8,0.125,0,0,5,14,crash,false,6,16,118,4360,1260,405,0,true,true,false,0,0,6143,40,0,
1947,tempted_1_5,8750,43,13,budget,1,100,false,4,1630,143,177,0,0.7906976744186046,0.09302325581395349,0,0.11627906976744186,4,10,normal,false,6,22,0,3970,830,1350,2600,false,false,false,1920,5,6830,38,1,3
1948,tempted_1_5,18960,78,48,budget,2,100,false,5,1695,261,320,0,0.6025641025641025,0.19230769230769232,0.07692307692307693,0.1282051282051282,19,3,normal,false,4,40,0,6245,4220,3075,5420,false,true,true,5350,10,13610,68,2,2|9
1949,tempted_1_5,3731,34,4,budget,0,82,true,5,878,87,127,0.058823529411764705,0.9117647058823529,0.029411764705882353,0,0,3,1,normal,false,6,12,116,3525,90,0,0,false,false,false,0,0,3731,34,0,
1950,tempted_1_5,7335,44,14,budget,0,97,true,4,1170,134,181,0.11363636363636363,0.6363636363636364,0.18181818181818182,0.06818181818181818,0,5,9,normal,false,5,20,280,2970,1430,2655,0,true,true,false,0,0,7335,44,0,
1951,tempted_1_5,8021,40,10,budget,0,82,true,7,2715,137,199,0.225,0.7,0.075,0,0,9,9,normal,false,5,23,296,6815,910,0,0,false,false,true,0,0,8021,40,0,
1952,tempted_1_5,4113,30,0,budget,0,50,true,5,640,83,160,0.5666666666666667,0.43333333333333335,0,0,0,7,6,crash,false,5,15,1538,2575,0,0,0,false,false,false,0,0,4113,30,0,
1953,tempted_1_5,3080,30,0,budget,0,60,true,3,360,83,113,0.03333333333333333,0.9666666666666667,0,0,0,1,18,normal,false,3,11,45,3035,0,0,0,false,false,false,0,0,3080,30,0,
1954,tempted_1_5,6182,34,4,budget,0,77,true,7,1245,98,174,0.23529411764705882,0.7058823529411765,0.058823529411764705,0,0,5,1,normal,false,5,15,607,4255,1320,0,0,false,false,false,0,0,6182,34,0,
1955,tempted_1_5,6272,41,11,budget,1,100,true,5,750,112,177,0.36585365853658536,0.4146341463414634,0.0975609756097561,0,0.12195121951219512,9,1,crash,false,4,16,682,2990,560,180,1860,false,false,false,1400,5,4872,36,1,3
1956,tempted_1_5,4388,32,2,budget,0,74,true,4,610,93,147,0.21875,0.75,0.03125,0,0,6,1,normal,false,4,15,233,4005,150,0,0,false,false,true,0,0,4388,32,0,
1957,tempted_1_5,2188,30,0,budget,0,56,true,3,325,64,91,0.1,0.9,0,0,0,2,8,normal,false,7,12,88,2100,0,0,0,false,false,false,0,0,2188,30,0,
1958,tempted_1_5,6005,33,10,lock,0,98,false,5,795,116,159,0,0.8787878787878788,0.06060606060606061,0.06060606060606061,0,3,10,normal,false,5,14,0,4760,570,675,0,true,true,false,0,0,6005,33,0,
1959,tempted_1_5,5132,40,10,budget,0,90,true,6,1890,98,143,0.275,0.65,0.075,0,0,8,5,normal,false,4,16,322,2700,1300,810,0,true,false,false,0,0,5132,40,0,
1960,tempted_1_5,11115,44,14,budget,0,98,false,5,1155,171,239,0,0.8863636363636364,0.09090909090909091,0.022727272727272728,0,5,8,normal,false,5,18,0,6680,2590,1845,0,true,true,false,0,0,11115,44,0,
1961,tempted_1_5,4653,30,0,budget,0,57,true,5,730,95,145,0.43333333333333335,0.5666666666666667,0,0,0,4,3,normal,false,6,13,658,3995,0,0,0,false,false,false,0,0,4653,30,0,
1962,tempted_1_5,8019,51,21,budget,1,100,true,4,780,135,192,0.17647058823529413,0.6078431372549019,0.0784313725490196,0.0392156862745098,0.09803921568627451,8,6,normal,false,6,24,509,3090,1660,540,2220,false,false,false,2180,5,5839,46,0,
1963,tempted_1_5,5794,34,4,budget,0,74,true,7,1685,111,161,0.2647058823529412,0.7352941176470589,0,0,0,6,6,normal,false,5,13,394,4800,600,0,0,false,false,true,0,0,5794,34,0,
1964,tempted_1_5,14740,39,9,budget,1,100,false,7,6060,151,202,0,0.7948717948717948,0.05128205128205128,0.02564102564102564,0.1282051282051282,3,11,normal,false,6,20,0,5170,250,180,9140,false,false,true,8560,5,6180,34,1,3
1965,tempted_1_5,3873,30,0,budget,0,55,true,4,660,76,160,0.4,0.6,0,0,0,3,7,crash,false,4,14,753,3120,0,0,0,false,false,false,0,0,3873,30,0,
1966,tempted_1_5,1709,30,0,budget,0,50,true,4,400,43,90,0.5666666666666667,0.43333333333333335,0,0,0,4,7,crash,false,9,8,544,1165,0,0,0,false,false,true,0,0,1709,30,0,
1967,tempted_1_5,4896,30,0,budget,0,68,true,6,1345,106,171,0.3,0.7,0,0,0,4,15,normal,false,4,12,1031,3865,0,0,0,false,false,false,0,0,4896,30,0,
1968,tempted_1_5,3340,34,4,budget,0,78,true,3,390,86,118,0,0.9705882352941176,0.029411764705882353,0,0,2,13,normal,false,5,15,30,2920,390,0,0,false,false,true,0,0,3340,34,0,
1969,tempted_1_5,4101,30,0,budget,0,68,true,6,990,94,157,0.16666666666666666,0.8333333333333334,0,0,0,0,-1,crash,false,5,10,306,3795,0,0,0,false,false,true,0,0,4101,30,0,
1970,tempted_1_5,4655,30,0,budget,0,62,true,7,1525,86,167,0.4666666666666667,0.5333333333333333,0,0,0,2,11,crash,false,4,14,850,3805,0,0,0,false,false,false,0,0,4655,30,0,
1971,tempted_1_5,3465,23,6,lock,0,79,false,4,720,77,95,0,0.8695652173913043,0.13043478260869565,0,0,3,1,normal,false,7,12,0,2475,990,0,0,false,false,false,0,0,3465,23,0,
1972,tempted_1_5,3289,30,0,budget,0,65,true,4,420,66,127,0.2,0.8,0,0,0,2,9,crash,false,4,13,359,2930,0,0,0,false,false,false,0,0,3289,30,0,
1973,tempted_1_5,3127,34,4,budget,0,95,true,3,635,84,134,0.4411764705882353,0.5,0.058823529411764705,0,0,4,5,normal,false,6,9,662,1850,210,405,0,true,true,true,0,0,3127,34,0,
1974,tempted_1_5,2876,32,2,budget,0,76,true,5,660,65,114,0.1875,0.75,0.0625,0,0,1,4,crash,false,7,10,166,2500,210,0,0,false,false,false,0,0,2876,32,0,
1975,tempted_1_5,2048,30,0,budget,0,56,true,3,260,60,110,0.4,0.6,0,0,0,3,6,crash,false,5,7,648,1400,0,0,0,false,false,true,0,0,2048,30,0,
1976,tempted_1_5,5244,36,6,budget,0,83,true,5,1500,98,186,0.5,0.4166666666666667,0.08333333333333333,0,0,4,1,crash,false,6,16,1414,2150,1680,0,0,false,false,false,0,0,5244,36,0,
1977,tempted_1_5,5099,32,2,budget,0,75,true,5,725,97,153,0.1875,0.78125,0.03125,0,0,4,14,crash,false,6,12,274,4645,180,0,0,false,false,false,0,0,5099,32,0,
1978,tempted_1_5,4455,30,0,budget,0,62,true,5,1305,88,158,0.43333333333333335,0.5666666666666667,0,0,0,2,20,crash,false,6,8,640,3815,0,0,0,false,false,false,0,0,4455,30,0,
1979,tempted_1_5,4158,32,2,budget,0,71,true,5,685,98,161,0.28125,0.71875,0,0,0,3,9,normal,false,4,16,653,3505,0,0,0,false,false,true,0,0,4158,32,0,
1980,tempted_1_5,29700,91,61,budget,3,100,true,7,3080,313,445,0.07692307692307693,0.42857142857142855,0.24175824175824176,0.08791208791208792,0.16483516483516483,20,1,normal,false,9,45,455,6850,3850,6165,12380,false,true,false,13150,15,16550,76,3,3|8|2
1981,tempted_1_5,4860,30,11,lock,1,100,true,3,720,92,94,0.03333333333333333,0.6666666666666666,0.1,0.03333333333333333,0.16666666666666666,4,5,normal,false,11,11,30,1655,800,135,2240,false,false,false,2015,5,2845,25,1,3
1982,tempted_1_5,6671,36,6,budget,0,83,true,7,1615,114,168,0.1111111111111111,0.8611111111111112,0.027777777777777776,0,0,4,12,normal,false,4,14,266,4755,1650,0,0,false,false,true,0,0,6671,36,0,
1983,tempted_1_5,3119,30,0,budget,0,50,true,5,585,65,146,0.5333333333333333,0.4666666666666667,0,0,0,5,7,crash,false,6,11,1119,2000,0,0,0,false,false,true,0,0,3119,30,0,
1984,tempted_1_5,12134,55,25,budget,1,100,true,6,2040,171,242,0.12727272727272726,0.509090909090909,0.21818181818181817,0.05454545454545454,0.09090909090909091,10,9,crash,false,4,25,404,3695,4910,1485,1640,false,true,false,1720,5,10414,50,1,8
1985,tempted_1_5,5683,30,0,budget,0,59,true,7,1618,112,171,0.06666666666666667,0.9333333333333333,0,0,0,2,6,normal,false,5,13,658,5025,0,0,0,false,false,false,0,0,5683,30,0,
1986,tempted_1_5,2109,30,0,budget,0,50,true,3,420,55,135,0.7333333333333333,0.26666666666666666,0,0,0,3,6,normal,false,7,11,1109,1000,0,0,0,false,false,true,0,0,2109,30,0,
1987,tempted_1_5,13170,61,31,budget,1,100,false,5,2025,181,223,0,0.6885245901639344,0.18032786885245902,0.04918032786885246,0.08196721311475409,10,6,normal,false,8,27,0,4145,3260,1845,3920,false,false,false,5785,5,7385,56,0,
1988,tempted_1_5,3118,32,2,budget,0,77,true,4,480,71,102,0.15625,0.8125,0.03125,0,0,5,1,normal,false,6,10,218,2780,120,0,0,false,false,true,0,0,3118,32,0,
1989,tempted_1_5,17204,74,44,budget,2,100,true,6,2400,213,278,0.0945945945945946,0.5,0.22972972972972974,0.04054054054054054,0.13513513513513514,16,9,crash,false,4,36,269,3635,3170,3510,6620,false,true,false,6770,10,10434,64,1,2
1990,tempted_1_5,2837,30,0,budget,0,54,true,4,315,75,123,0.36666666666666664,0.6333333333333333,0,0,0,3,6,crash,false,4,14,377,2460,0,0,0,false,false,false,0,0,2837,30,0,
1991,tempted_1_5,2739,30,0,budget,0,66,true,4,480,70,110,0.3333333333333333,0.6666666666666666,0,0,0,1,20,normal,false,9,12,359,2380,0,0,0,false,false,true,0,0,2739,30,0,
1992,tempted_1_5,3213,30,0,budget,0,66,true,4,615,78,111,0.1,0.9,0,0,0,2,21,normal,false,5,9,128,3085,0,0,0,false,false,true,0,0,3213,30,0,
1993,tempted_1_5,4941,30,0,budget,0,65,true,5,1030,113,159,0.1,0.9,0,0,0,1,21,normal,false,3,16,96,4845,0,0,0,false,false,true,0,0,4941,30,0,
1994,tempted_1_5,4510,32,2,budget,0,74,true,4,495,102,162,0.3125,0.6875,0,0,0,6,6,normal,false,4,17,610,3630,270,0,0,false,false,false,0,0,4510,32,0,
1995,tempted_1_5,11068,47,17,budget,1,100,true,5,1860,150,217,0.0851063829787234,0.6170212765957447,0.10638297872340426,0.0851063829787234,0.10638297872340426,7,7,normal,false,6,23,748,3075,1840,2025,3380,false,false,true,2390,5,8678,42,1,6
1996,tempted_1_5,19513,69,39,budget,1,100,true,5,3600,245,334,0.028985507246376812,0.6231884057971014,0.2608695652173913,0.014492753623188406,0.07246376811594203,15,18,normal,false,6,36,88,5755,4520,3690,5460,false,true,false,5240,5,14273,64,1,2
1997,tempted_1_5,7146,40,10,budget,0,95,true,5,1260,122,195,0.1,0.75,0.1,0.05,0,5,5,crash,false,4,16,186,5275,950,735,0,true,true,false,0,0,7146,40,0,
1998,tempted_1_5,5620,32,2,budget,0,82,true,4,640,115,194,0.3125,0.625,0.0625,0,0,4,3,crash,false,5,12,730,4460,430,0,0,false,false,false,0,0,5620,32,0,
1999,tempted_1_5,2909,30,0,budget,0,53,true,4,420,69,136,0.5333333333333333,0.4666666666666667,0,0,0,4,6,crash,false,9,11,1069,1840,0,0,0,false,false,true,0,0,2909,30,0,
2000,tempted_1_5,4708,34,4,budget,0,84,true,4,480,105,163,0.17647058823529413,0.7647058823529411,0.058823529411764705,0,0,6,7,normal,false,4,16,543,3805,360,0,0,false,false,true,0,0,4708,34,0,
