seed,bot,score,moves,movesEarned,endReason,frenzies,peakMeter,crashed,maxCombo,bestMovePts,proteinTiles,carbTiles,pctCrash,pctNormal,pctKeto,pctDeep,pctFrenzy,tierUpsSeen,firstTierUpMove,endState,endedWithin5OfFrenzy,longestDryGap,rewardEvents,ptsCrash,ptsNormal,ptsKeto,ptsDeep,ptsFrenzy,nearMissNoFrenzy,fellBackWithoutFrenzy,lastMoveWasReward,ptsInFrenzy,movesInFrenzy,ptsOutside,movesOutside,climbCount,climbLengths
1,tempted_2_0,8450,56,26,budget,0,88,true,5,835,160,223,0.03571428571428571,0.7857142857142857,0.16071428571428573,0.017857142857142856,0,13,3,normal,false,5,30,30,5900,1710,810,0,false,false,false,0,0,8450,56,0,
2,tempted_2_0,7890,34,4,budget,0,73,true,10,3495,126,183,0.029411764705882353,0.9705882352941176,0,0,0,3,13,normal,false,6,14,180,7470,240,0,0,false,false,true,0,0,7890,34,0,
3,tempted_2_0,3105,30,0,budget,0,63,true,3,365,78,126,0.16666666666666666,0.8333333333333334,0,0,0,1,15,normal,false,3,17,335,2770,0,0,0,false,false,false,0,0,3105,30,0,
4,tempted_2_0,3506,30,0,budget,0,50,true,3,540,65,144,0.23333333333333334,0.7666666666666667,0,0,0,2,20,crash,false,6,11,371,3135,0,0,0,false,false,true,0,0,3506,30,0,
5,tempted_2_0,21036,80,50,budget,2,100,true,5,2355,242,349,0.0625,0.4625,0.2625,0.0875,0.125,22,2,normal,false,6,49,481,4450,4000,7125,4980,false,true,true,5190,10,15846,70,2,5|4
6,tempted_2_0,7190,38,8,budget,0,97,true,5,1360,125,171,0.02631578947368421,0.868421052631579,0.07894736842105263,0.02631578947368421,0,3,9,crash,false,5,16,0,4100,2010,1080,0,true,true,false,0,0,7190,38,0,
7,tempted_2_0,3103,30,0,budget,0,64,true,3,420,71,134,0.43333333333333335,0.5666666666666667,0,0,0,2,18,crash,false,4,16,578,2525,0,0,0,false,false,false,0,0,3103,30,0,
8,tempted_2_0,4450,36,6,budget,0,73,true,4,540,107,143,0.027777777777777776,0.9444444444444444,0.027777777777777776,0,0,4,2,normal,false,4,17,15,4315,120,0,0,false,false,false,0,0,4450,36,0,
9,tempted_2_0,6433,30,0,budget,0,52,true,9,2445,87,155,0.23333333333333334,0.7666666666666667,0,0,0,3,7,normal,false,4,11,328,6105,0,0,0,false,false,false,0,0,6433,30,0,
10,tempted_2_0,3570,32,2,budget,0,76,true,6,1185,79,125,0.1875,0.8125,0,0,0,2,2,crash,false,6,10,250,3140,180,0,0,false,false,false,0,0,3570,32,0,
11,tempted_2_0,3700,34,4,budget,0,74,true,4,495,85,142,0.14705882352941177,0.8235294117647058,0.029411764705882353,0,0,5,4,normal,false,5,14,230,3350,120,0,0,false,false,true,0,0,3700,34,0,
12,tempted_2_0,10060,26,26,lock,2,100,false,4,1560,94,99,0,0.19230769230769232,0.23076923076923078,0.19230769230769232,0.38461538461538464,6,1,keto,false,7,12,0,440,1250,3450,4920,false,true,false,5010,10,5050,16,2,3|8
13,tempted_2_0,6270,43,13,budget,1,100,false,5,1110,121,140,0,0.7906976744186046,0.06976744186046512,0.023255813953488372,0.11627906976744186,4,3,normal,false,6,21,0,3420,240,90,2520,false,false,true,2490,5,3780,38,1,3
14,tempted_2_0,3709,36,6,budget,0,80,true,8,866,88,155,0.5,0.4444444444444444,0.05555555555555555,0,0,5,1,normal,false,7,15,1359,2080,270,0,0,false,false,true,0,0,3709,36,0,
15,tempted_2_0,8725,24,19,lock,1,100,false,5,2880,86,100,0,0.375,0.375,0.041666666666666664,0.20833333333333334,6,7,normal,false,4,13,0,1300,2100,585,4740,false,true,false,4800,5,3925,19,1,7
16,tempted_2_0,4245,32,2,budget,0,82,true,6,945,81,127,0.0625,0.875,0.0625,0,0,2,5,normal,false,5,12,45,3870,330,0,0,false,false,false,0,0,4245,32,0,
17,tempted_2_0,9220,64,34,budget,0,95,true,5,1095,156,231,0.0625,0.65625,0.203125,0.078125,0,16,22,normal,false,6,30,225,4360,1830,2805,0,true,true,true,0,0,9220,64,0,
18,tempted_2_0,24830,77,47,budget,3,100,true,5,2620,253,360,0.012987012987012988,0.5064935064935064,0.2077922077922078,0.07792207792207792,0.19480519480519481,18,3,normal,false,7,44,15,4955,5080,4320,10460,false,true,false,8990,15,15840,62,3,2|5|8
19,tempted_2_0,4620,30,0,budget,0,65,false,5,1465,90,132,0,1,0,0,0,0,-1,normal,false,9,12,0,4620,0,0,0,false,false,true,0,0,4620,30,0,
20,tempted_2_0,3491,32,2,budget,0,84,true,6,518,76,127,0.15625,0.78125,0.0625,0,0,1,1,crash,false,7,13,691,2560,240,0,0,false,false,false,0,0,3491,32,0,
21,tempted_2_0,5986,38,8,budget,0,96,true,4,1365,104,174,0.15789473684210525,0.7105263157894737,0.10526315789473684,0.02631578947368421,0,6,10,normal,false,6,19,241,3650,610,1485,0,true,true,false,0,0,5986,38,0,
22,tempted_2_0,6470,39,9,budget,1,100,true,5,570,121,172,0.02564102564102564,0.7692307692307693,0.07692307692307693,0,0.1282051282051282,4,1,normal,false,10,12,25,4145,660,0,1640,false,false,false,1310,5,5160,34,0,
23,tempted_2_0,4635,34,4,budget,0,78,true,6,1505,100,155,0.029411764705882353,0.9411764705882353,0.029411764705882353,0,0,3,6,normal,false,5,13,15,4320,300,0,0,false,false,true,0,0,4635,34,0,
24,tempted_2_0,4675,30,0,budget,0,62,true,5,860,86,145,0.13333333333333333,0.8666666666666667,0,0,0,3,7,normal,false,6,11,75,4600,0,0,0,false,false,true,0,0,4675,30,0,
25,tempted_2_0,13445,54,24,budget,2,100,true,4,2840,162,241,0.1111111111111111,0.5,0.16666666666666666,0.037037037037037035,0.18518518518518517,8,2,crash,false,7,27,210,3195,1430,870,7740,false,true,false,7330,10,6115,44,2,4|4
26,tempted_2_0,3758,30,0,budget,0,53,true,4,465,74,146,0.3333333333333333,0.6666666666666666,0,0,0,3,9,normal,false,5,12,428,3330,0,0,0,false,false,true,0,0,3758,30,0,
27,tempted_2_0,9745,60,30,budget,2,100,true,3,1260,175,179,0.016666666666666666,0.5833333333333334,0.18333333333333332,0.05,0.16666666666666666,12,2,normal,false,7,28,30,3275,1430,570,4440,false,true,false,2430,10,7315,50,2,7|4
28,tempted_2_0,3360,30,0,budget,0,59,true,4,620,69,107,0.03333333333333333,0.9666666666666667,0,0,0,1,21,normal,false,8,8,15,3345,0,0,0,false,false,false,0,0,3360,30,0,
29,tempted_2_0,7745,46,16,budget,0,95,true,5,1390,132,192,0,0.8913043478260869,0.08695652173913043,0.021739130434782608,0,5,1,normal,false,9,18,30,4960,1270,1485,0,true,true,false,0,0,7745,46,0,
30,tempted_2_0,8725,30,0,budget,0,60,true,10,4730,115,180,0.03333333333333333,0.9666666666666667,0,0,0,1,22,normal,false,4,13,15,8710,0,0,0,false,false,true,0,0,8725,30,0,
31,tempted_2_0,11610,55,25,budget,1,100,false,5,1215,192,256,0,0.7454545454545455,0.14545454545454545,0.01818181818181818,0.09090909090909091,9,24,normal,false,6,28,0,6620,2200,690,2100,false,false,true,2160,5,9450,50,1,7
32,tempted_2_0,3810,30,0,budget,0,62,false,5,1030,81,128,0,1,0,0,0,0,-1,normal,false,5,12,0,3810,0,0,0,false,false,true,0,0,3810,30,0,
33,tempted_2_0,3006,30,0,budget,0,67,true,3,440,72,123,0.26666666666666666,0.7333333333333333,0,0,0,4,11,crash,false,3,14,416,2590,0,0,0,false,false,false,0,0,3006,30,0,
34,tempted_2_0,14036,58,28,budget,2,100,true,6,2985,166,243,0.1896551724137931,0.5172413793103449,0.06896551724137931,0.05172413793103448,0.1724137931034483,9,6,crash,false,5,30,796,3435,3490,675,5640,false,false,false,6015,10,8021,48,2,2|3
35,tempted_2_0,9745,46,16,budget,0,90,true,5,1150,161,236,0.021739130434782608,0.9347826086956522,0.043478260869565216,0,0,8,5,normal,false,4,23,15,7000,2190,540,0,true,false,true,0,0,9745,46,0,
36,tempted_2_0,6247,38,8,budget,0,92,true,7,1193,119,181,0.21052631578947367,0.7105263157894737,0.07894736842105263,0,0,6,1,normal,false,4,17,802,4845,330,270,0,true,false,false,0,0,6247,38,0,
37,tempted_2_0,5675,40,10,budget,0,90,false,7,1480,122,150,0,0.9,0.075,0.025,0,4,10,normal,false,8,16,0,4865,540,270,0,true,false,false,0,0,5675,40,0,
38,tempted_2_0,3048,30,0,budget,0,50,true,4,570,62,135,0.3,0.7,0,0,0,4,18,normal,false,3,12,663,2385,0,0,0,false,false,true,0,0,3048,30,0,
39,tempted_2_0,2661,32,2,budget,0,79,true,5,438,78,133,0.4375,0.53125,0.03125,0,0,4,3,crash,false,5,13,1001,1510,150,0,0,false,false,false,0,0,2661,32,0,
40,tempted_2_0,3876,32,2,budget,0,83,true,6,1005,71,117,0.15625,0.71875,0.125,0,0,3,4,normal,false,5,14,151,3245,480,0,0,false,false,true,0,0,3876,32,0,
41,tempted_2_0,12217,62,32,budget,0,94,true,6,2200,191,298,0.16129032258064516,0.532258064516129,0.25806451612903225,0.04838709677419355,0,18,3,normal,false,6,36,727,3960,5220,2310,0,true,false,true,0,0,12217,62,0,
42,tempted_2_0,7680,46,16,budget,0,77,true,5,930,129,200,0,0.8913043478260869,0.10869565217391304,0,0,8,2,normal,false,4,25,30,6930,720,0,0,false,false,false,0,0,7680,46,0,
43,tempted_2_0,3675,30,0,budget,0,62,true,3,770,91,143,0.23333333333333334,0.7666666666666667,0,0,0,2,25,normal,false,5,11,245,3430,0,0,0,false,false,false,0,0,3675,30,0,
44,tempted_2_0,2785,30,0,budget,0,67,true,4,380,68,115,0.2,0.8,0,0,0,1,26,crash,false,4,13,410,2375,0,0,0,false,false,false,0,0,2785,30,0,
45,tempted_2_0,15560,56,26,budget,2,100,true,5,3840,175,237,0.07142857142857142,0.6428571428571429,0.08928571428571429,0.017857142857142856,0.17857142857142858,11,2,normal,false,4,27,140,4720,2690,90,7920,false,false,false,7530,10,8030,46,1,3
46,tempted_2_0,3540,30,0,budget,0,53,true,4,600,72,132,0.26666666666666666,0.7333333333333333,0,0,0,6,3,normal,false,4,14,315,3225,0,0,0,false,false,true,0,0,3540,30,0,
47,tempted_2_0,18790,51,37,lock,1,100,false,6,4205,162,219,0,0.5098039215686274,0.35294117647058826,0.0392156862745098,0.09803921568627451,16,3,normal,false,8,28,0,1805,4330,7335,5320,false,true,false,4780,5,14010,46,1,2
48,tempted_2_0,7405,45,15,budget,1,100,false,3,1040,124,163,0,0.7777777777777778,0.08888888888888889,0.022222222222222223,0.1111111111111111,5,5,normal,false,10,16,0,3495,650,960,2300,false,false,true,2280,5,5125,40,1,2
49,tempted_2_0,4995,30,0,budget,0,62,true,5,775,91,158,0.13333333333333333,0.8666666666666667,0,0,0,2,15,crash,false,5,10,65,4930,0,0,0,false,false,false,0,0,4995,30,0,
50,tempted_2_0,7530,58,28,budget,0,91,false,4,855,149,181,0,0.7241379310344828,0.22413793103448276,0.05172413793103448,0,13,2,normal,false,10,27,0,3755,2200,1575,0,true,false,false,0,0,7530,58,0,
51,tempted_2_0,11178,61,31,budget,1,100,true,4,1080,186,245,0.16393442622950818,0.45901639344262296,0.19672131147540983,0.09836065573770492,0.08196721311475409,15,3,normal,false,5,34,473,3760,2090,2595,2260,false,true,true,2500,5,8678,56,1,3
52,tempted_2_0,14530,64,34,budget,2,100,true,4,1040,189,271,0.03125,0.578125,0.1875,0.046875,0.15625,16,3,normal,false,5,35,30,4555,3740,1545,4660,false,false,true,3790,10,10740,54,2,3|3
53,tempted_2_0,12885,61,31,budget,1,100,true,6,1515,190,248,0.01639344262295082,0.6885245901639344,0.18032786885245902,0.03278688524590164,0.08196721311475409,13,11,normal,false,6,32,90,4665,5000,930,2200,false,false,true,2080,5,10805,56,1,3
54,tempted_2_0,5550,21,13,lock,1,100,false,4,1260,56,78,0,0.42857142857142855,0.2857142857142857,0.047619047619047616,0.23809523809523808,4,2,normal,false,4,10,0,1130,1300,1080,2040,false,true,false,2400,5,3150,16,1,2
55,tempted_2_0,21215,81,51,budget,3,100,true,5,2165,219,304,0.012345679012345678,0.5308641975308642,0.2222222222222222,0.04938271604938271,0.18518518518518517,21,1,normal,false,7,43,30,3490,3920,3915,9860,false,true,true,10015,15,11200,66,3,3|3|5
56,tempted_2_0,4226,34,4,budget,0,80,true,4,495,99,157,0.17647058823529413,0.8235294117647058,0,0,0,4,5,normal,false,5,13,651,3215,360,0,0,false,false,false,0,0,4226,34,0,
57,tempted_2_0,9900,49,19,budget,1,100,false,5,1980,146,192,0,0.7346938775510204,0.08163265306122448,0.08163265306122448,0.10204081632653061,8,9,normal,false,6,24,0,4470,1590,2340,1500,false,true,true,1560,5,8340,44,1,6
58,tempted_2_0,5420,32,2,budget,0,70,true,7,1750,94,165,0.34375,0.65625,0,0,0,2,5,crash,false,6,10,535,4885,0,0,0,false,false,false,0,0,5420,32,0,
59,tempted_2_0,4850,33,19,lock,1,100,false,5,825,79,111,0,0.6666666666666666,0.12121212121212122,0.06060606060606061,0.15151515151515152,6,3,normal,false,3,19,0,2650,630,270,1300,false,true,true,1230,5,3620,28,1,4
60,tempted_2_0,12529,50,20,budget,2,100,true,5,2640,153,228,0.2,0.38,0.22,0,0.2,7,5,normal,false,3,24,564,4045,1340,540,6040,false,false,true,6300,10,6229,40,2,3|3
61,tempted_2_0,4484,36,6,budget,0,84,true,3,365,96,161,0.2777777777777778,0.6388888888888888,0.08333333333333333,0,0,6,8,normal,false,4,18,569,3015,900,0,0,false,false,true,0,0,4484,36,0,
62,tempted_2_0,4680,32,2,budget,0,84,false,4,705,99,126,0,0.90625,0.09375,0,0,1,2,normal,false,6,16,0,4230,450,0,0,false,false,false,0,0,4680,32,0,
63,tempted_2_0,10728,53,23,budget,1,100,true,6,1910,150,223,0.07547169811320754,0.6792452830188679,0.1320754716981132,0.018867924528301886,0.09433962264150944,10,1,crash,false,5,24,143,4225,2080,2520,1760,false,false,true,1010,5,9718,48,1,3
64,tempted_2_0,2653,30,0,budget,0,69,true,3,315,69,100,0.03333333333333333,0.9666666666666667,0,0,0,1,9,normal,false,5,12,148,2505,0,0,0,false,false,false,0,0,2653,30,0,
65,tempted_2_0,10100,59,29,budget,1,100,false,5,1290,174,223,0,0.711864406779661,0.1694915254237288,0.03389830508474576,0.0847457627118644,11,7,normal,false,5,25,0,5520,1700,1740,1140,false,true,false,1540,5,8560,54,1,4
66,tempted_2_0,14205,65,35,budget,3,100,true,5,1400,191,241,0.03076923076923077,0.5692307692307692,0.09230769230769231,0.07692307692307693,0.23076923076923078,13,2,normal,false,6,32,45,3870,2230,540,7520,false,true,false,5750,15,8455,50,3,3|4|5
67,tempted_2_0,4880,38,8,budget,0,83,false,4,510,109,152,0,0.9473684210526315,0.05263157894736842,0,0,4,5,normal,false,4,21,0,4250,630,0,0,false,false,true,0,0,4880,38,0,
68,tempted_2_0,8865,48,18,budget,0,96,true,4,825,147,223,0.08333333333333333,0.7291666666666666,0.14583333333333334,0.041666666666666664,0,8,5,crash,false,8,20,340,4820,2220,1485,0,true,true,false,0,0,8865,48,0,
69,tempted_2_0,4035,30,0,budget,0,56,true,7,1230,86,126,0.03333333333333333,0.9666666666666667,0,0,0,1,6,normal,false,4,14,15,4020,0,0,0,false,false,true,0,0,4035,30,0,
70,tempted_2_0,4905,30,0,budget,0,61,true,6,660,94,162,0.2,0.8,0,0,0,1,19,crash,false,5,11,715,4190,0,0,0,false,false,false,0,0,4905,30,0,
71,tempted_2_0,5595,34,4,budget,0,76,true,5,1010,91,182,0.058823529411764705,0.8823529411764706,0.058823529411764705,0,0,4,1,normal,false,5,18,60,5265,270,0,0,false,false,true,0,0,5595,34,0,
72,tempted_2_0,10218,47,17,budget,1,100,true,7,1390,164,215,0.06382978723404255,0.7446808510638298,0.0851063829787234,0,0.10638297872340426,6,2,crash,false,11,22,158,5590,1370,180,2920,false,false,true,2340,5,7878,42,1,2
73,tempted_2_0,5005,30,0,budget,0,67,true,5,1235,95,148,0.03333333333333333,0.9666666666666667,0,0,0,1,17,normal,false,9,12,210,4795,0,0,0,false,false,false,0,0,5005,30,0,
74,tempted_2_0,3546,30,0,budget,0,65,true,6,870,72,123,0.2,0.8,0,0,0,2,14,normal,false,6,11,421,3125,0,0,0,false,false,false,0,0,3546,30,0,
75,tempted_2_0,7673,41,11,budget,1,100,true,4,1200,128,169,0.0975609756097561,0.6097560975609756,0.14634146341463414,0.024390243902439025,0.12195121951219512,6,4,normal,false,7,19,128,3900,510,1035,2100,false,true,true,2510,5,5163,36,0,
76,tempted_2_0,6926,39,9,budget,1,100,true,5,1380,115,158,0.10256410256410256,0.6923076923076923,0.05128205128205128,0.02564102564102564,0.1282051282051282,3,21,crash,false,5,16,101,3945,480,360,2040,false,false,false,1020,5,5906,34,1,3
77,tempted_2_0,5774,46,16,budget,0,85,true,4,1000,108,170,0.15217391304347827,0.717391304347826,0.13043478260869565,0,0,10,1,normal,false,6,21,509,2575,2690,0,0,false,false,true,0,0,5774,46,0,
78,tempted_2_0,4455,42,12,budget,0,82,true,5,645,106,141,0.023809523809523808,0.8809523809523809,0.09523809523809523,0,0,7,11,normal,false,4,18,15,3540,900,0,0,false,false,false,0,0,4455,42,0,
79,tempted_2_0,12470,53,23,budget,1,100,true,4,2250,178,246,0.03773584905660377,0.7169811320754716,0.11320754716981132,0.03773584905660377,0.09433962264150944,8,1,crash,false,5,26,150,5430,1760,2910,2220,false,true,false,2190,5,10280,48,1,2
80,tempted_2_0,4840,36,6,budget,0,74,false,4,525,107,138,0,0.9166666666666666,0.08333333333333333,0,0,3,6,normal,false,6,15,0,4450,390,0,0,false,false,true,0,0,4840,36,0,
81,tempted_2_0,4218,36,6,budget,0,82,true,4,645,87,135,0.08333333333333333,0.8333333333333334,0.08333333333333333,0,0,4,2,crash,false,4,16,168,3350,700,0,0,false,false,false,0,0,4218,36,0,
82,tempted_2_0,4905,38,8,budget,0,83,true,6,905,94,163,0.18421052631578946,0.7368421052631579,0.07894736842105263,0,0,10,1,normal,false,5,17,490,3685,730,0,0,false,false,false,0,0,4905,38,0,
83,tempted_2_0,6955,32,2,budget,0,76,true,6,1330,130,187,0,0.96875,0.03125,0,0,1,8,normal,false,3,15,105,6430,420,0,0,false,false,true,0,0,6955,32,0,
84,tempted_2_0,4523,30,0,budget,0,67,true,4,585,95,156,0.1,0.9,0,0,0,1,18,normal,false,6,12,313,4210,0,0,0,false,false,false,0,0,4523,30,0,
85,tempted_2_0,3353,32,2,budget,0,73,true,3,370,81,127,0.25,0.71875,0.03125,0,0,3,4,normal,false,4,14,233,3030,90,0,0,false,false,true,0,0,3353,32,0,
86,tempted_2_0,4154,34,4,budget,0,78,true,4,540,91,164,0.20588235294117646,0.7058823529411765,0.08823529411764706,0,0,3,2,crash,false,3,18,584,3150,420,0,0,false,false,false,0,0,4154,34,0,
87,tempted_2_0,3590,30,0,budget,0,50,true,3,440,83,128,0.03333333333333333,0.9666666666666667,0,0,0,1,5,normal,false,11,9,15,3575,0,0,0,false,false,false,0,0,3590,30,0,
88,tempted_2_0,6270,44,14,budget,0,98,true,4,760,122,175,0.045454545454545456,0.7045454545454546,0.1590909090909091,0.09090909090909091,0,6,2,normal,false,5,18,105,4390,1100,675,0,true,true,false,0,0,6270,44,0,
89,tempted_2_0,6595,58,28,budget,0,99,true,4,645,141,181,0.017241379310344827,0.8103448275862069,0.15517241379310345,0.017241379310344827,0,14,2,normal,false,5,30,15,4165,1560,855,0,true,true,false,0,0,6595,58,0,
90,tempted_2_0,1510,17,4,lock,0,74,false,3,340,34,55,0,0.8823529411764706,0.11764705882352941,0,0,2,1,normal,false,9,4,0,1330,180,0,0,false,false,false,0,0,1510,17,0,
91,tempted_2_0,4213,32,2,budget,0,70,true,5,1290,90,142,0.09375,0.90625,0,0,0,4,1,normal,false,6,14,323,3890,0,0,0,false,false,false,0,0,4213,32,0,
92,tempted_2_0,2922,30,0,budget,0,50,true,4,450,64,131,0.5,0.5,0,0,0,3,18,crash,false,5,10,817,2105,0,0,0,false,false,false,0,0,2922,30,0,
93,tempted_2_0,2808,30,0,budget,0,69,true,5,420,65,114,0.3333333333333333,0.6666666666666666,0,0,0,3,7,normal,false,5,11,623,2185,0,0,0,false,false,true,0,0,2808,30,0,
94,tempted_2_0,10910,55,25,budget,1,100,false,5,1995,180,223,0,0.7454545454545455,0.14545454545454545,0.01818181818181818,0.09090909090909091,9,2,normal,false,4,24,0,5885,1410,1935,1680,false,true,false,1650,5,9260,50,1,3
95,tempted_2_0,8845,38,8,budget,0,84,true,8,1560,127,195,0.05263157894736842,0.8157894736842105,0.13157894736842105,0,0,6,4,normal,false,6,18,75,6560,2210,0,0,false,false,false,0,0,8845,38,0,
96,tempted_2_0,2190,22,2,lock,0,70,false,3,255,51,67,0,1,0,0,0,1,8,normal,false,4,12,0,2190,0,0,0,false,false,false,0,0,2190,22,0,
97,tempted_2_0,25085,83,53,budget,3,100,true,6,4610,250,350,0.07228915662650602,0.4819277108433735,0.21686746987951808,0.04819277108433735,0.18072289156626506,21,1,normal,false,7,35,105,4845,3040,9315,7780,false,true,false,7810,15,17275,68,3,4|2|2
98,tempted_2_0,5000,30,0,budget,0,64,false,6,1395,92,140,0,1,0,0,0,0,-1,normal,false,9,10,0,5000,0,0,0,false,false,false,0,0,5000,30,0,
99,tempted_2_0,3165,32,2,budget,0,70,true,3,525,75,123,0.09375,0.90625,0,0,0,2,1,normal,false,9,13,120,3045,0,0,0,false,false,true,0,0,3165,32,0,
100,tempted_2_0,16120,58,28,budget,2,100,true,7,4320,177,254,0.08620689655172414,0.5344827586206896,0.1206896551724138,0.08620689655172414,0.1724137931034483,10,3,crash,false,6,28,325,4565,1490,1800,7940,false,true,true,6720,10,9400,48,2,5|4
101,tempted_2_0,6218,40,10,budget,0,90,true,5,1200,117,172,0.15,0.6,0.2,0.05,0,6,2,crash,false,9,17,423,3585,1940,270,0,true,false,false,0,0,6218,40,0,
102,tempted_2_0,3960,30,0,budget,0,62,true,5,875,87,136,0.3,0.7,0,0,0,3,7,normal,false,5,11,685,3275,0,0,0,false,false,false,0,0,3960,30,0,
103,tempted_2_0,4410,34,4,budget,0,82,true,4,560,82,145,0.14705882352941177,0.8235294117647058,0.029411764705882353,0,0,5,1,crash,false,8,13,210,3660,540,0,0,false,false,false,0,0,4410,34,0,
104,tempted_2_0,4830,34,4,budget,0,89,true,4,900,96,132,0.029411764705882353,0.8235294117647058,0.11764705882352941,0.029411764705882353,0,3,6,normal,false,5,18,30,3040,1580,180,0,false,false,true,0,0,4830,34,0,
105,tempted_2_0,21028,70,40,budget,2,100,true,6,2220,224,331,0.07142857142857142,0.5285714285714286,0.2,0.05714285714285714,0.14285714285714285,16,3,crash,false,5,38,248,5370,6620,2370,6420,false,true,false,5800,10,15228,60,2,4|2
106,tempted_2_0,21066,72,42,budget,2,100,true,5,2580,210,295,0.125,0.5,0.19444444444444445,0.041666666666666664,0.1388888888888889,18,7,normal,false,7,36,486,4305,2700,315,13260,false,true,true,11600,10,9466,62,2,4|2
107,tempted_2_0,7781,52,22,budget,0,87,true,5,880,141,207,0.057692307692307696,0.7884615384615384,0.15384615384615385,0,0,11,5,normal,false,6,28,91,5080,2160,450,0,false,false,false,0,0,7781,52,0,
108,tempted_2_0,27690,107,77,budget,3,100,false,4,2340,353,442,0,0.5420560747663551,0.2336448598130841,0.08411214953271028,0.14018691588785046,28,1,normal,false,5,59,0,6395,6470,3165,11660,false,true,true,11670,15,16020,92,2,4|6
109,tempted_2_0,9583,47,17,budget,1,100,true,4,3040,129,201,0.06382978723404255,0.7021276595744681,0.06382978723404255,0.06382978723404255,0.10638297872340426,5,17,normal,false,5,23,228,4200,950,405,3800,false,false,true,3710,5,5873,42,1,3
110,tempted_2_0,3462,34,4,budget,0,84,true,4,1110,66,120,0.2647058823529412,0.6764705882352942,0.058823529411764705,0,0,4,2,crash,false,7,13,447,1575,1440,0,0,false,false,false,0,0,3462,34,0,
111,tempted_2_0,10615,55,25,budget,1,100,true,6,1365,154,226,0.05454545454545454,0.6909090909090909,0.16363636363636364,0,0.09090909090909091,10,18,normal,false,11,24,340,4545,2200,450,3080,false,false,true,3200,5,7415,50,1,2
112,tempted_2_0,3511,38,8,budget,0,83,true,3,375,77,142,0.23684210526315788,0.6578947368421053,0.10526315789473684,0,0,5,2,crash,false,5,18,366,2365,780,0,0,false,false,true,0,0,3511,38,0,
113,tempted_2_0,5271,32,2,budget,0,75,true,8,2125,100,136,0.09375,0.875,0.03125,0,0,3,13,normal,false,4,14,181,4940,150,0,0,false,false,false,0,0,5271,32,0,
114,tempted_2_0,3609,32,2,budget,0,73,true,6,990,90,132,0.21875,0.75,0.03125,0,0,3,2,normal,false,7,13,364,3155,90,0,0,false,false,true,0,0,3609,32,0,
115,tempted_2_0,3195,30,0,budget,0,50,true,4,315,75,138,0.3333333333333333,0.6666666666666666,0,0,0,2,7,normal,false,8,10,860,2335,0,0,0,false,false,false,0,0,3195,30,0,
116,tempted_2_0,4295,30,0,budget,0,66,false,5,965,97,129,0,1,0,0,0,0,-1,normal,false,8,11,0,4295,0,0,0,false,false,true,0,0,4295,30,0,
117,tempted_2_0,4040,30,0,budget,0,65,true,5,1095,93,131,0.06666666666666667,0.9333333333333333,0,0,0,2,7,normal,false,7,10,35,4005,0,0,0,false,false,false,0,0,4040,30,0,
118,tempted_2_0,7942,51,21,budget,1,100,true,6,1830,132,175,0.27450980392156865,0.49019607843137253,0.09803921568627451,0.0392156862745098,0.09803921568627451,11,2,normal,false,7,21,567,2570,2550,915,1340,false,false,true,1220,5,6722,46,1,3
119,tempted_2_0,5550,32,2,budget,0,80,true,5,755,124,163,0.0625,0.9375,0,0,0,2,14,normal,false,3,16,205,5165,180,0,0,false,false,true,0,0,5550,32,0,
120,tempted_2_0,3120,13,4,lock,0,93,false,5,1005,51,63,0,0.7692307692307693,0.15384615384615385,0.07692307692307693,0,2,10,normal,false,2,6,0,2475,510,135,0,true,false,false,0,0,3120,13,0,
121,tempted_2_0,5826,34,4,budget,0,94,true,4,570,118,199,0.29411764705882354,0.5588235294117647,0.11764705882352941,0.029411764705882353,0,3,1,crash,false,4,18,661,4175,720,270,0,true,false,false,0,0,5826,34,0,
122,tempted_2_0,3817,38,8,budget,0,94,true,3,350,79,146,0.4473684210526316,0.42105263157894735,0.10526315789473684,0.02631578947368421,0,8,2,crash,false,6,15,962,1650,800,405,0,true,false,false,0,0,3817,38,0,
123,tempted_2_0,6110,41,11,budget,1,100,true,4,1130,113,147,0.024390243902439025,0.8048780487804879,0.04878048780487805,0,0.12195121951219512,4,16,normal,false,10,15,15,3645,470,0,1980,false,false,false,1850,5,4260,36,0,
124,tempted_2_0,3850,32,2,budget,0,83,true,4,545,90,124,0,0.9375,0.0625,0,0,1,8,normal,false,4,12,30,3340,480,0,0,false,false,false,0,0,3850,32,0,
125,tempted_2_0,3176,30,0,budget,0,55,true,4,585,78,132,0.4,0.6,0,0,0,5,5,normal,false,4,13,626,2550,0,0,0,false,false,true,0,0,3176,30,0,
126,tempted_2_0,6675,40,10,budget,0,75,false,5,930,143,194,0,0.975,0.025,0,0,5,2,normal,false,5,21,0,5715,960,0,0,false,false,false,0,0,6675,40,0,
127,tempted_2_0,2936,30,0,budget,0,50,true,4,610,56,123,0.23333333333333334,0.7666666666666667,0,0,0,3,13,crash,false,5,12,281,2655,0,0,0,false,false,false,0,0,2936,30,0,
128,tempted_2_0,2742,34,4,budget,0,75,true,4,480,60,125,0.4411764705882353,0.5294117647058824,0.029411764705882353,0,0,5,3,crash,false,5,15,787,1535,420,0,0,false,false,false,0,0,2742,34,0,
129,tempted_2_0,2406,32,2,budget,0,73,true,4,325,67,105,0.25,0.71875,0.03125,0,0,3,2,normal,false,5,14,526,1700,180,0,0,false,false,false,0,0,2406,32,0,
130,tempted_2_0,9085,41,11,budget,1,100,true,6,1440,144,192,0.07317073170731707,0.7317073170731707,0.07317073170731707,0,0.12195121951219512,4,12,normal,false,4,21,110,4775,340,0,3860,false,false,true,3780,5,5305,36,1,2
131,tempted_2_0,4695,23,12,lock,0,82,false,5,1720,78,104,0,0.9130434782608695,0.08695652173913043,0,0,6,2,normal,false,5,10,0,2455,2240,0,0,false,false,false,0,0,4695,23,0,
132,tempted_2_0,4303,30,0,budget,0,62,true,6,608,70,154,0.1,0.9,0,0,0,3,7,normal,false,3,13,758,3545,0,0,0,false,false,true,0,0,4303,30,0,
133,tempted_2_0,2258,30,0,budget,0,62,true,4,420,66,86,0.23333333333333334,0.7666666666666667,0,0,0,5,8,normal,false,7,13,153,2105,0,0,0,false,false,false,0,0,2258,30,0,
134,tempted_2_0,2895,30,0,budget,0,68,true,3,550,63,118,0.13333333333333333,0.8666666666666667,0,0,0,3,5,normal,false,10,9,125,2770,0,0,0,false,false,false,0,0,2895,30,0,
135,tempted_2_0,9693,45,15,budget,1,100,true,4,1920,132,210,0.3111111111111111,0.4444444444444444,0.08888888888888889,0.044444444444444446,0.1111111111111111,12,1,normal,false,4,20,833,2670,980,690,4520,false,false,false,4580,5,5113,40,1,3
136,tempted_2_0,3261,30,0,budget,0,67,true,6,880,74,125,0.26666666666666666,0.7333333333333333,0,0,0,4,5,normal,false,4,11,536,2725,0,0,0,false,false,true,0,0,3261,30,0,
137,tempted_2_0,16480,60,30,budget,2,100,false,7,5500,179,246,0,0.6,0.18333333333333332,0.05,0.16666666666666666,12,2,normal,false,8,33,0,5150,1550,540,9240,false,true,false,8220,10,8260,50,2,5|3
138,tempted_2_0,5273,42,12,budget,0,82,true,4,740,127,165,0.14285714285714285,0.8333333333333334,0.023809523809523808,0,0,8,1,normal,false,4,20,303,3830,1140,0,0,false,false,true,0,0,5273,42,0,
139,tempted_2_0,3516,38,8,budget,0,92,true,3,315,98,131,0.15789473684210525,0.7894736842105263,0.02631578947368421,0.02631578947368421,0,5,8,normal,false,4,18,151,2660,390,315,0,true,false,false,0,0,3516,38,0,
140,tempted_2_0,3885,30,0,budget,0,63,true,6,965,79,114,0.06666666666666667,0.9333333333333333,0,0,0,1,30,normal,false,5,11,225,3660,0,0,0,false,false,true,0,0,3885,30,0,
141,tempted_2_0,19735,61,31,budget,3,100,true,5,2740,218,300,0.04918032786885246,0.5409836065573771,0.14754098360655737,0.01639344262295082,0.2459016393442623,10,1,normal,false,15,27,220,5085,3640,870,9920,false,false,true,8360,15,11375,46,3,3|2|6
142,tempted_2_0,15805,57,27,budget,1,100,false,7,3160,165,249,0,0.7368421052631579,0.14035087719298245,0.03508771929824561,0.08771929824561403,10,26,normal,false,7,32,0,4125,5730,2910,3040,false,true,true,5960,5,9845,52,0,
143,tempted_2_0,8556,49,19,budget,1,100,true,4,1080,135,206,0.10204081632653061,0.673469387755102,0.12244897959183673,0,0.10204081632653061,8,4,normal,false,5,26,296,4080,560,1260,2360,false,true,true,2500,5,6056,44,1,6
144,tempted_2_0,12900,54,24,budget,2,100,true,4,1500,151,229,0.14814814814814814,0.46296296296296297,0.16666666666666666,0.037037037037037035,0.18518518518518517,11,3,normal,false,6,26,635,2795,2200,1590,5680,false,false,true,4580,10,8320,44,2,2|5
145,tempted_2_0,12018,57,27,budget,1,100,true,4,1440,169,250,0.05263157894736842,0.6666666666666666,0.15789473684210525,0.03508771929824561,0.08771929824561403,14,5,normal,false,5,31,173,4430,3170,1305,2940,false,true,true,2490,5,9528,52,1,9
146,tempted_2_0,6240,40,10,budget,0,81,false,3,540,124,180,0,0.925,0.075,0,0,5,19,normal,false,8,18,0,4230,2010,0,0,false,false,false,0,0,6240,40,0,
147,tempted_2_0,2445,32,2,budget,0,72,true,3,255,70,90,0.0625,0.90625,0.03125,0,0,3,3,normal,false,4,15,75,2280,90,0,0,false,false,false,0,0,2445,32,0,
148,tempted_2_0,14120,59,29,budget,1,100,true,7,2160,187,252,0.03389830508474576,0.6440677966101694,0.1864406779661017,0.05084745762711865,0.0847457627118644,10,2,crash,false,7,28,30,5370,3390,3810,1520,false,true,false,2960,5,11160,54,1,7
149,tempted_2_0,3910,32,2,budget,0,73,true,5,1530,85,114,0.0625,0.90625,0.03125,0,0,2,18,normal,false,7,11,30,3790,90,0,0,false,false,true,0,0,3910,32,0,
150,tempted_2_0,6370,56,26,budget,0,90,true,4,585,137,177,0,0.8214285714285714,0.14285714285714285,0.03571428571428571,0,11,1,normal,false,8,25,30,3910,2160,270,0,true,false,false,0,0,6370,56,0,
151,tempted_2_0,4050,42,12,budget,0,82,true,3,500,97,132,0.11904761904761904,0.8095238095238095,0.07142857142857142,0,0,9,1,normal,false,4,22,105,2845,1100,0,0,false,false,true,0,0,4050,42,0,
152,tempted_2_0,4806,32,2,budget,0,72,true,6,1180,92,149,0.15625,0.84375,0,0,0,3,15,normal,false,6,15,431,3745,630,0,0,false,false,true,0,0,4806,32,0,
153,tempted_2_0,6309,42,12,budget,0,96,true,4,930,116,196,0.21428571428571427,0.5952380952380952,0.16666666666666666,0.023809523809523808,0,7,5,crash,false,7,21,649,2850,1460,1350,0,true,true,false,0,0,6309,42,0,
154,tempted_2_0,4725,36,6,budget,0,88,true,4,640,99,150,0,0.9444444444444444,0.027777777777777776,0.027777777777777776,0,2,28,normal,false,6,12,30,4185,330,180,0,false,false,false,0,0,4725,36,0,
155,tempted_2_0,4171,38,8,budget,0,80,true,3,300,107,159,0.10526315789473684,0.868421052631579,0.02631578947368421,0,0,6,4,normal,false,4,17,521,3200,450,0,0,false,false,true,0,0,4171,38,0,
156,tempted_2_0,4393,30,0,budget,0,66,true,6,630,88,130,0.06666666666666667,0.9333333333333333,0,0,0,2,13,normal,false,6,17,593,3800,0,0,0,false,false,true,0,0,4393,30,0,
157,tempted_2_0,7550,48,18,budget,0,86,true,5,740,144,210,0.020833333333333332,0.8541666666666666,0.125,0,0,10,1,normal,false,5,27,90,5520,1940,0,0,false,false,true,0,0,7550,48,0,
158,tempted_2_0,14225,57,27,budget,1,100,true,5,2800,161,231,0.03508771929824561,0.5614035087719298,0.2631578947368421,0.05263157894736842,0.08771929824561403,14,1,normal,false,5,30,40,3775,2110,900,7400,false,false,false,6850,5,7375,52,1,10
159,tempted_2_0,10169,57,27,budget,1,100,true,6,1605,169,234,0.22807017543859648,0.5087719298245614,0.15789473684210525,0.017543859649122806,0.08771929824561403,13,4,normal,false,4,28,744,5510,1350,765,1800,false,false,false,1770,5,8399,52,1,2
160,tempted_2_0,4670,38,8,budget,0,81,true,5,805,108,166,0.13157894736842105,0.7894736842105263,0.07894736842105263,0,0,7,2,normal,false,4,18,185,4095,390,0,0,false,false,true,0,0,4670,38,0,
161,tempted_2_0,3810,32,2,budget,0,72,true,7,930,90,125,0.0625,0.90625,0.03125,0,0,2,17,normal,false,9,11,235,3395,180,0,0,false,false,true,0,0,3810,32,0,
162,tempted_2_0,3385,32,2,budget,0,74,true,3,405,81,141,0.25,0.71875,0.03125,0,0,4,1,crash,false,5,12,350,2825,210,0,0,false,false,false,0,0,3385,32,0,
163,tempted_2_0,5393,32,2,budget,0,80,true,6,1365,99,159,0.25,0.75,0,0,0,2,2,crash,false,3,13,243,4970,180,0,0,false,false,false,0,0,5393,32,0,
164,tempted_2_0,2942,19,8,lock,0,94,true,4,600,41,79,0.3157894736842105,0.5263157894736842,0.15789473684210525,0,0,4,2,crash,false,4,9,212,1470,720,540,0,true,false,false,0,0,2942,19,0,
165,tempted_2_0,18960,88,58,budget,2,100,true,5,2520,260,340,0.022727272727272728,0.5568181818181818,0.2840909090909091,0.022727272727272728,0.11363636363636363,20,2,crash,false,7,46,105,5230,4240,2565,6820,false,false,false,6340,10,12620,78,1,2
166,tempted_2_0,2857,30,0,budget,0,50,true,4,390,74,132,0.36666666666666664,0.6333333333333333,0,0,0,5,5,crash,false,4,14,707,2150,0,0,0,false,false,false,0,0,2857,30,0,
167,tempted_2_0,5430,36,6,budget,0,93,true,5,760,117,177,0.08333333333333333,0.8055555555555556,0.1111111111111111,0,0,4,2,normal,false,5,16,275,4255,450,450,0,true,false,false,0,0,5430,36,0,
168,tempted_2_0,6283,38,8,budget,0,91,true,4,760,117,188,0.10526315789473684,0.8157894736842105,0.07894736842105263,0,0,6,6,normal,false,9,17,263,4405,670,945,0,true,false,false,0,0,6283,38,0,
169,tempted_2_0,4605,30,0,budget,0,64,true,4,630,107,150,0.06666666666666667,0.9333333333333333,0,0,0,2,13,normal,false,4,15,135,4470,0,0,0,false,false,true,0,0,4605,30,0,
170,tempted_2_0,2027,30,0,budget,0,62,true,4,270,52,120,0.6,0.4,0,0,0,4,5,normal,false,4,15,952,1075,0,0,0,false,false,false,0,0,2027,30,0,
171,tempted_2_0,1435,12,0,lock,0,50,false,3,345,27,55,0,1,0,0,0,0,-1,normal,false,4,4,0,1435,0,0,0,false,false,true,0,0,1435,12,0,
172,tempted_2_0,3941,32,2,budget,0,72,true,3,435,92,129,0.125,0.84375,0.03125,0,0,2,3,normal,false,4,13,146,3705,90,0,0,false,false,false,0,0,3941,32,0,
173,tempted_2_0,3245,30,0,budget,0,63,true,4,690,83,118,0.23333333333333334,0.7666666666666667,0,0,0,3,12,normal,false,7,12,305,2940,0,0,0,false,false,true,0,0,3245,30,0,
174,tempted_2_0,2386,30,0,budget,0,63,true,3,255,73,120,0.3333333333333333,0.6666666666666666,0,0,0,2,10,normal,false,2,16,471,1915,0,0,0,false,false,false,0,0,2386,30,0,
175,tempted_2_0,22670,78,48,budget,4,100,true,5,1815,271,357,0.05128205128205128,0.46153846153846156,0.16666666666666666,0.0641025641025641,0.2564102564102564,17,6,normal,false,5,45,305,5235,4200,3990,8940,false,false,false,9250,20,13420,58,2,4|3
176,tempted_2_0,11315,41,11,budget,1,100,true,6,5165,117,172,0.0975609756097561,0.6585365853658537,0.07317073170731707,0.04878048780487805,0.12195121951219512,6,1,crash,false,7,16,460,2760,530,5085,2480,false,false,false,2480,5,8835,36,1,5
177,tempted_2_0,2930,30,0,budget,0,68,true,4,330,90,118,0.2,0.8,0,0,0,3,7,normal,false,6,14,235,2695,0,0,0,false,false,false,0,0,2930,30,0,
178,tempted_2_0,4099,32,2,budget,0,72,true,5,960,89,152,0.25,0.71875,0.03125,0,0,4,5,normal,false,3,16,664,3315,120,0,0,false,false,true,0,0,4099,32,0,
179,tempted_2_0,4306,34,4,budget,0,81,true,4,570,104,165,0.14705882352941177,0.7941176470588235,0.058823529411764705,0,0,4,6,normal,false,4,16,576,3550,180,0,0,false,false,false,0,0,4306,34,0,
180,tempted_2_0,6570,30,0,budget,0,63,false,6,980,104,184,0,1,0,0,0,0,-1,normal,false,6,15,0,6570,0,0,0,false,false,false,0,0,6570,30,0,
181,tempted_2_0,4221,34,4,budget,0,74,true,6,1005,99,142,0.08823529411764706,0.8529411764705882,0.058823529411764705,0,0,3,14,normal,false,8,13,701,3310,210,0,0,false,false,true,0,0,4221,34,0,
182,tempted_2_0,6332,55,25,budget,1,100,true,3,660,129,190,0.2727272727272727,0.43636363636363634,0.14545454545454545,0.05454545454545454,0.09090909090909091,11,3,normal,false,6,26,797,2275,1430,990,840,false,true,false,900,5,5432,50,1,5
183,tempted_2_0,6351,30,0,budget,0,62,true,8,2640,106,187,0.2,0.8,0,0,0,5,7,normal,false,5,17,961,5390,0,0,0,false,false,true,0,0,6351,30,0,
184,tempted_2_0,2290,30,0,budget,0,69,true,3,275,65,99,0.26666666666666666,0.7333333333333333,0,0,0,3,13,normal,false,5,13,320,1970,0,0,0,false,false,false,0,0,2290,30,0,
185,tempted_2_0,17565,77,47,budget,1,100,false,7,3320,225,294,0,0.6233766233766234,0.2597402597402597,0.05194805194805195,0.06493506493506493,22,6,normal,false,6,37,0,4415,7550,2580,3020,false,true,false,3140,5,14425,72,1,4
186,tempted_2_0,7093,45,15,budget,1,100,true,6,1150,130,187,0.13333333333333333,0.6222222222222222,0.08888888888888889,0.044444444444444446,0.1111111111111111,7,8,crash,false,3,20,263,4640,540,450,1200,false,false,false,1110,5,5983,40,1,4
187,tempted_2_0,4005,32,2,budget,0,73,true,4,760,85,140,0.0625,0.90625,0.03125,0,0,2,2,crash,false,5,17,45,3840,120,0,0,false,false,false,0,0,4005,32,0,
188,tempted_2_0,4220,32,2,budget,0,72,true,4,785,86,149,0.09375,0.90625,0,0,0,1,3,crash,false,9,12,60,3980,180,0,0,false,false,true,0,0,4220,32,0,
189,tempted_2_0,7255,44,14,budget,0,94,true,5,1090,126,185,0.045454545454545456,0.7954545454545454,0.1590909090909091,0,0,6,10,crash,false,8,22,20,4455,2510,270,0,true,false,false,0,0,7255,44,0,
190,tempted_2_0,11075,55,25,budget,1,100,true,4,960,190,264,0.05454545454545454,0.6727272727272727,0.16363636363636364,0.01818181818181818,0.09090909090909091,10,1,normal,false,4,27,190,5155,2780,1170,1780,false,true,false,1060,5,10015,50,1,2
191,tempted_2_0,14079,60,30,budget,0,94,true,5,2355,161,288,0.2,0.6333333333333333,0.15,0.016666666666666666,0,17,1,crash,false,9,28,579,4785,5970,2745,0,true,false,false,0,0,14079,60,0,
192,tempted_2_0,1585,16,0,lock,0,62,true,5,353,31,73,0.5625,0.4375,0,0,0,0,-1,crash,false,6,4,640,945,0,0,0,false,false,false,0,0,1585,16,0,
193,tempted_2_0,4835,32,2,budget,0,74,true,4,485,108,149,0.03125,0.9375,0.03125,0,0,2,9,normal,false,5,12,45,4700,90,0,0,false,false,false,0,0,4835,32,0,
194,tempted_2_0,3991,34,4,budget,0,89,true,4,535,80,149,0.2647058823529412,0.6764705882352942,0.029411764705882353,0.029411764705882353,0,5,6,normal,false,6,16,231,3205,420,135,0,false,false,true,0,0,3991,34,0,
195,tempted_2_0,10043,52,22,budget,0,98,true,5,1410,148,244,0.15384615384615385,0.5769230769230769,0.17307692307692307,0.09615384615384616,0,13,2,normal,false,5,26,448,3640,4740,1215,0,true,true,true,0,0,10043,52,0,
196,tempted_2_0,3110,32,2,budget,0,74,true,4,430,72,108,0.0625,0.90625,0.03125,0,0,2,11,normal,false,4,14,80,2940,90,0,0,false,false,true,0,0,3110,32,0,
197,tempted_2_0,8688,46,16,budget,0,94,true,5,1440,145,224,0.13043478260869565,0.717391304347826,0.13043478260869565,0.021739130434782608,0,9,6,normal,false,3,23,368,4135,3600,585,0,true,false,false,0,0,8688,46,0,
198,tempted_2_0,10915,49,19,budget,1,100,false,5,3135,140,189,0,0.7142857142857143,0.12244897959183673,0.061224489795918366,0.10204081632653061,6,1,normal,false,9,17,0,3700,620,4215,2380,false,true,false,2260,5,8655,44,1,9
199,tempted_2_0,4070,32,2,budget,0,72,true,4,555,92,145,0.0625,0.90625,0.03125,0,0,3,2,normal,false,5,16,420,3560,90,0,0,false,false,true,0,0,4070,32,0,
200,tempted_2_0,3750,30,0,budget,0,64,true,5,1095,73,162,0.4666666666666667,0.5333333333333333,0,0,0,3,16,normal,false,6,15,975,2775,0,0,0,false,false,false,0,0,3750,30,0,
201,tempted_2_0,13884,57,27,budget,1,100,true,6,2940,166,251,0.12280701754385964,0.6491228070175439,0.12280701754385964,0.017543859649122806,0.08771929824561403,12,7,normal,false,10,28,429,3715,4910,1650,3180,false,false,true,3720,5,10164,52,1,3
202,tempted_2_0,1418,20,2,lock,0,73,true,3,170,38,69,0.2,0.75,0.05,0,0,3,2,normal,false,4,11,238,1060,120,0,0,false,false,true,0,0,1418,20,0,
203,tempted_2_0,5300,38,8,budget,0,80,false,3,505,119,162,0,0.9210526315789473,0.07894736842105263,0,0,4,16,normal,false,6,13,0,4580,720,0,0,false,false,false,0,0,5300,38,0,
204,tempted_2_0,3685,34,4,budget,0,79,false,4,790,82,123,0,0.9705882352941176,0.029411764705882353,0,0,2,20,normal,false,5,14,0,3505,180,0,0,false,false,true,0,0,3685,34,0,
205,tempted_2_0,4080,30,0,budget,0,50,true,4,645,76,146,0.23333333333333334,0.7666666666666667,0,0,0,5,4,normal,false,6,11,280,3800,0,0,0,false,false,false,0,0,4080,30,0,
206,tempted_2_0,3222,30,0,budget,0,59,true,5,1255,63,136,0.3,0.7,0,0,0,2,13,crash,false,7,10,477,2745,0,0,0,false,false,false,0,0,3222,30,0,
207,tempted_2_0,10015,56,26,budget,0,97,true,4,1140,161,230,0.07142857142857142,0.6964285714285714,0.17857142857142858,0.05357142857142857,0,12,1,crash,false,4,23,195,4390,4020,1410,0,true,true,false,0,0,10015,56,0,
208,tempted_2_0,3462,30,0,budget,0,62,true,4,425,77,144,0.36666666666666664,0.6333333333333333,0,0,0,3,13,normal,false,5,10,972,2490,0,0,0,false,false,true,0,0,3462,30,0,
209,tempted_2_0,2591,32,2,budget,0,77,true,3,285,61,111,0.28125,0.71875,0,0,0,4,2,crash,false,4,15,491,1920,180,0,0,false,false,false,0,0,2591,32,0,
210,tempted_2_0,6865,38,8,budget,0,84,false,4,930,125,191,0,0.9736842105263158,0.02631578947368421,0,0,4,2,normal,false,7,15,0,5275,1590,0,0,false,false,false,0,0,6865,38,0,
211,tempted_2_0,22296,51,21,budget,1,100,true,6,7200,167,287,0.17647058823529413,0.5686274509803921,0.0784313725490196,0.0784313725490196,0.09803921568627451,9,4,normal,false,4,32,751,3480,1270,1215,15580,false,false,false,15195,5,7101,46,1,6
212,tempted_2_0,5038,42,12,budget,0,85,true,6,1060,107,173,0.14285714285714285,0.7619047619047619,0.09523809523809523,0,0,6,2,crash,false,4,20,218,4010,810,0,0,false,false,false,0,0,5038,42,0,
213,tempted_2_0,8799,45,15,budget,1,100,true,4,2160,106,165,0.15555555555555556,0.5555555555555556,0.1111111111111111,0.06666666666666667,0.1111111111111111,7,1,normal,false,9,18,739,1435,590,3915,2120,false,true,false,3075,5,5724,40,1,7
214,tempted_2_0,28575,82,52,budget,2,100,true,7,4780,268,392,0.012195121951219513,0.5609756097560976,0.21951219512195122,0.08536585365853659,0.12195121951219512,23,5,normal,false,4,46,15,6955,6260,4665,10680,false,true,true,10390,10,18185,72,2,8|5
215,tempted_2_0,5830,45,15,budget,1,100,true,3,500,112,149,0.044444444444444446,0.6888888888888889,0.15555555555555556,0,0.1111111111111111,6,7,normal,false,4,20,35,3345,1050,180,1220,false,false,true,1280,5,4550,40,1,2
216,tempted_2_0,2805,36,6,budget,0,74,true,3,345,81,104,0.027777777777777776,0.8888888888888888,0.08333333333333333,0,0,4,2,normal,false,5,17,15,2460,330,0,0,false,false,false,0,0,2805,36,0,
217,tempted_2_0,3298,30,0,budget,0,50,true,4,495,74,125,0.1,0.9,0,0,0,2,8,normal,false,6,13,203,3095,0,0,0,false,false,false,0,0,3298,30,0,
218,tempted_2_0,4800,34,4,budget,0,75,true,5,890,103,166,0.20588235294117646,0.7352941176470589,0.058823529411764705,0,0,4,2,normal,false,4,17,315,4275,210,0,0,false,false,true,0,0,4800,34,0,
219,tempted_2_0,3855,32,4,lock,0,72,true,5,555,80,121,0.03125,0.96875,0,0,0,3,7,normal,false,4,12,15,3210,630,0,0,false,false,false,0,0,3855,32,0,
220,tempted_2_0,21380,80,50,budget,2,100,true,7,6420,252,315,0,0.6625,0.1625,0.05,0.125,18,4,normal,false,6,42,30,6240,3400,1710,10000,false,true,true,8520,10,12860,70,2,4|2
221,tempted_2_0,3100,34,4,budget,0,74,true,5,810,78,111,0.23529411764705882,0.7352941176470589,0.029411764705882353,0,0,8,1,normal,false,3,18,340,2580,180,0,0,false,false,false,0,0,3100,34,0,
222,tempted_2_0,11015,62,32,budget,2,100,false,4,1545,161,199,0,0.6612903225806451,0.11290322580645161,0.06451612903225806,0.16129032258064516,10,9,normal,false,8,32,0,3140,1520,2295,4060,false,true,false,3750,10,7265,52,2,6|2
223,tempted_2_0,4240,30,0,budget,0,56,true,8,1870,78,140,0.3,0.7,0,0,0,3,10,normal,false,3,14,485,3755,0,0,0,false,false,true,0,0,4240,30,0,
224,tempted_2_0,5787,34,4,budget,0,71,true,5,1470,123,209,0.3235294117647059,0.6764705882352942,0,0,0,4,9,normal,false,5,18,1077,4470,240,0,0,false,false,true,0,0,5787,34,0,
225,tempted_2_0,7237,32,2,budget,0,82,true,7,2820,109,183,0.25,0.71875,0.03125,0,0,4,1,normal,false,4,13,607,3720,2910,0,0,false,false,false,0,0,7237,32,0,
226,tempted_2_0,5707,32,2,budget,0,70,true,5,585,117,223,0.25,0.75,0,0,0,3,4,normal,false,8,19,1037,4670,0,0,0,false,false,true,0,0,5707,32,0,
227,tempted_2_0,6745,47,17,budget,1,100,true,4,600,120,173,0.10638297872340426,0.6808510638297872,0.0851063829787234,0.02127659574468085,0.10638297872340426,10,4,normal,false,7,24,310,2885,1560,390,1600,false,false,false,1600,5,5145,42,1,3
228,tempted_2_0,3900,40,10,budget,0,91,true,4,450,95,160,0.175,0.725,0.075,0.025,0,5,21,normal,false,5,18,720,2625,420,135,0,true,false,false,0,0,3900,40,0,
229,tempted_2_0,2261,30,0,budget,0,60,true,4,585,61,114,0.6,0.4,0,0,0,2,8,normal,false,7,8,761,1500,0,0,0,false,false,true,0,0,2261,30,0,
230,tempted_2_0,2965,18,13,lock,1,100,false,5,825,51,55,0,0.5,0.1111111111111111,0.1111111111111111,0.2777777777777778,3,8,keto,false,4,10,0,1380,370,315,900,false,false,true,840,5,2125,13,1,3
231,tempted_2_0,3950,36,6,budget,0,90,true,4,690,90,124,0.027777777777777776,0.8888888888888888,0.05555555555555555,0.027777777777777776,0,3,7,crash,false,7,13,0,3440,240,270,0,true,false,false,0,0,3950,36,0,
232,tempted_2_0,4768,41,11,budget,1,100,true,4,720,105,138,0.04878048780487805,0.7804878048780488,0.04878048780487805,0,0.12195121951219512,5,3,normal,false,5,15,353,2495,540,0,1380,false,false,false,1360,5,3408,36,0,
233,tempted_2_0,2105,30,0,budget,0,67,true,2,210,61,83,0.06666666666666667,0.9333333333333333,0,0,0,2,12,normal,false,4,13,75,2030,0,0,0,false,false,false,0,0,2105,30,0,
234,tempted_2_0,8190,43,13,budget,1,100,true,4,840,130,191,0.06976744186046512,0.7209302325581395,0.06976744186046512,0.023255813953488372,0.11627906976744186,5,1,normal,false,8,18,170,4240,1140,360,2280,false,false,true,2190,5,6000,38,1,2
235,tempted_2_0,3358,30,0,budget,0,56,true,3,595,70,127,0.16666666666666666,0.8333333333333334,0,0,0,1,13,normal,false,5,12,293,3065,0,0,0,false,false,false,0,0,3358,30,0,
236,tempted_2_0,8490,46,16,budget,0,98,true,6,1800,139,200,0.08695652173913043,0.8043478260869565,0.08695652173913043,0.021739130434782608,0,9,9,normal,false,7,24,75,4600,3680,135,0,true,true,true,0,0,8490,46,0,
237,tempted_2_0,6760,41,11,budget,1,100,true,3,870,138,186,0.12195121951219512,0.6585365853658537,0.07317073170731707,0.024390243902439025,0.12195121951219512,7,4,normal,false,3,21,215,4115,420,90,1920,false,true,false,1830,5,4930,36,1,3
238,tempted_2_0,1443,15,0,lock,0,66,true,3,510,33,64,0.4,0.6,0,0,0,2,11,crash,false,3,5,158,1285,0,0,0,false,false,false,0,0,1443,15,0,
239,tempted_2_0,10180,54,24,budget,0,94,true,5,2150,151,223,0.037037037037037035,0.7222222222222222,0.2037037037037037,0.037037037037037035,0,13,3,normal,false,10,24,40,4550,5230,360,0,true,false,false,0,0,10180,54,0,
240,tempted_2_0,22325,71,41,budget,1,100,true,5,3840,222,340,0.028169014084507043,0.5633802816901409,0.2535211267605634,0.08450704225352113,0.07042253521126761,19,3,normal,false,5,43,270,4825,5060,3870,8300,false,true,false,8900,5,13425,66,1,4
241,tempted_2_0,4096,30,0,budget,0,64,true,5,1085,94,150,0.26666666666666666,0.7333333333333333,0,0,0,2,15,normal,false,4,13,491,3605,0,0,0,false,false,false,0,0,4096,30,0,
242,tempted_2_0,3853,34,4,budget,0,70,true,4,625,88,153,0.23529411764705882,0.7647058823529411,0,0,0,4,15,normal,false,5,17,398,3455,0,0,0,false,false,false,0,0,3853,34,0,
243,tempted_2_0,14875,64,34,budget,2,100,false,4,1780,179,247,0,0.609375,0.1875,0.046875,0.15625,14,1,normal,false,7,29,0,3835,3780,1440,5820,false,false,false,4560,10,10315,54,2,3|6
244,tempted_2_0,5147,32,2,budget,0,70,true,6,1340,85,160,0.21875,0.78125,0,0,0,1,5,crash,false,4,12,482,4215,450,0,0,false,false,true,0,0,5147,32,0,
245,tempted_2_0,8883,50,20,budget,0,97,true,6,1080,147,213,0.06,0.7,0.18,0.06,0,8,3,crash,false,4,27,173,4945,1650,2115,0,true,true,true,0,0,8883,50,0,
246,tempted_2_0,5078,40,10,budget,0,92,true,6,1285,99,164,0.2,0.7,0.075,0.025,0,6,4,crash,false,8,15,588,3335,1020,135,0,true,false,true,0,0,5078,40,0,
247,tempted_2_0,13560,61,31,budget,1,100,true,5,1410,206,245,0.01639344262295082,0.5901639344262295,0.22950819672131148,0.08196721311475409,0.08196721311475409,14,2,keto,false,7,33,20,4990,2220,3210,3120,false,true,false,3330,5,10230,56,1,4
248,tempted_2_0,7390,38,8,budget,0,81,true,4,1560,121,195,0.10526315789473684,0.8947368421052632,0,0,0,6,8,normal,false,3,21,190,4830,2370,0,0,false,false,false,0,0,7390,38,0,
249,tempted_2_0,20374,67,37,budget,3,100,true,4,2760,209,350,0.13432835820895522,0.4626865671641791,0.1044776119402985,0.07462686567164178,0.22388059701492538,16,2,normal,false,5,37,659,4055,4290,3630,7740,false,true,true,7500,15,12874,52,3,3|4|3
250,tempted_2_0,5003,40,10,budget,0,90,true,5,840,92,172,0.25,0.6,0.125,0.025,0,8,7,crash,false,7,18,623,3045,930,405,0,true,false,false,0,0,5003,40,0,
251,tempted_2_0,3040,24,0,lock,0,64,true,4,735,64,97,0.125,0.875,0,0,0,1,20,normal,false,7,8,195,2845,0,0,0,false,false,false,0,0,3040,24,0,
252,tempted_2_0,9344,41,11,budget,1,100,true,6,1505,135,202,0.12195121951219512,0.7073170731707317,0.04878048780487805,0,0.12195121951219512,5,6,normal,false,5,16,489,5060,450,1425,1920,false,false,true,3245,5,6099,36,0,
253,tempted_2_0,10660,63,33,budget,1,100,false,5,2040,190,247,0,0.7142857142857143,0.15873015873015872,0.047619047619047616,0.07936507936507936,14,1,normal,false,12,31,0,5100,3880,360,1320,false,false,false,1290,5,9370,58,1,5
254,tempted_2_0,2764,30,0,budget,0,65,true,4,620,70,108,0.16666666666666666,0.8333333333333334,0,0,0,2,15,normal,false,5,13,224,2540,0,0,0,false,false,false,0,0,2764,30,0,
255,tempted_2_0,6854,46,16,budget,0,98,true,5,735,128,190,0.2391304347826087,0.5652173913043478,0.13043478260869565,0.06521739130434782,0,9,2,normal,false,8,23,1214,2385,1260,1995,0,true,true,false,0,0,6854,46,0,
256,tempted_2_0,10454,47,17,budget,1,100,true,5,3280,133,221,0.23404255319148937,0.5531914893617021,0.10638297872340426,0,0.10638297872340426,6,3,crash,false,4,23,969,2965,1260,360,4900,false,false,false,5290,5,5164,42,0,
257,tempted_2_0,11990,43,13,budget,1,100,true,5,3890,136,187,0,0.7674418604651163,0.06976744186046512,0.046511627906976744,0.11627906976744186,4,21,normal,false,5,16,30,3320,300,1500,6840,false,true,false,6810,5,5180,38,1,5
258,tempted_2_0,5515,24,13,lock,1,100,true,6,1325,67,107,0.041666666666666664,0.5,0.20833333333333334,0.041666666666666664,0.20833333333333334,6,1,normal,false,3,12,20,2655,900,360,1580,false,false,false,1430,5,4085,19,1,4
259,tempted_2_0,7108,30,0,budget,0,53,true,5,885,105,205,0.16666666666666666,0.8333333333333334,0,0,0,3,15,normal,false,4,13,388,6720,0,0,0,false,false,true,0,0,7108,30,0,
260,tempted_2_0,3415,30,0,budget,0,65,true,6,825,68,109,0,1,0,0,0,0,-1,normal,false,6,10,30,3385,0,0,0,false,false,false,0,0,3415,30,0,
261,tempted_2_0,34770,129,99,budget,3,100,true,8,6645,352,501,0.046511627906976744,0.43410852713178294,0.27906976744186046,0.12403100775193798,0.11627906976744186,38,3,crash,false,11,66,555,5010,8390,13215,7600,false,true,true,9155,15,25615,114,3,7|15|4
262,tempted_2_0,570,10,0,lock,0,53,true,2,150,15,28,0.2,0.8,0,0,0,2,8,normal,false,5,4,60,510,0,0,0,false,false,true,0,0,570,10,0,
263,tempted_2_0,4109,32,2,budget,0,72,true,5,705,83,137,0.1875,0.78125,0.03125,0,0,4,2,normal,false,8,15,259,3690,160,0,0,false,false,true,0,0,4109,32,0,
264,tempted_2_0,26135,61,31,budget,3,100,true,6,5340,215,284,0.03278688524590164,0.5573770491803278,0.08196721311475409,0.08196721311475409,0.2459016393442623,11,2,normal,false,4,29,300,4110,1440,2085,18200,false,true,false,13465,15,12670,46,3,3|5|2
265,tempted_2_0,9590,51,21,budget,1,100,false,4,2170,157,201,0,0.7647058823529411,0.11764705882352941,0.0196078431372549,0.09803921568627451,8,17,normal,false,7,23,0,4210,3640,360,1380,false,false,false,1050,5,8540,46,1,2
266,tempted_2_0,11725,71,41,budget,1,100,true,5,1020,183,247,0.028169014084507043,0.7183098591549296,0.18309859154929578,0,0.07042253521126761,18,1,crash,false,14,31,75,3970,4860,540,2280,false,false,false,1500,5,10225,66,1,2
267,tempted_2_0,11158,48,18,budget,2,100,true,5,2220,116,179,0.08333333333333333,0.5416666666666666,0.125,0.041666666666666664,0.20833333333333334,6,2,crash,false,13,19,333,2790,630,225,7180,false,true,false,7365,10,3793,38,2,4|4
268,tempted_2_0,6875,46,16,budget,0,92,true,4,800,128,188,0.06521739130434782,0.8260869565217391,0.10869565217391304,0,0,8,1,crash,false,7,19,200,3870,2130,675,0,true,false,false,0,0,6875,46,0,
269,tempted_2_0,13993,52,22,budget,2,100,true,7,1820,169,258,0.057692307692307696,0.5576923076923077,0.1346153846153846,0.057692307692307696,0.19230769230769232,8,1,normal,false,7,27,263,6475,950,825,5480,false,true,false,5360,10,8633,42,2,2|7
270,tempted_2_0,9781,61,31,budget,1,100,true,3,680,179,233,0.13114754098360656,0.5081967213114754,0.22950819672131148,0.04918032786885246,0.08196721311475409,16,15,normal,false,6,34,326,3355,3280,780,2040,false,false,false,1880,5,7901,56,1,6
271,tempted_2_0,5875,32,2,budget,0,82,true,5,885,113,207,0.40625,0.5625,0.03125,0,0,4,1,normal,false,5,15,1560,4015,300,0,0,false,false,false,0,0,5875,32,0,
272,tempted_2_0,10465,55,25,budget,1,100,true,4,1460,154,224,0.01818181818181818,0.6545454545454545,0.16363636363636364,0.07272727272727272,0.09090909090909091,11,2,normal,false,4,37,45,4190,3290,1080,1860,false,true,true,1770,5,8695,50,1,5
273,tempted_2_0,4265,36,6,budget,0,78,true,5,555,93,130,0.027777777777777776,0.8888888888888888,0.08333333333333333,0,0,3,8,normal,false,5,12,75,3830,360,0,0,false,false,true,0,0,4265,36,0,
274,tempted_2_0,4130,32,2,budget,0,70,true,5,930,86,131,0.0625,0.9375,0,0,0,3,9,normal,false,4,18,495,3635,0,0,0,false,false,true,0,0,4130,32,0,
275,tempted_2_0,3988,30,0,budget,0,57,true,4,630,75,129,0.1,0.9,0,0,0,2,20,normal,false,3,16,228,3760,0,0,0,false,false,true,0,0,3988,30,0,
276,tempted_2_0,3825,34,4,budget,0,80,true,4,525,80,144,0.14705882352941177,0.8235294117647058,0.029411764705882353,0,0,5,1,normal,false,3,20,135,3480,210,0,0,false,false,true,0,0,3825,34,0,
277,tempted_2_0,10475,49,19,budget,1,100,false,4,1360,139,206,0,0.7346938775510204,0.14285714285714285,0.02040816326530612,0.10204081632653061,8,2,normal,false,7,23,0,3255,2560,240,4420,false,false,false,4060,5,6415,44,1,4
278,tempted_2_0,195,4,0,lock,0,62,false,1,75,3,11,0,1,0,0,0,0,-1,normal,false,2,1,0,195,0,0,0,false,false,false,0,0,195,4,0,
279,tempted_2_0,3801,30,0,budget,0,62,true,7,1815,65,116,0.3333333333333333,0.6666666666666666,0,0,0,5,9,normal,false,4,13,271,3530,0,0,0,false,false,true,0,0,3801,30,0,
280,tempted_2_0,5525,34,4,budget,0,83,true,7,1380,100,144,0.029411764705882353,0.8823529411764706,0.08823529411764706,0,0,2,4,crash,false,5,12,60,4985,480,0,0,false,false,true,0,0,5525,34,0,
281,tempted_2_0,7930,47,17,budget,1,100,true,4,920,140,208,0.2765957446808511,0.46808510638297873,0.10638297872340426,0.0425531914893617,0.10638297872340426,10,1,normal,false,11,22,970,2935,700,1125,2200,false,false,false,2260,5,5670,42,1,4
282,tempted_2_0,3530,32,2,budget,0,82,true,4,700,78,125,0.15625,0.8125,0.03125,0,0,2,1,normal,false,6,10,225,2915,390,0,0,false,false,false,0,0,3530,32,0,
283,tempted_2_0,5285,36,6,budget,0,94,true,4,1040,104,168,0.2222222222222222,0.6388888888888888,0.1111111111111111,0.027777777777777776,0,6,3,normal,false,3,19,380,3030,1740,135,0,true,false,false,0,0,5285,36,0,
284,tempted_2_0,4936,30,0,budget,0,63,true,6,1500,89,145,0.13333333333333333,0.8666666666666667,0,0,0,1,26,normal,false,4,9,86,4850,0,0,0,false,false,true,0,0,4936,30,0,
285,tempted_2_0,5425,34,4,budget,0,80,true,4,570,89,159,0.029411764705882353,0.9411764705882353,0.029411764705882353,0,0,3,12,normal,false,6,17,15,4840,570,0,0,false,false,true,0,0,5425,34,0,
286,tempted_2_0,5130,30,0,budget,0,60,true,4,995,104,160,0.13333333333333333,0.8666666666666667,0,0,0,4,3,normal,false,2,16,65,5065,0,0,0,false,false,false,0,0,5130,30,0,
287,tempted_2_0,3390,30,0,budget,0,69,false,3,410,83,113,0,1,0,0,0,0,-1,normal,false,8,10,0,3390,0,0,0,false,false,false,0,0,3390,30,0,
288,tempted_2_0,12048,41,11,budget,1,100,true,5,1980,161,227,0.04878048780487805,0.7560975609756098,0.07317073170731707,0,0.12195121951219512,4,1,normal,false,7,19,203,6065,750,1170,3860,false,false,true,4370,5,7678,36,1,3
289,tempted_2_0,4364,34,4,budget,0,83,true,6,900,89,186,0.5294117647058824,0.4411764705882353,0.029411764705882353,0,0,3,9,crash,false,4,13,1559,1965,840,0,0,false,false,false,0,0,4364,34,0,
290,tempted_2_0,4953,30,0,budget,0,60,true,4,640,104,167,0.13333333333333333,0.8666666666666667,0,0,0,2,22,normal,false,3,16,518,4435,0,0,0,false,false,false,0,0,4953,30,0,
291,tempted_2_0,9970,45,15,budget,1,100,true,5,1740,137,202,0.13333333333333333,0.6666666666666666,0.08888888888888889,0,0.1111111111111111,9,1,normal,false,4,23,625,3225,2160,540,3420,false,false,false,3420,5,6550,40,1,3
292,tempted_2_0,5133,30,0,budget,0,62,true,6,1735,86,135,0.2,0.8,0,0,0,4,8,normal,false,6,12,248,4885,0,0,0,false,false,true,0,0,5133,30,0,
293,tempted_2_0,27940,71,41,budget,3,100,false,8,8010,244,335,0,0.647887323943662,0.11267605633802817,0.028169014084507043,0.2112676056338028,12,4,normal,false,12,28,0,6005,5680,5355,10900,false,true,false,13170,15,14770,56,2,3|4
294,tempted_2_0,8215,51,25,lock,1,100,true,4,1080,138,177,0.0392156862745098,0.6862745098039216,0.1568627450980392,0.0196078431372549,0.09803921568627451,10,4,normal,false,5,28,50,3435,1260,510,2960,false,false,false,2960,5,5255,46,1,2
295,tempted_2_0,7038,36,6,budget,0,82,true,7,2265,115,205,0.25,0.7222222222222222,0.027777777777777776,0,0,7,6,normal,false,8,16,428,5260,1350,0,0,false,false,false,0,0,7038,36,0,
296,tempted_2_0,2186,14,4,lock,0,84,true,4,730,37,64,0.21428571428571427,0.7142857142857143,0.07142857142857142,0,0,2,7,crash,false,5,5,76,1570,540,0,0,false,false,false,0,0,2186,14,0,
297,tempted_2_0,6631,39,9,budget,1,100,true,6,840,112,159,0.1794871794871795,0.6410256410256411,0.05128205128205128,0,0.1282051282051282,4,2,normal,false,6,15,486,4075,150,300,1620,false,false,false,1730,5,4901,34,0,
298,tempted_2_0,7265,36,6,budget,0,90,true,5,915,111,197,0.08333333333333333,0.8333333333333334,0.08333333333333333,0,0,5,2,normal,false,3,19,195,6110,690,270,0,true,false,true,0,0,7265,36,0,
299,tempted_2_0,5360,30,0,budget,0,63,true,5,915,112,166,0.03333333333333333,0.9666666666666667,0,0,0,1,11,normal,false,5,13,290,5070,0,0,0,false,false,false,0,0,5360,30,0,
300,tempted_2_0,3740,34,4,budget,0,87,true,3,460,94,149,0.2647058823529412,0.6470588235294118,0.08823529411764706,0,0,7,2,normal,false,8,15,630,2300,540,270,0,false,false,true,0,0,3740,34,0,
301,tempted_2_0,12310,66,36,budget,2,100,true,4,1350,194,249,0.030303030303030304,0.6515151515151515,0.13636363636363635,0.030303030303030304,0.15151515151515152,17,5,normal,false,4,37,60,5270,2440,720,3820,false,false,false,4140,10,8170,56,2,3|3
302,tempted_2_0,3585,30,0,budget,0,64,true,3,480,80,123,0.1,0.9,0,0,0,1,10,normal,false,12,6,60,3525,0,0,0,false,false,false,0,0,3585,30,0,
303,tempted_2_0,5659,30,0,budget,0,62,true,7,1065,99,176,0.16666666666666666,0.8333333333333334,0,0,0,3,7,normal,false,4,16,1214,4445,0,0,0,false,false,false,0,0,5659,30,0,
304,tempted_2_0,11273,45,15,budget,1,100,true,3,1140,154,215,0.2,0.4666666666666667,0.1111111111111111,0.1111111111111111,0.1111111111111111,6,1,normal,false,8,25,538,2575,2450,1890,3820,false,true,true,3800,5,7473,40,1,10
305,tempted_2_0,8145,32,2,budget,0,75,false,5,855,142,207,0,1,0,0,0,1,23,normal,false,7,15,0,7875,270,0,0,false,false,true,0,0,8145,32,0,
306,tempted_2_0,31738,100,70,budget,4,100,true,5,4740,316,420,0.05,0.44,0.22,0.09,0.2,30,1,normal,false,7,55,593,4490,7600,2835,16220,false,true,false,15140,20,16598,80,4,3|3|3|3
307,tempted_2_0,3475,30,0,budget,0,59,true,5,1050,62,147,0.5333333333333333,0.4666666666666667,0,0,0,4,4,crash,false,5,14,1095,2380,0,0,0,false,false,false,0,0,3475,30,0,
308,tempted_2_0,4615,30,0,budget,0,60,true,5,690,99,152,0.03333333333333333,0.9666666666666667,0,0,0,1,5,normal,false,7,13,395,4220,0,0,0,false,false,false,0,0,4615,30,0,
309,tempted_2_0,3175,30,0,budget,0,65,false,3,380,87,122,0,1,0,0,0,0,-1,normal,false,7,11,0,3175,0,0,0,false,false,false,0,0,3175,30,0,
310,tempted_2_0,14843,61,31,budget,1,100,true,7,5610,178,250,0.06557377049180328,0.6557377049180327,0.18032786885245902,0.01639344262295082,0.08196721311475409,13,6,normal,false,5,33,323,3880,3150,6030,1460,false,false,false,1940,5,12903,56,1,3
311,tempted_2_0,6115,47,17,budget,1,100,true,3,600,115,166,0.14893617021276595,0.6170212765957447,0.0851063829787234,0.0425531914893617,0.10638297872340426,9,1,normal,false,5,24,260,3095,720,360,1680,false,false,true,1560,5,4555,42,1,5
312,tempted_2_0,25845,54,24,budget,2,100,false,9,8130,210,286,0,0.5925925925925926,0.18518518518518517,0.037037037037037035,0.18518518518518517,8,1,normal,false,7,23,0,4825,4000,1500,15520,false,true,false,17200,10,8645,44,1,5
313,tempted_2_0,5810,32,2,budget,0,80,true,7,1325,109,162,0.0625,0.90625,0.03125,0,0,3,19,normal,false,5,17,100,5590,120,0,0,false,false,false,0,0,5810,32,0,
314,tempted_2_0,3779,30,0,budget,0,62,true,4,850,84,136,0.3,0.7,0,0,0,3,3,normal,false,7,13,359,3420,0,0,0,false,false,true,0,0,3779,30,0,
315,tempted_2_0,6222,46,16,budget,0,94,true,5,1365,108,204,0.2608695652173913,0.5869565217391305,0.13043478260869565,0.021739130434782608,0,11,6,crash,false,5,22,1262,1840,1770,1350,0,true,false,true,0,0,6222,46,0,
316,tempted_2_0,2677,32,2,budget,0,80,true,4,308,69,111,0.1875,0.78125,0.03125,0,0,3,5,normal,false,8,14,512,2075,90,0,0,false,false,false,0,0,2677,32,0,
317,tempted_2_0,2855,32,2,budget,0,73,true,3,310,79,126,0.0625,0.90625,0.03125,0,0,2,8,normal,false,4,18,45,2690,120,0,0,false,false,true,0,0,2855,32,0,
318,tempted_2_0,7200,42,12,budget,0,90,true,6,1650,130,194,0.047619047619047616,0.8809523809523809,0.047619047619047616,0.023809523809523808,0,6,10,normal,false,6,25,140,5815,930,315,0,true,false,false,0,0,7200,42,0,
319,tempted_2_0,4645,30,0,budget,0,68,true,7,1455,81,137,0.1,0.9,0,0,0,2,5,crash,false,8,12,30,4615,0,0,0,false,false,false,0,0,4645,30,0,
320,tempted_2_0,17870,72,42,budget,2,100,true,10,2715,235,309,0.013888888888888888,0.6388888888888888,0.1527777777777778,0.05555555555555555,0.1388888888888889,15,2,normal,false,7,40,45,9215,2270,3540,2800,false,true,false,2670,10,15200,62,2,6|3
321,tempted_2_0,4131,30,0,budget,0,62,true,5,780,70,143,0.23333333333333334,0.7666666666666667,0,0,0,3,10,normal,false,3,13,601,3530,0,0,0,false,false,true,0,0,4131,30,0,
322,tempted_2_0,4805,42,12,budget,0,84,true,4,660,107,153,0.11904761904761904,0.8095238095238095,0.07142857142857142,0,0,8,4,crash,false,6,19,150,3545,1110,0,0,false,false,false,0,0,4805,42,0,
323,tempted_2_0,4806,32,2,budget,0,76,true,4,500,90,164,0.25,0.75,0,0,0,4,2,crash,false,5,14,396,3960,450,0,0,false,false,false,0,0,4806,32,0,
324,tempted_2_0,24670,76,46,budget,4,100,true,5,2520,260,360,0.07894736842105263,0.4605263157894737,0.15789473684210525,0.039473684210526314,0.2631578947368421,14,1,crash,false,8,34,205,4790,3460,2955,13260,false,true,false,9760,20,14910,56,4,2|7|2|2
325,tempted_2_0,2695,30,0,budget,0,62,true,4,615,63,121,0.5333333333333333,0.4666666666666667,0,0,0,2,19,crash,false,7,11,600,2095,0,0,0,false,false,true,0,0,2695,30,0,
326,tempted_2_0,2608,30,0,budget,0,62,true,3,255,68,113,0.13333333333333333,0.8666666666666667,0,0,0,2,7,normal,false,6,9,288,2320,0,0,0,false,false,true,0,0,2608,30,0,
327,tempted_2_0,10020,53,23,budget,1,100,true,5,960,157,214,0.018867924528301886,0.7547169811320755,0.09433962264150944,0.03773584905660377,0.09433962264150944,10,2,normal,false,4,28,15,4600,2420,585,2400,false,true,false,2190,5,7830,48,1,5
328,tempted_2_0,5658,44,14,budget,0,94,true,4,690,108,183,0.20454545454545456,0.5909090909090909,0.1590909090909091,0.045454545454545456,0,7,5,crash,false,5,19,583,2860,1900,315,0,true,false,false,0,0,5658,44,0,
329,tempted_2_0,4155,30,0,budget,0,69,true,5,720,88,144,0.2,0.8,0,0,0,3,13,normal,false,5,10,370,3785,0,0,0,false,false,false,0,0,4155,30,0,
330,tempted_2_0,12800,57,27,budget,1,100,true,5,3720,156,206,0.05263157894736842,0.5789473684210527,0.24561403508771928,0.03508771929824561,0.08771929824561403,14,2,normal,false,7,28,45,2900,3200,1815,4840,false,false,true,4770,5,8030,52,1,5
331,tempted_2_0,6895,39,9,budget,1,100,true,6,1000,108,159,0.07692307692307693,0.7435897435897436,0.05128205128205128,0,0.1282051282051282,4,15,normal,false,5,20,165,3970,480,0,2280,false,false,false,1960,5,4935,34,1,2
332,tempted_2_0,4682,30,0,budget,0,67,true,5,675,105,170,0.3333333333333333,0.6666666666666666,0,0,0,5,12,normal,false,4,18,887,3795,0,0,0,false,false,true,0,0,4682,30,0,
333,tempted_2_0,5663,30,0,budget,0,64,true,6,1095,102,175,0.23333333333333334,0.7666666666666667,0,0,0,3,16,crash,false,2,19,508,5155,0,0,0,false,false,true,0,0,5663,30,0,
334,tempted_2_0,3486,30,0,budget,0,68,true,5,570,75,120,0.3333333333333333,0.6666666666666666,0,0,0,1,24,crash,false,5,12,326,3160,0,0,0,false,false,false,0,0,3486,30,0,
335,tempted_2_0,9610,50,20,budget,0,90,true,5,1620,156,220,0,0.78,0.18,0.04,0,9,9,normal,false,4,26,110,4075,3010,2415,0,true,false,false,0,0,9610,50,0,
336,tempted_2_0,4829,30,0,budget,0,50,true,5,1395,78,183,0.3,0.7,0,0,0,2,16,crash,false,9,9,459,4370,0,0,0,false,false,true,0,0,4829,30,0,
337,tempted_2_0,2926,34,4,budget,0,74,true,4,375,72,124,0.2647058823529412,0.6764705882352942,0.058823529411764705,0,0,3,1,crash,false,4,15,321,2305,300,0,0,false,false,true,0,0,2926,34,0,
338,tempted_2_0,11800,69,39,budget,1,100,false,4,1500,166,251,0,0.7246376811594203,0.18840579710144928,0.014492753623188406,0.07246376811594203,17,3,normal,false,6,31,0,4520,3470,90,3720,false,true,false,3690,5,8110,64,1,4
339,tempted_2_0,3395,30,0,budget,0,60,true,4,635,89,118,0.03333333333333333,0.9666666666666667,0,0,0,1,23,normal,false,4,14,15,3380,0,0,0,false,false,false,0,0,3395,30,0,
340,tempted_2_0,7731,46,16,budget,0,97,true,4,975,145,206,0.10869565217391304,0.7391304347826086,0.08695652173913043,0.06521739130434782,0,5,7,crash,false,5,23,181,5240,330,1980,0,true,true,true,0,0,7731,46,0,
341,tempted_2_0,10230,55,25,budget,1,100,true,6,2140,155,203,0,0.7090909090909091,0.14545454545454545,0.05454545454545454,0.09090909090909091,9,10,normal,false,8,25,30,4325,2660,1575,1640,false,true,false,690,5,9540,50,1,6
342,tempted_2_0,3838,40,10,budget,0,80,true,4,460,90,135,0.15,0.8,0.05,0,0,7,10,normal,false,4,19,263,3095,480,0,0,false,false,false,0,0,3838,40,0,
343,tempted_2_0,4153,30,0,budget,0,66,true,6,1080,85,136,0.26666666666666666,0.7333333333333333,0,0,0,2,14,normal,false,9,9,308,3845,0,0,0,false,false,false,0,0,4153,30,0,
344,tempted_2_0,4165,36,6,budget,0,86,true,3,330,88,161,0.16666666666666666,0.6944444444444444,0.1388888888888889,0,0,4,10,crash,false,4,15,275,3040,850,0,0,false,false,true,0,0,4165,36,0,
345,tempted_2_0,2172,30,0,budget,0,54,true,3,345,55,98,0.4,0.6,0,0,0,3,13,normal,false,9,7,337,1835,0,0,0,false,false,true,0,0,2172,30,0,
346,tempted_2_0,3255,34,4,budget,0,73,true,5,645,89,121,0.058823529411764705,0.9117647058823529,0.029411764705882353,0,0,3,6,normal,false,6,12,165,2970,120,0,0,false,false,false,0,0,3255,34,0,
347,tempted_2_0,5893,36,6,budget,0,90,true,4,840,115,211,0.3055555555555556,0.6111111111111112,0.05555555555555555,0.027777777777777776,0,7,7,crash,false,3,21,1138,4050,570,135,0,true,false,true,0,0,5893,36,0,
348,tempted_2_0,15811,66,36,budget,2,100,true,6,2730,202,320,0.19696969696969696,0.5151515151515151,0.10606060606060606,0.030303030303030304,0.15151515151515152,15,2,crash,false,7,33,1521,3300,4490,3540,2960,false,false,true,4745,10,11066,56,2,3|2
349,tempted_2_0,2475,30,0,budget,0,69,true,3,300,63,96,0.03333333333333333,0.9666666666666667,0,0,0,1,5,normal,false,4,9,15,2460,0,0,0,false,false,true,0,0,2475,30,0,
350,tempted_2_0,2516,30,0,budget,0,61,true,3,285,66,115,0.3,0.7,0,0,0,2,20,normal,false,4,12,431,2085,0,0,0,false,false,true,0,0,2516,30,0,
351,tempted_2_0,4035,30,0,budget,0,65,true,6,870,97,129,0.03333333333333333,0.9666666666666667,0,0,0,1,22,normal,false,5,11,15,4020,0,0,0,false,false,true,0,0,4035,30,0,
352,tempted_2_0,4423,38,8,budget,0,95,true,4,595,104,158,0.15789473684210525,0.7368421052631579,0.07894736842105263,0.02631578947368421,0,7,4,normal,false,4,20,148,3765,330,180,0,true,true,false,0,0,4423,38,0,
353,tempted_2_0,5717,34,4,budget,0,83,true,4,720,100,189,0.29411764705882354,0.6470588235294118,0.058823529411764705,0,0,3,2,normal,false,5,20,587,4410,720,0,0,false,false,true,0,0,5717,34,0,
354,tempted_2_0,2980,30,0,budget,0,62,false,3,315,74,111,0,1,0,0,0,0,-1,normal,false,9,11,0,2980,0,0,0,false,false,true,0,0,2980,30,0,
355,tempted_2_0,3746,30,0,budget,0,50,true,4,660,71,138,0.3333333333333333,0.6666666666666666,0,0,0,4,10,crash,false,4,12,366,3380,0,0,0,false,false,false,0,0,3746,30,0,
356,tempted_2_0,5730,40,10,budget,0,90,false,4,760,117,154,0,0.875,0.125,0,0,4,3,normal,false,7,10,0,4335,720,675,0,true,false,false,0,0,5730,40,0,
357,tempted_2_0,1830,8,10,lock,0,90,false,4,1320,23,24,0,0.625,0.25,0.125,0,5,3,deep,false,2,5,0,390,1440,0,0,true,false,true,0,0,1830,8,0,
358,tempted_2_0,6983,34,4,budget,0,82,true,6,1125,107,191,0.20588235294117646,0.7058823529411765,0.08823529411764706,0,0,6,5,normal,false,5,19,713,4560,1710,0,0,false,false,true,0,0,6983,34,0,
359,tempted_2_0,3890,30,0,budget,0,66,true,6,1305,77,127,0.16666666666666666,0.8333333333333334,0,0,0,2,15,crash,false,4,13,165,3725,0,0,0,false,false,false,0,0,3890,30,0,
360,tempted_2_0,7660,45,15,budget,1,100,false,5,915,138,178,0,0.8,0.08888888888888889,0,0.1111111111111111,5,23,normal,false,5,20,0,4390,810,180,2280,false,false,true,2240,5,5420,40,1,2
361,tempted_2_0,9935,51,21,budget,1,100,true,5,1020,156,215,0.0784313725490196,0.6470588235294118,0.11764705882352941,0.058823529411764705,0.09803921568627451,10,1,normal,false,13,19,515,3495,1770,1575,2580,false,true,false,2550,5,7385,46,1,5
362,tempted_2_0,6052,36,6,budget,0,85,true,5,915,107,199,0.2777777777777778,0.6666666666666666,0.05555555555555555,0,0,8,3,normal,false,2,24,967,3765,1320,0,0,false,false,true,0,0,6052,36,0,
363,tempted_2_0,2940,32,2,budget,0,73,true,4,505,74,121,0.1875,0.78125,0.03125,0,0,4,8,normal,false,6,13,320,2440,180,0,0,false,false,true,0,0,2940,32,0,
364,tempted_2_0,2336,34,4,budget,0,77,true,3,295,64,112,0.47058823529411764,0.47058823529411764,0.058823529411764705,0,0,3,6,normal,false,7,11,656,1470,210,0,0,false,false,true,0,0,2336,34,0,
365,tempted_2_0,12285,50,20,budget,0,95,true,5,2000,186,272,0,0.84,0.14,0.02,0,8,5,normal,false,4,22,110,7195,4080,900,0,true,true,false,0,0,12285,50,0,
366,tempted_2_0,5600,32,2,budget,0,78,true,5,1205,109,155,0.03125,0.96875,0,0,0,2,3,normal,false,6,14,20,5340,240,0,0,false,false,false,0,0,5600,32,0,
367,tempted_2_0,13175,45,15,budget,1,100,true,6,2520,146,217,0.022222222222222223,0.7555555555555555,0.06666666666666667,0.044444444444444446,0.1111111111111111,6,1,normal,false,4,26,15,5440,630,330,6760,false,false,true,6820,5,6355,40,1,3
368,tempted_2_0,2963,30,0,budget,0,50,true,3,355,74,129,0.36666666666666664,0.6333333333333333,0,0,0,3,5,normal,false,4,11,648,2315,0,0,0,false,false,false,0,0,2963,30,0,
369,tempted_2_0,3958,30,0,budget,0,64,true,4,510,82,144,0.16666666666666666,0.8333333333333334,0,0,0,2,9,normal,false,6,9,203,3755,0,0,0,false,false,true,0,0,3958,30,0,
370,tempted_2_0,465,5,0,lock,0,62,false,2,120,9,21,0,1,0,0,0,0,-1,normal,false,4,1,0,465,0,0,0,false,false,true,0,0,465,5,0,
371,tempted_2_0,3190,34,4,budget,0,73,true,3,300,82,116,0,0.9705882352941176,0.029411764705882353,0,0,2,20,normal,false,7,12,30,2860,300,0,0,false,false,false,0,0,3190,34,0,
372,tempted_2_0,12700,69,39,budget,1,100,false,4,1520,214,258,0,0.6376811594202898,0.2463768115942029,0.043478260869565216,0.07246376811594203,16,6,normal,false,4,38,0,4900,2460,3780,1560,false,true,false,1180,5,11520,64,1,2
373,tempted_2_0,4720,38,8,budget,0,84,true,4,485,106,141,0,0.9473684210526315,0.05263157894736842,0,0,4,23,normal,false,7,18,30,4030,660,0,0,false,false,false,0,0,4720,38,0,
374,tempted_2_0,10985,51,21,budget,1,100,true,8,1700,200,250,0.0392156862745098,0.7058823529411765,0.13725490196078433,0.0196078431372549,0.09803921568627451,9,2,normal,false,9,23,130,7920,1150,405,1380,false,false,true,1500,5,9485,46,0,
375,tempted_2_0,3205,30,0,budget,0,52,true,3,315,81,125,0.13333333333333333,0.8666666666666667,0,0,0,3,20,normal,false,5,13,240,2965,0,0,0,false,false,true,0,0,3205,30,0,
376,tempted_2_0,6640,32,2,budget,0,70,true,5,660,118,182,0.0625,0.9375,0,0,0,3,9,normal,false,4,15,70,6570,0,0,0,false,false,false,0,0,6640,32,0,
377,tempted_2_0,9536,54,24,budget,0,97,true,5,1680,156,231,0.14814814814814814,0.6481481481481481,0.16666666666666666,0.037037037037037035,0,14,3,normal,false,9,22,696,3525,3560,1755,0,true,true,false,0,0,9536,54,0,
378,tempted_2_0,2548,30,0,budget,0,65,true,3,255,73,107,0.1,0.9,0,0,0,2,11,normal,false,7,10,128,2420,0,0,0,false,false,true,0,0,2548,30,0,
379,tempted_2_0,27675,90,60,budget,4,100,true,5,2650,287,392,0,0.5333333333333333,0.18888888888888888,0.05555555555555555,0.2222222222222222,20,1,normal,false,6,41,40,4465,7380,3090,12700,false,false,false,11910,20,15765,70,3,5|4|2
380,tempted_2_0,13745,58,28,budget,2,100,false,4,2520,165,206,0,0.5689655172413793,0.2413793103448276,0.017241379310344827,0.1724137931034483,9,14,normal,false,11,31,0,3010,2280,1575,6880,false,false,false,6280,10,7465,48,2,3|4
381,tempted_2_0,19245,68,38,budget,2,100,false,5,3080,220,300,0,0.5882352941176471,0.22058823529411764,0.04411764705882353,0.14705882352941177,14,3,normal,false,4,41,0,6925,3360,2880,6080,false,true,false,3330,10,15915,58,2,2|6
382,tempted_2_0,4090,30,0,budget,0,66,true,5,643,81,176,0.43333333333333335,0.5666666666666667,0,0,0,4,12,normal,false,5,13,1360,2730,0,0,0,false,false,true,0,0,4090,30,0,
383,tempted_2_0,4160,30,0,budget,0,66,true,5,1080,93,148,0.23333333333333334,0.7666666666666667,0,0,0,3,24,normal,false,3,13,360,3800,0,0,0,false,false,true,0,0,4160,30,0,
384,tempted_2_0,2861,30,2,lock,0,74,true,4,525,72,113,0.23333333333333334,0.7333333333333333,0.03333333333333333,0,0,6,2,normal,false,3,14,416,2355,90,0,0,false,false,true,0,0,2861,30,0,
385,tempted_2_0,10575,53,23,budget,1,100,true,6,1920,140,208,0.05660377358490566,0.660377358490566,0.1509433962264151,0.03773584905660377,0.09433962264150944,9,3,normal,false,4,30,75,4240,3410,1530,1320,false,true,false,2320,5,8255,48,1,5
386,tempted_2_0,22265,87,57,budget,3,100,true,5,3960,269,351,0.04597701149425287,0.4942528735632184,0.22988505747126436,0.05747126436781609,0.1724137931034483,23,2,crash,false,4,46,60,5155,6360,990,9700,false,true,false,8000,15,14265,72,3,7|2|3
387,tempted_2_0,17235,57,27,budget,3,100,true,5,2460,182,241,0.017543859649122806,0.5263157894736842,0.15789473684210525,0.03508771929824561,0.2631578947368421,9,1,normal,false,6,23,105,4105,1750,3015,8260,false,false,false,8140,15,9095,42,3,2|5|6
388,tempted_2_0,2640,30,0,budget,0,69,true,3,340,70,101,0.03333333333333333,0.9666666666666667,0,0,0,1,28,normal,false,4,12,105,2535,0,0,0,false,false,false,0,0,2640,30,0,
389,tempted_2_0,4128,30,0,budget,0,57,true,5,610,84,170,0.36666666666666664,0.6333333333333333,0,0,0,2,19,normal,false,8,10,1018,3110,0,0,0,false,false,true,0,0,4128,30,0,
390,tempted_2_0,4145,32,2,budget,0,71,true,3,650,100,139,0.03125,0.96875,0,0,0,2,5,normal,false,5,17,15,4130,0,0,0,false,false,true,0,0,4145,32,0,
391,tempted_2_0,3318,30,0,budget,0,53,true,4,630,79,134,0.3333333333333333,0.6666666666666666,0,0,0,4,5,normal,false,3,15,503,2815,0,0,0,false,false,false,0,0,3318,30,0,
392,tempted_2_0,6628,43,13,budget,1,100,true,5,960,110,170,0.13953488372093023,0.5581395348837209,0.13953488372093023,0.046511627906976744,0.11627906976744186,7,2,crash,false,10,20,448,2965,710,225,2280,false,false,false,1410,5,5218,38,1,3
393,tempted_2_0,3969,32,2,budget,0,81,true,4,580,87,177,0.375,0.5625,0.0625,0,0,2,1,normal,false,6,15,1179,2280,510,0,0,false,false,false,0,0,3969,32,0,
394,tempted_2_0,12918,51,21,budget,1,100,true,4,2320,155,234,0.11764705882352941,0.5490196078431373,0.19607843137254902,0.0392156862745098,0.09803921568627451,10,2,crash,false,5,26,553,3050,1730,2505,5080,false,true,true,4810,5,8108,46,1,4
395,tempted_2_0,3480,32,2,budget,0,74,true,4,450,87,120,0.03125,0.9375,0.03125,0,0,2,21,normal,false,3,15,130,3260,90,0,0,false,false,false,0,0,3480,32,0,
396,tempted_2_0,12690,53,23,budget,1,100,true,5,1450,173,263,0.03773584905660377,0.6792452830188679,0.11320754716981132,0.07547169811320754,0.09433962264150944,9,2,normal,false,5,25,350,4840,4010,1530,1960,false,true,true,1520,5,11170,48,1,5
397,tempted_2_0,8899,51,21,budget,1,100,true,5,1460,125,195,0.13725490196078433,0.6078431372549019,0.13725490196078433,0.0196078431372549,0.09803921568627451,10,2,normal,false,5,24,244,2615,2490,270,3280,false,true,true,2270,5,6629,46,1,2
398,tempted_2_0,7480,20,14,lock,0,90,false,6,4020,72,98,0,0.7,0.3,0,0,6,2,normal,false,3,12,0,1580,1940,3960,0,true,false,true,0,0,7480,20,0,
399,tempted_2_0,7305,38,8,budget,0,84,true,6,915,136,194,0.07894736842105263,0.8421052631578947,0.07894736842105263,0,0,5,2,normal,false,6,17,555,5520,1230,0,0,false,false,false,0,0,7305,38,0,
400,tempted_2_0,3190,30,0,budget,0,62,true,4,520,75,113,0.23333333333333334,0.7666666666666667,0,0,0,5,10,normal,false,5,11,280,2910,0,0,0,false,false,false,0,0,3190,30,0,
401,tempted_2_0,5675,32,2,budget,0,71,true,5,660,116,182,0.0625,0.9375,0,0,0,1,6,crash,false,3,15,15,5660,0,0,0,false,false,false,0,0,5675,32,0,
402,tempted_2_0,3750,34,4,budget,0,72,false,3,510,90,122,0,0.9705882352941176,0.029411764705882353,0,0,2,5,normal,false,4,14,0,3570,180,0,0,false,false,true,0,0,3750,34,0,
403,tempted_2_0,4130,30,0,budget,0,66,true,4,615,98,140,0.2,0.8,0,0,0,5,3,normal,false,2,16,115,4015,0,0,0,false,false,true,0,0,4130,30,0,
404,tempted_2_0,4525,32,2,budget,0,73,true,4,560,87,158,0.1875,0.78125,0.03125,0,0,4,2,normal,false,3,15,180,4255,90,0,0,false,false,false,0,0,4525,32,0,
405,tempted_2_0,1615,7,0,lock,0,60,false,5,865,23,40,0,1,0,0,0,0,-1,normal,false,4,2,0,1615,0,0,0,false,false,false,0,0,1615,7,0,
406,tempted_2_0,12475,45,15,budget,1,100,true,5,2020,159,238,0.1111111111111111,0.6444444444444445,0.1111111111111111,0.022222222222222223,0.1111111111111111,10,3,normal,false,6,22,165,5330,2440,120,4420,false,false,false,4060,5,8415,40,1,3
407,tempted_2_0,14645,45,15,budget,1,100,true,6,4440,149,216,0,0.7777777777777778,0.08888888888888889,0.022222222222222223,0.1111111111111111,5,1,normal,false,7,16,30,4945,1590,3780,4300,false,false,false,3970,5,10675,40,1,3
408,tempted_2_0,4870,32,2,budget,0,74,true,6,1125,108,144,0.03125,0.9375,0.03125,0,0,2,1,normal,false,9,11,85,4695,90,0,0,false,false,false,0,0,4870,32,0,
409,tempted_2_0,3219,30,0,budget,0,50,true,6,543,80,153,0.5666666666666667,0.43333333333333335,0,0,0,4,12,normal,false,5,16,1329,1890,0,0,0,false,false,true,0,0,3219,30,0,
410,tempted_2_0,3768,30,0,budget,0,52,true,6,1180,83,142,0.23333333333333334,0.7666666666666667,0,0,0,4,14,crash,false,3,12,403,3365,0,0,0,false,false,false,0,0,3768,30,0,
411,tempted_2_0,4840,34,4,budget,0,80,false,7,2025,92,129,0,0.9411764705882353,0.058823529411764705,0,0,2,17,normal,false,4,17,0,4660,180,0,0,false,false,true,0,0,4840,34,0,
412,tempted_2_0,15825,63,33,budget,1,100,true,5,1680,198,296,0.07936507936507936,0.6507936507936508,0.12698412698412698,0.06349206349206349,0.07936507936507936,16,2,normal,false,6,34,120,4465,6160,1440,3640,false,true,true,3760,5,12065,58,1,4
413,tempted_2_0,655,6,4,lock,0,80,false,3,300,16,16,0,0.6666666666666666,0.3333333333333333,0,0,1,3,normal,false,2,3,0,475,180,0,0,false,false,false,0,0,655,6,0,
414,tempted_2_0,2920,11,9,lock,1,100,false,3,1020,28,22,0,0.18181818181818182,0.2727272727272727,0.09090909090909091,0.45454545454545453,3,2,normal,false,1,9,0,60,210,90,2560,false,false,false,2170,5,750,6,1,4
415,tempted_2_0,7006,50,20,budget,0,97,true,4,690,143,193,0.14,0.66,0.18,0.02,0,12,11,normal,false,4,28,501,3595,1350,1560,0,true,true,true,0,0,7006,50,0,
416,tempted_2_0,10529,53,23,budget,1,100,true,4,1240,132,225,0.33962264150943394,0.33962264150943394,0.1509433962264151,0.07547169811320754,0.09433962264150944,12,4,crash,false,5,26,974,1920,1950,2925,2760,false,true,false,2460,5,8069,48,1,3
417,tempted_2_0,3720,36,6,budget,0,81,true,3,410,103,132,0.08333333333333333,0.8611111111111112,0.05555555555555555,0,0,5,1,normal,false,5,18,155,3155,410,0,0,false,false,false,0,0,3720,36,0,
418,tempted_2_0,15921,61,31,budget,3,100,true,6,3670,183,237,0.16393442622950818,0.45901639344262296,0.11475409836065574,0.01639344262295082,0.2459016393442623,9,1,crash,false,9,23,701,2925,1690,1665,8940,false,false,true,10030,15,5891,46,2,2|4
419,tempted_2_0,5630,34,4,budget,0,82,true,5,1265,104,161,0.058823529411764705,0.8823529411764706,0.058823529411764705,0,0,3,18,normal,false,6,14,195,4325,1110,0,0,false,false,false,0,0,5630,34,0,
420,tempted_2_0,6311,42,12,budget,0,94,true,4,1395,111,186,0.21428571428571427,0.6666666666666666,0.09523809523809523,0.023809523809523808,0,10,2,normal,false,5,24,856,2460,2590,405,0,true,false,false,0,0,6311,42,0,
421,tempted_2_0,4546,34,4,budget,0,80,true,4,480,101,166,0.2647058823529412,0.6764705882352942,0.058823529411764705,0,0,3,6,crash,false,5,17,371,3605,570,0,0,false,false,false,0,0,4546,34,0,
422,tempted_2_0,5380,34,4,budget,0,77,false,4,570,114,165,0,0.9705882352941176,0.029411764705882353,0,0,2,12,normal,false,5,16,0,4720,660,0,0,false,false,true,0,0,5380,34,0,
423,tempted_2_0,3500,36,6,budget,0,81,true,4,340,73,149,0.3333333333333333,0.6388888888888888,0.027777777777777776,0,0,5,3,crash,false,6,17,985,1975,540,0,0,false,false,true,0,0,3500,36,0,
424,tempted_2_0,3140,32,2,budget,0,80,false,4,430,82,111,0,0.96875,0.03125,0,0,1,18,normal,false,8,9,0,3050,90,0,0,false,false,true,0,0,3140,32,0,
425,tempted_2_0,2148,32,2,budget,0,84,true,3,210,53,96,0.09375,0.84375,0.0625,0,0,1,4,crash,false,6,12,113,1825,210,0,0,false,false,false,0,0,2148,32,0,
426,tempted_2_0,4060,38,8,budget,0,90,false,3,390,102,126,0,0.9210526315789473,0.05263157894736842,0.02631578947368421,0,4,6,normal,false,5,19,0,3310,480,270,0,true,false,false,0,0,4060,38,0,
427,tempted_2_0,16490,62,32,budget,2,100,true,5,2580,187,240,0,0.6774193548387096,0.11290322580645161,0.04838709677419355,0.16129032258064516,12,1,normal,false,5,31,60,5000,1010,1980,8440,false,false,false,8680,10,7810,52,2,2|4
428,tempted_2_0,4185,42,18,lock,0,85,true,3,820,97,146,0.19047619047619047,0.6904761904761905,0.11904761904761904,0,0,9,2,crash,false,5,21,425,2190,1570,0,0,false,false,false,0,0,4185,42,0,
429,tempted_2_0,6308,38,8,budget,0,97,true,4,1050,112,173,0.21052631578947367,0.6842105263157895,0.07894736842105263,0.02631578947368421,0,6,4,normal,false,5,20,518,3525,690,1575,0,true,true,false,0,0,6308,38,0,
430,tempted_2_0,6510,34,4,budget,0,87,true,5,815,120,175,0.029411764705882353,0.9117647058823529,0.058823529411764705,0,0,2,12,crash,false,5,13,0,5500,1010,0,0,false,false,false,0,0,6510,34,0,
431,tempted_2_0,3630,30,0,budget,0,59,true,4,420,94,148,0.13333333333333333,0.8666666666666667,0,0,0,1,18,crash,false,8,9,225,3405,0,0,0,false,false,false,0,0,3630,30,0,
432,tempted_2_0,280,2,0,lock,0,62,false,2,160,6,10,0,1,0,0,0,0,-1,normal,false,2,0,0,280,0,0,0,false,false,false,0,0,280,2,0,
433,tempted_2_0,5159,41,11,budget,1,100,true,3,480,103,153,0.21951219512195122,0.5609756097560976,0.07317073170731707,0.024390243902439025,0.12195121951219512,6,13,crash,false,5,21,264,3285,260,90,1260,false,true,false,870,5,4289,36,1,3
434,tempted_2_0,3033,32,2,budget,0,77,true,3,470,77,125,0.3125,0.65625,0.03125,0,0,6,6,normal,false,5,15,623,2320,90,0,0,false,false,true,0,0,3033,32,0,
435,tempted_2_0,5910,56,26,budget,0,92,true,3,960,121,163,0.07142857142857142,0.6964285714285714,0.17857142857142858,0.05357142857142857,0,15,2,normal,false,5,28,115,2960,1620,1215,0,true,false,false,0,0,5910,56,0,
436,tempted_2_0,12309,47,17,budget,1,100,true,5,2440,160,224,0.1702127659574468,0.6595744680851063,0.06382978723404255,0,0.10638297872340426,9,11,normal,false,6,28,409,4090,2090,0,5720,false,false,false,5830,5,6479,42,0,
437,tempted_2_0,240,2,2,lock,0,73,false,2,210,6,3,0,1,0,0,0,1,2,normal,false,1,1,0,60,180,0,0,false,false,true,0,0,240,2,0,
438,tempted_2_0,5075,36,6,budget,0,78,true,6,1345,93,143,0.05555555555555555,0.8888888888888888,0.05555555555555555,0,0,3,8,crash,false,7,15,60,3965,1050,0,0,false,false,false,0,0,5075,36,0,
439,tempted_2_0,11310,58,28,budget,0,93,true,6,1345,207,265,0,0.7586206896551724,0.22413793103448276,0.017241379310344827,0,13,12,normal,false,10,27,60,6650,4420,180,0,true,false,true,0,0,11310,58,0,
440,tempted_2_0,4845,34,4,budget,0,82,true,4,545,100,183,0.20588235294117646,0.7647058823529411,0.029411764705882353,0,0,3,1,normal,false,4,15,465,3870,510,0,0,false,false,false,0,0,4845,34,0,
441,tempted_2_0,9615,47,17,budget,1,100,true,5,900,143,206,0,0.8085106382978723,0.06382978723404255,0.02127659574468085,0.10638297872340426,6,6,normal,false,7,23,50,4395,2790,120,2260,false,true,false,1480,5,8135,42,1,2
442,tempted_2_0,5278,30,0,budget,0,61,true,7,1680,102,149,0.2,0.8,0,0,0,3,11,normal,false,4,14,288,4990,0,0,0,false,false,true,0,0,5278,30,0,
443,tempted_2_0,9603,61,31,budget,1,100,true,4,1340,175,237,0.18032786885245902,0.5245901639344263,0.14754098360655737,0.06557377049180328,0.08196721311475409,15,2,normal,false,11,33,513,4785,1370,675,2260,false,false,false,2230,5,7373,56,1,6
444,tempted_2_0,5950,32,2,budget,0,72,true,6,1330,105,161,0.0625,0.90625,0.03125,0,0,3,6,normal,false,5,10,75,5725,150,0,0,false,false,false,0,0,5950,32,0,
445,tempted_2_0,14790,63,33,budget,1,100,true,4,1360,192,283,0.031746031746031744,0.5555555555555556,0.2857142857142857,0.047619047619047616,0.07936507936507936,15,6,normal,false,5,36,180,3900,5240,990,4480,false,false,false,3910,5,10880,58,1,3
446,tempted_2_0,6586,49,26,lock,0,90,true,4,1020,123,203,0.12244897959183673,0.673469387755102,0.16326530612244897,0.04081632653061224,0,14,2,normal,false,3,27,586,3000,2610,390,0,true,false,false,0,0,6586,49,0,
447,tempted_2_0,4645,36,6,budget,0,97,true,4,510,104,155,0.08333333333333333,0.7777777777777778,0.08333333333333333,0.05555555555555555,0,5,4,normal,false,4,16,180,3565,270,630,0,true,true,true,0,0,4645,36,0,
448,tempted_2_0,2498,30,0,budget,0,54,true,3,285,80,127,0.3333333333333333,0.6666666666666666,0,0,0,5,12,normal,false,6,12,593,1905,0,0,0,false,false,true,0,0,2498,30,0,
449,tempted_2_0,6273,36,6,budget,0,73,true,7,1023,131,189,0.05555555555555555,0.9166666666666666,0.027777777777777776,0,0,4,7,normal,false,5,14,1393,4730,150,0,0,false,false,false,0,0,6273,36,0,
450,tempted_2_0,9645,50,25,lock,1,100,false,4,1680,144,194,0,0.72,0.16,0.02,0.1,11,1,normal,false,6,22,0,3525,2270,750,3100,false,false,false,3130,5,6515,45,1,4
451,tempted_2_0,2547,30,0,budget,0,62,true,4,495,62,121,0.4,0.6,0,0,0,2,6,crash,false,4,11,567,1980,0,0,0,false,false,false,0,0,2547,30,0,
452,tempted_2_0,5125,30,0,budget,0,61,true,4,675,101,165,0.1,0.9,0,0,0,1,29,crash,false,5,15,60,5065,0,0,0,false,false,false,0,0,5125,30,0,
453,tempted_2_0,11990,60,30,budget,2,100,true,3,1380,167,224,0.016666666666666666,0.6,0.16666666666666666,0.05,0.16666666666666666,11,1,normal,false,8,26,15,3895,1820,780,5480,false,false,false,4940,10,7050,50,2,4|4
454,tempted_2_0,13415,57,27,budget,1,100,true,5,2150,187,274,0.03508771929824561,0.6491228070175439,0.17543859649122806,0.05263157894736842,0.08771929824561403,9,7,crash,false,5,27,15,7040,1590,2430,2340,false,true,false,2190,5,11225,52,1,2
455,tempted_2_0,4118,30,0,budget,0,53,true,3,600,79,168,0.3333333333333333,0.6666666666666666,0,0,0,4,10,crash,false,2,16,508,3610,0,0,0,false,false,false,0,0,4118,30,0,
456,tempted_2_0,4879,40,10,budget,0,86,true,4,570,100,190,0.35,0.575,0.075,0,0,7,6,normal,false,7,21,1299,2200,1380,0,0,false,false,false,0,0,4879,40,0,
457,tempted_2_0,4324,32,2,budget,0,80,true,5,735,85,173,0.46875,0.53125,0,0,0,4,2,crash,false,4,16,844,3300,180,0,0,false,false,false,0,0,4324,32,0,
458,tempted_2_0,5966,34,4,budget,0,81,true,8,1785,114,170,0.14705882352941177,0.8235294117647058,0.029411764705882353,0,0,4,10,normal,false,6,14,381,5315,270,0,0,false,false,true,0,0,5966,34,0,
459,tempted_2_0,14530,50,20,budget,2,100,true,5,2160,134,238,0.06,0.64,0.08,0.02,0.2,6,2,crash,false,6,20,480,3395,440,2715,7500,false,true,false,5670,10,8860,40,2,2|4
460,tempted_2_0,8610,55,25,budget,1,100,true,4,1160,146,189,0.05454545454545454,0.6,0.18181818181818182,0.07272727272727272,0.09090909090909091,14,2,normal,false,4,24,105,3440,1540,2025,1500,false,true,false,1845,5,6765,50,1,4
461,tempted_2_0,3090,30,0,budget,0,64,true,4,350,78,119,0.06666666666666667,0.9333333333333333,0,0,0,2,26,normal,false,5,11,35,3055,0,0,0,false,false,true,0,0,3090,30,0,
462,tempted_2_0,3121,30,0,budget,0,62,true,5,465,84,150,0.5333333333333333,0.4666666666666667,0,0,0,1,28,normal,false,7,11,1211,1910,0,0,0,false,false,false,0,0,3121,30,0,
463,tempted_2_0,30390,81,51,budget,5,100,false,7,2440,266,383,0,0.48148148148148145,0.16049382716049382,0.04938271604938271,0.30864197530864196,15,1,normal,false,8,41,0,6910,1840,5820,15820,false,true,false,12930,25,17460,56,5,4|5|3|3|2
464,tempted_2_0,6835,54,24,budget,0,95,false,3,530,146,187,0,0.8148148148148148,0.14814814814814814,0.037037037037037035,0,11,1,normal,false,10,20,0,3775,2160,900,0,true,true,false,0,0,6835,54,0,
465,tempted_2_0,4410,36,6,budget,0,83,true,3,420,99,156,0.1388888888888889,0.8055555555555556,0.05555555555555555,0,0,5,2,normal,false,4,21,235,3455,720,0,0,false,false,true,0,0,4410,36,0,
466,tempted_2_0,5308,46,16,budget,0,80,true,4,560,118,176,0.10869565217391304,0.782608695652174,0.10869565217391304,0,0,8,7,crash,false,5,20,223,3735,1350,0,0,false,false,false,0,0,5308,46,0,
467,tempted_2_0,4345,42,12,budget,0,93,false,4,555,102,122,0,0.8571428571428571,0.11904761904761904,0.023809523809523808,0,6,4,normal,false,4,16,0,3145,930,270,0,true,false,false,0,0,4345,42,0,
468,tempted_2_0,5945,38,8,budget,0,93,true,6,1310,111,156,0.05263157894736842,0.868421052631579,0.07894736842105263,0,0,5,8,normal,false,6,14,70,4565,770,540,0,true,false,false,0,0,5945,38,0,
469,tempted_2_0,3435,38,8,budget,0,82,true,3,720,73,125,0.23684210526315788,0.7105263157894737,0.05263157894736842,0,0,6,6,crash,false,9,14,310,1905,1220,0,0,false,false,false,0,0,3435,38,0,
470,tempted_2_0,16580,39,9,budget,1,100,true,6,4520,169,243,0.1282051282051282,0.6666666666666666,0.05128205128205128,0.02564102564102564,0.1282051282051282,7,4,normal,false,6,23,160,4900,2190,210,9120,false,false,false,6710,5,9870,34,1,3
471,tempted_2_0,10834,66,36,budget,0,90,true,4,990,201,302,0.09090909090909091,0.696969696969697,0.18181818181818182,0.030303030303030304,0,16,3,crash,false,4,34,439,6075,3780,540,0,true,false,false,0,0,10834,66,0,
472,tempted_2_0,4503,34,4,budget,0,79,true,5,450,91,170,0.35294117647058826,0.6470588235294118,0,0,0,6,2,crash,false,4,17,1008,3135,360,0,0,false,false,true,0,0,4503,34,0,
473,tempted_2_0,5245,38,8,budget,0,92,true,5,905,107,145,0.02631578947368421,0.7631578947368421,0.18421052631578946,0.02631578947368421,0,4,1,crash,false,5,16,0,4055,1010,180,0,true,false,false,0,0,5245,38,0,
474,tempted_2_0,11080,61,31,budget,1,100,false,6,1410,155,217,0,0.7540983606557377,0.09836065573770492,0.06557377049180328,0.08196721311475409,14,2,normal,false,9,30,0,4435,4430,675,1540,false,true,false,1450,5,9630,56,1,3
475,tempted_2_0,8678,50,20,budget,0,85,true,6,1650,133,201,0.06,0.82,0.12,0,0,12,3,normal,false,5,24,158,5700,2820,0,0,false,false,false,0,0,8678,50,0,
476,tempted_2_0,6648,40,10,budget,0,80,true,5,575,130,188,0.125,0.825,0.05,0,0,7,4,crash,false,3,21,183,4935,1530,0,0,false,false,false,0,0,6648,40,0,
477,tempted_2_0,8413,44,14,budget,0,94,true,6,1315,162,226,0.13636363636363635,0.6590909090909091,0.18181818181818182,0.022727272727272728,0,8,2,normal,false,4,23,438,5825,1340,810,0,true,false,true,0,0,8413,44,0,
478,tempted_2_0,2600,17,4,lock,0,86,false,4,480,48,72,0,0.8235294117647058,0.17647058823529413,0,0,2,7,normal,false,5,8,0,2310,290,0,0,false,false,false,0,0,2600,17,0,
479,tempted_2_0,5260,38,8,budget,0,95,true,5,780,98,158,0.15789473684210525,0.7105263157894737,0.10526315789473684,0.02631578947368421,0,7,2,normal,false,3,19,445,3195,1440,180,0,true,true,false,0,0,5260,38,0,
480,tempted_2_0,2925,30,0,budget,0,62,false,3,340,84,118,0,1,0,0,0,0,-1,normal,false,5,9,0,2925,0,0,0,false,false,true,0,0,2925,30,0,
481,tempted_2_0,4310,30,0,budget,0,55,true,5,1050,81,152,0.23333333333333334,0.7666666666666667,0,0,0,2,23,normal,false,4,13,465,3845,0,0,0,false,false,true,0,0,4310,30,0,
482,tempted_2_0,7633,43,13,budget,1,100,true,4,1560,109,185,0.13953488372093023,0.6511627906976745,0.06976744186046512,0.023255813953488372,0.11627906976744186,8,1,crash,false,5,23,398,3455,530,90,3160,false,true,true,2430,5,5203,38,1,3
483,tempted_2_0,4133,36,6,budget,0,80,true,4,525,93,134,0.16666666666666666,0.8333333333333334,0,0,0,5,15,normal,false,5,16,263,3060,810,0,0,false,false,false,0,0,4133,36,0,
484,tempted_2_0,4405,30,0,budget,0,64,true,4,500,98,143,0.03333333333333333,0.9666666666666667,0,0,0,1,18,normal,false,3,14,210,4195,0,0,0,false,false,false,0,0,4405,30,0,
485,tempted_2_0,2701,30,0,budget,0,50,true,4,435,65,114,0.36666666666666664,0.6333333333333333,0,0,0,5,10,normal,false,5,15,691,2010,0,0,0,false,false,false,0,0,2701,30,0,
486,tempted_2_0,4925,32,2,budget,0,74,true,5,870,97,140,0.03125,0.9375,0.03125,0,0,2,11,normal,false,3,18,60,4775,90,0,0,false,false,false,0,0,4925,32,0,
487,tempted_2_0,3064,30,0,budget,0,50,true,4,600,59,132,0.36666666666666664,0.6333333333333333,0,0,0,1,14,crash,false,6,8,579,2485,0,0,0,false,false,false,0,0,3064,30,0,
488,tempted_2_0,3565,30,0,budget,0,50,true,4,875,70,118,0.1,0.9,0,0,0,3,6,normal,false,5,14,200,3365,0,0,0,false,false,true,0,0,3565,30,0,
489,tempted_2_0,21468,80,50,budget,2,100,true,9,2205,242,356,0.025,0.5625,0.2,0.0875,0.125,19,4,crash,false,4,43,53,7650,5120,3105,5540,false,true,false,4430,10,17038,70,2,3|4
490,tempted_2_0,6828,48,18,budget,0,94,true,4,565,133,200,0.10416666666666667,0.8125,0.0625,0.020833333333333332,0,10,1,normal,false,5,21,428,4210,1650,540,0,true,false,false,0,0,6828,48,0,
491,tempted_2_0,3431,32,2,budget,0,84,true,3,485,81,135,0.3125,0.65625,0.03125,0,0,4,3,normal,false,6,10,416,2835,180,0,0,false,false,true,0,0,3431,32,0,
492,tempted_2_0,25777,87,57,budget,3,100,true,5,2820,291,384,0.09195402298850575,0.40229885057471265,0.27586206896551724,0.05747126436781609,0.1724137931034483,24,1,normal,false,7,54,287,4620,5090,4440,11340,false,true,false,9670,15,16107,72,3,4|8|4
493,tempted_2_0,7690,45,15,budget,1,100,true,6,1260,127,177,0.08888888888888889,0.7333333333333333,0.044444444444444446,0.022222222222222223,0.1111111111111111,7,1,normal,false,4,24,195,3715,330,90,3360,false,false,false,3210,5,4480,40,1,3
494,tempted_2_0,4165,36,6,budget,0,92,true,5,520,101,170,0.3055555555555556,0.6388888888888888,0.027777777777777776,0.027777777777777776,0,4,6,normal,false,5,15,930,2615,440,180,0,true,false,false,0,0,4165,36,0,
495,tempted_2_0,7485,44,14,budget,0,87,false,6,1795,136,196,0,0.8181818181818182,0.18181818181818182,0,0,7,6,normal,false,4,23,0,5955,1530,0,0,false,false,true,0,0,7485,44,0,
496,tempted_2_0,10495,62,32,budget,0,93,false,5,1050,169,235,0,0.6774193548387096,0.27419354838709675,0.04838709677419355,0,14,4,normal,false,9,31,0,4215,5140,1140,0,true,false,false,0,0,10495,62,0,
497,tempted_2_0,7900,44,14,budget,0,94,false,4,1630,130,201,0,0.8181818181818182,0.13636363636363635,0.045454545454545456,0,6,8,normal,false,9,20,0,4025,3110,765,0,true,false,true,0,0,7900,44,0,
498,tempted_2_0,4420,30,0,budget,0,68,true,4,680,91,131,0.03333333333333333,0.9666666666666667,0,0,0,1,8,normal,false,7,9,20,4400,0,0,0,false,false,true,0,0,4420,30,0,
499,tempted_2_0,2991,30,0,budget,0,62,true,3,345,65,126,0.3333333333333333,0.6666666666666666,0,0,0,4,13,crash,false,5,13,376,2615,0,0,0,false,false,false,0,0,2991,30,0,
500,tempted_2_0,4018,30,0,budget,0,56,true,3,375,88,163,0.23333333333333334,0.7666666666666667,0,0,0,4,6,normal,false,8,13,428,3590,0,0,0,false,false,true,0,0,4018,30,0,
501,tempted_2_0,6083,48,18,budget,0,80,true,4,383,131,215,0.10416666666666667,0.7708333333333334,0.125,0,0,10,2,normal,false,4,25,903,3530,1650,0,0,false,false,false,0,0,6083,48,0,
502,tempted_2_0,5030,30,0,budget,0,51,true,7,1740,86,148,0.06666666666666667,0.9333333333333333,0,0,0,2,4,normal,false,5,10,60,4970,0,0,0,false,false,false,0,0,5030,30,0,
503,tempted_2_0,3655,21,4,lock,0,85,false,7,1170,67,88,0,0.8571428571428571,0.14285714285714285,0,0,2,8,normal,false,4,9,0,3385,270,0,0,false,false,false,0,0,3655,21,0,
504,tempted_2_0,3730,32,2,budget,0,75,true,3,530,91,132,0.03125,0.9375,0.03125,0,0,2,3,normal,false,4,14,30,3460,240,0,0,false,false,true,0,0,3730,32,0,
505,tempted_2_0,2405,17,2,lock,0,73,true,5,880,47,83,0.11764705882352941,0.8235294117647058,0.058823529411764705,0,0,1,3,crash,false,6,5,90,2225,90,0,0,false,false,false,0,0,2405,17,0,
506,tempted_2_0,4336,34,4,budget,0,96,true,5,885,84,155,0.29411764705882354,0.5882352941176471,0.08823529411764706,0.029411764705882353,0,4,2,crash,false,6,14,956,2615,630,135,0,true,true,true,0,0,4336,34,0,
507,tempted_2_0,3665,32,2,budget,0,73,true,4,570,74,136,0.0625,0.90625,0.03125,0,0,2,2,normal,false,5,16,75,3500,90,0,0,false,false,false,0,0,3665,32,0,
508,tempted_2_0,4128,32,2,budget,0,74,true,4,630,83,154,0.21875,0.78125,0,0,0,2,13,crash,false,5,15,863,2815,450,0,0,false,false,false,0,0,4128,32,0,
509,tempted_2_0,3010,32,2,budget,0,70,true,3,405,87,125,0.1875,0.8125,0,0,0,3,6,normal,false,5,13,355,2655,0,0,0,false,false,false,0,0,3010,32,0,
510,tempted_2_0,3975,40,10,budget,0,84,true,3,480,86,139,0.3,0.575,0.125,0,0,8,1,crash,false,7,17,370,2225,1380,0,0,false,false,true,0,0,3975,40,0,
511,tempted_2_0,19108,57,27,budget,1,100,true,6,4195,171,291,0.17543859649122806,0.543859649122807,0.15789473684210525,0.03508771929824561,0.08771929824561403,14,6,normal,false,5,32,573,3615,1590,5310,8020,false,true,true,7270,5,11838,52,1,4
512,tempted_2_0,8060,34,4,budget,0,97,true,6,1500,124,193,0.08823529411764706,0.7941176470588235,0.08823529411764706,0.029411764705882353,0,3,2,crash,false,8,12,145,5735,1640,540,0,true,true,true,0,0,8060,34,0,
513,tempted_2_0,4400,40,10,budget,0,82,true,3,390,107,161,0.15,0.725,0.125,0,0,7,8,normal,false,4,19,385,2955,1060,0,0,false,false,true,0,0,4400,40,0,
514,tempted_2_0,1615,9,6,lock,0,76,false,5,990,25,29,0,0.8888888888888888,0.1111111111111111,0,0,2,5,normal,false,2,4,0,925,690,0,0,false,false,false,0,0,1615,9,0,
515,tempted_2_0,10845,55,25,budget,1,100,true,4,2580,140,206,0.03636363636363636,0.6909090909090909,0.14545454545454545,0.03636363636363636,0.09090909090909091,10,1,crash,false,5,25,105,2870,2170,180,5520,false,false,false,5430,5,5415,50,1,4
516,tempted_2_0,7440,36,6,budget,0,80,false,5,1205,131,188,0,0.9722222222222222,0.027777777777777776,0,0,3,22,normal,false,4,18,0,5910,1530,0,0,false,false,false,0,0,7440,36,0,
517,tempted_2_0,30045,90,60,budget,4,100,false,9,5730,307,374,0,0.5222222222222223,0.2222222222222222,0.03333333333333333,0.2222222222222222,19,1,normal,false,8,44,0,5965,6170,5730,12180,false,true,false,16290,20,13755,70,3,5|6|2
518,tempted_2_0,6588,40,10,budget,0,86,true,4,870,129,180,0.125,0.775,0.1,0,0,7,3,normal,false,4,22,183,5025,1380,0,0,false,false,true,0,0,6588,40,0,
519,tempted_2_0,6007,41,11,budget,1,100,true,5,1090,104,159,0.36585365853658536,0.43902439024390244,0.04878048780487805,0.024390243902439025,0.12195121951219512,5,3,crash,false,6,17,537,3130,180,1080,1080,false,true,true,990,5,5017,36,1,3
520,tempted_2_0,4872,34,4,budget,0,85,true,6,1065,90,180,0.47058823529411764,0.5,0.029411764705882353,0,0,5,2,normal,false,6,16,922,3680,270,0,0,false,false,true,0,0,4872,34,0,
521,tempted_2_0,8910,34,4,budget,0,84,true,8,2155,119,175,0.029411764705882353,0.8823529411764706,0.08823529411764706,0,0,3,19,normal,false,3,15,105,6735,2070,0,0,false,false,true,0,0,8910,34,0,
522,tempted_2_0,4596,34,4,budget,0,83,true,4,555,95,161,0.14705882352941177,0.7941176470588235,0.058823529411764705,0,0,6,1,normal,false,5,17,356,3480,760,0,0,false,false,true,0,0,4596,34,0,
523,tempted_2_0,10105,51,21,budget,1,100,true,5,1040,160,219,0.058823529411764705,0.6666666666666666,0.13725490196078433,0.0392156862745098,0.09803921568627451,9,6,normal,false,4,26,400,4760,1970,675,2300,false,true,false,2200,5,7905,46,1,3
524,tempted_2_0,8305,58,28,budget,0,96,true,4,825,164,217,0.034482758620689655,0.6724137931034483,0.2413793103448276,0.05172413793103448,0,15,6,normal,false,5,29,285,3735,2710,1575,0,true,true,false,0,0,8305,58,0,
525,tempted_2_0,3513,30,0,budget,0,62,true,6,1000,72,112,0.2,0.8,0,0,0,3,16,normal,false,5,9,393,3120,0,0,0,false,false,true,0,0,3513,30,0,
526,tempted_2_0,4922,38,8,budget,0,84,true,3,840,83,175,0.3157894736842105,0.5789473684210527,0.10526315789473684,0,0,7,3,crash,false,6,17,637,2025,2260,0,0,false,false,false,0,0,4922,38,0,
527,tempted_2_0,2255,30,0,budget,0,62,true,5,690,62,88,0.13333333333333333,0.8666666666666667,0,0,0,1,18,normal,false,12,5,200,2055,0,0,0,false,false,false,0,0,2255,30,0,
528,tempted_2_0,4834,34,4,budget,0,81,true,5,635,104,173,0.20588235294117646,0.7352941176470589,0.058823529411764705,0,0,4,1,normal,false,4,17,564,3840,430,0,0,false,false,true,0,0,4834,34,0,
529,tempted_2_0,7835,38,8,budget,0,99,true,4,2085,127,192,0.13157894736842105,0.7105263157894737,0.10526315789473684,0.05263157894736842,0,5,2,normal,false,4,23,220,4870,360,2385,0,true,true,true,0,0,7835,38,0,
530,tempted_2_0,13311,55,25,budget,1,100,true,6,2160,161,242,0.10909090909090909,0.6181818181818182,0.14545454545454545,0.03636363636363636,0.09090909090909091,12,4,crash,false,6,24,256,5660,1320,2115,3960,false,false,false,4200,5,9111,50,1,3
531,tempted_2_0,8838,52,22,budget,0,96,true,5,2245,138,215,0.057692307692307696,0.7692307692307693,0.11538461538461539,0.057692307692307696,0,11,2,normal,false,5,25,153,4310,1990,2385,0,true,true,false,0,0,8838,52,0,
532,tempted_2_0,4050,30,0,budget,0,68,true,5,560,97,144,0.1,0.9,0,0,0,2,22,normal,false,7,10,215,3835,0,0,0,false,false,true,0,0,4050,30,0,
533,tempted_2_0,5050,36,6,budget,0,83,true,4,745,110,156,0.08333333333333333,0.8333333333333334,0.08333333333333333,0,0,5,3,normal,false,5,17,220,3840,990,0,0,false,false,true,0,0,5050,36,0,
534,tempted_2_0,5675,34,4,budget,0,75,true,5,1160,117,176,0.058823529411764705,0.9411764705882353,0,0,0,3,3,normal,false,7,14,120,4745,810,0,0,false,false,true,0,0,5675,34,0,
535,tempted_2_0,3243,30,0,budget,0,63,true,4,870,68,124,0.16666666666666666,0.8333333333333334,0,0,0,2,6,crash,false,11,10,113,3130,0,0,0,false,false,true,0,0,3243,30,0,
536,tempted_2_0,3714,36,6,budget,0,86,true,3,480,98,164,0.4166666666666667,0.5555555555555556,0.027777777777777776,0,0,4,1,normal,false,5,13,884,2290,540,0,0,false,false,true,0,0,3714,36,0,
537,tempted_2_0,4028,30,0,budget,0,53,true,3,630,88,136,0.1,0.9,0,0,0,2,18,normal,false,8,11,223,3805,0,0,0,false,false,false,0,0,4028,30,0,
538,tempted_2_0,3836,34,4,budget,0,80,true,6,503,96,149,0.2647058823529412,0.7058823529411765,0.029411764705882353,0,0,5,6,crash,false,5,12,956,2580,300,0,0,false,false,true,0,0,3836,34,0,
539,tempted_2_0,9880,39,9,budget,1,100,true,4,2320,129,180,0.07692307692307693,0.6923076923076923,0.07692307692307693,0.02564102564102564,0.1282051282051282,4,2,normal,false,7,18,190,3820,310,1080,4480,false,false,true,5440,5,4440,34,1,4
540,tempted_2_0,2920,30,0,budget,0,67,true,5,795,66,86,0,1,0,0,0,0,-1,normal,false,8,5,60,2860,0,0,0,false,false,false,0,0,2920,30,0,
541,tempted_2_0,2015,30,0,budget,0,64,true,2,165,57,88,0.16666666666666666,0.8333333333333334,0,0,0,4,12,crash,false,9,7,160,1855,0,0,0,false,false,false,0,0,2015,30,0,
542,tempted_2_0,12838,61,31,budget,1,100,true,5,1460,201,269,0.03278688524590164,0.7377049180327869,0.13114754098360656,0.01639344262295082,0.08196721311475409,11,2,normal,false,6,32,243,5915,2400,720,3560,false,false,true,3810,5,9028,56,0,
543,tempted_2_0,3815,36,6,budget,0,82,true,3,590,87,130,0.05555555555555555,0.8611111111111112,0.08333333333333333,0,0,4,4,normal,false,5,16,150,2765,900,0,0,false,false,false,0,0,3815,36,0,
544,tempted_2_0,4293,32,2,budget,0,71,true,4,650,90,155,0.21875,0.78125,0,0,0,3,18,crash,false,3,13,303,3990,0,0,0,false,false,true,0,0,4293,32,0,
545,tempted_2_0,8668,51,21,budget,1,100,true,6,1170,131,187,0.0392156862745098,0.7058823529411765,0.1568627450980392,0,0.09803921568627451,8,8,normal,false,7,22,68,4600,2260,540,1200,false,false,true,1260,5,7408,46,1,2
546,tempted_2_0,5050,38,8,budget,0,90,true,5,1095,106,162,0.15789473684210525,0.7631578947368421,0.05263157894736842,0.02631578947368421,0,7,5,normal,false,6,17,250,3805,770,225,0,true,false,true,0,0,5050,38,0,
547,tempted_2_0,5398,41,11,budget,1,100,true,5,585,105,154,0.12195121951219512,0.6341463414634146,0.12195121951219512,0,0.12195121951219512,6,3,normal,false,5,20,188,3320,610,0,1280,false,false,true,1200,5,4198,36,1,3
548,tempted_2_0,2088,30,0,budget,0,50,true,3,180,64,95,0.16666666666666666,0.8333333333333334,0,0,0,3,12,normal,false,7,10,358,1730,0,0,0,false,false,true,0,0,2088,30,0,
549,tempted_2_0,3468,38,8,budget,0,80,true,3,650,86,146,0.18421052631578946,0.7368421052631579,0.07894736842105263,0,0,6,9,crash,false,4,18,423,2655,390,0,0,false,false,false,0,0,3468,38,0,
550,tempted_2_0,4335,34,4,budget,0,82,false,4,480,89,138,0,0.9411764705882353,0.058823529411764705,0,0,2,2,normal,false,10,10,0,3435,900,0,0,false,false,false,0,0,4335,34,0,
551,tempted_2_0,3295,30,0,budget,0,68,true,3,330,79,113,0.03333333333333333,0.9666666666666667,0,0,0,1,17,normal,false,3,17,30,3265,0,0,0,false,false,false,0,0,3295,30,0,
552,tempted_2_0,11915,55,25,budget,1,100,true,4,2600,172,218,0.01818181818181818,0.7454545454545455,0.10909090909090909,0.03636363636363636,0.09090909090909091,9,1,normal,false,5,26,110,4355,2450,720,4280,false,true,false,4400,5,7515,50,1,2
553,tempted_2_0,8556,42,12,budget,0,91,true,5,1050,139,241,0.2619047619047619,0.6190476190476191,0.11904761904761904,0,0,11,2,crash,false,2,26,1106,4790,2390,270,0,true,false,true,0,0,8556,42,0,
554,tempted_2_0,3950,32,2,budget,0,73,false,4,540,92,126,0,0.96875,0.03125,0,0,1,2,normal,false,4,12,0,3860,90,0,0,false,false,true,0,0,3950,32,0,
555,tempted_2_0,2848,30,0,budget,0,62,true,5,705,65,123,0.2,0.8,0,0,0,1,13,crash,false,5,11,493,2355,0,0,0,false,false,true,0,0,2848,30,0,
556,tempted_2_0,2845,30,0,budget,0,69,true,4,620,75,102,0.3,0.7,0,0,0,4,16,normal,false,5,11,360,2485,0,0,0,false,false,true,0,0,2845,30,0,
557,tempted_2_0,30930,103,73,budget,5,100,true,6,4660,346,484,0.009708737864077669,0.5728155339805825,0.14563106796116504,0.02912621359223301,0.24271844660194175,23,2,normal,false,9,53,95,7705,8330,1380,13420,false,true,false,11240,25,19690,78,3,3|4|3
558,tempted_2_0,5100,30,0,budget,0,66,true,5,965,97,172,0.03333333333333333,0.9666666666666667,0,0,0,1,4,normal,false,5,14,15,5085,0,0,0,false,false,true,0,0,5100,30,0,
559,tempted_2_0,16350,60,30,budget,2,100,true,5,2220,197,233,0.06666666666666667,0.5166666666666667,0.2,0.05,0.16666666666666666,12,4,normal,false,7,30,300,3445,2600,2205,7800,false,true,false,7985,10,8365,50,1,4
560,tempted_2_0,22700,67,37,budget,1,100,true,7,2270,239,371,0.08955223880597014,0.6417910447761194,0.13432835820895522,0.05970149253731343,0.07462686567164178,16,2,normal,false,6,40,435,7615,6270,4920,3460,false,true,false,3670,5,19030,62,1,4
561,tempted_2_0,3966,30,0,budget,0,66,true,4,465,83,148,0.2,0.8,0,0,0,2,11,normal,false,3,15,911,3055,0,0,0,false,false,false,0,0,3966,30,0,
562,tempted_2_0,4265,32,2,budget,0,83,true,3,560,99,163,0.3125,0.625,0.0625,0,0,4,11,normal,false,3,17,865,3070,330,0,0,false,false,true,0,0,4265,32,0,
563,tempted_2_0,15705,71,41,budget,3,100,true,4,2300,184,250,0.056338028169014086,0.5070422535211268,0.11267605633802817,0.11267605633802817,0.2112676056338028,14,2,crash,false,13,32,285,3155,2700,1305,8260,false,false,true,7530,15,8175,56,3,3|5|3
564,tempted_2_0,4456,30,0,budget,0,62,true,4,745,96,150,0.16666666666666666,0.8333333333333334,0,0,0,2,8,normal,false,4,13,246,4210,0,0,0,false,false,true,0,0,4456,30,0,
565,tempted_2_0,23080,62,32,budget,2,100,true,6,2595,208,317,0.03225806451612903,0.5806451612903226,0.14516129032258066,0.08064516129032258,0.16129032258064516,11,1,normal,false,10,26,95,5600,1830,5295,10260,false,true,true,10860,10,12220,52,1,7
566,tempted_2_0,3958,30,0,budget,0,66,true,5,930,79,133,0.16666666666666666,0.8333333333333334,0,0,0,3,4,normal,false,3,15,238,3720,0,0,0,false,false,false,0,0,3958,30,0,
567,tempted_2_0,19590,60,30,budget,2,100,true,7,3540,225,294,0.08333333333333333,0.55,0.13333333333333333,0.06666666666666667,0.16666666666666666,12,1,normal,false,5,30,415,4005,3320,3270,8580,false,true,false,8600,10,10990,50,2,3|4
568,tempted_2_0,6420,36,6,budget,0,97,true,4,820,120,182,0,0.8888888888888888,0.08333333333333333,0.027777777777777776,0,3,17,normal,false,4,21,50,4825,690,855,0,true,true,true,0,0,6420,36,0,
569,tempted_2_0,2975,30,0,budget,0,62,true,3,520,74,128,0.16666666666666666,0.8333333333333334,0,0,0,2,21,crash,false,4,13,275,2700,0,0,0,false,false,true,0,0,2975,30,0,
570,tempted_2_0,39085,94,64,budget,6,100,true,7,6160,343,413,0.010638297872340425,0.40425531914893614,0.23404255319148937,0.031914893617021274,0.3191489361702128,20,1,normal,false,6,48,165,6695,3970,855,27400,false,true,false,25770,30,13315,64,5,2|5|5|3|2
571,tempted_2_0,4293,30,0,budget,0,66,true,5,855,97,155,0.26666666666666666,0.7333333333333333,0,0,0,1,20,normal,false,5,14,578,3715,0,0,0,false,false,true,0,0,4293,30,0,
572,tempted_2_0,5885,30,0,budget,0,68,true,6,1260,109,172,0.2,0.8,0,0,0,4,8,normal,false,6,14,290,5595,0,0,0,false,false,true,0,0,5885,30,0,
573,tempted_2_0,19555,91,61,budget,3,100,false,4,1710,250,317,0,0.4945054945054945,0.24175824175824176,0.0989010989010989,0.16483516483516483,22,2,normal,false,7,53,0,4700,3410,4905,6540,false,true,false,6120,15,13435,76,3,2|5|7
574,tempted_2_0,6266,30,0,budget,0,52,true,10,3260,89,165,0.3333333333333333,0.6666666666666666,0,0,0,2,12,crash,false,5,11,691,5575,0,0,0,false,false,true,0,0,6266,30,0,
575,tempted_2_0,9735,55,25,budget,1,100,true,7,1970,153,221,0.10909090909090909,0.6,0.16363636363636364,0.03636363636363636,0.09090909090909091,13,2,crash,false,5,26,275,6055,1950,315,1140,false,false,true,1140,5,8595,50,1,6
576,tempted_2_0,4420,32,2,budget,0,76,false,4,480,100,138,0,0.96875,0.03125,0,0,1,21,normal,false,6,12,0,3940,480,0,0,false,false,false,0,0,4420,32,0,
577,tempted_2_0,4548,38,8,budget,0,87,true,4,1165,106,149,0.10526315789473684,0.8157894736842105,0.07894736842105263,0,0,5,15,normal,false,5,18,288,4020,240,0,0,false,false,false,0,0,4548,38,0,
578,tempted_2_0,13821,72,42,budget,0,94,true,5,1135,224,331,0.09722222222222222,0.6527777777777778,0.19444444444444445,0.05555555555555555,0,21,1,normal,false,4,44,641,5615,5090,2475,0,true,false,true,0,0,13821,72,0,
579,tempted_2_0,2510,30,0,budget,0,53,true,3,385,64,111,0.5,0.5,0,0,0,3,13,crash,false,8,7,445,2065,0,0,0,false,false,false,0,0,2510,30,0,
580,tempted_2_0,27766,100,70,budget,2,100,true,6,4425,279,425,0.08,0.54,0.25,0.03,0.1,31,3,crash,false,8,54,271,5610,6100,10725,5060,false,true,false,5840,10,21926,90,2,5|2
581,tempted_2_0,9940,41,11,budget,1,100,false,5,3780,121,188,0,0.7560975609756098,0.12195121951219512,0,0.12195121951219512,4,2,normal,false,6,20,0,3330,3150,0,3460,false,false,true,5560,5,4380,36,1,3
582,tempted_2_0,2990,30,0,budget,0,62,true,3,370,72,121,0.1,0.9,0,0,0,3,14,normal,false,4,9,160,2830,0,0,0,false,false,false,0,0,2990,30,0,
583,tempted_2_0,10125,43,13,budget,1,100,true,6,2580,156,203,0.023255813953488372,0.813953488372093,0.023255813953488372,0.023255813953488372,0.11627906976744186,4,3,normal,false,6,19,15,5280,240,90,4500,false,true,false,3990,5,6135,38,1,2
584,tempted_2_0,14880,68,38,budget,2,100,false,5,2280,183,229,0,0.5882352941176471,0.19117647058823528,0.07352941176470588,0.14705882352941177,14,8,normal,false,6,31,0,3280,3970,990,6640,false,true,false,6420,10,8460,58,2,4|3
585,tempted_2_0,3543,30,0,budget,0,67,true,3,570,83,142,0.26666666666666666,0.7333333333333333,0,0,0,4,13,normal,false,3,14,418,3125,0,0,0,false,false,true,0,0,3543,30,0,
586,tempted_2_0,11035,42,19,lock,1,100,false,9,2795,121,177,0,0.7142857142857143,0.11904761904761904,0.047619047619047616,0.11904761904761904,8,1,normal,false,5,20,0,4300,3360,1575,1800,false,true,true,1770,5,9265,37,1,5
587,tempted_2_0,3420,30,0,budget,0,64,true,4,670,79,119,0.06666666666666667,0.9333333333333333,0,0,0,2,21,normal,false,5,11,30,3390,0,0,0,false,false,false,0,0,3420,30,0,
588,tempted_2_0,3168,30,0,budget,0,62,true,4,420,66,121,0.2,0.8,0,0,0,2,18,normal,false,4,15,458,2710,0,0,0,false,false,true,0,0,3168,30,0,
589,tempted_2_0,5533,44,14,budget,0,82,true,4,540,117,175,0.13636363636363635,0.7727272727272727,0.09090909090909091,0,0,10,11,crash,false,4,22,338,3575,1620,0,0,false,false,true,0,0,5533,44,0,
590,tempted_2_0,13715,72,42,budget,0,97,false,5,1620,202,266,0,0.75,0.20833333333333334,0.041666666666666664,0,21,3,normal,false,6,39,0,5555,4590,3570,0,true,true,true,0,0,13715,72,0,
591,tempted_2_0,4655,32,2,budget,0,74,false,4,865,109,144,0,0.96875,0.03125,0,0,1,27,normal,false,4,12,0,4565,90,0,0,false,false,false,0,0,4655,32,0,
592,tempted_2_0,7805,46,16,budget,0,89,true,4,1170,135,200,0.021739130434782608,0.9347826086956522,0.021739130434782608,0.021739130434782608,0,8,9,normal,false,6,19,15,5480,1320,990,0,false,false,false,0,0,7805,46,0,
593,tempted_2_0,330,3,0,lock,0,69,false,3,240,12,9,0,1,0,0,0,0,-1,normal,false,2,1,0,330,0,0,0,false,false,false,0,0,330,3,0,
594,tempted_2_0,9098,40,10,budget,0,97,true,7,1140,136,202,0.1,0.775,0.05,0.075,0,5,11,normal,false,4,22,408,5750,1440,1500,0,true,true,true,0,0,9098,40,0,
595,tempted_2_0,11658,68,38,budget,0,94,true,5,1230,218,303,0.08823529411764706,0.6470588235294118,0.22058823529411764,0.04411764705882353,0,20,2,crash,false,5,35,703,6185,2430,2340,0,true,false,false,0,0,11658,68,0,
596,tempted_2_0,2524,30,0,budget,0,54,true,4,350,64,128,0.4,0.6,0,0,0,3,17,crash,false,4,13,834,1690,0,0,0,false,false,false,0,0,2524,30,0,
597,tempted_2_0,21040,73,43,budget,1,100,false,5,2280,231,343,0,0.5753424657534246,0.2602739726027397,0.0958904109589041,0.0684931506849315,18,3,normal,false,4,40,0,5340,7470,4290,3940,false,true,false,3250,5,17790,68,1,4
598,tempted_2_0,3240,32,2,budget,0,76,true,3,380,84,124,0.1875,0.75,0.0625,0,0,3,11,normal,false,5,13,230,2690,320,0,0,false,false,false,0,0,3240,32,0,
599,tempted_2_0,2914,30,0,budget,0,52,true,5,725,74,128,0.43333333333333335,0.5666666666666667,0,0,0,3,6,normal,false,6,11,784,2130,0,0,0,false,false,false,0,0,2914,30,0,
600,tempted_2_0,14230,62,32,budget,2,100,true,5,2200,177,255,0.04838709677419355,0.532258064516129,0.20967741935483872,0.04838709677419355,0.16129032258064516,13,1,crash,false,7,30,95,4060,4130,2205,3740,false,true,false,2580,10,11650,52,2,5|2
601,tempted_2_0,10843,47,17,budget,1,100,true,4,2320,140,227,0.0851063829787234,0.723404255319149,0.06382978723404255,0.02127659574468085,0.10638297872340426,8,5,crash,false,5,23,873,3010,2930,90,3940,false,false,false,3870,5,6973,42,1,3
602,tempted_2_0,12471,57,27,budget,1,100,true,4,1380,185,297,0.12280701754385964,0.6491228070175439,0.10526315789473684,0.03508771929824561,0.08771929824561403,14,3,normal,false,4,33,701,5440,2640,630,3060,false,false,true,1920,5,10551,52,1,2
603,tempted_2_0,5578,24,2,lock,0,72,true,7,1263,80,147,0,1,0,0,0,1,3,normal,false,4,12,748,3810,1020,0,0,false,false,false,0,0,5578,24,0,
604,tempted_2_0,5920,30,0,budget,0,53,true,8,2690,77,158,0.13333333333333333,0.8666666666666667,0,0,0,3,7,crash,false,10,10,130,5790,0,0,0,false,false,false,0,0,5920,30,0,
605,tempted_2_0,9980,51,21,budget,1,100,true,4,2610,130,192,0.09803921568627451,0.7450980392156863,0.058823529411764705,0,0.09803921568627451,9,2,normal,false,3,29,115,3685,960,0,5220,false,false,true,5430,5,4550,46,0,
606,tempted_2_0,3395,21,2,lock,0,73,true,5,1140,56,90,0.047619047619047616,0.9047619047619048,0.047619047619047616,0,0,2,2,normal,false,4,11,110,3195,90,0,0,false,false,false,0,0,3395,21,0,
607,tempted_2_0,2356,30,0,budget,0,51,true,4,530,68,96,0.2,0.8,0,0,0,3,12,normal,false,9,9,321,2035,0,0,0,false,false,false,0,0,2356,30,0,
608,tempted_2_0,4198,30,0,budget,0,62,true,6,990,77,120,0.1,0.9,0,0,0,2,6,normal,false,6,12,63,4135,0,0,0,false,false,true,0,0,4198,30,0,
609,tempted_2_0,8966,44,14,budget,0,94,true,7,1790,143,181,0.13636363636363635,0.6818181818181818,0.1590909090909091,0.022727272727272728,0,9,1,normal,false,6,25,156,5790,2570,450,0,true,false,true,0,0,8966,44,0,
610,tempted_2_0,5178,36,6,budget,0,82,true,5,930,104,162,0.1388888888888889,0.8055555555555556,0.05555555555555555,0,0,5,7,normal,false,3,14,463,3155,1560,0,0,false,false,false,0,0,5178,36,0,
611,tempted_2_0,4375,30,0,budget,0,65,true,5,600,95,149,0.16666666666666666,0.8333333333333334,0,0,0,2,14,normal,false,3,17,400,3975,0,0,0,false,false,true,0,0,4375,30,0,
612,tempted_2_0,2985,32,2,budget,0,80,false,4,675,81,107,0,0.96875,0.03125,0,0,1,13,normal,false,7,7,0,2895,90,0,0,false,false,false,0,0,2985,32,0,
613,tempted_2_0,7885,46,16,budget,0,89,true,6,1335,141,216,0.043478260869565216,0.782608695652174,0.15217391304347827,0.021739130434782608,0,9,2,normal,false,2,27,30,6490,1230,135,0,false,false,true,0,0,7885,46,0,
614,tempted_2_0,6741,34,4,budget,0,80,true,5,975,121,190,0.17647058823529413,0.7941176470588235,0.029411764705882353,0,0,4,5,normal,false,4,17,486,5865,390,0,0,false,false,true,0,0,6741,34,0,
615,tempted_2_0,6633,44,14,budget,0,83,true,5,1060,126,189,0.09090909090909091,0.75,0.1590909090909091,0,0,9,17,normal,false,4,23,98,4645,1890,0,0,false,false,true,0,0,6633,44,0,
616,tempted_2_0,6021,40,10,budget,0,97,true,4,950,120,214,0.2,0.575,0.15,0.075,0,7,7,crash,false,3,21,651,4155,720,495,0,true,true,true,0,0,6021,40,0,
617,tempted_2_0,3705,32,2,budget,0,71,true,4,600,83,123,0.15625,0.84375,0,0,0,2,11,normal,false,6,14,265,3170,270,0,0,false,false,false,0,0,3705,32,0,
618,tempted_2_0,2185,30,0,budget,0,62,true,3,255,63,109,0.5333333333333333,0.4666666666666667,0,0,0,1,28,normal,false,10,5,660,1525,0,0,0,false,false,false,0,0,2185,30,0,
619,tempted_2_0,7755,47,17,budget,1,100,true,7,1290,137,201,0.2127659574468085,0.5957446808510638,0.06382978723404255,0.02127659574468085,0.10638297872340426,9,1,normal,false,8,17,625,4400,1470,360,900,false,false,true,870,5,6885,42,1,3
620,tempted_2_0,4303,38,8,budget,0,81,true,4,390,103,174,0.15789473684210525,0.8157894736842105,0.02631578947368421,0,0,7,1,crash,false,3,22,453,3580,270,0,0,false,false,false,0,0,4303,38,0,
621,tempted_2_0,3859,30,0,budget,0,62,true,6,1390,76,129,0.23333333333333334,0.7666666666666667,0,0,0,1,14,normal,false,9,12,189,3670,0,0,0,false,false,true,0,0,3859,30,0,
622,tempted_2_0,4975,36,6,budget,0,86,true,3,680,114,162,0.05555555555555555,0.8611111111111112,0.08333333333333333,0,0,5,1,normal,false,3,19,170,4385,420,0,0,false,false,true,0,0,4975,36,0,
623,tempted_2_0,4185,34,4,budget,0,76,true,4,615,95,126,0.08823529411764706,0.8529411764705882,0.058823529411764705,0,0,4,3,normal,false,4,15,45,3960,180,0,0,false,false,false,0,0,4185,34,0,
624,tempted_2_0,4843,34,4,budget,0,80,true,5,450,108,163,0.11764705882352941,0.8529411764705882,0.029411764705882353,0,0,5,3,normal,false,6,18,403,4350,90,0,0,false,false,true,0,0,4843,34,0,
625,tempted_2_0,3840,30,0,budget,0,54,true,5,705,93,137,0,1,0,0,0,0,-1,normal,false,4,11,70,3770,0,0,0,false,false,false,0,0,3840,30,0,
626,tempted_2_0,4350,38,8,budget,0,83,true,4,570,98,134,0.02631578947368421,0.8421052631578947,0.13157894736842105,0,0,5,13,normal,false,5,19,15,3245,1090,0,0,false,false,true,0,0,4350,38,0,
627,tempted_2_0,7880,49,19,budget,1,100,true,4,900,134,191,0.02040816326530612,0.6530612244897959,0.1836734693877551,0.04081632653061224,0.10204081632653061,8,3,crash,false,4,29,0,3290,1890,540,2160,false,false,false,1620,5,6260,44,1,7
628,tempted_2_0,7088,51,21,budget,1,100,true,4,780,115,157,0.09803921568627451,0.5882352941176471,0.19607843137254902,0.0196078431372549,0.09803921568627451,11,3,normal,false,13,18,203,2885,980,1620,1400,false,false,true,1310,5,5778,46,1,7
629,tempted_2_0,21085,91,61,budget,3,100,true,7,1395,298,347,0.01098901098901099,0.5054945054945055,0.23076923076923078,0.08791208791208792,0.16483516483516483,25,2,normal,false,11,45,15,7125,5570,1995,6380,false,true,false,6020,15,15065,76,3,2|5|3
630,tempted_2_0,15075,67,37,budget,1,100,true,5,1290,237,317,0.014925373134328358,0.6716417910447762,0.19402985074626866,0.04477611940298507,0.07462686567164178,15,12,crash,false,4,36,0,7020,4450,1485,2120,false,false,false,2650,5,12425,62,1,5
631,tempted_2_0,4285,30,0,budget,0,69,true,4,645,89,142,0.03333333333333333,0.9666666666666667,0,0,0,1,27,normal,false,8,11,15,4270,0,0,0,false,false,false,0,0,4285,30,0,
632,tempted_2_0,1250,12,2,lock,0,70,false,4,465,28,40,0,1,0,0,0,1,8,normal,false,3,4,0,1250,0,0,0,false,false,false,0,0,1250,12,0,
633,tempted_2_0,2823,30,0,budget,0,53,true,3,330,67,116,0.1,0.9,0,0,0,0,-1,crash,false,7,8,368,2455,0,0,0,false,false,false,0,0,2823,30,0,
634,tempted_2_0,5870,38,8,budget,0,97,true,5,1725,82,135,0.02631578947368421,0.868421052631579,0.05263157894736842,0.05263157894736842,0,4,2,normal,false,6,15,20,2975,760,2115,0,true,true,false,0,0,5870,38,0,
635,tempted_2_0,4760,41,11,budget,1,100,true,4,600,93,126,0.024390243902439025,0.7317073170731707,0.0975609756097561,0.024390243902439025,0.12195121951219512,4,2,crash,false,5,18,0,3050,300,90,1320,false,false,false,1170,5,3590,36,1,4
636,tempted_2_0,10808,51,21,budget,1,100,true,5,1260,173,245,0.21568627450980393,0.47058823529411764,0.19607843137254902,0.0196078431372549,0.09803921568627451,11,3,normal,false,6,29,773,3975,3090,1050,1920,false,false,true,1620,5,9188,46,1,3
637,tempted_2_0,6535,47,17,budget,1,100,true,3,960,112,155,0.02127659574468085,0.7659574468085106,0.0851063829787234,0.02127659574468085,0.10638297872340426,7,2,normal,false,6,20,15,3035,530,315,2640,false,false,false,2640,5,3895,42,1,4
638,tempted_2_0,2994,30,0,budget,0,65,true,4,390,73,131,0.26666666666666666,0.7333333333333333,0,0,0,2,19,crash,false,4,13,654,2340,0,0,0,false,false,true,0,0,2994,30,0,
639,tempted_2_0,6975,42,12,budget,0,84,false,5,1460,134,191,0,0.9523809523809523,0.047619047619047616,0,0,6,5,normal,false,4,21,0,5115,1860,0,0,false,false,false,0,0,6975,42,0,
640,tempted_2_0,3580,30,0,budget,0,67,true,4,515,95,127,0.06666666666666667,0.9333333333333333,0,0,0,2,4,normal,false,3,15,45,3535,0,0,0,false,false,false,0,0,3580,30,0,
641,tempted_2_0,3054,30,0,budget,0,64,true,3,355,74,125,0.3,0.7,0,0,0,1,25,normal,false,5,12,284,2770,0,0,0,false,false,true,0,0,3054,30,0,
642,tempted_2_0,4713,38,8,budget,0,95,true,3,870,103,162,0.2894736842105263,0.5789473684210527,0.10526315789473684,0.02631578947368421,0,5,2,normal,false,5,19,548,2330,1160,675,0,true,true,true,0,0,4713,38,0,
643,tempted_2_0,19250,100,70,budget,4,100,true,4,1230,272,363,0.03,0.55,0.16,0.06,0.2,25,19,normal,false,10,54,160,5330,4910,1830,7020,false,false,true,6840,20,12410,80,4,5|2|3|2
644,tempted_2_0,6484,38,8,budget,0,88,true,6,1200,108,170,0.21052631578947367,0.7105263157894737,0.05263157894736842,0.02631578947368421,0,4,11,normal,false,7,17,319,4105,1790,270,0,false,false,false,0,0,6484,38,0,
645,tempted_2_0,6360,42,12,budget,0,97,false,5,1600,124,157,0,0.9047619047619048,0.09523809523809523,0,0,5,1,normal,false,5,19,0,4440,660,1260,0,true,true,false,0,0,6360,42,0,
646,tempted_2_0,7383,36,6,budget,0,99,true,5,1800,113,189,0.25,0.5277777777777778,0.16666666666666666,0.05555555555555555,0,6,2,crash,false,7,13,723,3735,990,1935,0,true,true,false,0,0,7383,36,0,
647,tempted_2_0,3454,30,0,budget,0,62,true,4,490,75,136,0.4666666666666667,0.5333333333333333,0,0,0,3,20,normal,false,5,12,754,2700,0,0,0,false,false,true,0,0,3454,30,0,
648,tempted_2_0,4543,39,9,budget,1,100,true,4,705,106,121,0.10256410256410256,0.717948717948718,0.05128205128205128,0,0.1282051282051282,3,12,normal,false,6,16,203,3010,150,180,1000,false,false,true,1000,5,3543,34,1,2
649,tempted_2_0,6198,44,14,budget,0,93,true,4,1070,117,170,0.11363636363636363,0.75,0.13636363636363635,0,0,7,1,normal,false,5,20,168,3645,1620,765,0,true,false,true,0,0,6198,44,0,
650,tempted_2_0,5295,40,10,budget,0,84,true,4,645,109,163,0.1,0.8,0.1,0,0,7,2,normal,false,4,19,330,4365,600,0,0,false,false,true,0,0,5295,40,0,
651,tempted_2_0,3850,30,0,budget,0,66,true,4,660,80,134,0.06666666666666667,0.9333333333333333,0,0,0,2,8,normal,false,4,13,240,3610,0,0,0,false,false,true,0,0,3850,30,0,
652,tempted_2_0,2630,30,0,budget,0,50,true,5,855,63,104,0.3333333333333333,0.6666666666666666,0,0,0,4,3,normal,false,8,9,550,2080,0,0,0,false,false,false,0,0,2630,30,0,
653,tempted_2_0,15100,58,28,budget,2,100,true,5,2160,179,257,0.05172413793103448,0.5344827586206896,0.15517241379310345,0.08620689655172414,0.1724137931034483,10,2,crash,false,6,29,360,5225,1820,1515,6180,false,true,false,5580,10,9520,48,2,8|5
654,tempted_2_0,8201,42,12,budget,0,85,true,6,2100,122,226,0.35714285714285715,0.5238095238095238,0.11904761904761904,0,0,9,1,crash,false,6,20,896,3275,4030,0,0,false,false,true,0,0,8201,42,0,
655,tempted_2_0,7440,54,24,budget,0,94,true,4,690,150,205,0.018518518518518517,0.8148148148148148,0.14814814814814814,0.018518518518518517,0,11,5,crash,false,4,28,30,4760,1660,990,0,true,false,false,0,0,7440,54,0,
656,tempted_2_0,3806,32,2,budget,0,71,true,4,965,93,135,0.21875,0.78125,0,0,0,5,8,normal,false,5,13,226,3580,0,0,0,false,false,false,0,0,3806,32,0,
657,tempted_2_0,3813,30,0,budget,0,62,true,4,540,77,137,0.13333333333333333,0.8666666666666667,0,0,0,3,7,crash,false,5,12,208,3605,0,0,0,false,false,false,0,0,3813,30,0,
658,tempted_2_0,11801,55,25,budget,1,100,true,4,1080,172,246,0.09090909090909091,0.6363636363636364,0.16363636363636364,0.01818181818181818,0.09090909090909091,13,5,normal,false,6,24,291,4930,3040,300,3240,false,true,false,2880,5,8921,50,1,3
659,tempted_2_0,3398,30,0,budget,0,64,true,5,870,87,112,0.13333333333333333,0.8666666666666667,0,0,0,1,12,normal,false,4,11,138,3260,0,0,0,false,false,false,0,0,3398,30,0,
660,tempted_2_0,26373,76,46,budget,4,100,true,5,4080,255,358,0.02631578947368421,0.5,0.17105263157894737,0.039473684210526314,0.2631578947368421,15,4,normal,false,4,43,163,5510,2740,1080,16880,false,true,false,12300,20,14073,56,4,2|4|3|2
661,tempted_2_0,4786,32,2,budget,0,74,true,5,640,112,157,0.25,0.71875,0.03125,0,0,5,9,normal,false,4,14,556,3690,540,0,0,false,false,false,0,0,4786,32,0,
662,tempted_2_0,30845,81,51,budget,3,100,false,7,5520,272,382,0,0.5432098765432098,0.18518518518518517,0.08641975308641975,0.18518518518518517,18,1,normal,false,4,45,0,5960,6610,3135,15140,false,true,true,15340,15,15505,66,3,3|3|2
663,tempted_2_0,7135,38,8,budget,0,90,true,6,1005,126,189,0.10526315789473684,0.8157894736842105,0.07894736842105263,0,0,5,1,crash,false,4,19,120,5570,500,945,0,true,false,false,0,0,7135,38,0,
664,tempted_2_0,3579,30,0,budget,0,50,true,4,840,77,146,0.3,0.7,0,0,0,3,8,normal,false,4,13,664,2915,0,0,0,false,false,true,0,0,3579,30,0,
665,tempted_2_0,6920,42,12,budget,0,97,false,6,1455,107,163,0,0.8095238095238095,0.14285714285714285,0.047619047619047616,0,6,3,normal,false,8,21,0,4120,1720,1080,0,true,true,true,0,0,6920,42,0,
666,tempted_2_0,3946,30,0,budget,0,69,true,5,1240,80,141,0.3,0.7,0,0,0,3,22,normal,false,7,13,541,3405,0,0,0,false,false,true,0,0,3946,30,0,
667,tempted_2_0,23785,83,53,budget,3,100,true,5,1900,307,365,0,0.5301204819277109,0.20481927710843373,0.08433734939759036,0.18072289156626506,21,26,normal,false,8,43,30,7290,4440,5265,6760,false,true,true,8050,15,15735,68,3,5|4|5
668,tempted_2_0,20585,56,26,budget,2,100,true,6,6080,185,265,0.017857142857142856,0.5892857142857143,0.16071428571428573,0.05357142857142857,0.17857142857142858,10,13,normal,false,6,25,15,4165,4810,2115,9480,false,true,false,3040,10,17545,46,2,6|4
669,tempted_2_0,3315,34,4,budget,0,78,false,4,390,80,109,0,0.9411764705882353,0.058823529411764705,0,0,2,7,normal,false,4,15,0,3135,180,0,0,false,false,false,0,0,3315,34,0,
670,tempted_2_0,4170,34,4,budget,0,82,false,4,435,100,133,0,0.9411764705882353,0.058823529411764705,0,0,2,6,normal,false,6,12,0,3780,390,0,0,false,false,false,0,0,4170,34,0,
671,tempted_2_0,8309,52,22,budget,0,98,true,3,1285,133,209,0.09615384615384616,0.6923076923076923,0.17307692307692307,0.038461538461538464,0,11,2,normal,false,11,22,389,2720,3040,2160,0,true,true,true,0,0,8309,52,0,
672,tempted_2_0,7684,42,12,budget,0,94,true,6,2040,106,214,0.38095238095238093,0.47619047619047616,0.11904761904761904,0.023809523809523808,0,7,1,crash,false,11,18,1244,2480,3510,450,0,true,false,false,0,0,7684,42,0,
673,tempted_2_0,4426,32,2,budget,0,70,true,5,1135,89,163,0.3125,0.6875,0,0,0,6,3,normal,false,4,14,791,3635,0,0,0,false,false,true,0,0,4426,32,0,
674,tempted_2_0,5303,38,8,budget,0,98,true,4,650,97,154,0.21052631578947367,0.6052631578947368,0.15789473684210525,0.02631578947368421,0,8,2,normal,false,4,17,203,3790,590,720,0,true,true,false,0,0,5303,38,0,
675,tempted_2_0,13749,55,25,budget,1,100,true,4,2720,167,250,0.18181818181818182,0.41818181818181815,0.21818181818181817,0.09090909090909091,0.09090909090909091,12,2,normal,false,9,27,744,2820,2330,2655,5200,false,true,false,2640,5,11109,50,1,4
676,tempted_2_0,2750,30,0,budget,0,68,false,3,490,79,109,0,1,0,0,0,0,-1,normal,false,9,9,0,2750,0,0,0,false,false,false,0,0,2750,30,0,
677,tempted_2_0,3915,30,0,budget,0,56,true,4,480,77,143,0.23333333333333334,0.7666666666666667,0,0,0,2,12,normal,false,4,13,390,3525,0,0,0,false,false,true,0,0,3915,30,0,
678,tempted_2_0,1893,30,0,budget,0,60,true,4,315,48,101,0.6666666666666666,0.3333333333333333,0,0,0,4,7,crash,false,7,8,843,1050,0,0,0,false,false,false,0,0,1893,30,0,
679,tempted_2_0,4146,30,0,budget,0,61,true,6,1765,87,148,0.4666666666666667,0.5333333333333333,0,0,0,1,24,normal,false,4,13,426,3720,0,0,0,false,false,false,0,0,4146,30,0,
680,tempted_2_0,2764,30,0,budget,0,56,true,3,350,63,118,0.36666666666666664,0.6333333333333333,0,0,0,2,19,crash,false,5,11,354,2410,0,0,0,false,false,false,0,0,2764,30,0,
681,tempted_2_0,4405,30,0,budget,0,63,true,4,495,99,153,0.03333333333333333,0.9666666666666667,0,0,0,1,18,normal,false,5,17,15,4390,0,0,0,false,false,true,0,0,4405,30,0,
682,tempted_2_0,6050,36,6,budget,0,84,true,5,1100,118,163,0.05555555555555555,0.8888888888888888,0.05555555555555555,0,0,4,7,normal,false,6,11,250,4650,1150,0,0,false,false,false,0,0,6050,36,0,
683,tempted_2_0,8265,42,12,budget,0,93,false,8,2540,130,186,0,0.8809523809523809,0.09523809523809523,0.023809523809523808,0,5,7,normal,false,6,17,0,6330,1800,135,0,true,false,true,0,0,8265,42,0,
684,tempted_2_0,5360,8,9,lock,1,100,false,4,1580,34,45,0,0.125,0.125,0.125,0.625,2,1,normal,false,1,5,0,50,780,1350,3180,false,true,true,3240,5,2120,3,1,2
685,tempted_2_0,3440,30,0,budget,0,58,false,4,405,77,117,0,1,0,0,0,0,-1,normal,false,10,10,0,3440,0,0,0,false,false,false,0,0,3440,30,0,
686,tempted_2_0,4813,30,0,budget,0,60,true,5,975,96,157,0.1,0.9,0,0,0,1,20,normal,false,4,14,298,4515,0,0,0,false,false,true,0,0,4813,30,0,
687,tempted_2_0,5943,41,11,budget,1,100,true,5,750,111,181,0.17073170731707318,0.6097560975609756,0.07317073170731707,0.024390243902439025,0.12195121951219512,6,10,crash,false,9,17,903,2910,240,90,1800,false,false,false,1410,5,4533,36,1,4
688,tempted_2_0,3373,30,0,budget,0,58,true,5,660,85,116,0.1,0.9,0,0,0,1,13,normal,false,7,11,303,3070,0,0,0,false,false,false,0,0,3373,30,0,
689,tempted_2_0,4274,36,6,budget,0,88,true,4,495,95,160,0.19444444444444445,0.6944444444444444,0.08333333333333333,0.027777777777777776,0,7,1,crash,false,6,17,529,3325,240,180,0,false,false,true,0,0,4274,36,0,
690,tempted_2_0,2655,30,0,budget,0,50,true,4,635,71,122,0.43333333333333335,0.5666666666666667,0,0,0,4,5,normal,false,6,9,800,1855,0,0,0,false,false,true,0,0,2655,30,0,
691,tempted_2_0,6331,44,14,budget,0,92,true,4,780,125,184,0.09090909090909091,0.7272727272727273,0.18181818181818182,0,0,6,5,crash,false,6,18,301,3500,1810,720,0,true,false,false,0,0,6331,44,0,
692,tempted_2_0,5045,30,0,budget,0,66,true,4,645,101,157,0.06666666666666667,0.9333333333333333,0,0,0,1,7,normal,false,3,15,125,4920,0,0,0,false,false,true,0,0,5045,30,0,
693,tempted_2_0,3573,30,0,budget,0,66,true,5,720,75,124,0.2,0.8,0,0,0,1,24,crash,false,4,14,423,3150,0,0,0,false,false,true,0,0,3573,30,0,
694,tempted_2_0,2180,30,0,budget,0,60,true,3,270,63,95,0.13333333333333333,0.8666666666666667,0,0,0,3,6,normal,false,6,9,80,2100,0,0,0,false,false,false,0,0,2180,30,0,
695,tempted_2_0,5608,42,12,budget,0,94,true,3,540,111,179,0.19047619047619047,0.6904761904761905,0.09523809523809523,0.023809523809523808,0,8,3,crash,false,4,21,413,3590,750,855,0,true,false,false,0,0,5608,42,0,
696,tempted_2_0,29090,87,57,budget,5,100,false,7,5960,286,350,0,0.42528735632183906,0.22988505747126436,0.05747126436781609,0.28735632183908044,18,2,normal,false,9,42,0,4680,4800,1290,18320,false,false,false,18120,25,10970,62,4,6|8|5|3
697,tempted_2_0,3805,26,4,lock,0,96,true,5,1320,72,94,0.038461538461538464,0.8846153846153846,0.038461538461538464,0.038461538461538464,0,3,15,deep,true,4,11,25,2410,1370,0,0,true,true,true,0,0,3805,26,0,
698,tempted_2_0,6090,40,10,budget,0,83,false,4,840,137,176,0,0.925,0.075,0,0,5,4,normal,false,12,12,0,4890,1200,0,0,false,false,true,0,0,6090,40,0,
699,tempted_2_0,4235,32,2,budget,0,73,false,5,600,94,127,0,0.96875,0.03125,0,0,1,15,normal,false,5,13,0,4145,90,0,0,false,false,false,0,0,4235,32,0,
700,tempted_2_0,2553,30,0,budget,0,63,true,3,290,68,112,0.2,0.8,0,0,0,3,12,normal,false,4,16,268,2285,0,0,0,false,false,true,0,0,2553,30,0,
701,tempted_2_0,2935,38,8,budget,0,89,true,2,315,88,114,0.02631578947368421,0.8947368421052632,0.05263157894736842,0.02631578947368421,0,5,2,normal,false,5,17,130,2160,510,135,0,false,false,false,0,0,2935,38,0,
702,tempted_2_0,6995,52,22,budget,0,94,false,5,710,126,180,0,0.75,0.17307692307692307,0.07692307692307693,0,9,2,normal,false,7,23,0,3900,1430,1665,0,true,false,false,0,0,6995,52,0,
703,tempted_2_0,3726,30,0,budget,0,64,true,5,615,79,127,0.1,0.9,0,0,0,1,26,normal,false,4,16,271,3455,0,0,0,false,false,false,0,0,3726,30,0,
704,tempted_2_0,3930,44,14,budget,0,92,true,3,540,93,121,0.022727272727272728,0.75,0.20454545454545456,0.022727272727272728,0,7,1,normal,false,10,17,15,2205,1170,540,0,true,false,false,0,0,3930,44,0,
705,tempted_2_0,14895,70,40,budget,0,99,true,4,1880,224,305,0.014285714285714285,0.6285714285714286,0.24285714285714285,0.11428571428571428,0,20,2,normal,false,5,37,15,5645,4540,4695,0,true,true,false,0,0,14895,70,0,
706,tempted_2_0,6305,32,2,budget,0,78,true,7,2040,103,158,0.0625,0.90625,0.03125,0,0,2,2,normal,false,4,11,105,6080,120,0,0,false,false,false,0,0,6305,32,0,
707,tempted_2_0,4780,22,6,lock,0,80,true,5,855,73,122,0.045454545454545456,0.9090909090909091,0.045454545454545456,0,0,4,2,normal,false,4,11,15,4165,600,0,0,false,false,false,0,0,4780,22,0,
708,tempted_2_0,19225,61,31,budget,1,100,true,5,2280,194,285,0.08196721311475409,0.6557377049180327,0.16393442622950818,0.01639344262295082,0.08196721311475409,16,4,normal,false,4,36,225,4930,4410,2520,7140,false,false,false,6870,5,12355,56,1,5
709,tempted_2_0,6093,36,6,budget,0,89,true,4,1650,108,168,0.1111111111111111,0.8611111111111112,0.027777777777777776,0,0,5,2,normal,false,5,13,443,3790,510,1350,0,false,false,false,0,0,6093,36,0,
710,tempted_2_0,2808,38,8,budget,0,82,true,3,195,72,133,0.15789473684210525,0.7631578947368421,0.07894736842105263,0,0,7,3,crash,false,7,17,343,2075,390,0,0,false,false,false,0,0,2808,38,0,
711,tempted_2_0,21660,75,45,budget,3,100,false,5,2960,230,326,0,0.5066666666666667,0.21333333333333335,0.08,0.2,18,2,normal,false,5,45,0,4590,4600,2730,9740,false,true,true,8660,15,13000,60,3,4|6|4
712,tempted_2_0,3213,32,2,budget,0,74,true,3,415,83,130,0.25,0.71875,0.03125,0,0,7,1,normal,false,3,18,543,2490,180,0,0,false,false,true,0,0,3213,32,0,
713,tempted_2_0,3733,34,4,budget,0,77,true,5,550,88,114,0.08823529411764706,0.8529411764705882,0.058823529411764705,0,0,3,4,normal,false,4,16,103,3450,180,0,0,false,false,true,0,0,3733,34,0,
714,tempted_2_0,3337,30,0,budget,0,66,true,6,685,79,127,0.26666666666666666,0.7333333333333333,0,0,0,3,17,normal,false,4,16,877,2460,0,0,0,false,false,false,0,0,3337,30,0,
715,tempted_2_0,9765,50,20,budget,0,92,true,5,1910,164,229,0.04,0.82,0.1,0.04,0,10,2,normal,false,7,25,215,5335,3810,405,0,true,false,false,0,0,9765,50,0,
716,tempted_2_0,4440,32,2,budget,0,71,true,4,715,90,152,0.21875,0.78125,0,0,0,6,1,normal,false,3,16,335,4105,0,0,0,false,false,true,0,0,4440,32,0,
717,tempted_2_0,3178,30,0,budget,0,52,true,5,450,61,139,0.36666666666666664,0.6333333333333333,0,0,0,2,18,crash,false,6,12,843,2335,0,0,0,false,false,true,0,0,3178,30,0,
718,tempted_2_0,8394,45,15,budget,1,100,true,4,1900,113,174,0.2222222222222222,0.5555555555555556,0.08888888888888889,0.022222222222222223,0.1111111111111111,7,2,crash,false,11,19,394,2300,1200,360,4140,false,false,false,2330,5,6064,40,1,5
719,tempted_2_0,2095,32,2,budget,0,73,true,4,278,68,115,0.46875,0.5,0.03125,0,0,3,2,normal,false,4,13,825,1090,180,0,0,false,false,false,0,0,2095,32,0,
720,tempted_2_0,4885,34,4,budget,0,87,true,5,630,99,147,0.029411764705882353,0.8529411764705882,0.11764705882352941,0,0,2,6,crash,false,5,13,335,3880,670,0,0,false,false,false,0,0,4885,34,0,
721,tempted_2_0,20149,72,42,budget,2,100,true,7,2880,234,319,0.041666666666666664,0.6111111111111112,0.1527777777777778,0.05555555555555555,0.1388888888888889,19,1,normal,false,10,37,1259,4940,5920,3270,4760,false,true,false,4280,10,15869,62,2,4|2
722,tempted_2_0,19760,88,58,budget,2,100,false,5,2220,276,362,0,0.6363636363636364,0.19318181818181818,0.056818181818181816,0.11363636363636363,22,3,normal,false,6,48,0,6105,5100,1395,7160,false,false,false,4570,10,15190,78,2,2|6
723,tempted_2_0,3976,30,0,budget,0,69,true,4,600,95,148,0.23333333333333334,0.7666666666666667,0,0,0,3,7,crash,false,6,12,421,3555,0,0,0,false,false,false,0,0,3976,30,0,
724,tempted_2_0,12300,60,30,budget,2,100,false,4,2160,169,203,0,0.6333333333333333,0.18333333333333332,0.016666666666666666,0.16666666666666666,11,2,normal,false,15,26,0,3270,1990,1560,5480,false,false,false,6210,10,6090,50,2,4|3
725,tempted_2_0,2838,32,2,budget,0,73,true,4,420,78,146,0.34375,0.65625,0,0,0,4,2,normal,false,3,14,1003,1655,180,0,0,false,false,false,0,0,2838,32,0,
726,tempted_2_0,5204,36,6,budget,0,82,true,4,625,103,181,0.19444444444444445,0.75,0.05555555555555555,0,0,7,1,normal,false,5,16,754,3370,1080,0,0,false,false,false,0,0,5204,36,0,
727,tempted_2_0,5122,40,10,budget,0,82,true,5,495,107,193,0.25,0.7,0.05,0,0,7,2,normal,false,5,20,1162,3390,570,0,0,false,false,false,0,0,5122,40,0,
728,tempted_2_0,7048,40,10,budget,0,88,true,5,660,124,195,0.1,0.8,0.075,0.025,0,7,1,normal,false,6,18,198,5315,1400,135,0,false,false,true,0,0,7048,40,0,
729,tempted_2_0,3402,30,0,budget,0,63,true,4,550,82,144,0.2,0.8,0,0,0,3,18,normal,false,4,15,742,2660,0,0,0,false,false,false,0,0,3402,30,0,
730,tempted_2_0,920,8,0,lock,0,50,true,3,315,18,40,0.125,0.875,0,0,0,0,-1,crash,false,3,3,0,920,0,0,0,false,false,false,0,0,920,8,0,
731,tempted_2_0,7843,40,10,budget,0,94,true,4,1005,125,201,0.2,0.65,0.15,0,0,7,3,normal,false,9,17,343,4565,640,2295,0,true,false,true,0,0,7843,40,0,
732,tempted_2_0,3198,30,0,budget,0,69,true,4,495,74,140,0.3,0.7,0,0,0,3,18,normal,false,5,15,698,2500,0,0,0,false,false,true,0,0,3198,30,0,
733,tempted_2_0,4375,34,4,budget,0,78,true,6,915,97,121,0.029411764705882353,0.9411764705882353,0.029411764705882353,0,0,3,7,normal,false,5,16,15,4000,360,0,0,false,false,false,0,0,4375,34,0,
734,tempted_2_0,2965,32,2,budget,0,76,true,3,260,72,119,0.15625,0.84375,0,0,0,3,2,normal,false,6,9,300,2485,180,0,0,false,false,false,0,0,2965,32,0,
735,tempted_2_0,5738,34,4,budget,0,82,true,5,1610,88,180,0.14705882352941177,0.8235294117647058,0.029411764705882353,0,0,6,1,normal,false,7,15,483,3395,1860,0,0,false,false,false,0,0,5738,34,0,
736,tempted_2_0,6045,44,14,budget,0,93,true,4,515,138,178,0.06818181818181818,0.7954545454545454,0.11363636363636363,0.022727272727272728,0,7,6,normal,false,6,17,280,3755,1470,540,0,true,false,false,0,0,6045,44,0,
737,tempted_2_0,7151,31,10,lock,0,90,true,7,1580,96,159,0.12903225806451613,0.6451612903225806,0.1935483870967742,0.03225806451612903,0,6,2,crash,false,4,14,181,3130,3660,180,0,true,false,false,0,0,7151,31,0,
738,tempted_2_0,3965,30,0,budget,0,64,true,4,480,88,143,0.06666666666666667,0.9333333333333333,0,0,0,1,23,crash,false,3,16,345,3620,0,0,0,false,false,true,0,0,3965,30,0,
739,tempted_2_0,3763,34,4,budget,0,79,true,5,620,85,134,0.08823529411764706,0.8823529411764706,0.029411764705882353,0,0,3,20,normal,false,5,13,158,3335,270,0,0,false,false,true,0,0,3763,34,0,
740,tempted_2_0,10139,55,25,budget,1,100,true,3,1800,136,219,0.34545454545454546,0.38181818181818183,0.10909090909090909,0.07272727272727272,0.09090909090909091,10,2,crash,false,8,19,789,1645,2470,1395,3840,false,true,false,2130,5,8009,50,1,3
741,tempted_2_0,3545,30,0,budget,0,58,true,3,345,87,124,0.1,0.9,0,0,0,2,12,normal,false,5,15,155,3390,0,0,0,false,false,false,0,0,3545,30,0,
742,tempted_2_0,4058,34,4,budget,0,73,true,4,760,89,152,0.3235294117647059,0.6176470588235294,0.058823529411764705,0,0,6,4,normal,false,3,15,443,3375,240,0,0,false,false,true,0,0,4058,34,0,
743,tempted_2_0,2653,30,0,budget,0,57,true,3,360,73,122,0.43333333333333335,0.5666666666666667,0,0,0,3,7,normal,false,8,9,448,2205,0,0,0,false,false,false,0,0,2653,30,0,
744,tempted_2_0,16115,64,34,budget,2,100,true,4,2100,208,282,0.03125,0.609375,0.15625,0.046875,0.15625,14,5,normal,false,4,37,175,4340,3820,1140,6640,false,false,true,5920,10,10195,54,2,4|2
745,tempted_2_0,8760,41,11,budget,1,100,true,4,1860,133,212,0.04878048780487805,0.7560975609756098,0.024390243902439025,0.04878048780487805,0.12195121951219512,4,18,crash,false,4,21,60,5270,240,270,2920,false,false,false,2650,5,6110,36,1,3
746,tempted_2_0,4480,30,0,budget,0,65,true,5,805,86,139,0.06666666666666667,0.9333333333333333,0,0,0,2,20,normal,false,6,13,100,4380,0,0,0,false,false,true,0,0,4480,30,0,
747,tempted_2_0,14659,64,34,budget,2,100,true,6,2310,187,309,0.171875,0.546875,0.109375,0.015625,0.15625,17,4,crash,false,3,43,1084,4385,4980,270,3940,false,false,true,5250,10,9409,54,2,2|3
748,tempted_2_0,3596,30,0,budget,0,63,true,4,595,75,137,0.26666666666666666,0.7333333333333333,0,0,0,4,4,crash,false,3,12,436,3160,0,0,0,false,false,false,0,0,3596,30,0,
749,tempted_2_0,7495,35,17,lock,1,100,false,6,1410,87,113,0,0.4857142857142857,0.2857142857142857,0.08571428571428572,0.14285714285714285,6,4,normal,false,8,15,0,1440,2630,1005,2420,false,true,false,2420,5,5075,30,1,5
750,tempted_2_0,6510,32,2,budget,0,73,true,5,905,120,180,0.03125,0.96875,0,0,0,1,3,crash,false,6,12,310,5840,360,0,0,false,false,false,0,0,6510,32,0,
751,tempted_2_0,15373,45,15,budget,1,100,true,9,4600,163,251,0.2,0.4666666666666667,0.15555555555555556,0.06666666666666667,0.1111111111111111,9,6,normal,false,5,21,468,6780,4060,1485,2580,false,true,false,2580,5,12793,40,1,4
752,tempted_2_0,7537,54,24,budget,0,99,true,3,525,133,213,0.12962962962962962,0.5740740740740741,0.18518518518518517,0.1111111111111111,0,11,2,normal,false,6,31,547,2715,2640,1635,0,true,true,true,0,0,7537,54,0,
753,tempted_2_0,15316,64,34,budget,2,100,true,5,4540,177,246,0.125,0.46875,0.1875,0.0625,0.15625,14,8,normal,false,7,34,306,3255,1710,1485,8560,false,true,false,8310,10,7006,54,2,4|8
754,tempted_2_0,6926,39,9,budget,1,100,true,4,1020,116,179,0.23076923076923078,0.5897435897435898,0.05128205128205128,0,0.1282051282051282,5,2,normal,false,10,14,431,3105,1210,0,2180,false,false,false,2100,5,4826,34,1,2
755,tempted_2_0,8268,41,11,budget,1,100,true,4,2760,108,170,0.17073170731707318,0.6341463414634146,0.07317073170731707,0,0.12195121951219512,5,11,normal,false,6,13,758,2420,740,810,3540,false,false,false,3920,5,4348,36,1,3
756,tempted_2_0,4350,30,0,budget,0,59,true,5,1050,80,134,0.03333333333333333,0.9666666666666667,0,0,0,1,17,normal,false,4,11,15,4335,0,0,0,false,false,true,0,0,4350,30,0,
757,tempted_2_0,5703,30,0,budget,0,68,true,5,900,121,185,0.1,0.9,0,0,0,1,22,normal,false,5,13,668,5035,0,0,0,false,false,false,0,0,5703,30,0,
758,tempted_2_0,3054,32,2,budget,0,77,true,4,510,78,144,0.40625,0.59375,0,0,0,5,2,normal,false,3,13,999,1875,180,0,0,false,false,false,0,0,3054,32,0,
759,tempted_2_0,6325,41,11,budget,1,100,true,4,465,119,180,0.0975609756097561,0.6829268292682927,0.07317073170731707,0.024390243902439025,0.12195121951219512,6,6,crash,false,7,16,710,4045,250,360,960,false,false,false,870,5,5455,36,1,4
760,tempted_2_0,7865,34,4,budget,0,79,true,9,1755,115,178,0.058823529411764705,0.9117647058823529,0.029411764705882353,0,0,2,5,crash,false,10,10,75,6230,1560,0,0,false,false,false,0,0,7865,34,0,
761,tempted_2_0,2365,30,0,budget,0,65,true,3,280,63,101,0.06666666666666667,0.9333333333333333,0,0,0,1,4,crash,false,10,6,150,2215,0,0,0,false,false,true,0,0,2365,30,0,
762,tempted_2_0,4768,40,10,budget,0,92,true,3,670,97,140,0.125,0.75,0.125,0,0,9,8,normal,false,4,16,113,3245,1140,270,0,true,false,false,0,0,4768,40,0,
763,tempted_2_0,3206,30,0,budget,0,62,true,3,445,85,132,0.23333333333333334,0.7666666666666667,0,0,0,2,14,normal,false,4,15,506,2700,0,0,0,false,false,false,0,0,3206,30,0,
764,tempted_2_0,12298,47,17,budget,1,100,true,9,2175,144,223,0.2553191489361702,0.5531914893617021,0.06382978723404255,0.02127659574468085,0.10638297872340426,9,6,crash,false,5,26,718,5530,460,450,5140,false,false,false,3890,5,8408,42,1,4
765,tempted_2_0,3059,32,2,budget,0,75,true,4,570,70,120,0.25,0.71875,0.03125,0,0,4,7,normal,false,5,12,704,2265,90,0,0,false,false,false,0,0,3059,32,0,
766,tempted_2_0,3958,40,10,budget,0,77,true,4,525,89,150,0.2,0.725,0.075,0,0,9,2,normal,false,4,20,593,2645,720,0,0,false,false,false,0,0,3958,40,0,
767,tempted_2_0,8313,49,19,budget,1,100,true,4,1350,141,189,0.08163265306122448,0.673469387755102,0.12244897959183673,0.02040816326530612,0.10204081632653061,9,1,normal,false,6,32,228,3925,1690,90,2380,false,false,false,2310,5,6003,44,1,3
768,tempted_2_0,3043,30,0,budget,0,69,true,4,510,80,121,0.16666666666666666,0.8333333333333334,0,0,0,2,13,normal,false,4,10,248,2795,0,0,0,false,false,false,0,0,3043,30,0,
769,tempted_2_0,6845,42,12,budget,0,78,true,5,995,144,207,0.047619047619047616,0.8809523809523809,0.07142857142857142,0,0,7,1,normal,false,5,21,130,6025,690,0,0,false,false,false,0,0,6845,42,0,
770,tempted_2_0,4374,30,0,budget,0,60,true,6,1390,78,125,0.23333333333333334,0.7666666666666667,0,0,0,3,6,normal,false,6,14,219,4155,0,0,0,false,false,false,0,0,4374,30,0,
771,tempted_2_0,18460,66,36,budget,2,100,true,5,4220,226,309,0.015151515151515152,0.6212121212121212,0.15151515151515152,0.06060606060606061,0.15151515151515152,14,1,normal,false,5,35,155,5235,4520,1170,7380,false,true,false,6260,10,12200,56,2,3|3
772,tempted_2_0,3470,30,0,budget,0,67,true,5,605,76,104,0.03333333333333333,0.9666666666666667,0,0,0,1,17,normal,false,11,10,15,3455,0,0,0,false,false,false,0,0,3470,30,0,
773,tempted_2_0,2422,30,0,budget,0,50,true,3,285,69,108,0.36666666666666664,0.6333333333333333,0,0,0,5,4,normal,false,7,11,577,1845,0,0,0,false,false,true,0,0,2422,30,0,
774,tempted_2_0,8613,44,14,budget,0,95,true,7,1310,145,206,0.045454545454545456,0.7954545454545454,0.13636363636363635,0.022727272727272728,0,6,2,normal,false,6,20,253,5375,2130,855,0,true,true,true,0,0,8613,44,0,
775,tempted_2_0,5609,32,2,budget,0,73,true,6,800,101,191,0.15625,0.8125,0.03125,0,0,3,2,normal,false,5,20,809,4710,90,0,0,false,false,true,0,0,5609,32,0,
776,tempted_2_0,4335,34,4,budget,0,81,true,4,455,109,141,0.058823529411764705,0.9117647058823529,0.029411764705882353,0,0,3,2,normal,false,5,13,95,3940,300,0,0,false,false,true,0,0,4335,34,0,
777,tempted_2_0,9493,50,20,budget,0,94,true,4,1185,153,215,0.02,0.76,0.18,0.04,0,10,1,normal,false,11,27,188,4240,3400,1665,0,true,false,true,0,0,9493,50,0,
778,tempted_2_0,2981,30,0,budget,0,54,true,4,465,71,111,0.13333333333333333,0.8666666666666667,0,0,0,2,21,normal,false,6,13,226,2755,0,0,0,false,false,false,0,0,2981,30,0,
779,tempted_2_0,29095,95,65,budget,5,100,true,6,2910,288,356,0.021052631578947368,0.4842105263157895,0.16842105263157894,0.06315789473684211,0.2631578947368421,24,6,normal,false,7,51,90,4140,5540,3465,15860,false,true,true,14880,25,14215,70,5,2|3|4|2|5
780,tempted_2_0,3800,30,0,budget,0,54,true,4,635,70,134,0.06666666666666667,0.9333333333333333,0,0,0,1,19,crash,false,4,13,370,3430,0,0,0,false,false,true,0,0,3800,30,0,
781,tempted_2_0,2936,32,2,budget,0,70,true,3,370,80,118,0.15625,0.84375,0,0,0,2,1,normal,false,5,13,176,2760,0,0,0,false,false,true,0,0,2936,32,0,
782,tempted_2_0,3690,30,0,budget,0,64,true,4,615,79,125,0.1,0.9,0,0,0,2,19,normal,false,5,12,145,3545,0,0,0,false,false,false,0,0,3690,30,0,
783,tempted_2_0,3285,30,0,budget,0,64,true,4,585,74,122,0.43333333333333335,0.5666666666666667,0,0,0,3,19,normal,false,7,13,420,2865,0,0,0,false,false,true,0,0,3285,30,0,
784,tempted_2_0,3427,30,0,budget,0,66,true,3,420,81,135,0.3,0.7,0,0,0,2,11,crash,false,3,14,467,2960,0,0,0,false,false,false,0,0,3427,30,0,
785,tempted_2_0,9003,43,13,budget,1,100,true,3,1400,134,175,0.11627906976744186,0.6046511627906976,0.09302325581395349,0.06976744186046512,0.11627906976744186,7,2,normal,false,3,22,113,3920,360,630,3980,false,true,true,4100,5,4903,38,1,7
786,tempted_2_0,2742,30,0,budget,0,59,true,4,475,66,113,0.3,0.7,0,0,0,2,8,crash,false,10,8,397,2345,0,0,0,false,false,true,0,0,2742,30,0,
787,tempted_2_0,22835,83,53,budget,3,100,true,8,2640,287,374,0.012048192771084338,0.5662650602409639,0.1927710843373494,0.04819277108433735,0.18072289156626506,20,4,normal,false,6,46,15,8390,3690,1980,8760,false,false,true,8820,15,14015,68,3,3|4|2
788,tempted_2_0,15570,70,40,budget,2,100,true,4,1200,164,281,0.18571428571428572,0.4142857142857143,0.22857142857142856,0.02857142857142857,0.14285714285714285,19,1,crash,false,7,36,505,2635,4390,1440,6600,false,false,false,5050,10,10520,60,2,3|9
789,tempted_2_0,11085,48,18,budget,0,96,true,6,1830,152,243,0.041666666666666664,0.7708333333333334,0.16666666666666666,0.020833333333333332,0,11,1,normal,false,7,23,30,6545,3340,1170,0,true,true,false,0,0,11085,48,0,
790,tempted_2_0,10970,49,19,budget,1,100,true,5,2640,152,201,0.04081632653061224,0.6938775510204082,0.14285714285714285,0.02040816326530612,0.10204081632653061,9,10,normal,false,4,24,530,3340,1580,240,5280,false,false,true,5400,5,5570,44,1,4
791,tempted_2_0,8040,49,19,budget,1,100,false,5,2370,121,164,0,0.7551020408163265,0.12244897959183673,0.02040816326530612,0.10204081632653061,7,5,normal,false,6,25,0,3075,1350,135,3480,false,false,false,3570,5,4470,44,0,
792,tempted_2_0,4910,40,10,budget,0,79,false,4,940,112,159,0,0.925,0.075,0,0,5,19,normal,false,5,16,0,3730,1180,0,0,false,false,false,0,0,4910,40,0,
793,tempted_2_0,4335,30,0,budget,0,58,false,5,775,79,131,0,1,0,0,0,0,-1,normal,false,5,16,0,4335,0,0,0,false,false,false,0,0,4335,30,0,
794,tempted_2_0,11126,63,33,budget,1,100,true,5,1530,164,220,0.1111111111111111,0.5873015873015873,0.19047619047619047,0.031746031746031744,0.07936507936507936,18,1,normal,false,4,31,421,3535,3510,540,3120,false,false,false,2310,5,8816,58,1,3
795,tempted_2_0,9934,45,15,budget,1,100,true,6,2040,126,196,0.3333333333333333,0.4888888888888889,0.044444444444444446,0.022222222222222223,0.1111111111111111,7,1,crash,false,5,20,794,3280,1110,990,3760,false,false,false,3730,5,6204,40,1,3
796,tempted_2_0,4900,34,4,budget,0,73,false,3,660,100,146,0,0.9705882352941176,0.029411764705882353,0,0,2,11,normal,false,9,15,0,3730,1170,0,0,false,false,false,0,0,4900,34,0,
797,tempted_2_0,3145,30,0,budget,0,50,true,7,721,71,143,0.36666666666666664,0.6333333333333333,0,0,0,4,7,crash,false,5,13,1360,1785,0,0,0,false,false,false,0,0,3145,30,0,
798,tempted_2_0,3505,32,2,budget,0,79,true,4,425,90,127,0.1875,0.8125,0,0,0,3,5,normal,false,6,16,370,2865,270,0,0,false,false,true,0,0,3505,32,0,
799,tempted_2_0,4843,46,16,budget,0,90,true,4,455,118,173,0.2826086956521739,0.5652173913043478,0.15217391304347827,0,0,10,1,normal,false,8,21,558,2935,1080,270,0,true,false,false,0,0,4843,46,0,
800,tempted_2_0,4645,30,0,budget,0,68,true,5,690,98,162,0.2,0.8,0,0,0,1,22,normal,false,4,15,475,4170,0,0,0,false,false,true,0,0,4645,30,0,
801,tempted_2_0,2860,36,6,budget,0,85,true,3,375,80,134,0.25,0.6666666666666666,0.08333333333333333,0,0,6,1,normal,false,6,13,645,1975,240,0,0,false,false,true,0,0,2860,36,0,
802,tempted_2_0,15088,63,33,budget,1,100,true,6,1475,188,279,0.06349206349206349,0.5873015873015873,0.19047619047619047,0.07936507936507936,0.07936507936507936,14,6,crash,false,9,31,113,6050,4440,1845,2640,false,true,false,2370,5,12718,58,1,8
803,tempted_2_0,10360,41,11,budget,1,100,true,4,1230,126,216,0.024390243902439025,0.7560975609756098,0.07317073170731707,0.024390243902439025,0.12195121951219512,5,2,normal,false,3,18,15,5355,2260,90,2640,false,false,false,2610,5,7750,36,1,3
804,tempted_2_0,11768,39,9,budget,1,100,true,5,2400,128,210,0.1794871794871795,0.6153846153846154,0.05128205128205128,0.02564102564102564,0.1282051282051282,6,3,crash,false,2,22,478,3280,200,90,7720,false,true,false,6590,5,5178,34,1,3
805,tempted_2_0,2805,32,2,budget,0,71,true,3,270,77,111,0.0625,0.9375,0,0,0,3,5,normal,false,5,11,140,2665,0,0,0,false,false,true,0,0,2805,32,0,
806,tempted_2_0,23190,84,54,budget,2,100,true,5,1725,236,364,0.10714285714285714,0.5119047619047619,0.2261904761904762,0.03571428571428571,0.11904761904761904,24,3,normal,false,6,54,225,4470,8590,3225,6680,false,true,true,7070,10,16120,74,2,2|2
807,tempted_2_0,2893,30,0,budget,0,55,true,4,455,70,120,0.16666666666666666,0.8333333333333334,0,0,0,3,11,normal,false,4,14,498,2395,0,0,0,false,false,true,0,0,2893,30,0,
808,tempted_2_0,29118,84,54,budget,4,100,true,7,5035,308,409,0.047619047619047616,0.5119047619047619,0.15476190476190477,0.047619047619047616,0.23809523809523808,18,2,normal,false,4,48,363,5395,4560,5220,13580,false,true,true,11230,20,17888,64,4,2|2|2|3
809,tempted_2_0,11889,49,19,budget,1,100,true,4,3810,132,220,0.30612244897959184,0.3877551020408163,0.14285714285714285,0.061224489795918366,0.10204081632653061,9,1,crash,false,7,25,964,1960,2130,495,6340,false,true,true,5950,5,5939,44,1,10
810,tempted_2_0,3100,30,0,budget,0,62,true,4,510,87,136,0.26666666666666666,0.7333333333333333,0,0,0,2,17,normal,false,5,14,710,2390,0,0,0,false,false,false,0,0,3100,30,0,
811,tempted_2_0,6165,36,6,budget,0,82,false,6,990,111,145,0,0.9166666666666666,0.08333333333333333,0,0,3,10,normal,false,3,18,0,4785,1380,0,0,false,false,false,0,0,6165,36,0,
812,tempted_2_0,4830,30,0,budget,0,63,true,4,570,103,144,0.03333333333333333,0.9666666666666667,0,0,0,1,22,normal,false,7,12,60,4770,0,0,0,false,false,false,0,0,4830,30,0,
813,tempted_2_0,12240,52,22,budget,0,99,true,4,1670,193,255,0.019230769230769232,0.75,0.19230769230769232,0.038461538461538464,0,12,15,normal,false,4,30,20,6075,2890,3255,0,true,true,true,0,0,12240,52,0,
814,tempted_2_0,32888,102,72,budget,2,100,true,7,6620,298,422,0.0392156862745098,0.5392156862745098,0.29411764705882354,0.029411764705882353,0.09803921568627451,29,2,normal,false,6,56,393,4915,7850,6030,13700,false,true,false,13190,10,19698,92,2,5|3
815,tempted_2_0,15673,65,35,budget,3,100,true,5,1780,208,282,0.12307692307692308,0.4461538461538462,0.12307692307692308,0.07692307692307693,0.23076923076923078,14,1,normal,false,4,34,293,5245,3370,705,6060,false,true,false,5610,15,10063,50,3,4|3|2
816,tempted_2_0,3485,30,0,budget,0,64,false,5,990,90,120,0,1,0,0,0,0,-1,normal,false,7,12,0,3485,0,0,0,false,false,false,0,0,3485,30,0,
817,tempted_2_0,12680,61,31,budget,1,100,true,4,1500,162,248,0.01639344262295082,0.639344262295082,0.14754098360655737,0.11475409836065574,0.08196721311475409,15,2,normal,false,7,30,45,4280,1750,2565,4040,false,true,false,2630,5,10050,56,1,4
818,tempted_2_0,9798,47,17,budget,1,100,true,5,1020,148,185,0.0425531914893617,0.6595744680851063,0.10638297872340426,0.0851063829787234,0.10638297872340426,7,6,normal,false,9,20,38,4340,1180,1200,3040,false,true,true,2890,5,6908,42,1,7
819,tempted_2_0,2302,30,0,budget,0,50,true,4,286,63,144,0.6333333333333333,0.36666666666666664,0,0,0,5,9,crash,false,5,17,1047,1255,0,0,0,false,false,false,0,0,2302,30,0,
820,tempted_2_0,10923,31,21,lock,1,100,true,4,1500,102,164,0.16129032258064516,0.3225806451612903,0.2903225806451613,0.06451612903225806,0.16129032258064516,8,3,crash,false,4,18,248,1755,2490,990,5440,false,false,false,4600,5,6323,26,1,5
821,tempted_2_0,3765,30,0,budget,0,64,true,5,920,85,128,0.23333333333333334,0.7666666666666667,0,0,0,3,13,normal,false,3,13,195,3570,0,0,0,false,false,true,0,0,3765,30,0,
822,tempted_2_0,4095,30,0,budget,0,65,true,4,490,82,134,0.13333333333333333,0.8666666666666667,0,0,0,2,15,normal,false,4,15,85,4010,0,0,0,false,false,false,0,0,4095,30,0,
823,tempted_2_0,6805,34,4,budget,0,82,true,6,1325,115,181,0.17647058823529413,0.7647058823529411,0.058823529411764705,0,0,4,1,normal,false,4,15,155,5690,960,0,0,false,false,true,0,0,6805,34,0,
824,tempted_2_0,3430,30,0,budget,0,61,true,3,395,81,129,0,1,0,0,0,0,-1,normal,false,5,11,150,3280,0,0,0,false,false,false,0,0,3430,30,0,
825,tempted_2_0,12616,56,26,budget,2,100,true,4,2970,138,188,0.05357142857142857,0.5178571428571429,0.21428571428571427,0.03571428571428571,0.17857142857142858,10,2,normal,false,5,20,241,2795,1780,360,7440,false,true,false,7200,10,5416,46,2,3|8
826,tempted_2_0,4238,38,8,budget,0,95,true,2,600,106,142,0.18421052631578946,0.631578947368421,0.15789473684210525,0.02631578947368421,0,6,15,normal,false,4,21,388,2025,1600,225,0,true,true,true,0,0,4238,38,0,
827,tempted_2_0,4245,38,8,budget,0,80,true,3,520,102,152,0.18421052631578946,0.8157894736842105,0,0,0,7,11,normal,false,7,13,285,2910,1050,0,0,false,false,false,0,0,4245,38,0,
828,tempted_2_0,3365,32,2,budget,0,70,true,3,365,95,139,0.1875,0.8125,0,0,0,5,5,normal,false,4,13,450,2915,0,0,0,false,false,true,0,0,3365,32,0,
829,tempted_2_0,2911,30,0,budget,0,63,true,3,405,67,136,0.3,0.7,0,0,0,2,19,crash,false,4,13,661,2250,0,0,0,false,false,false,0,0,2911,30,0,
830,tempted_2_0,5810,38,8,budget,0,83,true,5,930,111,152,0.02631578947368421,0.868421052631579,0.10526315789473684,0,0,4,3,normal,false,6,17,75,4445,1290,0,0,false,false,true,0,0,5810,38,0,
831,tempted_2_0,6928,52,22,budget,0,85,true,4,660,134,209,0.1346153846153846,0.7884615384615384,0.07692307692307693,0,0,12,8,normal,false,8,28,623,3785,2520,0,0,false,false,true,0,0,6928,52,0,
832,tempted_2_0,20824,89,59,budget,1,100,true,6,1920,287,420,0.06741573033707865,0.5617977528089888,0.2808988764044944,0.033707865168539325,0.056179775280898875,25,5,crash,false,8,48,174,7250,9550,1710,2140,false,true,false,1860,5,18964,84,1,3
833,tempted_2_0,3945,30,0,budget,0,67,true,5,545,87,123,0.03333333333333333,0.9666666666666667,0,0,0,1,11,normal,false,8,13,15,3930,0,0,0,false,false,false,0,0,3945,30,0,
834,tempted_2_0,3964,34,4,budget,0,84,true,4,450,89,133,0.20588235294117646,0.7058823529411765,0.08823529411764706,0,0,4,2,normal,false,9,13,499,2535,930,0,0,false,false,false,0,0,3964,34,0,
835,tempted_2_0,15425,81,51,budget,1,100,false,4,1560,234,289,0,0.691358024691358,0.20987654320987653,0.037037037037037035,0.06172839506172839,20,4,normal,false,6,47,0,4975,5460,1110,3880,false,true,false,3880,5,11545,76,1,2
836,tempted_2_0,4493,32,2,budget,0,84,true,3,475,112,165,0.125,0.8125,0.0625,0,0,3,6,normal,false,6,15,413,3360,720,0,0,false,false,true,0,0,4493,32,0,
837,tempted_2_0,10365,53,23,budget,1,100,true,4,1140,157,208,0.018867924528301886,0.6415094339622641,0.18867924528301888,0.05660377358490566,0.09433962264150944,10,2,normal,false,4,27,30,4460,3060,1155,1660,false,true,true,2500,5,7865,48,1,9
838,tempted_2_0,7720,36,6,budget,0,90,true,7,1200,131,199,0.05555555555555555,0.8055555555555556,0.1111111111111111,0.027777777777777776,0,4,9,normal,false,4,17,215,4815,2330,360,0,true,false,false,0,0,7720,36,0,
839,tempted_2_0,3194,30,0,budget,0,65,true,4,500,80,135,0.3333333333333333,0.6666666666666666,0,0,0,2,19,normal,false,6,13,639,2555,0,0,0,false,false,true,0,0,3194,30,0,
840,tempted_2_0,10395,60,30,budget,0,99,true,5,1495,161,243,0.03333333333333333,0.65,0.21666666666666667,0.1,0,16,2,normal,false,6,35,170,4345,3180,2700,0,true,true,false,0,0,10395,60,0,
841,tempted_2_0,8280,45,15,budget,1,100,false,5,1080,146,191,0,0.8,0.06666666666666667,0.022222222222222223,0.1111111111111111,6,5,normal,false,11,16,0,4080,1710,510,1980,false,false,false,1890,5,6390,40,1,3
842,tempted_2_0,7635,46,16,budget,0,90,true,7,1015,150,232,0.13043478260869565,0.7608695652173914,0.08695652173913043,0.021739130434782608,0,10,13,normal,false,7,24,315,5405,1780,135,0,true,false,false,0,0,7635,46,0,
843,tempted_2_0,5983,30,0,budget,0,67,true,5,935,130,177,0.1,0.9,0,0,0,2,6,normal,false,4,12,543,5440,0,0,0,false,false,true,0,0,5983,30,0,
844,tempted_2_0,8638,43,13,budget,1,100,true,5,1060,128,199,0.06976744186046512,0.7209302325581395,0.06976744186046512,0.023255813953488372,0.11627906976744186,7,10,normal,false,5,26,568,3940,1820,810,1500,false,true,true,1290,5,7348,38,1,3
845,tempted_2_0,14320,45,15,budget,1,100,true,7,5720,153,214,0.06666666666666667,0.7333333333333333,0.06666666666666667,0.022222222222222223,0.1111111111111111,7,1,normal,false,5,24,210,5320,1860,90,6840,false,false,true,6810,5,7510,40,1,3
846,tempted_2_0,15856,76,46,budget,2,100,true,6,1305,239,303,0.06578947368421052,0.5789473684210527,0.14473684210526316,0.07894736842105263,0.13157894736842105,19,4,normal,false,10,38,301,6060,3960,3255,2280,false,true,false,2820,10,13036,66,2,5|6
847,tempted_2_0,2808,30,0,budget,0,69,true,3,500,81,126,0.3333333333333333,0.6666666666666666,0,0,0,2,15,crash,false,4,14,488,2320,0,0,0,false,false,false,0,0,2808,30,0,
848,tempted_2_0,3281,32,2,budget,0,71,true,4,520,78,130,0.1875,0.8125,0,0,0,3,6,normal,false,3,12,401,2880,0,0,0,false,false,false,0,0,3281,32,0,
849,tempted_2_0,12162,50,20,budget,2,100,true,5,960,149,258,0.18,0.5,0.1,0.02,0.2,6,1,normal,false,6,22,712,4680,2020,450,4300,false,false,true,4820,10,7342,40,2,2|3
850,tempted_2_0,4003,32,2,budget,0,74,true,5,580,98,146,0.1875,0.78125,0.03125,0,0,3,5,normal,false,4,16,763,3150,90,0,0,false,false,false,0,0,4003,32,0,
851,tempted_2_0,14321,53,23,budget,1,100,true,7,4460,182,267,0.11320754716981132,0.5660377358490566,0.16981132075471697,0.05660377358490566,0.09433962264150944,13,2,normal,false,4,29,431,5600,1770,720,5800,false,false,false,5710,5,8611,48,1,3
852,tempted_2_0,3493,30,0,budget,0,54,true,5,570,76,119,0.23333333333333334,0.7666666666666667,0,0,0,3,11,normal,false,7,12,193,3300,0,0,0,false,false,true,0,0,3493,30,0,
853,tempted_2_0,9605,50,23,lock,1,100,false,5,2290,149,170,0,0.82,0.06,0.02,0.1,8,2,normal,false,7,19,0,3540,2870,135,3060,false,false,true,4090,5,5515,45,0,
854,tempted_2_0,3097,30,0,budget,0,50,true,4,390,70,119,0.26666666666666666,0.7333333333333333,0,0,0,5,13,normal,false,5,14,442,2655,0,0,0,false,false,true,0,0,3097,30,0,
855,tempted_2_0,3528,30,0,budget,0,67,true,4,520,75,124,0.16666666666666666,0.8333333333333334,0,0,0,1,27,crash,false,3,12,243,3285,0,0,0,false,false,false,0,0,3528,30,0,
856,tempted_2_0,12950,73,43,budget,1,100,false,4,945,217,265,0,0.6986301369863014,0.1917808219178082,0.0410958904109589,0.0684931506849315,16,1,normal,false,8,37,0,6460,3280,1710,1500,false,false,false,1290,5,11660,68,1,6
857,tempted_2_0,4126,30,0,budget,0,57,true,5,1440,88,128,0.13333333333333333,0.8666666666666667,0,0,0,1,25,normal,false,6,11,241,3885,0,0,0,false,false,false,0,0,4126,30,0,
858,tempted_2_0,3145,30,0,budget,0,62,true,3,315,75,110,0.16666666666666666,0.8333333333333334,0,0,0,4,14,normal,false,4,11,205,2940,0,0,0,false,false,false,0,0,3145,30,0,
859,tempted_2_0,2543,30,0,budget,0,66,true,4,350,74,107,0.13333333333333333,0.8666666666666667,0,0,0,3,6,normal,false,5,12,323,2220,0,0,0,false,false,false,0,0,2543,30,0,
860,tempted_2_0,6910,45,15,budget,1,100,false,5,1290,105,144,0,0.7777777777777778,0.08888888888888889,0.022222222222222223,0.1111111111111111,5,3,normal,false,10,16,0,2570,2610,90,1640,false,false,false,1170,5,5740,40,1,2
861,tempted_2_0,7125,38,8,budget,0,94,true,5,940,141,247,0.42105263157894735,0.47368421052631576,0.07894736842105263,0.02631578947368421,0,8,17,normal,false,3,23,1545,4365,360,855,0,true,false,true,0,0,7125,38,0,
862,tempted_2_0,13110,52,22,budget,2,100,true,5,2220,141,230,0.019230769230769232,0.6346153846153846,0.1346153846153846,0.019230769230769232,0.19230769230769232,7,3,normal,false,5,26,15,4580,980,1395,6140,false,false,true,6360,10,6750,42,1,4
863,tempted_2_0,9370,28,13,lock,1,100,true,5,2060,97,125,0.03571428571428571,0.6071428571428571,0.17857142857142858,0,0.17857142857142858,6,1,normal,false,11,12,15,1775,1770,270,5540,false,false,false,4100,5,5270,23,1,4
864,tempted_2_0,7330,45,15,budget,1,100,false,4,1760,112,142,0,0.7333333333333333,0.13333333333333333,0.022222222222222223,0.1111111111111111,6,27,normal,false,14,18,0,2680,1150,360,3140,false,false,false,3110,5,4220,40,1,5
865,tempted_2_0,15158,65,35,budget,3,100,true,5,2465,192,279,0.1076923076923077,0.4307692307692308,0.12307692307692308,0.1076923076923077,0.23076923076923078,13,1,normal,false,8,35,743,4100,1590,3825,4900,false,true,false,4360,15,10798,50,3,3|8|2
866,tempted_2_0,3731,32,2,budget,0,73,true,4,660,85,144,0.4375,0.53125,0.03125,0,0,6,2,normal,false,5,17,761,2850,120,0,0,false,false,true,0,0,3731,32,0,
867,tempted_2_0,15840,67,37,budget,3,100,true,7,3480,185,231,0.014925373134328358,0.5074626865671642,0.16417910447761194,0.08955223880597014,0.22388059701492538,12,1,normal,false,6,27,15,4240,1790,4695,5100,false,true,false,4980,15,10860,52,3,2|7|7
868,tempted_2_0,13308,80,50,budget,0,90,true,5,1620,240,340,0.025,0.775,0.1875,0.0125,0,22,1,normal,false,7,41,553,7230,5120,405,0,true,false,false,0,0,13308,80,0,
869,tempted_2_0,2418,30,0,budget,0,66,true,3,405,68,115,0.3333333333333333,0.6666666666666666,0,0,0,1,3,crash,false,6,9,393,2025,0,0,0,false,false,false,0,0,2418,30,0,
870,tempted_2_0,13745,59,29,budget,1,100,true,5,1560,194,280,0.01694915254237288,0.7966101694915254,0.0847457627118644,0.01694915254237288,0.0847457627118644,14,6,normal,false,6,34,30,5880,3530,1485,2820,false,true,false,2370,5,11375,54,1,3
871,tempted_2_0,4444,30,0,budget,0,67,true,6,885,91,142,0.3,0.7,0,0,0,3,17,normal,false,6,10,389,4055,0,0,0,false,false,false,0,0,4444,30,0,
872,tempted_2_0,19633,74,54,lock,2,100,true,6,2780,238,358,0.06756756756756757,0.5675675675675675,0.1891891891891892,0.04054054054054054,0.13513513513513514,22,2,keto,false,3,46,153,7620,4120,3060,4680,false,false,false,4340,10,15293,64,2,2|2
873,tempted_2_0,710,6,6,lock,0,81,false,2,230,20,17,0,0.5,0.5,0,0,2,2,normal,false,1,4,0,350,360,0,0,false,false,false,0,0,710,6,0,
874,tempted_2_0,2269,30,0,budget,0,52,true,4,570,59,107,0.36666666666666664,0.6333333333333333,0,0,0,2,8,normal,false,7,7,424,1845,0,0,0,false,false,false,0,0,2269,30,0,
875,tempted_2_0,32755,118,88,budget,4,100,true,5,2270,349,490,0.00847457627118644,0.5254237288135594,0.2288135593220339,0.06779661016949153,0.1694915254237288,33,1,normal,false,6,63,15,6110,10530,4440,11660,false,true,false,11300,20,21455,98,4,3|6|6|4
876,tempted_2_0,3895,32,2,budget,0,73,true,5,885,81,121,0,0.96875,0.03125,0,0,1,2,normal,false,4,14,120,3625,150,0,0,false,false,true,0,0,3895,32,0,
877,tempted_2_0,3328,30,0,budget,0,55,true,5,345,76,121,0.16666666666666666,0.8333333333333334,0,0,0,3,11,normal,false,3,17,538,2790,0,0,0,false,false,true,0,0,3328,30,0,
878,tempted_2_0,7498,48,18,budget,0,96,true,5,1140,143,200,0.041666666666666664,0.7708333333333334,0.14583333333333334,0.041666666666666664,0,10,3,normal,false,14,21,98,4000,3130,270,0,true,true,false,0,0,7498,48,0,
879,tempted_2_0,21550,85,55,budget,1,100,true,6,1960,269,365,0,0.5058823529411764,0.36470588235294116,0.07058823529411765,0.058823529411764705,22,7,normal,false,11,43,50,6650,6240,7410,1200,false,true,false,1170,5,20380,80,1,5
880,tempted_2_0,4621,34,4,budget,0,80,true,4,585,85,134,0.14705882352941177,0.8529411764705882,0,0,0,4,4,normal,false,5,12,161,3920,540,0,0,false,false,true,0,0,4621,34,0,
881,tempted_2_0,3578,30,0,budget,0,64,true,5,720,83,137,0.1,0.9,0,0,0,3,19,normal,false,5,15,508,3070,0,0,0,false,false,true,0,0,3578,30,0,
882,tempted_2_0,4465,32,2,budget,0,82,true,5,780,89,141,0.125,0.84375,0.03125,0,0,4,10,normal,false,4,16,215,3800,450,0,0,false,false,true,0,0,4465,32,0,
883,tempted_2_0,16010,68,38,budget,2,100,true,5,2520,204,276,0.058823529411764705,0.5882352941176471,0.17647058823529413,0.029411764705882353,0.14705882352941177,16,1,normal,false,6,36,150,6740,3180,540,5400,false,false,false,5310,10,10700,58,2,2|3
884,tempted_2_0,5900,34,4,budget,0,81,true,5,1320,111,164,0.08823529411764706,0.8823529411764706,0.029411764705882353,0,0,3,7,crash,false,10,11,130,4750,1020,0,0,false,false,false,0,0,5900,34,0,
885,tempted_2_0,2610,30,0,budget,0,68,true,3,270,75,98,0.06666666666666667,0.9333333333333333,0,0,0,2,19,normal,false,5,9,135,2475,0,0,0,false,false,true,0,0,2610,30,0,
886,tempted_2_0,14330,47,17,budget,1,100,true,8,1960,171,240,0.0425531914893617,0.6808510638297872,0.14893617021276595,0.02127659574468085,0.10638297872340426,8,2,crash,false,7,26,105,6920,970,495,5840,false,false,true,5810,5,8520,42,1,8
887,tempted_2_0,4275,34,4,budget,0,71,true,3,385,100,141,0.08823529411764706,0.9117647058823529,0,0,0,4,8,normal,false,5,14,165,4110,0,0,0,false,false,true,0,0,4275,34,0,
888,tempted_2_0,44871,99,69,budget,3,100,true,7,4760,344,496,0.06060606060606061,0.5050505050505051,0.2222222222222222,0.06060606060606061,0.15151515151515152,25,3,crash,false,7,54,91,6070,7920,9450,21340,false,true,false,14650,15,30221,84,2,7|2
889,tempted_2_0,5653,40,10,budget,0,80,true,4,840,116,177,0.175,0.825,0,0,0,8,1,normal,false,5,24,313,3900,1440,0,0,false,false,false,0,0,5653,40,0,
890,tempted_2_0,8645,38,8,budget,0,90,true,7,2250,116,184,0.13157894736842105,0.7368421052631579,0.10526315789473684,0.02631578947368421,0,6,2,normal,false,4,18,210,5070,3230,135,0,true,false,false,0,0,8645,38,0,
891,tempted_2_0,6405,34,4,budget,0,88,true,9,2600,108,162,0.058823529411764705,0.8529411764705882,0.058823529411764705,0.029411764705882353,0,4,8,normal,false,7,15,30,5640,600,135,0,false,false,false,0,0,6405,34,0,
892,tempted_2_0,12298,35,27,lock,1,100,true,5,2820,96,143,0.08571428571428572,0.37142857142857144,0.3142857142857143,0.08571428571428572,0.14285714285714285,10,2,crash,false,4,19,53,1020,2570,4035,4620,false,false,false,3420,5,8878,30,1,3
893,tempted_2_0,3225,36,6,budget,0,87,true,3,600,82,127,0.2777777777777778,0.6111111111111112,0.1111111111111111,0,0,7,2,normal,false,6,18,470,1855,900,0,0,false,false,true,0,0,3225,36,0,
894,tempted_2_0,12240,61,31,budget,1,100,false,4,1500,181,244,0,0.7704918032786885,0.11475409836065574,0.03278688524590164,0.08196721311475409,14,2,normal,false,6,31,0,4730,3210,1440,2860,false,true,false,1450,5,10790,56,1,3
895,tempted_2_0,7318,42,12,budget,0,86,true,5,1015,129,179,0.09523809523809523,0.8095238095238095,0.09523809523809523,0,0,8,7,normal,false,5,17,68,5245,1150,855,0,false,false,false,0,0,7318,42,0,
896,tempted_2_0,3439,32,2,budget,0,74,true,4,515,77,125,0.28125,0.6875,0.03125,0,0,5,9,crash,false,6,13,289,3060,90,0,0,false,false,false,0,0,3439,32,0,
897,tempted_2_0,5344,46,16,budget,0,94,true,4,520,111,180,0.3695652173913043,0.45652173913043476,0.15217391304347827,0.021739130434782608,0,10,3,normal,false,4,20,959,2310,1220,855,0,true,false,false,0,0,5344,46,0,
898,tempted_2_0,3196,30,0,budget,0,62,true,4,420,69,133,0.3333333333333333,0.6666666666666666,0,0,0,2,10,normal,false,6,11,401,2795,0,0,0,false,false,false,0,0,3196,30,0,
899,tempted_2_0,13036,59,29,budget,1,100,true,5,1500,161,250,0.1016949152542373,0.5084745762711864,0.23728813559322035,0.06779661016949153,0.0847457627118644,14,7,normal,false,7,31,311,4075,2960,3030,2660,false,true,false,1400,5,11636,54,1,9
900,tempted_2_0,3010,30,0,budget,0,61,true,4,700,72,111,0.16666666666666666,0.8333333333333334,0,0,0,3,11,normal,false,4,11,195,2815,0,0,0,false,false,false,0,0,3010,30,0,
901,tempted_2_0,5958,38,16,lock,0,83,true,7,1675,104,154,0.02631578947368421,0.868421052631579,0.10526315789473684,0,0,9,3,normal,false,5,19,248,4180,1530,0,0,false,false,true,0,0,5958,38,0,
902,tempted_2_0,2975,34,4,budget,0,83,true,3,240,70,101,0.11764705882352941,0.8235294117647058,0.058823529411764705,0,0,5,2,normal,false,6,13,150,2315,510,0,0,false,false,false,0,0,2975,34,0,
903,tempted_2_0,3030,30,0,budget,0,68,true,4,570,67,109,0.06666666666666667,0.9333333333333333,0,0,0,2,25,normal,false,5,12,30,3000,0,0,0,false,false,true,0,0,3030,30,0,
904,tempted_2_0,976,8,0,lock,0,50,true,3,300,19,60,0.625,0.375,0,0,0,0,-1,crash,false,2,3,451,525,0,0,0,false,false,false,0,0,976,8,0,
905,tempted_2_0,4736,36,6,budget,0,92,true,3,940,99,158,0.25,0.6666666666666666,0.05555555555555555,0.027777777777777776,0,6,2,normal,false,7,18,416,2955,1230,135,0,true,false,true,0,0,4736,36,0,
906,tempted_2_0,24471,117,87,budget,3,100,true,5,1520,354,484,0.02564102564102564,0.5641025641025641,0.2222222222222222,0.05982905982905983,0.1282051282051282,32,2,crash,false,5,65,951,8170,6060,3330,5960,false,true,true,7220,15,17251,102,3,7|2|2
907,tempted_2_0,16470,58,28,budget,2,100,true,8,4630,185,256,0.034482758620689655,0.5517241379310345,0.22413793103448276,0.017241379310344827,0.1724137931034483,13,8,normal,false,5,34,30,4250,5660,810,5720,false,false,false,8240,10,8230,48,2,4|3
908,tempted_2_0,19190,62,32,budget,2,100,false,4,2580,188,288,0,0.6290322580645161,0.1774193548387097,0.03225806451612903,0.16129032258064516,12,5,normal,false,6,36,0,3900,5000,1530,8760,false,false,false,7530,10,11660,52,2,4|4
909,tempted_2_0,4353,32,2,budget,0,73,true,4,670,91,138,0.0625,0.9375,0,0,0,2,5,normal,false,7,11,98,3895,360,0,0,false,false,true,0,0,4353,32,0,
910,tempted_2_0,4715,32,2,budget,0,73,true,8,1430,93,163,0.15625,0.8125,0.03125,0,0,2,2,crash,false,4,15,340,4255,120,0,0,false,false,true,0,0,4715,32,0,
911,tempted_2_0,9420,46,16,budget,0,92,false,5,2275,141,204,0,0.8260869565217391,0.13043478260869565,0.043478260869565216,0,7,13,normal,false,5,25,0,3870,3000,2550,0,true,false,false,0,0,9420,46,0,
912,tempted_2_0,19546,65,35,budget,3,100,true,6,3760,231,334,0.1076923076923077,0.5230769230769231,0.12307692307692308,0.015384615384615385,0.23076923076923078,11,4,normal,false,5,32,1201,6350,2860,1575,7560,false,true,true,9750,15,9796,50,2,3|2
913,tempted_2_0,2703,21,0,lock,0,65,true,5,695,53,91,0.14285714285714285,0.8571428571428571,0,0,0,0,-1,crash,false,5,7,98,2605,0,0,0,false,false,false,0,0,2703,21,0,
914,tempted_2_0,5228,30,0,budget,0,66,true,6,960,104,164,0.06666666666666667,0.9333333333333333,0,0,0,1,27,normal,false,5,9,443,4785,0,0,0,false,false,false,0,0,5228,30,0,
915,tempted_2_0,7020,42,12,budget,0,90,true,5,2120,117,175,0.14285714285714285,0.7142857142857143,0.09523809523809523,0.047619047619047616,0,10,2,normal,false,6,21,180,2970,3510,360,0,true,false,true,0,0,7020,42,0,
916,tempted_2_0,7984,45,15,budget,1,100,true,5,825,144,188,0.2,0.5333333333333333,0.15555555555555556,0,0.1111111111111111,6,2,normal,false,6,22,749,3615,1340,0,2280,false,false,false,2260,5,5724,40,1,3
917,tempted_2_0,7013,48,18,budget,0,94,true,4,750,113,181,0.1875,0.6041666666666666,0.20833333333333334,0,0,11,5,crash,false,6,19,428,3225,2280,1080,0,true,false,false,0,0,7013,48,0,
918,tempted_2_0,8863,41,11,budget,1,100,true,6,2235,124,166,0.21951219512195122,0.5853658536585366,0.024390243902439025,0.04878048780487805,0.12195121951219512,5,1,normal,false,6,12,418,3290,870,765,3520,false,false,false,4015,5,4848,36,1,3
919,tempted_2_0,4258,32,2,budget,0,73,true,6,1245,83,143,0.15625,0.8125,0.03125,0,0,3,2,crash,false,3,16,193,3945,120,0,0,false,false,false,0,0,4258,32,0,
920,tempted_2_0,7435,36,6,budget,0,94,false,5,2060,101,157,0,0.8888888888888888,0.08333333333333333,0.027777777777777776,0,3,6,normal,false,5,14,0,3580,3540,315,0,true,false,false,0,0,7435,36,0,
921,tempted_2_0,6070,38,8,budget,0,78,true,8,1405,110,167,0,1,0,0,0,4,1,normal,false,5,12,200,4880,990,0,0,false,false,false,0,0,6070,38,0,
922,tempted_2_0,9133,39,9,budget,1,100,true,4,2400,110,181,0.10256410256410256,0.717948717948718,0.02564102564102564,0.02564102564102564,0.1282051282051282,4,10,normal,false,6,15,163,3240,420,90,5220,false,false,false,4590,5,4543,34,1,2
923,tempted_2_0,5314,30,0,budget,0,66,true,7,1660,94,173,0.3,0.7,0,0,0,4,11,normal,false,6,14,754,4560,0,0,0,false,false,true,0,0,5314,30,0,
924,tempted_2_0,4083,30,0,budget,0,53,true,6,1070,86,132,0.23333333333333334,0.7666666666666667,0,0,0,2,12,normal,false,3,12,558,3525,0,0,0,false,false,true,0,0,4083,30,0,
925,tempted_2_0,5265,38,8,budget,0,86,false,6,1100,99,145,0,0.8947368421052632,0.10526315789473684,0,0,4,10,normal,false,5,19,0,3875,1390,0,0,false,false,false,0,0,5265,38,0,
926,tempted_2_0,3358,32,2,budget,0,76,true,4,450,89,137,0.25,0.71875,0.03125,0,0,4,2,normal,false,6,12,568,2460,330,0,0,false,false,true,0,0,3358,32,0,
927,tempted_2_0,10660,45,15,budget,1,100,true,5,2280,150,257,0.13333333333333333,0.6888888888888889,0.06666666666666667,0,0.1111111111111111,7,1,normal,false,5,25,930,5080,930,180,3540,false,false,true,3540,5,7120,40,0,
928,tempted_2_0,5603,46,16,budget,0,95,true,5,720,114,175,0.06521739130434782,0.8043478260869565,0.08695652173913043,0.043478260869565216,0,7,1,crash,false,13,18,43,3895,1350,315,0,true,true,false,0,0,5603,46,0,
929,tempted_2_0,6675,50,20,budget,0,99,true,4,990,119,175,0.02,0.8,0.1,0.08,0,11,1,normal,false,6,27,30,3765,2340,540,0,true,true,false,0,0,6675,50,0,
930,tempted_2_0,5653,46,16,budget,0,87,true,3,530,130,182,0.15217391304347827,0.7391304347826086,0.10869565217391304,0,0,11,7,normal,false,7,19,308,3635,1710,0,0,false,false,true,0,0,5653,46,0,
931,tempted_2_0,15870,49,19,budget,1,100,true,7,5940,174,243,0.10204081632653061,0.6326530612244898,0.14285714285714285,0.02040816326530612,0.10204081632653061,9,3,crash,false,8,18,380,4635,3100,135,7620,false,false,false,7600,5,8270,44,1,2
932,tempted_2_0,14100,66,36,budget,2,100,true,5,1945,171,239,0.030303030303030304,0.6363636363636364,0.15151515151515152,0.030303030303030304,0.15151515151515152,14,5,normal,false,19,28,330,3295,2720,2835,4920,false,true,true,4470,10,9630,56,2,2|3
933,tempted_2_0,6602,36,6,budget,0,86,true,6,2010,99,162,0.3611111111111111,0.5555555555555556,0.08333333333333333,0,0,6,1,normal,false,7,12,522,3580,1060,1440,0,false,false,true,0,0,6602,36,0,
934,tempted_2_0,23690,70,40,budget,2,100,true,6,3615,224,345,0.02857142857142857,0.6285714285714286,0.17142857142857143,0.02857142857142857,0.14285714285714285,16,1,crash,false,6,40,70,5585,3850,1785,12400,false,false,false,11765,10,11925,60,2,4|2
935,tempted_2_0,6821,30,0,budget,0,56,true,5,930,107,225,0.26666666666666666,0.7333333333333333,0,0,0,2,16,normal,false,4,17,691,6130,0,0,0,false,false,true,0,0,6821,30,0,
936,tempted_2_0,14925,70,40,budget,2,100,true,5,1270,205,293,0.02857142857142857,0.6571428571428571,0.12857142857142856,0.04285714285714286,0.14285714285714285,16,1,crash,false,7,43,105,5840,2620,1620,4740,false,false,false,3600,10,11325,60,2,5|3
937,tempted_2_0,4020,30,0,budget,0,60,true,4,560,88,136,0.16666666666666666,0.8333333333333334,0,0,0,2,19,normal,false,5,15,425,3595,0,0,0,false,false,false,0,0,4020,30,0,
938,tempted_2_0,5060,34,4,budget,0,82,true,5,945,109,158,0.058823529411764705,0.9411764705882353,0,0,0,3,24,normal,false,9,11,100,4480,480,0,0,false,false,true,0,0,5060,34,0,
939,tempted_2_0,6960,44,14,budget,0,83,true,5,780,134,193,0.022727272727272728,0.8181818181818182,0.1590909090909091,0,0,8,2,normal,false,2,28,65,4985,1910,0,0,false,false,false,0,0,6960,44,0,
940,tempted_2_0,12958,67,37,budget,1,100,true,5,1680,202,327,0.208955223880597,0.5074626865671642,0.14925373134328357,0.05970149253731343,0.07462686567164178,18,1,normal,false,3,39,1293,4160,4160,1665,1680,false,true,true,1650,5,11308,62,1,3
941,tempted_2_0,3610,32,2,budget,0,74,true,5,755,80,107,0.03125,0.9375,0.03125,0,0,2,14,normal,false,6,12,150,3370,90,0,0,false,false,true,0,0,3610,32,0,
942,tempted_2_0,5653,44,14,budget,0,86,true,5,610,103,169,0.06818181818181818,0.8636363636363636,0.06818181818181818,0,0,10,10,normal,false,5,22,323,3710,1620,0,0,false,false,true,0,0,5653,44,0,
943,tempted_2_0,10650,60,30,budget,2,100,true,3,1080,183,236,0.08333333333333333,0.5666666666666667,0.15,0.03333333333333333,0.16666666666666666,11,3,normal,false,9,31,270,3920,2440,360,3660,false,true,false,3480,10,7170,50,2,3|5
944,tempted_2_0,4751,38,8,budget,0,90,true,4,555,95,163,0.3157894736842105,0.6052631578947368,0.07894736842105263,0,0,5,2,crash,false,6,19,496,3385,600,270,0,true,false,false,0,0,4751,38,0,
945,tempted_2_0,11205,45,15,budget,1,100,true,5,3120,148,205,0.06666666666666667,0.6666666666666666,0.1111111111111111,0.044444444444444446,0.1111111111111111,8,1,normal,false,8,21,110,4515,440,1200,4940,false,true,false,4940,5,6265,40,1,7
946,tempted_2_0,5545,38,8,budget,0,98,true,4,585,112,153,0.10526315789473684,0.7894736842105263,0.05263157894736842,0.05263157894736842,0,5,1,normal,false,13,13,180,4465,540,360,0,true,true,true,0,0,5545,38,0,
947,tempted_2_0,5850,42,12,budget,0,83,false,4,550,129,167,0,0.8571428571428571,0.14285714285714285,0,0,4,2,normal,false,3,23,0,4500,1350,0,0,false,false,false,0,0,5850,42,0,
948,tempted_2_0,20038,91,61,budget,3,100,true,5,3860,250,346,0.08791208791208792,0.5054945054945055,0.1978021978021978,0.04395604395604396,0.16483516483516483,25,2,normal,false,6,45,333,4050,6170,1065,8420,false,true,true,8615,15,11423,76,3,3|3|4
949,tempted_2_0,18430,69,39,budget,3,100,false,4,2520,227,314,0,0.5362318840579711,0.17391304347826086,0.07246376811594203,0.21739130434782608,14,1,normal,false,7,33,0,5950,1970,1470,9040,false,true,false,6910,15,11520,54,3,2|9|4
950,tempted_2_0,17935,64,34,budget,2,100,true,7,3420,204,264,0.03125,0.5625,0.171875,0.078125,0.15625,13,7,normal,false,4,35,45,4795,3460,1395,8240,false,true,false,4760,10,13175,54,2,2|4
951,tempted_2_0,15800,59,29,budget,1,100,true,7,1995,217,290,0.03389830508474576,0.6101694915254238,0.22033898305084745,0.05084745762711865,0.0847457627118644,15,3,normal,false,5,33,35,6840,4230,2895,1800,false,true,false,2130,5,13670,54,1,9
952,tempted_2_0,10680,70,40,budget,0,92,true,4,1610,195,259,0.02857142857142857,0.6857142857142857,0.24285714285714285,0.04285714285714286,0,18,1,normal,false,16,33,60,4690,5390,540,0,true,false,true,0,0,10680,70,0,
953,tempted_2_0,3128,32,2,budget,0,77,true,4,500,81,120,0.09375,0.875,0.03125,0,0,2,8,normal,false,7,11,248,2730,150,0,0,false,false,true,0,0,3128,32,0,
954,tempted_2_0,22895,90,60,budget,4,100,true,4,2840,254,353,0.08888888888888889,0.4,0.23333333333333334,0.05555555555555555,0.2222222222222222,22,5,crash,false,5,57,295,4175,2660,3525,12240,false,false,false,10740,20,12155,70,4,10|2|2|3
955,tempted_2_0,9970,40,10,budget,0,82,true,6,3200,126,202,0.075,0.85,0.075,0,0,7,16,normal,false,3,21,95,4325,5550,0,0,false,false,false,0,0,9970,40,0,
956,tempted_2_0,13173,70,40,budget,2,100,true,4,1140,182,270,0.15714285714285714,0.5285714285714286,0.15714285714285714,0.014285714285714285,0.14285714285714285,18,2,crash,false,5,32,428,3960,3350,1755,3680,false,false,false,4020,10,9153,60,2,2|3
957,tempted_2_0,11095,60,30,budget,0,98,true,7,3120,155,237,0.08333333333333333,0.6166666666666667,0.23333333333333334,0.06666666666666667,0,16,13,normal,false,6,32,195,2680,7320,900,0,true,true,false,0,0,11095,60,0,
958,tempted_2_0,4358,30,0,budget,0,62,true,7,1685,83,136,0.13333333333333333,0.8666666666666667,0,0,0,1,22,normal,false,10,11,118,4240,0,0,0,false,false,true,0,0,4358,30,0,
959,tempted_2_0,7560,44,14,budget,0,85,true,6,1230,138,209,0.11363636363636363,0.7954545454545454,0.09090909090909091,0,0,9,4,normal,false,3,24,480,5360,1720,0,0,false,false,false,0,0,7560,44,0,
960,tempted_2_0,2865,30,0,budget,0,66,true,4,450,80,107,0.03333333333333333,0.9666666666666667,0,0,0,1,21,normal,false,6,11,60,2805,0,0,0,false,false,false,0,0,2865,30,0,
961,tempted_2_0,3710,34,4,budget,0,76,true,4,460,89,130,0.08823529411764706,0.8529411764705882,0.058823529411764705,0,0,4,2,normal,false,3,17,255,3275,180,0,0,false,false,false,0,0,3710,34,0,
962,tempted_2_0,4634,34,4,budget,0,82,true,6,995,90,142,0.20588235294117646,0.7647058823529411,0.029411764705882353,0,0,3,16,normal,false,6,14,489,3275,870,0,0,false,false,true,0,0,4634,34,0,
963,tempted_2_0,12565,41,21,lock,1,100,false,9,4980,128,173,0,0.7560975609756098,0.12195121951219512,0,0.12195121951219512,7,8,frenzy,false,7,18,0,3385,5840,1440,1900,false,true,true,2320,5,10245,36,1,5
964,tempted_2_0,3598,30,0,budget,0,68,true,4,745,74,135,0.4666666666666667,0.5333333333333333,0,0,0,7,8,normal,false,4,16,468,3130,0,0,0,false,false,true,0,0,3598,30,0,
965,tempted_2_0,4900,32,2,budget,0,73,true,4,900,101,166,0.03125,0.96875,0,0,0,2,12,normal,false,9,10,20,4280,600,0,0,false,false,false,0,0,4900,32,0,
966,tempted_2_0,13115,56,26,budget,2,100,true,4,2400,162,212,0.017857142857142856,0.6071428571428571,0.125,0.07142857142857142,0.17857142857142858,10,9,normal,false,9,27,15,3040,1860,780,7420,false,true,true,6930,10,6185,46,2,5|4
967,tempted_2_0,3391,30,0,budget,0,66,true,4,715,76,135,0.3333333333333333,0.6666666666666666,0,0,0,2,18,crash,false,3,11,581,2810,0,0,0,false,false,false,0,0,3391,30,0,
968,tempted_2_0,5378,39,9,budget,1,100,true,3,715,124,166,0.15384615384615385,0.6666666666666666,0.05128205128205128,0,0.1282051282051282,4,1,normal,false,6,12,528,2825,480,405,1140,false,true,false,1140,5,4238,34,1,2
969,tempted_2_0,6570,36,6,budget,0,85,true,5,1030,117,164,0,0.8888888888888888,0.1111111111111111,0,0,3,9,normal,false,7,15,100,5000,930,540,0,false,false,true,0,0,6570,36,0,
970,tempted_2_0,5638,38,8,budget,0,88,true,5,795,104,157,0.13157894736842105,0.7894736842105263,0.07894736842105263,0,0,4,9,normal,false,7,15,323,3830,450,1035,0,false,false,false,0,0,5638,38,0,
971,tempted_2_0,8950,48,18,budget,0,94,false,5,1255,155,214,0,0.8125,0.16666666666666666,0.020833333333333332,0,9,5,normal,false,6,18,0,5655,2800,495,0,true,false,true,0,0,8950,48,0,
972,tempted_2_0,4355,34,4,budget,0,82,true,4,950,78,129,0.14705882352941177,0.7941176470588235,0.058823529411764705,0,0,4,1,normal,false,5,12,360,1815,2180,0,0,false,false,false,0,0,4355,34,0,
973,tempted_2_0,3796,34,4,budget,0,73,true,4,660,71,136,0.17647058823529413,0.7941176470588235,0.029411764705882353,0,0,3,2,crash,false,3,15,506,2570,720,0,0,false,false,true,0,0,3796,34,0,
974,tempted_2_0,993,8,0,lock,0,50,true,3,390,8,48,0.5,0.5,0,0,0,1,5,crash,false,3,3,113,880,0,0,0,false,false,false,0,0,993,8,0,
975,tempted_2_0,3985,32,2,budget,0,71,true,4,600,86,143,0.1875,0.8125,0,0,0,3,17,normal,false,6,14,250,3495,240,0,0,false,false,false,0,0,3985,32,0,
976,tempted_2_0,2182,30,0,budget,0,51,true,3,375,52,107,0.6,0.4,0,0,0,4,4,crash,false,5,11,547,1635,0,0,0,false,false,true,0,0,2182,30,0,
977,tempted_2_0,14541,62,32,budget,2,100,true,3,2640,186,239,0.0967741935483871,0.532258064516129,0.1774193548387097,0.03225806451612903,0.16129032258064516,13,6,normal,false,5,30,211,3440,2260,2010,6620,false,true,false,6620,10,7921,52,2,5|4
978,tempted_2_0,4560,30,0,budget,0,69,true,5,785,102,130,0.03333333333333333,0.9666666666666667,0,0,0,1,27,normal,false,3,15,20,4540,0,0,0,false,false,true,0,0,4560,30,0,
979,tempted_2_0,4844,30,0,budget,0,69,true,4,675,114,171,0.26666666666666666,0.7333333333333333,0,0,0,3,18,normal,false,3,15,809,4035,0,0,0,false,false,true,0,0,4844,30,0,
980,tempted_2_0,5005,42,12,budget,0,80,false,4,530,109,151,0,0.9047619047619048,0.09523809523809523,0,0,5,3,normal,false,5,17,0,3955,1050,0,0,false,false,true,0,0,5005,42,0,
981,tempted_2_0,5625,30,0,budget,0,63,true,8,2060,80,146,0.03333333333333333,0.9666666666666667,0,0,0,1,9,normal,false,10,10,15,5610,0,0,0,false,false,true,0,0,5625,30,0,
982,tempted_2_0,2314,30,0,budget,0,65,true,3,360,65,99,0.3,0.7,0,0,0,3,13,normal,false,4,10,344,1970,0,0,0,false,false,true,0,0,2314,30,0,
983,tempted_2_0,3555,32,2,budget,0,75,true,3,290,84,123,0.03125,0.9375,0.03125,0,0,2,3,normal,false,5,14,45,3390,120,0,0,false,false,true,0,0,3555,32,0,
984,tempted_2_0,8738,40,10,budget,0,81,true,6,1260,152,230,0.1,0.85,0.05,0,0,6,2,crash,false,4,20,498,6750,1490,0,0,false,false,false,0,0,8738,40,0,
985,tempted_2_0,3365,30,0,budget,0,58,true,4,465,82,126,0.06666666666666667,0.9333333333333333,0,0,0,2,15,normal,false,5,12,60,3305,0,0,0,false,false,true,0,0,3365,30,0,
986,tempted_2_0,6843,41,11,budget,1,100,true,7,1385,126,208,0.3170731707317073,0.5121951219512195,0.024390243902439025,0.024390243902439025,0.12195121951219512,6,1,crash,false,9,15,1188,3425,420,90,1720,false,false,false,1390,5,5453,36,1,2
987,tempted_2_0,7286,43,13,budget,1,100,true,4,1200,128,200,0.18604651162790697,0.5348837209302325,0.16279069767441862,0,0.11627906976744186,6,5,normal,false,5,18,841,3415,630,180,2220,false,false,false,1260,5,6026,38,1,3
988,tempted_2_0,3275,34,4,budget,0,80,true,3,455,81,109,0.058823529411764705,0.9411764705882353,0,0,0,4,17,normal,false,5,14,60,2855,360,0,0,false,false,true,0,0,3275,34,0,
989,tempted_2_0,2145,17,2,lock,0,72,false,5,685,49,62,0,0.9411764705882353,0.058823529411764705,0,0,1,6,normal,false,4,4,0,2025,120,0,0,false,false,false,0,0,2145,17,0,
990,tempted_2_0,4290,30,0,budget,0,54,true,6,1530,71,143,0.43333333333333335,0.5666666666666667,0,0,0,2,12,crash,false,5,9,535,3755,0,0,0,false,false,false,0,0,4290,30,0,
991,tempted_2_0,4243,30,0,budget,0,62,true,4,415,88,149,0.16666666666666666,0.8333333333333334,0,0,0,2,19,normal,false,3,16,308,3935,0,0,0,false,false,false,0,0,4243,30,0,
992,tempted_2_0,4710,30,0,budget,0,64,true,5,905,93,159,0.16666666666666666,0.8333333333333334,0,0,0,2,20,normal,false,2,16,500,4210,0,0,0,false,false,true,0,0,4710,30,0,
993,tempted_2_0,5418,39,9,budget,1,100,true,3,640,106,132,0.10256410256410256,0.6666666666666666,0.07692307692307693,0.02564102564102564,0.1282051282051282,6,12,normal,false,4,15,158,2650,300,90,2220,false,true,true,1990,5,3428,34,1,4
994,tempted_2_0,2334,30,0,budget,0,66,true,3,280,78,119,0.4666666666666667,0.5333333333333333,0,0,0,2,20,normal,false,8,8,674,1660,0,0,0,false,false,true,0,0,2334,30,0,
995,tempted_2_0,3147,32,2,budget,0,74,true,4,495,82,117,0.25,0.75,0,0,0,2,1,normal,false,9,8,427,2480,240,0,0,false,false,false,0,0,3147,32,0,
996,tempted_2_0,23382,77,47,budget,3,100,true,7,5040,225,332,0.16883116883116883,0.4155844155844156,0.15584415584415584,0.06493506493506493,0.19480519480519481,18,2,crash,false,7,39,482,3980,6160,1320,11440,false,false,false,10600,15,12782,62,3,2|7|2
997,tempted_2_0,20135,72,42,budget,2,100,true,5,1910,234,301,0.027777777777777776,0.5416666666666666,0.1527777777777778,0.1388888888888889,0.1388888888888889,17,2,normal,false,7,36,90,4930,3360,4095,7660,false,true,false,7570,10,12565,62,2,2|6
998,tempted_2_0,4930,36,6,budget,0,83,true,5,1065,98,135,0.08333333333333333,0.8611111111111112,0.05555555555555555,0,0,4,2,normal,false,4,17,90,4450,390,0,0,false,false,false,0,0,4930,36,0,
999,tempted_2_0,4985,42,12,budget,0,93,true,5,895,106,143,0.047619047619047616,0.7857142857142857,0.14285714285714285,0.023809523809523808,0,7,7,normal,false,4,20,65,3420,1320,180,0,true,false,true,0,0,4985,42,0,
1000,tempted_2_0,11760,59,29,budget,1,100,true,4,1660,157,224,0,0.7627118644067796,0.13559322033898305,0.01694915254237288,0.0847457627118644,11,2,normal,false,10,27,30,3550,5610,90,2480,false,true,true,2390,5,9370,54,1,3
1001,tempted_2_0,7953,46,16,budget,0,86,true,6,1095,140,219,0.08695652173913043,0.7391304347826086,0.17391304347826086,0,0,9,7,normal,false,6,24,383,4440,2770,360,0,false,false,false,0,0,7953,46,0,
1002,tempted_2_0,4405,36,6,budget,0,94,true,5,1125,75,124,0.16666666666666666,0.75,0.05555555555555555,0.027777777777777776,0,6,7,normal,false,6,16,200,2855,270,1080,0,true,false,true,0,0,4405,36,0,
1003,tempted_2_0,4790,36,6,budget,0,81,false,5,825,109,141,0,0.9444444444444444,0.05555555555555555,0,0,3,2,normal,false,5,14,0,4340,450,0,0,false,false,false,0,0,4790,36,0,
1004,tempted_2_0,25590,118,88,budget,4,100,true,5,1590,311,429,0.1440677966101695,0.3220338983050847,0.2627118644067797,0.1016949152542373,0.1694915254237288,39,1,normal,false,12,63,815,3285,7620,5550,8320,false,true,true,7630,20,17960,98,4,7|5|3|8
1005,tempted_2_0,5315,38,8,budget,0,83,true,4,1080,113,146,0.02631578947368421,0.8947368421052632,0.07894736842105263,0,0,5,2,normal,false,4,17,135,4400,780,0,0,false,false,false,0,0,5315,38,0,
1006,tempted_2_0,2747,30,0,budget,0,66,true,3,325,77,125,0.3333333333333333,0.6666666666666666,0,0,0,2,13,normal,false,8,11,672,2075,0,0,0,false,false,true,0,0,2747,30,0,
1007,tempted_2_0,17488,62,32,budget,2,100,true,5,2070,215,289,0.04838709677419355,0.5,0.1935483870967742,0.0967741935483871,0.16129032258064516,15,5,normal,false,3,37,268,4285,2950,4305,5680,false,true,false,3810,10,13678,52,2,3|3
1008,tempted_2_0,9380,43,13,budget,1,100,true,4,1520,144,199,0.06976744186046512,0.6744186046511628,0.09302325581395349,0.046511627906976744,0.11627906976744186,5,11,crash,false,4,24,75,4035,1820,630,2820,false,true,false,2900,5,6480,38,1,2
1009,tempted_2_0,8325,47,17,budget,1,100,true,3,930,138,192,0.06382978723404255,0.6595744680851063,0.1702127659574468,0,0.10638297872340426,8,13,normal,false,7,23,250,3165,2570,0,2340,false,false,false,2000,5,6325,42,0,
1010,tempted_2_0,4400,30,0,budget,0,58,true,7,1670,90,133,0.06666666666666667,0.9333333333333333,0,0,0,1,14,normal,false,5,13,160,4240,0,0,0,false,false,false,0,0,4400,30,0,
1011,tempted_2_0,2574,30,0,budget,0,66,true,3,270,72,113,0.23333333333333334,0.7666666666666667,0,0,0,2,10,normal,false,5,11,504,2070,0,0,0,false,false,false,0,0,2574,30,0,
1012,tempted_2_0,14839,50,20,budget,2,100,true,5,2400,152,260,0.16,0.5,0.1,0.04,0.2,11,3,normal,false,4,27,509,5000,1450,180,7700,false,false,true,6280,10,8559,40,2,3|5
1013,tempted_2_0,4891,40,10,budget,0,94,true,4,780,101,151,0.2,0.6,0.125,0.075,0,6,2,normal,false,4,17,301,2890,800,900,0,true,false,false,0,0,4891,40,0,
1014,tempted_2_0,4011,30,0,budget,0,65,true,4,510,89,147,0.23333333333333334,0.7666666666666667,0,0,0,2,17,normal,false,6,12,436,3575,0,0,0,false,false,false,0,0,4011,30,0,
1015,tempted_2_0,8451,51,21,budget,1,100,true,4,1080,125,183,0.13725490196078433,0.5882352941176471,0.17647058823529413,0,0.09803921568627451,10,2,normal,false,13,24,191,3855,970,675,2760,false,false,true,2740,5,5711,46,1,5
1016,tempted_2_0,5935,32,2,budget,0,78,true,6,1475,94,158,0.0625,0.9375,0,0,0,3,4,normal,false,5,15,110,5645,180,0,0,false,false,true,0,0,5935,32,0,
1017,tempted_2_0,16053,72,42,budget,2,100,true,4,2280,229,309,0.05555555555555555,0.625,0.125,0.05555555555555555,0.1388888888888889,19,2,normal,false,3,39,543,4745,4040,585,6140,false,true,true,3940,10,12113,62,1,8
1018,tempted_2_0,4450,32,2,budget,0,76,false,4,630,88,146,0,0.96875,0.03125,0,0,1,17,normal,false,4,14,0,4330,120,0,0,false,false,true,0,0,4450,32,0,
1019,tempted_2_0,12308,54,24,budget,2,100,true,5,2250,155,238,0.2037037037037037,0.46296296296296297,0.12962962962962962,0.018518518518518517,0.18518518518518517,9,1,normal,false,6,24,768,2875,1830,1035,5800,false,false,false,6730,10,5578,44,1,2
1020,tempted_2_0,3137,30,0,budget,0,52,true,6,1120,64,107,0.26666666666666666,0.7333333333333333,0,0,0,1,13,normal,false,7,9,302,2835,0,0,0,false,false,false,0,0,3137,30,0,
1021,tempted_2_0,5291,30,0,budget,0,50,true,7,1035,92,172,0.26666666666666666,0.7333333333333333,0,0,0,4,6,normal,false,6,14,1051,4240,0,0,0,false,false,false,0,0,5291,30,0,
1022,tempted_2_0,5040,34,4,budget,0,71,true,6,1275,101,153,0.11764705882352941,0.8823529411764706,0,0,0,5,15,normal,false,4,16,220,4820,0,0,0,false,false,true,0,0,5040,34,0,
1023,tempted_2_0,4545,30,0,budget,0,66,false,4,485,92,145,0,1,0,0,0,0,-1,normal,false,5,14,0,4545,0,0,0,false,false,true,0,0,4545,30,0,
1024,tempted_2_0,11945,61,31,budget,1,100,true,4,1380,182,240,0.03278688524590164,0.5901639344262295,0.22950819672131148,0.06557377049180328,0.08196721311475409,15,2,normal,false,9,32,45,5420,3960,1260,1260,false,true,true,1170,5,10775,56,1,4
1025,tempted_2_0,5325,38,8,budget,0,82,false,5,1205,118,160,0,0.9210526315789473,0.07894736842105263,0,0,4,7,normal,false,8,14,0,5055,270,0,0,false,false,false,0,0,5325,38,0,
1026,tempted_2_0,8943,56,26,budget,2,100,true,4,1860,130,191,0.17857142857142858,0.42857142857142855,0.17857142857142858,0.03571428571428571,0.17857142857142858,13,4,normal,false,6,29,468,2255,1300,180,4740,false,false,true,4020,10,4923,46,2,5|4
1027,tempted_2_0,2590,30,0,budget,0,68,true,3,285,70,106,0.06666666666666667,0.9333333333333333,0,0,0,0,-1,crash,false,12,7,75,2515,0,0,0,false,false,false,0,0,2590,30,0,
1028,tempted_2_0,7443,44,14,budget,0,94,true,4,1640,131,216,0.2727272727272727,0.6363636363636364,0.06818181818181818,0.022727272727272728,0,9,3,crash,false,5,20,848,3065,2720,810,0,true,false,false,0,0,7443,44,0,
1029,tempted_2_0,15390,41,11,budget,1,100,true,7,3750,156,250,0.07317073170731707,0.7317073170731707,0.07317073170731707,0,0.12195121951219512,6,4,normal,false,5,20,210,4450,5370,0,5360,false,false,true,4140,5,11250,36,1,2
1030,tempted_2_0,4119,32,2,budget,0,73,true,5,398,90,163,0.1875,0.78125,0.03125,0,0,5,2,crash,false,5,15,1044,2985,90,0,0,false,false,false,0,0,4119,32,0,
1031,tempted_2_0,4848,42,12,budget,0,85,true,4,750,109,154,0.07142857142857142,0.8333333333333334,0.09523809523809523,0,0,9,3,normal,false,4,22,258,3030,1290,270,0,false,false,false,0,0,4848,42,0,
1032,tempted_2_0,4060,32,2,budget,0,78,true,4,610,91,126,0,1,0,0,0,1,8,normal,false,10,9,30,3670,360,0,0,false,false,false,0,0,4060,32,0,
1033,tempted_2_0,16215,67,45,lock,1,100,false,6,2310,207,278,0,0.5373134328358209,0.29850746268656714,0.08955223880597014,0.07462686567164178,16,5,normal,false,17,30,0,3665,5820,3330,3400,false,false,false,2800,5,13415,62,1,5
1034,tempted_2_0,2442,30,0,budget,0,50,true,4,308,59,124,0.3333333333333333,0.6666666666666666,0,0,0,1,12,crash,false,7,10,562,1880,0,0,0,false,false,true,0,0,2442,30,0,
1035,tempted_2_0,3588,34,4,budget,0,98,true,4,590,78,136,0.20588235294117646,0.6764705882352942,0.058823529411764705,0.058823529411764705,0,3,1,normal,false,6,13,318,2150,490,630,0,true,true,true,0,0,3588,34,0,
1036,tempted_2_0,8573,50,20,budget,0,93,true,6,1620,131,218,0.08,0.78,0.12,0.02,0,12,2,normal,false,9,29,693,5135,2070,675,0,true,false,true,0,0,8573,50,0,
1037,tempted_2_0,6733,36,6,budget,0,97,true,5,945,111,173,0.1388888888888889,0.7777777777777778,0.05555555555555555,0.027777777777777776,0,3,4,crash,false,4,17,183,4215,1390,945,0,true,true,false,0,0,6733,36,0,
1038,tempted_2_0,9970,56,46,lock,0,94,false,5,1140,150,197,0,0.5714285714285714,0.32142857142857145,0.10714285714285714,0,20,2,normal,false,4,33,0,2740,4800,2430,0,true,false,false,0,0,9970,56,0,
1039,tempted_2_0,4020,30,0,budget,0,68,true,6,960,91,129,0.03333333333333333,0.9666666666666667,0,0,0,1,29,normal,false,4,12,45,3975,0,0,0,false,false,true,0,0,4020,30,0,
1040,tempted_2_0,3385,30,0,budget,0,66,true,5,870,67,111,0.06666666666666667,0.9333333333333333,0,0,0,1,10,normal,false,8,11,65,3320,0,0,0,false,false,true,0,0,3385,30,0,
1041,tempted_2_0,9875,74,44,budget,0,95,false,4,780,195,271,0,0.7567567567567568,0.20270270270270271,0.04054054054054054,0,21,4,normal,false,5,42,0,6000,3380,495,0,true,true,true,0,0,9875,74,0,
1042,tempted_2_0,4445,36,6,budget,0,88,true,4,465,98,141,0.08333333333333333,0.8333333333333334,0.05555555555555555,0.027777777777777776,0,3,5,crash,false,8,14,70,3645,460,270,0,false,false,true,0,0,4445,36,0,
1043,tempted_2_0,5450,42,12,budget,0,80,true,6,1025,107,169,0.09523809523809523,0.8095238095238095,0.09523809523809523,0,0,9,3,normal,false,5,24,105,4805,540,0,0,false,false,true,0,0,5450,42,0,
1044,tempted_2_0,10543,47,17,budget,1,100,true,5,2820,131,187,0.10638297872340426,0.6595744680851063,0.10638297872340426,0.02127659574468085,0.10638297872340426,9,1,normal,false,5,20,403,3575,1470,315,4780,false,false,false,4120,5,6423,42,1,3
1045,tempted_2_0,39010,99,69,budget,3,100,false,8,6090,348,454,0,0.5353535353535354,0.24242424242424243,0.0707070707070707,0.15151515151515152,24,1,normal,false,5,53,0,6110,11360,2160,19380,false,true,false,19080,15,19930,84,3,3|4|5
1046,tempted_2_0,3803,40,10,budget,0,81,true,4,525,99,148,0.2,0.725,0.075,0,0,7,1,normal,false,3,23,413,2880,510,0,0,false,false,false,0,0,3803,40,0,
1047,tempted_2_0,2853,30,0,budget,0,55,true,3,425,71,131,0.4666666666666667,0.5333333333333333,0,0,0,3,12,crash,false,5,8,498,2355,0,0,0,false,false,false,0,0,2853,30,0,
1048,tempted_2_0,2740,30,0,budget,0,67,true,4,510,69,95,0.06666666666666667,0.9333333333333333,0,0,0,2,12,normal,false,9,10,35,2705,0,0,0,false,false,true,0,0,2740,30,0,
1049,tempted_2_0,3457,34,4,budget,0,94,true,4,630,69,120,0.17647058823529413,0.7941176470588235,0,0.029411764705882353,0,3,5,crash,false,6,12,197,2240,840,180,0,true,false,false,0,0,3457,34,0,
1050,tempted_2_0,3602,30,0,budget,0,66,true,5,1140,75,152,0.6333333333333333,0.36666666666666664,0,0,0,3,10,crash,false,4,11,782,2820,0,0,0,false,false,false,0,0,3602,30,0,
1051,tempted_2_0,3448,30,0,budget,0,57,true,5,820,69,116,0.13333333333333333,0.8666666666666667,0,0,0,4,11,normal,false,6,9,143,3305,0,0,0,false,false,false,0,0,3448,30,0,
1052,tempted_2_0,10015,47,17,budget,1,100,true,4,900,152,230,0.0851063829787234,0.6170212765957447,0.1276595744680851,0.06382978723404255,0.10638297872340426,9,1,normal,false,4,23,255,4000,1670,1770,2320,false,true,true,2050,5,7965,42,1,2
1053,tempted_2_0,14717,66,36,budget,2,100,true,5,1815,197,262,0.21212121212121213,0.4090909090909091,0.16666666666666666,0.06060606060606061,0.15151515151515152,16,1,normal,false,9,33,392,3965,2450,3630,4280,false,true,true,4340,10,10377,56,2,5|3
1054,tempted_2_0,4530,30,0,budget,0,68,true,5,675,84,136,0.16666666666666666,0.8333333333333334,0,0,0,1,11,crash,false,9,10,210,4320,0,0,0,false,false,false,0,0,4530,30,0,
1055,tempted_2_0,10116,57,27,budget,1,100,true,4,1725,146,216,0.2807017543859649,0.49122807017543857,0.10526315789473684,0.03508771929824561,0.08771929824561403,15,3,normal,false,5,25,676,2525,2190,585,4140,false,false,true,4425,5,5691,52,1,4
1056,tempted_2_0,3116,32,2,budget,0,70,true,4,480,77,131,0.34375,0.65625,0,0,0,5,3,normal,false,3,18,641,2475,0,0,0,false,false,true,0,0,3116,32,0,
1057,tempted_2_0,9000,57,27,budget,1,100,true,4,780,170,222,0.08771929824561403,0.6140350877192983,0.19298245614035087,0.017543859649122806,0.08771929824561403,12,2,normal,false,8,33,315,3695,2160,150,2680,false,false,false,2070,5,6930,52,1,2
1058,tempted_2_0,3790,30,0,budget,0,52,true,5,765,78,141,0.36666666666666664,0.6333333333333333,0,0,0,4,9,normal,false,8,13,365,3425,0,0,0,false,false,true,0,0,3790,30,0,
1059,tempted_2_0,4885,34,4,budget,0,78,true,5,735,102,149,0.14705882352941177,0.7941176470588235,0.058823529411764705,0,0,4,2,crash,false,5,19,115,4560,210,0,0,false,false,false,0,0,4885,34,0,
1060,tempted_2_0,3776,30,0,budget,0,62,true,4,585,78,137,0.23333333333333334,0.7666666666666667,0,0,0,2,10,normal,false,3,14,386,3390,0,0,0,false,false,false,0,0,3776,30,0,
1061,tempted_2_0,3023,30,0,budget,0,56,true,3,540,72,118,0.06666666666666667,0.9333333333333333,0,0,0,1,19,normal,false,5,10,173,2850,0,0,0,false,false,false,0,0,3023,30,0,
1062,tempted_2_0,4200,32,2,budget,0,72,true,4,510,93,144,0.09375,0.90625,0,0,0,3,6,normal,false,5,11,105,3855,240,0,0,false,false,true,0,0,4200,32,0,
1063,tempted_2_0,2404,30,0,budget,0,59,true,4,255,75,141,0.5666666666666667,0.43333333333333335,0,0,0,3,12,normal,false,4,15,1184,1220,0,0,0,false,false,true,0,0,2404,30,0,
1064,tempted_2_0,4138,36,6,budget,0,81,true,3,380,97,147,0.08333333333333333,0.8611111111111112,0.05555555555555555,0,0,3,8,crash,false,4,16,313,3315,510,0,0,false,false,false,0,0,4138,36,0,
1065,tempted_2_0,6415,40,10,budget,0,95,false,4,1670,122,162,0,0.925,0.075,0,0,4,4,normal,false,5,14,0,3935,1040,1440,0,true,true,false,0,0,6415,40,0,
1066,tempted_2_0,5925,32,2,budget,0,77,false,4,660,104,175,0,1,0,0,0,1,2,normal,false,10,14,0,5295,630,0,0,false,false,true,0,0,5925,32,0,
1067,tempted_2_0,3636,30,0,budget,0,67,true,4,620,86,140,0.23333333333333334,0.7666666666666667,0,0,0,3,9,normal,false,5,12,366,3270,0,0,0,false,false,true,0,0,3636,30,0,
1068,tempted_2_0,27410,94,64,budget,4,100,true,5,3000,286,401,0.02127659574468085,0.5319148936170213,0.2127659574468085,0.02127659574468085,0.2127659574468085,22,3,crash,false,8,45,15,5555,4840,4440,12560,false,true,false,12020,20,15390,74,4,2|2|4|4
1069,tempted_2_0,7085,50,20,budget,0,94,false,4,480,149,196,0,0.86,0.12,0.02,0,8,12,normal,false,4,29,0,5075,1470,540,0,true,false,false,0,0,7085,50,0,
1070,tempted_2_0,6241,34,4,budget,0,82,true,6,1740,100,170,0.14705882352941177,0.8235294117647058,0.029411764705882353,0,0,2,15,crash,false,5,16,256,4305,1680,0,0,false,false,false,0,0,6241,34,0,
1071,tempted_2_0,14010,64,34,budget,2,100,true,5,1590,167,256,0.140625,0.53125,0.109375,0.0625,0.15625,16,4,crash,false,7,28,490,4235,1020,2745,5520,false,true,true,5370,10,8640,54,2,4|4
1072,tempted_2_0,4397,38,8,budget,0,94,true,3,735,84,148,0.42105263157894735,0.5263157894736842,0.05263157894736842,0,0,9,3,crash,false,7,16,382,2800,540,675,0,true,false,false,0,0,4397,38,0,
1073,tempted_2_0,12195,68,38,budget,0,94,true,5,1400,178,291,0.029411764705882353,0.6911764705882353,0.25,0.029411764705882353,0,18,1,normal,false,7,37,120,4460,5500,2115,0,true,false,true,0,0,12195,68,0,
1074,tempted_2_0,3865,30,0,budget,0,68,true,4,570,86,135,0.13333333333333333,0.8666666666666667,0,0,0,1,15,crash,false,12,10,200,3665,0,0,0,false,false,true,0,0,3865,30,0,
1075,tempted_2_0,2764,30,0,budget,0,62,true,5,435,71,141,0.6,0.4,0,0,0,4,11,normal,false,3,14,1409,1355,0,0,0,false,false,true,0,0,2764,30,0,
1076,tempted_2_0,18396,85,55,budget,1,100,true,4,2420,247,345,0.10588235294117647,0.5647058823529412,0.2235294117647059,0.047058823529411764,0.058823529411764705,25,3,normal,false,5,47,491,4165,7350,3330,3060,false,true,false,2770,5,15626,80,1,3
1077,tempted_2_0,5480,38,8,budget,0,88,false,6,835,120,162,0,0.9210526315789473,0.05263157894736842,0.02631578947368421,0,4,1,normal,false,6,18,0,4955,390,135,0,false,false,false,0,0,5480,38,0,
1078,tempted_2_0,4978,42,12,budget,0,90,true,3,915,101,147,0.047619047619047616,0.7857142857142857,0.14285714285714285,0.023809523809523808,0,7,2,normal,false,5,20,233,3140,1470,135,0,true,false,true,0,0,4978,42,0,
1079,tempted_2_0,11853,55,25,budget,1,100,true,4,5580,132,178,0.09090909090909091,0.6363636363636364,0.14545454545454545,0.03636363636363636,0.09090909090909091,13,6,crash,false,9,24,68,3145,1230,810,6600,false,false,false,6570,5,5283,50,1,5
1080,tempted_2_0,4505,32,2,budget,0,79,true,4,565,89,163,0.15625,0.84375,0,0,0,2,8,normal,false,4,13,480,3785,240,0,0,false,false,false,0,0,4505,32,0,
1081,tempted_2_0,2070,15,10,lock,0,88,false,2,450,38,49,0,0.6,0.26666666666666666,0.13333333333333333,0,4,2,normal,false,3,5,0,645,1110,315,0,false,false,false,0,0,2070,15,0,
1082,tempted_2_0,5469,40,10,budget,0,97,true,4,990,98,151,0.2,0.625,0.075,0.1,0,6,1,crash,false,6,19,169,3020,480,1800,0,true,true,false,0,0,5469,40,0,
1083,tempted_2_0,2335,30,0,budget,0,66,true,4,540,54,105,0.26666666666666666,0.7333333333333333,0,0,0,1,9,crash,false,7,10,265,2070,0,0,0,false,false,true,0,0,2335,30,0,
1084,tempted_2_0,5536,38,8,budget,0,83,true,5,1405,106,166,0.13157894736842105,0.7631578947368421,0.10526315789473684,0,0,5,4,normal,false,6,16,266,3950,1320,0,0,false,false,true,0,0,5536,38,0,
1085,tempted_2_0,9753,49,19,budget,1,100,true,5,970,161,226,0.02040816326530612,0.6938775510204082,0.14285714285714285,0.04081632653061224,0.10204081632653061,8,12,normal,false,4,28,123,6315,1500,675,1140,false,false,false,1110,5,8643,44,1,4
1086,tempted_2_0,2948,30,0,budget,0,65,true,3,260,67,118,0.06666666666666667,0.9333333333333333,0,0,0,1,10,normal,false,8,11,98,2850,0,0,0,false,false,true,0,0,2948,30,0,
1087,tempted_2_0,3140,12,8,lock,0,93,false,5,1860,36,43,0,0.6666666666666666,0.25,0.08333333333333333,0,4,2,normal,false,5,5,0,515,780,1845,0,true,false,true,0,0,3140,12,0,
1088,tempted_2_0,27153,82,52,budget,2,100,true,5,4320,256,399,0.12195121951219512,0.45121951219512196,0.21951219512195122,0.08536585365853659,0.12195121951219512,24,2,crash,false,4,51,483,5595,4760,4455,11860,false,true,false,11200,10,15953,72,2,3|4
1089,tempted_2_0,3587,34,4,budget,0,81,true,4,650,84,134,0.38235294117647056,0.5588235294117647,0.058823529411764705,0,0,5,3,crash,false,5,14,397,2830,360,0,0,false,false,false,0,0,3587,34,0,
1090,tempted_2_0,7865,40,10,budget,0,81,true,6,1175,129,216,0.125,0.8,0.075,0,0,7,4,normal,false,4,20,280,5805,1780,0,0,false,false,true,0,0,7865,40,0,
1091,tempted_2_0,5285,32,2,budget,0,75,true,6,1020,111,152,0.03125,0.9375,0.03125,0,0,2,17,normal,false,3,18,80,4965,240,0,0,false,false,false,0,0,5285,32,0,
1092,tempted_2_0,4598,30,0,budget,0,58,true,4,735,105,170,0.16666666666666666,0.8333333333333334,0,0,0,3,12,normal,false,5,16,458,4140,0,0,0,false,false,true,0,0,4598,30,0,
1093,tempted_2_0,14755,34,26,lock,2,100,false,7,4140,138,174,0,0.4117647058823529,0.23529411764705882,0.058823529411764705,0.29411764705882354,8,7,normal,false,5,21,0,2135,3130,750,8740,false,true,true,8960,10,5795,24,2,4|3
1094,tempted_2_0,29310,95,65,budget,5,100,false,7,2300,339,397,0,0.49473684210526314,0.17894736842105263,0.06315789473684211,0.2631578947368421,20,1,normal,false,7,54,0,8050,3600,3360,14300,false,true,true,12530,25,16780,70,5,5|3|2|5|5
1095,tempted_2_0,18733,66,36,budget,2,100,true,4,2760,214,284,0.030303030303030304,0.5909090909090909,0.21212121212121213,0.015151515151515152,0.15151515151515152,15,17,normal,false,4,35,68,4930,3030,3105,7600,false,true,false,7700,10,11033,56,2,4|8
1096,tempted_2_0,15293,51,21,budget,1,100,true,5,2500,173,283,0.058823529411764705,0.6078431372549019,0.1568627450980392,0.0784313725490196,0.09803921568627451,8,2,crash,false,6,25,338,5600,3310,3285,2760,false,true,false,3580,5,11713,46,1,3
1097,tempted_2_0,1468,17,0,lock,0,50,true,3,290,28,61,0.29411764705882354,0.7058823529411765,0,0,0,3,7,crash,false,4,6,118,1350,0,0,0,false,false,false,0,0,1468,17,0,
1098,tempted_2_0,10170,50,20,budget,2,100,true,4,1300,144,200,0.04,0.62,0.12,0.02,0.2,5,5,crash,false,8,17,195,3715,1400,1020,3840,false,true,false,3480,10,6690,40,2,2|3
1099,tempted_2_0,5680,18,16,lock,0,97,false,5,1410,54,74,0,0.5,0.4444444444444444,0.05555555555555555,0,8,3,deep,true,3,12,0,510,3550,1620,0,true,true,true,0,0,5680,18,0,
1100,tempted_2_0,5450,38,8,budget,0,99,true,3,1035,111,155,0.05263157894736842,0.8421052631578947,0.07894736842105263,0.02631578947368421,0,6,8,normal,false,2,23,125,3750,540,1035,0,true,true,true,0,0,5450,38,0,
1101,tempted_2_0,3983,30,0,budget,0,62,true,4,595,86,141,0.23333333333333334,0.7666666666666667,0,0,0,2,13,crash,false,7,11,173,3810,0,0,0,false,false,false,0,0,3983,30,0,
1102,tempted_2_0,3210,30,0,budget,0,50,true,4,375,75,124,0.26666666666666666,0.7333333333333333,0,0,0,3,6,crash,false,5,12,470,2740,0,0,0,false,false,false,0,0,3210,30,0,
1103,tempted_2_0,7305,50,20,budget,0,91,true,4,720,145,220,0.04,0.88,0.04,0.04,0,12,3,normal,false,3,30,160,5270,1470,405,0,true,false,false,0,0,7305,50,0,
1104,tempted_2_0,2711,34,4,budget,0,80,true,3,420,70,95,0.23529411764705882,0.7647058823529411,0,0,0,7,3,normal,false,4,16,196,2335,180,0,0,false,false,false,0,0,2711,34,0,
1105,tempted_2_0,10768,50,20,budget,2,100,true,4,1620,153,197,0.12,0.5,0.12,0.06,0.2,8,10,crash,false,5,26,293,3155,790,630,5900,false,false,false,4820,10,5948,40,2,5|3
1106,tempted_2_0,5725,38,8,budget,0,83,true,4,600,126,174,0.07894736842105263,0.8421052631578947,0.07894736842105263,0,0,6,3,normal,false,3,18,125,4940,660,0,0,false,false,true,0,0,5725,38,0,
1107,tempted_2_0,25585,72,63,lock,3,100,false,7,7515,221,303,0,0.4583333333333333,0.2916666666666667,0.041666666666666664,0.20833333333333334,20,2,normal,false,5,43,0,3460,3670,10215,8240,false,true,false,6160,15,19425,57,2,3|7
1108,tempted_2_0,6030,36,6,budget,0,80,true,5,780,116,181,0.16666666666666666,0.75,0.08333333333333333,0,0,5,2,normal,false,3,19,305,5035,690,0,0,false,false,false,0,0,6030,36,0,
1109,tempted_2_0,15910,69,39,budget,3,100,true,4,1140,210,282,0.07246376811594203,0.4057971014492754,0.21739130434782608,0.08695652173913043,0.21739130434782608,16,4,normal,false,8,36,300,4110,2050,2370,7080,false,true,true,6990,15,8920,54,3,9|6|5
1110,tempted_2_0,4018,30,0,budget,0,55,true,6,990,78,139,0.26666666666666666,0.7333333333333333,0,0,0,3,17,normal,false,7,11,313,3705,0,0,0,false,false,false,0,0,4018,30,0,
1111,tempted_2_0,1800,14,0,lock,0,61,true,5,990,28,52,0.07142857142857142,0.9285714285714286,0,0,0,1,11,normal,false,6,4,20,1780,0,0,0,false,false,true,0,0,1800,14,0,
1112,tempted_2_0,10746,49,19,budget,1,100,true,3,3000,149,202,0.16326530612244897,0.5102040816326531,0.1836734693877551,0.04081632653061224,0.10204081632653061,11,2,normal,false,5,23,386,2670,1270,1320,5100,false,true,false,4860,5,5886,44,1,6
1113,tempted_2_0,5675,30,0,budget,0,64,true,5,1330,110,165,0.1,0.9,0,0,0,1,15,normal,false,3,14,205,5470,0,0,0,false,false,false,0,0,5675,30,0,
1114,tempted_2_0,3940,30,0,budget,0,66,true,6,1415,71,120,0.06666666666666667,0.9333333333333333,0,0,0,2,17,normal,false,5,9,30,3910,0,0,0,false,false,false,0,0,3940,30,0,
1115,tempted_2_0,5275,41,18,lock,0,95,false,5,720,107,144,0,0.8536585365853658,0.12195121951219512,0.024390243902439025,0,9,1,normal,false,5,19,0,3585,1150,540,0,true,true,false,0,0,5275,41,0,
1116,tempted_2_0,14135,86,56,budget,2,100,false,4,1360,234,290,0,0.686046511627907,0.16279069767441862,0.03488372093023256,0.11627906976744186,23,2,normal,false,7,45,0,4825,3690,1260,4360,false,true,true,4600,10,9535,76,1,6
1117,tempted_2_0,3001,30,0,budget,0,50,true,4,485,66,139,0.3333333333333333,0.6666666666666666,0,0,0,2,7,crash,false,6,11,616,2385,0,0,0,false,false,false,0,0,3001,30,0,
1118,tempted_2_0,5550,47,17,budget,1,100,true,4,480,117,158,0.2127659574468085,0.5531914893617021,0.1276595744680851,0,0.10638297872340426,10,3,normal,false,4,22,425,2655,910,360,1200,false,false,true,1160,5,4390,42,1,2
1119,tempted_2_0,10095,59,29,budget,1,100,true,5,1350,173,233,0.03389830508474576,0.6779661016949152,0.1864406779661017,0.01694915254237288,0.0847457627118644,15,2,normal,false,8,36,35,5770,1740,90,2460,false,true,false,2310,5,7785,54,1,4
1120,tempted_2_0,16941,65,35,budget,1,100,true,5,2380,204,286,0.09230769230769231,0.6153846153846154,0.18461538461538463,0.03076923076923077,0.07692307692307693,17,7,normal,false,5,35,316,5130,3740,795,6960,false,false,true,6840,5,10101,60,1,2
1121,tempted_2_0,14910,65,35,budget,3,100,true,5,2940,193,224,0,0.6153846153846154,0.13846153846153847,0.015384615384615385,0.23076923076923078,10,2,normal,false,6,30,30,3940,1630,810,8500,false,false,false,9290,15,5620,50,3,2|3|3
1122,tempted_2_0,7935,52,22,budget,0,98,true,5,1505,141,236,0.1346153846153846,0.6730769230769231,0.19230769230769232,0,0,11,2,normal,false,7,27,480,4565,1810,1080,0,true,true,false,0,0,7935,52,0,
1123,tempted_2_0,20530,89,59,budget,1,100,true,6,1780,282,411,0.011235955056179775,0.6853932584269663,0.19101123595505617,0.056179775280898875,0.056179775280898875,27,1,normal,false,6,48,50,7325,8700,2235,2220,false,true,false,1620,5,18910,84,1,2
1124,tempted_2_0,3740,30,0,budget,0,63,true,3,420,91,130,0.13333333333333333,0.8666666666666667,0,0,0,2,13,normal,false,4,15,270,3470,0,0,0,false,false,true,0,0,3740,30,0,
1125,tempted_2_0,5733,39,9,budget,1,100,true,3,1800,94,132,0.15384615384615385,0.5897435897435898,0.10256410256410256,0.02564102564102564,0.1282051282051282,5,2,normal,false,13,15,208,2555,420,90,2460,false,false,true,2430,5,3303,34,1,5
1126,tempted_2_0,9229,53,23,budget,1,100,true,3,1350,136,218,0.22641509433962265,0.5283018867924528,0.1320754716981132,0.018867924528301886,0.09433962264150944,12,1,crash,false,6,21,749,2330,1490,540,4120,false,false,false,4030,5,5199,48,1,5
1127,tempted_2_0,2866,30,0,budget,0,68,true,4,650,70,129,0.4,0.6,0,0,0,4,13,crash,false,4,11,526,2340,0,0,0,false,false,false,0,0,2866,30,0,
1128,tempted_2_0,3608,30,0,budget,0,56,true,4,465,85,138,0.26666666666666666,0.7333333333333333,0,0,0,3,10,normal,false,4,13,703,2905,0,0,0,false,false,true,0,0,3608,30,0,
1129,tempted_2_0,3855,30,0,budget,0,54,true,4,645,75,147,0.1,0.9,0,0,0,2,11,normal,false,4,14,70,3785,0,0,0,false,false,true,0,0,3855,30,0,
1130,tempted_2_0,9494,55,25,budget,1,100,true,5,1240,156,225,0.2,0.5454545454545454,0.12727272727272726,0.03636363636363636,0.09090909090909091,14,11,normal,false,5,35,764,3340,1270,540,3580,false,false,false,3690,5,5804,50,1,3
1131,tempted_2_0,3733,30,0,budget,0,61,true,3,540,80,139,0.1,0.9,0,0,0,1,20,crash,false,6,12,73,3660,0,0,0,false,false,false,0,0,3733,30,0,
1132,tempted_2_0,4018,30,0,budget,0,67,true,4,430,93,152,0.26666666666666666,0.7333333333333333,0,0,0,1,28,normal,false,4,14,498,3520,0,0,0,false,false,false,0,0,4018,30,0,
1133,tempted_2_0,6437,40,10,budget,0,94,true,7,1560,103,186,0.35,0.425,0.175,0.05,0,8,1,crash,false,4,22,777,3435,1640,585,0,true,false,false,0,0,6437,40,0,
1134,tempted_2_0,2539,30,0,budget,0,50,true,4,370,60,112,0.26666666666666666,0.7333333333333333,0,0,0,2,10,normal,false,5,13,389,2150,0,0,0,false,false,false,0,0,2539,30,0,
1135,tempted_2_0,5493,32,2,budget,0,70,true,7,1590,116,187,0.34375,0.65625,0,0,0,6,1,normal,false,4,16,1123,4190,180,0,0,false,false,false,0,0,5493,32,0,
1136,tempted_2_0,3571,30,0,budget,0,67,true,3,345,81,134,0.23333333333333334,0.7666666666666667,0,0,0,3,7,normal,false,4,10,511,3060,0,0,0,false,false,false,0,0,3571,30,0,
1137,tempted_2_0,3550,30,0,budget,0,66,true,4,405,78,132,0.03333333333333333,0.9666666666666667,0,0,0,1,26,normal,false,6,11,30,3520,0,0,0,false,false,true,0,0,3550,30,0,
1138,tempted_2_0,18509,48,18,budget,2,100,true,7,6780,128,197,0.20833333333333334,0.4375,0.125,0.020833333333333332,0.20833333333333334,8,5,normal,false,5,25,299,2630,1290,90,14200,false,false,false,13750,10,4759,38,2,2|4
1139,tempted_2_0,3104,30,0,budget,0,62,true,3,305,81,142,0.3,0.7,0,0,0,2,8,normal,false,3,14,704,2400,0,0,0,false,false,false,0,0,3104,30,0,
1140,tempted_2_0,5830,30,0,budget,0,54,true,5,805,99,144,0.03333333333333333,0.9666666666666667,0,0,0,1,5,normal,false,6,10,15,5815,0,0,0,false,false,false,0,0,5830,30,0,
1141,tempted_2_0,4318,30,0,budget,0,62,true,4,620,90,150,0.2,0.8,0,0,0,3,7,crash,false,5,12,298,4020,0,0,0,false,false,false,0,0,4318,30,0,
1142,tempted_2_0,30775,93,63,budget,3,100,false,6,3540,318,418,0,0.5483870967741935,0.22580645161290322,0.06451612903225806,0.16129032258064516,19,1,normal,false,7,47,0,6090,6220,5265,13200,false,true,false,13260,15,17515,78,1,2
1143,tempted_2_0,5603,38,8,budget,0,86,true,4,1170,104,182,0.23684210526315788,0.6842105263157895,0.07894736842105263,0,0,7,5,normal,false,4,23,613,4210,780,0,0,false,false,true,0,0,5603,38,0,
1144,tempted_2_0,15959,66,36,budget,2,100,true,6,2100,208,300,0.12121212121212122,0.5303030303030303,0.13636363636363635,0.06060606060606061,0.15151515151515152,13,2,crash,false,5,34,414,5775,2370,2880,4520,false,true,false,4790,10,11169,56,2,4|3
1145,tempted_2_0,11726,66,36,budget,2,100,true,4,1880,182,247,0.16666666666666666,0.5,0.15151515151515152,0.030303030303030304,0.15151515151515152,14,2,normal,false,5,32,656,3310,2110,1050,4600,false,false,false,3530,10,8196,56,2,2|5
1146,tempted_2_0,14460,55,25,budget,1,100,true,7,2635,162,267,0.12727272727272726,0.5272727272727272,0.18181818181818182,0.07272727272727272,0.09090909090909091,13,1,normal,false,4,29,270,5915,2860,2295,3120,false,true,true,3030,5,11430,50,1,4
1147,tempted_2_0,7560,43,13,budget,1,100,true,5,720,124,187,0.20930232558139536,0.5581395348837209,0.09302325581395349,0.023255813953488372,0.11627906976744186,8,2,normal,false,4,21,760,3490,750,540,2020,false,false,true,2400,5,5160,38,1,4
1148,tempted_2_0,9595,49,19,budget,1,100,true,6,1550,147,214,0.12244897959183673,0.6326530612244898,0.12244897959183673,0.02040816326530612,0.10204081632653061,8,16,normal,false,5,23,420,4045,3220,90,1820,false,false,true,1430,5,8165,44,1,5
1149,tempted_2_0,3055,30,0,budget,0,61,true,5,630,79,129,0.5333333333333333,0.4666666666666667,0,0,0,2,4,normal,false,8,10,1025,2030,0,0,0,false,false,true,0,0,3055,30,0,
1150,tempted_2_0,3718,30,0,budget,0,68,true,4,480,77,130,0.13333333333333333,0.8666666666666667,0,0,0,1,21,normal,false,5,12,218,3500,0,0,0,false,false,false,0,0,3718,30,0,
1151,tempted_2_0,5170,30,0,budget,0,62,true,4,1010,102,169,0.03333333333333333,0.9666666666666667,0,0,0,1,28,normal,false,5,14,340,4830,0,0,0,false,false,true,0,0,5170,30,0,
1152,tempted_2_0,2625,30,0,budget,0,69,false,4,435,72,91,0,1,0,0,0,0,-1,normal,false,7,6,0,2625,0,0,0,false,false,false,0,0,2625,30,0,
1153,tempted_2_0,3728,30,0,budget,0,69,true,3,420,95,130,0.13333333333333333,0.8666666666666667,0,0,0,1,16,normal,false,7,10,173,3555,0,0,0,false,false,false,0,0,3728,30,0,
1154,tempted_2_0,26285,81,51,budget,3,100,true,5,3240,278,353,0.024691358024691357,0.5185185185185185,0.20987654320987653,0.06172839506172839,0.18518518518518517,18,5,normal,false,10,43,200,4845,4990,3870,12380,false,true,false,11520,15,14765,66,3,3|3|2
1155,tempted_2_0,14285,64,34,budget,2,100,false,5,1200,180,267,0,0.625,0.1875,0.03125,0.15625,14,1,normal,false,9,33,0,5035,3340,1170,4740,false,true,false,4390,10,9895,54,2,3|3
1156,tempted_2_0,4733,19,8,lock,0,98,true,9,2700,69,88,0.15789473684210525,0.5789473684210527,0.15789473684210525,0.10526315789473684,0,4,8,keto,true,3,12,58,3600,760,315,0,true,true,true,0,0,4733,19,0,
1157,tempted_2_0,4571,42,12,budget,0,82,true,4,510,92,133,0.11904761904761904,0.6904761904761905,0.19047619047619047,0,0,7,8,normal,false,6,22,151,2820,1600,0,0,false,false,true,0,0,4571,42,0,
1158,tempted_2_0,2376,30,0,budget,0,65,true,3,255,66,116,0.3,0.7,0,0,0,2,17,crash,false,7,11,601,1775,0,0,0,false,false,false,0,0,2376,30,0,
1159,tempted_2_0,2909,30,0,budget,0,61,true,4,435,77,127,0.3,0.7,0,0,0,2,15,normal,false,7,12,504,2405,0,0,0,false,false,true,0,0,2909,30,0,
1160,tempted_2_0,2588,30,0,budget,0,62,true,3,280,63,103,0.1,0.9,0,0,0,2,22,normal,false,4,12,108,2480,0,0,0,false,false,true,0,0,2588,30,0,
1161,tempted_2_0,6260,46,16,budget,0,90,false,4,660,126,171,0,0.8695652173913043,0.10869565217391304,0.021739130434782608,0,8,1,normal,false,22,15,0,4250,1530,480,0,true,false,true,0,0,6260,46,0,
1162,tempted_2_0,5755,52,22,budget,0,87,true,3,880,130,176,0.019230769230769232,0.8846153846153846,0.09615384615384616,0,0,9,21,normal,false,11,23,15,4020,1720,0,0,false,false,false,0,0,5755,52,0,
1163,tempted_2_0,3733,30,0,budget,0,63,true,4,680,88,146,0.26666666666666666,0.7333333333333333,0,0,0,1,19,normal,false,6,11,703,3030,0,0,0,false,false,false,0,0,3733,30,0,
1164,tempted_2_0,18103,62,32,budget,2,100,true,6,2380,208,294,0.0967741935483871,0.4838709677419355,0.20967741935483872,0.04838709677419355,0.16129032258064516,11,2,normal,false,9,28,498,3440,4210,4275,5680,false,true,false,4480,10,13623,52,2,2|4
1165,tempted_2_0,4473,38,8,budget,0,89,true,4,450,99,151,0.13157894736842105,0.8157894736842105,0.02631578947368421,0.02631578947368421,0,4,1,crash,false,4,19,503,3475,270,225,0,false,false,false,0,0,4473,38,0,
1166,tempted_2_0,4510,32,2,budget,0,78,true,4,975,100,146,0.03125,0.9375,0.03125,0,0,2,29,normal,false,7,12,70,4290,150,0,0,false,false,true,0,0,4510,32,0,
1167,tempted_2_0,4046,38,8,budget,0,87,true,4,830,87,126,0.21052631578947367,0.6842105263157895,0.10526315789473684,0,0,7,2,normal,false,10,13,246,2345,780,675,0,false,false,false,0,0,4046,38,0,
1168,tempted_2_0,2535,32,2,budget,0,73,true,3,255,60,96,0.0625,0.90625,0.03125,0,0,1,2,crash,false,4,11,30,2325,180,0,0,false,false,false,0,0,2535,32,0,
1169,tempted_2_0,6059,42,12,budget,0,85,true,4,930,116,192,0.23809523809523808,0.6904761904761905,0.07142857142857142,0,0,8,1,normal,false,8,20,609,3590,1860,0,0,false,false,false,0,0,6059,42,0,
1170,tempted_2_0,15423,49,19,budget,1,100,true,5,3320,161,254,0.061224489795918366,0.7755102040816326,0.04081632653061224,0.02040816326530612,0.10204081632653061,8,9,normal,false,3,25,203,5630,3860,90,5640,false,true,false,5010,5,10413,44,1,2
1171,tempted_2_0,2844,30,0,budget,0,69,true,3,265,75,136,0.43333333333333335,0.5666666666666667,0,0,0,3,13,crash,false,6,12,749,2095,0,0,0,false,false,true,0,0,2844,30,0,
1172,tempted_2_0,2797,32,2,budget,0,70,true,4,440,65,112,0.25,0.75,0,0,0,2,14,crash,false,9,8,212,2405,180,0,0,false,false,false,0,0,2797,32,0,
1173,tempted_2_0,8300,51,21,budget,1,100,false,4,1000,154,194,0,0.7450980392156863,0.11764705882352941,0.0392156862745098,0.09803921568627451,8,3,normal,false,9,20,0,4680,1930,510,1180,false,true,false,1200,5,7100,46,1,5
1174,tempted_2_0,3538,30,0,budget,0,53,true,5,750,89,145,0.4,0.6,0,0,0,5,9,normal,false,3,13,563,2975,0,0,0,false,false,true,0,0,3538,30,0,
1175,tempted_2_0,2609,27,0,lock,0,52,true,3,430,59,119,0.4074074074074074,0.5925925925925926,0,0,0,4,8,crash,false,4,11,544,2065,0,0,0,false,false,false,0,0,2609,27,0,
1176,tempted_2_0,3016,30,0,budget,0,57,true,5,945,59,112,0.23333333333333334,0.7666666666666667,0,0,0,3,5,normal,false,10,9,271,2745,0,0,0,false,false,true,0,0,3016,30,0,
1177,tempted_2_0,8770,57,27,budget,1,100,false,4,750,146,200,0,0.5964912280701754,0.2807017543859649,0.03508771929824561,0.08771929824561403,11,2,normal,false,4,30,0,3750,2740,960,1320,false,false,false,870,5,7900,52,1,2
1178,tempted_2_0,2234,30,0,budget,0,65,true,4,585,54,82,0.2,0.8,0,0,0,1,23,normal,false,7,8,114,2120,0,0,0,false,false,false,0,0,2234,30,0,
1179,tempted_2_0,14560,64,34,budget,2,100,true,4,2220,184,265,0.046875,0.515625,0.1875,0.09375,0.15625,15,3,normal,false,7,33,45,3705,3010,1320,6480,false,true,false,6070,10,8490,54,2,4|10
1180,tempted_2_0,2849,30,0,budget,0,53,true,4,360,68,127,0.26666666666666666,0.7333333333333333,0,0,0,4,14,normal,false,8,12,404,2445,0,0,0,false,false,false,0,0,2849,30,0,
1181,tempted_2_0,3235,30,0,budget,0,63,true,4,455,91,120,0.06666666666666667,0.9333333333333333,0,0,0,2,8,normal,false,4,10,185,3050,0,0,0,false,false,false,0,0,3235,30,0,
1182,tempted_2_0,21485,83,53,budget,1,100,true,7,2120,281,377,0,0.6024096385542169,0.25301204819277107,0.08433734939759036,0.060240963855421686,23,3,normal,false,7,44,60,7480,4620,5085,4240,false,true,false,2220,5,19265,78,1,2
1183,tempted_2_0,13328,62,32,budget,2,100,true,5,2835,170,214,0.016129032258064516,0.5645161290322581,0.1935483870967742,0.06451612903225806,0.16129032258064516,13,2,normal,false,14,23,53,2370,4160,3585,3160,false,true,false,2940,10,10388,52,2,10|3
1184,tempted_2_0,7400,46,16,budget,0,98,true,4,825,136,217,0.15217391304347827,0.6739130434782609,0.08695652173913043,0.08695652173913043,0,10,2,normal,false,6,26,335,4585,1040,1440,0,true,true,false,0,0,7400,46,0,
1185,tempted_2_0,7935,52,22,budget,0,94,true,3,735,148,239,0.11538461538461539,0.7307692307692307,0.15384615384615385,0,0,12,1,normal,false,3,29,265,5455,1270,945,0,true,false,true,0,0,7935,52,0,
1186,tempted_2_0,19540,55,25,budget,3,100,true,8,2580,187,260,0.10909090909090909,0.4727272727272727,0.10909090909090909,0.03636363636363636,0.2727272727272727,8,2,normal,false,5,22,185,5185,1470,900,11800,false,true,false,10120,15,9420,40,3,2|4|4
1187,tempted_2_0,2940,30,0,budget,0,60,true,3,330,74,117,0.03333333333333333,0.9666666666666667,0,0,0,0,-1,crash,false,8,7,0,2940,0,0,0,false,false,false,0,0,2940,30,0,
1188,tempted_2_0,653,10,0,lock,0,50,true,2,135,17,38,0.4,0.6,0,0,0,1,4,crash,false,4,3,138,515,0,0,0,false,false,false,0,0,653,10,0,
1189,tempted_2_0,5027,34,4,budget,0,86,true,6,1230,91,153,0.38235294117647056,0.5294117647058824,0.08823529411764706,0,0,4,2,normal,false,7,15,332,4335,360,0,0,false,false,true,0,0,5027,34,0,
1190,tempted_2_0,19579,57,27,budget,1,100,true,6,2565,206,316,0.08771929824561403,0.631578947368421,0.15789473684210525,0.03508771929824561,0.08771929824561403,14,1,normal,false,6,28,714,6235,4220,4950,3460,false,true,false,3480,5,16099,52,1,6
1191,tempted_2_0,4375,34,4,budget,0,81,true,5,785,86,135,0.08823529411764706,0.9117647058823529,0,0,0,4,14,normal,false,5,16,270,3745,360,0,0,false,false,true,0,0,4375,34,0,
1192,tempted_2_0,4243,34,4,budget,0,80,true,5,485,91,163,0.11764705882352941,0.8529411764705882,0.029411764705882353,0,0,4,3,normal,false,9,14,718,3165,360,0,0,false,false,true,0,0,4243,34,0,
1193,tempted_2_0,11076,56,26,budget,2,100,true,5,2220,145,207,0.125,0.5357142857142857,0.125,0.03571428571428571,0.17857142857142858,12,1,normal,false,6,23,526,3905,1200,585,4860,false,false,false,3240,10,7836,46,1,4
1194,tempted_2_0,3006,30,0,budget,0,58,true,5,458,79,130,0.4666666666666667,0.5333333333333333,0,0,0,5,9,normal,false,5,10,926,2080,0,0,0,false,false,true,0,0,3006,30,0,
1195,tempted_2_0,4366,34,4,budget,0,93,true,5,1575,68,130,0.20588235294117646,0.7058823529411765,0.058823529411764705,0.029411764705882353,0,4,2,crash,false,4,16,226,2445,1560,135,0,true,false,false,0,0,4366,34,0,
1196,tempted_2_0,19895,78,48,budget,2,100,true,5,2275,221,330,0.07692307692307693,0.47435897435897434,0.2564102564102564,0.0641025641025641,0.1282051282051282,19,3,crash,false,10,41,330,4160,4440,3645,7320,false,false,false,7250,10,12645,68,2,5|4
1197,tempted_2_0,5310,38,8,budget,0,84,true,3,530,118,171,0.07894736842105263,0.868421052631579,0.05263157894736842,0,0,6,5,normal,false,3,16,130,4520,660,0,0,false,false,false,0,0,5310,38,0,
1198,tempted_2_0,4930,46,16,budget,0,88,false,3,300,114,145,0,0.8043478260869565,0.17391304347826086,0.021739130434782608,0,7,2,normal,false,7,20,0,3445,1350,135,0,false,false,false,0,0,4930,46,0,
1199,tempted_2_0,10733,50,20,budget,0,93,true,7,1530,169,272,0.18,0.68,0.14,0,0,12,2,normal,false,6,26,858,6980,2220,675,0,true,false,true,0,0,10733,50,0,
1200,tempted_2_0,6036,40,10,budget,0,93,true,3,660,126,206,0.1,0.7,0.2,0,0,6,2,normal,false,4,19,701,3775,750,810,0,true,false,false,0,0,6036,40,0,
1201,tempted_2_0,3043,30,0,budget,0,58,true,5,470,82,122,0.2,0.8,0,0,0,3,11,normal,false,5,12,628,2415,0,0,0,false,false,true,0,0,3043,30,0,
1202,tempted_2_0,2474,30,0,budget,0,61,true,5,438,78,148,0.5,0.5,0,0,0,2,16,crash,false,4,14,1104,1370,0,0,0,false,false,true,0,0,2474,30,0,
1203,tempted_2_0,17848,65,35,budget,3,100,true,6,1880,218,289,0.046153846153846156,0.47692307692307695,0.2153846153846154,0.03076923076923077,0.23076923076923078,11,2,crash,false,8,29,233,4400,4610,1185,7420,false,true,true,6510,15,11338,50,3,3|2|4
1204,tempted_2_0,4753,40,10,budget,0,79,true,4,560,102,159,0.175,0.825,0,0,0,9,1,crash,false,5,21,323,3710,720,0,0,false,false,false,0,0,4753,40,0,
1205,tempted_2_0,4561,38,8,budget,0,89,true,4,730,91,152,0.2894736842105263,0.5526315789473685,0.15789473684210525,0,0,10,2,normal,false,4,21,671,2960,660,270,0,false,false,true,0,0,4561,38,0,
1206,tempted_2_0,3895,30,0,budget,0,69,true,4,695,85,126,0.1,0.9,0,0,0,3,20,normal,false,4,9,60,3835,0,0,0,false,false,true,0,0,3895,30,0,
1207,tempted_2_0,1067,22,0,lock,0,55,true,2,120,33,57,0.36363636363636365,0.6363636363636364,0,0,0,3,16,normal,false,4,7,227,840,0,0,0,false,false,true,0,0,1067,22,0,
1208,tempted_2_0,5726,34,4,budget,0,75,true,9,2905,89,141,0.17647058823529413,0.7941176470588235,0.029411764705882353,0,0,5,3,normal,false,9,10,166,5260,300,0,0,false,false,true,0,0,5726,34,0,
1209,tempted_2_0,8055,48,18,budget,0,89,true,4,960,158,210,0.020833333333333332,0.8125,0.14583333333333334,0.020833333333333332,0,10,1,normal,false,10,23,110,4560,3250,135,0,false,false,false,0,0,8055,48,0,
1210,tempted_2_0,8315,45,15,budget,1,100,true,6,1015,141,177,0,0.7777777777777778,0.08888888888888889,0.022222222222222223,0.1111111111111111,6,7,normal,false,6,20,40,5395,910,90,1880,false,false,false,1570,5,6745,40,1,4
1211,tempted_2_0,11687,55,25,budget,1,100,true,6,1560,169,260,0.2727272727272727,0.38181818181818183,0.12727272727272726,0.12727272727272726,0.09090909090909091,13,4,normal,false,3,29,1037,4070,1180,1800,3600,false,true,true,3090,5,8597,50,1,11
1212,tempted_2_0,4345,30,0,budget,0,64,true,5,975,91,135,0.06666666666666667,0.9333333333333333,0,0,0,2,8,normal,false,4,13,35,4310,0,0,0,false,false,true,0,0,4345,30,0,
1213,tempted_2_0,7295,58,28,budget,0,91,true,4,580,158,198,0.017241379310344827,0.7413793103448276,0.2413793103448276,0,0,12,7,normal,false,7,35,85,3780,3160,270,0,true,false,false,0,0,7295,58,0,
1214,tempted_2_0,5660,42,12,budget,0,84,true,4,680,117,166,0.023809523809523808,0.8809523809523809,0.09523809523809523,0,0,7,18,normal,false,5,23,15,4625,1020,0,0,false,false,true,0,0,5660,42,0,
1215,tempted_2_0,5605,30,0,budget,0,66,true,5,940,114,172,0.03333333333333333,0.9666666666666667,0,0,0,1,25,normal,false,8,14,120,5485,0,0,0,false,false,true,0,0,5605,30,0,
1216,tempted_2_0,3188,30,0,budget,0,62,true,4,480,69,119,0.2,0.8,0,0,0,3,16,normal,false,7,9,588,2600,0,0,0,false,false,true,0,0,3188,30,0,
1217,tempted_2_0,26245,72,42,budget,4,100,true,5,2820,302,367,0.013888888888888888,0.5,0.1527777777777778,0.05555555555555555,0.2777777777777778,13,2,normal,false,7,40,25,5570,2830,1260,16560,false,true,false,16690,20,9555,52,3,5|2|5
1218,tempted_2_0,4818,40,10,budget,0,88,true,3,690,118,169,0.3,0.575,0.125,0,0,6,11,normal,false,4,19,623,2890,900,405,0,false,false,false,0,0,4818,40,0,
1219,tempted_2_0,8480,57,27,budget,1,100,true,4,690,148,228,0.10526315789473684,0.543859649122807,0.19298245614035087,0.07017543859649122,0.08771929824561403,11,2,crash,false,6,30,135,4220,1740,585,1800,false,true,false,1770,5,6710,52,1,2
1220,tempted_2_0,6610,38,8,budget,0,79,false,5,1610,126,173,0,0.9736842105263158,0.02631578947368421,0,0,4,5,normal,false,4,20,0,4370,2240,0,0,false,false,false,0,0,6610,38,0,
1221,tempted_2_0,5465,30,0,budget,0,58,true,6,1385,93,153,0.13333333333333333,0.8666666666666667,0,0,0,1,21,normal,false,5,12,315,5150,0,0,0,false,false,false,0,0,5465,30,0,
1222,tempted_2_0,43095,125,95,budget,7,100,true,7,4520,422,560,0.04,0.368,0.232,0.08,0.28,31,1,crash,false,6,62,315,7365,9960,4275,21180,false,true,false,20040,35,23055,90,6,2|4|3|2|2|5
1223,tempted_2_0,8719,46,16,budget,0,99,true,5,1620,159,234,0.32608695652173914,0.5217391304347826,0.13043478260869565,0.021739130434782608,0,11,1,normal,false,4,24,1039,4305,1710,1665,0,true,true,true,0,0,8719,46,0,
1224,tempted_2_0,5090,41,11,budget,1,100,true,4,840,95,129,0.0975609756097561,0.6829268292682927,0.07317073170731707,0.024390243902439025,0.12195121951219512,5,1,crash,false,8,10,105,3145,370,90,1380,false,false,false,1350,5,3740,36,1,3
1225,tempted_2_0,3927,32,2,budget,0,71,true,5,675,82,158,0.4375,0.5625,0,0,0,4,2,normal,false,8,12,1257,2670,0,0,0,false,false,false,0,0,3927,32,0,
1226,tempted_2_0,6575,46,16,budget,0,92,true,7,1700,133,174,0,0.8695652173913043,0.10869565217391304,0.021739130434782608,0,7,5,normal,false,5,23,40,5130,1090,315,0,true,false,false,0,0,6575,46,0,
1227,tempted_2_0,35659,131,101,budget,3,100,true,6,2120,387,594,0.16793893129770993,0.4580152671755725,0.19083969465648856,0.06870229007633588,0.11450381679389313,41,1,normal,false,9,80,1149,6180,8650,6120,13560,false,true,false,11710,15,23949,116,2,2|2
1228,tempted_2_0,20955,87,57,budget,3,100,true,4,3660,224,289,0.022988505747126436,0.5402298850574713,0.22988505747126436,0.034482758620689655,0.1724137931034483,24,2,normal,false,7,41,50,3170,4060,1395,12280,false,true,false,9610,15,11345,72,3,4|4|4
1229,tempted_2_0,6175,42,12,budget,0,86,true,4,595,124,187,0.14285714285714285,0.7142857142857143,0.14285714285714285,0,0,9,2,normal,false,3,26,335,4075,1360,405,0,false,false,false,0,0,6175,42,0,
1230,tempted_2_0,7658,40,10,budget,0,99,true,6,1220,112,189,0.05,0.8,0.125,0.025,0,7,2,normal,false,5,17,213,5850,650,945,0,true,true,true,0,0,7658,40,0,
1231,tempted_2_0,10025,43,13,budget,1,100,true,4,1680,151,217,0.11627906976744186,0.6744186046511628,0.09302325581395349,0,0.11627906976744186,7,3,normal,false,3,26,260,5215,300,690,3560,false,false,false,2360,5,7665,38,1,3
1232,tempted_2_0,3166,30,0,budget,0,65,true,4,610,68,122,0.3333333333333333,0.6666666666666666,0,0,0,3,18,crash,false,6,11,371,2795,0,0,0,false,false,false,0,0,3166,30,0,
1233,tempted_2_0,10156,51,21,budget,1,100,true,4,1960,153,221,0.19607843137254902,0.5098039215686274,0.1568627450980392,0.0392156862745098,0.09803921568627451,11,4,normal,false,4,24,616,3210,1900,270,4160,false,false,true,4040,5,6116,46,1,3
1234,tempted_2_0,5880,30,0,budget,0,63,true,6,1020,111,170,0.06666666666666667,0.9333333333333333,0,0,0,0,-1,crash,false,6,12,60,5820,0,0,0,false,false,false,0,0,5880,30,0,
1235,tempted_2_0,8665,45,15,budget,1,100,true,4,1160,137,182,0,0.7333333333333333,0.1111111111111111,0.044444444444444446,0.1111111111111111,6,1,normal,false,6,21,50,4005,660,630,3320,false,false,false,3290,5,5375,40,1,5
1236,tempted_2_0,19740,52,22,budget,2,100,true,6,5170,195,265,0.15384615384615385,0.5192307692307693,0.11538461538461539,0.019230769230769232,0.19230769230769232,8,5,normal,false,9,22,735,4445,1640,900,12020,false,false,false,11350,10,8390,42,1,3
1237,tempted_2_0,5340,32,2,budget,0,80,true,4,665,102,149,0,1,0,0,0,1,4,normal,false,5,14,30,4860,450,0,0,false,false,false,0,0,5340,32,0,
1238,tempted_2_0,3885,42,12,budget,0,80,true,3,345,105,142,0.047619047619047616,0.8571428571428571,0.09523809523809523,0,0,7,2,normal,false,3,23,30,3405,450,0,0,false,false,true,0,0,3885,42,0,
1239,tempted_2_0,16460,83,53,budget,1,100,false,8,4450,248,308,0,0.6385542168674698,0.2289156626506024,0.07228915662650602,0.060240963855421686,22,1,normal,false,6,47,0,5540,7050,2610,1260,false,true,false,1170,5,15290,78,1,5
1240,tempted_2_0,18555,71,41,budget,3,100,true,5,1080,250,325,0.04225352112676056,0.5352112676056338,0.14084507042253522,0.07042253521126761,0.2112676056338028,18,1,normal,false,7,38,260,5445,3050,3000,6800,false,true,false,6740,15,11815,56,3,6|3|4
1241,tempted_2_0,42550,93,63,budget,3,100,true,12,21720,291,420,0.021505376344086023,0.4838709677419355,0.27956989247311825,0.053763440860215055,0.16129032258064516,25,6,normal,false,5,54,75,5130,6340,5565,25440,false,true,true,28210,15,14340,78,3,3|2|8
1242,tempted_2_0,8551,59,29,budget,1,100,true,4,885,161,246,0.23728813559322035,0.5084745762711864,0.13559322033898305,0.03389830508474576,0.0847457627118644,14,2,normal,false,6,32,866,3470,1830,1185,1200,false,true,false,1200,5,7351,54,1,5
1243,tempted_2_0,4811,32,2,budget,0,76,true,5,770,93,147,0.25,0.75,0,0,0,7,6,normal,false,6,18,366,3815,630,0,0,false,false,true,0,0,4811,32,0,
1244,tempted_2_0,3995,32,2,budget,0,76,true,3,555,88,158,0.25,0.75,0,0,0,4,3,normal,false,6,14,305,3450,240,0,0,false,false,false,0,0,3995,32,0,
1245,tempted_2_0,11978,53,23,budget,1,100,true,5,2580,161,215,0.05660377358490566,0.6226415094339622,0.22641509433962265,0,0.09433962264150944,10,2,normal,false,6,26,203,3485,2980,750,4560,false,false,false,2560,5,9418,48,1,3
1246,tempted_2_0,5870,36,6,budget,0,90,true,6,1485,104,156,0.1111111111111111,0.8055555555555556,0.05555555555555555,0.027777777777777776,0,4,16,normal,false,5,17,185,5100,450,135,0,true,false,false,0,0,5870,36,0,
1247,tempted_2_0,25490,100,70,budget,4,100,true,6,3200,312,388,0.02,0.5,0.23,0.05,0.2,28,1,normal,false,8,53,30,5815,9540,2805,7300,false,true,false,7260,20,18230,80,3,5|3|4
1248,tempted_2_0,5000,36,6,budget,0,80,false,5,1400,96,143,0,1,0,0,0,3,11,normal,false,4,16,0,3470,1530,0,0,false,false,false,0,0,5000,36,0,
1249,tempted_2_0,3997,32,2,budget,0,70,true,5,620,87,153,0.3125,0.6875,0,0,0,3,1,normal,false,3,13,1027,2970,0,0,0,false,false,true,0,0,3997,32,0,
1250,tempted_2_0,5190,36,6,budget,0,80,false,3,540,117,158,0,0.9444444444444444,0.05555555555555555,0,0,3,2,normal,false,5,13,0,4530,660,0,0,false,false,true,0,0,5190,36,0,
1251,tempted_2_0,3355,34,4,budget,0,80,false,4,390,81,111,0,0.9705882352941176,0.029411764705882353,0,0,2,4,normal,false,4,13,0,2905,450,0,0,false,false,true,0,0,3355,34,0,
1252,tempted_2_0,2340,30,0,budget,0,54,true,3,405,64,106,0.23333333333333334,0.7666666666666667,0,0,0,5,4,normal,false,4,12,400,1940,0,0,0,false,false,true,0,0,2340,30,0,
1253,tempted_2_0,10946,49,19,budget,1,100,true,5,1470,164,264,0.16326530612244897,0.6326530612244898,0.10204081632653061,0,0.10204081632653061,10,3,normal,false,5,24,651,5055,2630,1170,1440,false,false,false,2070,5,8876,44,1,2
1254,tempted_2_0,5795,30,0,budget,0,66,true,6,1170,99,168,0.13333333333333333,0.8666666666666667,0,0,0,3,4,normal,false,4,13,150,5645,0,0,0,false,false,false,0,0,5795,30,0,
1255,tempted_2_0,5875,36,6,budget,0,83,false,4,880,114,158,0,0.8888888888888888,0.1111111111111111,0,0,3,1,normal,false,5,14,0,4335,1540,0,0,false,false,false,0,0,5875,36,0,
1256,tempted_2_0,3705,34,4,budget,0,79,true,3,480,80,120,0.029411764705882353,0.9411764705882353,0.029411764705882353,0,0,3,2,normal,false,7,14,15,3060,630,0,0,false,false,false,0,0,3705,34,0,
1257,tempted_2_0,2312,30,0,budget,0,58,true,4,210,64,105,0.3,0.7,0,0,0,1,18,crash,false,3,13,397,1915,0,0,0,false,false,false,0,0,2312,30,0,
1258,tempted_2_0,5188,30,0,budget,0,67,true,7,2270,77,139,0.3333333333333333,0.6666666666666666,0,0,0,1,15,crash,false,7,11,443,4745,0,0,0,false,false,false,0,0,5188,30,0,
1259,tempted_2_0,16360,67,37,budget,1,100,false,4,1580,194,273,0,0.582089552238806,0.26865671641791045,0.07462686567164178,0.07462686567164178,16,1,normal,false,6,31,0,3565,5800,3435,3560,false,false,false,3700,5,12660,62,1,2
1260,tempted_2_0,5000,42,12,budget,0,80,true,5,935,119,153,0.07142857142857142,0.9047619047619048,0.023809523809523808,0,0,7,3,normal,false,9,15,150,4070,780,0,0,false,false,false,0,0,5000,42,0,
1261,tempted_2_0,3830,34,4,budget,0,72,true,3,360,95,152,0.2647058823529412,0.7058823529411765,0.029411764705882353,0,0,4,9,crash,false,3,17,475,3085,270,0,0,false,false,false,0,0,3830,34,0,
1262,tempted_2_0,5354,30,0,budget,0,62,true,5,900,96,193,0.4,0.6,0,0,0,3,20,normal,false,4,14,1054,4300,0,0,0,false,false,true,0,0,5354,30,0,
1263,tempted_2_0,15145,59,29,budget,1,100,false,6,6350,173,225,0,0.6779661016949152,0.1864406779661017,0.05084745762711865,0.0847457627118644,10,2,normal,false,9,23,0,3905,2440,1440,7360,false,false,false,8430,5,6715,54,1,2
1264,tempted_2_0,1590,15,0,lock,0,68,true,5,660,33,52,0.06666666666666667,0.9333333333333333,0,0,0,1,15,normal,false,2,8,60,1530,0,0,0,false,false,true,0,0,1590,15,0,
1265,tempted_2_0,6415,36,6,budget,0,82,true,4,900,110,168,0.027777777777777776,0.9166666666666666,0.05555555555555555,0,0,4,9,normal,false,5,17,15,4490,1910,0,0,false,false,false,0,0,6415,36,0,
1266,tempted_2_0,4383,38,8,budget,0,89,true,4,415,97,159,0.13157894736842105,0.7894736842105263,0.07894736842105263,0,0,6,3,normal,false,3,19,443,3160,510,270,0,false,false,true,0,0,4383,38,0,
1267,tempted_2_0,3990,32,6,lock,0,74,true,4,480,94,158,0.21875,0.78125,0,0,0,6,1,normal,false,3,17,645,3165,180,0,0,false,false,true,0,0,3990,32,0,
1268,tempted_2_0,2553,30,0,budget,0,64,true,4,405,72,109,0.23333333333333334,0.7666666666666667,0,0,0,2,14,normal,false,4,11,448,2105,0,0,0,false,false,false,0,0,2553,30,0,
1269,tempted_2_0,4125,40,10,budget,0,91,true,3,360,94,135,0,0.8,0.175,0.025,0,5,2,normal,false,6,16,30,3270,690,135,0,true,false,false,0,0,4125,40,0,
1270,tempted_2_0,10820,56,26,budget,2,100,true,4,1680,150,191,0.03571428571428571,0.5714285714285714,0.17857142857142858,0.03571428571428571,0.17857142857142858,10,3,normal,false,8,31,80,3645,1830,1005,4260,false,false,false,2220,10,8600,46,2,4|6
1271,tempted_2_0,5648,36,6,budget,0,85,true,6,1645,105,160,0.1111111111111111,0.7777777777777778,0.1111111111111111,0,0,5,2,normal,false,4,16,353,4320,570,405,0,false,false,false,0,0,5648,36,0,
1272,tempted_2_0,1625,17,0,lock,0,63,true,3,315,45,70,0.17647058823529413,0.8235294117647058,0,0,0,1,15,normal,false,3,8,195,1430,0,0,0,false,false,false,0,0,1625,17,0,
1273,tempted_2_0,13463,57,27,budget,1,100,true,4,2880,161,261,0.07017543859649122,0.6842105263157895,0.14035087719298245,0.017543859649122806,0.08771929824561403,11,1,normal,false,7,25,373,4170,1590,2430,4900,false,true,false,4900,5,8563,52,1,9
1274,tempted_2_0,9434,59,29,budget,1,100,true,5,880,143,231,0.1694915254237288,0.576271186440678,0.11864406779661017,0.05084745762711865,0.0847457627118644,15,3,crash,false,5,29,584,3200,3080,450,2120,false,true,false,1730,5,7704,54,1,2
1275,tempted_2_0,4593,30,0,budget,0,64,true,4,720,83,192,0.43333333333333335,0.5666666666666667,0,0,0,3,12,crash,false,4,15,753,3840,0,0,0,false,false,false,0,0,4593,30,0,
1276,tempted_2_0,4720,32,2,budget,0,73,true,5,855,99,145,0.03125,0.9375,0.03125,0,0,2,15,normal,false,4,12,15,4615,90,0,0,false,false,true,0,0,4720,32,0,
1277,tempted_2_0,14990,59,29,budget,1,100,false,7,3630,176,240,0,0.6440677966101694,0.2033898305084746,0.06779661016949153,0.0847457627118644,10,2,normal,false,5,24,0,4285,4100,4545,2060,false,true,false,2060,5,12930,54,1,4
1278,tempted_2_0,4905,36,6,budget,0,87,true,4,720,103,152,0.027777777777777776,0.8888888888888888,0.08333333333333333,0,0,4,6,normal,false,6,12,45,4440,420,0,0,false,false,true,0,0,4905,36,0,
1279,tempted_2_0,4144,32,2,budget,0,80,true,5,390,94,148,0.21875,0.78125,0,0,0,3,7,normal,false,6,13,549,3415,180,0,0,false,false,true,0,0,4144,32,0,
1280,tempted_2_0,3962,44,14,budget,0,96,true,3,570,84,127,0.25,0.5227272727272727,0.18181818181818182,0.045454545454545456,0,11,2,normal,false,6,19,317,1830,1410,405,0,true,true,true,0,0,3962,44,0,
1281,tempted_2_0,4788,32,2,budget,0,82,true,5,615,100,164,0.09375,0.84375,0.0625,0,0,3,9,normal,false,5,15,128,4300,360,0,0,false,false,false,0,0,4788,32,0,
1282,tempted_2_0,2608,34,4,budget,0,82,true,3,410,78,100,0.20588235294117646,0.7058823529411765,0.08823529411764706,0,0,6,2,normal,false,6,13,373,1725,510,0,0,false,false,true,0,0,2608,34,0,
1283,tempted_2_0,2783,32,2,budget,0,74,true,3,360,70,115,0.28125,0.71875,0,0,0,2,2,crash,false,7,9,468,2045,270,0,0,false,false,false,0,0,2783,32,0,
1284,tempted_2_0,12154,51,21,budget,1,100,true,6,1730,155,241,0.1568627450980392,0.5490196078431373,0.11764705882352941,0.0784313725490196,0.09803921568627451,10,2,normal,false,5,22,714,3690,2400,990,4360,false,true,false,5730,5,6424,46,0,
1285,tempted_2_0,2330,30,0,budget,0,50,true,4,510,62,101,0.43333333333333335,0.5666666666666667,0,0,0,4,3,normal,false,8,9,390,1940,0,0,0,false,false,false,0,0,2330,30,0,
1286,tempted_2_0,20448,58,28,budget,2,100,true,6,4220,207,301,0.05172413793103448,0.5862068965517241,0.1724137931034483,0.017241379310344827,0.1724137931034483,11,9,normal,false,11,28,353,5710,2370,3075,8940,false,true,true,8450,10,11998,48,2,6|4
1287,tempted_2_0,3840,30,0,budget,0,62,true,4,495,86,122,0.03333333333333333,0.9666666666666667,0,0,0,1,20,normal,false,5,10,15,3825,0,0,0,false,false,false,0,0,3840,30,0,
1288,tempted_2_0,5985,40,10,budget,0,83,true,5,1165,121,181,0.075,0.85,0.075,0,0,6,4,normal,false,6,20,110,5185,690,0,0,false,false,false,0,0,5985,40,0,
1289,tempted_2_0,3009,30,0,budget,0,67,true,3,390,74,121,0.26666666666666666,0.7333333333333333,0,0,0,3,5,normal,false,9,10,469,2540,0,0,0,false,false,true,0,0,3009,30,0,
1290,tempted_2_0,9850,49,19,budget,1,100,true,5,1440,155,223,0,0.7551020408163265,0.10204081632653061,0.04081632653061224,0.10204081632653061,8,4,normal,false,9,21,120,5860,1110,360,2400,false,true,false,1050,5,8800,44,1,3
1291,tempted_2_0,16430,68,38,budget,2,100,true,5,1320,200,272,0.08823529411764706,0.47058823529411764,0.17647058823529413,0.11764705882352941,0.14705882352941177,16,1,crash,false,6,34,265,4070,3090,3585,5420,false,true,false,5300,10,11130,58,2,4|12
1292,tempted_2_0,4983,30,0,budget,0,62,true,5,1195,102,164,0.2,0.8,0,0,0,2,7,crash,false,3,13,543,4440,0,0,0,false,false,true,0,0,4983,30,0,
1293,tempted_2_0,21218,72,42,budget,2,100,true,5,2070,247,354,0.041666666666666664,0.5833333333333334,0.18055555555555555,0.05555555555555555,0.1388888888888889,18,7,normal,false,4,41,93,7040,5990,675,7420,false,false,true,5240,10,15978,62,2,6|4
1294,tempted_2_0,5856,36,6,budget,0,84,true,5,765,114,194,0.1111111111111111,0.8333333333333334,0.05555555555555555,0,0,4,17,crash,false,3,20,676,4250,930,0,0,false,false,false,0,0,5856,36,0,
1295,tempted_2_0,6925,44,14,budget,0,97,true,4,1440,134,187,0.13636363636363635,0.7045454545454546,0.13636363636363635,0.022727272727272728,0,10,10,normal,false,4,23,325,4155,960,1485,0,true,true,false,0,0,6925,44,0,
1296,tempted_2_0,11106,55,25,budget,1,100,true,9,1645,171,239,0.09090909090909091,0.6545454545454545,0.10909090909090909,0.05454545454545454,0.09090909090909091,10,2,normal,false,7,27,496,5480,2760,1290,1080,false,true,false,990,5,10116,50,1,5
1297,tempted_2_0,3849,38,8,budget,0,83,true,3,540,87,145,0.15789473684210525,0.7368421052631579,0.10526315789473684,0,0,5,2,normal,false,3,17,204,2805,840,0,0,false,false,false,0,0,3849,38,0,
1298,tempted_2_0,21205,70,40,budget,4,100,false,5,1990,242,290,0,0.44285714285714284,0.18571428571428572,0.08571428571428572,0.2857142857142857,13,23,normal,false,6,40,0,4040,3450,2835,10880,false,true,false,9910,20,11295,50,4,7|4|5|5
1299,tempted_2_0,3465,30,0,budget,0,66,false,3,330,93,126,0,1,0,0,0,0,-1,normal,false,6,14,0,3465,0,0,0,false,false,true,0,0,3465,30,0,
1300,tempted_2_0,3205,30,0,budget,0,59,true,5,660,71,104,0.03333333333333333,0.9666666666666667,0,0,0,0,-1,crash,false,4,13,0,3205,0,0,0,false,false,false,0,0,3205,30,0,
1301,tempted_2_0,9596,41,11,budget,1,100,true,5,1800,112,206,0.24390243902439024,0.5365853658536586,0.07317073170731707,0.024390243902439025,0.12195121951219512,4,4,normal,false,7,21,976,3680,480,240,4220,false,true,true,3980,5,5616,36,1,4
1302,tempted_2_0,3011,30,0,budget,0,67,true,6,885,65,105,0.3,0.7,0,0,0,3,18,crash,false,7,7,301,2710,0,0,0,false,false,false,0,0,3011,30,0,
1303,tempted_2_0,4330,30,0,budget,0,65,true,5,900,86,133,0.03333333333333333,0.9666666666666667,0,0,0,1,20,normal,false,6,8,45,4285,0,0,0,false,false,true,0,0,4330,30,0,
1304,tempted_2_0,9155,58,28,budget,0,99,false,5,1245,153,198,0,0.6724137931034483,0.25862068965517243,0.06896551724137931,0,14,5,normal,false,5,35,0,5000,2220,1935,0,true,true,false,0,0,9155,58,0,
1305,tempted_2_0,13605,58,28,budget,2,100,true,4,1940,168,225,0.034482758620689655,0.6206896551724138,0.13793103448275862,0.034482758620689655,0.1724137931034483,12,2,normal,false,9,32,135,3720,1750,1440,6560,false,false,true,7090,10,6515,48,2,3|2
1306,tempted_2_0,7435,46,16,budget,0,96,true,6,1230,134,189,0.021739130434782608,0.782608695652174,0.13043478260869565,0.06521739130434782,0,8,6,normal,false,5,22,15,4495,2250,675,0,true,true,true,0,0,7435,46,0,
1307,tempted_2_0,25665,101,71,budget,3,100,true,5,1560,288,404,0.0297029702970297,0.48514851485148514,0.24752475247524752,0.0891089108910891,0.1485148514851485,29,1,normal,false,5,53,120,6400,5880,5805,7460,false,true,true,7130,15,18535,86,3,9|2|6
1308,tempted_2_0,2867,30,0,budget,0,50,true,3,425,63,121,0.3333333333333333,0.6666666666666666,0,0,0,5,12,normal,false,4,15,592,2275,0,0,0,false,false,false,0,0,2867,30,0,
1309,tempted_2_0,4701,30,0,budget,0,62,true,4,735,86,155,0.13333333333333333,0.8666666666666667,0,0,0,1,28,crash,false,5,11,466,4235,0,0,0,false,false,true,0,0,4701,30,0,
1310,tempted_2_0,4246,36,6,budget,0,80,true,6,930,85,154,0.3333333333333333,0.5833333333333334,0.08333333333333333,0,0,5,2,crash,false,4,22,771,2905,570,0,0,false,false,true,0,0,4246,36,0,
1311,tempted_2_0,6148,30,0,budget,0,64,true,8,1695,97,157,0.1,0.9,0,0,0,2,22,normal,false,11,13,398,5750,0,0,0,false,false,true,0,0,6148,30,0,
1312,tempted_2_0,17760,56,26,budget,2,100,true,7,4095,185,245,0.017857142857142856,0.5892857142857143,0.19642857142857142,0.017857142857142856,0.17857142857142858,10,2,normal,false,12,27,75,4060,1160,3045,9420,false,true,true,8745,10,9015,46,2,2|5
1313,tempted_2_0,4092,32,2,budget,0,71,true,4,435,87,175,0.46875,0.53125,0,0,0,5,6,normal,false,8,13,947,2845,300,0,0,false,false,true,0,0,4092,32,0,
1314,tempted_2_0,11183,53,23,budget,1,100,true,5,2520,154,213,0.03773584905660377,0.6792452830188679,0.1320754716981132,0.05660377358490566,0.09433962264150944,10,2,normal,false,4,29,68,5110,1940,405,3660,false,true,false,1230,5,9953,48,1,6
1315,tempted_2_0,4677,36,6,budget,0,83,true,5,690,100,165,0.4444444444444444,0.4722222222222222,0.08333333333333333,0,0,7,2,normal,false,5,19,687,3300,690,0,0,false,false,true,0,0,4677,36,0,
1316,tempted_2_0,5655,36,6,budget,0,80,true,4,960,118,176,0.16666666666666666,0.75,0.08333333333333333,0,0,6,2,normal,false,3,20,265,4170,1220,0,0,false,false,false,0,0,5655,36,0,
1317,tempted_2_0,4915,36,6,budget,0,97,true,4,1050,101,147,0.027777777777777776,0.8888888888888888,0.05555555555555555,0.027777777777777776,0,4,2,normal,false,12,11,60,3175,510,1170,0,true,true,false,0,0,4915,36,0,
1318,tempted_2_0,20685,76,46,budget,4,100,false,4,2260,217,294,0,0.40789473684210525,0.25,0.07894736842105263,0.2631578947368421,16,2,normal,false,4,39,0,3455,3490,1860,11880,false,true,false,9320,20,11365,56,4,3|6|5|3
1319,tempted_2_0,5190,34,4,budget,0,74,false,5,750,96,145,0,1,0,0,0,2,21,normal,false,4,16,0,4830,360,0,0,false,false,true,0,0,5190,34,0,
1320,tempted_2_0,11285,47,17,budget,1,100,true,6,2150,142,212,0.14893617021276595,0.5531914893617021,0.1276595744680851,0.06382978723404255,0.10638297872340426,9,2,normal,false,7,23,585,3040,2900,780,3980,false,true,false,3680,5,7605,42,1,3
1321,tempted_2_0,8825,54,24,budget,2,100,true,6,1260,133,205,0.16666666666666666,0.4444444444444444,0.14814814814814814,0.05555555555555555,0.18518518518518517,8,3,crash,false,9,25,400,3445,1240,1680,2060,false,false,false,2270,10,6555,44,2,3|2
1322,tempted_2_0,6235,36,6,budget,0,80,true,5,880,121,179,0.1111111111111111,0.8611111111111112,0.027777777777777776,0,0,4,2,normal,false,6,17,255,5440,540,0,0,false,false,false,0,0,6235,36,0,
1323,tempted_2_0,3053,30,0,budget,0,62,true,4,750,60,116,0.3333333333333333,0.6666666666666666,0,0,0,4,9,crash,false,5,13,398,2655,0,0,0,false,false,false,0,0,3053,30,0,
1324,tempted_2_0,5380,32,2,budget,0,72,false,5,720,110,152,0,0.96875,0.03125,0,0,1,2,normal,false,5,16,0,5260,120,0,0,false,false,false,0,0,5380,32,0,
1325,tempted_2_0,3073,30,0,budget,0,63,true,4,560,80,120,0.3,0.7,0,0,0,2,21,normal,false,5,11,278,2795,0,0,0,false,false,true,0,0,3073,30,0,
1326,tempted_2_0,3905,30,0,budget,0,67,true,4,580,97,137,0,1,0,0,0,0,-1,normal,false,12,10,40,3865,0,0,0,false,false,true,0,0,3905,30,0,
1327,tempted_2_0,14595,67,37,budget,1,100,true,4,3120,208,272,0.014925373134328358,0.6417910447761194,0.22388059701492538,0.04477611940298507,0.07462686567164178,17,9,normal,false,5,37,15,5035,2700,1905,4940,false,true,true,5150,5,9445,62,1,4
1328,tempted_2_0,3149,30,0,budget,0,53,true,3,325,76,138,0.23333333333333334,0.7666666666666667,0,0,0,3,18,normal,false,3,13,534,2615,0,0,0,false,false,true,0,0,3149,30,0,
1329,tempted_2_0,4265,30,0,budget,0,63,true,4,665,92,166,0.23333333333333334,0.7666666666666667,0,0,0,3,17,crash,false,5,11,425,3840,0,0,0,false,false,false,0,0,4265,30,0,
1330,tempted_2_0,3613,34,4,budget,0,87,true,3,480,74,115,0.11764705882352941,0.7941176470588235,0.08823529411764706,0,0,4,3,normal,false,6,13,73,2400,1140,0,0,false,false,true,0,0,3613,34,0,
1331,tempted_2_0,4341,30,0,budget,0,62,true,6,1125,85,164,0.36666666666666664,0.6333333333333333,0,0,0,4,12,normal,false,4,17,716,3625,0,0,0,false,false,true,0,0,4341,30,0,
1332,tempted_2_0,3355,32,2,budget,0,70,true,4,440,85,126,0.09375,0.90625,0,0,0,3,6,normal,false,7,11,90,3265,0,0,0,false,false,false,0,0,3355,32,0,
1333,tempted_2_0,8595,48,18,budget,0,98,true,5,795,152,207,0,0.7083333333333334,0.1875,0.10416666666666667,0,8,18,normal,false,6,27,30,4985,1900,1680,0,true,true,true,0,0,8595,48,0,
1334,tempted_2_0,10165,43,13,budget,1,100,true,6,1440,159,216,0.023255813953488372,0.7209302325581395,0.09302325581395349,0.046511627906976744,0.11627906976744186,5,11,normal,false,7,22,610,4935,1230,270,3120,false,false,false,3030,5,7135,38,1,5
1335,tempted_2_0,4540,38,8,budget,0,94,true,3,535,98,134,0.02631578947368421,0.8421052631578947,0.10526315789473684,0.02631578947368421,0,5,1,normal,false,8,14,15,3610,780,135,0,true,false,false,0,0,4540,38,0,
1336,tempted_2_0,3935,30,0,budget,0,63,true,4,680,84,133,0.03333333333333333,0.9666666666666667,0,0,0,1,25,normal,false,7,9,45,3890,0,0,0,false,false,false,0,0,3935,30,0,
1337,tempted_2_0,8463,45,15,budget,1,100,true,4,1380,142,198,0.06666666666666667,0.6888888888888889,0.13333333333333333,0,0.1111111111111111,6,2,normal,false,6,25,488,3455,960,360,3200,false,false,true,3420,5,5043,40,0,
1338,tempted_2_0,6788,22,15,lock,1,100,true,4,2040,71,120,0.18181818181818182,0.4090909090909091,0.13636363636363635,0.045454545454545456,0.22727272727272727,7,1,normal,false,2,15,433,1255,900,780,3420,false,false,true,3330,5,3458,17,1,2
1339,tempted_2_0,2871,30,0,budget,0,66,true,3,330,85,126,0.13333333333333333,0.8666666666666667,0,0,0,2,13,normal,false,7,10,306,2565,0,0,0,false,false,false,0,0,2871,30,0,
1340,tempted_2_0,5521,30,0,budget,0,51,true,6,1120,101,153,0.3333333333333333,0.6666666666666666,0,0,0,6,6,normal,false,3,14,431,5090,0,0,0,false,false,false,0,0,5521,30,0,
1341,tempted_2_0,6401,42,12,budget,0,92,true,4,900,119,192,0.16666666666666666,0.7619047619047619,0.047619047619047616,0.023809523809523808,0,7,1,normal,false,4,19,376,3945,1810,270,0,true,false,false,0,0,6401,42,0,
1342,tempted_2_0,3696,34,4,budget,0,80,true,4,625,87,138,0.17647058823529413,0.7941176470588235,0.029411764705882353,0,0,4,1,crash,false,6,13,266,3310,120,0,0,false,false,false,0,0,3696,34,0,
1343,tempted_2_0,2065,10,4,lock,0,84,false,4,470,36,49,0,0.6,0.4,0,0,2,2,normal,false,3,5,0,1215,850,0,0,false,false,false,0,0,2065,10,0,
1344,tempted_2_0,6490,38,8,budget,0,73,true,4,930,113,189,0.05263157894736842,0.9210526315789473,0.02631578947368421,0,0,6,3,normal,false,5,21,60,5230,1200,0,0,false,false,true,0,0,6490,38,0,
1345,tempted_2_0,5270,44,14,budget,0,95,true,3,1050,116,146,0.022727272727272728,0.8409090909090909,0.11363636363636363,0.022727272727272728,0,8,4,normal,false,12,17,55,2815,1860,540,0,true,true,false,0,0,5270,44,0,
1346,tempted_2_0,8823,46,16,budget,0,99,true,4,1080,144,207,0.06521739130434782,0.6521739130434783,0.2826086956521739,0,0,8,2,normal,false,4,20,83,4290,2290,2160,0,true,true,false,0,0,8823,46,0,
1347,tempted_2_0,5065,32,2,budget,0,71,true,4,600,115,168,0.03125,0.96875,0,0,0,2,14,normal,false,6,15,190,4695,180,0,0,false,false,false,0,0,5065,32,0,
1348,tempted_2_0,4070,38,8,budget,0,93,false,4,485,109,132,0,0.8157894736842105,0.15789473684210525,0.02631578947368421,0,4,1,normal,false,3,20,0,3230,660,180,0,true,false,false,0,0,4070,38,0,
1349,tempted_2_0,22320,68,38,budget,2,100,true,6,2750,260,359,0.014705882352941176,0.5588235294117647,0.23529411764705882,0.04411764705882353,0.14705882352941177,15,7,normal,false,5,36,330,6425,6240,2325,7000,false,true,false,6520,10,15800,58,2,4|3
1350,tempted_2_0,3770,32,2,budget,0,79,true,4,595,92,134,0.03125,0.9375,0.03125,0,0,2,27,normal,false,7,12,40,3550,180,0,0,false,false,false,0,0,3770,32,0,
1351,tempted_2_0,7385,39,9,budget,1,100,true,6,840,136,172,0.02564102564102564,0.7435897435897436,0.07692307692307693,0.02564102564102564,0.1282051282051282,4,20,normal,false,4,16,105,5210,270,120,1680,false,false,true,1440,5,5945,34,1,3
1352,tempted_2_0,165,3,0,lock,0,50,false,1,90,3,9,0,1,0,0,0,0,-1,normal,false,3,0,0,165,0,0,0,false,false,false,0,0,165,3,0,
1353,tempted_2_0,10285,44,14,budget,0,89,true,7,2040,126,196,0.022727272727272728,0.7727272727272727,0.18181818181818182,0.022727272727272728,0,8,9,normal,false,9,19,15,4130,4250,1890,0,false,false,true,0,0,10285,44,0,
1354,tempted_2_0,5061,30,0,budget,0,53,true,6,1120,109,178,0.3,0.7,0,0,0,4,5,normal,false,3,15,936,4125,0,0,0,false,false,false,0,0,5061,30,0,
1355,tempted_2_0,4755,36,6,budget,0,76,true,4,810,94,159,0.25,0.6944444444444444,0.05555555555555555,0,0,7,2,normal,false,4,18,455,2860,1440,0,0,false,false,true,0,0,4755,36,0,
1356,tempted_2_0,10000,39,9,budget,1,100,true,5,2180,120,213,0.38461538461538464,0.38461538461538464,0.07692307692307693,0.02564102564102564,0.1282051282051282,6,2,normal,false,6,17,1190,2960,300,630,4920,false,true,false,4850,5,5150,34,1,3
1357,tempted_2_0,2276,30,0,budget,0,68,true,3,170,66,108,0.4,0.6,0,0,0,0,-1,crash,false,9,6,571,1705,0,0,0,false,false,false,0,0,2276,30,0,
1358,tempted_2_0,20715,58,28,budget,2,100,true,5,2340,180,306,0.05172413793103448,0.603448275862069,0.10344827586206896,0.06896551724137931,0.1724137931034483,10,5,crash,false,3,33,60,4435,1550,4170,10500,false,true,false,10130,10,10585,48,1,4
1359,tempted_2_0,15560,63,33,budget,3,100,true,6,1320,204,278,0.015873015873015872,0.5873015873015873,0.12698412698412698,0.031746031746031744,0.23809523809523808,10,6,normal,false,7,30,45,5350,2080,1065,7020,false,false,false,5960,15,9600,48,2,2|2
1360,tempted_2_0,10153,55,25,budget,1,100,true,6,1510,147,217,0.07272727272727272,0.6545454545454545,0.16363636363636364,0.01818181818181818,0.09090909090909091,11,6,crash,false,9,27,178,3435,3690,990,1860,false,true,false,3190,5,6963,50,0,
1361,tempted_2_0,4245,32,2,budget,0,70,true,5,1025,98,129,0,1,0,0,0,1,22,normal,false,8,12,50,3895,300,0,0,false,false,true,0,0,4245,32,0,
1362,tempted_2_0,4240,30,0,budget,0,52,true,4,960,83,145,0.13333333333333333,0.8666666666666667,0,0,0,3,15,normal,false,8,12,260,3980,0,0,0,false,false,false,0,0,4240,30,0,
1363,tempted_2_0,3790,32,2,budget,0,78,true,3,405,73,140,0.125,0.84375,0.03125,0,0,2,3,crash,false,9,8,190,3510,90,0,0,false,false,false,0,0,3790,32,0,
1364,tempted_2_0,14758,70,40,budget,2,100,true,4,1960,196,275,0.11428571428571428,0.38571428571428573,0.2857142857142857,0.07142857142857142,0.14285714285714285,17,10,normal,false,5,42,548,3245,2570,3195,5200,false,true,true,5250,10,9508,60,2,4|3
1365,tempted_2_0,4050,32,2,budget,0,77,true,6,885,84,153,0.3125,0.65625,0.03125,0,0,3,7,crash,false,5,15,570,3390,90,0,0,false,false,false,0,0,4050,32,0,
1366,tempted_2_0,4670,30,0,budget,0,59,true,5,1085,91,143,0,1,0,0,0,0,-1,normal,false,4,13,30,4640,0,0,0,false,false,true,0,0,4670,30,0,
1367,tempted_2_0,3718,32,2,budget,0,74,true,4,495,90,146,0.25,0.71875,0.03125,0,0,4,1,crash,false,5,14,453,3145,120,0,0,false,false,true,0,0,3718,32,0,
1368,tempted_2_0,3603,30,0,budget,0,63,true,3,675,77,138,0.2,0.8,0,0,0,2,9,crash,false,5,11,498,3105,0,0,0,false,false,false,0,0,3603,30,0,
1369,tempted_2_0,13195,51,29,lock,1,100,true,5,3240,151,212,0.0196078431372549,0.6470588235294118,0.19607843137254902,0.0392156862745098,0.09803921568627451,13,2,crash,false,4,27,0,4450,2220,1305,5220,false,true,false,5190,5,8005,46,1,6
1370,tempted_2_0,10435,63,33,budget,1,100,false,4,840,175,234,0,0.7142857142857143,0.1746031746031746,0.031746031746031744,0.07936507936507936,13,7,normal,false,9,31,0,5130,3700,765,840,false,true,false,690,5,9745,58,1,7
1371,tempted_2_0,4783,44,14,budget,0,95,true,4,645,96,147,0.22727272727272727,0.5909090909090909,0.11363636363636363,0.06818181818181818,0,8,2,crash,false,8,14,383,2585,960,855,0,true,true,false,0,0,4783,44,0,
1372,tempted_2_0,8353,45,15,budget,1,100,true,4,1400,117,191,0.08888888888888889,0.6666666666666666,0.1111111111111111,0.022222222222222223,0.1111111111111111,6,2,normal,false,6,21,293,3220,1510,90,3240,false,false,true,3170,5,5183,40,1,5
1373,tempted_2_0,26615,88,58,budget,2,100,false,7,5740,267,352,0,0.625,0.2159090909090909,0.045454545454545456,0.11363636363636363,24,2,normal,false,6,44,0,5865,6200,4830,9720,false,true,false,9300,10,17315,78,2,4|5
1374,tempted_2_0,5323,38,8,budget,0,88,true,4,990,90,165,0.07894736842105263,0.8157894736842105,0.07894736842105263,0.02631578947368421,0,4,6,crash,false,4,17,143,3860,1140,180,0,false,false,false,0,0,5323,38,0,
1375,tempted_2_0,18990,57,27,budget,3,100,false,6,4710,183,242,0,0.6140350877192983,0.08771929824561403,0.03508771929824561,0.2631578947368421,6,2,normal,false,7,20,0,3660,2150,1920,11260,false,true,true,13080,15,5910,42,1,2
1376,tempted_2_0,4155,40,10,budget,0,94,true,3,565,96,149,0.075,0.775,0.125,0.025,0,7,3,normal,false,7,21,155,3325,540,135,0,true,false,true,0,0,4155,40,0,
1377,tempted_2_0,2460,14,6,lock,0,88,false,5,765,53,53,0,0.7142857142857143,0.21428571428571427,0.07142857142857142,0,3,5,deep,false,3,6,0,1920,540,0,0,false,false,true,0,0,2460,14,0,
1378,tempted_2_0,3595,32,2,budget,0,83,false,3,470,91,133,0,0.96875,0.03125,0,0,1,3,normal,false,5,16,0,3415,180,0,0,false,false,true,0,0,3595,32,0,
1379,tempted_2_0,10480,51,21,budget,1,100,true,4,1660,160,213,0.0196078431372549,0.6470588235294118,0.21568627450980393,0.0196078431372549,0.09803921568627451,8,4,crash,false,8,26,0,3355,4170,135,2820,false,false,false,2300,5,8180,46,1,6
1380,tempted_2_0,10461,49,19,budget,1,100,true,5,3520,130,189,0.22448979591836735,0.5306122448979592,0.12244897959183673,0.02040816326530612,0.10204081632653061,11,1,crash,false,8,27,321,3020,570,1710,4840,false,true,false,5200,5,5261,44,1,2
1381,tempted_2_0,4755,30,0,budget,0,65,true,6,935,87,131,0.03333333333333333,0.9666666666666667,0,0,0,1,11,normal,false,7,10,15,4740,0,0,0,false,false,false,0,0,4755,30,0,
1382,tempted_2_0,3499,32,2,budget,0,76,true,8,998,80,139,0.375,0.59375,0.03125,0,0,6,6,normal,false,4,15,1529,1880,90,0,0,false,false,false,0,0,3499,32,0,
1383,tempted_2_0,4276,34,4,budget,0,88,true,4,645,87,145,0.14705882352941177,0.7941176470588235,0.058823529411764705,0,0,6,8,normal,false,3,18,396,3085,390,405,0,false,false,true,0,0,4276,34,0,
1384,tempted_2_0,21988,71,41,budget,3,100,true,6,3945,204,303,0.056338028169014086,0.4788732394366197,0.19718309859154928,0.056338028169014086,0.2112676056338028,16,8,normal,false,5,35,533,3580,2370,6165,9340,false,false,false,10890,15,11098,56,2,2|11
1385,tempted_2_0,10845,56,26,budget,2,100,true,4,990,159,197,0.07142857142857142,0.5535714285714286,0.16071428571428573,0.03571428571428571,0.17857142857142858,11,4,normal,false,9,30,235,3665,1410,675,4860,false,false,false,4760,10,6085,46,1,4
1386,tempted_2_0,14298,64,34,budget,2,100,true,4,1620,195,253,0.09375,0.5625,0.140625,0.046875,0.15625,13,1,normal,false,4,31,273,4335,1880,1890,5920,false,true,false,5700,10,8598,54,2,5|6
1387,tempted_2_0,5316,38,8,budget,0,77,true,5,1290,93,172,0.15789473684210525,0.8157894736842105,0.02631578947368421,0,0,7,6,crash,false,4,21,316,3650,1350,0,0,false,false,false,0,0,5316,38,0,
1388,tempted_2_0,3550,36,6,budget,0,88,true,3,280,85,138,0.16666666666666666,0.75,0.05555555555555555,0.027777777777777776,0,6,4,crash,false,4,18,145,2880,390,135,0,false,false,true,0,0,3550,36,0,
1389,tempted_2_0,2500,30,0,budget,0,58,true,3,255,72,104,0.06666666666666667,0.9333333333333333,0,0,0,2,28,normal,false,6,8,30,2470,0,0,0,false,false,true,0,0,2500,30,0,
1390,tempted_2_0,9880,58,28,budget,0,93,true,6,990,167,238,0.034482758620689655,0.6896551724137931,0.22413793103448276,0.05172413793103448,0,15,2,normal,false,3,34,225,5730,3430,495,0,true,false,false,0,0,9880,58,0,
1391,tempted_2_0,4960,32,2,budget,0,74,false,5,840,100,136,0,0.96875,0.03125,0,0,1,22,normal,false,7,11,0,4120,840,0,0,false,false,false,0,0,4960,32,0,
1392,tempted_2_0,6168,32,2,budget,0,80,true,5,1170,110,189,0.09375,0.90625,0,0,0,3,7,normal,false,6,15,193,5705,270,0,0,false,false,true,0,0,6168,32,0,
1393,tempted_2_0,3775,30,0,budget,0,68,true,4,735,91,123,0.06666666666666667,0.9333333333333333,0,0,0,1,19,normal,false,3,14,95,3680,0,0,0,false,false,false,0,0,3775,30,0,
1394,tempted_2_0,4063,30,0,budget,0,63,true,5,873,76,145,0.26666666666666666,0.7333333333333333,0,0,0,3,14,normal,false,4,13,818,3245,0,0,0,false,false,false,0,0,4063,30,0,
1395,tempted_2_0,6383,44,14,budget,0,97,true,3,590,125,187,0.11363636363636363,0.6363636363636364,0.20454545454545456,0.045454545454545456,0,8,12,normal,false,4,23,293,3875,1270,945,0,true,true,false,0,0,6383,44,0,
1396,tempted_2_0,14768,53,23,budget,1,100,true,5,1340,172,264,0.11320754716981132,0.5283018867924528,0.24528301886792453,0.018867924528301886,0.09433962264150944,11,1,normal,false,6,26,308,4400,3290,2610,4160,false,true,false,4940,5,9828,48,1,2
1397,tempted_2_0,9860,47,17,budget,1,100,true,6,1580,148,213,0.06382978723404255,0.723404255319149,0.10638297872340426,0,0.10638297872340426,10,3,normal,false,4,24,285,5455,1260,0,2860,false,false,true,1400,5,8460,42,1,2
1398,tempted_2_0,5965,34,4,budget,0,89,true,5,930,120,173,0.029411764705882353,0.9411764705882353,0,0.029411764705882353,0,2,2,normal,false,5,14,150,5545,0,270,0,false,false,true,0,0,5965,34,0,
1399,tempted_2_0,8783,54,24,budget,0,97,true,5,1010,177,249,0.1111111111111111,0.6481481481481481,0.18518518518518517,0.05555555555555555,0,10,4,normal,false,3,31,348,5915,2070,450,0,true,true,false,0,0,8783,54,0,
1400,tempted_2_0,3624,30,0,budget,0,62,true,6,930,69,135,0.43333333333333335,0.5666666666666667,0,0,0,4,12,normal,false,5,13,789,2835,0,0,0,false,false,false,0,0,3624,30,0,
1401,tempted_2_0,5145,36,6,budget,0,84,false,3,590,106,166,0,0.9166666666666666,0.08333333333333333,0,0,3,25,normal,false,5,17,0,4185,960,0,0,false,false,false,0,0,5145,36,0,
1402,tempted_2_0,3936,30,0,budget,0,55,true,5,563,95,147,0.03333333333333333,0.9666666666666667,0,0,0,1,17,normal,false,8,10,566,3370,0,0,0,false,false,false,0,0,3936,30,0,
1403,tempted_2_0,4325,30,0,budget,0,66,true,5,570,96,157,0.13333333333333333,0.8666666666666667,0,0,0,2,12,normal,false,3,15,355,3970,0,0,0,false,false,false,0,0,4325,30,0,
1404,tempted_2_0,3072,30,0,budget,0,56,true,4,445,60,115,0.3,0.7,0,0,0,1,14,crash,false,12,8,342,2730,0,0,0,false,false,false,0,0,3072,30,0,
1405,tempted_2_0,11100,53,23,budget,1,100,true,3,2300,148,187,0.018867924528301886,0.6792452830188679,0.1509433962264151,0.05660377358490566,0.09433962264150944,10,2,normal,false,10,28,45,2860,1990,1125,5080,false,false,true,4930,5,6170,48,1,4
1406,tempted_2_0,9414,44,22,lock,0,97,true,6,1725,139,210,0.20454545454545456,0.6136363636363636,0.1590909090909091,0.022727272727272728,0,13,2,normal,false,6,24,464,4595,2390,1965,0,true,true,false,0,0,9414,44,0,
1407,tempted_2_0,10759,55,25,budget,1,100,true,5,3510,137,203,0.10909090909090909,0.6363636363636364,0.16363636363636364,0,0.09090909090909091,12,3,normal,false,14,19,474,2555,1730,4140,1860,false,false,false,2490,5,8269,50,1,3
1408,tempted_2_0,4605,36,6,budget,0,77,true,5,720,105,144,0.027777777777777776,0.8888888888888888,0.08333333333333333,0,0,3,6,normal,false,5,16,20,4285,300,0,0,false,false,false,0,0,4605,36,0,
1409,tempted_2_0,3816,30,0,budget,0,50,true,4,710,77,165,0.4666666666666667,0.5333333333333333,0,0,0,4,7,normal,false,4,12,1016,2800,0,0,0,false,false,true,0,0,3816,30,0,
1410,tempted_2_0,5235,36,6,budget,0,94,true,5,705,106,147,0.027777777777777776,0.8333333333333334,0.1111111111111111,0.027777777777777776,0,4,1,normal,false,9,16,150,3965,400,720,0,true,false,true,0,0,5235,36,0,
1411,tempted_2_0,3403,30,0,budget,0,61,true,3,390,82,144,0.26666666666666666,0.7333333333333333,0,0,0,2,17,normal,false,5,13,433,2970,0,0,0,false,false,false,0,0,3403,30,0,
1412,tempted_2_0,4400,30,0,budget,0,60,true,6,1685,83,148,0.26666666666666666,0.7333333333333333,0,0,0,2,13,normal,false,5,11,845,3555,0,0,0,false,false,false,0,0,4400,30,0,
1413,tempted_2_0,9815,56,26,budget,0,94,true,5,2995,148,218,0.14285714285714285,0.6428571428571429,0.14285714285714285,0.07142857142857142,0,17,2,crash,false,4,28,240,4360,1660,3555,0,true,false,false,0,0,9815,56,0,
1414,tempted_2_0,9595,51,21,budget,1,100,true,4,1080,156,212,0.0392156862745098,0.6274509803921569,0.17647058823529413,0.058823529411764705,0.09803921568627451,8,2,crash,false,7,22,265,5085,1410,1695,1140,false,false,false,840,5,8755,46,1,5
1415,tempted_2_0,6760,44,14,budget,0,97,true,4,390,133,195,0.09090909090909091,0.6363636363636364,0.18181818181818182,0.09090909090909091,0,7,1,crash,false,6,21,240,4475,830,1215,0,true,true,false,0,0,6760,44,0,
1416,tempted_2_0,9445,47,17,budget,1,100,true,5,1185,149,200,0.0425531914893617,0.723404255319149,0.1276595744680851,0,0.10638297872340426,7,15,normal,false,5,25,75,5945,660,1125,1640,false,false,true,2705,5,6740,42,1,2
1417,tempted_2_0,11930,39,9,budget,1,100,true,7,5870,128,181,0.02564102564102564,0.7948717948717948,0.05128205128205128,0,0.1282051282051282,3,2,normal,false,5,18,80,4240,380,1650,5580,false,false,false,6710,5,5220,34,1,2
1418,tempted_2_0,5230,32,2,budget,0,72,true,5,780,96,173,0.125,0.84375,0.03125,0,0,2,16,normal,false,7,12,295,4785,150,0,0,false,false,true,0,0,5230,32,0,
1419,tempted_2_0,4226,30,0,budget,0,50,true,5,670,81,181,0.4666666666666667,0.5333333333333333,0,0,0,5,3,crash,false,7,14,1111,3115,0,0,0,false,false,false,0,0,4226,30,0,
1420,tempted_2_0,19240,74,44,budget,2,100,true,5,3660,229,314,0.05405405405405406,0.4864864864864865,0.28378378378378377,0.04054054054054054,0.13513513513513514,17,4,crash,false,7,41,165,4460,4490,645,9480,false,false,false,7980,10,11260,64,2,2|4
1421,tempted_2_0,6300,42,12,budget,0,92,true,3,1005,108,165,0.047619047619047616,0.7857142857142857,0.11904761904761904,0.047619047619047616,0,7,16,crash,false,5,22,105,3085,1430,1680,0,true,false,false,0,0,6300,42,0,
1422,tempted_2_0,9705,51,21,budget,1,100,false,5,1800,152,209,0,0.803921568627451,0.0784313725490196,0.0196078431372549,0.09803921568627451,5,5,normal,false,9,24,0,4515,2190,1080,1920,false,true,false,1630,5,8075,46,0,
1423,tempted_2_0,7753,51,21,budget,1,100,true,4,790,131,191,0.058823529411764705,0.7058823529411765,0.0784313725490196,0.058823529411764705,0.09803921568627451,9,2,normal,false,4,30,253,4775,450,315,1960,false,true,true,1390,5,6363,46,1,5
1424,tempted_2_0,5581,32,2,budget,0,71,true,10,3205,89,145,0.3125,0.6875,0,0,0,5,9,crash,false,5,16,301,5280,0,0,0,false,false,false,0,0,5581,32,0,
1425,tempted_2_0,14130,67,37,budget,3,100,true,4,1520,189,260,0.05970149253731343,0.44776119402985076,0.208955223880597,0.05970149253731343,0.22388059701492538,14,1,normal,false,10,33,225,3285,3370,690,6560,false,true,false,4490,15,9640,52,2,3|4
1426,tempted_2_0,11659,56,26,budget,0,97,true,5,3075,169,234,0.17857142857142858,0.5714285714285714,0.17857142857142858,0.07142857142857142,0,15,3,normal,false,4,33,314,4385,2280,4680,0,true,true,true,0,0,11659,56,0,
1427,tempted_2_0,11765,50,34,lock,2,100,true,4,1680,146,160,0,0.42,0.28,0.1,0.2,11,14,normal,false,4,32,30,1715,2880,900,6240,false,true,false,4560,10,7205,40,2,3|8
1428,tempted_2_0,15773,65,35,budget,1,100,true,4,1935,190,267,0.06153846153846154,0.5538461538461539,0.2,0.1076923076923077,0.07692307692307693,17,4,normal,false,7,38,308,3605,2240,6480,3140,false,true,false,2510,5,13263,60,1,6
1429,tempted_2_0,4118,32,2,budget,0,75,true,4,650,92,157,0.1875,0.78125,0.03125,0,0,2,12,normal,false,4,17,593,3375,150,0,0,false,false,false,0,0,4118,32,0,
1430,tempted_2_0,2943,28,0,lock,0,59,true,3,415,68,112,0.17857142857142858,0.8214285714285714,0,0,0,3,17,normal,false,7,11,213,2730,0,0,0,false,false,true,0,0,2943,28,0,
1431,tempted_2_0,6910,15,12,lock,0,91,false,9,5130,44,58,0,0.4666666666666667,0.4,0.13333333333333333,0,6,4,normal,false,3,11,0,235,5700,975,0,true,false,true,0,0,6910,15,0,
1432,tempted_2_0,8235,40,10,budget,0,81,true,5,950,142,202,0.15,0.75,0.1,0,0,9,3,normal,false,3,23,205,6620,1410,0,0,false,false,false,0,0,8235,40,0,
1433,tempted_2_0,7480,38,8,budget,0,97,true,4,1155,134,204,0.13157894736842105,0.7368421052631579,0.07894736842105263,0.05263157894736842,0,6,4,normal,false,3,22,235,5345,550,1350,0,true,true,true,0,0,7480,38,0,
1434,tempted_2_0,4583,34,4,budget,0,84,true,3,980,98,165,0.29411764705882354,0.7058823529411765,0,0,0,6,1,normal,false,5,14,653,2800,1130,0,0,false,false,true,0,0,4583,34,0,
1435,tempted_2_0,5810,43,13,budget,1,100,true,4,600,115,142,0,0.7906976744186046,0.06976744186046512,0.023255813953488372,0.11627906976744186,5,1,normal,false,8,14,40,3490,480,180,1620,false,false,false,1680,5,4130,38,1,3
1436,tempted_2_0,5839,40,10,budget,0,91,true,5,670,104,195,0.225,0.725,0.05,0,0,9,8,crash,false,5,18,839,3500,1230,270,0,true,false,false,0,0,5839,40,0,
1437,tempted_2_0,3908,36,6,budget,0,94,true,4,465,89,129,0.1111111111111111,0.75,0.1111111111111111,0.027777777777777776,0,4,2,normal,false,4,18,98,3075,600,135,0,true,false,true,0,0,3908,36,0,
1438,tempted_2_0,7810,49,19,budget,1,100,true,3,1080,111,151,0.02040816326530612,0.673469387755102,0.1836734693877551,0.02040816326530612,0.10204081632653061,9,2,normal,false,8,24,15,2495,2300,360,2640,false,false,false,2610,5,5200,44,1,4
1439,tempted_2_0,6790,44,14,budget,0,94,false,6,1080,119,164,0,0.8636363636363636,0.13636363636363635,0,0,7,5,normal,false,3,23,0,4870,1200,720,0,true,false,true,0,0,6790,44,0,
1440,tempted_2_0,5035,32,2,budget,0,72,true,5,925,104,151,0,0.96875,0.03125,0,0,1,18,normal,false,4,17,30,4825,180,0,0,false,false,true,0,0,5035,32,0,
1441,tempted_2_0,3675,30,0,budget,0,62,true,6,680,83,140,0.16666666666666666,0.8333333333333334,0,0,0,3,7,crash,false,4,14,810,2865,0,0,0,false,false,false,0,0,3675,30,0,
1442,tempted_2_0,4128,36,6,budget,0,81,true,4,805,93,145,0.08333333333333333,0.8888888888888888,0.027777777777777776,0,0,4,5,normal,false,6,17,273,3495,360,0,0,false,false,true,0,0,4128,36,0,
1443,tempted_2_0,3693,30,0,budget,0,53,true,3,360,80,152,0.23333333333333334,0.7666666666666667,0,0,0,3,15,normal,false,5,12,518,3175,0,0,0,false,false,true,0,0,3693,30,0,
1444,tempted_2_0,5530,38,8,budget,0,80,true,5,680,107,154,0.05263157894736842,0.9210526315789473,0.02631578947368421,0,0,6,3,normal,false,4,17,30,4600,900,0,0,false,false,true,0,0,5530,38,0,
1445,tempted_2_0,4263,36,6,budget,0,90,true,4,495,89,144,0.19444444444444445,0.7222222222222222,0.05555555555555555,0.027777777777777776,0,5,2,normal,false,5,15,303,3390,390,180,0,true,false,false,0,0,4263,36,0,
1446,tempted_2_0,6745,36,8,lock,0,84,false,6,1110,106,171,0,0.9166666666666666,0.08333333333333333,0,0,4,8,normal,false,3,18,0,5115,1630,0,0,false,false,false,0,0,6745,36,0,
1447,tempted_2_0,11804,57,27,budget,1,100,true,4,1860,154,236,0.21052631578947367,0.5263157894736842,0.10526315789473684,0.07017543859649122,0.08771929824561403,10,14,normal,false,11,28,344,2815,1280,4665,2700,false,true,false,2550,5,9254,52,1,3
1448,tempted_2_0,3304,30,0,budget,0,63,true,4,435,76,143,0.4666666666666667,0.5333333333333333,0,0,0,3,15,normal,false,9,15,834,2470,0,0,0,false,false,true,0,0,3304,30,0,
1449,tempted_2_0,3784,30,0,budget,0,67,true,4,675,85,144,0.3333333333333333,0.6666666666666666,0,0,0,2,19,normal,false,4,14,414,3370,0,0,0,false,false,false,0,0,3784,30,0,
1450,tempted_2_0,3556,34,4,budget,0,86,true,4,525,85,134,0.20588235294117646,0.7352941176470589,0.058823529411764705,0,0,3,7,crash,false,6,12,241,3075,240,0,0,false,false,false,0,0,3556,34,0,
1451,tempted_2_0,2753,32,2,budget,0,79,true,4,360,66,118,0.1875,0.8125,0,0,0,4,5,normal,false,4,13,383,2100,270,0,0,false,false,true,0,0,2753,32,0,
1452,tempted_2_0,4710,32,2,budget,0,70,true,6,855,100,146,0,1,0,0,0,1,12,normal,false,8,12,30,4500,180,0,0,false,false,false,0,0,4710,32,0,
1453,tempted_2_0,4200,34,4,budget,0,71,false,5,1360,93,138,0,1,0,0,0,2,9,normal,false,5,16,0,4200,0,0,0,false,false,false,0,0,4200,34,0,
1454,tempted_2_0,4288,40,10,budget,0,80,true,4,435,93,154,0.15,0.75,0.1,0,0,7,9,normal,false,7,17,323,3025,940,0,0,false,false,true,0,0,4288,40,0,
1455,tempted_2_0,10191,49,19,budget,1,100,true,4,1140,170,220,0.1836734693877551,0.5102040816326531,0.16326530612244897,0.04081632653061224,0.10204081632653061,7,14,normal,false,6,25,511,3915,1200,945,3620,false,true,true,3160,5,7031,44,1,4
1456,tempted_2_0,3875,40,10,budget,0,94,false,4,600,95,134,0,0.825,0.15,0.025,0,4,3,normal,false,8,15,0,3170,570,135,0,true,false,false,0,0,3875,40,0,
1457,tempted_2_0,4438,34,4,budget,0,76,true,5,780,93,149,0.17647058823529413,0.7647058823529411,0.058823529411764705,0,0,4,6,crash,false,5,16,193,3975,270,0,0,false,false,false,0,0,4438,34,0,
1458,tempted_2_0,9611,46,16,budget,0,97,true,5,990,143,234,0.1956521739130435,0.5217391304347826,0.15217391304347827,0.13043478260869565,0,8,8,normal,false,4,23,606,4970,1290,2745,0,true,true,false,0,0,9611,46,0,
1459,tempted_2_0,5248,49,19,budget,1,100,true,3,585,95,182,0.4489795918367347,0.32653061224489793,0.08163265306122448,0.04081632653061224,0.10204081632653061,9,2,normal,false,9,23,1118,1365,1280,225,1260,false,true,true,1230,5,4018,44,1,2
1460,tempted_2_0,3023,30,0,budget,0,56,true,5,453,79,141,0.26666666666666666,0.7333333333333333,0,0,0,2,4,normal,false,4,12,833,2190,0,0,0,false,false,true,0,0,3023,30,0,
1461,tempted_2_0,14630,69,39,budget,1,100,true,5,1890,215,280,0.057971014492753624,0.5362318840579711,0.2318840579710145,0.10144927536231885,0.07246376811594203,17,1,normal,false,6,36,150,5085,3620,3735,2040,false,true,true,1650,5,12980,64,1,3
1462,tempted_2_0,12343,41,11,budget,1,100,true,7,4480,140,186,0.04878048780487805,0.7073170731707317,0.12195121951219512,0,0.12195121951219512,4,2,crash,false,7,15,23,3280,3860,360,4820,false,false,false,6040,5,6303,36,1,3
1463,tempted_2_0,3525,30,0,budget,0,64,true,3,390,80,127,0.06666666666666667,0.9333333333333333,0,0,0,2,5,normal,false,7,13,40,3485,0,0,0,false,false,false,0,0,3525,30,0,
1464,tempted_2_0,10790,49,31,lock,1,100,true,5,2340,126,209,0.02040816326530612,0.673469387755102,0.16326530612244897,0.04081632653061224,0.10204081632653061,13,3,normal,false,7,25,105,3565,2320,1440,3360,false,false,false,3210,5,7580,44,1,4
1465,tempted_2_0,3520,32,2,budget,0,73,false,4,480,92,116,0,0.96875,0.03125,0,0,1,18,normal,false,5,16,0,3400,120,0,0,false,false,false,0,0,3520,32,0,
1466,tempted_2_0,3123,26,0,lock,0,62,true,4,505,65,109,0.11538461538461539,0.8846153846153846,0,0,0,1,16,normal,false,8,9,408,2715,0,0,0,false,false,false,0,0,3123,26,0,
1467,tempted_2_0,9223,46,16,budget,0,94,true,5,3255,139,203,0.08695652173913043,0.6739130434782609,0.21739130434782608,0.021739130434782608,0,9,2,normal,false,4,25,233,3095,1380,4515,0,true,false,true,0,0,9223,46,0,
1468,tempted_2_0,3840,12,6,lock,0,83,false,5,2110,39,65,0,0.6666666666666666,0.3333333333333333,0,0,2,2,normal,false,2,8,0,920,2920,0,0,false,false,false,0,0,3840,12,0,
1469,tempted_2_0,2883,30,0,budget,0,66,true,5,495,75,104,0.13333333333333333,0.8666666666666667,0,0,0,2,22,normal,false,6,11,218,2665,0,0,0,false,false,false,0,0,2883,30,0,
1470,tempted_2_0,3625,30,0,budget,0,68,true,6,855,85,122,0.13333333333333333,0.8666666666666667,0,0,0,1,7,normal,false,6,11,180,3445,0,0,0,false,false,true,0,0,3625,30,0,
1471,tempted_2_0,6965,30,0,budget,0,56,true,8,2265,113,189,0.1,0.9,0,0,0,2,14,crash,false,4,12,630,6335,0,0,0,false,false,false,0,0,6965,30,0,
1472,tempted_2_0,14005,56,26,budget,2,100,true,5,1700,169,249,0.19642857142857142,0.375,0.16071428571428573,0.08928571428571429,0.17857142857142858,10,10,normal,false,5,33,550,3475,1390,2010,6580,false,true,false,4440,10,9565,46,2,3|4
1473,tempted_2_0,11158,57,27,budget,1,100,true,5,990,159,254,0.08771929824561403,0.6140350877192983,0.15789473684210525,0.05263157894736842,0.08771929824561403,12,2,normal,false,5,26,203,5340,2710,1485,1420,false,false,false,1270,5,9888,52,1,5
1474,tempted_2_0,5595,34,4,budget,0,84,false,4,930,108,162,0,0.9117647058823529,0.08823529411764706,0,0,2,10,normal,false,7,12,0,4305,1290,0,0,false,false,true,0,0,5595,34,0,
1475,tempted_2_0,4053,30,0,budget,0,64,true,5,840,75,135,0.13333333333333333,0.8666666666666667,0,0,0,3,19,normal,false,3,13,393,3660,0,0,0,false,false,true,0,0,4053,30,0,
1476,tempted_2_0,3595,32,2,budget,0,74,true,4,430,88,122,0.0625,0.90625,0.03125,0,0,2,3,normal,false,8,14,225,3250,120,0,0,false,false,true,0,0,3595,32,0,
1477,tempted_2_0,5430,38,8,budget,0,81,false,6,1040,109,155,0,0.9473684210526315,0.05263157894736842,0,0,4,8,normal,false,8,14,0,5130,300,0,0,false,false,true,0,0,5430,38,0,
1478,tempted_2_0,10475,51,21,budget,1,100,true,4,2220,154,193,0.0196078431372549,0.6862745098039216,0.17647058823529413,0.0196078431372549,0.09803921568627451,9,7,normal,false,5,25,20,3605,2230,240,4380,false,true,false,4500,5,5975,46,1,3
1479,tempted_2_0,2961,34,4,budget,0,81,true,5,310,75,132,0.38235294117647056,0.5882352941176471,0.029411764705882353,0,0,6,4,crash,false,4,16,821,2020,120,0,0,false,false,false,0,0,2961,34,0,
1480,tempted_2_0,4015,32,2,budget,0,76,false,7,1665,61,117,0,0.96875,0.03125,0,0,1,8,normal,false,5,12,0,3925,90,0,0,false,false,true,0,0,4015,32,0,
1481,tempted_2_0,16945,76,46,budget,2,100,true,5,2580,236,327,0.05263157894736842,0.5789473684210527,0.19736842105263158,0.039473684210526314,0.13157894736842105,19,1,normal,false,5,41,415,5375,4450,945,5760,false,false,false,5640,10,11305,66,2,3|4
1482,tempted_2_0,4100,36,6,budget,0,75,true,5,935,83,133,0.05555555555555555,0.9444444444444444,0,0,0,4,10,crash,false,8,12,45,3335,720,0,0,false,false,false,0,0,4100,36,0,
1483,tempted_2_0,4158,30,0,budget,0,60,true,4,600,86,138,0.16666666666666666,0.8333333333333334,0,0,0,3,9,normal,false,7,14,288,3870,0,0,0,false,false,false,0,0,4158,30,0,
1484,tempted_2_0,7185,44,14,budget,0,79,true,5,1220,159,211,0.11363636363636363,0.7954545454545454,0.09090909090909091,0,0,9,4,normal,false,4,26,390,4995,1800,0,0,false,false,false,0,0,7185,44,0,
1485,tempted_2_0,7875,40,10,budget,0,95,true,4,1800,113,203,0.125,0.7,0.125,0.05,0,8,2,crash,false,4,22,250,4220,3090,315,0,true,true,false,0,0,7875,40,0,
1486,tempted_2_0,17840,72,42,budget,2,100,true,4,3660,218,286,0.027777777777777776,0.5833333333333334,0.125,0.125,0.1388888888888889,17,1,normal,false,5,42,30,6015,1900,2115,7780,false,true,false,5460,10,12380,62,2,3|4
1487,tempted_2_0,4400,30,0,budget,0,64,true,6,900,79,128,0,1,0,0,0,0,-1,normal,false,5,13,30,4370,0,0,0,false,false,true,0,0,4400,30,0,
1488,tempted_2_0,15047,64,34,budget,2,100,true,6,1820,208,297,0.125,0.453125,0.1875,0.078125,0.15625,14,3,normal,false,5,35,492,5940,1050,3585,3980,false,true,false,2580,10,12467,54,2,4|3
1489,tempted_2_0,3010,30,0,budget,0,66,true,3,285,65,117,0.03333333333333333,0.9666666666666667,0,0,0,0,-1,crash,false,4,13,45,2965,0,0,0,false,false,true,0,0,3010,30,0,
1490,tempted_2_0,3941,30,0,budget,0,68,true,4,590,91,140,0.13333333333333333,0.8666666666666667,0,0,0,3,9,normal,false,3,16,411,3530,0,0,0,false,false,true,0,0,3941,30,0,
1491,tempted_2_0,10480,43,13,budget,1,100,true,6,2600,121,185,0.046511627906976744,0.6744186046511628,0.13953488372093023,0.023255813953488372,0.11627906976744186,5,2,crash,false,5,19,15,4440,740,765,4520,false,true,false,4490,5,5990,38,1,6
1492,tempted_2_0,5223,30,0,budget,0,50,true,9,2140,75,166,0.4,0.6,0,0,0,5,3,crash,false,4,11,628,4595,0,0,0,false,false,false,0,0,5223,30,0,
1493,tempted_2_0,4030,30,0,budget,0,64,true,4,890,77,141,0.13333333333333333,0.8666666666666667,0,0,0,3,11,normal,false,4,14,340,3690,0,0,0,false,false,true,0,0,4030,30,0,
1494,tempted_2_0,13728,59,29,budget,1,100,true,4,1955,192,254,0.05084745762711865,0.6271186440677966,0.0847457627118644,0.15254237288135594,0.0847457627118644,12,9,normal,false,5,28,83,4675,4290,2880,1800,false,true,false,780,5,12948,54,1,3
1495,tempted_2_0,4470,30,0,budget,0,68,true,4,1020,85,137,0.2,0.8,0,0,0,2,8,normal,false,6,13,225,4245,0,0,0,false,false,false,0,0,4470,30,0,
1496,tempted_2_0,2924,30,0,budget,0,69,true,4,285,81,129,0.3,0.7,0,0,0,1,16,normal,false,4,11,834,2090,0,0,0,false,false,false,0,0,2924,30,0,
1497,tempted_2_0,7240,37,20,lock,0,91,false,4,840,121,183,0,0.7567567567567568,0.24324324324324326,0,0,10,5,normal,false,3,23,0,3560,3410,270,0,true,false,false,0,0,7240,37,0,
1498,tempted_2_0,16240,62,32,budget,0,98,false,8,3050,191,288,0,0.7903225806451613,0.16129032258064516,0.04838709677419355,0,14,11,normal,false,4,34,0,7255,3600,5385,0,true,true,false,0,0,16240,62,0,
1499,tempted_2_0,12120,49,19,budget,1,100,true,6,2730,136,199,0.04081632653061224,0.673469387755102,0.14285714285714285,0.04081632653061224,0.10204081632653061,9,2,normal,false,10,19,540,2710,6000,330,2540,false,false,false,1670,5,10450,44,1,3
1500,tempted_2_0,6388,30,0,budget,0,65,true,7,1480,98,178,0.26666666666666666,0.7333333333333333,0,0,0,5,9,normal,false,3,18,378,6010,0,0,0,false,false,true,0,0,6388,30,0,
1501,tempted_2_0,8895,56,26,budget,0,94,true,5,1400,157,222,0.05357142857142857,0.7321428571428571,0.19642857142857142,0.017857142857142856,0,15,2,normal,false,8,30,150,4780,3560,405,0,true,false,true,0,0,8895,56,0,
1502,tempted_2_0,23018,78,48,budget,4,100,true,5,3200,249,331,0.05128205128205128,0.41025641025641024,0.23076923076923078,0.05128205128205128,0.2564102564102564,19,2,normal,false,6,41,153,3540,4080,1905,13340,false,true,true,11460,20,11558,58,4,3|10|3|4
1503,tempted_2_0,13648,47,17,budget,1,100,true,8,8010,122,187,0.0425531914893617,0.5957446808510638,0.2127659574468085,0.0425531914893617,0.10638297872340426,8,1,crash,false,6,23,203,2735,1740,270,8700,false,false,true,8670,5,4978,42,1,3
1504,tempted_2_0,9865,42,12,budget,0,94,true,8,2390,148,221,0.047619047619047616,0.7142857142857143,0.19047619047619047,0.047619047619047616,0,8,2,normal,false,4,23,30,6810,2110,915,0,true,false,false,0,0,9865,42,0,
1505,tempted_2_0,5315,52,22,budget,0,93,true,5,675,121,169,0.038461538461538464,0.75,0.19230769230769232,0.019230769230769232,0,11,2,normal,false,3,31,75,3570,1400,270,0,true,false,true,0,0,5315,52,0,
1506,tempted_2_0,7608,57,27,budget,1,100,true,4,510,147,192,0.05263157894736842,0.6666666666666666,0.15789473684210525,0.03508771929824561,0.08771929824561403,14,4,normal,false,8,26,158,4280,1050,720,1400,false,false,true,1310,5,6298,52,1,4
1507,tempted_2_0,7998,47,17,budget,1,100,true,8,1333,140,177,0,0.7446808510638298,0.10638297872340426,0.0425531914893617,0.10638297872340426,7,9,normal,false,6,24,208,4740,630,900,1520,false,false,false,1160,5,6838,42,1,5
1508,tempted_2_0,12273,46,16,budget,2,100,true,5,2910,121,173,0.17391304347826086,0.45652173913043476,0.13043478260869565,0.021739130434782608,0.21739130434782608,7,1,normal,false,5,20,223,2600,720,690,8040,false,false,true,8370,10,3903,36,2,3|3
1509,tempted_2_0,4030,40,10,budget,0,94,true,4,535,90,130,0.175,0.7,0.125,0,0,6,2,normal,false,8,17,255,2695,540,540,0,true,false,true,0,0,4030,40,0,
1510,tempted_2_0,4177,32,2,budget,0,84,true,4,570,80,161,0.25,0.65625,0.09375,0,0,2,2,crash,false,3,18,807,2860,510,0,0,false,false,false,0,0,4177,32,0,
1511,tempted_2_0,3960,34,4,budget,0,89,true,4,645,91,149,0.23529411764705882,0.6764705882352942,0.058823529411764705,0.029411764705882353,0,5,5,normal,false,8,14,660,2970,150,180,0,false,false,true,0,0,3960,34,0,
1512,tempted_2_0,3150,30,0,budget,0,60,true,4,485,80,157,0.43333333333333335,0.5666666666666667,0,0,0,3,21,normal,false,3,16,1045,2105,0,0,0,false,false,false,0,0,3150,30,0,
1513,tempted_2_0,3028,34,4,budget,0,77,true,3,300,80,122,0.17647058823529413,0.7941176470588235,0.029411764705882353,0,0,4,2,crash,false,3,18,263,2675,90,0,0,false,false,true,0,0,3028,34,0,
1514,tempted_2_0,10876,51,21,budget,1,100,true,6,1400,165,232,0.13725490196078433,0.5882352941176471,0.1568627450980392,0.0196078431372549,0.09803921568627451,10,5,normal,false,6,22,596,4170,2360,1890,1860,false,false,false,2240,5,8636,46,1,3
1515,tempted_2_0,4438,38,8,budget,0,90,true,4,830,87,154,0.13157894736842105,0.7631578947368421,0.07894736842105263,0.02631578947368421,0,5,9,crash,false,5,15,228,3445,630,135,0,true,false,false,0,0,4438,38,0,
1516,tempted_2_0,11525,61,31,budget,1,100,true,5,1690,145,250,0.16393442622950818,0.47540983606557374,0.21311475409836064,0.06557377049180328,0.08196721311475409,13,9,normal,false,5,34,495,3970,3280,1260,2520,false,true,false,2070,5,9455,56,1,2
1517,tempted_2_0,32048,87,57,budget,3,100,true,6,2720,279,425,0.19540229885057472,0.3218390804597701,0.22988505747126436,0.08045977011494253,0.1724137931034483,24,4,normal,false,5,56,838,5010,4010,8070,14120,false,true,true,12860,15,19188,72,2,4|13
1518,tempted_2_0,12628,63,33,budget,1,100,true,5,1200,185,271,0.14285714285714285,0.5396825396825397,0.20634920634920634,0.031746031746031744,0.07936507936507936,19,1,normal,false,6,43,673,3115,4790,1410,2640,false,true,true,2580,5,10048,58,1,5
1519,tempted_2_0,10195,43,13,budget,1,100,true,5,2400,117,195,0.3023255813953488,0.37209302325581395,0.18604651162790697,0.023255813953488372,0.11627906976744186,7,11,crash,false,4,24,1130,1855,910,720,5580,false,true,true,5430,5,4765,38,1,8
1520,tempted_2_0,2721,30,0,budget,0,61,true,4,510,68,118,0.26666666666666666,0.7333333333333333,0,0,0,3,9,crash,false,5,11,496,2225,0,0,0,false,false,false,0,0,2721,30,0,
1521,tempted_2_0,17263,66,36,budget,2,100,true,5,5420,193,268,0.06060606060606061,0.6212121212121212,0.15151515151515152,0.015151515151515152,0.15151515151515152,15,2,normal,false,6,32,123,4425,2110,765,9840,false,true,false,10080,10,7183,56,2,2|2
1522,tempted_2_0,6725,45,15,budget,1,100,true,3,1080,101,165,0.022222222222222223,0.6888888888888889,0.1111111111111111,0.06666666666666667,0.1111111111111111,5,2,crash,false,7,17,0,2820,740,945,2220,false,false,false,1980,5,4745,40,1,2
1523,tempted_2_0,8849,53,23,budget,1,100,true,5,770,139,224,0.24528301886792453,0.4528301886792453,0.16981132075471697,0.03773584905660377,0.09433962264150944,10,2,crash,false,6,26,599,4030,1580,1080,1560,false,true,false,1350,5,7499,48,0,
1524,tempted_2_0,7185,42,12,budget,0,80,true,5,900,119,177,0,0.9761904761904762,0.023809523809523808,0,0,5,2,normal,false,7,19,60,5055,2070,0,0,false,false,true,0,0,7185,42,0,
1525,tempted_2_0,4103,31,8,lock,0,94,true,5,690,81,125,0.1935483870967742,0.7419354838709677,0.03225806451612903,0.03225806451612903,0,6,2,normal,false,4,12,498,2105,780,720,0,true,false,false,0,0,4103,31,0,
1526,tempted_2_0,3495,30,0,budget,0,60,true,4,635,76,120,0.03333333333333333,0.9666666666666667,0,0,0,0,-1,crash,false,6,14,0,3495,0,0,0,false,false,false,0,0,3495,30,0,
1527,tempted_2_0,4898,34,4,budget,0,94,true,6,1155,106,155,0.11764705882352941,0.7941176470588235,0.08823529411764706,0,0,5,1,normal,false,5,14,308,4020,300,270,0,true,false,true,0,0,4898,34,0,
1528,tempted_2_0,5955,42,12,budget,0,86,true,4,670,137,176,0.047619047619047616,0.7619047619047619,0.19047619047619047,0,0,7,2,normal,false,7,20,215,3630,2110,0,0,false,false,true,0,0,5955,42,0,
1529,tempted_2_0,4000,30,0,budget,0,65,true,6,825,85,140,0.13333333333333333,0.8666666666666667,0,0,0,2,23,normal,false,5,11,495,3505,0,0,0,false,false,true,0,0,4000,30,0,
1530,tempted_2_0,5220,22,21,lock,1,100,false,3,1720,64,69,0,0.3181818181818182,0.4090909090909091,0.045454545454545456,0.22727272727272727,7,3,normal,false,3,12,0,610,1600,90,2920,false,false,false,2710,5,2510,17,1,6
1531,tempted_2_0,13970,60,30,budget,2,100,true,4,1880,186,269,0.016666666666666666,0.7,0.1,0.016666666666666666,0.16666666666666666,9,2,normal,false,6,31,15,5160,1520,3435,3840,false,false,false,4530,10,9440,50,2,2|2
1532,tempted_2_0,930,10,0,lock,0,57,false,2,210,20,37,0,1,0,0,0,0,-1,normal,false,5,2,0,930,0,0,0,false,false,false,0,0,930,10,0,
1533,tempted_2_0,2188,30,0,budget,0,58,true,3,280,65,94,0.1,0.9,0,0,0,1,23,normal,false,5,9,138,2050,0,0,0,false,false,false,0,0,2188,30,0,
1534,tempted_2_0,4605,38,8,budget,0,81,true,4,720,93,135,0.10526315789473684,0.8421052631578947,0.05263157894736842,0,0,7,3,normal,false,5,22,90,3465,1050,0,0,false,false,true,0,0,4605,38,0,
1535,tempted_2_0,2780,32,2,budget,0,71,true,4,495,70,108,0.125,0.875,0,0,0,2,4,normal,false,5,12,195,2585,0,0,0,false,false,false,0,0,2780,32,0,
1536,tempted_2_0,2205,20,0,lock,0,66,false,4,575,62,88,0,1,0,0,0,0,-1,normal,false,4,6,0,2205,0,0,0,false,false,false,0,0,2205,20,0,
1537,tempted_2_0,883,13,0,lock,0,50,true,2,225,16,52,0.46153846153846156,0.5384615384615384,0,0,0,2,5,crash,false,5,4,223,660,0,0,0,false,false,false,0,0,883,13,0,
1538,tempted_2_0,10225,49,19,budget,1,100,true,7,1620,153,215,0,0.7551020408163265,0.12244897959183673,0.02040816326530612,0.10204081632653061,7,2,normal,false,8,23,90,5365,720,1410,2640,false,true,true,2460,5,7765,44,1,4
1539,tempted_2_0,8650,47,17,budget,1,100,true,4,1400,145,207,0.06382978723404255,0.6595744680851063,0.1276595744680851,0.0425531914893617,0.10638297872340426,7,2,normal,false,3,26,335,3945,960,630,2780,false,true,true,1890,5,6760,42,1,6
1540,tempted_2_0,12395,49,19,budget,1,100,true,5,1560,162,249,0.04081632653061224,0.6326530612244898,0.16326530612244897,0.061224489795918366,0.10204081632653061,10,1,normal,false,5,23,205,5240,2750,840,3360,false,false,true,3290,5,9105,44,1,6
1541,tempted_2_0,6185,49,19,budget,1,100,true,3,600,123,182,0.16326530612244897,0.5102040816326531,0.16326530612244897,0.061224489795918366,0.10204081632653061,8,2,normal,false,3,28,515,2295,1230,405,1740,false,true,true,1590,5,4595,44,1,8
1542,tempted_2_0,8136,43,13,budget,1,100,true,6,1050,132,194,0.13953488372093023,0.627906976744186,0.09302325581395349,0.023255813953488372,0.11627906976744186,7,2,normal,false,4,21,256,5660,570,90,1560,false,false,true,1530,5,6606,38,1,4
1543,tempted_2_0,4338,34,4,budget,0,80,true,5,930,82,126,0.08823529411764706,0.8823529411764706,0.029411764705882353,0,0,4,6,normal,false,5,13,53,3745,540,0,0,false,false,false,0,0,4338,34,0,
1544,tempted_2_0,3160,30,0,budget,0,62,true,4,350,72,126,0.13333333333333333,0.8666666666666667,0,0,0,3,14,crash,false,5,12,225,2935,0,0,0,false,false,true,0,0,3160,30,0,
1545,tempted_2_0,12435,71,41,budget,1,100,true,4,1690,195,282,0.056338028169014086,0.6338028169014085,0.15492957746478872,0.08450704225352113,0.07042253521126761,16,2,normal,false,5,44,245,5090,3980,900,2220,false,true,false,1950,5,10485,66,1,2
1546,tempted_2_0,12108,58,28,budget,0,99,true,7,2550,185,269,0.06896551724137931,0.7068965517241379,0.1724137931034483,0.05172413793103448,0,13,1,normal,false,6,26,83,6240,5020,765,0,true,true,false,0,0,12108,58,0,
1547,tempted_2_0,5638,40,10,budget,0,90,true,5,735,120,173,0.1,0.775,0.1,0.025,0,6,10,normal,false,3,18,393,4210,900,135,0,true,false,true,0,0,5638,40,0,
1548,tempted_2_0,2758,30,0,budget,0,58,true,3,265,84,130,0.26666666666666666,0.7333333333333333,0,0,0,2,10,normal,false,4,11,678,2080,0,0,0,false,false,false,0,0,2758,30,0,
1549,tempted_2_0,5215,40,10,budget,0,81,false,3,690,113,159,0,0.95,0.05,0,0,5,2,normal,false,7,17,0,4015,1200,0,0,false,false,false,0,0,5215,40,0,
1550,tempted_2_0,5325,36,6,budget,0,93,true,5,880,113,172,0.19444444444444445,0.6666666666666666,0.1111111111111111,0.027777777777777776,0,5,5,crash,false,4,17,680,3820,690,135,0,true,false,false,0,0,5325,36,0,
1551,tempted_2_0,9365,54,24,budget,2,100,true,7,1590,135,191,0.1111111111111111,0.5185185185185185,0.12962962962962962,0.05555555555555555,0.18518518518518517,12,5,normal,false,3,30,245,4725,1040,315,3040,false,true,true,1900,10,7465,44,2,4|4
1552,tempted_2_0,4305,38,8,budget,0,87,false,4,500,110,138,0,0.9210526315789473,0.07894736842105263,0,0,4,26,normal,false,7,17,0,3825,480,0,0,false,false,false,0,0,4305,38,0,
1553,tempted_2_0,8020,40,10,budget,0,80,true,6,1650,152,208,0.025,0.925,0.05,0,0,6,4,normal,false,6,24,25,7125,870,0,0,false,false,true,0,0,8020,40,0,
1554,tempted_2_0,3318,32,2,budget,0,75,true,4,440,88,148,0.34375,0.625,0.03125,0,0,4,3,normal,false,4,14,703,2525,90,0,0,false,false,false,0,0,3318,32,0,
1555,tempted_2_0,10670,76,46,budget,0,96,true,4,1070,204,294,0.10526315789473684,0.7368421052631579,0.14473684210526316,0.013157894736842105,0,25,2,normal,false,4,44,445,5615,4070,540,0,true,true,false,0,0,10670,76,0,
1556,tempted_2_0,3810,34,4,budget,0,73,true,4,540,87,120,0.029411764705882353,0.9705882352941176,0,0,0,3,2,normal,false,6,15,70,3290,450,0,0,false,false,false,0,0,3810,34,0,
1557,tempted_2_0,6710,41,11,budget,1,100,true,3,660,118,176,0.12195121951219512,0.6341463414634146,0.04878048780487805,0.07317073170731707,0.12195121951219512,6,1,crash,false,4,19,230,4110,210,900,1260,false,true,false,690,5,6020,36,1,4
1558,tempted_2_0,5830,36,6,budget,0,80,true,6,1110,112,154,0.027777777777777776,0.9444444444444444,0.027777777777777776,0,0,4,7,normal,false,6,13,15,4375,1440,0,0,false,false,false,0,0,5830,36,0,
1559,tempted_2_0,3012,30,0,budget,0,59,true,5,890,62,136,0.5666666666666667,0.43333333333333335,0,0,0,2,7,crash,false,8,7,692,2320,0,0,0,false,false,false,0,0,3012,30,0,
1560,tempted_2_0,4336,30,0,budget,0,65,true,6,960,88,139,0.2,0.8,0,0,0,1,30,normal,false,4,17,376,3960,0,0,0,false,false,true,0,0,4336,30,0,
1561,tempted_2_0,2934,30,0,budget,0,69,true,3,485,69,124,0.23333333333333334,0.7666666666666667,0,0,0,0,-1,crash,false,9,10,309,2625,0,0,0,false,false,false,0,0,2934,30,0,
1562,tempted_2_0,4713,32,2,budget,0,71,true,5,940,102,146,0.15625,0.84375,0,0,0,4,6,normal,false,4,13,118,4595,0,0,0,false,false,false,0,0,4713,32,0,
1563,tempted_2_0,7157,43,13,budget,1,100,true,5,840,125,174,0.20930232558139536,0.5813953488372093,0.06976744186046512,0.023255813953488372,0.11627906976744186,4,2,crash,false,7,16,607,3130,580,540,2300,false,false,true,2160,5,4997,38,0,
1564,tempted_2_0,7504,50,20,budget,0,98,true,4,765,143,212,0.16,0.62,0.18,0.04,0,13,6,normal,false,6,24,439,4600,1520,945,0,true,true,true,0,0,7504,50,0,
1565,tempted_2_0,4030,30,0,budget,0,66,false,6,1305,83,125,0,1,0,0,0,0,-1,normal,false,3,14,0,4030,0,0,0,false,false,true,0,0,4030,30,0,
1566,tempted_2_0,3216,30,0,budget,0,61,true,4,390,75,127,0.26666666666666666,0.7333333333333333,0,0,0,2,11,crash,false,3,12,781,2435,0,0,0,false,false,false,0,0,3216,30,0,
1567,tempted_2_0,5010,36,6,budget,0,94,true,3,480,115,148,0,0.8888888888888888,0.1111111111111111,0,0,3,8,normal,false,4,14,50,4040,380,540,0,true,false,false,0,0,5010,36,0,
1568,tempted_2_0,2133,30,0,budget,0,69,true,3,248,58,108,0.2,0.8,0,0,0,2,20,crash,false,5,13,438,1695,0,0,0,false,false,true,0,0,2133,30,0,
1569,tempted_2_0,6346,36,6,budget,0,78,true,5,800,114,180,0.08333333333333333,0.8611111111111112,0.05555555555555555,0,0,5,5,normal,false,3,19,221,5765,360,0,0,false,false,true,0,0,6346,36,0,
1570,tempted_2_0,7334,42,12,budget,0,92,true,6,1465,132,230,0.30952380952380953,0.5714285714285714,0.09523809523809523,0.023809523809523808,0,8,5,normal,false,4,23,889,5115,1060,270,0,true,false,true,0,0,7334,42,0,
1571,tempted_2_0,6845,48,18,budget,0,90,true,4,655,153,200,0.041666666666666664,0.7708333333333334,0.16666666666666666,0.020833333333333332,0,9,2,normal,false,5,30,140,4745,1510,450,0,true,false,true,0,0,6845,48,0,
1572,tempted_2_0,11105,53,23,budget,1,100,false,6,2920,157,194,0,0.6981132075471698,0.1509433962264151,0.05660377358490566,0.09433962264150944,9,3,normal,false,6,20,0,5215,2860,570,2460,false,false,false,2460,5,8645,48,1,3
1573,tempted_2_0,16530,74,44,budget,2,100,true,5,2200,214,269,0.05405405405405406,0.6216216216216216,0.12162162162162163,0.06756756756756757,0.13513513513513514,18,2,normal,false,6,36,140,4115,4110,2925,5240,false,true,true,2860,10,13670,64,2,2|3
1574,tempted_2_0,3291,30,0,budget,0,66,true,5,510,78,148,0.5666666666666667,0.43333333333333335,0,0,0,3,7,normal,false,3,12,1341,1950,0,0,0,false,false,false,0,0,3291,30,0,
1575,tempted_2_0,3248,30,0,budget,0,64,true,3,500,79,126,0.2,0.8,0,0,0,3,10,normal,false,4,13,293,2955,0,0,0,false,false,false,0,0,3248,30,0,
1576,tempted_2_0,4330,30,0,budget,0,63,false,5,1000,86,125,0,1,0,0,0,0,-1,normal,false,11,11,0,4330,0,0,0,false,false,false,0,0,4330,30,0,
1577,tempted_2_0,4216,34,4,budget,0,76,true,4,540,91,149,0.20588235294117646,0.7352941176470589,0.058823529411764705,0,0,4,2,normal,false,8,17,656,3290,270,0,0,false,false,false,0,0,4216,34,0,
1578,tempted_2_0,15034,65,35,budget,1,100,true,6,1970,209,317,0.09230769230769231,0.5692307692307692,0.15384615384615385,0.1076923076923077,0.07692307692307693,15,1,normal,false,5,35,359,6465,2970,1980,3260,false,true,true,2870,5,12164,60,1,6
1579,tempted_2_0,6815,44,14,budget,0,90,true,4,700,129,212,0.022727272727272728,0.8863636363636364,0.06818181818181818,0.022727272727272728,0,6,3,normal,false,6,22,15,5015,1650,135,0,true,false,true,0,0,6815,44,0,
1580,tempted_2_0,5720,42,12,budget,0,80,true,5,715,127,181,0.09523809523809523,0.8333333333333334,0.07142857142857142,0,0,10,6,normal,false,2,22,220,4840,660,0,0,false,false,false,0,0,5720,42,0,
1581,tempted_2_0,2064,30,0,budget,0,55,true,3,285,51,101,0.3333333333333333,0.6666666666666666,0,0,0,0,-1,crash,false,8,7,309,1755,0,0,0,false,false,false,0,0,2064,30,0,
1582,tempted_2_0,4058,38,8,budget,0,82,true,5,425,92,156,0.3157894736842105,0.6052631578947368,0.07894736842105263,0,0,8,5,normal,false,3,20,1183,2175,700,0,0,false,false,true,0,0,4058,38,0,
1583,tempted_2_0,17269,62,32,budget,2,100,true,7,1875,212,337,0.14516129032258066,0.5645161290322581,0.0967741935483871,0.03225806451612903,0.16129032258064516,12,2,normal,false,7,28,374,8285,2320,990,5300,false,false,false,5000,10,12269,52,2,3|2
1584,tempted_2_0,6795,45,15,budget,1,100,true,4,920,130,182,0.044444444444444446,0.7111111111111111,0.08888888888888889,0.044444444444444446,0.1111111111111111,7,2,normal,false,7,18,155,3445,920,375,1900,false,true,true,1960,5,4835,40,1,3
1585,tempted_2_0,9773,58,28,budget,2,100,true,4,1320,150,193,0.1896551724137931,0.5172413793103449,0.08620689655172414,0.034482758620689655,0.1724137931034483,15,5,normal,false,5,28,248,3295,930,840,4460,false,false,true,4160,10,5613,48,2,4|3
1586,tempted_2_0,32725,81,71,lock,5,100,false,8,7215,243,354,0,0.2716049382716049,0.32098765432098764,0.09876543209876543,0.30864197530864196,24,5,normal,false,5,50,0,1925,5470,15030,10300,false,true,false,16695,25,16030,56,5,2|5|2|8|2
1587,tempted_2_0,3365,30,0,budget,0,64,true,4,630,89,139,0.3333333333333333,0.6666666666666666,0,0,0,2,12,normal,false,4,12,540,2825,0,0,0,false,false,false,0,0,3365,30,0,
1588,tempted_2_0,2813,36,6,budget,0,74,true,3,335,78,114,0.1111111111111111,0.8333333333333334,0.05555555555555555,0,0,3,2,normal,false,5,15,113,2340,360,0,0,false,false,true,0,0,2813,36,0,
1589,tempted_2_0,11149,48,18,budget,2,100,true,6,1440,143,218,0.3125,0.3541666666666667,0.10416666666666667,0.020833333333333332,0.20833333333333334,9,2,crash,false,5,22,1239,2440,390,1260,5820,false,false,false,5670,10,5479,38,1,6
1590,tempted_2_0,6109,42,12,budget,0,94,true,4,560,136,204,0.07142857142857142,0.7619047619047619,0.14285714285714285,0.023809523809523808,0,6,1,normal,false,3,18,864,3980,860,405,0,true,false,true,0,0,6109,42,0,
1591,tempted_2_0,3285,32,2,budget,0,82,false,4,625,87,111,0,0.96875,0.03125,0,0,1,16,normal,false,4,11,0,3075,210,0,0,false,false,false,0,0,3285,32,0,
1592,tempted_2_0,3675,34,4,budget,0,73,false,3,430,91,132,0,0.9705882352941176,0.029411764705882353,0,0,2,11,normal,false,5,14,0,3585,90,0,0,false,false,false,0,0,3675,34,0,
1593,tempted_2_0,17315,60,30,budget,2,100,false,7,2360,201,270,0,0.6,0.21666666666666667,0.016666666666666666,0.16666666666666666,9,2,normal,false,4,31,0,5805,1980,1530,8000,false,false,true,7430,10,9885,50,2,2|5
1594,tempted_2_0,15538,70,40,budget,2,100,true,7,3030,193,276,0.02857142857142857,0.5857142857142857,0.18571428571428572,0.05714285714285714,0.14285714285714285,14,2,crash,false,9,35,143,5970,3000,1845,4580,false,true,true,3920,10,11618,60,2,3|7
1595,tempted_2_0,2141,30,0,budget,0,63,true,3,310,58,113,0.43333333333333335,0.5666666666666667,0,0,0,3,12,normal,false,4,10,676,1465,0,0,0,false,false,false,0,0,2141,30,0,
1596,tempted_2_0,10028,37,7,budget,1,100,true,5,3120,122,178,0.1891891891891892,0.6216216216216216,0.05405405405405406,0,0.13513513513513514,4,1,normal,false,8,15,608,2950,1910,0,4560,false,false,false,5540,5,4488,32,1,2
1597,tempted_2_0,4880,32,2,budget,0,78,true,4,600,116,167,0,0.9375,0.0625,0,0,1,17,normal,false,7,13,30,4640,210,0,0,false,false,false,0,0,4880,32,0,
1598,tempted_2_0,5285,38,8,budget,0,80,true,5,980,114,154,0.05263157894736842,0.868421052631579,0.07894736842105263,0,0,5,7,normal,false,4,17,95,4410,780,0,0,false,false,false,0,0,5285,38,0,
1599,tempted_2_0,12235,63,33,budget,1,100,true,6,1530,196,250,0,0.6825396825396826,0.1746031746031746,0.06349206349206349,0.07936507936507936,12,21,normal,false,4,35,40,5565,2420,930,3280,false,true,false,3010,5,9225,58,1,2
1600,tempted_2_0,3408,30,0,budget,0,50,true,4,500,84,132,0.3,0.7,0,0,0,4,3,normal,false,5,14,473,2935,0,0,0,false,false,false,0,0,3408,30,0,
1601,tempted_2_0,5045,30,0,budget,0,60,true,6,1530,89,148,0.2,0.8,0,0,0,2,12,crash,false,8,12,200,4845,0,0,0,false,false,false,0,0,5045,30,0,
1602,tempted_2_0,3750,36,6,budget,0,82,false,3,440,92,116,0,0.9444444444444444,0.05555555555555555,0,0,3,1,normal,false,7,14,0,3090,660,0,0,false,false,false,0,0,3750,36,0,
1603,tempted_2_0,4746,30,0,budget,0,51,true,4,630,92,171,0.3,0.7,0,0,0,4,6,normal,false,4,16,651,4095,0,0,0,false,false,true,0,0,4746,30,0,
1604,tempted_2_0,5270,46,16,budget,0,88,true,4,900,104,146,0.021739130434782608,0.8478260869565217,0.10869565217391304,0.021739130434782608,0,7,3,crash,false,11,16,0,3305,1830,135,0,false,false,false,0,0,5270,46,0,
1605,tempted_2_0,2810,30,0,budget,0,55,true,6,638,63,132,0.4,0.6,0,0,0,3,13,normal,false,4,12,1440,1370,0,0,0,false,false,true,0,0,2810,30,0,
1606,tempted_2_0,8880,47,17,budget,1,100,true,4,1170,142,198,0.02127659574468085,0.7659574468085106,0.0851063829787234,0.02127659574468085,0.10638297872340426,7,5,normal,false,5,21,60,5400,810,90,2520,false,false,false,2310,5,6570,42,1,3
1607,tempted_2_0,5705,38,8,budget,0,89,true,5,1215,101,167,0.21052631578947367,0.6052631578947368,0.15789473684210525,0.02631578947368421,0,4,7,crash,false,9,13,655,2845,990,1215,0,false,false,false,0,0,5705,38,0,
1608,tempted_2_0,3600,32,2,budget,0,72,true,5,875,81,126,0.28125,0.6875,0.03125,0,0,5,3,normal,false,3,14,295,3065,240,0,0,false,false,false,0,0,3600,32,0,
1609,tempted_2_0,6903,48,18,budget,0,80,true,5,960,153,203,0.020833333333333332,0.9166666666666666,0.0625,0,0,9,1,normal,false,7,26,368,4855,1680,0,0,false,false,true,0,0,6903,48,0,
1610,tempted_2_0,10673,48,18,budget,0,92,true,6,2040,137,221,0.10416666666666667,0.75,0.14583333333333334,0,0,9,2,crash,false,7,18,293,3540,6570,270,0,true,false,true,0,0,10673,48,0,
1611,tempted_2_0,9598,50,20,budget,0,91,true,5,1430,154,213,0.04,0.72,0.24,0,0,10,11,normal,false,5,27,38,6255,2360,945,0,true,false,false,0,0,9598,50,0,
1612,tempted_2_0,3876,30,0,budget,0,68,true,4,680,81,128,0.16666666666666666,0.8333333333333334,0,0,0,0,-1,crash,false,8,7,136,3740,0,0,0,false,false,false,0,0,3876,30,0,
1613,tempted_2_0,5185,36,6,budget,0,80,true,5,660,109,148,0,0.9444444444444444,0.05555555555555555,0,0,3,2,normal,false,11,13,30,4705,450,0,0,false,false,false,0,0,5185,36,0,
1614,tempted_2_0,4103,32,2,budget,0,71,true,5,800,86,136,0.09375,0.90625,0,0,0,2,9,normal,false,5,10,208,3895,0,0,0,false,false,false,0,0,4103,32,0,
1615,tempted_2_0,3980,38,8,budget,0,82,true,3,800,96,145,0.07894736842105263,0.868421052631579,0.05263157894736842,0,0,7,9,normal,false,5,19,210,2690,1080,0,0,false,false,false,0,0,3980,38,0,
1616,tempted_2_0,3244,30,0,budget,0,50,true,3,285,71,140,0.23333333333333334,0.7666666666666667,0,0,0,5,7,normal,false,4,12,554,2690,0,0,0,false,false,false,0,0,3244,30,0,
1617,tempted_2_0,4755,32,2,budget,0,73,true,4,550,97,153,0.03125,0.9375,0.03125,0,0,2,2,normal,false,2,21,15,4590,150,0,0,false,false,false,0,0,4755,32,0,
1618,tempted_2_0,3870,34,4,budget,0,79,false,4,480,93,128,0,0.9705882352941176,0.029411764705882353,0,0,2,13,normal,false,6,13,0,3600,270,0,0,false,false,false,0,0,3870,34,0,
1619,tempted_2_0,4085,32,2,budget,0,73,true,5,1045,91,147,0.09375,0.875,0.03125,0,0,3,2,normal,false,4,14,75,3920,90,0,0,false,false,false,0,0,4085,32,0,
1620,tempted_2_0,11435,57,27,budget,1,100,true,5,1890,175,258,0.08771929824561403,0.5789473684210527,0.12280701754385964,0.12280701754385964,0.08771929824561403,11,9,crash,false,7,28,125,4720,2330,2820,1440,false,true,true,1380,5,10055,52,1,3
1621,tempted_2_0,2651,30,0,budget,0,62,true,4,430,66,128,0.3,0.7,0,0,0,0,-1,crash,false,3,11,626,2025,0,0,0,false,false,false,0,0,2651,30,0,
1622,tempted_2_0,7191,50,20,budget,0,84,true,5,1135,130,211,0.1,0.82,0.08,0,0,12,5,normal,false,3,29,256,5015,1920,0,0,false,false,false,0,0,7191,50,0,
1623,tempted_2_0,13265,56,26,budget,0,91,false,6,2470,178,258,0,0.7678571428571429,0.23214285714285715,0,0,12,1,normal,false,5,27,0,5100,6410,1755,0,true,false,true,0,0,13265,56,0,
1624,tempted_2_0,3201,32,2,budget,0,82,true,3,420,70,122,0.25,0.71875,0.03125,0,0,2,6,crash,false,4,15,406,2375,420,0,0,false,false,false,0,0,3201,32,0,
1625,tempted_2_0,3760,34,4,budget,0,73,true,4,540,89,122,0.029411764705882353,0.9117647058823529,0.058823529411764705,0,0,3,2,normal,false,5,18,180,3400,180,0,0,false,false,false,0,0,3760,34,0,
1626,tempted_2_0,5235,38,8,budget,0,84,true,3,570,105,183,0.07894736842105263,0.8157894736842105,0.10526315789473684,0,0,5,2,crash,false,8,18,115,3840,1280,0,0,false,false,true,0,0,5235,38,0,
1627,tempted_2_0,2790,30,0,budget,0,62,true,4,555,70,108,0.2,0.8,0,0,0,2,3,normal,false,5,11,260,2530,0,0,0,false,false,false,0,0,2790,30,0,
1628,tempted_2_0,3684,30,0,budget,0,62,true,5,650,79,164,0.43333333333333335,0.5666666666666667,0,0,0,3,21,normal,false,6,16,1464,2220,0,0,0,false,false,true,0,0,3684,30,0,
1629,tempted_2_0,12113,59,29,budget,1,100,true,5,1480,181,246,0,0.6779661016949152,0.2033898305084746,0.03389830508474576,0.0847457627118644,12,2,normal,false,4,30,258,4720,1960,1275,3900,false,true,true,3940,5,8173,54,1,2
1630,tempted_2_0,5830,34,4,budget,0,78,true,6,1590,100,168,0.14705882352941177,0.8235294117647058,0.029411764705882353,0,0,4,14,normal,false,7,15,200,5270,360,0,0,false,false,true,0,0,5830,34,0,
1631,tempted_2_0,3885,40,10,budget,0,81,false,2,350,102,126,0,0.925,0.075,0,0,5,7,normal,false,7,14,0,2865,1020,0,0,false,false,false,0,0,3885,40,0,
1632,tempted_2_0,3915,30,0,budget,0,62,true,5,900,80,143,0.2,0.8,0,0,0,2,20,normal,false,4,12,345,3570,0,0,0,false,false,true,0,0,3915,30,0,
1633,tempted_2_0,5095,34,4,budget,0,83,true,4,1240,98,158,0.17647058823529413,0.7647058823529411,0.058823529411764705,0,0,1,8,crash,false,7,9,285,4390,420,0,0,false,false,false,0,0,5095,34,0,
1634,tempted_2_0,5560,15,17,lock,1,100,false,7,2865,53,58,0,0.4666666666666667,0.26666666666666666,0.06666666666666667,0.2,5,1,frenzy,false,2,11,0,635,1940,2385,600,false,true,true,3465,3,2095,12,0,
1635,tempted_2_0,34095,129,99,budget,5,100,true,6,3660,376,479,0.007751937984496124,0.5193798449612403,0.23255813953488372,0.046511627906976744,0.1937984496124031,38,3,normal,false,6,73,15,7005,5200,6075,15800,false,true,false,15410,25,18685,104,5,4|4|3|2|4
1636,tempted_2_0,1525,14,0,lock,0,61,true,4,335,37,53,0.07142857142857142,0.9285714285714286,0,0,0,1,8,normal,false,3,6,20,1505,0,0,0,false,false,false,0,0,1525,14,0,
1637,tempted_2_0,15295,62,32,budget,2,100,false,6,2090,193,255,0,0.4838709677419355,0.27419354838709675,0.08064516129032258,0.16129032258064516,12,4,normal,false,9,29,0,3140,6160,2295,3700,false,true,false,2860,10,12435,52,2,8|3
1638,tempted_2_0,2720,30,0,budget,0,68,false,3,425,65,93,0,1,0,0,0,0,-1,normal,false,4,10,0,2720,0,0,0,false,false,false,0,0,2720,30,0,
1639,tempted_2_0,11356,39,9,budget,1,100,true,7,5300,109,180,0.15384615384615385,0.6153846153846154,0.07692307692307693,0.02564102564102564,0.1282051282051282,6,1,normal,false,8,16,431,3195,780,90,6860,false,false,true,1650,5,9706,34,1,3
1640,tempted_2_0,3595,36,6,budget,0,73,true,3,330,92,133,0.16666666666666666,0.75,0.08333333333333333,0,0,5,7,normal,false,5,15,280,2955,360,0,0,false,false,true,0,0,3595,36,0,
1641,tempted_2_0,10605,48,18,budget,2,100,true,4,900,136,208,0.08333333333333333,0.5833333333333334,0.125,0,0.20833333333333334,4,17,crash,false,6,23,300,3715,1090,540,4960,false,false,false,5140,10,5465,38,2,2|2
1642,tempted_2_0,2408,30,0,budget,0,53,true,3,285,69,124,0.4666666666666667,0.5333333333333333,0,0,0,2,16,crash,false,8,11,658,1750,0,0,0,false,false,false,0,0,2408,30,0,
1643,tempted_2_0,6060,36,6,budget,0,83,false,6,1010,110,159,0,0.9722222222222222,0.027777777777777776,0,0,3,5,normal,false,6,16,0,4200,1860,0,0,false,false,true,0,0,6060,36,0,
1644,tempted_2_0,5748,30,0,budget,0,54,true,7,1815,101,154,0.03333333333333333,0.9666666666666667,0,0,0,1,30,normal,false,7,10,323,5425,0,0,0,false,false,true,0,0,5748,30,0,
1645,tempted_2_0,4425,34,4,budget,0,84,true,4,750,88,122,0.08823529411764706,0.8529411764705882,0.058823529411764705,0,0,5,4,normal,false,7,13,60,3195,1170,0,0,false,false,false,0,0,4425,34,0,
1646,tempted_2_0,35961,135,105,budget,5,100,true,6,3615,411,540,0.022222222222222223,0.45925925925925926,0.23703703703703705,0.0962962962962963,0.18518518518518517,38,4,normal,false,6,80,176,6195,10000,8010,11580,false,true,false,8830,25,27131,110,5,3|3|3|14|2
1647,tempted_2_0,12480,52,22,budget,2,100,true,4,1500,147,216,0.038461538461538464,0.6538461538461539,0.09615384615384616,0.019230769230769232,0.19230769230769232,9,13,normal,false,5,27,30,4430,810,270,6940,false,false,false,6790,10,5690,42,2,2|4
1648,tempted_2_0,7865,49,19,budget,1,100,true,4,570,141,202,0.10204081632653061,0.6326530612244898,0.14285714285714285,0.02040816326530612,0.10204081632653061,10,3,crash,false,8,26,320,3595,1850,180,1920,false,false,false,1860,5,6005,44,1,2
1649,tempted_2_0,4590,30,0,budget,0,62,true,5,795,92,135,0.03333333333333333,0.9666666666666667,0,0,0,1,7,normal,false,7,10,105,4485,0,0,0,false,false,true,0,0,4590,30,0,
1650,tempted_2_0,6496,38,8,budget,0,92,true,6,1650,107,178,0.18421052631578946,0.7105263157894737,0.07894736842105263,0.02631578947368421,0,6,2,normal,false,6,17,276,3710,2330,180,0,true,false,true,0,0,6496,38,0,
1651,tempted_2_0,2523,30,0,budget,0,62,true,3,305,66,101,0.23333333333333334,0.7666666666666667,0,0,0,5,9,normal,false,8,10,283,2240,0,0,0,false,false,false,0,0,2523,30,0,
1652,tempted_2_0,17378,58,28,budget,2,100,true,6,2700,197,283,0.017241379310344827,0.6206896551724138,0.10344827586206896,0.08620689655172414,0.1724137931034483,11,12,normal,false,7,33,233,4175,5160,3750,4060,false,true,true,3720,10,13658,48,2,4|5
1653,tempted_2_0,12845,55,25,budget,1,100,false,5,1860,171,230,0,0.6909090909090909,0.12727272727272726,0.09090909090909091,0.09090909090909091,11,2,normal,false,8,26,0,5405,2070,1350,4020,false,true,false,3990,5,8855,50,1,5
1654,tempted_2_0,1473,22,0,lock,0,67,true,3,195,43,68,0.13636363636363635,0.8636363636363636,0,0,0,1,18,normal,false,7,6,83,1390,0,0,0,false,false,true,0,0,1473,22,0,
1655,tempted_2_0,5578,42,12,budget,0,85,true,4,540,110,194,0.16666666666666666,0.7142857142857143,0.11904761904761904,0,0,9,2,normal,false,3,24,583,3495,1230,270,0,false,false,false,0,0,5578,42,0,
1656,tempted_2_0,15150,59,29,budget,1,100,true,5,2660,193,297,0.11864406779661017,0.6779661016949152,0.11864406779661017,0,0.0847457627118644,14,1,crash,false,4,35,530,5805,1580,2115,5120,false,false,true,4840,5,10310,54,1,2
1657,tempted_2_0,11535,42,23,lock,1,100,false,5,3600,137,182,0,0.5714285714285714,0.2619047619047619,0.047619047619047616,0.11904761904761904,8,2,normal,false,6,21,0,3120,1550,585,6280,false,true,true,6420,5,5115,37,1,2
1658,tempted_2_0,4875,32,2,budget,0,75,false,5,945,102,140,0,0.96875,0.03125,0,0,1,16,normal,false,4,17,0,4725,150,0,0,false,false,true,0,0,4875,32,0,
1659,tempted_2_0,9055,44,37,lock,1,100,false,4,600,143,180,0,0.5909090909090909,0.2727272727272727,0.022727272727272728,0.11363636363636363,13,1,normal,false,4,23,0,3795,2910,810,1540,false,false,false,1450,5,7605,39,1,3
1660,tempted_2_0,11990,54,24,budget,2,100,true,3,1380,181,250,0.2037037037037037,0.42592592592592593,0.12962962962962962,0.05555555555555555,0.18518518518518517,9,2,normal,false,5,26,675,3765,1660,450,5440,false,true,false,4840,10,7150,44,2,3|2
1661,tempted_2_0,11950,41,11,budget,1,100,true,7,2985,129,185,0.04878048780487805,0.7560975609756098,0.07317073170731707,0,0.12195121951219512,4,4,normal,false,5,17,200,3055,1000,2535,5160,false,false,true,6885,5,5065,36,0,
1662,tempted_2_0,5508,40,10,budget,0,97,true,4,1230,102,166,0.225,0.625,0.15,0,0,7,7,crash,false,5,17,373,2885,810,1440,0,true,true,false,0,0,5508,40,0,
1663,tempted_2_0,1792,30,0,budget,0,54,true,3,165,68,110,0.4666666666666667,0.5333333333333333,0,0,0,1,27,normal,false,4,11,827,965,0,0,0,false,false,false,0,0,1792,30,0,
1664,tempted_2_0,10473,65,35,budget,1,100,true,4,735,172,276,0.2153846153846154,0.5076923076923077,0.15384615384615385,0.046153846153846156,0.07692307692307693,17,1,normal,false,5,35,898,4110,2600,1485,1380,false,false,false,1350,5,9123,60,1,7
1665,tempted_2_0,6570,17,13,lock,1,100,false,6,1720,52,68,0,0.23529411764705882,0.4117647058823529,0.058823529411764705,0.29411764705882354,5,3,keto,false,3,8,0,430,3650,90,2400,false,false,true,2370,5,4200,12,1,5
1666,tempted_2_0,21690,55,25,budget,1,100,false,11,12440,184,221,0,0.6727272727272727,0.18181818181818182,0.05454545454545454,0.09090909090909091,8,1,normal,false,6,24,0,4775,1660,315,14940,false,true,false,2590,5,19100,50,1,4
1667,tempted_2_0,5545,38,8,budget,0,91,true,5,2185,93,151,0.15789473684210525,0.7368421052631579,0.10526315789473684,0,0,5,2,normal,false,6,16,755,2410,1030,1350,0,true,false,true,0,0,5545,38,0,
1668,tempted_2_0,6206,34,4,budget,0,82,true,6,1230,114,184,0.17647058823529413,0.7647058823529411,0.058823529411764705,0,0,5,7,normal,false,8,16,316,5320,570,0,0,false,false,true,0,0,6206,34,0,
1669,tempted_2_0,6050,32,2,budget,0,70,false,7,1365,103,142,0,1,0,0,0,1,24,normal,false,11,14,0,5240,810,0,0,false,false,false,0,0,6050,32,0,
1670,tempted_2_0,2830,30,0,budget,0,69,true,4,485,71,110,0.1,0.9,0,0,0,2,8,normal,false,3,10,225,2605,0,0,0,false,false,false,0,0,2830,30,0,
1671,tempted_2_0,7368,52,22,budget,0,90,true,4,1140,138,181,0.11538461538461539,0.5769230769230769,0.25,0.057692307692307696,0,12,2,normal,false,6,28,333,3260,3280,495,0,true,false,false,0,0,7368,52,0,
1672,tempted_2_0,7618,44,14,budget,0,92,true,6,1150,138,209,0.1590909090909091,0.6363636363636364,0.18181818181818182,0.022727272727272728,0,12,1,normal,false,7,21,398,3760,3280,180,0,true,false,true,0,0,7618,44,0,
1673,tempted_2_0,4395,36,6,budget,0,83,true,4,530,93,142,0.1388888888888889,0.8333333333333334,0.027777777777777776,0,0,5,1,normal,false,3,18,110,3565,720,0,0,false,false,true,0,0,4395,36,0,
1674,tempted_2_0,4590,32,2,budget,0,70,true,4,590,89,171,0.15625,0.84375,0,0,0,4,1,normal,false,5,13,245,3805,540,0,0,false,false,true,0,0,4590,32,0,
1675,tempted_2_0,8770,43,13,budget,1,100,true,6,1020,144,212,0.023255813953488372,0.7674418604651163,0.09302325581395349,0,0.11627906976744186,5,4,normal,false,4,26,85,5015,1230,180,2260,false,false,false,1480,5,7290,38,1,2
1676,tempted_2_0,5610,38,8,budget,0,80,true,5,1560,97,142,0.07894736842105263,0.8947368421052632,0.02631578947368421,0,0,7,4,normal,false,3,20,80,3760,1770,0,0,false,false,true,0,0,5610,38,0,
1677,tempted_2_0,7045,44,14,budget,0,82,false,5,660,141,202,0,0.9318181818181818,0.06818181818181818,0,0,7,1,normal,false,13,18,0,5995,1050,0,0,false,false,true,0,0,7045,44,0,
1678,tempted_2_0,9780,51,21,budget,1,100,false,4,1160,166,227,0,0.7843137254901961,0.0784313725490196,0.0392156862745098,0.09803921568627451,8,3,normal,false,4,26,0,4530,3090,480,1680,false,false,false,1410,5,8370,46,1,3
1679,tempted_2_0,45,1,0,lock,0,50,false,1,45,0,3,0,1,0,0,0,0,-1,normal,false,1,0,0,45,0,0,0,false,false,false,0,0,45,1,0,
1680,tempted_2_0,4124,30,0,budget,0,62,true,4,435,85,159,0.43333333333333335,0.5666666666666667,0,0,0,6,8,normal,false,5,14,954,3170,0,0,0,false,false,false,0,0,4124,30,0,
1681,tempted_2_0,9405,52,22,budget,0,96,true,6,1435,164,250,0.1346153846153846,0.6538461538461539,0.19230769230769232,0.019230769230769232,0,12,14,crash,false,4,26,220,5125,3610,450,0,true,true,false,0,0,9405,52,0,
1682,tempted_2_0,3810,30,0,budget,0,66,true,5,615,84,127,0.06666666666666667,0.9333333333333333,0,0,0,2,28,normal,false,7,12,30,3780,0,0,0,false,false,true,0,0,3810,30,0,
1683,tempted_2_0,3416,30,0,budget,0,59,true,3,645,69,131,0.16666666666666666,0.8333333333333334,0,0,0,3,18,normal,false,4,12,111,3305,0,0,0,false,false,false,0,0,3416,30,0,
1684,tempted_2_0,4564,36,6,budget,0,71,true,4,590,91,168,0.19444444444444445,0.8055555555555556,0,0,0,4,3,crash,false,6,13,259,3705,600,0,0,false,false,true,0,0,4564,36,0,
1685,tempted_2_0,13078,63,33,budget,1,100,true,5,2190,177,250,0.07936507936507936,0.5555555555555556,0.19047619047619047,0.09523809523809523,0.07936507936507936,17,5,normal,false,4,32,353,4150,4830,1845,1900,false,true,false,1810,5,11268,58,1,4
1686,tempted_2_0,2020,30,0,budget,0,56,true,3,225,58,110,0.4666666666666667,0.5333333333333333,0,0,0,3,12,normal,false,5,10,790,1230,0,0,0,false,false,false,0,0,2020,30,0,
1687,tempted_2_0,5715,44,14,budget,0,95,true,4,540,126,178,0,0.7272727272727273,0.25,0.022727272727272728,0,6,1,normal,false,4,22,30,3990,1560,135,0,true,true,false,0,0,5715,44,0,
1688,tempted_2_0,4995,36,6,budget,0,83,true,4,780,99,137,0,0.9722222222222222,0.027777777777777776,0,0,3,2,normal,false,8,14,30,3255,1710,0,0,false,false,true,0,0,4995,36,0,
1689,tempted_2_0,4455,30,0,budget,0,68,false,6,995,94,132,0,1,0,0,0,0,-1,normal,false,5,10,0,4455,0,0,0,false,false,false,0,0,4455,30,0,
1690,tempted_2_0,2632,30,0,budget,0,50,true,3,260,78,133,0.3333333333333333,0.6666666666666666,0,0,0,3,20,normal,false,5,12,657,1975,0,0,0,false,false,true,0,0,2632,30,0,
1691,tempted_2_0,10944,45,15,budget,1,100,true,4,1700,130,210,0.17777777777777778,0.5333333333333333,0.08888888888888889,0.08888888888888889,0.1111111111111111,8,1,normal,false,6,21,349,4415,1060,1800,3320,false,true,true,2930,5,8014,40,1,7
1692,tempted_2_0,3888,30,0,budget,0,67,true,4,495,93,154,0.26666666666666666,0.7333333333333333,0,0,0,2,11,crash,false,6,13,793,3095,0,0,0,false,false,false,0,0,3888,30,0,
1693,tempted_2_0,10000,49,19,budget,1,100,true,4,1420,134,188,0.02040816326530612,0.673469387755102,0.16326530612244897,0.04081632653061224,0.10204081632653061,8,1,normal,false,4,21,50,3250,1990,1890,2820,false,true,false,2800,5,7200,44,1,5
1694,tempted_2_0,5185,32,2,budget,0,73,true,6,1150,94,153,0.1875,0.78125,0.03125,0,0,5,6,normal,false,3,17,285,4720,180,0,0,false,false,true,0,0,5185,32,0,
1695,tempted_2_0,19416,60,30,budget,2,100,true,6,3200,197,298,0.08333333333333333,0.5833333333333334,0.11666666666666667,0.05,0.16666666666666666,12,4,crash,false,5,34,626,4815,2720,1635,9620,false,true,false,9260,10,10156,50,2,3|4
1696,tempted_2_0,14561,55,25,budget,1,100,true,5,1940,144,267,0.21818181818181817,0.45454545454545453,0.2,0.03636363636363636,0.09090909090909091,10,2,crash,false,9,25,776,2355,4570,2400,4460,false,true,true,4310,5,10251,50,1,6
1697,tempted_2_0,23496,107,77,budget,1,100,true,6,1740,339,490,0.07476635514018691,0.5607476635514018,0.22429906542056074,0.09345794392523364,0.04672897196261682,33,1,crash,false,5,64,486,8075,6310,5265,3360,false,true,false,2370,5,21126,102,1,3
1698,tempted_2_0,5384,46,16,budget,0,95,true,5,715,107,152,0.21739130434782608,0.5217391304347826,0.17391304347826086,0.08695652173913043,0,9,2,normal,false,9,20,249,3035,870,1230,0,true,true,true,0,0,5384,46,0,
1699,tempted_2_0,3425,30,0,budget,0,50,true,3,260,92,141,0.16666666666666666,0.8333333333333334,0,0,0,4,10,normal,false,5,12,300,3125,0,0,0,false,false,false,0,0,3425,30,0,
1700,tempted_2_0,11835,59,29,budget,1,100,false,6,1190,190,251,0,0.6610169491525424,0.23728813559322035,0.01694915254237288,0.0847457627118644,12,1,normal,false,8,24,0,5560,4050,1305,920,false,false,true,830,5,11005,54,1,2
1701,tempted_2_0,21605,84,54,budget,2,100,false,5,2860,291,369,0,0.5714285714285714,0.21428571428571427,0.09523809523809523,0.11904761904761904,19,2,normal,false,5,42,0,6565,5400,4080,5560,false,true,false,5560,10,16045,74,2,7|4
1702,tempted_2_0,6920,31,13,lock,1,100,true,5,1320,81,134,0.06451612903225806,0.6774193548387096,0.0967741935483871,0,0.16129032258064516,5,2,crash,false,8,14,30,2890,700,240,3060,false,false,false,2940,5,3980,26,1,2
1703,tempted_2_0,2675,30,0,budget,0,64,true,3,315,64,102,0.1,0.9,0,0,0,3,13,normal,false,8,10,180,2495,0,0,0,false,false,true,0,0,2675,30,0,
1704,tempted_2_0,8535,61,31,budget,1,100,false,3,580,148,204,0,0.7377049180327869,0.16393442622950818,0.01639344262295082,0.08196721311475409,12,10,normal,false,8,35,0,4120,2380,495,1540,false,false,true,1180,5,7355,56,1,2
1705,tempted_2_0,5000,36,6,budget,0,92,true,4,580,109,162,0.1111111111111111,0.8055555555555556,0.08333333333333333,0,0,5,10,normal,false,4,19,165,4025,540,270,0,true,false,true,0,0,5000,36,0,
1706,tempted_2_0,3363,30,0,budget,0,69,true,4,570,93,136,0.23333333333333334,0.7666666666666667,0,0,0,1,23,normal,false,7,12,703,2660,0,0,0,false,false,false,0,0,3363,30,0,
1707,tempted_2_0,16535,71,41,budget,1,100,false,5,1815,213,301,0,0.5915492957746479,0.2535211267605634,0.08450704225352113,0.07042253521126761,14,2,normal,false,8,33,0,6360,3780,3735,2660,false,true,false,1610,5,14925,66,1,5
1708,tempted_2_0,4855,34,4,budget,0,82,true,5,1320,97,134,0.029411764705882353,0.9411764705882353,0.029411764705882353,0,0,3,5,normal,false,4,13,140,3305,1410,0,0,false,false,false,0,0,4855,34,0,
1709,tempted_2_0,6360,44,14,budget,0,95,true,6,1165,123,178,0,0.7954545454545454,0.18181818181818182,0.022727272727272728,0,7,2,normal,false,2,27,30,4875,1320,135,0,true,true,false,0,0,6360,44,0,
1710,tempted_2_0,12273,52,22,budget,2,100,true,4,1080,165,262,0.07692307692307693,0.5769230769230769,0.15384615384615385,0,0.19230769230769232,7,1,crash,false,6,22,578,4395,1690,570,5040,false,false,false,5620,10,6653,42,1,2
1711,tempted_2_0,4746,32,2,budget,0,81,true,4,645,87,150,0.1875,0.78125,0.03125,0,0,3,16,normal,false,9,12,196,4370,180,0,0,false,false,true,0,0,4746,32,0,
1712,tempted_2_0,2880,30,0,budget,0,62,true,3,510,72,114,0.1,0.9,0,0,0,3,10,normal,false,6,11,115,2765,0,0,0,false,false,true,0,0,2880,30,0,
1713,tempted_2_0,2840,32,2,budget,0,72,true,3,450,76,122,0.125,0.84375,0.03125,0,0,2,2,normal,false,8,14,340,2380,120,0,0,false,false,true,0,0,2840,32,0,
1714,tempted_2_0,12796,66,36,budget,2,100,true,5,1470,193,261,0.07575757575757576,0.5,0.19696969696969696,0.07575757575757576,0.15151515151515152,16,2,normal,false,9,33,316,4795,4450,1095,2140,false,true,true,2010,10,10786,56,2,5|7
1715,tempted_2_0,21781,72,42,budget,2,100,true,4,2360,208,336,0.1388888888888889,0.375,0.2916666666666667,0.05555555555555555,0.1388888888888889,19,2,crash,false,6,43,791,1880,7780,2970,8360,false,true,false,8330,10,13451,62,2,6|5
1716,tempted_2_0,795,8,0,lock,0,54,false,2,270,23,33,0,1,0,0,0,0,-1,normal,false,4,2,0,795,0,0,0,false,false,false,0,0,795,8,0,
1717,tempted_2_0,11880,62,32,budget,0,97,true,4,915,201,311,0.03225806451612903,0.7580645161290323,0.16129032258064516,0.04838709677419355,0,16,1,normal,false,7,36,45,5990,3400,2445,0,true,true,false,0,0,11880,62,0,
1718,tempted_2_0,4940,40,10,budget,0,84,false,4,450,120,150,0,0.85,0.15,0,0,4,1,normal,false,7,14,0,4340,600,0,0,false,false,false,0,0,4940,40,0,
1719,tempted_2_0,3615,32,2,budget,0,78,true,4,595,91,130,0.125,0.84375,0.03125,0,0,4,1,normal,false,6,10,85,3350,180,0,0,false,false,false,0,0,3615,32,0,
1720,tempted_2_0,3432,30,0,budget,0,52,true,4,390,72,181,0.5,0.5,0,0,0,4,5,normal,false,8,13,1337,2095,0,0,0,false,false,true,0,0,3432,30,0,
1721,tempted_2_0,9160,46,16,budget,0,85,false,5,1670,149,228,0,0.8695652173913043,0.13043478260869565,0,0,7,7,normal,false,2,27,0,5490,3670,0,0,false,false,false,0,0,9160,46,0,
1722,tempted_2_0,9066,51,21,budget,1,100,true,4,780,162,205,0.09803921568627451,0.5882352941176471,0.13725490196078433,0.0784313725490196,0.09803921568627451,8,20,crash,false,4,25,181,5000,910,855,2120,false,true,false,1880,5,7186,46,1,7
1723,tempted_2_0,2620,30,0,budget,0,63,true,3,255,77,113,0.16666666666666666,0.8333333333333334,0,0,0,2,10,normal,false,5,10,155,2465,0,0,0,false,false,false,0,0,2620,30,0,
1724,tempted_2_0,5363,38,8,budget,0,80,true,5,890,104,155,0.10526315789473684,0.8157894736842105,0.07894736842105263,0,0,5,14,crash,false,4,15,78,4595,690,0,0,false,false,true,0,0,5363,38,0,
1725,tempted_2_0,3439,34,4,budget,0,72,true,4,405,77,154,0.38235294117647056,0.5882352941176471,0.029411764705882353,0,0,4,5,normal,false,3,15,1059,2290,90,0,0,false,false,false,0,0,3439,34,0,
1726,tempted_2_0,6790,42,12,budget,0,93,true,5,715,133,195,0.07142857142857142,0.7380952380952381,0.11904761904761904,0.07142857142857142,0,7,19,crash,false,8,20,230,5110,1000,450,0,true,false,false,0,0,6790,42,0,
1727,tempted_2_0,19961,81,51,budget,3,100,true,4,2580,238,340,0.09876543209876543,0.49382716049382713,0.18518518518518517,0.037037037037037035,0.18518518518518517,21,3,normal,false,4,46,311,4965,3340,3585,7760,false,false,false,7820,15,12141,66,2,2|6
1728,tempted_2_0,2250,30,0,budget,0,64,true,3,190,76,113,0.23333333333333334,0.7666666666666667,0,0,0,3,14,normal,false,4,12,510,1740,0,0,0,false,false,false,0,0,2250,30,0,
1729,tempted_2_0,7233,48,18,budget,0,94,true,3,780,137,221,0.14583333333333334,0.6458333333333334,0.14583333333333334,0.0625,0,10,2,crash,false,5,29,333,3635,2410,855,0,true,false,false,0,0,7233,48,0,
1730,tempted_2_0,3680,32,2,budget,0,75,true,6,525,85,151,0.375,0.625,0,0,0,6,3,normal,false,6,14,1190,2310,180,0,0,false,false,true,0,0,3680,32,0,
1731,tempted_2_0,2349,30,0,budget,0,55,true,3,315,61,100,0.23333333333333334,0.7666666666666667,0,0,0,1,26,normal,false,4,10,169,2180,0,0,0,false,false,false,0,0,2349,30,0,
1732,tempted_2_0,7065,40,10,budget,0,99,false,4,1320,109,163,0,0.825,0.125,0.05,0,4,28,normal,false,4,18,0,3585,2310,1170,0,true,true,true,0,0,7065,40,0,
1733,tempted_2_0,3061,30,0,budget,0,51,true,4,450,69,129,0.4,0.6,0,0,0,3,9,crash,false,6,12,606,2455,0,0,0,false,false,false,0,0,3061,30,0,
1734,tempted_2_0,8925,51,21,budget,1,100,true,4,1240,155,220,0.0196078431372549,0.7647058823529411,0.09803921568627451,0.0196078431372549,0.09803921568627451,7,2,normal,false,5,25,195,4760,660,810,2500,false,false,true,1500,5,7425,46,1,2
1735,tempted_2_0,4656,30,0,budget,0,66,true,4,750,81,153,0.13333333333333333,0.8666666666666667,0,0,0,1,14,normal,false,4,17,321,4335,0,0,0,false,false,true,0,0,4656,30,0,
1736,tempted_2_0,4960,30,0,budget,0,66,true,5,740,100,154,0.03333333333333333,0.9666666666666667,0,0,0,1,9,normal,false,4,12,75,4885,0,0,0,false,false,false,0,0,4960,30,0,
1737,tempted_2_0,4525,30,0,budget,0,69,true,7,1550,82,134,0.1,0.9,0,0,0,3,6,normal,false,7,13,350,4175,0,0,0,false,false,true,0,0,4525,30,0,
1738,tempted_2_0,4318,32,2,budget,0,81,true,6,1380,65,155,0.3125,0.65625,0.03125,0,0,1,2,crash,false,4,11,993,3145,180,0,0,false,false,false,0,0,4318,32,0,
1739,tempted_2_0,5680,38,8,budget,0,95,true,4,690,112,172,0.05263157894736842,0.8157894736842105,0.10526315789473684,0.02631578947368421,0,5,2,normal,false,5,18,200,4625,360,495,0,true,true,false,0,0,5680,38,0,
1740,tempted_2_0,10520,46,16,budget,0,98,true,6,965,151,249,0.021739130434782608,0.7608695652173914,0.21739130434782608,0,0,8,4,normal,false,6,26,210,7805,990,1515,0,true,true,true,0,0,10520,46,0,
1741,tempted_2_0,3389,30,0,budget,0,62,true,6,486,81,130,0.2,0.8,0,0,0,2,9,normal,false,4,15,1019,2370,0,0,0,false,false,false,0,0,3389,30,0,
1742,tempted_2_0,5015,20,19,lock,1,100,false,3,1500,59,56,0,0.2,0.45,0.1,0.25,6,2,keto,false,5,9,0,320,1300,495,2900,false,true,true,2870,5,2145,15,1,2
1743,tempted_2_0,1010,10,4,lock,0,82,false,3,270,23,26,0,0.9,0.1,0,0,2,1,normal,false,5,4,0,800,210,0,0,false,false,false,0,0,1010,10,0,
1744,tempted_2_0,12445,67,37,budget,1,100,false,5,1630,197,244,0,0.7164179104477612,0.14925373134328357,0.05970149253731343,0.07462686567164178,13,4,normal,false,9,32,0,4540,3940,2565,1400,false,true,false,2000,5,10445,62,1,2
1745,tempted_2_0,3165,36,6,budget,0,91,true,3,300,81,120,0.027777777777777776,0.8888888888888888,0.05555555555555555,0.027777777777777776,0,3,2,crash,false,6,19,45,2745,240,135,0,true,false,false,0,0,3165,36,0,
1746,tempted_2_0,7808,48,18,budget,0,90,true,3,750,144,226,0.041666666666666664,0.75,0.125,0.08333333333333333,0,9,1,crash,false,4,26,333,4560,2330,585,0,true,false,true,0,0,7808,48,0,
1747,tempted_2_0,6135,40,10,budget,0,80,false,8,2420,125,161,0,0.9,0.1,0,0,5,5,normal,false,3,22,0,5595,540,0,0,false,false,true,0,0,6135,40,0,
1748,tempted_2_0,3591,36,6,budget,0,71,true,4,520,86,143,0.2222222222222222,0.7777777777777778,0,0,0,10,1,normal,false,2,20,341,3070,180,0,0,false,false,false,0,0,3591,36,0,
1749,tempted_2_0,10619,41,11,budget,1,100,true,6,1500,128,234,0.2682926829268293,0.5121951219512195,0.07317073170731707,0.024390243902439025,0.12195121951219512,7,2,normal,false,9,17,1449,3390,980,1320,3480,false,true,false,3480,5,7139,36,1,3
1750,tempted_2_0,3635,36,6,budget,0,74,true,3,465,89,136,0.08333333333333333,0.8888888888888888,0.027777777777777776,0,0,4,6,crash,false,6,17,160,3355,120,0,0,false,false,false,0,0,3635,36,0,
1751,tempted_2_0,9544,53,23,budget,1,100,true,5,1980,144,219,0.22641509433962265,0.5471698113207547,0.11320754716981132,0.018867924528301886,0.09433962264150944,11,3,normal,false,6,27,544,3585,1440,2655,1320,false,true,false,1290,5,8254,48,1,3
1752,tempted_2_0,4875,30,14,lock,0,99,false,4,680,76,124,0,0.7,0.16666666666666666,0.13333333333333333,0,6,5,normal,false,3,19,0,2725,1160,990,0,true,true,true,0,0,4875,30,0,
1753,tempted_2_0,2946,30,0,budget,0,63,true,4,465,75,119,0.2,0.8,0,0,0,1,26,crash,false,4,14,276,2670,0,0,0,false,false,false,0,0,2946,30,0,
1754,tempted_2_0,3335,30,0,budget,0,54,true,3,555,71,110,0.03333333333333333,0.9666666666666667,0,0,0,1,17,normal,false,6,10,65,3270,0,0,0,false,false,true,0,0,3335,30,0,
1755,tempted_2_0,9765,53,23,budget,1,100,false,4,1280,158,225,0,0.7169811320754716,0.16981132075471697,0.018867924528301886,0.09433962264150944,9,8,normal,false,4,31,0,4305,4170,90,1200,false,false,true,1050,5,8715,48,1,2
1756,tempted_2_0,18695,64,34,budget,2,100,true,6,3370,198,359,0.078125,0.59375,0.09375,0.078125,0.15625,15,3,normal,false,3,38,215,6205,5040,2835,4400,false,true,false,4160,10,14535,54,2,2|10
1757,tempted_2_0,8468,56,26,budget,0,94,true,6,1020,146,201,0.07142857142857142,0.6964285714285714,0.16071428571428573,0.07142857142857142,0,16,1,normal,false,4,30,223,4495,2760,990,0,true,false,false,0,0,8468,56,0,
1758,tempted_2_0,4828,30,0,budget,0,55,true,5,710,94,159,0.03333333333333333,0.9666666666666667,0,0,0,1,13,normal,false,5,9,208,4620,0,0,0,false,false,false,0,0,4828,30,0,
1759,tempted_2_0,5550,38,8,budget,0,83,true,6,1365,104,160,0.02631578947368421,0.868421052631579,0.10526315789473684,0,0,5,5,normal,false,4,22,340,4790,420,0,0,false,false,false,0,0,5550,38,0,
1760,tempted_2_0,7225,39,9,budget,1,100,true,5,2280,112,139,0.02564102564102564,0.7435897435897436,0.07692307692307693,0.02564102564102564,0.1282051282051282,4,2,normal,false,9,15,20,3615,230,420,2940,false,false,true,3180,5,4045,34,1,3
1761,tempted_2_0,4022,32,2,budget,0,71,true,6,600,94,150,0.375,0.625,0,0,0,3,4,normal,false,3,18,1367,2655,0,0,0,false,false,false,0,0,4022,32,0,
1762,tempted_2_0,16625,54,24,budget,2,100,true,5,1710,182,250,0.05555555555555555,0.5,0.16666666666666666,0.09259259259259259,0.18518518518518517,10,11,normal,false,6,32,300,3415,1850,1560,9500,false,true,true,8430,10,8195,44,2,8|2
1763,tempted_2_0,34715,100,70,budget,4,100,true,4,2600,310,444,0.01,0.45,0.22,0.12,0.2,26,3,normal,false,8,61,15,4590,4900,5790,19420,false,true,false,17380,20,17335,80,4,2|3|3|3
1764,tempted_2_0,13475,45,15,budget,1,100,false,5,2340,138,233,0,0.7555555555555555,0.13333333333333333,0,0.1111111111111111,5,11,normal,false,7,24,0,4605,1730,2700,4440,false,false,true,4580,5,8895,40,1,4
1765,tempted_2_0,1857,30,0,budget,0,57,true,2,150,57,117,0.5666666666666667,0.43333333333333335,0,0,0,2,16,crash,false,5,12,742,1115,0,0,0,false,false,false,0,0,1857,30,0,
1766,tempted_2_0,10718,56,26,budget,2,100,true,3,960,148,201,0.07142857142857142,0.48214285714285715,0.17857142857142858,0.08928571428571429,0.17857142857142858,11,1,normal,false,10,24,98,2825,2150,1785,3860,false,true,false,3940,10,6778,46,2,10|4
1767,tempted_2_0,3001,36,6,budget,0,91,true,3,285,81,107,0.16666666666666666,0.7222222222222222,0.08333333333333333,0.027777777777777776,0,5,7,normal,false,5,17,141,2245,480,135,0,true,false,true,0,0,3001,36,0,
1768,tempted_2_0,2615,16,0,lock,0,69,true,4,750,48,76,0.125,0.875,0,0,0,1,12,crash,false,3,6,15,2600,0,0,0,false,false,false,0,0,2615,16,0,
1769,tempted_2_0,4245,30,0,budget,0,65,true,5,905,79,125,0.03333333333333333,0.9666666666666667,0,0,0,1,17,normal,false,8,9,20,4225,0,0,0,false,false,false,0,0,4245,30,0,
1770,tempted_2_0,46380,139,109,budget,5,100,false,8,7960,400,551,0,0.49640287769784175,0.2733812949640288,0.050359712230215826,0.17985611510791366,39,2,normal,false,6,84,0,7250,8890,3660,26580,false,false,true,26560,25,19820,114,3,4|6|3
1771,tempted_2_0,6068,45,15,budget,1,100,true,4,540,105,172,0.2,0.5333333333333333,0.15555555555555556,0,0.1111111111111111,9,1,crash,false,7,20,458,2670,960,540,1440,false,false,false,1440,5,4628,40,1,2
1772,tempted_2_0,3273,30,0,budget,0,65,true,4,575,78,124,0.3333333333333333,0.6666666666666666,0,0,0,4,11,normal,false,5,10,503,2770,0,0,0,false,false,true,0,0,3273,30,0,
1773,tempted_2_0,10145,36,19,lock,1,100,true,5,2140,125,183,0.05555555555555555,0.5833333333333334,0.16666666666666666,0.05555555555555555,0.1388888888888889,7,9,normal,false,3,18,140,3645,2310,1890,2160,false,true,false,2010,5,8135,31,1,4
1774,tempted_2_0,4345,36,6,budget,0,83,true,4,600,94,146,0.1388888888888889,0.7777777777777778,0.08333333333333333,0,0,6,14,normal,false,4,19,200,3635,510,0,0,false,false,false,0,0,4345,36,0,
1775,tempted_2_0,7906,54,24,budget,0,95,true,4,1230,137,213,0.14814814814814814,0.6481481481481481,0.14814814814814814,0.05555555555555555,0,13,1,crash,false,7,25,611,3515,1800,1980,0,true,true,false,0,0,7906,54,0,
1776,tempted_2_0,5325,34,4,budget,0,74,true,4,640,106,179,0.11764705882352941,0.8529411764705882,0.029411764705882353,0,0,3,4,crash,false,3,18,235,4730,360,0,0,false,false,false,0,0,5325,34,0,
1777,tempted_2_0,4015,34,4,budget,0,82,true,5,795,81,125,0.029411764705882353,0.9117647058823529,0.058823529411764705,0,0,3,18,normal,false,5,13,15,3460,540,0,0,false,false,false,0,0,4015,34,0,
1778,tempted_2_0,12760,61,31,budget,1,100,true,5,1740,202,301,0.14754098360655737,0.5573770491803278,0.16393442622950818,0.04918032786885246,0.08196721311475409,17,8,normal,false,4,35,1050,4840,2820,1290,2760,false,true,false,2910,5,9850,56,1,3
1779,tempted_2_0,4485,32,2,budget,0,70,true,4,1060,95,149,0.09375,0.90625,0,0,0,2,12,normal,false,6,11,205,4100,180,0,0,false,false,false,0,0,4485,32,0,
1780,tempted_2_0,3823,30,0,budget,0,61,true,4,545,84,147,0.13333333333333333,0.8666666666666667,0,0,0,2,19,crash,false,4,11,253,3570,0,0,0,false,false,false,0,0,3823,30,0,
1781,tempted_2_0,7235,34,4,budget,0,82,true,4,750,122,192,0.029411764705882353,0.9117647058823529,0.058823529411764705,0,0,3,1,normal,false,7,13,65,5700,1470,0,0,false,false,true,0,0,7235,34,0,
1782,tempted_2_0,4350,30,0,budget,0,62,true,5,570,83,128,0.03333333333333333,0.9666666666666667,0,0,0,1,30,normal,false,5,8,15,4335,0,0,0,false,false,true,0,0,4350,30,0,
1783,tempted_2_0,3638,32,2,budget,0,72,true,3,520,90,144,0.34375,0.625,0.03125,0,0,4,3,normal,false,7,11,533,3015,90,0,0,false,false,false,0,0,3638,32,0,
1784,tempted_2_0,2966,30,0,budget,0,67,true,4,510,88,138,0.36666666666666664,0.6333333333333333,0,0,0,6,7,normal,false,4,15,1171,1795,0,0,0,false,false,false,0,0,2966,30,0,
1785,tempted_2_0,4086,30,0,budget,0,62,true,4,525,93,144,0.2,0.8,0,0,0,4,13,normal,false,4,12,186,3900,0,0,0,false,false,false,0,0,4086,30,0,
1786,tempted_2_0,2490,30,0,budget,0,62,true,3,285,63,102,0.23333333333333334,0.7666666666666667,0,0,0,3,16,normal,false,4,13,220,2270,0,0,0,false,false,true,0,0,2490,30,0,
1787,tempted_2_0,3110,30,0,budget,0,58,true,4,445,90,120,0.16666666666666666,0.8333333333333334,0,0,0,2,11,normal,false,4,14,235,2875,0,0,0,false,false,true,0,0,3110,30,0,
1788,tempted_2_0,3841,34,4,budget,0,79,true,4,645,88,131,0.17647058823529413,0.7647058823529411,0.058823529411764705,0,0,3,2,normal,false,5,18,226,3285,330,0,0,false,false,true,0,0,3841,34,0,
1789,tempted_2_0,2321,32,2,budget,0,73,true,3,245,60,103,0.21875,0.75,0.03125,0,0,5,2,crash,false,2,15,296,1935,90,0,0,false,false,true,0,0,2321,32,0,
1790,tempted_2_0,3050,20,15,lock,1,100,false,3,480,48,63,0,0.5,0.15,0.1,0.25,6,1,normal,false,4,9,0,850,1150,210,840,false,true,false,840,5,2210,15,1,4
1791,tempted_2_0,3415,30,0,budget,0,62,true,3,455,76,132,0,1,0,0,0,0,-1,normal,false,4,11,140,3275,0,0,0,false,false,false,0,0,3415,30,0,
1792,tempted_2_0,4675,30,0,budget,0,57,true,5,1030,94,141,0.13333333333333333,0.8666666666666667,0,0,0,3,8,normal,false,4,15,255,4420,0,0,0,false,false,false,0,0,4675,30,0,
1793,tempted_2_0,4985,32,2,budget,0,79,true,7,1005,90,128,0,1,0,0,0,1,4,normal,false,8,12,60,4335,590,0,0,false,false,true,0,0,4985,32,0,
1794,tempted_2_0,3995,32,2,budget,0,74,true,3,565,95,123,0.03125,0.9375,0.03125,0,0,2,9,normal,false,4,14,15,3890,90,0,0,false,false,false,0,0,3995,32,0,
1795,tempted_2_0,9488,58,28,budget,0,94,true,5,1365,152,212,0.034482758620689655,0.7241379310344828,0.1896551724137931,0.05172413793103448,0,14,2,normal,false,6,33,38,4895,2710,1845,0,true,false,true,0,0,9488,58,0,
1796,tempted_2_0,3595,34,4,budget,0,83,true,4,500,85,123,0.058823529411764705,0.9117647058823529,0.029411764705882353,0,0,3,4,normal,false,4,13,165,2830,600,0,0,false,false,true,0,0,3595,34,0,
1797,tempted_2_0,7505,42,12,budget,0,83,true,6,1185,140,187,0.11904761904761904,0.7142857142857143,0.16666666666666666,0,0,6,3,normal,false,5,18,365,5760,1380,0,0,false,false,false,0,0,7505,42,0,
1798,tempted_2_0,24923,92,62,budget,4,100,true,5,2005,286,386,0.03260869565217391,0.4673913043478261,0.22826086956521738,0.05434782608695652,0.21739130434782608,21,14,crash,false,11,57,173,5025,5070,4935,9720,false,true,true,10775,20,14148,72,4,3|6|3|5
1799,tempted_2_0,8160,48,18,budget,0,94,false,5,930,149,214,0,0.8333333333333334,0.125,0.041666666666666664,0,9,2,normal,false,13,21,0,5220,2220,720,0,true,false,false,0,0,8160,48,0,
1800,tempted_2_0,3182,30,0,budget,0,68,true,3,525,86,133,0.4,0.6,0,0,0,3,13,normal,false,8,12,362,2820,0,0,0,false,false,true,0,0,3182,30,0,
1801,tempted_2_0,9330,47,17,budget,1,100,true,7,1780,154,197,0.0425531914893617,0.6808510638297872,0.1276595744680851,0.0425531914893617,0.10638297872340426,7,17,normal,false,2,27,205,6625,1150,270,1080,false,false,true,1050,5,8280,42,1,3
1802,tempted_2_0,4370,38,8,budget,0,88,false,3,540,105,160,0,0.9210526315789473,0.05263157894736842,0.02631578947368421,0,4,3,normal,false,7,18,0,3995,150,225,0,false,false,true,0,0,4370,38,0,
1803,tempted_2_0,3240,34,4,budget,0,79,true,3,300,82,114,0.029411764705882353,0.9411764705882353,0.029411764705882353,0,0,3,15,normal,false,5,15,15,2955,270,0,0,false,false,false,0,0,3240,34,0,
1804,tempted_2_0,6335,42,12,budget,0,81,true,6,653,124,200,0.21428571428571427,0.6904761904761905,0.09523809523809523,0,0,7,13,normal,false,8,18,1500,3575,1260,0,0,false,false,false,0,0,6335,42,0,
1805,tempted_2_0,6678,39,9,budget,1,100,true,4,1500,99,148,0.23076923076923078,0.5641025641025641,0.05128205128205128,0.02564102564102564,0.1282051282051282,6,2,normal,false,4,17,388,2330,930,90,2940,false,false,false,2910,5,3768,34,1,3
1806,tempted_2_0,1763,30,0,budget,0,50,true,2,150,60,101,0.4,0.6,0,0,0,5,8,normal,false,4,12,523,1240,0,0,0,false,false,true,0,0,1763,30,0,
1807,tempted_2_0,5554,30,0,budget,0,69,true,6,1370,94,167,0.13333333333333333,0.8666666666666667,0,0,0,1,28,normal,false,4,12,649,4905,0,0,0,false,false,false,0,0,5554,30,0,
1808,tempted_2_0,8510,43,13,budget,1,100,true,4,1080,121,167,0.06976744186046512,0.7209302325581395,0.09302325581395349,0,0.11627906976744186,7,5,normal,false,8,18,180,2970,860,360,4140,false,false,true,3570,5,4940,38,0,
1809,tempted_2_0,2967,30,0,budget,0,55,true,3,335,81,138,0.36666666666666664,0.6333333333333333,0,0,0,4,11,normal,false,7,11,737,2230,0,0,0,false,false,true,0,0,2967,30,0,
1810,tempted_2_0,4743,30,0,budget,0,67,true,5,840,81,155,0.2,0.8,0,0,0,2,14,crash,false,2,14,293,4450,0,0,0,false,false,false,0,0,4743,30,0,
1811,tempted_2_0,3245,30,0,budget,0,50,true,3,510,68,121,0.16666666666666666,0.8333333333333334,0,0,0,4,8,normal,false,7,12,170,3075,0,0,0,false,false,false,0,0,3245,30,0,
1812,tempted_2_0,12300,67,37,budget,1,100,true,5,750,219,288,0.05970149253731343,0.6268656716417911,0.208955223880597,0.029850746268656716,0.07462686567164178,14,5,normal,false,9,36,170,6195,3240,855,1840,false,false,true,1560,5,10740,62,1,4
1813,tempted_2_0,7010,40,10,budget,0,80,true,6,1370,123,179,0.075,0.85,0.075,0,0,8,3,normal,false,10,21,105,5195,1710,0,0,false,false,true,0,0,7010,40,0,
1814,tempted_2_0,2441,30,0,budget,0,59,true,3,345,70,99,0.43333333333333335,0.5666666666666667,0,0,0,2,11,normal,false,5,13,546,1895,0,0,0,false,false,true,0,0,2441,30,0,
1815,tempted_2_0,3225,32,2,budget,0,78,true,3,355,89,121,0.03125,0.9375,0.03125,0,0,2,5,normal,false,5,15,205,2900,120,0,0,false,false,true,0,0,3225,32,0,
1816,tempted_2_0,20315,47,17,budget,1,100,true,8,7480,155,224,0.1276595744680851,0.574468085106383,0.14893617021276595,0.0425531914893617,0.10638297872340426,8,1,normal,false,5,23,225,3910,2860,1140,12180,false,false,false,11370,5,8945,42,1,6
1817,tempted_2_0,4539,32,2,budget,0,75,true,4,375,98,177,0.25,0.71875,0.03125,0,0,3,5,normal,false,5,17,364,3875,300,0,0,false,false,false,0,0,4539,32,0,
1818,tempted_2_0,6100,30,0,budget,0,64,true,8,1845,94,143,0.16666666666666666,0.8333333333333334,0,0,0,2,12,normal,false,6,14,130,5970,0,0,0,false,false,true,0,0,6100,30,0,
1819,tempted_2_0,3151,30,0,budget,0,62,true,5,366,74,119,0.23333333333333334,0.7666666666666667,0,0,0,3,9,normal,false,5,12,541,2610,0,0,0,false,false,true,0,0,3151,30,0,
1820,tempted_2_0,6725,42,12,budget,0,93,true,7,1900,110,169,0.047619047619047616,0.7380952380952381,0.21428571428571427,0,0,7,10,normal,false,5,22,75,5105,870,675,0,true,false,false,0,0,6725,42,0,
1821,tempted_2_0,3760,34,4,budget,0,88,true,3,660,88,141,0.11764705882352941,0.8529411764705882,0,0.029411764705882353,0,3,23,normal,false,9,15,450,3040,0,270,0,false,false,true,0,0,3760,34,0,
1822,tempted_2_0,5593,44,14,budget,0,94,true,5,755,113,166,0.18181818181818182,0.6363636363636364,0.1590909090909091,0.022727272727272728,0,9,2,crash,false,5,21,298,3465,1020,810,0,true,false,false,0,0,5593,44,0,
1823,tempted_2_0,2736,30,0,budget,0,50,true,4,505,58,133,0.4666666666666667,0.5333333333333333,0,0,0,2,24,crash,false,5,10,406,2330,0,0,0,false,false,false,0,0,2736,30,0,
1824,tempted_2_0,13451,48,18,budget,2,100,true,6,2560,135,234,0.1875,0.5208333333333334,0.08333333333333333,0,0.20833333333333334,6,2,crash,false,15,13,291,4780,1740,720,5920,false,false,false,7510,10,5941,38,1,3
1825,tempted_2_0,11635,67,37,budget,1,100,true,5,870,200,246,0.014925373134328358,0.6119402985074627,0.2537313432835821,0.04477611940298507,0.07462686567164178,15,1,normal,false,5,37,30,4495,3610,1140,2360,false,true,true,1970,5,9665,62,1,3
1826,tempted_2_0,8735,38,8,budget,0,83,true,9,2260,129,219,0.02631578947368421,0.9210526315789473,0.05263157894736842,0,0,4,17,normal,false,4,20,15,7370,1350,0,0,false,false,false,0,0,8735,38,0,
1827,tempted_2_0,3308,30,0,budget,0,62,true,4,435,69,149,0.4666666666666667,0.5333333333333333,0,0,0,3,4,normal,false,6,11,768,2540,0,0,0,false,false,true,0,0,3308,30,0,
1828,tempted_2_0,9070,52,22,budget,0,95,true,6,1205,178,253,0.038461538461538464,0.8653846153846154,0.07692307692307693,0.019230769230769232,0,10,1,crash,false,9,27,195,6885,1720,270,0,true,true,true,0,0,9070,52,0,
1829,tempted_2_0,3793,34,4,budget,0,80,true,3,390,95,145,0.11764705882352941,0.7941176470588235,0.08823529411764706,0,0,4,4,crash,false,4,13,243,3220,330,0,0,false,false,false,0,0,3793,34,0,
1830,tempted_2_0,3850,30,0,budget,0,53,true,5,645,92,163,0.5,0.5,0,0,0,3,5,normal,false,4,14,1045,2805,0,0,0,false,false,true,0,0,3850,30,0,
1831,tempted_2_0,18204,66,36,budget,2,100,true,5,1740,212,289,0.09090909090909091,0.5454545454545454,0.13636363636363635,0.07575757575757576,0.15151515151515152,13,3,normal,false,5,34,464,4990,3920,2430,6400,false,true,true,6580,10,11624,56,2,4|7
1832,tempted_2_0,21400,71,41,budget,3,100,false,5,4175,206,303,0,0.5915492957746479,0.15492957746478872,0.04225352112676056,0.2112676056338028,12,14,normal,false,7,41,0,4970,3260,4890,8280,false,true,true,7870,15,13530,56,2,6|5
1833,tempted_2_0,6149,54,24,budget,0,99,true,4,720,123,186,0.18518518518518517,0.6111111111111112,0.14814814814814814,0.05555555555555555,0,16,2,normal,false,6,25,349,3280,1980,540,0,true,true,true,0,0,6149,54,0,
1834,tempted_2_0,35580,86,56,budget,4,100,true,7,7000,297,369,0.023255813953488372,0.46511627906976744,0.2558139534883721,0.023255813953488372,0.23255813953488372,20,2,normal,false,10,46,50,4485,3850,3795,23400,false,false,true,22770,20,12810,66,4,3|2|3|3
1835,tempted_2_0,5295,34,4,budget,0,79,true,6,1140,108,149,0.029411764705882353,0.9411764705882353,0.029411764705882353,0,0,2,15,normal,false,4,16,15,4920,360,0,0,false,false,false,0,0,5295,34,0,
1836,tempted_2_0,13148,71,41,budget,1,100,true,5,1230,215,294,0.18309859154929578,0.4225352112676056,0.2112676056338028,0.11267605633802817,0.07042253521126761,17,4,normal,false,5,33,888,4505,3680,3015,1060,false,true,false,1000,5,12148,66,1,5
1837,tempted_2_0,8411,54,24,budget,0,97,true,7,1295,159,221,0.1111111111111111,0.7407407407407407,0.09259259259259259,0.05555555555555555,0,12,11,normal,false,4,32,206,5805,1680,720,0,true,true,true,0,0,8411,54,0,
1838,tempted_2_0,4560,36,6,budget,0,96,true,4,570,103,145,0,0.8888888888888888,0.08333333333333333,0.027777777777777776,0,3,24,normal,false,7,14,240,3900,240,180,0,true,true,false,0,0,4560,36,0,
1839,tempted_2_0,10785,48,18,budget,0,94,true,5,2670,137,211,0.08333333333333333,0.75,0.14583333333333334,0.020833333333333332,0,10,7,crash,false,3,28,515,4570,2010,3690,0,true,false,false,0,0,10785,48,0,
1840,tempted_2_0,9520,53,23,budget,1,100,true,5,1170,162,220,0.03773584905660377,0.660377358490566,0.18867924528301888,0.018867924528301886,0.09433962264150944,8,5,normal,false,6,26,220,4680,3000,120,1500,false,false,false,1500,5,8020,48,1,2
1841,tempted_2_0,6299,43,13,budget,1,100,true,4,1365,98,146,0.27906976744186046,0.4883720930232558,0.09302325581395349,0.023255813953488372,0.11627906976744186,8,3,normal,false,6,17,459,1715,330,1575,2220,false,false,false,2250,5,4049,38,1,3
1842,tempted_2_0,17950,56,26,budget,2,100,true,6,4060,189,265,0.05357142857142857,0.5714285714285714,0.14285714285714285,0.05357142857142857,0.17857142857142858,11,3,normal,false,6,32,90,4435,1600,1425,10400,false,true,true,11060,10,6890,46,1,4
1843,tempted_2_0,9649,48,18,budget,0,98,true,6,1930,134,218,0.125,0.6458333333333334,0.10416666666666667,0.125,0,8,19,crash,false,6,26,174,6145,1620,1710,0,true,true,false,0,0,9649,48,0,
1844,tempted_2_0,2979,30,0,budget,0,63,true,5,600,65,116,0.3,0.7,0,0,0,2,12,crash,false,3,13,459,2520,0,0,0,false,false,false,0,0,2979,30,0,
1845,tempted_2_0,6445,40,10,budget,0,95,true,5,625,121,160,0.025,0.8,0.125,0.05,0,6,2,normal,false,4,21,15,5380,420,630,0,true,true,false,0,0,6445,40,0,
1846,tempted_2_0,11775,58,28,budget,0,94,true,5,855,209,294,0.05172413793103448,0.6896551724137931,0.22413793103448276,0.034482758620689655,0,14,1,normal,false,4,37,420,6040,4640,675,0,true,false,true,0,0,11775,58,0,
1847,tempted_2_0,3803,38,8,budget,0,99,true,3,550,80,127,0.10526315789473684,0.7368421052631579,0.07894736842105263,0.07894736842105263,0,5,1,crash,false,7,15,128,2760,420,495,0,true,true,false,0,0,3803,38,0,
1848,tempted_2_0,1775,21,0,lock,0,58,false,3,405,40,62,0,1,0,0,0,0,-1,normal,false,5,5,0,1775,0,0,0,false,false,false,0,0,1775,21,0,
1849,tempted_2_0,6424,45,15,budget,1,100,true,4,960,119,190,0.37777777777777777,0.3111111111111111,0.1111111111111111,0.08888888888888889,0.1111111111111111,9,2,crash,false,4,25,1129,2175,480,540,2100,false,true,false,2070,5,4354,40,1,8
1850,tempted_2_0,4168,36,6,budget,0,86,true,4,415,105,156,0.16666666666666666,0.7777777777777778,0.05555555555555555,0,0,4,2,normal,false,4,20,528,3250,390,0,0,false,false,false,0,0,4168,36,0,
1851,tempted_2_0,4300,32,2,budget,0,73,true,4,690,92,146,0.125,0.84375,0.03125,0,0,3,2,normal,false,6,15,180,3970,150,0,0,false,false,false,0,0,4300,32,0,
1852,tempted_2_0,3201,30,0,budget,0,52,true,5,855,67,123,0.3333333333333333,0.6666666666666666,0,0,0,3,10,normal,false,5,13,376,2825,0,0,0,false,false,false,0,0,3201,30,0,
1853,tempted_2_0,2466,30,0,budget,0,64,true,4,540,64,105,0.36666666666666664,0.6333333333333333,0,0,0,5,14,normal,false,4,13,386,2080,0,0,0,false,false,true,0,0,2466,30,0,
1854,tempted_2_0,14437,70,40,budget,2,100,true,5,2440,180,291,0.11428571428571428,0.5142857142857142,0.17142857142857143,0.05714285714285714,0.14285714285714285,18,5,crash,false,6,33,377,4770,4700,1050,3540,false,false,false,3360,10,11077,60,2,3|3
1855,tempted_2_0,5340,32,2,budget,0,70,true,7,1520,104,144,0.0625,0.9375,0,0,0,2,8,normal,false,7,11,40,5300,0,0,0,false,false,false,0,0,5340,32,0,
1856,tempted_2_0,2375,22,2,lock,0,79,false,5,845,56,78,0,1,0,0,0,1,18,normal,false,8,6,0,2195,180,0,0,false,false,false,0,0,2375,22,0,
1857,tempted_2_0,19923,58,28,budget,2,100,true,6,4860,186,271,0.1206896551724138,0.4827586206896552,0.20689655172413793,0.017241379310344827,0.1724137931034483,13,9,normal,false,5,31,733,3890,1780,660,12860,false,false,true,8240,10,11683,48,2,2|4
1858,tempted_2_0,3700,32,2,budget,0,84,true,3,315,90,131,0.09375,0.8125,0.09375,0,0,4,2,normal,false,4,17,220,2940,540,0,0,false,false,false,0,0,3700,32,0,
1859,tempted_2_0,7845,45,15,budget,1,100,true,4,960,124,187,0.022222222222222223,0.7777777777777778,0.08888888888888889,0,0.1111111111111111,5,18,normal,false,4,23,100,3645,2120,180,1800,false,false,false,1860,5,5985,40,1,2
1860,tempted_2_0,7036,43,13,budget,1,100,true,4,960,140,171,0.13953488372093023,0.6511627906976745,0.06976744186046512,0.023255813953488372,0.11627906976744186,7,2,normal,false,5,20,336,3670,750,120,2160,false,false,false,1800,5,5236,38,1,2
1861,tempted_2_0,10960,55,25,budget,1,100,true,4,1620,174,239,0.05454545454545454,0.6,0.23636363636363636,0.01818181818181818,0.09090909090909091,11,1,normal,false,3,27,115,3915,3870,300,2760,false,true,true,2820,5,8140,50,1,4
1862,tempted_2_0,8895,57,27,budget,1,100,false,3,825,141,195,0,0.7192982456140351,0.17543859649122806,0.017543859649122806,0.08771929824561403,10,3,normal,false,10,26,0,3845,2080,1530,1440,false,false,false,1050,5,7845,52,1,2
1863,tempted_2_0,9240,50,20,budget,0,90,false,4,1860,151,219,0,0.86,0.12,0.02,0,10,23,normal,false,4,27,0,4545,4560,135,0,true,false,true,0,0,9240,50,0,
1864,tempted_2_0,3465,30,0,budget,0,65,true,4,570,76,113,0.13333333333333333,0.8666666666666667,0,0,0,1,28,crash,false,7,8,125,3340,0,0,0,false,false,false,0,0,3465,30,0,
1865,tempted_2_0,4165,30,0,budget,0,59,true,5,1235,85,140,0.16666666666666666,0.8333333333333334,0,0,0,1,25,normal,false,7,11,310,3855,0,0,0,false,false,true,0,0,4165,30,0,
1866,tempted_2_0,4636,34,4,budget,0,84,true,4,980,87,147,0.20588235294117646,0.7647058823529411,0.029411764705882353,0,0,5,2,normal,false,8,13,211,3885,540,0,0,false,false,true,0,0,4636,34,0,
1867,tempted_2_0,3338,34,4,budget,0,82,true,3,405,80,141,0.17647058823529413,0.7352941176470589,0.08823529411764706,0,0,5,5,normal,false,3,22,333,2615,390,0,0,false,false,true,0,0,3338,34,0,
1868,tempted_2_0,17564,62,32,budget,2,100,true,6,4900,189,270,0.0967741935483871,0.4838709677419355,0.12903225806451613,0.12903225806451613,0.16129032258064516,12,1,normal,false,10,32,699,2990,2600,1935,9340,false,true,false,8710,10,8854,52,2,3|3
1869,tempted_2_0,4096,30,0,budget,0,59,true,4,605,85,150,0.3,0.7,0,0,0,3,6,crash,false,3,14,611,3485,0,0,0,false,false,true,0,0,4096,30,0,
1870,tempted_2_0,16578,60,30,budget,0,97,true,7,6730,184,281,0.06666666666666667,0.5333333333333333,0.25,0.15,0,16,1,normal,false,5,31,473,2950,4140,9015,0,true,true,false,0,0,16578,60,0,
1871,tempted_2_0,32321,73,43,budget,3,100,true,6,5180,241,338,0.0821917808219178,0.3561643835616438,0.2876712328767123,0.0684931506849315,0.2054794520547945,16,6,normal,false,5,41,211,3270,4930,8730,15180,false,true,true,11610,15,20711,58,3,7|3|4
1872,tempted_2_0,6618,38,8,budget,0,92,true,7,1850,108,186,0.42105263157894735,0.5263157894736842,0.05263157894736842,0,0,5,1,normal,false,6,17,823,4850,540,405,0,true,false,true,0,0,6618,38,0,
1873,tempted_2_0,4191,30,0,budget,0,65,true,4,495,81,151,0.13333333333333333,0.8666666666666667,0,0,0,0,-1,crash,false,6,10,196,3995,0,0,0,false,false,false,0,0,4191,30,0,
1874,tempted_2_0,3382,30,0,budget,0,53,true,5,420,76,141,0.4,0.6,0,0,0,4,11,normal,false,4,16,1017,2365,0,0,0,false,false,true,0,0,3382,30,0,
1875,tempted_2_0,4290,36,6,budget,0,92,true,5,550,91,144,0.05555555555555555,0.8055555555555556,0.08333333333333333,0.05555555555555555,0,3,11,normal,false,5,17,50,3065,680,495,0,true,false,false,0,0,4290,36,0,
1876,tempted_2_0,5530,30,0,budget,0,69,true,8,1730,93,165,0.06666666666666667,0.9333333333333333,0,0,0,0,-1,crash,false,6,13,65,5465,0,0,0,false,false,true,0,0,5530,30,0,
1877,tempted_2_0,3660,30,0,budget,0,63,true,4,735,83,135,0.3,0.7,0,0,0,4,7,normal,false,5,11,445,3215,0,0,0,false,false,false,0,0,3660,30,0,
1878,tempted_2_0,8680,51,21,budget,1,100,false,4,1480,163,206,0,0.803921568627451,0.0784313725490196,0.0196078431372549,0.09803921568627451,5,4,normal,false,5,21,0,4910,1230,360,2180,false,false,true,2320,5,6360,46,1,3
1879,tempted_2_0,3021,30,0,budget,0,52,true,4,555,83,117,0.1,0.9,0,0,0,1,19,normal,false,5,11,336,2685,0,0,0,false,false,false,0,0,3021,30,0,
1880,tempted_2_0,7860,40,10,budget,0,86,true,5,1450,114,211,0.275,0.625,0.1,0,0,10,1,normal,false,6,19,715,3565,3580,0,0,false,false,false,0,0,7860,40,0,
1881,tempted_2_0,28225,67,37,budget,3,100,true,7,6070,241,315,0.014925373134328358,0.5970149253731343,0.11940298507462686,0.04477611940298507,0.22388059701492538,12,2,normal,false,11,34,50,5615,2940,2640,16980,false,false,false,18260,15,9965,52,3,4|2|2
1882,tempted_2_0,2433,34,4,budget,0,71,true,3,270,67,110,0.23529411764705882,0.7647058823529411,0,0,0,6,5,crash,false,4,17,278,2155,0,0,0,false,false,false,0,0,2433,34,0,
1883,tempted_2_0,3925,30,0,budget,0,68,false,5,585,87,124,0,1,0,0,0,0,-1,normal,false,4,11,0,3925,0,0,0,false,false,true,0,0,3925,30,0,
1884,tempted_2_0,7010,44,14,budget,0,87,false,6,1505,118,166,0,0.8181818181818182,0.18181818181818182,0,0,7,2,normal,false,4,19,0,5720,1290,0,0,false,false,false,0,0,7010,44,0,
1885,tempted_2_0,25010,94,64,budget,4,100,false,5,1640,310,395,0,0.5319148936170213,0.19148936170212766,0.06382978723404255,0.2127659574468085,22,25,normal,false,5,57,0,7125,7140,3345,7400,false,true,false,7820,20,17190,74,4,4|2|8|3
1886,tempted_2_0,2365,30,0,budget,0,56,true,4,350,68,134,0.6666666666666666,0.3333333333333333,0,0,0,3,12,normal,false,4,10,1330,1035,0,0,0,false,false,true,0,0,2365,30,0,
1887,tempted_2_0,2888,30,0,budget,0,69,true,5,525,79,104,0.16666666666666666,0.8333333333333334,0,0,0,2,10,normal,false,6,12,268,2620,0,0,0,false,false,true,0,0,2888,30,0,
1888,tempted_2_0,4981,42,12,budget,0,87,true,3,360,108,174,0.14285714285714285,0.7142857142857143,0.14285714285714285,0,0,8,3,crash,false,3,25,411,3250,1320,0,0,false,false,true,0,0,4981,42,0,
1889,tempted_2_0,5151,30,0,budget,0,67,true,5,750,95,162,0.16666666666666666,0.8333333333333334,0,0,0,2,12,normal,false,5,14,746,4405,0,0,0,false,false,true,0,0,5151,30,0,
1890,tempted_2_0,3008,30,0,budget,0,55,true,5,930,65,113,0.2,0.8,0,0,0,2,16,normal,false,4,15,323,2685,0,0,0,false,false,false,0,0,3008,30,0,
1891,tempted_2_0,7165,38,8,budget,0,89,true,7,1455,116,169,0.02631578947368421,0.868421052631579,0.10526315789473684,0,0,4,14,normal,false,6,16,225,5095,1170,675,0,false,false,false,0,0,7165,38,0,
1892,tempted_2_0,15563,41,11,budget,1,100,true,9,8985,119,199,0.14634146341463414,0.7073170731707317,0.024390243902439025,0,0.12195121951219512,5,5,crash,false,4,20,218,3310,630,6465,4940,false,false,false,11285,5,4278,36,0,
1893,tempted_2_0,12248,62,32,budget,0,94,true,5,1330,202,293,0.06451612903225806,0.6774193548387096,0.20967741935483872,0.04838709677419355,0,17,14,normal,false,7,35,148,7225,3930,945,0,true,false,true,0,0,12248,62,0,
1894,tempted_2_0,4345,34,4,budget,0,83,true,3,510,100,140,0.058823529411764705,0.9117647058823529,0.029411764705882353,0,0,3,2,normal,false,3,18,110,3725,510,0,0,false,false,false,0,0,4345,34,0,
1895,tempted_2_0,35660,111,81,budget,5,100,true,6,2560,389,487,0.018018018018018018,0.46846846846846846,0.1981981981981982,0.09009009009009009,0.22522522522522523,28,1,crash,false,5,62,60,7530,6560,7470,14040,false,true,false,9910,25,25750,86,5,2|3|3|3|8
1896,tempted_2_0,4043,30,0,budget,0,66,true,4,600,94,131,0.26666666666666666,0.7333333333333333,0,0,0,4,8,normal,false,3,15,233,3810,0,0,0,false,false,true,0,0,4043,30,0,
1897,tempted_2_0,3438,30,0,budget,0,68,true,3,600,92,138,0.2,0.8,0,0,0,3,14,normal,false,3,15,318,3120,0,0,0,false,false,false,0,0,3438,30,0,
1898,tempted_2_0,4405,34,4,budget,0,81,true,5,835,86,145,0.08823529411764706,0.8529411764705882,0.058823529411764705,0,0,5,2,normal,false,3,18,75,3920,410,0,0,false,false,true,0,0,4405,34,0,
1899,tempted_2_0,2397,30,0,budget,0,58,true,3,450,69,118,0.36666666666666664,0.6333333333333333,0,0,0,2,14,normal,false,9,7,427,1970,0,0,0,false,false,false,0,0,2397,30,0,
1900,tempted_2_0,21640,67,37,budget,1,100,true,6,3870,233,327,0.029850746268656716,0.5671641791044776,0.2537313432835821,0.07462686567164178,0.07462686567164178,17,3,normal,false,4,37,90,6220,3220,4830,7280,false,true,false,7130,5,14510,62,1,2
1901,tempted_2_0,3170,32,2,budget,0,73,true,3,435,79,124,0.125,0.84375,0.03125,0,0,4,2,crash,false,3,18,210,2720,240,0,0,false,false,true,0,0,3170,32,0,
1902,tempted_2_0,3911,30,0,budget,0,61,true,4,770,81,136,0.13333333333333333,0.8666666666666667,0,0,0,2,20,normal,false,5,13,276,3635,0,0,0,false,false,false,0,0,3911,30,0,
1903,tempted_2_0,3329,30,0,budget,0,56,true,4,525,84,135,0.36666666666666664,0.6333333333333333,0,0,0,4,7,normal,false,4,14,519,2810,0,0,0,false,false,true,0,0,3329,30,0,
1904,tempted_2_0,4510,32,2,budget,0,83,true,5,930,89,138,0.0625,0.875,0.0625,0,0,3,2,normal,false,3,18,30,4150,330,0,0,false,false,false,0,0,4510,32,0,
1905,tempted_2_0,10005,55,25,budget,1,100,true,4,960,161,251,0.2909090909090909,0.4727272727272727,0.12727272727272726,0.01818181818181818,0.09090909090909091,12,1,crash,false,5,28,780,3595,2350,1260,2020,false,false,false,1990,5,8015,50,1,3
1906,tempted_2_0,3065,30,0,budget,0,53,true,3,550,76,115,0.26666666666666666,0.7333333333333333,0,0,0,4,5,normal,false,4,12,280,2785,0,0,0,false,false,false,0,0,3065,30,0,
1907,tempted_2_0,1860,11,6,lock,0,97,false,3,600,35,34,0,0.5454545454545454,0.36363636363636365,0.09090909090909091,0,3,6,keto,true,3,7,0,615,570,675,0,true,true,true,0,0,1860,11,0,
1908,tempted_2_0,3123,30,0,budget,0,69,true,4,475,74,132,0.23333333333333334,0.7666666666666667,0,0,0,0,-1,crash,false,4,10,188,2935,0,0,0,false,false,false,0,0,3123,30,0,
1909,tempted_2_0,1278,9,2,lock,0,74,true,4,480,19,41,0.2222222222222222,0.7777777777777778,0,0,0,1,1,crash,false,6,2,23,1075,180,0,0,false,false,false,0,0,1278,9,0,
1910,tempted_2_0,7540,47,17,budget,1,100,true,5,570,137,189,0.02127659574468085,0.7446808510638298,0.0851063829787234,0.0425531914893617,0.10638297872340426,7,2,normal,false,9,21,195,4335,1130,540,1340,false,true,false,1250,5,6290,42,1,4
1911,tempted_2_0,40365,140,110,budget,4,100,true,7,4570,450,562,0.05714285714285714,0.42142857142857143,0.2785714285714286,0.1,0.14285714285714285,47,1,normal,false,7,84,435,5385,10990,7515,16040,false,true,true,16570,20,23795,120,4,5|6|2|6
1912,tempted_2_0,2645,30,0,budget,0,50,true,3,330,74,111,0.23333333333333334,0.7666666666666667,0,0,0,2,23,normal,false,7,10,315,2330,0,0,0,false,false,false,0,0,2645,30,0,
1913,tempted_2_0,5293,30,0,budget,0,66,true,5,920,104,167,0.16666666666666666,0.8333333333333334,0,0,0,2,11,normal,false,4,16,148,5145,0,0,0,false,false,true,0,0,5293,30,0,
1914,tempted_2_0,9600,47,17,budget,1,100,true,5,1305,151,230,0.02127659574468085,0.7446808510638298,0.0851063829787234,0.0425531914893617,0.10638297872340426,8,1,normal,false,6,25,75,5670,800,1395,1660,false,true,false,1210,5,8390,42,1,5
1915,tempted_2_0,3013,34,4,budget,0,81,true,4,450,90,125,0.14705882352941177,0.8235294117647058,0.029411764705882353,0,0,5,11,normal,false,4,16,163,2670,180,0,0,false,false,true,0,0,3013,34,0,
1916,tempted_2_0,14200,61,31,budget,1,100,true,6,4560,161,225,0.11475409836065574,0.5245901639344263,0.18032786885245902,0.09836065573770492,0.08196721311475409,17,2,normal,false,8,33,495,3055,2100,2070,6480,false,true,true,6450,5,7750,56,1,11
1917,tempted_2_0,7710,45,15,budget,1,100,true,8,1875,125,177,0.1111111111111111,0.6,0.15555555555555556,0.022222222222222223,0.1111111111111111,8,5,crash,false,5,25,260,4930,900,360,1260,false,false,false,870,5,6840,40,1,6
1918,tempted_2_0,3108,30,0,budget,0,62,true,4,450,71,119,0.16666666666666666,0.8333333333333334,0,0,0,4,5,crash,false,6,12,188,2920,0,0,0,false,false,false,0,0,3108,30,0,
1919,tempted_2_0,2160,30,0,budget,0,64,true,2,180,57,98,0.06666666666666667,0.9333333333333333,0,0,0,2,22,normal,false,16,10,40,2120,0,0,0,false,false,true,0,0,2160,30,0,
1920,tempted_2_0,5469,34,4,budget,0,77,true,6,1360,91,164,0.3235294117647059,0.6176470588235294,0.058823529411764705,0,0,3,2,crash,false,4,19,499,4760,210,0,0,false,false,true,0,0,5469,34,0,
1921,tempted_2_0,22197,83,53,budget,3,100,true,6,2360,256,353,0.03614457831325301,0.5301204819277109,0.1686746987951807,0.08433734939759036,0.18072289156626506,21,2,normal,false,8,42,462,5795,6280,3360,6300,false,true,true,6840,15,15357,68,3,2|4|3
1922,tempted_2_0,3614,32,2,budget,0,76,true,3,485,91,142,0.21875,0.75,0.03125,0,0,3,2,normal,false,4,15,449,2955,210,0,0,false,false,false,0,0,3614,32,0,
1923,tempted_2_0,8005,45,15,budget,1,100,true,4,960,133,178,0.1111111111111111,0.6444444444444445,0.13333333333333333,0,0.1111111111111111,7,1,normal,false,4,20,180,3495,1130,0,3200,false,false,false,2400,5,5605,40,1,2
1924,tempted_2_0,2322,30,0,budget,0,53,true,3,440,62,104,0.36666666666666664,0.6333333333333333,0,0,0,1,20,normal,false,8,10,362,1960,0,0,0,false,false,true,0,0,2322,30,0,
1925,tempted_2_0,2220,22,2,lock,0,72,true,4,545,50,73,0.045454545454545456,0.9090909090909091,0.045454545454545456,0,0,2,10,normal,false,6,8,20,2020,180,0,0,false,false,false,0,0,2220,22,0,
1926,tempted_2_0,5380,25,12,lock,0,86,false,5,1820,92,127,0,0.8,0.2,0,0,6,4,normal,false,5,12,0,2500,2880,0,0,false,false,false,0,0,5380,25,0,
1927,tempted_2_0,3640,26,20,lock,0,94,false,4,1275,55,65,0,0.7307692307692307,0.23076923076923078,0.038461538461538464,0,9,2,normal,false,5,13,0,1100,920,1620,0,true,false,true,0,0,3640,26,0,
1928,tempted_2_0,7415,36,6,budget,0,80,true,4,970,115,195,0.027777777777777776,0.9444444444444444,0.027777777777777776,0,0,3,12,crash,false,8,14,30,5845,1540,0,0,false,false,false,0,0,7415,36,0,
1929,tempted_2_0,4975,38,8,budget,0,92,true,3,470,113,165,0.21052631578947367,0.7105263157894737,0.05263157894736842,0.02631578947368421,0,7,9,normal,false,3,26,250,3795,660,270,0,true,false,true,0,0,4975,38,0,
1930,tempted_2_0,3740,34,4,budget,0,70,true,3,405,87,129,0,1,0,0,0,2,27,normal,false,5,14,30,3710,0,0,0,false,false,false,0,0,3740,34,0,
1931,tempted_2_0,27790,62,32,budget,2,100,false,6,4020,211,293,0,0.5967741935483871,0.16129032258064516,0.08064516129032258,0.16129032258064516,9,11,normal,false,6,26,0,5385,2880,4905,14620,false,true,false,10090,10,17700,52,1,4
1932,tempted_2_0,2464,30,0,budget,0,50,true,3,340,70,127,0.4666666666666667,0.5333333333333333,0,0,0,2,21,normal,false,4,13,729,1735,0,0,0,false,false,true,0,0,2464,30,0,
1933,tempted_2_0,4197,30,0,budget,0,50,true,4,590,86,165,0.4,0.6,0,0,0,4,5,normal,false,4,14,952,3245,0,0,0,false,false,false,0,0,4197,30,0,
1934,tempted_2_0,2585,30,0,budget,0,56,true,4,400,73,114,0.3,0.7,0,0,0,4,17,normal,false,3,11,280,2305,0,0,0,false,false,true,0,0,2585,30,0,
1935,tempted_2_0,6390,38,8,budget,0,90,true,5,975,114,162,0.02631578947368421,0.8947368421052632,0.07894736842105263,0,0,5,1,normal,false,11,16,25,4685,1320,360,0,true,false,false,0,0,6390,38,0,
1936,tempted_2_0,7375,40,10,budget,0,80,false,5,1240,158,199,0,0.95,0.05,0,0,5,17,normal,false,6,18,0,5635,1740,0,0,false,false,false,0,0,7375,40,0,
1937,tempted_2_0,4005,30,0,budget,0,62,true,4,510,91,148,0.23333333333333334,0.7666666666666667,0,0,0,4,7,normal,false,8,12,415,3590,0,0,0,false,false,false,0,0,4005,30,0,
1938,tempted_2_0,3405,32,2,budget,0,72,true,3,355,87,121,0.09375,0.875,0.03125,0,0,2,11,normal,false,7,11,210,3105,90,0,0,false,false,false,0,0,3405,32,0,
1939,tempted_2_0,11905,57,27,budget,1,100,false,4,1860,180,257,0,0.8070175438596491,0.07017543859649122,0.03508771929824561,0.08771929824561403,10,1,normal,false,8,26,0,4865,3440,360,3240,false,true,false,2790,5,9115,52,1,2
1940,tempted_2_0,9135,41,11,budget,1,100,true,5,2520,128,186,0.14634146341463414,0.6829268292682927,0.04878048780487805,0,0.12195121951219512,5,2,crash,false,5,16,270,4155,150,1560,3000,false,false,false,4440,5,4695,36,1,2
1941,tempted_2_0,4688,36,6,budget,0,88,true,6,1220,110,174,0.2777777777777778,0.6388888888888888,0.05555555555555555,0.027777777777777776,0,6,4,crash,false,5,16,983,3330,240,135,0,false,false,false,0,0,4688,36,0,
1942,tempted_2_0,4954,30,0,budget,0,65,true,6,1125,81,178,0.3,0.7,0,0,0,1,23,crash,false,4,12,869,4085,0,0,0,false,false,false,0,0,4954,30,0,
1943,tempted_2_0,8687,55,25,budget,1,100,true,4,1160,136,186,0.09090909090909091,0.5454545454545454,0.18181818181818182,0.09090909090909091,0.09090909090909091,12,4,normal,false,5,29,242,2895,2320,1710,1520,false,true,true,1490,5,7197,50,1,9
1944,tempted_2_0,4020,32,2,budget,0,76,true,5,1240,90,133,0.09375,0.90625,0,0,0,2,17,normal,false,8,10,120,3450,450,0,0,false,false,false,0,0,4020,32,0,
1945,tempted_2_0,10105,56,26,budget,2,100,true,6,2490,145,196,0.07142857142857142,0.5178571428571429,0.21428571428571427,0.017857142857142856,0.17857142857142858,12,1,normal,false,5,31,360,3065,3670,90,2920,false,false,true,2350,10,7755,46,2,3|3
1946,tempted_2_0,4578,40,10,budget,0,99,true,4,505,105,150,0.125,0.675,0.125,0.075,0,7,12,normal,false,6,19,158,3300,670,450,0,true,true,true,0,0,4578,40,0,
1947,tempted_2_0,14990,64,34,budget,2,100,true,5,3140,200,250,0.09375,0.578125,0.15625,0.015625,0.15625,12,2,normal,false,5,29,230,4285,2150,405,7920,false,false,true,5530,10,9460,54,1,3
1948,tempted_2_0,19725,72,56,lock,4,100,false,4,1260,239,281,0,0.4027777777777778,0.2222222222222222,0.09722222222222222,0.2777777777777778,20,3,keto,false,5,39,0,3880,5200,2085,8560,false,true,true,8590,20,11135,52,4,2|7|3|4
1949,tempted_2_0,24857,67,37,budget,3,100,true,5,3020,219,310,0.208955223880597,0.2835820895522388,0.19402985074626866,0.08955223880597014,0.22388059701492538,13,1,normal,false,11,38,392,3120,3790,4635,12920,false,true,false,12350,15,12507,52,3,3|6|8
1950,tempted_2_0,8585,44,14,budget,0,97,true,5,1430,152,201,0.022727272727272728,0.8636363636363636,0.11363636363636363,0,0,8,2,normal,false,3,27,15,6320,900,1350,0,true,true,false,0,0,8585,44,0,
1951,tempted_2_0,7850,42,12,budget,0,92,false,7,2715,132,184,0,0.8809523809523809,0.07142857142857142,0.047619047619047616,0,6,25,normal,false,5,22,0,6650,480,720,0,true,false,false,0,0,7850,42,0,
1952,tempted_2_0,900,10,0,lock,0,62,false,3,315,15,34,0,1,0,0,0,0,-1,normal,false,3,3,0,900,0,0,0,false,false,false,0,0,900,10,0,
1953,tempted_2_0,13960,55,25,budget,1,100,true,6,2425,183,230,0.09090909090909091,0.6727272727272727,0.12727272727272726,0.01818181818181818,0.09090909090909091,10,5,normal,false,11,28,120,4680,5750,1170,2240,false,true,true,1790,5,12170,50,1,2
1954,tempted_2_0,11955,51,21,budget,1,100,true,7,2480,141,224,0.09803921568627451,0.6862745098039216,0.09803921568627451,0.0196078431372549,0.09803921568627451,9,1,normal,false,8,20,220,4765,2220,90,4660,false,false,false,4270,5,7685,46,1,2
1955,tempted_2_0,10179,41,11,budget,1,100,true,6,4440,124,214,0.34146341463414637,0.4146341463414634,0.12195121951219512,0,0.12195121951219512,5,1,crash,false,4,18,1029,2770,700,180,5500,false,false,true,5600,5,4579,36,1,3
1956,tempted_2_0,5513,40,10,budget,0,95,true,5,955,113,183,0.35,0.55,0.075,0.025,0,9,1,crash,false,3,20,533,4005,570,405,0,true,true,false,0,0,5513,40,0,
1957,tempted_2_0,3283,34,4,budget,0,74,true,6,960,78,137,0.29411764705882354,0.6470588235294118,0.058823529411764705,0,0,3,5,crash,false,7,13,493,2610,180,0,0,false,false,true,0,0,3283,34,0,
1958,tempted_2_0,19817,93,63,budget,3,100,true,5,1480,273,383,0.07526881720430108,0.5053763440860215,0.1827956989247312,0.07526881720430108,0.16129032258064516,24,8,normal,false,6,51,617,5815,3550,3915,5920,false,true,true,4420,15,15397,78,2,2|10
1959,tempted_2_0,2409,30,0,budget,0,69,true,5,740,72,104,0.36666666666666664,0.6333333333333333,0,0,0,2,23,normal,false,7,8,574,1835,0,0,0,false,false,true,0,0,2409,30,0,
1960,tempted_2_0,4855,32,2,budget,0,77,true,5,885,109,150,0,0.96875,0.03125,0,0,1,5,normal,false,4,13,30,4705,120,0,0,false,false,false,0,0,4855,32,0,
1961,tempted_2_0,3948,30,0,budget,0,50,true,5,900,75,132,0.26666666666666666,0.7333333333333333,0,0,0,4,10,normal,false,4,9,358,3590,0,0,0,false,false,false,0,0,3948,30,0,
1962,tempted_2_0,9315,49,19,budget,1,100,false,6,1100,144,204,0,0.7346938775510204,0.12244897959183673,0.04081632653061224,0.10204081632653061,8,13,normal,false,3,24,0,5520,610,225,2960,false,false,false,1950,5,7365,44,1,4
1963,tempted_2_0,5068,36,6,budget,0,80,true,7,1245,88,142,0.08333333333333333,0.8888888888888888,0.027777777777777776,0,0,4,2,normal,false,10,12,278,4340,450,0,0,false,false,true,0,0,5068,36,0,
1964,tempted_2_0,15585,75,45,budget,1,100,true,4,1980,217,304,0.013333333333333334,0.7066666666666667,0.17333333333333334,0.04,0.06666666666666667,19,8,normal,false,5,39,45,5450,4270,1620,4200,false,true,true,3750,5,11835,70,1,3
1965,tempted_2_0,3291,30,0,budget,0,57,true,6,1350,69,131,0.6333333333333333,0.36666666666666664,0,0,0,4,8,normal,false,5,11,646,2645,0,0,0,false,false,true,0,0,3291,30,0,
1966,tempted_2_0,3313,30,0,budget,0,67,true,5,930,66,121,0.16666666666666666,0.8333333333333334,0,0,0,2,19,normal,false,7,14,148,3165,0,0,0,false,false,true,0,0,3313,30,0,
1967,tempted_2_0,3253,30,0,budget,0,68,true,3,490,79,130,0.3333333333333333,0.6666666666666666,0,0,0,2,21,crash,false,7,10,453,2800,0,0,0,false,false,false,0,0,3253,30,0,
1968,tempted_2_0,3408,34,4,budget,0,72,true,3,260,93,131,0.058823529411764705,0.9117647058823529,0.029411764705882353,0,0,3,11,normal,false,10,11,188,3070,150,0,0,false,false,true,0,0,3408,34,0,
1969,tempted_2_0,4459,30,0,budget,0,68,true,4,490,89,146,0.1,0.9,0,0,0,1,23,crash,false,5,13,279,4180,0,0,0,false,false,true,0,0,4459,30,0,
1970,tempted_2_0,5859,30,0,budget,0,53,true,7,1525,106,190,0.3333333333333333,0.6666666666666666,0,0,0,3,7,normal,false,3,17,1229,4630,0,0,0,false,false,true,0,0,5859,30,0,
1971,tempted_2_0,4130,36,6,budget,0,79,true,6,870,91,130,0.05555555555555555,0.8888888888888888,0.05555555555555555,0,0,5,1,normal,false,4,18,75,3575,480,0,0,false,false,true,0,0,4130,36,0,
1972,tempted_2_0,3104,30,0,budget,0,62,true,4,585,72,121,0.4,0.6,0,0,0,4,12,normal,false,3,15,689,2415,0,0,0,false,false,false,0,0,3104,30,0,
1973,tempted_2_0,4743,34,4,budget,0,95,true,5,890,100,149,0.11764705882352941,0.8235294117647058,0.058823529411764705,0,0,4,5,normal,false,9,10,263,3865,210,405,0,true,true,false,0,0,4743,34,0,
1974,tempted_2_0,3547,36,6,budget,0,94,true,4,440,87,159,0.4166666666666667,0.4444444444444444,0.1111111111111111,0.027777777777777776,0,6,1,crash,false,3,18,852,2200,360,135,0,true,false,false,0,0,3547,36,0,
1975,tempted_2_0,3359,30,0,budget,0,58,true,4,630,80,142,0.36666666666666664,0.6333333333333333,0,0,0,3,11,normal,false,5,13,789,2570,0,0,0,false,false,true,0,0,3359,30,0,
1976,tempted_2_0,8277,41,11,budget,1,100,true,6,1175,115,217,0.24390243902439024,0.5365853658536586,0.04878048780487805,0.04878048780487805,0.12195121951219512,5,1,crash,false,8,21,647,4045,420,1065,2100,false,true,false,1710,5,6567,36,1,4
1977,tempted_2_0,4343,30,0,budget,0,65,true,4,425,90,147,0.06666666666666667,0.9333333333333333,0,0,0,0,-1,crash,false,5,10,23,4320,0,0,0,false,false,false,0,0,4343,30,0,
1978,tempted_2_0,4548,36,6,budget,0,82,true,6,900,100,152,0.1388888888888889,0.75,0.1111111111111111,0,0,5,3,normal,false,2,23,408,3660,480,0,0,false,false,false,0,0,4548,36,0,
1979,tempted_2_0,5244,34,4,budget,0,88,true,7,2400,88,150,0.20588235294117646,0.7058823529411765,0.058823529411764705,0.029411764705882353,0,4,9,crash,false,16,10,519,2550,2040,135,0,false,false,false,0,0,5244,34,0,
1980,tempted_2_0,6116,40,10,budget,0,88,true,4,1300,130,182,0.15,0.75,0.1,0,0,5,1,normal,false,7,11,266,4260,870,720,0,false,false,false,0,0,6116,40,0,
1981,tempted_2_0,9900,63,33,budget,1,100,true,3,1680,173,227,0.1111111111111111,0.6031746031746031,0.19047619047619047,0.015873015873015872,0.07936507936507936,16,2,crash,false,7,28,335,3060,3060,585,2860,false,false,false,2580,5,7320,58,1,4
1982,tempted_2_0,5990,34,4,budget,0,74,true,6,1095,107,148,0,0.9705882352941176,0.029411764705882353,0,0,1,2,normal,false,5,14,255,5375,360,0,0,false,false,false,0,0,5990,34,0,
1983,tempted_2_0,3043,30,0,budget,0,58,true,4,285,65,139,0.5,0.5,0,0,0,1,29,crash,false,8,11,1013,2030,0,0,0,false,false,true,0,0,3043,30,0,
1984,tempted_2_0,10126,61,31,budget,1,100,true,3,720,166,228,0.16393442622950818,0.4918032786885246,0.16393442622950818,0.09836065573770492,0.08196721311475409,12,6,normal,false,9,30,391,3055,1520,2640,2520,false,true,true,2360,5,7766,56,1,7
1985,tempted_2_0,4625,30,0,budget,0,67,true,4,1020,93,147,0.16666666666666666,0.8333333333333334,0,0,0,2,23,crash,false,4,9,285,4340,0,0,0,false,false,false,0,0,4625,30,0,
1986,tempted_2_0,2450,30,0,budget,0,50,true,3,420,49,128,0.43333333333333335,0.5666666666666667,0,0,0,4,12,crash,false,5,15,590,1860,0,0,0,false,false,true,0,0,2450,30,0,
1987,tempted_2_0,14915,79,49,budget,1,100,true,6,1255,246,320,0,0.6455696202531646,0.24050632911392406,0.05063291139240506,0.06329113924050633,17,2,normal,false,7,37,30,7030,4380,2655,820,false,true,false,730,5,14185,74,1,2
1988,tempted_2_0,7155,38,8,budget,0,86,true,8,2625,122,193,0.02631578947368421,0.8947368421052632,0.07894736842105263,0,0,4,1,normal,false,3,20,315,6320,520,0,0,false,false,false,0,0,7155,38,0,
1989,tempted_2_0,12235,49,19,budget,1,100,true,4,2420,183,207,0,0.7551020408163265,0.14285714285714285,0,0.10204081632653061,5,2,normal,false,4,20,30,5405,1300,480,5020,false,false,false,5300,5,6935,44,1,2
1990,tempted_2_0,6235,38,8,budget,0,86,false,4,1020,122,190,0,0.9210526315789473,0.07894736842105263,0,0,4,9,normal,false,10,15,0,5395,840,0,0,false,false,false,0,0,6235,38,0,
1991,tempted_2_0,3227,36,6,budget,0,86,true,3,355,85,130,0.3333333333333333,0.5833333333333334,0.08333333333333333,0,0,6,1,normal,false,8,13,367,2230,630,0,0,false,false,true,0,0,3227,36,0,
1992,tempted_2_0,1655,12,2,lock,0,73,false,3,570,38,45,0,0.8333333333333334,0.16666666666666666,0,0,1,5,normal,false,5,4,0,1355,300,0,0,false,false,false,0,0,1655,12,0,
1993,tempted_2_0,4245,32,2,budget,0,75,true,5,765,92,146,0.15625,0.8125,0.03125,0,0,4,4,normal,false,3,13,300,3855,90,0,0,false,false,false,0,0,4245,32,0,
1994,tempted_2_0,3561,23,0,lock,0,58,true,4,525,52,105,0.30434782608695654,0.6956521739130435,0,0,0,1,14,crash,false,5,10,196,3365,0,0,0,false,false,false,0,0,3561,23,0,
1995,tempted_2_0,10748,47,17,budget,1,100,true,7,1280,164,230,0.06382978723404255,0.7021276595744681,0.10638297872340426,0.02127659574468085,0.10638297872340426,8,6,normal,false,8,24,933,5645,700,870,2600,false,false,false,2640,5,8108,42,1,3
1996,tempted_2_0,7245,42,12,budget,0,92,false,5,810,144,195,0,0.9285714285714286,0.047619047619047616,0.023809523809523808,0,5,2,normal,false,3,20,0,6285,690,270,0,true,false,false,0,0,7245,42,0,
1997,tempted_2_0,14969,45,15,budget,1,100,true,6,3360,174,268,0.2,0.5333333333333333,0.08888888888888889,0.06666666666666667,0.1111111111111111,7,1,normal,false,3,28,1319,5025,1190,315,7120,false,true,true,5450,5,9519,40,1,5
1998,tempted_2_0,3948,32,2,budget,0,80,true,4,1350,75,127,0.34375,0.65625,0,0,0,4,5,normal,false,4,15,503,2185,1260,0,0,false,false,false,0,0,3948,32,0,
1999,tempted_2_0,2335,30,0,budget,0,53,true,5,490,60,121,0.5333333333333333,0.4666666666666667,0,0,0,3,7,crash,false,8,11,965,1370,0,0,0,false,false,false,0,0,2335,30,0,
2000,tempted_2_0,9356,46,16,budget,0,90,true,5,2070,166,236,0.08695652173913043,0.7608695652173914,0.13043478260869565,0.021739130434782608,0,11,7,normal,false,5,27,706,4495,3750,405,0,true,false,false,0,0,9356,46,0,
