seed,bot,score,moves,movesEarned,endReason,frenzies,peakMeter,crashed,maxCombo,bestMovePts,proteinTiles,carbTiles,pctCrash,pctNormal,pctKeto,pctDeep,pctFrenzy,tierUpsSeen,firstTierUpMove,endState,endedWithin5OfFrenzy,longestDryGap,rewardEvents,ptsCrash,ptsNormal,ptsKeto,ptsDeep,ptsFrenzy,nearMissNoFrenzy,fellBackWithoutFrenzy,lastMoveWasReward,ptsInFrenzy,movesInFrenzy,ptsOutside,movesOutside,climbCount,climbLengths
1,lookahead,71311,154,124,budget,4,100,true,6,3300,569,829,0.025974025974025976,0.42857142857142855,0.2922077922077922,0.12337662337662338,0.12987012987012986,49,15,normal,false,5,105,411,9805,14250,21945,24900,false,true,true,23170,20,48141,134,4,2|3|7|3
2,lookahead,4466,30,0,budget,0,68,true,5,765,96,137,0.16666666666666666,0.8333333333333334,0,0,0,2,19,normal,false,4,17,546,3920,0,0,0,false,false,true,0,0,4466,30,0,
3,lookahead,5305,32,2,budget,0,83,true,5,1050,86,143,0.0625,0.875,0.0625,0,0,3,2,normal,false,4,15,510,3685,1110,0,0,false,false,false,0,0,5305,32,0,
4,lookahead,5115,30,0,budget,0,52,true,4,560,99,202,0.3333333333333333,0.6666666666666666,0,0,0,3,12,crash,false,5,16,1545,3570,0,0,0,false,false,true,0,0,5115,30,0,
5,lookahead,10165,47,17,budget,1,100,false,7,1310,149,196,0,0.723404255319149,0.14893617021276595,0.02127659574468085,0.10638297872340426,6,16,normal,false,5,20,0,6940,1350,315,1560,false,false,true,1680,5,8485,42,1,4
6,lookahead,28969,99,69,budget,3,100,true,6,2160,272,419,0.0707070707070707,0.42424242424242425,0.29292929292929293,0.06060606060606061,0.15151515151515152,31,2,normal,false,6,60,414,5430,7080,4605,11440,false,true,true,9000,15,19969,84,3,8|5|2
7,lookahead,4444,36,6,budget,0,80,true,4,575,89,166,0.5,0.4444444444444444,0.05555555555555555,0,0,8,2,normal,false,5,19,1274,2600,570,0,0,false,false,false,0,0,4444,36,0,
8,lookahead,11230,45,15,budget,1,100,true,4,1005,143,192,0,0.7111111111111111,0.15555555555555556,0.022222222222222223,0.1111111111111111,6,21,normal,false,5,23,60,5475,1620,1035,3040,false,false,false,2530,5,8700,40,1,7
9,lookahead,4919,30,0,budget,0,57,true,5,630,81,153,0.26666666666666666,0.7333333333333333,0,0,0,5,7,crash,false,4,15,669,4250,0,0,0,false,false,false,0,0,4919,30,0,
10,lookahead,6663,34,4,budget,0,80,true,7,1230,108,165,0.08823529411764706,0.8823529411764706,0.029411764705882353,0,0,3,1,crash,false,4,16,68,5875,720,0,0,false,false,false,0,0,6663,34,0,
11,lookahead,3422,30,0,budget,0,58,true,4,375,72,120,0.2,0.8,0,0,0,3,9,normal,false,3,14,417,3005,0,0,0,false,false,false,0,0,3422,30,0,
12,lookahead,14170,41,24,lock,2,100,true,6,3840,126,156,0.024390243902439025,0.4878048780487805,0.17073170731707318,0.07317073170731707,0.24390243902439024,9,3,normal,false,4,20,15,2680,1110,2565,7800,false,true,false,7470,10,6700,31,2,4|4
13,lookahead,37375,87,81,lock,5,100,false,7,4390,274,397,0,0.3218390804597701,0.3218390804597701,0.06896551724137931,0.28735632183908044,29,1,normal,false,3,62,0,3135,7080,9360,17800,false,true,true,17110,25,20265,62,5,4|5|5|3|3
14,lookahead,6035,36,6,budget,0,81,true,6,935,95,171,0.08333333333333333,0.8888888888888888,0.027777777777777776,0,0,5,1,normal,false,2,20,150,5585,300,0,0,false,false,true,0,0,6035,36,0,
15,lookahead,8698,46,16,budget,0,85,true,4,930,144,218,0.043478260869565216,0.8478260869565217,0.10869565217391304,0,0,9,2,crash,false,4,23,203,6545,1950,0,0,false,false,false,0,0,8698,46,0,
16,lookahead,4015,30,0,budget,0,60,true,4,480,84,125,0,1,0,0,0,0,-1,normal,false,6,12,30,3985,0,0,0,false,false,false,0,0,4015,30,0,
17,lookahead,20490,69,39,budget,1,100,true,7,1860,201,322,0.043478260869565216,0.6086956521739131,0.21739130434782608,0.057971014492753624,0.07246376811594203,15,12,crash,false,5,40,75,8355,4440,3960,3660,false,true,false,4080,5,16410,64,1,5
18,lookahead,31181,63,33,budget,3,100,true,6,3420,225,333,0.1111111111111111,0.4603174603174603,0.14285714285714285,0.047619047619047616,0.23809523809523808,11,7,crash,false,3,33,721,4585,4590,4905,16380,false,true,false,13800,15,17381,48,3,5|3|5
19,lookahead,4983,30,0,budget,0,50,true,4,725,102,146,0.03333333333333333,0.9666666666666667,0,0,0,1,22,normal,false,12,11,203,4780,0,0,0,false,false,true,0,0,4983,30,0,
20,lookahead,13800,48,18,budget,2,100,true,5,2440,153,223,0.020833333333333332,0.6666666666666666,0.08333333333333333,0.020833333333333332,0.20833333333333334,5,1,normal,false,7,22,175,4355,1080,870,7320,false,false,false,8490,10,5310,38,2,2|2
21,lookahead,5836,34,4,budget,0,82,true,5,1095,89,150,0.058823529411764705,0.8529411764705882,0.08823529411764706,0,0,3,10,normal,false,4,20,251,4595,990,0,0,false,false,true,0,0,5836,34,0,
22,lookahead,11025,45,15,budget,1,100,true,8,2480,139,204,0.022222222222222223,0.7111111111111111,0.15555555555555556,0,0.1111111111111111,5,1,crash,false,12,21,90,6115,1880,180,2760,false,false,true,2400,5,8625,40,1,2
23,lookahead,6710,23,8,lock,0,94,true,8,3960,68,100,0.043478260869565216,0.6956521739130435,0.21739130434782608,0.043478260869565216,0,5,2,normal,false,6,12,30,1905,4640,135,0,true,false,false,0,0,6710,23,0,
24,lookahead,4914,32,2,budget,0,82,true,4,630,91,145,0.1875,0.75,0.0625,0,0,4,7,normal,false,5,14,489,4065,360,0,0,false,false,false,0,0,4914,32,0,
25,lookahead,21391,50,20,budget,2,100,true,6,3200,193,275,0.06,0.66,0.06,0.02,0.2,7,7,normal,false,3,32,381,6730,750,450,13080,false,true,false,11310,10,10081,40,2,2|2
26,lookahead,5558,30,0,budget,0,61,true,4,900,88,171,0.1,0.9,0,0,0,2,9,crash,false,3,16,533,5025,0,0,0,false,false,true,0,0,5558,30,0,
27,lookahead,61252,122,92,budget,4,100,true,9,10380,451,594,0.06557377049180328,0.38524590163934425,0.26229508196721313,0.12295081967213115,0.16393442622950818,35,2,normal,false,6,69,687,8640,12080,5385,34460,false,true,false,33295,20,27957,102,4,3|5|8|9
28,lookahead,3890,34,4,budget,0,78,true,3,480,80,124,0.08823529411764706,0.8823529411764706,0.029411764705882353,0,0,3,4,normal,false,3,16,115,3235,540,0,0,false,false,true,0,0,3890,34,0,
29,lookahead,35589,114,84,budget,0,99,true,6,2730,362,555,0.03508771929824561,0.5877192982456141,0.2631578947368421,0.11403508771929824,0,39,1,normal,false,5,66,649,8365,14050,12525,0,true,true,false,0,0,35589,114,0,
30,lookahead,3983,30,0,budget,0,68,true,5,600,84,119,0.1,0.9,0,0,0,2,24,normal,false,5,12,118,3865,0,0,0,false,false,true,0,0,3983,30,0,
31,lookahead,6010,32,2,budget,0,72,false,5,1245,106,153,0,0.96875,0.03125,0,0,1,27,normal,false,7,13,0,5890,120,0,0,false,false,false,0,0,6010,32,0,
32,lookahead,6065,30,0,budget,0,64,true,5,740,103,157,0,1,0,0,0,0,-1,normal,false,4,12,60,6005,0,0,0,false,false,false,0,0,6065,30,0,
33,lookahead,5835,30,0,budget,0,53,true,6,1255,88,153,0.03333333333333333,0.9666666666666667,0,0,0,1,23,normal,false,5,11,45,5790,0,0,0,false,false,true,0,0,5835,30,0,
34,lookahead,13733,51,21,budget,1,100,true,6,1980,167,241,0.058823529411764705,0.6470588235294118,0.13725490196078433,0.058823529411764705,0.09803921568627451,8,3,crash,false,4,31,188,6715,1760,630,4440,false,false,false,3330,5,10403,46,1,3
35,lookahead,33655,74,44,budget,4,100,true,8,4060,275,405,0.013513513513513514,0.5135135135135135,0.14864864864864866,0.05405405405405406,0.2702702702702703,13,2,normal,false,4,41,45,10720,3820,2010,17060,false,true,true,15990,20,17665,54,4,3|3|7|2
36,lookahead,70375,140,110,budget,6,100,false,6,3840,536,742,0,0.4142857142857143,0.30714285714285716,0.06428571428571428,0.21428571428571427,38,2,normal,false,5,94,0,9220,14790,8325,38040,false,true,true,35575,30,34800,110,6,5|5|4|5|2|4
37,lookahead,12595,53,23,budget,1,100,true,6,1500,159,222,0.018867924528301886,0.7547169811320755,0.1320754716981132,0,0.09433962264150944,10,10,normal,false,9,27,15,6120,2110,630,3720,false,false,false,4020,5,8575,48,1,2
38,lookahead,3397,30,0,budget,0,50,true,5,405,62,133,0.3,0.7,0,0,0,5,5,normal,false,4,16,1222,2175,0,0,0,false,false,true,0,0,3397,30,0,
39,lookahead,12068,55,25,budget,1,100,true,7,1845,167,254,0.14545454545454545,0.5818181818181818,0.16363636363636364,0.01818181818181818,0.09090909090909091,12,1,crash,false,5,27,908,6330,2640,90,2100,false,false,false,2010,5,10058,50,1,3
40,lookahead,3765,30,0,budget,0,63,false,3,420,78,118,0,1,0,0,0,0,-1,normal,false,5,13,0,3765,0,0,0,false,false,false,0,0,3765,30,0,
41,lookahead,28935,102,72,budget,2,100,true,7,1710,301,471,0.09803921568627451,0.45098039215686275,0.29411764705882354,0.058823529411764705,0.09803921568627451,33,2,crash,false,3,66,1165,7105,6790,6795,7080,false,true,false,6675,10,22260,92,2,4|5
42,lookahead,7671,40,10,budget,0,81,true,4,930,125,203,0.075,0.85,0.075,0,0,5,2,crash,false,5,22,311,6190,1170,0,0,false,false,true,0,0,7671,40,0,
43,lookahead,21135,61,31,budget,1,100,true,8,2220,237,364,0.01639344262295082,0.7540983606557377,0.13114754098360656,0.01639344262295082,0.08196721311475409,14,6,normal,false,5,38,60,10870,6530,135,3540,false,false,true,1420,5,19715,56,1,2
44,lookahead,5129,30,0,budget,0,63,true,5,785,86,143,0.16666666666666666,0.8333333333333334,0,0,0,2,18,normal,false,6,13,244,4885,0,0,0,false,false,false,0,0,5129,30,0,
45,lookahead,7038,39,9,budget,1,100,true,7,1245,105,147,0.05128205128205128,0.7435897435897436,0.05128205128205128,0.02564102564102564,0.1282051282051282,3,9,crash,false,8,17,98,4780,150,90,1920,false,false,false,1770,5,5268,34,1,3
46,lookahead,4094,30,0,budget,0,53,true,6,900,71,132,0.23333333333333334,0.7666666666666667,0,0,0,2,13,normal,false,8,10,524,3570,0,0,0,false,false,false,0,0,4094,30,0,
47,lookahead,76796,162,132,budget,10,100,true,6,3780,568,805,0.024691358024691357,0.38271604938271603,0.2222222222222222,0.06172839506172839,0.30864197530864196,43,2,crash,false,5,100,806,10390,9800,10440,45360,false,true,false,36870,50,39926,112,9,4|4|2|5|4|3|5|2|3
48,lookahead,13015,61,31,budget,1,100,true,6,1770,172,233,0.01639344262295082,0.7049180327868853,0.14754098360655737,0.04918032786885246,0.08196721311475409,13,9,normal,false,7,32,45,5755,5970,405,840,false,true,false,810,5,12205,56,1,3
49,lookahead,5624,34,4,budget,0,80,true,5,660,94,150,0.17647058823529413,0.8235294117647058,0,0,0,5,2,normal,false,9,16,564,4250,810,0,0,false,false,false,0,0,5624,34,0,
50,lookahead,4485,32,2,budget,0,79,true,3,315,105,133,0,0.96875,0.03125,0,0,1,30,normal,false,6,10,130,4265,90,0,0,false,false,false,0,0,4485,32,0,
51,lookahead,44825,112,82,budget,4,100,true,5,2760,395,564,0.008928571428571428,0.49107142857142855,0.25892857142857145,0.0625,0.17857142857142858,27,4,normal,false,6,63,555,8965,8220,6045,21040,false,true,false,18320,20,26505,92,4,2|3|4|3
52,lookahead,47710,122,92,budget,6,100,true,6,3420,425,576,0.01639344262295082,0.4918032786885246,0.22131147540983606,0.02459016393442623,0.2459016393442623,25,2,normal,false,6,66,210,10895,7500,5205,23900,false,true,false,24880,30,22830,92,6,2|2|4|2|2|7
53,lookahead,23735,66,36,budget,2,100,true,5,3360,233,302,0.015151515151515152,0.5606060606060606,0.19696969696969696,0.07575757575757576,0.15151515151515152,11,13,normal,false,6,38,105,6450,1550,2910,12720,false,true,true,11790,10,11945,56,1,7
54,lookahead,10775,45,15,budget,1,100,false,5,1400,137,208,0,0.7555555555555555,0.1111111111111111,0.022222222222222223,0.1111111111111111,5,2,normal,false,9,20,0,6255,440,240,3840,false,false,true,2820,5,7955,40,1,4
55,lookahead,15703,59,29,budget,1,100,true,5,2550,199,274,0.05084745762711865,0.6271186440677966,0.22033898305084745,0.01694915254237288,0.0847457627118644,11,1,crash,false,4,25,173,6695,3510,3345,1980,false,true,false,1980,5,13723,54,1,3
56,lookahead,6741,30,0,budget,0,62,true,7,1105,103,178,0.06666666666666667,0.9333333333333333,0,0,0,1,18,normal,false,3,18,791,5950,0,0,0,false,false,false,0,0,6741,30,0,
57,lookahead,31545,68,38,budget,2,100,false,7,4845,284,412,0,0.7058823529411765,0.11764705882352941,0.029411764705882353,0.14705882352941177,12,6,normal,false,4,37,0,9455,5230,5940,10920,false,true,true,9850,10,21695,58,1,4
58,lookahead,6375,30,0,budget,0,67,true,6,1335,107,178,0.03333333333333333,0.9666666666666667,0,0,0,1,25,normal,false,2,15,110,6265,0,0,0,false,false,false,0,0,6375,30,0,
59,lookahead,180,2,2,lock,0,74,false,2,90,6,3,0,0.5,0.5,0,0,1,1,normal,false,1,1,0,90,90,0,0,false,false,false,0,0,180,2,0,
60,lookahead,13575,59,29,budget,1,100,true,6,1740,178,262,0.06779661016949153,0.559322033898305,0.2033898305084746,0.0847457627118644,0.0847457627118644,11,4,normal,false,4,32,840,5875,2030,1710,3120,false,true,true,3090,5,10485,54,1,6
61,lookahead,9261,43,13,budget,1,100,true,4,960,114,192,0.09302325581395349,0.6744186046511628,0.11627906976744186,0,0.11627906976744186,7,9,normal,false,3,24,211,5345,390,915,2400,false,false,true,1740,5,7521,38,1,5
62,lookahead,43640,109,79,budget,3,100,true,6,5490,367,535,0.01834862385321101,0.5321100917431193,0.23853211009174313,0.07339449541284404,0.13761467889908258,29,2,normal,false,7,67,135,9705,12040,5100,16660,false,true,false,14965,15,28675,94,3,7|5|4
63,lookahead,19816,69,39,budget,1,100,true,6,3620,205,316,0.07246376811594203,0.5797101449275363,0.17391304347826086,0.10144927536231885,0.07246376811594203,18,15,crash,false,4,37,326,6785,6370,1095,5240,false,true,true,1710,5,18106,64,1,3
64,lookahead,4553,32,2,budget,0,70,true,5,815,80,144,0.09375,0.90625,0,0,0,2,6,crash,false,4,14,53,4500,0,0,0,false,false,false,0,0,4553,32,0,
65,lookahead,29885,83,53,budget,3,100,false,6,5855,272,368,0,0.6144578313253012,0.1566265060240964,0.04819277108433735,0.18072289156626506,19,2,normal,false,6,48,0,6515,4100,3030,16240,false,true,false,17455,15,12430,68,2,5|4
66,lookahead,23810,63,57,lock,3,100,false,6,1815,214,270,0,0.4126984126984127,0.2857142857142857,0.06349206349206349,0.23809523809523808,19,2,normal,false,6,36,0,2845,6380,5265,9320,false,true,false,9555,15,14255,48,2,3|8
67,lookahead,5845,34,4,budget,0,81,false,5,780,107,161,0,1,0,0,0,2,4,normal,false,4,16,0,5605,240,0,0,false,false,false,0,0,5845,34,0,
68,lookahead,5600,30,0,budget,0,67,false,5,690,108,147,0,1,0,0,0,0,-1,normal,false,5,15,0,5600,0,0,0,false,false,true,0,0,5600,30,0,
69,lookahead,8060,46,16,budget,0,92,true,5,1035,139,186,0.021739130434782608,0.8478260869565217,0.10869565217391304,0.021739130434782608,0,8,10,normal,false,7,19,60,5600,1860,540,0,true,false,true,0,0,8060,46,0,
70,lookahead,16567,44,14,budget,0,86,true,6,2520,179,299,0.11363636363636363,0.75,0.13636363636363635,0,0,7,2,normal,false,7,26,462,7710,7990,405,0,false,false,true,0,0,16567,44,0,
71,lookahead,4076,32,2,budget,0,74,true,4,525,79,146,0.125,0.84375,0.03125,0,0,2,1,normal,false,4,14,501,3485,90,0,0,false,false,false,0,0,4076,32,0,
72,lookahead,54740,142,112,budget,4,100,true,8,4370,485,710,0.007042253521126761,0.528169014084507,0.23943661971830985,0.08450704225352113,0.14084507042253522,43,2,normal,false,8,79,180,9745,20650,9465,14700,false,true,false,17250,20,37490,122,3,2|5|4
73,lookahead,5578,34,4,budget,0,82,true,7,1305,82,137,0.08823529411764706,0.8529411764705882,0.058823529411764705,0,0,4,7,crash,false,4,13,143,5105,330,0,0,false,false,false,0,0,5578,34,0,
74,lookahead,3575,30,0,budget,0,52,true,4,465,69,121,0,1,0,0,0,0,-1,normal,false,5,12,60,3515,0,0,0,false,false,true,0,0,3575,30,0,
75,lookahead,20676,68,38,budget,2,100,true,6,2020,254,360,0.058823529411764705,0.6029411764705882,0.17647058823529413,0.014705882352941176,0.14705882352941177,15,2,normal,false,4,37,536,9025,3300,1755,6060,false,false,false,6690,10,13986,58,2,3|3
76,lookahead,8868,47,17,budget,1,100,true,4,1530,126,172,0.10638297872340426,0.6595744680851063,0.1276595744680851,0,0.10638297872340426,6,18,crash,false,6,21,153,3515,1880,1620,1700,false,true,false,2230,5,6638,42,1,3
77,lookahead,11120,56,26,budget,0,97,true,5,1200,156,234,0.017857142857142856,0.6964285714285714,0.25,0.03571428571428571,0,13,1,normal,false,6,28,15,6145,2350,2610,0,true,true,true,0,0,11120,56,0,
78,lookahead,14955,39,9,budget,1,100,true,7,2305,167,223,0.02564102564102564,0.7948717948717948,0.05128205128205128,0,0.1282051282051282,3,16,normal,false,5,20,145,7240,990,180,6400,false,false,false,5600,5,9355,34,1,2
79,lookahead,17720,60,30,budget,2,100,true,5,2400,200,267,0.016666666666666666,0.6333333333333333,0.15,0.03333333333333333,0.16666666666666666,10,1,normal,false,6,26,45,5765,2530,600,8780,false,false,false,8400,10,9320,50,2,2|2
80,lookahead,17048,64,34,budget,2,100,true,5,1110,218,286,0.015625,0.671875,0.140625,0.015625,0.15625,12,26,normal,false,5,34,113,6995,3390,1710,4840,false,false,false,5080,10,11968,54,2,4|2
81,lookahead,66705,146,116,budget,6,100,true,6,4940,534,788,0.00684931506849315,0.4178082191780822,0.3013698630136986,0.0684931506849315,0.2054794520547945,40,1,normal,false,4,91,90,13530,11100,18165,23820,false,true,true,24610,30,42095,116,6,12|9|3|3|4|4
82,lookahead,8342,38,8,budget,0,80,true,5,1155,130,229,0.13157894736842105,0.8421052631578947,0.02631578947368421,0,0,6,1,normal,false,4,20,747,6455,1140,0,0,false,false,true,0,0,8342,38,0,
83,lookahead,4045,30,0,budget,0,67,true,5,610,78,117,0.1,0.9,0,0,0,3,24,normal,false,8,14,155,3890,0,0,0,false,false,true,0,0,4045,30,0,
84,lookahead,5264,30,0,budget,0,50,true,6,1250,92,150,0.3,0.7,0,0,0,5,8,normal,false,4,16,369,4895,0,0,0,false,false,false,0,0,5264,30,0,
85,lookahead,3970,30,0,budget,0,69,true,4,460,77,119,0.06666666666666667,0.9333333333333333,0,0,0,2,15,normal,false,11,8,30,3940,0,0,0,false,false,false,0,0,3970,30,0,
86,lookahead,6355,44,14,budget,0,91,true,4,480,110,196,0.22727272727272727,0.7045454545454546,0.06818181818181818,0,0,9,1,normal,false,8,20,950,3535,1600,270,0,true,false,true,0,0,6355,44,0,
87,lookahead,5660,30,0,budget,0,66,true,4,975,90,154,0.03333333333333333,0.9666666666666667,0,0,0,1,16,normal,false,5,11,105,5555,0,0,0,false,false,true,0,0,5660,30,0,
88,lookahead,13529,67,37,budget,1,100,true,4,880,189,292,0.08955223880597014,0.6119402985074627,0.19402985074626866,0.029850746268656716,0.07462686567164178,19,2,crash,false,4,42,354,5745,2680,2070,2680,false,true,false,1890,5,11639,62,1,5
89,lookahead,54615,158,128,budget,6,100,false,5,2220,535,689,0,0.41139240506329117,0.2974683544303797,0.10126582278481013,0.189873417721519,48,1,normal,false,9,87,0,10505,12630,11760,19720,false,true,false,18380,30,36235,128,6,3|2|5|5|2|3
90,lookahead,6037,34,4,budget,0,81,true,5,880,109,169,0.14705882352941177,0.8235294117647058,0.029411764705882353,0,0,6,2,normal,false,3,20,732,5035,270,0,0,false,false,false,0,0,6037,34,0,
91,lookahead,10210,40,10,budget,0,80,true,7,1605,148,236,0,1,0,0,0,5,12,normal,false,4,24,190,9270,750,0,0,false,false,true,0,0,10210,40,0,
92,lookahead,4017,30,0,budget,0,55,true,4,420,76,140,0.2,0.8,0,0,0,3,14,normal,false,5,11,437,3580,0,0,0,false,false,false,0,0,4017,30,0,
93,lookahead,4701,30,0,budget,0,57,true,4,480,87,151,0.26666666666666666,0.7333333333333333,0,0,0,4,6,normal,false,3,15,476,4225,0,0,0,false,false,true,0,0,4701,30,0,
94,lookahead,38565,74,44,budget,4,100,true,9,6000,302,383,0,0.4864864864864865,0.17567567567567569,0.06756756756756757,0.2702702702702703,13,2,normal,false,5,40,60,7605,3790,7290,19820,false,true,true,16190,20,22375,54,3,4|3|5
95,lookahead,13494,55,25,budget,1,100,true,7,1740,153,238,0.05454545454545454,0.7272727272727273,0.12727272727272726,0,0.09090909090909091,9,6,crash,false,9,23,459,5995,2120,720,4200,false,false,true,4200,5,9294,50,1,4
96,lookahead,21353,68,38,budget,2,100,true,5,1620,237,347,0.058823529411764705,0.5588235294117647,0.1323529411764706,0.10294117647058823,0.14705882352941177,16,2,crash,false,5,37,218,7120,3610,1845,8560,false,true,true,6300,10,15053,58,2,4|4
97,lookahead,19825,68,38,budget,2,100,true,7,1610,227,319,0.08823529411764706,0.5441176470588235,0.14705882352941177,0.07352941176470588,0.14705882352941177,11,1,normal,false,8,36,595,8225,1840,2205,6960,false,true,true,5910,10,13915,58,1,4
98,lookahead,6225,30,0,budget,0,60,true,6,765,116,156,0.03333333333333333,0.9666666666666667,0,0,0,1,22,normal,false,8,9,45,6180,0,0,0,false,false,true,0,0,6225,30,0,
99,lookahead,6388,36,6,budget,0,80,true,6,975,111,173,0.1111111111111111,0.8611111111111112,0.027777777777777776,0,0,4,1,crash,false,4,16,338,5780,270,0,0,false,false,false,0,0,6388,36,0,
100,lookahead,12915,45,15,budget,1,100,false,7,3400,142,185,0,0.7555555555555555,0.08888888888888889,0.044444444444444446,0.1111111111111111,5,9,normal,false,6,17,0,5490,320,2745,4360,false,false,false,4375,5,8540,40,1,3
101,lookahead,21718,56,26,budget,2,100,true,7,3840,170,253,0.05357142857142857,0.625,0.10714285714285714,0.03571428571428571,0.17857142857142858,10,2,normal,false,7,25,263,3945,2540,810,14160,false,false,false,12820,10,8898,46,1,3
102,lookahead,4905,15,6,lock,0,81,true,6,870,56,98,0.06666666666666667,0.8,0.13333333333333333,0,0,3,3,normal,false,4,10,15,3900,990,0,0,false,false,true,0,0,4905,15,0,
103,lookahead,9577,40,10,budget,0,83,true,5,885,147,236,0.125,0.85,0.025,0,0,8,10,normal,false,3,21,637,7380,1560,0,0,false,false,false,0,0,9577,40,0,
104,lookahead,29770,72,42,budget,2,100,false,6,2780,311,414,0,0.5416666666666666,0.2638888888888889,0.05555555555555555,0.1388888888888889,14,9,normal,false,4,44,0,9310,7610,2970,9880,false,true,true,9450,10,20320,62,1,3
105,lookahead,25768,58,28,budget,2,100,true,7,3690,228,335,0.1206896551724138,0.5172413793103449,0.1206896551724138,0.06896551724137931,0.1724137931034483,10,3,normal,false,9,29,1533,6785,1670,4380,11400,false,true,false,13560,10,12208,48,2,4|3
106,lookahead,24528,70,40,budget,2,100,true,6,1680,262,371,0.014285714285714285,0.5714285714285714,0.22857142857142856,0.04285714285714286,0.14285714285714285,13,5,normal,false,6,44,273,10070,4270,4275,5640,false,true,true,5640,10,18888,60,1,12
107,lookahead,10145,48,18,budget,0,94,true,5,920,169,265,0.020833333333333332,0.8333333333333334,0.125,0.020833333333333332,0,9,2,normal,false,5,27,15,8215,1780,135,0,true,false,false,0,0,10145,48,0,
108,lookahead,51970,119,89,budget,7,100,true,6,3340,421,551,0.008403361344537815,0.3949579831932773,0.21008403361344538,0.09243697478991597,0.29411764705882354,26,3,crash,false,7,67,0,8100,8810,5820,29240,false,true,false,27010,35,24960,84,7,4|2|5|2|2|5|2
109,lookahead,4128,30,0,budget,0,56,true,5,750,81,119,0.1,0.9,0,0,0,2,5,normal,false,3,13,58,4070,0,0,0,false,false,true,0,0,4128,30,0,
110,lookahead,6541,30,0,budget,0,52,true,5,1010,97,177,0.06666666666666667,0.9333333333333333,0,0,0,1,22,normal,false,4,14,196,6345,0,0,0,false,false,true,0,0,6541,30,0,
111,lookahead,10725,43,13,budget,1,100,true,5,1020,143,216,0.13953488372093023,0.6976744186046512,0.046511627906976744,0,0.11627906976744186,5,5,normal,false,8,21,700,5345,980,180,3520,false,false,false,2760,5,7965,38,1,2
112,lookahead,8579,42,12,budget,0,81,true,6,1980,123,194,0.09523809523809523,0.8095238095238095,0.09523809523809523,0,0,9,3,normal,false,6,21,399,5240,2940,0,0,false,false,true,0,0,8579,42,0,
113,lookahead,38710,113,83,budget,5,100,true,6,2375,380,510,0,0.5752212389380531,0.18584070796460178,0.017699115044247787,0.22123893805309736,29,10,normal,false,6,65,70,9000,9900,4320,15420,false,true,false,14635,25,24075,88,5,3|3|3|5|3
114,lookahead,3740,30,0,budget,0,62,true,4,600,76,116,0.06666666666666667,0.9333333333333333,0,0,0,1,6,crash,false,3,15,75,3665,0,0,0,false,false,false,0,0,3740,30,0,
115,lookahead,4600,30,0,budget,0,50,true,5,975,79,149,0.3,0.7,0,0,0,3,7,normal,false,4,12,680,3920,0,0,0,false,false,false,0,0,4600,30,0,
116,lookahead,15139,60,30,budget,2,100,true,5,810,204,301,0.13333333333333333,0.5,0.13333333333333333,0.06666666666666667,0.16666666666666666,9,9,normal,false,6,30,394,7945,2780,1620,2400,false,false,false,2340,10,12799,50,2,7|4
117,lookahead,10015,44,14,budget,0,98,true,5,915,149,225,0,0.8409090909090909,0.09090909090909091,0.06818181818181818,0,7,19,normal,false,5,22,70,7860,1230,855,0,true,true,true,0,0,10015,44,0,
118,lookahead,11114,43,13,budget,1,100,true,5,1600,161,214,0.11627906976744186,0.6744186046511628,0.06976744186046512,0.023255813953488372,0.11627906976744186,4,3,normal,false,6,17,354,6215,670,1035,2840,false,false,false,3780,5,7334,38,0,
119,lookahead,6275,32,2,budget,0,73,true,6,1495,104,136,0.03125,0.96875,0,0,0,2,2,normal,false,11,10,85,6010,180,0,0,false,false,false,0,0,6275,32,0,
120,lookahead,5606,38,8,budget,0,80,true,6,1005,97,149,0.10526315789473684,0.868421052631579,0.02631578947368421,0,0,4,15,normal,false,6,14,151,4915,540,0,0,false,false,false,0,0,5606,38,0,
121,lookahead,6154,40,10,budget,0,85,true,4,540,119,193,0.2,0.65,0.15,0,0,7,1,normal,false,5,19,1069,3585,1020,480,0,false,false,false,0,0,6154,40,0,
122,lookahead,6826,38,8,budget,0,87,true,4,1260,107,184,0.10526315789473684,0.7631578947368421,0.13157894736842105,0,0,6,2,normal,false,4,19,481,4295,1780,270,0,false,false,false,0,0,6826,38,0,
123,lookahead,735,5,0,lock,0,54,false,3,285,11,21,0,1,0,0,0,0,-1,normal,false,3,2,0,735,0,0,0,false,false,false,0,0,735,5,0,
124,lookahead,7391,44,14,budget,0,98,true,5,1140,115,178,0.09090909090909091,0.7727272727272727,0.11363636363636363,0.022727272727272728,0,9,2,normal,false,5,22,136,5240,1610,405,0,true,true,true,0,0,7391,44,0,
125,lookahead,9349,42,12,budget,0,94,true,5,795,136,224,0.14285714285714285,0.7380952380952381,0.11904761904761904,0,0,7,6,crash,false,7,23,664,6480,1260,945,0,true,false,false,0,0,9349,42,0,
126,lookahead,16185,57,27,budget,1,100,true,6,2240,208,289,0.017543859649122806,0.7192982456140351,0.17543859649122806,0,0.08771929824561403,10,8,normal,false,5,29,230,7845,2820,270,5020,false,false,false,5330,5,10855,52,0,
127,lookahead,4785,30,0,budget,0,66,true,3,660,79,159,0.03333333333333333,0.9666666666666667,0,0,0,0,-1,crash,false,4,13,0,4785,0,0,0,false,false,false,0,0,4785,30,0,
128,lookahead,6466,36,6,budget,0,80,true,5,1260,109,193,0.3055555555555556,0.6944444444444444,0,0,0,6,2,normal,false,3,20,541,5385,540,0,0,false,false,false,0,0,6466,36,0,
129,lookahead,5661,32,2,budget,0,73,true,5,1050,94,166,0.15625,0.8125,0.03125,0,0,3,2,crash,false,6,13,356,5215,90,0,0,false,false,false,0,0,5661,32,0,
130,lookahead,165,2,0,lock,0,50,false,2,135,3,6,0,1,0,0,0,0,-1,normal,false,2,0,0,165,0,0,0,false,false,false,0,0,165,2,0,
131,lookahead,6885,36,6,budget,0,83,true,5,780,117,173,0.027777777777777776,0.8611111111111112,0.1111111111111111,0,0,2,1,crash,false,9,14,90,5035,1760,0,0,false,false,false,0,0,6885,36,0,
132,lookahead,4029,30,0,budget,0,50,true,4,750,72,141,0.43333333333333335,0.5666666666666667,0,0,0,2,25,normal,false,10,9,794,3235,0,0,0,false,false,true,0,0,4029,30,0,
133,lookahead,21760,49,19,budget,1,100,true,6,4260,188,282,0.04081632653061224,0.6938775510204082,0.14285714285714285,0.02040816326530612,0.10204081632653061,8,10,normal,false,5,23,195,6160,2370,3195,9840,false,true,false,8420,5,13340,44,1,5
134,lookahead,6101,30,0,budget,0,62,true,4,680,100,181,0.13333333333333333,0.8666666666666667,0,0,0,1,15,crash,false,3,15,271,5830,0,0,0,false,false,true,0,0,6101,30,0,
135,lookahead,9402,43,13,budget,1,100,true,6,1210,120,200,0.16279069767441862,0.5813953488372093,0.11627906976744186,0.023255813953488372,0.11627906976744186,6,1,crash,false,5,20,437,5155,1080,1710,1020,false,false,false,990,5,8412,38,1,6
136,lookahead,5651,30,0,budget,0,56,true,5,1080,91,168,0.2,0.8,0,0,0,3,6,crash,false,5,15,456,5195,0,0,0,false,false,false,0,0,5651,30,0,
137,lookahead,32340,81,51,budget,3,100,true,6,2120,304,430,0,0.654320987654321,0.14814814814814814,0.012345679012345678,0.18518518518518517,17,1,normal,false,5,43,30,8595,8160,2715,12840,false,true,true,12830,15,19510,66,3,3|2|5
138,lookahead,58195,127,97,budget,5,100,false,6,3580,469,642,0,0.4330708661417323,0.28346456692913385,0.08661417322834646,0.1968503937007874,37,1,normal,false,5,78,0,6955,18900,8040,24300,false,true,false,24620,25,33575,102,5,3|5|3|7|3
139,lookahead,23287,81,51,budget,3,100,true,6,1320,242,385,0.09876543209876543,0.5061728395061729,0.1728395061728395,0.037037037037037035,0.18518518518518517,17,6,normal,false,7,45,592,8365,3530,3060,7740,false,false,true,6810,15,16477,66,3,3|2|4
140,lookahead,5385,30,0,budget,0,64,false,5,750,95,148,0,1,0,0,0,0,-1,normal,false,4,16,0,5385,0,0,0,false,false,true,0,0,5385,30,0,
141,lookahead,34558,74,44,budget,4,100,true,11,8775,286,417,0.05405405405405406,0.4594594594594595,0.14864864864864866,0.06756756756756757,0.2702702702702703,13,1,normal,false,5,39,713,9220,5700,10545,8380,false,true,false,7970,20,26588,54,4,3|4|3|3
142,lookahead,6253,36,6,budget,0,80,true,6,900,118,157,0.08333333333333333,0.8611111111111112,0.05555555555555555,0,0,4,7,normal,false,5,18,93,5410,750,0,0,false,false,false,0,0,6253,36,0,
143,lookahead,32735,73,43,budget,3,100,true,7,4380,245,364,0,0.5205479452054794,0.1917808219178082,0.0821917808219178,0.2054794520547945,15,2,normal,false,5,40,90,6435,3780,6690,15740,false,true,true,13160,15,19575,58,3,8|9|3
144,lookahead,13830,49,19,budget,1,100,true,5,1620,170,253,0,0.7959183673469388,0.08163265306122448,0.02040816326530612,0.10204081632653061,6,2,normal,false,7,25,30,7955,2010,135,3700,false,false,false,3790,5,10040,44,0,
145,lookahead,5740,38,8,budget,0,92,true,5,780,113,156,0.05263157894736842,0.868421052631579,0.05263157894736842,0.02631578947368421,0,6,9,normal,false,5,16,90,4915,600,135,0,true,false,false,0,0,5740,38,0,
146,lookahead,16840,55,25,budget,1,100,true,5,1680,167,251,0.01818181818181818,0.6363636363636364,0.18181818181818182,0.07272727272727272,0.09090909090909091,10,2,normal,false,15,24,75,4625,2050,6510,3580,false,true,true,2200,5,14640,50,1,7
147,lookahead,34440,73,43,budget,3,100,true,7,5940,243,386,0.0273972602739726,0.547945205479452,0.1917808219178082,0.0273972602739726,0.2054794520547945,16,1,normal,false,5,43,100,5990,5160,7770,15420,false,true,true,10140,15,24300,58,3,4|2|3
148,lookahead,5400,38,8,budget,0,80,false,4,660,112,141,0,0.9736842105263158,0.02631578947368421,0,0,4,5,normal,false,9,14,0,4170,1230,0,0,false,false,false,0,0,5400,38,0,
149,lookahead,22805,66,36,budget,2,100,true,6,4000,223,306,0,0.6363636363636364,0.19696969696969696,0.015151515151515152,0.15151515151515152,14,24,normal,false,3,43,120,6385,4070,1650,10580,false,false,true,8580,10,14225,56,2,2|5
150,lookahead,47435,92,62,budget,4,100,true,6,6260,362,519,0,0.45652173913043476,0.2608695652173913,0.06521739130434782,0.21739130434782608,20,1,normal,false,5,57,170,7560,6670,7095,25940,false,true,true,18260,20,29175,72,4,2|3|2|6
151,lookahead,33318,106,76,budget,2,100,true,6,2160,328,458,0.009433962264150943,0.6037735849056604,0.25471698113207547,0.03773584905660377,0.09433962264150944,30,1,normal,false,7,62,93,9140,7090,7515,9480,false,true,false,10275,10,23043,96,2,8|3
152,lookahead,4393,30,0,budget,0,60,true,5,1035,100,155,0.16666666666666666,0.8333333333333334,0,0,0,2,20,normal,false,4,14,553,3840,0,0,0,false,false,true,0,0,4393,30,0,
153,lookahead,6718,30,0,budget,0,66,true,7,1500,100,151,0.1,0.9,0,0,0,1,23,normal,false,4,14,263,6455,0,0,0,false,false,true,0,0,6718,30,0,
154,lookahead,28385,66,36,budget,4,100,true,6,3120,221,304,0.030303030303030304,0.45454545454545453,0.18181818181818182,0.030303030303030304,0.30303030303030304,10,20,normal,false,5,35,60,5370,2940,855,19160,false,false,false,15920,20,12465,46,4,3|3|2|5
155,lookahead,9048,40,10,budget,0,94,true,5,1650,139,192,0.025,0.85,0.075,0.05,0,5,6,normal,false,7,15,223,4825,3730,270,0,true,false,false,0,0,9048,40,0,
156,lookahead,10805,36,6,budget,0,90,true,6,2605,150,216,0,0.9444444444444444,0.05555555555555555,0,0,2,29,normal,false,7,20,130,6960,1870,1845,0,true,false,false,0,0,10805,36,0,
157,lookahead,24738,80,50,budget,2,100,true,5,2670,225,350,0.025,0.6,0.2,0.05,0.125,20,2,crash,false,10,44,278,5235,6470,3915,8840,false,true,false,7190,10,17548,70,2,3|5
158,lookahead,62215,166,136,budget,6,100,true,6,3240,528,809,0.018072289156626505,0.5180722891566265,0.2469879518072289,0.03614457831325301,0.18072289156626506,47,1,normal,false,5,101,150,12210,13920,6975,28960,false,true,false,26245,30,35970,136,4,2|4|5|6
159,lookahead,43240,101,76,lock,4,100,false,6,4500,334,444,0,0.43564356435643564,0.3069306930693069,0.0594059405940594,0.19801980198019803,27,2,normal,false,9,57,0,5875,8990,7095,21280,false,true,true,21120,20,22120,81,4,2|2|3|3
160,lookahead,6375,34,4,budget,0,78,true,5,690,120,181,0.14705882352941177,0.8529411764705882,0,0,0,3,1,normal,false,7,14,730,5015,630,0,0,false,false,false,0,0,6375,34,0,
161,lookahead,13435,63,33,budget,1,100,true,5,890,171,246,0.015873015873015872,0.6825396825396826,0.1746031746031746,0.047619047619047616,0.07936507936507936,14,11,normal,false,6,30,15,5890,4500,1590,1440,false,false,false,1410,5,12025,58,1,2
162,lookahead,4143,32,2,budget,0,74,true,4,435,83,146,0.09375,0.875,0.03125,0,0,3,1,normal,false,4,13,368,3655,120,0,0,false,false,true,0,0,4143,32,0,
163,lookahead,4163,30,0,budget,0,67,true,4,565,80,129,0.13333333333333333,0.8666666666666667,0,0,0,2,22,normal,false,4,13,233,3930,0,0,0,false,false,true,0,0,4163,30,0,
164,lookahead,6171,44,14,budget,0,90,true,6,1155,93,164,0.06818181818181818,0.75,0.13636363636363635,0.045454545454545456,0,9,2,normal,false,4,21,421,4565,870,315,0,true,false,true,0,0,6171,44,0,
165,lookahead,37925,111,81,budget,3,100,true,9,8580,347,461,0.06306306306306306,0.5765765765765766,0.1891891891891892,0.036036036036036036,0.13513513513513514,32,4,normal,false,5,65,320,8345,9090,1710,18460,false,true,true,18310,15,19615,96,2,2|2
166,lookahead,6643,30,0,budget,0,60,true,5,830,100,185,0.1,0.9,0,0,0,2,5,normal,false,8,15,268,6375,0,0,0,false,false,true,0,0,6643,30,0,
167,lookahead,16953,51,21,budget,1,100,true,7,3435,169,242,0.0196078431372549,0.6862745098039216,0.17647058823529413,0.0196078431372549,0.09803921568627451,9,1,normal,false,5,27,248,6195,2770,2160,5580,false,true,true,6015,5,10938,46,1,3
168,lookahead,32630,85,55,budget,3,100,true,6,2520,302,464,0,0.6235294117647059,0.17647058823529413,0.023529411764705882,0.17647058823529413,16,8,normal,false,5,45,40,10000,6930,2460,13200,false,false,true,11060,15,21570,70,2,5|3
169,lookahead,7175,42,12,budget,0,90,true,6,1100,115,161,0,0.9047619047619048,0.09523809523809523,0,0,5,4,normal,false,5,22,30,4305,2300,540,0,true,false,false,0,0,7175,42,0,
170,lookahead,5617,30,0,budget,0,62,true,7,1365,85,163,0.26666666666666666,0.7333333333333333,0,0,0,4,9,normal,false,6,9,1192,4425,0,0,0,false,false,false,0,0,5617,30,0,
171,lookahead,4640,30,0,budget,0,66,false,5,705,75,132,0,1,0,0,0,0,-1,normal,false,8,9,0,4640,0,0,0,false,false,true,0,0,4640,30,0,
172,lookahead,30674,91,61,budget,1,100,true,6,2660,289,446,0.04395604395604396,0.5604395604395604,0.2857142857142857,0.054945054945054944,0.054945054945054944,29,6,normal,false,7,48,249,6860,7740,8505,7320,false,true,false,5640,5,25034,86,1,6
173,lookahead,31022,92,62,budget,2,100,true,6,1850,274,440,0.10869565217391304,0.40217391304347827,0.30434782608695654,0.07608695652173914,0.10869565217391304,27,5,crash,false,4,54,627,6445,9320,8550,6080,false,false,false,7360,10,23662,82,2,6|6
174,lookahead,5150,32,2,budget,0,83,true,5,1260,86,158,0.25,0.71875,0.03125,0,0,3,13,crash,false,4,15,965,2925,1260,0,0,false,false,true,0,0,5150,32,0,
175,lookahead,19630,70,40,budget,2,100,true,6,1840,246,330,0.04285714285714286,0.6,0.17142857142857143,0.04285714285714286,0.14285714285714285,14,1,normal,false,5,41,195,7205,3940,2610,5680,false,true,true,6290,10,13340,60,2,3|2
176,lookahead,9066,40,10,budget,0,88,true,5,800,148,233,0.125,0.75,0.1,0.025,0,8,1,normal,false,4,26,386,6330,2170,180,0,false,false,false,0,0,9066,40,0,
177,lookahead,4695,22,10,lock,0,91,true,5,810,86,107,0.045454545454545456,0.7727272727272727,0.13636363636363635,0.045454545454545456,0,6,7,deep,false,3,13,125,3030,1540,0,0,true,false,true,0,0,4695,22,0,
178,lookahead,3064,30,0,budget,0,54,true,3,330,62,107,0.26666666666666666,0.7333333333333333,0,0,0,2,16,crash,false,4,11,309,2755,0,0,0,false,false,false,0,0,3064,30,0,
179,lookahead,8714,38,8,budget,0,86,true,5,1370,136,225,0.15789473684210525,0.8157894736842105,0.02631578947368421,0,0,5,20,normal,false,4,18,384,6605,1320,405,0,false,false,false,0,0,8714,38,0,
180,lookahead,6143,30,0,budget,0,67,true,5,810,101,182,0.16666666666666666,0.8333333333333334,0,0,0,2,7,normal,false,4,17,693,5450,0,0,0,false,false,true,0,0,6143,30,0,
181,lookahead,6563,40,10,budget,0,79,true,5,755,127,185,0.05,0.9,0.05,0,0,7,3,normal,false,3,23,258,5825,480,0,0,false,false,true,0,0,6563,40,0,
182,lookahead,18687,56,26,budget,2,100,true,5,1680,199,296,0.125,0.5892857142857143,0.10714285714285714,0,0.17857142857142858,10,2,normal,false,8,29,797,6740,3380,270,7500,false,false,false,5890,10,12797,46,1,4
183,lookahead,4301,30,0,budget,0,64,true,5,835,76,127,0.1,0.9,0,0,0,1,11,normal,false,7,8,271,4030,0,0,0,false,false,false,0,0,4301,30,0,
184,lookahead,5928,34,4,budget,0,83,true,5,1020,100,167,0.11764705882352941,0.7647058823529411,0.11764705882352941,0,0,3,3,normal,false,10,13,138,4530,1260,0,0,false,false,false,0,0,5928,34,0,
185,lookahead,13500,57,27,budget,1,100,true,6,1080,191,263,0,0.6491228070175439,0.21052631578947367,0.05263157894736842,0.08771929824561403,12,10,normal,false,7,30,30,6500,2920,1170,2880,false,true,false,1890,5,11610,52,1,5
186,lookahead,37608,90,60,budget,4,100,true,5,2760,296,427,0,0.6,0.14444444444444443,0.03333333333333333,0.2222222222222222,20,2,normal,false,6,54,323,7390,5800,3015,21080,false,true,false,19710,20,17898,70,3,3|4|3
187,lookahead,4975,30,0,budget,0,62,true,5,585,89,135,0,1,0,0,0,0,-1,normal,false,7,11,135,4840,0,0,0,false,false,false,0,0,4975,30,0,
188,lookahead,6715,30,0,budget,0,69,true,6,855,117,175,0,1,0,0,0,0,-1,normal,false,4,15,110,6605,0,0,0,false,false,false,0,0,6715,30,0,
189,lookahead,7210,36,6,budget,0,90,true,4,840,127,164,0.027777777777777776,0.8611111111111112,0.08333333333333333,0.027777777777777776,0,4,15,normal,false,5,20,15,6130,930,135,0,true,false,true,0,0,7210,36,0,
190,lookahead,74427,164,134,budget,8,100,true,7,3715,580,841,0.042682926829268296,0.42073170731707316,0.24390243902439024,0.04878048780487805,0.24390243902439024,42,1,normal,false,5,97,592,11780,17700,7995,36360,false,true,true,33360,40,41067,124,6,4|2|2|2|6|4
191,lookahead,4530,40,10,budget,0,80,true,4,585,92,159,0.25,0.725,0.025,0,0,8,1,crash,false,6,16,400,3680,450,0,0,false,false,false,0,0,4530,40,0,
192,lookahead,4370,30,0,budget,0,62,true,4,690,79,133,0.1,0.9,0,0,0,3,11,normal,false,3,13,160,4210,0,0,0,false,false,true,0,0,4370,30,0,
193,lookahead,49635,99,69,budget,3,100,false,7,10880,389,515,0,0.5353535353535354,0.25252525252525254,0.06060606060606061,0.15151515151515152,27,3,normal,false,6,59,0,8660,11020,7095,22860,false,true,false,21080,15,28555,84,3,5|3|3
194,lookahead,3782,30,0,budget,0,62,true,4,495,73,138,0.26666666666666666,0.7333333333333333,0,0,0,2,16,crash,false,5,12,642,3140,0,0,0,false,false,true,0,0,3782,30,0,
195,lookahead,10448,36,6,budget,0,83,true,5,1180,145,232,0.027777777777777776,0.8888888888888888,0.08333333333333333,0,0,4,2,normal,false,4,24,418,7530,2500,0,0,false,false,true,0,0,10448,36,0,
196,lookahead,4365,30,0,budget,0,68,true,5,1275,90,116,0.03333333333333333,0.9666666666666667,0,0,0,1,17,normal,false,4,17,15,4350,0,0,0,false,false,true,0,0,4365,30,0,
197,lookahead,10929,52,22,budget,0,98,true,6,1050,157,251,0.057692307692307696,0.5961538461538461,0.2692307692307692,0.07692307692307693,0,10,2,normal,false,9,26,529,4920,4040,1440,0,true,true,false,0,0,10929,52,0,
198,lookahead,16645,68,38,budget,2,100,true,5,1020,229,319,0.029411764705882353,0.6617647058823529,0.11764705882352941,0.04411764705882353,0.14705882352941177,16,1,normal,false,4,36,160,8525,4030,990,2940,false,false,false,2640,10,14005,58,2,3|4
199,lookahead,6420,34,4,budget,0,78,true,5,1010,105,172,0.029411764705882353,0.9411764705882353,0.029411764705882353,0,0,3,8,normal,false,6,13,15,5835,570,0,0,false,false,true,0,0,6420,34,0,
200,lookahead,2615,30,0,budget,0,50,true,5,675,45,125,0.6333333333333333,0.36666666666666664,0,0,0,3,14,crash,false,8,11,1250,1365,0,0,0,false,false,true,0,0,2615,30,0,
201,lookahead,16000,55,25,budget,1,100,true,7,1985,187,270,0.01818181818181818,0.7454545454545455,0.07272727272727272,0.07272727272727272,0.09090909090909091,11,2,normal,false,7,26,40,7585,3080,495,4800,false,true,false,3410,5,12590,50,1,3
202,lookahead,3249,30,0,budget,0,69,true,5,810,61,115,0.23333333333333334,0.7666666666666667,0,0,0,4,14,normal,false,7,12,294,2955,0,0,0,false,false,true,0,0,3249,30,0,
203,lookahead,23352,60,30,budget,2,100,true,7,3800,204,302,0.06666666666666667,0.48333333333333334,0.21666666666666667,0.06666666666666667,0.16666666666666666,11,12,crash,false,7,28,302,6750,4590,1170,10540,false,true,true,6805,10,16547,50,2,5|2
204,lookahead,6178,30,0,budget,0,67,true,6,1223,96,153,0.06666666666666667,0.9333333333333333,0,0,0,2,24,normal,false,8,13,178,6000,0,0,0,false,false,false,0,0,6178,30,0,
205,lookahead,10497,40,10,budget,0,87,true,7,3610,121,217,0.2,0.725,0.075,0,0,6,7,normal,false,6,19,1317,3950,5230,0,0,false,false,false,0,0,10497,40,0,
206,lookahead,5658,30,0,budget,0,56,true,5,570,86,168,0.06666666666666667,0.9333333333333333,0,0,0,2,16,normal,false,3,15,428,5230,0,0,0,false,false,true,0,0,5658,30,0,
207,lookahead,25361,88,58,budget,2,100,true,8,3180,256,393,0.045454545454545456,0.5795454545454546,0.23863636363636365,0.022727272727272728,0.11363636363636363,22,9,normal,false,6,44,481,7090,8290,1260,8240,false,false,false,8890,10,16471,78,2,2|2
208,lookahead,3596,30,0,budget,0,54,true,3,440,69,134,0.13333333333333333,0.8666666666666667,0,0,0,3,11,normal,false,6,17,471,3125,0,0,0,false,false,false,0,0,3596,30,0,
209,lookahead,3782,29,0,lock,0,64,true,5,630,65,118,0.20689655172413793,0.7931034482758621,0,0,0,3,10,normal,false,3,12,212,3570,0,0,0,false,false,true,0,0,3782,29,0,
210,lookahead,114671,221,209,lock,13,100,true,7,6380,789,1185,0.04072398190045249,0.2986425339366516,0.28054298642533937,0.08597285067873303,0.29411764705882354,65,2,normal,false,4,141,621,10650,26450,16770,60180,false,true,true,59215,65,55456,156,12,4|7|6|3|2|5|2|3|3|7|3|4
211,lookahead,30170,41,48,lock,4,100,false,5,4020,145,233,0,0.0975609756097561,0.34146341463414637,0.12195121951219512,0.43902439024390244,14,3,frenzy,false,3,30,0,960,2870,4440,21900,false,false,true,20480,18,9690,23,4,7|7|3|4
212,lookahead,31576,65,35,budget,3,100,true,7,6300,215,360,0.046153846153846156,0.5076923076923077,0.18461538461538463,0.03076923076923077,0.23076923076923078,13,6,normal,false,5,32,341,7725,2430,1980,19100,false,false,true,17660,15,13916,50,3,3|5|5
213,lookahead,22518,73,43,budget,1,100,true,6,1410,225,354,0.0273972602739726,0.6164383561643836,0.2465753424657534,0.0410958904109589,0.0684931506849315,20,1,normal,false,5,43,233,9280,4080,5145,3780,false,true,false,4290,5,18228,68,1,6
214,lookahead,89933,220,190,budget,10,100,true,6,4060,748,1055,0.004545454545454545,0.41363636363636364,0.2818181818181818,0.07272727272727272,0.22727272727272727,62,1,normal,false,8,130,303,12500,24650,9720,42760,false,true,true,38485,50,51448,170,8,4|2|3|3|3|3|3|3
215,lookahead,40053,101,71,budget,3,100,true,6,4680,354,522,0.019801980198019802,0.5346534653465347,0.2376237623762376,0.0594059405940594,0.1485148514851485,25,7,normal,false,5,61,458,9060,7200,9135,14200,false,true,true,15030,15,25023,86,3,3|7|2
216,lookahead,6905,42,12,budget,0,93,true,5,1005,124,166,0.023809523809523808,0.8333333333333334,0.11904761904761904,0.023809523809523808,0,6,2,normal,false,3,23,45,5780,900,180,0,true,false,true,0,0,6905,42,0,
217,lookahead,5003,30,0,budget,0,52,true,5,765,81,126,0.1,0.9,0,0,0,2,5,normal,false,6,12,68,4935,0,0,0,false,false,false,0,0,5003,30,0,
218,lookahead,35770,72,42,budget,2,100,true,7,6120,242,396,0.013888888888888888,0.5833333333333334,0.19444444444444445,0.06944444444444445,0.1388888888888889,15,1,crash,false,8,40,75,7020,6030,3225,19420,false,true,false,17760,10,18010,62,2,4|5
219,lookahead,6580,38,8,budget,0,80,true,7,1440,114,160,0,0.9210526315789473,0.07894736842105263,0,0,3,2,normal,false,5,23,30,5980,570,0,0,false,false,true,0,0,6580,38,0,
220,lookahead,3480,24,6,lock,0,84,false,4,860,60,77,0,0.8333333333333334,0.16666666666666666,0,0,3,1,normal,false,4,10,0,2220,1260,0,0,false,false,false,0,0,3480,24,0,
221,lookahead,5720,42,12,budget,0,91,true,5,855,110,166,0.023809523809523808,0.9285714285714286,0.023809523809523808,0.023809523809523808,0,6,3,normal,false,10,19,450,3425,1710,135,0,true,false,true,0,0,5720,42,0,
222,lookahead,23720,56,26,budget,2,100,true,8,5880,191,260,0.017857142857142856,0.6428571428571429,0.14285714285714285,0.017857142857142856,0.17857142857142858,9,8,normal,false,5,34,20,5950,1840,270,15640,false,false,false,8630,10,15090,46,2,2|4
223,lookahead,24361,57,35,lock,3,100,true,6,4080,208,296,0.08771929824561403,0.40350877192982454,0.17543859649122806,0.08771929824561403,0.24561403508771928,12,11,frenzy,false,5,31,136,5225,3440,5520,10040,false,true,true,11180,14,13181,43,3,4|3|7
224,lookahead,6775,30,0,budget,0,69,true,6,880,103,179,0.03333333333333333,0.9666666666666667,0,0,0,0,-1,crash,false,4,15,60,6715,0,0,0,false,false,false,0,0,6775,30,0,
225,lookahead,8546,32,2,budget,0,83,true,8,2820,108,175,0.15625,0.78125,0.0625,0,0,4,1,normal,false,6,15,711,4895,2940,0,0,false,false,true,0,0,8546,32,0,
226,lookahead,3928,30,0,budget,0,65,true,4,655,77,119,0.1,0.9,0,0,0,1,6,crash,false,5,10,38,3890,0,0,0,false,false,false,0,0,3928,30,0,
227,lookahead,10920,58,28,budget,0,87,true,6,2040,152,231,0.05172413793103448,0.7586206896551724,0.1896551724137931,0,0,15,3,crash,false,4,35,130,5225,4890,675,0,false,false,false,0,0,10920,58,0,
228,lookahead,5990,32,2,budget,0,71,true,5,1130,98,153,0.3125,0.6875,0,0,0,4,18,normal,false,7,14,425,5385,180,0,0,false,false,false,0,0,5990,32,0,
229,lookahead,4789,30,0,budget,0,65,true,5,810,72,144,0.2,0.8,0,0,0,3,21,normal,false,7,14,899,3890,0,0,0,false,false,true,0,0,4789,30,0,
230,lookahead,21858,57,27,budget,3,100,true,5,3380,173,253,0.07017543859649122,0.49122807017543857,0.10526315789473684,0.07017543859649122,0.2631578947368421,11,5,normal,false,6,25,178,4545,550,3165,13420,false,true,true,12130,15,9728,42,3,4|5|3
231,lookahead,28020,100,70,budget,2,100,true,5,1770,317,429,0.01,0.53,0.28,0.08,0.1,28,4,normal,false,7,67,75,6750,10970,4785,5440,false,false,true,4050,10,23970,90,2,7|2
232,lookahead,12946,43,13,budget,1,100,true,5,2520,162,227,0.023255813953488372,0.813953488372093,0.046511627906976744,0,0.11627906976744186,4,2,normal,false,3,24,361,6495,1190,0,4900,false,false,false,2610,5,10336,38,0,
233,lookahead,4434,30,0,budget,0,66,true,5,705,78,123,0.13333333333333333,0.8666666666666667,0,0,0,2,15,normal,false,5,15,369,4065,0,0,0,false,false,false,0,0,4434,30,0,
234,lookahead,8161,37,7,budget,1,100,true,4,2040,115,157,0.16216216216216217,0.6486486486486487,0.05405405405405406,0,0.13513513513513514,4,1,normal,false,5,12,221,4140,500,0,3300,false,false,true,3590,5,4571,32,1,2
235,lookahead,14926,59,29,budget,1,100,true,5,1620,178,256,0.06779661016949153,0.6101694915254238,0.22033898305084745,0.01694915254237288,0.0847457627118644,14,9,normal,false,10,29,461,5565,2780,2700,3420,false,true,false,2040,5,12886,54,1,8
236,lookahead,12510,51,21,budget,1,100,false,4,1200,162,232,0,0.7254901960784313,0.11764705882352941,0.058823529411764705,0.09803921568627451,8,2,normal,false,5,27,0,6215,1660,1035,3600,false,false,false,2490,5,10020,46,1,3
237,lookahead,10280,47,17,budget,1,100,true,5,1860,105,170,0.02127659574468085,0.6808510638297872,0.1702127659574468,0.02127659574468085,0.10638297872340426,6,6,crash,false,10,22,0,3175,1830,1035,4240,false,false,false,3840,5,6440,42,1,2
238,lookahead,18854,57,27,budget,1,100,true,4,2440,177,294,0.05263157894736842,0.6491228070175439,0.14035087719298245,0.07017543859649122,0.08771929824561403,11,2,normal,false,4,33,539,5250,5170,1455,6440,false,false,false,5340,5,13514,52,1,5
239,lookahead,8715,34,4,budget,0,79,true,6,1245,122,191,0.029411764705882353,0.9117647058823529,0.058823529411764705,0,0,3,6,normal,false,4,17,105,8340,270,0,0,false,false,false,0,0,8715,34,0,
240,lookahead,9306,40,10,budget,0,78,true,7,1675,149,222,0.05,0.85,0.1,0,0,6,12,normal,false,4,24,261,8615,430,0,0,false,false,false,0,0,9306,40,0,
241,lookahead,5059,30,0,budget,0,60,true,5,915,85,153,0.3,0.7,0,0,0,1,19,crash,false,4,12,779,4280,0,0,0,false,false,false,0,0,5059,30,0,
242,lookahead,5748,30,0,budget,0,64,true,5,930,96,167,0.2,0.8,0,0,0,3,14,normal,false,8,12,498,5250,0,0,0,false,false,true,0,0,5748,30,0,
243,lookahead,25265,67,37,budget,3,100,true,4,3650,262,365,0.014925373134328358,0.582089552238806,0.11940298507462686,0.05970149253731343,0.22388059701492538,11,2,normal,false,5,40,315,7655,2620,1995,12680,false,false,true,11450,15,13815,52,3,3|2|3
244,lookahead,5324,30,0,budget,0,63,true,5,730,91,168,0.23333333333333334,0.7666666666666667,0,0,0,2,12,crash,false,3,16,879,4445,0,0,0,false,false,false,0,0,5324,30,0,
245,lookahead,39723,82,52,budget,4,100,true,11,11430,282,430,0.04878048780487805,0.5365853658536586,0.14634146341463414,0.024390243902439025,0.24390243902439024,13,2,normal,false,6,41,203,8010,6010,7080,18420,false,true,true,20985,20,18738,62,3,4|2|4
246,lookahead,3508,32,2,budget,0,77,true,3,360,81,126,0.1875,0.75,0.0625,0,0,3,2,normal,false,4,14,353,2705,450,0,0,false,false,false,0,0,3508,32,0,
247,lookahead,79355,169,139,budget,7,100,true,6,5300,621,867,0.005917159763313609,0.3905325443786982,0.3136094674556213,0.08284023668639054,0.20710059171597633,45,2,normal,false,6,108,165,10765,16400,17565,34460,false,true,false,32155,35,47200,134,7,8|4|4|4|2|3|10
248,lookahead,3785,30,0,budget,0,65,true,5,750,71,114,0.06666666666666667,0.9333333333333333,0,0,0,2,15,normal,false,3,14,60,3725,0,0,0,false,false,true,0,0,3785,30,0,
249,lookahead,14865,54,24,budget,2,100,true,5,1380,164,247,0.037037037037037035,0.6481481481481481,0.1111111111111111,0.018518518518518517,0.18518518518518517,8,2,crash,false,6,25,225,6560,1180,540,6360,false,false,false,5350,10,9515,44,2,2|3
250,lookahead,6249,34,4,budget,0,73,true,6,1065,98,190,0.14705882352941177,0.7941176470588235,0.058823529411764705,0,0,4,5,crash,false,2,19,489,5550,210,0,0,false,false,true,0,0,6249,34,0,
251,lookahead,11974,65,35,budget,1,100,true,5,840,184,277,0.1076923076923077,0.5846153846153846,0.2,0.03076923076923077,0.07692307692307693,18,5,crash,false,4,41,724,6500,3040,450,1260,false,false,true,1320,5,10654,60,1,2
252,lookahead,3445,16,12,lock,0,81,false,5,825,45,70,0,0.875,0.125,0,0,6,9,normal,false,2,11,0,1785,1660,0,0,false,false,true,0,0,3445,16,0,
253,lookahead,12640,57,27,budget,1,100,false,3,1800,174,227,0,0.7543859649122807,0.15789473684210525,0,0.08771929824561403,9,2,normal,false,6,29,0,5110,2960,450,4120,false,true,true,3840,5,8800,52,1,3
254,lookahead,33586,97,67,budget,3,100,true,7,2340,347,490,0.030927835051546393,0.5257731958762887,0.20618556701030927,0.08247422680412371,0.15463917525773196,27,12,normal,false,4,61,296,10780,8910,3240,10360,false,true,false,9040,15,24546,82,3,5|3|3
255,lookahead,47968,74,44,budget,4,100,true,8,6645,286,424,0.013513513513513514,0.527027027027027,0.13513513513513514,0.05405405405405406,0.2702702702702703,12,1,normal,false,6,42,348,5085,4050,11025,27460,false,true,false,26145,20,21823,54,2,2|4
256,lookahead,25219,70,40,budget,2,100,true,6,2820,233,370,0.17142857142857143,0.4142857142857143,0.14285714285714285,0.12857142857142856,0.14285714285714285,17,3,normal,false,5,42,789,6450,2440,7920,7620,false,true,false,6010,10,19209,60,1,2
257,lookahead,6600,25,12,lock,0,88,false,6,1185,89,121,0,0.84,0.08,0.08,0,4,5,normal,false,3,11,0,4650,1680,270,0,false,false,false,0,0,6600,25,0,
258,lookahead,6300,36,6,budget,0,94,true,6,810,107,164,0.1111111111111111,0.75,0.1111111111111111,0.027777777777777776,0,6,1,crash,false,5,17,195,5205,450,450,0,true,false,false,0,0,6300,36,0,
259,lookahead,6621,30,0,budget,0,59,true,6,1125,97,186,0.2,0.8,0,0,0,4,14,normal,false,4,15,711,5910,0,0,0,false,false,true,0,0,6621,30,0,
260,lookahead,6174,32,2,budget,0,76,true,5,825,103,186,0.09375,0.875,0.03125,0,0,2,18,crash,false,7,13,554,5530,90,0,0,false,false,false,0,0,6174,32,0,
261,lookahead,2685,27,6,lock,0,83,false,3,255,58,78,0,0.9259259259259259,0.07407407407407407,0,0,3,9,normal,false,7,7,0,2145,540,0,0,false,false,false,0,0,2685,27,0,
262,lookahead,69535,126,96,budget,6,100,true,9,8490,471,637,0.007936507936507936,0.46825396825396826,0.23809523809523808,0.047619047619047616,0.23809523809523808,31,8,normal,false,11,77,45,7780,14420,10710,36580,false,true,false,38435,30,31100,96,6,2|2|5|2|3|2
263,lookahead,97573,211,181,budget,9,100,true,7,4060,762,1139,0.004739336492890996,0.41706161137440756,0.2938388625592417,0.07109004739336493,0.2132701421800948,60,1,normal,false,5,127,223,16015,28310,15405,37620,false,true,true,35940,45,61633,166,9,6|4|4|2|5|2|9|2|7
264,lookahead,21199,90,60,budget,2,100,true,6,1430,273,375,0.07777777777777778,0.5333333333333333,0.2111111111111111,0.06666666666666667,0.1111111111111111,24,2,normal,false,4,50,274,8500,5420,2745,4260,false,true,false,4270,10,16929,80,2,3|2
265,lookahead,13735,59,29,budget,1,100,false,4,1280,180,248,0,0.7457627118644068,0.13559322033898305,0.03389830508474576,0.0847457627118644,11,3,normal,false,10,27,0,5730,2180,2385,3440,false,false,true,2610,5,11125,54,1,6
266,lookahead,25308,79,49,budget,3,100,true,5,2280,245,351,0.012658227848101266,0.4936708860759494,0.24050632911392406,0.06329113924050633,0.189873417721519,17,6,normal,false,8,41,453,5810,4540,7065,7440,false,true,true,8455,15,16853,64,3,3|2|6
267,lookahead,11653,58,28,budget,0,90,true,5,945,178,284,0.06896551724137931,0.6896551724137931,0.1896551724137931,0.05172413793103448,0,15,1,normal,false,4,32,348,8030,2600,675,0,true,false,false,0,0,11653,58,0,
268,lookahead,8155,52,22,budget,0,94,true,5,735,140,203,0.019230769230769232,0.8269230769230769,0.1346153846153846,0.019230769230769232,0,10,1,normal,false,7,27,210,6220,1410,315,0,true,false,false,0,0,8155,52,0,
269,lookahead,9758,51,21,budget,1,100,true,6,1215,138,216,0.0784313725490196,0.5686274509803921,0.23529411764705882,0.0196078431372549,0.09803921568627451,11,1,normal,false,4,24,208,4920,2020,1410,1200,false,false,true,1110,5,8648,46,1,11
270,lookahead,6120,18,10,lock,0,95,false,6,1635,73,98,0,0.7222222222222222,0.2222222222222222,0.05555555555555555,0,5,2,keto,true,2,11,0,2715,3270,135,0,true,true,false,0,0,6120,18,0,
271,lookahead,12355,44,14,budget,0,95,true,5,1350,136,247,0,0.8409090909090909,0.13636363636363635,0.022727272727272728,0,6,1,normal,false,7,20,120,5945,5210,1080,0,true,true,false,0,0,12355,44,0,
272,lookahead,28535,67,37,budget,3,100,true,6,3960,211,305,0,0.5223880597014925,0.1791044776119403,0.07462686567164178,0.22388059701492538,13,3,normal,false,8,33,30,4410,2730,4785,16580,false,true,false,14630,15,13905,52,3,2|8|2
273,lookahead,41450,103,73,budget,3,100,true,6,3480,356,509,0,0.5339805825242718,0.1941747572815534,0.1262135922330097,0.14563106796116504,27,11,normal,false,4,62,30,8195,9990,11535,11700,false,true,false,10705,15,30745,88,2,4|8
274,lookahead,5678,30,0,budget,0,68,true,5,795,113,167,0.2,0.8,0,0,0,2,11,normal,false,5,15,458,5220,0,0,0,false,false,true,0,0,5678,30,0,
275,lookahead,3866,30,0,budget,0,50,true,6,810,67,122,0.2,0.8,0,0,0,1,25,crash,false,5,10,196,3670,0,0,0,false,false,false,0,0,3866,30,0,
276,lookahead,6858,32,2,budget,0,70,true,4,720,122,205,0.0625,0.9375,0,0,0,3,1,normal,false,4,19,598,6260,0,0,0,false,false,false,0,0,6858,32,0,
277,lookahead,5625,46,16,budget,0,81,true,4,870,112,163,0.043478260869565216,0.8260869565217391,0.13043478260869565,0,0,9,3,crash,false,7,19,45,3900,1680,0,0,false,false,false,0,0,5625,46,0,
278,lookahead,7965,36,6,budget,0,85,true,7,1185,118,177,0.027777777777777776,0.9444444444444444,0.027777777777777776,0,0,3,11,normal,false,7,14,155,7090,720,0,0,false,false,true,0,0,7965,36,0,
279,lookahead,17680,44,14,budget,0,97,true,7,3750,170,287,0.045454545454545456,0.7727272727272727,0.13636363636363635,0.045454545454545456,0,7,9,normal,false,5,26,265,7930,3560,5925,0,true,true,true,0,0,17680,44,0,
280,lookahead,4865,34,4,budget,0,80,true,4,435,92,133,0.029411764705882353,0.9411764705882353,0.029411764705882353,0,0,3,8,normal,false,4,15,55,4540,270,0,0,false,false,true,0,0,4865,34,0,
281,lookahead,15625,41,11,budget,1,100,true,5,3220,143,229,0.12195121951219512,0.6585365853658537,0.07317073170731707,0.024390243902439025,0.12195121951219512,7,1,crash,false,3,21,510,4910,580,765,8860,false,false,false,7210,5,8415,36,1,4
282,lookahead,6522,36,6,budget,0,79,true,6,1325,112,190,0.25,0.6944444444444444,0.05555555555555555,0,0,4,2,crash,false,3,21,537,5265,720,0,0,false,false,false,0,0,6522,36,0,
283,lookahead,4281,32,2,budget,0,79,true,4,635,96,153,0.25,0.71875,0.03125,0,0,3,3,normal,false,5,11,621,3570,90,0,0,false,false,false,0,0,4281,32,0,
284,lookahead,5534,32,2,budget,0,74,true,7,1235,84,141,0.15625,0.84375,0,0,0,2,1,normal,false,5,13,144,5120,270,0,0,false,false,false,0,0,5534,32,0,
285,lookahead,11675,48,18,budget,0,96,true,5,1090,147,237,0.0625,0.75,0.16666666666666666,0.020833333333333332,0,12,10,normal,false,5,28,360,5620,3220,2475,0,true,true,false,0,0,11675,48,0,
286,lookahead,16033,71,41,budget,1,100,true,6,1420,213,348,0.22535211267605634,0.4084507042253521,0.22535211267605634,0.07042253521126761,0.07042253521126761,16,12,crash,false,5,41,1638,6315,2880,3420,1780,false,false,true,1960,5,14073,66,1,6
287,lookahead,2185,20,0,lock,0,62,true,4,345,44,62,0,1,0,0,0,0,-1,normal,false,8,5,30,2155,0,0,0,false,false,false,0,0,2185,20,0,
288,lookahead,25031,70,40,budget,2,100,true,6,3560,251,352,0.05714285714285714,0.6428571428571429,0.11428571428571428,0.04285714285714286,0.14285714285714285,16,1,normal,false,6,43,411,7705,6220,315,10380,false,true,true,7800,10,17231,60,2,2|2
289,lookahead,3102,30,0,budget,0,69,true,4,580,59,119,0.3,0.7,0,0,0,1,27,crash,false,5,10,647,2455,0,0,0,false,false,false,0,0,3102,30,0,
290,lookahead,6924,42,12,budget,0,92,true,6,1140,110,181,0.2619047619047619,0.5952380952380952,0.09523809523809523,0.047619047619047616,0,10,3,crash,false,5,17,829,3785,2040,270,0,true,false,true,0,0,6924,42,0,
291,lookahead,7220,16,21,lock,1,100,false,5,3060,67,77,0,0.5,0.1875,0,0.3125,6,3,keto,false,7,8,0,1010,3270,1800,1140,false,false,true,1490,5,5730,11,0,
292,lookahead,6266,30,0,budget,0,69,true,6,1575,86,139,0.2,0.8,0,0,0,2,9,crash,false,6,12,216,6050,0,0,0,false,false,false,0,0,6266,30,0,
293,lookahead,6265,44,14,budget,0,86,true,6,1095,113,167,0.11363636363636363,0.7727272727272727,0.11363636363636363,0,0,8,1,crash,false,6,19,180,4495,1590,0,0,false,false,false,0,0,6265,44,0,
294,lookahead,14353,59,29,budget,1,100,true,5,1560,184,246,0.03389830508474576,0.5932203389830508,0.2711864406779661,0.01694915254237288,0.0847457627118644,9,4,crash,false,4,32,23,6370,4180,900,2880,false,false,false,1840,5,12513,54,1,9
295,lookahead,9364,44,14,budget,0,92,true,5,825,131,220,0.20454545454545456,0.7045454545454546,0.09090909090909091,0,0,8,3,normal,false,6,24,389,5860,2080,1035,0,true,false,true,0,0,9364,44,0,
296,lookahead,6358,32,2,budget,0,75,true,6,1530,105,177,0.09375,0.875,0.03125,0,0,3,5,normal,false,5,16,263,5915,180,0,0,false,false,false,0,0,6358,32,0,
297,lookahead,41552,117,87,budget,3,100,true,8,2220,400,628,0.042735042735042736,0.5042735042735043,0.27350427350427353,0.05128205128205128,0.1282051282051282,33,1,normal,false,5,72,747,12145,14480,2400,11780,false,true,true,11805,15,29747,102,3,3|3|6
298,lookahead,3385,32,2,budget,0,72,true,4,450,76,109,0.15625,0.8125,0.03125,0,0,4,3,normal,false,7,11,170,3125,90,0,0,false,false,false,0,0,3385,32,0,
299,lookahead,3936,32,2,budget,0,70,true,7,1675,68,110,0.125,0.875,0,0,0,2,5,crash,false,6,9,196,3740,0,0,0,false,false,false,0,0,3936,32,0,
300,lookahead,7200,32,2,budget,0,72,true,7,1330,111,167,0.09375,0.875,0.03125,0,0,3,13,crash,false,6,13,165,6885,150,0,0,false,false,false,0,0,7200,32,0,
301,lookahead,12094,52,22,budget,2,100,true,4,1020,146,201,0.1346153846153846,0.4807692307692308,0.17307692307692307,0.019230769230769232,0.19230769230769232,8,4,normal,false,6,22,189,3525,2790,270,5320,false,false,false,4750,10,7344,42,2,3|5
302,lookahead,20810,67,37,budget,1,100,true,9,2175,232,358,0.014925373134328358,0.7164179104477612,0.16417910447761194,0.029850746268656716,0.07462686567164178,14,10,normal,false,5,43,195,10460,4340,1755,4060,false,false,false,3550,5,17260,62,0,
303,lookahead,5879,34,4,budget,0,80,true,5,1110,92,170,0.17647058823529413,0.7941176470588235,0.029411764705882353,0,0,5,8,normal,false,4,18,414,4855,610,0,0,false,false,true,0,0,5879,34,0,
304,lookahead,33715,93,63,budget,3,100,false,6,3930,296,416,0,0.4838709677419355,0.2903225806451613,0.06451612903225806,0.16129032258064516,24,6,normal,false,12,54,0,5680,7270,4845,15920,false,true,false,13530,15,20185,78,3,4|3|7
305,lookahead,29640,84,54,budget,2,100,false,5,3460,287,392,0,0.5476190476190477,0.2976190476190476,0.03571428571428571,0.11904761904761904,19,2,normal,false,5,44,0,7770,6750,3060,12060,false,true,false,10240,10,19400,74,1,3
306,lookahead,50515,92,62,budget,6,100,true,7,3760,354,482,0.010869565217391304,0.3695652173913043,0.20652173913043478,0.08695652173913043,0.32608695652173914,20,1,normal,false,6,51,255,7025,8120,11055,24060,false,true,true,22720,30,27795,62,5,3|5|8|3|7
307,lookahead,4190,30,0,budget,0,64,true,6,915,66,134,0.4,0.6,0,0,0,5,9,normal,false,6,13,730,3460,0,0,0,false,false,false,0,0,4190,30,0,
308,lookahead,26235,51,21,budget,1,100,true,5,4000,216,327,0.0196078431372549,0.6666666666666666,0.1568627450980392,0.058823529411764705,0.09803921568627451,9,20,normal,false,5,30,75,7675,1370,3075,14040,false,true,true,12050,5,14185,46,1,5
309,lookahead,4840,34,4,budget,0,81,true,4,715,103,137,0,0.9705882352941176,0.029411764705882353,0,0,2,21,normal,false,7,11,60,4690,90,0,0,false,false,true,0,0,4840,34,0,
310,lookahead,7125,46,16,budget,0,96,true,4,945,132,187,0.021739130434782608,0.8043478260869565,0.17391304347826086,0,0,8,3,normal,false,4,25,170,4310,1820,825,0,true,true,true,0,0,7125,46,0,
311,lookahead,7915,43,13,budget,1,100,true,5,840,115,166,0.046511627906976744,0.6976744186046512,0.09302325581395349,0.046511627906976744,0.11627906976744186,6,1,normal,false,7,16,315,4435,990,555,1620,false,true,false,1680,5,6235,38,1,2
312,lookahead,9556,47,17,budget,1,100,true,5,1740,127,169,0.06382978723404255,0.7659574468085106,0.06382978723404255,0,0.10638297872340426,7,1,crash,false,11,15,136,3830,1600,270,3720,false,false,false,3810,5,5746,42,0,
313,lookahead,4385,30,0,budget,0,57,false,5,720,76,118,0,1,0,0,0,0,-1,normal,false,5,11,0,4385,0,0,0,false,false,false,0,0,4385,30,0,
314,lookahead,82430,179,149,budget,9,100,true,8,7665,593,912,0.03910614525139665,0.3743016759776536,0.2569832402234637,0.0782122905027933,0.25139664804469275,58,7,crash,false,5,118,1125,10965,14090,20730,35520,false,true,false,33260,45,49170,134,9,6|3|6|4|2|2|8|5|3
315,lookahead,6418,30,0,budget,0,63,true,5,1100,96,176,0.3,0.7,0,0,0,2,11,crash,false,4,15,513,5905,0,0,0,false,false,true,0,0,6418,30,0,
316,lookahead,21535,74,44,budget,0,96,true,6,2325,236,370,0,0.7432432432432432,0.20270270270270271,0.05405405405405406,0,19,2,normal,false,4,46,60,9805,10590,1080,0,true,true,true,0,0,21535,74,0,
317,lookahead,6406,34,4,budget,0,80,true,5,585,110,182,0.11764705882352941,0.8529411764705882,0.029411764705882353,0,0,4,10,crash,false,8,16,316,5370,720,0,0,false,false,false,0,0,6406,34,0,
318,lookahead,5701,36,6,budget,0,82,true,5,510,111,159,0.05555555555555555,0.8888888888888888,0.05555555555555555,0,0,4,12,normal,false,6,16,391,4710,600,0,0,false,false,false,0,0,5701,36,0,
319,lookahead,5356,30,0,budget,0,62,true,7,1455,83,145,0.2,0.8,0,0,0,3,6,normal,false,8,15,376,4980,0,0,0,false,false,true,0,0,5356,30,0,
320,lookahead,16015,57,27,budget,1,100,true,5,1815,194,273,0.05263157894736842,0.5789473684210527,0.24561403508771928,0.03508771929824561,0.08771929824561403,10,4,crash,false,5,29,165,6340,3590,2580,3340,false,true,false,3100,5,12915,52,1,5
321,lookahead,4591,30,0,budget,0,50,true,6,675,80,147,0.16666666666666666,0.8333333333333334,0,0,0,2,5,normal,false,5,12,861,3730,0,0,0,false,false,false,0,0,4591,30,0,
322,lookahead,10915,46,16,budget,0,93,true,8,1710,154,227,0.021739130434782608,0.8478260869565217,0.10869565217391304,0.021739130434782608,0,7,4,crash,false,7,20,60,6865,2280,1710,0,true,false,false,0,0,10915,46,0,
323,lookahead,5459,34,4,budget,0,76,true,5,670,93,182,0.20588235294117646,0.7352941176470589,0.058823529411764705,0,0,3,19,crash,false,4,16,444,4835,180,0,0,false,false,false,0,0,5459,34,0,
324,lookahead,15640,69,39,budget,3,100,true,4,1080,216,259,0,0.6231884057971014,0.13043478260869565,0.028985507246376812,0.21739130434782608,13,1,normal,false,5,33,30,6305,2440,405,6460,false,true,false,5690,15,9950,54,3,2|5|2
325,lookahead,6247,32,2,budget,0,71,true,5,960,106,195,0.3125,0.6875,0,0,0,4,2,crash,false,2,18,1007,5240,0,0,0,false,false,false,0,0,6247,32,0,
326,lookahead,4069,32,2,budget,0,73,true,5,630,87,130,0.28125,0.71875,0,0,0,4,7,normal,false,7,15,489,3400,180,0,0,false,false,false,0,0,4069,32,0,
327,lookahead,5275,38,8,budget,0,94,true,4,870,96,141,0.05263157894736842,0.7894736842105263,0.15789473684210525,0,0,5,1,normal,false,6,15,60,3685,720,810,0,true,false,true,0,0,5275,38,0,
328,lookahead,14450,52,22,budget,2,100,true,4,1380,145,241,0.19230769230769232,0.4807692307692308,0.09615384615384616,0.038461538461538464,0.19230769230769232,11,1,crash,false,6,27,1245,3080,1460,585,8080,false,false,true,7610,10,6840,42,2,4|2
329,lookahead,9396,38,8,budget,0,83,true,8,4065,111,196,0.13157894736842105,0.7631578947368421,0.10526315789473684,0,0,5,2,crash,false,4,19,296,4040,5060,0,0,false,false,false,0,0,9396,38,0,
330,lookahead,34420,107,77,budget,1,100,false,5,6100,334,491,0,0.5700934579439252,0.3177570093457944,0.06542056074766354,0.04672897196261682,33,4,normal,false,4,66,0,7100,11950,5370,10000,false,true,false,9610,5,24810,102,1,3
331,lookahead,6990,32,10,lock,0,94,true,4,1395,97,141,0,0.78125,0.21875,0,0,5,10,normal,false,7,13,315,3495,1020,2160,0,true,false,false,0,0,6990,32,0,
332,lookahead,5300,30,0,budget,0,58,true,4,605,95,163,0.03333333333333333,0.9666666666666667,0,0,0,1,13,normal,false,4,13,95,5205,0,0,0,false,false,true,0,0,5300,30,0,
333,lookahead,5091,34,4,budget,0,87,true,4,693,95,169,0.14705882352941177,0.7941176470588235,0.058823529411764705,0,0,4,2,crash,false,5,15,796,3945,350,0,0,false,false,true,0,0,5091,34,0,
334,lookahead,5560,36,6,budget,0,89,true,5,570,106,181,0.16666666666666666,0.75,0.08333333333333333,0,0,3,5,crash,false,7,16,385,4380,390,405,0,false,false,false,0,0,5560,36,0,
335,lookahead,10213,42,12,budget,0,87,true,7,915,168,238,0.023809523809523808,0.8809523809523809,0.09523809523809523,0,0,6,4,normal,false,4,23,353,8270,1590,0,0,false,false,true,0,0,10213,42,0,
336,lookahead,5733,30,0,budget,0,50,true,5,875,94,195,0.3,0.7,0,0,0,3,18,crash,false,3,17,583,5150,0,0,0,false,false,false,0,0,5733,30,0,
337,lookahead,5145,36,6,budget,0,78,true,4,585,96,159,0.08333333333333333,0.8333333333333334,0.08333333333333333,0,0,5,1,crash,false,6,15,290,4375,480,0,0,false,false,false,0,0,5145,36,0,
338,lookahead,5794,34,4,budget,0,71,true,4,540,102,167,0.2647058823529412,0.7352941176470589,0,0,0,4,5,crash,false,4,19,619,4935,240,0,0,false,false,true,0,0,5794,34,0,
339,lookahead,6320,32,2,budget,0,80,true,4,570,112,161,0.03125,0.96875,0,0,0,2,8,normal,false,2,18,15,5825,480,0,0,false,false,true,0,0,6320,32,0,
340,lookahead,8465,38,8,budget,0,79,false,6,1515,135,202,0,1,0,0,0,4,4,normal,false,5,18,0,7415,1050,0,0,false,false,false,0,0,8465,38,0,
341,lookahead,40855,117,87,budget,5,100,true,6,3675,338,525,0.008547008547008548,0.47863247863247865,0.23076923076923078,0.06837606837606838,0.21367521367521367,31,9,normal,false,3,71,135,8160,10590,10110,11860,false,false,false,13465,25,27390,92,4,4|7|7|4
342,lookahead,4276,30,4,lock,0,83,true,4,435,83,121,0.13333333333333333,0.7666666666666667,0.1,0,0,3,14,normal,false,8,15,211,3135,930,0,0,false,false,true,0,0,4276,30,0,
343,lookahead,10379,42,12,budget,0,94,true,6,1860,125,199,0.09523809523809523,0.6904761904761905,0.19047619047619047,0.023809523809523808,0,6,4,normal,false,5,23,254,4910,4000,1215,0,true,false,true,0,0,10379,42,0,
344,lookahead,7084,36,6,budget,0,85,true,5,915,112,200,0.1388888888888889,0.75,0.1111111111111111,0,0,5,2,normal,false,4,17,919,5415,750,0,0,false,false,false,0,0,7084,36,0,
345,lookahead,6083,30,0,budget,0,62,true,6,975,95,154,0.1,0.9,0,0,0,1,22,crash,false,4,14,278,5805,0,0,0,false,false,true,0,0,6083,30,0,
346,lookahead,29479,75,45,budget,3,100,true,5,3085,271,365,0.06666666666666667,0.5333333333333333,0.16,0.04,0.2,15,6,normal,false,5,41,134,6015,4860,2130,16340,false,true,true,15485,15,13994,60,3,2|3|2
347,lookahead,4251,30,0,budget,0,63,true,5,610,77,137,0.23333333333333334,0.7666666666666667,0,0,0,2,9,crash,false,5,12,566,3685,0,0,0,false,false,false,0,0,4251,30,0,
348,lookahead,10306,47,17,budget,1,100,true,5,1710,133,189,0.10638297872340426,0.7021276595744681,0.0851063829787234,0,0.10638297872340426,8,2,normal,false,6,17,231,3885,2610,360,3220,false,false,false,3160,5,7146,42,1,2
349,lookahead,4321,30,0,budget,0,69,true,4,345,92,152,0.1,0.9,0,0,0,1,27,crash,false,7,13,666,3655,0,0,0,false,false,true,0,0,4321,30,0,
350,lookahead,4008,30,0,budget,0,65,true,6,675,84,129,0.2,0.8,0,0,0,4,11,normal,false,5,14,923,3085,0,0,0,false,false,false,0,0,4008,30,0,
351,lookahead,42995,90,60,budget,4,100,true,7,6420,296,451,0,0.4666666666666667,0.23333333333333334,0.07777777777777778,0.2222222222222222,22,27,normal,false,6,54,100,6375,5850,2970,27700,false,true,false,25150,20,17845,70,4,6|7|3|3
352,lookahead,8774,49,19,budget,1,100,true,3,1460,130,194,0.14285714285714285,0.6938775510204082,0.061224489795918366,0,0.10204081632653061,7,4,normal,false,11,20,329,3985,810,450,3200,false,false,true,2840,5,5934,44,1,2
353,lookahead,3235,32,2,budget,0,83,true,4,450,59,118,0.1875,0.75,0.0625,0,0,2,2,normal,false,7,13,250,2745,240,0,0,false,false,true,0,0,3235,32,0,
354,lookahead,3336,32,2,budget,0,76,true,3,320,75,129,0.21875,0.78125,0,0,0,4,2,crash,false,6,13,226,2930,180,0,0,false,false,false,0,0,3336,32,0,
355,lookahead,4985,30,0,budget,0,50,true,4,515,89,161,0.23333333333333334,0.7666666666666667,0,0,0,3,15,crash,false,4,15,325,4660,0,0,0,false,false,false,0,0,4985,30,0,
356,lookahead,13970,52,22,budget,0,90,true,6,1120,192,288,0.019230769230769232,0.8461538461538461,0.11538461538461539,0.019230769230769232,0,10,5,normal,false,4,29,45,8995,4660,270,0,true,false,false,0,0,13970,52,0,
357,lookahead,60330,135,105,budget,5,100,true,9,8425,444,636,0.007407407407407408,0.42962962962962964,0.2962962962962963,0.08148148148148149,0.18518518518518517,37,2,normal,false,13,77,15,9755,8500,10740,31320,false,true,true,28495,25,31835,110,5,6|4|3|3|4
358,lookahead,3298,30,0,budget,0,62,true,4,510,65,120,0.13333333333333333,0.8666666666666667,0,0,0,1,20,normal,false,6,10,223,3075,0,0,0,false,false,false,0,0,3298,30,0,
359,lookahead,4733,30,0,budget,0,63,true,6,1655,82,130,0.1,0.9,0,0,0,2,21,normal,false,7,11,328,4405,0,0,0,false,false,false,0,0,4733,30,0,
360,lookahead,5265,38,8,budget,0,80,false,4,1230,108,145,0,0.9473684210526315,0.05263157894736842,0,0,4,3,normal,false,6,13,0,4065,1200,0,0,false,false,false,0,0,5265,38,0,
361,lookahead,11075,55,25,budget,1,100,true,4,1260,150,217,0.01818181818181818,0.7272727272727273,0.14545454545454545,0.01818181818181818,0.09090909090909091,11,1,normal,false,5,29,105,5145,3140,1125,1560,false,false,true,1320,5,9755,50,1,4
362,lookahead,13608,50,20,budget,0,83,true,8,1695,165,270,0.18,0.76,0.06,0,0,13,2,normal,false,6,24,543,7935,5130,0,0,false,false,true,0,0,13608,50,0,
363,lookahead,4026,30,0,budget,0,64,true,5,740,73,138,0.26666666666666666,0.7333333333333333,0,0,0,2,24,crash,false,6,12,311,3715,0,0,0,false,false,false,0,0,4026,30,0,
364,lookahead,7226,30,0,budget,0,60,true,9,2183,104,198,0.2,0.8,0,0,0,3,13,crash,false,7,14,1561,5665,0,0,0,false,false,false,0,0,7226,30,0,
365,lookahead,4015,32,2,budget,0,73,true,4,470,84,124,0.03125,0.9375,0.03125,0,0,2,6,normal,false,5,10,75,3850,90,0,0,false,false,false,0,0,4015,32,0,
366,lookahead,8193,30,0,budget,0,65,true,7,1065,124,198,0.13333333333333333,0.8666666666666667,0,0,0,1,27,crash,false,5,17,178,8015,0,0,0,false,false,true,0,0,8193,30,0,
367,lookahead,11072,45,15,budget,1,100,true,5,2130,135,199,0.15555555555555556,0.6666666666666666,0.06666666666666667,0,0.1111111111111111,8,2,normal,false,7,21,482,4635,1830,765,3360,false,false,false,3510,5,7562,40,1,2
368,lookahead,6941,30,0,budget,0,66,true,7,1280,100,189,0.23333333333333334,0.7666666666666667,0,0,0,2,14,normal,false,7,14,781,6160,0,0,0,false,false,false,0,0,6941,30,0,
369,lookahead,5190,30,0,budget,0,67,true,5,705,88,140,0.1,0.9,0,0,0,2,17,normal,false,5,13,330,4860,0,0,0,false,false,true,0,0,5190,30,0,
370,lookahead,6525,32,2,budget,0,70,true,6,1410,103,157,0.0625,0.9375,0,0,0,2,17,normal,false,5,16,130,6395,0,0,0,false,false,true,0,0,6525,32,0,
371,lookahead,28615,63,33,budget,3,100,true,6,3190,256,348,0.031746031746031744,0.5714285714285714,0.14285714285714285,0.015873015873015872,0.23809523809523808,12,14,normal,false,3,35,555,7850,2130,5040,13040,false,true,false,11120,15,17495,48,3,2|4|4
372,lookahead,39513,120,90,budget,2,100,true,5,2155,421,583,0.016666666666666666,0.43333333333333335,0.3416666666666667,0.125,0.08333333333333333,35,2,crash,false,6,78,383,9010,14500,8460,7160,false,true,false,7190,10,32323,110,2,3|5
373,lookahead,38860,91,61,budget,3,100,true,6,3765,313,464,0,0.5714285714285714,0.18681318681318682,0.07692307692307693,0.16483516483516483,23,20,normal,false,4,54,30,8745,7300,8505,14280,false,true,true,12260,15,26600,76,3,3|2|5
374,lookahead,16475,49,19,budget,1,100,true,7,5740,196,246,0.02040816326530612,0.6938775510204082,0.16326530612244897,0.02040816326530612,0.10204081632653061,8,2,normal,false,11,20,220,6860,1750,585,7060,false,false,false,7390,5,9085,44,1,2
375,lookahead,5638,30,0,budget,0,66,true,6,758,102,162,0.06666666666666667,0.9333333333333333,0,0,0,2,17,normal,false,3,15,248,5390,0,0,0,false,false,false,0,0,5638,30,0,
376,lookahead,5580,30,0,budget,0,53,true,6,1260,80,140,0.03333333333333333,0.9666666666666667,0,0,0,1,10,normal,false,6,7,15,5565,0,0,0,false,false,false,0,0,5580,30,0,
377,lookahead,8805,40,10,budget,0,86,false,4,1230,136,200,0,0.85,0.15,0,0,5,30,normal,false,6,18,0,5745,2520,540,0,false,false,false,0,0,8805,40,0,
378,lookahead,5603,36,6,budget,0,80,true,5,675,101,157,0.05555555555555555,0.9166666666666666,0.027777777777777776,0,0,3,18,crash,false,4,14,23,5310,270,0,0,false,false,false,0,0,5603,36,0,
379,lookahead,17555,75,45,budget,1,100,true,5,1420,233,313,0.013333333333333334,0.64,0.25333333333333335,0.02666666666666667,0.06666666666666667,17,1,normal,false,7,36,45,7515,5090,3105,1800,false,true,false,1480,5,16075,70,1,2
380,lookahead,17711,71,41,budget,1,100,true,6,2220,216,283,0.04225352112676056,0.5915492957746479,0.2535211267605634,0.04225352112676056,0.07042253521126761,17,1,normal,false,9,37,271,6225,3880,1935,5400,false,true,true,5635,5,12076,66,1,6
381,lookahead,60793,148,118,budget,8,100,true,7,2700,493,659,0.02702702702702703,0.35135135135135137,0.2905405405405405,0.060810810810810814,0.2702702702702703,40,2,normal,false,10,87,328,8090,13850,9405,29120,false,true,false,29015,40,31778,108,7,6|5|4|2|2|4|11
382,lookahead,4166,30,0,budget,0,54,true,5,1120,76,156,0.4666666666666667,0.5333333333333333,0,0,0,4,15,normal,false,3,12,1106,3060,0,0,0,false,false,false,0,0,4166,30,0,
383,lookahead,5550,30,0,budget,0,56,true,6,885,86,135,0.03333333333333333,0.9666666666666667,0,0,0,0,-1,crash,false,6,13,0,5550,0,0,0,false,false,false,0,0,5550,30,0,
384,lookahead,3077,30,0,budget,0,67,true,3,430,66,118,0.3,0.7,0,0,0,2,10,crash,false,4,12,547,2530,0,0,0,false,false,false,0,0,3077,30,0,
385,lookahead,3400,30,0,budget,0,69,false,4,405,77,104,0,1,0,0,0,0,-1,normal,false,3,14,0,3400,0,0,0,false,false,false,0,0,3400,30,0,
386,lookahead,35125,98,68,budget,4,100,false,4,3120,341,429,0,0.5102040816326531,0.24489795918367346,0.04081632653061224,0.20408163265306123,24,4,normal,false,9,55,0,6540,7090,1995,19500,false,true,false,17210,20,17915,78,4,2|5|4|6
387,lookahead,78225,162,132,budget,8,100,true,5,3620,574,811,0.006172839506172839,0.4567901234567901,0.2037037037037037,0.08641975308641975,0.24691358024691357,46,1,normal,false,9,86,75,8590,14680,10920,43960,false,true,false,39890,40,38335,122,8,3|5|3|2|2|2|4|3
388,lookahead,4313,30,0,budget,0,62,true,5,645,88,134,0.06666666666666667,0.9333333333333333,0,0,0,1,29,normal,false,3,12,98,4215,0,0,0,false,false,true,0,0,4313,30,0,
389,lookahead,6439,32,2,budget,0,77,true,6,1295,90,180,0.21875,0.78125,0,0,0,4,4,normal,false,6,14,384,5815,240,0,0,false,false,false,0,0,6439,32,0,
390,lookahead,8300,36,6,budget,0,84,false,6,1600,122,176,0,0.7222222222222222,0.2777777777777778,0,0,2,2,normal,false,5,14,0,5980,2320,0,0,false,false,false,0,0,8300,36,0,
391,lookahead,3199,30,0,budget,0,62,true,3,345,69,130,0.36666666666666664,0.6333333333333333,0,0,0,5,13,crash,false,6,11,464,2735,0,0,0,false,false,false,0,0,3199,30,0,
392,lookahead,13240,49,19,budget,1,100,true,6,1800,155,237,0.04081632653061224,0.673469387755102,0.16326530612244897,0.02040816326530612,0.10204081632653061,7,2,normal,false,4,22,45,6610,4200,1125,1260,false,false,true,2580,5,10660,44,1,2
393,lookahead,5643,34,4,budget,0,84,true,5,880,72,160,0.08823529411764706,0.8235294117647058,0.08823529411764706,0,0,4,1,normal,false,7,16,428,4525,690,0,0,false,false,true,0,0,5643,34,0,
394,lookahead,29130,91,61,budget,3,100,true,6,1770,288,444,0.10989010989010989,0.42857142857142855,0.21978021978021978,0.07692307692307693,0.16483516483516483,24,1,crash,false,5,48,1075,6175,7180,6480,8220,false,true,false,8010,15,21120,76,3,6|5|8
395,lookahead,45623,121,91,budget,5,100,true,5,3180,398,558,0.008264462809917356,0.512396694214876,0.2231404958677686,0.049586776859504134,0.2066115702479339,31,12,crash,false,7,72,113,7455,9730,5925,22400,false,false,true,21770,25,23853,96,4,2|4|2|2
396,lookahead,13416,39,13,lock,1,100,true,6,4000,117,182,0.15384615384615385,0.5641025641025641,0.07692307692307693,0.07692307692307693,0.1282051282051282,7,2,normal,false,6,19,436,3805,990,1845,6340,false,true,false,6150,5,7266,34,1,6
397,lookahead,16413,65,35,budget,1,100,true,4,2040,175,287,0.1076923076923077,0.5692307692307692,0.2153846153846154,0.03076923076923077,0.07692307692307693,16,1,crash,false,8,32,398,5035,4050,3510,3420,false,false,false,3330,5,13083,60,1,4
398,lookahead,42915,110,80,budget,4,100,true,7,2655,375,577,0.02727272727272727,0.5181818181818182,0.20909090909090908,0.06363636363636363,0.18181818181818182,30,2,normal,false,6,62,450,9215,11970,5040,16240,false,true,true,16510,20,26405,90,2,3|5
399,lookahead,14450,47,17,budget,1,100,false,6,2640,150,215,0,0.7872340425531915,0.0851063829787234,0.02127659574468085,0.10638297872340426,6,7,normal,false,5,26,0,5740,2200,810,5700,false,true,false,4890,5,9560,42,1,2
400,lookahead,6090,30,0,budget,0,62,true,5,840,97,170,0.1,0.9,0,0,0,1,11,normal,false,4,15,340,5750,0,0,0,false,false,false,0,0,6090,30,0,
401,lookahead,7175,40,10,budget,0,84,true,4,580,125,184,0.025,0.9,0.075,0,0,6,2,normal,false,5,23,135,6140,900,0,0,false,false,false,0,0,7175,40,0,
402,lookahead,21325,76,46,budget,2,100,false,5,1380,244,341,0,0.5526315789473685,0.2236842105263158,0.09210526315789473,0.13157894736842105,15,22,normal,false,5,43,0,6850,5020,2715,6740,false,true,false,5820,10,15505,66,2,4|4
403,lookahead,25915,60,30,budget,2,100,true,7,5820,219,307,0,0.55,0.23333333333333334,0.05,0.16666666666666666,10,25,normal,false,9,29,350,5560,4430,1935,13640,false,true,true,8000,10,17915,50,2,5|5
404,lookahead,5430,30,0,budget,0,65,true,5,630,95,175,0.16666666666666666,0.8333333333333334,0,0,0,2,21,normal,false,5,14,1005,4425,0,0,0,false,false,false,0,0,5430,30,0,
405,lookahead,4799,30,0,budget,0,64,true,4,495,85,159,0.13333333333333333,0.8666666666666667,0,0,0,2,10,normal,false,3,15,484,4315,0,0,0,false,false,true,0,0,4799,30,0,
406,lookahead,4530,30,0,budget,0,68,true,7,1380,77,116,0.06666666666666667,0.9333333333333333,0,0,0,2,4,normal,false,6,9,45,4485,0,0,0,false,false,false,0,0,4530,30,0,
407,lookahead,11660,48,18,budget,0,89,true,6,1125,181,272,0.020833333333333332,0.875,0.08333333333333333,0.020833333333333332,0,8,3,normal,false,3,27,200,8900,2290,270,0,false,false,false,0,0,11660,48,0,
408,lookahead,9775,48,18,budget,0,94,true,4,825,157,240,0,0.7916666666666666,0.1875,0.020833333333333332,0,7,1,normal,false,7,24,420,6340,2070,945,0,true,false,false,0,0,9775,48,0,
409,lookahead,4436,30,0,budget,0,57,true,5,805,80,152,0.36666666666666664,0.6333333333333333,0,0,0,2,10,normal,false,5,12,956,3480,0,0,0,false,false,true,0,0,4436,30,0,
410,lookahead,6084,30,0,budget,0,57,true,6,1340,84,171,0.23333333333333334,0.7666666666666667,0,0,0,2,10,crash,false,5,13,629,5455,0,0,0,false,false,false,0,0,6084,30,0,
411,lookahead,3888,30,0,budget,0,60,true,5,615,84,115,0.03333333333333333,0.9666666666666667,0,0,0,1,19,normal,false,3,11,83,3805,0,0,0,false,false,false,0,0,3888,30,0,
412,lookahead,49363,106,76,budget,6,100,true,8,5580,353,517,0.04716981132075472,0.330188679245283,0.2169811320754717,0.12264150943396226,0.2830188679245283,26,7,normal,false,2,65,603,7415,5790,6735,28820,false,true,true,28105,30,21258,76,6,6|4|3|8|4|6
413,lookahead,128100,236,221,lock,13,100,true,8,5265,862,1190,0.00423728813559322,0.3389830508474576,0.2669491525423729,0.11440677966101695,0.2754237288135593,69,2,normal,false,11,145,105,7935,32710,25590,61760,false,true,true,57025,65,71075,171,12,2|4|3|2|2|5|2|3|5|6|6|3
414,lookahead,37725,88,58,budget,4,100,true,7,3030,320,436,0.011363636363636364,0.4431818181818182,0.26136363636363635,0.056818181818181816,0.22727272727272727,21,1,normal,false,5,53,240,8555,4500,7110,17320,false,true,true,14350,20,23375,68,4,4|3|7|6
415,lookahead,32934,80,50,budget,4,100,true,5,2160,288,393,0.0625,0.4125,0.175,0.1,0.25,16,5,normal,false,5,53,419,6200,4700,5715,15900,false,true,false,13560,20,19374,60,4,2|2|5|4
416,lookahead,29305,94,64,budget,2,100,true,6,2260,297,483,0.02127659574468085,0.7127659574468085,0.10638297872340426,0.05319148936170213,0.10638297872340426,22,2,normal,false,6,52,145,9500,8790,4590,6280,false,true,false,5530,10,23775,84,2,5|5
417,lookahead,30145,79,49,budget,3,100,false,6,2340,249,375,0,0.4936708860759494,0.26582278481012656,0.05063291139240506,0.189873417721519,16,2,normal,false,6,42,0,5785,8790,4050,11520,false,true,false,10320,15,19825,64,3,3|4|5
418,lookahead,19263,64,34,budget,2,100,true,7,1600,223,296,0.015625,0.59375,0.15625,0.078125,0.15625,12,2,normal,false,4,32,173,7595,1880,2835,6780,false,true,true,7250,10,12013,54,1,5
419,lookahead,7835,36,6,budget,0,80,true,5,1265,130,184,0.027777777777777776,0.9444444444444444,0.027777777777777776,0,0,4,6,normal,false,6,17,190,6925,720,0,0,false,false,true,0,0,7835,36,0,
420,lookahead,6503,30,0,budget,0,62,true,7,1360,97,188,0.1,0.9,0,0,0,2,12,normal,false,4,16,823,5680,0,0,0,false,false,false,0,0,6503,30,0,
421,lookahead,20410,56,26,budget,0,99,false,8,6480,184,285,0,0.8035714285714286,0.16071428571428573,0.03571428571428571,0,12,4,normal,false,8,27,0,8030,2840,9540,0,true,true,false,0,0,20410,56,0,
422,lookahead,10435,38,8,budget,0,92,false,7,1530,152,230,0,0.9210526315789473,0.02631578947368421,0.05263157894736842,0,3,23,normal,false,4,21,0,8785,1200,450,0,true,false,false,0,0,10435,38,0,
423,lookahead,3956,30,0,budget,0,63,true,4,555,67,131,0.16666666666666666,0.8333333333333334,0,0,0,1,22,crash,false,3,14,196,3760,0,0,0,false,false,false,0,0,3956,30,0,
424,lookahead,39800,100,79,lock,5,100,false,6,2880,320,454,0,0.45,0.21,0.09,0.25,24,11,normal,false,13,55,0,6085,9740,6495,17480,false,true,false,17740,25,22060,75,4,2|5|4|6
425,lookahead,930,6,2,lock,0,73,false,4,750,12,23,0,0.8333333333333334,0.16666666666666666,0,0,1,2,normal,false,3,2,0,840,90,0,0,false,false,false,0,0,930,6,0,
426,lookahead,27345,92,62,budget,4,100,true,5,2480,308,422,0.010869565217391304,0.5,0.21739130434782608,0.05434782608695652,0.21739130434782608,21,11,normal,false,4,54,40,10300,2070,2415,12520,false,true,false,9170,20,18175,72,4,2|9|7|4
427,lookahead,57776,136,106,budget,8,100,true,7,3760,443,644,0.022058823529411766,0.3235294117647059,0.27205882352941174,0.08823529411764706,0.29411764705882354,37,1,normal,false,5,83,171,7950,12940,7395,29320,false,true,true,26210,40,31566,96,8,3|4|6|5|2|5|3|3
428,lookahead,6556,36,6,budget,0,85,true,6,1155,111,155,0.1111111111111111,0.7777777777777778,0.1111111111111111,0,0,4,1,normal,false,5,16,266,5840,450,0,0,false,false,false,0,0,6556,36,0,
429,lookahead,23823,60,30,budget,2,100,true,5,3660,175,282,0.06666666666666667,0.48333333333333334,0.21666666666666667,0.06666666666666667,0.16666666666666666,14,1,normal,false,9,33,158,3505,3480,6900,9780,false,true,false,8820,10,15003,50,2,10|5
430,lookahead,7073,38,8,budget,0,96,true,6,960,122,180,0.02631578947368421,0.9210526315789473,0.02631578947368421,0.02631578947368421,0,4,12,normal,false,4,19,313,5665,960,135,0,true,true,true,0,0,7073,38,0,
431,lookahead,5854,32,2,budget,0,72,true,6,1095,97,164,0.21875,0.75,0.03125,0,0,3,16,normal,false,7,13,294,5470,90,0,0,false,false,false,0,0,5854,32,0,
432,lookahead,3054,30,0,budget,0,56,true,4,315,64,134,0.4666666666666667,0.5333333333333333,0,0,0,5,13,normal,false,6,12,1104,1950,0,0,0,false,false,true,0,0,3054,30,0,
433,lookahead,6070,38,8,budget,0,86,true,4,720,115,159,0.07894736842105263,0.7631578947368421,0.15789473684210525,0,0,5,12,normal,false,5,19,300,4780,990,0,0,false,false,true,0,0,6070,38,0,
434,lookahead,5715,32,2,budget,0,77,true,5,1055,102,152,0.03125,0.96875,0,0,0,2,12,normal,false,6,15,15,4830,870,0,0,false,false,false,0,0,5715,32,0,
435,lookahead,18298,67,37,budget,1,100,true,6,1800,234,321,0.014925373134328358,0.7164179104477612,0.19402985074626866,0,0.07462686567164178,17,1,normal,false,6,40,198,7390,5330,540,4840,false,false,true,4360,5,13938,62,1,2
436,lookahead,40248,89,59,budget,5,100,true,6,5220,283,431,0.033707865168539325,0.42696629213483145,0.19101123595505617,0.06741573033707865,0.2808988764044944,20,6,normal,false,5,48,528,4585,6040,4035,25060,false,true,false,18070,25,22178,64,5,4|4|2|4|3
437,lookahead,12685,54,24,budget,0,93,false,5,1230,186,275,0,0.8518518518518519,0.14814814814814814,0,0,12,3,normal,false,5,28,0,7945,3840,900,0,true,false,true,0,0,12685,54,0,
438,lookahead,47265,116,86,budget,6,100,false,5,4080,395,559,0,0.4827586206896552,0.21551724137931033,0.04310344827586207,0.25862068965517243,27,10,normal,false,5,66,0,9025,9810,4590,23840,false,true,false,21040,30,26225,86,6,2|5|5|3|2|4
439,lookahead,6709,32,2,budget,0,75,true,5,720,127,177,0.0625,0.90625,0.03125,0,0,2,11,normal,false,4,16,489,6130,90,0,0,false,false,false,0,0,6709,32,0,
440,lookahead,6768,30,0,budget,0,68,true,5,985,99,179,0.06666666666666667,0.9333333333333333,0,0,0,2,11,normal,false,5,12,298,6470,0,0,0,false,false,true,0,0,6768,30,0,
441,lookahead,6036,42,12,budget,0,93,true,4,495,120,181,0.2857142857142857,0.5714285714285714,0.14285714285714285,0,0,9,3,crash,false,6,18,566,4320,880,270,0,true,false,false,0,0,6036,42,0,
442,lookahead,11281,54,24,budget,0,92,true,5,1920,148,233,0.05555555555555555,0.7962962962962963,0.12962962962962962,0.018518518518518517,0,12,8,normal,false,6,28,346,5035,5720,180,0,true,false,false,0,0,11281,54,0,
443,lookahead,23328,69,39,budget,3,100,true,6,2440,221,313,0.043478260869565216,0.5072463768115942,0.18840579710144928,0.043478260869565216,0.21739130434782608,14,1,normal,false,5,34,203,6385,1590,3930,11220,false,true,false,11670,15,11658,54,3,3|5|3
444,lookahead,11165,46,16,budget,0,94,false,4,1545,159,243,0,0.8260869565217391,0.17391304347826086,0,0,6,4,normal,false,8,22,0,6775,1780,2610,0,true,false,false,0,0,11165,46,0,
445,lookahead,34595,76,46,budget,2,100,false,7,4560,286,419,0,0.6447368421052632,0.21052631578947367,0.013157894736842105,0.13157894736842105,17,2,normal,false,12,39,0,10465,4270,5040,14820,false,true,true,14360,10,20235,66,2,6|6
446,lookahead,14347,65,35,budget,1,100,true,4,1620,166,280,0.09230769230769231,0.676923076923077,0.13846153846153847,0.015384615384615385,0.07692307692307693,16,1,normal,false,8,34,442,4985,3880,360,4680,false,false,true,4860,5,9487,60,1,3
447,lookahead,22772,89,59,budget,3,100,true,6,1740,233,363,0.10112359550561797,0.449438202247191,0.21348314606741572,0.06741573033707865,0.16853932584269662,23,3,crash,false,6,45,392,5375,7590,3435,5980,false,true,false,5570,15,17202,74,3,8|9|3
448,lookahead,4599,30,0,budget,0,53,true,5,570,81,133,0.23333333333333334,0.7666666666666667,0,0,0,4,3,normal,false,4,16,324,4275,0,0,0,false,false,false,0,0,4599,30,0,
449,lookahead,7410,36,6,budget,0,81,true,7,1485,114,175,0,0.9444444444444444,0.05555555555555555,0,0,3,2,normal,false,3,19,150,6630,630,0,0,false,false,false,0,0,7410,36,0,
450,lookahead,72998,202,172,budget,8,100,true,6,3030,634,940,0.039603960396039604,0.39603960396039606,0.30198019801980197,0.06435643564356436,0.19801980198019803,64,1,normal,false,7,126,873,12515,20740,14310,24560,false,true,false,21800,40,51198,162,8,3|3|2|2|3|2|9|3
451,lookahead,4869,30,0,budget,0,64,true,6,860,74,136,0.16666666666666666,0.8333333333333334,0,0,0,3,11,normal,false,7,12,424,4445,0,0,0,false,false,true,0,0,4869,30,0,
452,lookahead,5050,36,6,budget,0,80,true,4,620,91,161,0.05555555555555555,0.8888888888888888,0.05555555555555555,0,0,4,1,crash,false,6,19,15,4705,330,0,0,false,false,false,0,0,5050,36,0,
453,lookahead,13360,43,13,budget,1,100,false,5,1740,169,230,0,0.7906976744186046,0.046511627906976744,0.046511627906976744,0.11627906976744186,3,1,normal,false,5,23,0,6985,1650,285,4440,false,false,true,4470,5,8890,38,1,3
454,lookahead,20685,73,43,budget,1,100,true,8,3480,218,324,0.0547945205479452,0.6027397260273972,0.2465753424657534,0.0273972602739726,0.0684931506849315,18,11,normal,false,5,40,135,7455,6750,3645,2700,false,true,false,2760,5,17925,68,1,3
455,lookahead,5824,30,0,budget,0,52,true,7,1850,80,160,0.3,0.7,0,0,0,4,17,crash,false,4,16,639,5185,0,0,0,false,false,false,0,0,5824,30,0,
456,lookahead,7724,30,6,lock,0,80,true,5,2340,98,189,0.3333333333333333,0.6666666666666666,0,0,0,5,12,normal,false,4,13,1029,3845,2850,0,0,false,false,false,0,0,7724,30,0,
457,lookahead,6116,32,2,budget,0,76,true,4,635,88,174,0.15625,0.84375,0,0,0,2,2,crash,false,5,14,106,5830,180,0,0,false,false,false,0,0,6116,32,0,
458,lookahead,9301,40,10,budget,0,83,true,6,1350,129,220,0.075,0.875,0.05,0,0,7,6,crash,false,4,21,556,5625,3120,0,0,false,false,true,0,0,9301,40,0,
459,lookahead,6123,30,0,budget,0,62,true,4,730,102,175,0.1,0.9,0,0,0,1,13,crash,false,3,15,83,6040,0,0,0,false,false,false,0,0,6123,30,0,
460,lookahead,39570,99,69,budget,5,100,true,5,3840,347,511,0,0.45454545454545453,0.23232323232323232,0.06060606060606061,0.25252525252525254,24,4,normal,false,4,56,30,6775,7300,4785,20680,false,true,false,18540,25,21030,74,4,6|2|4|2
461,lookahead,3920,30,0,budget,0,67,false,4,465,82,106,0,1,0,0,0,0,-1,normal,false,7,12,0,3920,0,0,0,false,false,false,0,0,3920,30,0,
462,lookahead,3155,30,0,budget,0,64,true,5,720,63,118,0.26666666666666666,0.7333333333333333,0,0,0,1,21,normal,false,6,10,470,2685,0,0,0,false,false,true,0,0,3155,30,0,
463,lookahead,6280,30,21,lock,1,100,false,3,1080,79,108,0,0.5,0.3333333333333333,0,0.16666666666666666,8,1,normal,false,5,16,0,1540,1980,360,2400,false,false,false,1440,5,4840,25,1,2
464,lookahead,5415,38,8,budget,0,86,false,4,630,102,133,0,0.8157894736842105,0.18421052631578946,0,0,2,1,normal,false,6,13,0,3795,1620,0,0,false,false,false,0,0,5415,38,0,
465,lookahead,34378,104,75,lock,3,100,true,6,1860,365,483,0.019230769230769232,0.6153846153846154,0.17307692307692307,0.04807692307692308,0.14423076923076922,30,1,normal,false,5,65,123,10010,10560,765,12920,false,false,false,10000,15,24378,89,3,3|2|2
466,lookahead,14560,51,21,budget,1,100,true,8,1775,171,256,0,0.7450980392156863,0.11764705882352941,0.0392156862745098,0.09803921568627451,7,1,normal,false,6,25,270,8265,2800,225,3000,false,true,true,2850,5,11710,46,1,4
467,lookahead,12345,59,29,budget,1,100,true,5,1580,167,236,0,0.7457627118644068,0.13559322033898305,0.03389830508474576,0.0847457627118644,12,8,normal,false,5,35,30,5805,2640,270,3600,false,false,true,2190,5,10155,54,1,3
468,lookahead,16209,53,23,budget,1,100,true,6,3150,172,280,0.09433962264150944,0.6037735849056604,0.1509433962264151,0.05660377358490566,0.09433962264150944,11,2,keto,false,8,25,1029,4395,4440,2385,3960,false,true,true,4350,5,11859,48,1,3
469,lookahead,4948,30,0,budget,0,64,true,5,670,82,135,0.13333333333333333,0.8666666666666667,0,0,0,2,25,crash,false,3,16,368,4580,0,0,0,false,false,true,0,0,4948,30,0,
470,lookahead,25638,77,47,budget,1,100,true,7,5180,257,390,0.05194805194805195,0.6753246753246753,0.18181818181818182,0.025974025974025976,0.06493506493506493,22,1,crash,false,7,45,403,8545,5310,2520,8860,false,false,true,9690,5,15948,72,0,
471,lookahead,17018,58,28,budget,2,100,true,6,1740,182,267,0.08620689655172414,0.5689655172413793,0.1724137931034483,0,0.1724137931034483,10,6,normal,false,13,30,303,5775,4220,360,6360,false,false,false,6290,10,10728,48,1,2
472,lookahead,10385,34,4,budget,0,82,true,7,3110,95,190,0.058823529411764705,0.9117647058823529,0.029411764705882353,0,0,3,2,crash,false,5,13,45,6150,4190,0,0,false,false,false,0,0,10385,34,0,
473,lookahead,4674,40,10,budget,0,89,true,4,480,98,148,0.225,0.625,0.125,0.025,0,5,4,crash,false,5,20,309,3600,630,135,0,false,false,false,0,0,4674,40,0,
474,lookahead,94171,181,151,budget,7,100,true,9,12360,636,973,0.07734806629834254,0.36464088397790057,0.287292817679558,0.07734806629834254,0.19337016574585636,55,2,normal,false,5,112,1041,9895,21010,14085,48140,false,true,true,50400,35,43771,146,5,2|2|4|7|3
475,lookahead,6945,38,8,budget,0,81,true,5,1035,122,191,0.07894736842105263,0.8947368421052632,0.02631578947368421,0,0,7,2,normal,false,6,21,445,5250,1250,0,0,false,false,true,0,0,6945,38,0,
476,lookahead,13518,64,34,budget,0,97,true,5,1500,162,240,0.078125,0.53125,0.328125,0.0625,0,16,3,crash,false,6,30,158,5025,4420,3915,0,true,true,false,0,0,13518,64,0,
477,lookahead,7335,34,4,budget,0,75,false,7,1275,119,154,0,0.9411764705882353,0.058823529411764705,0,0,2,2,normal,false,3,18,0,7005,330,0,0,false,false,false,0,0,7335,34,0,
478,lookahead,13975,56,26,budget,0,94,true,5,1815,187,300,0.03571428571428571,0.7678571428571429,0.19642857142857142,0,0,12,4,crash,false,9,32,435,8325,3460,1755,0,true,false,true,0,0,13975,56,0,
479,lookahead,12589,45,15,budget,1,100,true,4,2700,131,202,0.17777777777777778,0.5111111111111111,0.15555555555555556,0.044444444444444446,0.1111111111111111,8,2,normal,false,7,23,574,3765,2580,630,5040,false,false,true,4890,5,7699,40,1,6
480,lookahead,3748,30,0,budget,0,66,true,4,590,83,112,0.06666666666666667,0.9333333333333333,0,0,0,1,24,normal,false,5,13,188,3560,0,0,0,false,false,false,0,0,3748,30,0,
481,lookahead,8604,36,6,budget,0,82,true,5,1030,112,220,0.2222222222222222,0.6944444444444444,0.08333333333333333,0,0,4,1,normal,false,6,21,694,6530,1380,0,0,false,false,true,0,0,8604,36,0,
482,lookahead,8556,44,14,budget,0,90,true,4,555,130,207,0.09090909090909091,0.75,0.11363636363636363,0.045454545454545456,0,8,1,normal,false,6,20,546,4730,2290,990,0,true,false,false,0,0,8556,44,0,
483,lookahead,6765,44,14,budget,0,91,true,4,635,126,182,0.022727272727272728,0.8181818181818182,0.09090909090909091,0.06818181818181818,0,6,9,crash,false,5,17,50,5430,610,675,0,true,false,false,0,0,6765,44,0,
484,lookahead,4380,36,6,budget,0,83,false,4,660,82,120,0,0.9166666666666666,0.08333333333333333,0,0,3,2,normal,false,6,19,0,3390,990,0,0,false,false,false,0,0,4380,36,0,
485,lookahead,7720,30,0,budget,0,64,true,6,1100,114,181,0,1,0,0,0,0,-1,normal,false,3,15,60,7660,0,0,0,false,false,true,0,0,7720,30,0,
486,lookahead,11298,47,17,budget,1,100,true,4,1045,154,219,0.0425531914893617,0.6382978723404256,0.1702127659574468,0.0425531914893617,0.10638297872340426,6,16,normal,false,4,24,113,5395,2040,810,2940,false,true,true,2850,5,8448,42,1,2
487,lookahead,4537,30,0,budget,0,62,true,5,780,84,163,0.43333333333333335,0.5666666666666667,0,0,0,3,9,normal,false,4,12,1102,3435,0,0,0,false,false,true,0,0,4537,30,0,
488,lookahead,4405,30,0,budget,0,55,true,4,690,83,133,0.16666666666666666,0.8333333333333334,0,0,0,3,9,normal,false,5,13,280,4125,0,0,0,false,false,true,0,0,4405,30,0,
489,lookahead,28355,70,40,budget,2,100,true,5,4080,244,356,0,0.6285714285714286,0.2,0.02857142857142857,0.14285714285714285,15,22,normal,false,5,40,30,6710,4150,3705,13760,false,true,false,15735,10,12620,60,2,4|3
490,lookahead,7929,42,12,budget,0,79,true,5,675,137,200,0.09523809523809523,0.8571428571428571,0.047619047619047616,0,0,7,1,normal,false,5,21,274,6545,1110,0,0,false,false,true,0,0,7929,42,0,
491,lookahead,8391,34,4,budget,0,74,true,8,2505,124,195,0.11764705882352941,0.8529411764705882,0.029411764705882353,0,0,4,6,normal,false,9,16,576,7305,510,0,0,false,false,false,0,0,8391,34,0,
492,lookahead,43789,109,79,budget,3,100,true,7,4300,442,614,0.05504587155963303,0.5596330275229358,0.23853211009174313,0.009174311926605505,0.13761467889908258,29,1,normal,false,7,65,224,15020,9980,4905,13660,false,true,true,15980,15,27809,94,3,2|4|4
493,lookahead,51201,135,105,budget,5,100,true,5,3120,421,631,0.044444444444444446,0.45185185185185184,0.2518518518518518,0.06666666666666667,0.18518518518518517,38,2,crash,false,6,77,486,7705,10880,8850,23280,false,true,true,19090,25,32111,110,5,3|3|2|5|3
494,lookahead,3815,30,0,budget,0,55,true,5,1070,65,117,0.2,0.8,0,0,0,3,15,crash,false,6,12,150,3665,0,0,0,false,false,false,0,0,3815,30,0,
495,lookahead,17305,43,13,budget,1,100,false,8,5650,152,229,0,0.8372093023255814,0.046511627906976744,0,0.11627906976744186,3,3,normal,false,10,18,0,7200,1660,4005,4440,false,false,false,9490,5,7815,38,0,
496,lookahead,3220,26,10,lock,0,92,false,3,510,59,77,0,0.7307692307692307,0.19230769230769232,0.07692307692307693,0,4,7,normal,false,8,10,0,1840,1110,270,0,true,false,false,0,0,3220,26,0,
497,lookahead,47632,137,107,budget,3,100,true,5,3720,412,626,0.058394160583941604,0.49635036496350365,0.30656934306569344,0.029197080291970802,0.10948905109489052,40,4,normal,false,11,78,227,9380,14920,5565,17540,false,true,false,14610,15,33022,122,2,3|4
498,lookahead,4275,30,0,budget,0,55,true,3,360,92,130,0,1,0,0,0,0,-1,normal,false,3,16,30,4245,0,0,0,false,false,true,0,0,4275,30,0,
499,lookahead,3401,30,0,budget,0,62,true,3,465,69,117,0.16666666666666666,0.8333333333333334,0,0,0,3,9,normal,false,2,14,306,3095,0,0,0,false,false,true,0,0,3401,30,0,
500,lookahead,6858,30,0,budget,0,63,true,7,1545,102,175,0.06666666666666667,0.9333333333333333,0,0,0,1,12,crash,false,5,14,348,6510,0,0,0,false,false,false,0,0,6858,30,0,
501,lookahead,6711,38,8,budget,0,82,true,6,705,120,204,0.2894736842105263,0.631578947368421,0.07894736842105263,0,0,6,2,normal,false,3,19,1476,3795,1440,0,0,false,false,false,0,0,6711,38,0,
502,lookahead,5220,30,0,budget,0,57,true,5,775,101,163,0.2,0.8,0,0,0,1,12,normal,false,7,11,625,4595,0,0,0,false,false,false,0,0,5220,30,0,
503,lookahead,14255,71,41,budget,1,100,true,5,930,203,279,0,0.6197183098591549,0.22535211267605634,0.08450704225352113,0.07042253521126761,16,6,normal,false,5,36,30,6555,2710,3300,1660,false,true,false,1270,5,12985,66,1,2
504,lookahead,41265,117,87,budget,3,100,true,6,4320,370,508,0.008547008547008548,0.5641025641025641,0.24786324786324787,0.05128205128205128,0.1282051282051282,34,2,normal,false,5,71,120,9055,10150,7440,14500,false,true,true,14260,15,27005,102,3,7|4|4
505,lookahead,10375,40,10,budget,0,81,true,6,1395,164,253,0.075,0.875,0.05,0,0,8,2,normal,false,3,23,305,9410,660,0,0,false,false,true,0,0,10375,40,0,
506,lookahead,4826,30,0,budget,0,62,true,5,885,81,154,0.1,0.9,0,0,0,1,22,normal,false,4,14,461,4365,0,0,0,false,false,true,0,0,4826,30,0,
507,lookahead,4454,30,0,budget,0,62,true,5,1020,71,136,0.3,0.7,0,0,0,3,12,crash,false,3,16,579,3875,0,0,0,false,false,true,0,0,4454,30,0,
508,lookahead,3476,30,0,budget,0,55,true,4,385,75,125,0.23333333333333334,0.7666666666666667,0,0,0,4,17,crash,false,6,13,316,3160,0,0,0,false,false,false,0,0,3476,30,0,
509,lookahead,5285,32,2,budget,0,72,true,5,945,99,145,0.03125,0.9375,0.03125,0,0,2,3,normal,false,7,14,110,5085,90,0,0,false,false,false,0,0,5285,32,0,
510,lookahead,12990,45,15,budget,1,100,false,5,1570,156,226,0,0.6888888888888889,0.15555555555555556,0.044444444444444446,0.1111111111111111,5,2,normal,false,6,18,0,5390,3850,1350,2400,false,true,false,2250,5,10740,40,1,7
511,lookahead,10028,47,17,budget,1,100,true,5,2310,133,223,0.1702127659574468,0.574468085106383,0.1276595744680851,0.02127659574468085,0.10638297872340426,9,3,normal,false,4,24,763,3475,1800,2070,1920,false,true,false,1350,5,8678,42,1,3
512,lookahead,7230,40,10,budget,0,82,true,6,1275,130,185,0.05,0.85,0.1,0,0,6,2,normal,false,4,19,135,6555,540,0,0,false,false,false,0,0,7230,40,0,
513,lookahead,1025,10,4,lock,0,74,false,3,360,27,28,0,0.8,0.2,0,0,2,1,normal,false,3,4,0,845,180,0,0,false,false,false,0,0,1025,10,0,
514,lookahead,29761,75,45,budget,3,100,true,7,5300,247,364,0.04,0.5733333333333334,0.10666666666666667,0.08,0.2,16,2,normal,false,9,38,346,7315,6060,720,15320,false,true,true,15060,15,14701,60,3,2|6|2
515,lookahead,19025,62,32,budget,0,97,false,6,2285,217,319,0,0.8387096774193549,0.0967741935483871,0.06451612903225806,0,14,23,normal,false,6,31,0,7495,7390,4140,0,true,true,true,0,0,19025,62,0,
516,lookahead,6874,46,16,budget,0,96,true,4,540,130,186,0.08695652173913043,0.8043478260869565,0.10869565217391304,0,0,9,17,normal,false,6,24,274,4800,1530,270,0,true,true,true,0,0,6874,46,0,
517,lookahead,44380,105,75,budget,5,100,true,8,6650,396,520,0.02857142857142857,0.42857142857142855,0.20952380952380953,0.09523809523809523,0.23809523809523808,27,1,normal,false,6,64,550,8815,7920,7275,19820,false,true,true,19860,25,24520,80,4,5|2|9|5
518,lookahead,1145,10,4,lock,0,74,false,3,420,24,33,0,0.8,0.2,0,0,2,1,normal,false,4,4,0,965,180,0,0,false,false,false,0,0,1145,10,0,
519,lookahead,19765,61,31,budget,1,100,true,5,2920,225,313,0.03278688524590164,0.6065573770491803,0.2459016393442623,0.03278688524590164,0.08196721311475409,14,1,normal,false,5,37,230,5825,5370,3900,4440,false,true,true,4030,5,15735,56,1,7
520,lookahead,4999,30,0,budget,0,60,true,5,1010,74,147,0.23333333333333334,0.7666666666666667,0,0,0,4,10,normal,false,4,10,534,4465,0,0,0,false,false,false,0,0,4999,30,0,
521,lookahead,53990,125,95,budget,5,100,true,7,6860,402,616,0.008,0.488,0.224,0.08,0.2,34,2,normal,false,5,73,15,9430,9350,12315,22880,false,true,false,10640,25,43350,100,5,3|5|2|3|7
522,lookahead,7120,42,12,budget,0,82,true,4,770,115,195,0.09523809523809523,0.8333333333333334,0.07142857142857142,0,0,9,2,crash,false,6,18,45,5155,1920,0,0,false,false,false,0,0,7120,42,0,
523,lookahead,23942,50,20,budget,2,100,true,6,6440,201,279,0.06,0.6,0.12,0.02,0.2,7,6,normal,false,5,28,447,5115,2760,480,15140,false,false,true,13390,10,10552,40,2,2|5
524,lookahead,17123,51,21,budget,1,100,true,6,3320,182,262,0.058823529411764705,0.7254901960784313,0.11764705882352941,0,0.09803921568627451,9,15,normal,false,6,29,463,7090,1750,180,7640,false,false,false,7460,5,9663,46,1,4
525,lookahead,11904,40,10,budget,0,92,true,9,5930,127,201,0.125,0.7,0.15,0.025,0,6,14,crash,false,4,19,234,4935,2280,4455,0,true,false,false,0,0,11904,40,0,
526,lookahead,7659,34,4,budget,0,86,true,6,1410,101,191,0.20588235294117646,0.7058823529411765,0.08823529411764706,0,0,3,1,normal,false,6,13,484,5375,1800,0,0,false,false,false,0,0,7659,34,0,
527,lookahead,11900,50,20,budget,0,94,true,4,1220,179,252,0,0.88,0.12,0,0,9,7,normal,false,6,24,30,7700,3000,1170,0,true,false,false,0,0,11900,50,0,
528,lookahead,8495,42,12,budget,0,88,true,4,525,141,219,0.023809523809523808,0.8809523809523809,0.07142857142857142,0.023809523809523808,0,6,1,normal,false,5,23,255,6515,1170,555,0,false,false,false,0,0,8495,42,0,
529,lookahead,19485,69,39,budget,1,100,false,6,4080,211,311,0,0.7536231884057971,0.11594202898550725,0.057971014492753624,0.07246376811594203,16,1,normal,false,6,33,0,6890,5420,2115,5060,false,false,false,5520,5,13965,64,1,5
530,lookahead,13135,45,15,budget,1,100,true,5,1530,163,249,0.15555555555555556,0.5777777777777777,0.1111111111111111,0.044444444444444446,0.1111111111111111,8,17,crash,false,5,25,955,6190,1870,1260,2860,false,true,false,2630,5,10505,40,1,3
531,lookahead,14745,48,23,lock,1,100,false,5,2480,143,246,0,0.6875,0.20833333333333334,0,0.10416666666666667,10,3,normal,false,4,28,0,6045,3810,270,4620,false,false,false,4320,5,10425,43,1,2
532,lookahead,5070,32,2,budget,0,77,true,4,600,92,131,0.09375,0.90625,0,0,0,3,1,normal,false,7,14,135,4575,360,0,0,false,false,false,0,0,5070,32,0,
533,lookahead,4265,30,0,budget,0,66,true,4,515,84,131,0.06666666666666667,0.9333333333333333,0,0,0,0,-1,crash,false,7,10,150,4115,0,0,0,false,false,false,0,0,4265,30,0,
534,lookahead,4480,34,4,budget,0,75,true,3,620,92,139,0.029411764705882353,0.9705882352941176,0,0,0,2,6,crash,false,6,13,165,3725,590,0,0,false,false,false,0,0,4480,34,0,
535,lookahead,5811,30,0,budget,0,65,true,4,675,106,178,0.2,0.8,0,0,0,2,9,normal,false,3,17,791,5020,0,0,0,false,false,false,0,0,5811,30,0,
536,lookahead,9251,46,16,budget,0,92,true,5,825,135,248,0.043478260869565216,0.8260869565217391,0.10869565217391304,0.021739130434782608,0,7,2,normal,false,4,25,356,6765,1320,810,0,true,false,false,0,0,9251,46,0,
537,lookahead,6975,34,4,budget,0,80,true,6,1395,120,184,0,0.9705882352941176,0.029411764705882353,0,0,2,24,normal,false,7,17,60,6555,360,0,0,false,false,false,0,0,6975,34,0,
538,lookahead,64670,144,114,budget,6,100,true,7,7200,514,759,0.006944444444444444,0.5069444444444444,0.18055555555555555,0.09722222222222222,0.20833333333333334,41,2,normal,false,8,83,15,15360,10740,6735,31820,false,true,false,23700,30,40970,114,6,2|3|3|5|6|4
539,lookahead,27475,54,24,budget,2,100,true,7,5940,184,260,0.018518518518518517,0.6666666666666666,0.09259259259259259,0.037037037037037035,0.18518518518518517,8,1,normal,false,7,24,75,4720,3270,1770,17640,false,false,false,11060,10,16415,44,2,2|2
540,lookahead,6410,34,4,budget,0,80,false,6,1185,117,157,0,0.9705882352941176,0.029411764705882353,0,0,2,7,normal,false,4,13,0,6320,90,0,0,false,false,false,0,0,6410,34,0,
541,lookahead,16535,54,24,budget,0,94,true,8,1970,186,290,0.018518518518518517,0.7777777777777778,0.18518518518518517,0.018518518518518517,0,12,1,crash,false,4,27,30,7915,5710,2880,0,true,false,false,0,0,16535,54,0,
542,lookahead,1755,15,4,lock,0,93,true,3,405,34,59,0.13333333333333333,0.6,0.2,0.06666666666666667,0,3,2,normal,false,2,9,135,1275,210,135,0,true,false,false,0,0,1755,15,0,
543,lookahead,14028,49,19,budget,1,100,true,4,4240,157,236,0.061224489795918366,0.7346938775510204,0.10204081632653061,0,0.10204081632653061,7,9,normal,false,5,23,128,5130,1020,450,7300,false,false,false,7360,5,6668,44,1,3
544,lookahead,6791,30,0,budget,0,62,true,6,1140,112,187,0.1,0.9,0,0,0,3,5,normal,false,4,15,1066,5725,0,0,0,false,false,true,0,0,6791,30,0,
545,lookahead,5739,40,10,budget,0,85,true,5,690,101,144,0.15,0.725,0.125,0,0,6,8,normal,false,4,20,234,3825,1680,0,0,false,false,true,0,0,5739,40,0,
546,lookahead,7390,38,8,budget,0,94,true,5,750,117,175,0.02631578947368421,0.8421052631578947,0.10526315789473684,0.02631578947368421,0,4,1,normal,false,7,16,80,5450,1050,810,0,true,false,false,0,0,7390,38,0,
547,lookahead,6255,32,2,budget,0,74,true,6,1140,106,161,0.0625,0.90625,0.03125,0,0,2,1,crash,false,6,12,150,6015,90,0,0,false,false,false,0,0,6255,32,0,
548,lookahead,4016,30,0,budget,0,54,true,3,375,82,140,0.16666666666666666,0.8333333333333334,0,0,0,3,9,crash,false,2,18,366,3650,0,0,0,false,false,false,0,0,4016,30,0,
549,lookahead,6481,42,12,budget,0,95,true,4,1210,108,176,0.2619047619047619,0.5238095238095238,0.19047619047619047,0.023809523809523808,0,9,2,normal,false,4,21,1006,2510,2830,135,0,true,true,false,0,0,6481,42,0,
550,lookahead,11878,44,14,budget,0,97,true,6,3015,148,226,0.09090909090909091,0.7272727272727273,0.11363636363636363,0.06818181818181818,0,9,2,normal,false,4,27,433,7095,1110,3240,0,true,true,true,0,0,11878,44,0,
551,lookahead,5565,34,4,budget,0,79,false,4,585,108,155,0,0.9705882352941176,0.029411764705882353,0,0,2,3,normal,false,8,14,0,5205,360,0,0,false,false,false,0,0,5565,34,0,
552,lookahead,31375,98,68,budget,4,100,true,6,1660,327,459,0.01020408163265306,0.47959183673469385,0.23469387755102042,0.07142857142857142,0.20408163265306123,24,11,crash,false,6,60,175,9780,6740,4680,10000,false,true,false,9670,20,21705,78,4,4|6|5|4
553,lookahead,6924,46,16,budget,0,84,true,3,860,115,200,0.2391304347826087,0.6739130434782609,0.08695652173913043,0,0,14,2,normal,false,3,25,934,3830,2160,0,0,false,false,true,0,0,6924,46,0,
554,lookahead,15490,47,17,budget,1,100,true,7,1570,159,229,0,0.723404255319149,0.1276595744680851,0.0425531914893617,0.10638297872340426,6,1,normal,false,11,20,105,6460,4560,945,3420,false,false,false,3030,5,12460,42,1,4
555,lookahead,11871,44,14,budget,0,92,true,7,2685,144,236,0.09090909090909091,0.7954545454545454,0.06818181818181818,0.045454545454545456,0,8,9,normal,false,6,23,541,6150,4910,270,0,true,false,true,0,0,11871,44,0,
556,lookahead,15253,72,42,budget,0,93,true,4,1095,220,322,0.027777777777777776,0.8333333333333334,0.125,0.013888888888888888,0,20,7,normal,false,8,39,318,7365,5680,1890,0,true,false,false,0,0,15253,72,0,
557,lookahead,53568,119,89,budget,5,100,true,8,5260,410,585,0.03361344537815126,0.3949579831932773,0.3025210084033613,0.058823529411764705,0.21008403361344538,33,1,normal,false,9,64,473,7690,12070,12675,20660,false,true,true,20450,25,33118,94,4,2|7|3|3
558,lookahead,16958,47,17,budget,1,100,true,7,2160,175,280,0.06382978723404255,0.6595744680851063,0.14893617021276595,0.02127659574468085,0.10638297872340426,9,11,normal,false,3,28,148,8795,4160,135,3720,false,false,true,3680,5,13278,42,1,4
559,lookahead,77490,185,155,budget,9,100,true,6,3800,653,888,0.016216216216216217,0.43243243243243246,0.2594594594594595,0.04864864864864865,0.24324324324324326,56,2,normal,false,6,117,475,11300,15520,13635,36560,false,true,true,35795,45,41695,140,8,7|4|7|4|4|2|7|5
560,lookahead,11497,60,30,budget,0,94,true,5,690,200,295,0.1,0.7166666666666667,0.15,0.03333333333333333,0,16,6,normal,false,4,38,657,7265,2900,675,0,true,false,false,0,0,11497,60,0,
561,lookahead,6332,30,0,budget,0,61,true,6,1170,103,180,0.13333333333333333,0.8666666666666667,0,0,0,2,12,crash,false,3,13,667,5665,0,0,0,false,false,false,0,0,6332,30,0,
562,lookahead,9313,46,16,budget,0,91,true,5,1185,122,199,0.043478260869565216,0.7608695652173914,0.17391304347826086,0.021739130434782608,0,8,12,normal,false,8,23,143,4820,2010,2340,0,true,false,true,0,0,9313,46,0,
563,lookahead,24850,85,55,budget,3,100,true,4,1580,246,380,0.023529411764705882,0.5176470588235295,0.2235294117647059,0.058823529411764705,0.17647058823529413,20,2,normal,false,3,47,255,5460,5250,2205,11680,false,false,false,11400,15,13450,70,3,5|5|4
564,lookahead,85315,175,145,budget,9,100,true,7,2820,624,961,0,0.36,0.3028571428571429,0.08,0.2571428571428571,46,7,normal,false,4,114,170,10990,23500,10755,39900,false,true,false,38915,45,46400,130,7,3|17|4|2|5|3|3
565,lookahead,18500,62,32,budget,2,100,true,6,2055,197,277,0.016129032258064516,0.5967741935483871,0.1774193548387097,0.04838709677419355,0.16129032258064516,14,1,normal,false,6,33,105,5525,4700,1050,7120,false,true,true,5200,10,13300,52,2,3|6
566,lookahead,4335,28,0,lock,0,62,true,5,735,79,124,0.07142857142857142,0.9285714285714286,0,0,0,2,7,normal,false,6,9,60,4275,0,0,0,false,false,false,0,0,4335,28,0,
567,lookahead,15480,47,48,lock,2,100,false,4,2260,145,179,0,0.3191489361702128,0.44680851063829785,0.02127659574468085,0.2127659574468085,15,2,keto,false,3,26,0,1650,5960,1350,6520,false,true,false,7080,10,8400,37,1,2
568,lookahead,45888,132,102,budget,4,100,true,5,1950,452,684,0.015151515151515152,0.5454545454545454,0.25757575757575757,0.030303030303030304,0.15151515151515152,39,4,normal,false,6,84,398,11230,14140,6120,14000,false,true,true,13385,20,32503,112,4,2|3|3|4
569,lookahead,3808,32,2,budget,0,70,true,5,605,70,127,0.25,0.75,0,0,0,2,5,normal,false,9,8,573,3235,0,0,0,false,false,true,0,0,3808,32,0,
570,lookahead,57105,134,104,budget,6,100,true,6,3160,475,615,0.007462686567164179,0.44776119402985076,0.2462686567164179,0.07462686567164178,0.22388059701492538,35,1,normal,false,6,72,15,9120,10220,10830,26920,false,true,false,30280,30,26825,104,6,2|2|3|5|4|4
571,lookahead,5728,32,2,budget,0,77,true,6,960,93,144,0.09375,0.875,0.03125,0,0,4,5,normal,false,7,12,138,5500,90,0,0,false,false,true,0,0,5728,32,0,
572,lookahead,6993,40,10,budget,0,82,true,6,915,129,178,0,0.925,0.075,0,0,5,5,normal,false,12,15,293,5560,1140,0,0,false,false,false,0,0,6993,40,0,
573,lookahead,72098,168,138,budget,8,100,true,6,3255,557,750,0.011904761904761904,0.40476190476190477,0.25595238095238093,0.08928571428571429,0.23809523809523808,44,3,normal,false,7,90,128,8520,15850,19560,28040,false,true,true,25545,40,46553,128,7,2|3|4|6|2|5|6
574,lookahead,5360,32,2,budget,0,71,true,5,875,87,157,0.125,0.875,0,0,0,3,11,crash,false,6,10,410,4500,450,0,0,false,false,true,0,0,5360,32,0,
575,lookahead,29284,83,53,budget,3,100,true,7,2440,274,448,0.08433734939759036,0.5662650602409639,0.13253012048192772,0.03614457831325301,0.18072289156626506,19,2,crash,false,4,49,794,9255,9850,765,8620,false,true,true,8280,15,21004,68,2,2|2
576,lookahead,45603,128,98,budget,6,100,true,5,2460,422,579,0.015625,0.4140625,0.2734375,0.0625,0.234375,32,12,normal,false,4,81,218,7390,12300,3315,22380,false,true,false,19650,30,25953,98,5,3|4|2|3|8
577,lookahead,764,8,0,lock,0,50,true,3,320,13,35,0.625,0.375,0,0,0,0,-1,crash,false,5,2,114,650,0,0,0,false,false,false,0,0,764,8,0,
578,lookahead,33810,92,62,budget,2,100,true,6,2640,286,459,0,0.6086956521739131,0.20652173913043478,0.07608695652173914,0.10869565217391304,20,1,normal,false,9,52,30,10195,5970,7335,10280,false,true,true,9530,10,24280,82,2,8|3
579,lookahead,5945,30,0,budget,0,62,true,6,915,99,152,0.26666666666666666,0.7333333333333333,0,0,0,2,12,normal,false,4,15,290,5655,0,0,0,false,false,true,0,0,5945,30,0,
580,lookahead,21205,61,31,budget,1,100,true,5,2400,208,291,0.01639344262295082,0.7213114754098361,0.14754098360655737,0.03278688524590164,0.08196721311475409,14,1,normal,false,5,35,15,7285,2610,4215,7080,false,true,true,5970,5,15235,56,1,6
581,lookahead,31595,74,44,budget,4,100,false,8,3980,241,344,0,0.47297297297297297,0.20270270270270271,0.05405405405405406,0.2702702702702703,15,2,normal,false,8,41,0,5350,5310,2175,18760,false,true,false,17260,20,14335,54,4,5|6|3|5
582,lookahead,4116,30,0,budget,0,62,true,5,555,79,141,0.2,0.8,0,0,0,2,5,crash,false,9,10,1176,2940,0,0,0,false,false,false,0,0,4116,30,0,
583,lookahead,33680,90,60,budget,4,100,true,5,2580,300,419,0.011111111111111112,0.43333333333333335,0.23333333333333334,0.1,0.2222222222222222,22,1,normal,false,7,51,15,7540,5390,4995,15740,false,true,false,15410,20,18270,70,4,4|2|4|3
584,lookahead,24190,60,30,budget,2,100,false,7,3360,244,302,0,0.7,0.13333333333333333,0,0.16666666666666666,8,9,normal,false,5,26,0,7120,4410,1080,11580,false,false,false,12340,10,11850,50,1,2
585,lookahead,5558,30,0,budget,0,53,true,4,645,103,183,0.06666666666666667,0.9333333333333333,0,0,0,1,28,normal,false,3,17,278,5280,0,0,0,false,false,true,0,0,5558,30,0,
586,lookahead,16720,49,19,budget,1,100,true,8,3930,178,273,0,0.7755102040816326,0.10204081632653061,0.02040816326530612,0.10204081632653061,6,1,normal,false,5,25,60,7210,5760,90,3600,false,false,false,3150,5,13570,44,1,3
587,lookahead,5275,34,4,budget,0,75,true,3,460,109,158,0,0.9411764705882353,0.058823529411764705,0,0,2,3,normal,false,6,13,90,4405,780,0,0,false,false,false,0,0,5275,34,0,
588,lookahead,3451,30,0,budget,0,52,true,6,840,59,110,0.23333333333333334,0.7666666666666667,0,0,0,4,11,crash,false,6,12,346,3105,0,0,0,false,false,false,0,0,3451,30,0,
589,lookahead,13328,56,26,budget,0,99,true,6,1830,161,257,0.05357142857142857,0.7142857142857143,0.16071428571428573,0.07142857142857142,0,10,19,crash,false,6,30,378,6410,4650,1890,0,true,true,true,0,0,13328,56,0,
590,lookahead,10983,55,25,budget,1,100,true,4,615,171,231,0.03636363636363636,0.7818181818181819,0.07272727272727272,0.01818181818181818,0.09090909090909091,10,10,normal,false,5,28,188,6715,2010,90,1980,false,false,false,1710,5,9273,50,1,3
591,lookahead,3575,17,4,lock,0,86,false,6,1230,60,85,0,0.9411764705882353,0.058823529411764705,0,0,1,1,normal,false,8,4,0,2900,270,405,0,false,false,false,0,0,3575,17,0,
592,lookahead,5925,34,4,budget,0,87,true,6,915,98,143,0.029411764705882353,0.8529411764705882,0.11764705882352941,0,0,2,14,crash,false,4,14,0,5235,690,0,0,false,false,false,0,0,5925,34,0,
593,lookahead,9416,34,4,budget,0,77,true,5,1305,146,215,0.058823529411764705,0.9117647058823529,0.029411764705882353,0,0,3,1,normal,false,2,19,181,9145,90,0,0,false,false,false,0,0,9416,34,0,
594,lookahead,4345,34,4,budget,0,84,true,4,540,85,129,0.029411764705882353,0.8529411764705882,0.11764705882352941,0,0,2,18,crash,false,7,15,30,3325,990,0,0,false,false,false,0,0,4345,34,0,
595,lookahead,35265,85,55,budget,3,100,false,7,3300,298,407,0,0.4470588235294118,0.2823529411764706,0.09411764705882353,0.17647058823529413,18,1,normal,false,9,37,0,8525,7290,6570,12880,false,true,false,9910,15,25355,70,2,3|4
596,lookahead,1305,7,0,lock,0,50,false,5,675,18,33,0,1,0,0,0,0,-1,normal,false,4,2,0,1305,0,0,0,false,false,false,0,0,1305,7,0,
597,lookahead,40837,110,80,budget,2,100,true,5,3540,373,590,0.07272727272727272,0.6363636363636364,0.12727272727272726,0.07272727272727272,0.09090909090909091,28,1,crash,false,8,61,612,9090,12550,8505,10080,false,true,false,9760,10,31077,100,1,2
598,lookahead,9380,44,14,budget,0,89,true,5,1735,143,214,0.022727272727272728,0.8181818181818182,0.1590909090909091,0,0,6,16,normal,false,7,22,105,6280,2320,675,0,false,false,true,0,0,9380,44,0,
599,lookahead,3741,30,0,budget,0,50,true,5,540,65,126,0.2,0.8,0,0,0,2,11,normal,false,6,14,496,3245,0,0,0,false,false,true,0,0,3741,30,0,
600,lookahead,31215,82,52,budget,4,100,true,5,2860,265,388,0,0.4634146341463415,0.23170731707317074,0.06097560975609756,0.24390243902439024,16,1,normal,false,14,38,60,5580,5330,3165,17080,false,true,false,14200,20,17015,62,3,6|5|2
601,lookahead,20608,50,20,budget,2,100,true,6,3060,195,312,0.06,0.58,0.14,0.02,0.2,8,1,normal,false,4,27,603,7930,2680,495,8900,false,false,false,8360,10,12248,40,2,2|3
602,lookahead,12725,59,29,budget,1,100,true,5,1250,172,254,0.11864406779661017,0.559322033898305,0.2033898305084746,0.03389830508474576,0.0847457627118644,14,2,normal,false,4,33,455,5975,2600,1035,2660,false,true,false,2330,5,10395,54,1,3
603,lookahead,11261,50,20,budget,0,92,true,4,1210,145,258,0.06,0.78,0.12,0.04,0,10,2,crash,false,5,28,591,5350,3970,1350,0,true,false,true,0,0,11261,50,0,
604,lookahead,21938,47,17,budget,1,100,true,6,3840,183,331,0.0851063829787234,0.723404255319149,0.06382978723404255,0.02127659574468085,0.10638297872340426,8,9,crash,false,3,30,728,7715,3420,1095,8980,false,false,true,6540,5,15398,42,1,3
605,lookahead,11881,58,28,budget,0,92,true,5,1770,186,273,0.08620689655172414,0.6724137931034483,0.1896551724137931,0.05172413793103448,0,12,1,crash,false,7,29,426,6340,4710,405,0,true,false,false,0,0,11881,58,0,
606,lookahead,4744,32,2,budget,0,75,true,4,405,95,164,0.125,0.84375,0.03125,0,0,2,6,normal,false,3,17,514,4110,120,0,0,false,false,true,0,0,4744,32,0,
607,lookahead,5092,36,6,budget,0,84,true,6,600,109,157,0.1111111111111111,0.8333333333333334,0.05555555555555555,0,0,4,2,normal,false,4,19,672,3730,690,0,0,false,false,false,0,0,5092,36,0,
608,lookahead,4157,30,0,budget,0,59,true,5,503,78,143,0.13333333333333333,0.8666666666666667,0,0,0,0,-1,crash,false,5,14,1062,3095,0,0,0,false,false,true,0,0,4157,30,0,
609,lookahead,21645,56,26,budget,2,100,true,7,2760,217,284,0,0.6428571428571429,0.14285714285714285,0.03571428571428571,0.17857142857142858,8,1,normal,false,4,30,70,8680,1540,2955,8400,false,false,true,6040,10,15605,46,2,5|2
610,lookahead,9232,40,10,budget,0,86,true,4,1530,136,240,0.15,0.775,0.075,0,0,7,8,normal,false,3,24,967,5075,3190,0,0,false,false,false,0,0,9232,40,0,
611,lookahead,4060,30,0,budget,0,57,true,4,510,81,122,0,1,0,0,0,0,-1,normal,false,6,8,70,3990,0,0,0,false,false,false,0,0,4060,30,0,
612,lookahead,4640,30,0,budget,0,67,true,4,695,97,126,0.03333333333333333,0.9666666666666667,0,0,0,1,24,normal,false,6,9,45,4595,0,0,0,false,false,false,0,0,4640,30,0,
613,lookahead,9470,48,18,budget,0,90,true,4,1560,133,193,0,0.8333333333333334,0.14583333333333334,0.020833333333333332,0,9,2,normal,false,4,24,30,5065,2260,2115,0,true,false,false,0,0,9470,48,0,
614,lookahead,27364,90,60,budget,2,100,true,5,1950,286,433,0.1111111111111111,0.4111111111111111,0.3,0.06666666666666667,0.1111111111111111,26,3,crash,false,7,49,689,6355,7810,6150,6360,false,true,false,6715,10,20649,80,1,4
615,lookahead,5505,36,6,budget,0,76,true,5,840,107,145,0.027777777777777776,0.9444444444444444,0.027777777777777776,0,0,3,11,normal,false,6,13,120,4665,720,0,0,false,false,false,0,0,5505,36,0,
616,lookahead,11931,44,14,budget,0,94,true,8,2975,153,279,0.29545454545454547,0.45454545454545453,0.22727272727272727,0.022727272727272728,0,10,1,normal,false,4,25,1106,8395,1620,810,0,true,false,true,0,0,11931,44,0,
617,lookahead,8180,38,8,budget,0,90,true,6,870,139,206,0.05263157894736842,0.7894736842105263,0.15789473684210525,0,0,5,16,normal,false,5,19,150,6230,1530,270,0,true,false,true,0,0,8180,38,0,
618,lookahead,6494,32,2,budget,0,70,true,5,850,94,177,0.15625,0.84375,0,0,0,2,19,normal,false,4,17,244,5710,540,0,0,false,false,false,0,0,6494,32,0,
619,lookahead,8590,40,10,budget,0,97,true,5,1295,118,185,0.025,0.775,0.1,0.1,0,5,1,normal,false,5,18,80,5385,920,2205,0,true,true,false,0,0,8590,40,0,
620,lookahead,8243,34,4,budget,0,83,true,7,1375,102,178,0.11764705882352941,0.7941176470588235,0.08823529411764706,0,0,5,1,normal,false,6,16,68,5115,3060,0,0,false,false,true,0,0,8243,34,0,
621,lookahead,5261,30,0,budget,0,57,true,5,845,97,157,0.06666666666666667,0.9333333333333333,0,0,0,2,24,normal,false,4,14,281,4980,0,0,0,false,false,false,0,0,5261,30,0,
622,lookahead,4130,30,0,budget,0,57,true,4,695,83,128,0.1,0.9,0,0,0,3,12,normal,false,6,10,210,3920,0,0,0,false,false,true,0,0,4130,30,0,
623,lookahead,4490,36,6,budget,0,80,true,4,435,98,123,0.027777777777777776,0.9166666666666666,0.05555555555555555,0,0,4,11,normal,false,4,19,30,4100,360,0,0,false,false,false,0,0,4490,36,0,
624,lookahead,11858,53,23,budget,1,100,true,5,1650,189,250,0.03773584905660377,0.7358490566037735,0.1320754716981132,0,0.09433962264150944,9,2,normal,false,4,28,803,5515,2140,720,2680,false,false,true,4210,5,7648,48,0,
625,lookahead,5350,30,0,budget,0,68,false,5,885,96,148,0,1,0,0,0,0,-1,normal,false,8,13,0,5350,0,0,0,false,false,true,0,0,5350,30,0,
626,lookahead,27660,77,47,budget,3,100,true,7,4560,256,352,0.012987012987012988,0.5064935064935064,0.23376623376623376,0.05194805194805195,0.19480519480519481,18,8,normal,false,4,42,20,7540,5160,7080,7860,false,true,false,8720,15,18940,62,3,2|3|6
627,lookahead,26936,71,41,budget,3,100,true,6,3760,226,335,0.04225352112676056,0.5915492957746479,0.11267605633802817,0.04225352112676056,0.2112676056338028,14,5,normal,false,9,34,251,5280,4040,4065,13300,false,true,false,13925,15,13011,56,1,5
628,lookahead,4530,11,14,lock,0,98,false,4,950,53,68,0,0.5454545454545454,0.2727272727272727,0.18181818181818182,0,6,2,keto,true,1,9,0,445,3440,645,0,true,true,true,0,0,4530,11,0,
629,lookahead,48958,107,77,budget,5,100,true,6,4800,413,513,0.009345794392523364,0.514018691588785,0.18691588785046728,0.056074766355140186,0.2336448598130841,26,4,normal,false,8,63,143,7525,9240,3750,28300,false,true,true,24370,25,24588,82,3,2|3|6
630,lookahead,21305,69,39,budget,3,100,true,7,2460,222,296,0.014492753623188406,0.5507246376811594,0.15942028985507245,0.057971014492753624,0.21739130434782608,12,10,normal,false,8,38,15,5060,5370,540,10320,false,true,false,9740,15,11565,54,3,2|4|5
631,lookahead,4813,30,0,budget,0,58,true,6,1040,89,133,0.06666666666666667,0.9333333333333333,0,0,0,2,27,normal,false,5,12,288,4525,0,0,0,false,false,false,0,0,4813,30,0,
632,lookahead,13095,57,27,budget,1,100,true,6,1560,183,252,0.017543859649122806,0.8245614035087719,0.05263157894736842,0.017543859649122806,0.08771929824561403,11,12,normal,false,5,33,105,6840,2220,90,3840,false,false,false,3570,5,9525,52,1,2
633,lookahead,4333,30,0,budget,0,57,true,5,805,76,135,0.36666666666666664,0.6333333333333333,0,0,0,3,16,normal,false,4,13,478,3855,0,0,0,false,false,true,0,0,4333,30,0,
634,lookahead,4623,30,0,budget,0,69,true,5,630,79,135,0.3333333333333333,0.6666666666666666,0,0,0,2,13,normal,false,6,10,508,4115,0,0,0,false,false,false,0,0,4623,30,0,
635,lookahead,43865,131,101,budget,5,100,true,5,3260,424,584,0,0.4732824427480916,0.2900763358778626,0.04580152671755725,0.19083969465648856,35,1,normal,false,9,73,140,9635,11610,3420,19060,false,true,false,16915,25,26950,106,5,3|5|3|3|3
636,lookahead,32148,73,43,budget,3,100,true,5,4000,278,370,0.0410958904109589,0.5342465753424658,0.1917808219178082,0.0273972602739726,0.2054794520547945,16,2,normal,false,5,38,188,6360,5200,4140,16260,false,true,true,17520,15,14628,58,2,3|3
637,lookahead,6980,38,8,budget,0,77,true,6,840,116,166,0.02631578947368421,0.9473684210526315,0.02631578947368421,0,0,4,3,crash,false,6,13,0,6260,720,0,0,false,false,false,0,0,6980,38,0,
638,lookahead,4122,30,0,budget,0,66,true,5,1080,79,126,0.23333333333333334,0.7666666666666667,0,0,0,3,13,normal,false,6,14,432,3690,0,0,0,false,false,false,0,0,4122,30,0,
639,lookahead,8120,30,0,budget,0,62,true,7,1730,131,193,0.03333333333333333,0.9666666666666667,0,0,0,1,17,normal,false,5,18,120,8000,0,0,0,false,false,false,0,0,8120,30,0,
640,lookahead,5110,32,2,budget,0,71,false,4,700,102,149,0,1,0,0,0,1,6,normal,false,9,12,0,4840,270,0,0,false,false,true,0,0,5110,32,0,
641,lookahead,7188,38,8,budget,0,80,true,6,875,116,189,0.07894736842105263,0.8947368421052632,0.02631578947368421,0,0,5,7,normal,false,6,17,163,6485,540,0,0,false,false,false,0,0,7188,38,0,
642,lookahead,6170,34,4,budget,0,78,false,5,1095,105,153,0,0.9411764705882353,0.058823529411764705,0,0,2,3,normal,false,3,18,0,5900,270,0,0,false,false,false,0,0,6170,34,0,
643,lookahead,52905,115,85,budget,7,100,true,5,4200,428,575,0.043478260869565216,0.41739130434782606,0.1826086956521739,0.05217391304347826,0.30434782608695654,27,2,normal,false,6,66,195,7025,8970,5895,30820,false,true,true,26715,35,26190,80,5,3|4|3|5|5
644,lookahead,7600,30,0,budget,0,62,true,7,1365,106,166,0.13333333333333333,0.8666666666666667,0,0,0,2,6,normal,false,4,13,120,7480,0,0,0,false,false,false,0,0,7600,30,0,
645,lookahead,28625,91,82,lock,4,100,true,5,1875,246,355,0.04395604395604396,0.3516483516483517,0.2857142857142857,0.0989010989010989,0.21978021978021978,34,1,normal,false,5,58,345,3315,11080,2745,11140,false,true,false,9445,20,19180,71,4,6|4|5|2
646,lookahead,10161,43,13,budget,1,100,true,5,1080,128,221,0.09302325581395349,0.6744186046511628,0.06976744186046512,0.046511627906976744,0.11627906976744186,6,2,normal,false,4,22,956,5215,780,510,2700,false,false,true,2850,5,7311,38,1,3
647,lookahead,3505,32,2,budget,0,74,true,4,440,69,121,0.25,0.71875,0.03125,0,0,3,8,normal,false,7,13,295,3120,90,0,0,false,false,false,0,0,3505,32,0,
648,lookahead,960,10,0,lock,0,63,false,3,300,26,29,0,1,0,0,0,0,-1,normal,false,4,3,0,960,0,0,0,false,false,false,0,0,960,10,0,
649,lookahead,37440,78,70,lock,4,100,false,6,5980,273,372,0,0.41025641025641024,0.2948717948717949,0.07692307692307693,0.21794871794871795,25,1,frenzy,false,4,50,0,4670,6910,7680,18180,false,true,false,19005,17,18435,61,4,2|2|10|4
650,lookahead,6060,42,12,budget,0,91,true,4,1050,105,168,0.09523809523809523,0.7619047619047619,0.11904761904761904,0.023809523809523808,0,8,2,crash,false,5,21,300,3725,1630,405,0,true,false,false,0,0,6060,42,0,
651,lookahead,5299,30,0,budget,0,67,true,6,690,85,157,0.16666666666666666,0.8333333333333334,0,0,0,1,7,crash,false,5,13,674,4625,0,0,0,false,false,false,0,0,5299,30,0,
652,lookahead,5410,34,4,budget,0,80,true,6,1140,92,145,0.058823529411764705,0.8823529411764706,0.058823529411764705,0,0,3,11,normal,false,7,13,95,5135,180,0,0,false,false,false,0,0,5410,34,0,
653,lookahead,30630,42,47,lock,3,100,false,8,6960,163,217,0,0.23809523809523808,0.30952380952380953,0.09523809523809523,0.35714285714285715,11,2,normal,false,4,29,0,875,3280,3975,22500,false,true,false,22340,15,8290,27,3,5|3|3
654,lookahead,13074,41,11,budget,1,100,true,4,2140,113,205,0.21951219512195122,0.5121951219512195,0.0975609756097561,0.04878048780487805,0.12195121951219512,5,1,crash,false,6,16,469,2740,1440,225,8200,false,true,false,6150,5,6924,36,1,2
655,lookahead,44015,95,65,budget,5,100,true,6,4000,315,459,0.021052631578947368,0.45263157894736844,0.21052631578947367,0.05263157894736842,0.2631578947368421,20,3,normal,false,8,51,240,7470,5100,5865,25340,false,true,true,27965,25,16050,70,5,3|2|12|3|2
656,lookahead,6843,32,2,budget,0,82,true,5,885,117,177,0.09375,0.84375,0.0625,0,0,3,4,normal,false,4,16,183,6510,150,0,0,false,false,true,0,0,6843,32,0,
657,lookahead,5275,30,0,budget,0,62,true,5,510,96,176,0.36666666666666664,0.6333333333333333,0,0,0,4,11,normal,false,4,17,1475,3800,0,0,0,false,false,true,0,0,5275,30,0,
658,lookahead,36831,115,85,budget,3,100,true,5,1800,373,551,0.017391304347826087,0.5304347826086957,0.24347826086956523,0.0782608695652174,0.13043478260869565,30,6,normal,false,10,56,361,9005,10660,8625,8180,false,true,false,7830,15,29001,100,3,6|8|2
659,lookahead,15773,65,35,budget,1,100,true,5,1755,187,263,0.03076923076923077,0.7076923076923077,0.13846153846153847,0.046153846153846156,0.07692307692307693,15,3,normal,false,5,34,268,5550,3670,2565,3720,false,true,false,3330,5,12443,60,1,5
660,lookahead,13935,57,27,budget,1,100,true,6,2390,175,238,0.017543859649122806,0.7017543859649122,0.14035087719298245,0.05263157894736842,0.08771929824561403,10,4,crash,false,6,27,115,6020,2870,2850,2080,false,true,false,1610,5,12325,52,1,4
661,lookahead,19655,74,44,budget,0,94,true,5,1695,246,360,0.013513513513513514,0.6621621621621622,0.2972972972972973,0.02702702702702703,0,20,7,normal,false,4,41,15,9045,6770,3825,0,true,false,false,0,0,19655,74,0,
662,lookahead,33120,89,59,budget,3,100,true,6,4740,280,388,0,0.5842696629213483,0.20224719101123595,0.0449438202247191,0.16853932584269662,20,1,normal,false,11,41,30,5160,9500,3330,15100,false,true,false,8110,15,25010,74,2,2|4
663,lookahead,51400,126,96,budget,6,100,false,9,3840,430,587,0,0.4126984126984127,0.2619047619047619,0.0873015873015873,0.23809523809523808,35,1,normal,false,5,80,0,9000,8310,5550,28540,false,true,false,25345,30,26055,96,6,8|3|4|9|3|5
664,lookahead,3470,30,0,budget,0,55,true,5,533,70,129,0.2,0.8,0,0,0,3,16,normal,false,5,9,570,2900,0,0,0,false,false,true,0,0,3470,30,0,
665,lookahead,5520,32,2,budget,0,82,false,5,1035,92,139,0,0.9375,0.0625,0,0,1,9,normal,false,3,19,0,5190,330,0,0,false,false,false,0,0,5520,32,0,
666,lookahead,7801,32,2,budget,0,82,true,8,2805,84,177,0.34375,0.625,0.03125,0,0,3,6,crash,false,4,15,536,4895,2370,0,0,false,false,false,0,0,7801,32,0,
667,lookahead,44993,110,80,budget,4,100,true,9,6240,379,510,0.02727272727272727,0.45454545454545453,0.2727272727272727,0.06363636363636363,0.18181818181818182,27,9,crash,false,5,64,453,7940,6190,12150,18260,false,true,true,13710,20,31283,90,4,3|2|9|3
668,lookahead,8780,21,19,lock,1,100,false,5,1680,94,118,0,0.5714285714285714,0.2857142857142857,0.047619047619047616,0.09523809523809523,6,7,frenzy,false,3,13,0,3085,1750,2265,1680,false,true,true,1770,2,7010,19,1,4
669,lookahead,11918,50,20,budget,0,97,true,4,1545,145,244,0.14,0.62,0.16,0.08,0,10,5,crash,false,5,26,728,4255,1430,5505,0,true,true,false,0,0,11918,50,0,
670,lookahead,62820,149,119,budget,5,100,true,7,5580,504,732,0.006711409395973154,0.4429530201342282,0.3087248322147651,0.0738255033557047,0.16778523489932887,46,4,normal,false,6,95,90,11580,12780,9990,28380,false,true,true,24385,25,38435,124,5,5|4|4|10|2
671,lookahead,6135,34,4,budget,0,90,true,4,1110,98,146,0.029411764705882353,0.9117647058823529,0.058823529411764705,0,0,3,4,normal,false,8,11,15,4770,810,540,0,true,false,true,0,0,6135,34,0,
672,lookahead,5596,32,2,budget,0,83,true,5,673,91,178,0.375,0.5625,0.0625,0,0,5,2,crash,false,3,16,931,4365,300,0,0,false,false,false,0,0,5596,32,0,
673,lookahead,5401,32,2,budget,0,75,true,6,1110,82,159,0.1875,0.78125,0.03125,0,0,4,8,crash,false,8,14,476,4585,340,0,0,false,false,false,0,0,5401,32,0,
674,lookahead,5168,38,8,budget,0,80,true,4,650,105,158,0.18421052631578946,0.7631578947368421,0.05263157894736842,0,0,8,6,normal,false,3,19,368,4260,540,0,0,false,false,true,0,0,5168,38,0,
675,lookahead,22403,60,30,budget,2,100,true,7,2180,230,351,0.03333333333333333,0.5166666666666667,0.21666666666666667,0.06666666666666667,0.16666666666666666,13,2,normal,false,2,39,458,10360,3500,2565,5520,false,true,true,4140,10,18263,50,2,5|3
676,lookahead,5703,30,0,budget,0,62,true,5,705,106,150,0.1,0.9,0,0,0,1,21,normal,false,6,10,173,5530,0,0,0,false,false,true,0,0,5703,30,0,
677,lookahead,5250,30,0,budget,0,50,true,7,1075,83,161,0.4666666666666667,0.5333333333333333,0,0,0,3,4,normal,false,8,11,830,4420,0,0,0,false,false,true,0,0,5250,30,0,
678,lookahead,18963,58,28,budget,0,97,true,6,3015,182,340,0.10344827586206896,0.6551724137931034,0.20689655172413793,0.034482758620689655,0,15,1,normal,false,5,32,483,6955,7880,3645,0,true,true,true,0,0,18963,58,0,
679,lookahead,5546,30,0,budget,0,60,true,6,1725,97,162,0.16666666666666666,0.8333333333333334,0,0,0,3,19,normal,false,4,14,331,5215,0,0,0,false,false,true,0,0,5546,30,0,
680,lookahead,3669,30,0,budget,0,53,true,5,810,72,124,0.36666666666666664,0.6333333333333333,0,0,0,3,14,normal,false,4,9,769,2900,0,0,0,false,false,false,0,0,3669,30,0,
681,lookahead,6145,30,0,budget,0,64,true,6,1170,96,148,0.03333333333333333,0.9666666666666667,0,0,0,1,19,normal,false,4,12,125,6020,0,0,0,false,false,true,0,0,6145,30,0,
682,lookahead,8435,42,12,budget,0,86,true,5,895,152,208,0.023809523809523808,0.9047619047619048,0.07142857142857142,0,0,6,1,normal,false,6,24,120,6325,1990,0,0,false,false,true,0,0,8435,42,0,
683,lookahead,39330,112,82,budget,2,100,true,5,2175,352,531,0.008928571428571428,0.5446428571428571,0.2767857142857143,0.08035714285714286,0.08928571428571429,31,1,normal,false,9,61,75,6880,11720,12555,8100,false,true,false,6030,10,33300,102,1,3
684,lookahead,21045,60,30,budget,2,100,true,7,1680,225,328,0.05,0.6666666666666666,0.08333333333333333,0.03333333333333333,0.16666666666666666,12,1,crash,false,5,30,390,9960,2900,2895,4900,false,true,true,4415,10,16630,50,2,3|3
685,lookahead,4175,30,0,budget,0,62,true,4,525,85,137,0.03333333333333333,0.9666666666666667,0,0,0,1,13,normal,false,4,11,175,4000,0,0,0,false,false,false,0,0,4175,30,0,
686,lookahead,7790,30,0,budget,0,66,true,5,1190,127,207,0.3,0.7,0,0,0,2,14,normal,false,2,17,610,7180,0,0,0,false,false,true,0,0,7790,30,0,
687,lookahead,13839,53,23,budget,1,100,true,5,1520,154,248,0.1320754716981132,0.6037735849056604,0.11320754716981132,0.05660377358490566,0.09433962264150944,11,2,normal,false,7,25,834,3490,3450,1845,4220,false,true,true,4890,5,8949,48,1,2
688,lookahead,5233,30,0,budget,0,63,true,5,825,90,141,0.2,0.8,0,0,0,4,6,normal,false,4,12,178,5055,0,0,0,false,false,false,0,0,5233,30,0,
689,lookahead,9185,46,16,budget,0,91,true,5,840,143,224,0,0.8695652173913043,0.13043478260869565,0,0,6,5,normal,false,5,26,30,7415,1470,270,0,true,false,false,0,0,9185,46,0,
690,lookahead,1035,11,0,lock,0,50,true,3,270,15,38,0.18181818181818182,0.8181818181818182,0,0,0,1,6,crash,false,2,5,15,1020,0,0,0,false,false,false,0,0,1035,11,0,
691,lookahead,25200,68,38,budget,2,100,true,6,2460,270,361,0.014705882352941176,0.6323529411764706,0.14705882352941177,0.058823529411764705,0.14705882352941177,14,2,normal,false,8,34,525,7905,5700,2250,8820,false,true,false,8820,10,16380,58,2,3|3
692,lookahead,8271,30,0,budget,0,55,true,6,1030,125,193,0.13333333333333333,0.8666666666666667,0,0,0,2,11,normal,false,3,18,406,7865,0,0,0,false,false,true,0,0,8271,30,0,
693,lookahead,5285,30,0,budget,0,56,true,5,1290,84,156,0.13333333333333333,0.8666666666666667,0,0,0,3,13,crash,false,4,16,225,5060,0,0,0,false,false,true,0,0,5285,30,0,
694,lookahead,8303,40,10,budget,0,83,true,4,870,130,195,0.05,0.9,0.05,0,0,7,4,normal,false,4,19,113,6480,1710,0,0,false,false,false,0,0,8303,40,0,
695,lookahead,18165,66,36,budget,2,100,false,5,1470,193,309,0,0.5606060606060606,0.22727272727272727,0.06060606060606061,0.15151515151515152,14,6,normal,false,8,32,0,6670,3790,2505,5200,false,true,false,4400,10,13765,56,2,4|5
696,lookahead,41556,99,69,budget,5,100,true,6,4300,373,501,0.0707070707070707,0.37373737373737376,0.2222222222222222,0.08080808080808081,0.25252525252525254,25,2,normal,false,4,58,986,6320,7980,4470,21800,false,true,false,16780,25,24776,74,3,3|2|5
697,lookahead,39930,82,52,budget,4,100,true,6,3120,298,427,0.024390243902439025,0.4268292682926829,0.17073170731707318,0.13414634146341464,0.24390243902439024,18,22,crash,false,6,48,80,6905,7100,6825,19020,false,true,false,16990,20,22940,62,4,2|7|6|3
698,lookahead,11315,60,30,budget,0,93,true,4,795,177,248,0.03333333333333333,0.7166666666666667,0.2,0.05,0,15,2,crash,false,5,35,135,6610,3850,720,0,true,false,false,0,0,11315,60,0,
699,lookahead,14858,45,15,budget,1,100,true,5,1920,160,249,0.06666666666666667,0.7111111111111111,0.1111111111111111,0,0.1111111111111111,4,15,normal,false,4,26,348,6665,1440,1305,5100,false,false,true,3930,5,10928,40,1,3
700,lookahead,7081,32,2,budget,0,82,true,5,1260,113,186,0.1875,0.78125,0.03125,0,0,4,9,normal,false,5,16,351,5470,1260,0,0,false,false,true,0,0,7081,32,0,
701,lookahead,6235,40,10,budget,0,85,true,5,585,111,164,0,0.9,0.1,0,0,4,2,normal,false,11,15,90,5605,540,0,0,false,false,true,0,0,6235,40,0,
702,lookahead,22900,70,40,budget,2,100,true,6,4620,207,303,0.014285714285714285,0.5571428571428572,0.24285714285714285,0.04285714285714286,0.14285714285714285,15,2,normal,false,5,38,55,6070,3700,675,12400,false,true,false,11020,10,11880,60,1,3
703,lookahead,23668,56,26,budget,2,100,true,6,5140,217,326,0.03571428571428571,0.6785714285714286,0.07142857142857142,0.03571428571428571,0.17857142857142858,11,2,normal,false,6,34,383,8480,1560,705,12540,false,false,true,12345,10,11323,46,2,3|2
704,lookahead,21080,66,36,budget,2,100,false,6,2400,194,282,0,0.5151515151515151,0.2878787878787879,0.045454545454545456,0.15151515151515152,14,3,normal,false,7,33,0,4920,4910,990,10260,false,false,false,8940,10,12140,56,2,7|3
705,lookahead,17251,57,27,budget,1,100,true,5,1380,210,300,0.08771929824561403,0.6140350877192983,0.14035087719298245,0.07017543859649122,0.08771929824561403,14,1,normal,false,3,38,486,7905,3360,1020,4480,false,true,true,3220,5,14031,52,1,4
706,lookahead,5773,30,0,budget,0,69,true,5,735,103,158,0.06666666666666667,0.9333333333333333,0,0,0,1,18,normal,false,4,12,123,5650,0,0,0,false,false,true,0,0,5773,30,0,
707,lookahead,7015,36,6,budget,0,80,true,5,960,111,181,0,1,0,0,0,3,1,normal,false,8,16,30,6355,630,0,0,false,false,false,0,0,7015,36,0,
708,lookahead,6185,44,14,budget,0,90,true,4,725,122,175,0.045454545454545456,0.8636363636363636,0.06818181818181818,0.022727272727272728,0,8,3,normal,false,6,27,105,5115,830,135,0,true,false,true,0,0,6185,44,0,
709,lookahead,20820,61,31,budget,1,100,true,5,2355,186,291,0,0.6065573770491803,0.2459016393442623,0.06557377049180328,0.08196721311475409,13,11,normal,false,6,36,30,5700,3390,6300,5400,false,true,true,4590,5,16230,56,1,4
710,lookahead,7930,36,6,budget,0,83,true,5,1110,101,174,0.027777777777777776,0.9166666666666666,0.05555555555555555,0,0,4,2,normal,false,5,14,15,5755,2160,0,0,false,false,false,0,0,7930,36,0,
711,lookahead,32720,89,59,budget,3,100,true,7,3180,277,418,0.011235955056179775,0.5842696629213483,0.21348314606741572,0.02247191011235955,0.16853932584269662,21,4,normal,false,4,51,15,7730,11460,1395,12120,false,true,false,11930,15,20790,74,2,3|3
712,lookahead,4424,32,2,budget,0,74,true,5,780,81,138,0.21875,0.75,0.03125,0,0,5,1,crash,false,6,12,529,3805,90,0,0,false,false,false,0,0,4424,32,0,
713,lookahead,1160,11,0,lock,0,63,false,5,620,22,30,0,1,0,0,0,0,-1,normal,false,3,3,0,1160,0,0,0,false,false,false,0,0,1160,11,0,
714,lookahead,6294,34,4,budget,0,93,true,5,915,98,157,0.11764705882352941,0.8235294117647058,0.058823529411764705,0,0,2,21,normal,false,4,16,199,5195,360,540,0,true,false,false,0,0,6294,34,0,
715,lookahead,17165,67,37,budget,1,100,true,5,1455,219,322,0.029850746268656716,0.7611940298507462,0.1044776119402985,0.029850746268656716,0.07462686567164178,17,1,normal,false,10,34,30,8840,4350,225,3720,false,false,true,3490,5,13675,62,1,3
716,lookahead,9355,40,10,budget,0,74,true,7,1425,137,235,0.225,0.775,0,0,0,7,1,normal,false,5,19,845,7310,1200,0,0,false,false,false,0,0,9355,40,0,
717,lookahead,3536,36,6,budget,0,75,true,4,270,79,158,0.19444444444444445,0.75,0.05555555555555555,0,0,6,2,normal,false,5,20,776,2400,360,0,0,false,false,false,0,0,3536,36,0,
718,lookahead,14238,49,19,budget,1,100,true,5,2760,155,225,0.08163265306122448,0.6530612244897959,0.16326530612244897,0,0.10204081632653061,9,5,normal,false,3,27,323,4235,1690,810,7180,false,false,true,4520,5,9718,44,1,4
719,lookahead,5211,30,0,budget,0,68,true,4,690,89,188,0.26666666666666666,0.7333333333333333,0,0,0,3,11,crash,false,3,14,856,4355,0,0,0,false,false,false,0,0,5211,30,0,
720,lookahead,11385,52,22,budget,0,90,true,6,1600,154,250,0.019230769230769232,0.8653846153846154,0.09615384615384616,0.019230769230769232,0,11,8,normal,false,5,27,15,7445,3790,135,0,true,false,true,0,0,11385,52,0,
721,lookahead,8385,48,18,budget,0,89,true,5,785,141,201,0.041666666666666664,0.75,0.1875,0.020833333333333332,0,11,1,normal,false,4,22,75,5665,2510,135,0,false,false,true,0,0,8385,48,0,
722,lookahead,51884,134,104,budget,6,100,true,8,3120,456,630,0.029850746268656716,0.4701492537313433,0.21641791044776118,0.05970149253731343,0.22388059701492538,37,7,crash,false,4,88,459,11935,7870,6720,24900,false,true,true,21670,30,30214,104,6,4|4|3|2|3|3
723,lookahead,2000,17,2,lock,0,72,false,4,525,46,63,0,0.9411764705882353,0.058823529411764705,0,0,1,17,keto,false,3,7,0,2000,0,0,0,false,false,true,0,0,2000,17,0,
724,lookahead,28690,86,56,budget,2,100,true,6,3360,279,384,0.011627906976744186,0.6511627906976745,0.19767441860465115,0.023255813953488372,0.11627906976744186,23,2,normal,false,11,43,75,7675,7570,1710,11660,false,false,false,11220,10,17470,76,1,2
725,lookahead,35275,100,70,budget,2,100,true,6,3195,329,459,0.06,0.4,0.36,0.08,0.1,30,4,normal,false,4,59,255,5090,13380,10890,5660,false,true,false,7580,10,27695,90,2,8|3
726,lookahead,6774,34,4,budget,0,77,true,7,1260,99,184,0.14705882352941177,0.8235294117647058,0.029411764705882353,0,0,3,1,normal,false,5,14,449,5695,630,0,0,false,false,false,0,0,6774,34,0,
727,lookahead,7354,34,4,budget,0,86,true,7,1260,101,191,0.2647058823529412,0.6764705882352942,0.058823529411764705,0,0,6,2,normal,false,6,16,719,5975,660,0,0,false,false,true,0,0,7354,34,0,
728,lookahead,9666,42,12,budget,0,85,true,6,1600,128,222,0.14285714285714285,0.6904761904761905,0.16666666666666666,0,0,10,1,crash,false,5,19,611,4455,4060,540,0,false,false,true,0,0,9666,42,0,
729,lookahead,6385,21,4,lock,0,73,true,9,2835,70,133,0.047619047619047616,0.8571428571428571,0.09523809523809523,0,0,2,2,crash,false,3,12,0,6055,330,0,0,false,false,false,0,0,6385,21,0,
730,lookahead,5519,34,4,budget,0,82,true,5,915,96,161,0.17647058823529413,0.7647058823529411,0.058823529411764705,0,0,3,7,normal,false,5,16,454,4585,480,0,0,false,false,true,0,0,5519,34,0,
731,lookahead,5442,30,0,budget,0,55,true,6,1020,95,177,0.3,0.7,0,0,0,1,22,normal,false,6,14,862,4580,0,0,0,false,false,true,0,0,5442,30,0,
732,lookahead,13018,44,14,budget,0,96,true,7,2970,154,258,0.09090909090909091,0.7727272727272727,0.13636363636363635,0,0,7,1,normal,false,4,22,253,7395,5010,360,0,true,true,false,0,0,13018,44,0,
733,lookahead,23600,68,52,lock,4,100,true,5,2220,212,270,0,0.35294117647058826,0.23529411764705882,0.11764705882352941,0.29411764705882354,15,11,keto,false,4,41,60,3605,5760,3375,10800,false,true,true,10200,20,13400,48,3,6|4|5
734,lookahead,6526,42,12,budget,0,90,true,3,1060,109,171,0.047619047619047616,0.8571428571428571,0.07142857142857142,0.023809523809523808,0,7,3,normal,false,7,20,236,3895,2260,135,0,true,false,true,0,0,6526,42,0,
735,lookahead,5083,30,0,budget,0,50,true,6,1080,73,154,0.16666666666666666,0.8333333333333334,0,0,0,2,9,crash,false,5,13,473,4610,0,0,0,false,false,false,0,0,5083,30,0,
736,lookahead,44355,103,73,budget,3,100,true,6,3860,389,528,0.009708737864077669,0.5339805825242718,0.22330097087378642,0.08737864077669903,0.14563106796116504,26,4,normal,false,7,63,15,10475,8600,5925,19340,false,true,false,15850,15,28505,88,3,5|2|4
737,lookahead,11655,42,12,budget,0,84,true,7,1770,159,259,0.023809523809523808,0.9047619047619048,0.07142857142857142,0,0,7,2,normal,false,5,22,45,7880,3730,0,0,false,false,true,0,0,11655,42,0,
738,lookahead,6201,30,0,budget,0,55,true,5,930,95,153,0.13333333333333333,0.8666666666666667,0,0,0,2,28,normal,false,4,13,181,6020,0,0,0,false,false,true,0,0,6201,30,0,
739,lookahead,22271,69,39,budget,3,100,true,6,2250,217,317,0.07246376811594203,0.4782608695652174,0.17391304347826086,0.057971014492753624,0.21739130434782608,14,4,normal,false,8,38,226,6095,4100,2850,9000,false,false,true,8725,15,13546,54,3,5|3|4
740,lookahead,16399,52,22,budget,2,100,true,7,1710,163,283,0.09615384615384616,0.5769230769230769,0.1346153846153846,0,0.19230769230769232,8,1,normal,false,5,27,804,5645,4150,180,5620,false,false,false,5610,10,10789,42,1,2
741,lookahead,8595,42,12,budget,0,92,true,6,1020,152,214,0.023809523809523808,0.8809523809523809,0.07142857142857142,0.023809523809523808,0,6,3,normal,false,4,20,140,7030,1290,135,0,true,false,false,0,0,8595,42,0,
742,lookahead,3790,30,0,budget,0,50,true,5,730,60,118,0.1,0.9,0,0,0,2,9,crash,false,6,11,120,3670,0,0,0,false,false,false,0,0,3790,30,0,
743,lookahead,4358,30,0,budget,0,57,true,4,385,104,153,0.2,0.8,0,0,0,3,20,normal,false,5,15,693,3665,0,0,0,false,false,false,0,0,4358,30,0,
744,lookahead,6100,36,6,budget,0,85,false,4,725,115,155,0,0.9444444444444444,0.05555555555555555,0,0,2,22,normal,false,3,16,0,5395,300,405,0,false,false,false,0,0,6100,36,0,
745,lookahead,1795,12,0,lock,0,54,true,4,660,32,53,0.08333333333333333,0.9166666666666666,0,0,0,1,9,normal,false,3,5,15,1780,0,0,0,false,false,false,0,0,1795,12,0,
746,lookahead,5255,30,0,budget,0,63,true,5,720,89,152,0.03333333333333333,0.9666666666666667,0,0,0,0,-1,crash,false,10,11,100,5155,0,0,0,false,false,false,0,0,5255,30,0,
747,lookahead,4320,36,6,budget,0,89,true,3,435,99,133,0.027777777777777776,0.8888888888888888,0.08333333333333333,0,0,4,7,normal,false,5,14,15,3615,420,270,0,false,false,false,0,0,4320,36,0,
748,lookahead,5006,30,0,budget,0,52,true,4,670,85,151,0.16666666666666666,0.8333333333333334,0,0,0,4,4,normal,false,3,16,286,4720,0,0,0,false,false,false,0,0,5006,30,0,
749,lookahead,11380,49,19,budget,1,100,true,6,1265,170,243,0.04081632653061224,0.7346938775510204,0.10204081632653061,0.02040816326530612,0.10204081632653061,8,3,normal,false,7,23,190,8050,2190,150,800,false,false,false,770,5,10610,44,1,2
750,lookahead,4390,32,2,budget,0,76,true,4,505,90,125,0.03125,0.9375,0.03125,0,0,2,22,normal,false,6,13,105,4195,90,0,0,false,false,false,0,0,4390,32,0,
751,lookahead,45349,111,81,budget,5,100,true,7,4710,346,516,0.02702702702702703,0.4594594594594595,0.23423423423423423,0.05405405405405406,0.22522522522522523,30,4,normal,false,9,63,439,6090,16400,6840,15580,false,true,false,13420,25,31929,86,5,6|4|2|3|2
752,lookahead,23949,67,37,budget,1,100,true,6,4680,227,354,0.08955223880597014,0.5223880597014925,0.23880597014925373,0.07462686567164178,0.07462686567164178,19,2,crash,false,5,43,504,6695,6620,2070,8060,false,true,false,6530,5,17419,62,1,5
753,lookahead,19968,58,28,budget,2,100,true,6,3560,174,235,0.06896551724137931,0.4827586206896552,0.2413793103448276,0.034482758620689655,0.1724137931034483,9,8,normal,false,6,26,233,3110,3600,405,12620,false,false,false,11990,10,7978,48,2,5|8
754,lookahead,9752,45,15,budget,1,100,true,5,730,130,200,0.06666666666666667,0.6888888888888889,0.1111111111111111,0.022222222222222223,0.1111111111111111,6,1,normal,false,5,18,527,4435,2370,360,2060,false,false,false,1740,5,8012,40,1,3
755,lookahead,4246,30,0,budget,0,65,true,4,405,77,127,0.13333333333333333,0.8666666666666667,0,0,0,1,20,crash,false,3,10,146,4100,0,0,0,false,false,false,0,0,4246,30,0,
756,lookahead,35986,62,32,budget,2,100,true,9,9750,241,388,0.08064516129032258,0.5967741935483871,0.14516129032258066,0.016129032258064516,0.16129032258064516,9,30,crash,false,7,36,526,9035,4620,3105,18700,false,false,false,22075,10,13911,52,2,2|5
757,lookahead,5461,30,0,budget,0,54,true,4,645,106,167,0.06666666666666667,0.9333333333333333,0,0,0,1,18,normal,false,4,16,241,5220,0,0,0,false,false,false,0,0,5461,30,0,
758,lookahead,11625,34,4,budget,0,78,true,8,2975,146,238,0,0.9411764705882353,0.058823529411764705,0,0,2,1,normal,false,4,20,165,11280,180,0,0,false,false,true,0,0,11625,34,0,
759,lookahead,3605,30,0,budget,0,60,false,4,420,74,116,0,1,0,0,0,0,-1,normal,false,4,11,0,3605,0,0,0,false,false,false,0,0,3605,30,0,
760,lookahead,7075,30,0,budget,0,64,true,7,1270,108,161,0,1,0,0,0,0,-1,normal,false,5,15,30,7045,0,0,0,false,false,true,0,0,7075,30,0,
761,lookahead,8443,38,8,budget,0,94,true,6,1175,132,205,0.05263157894736842,0.8157894736842105,0.13157894736842105,0,0,6,11,normal,false,7,17,203,6275,750,1215,0,true,false,true,0,0,8443,38,0,
762,lookahead,2545,17,8,lock,0,82,false,4,525,54,57,0,0.8235294117647058,0.17647058823529413,0,0,4,6,keto,false,2,9,0,2005,540,0,0,false,false,true,0,0,2545,17,0,
763,lookahead,3501,32,2,budget,0,77,true,3,300,69,118,0.125,0.8125,0.0625,0,0,1,4,crash,false,6,8,121,3170,210,0,0,false,false,false,0,0,3501,32,0,
764,lookahead,8253,42,12,budget,0,80,true,6,1250,130,192,0.047619047619047616,0.8571428571428571,0.09523809523809523,0,0,7,9,normal,false,4,23,203,7180,870,0,0,false,false,true,0,0,8253,42,0,
765,lookahead,2896,30,0,budget,0,57,true,4,330,57,110,0.23333333333333334,0.7666666666666667,0,0,0,2,14,normal,false,4,14,271,2625,0,0,0,false,false,true,0,0,2896,30,0,
766,lookahead,4098,30,0,budget,0,67,true,4,595,79,136,0.23333333333333334,0.7666666666666667,0,0,0,3,17,normal,false,4,13,868,3230,0,0,0,false,false,false,0,0,4098,30,0,
767,lookahead,42358,123,93,budget,5,100,true,7,2500,370,524,0.008130081300813009,0.44715447154471544,0.25203252032520324,0.08943089430894309,0.2032520325203252,31,2,normal,false,6,71,278,9070,5040,7590,20380,false,true,false,19165,25,23193,98,5,5|9|3|2|2
768,lookahead,5429,32,2,budget,0,72,true,5,600,99,153,0.09375,0.875,0.03125,0,0,2,14,normal,false,5,14,259,5080,90,0,0,false,false,false,0,0,5429,32,0,
769,lookahead,19945,66,56,lock,2,100,true,5,2420,209,282,0.015151515151515152,0.5757575757575758,0.21212121212121213,0.045454545454545456,0.15151515151515152,21,1,deep,false,7,39,70,3825,7150,1440,7460,false,true,true,6990,10,12955,56,2,2|3
770,lookahead,10590,40,10,budget,0,94,true,5,1410,135,231,0,0.875,0.075,0.05,0,5,20,normal,false,3,23,130,7220,900,2340,0,true,false,false,0,0,10590,40,0,
771,lookahead,17850,67,37,budget,1,100,true,5,1780,196,271,0.029850746268656716,0.5074626865671642,0.3582089552238806,0.029850746268656716,0.07462686567164178,18,3,normal,false,5,34,65,5180,4360,5985,2260,false,true,false,2600,5,15250,62,1,13
772,lookahead,4115,30,0,budget,0,69,true,4,500,87,125,0.03333333333333333,0.9666666666666667,0,0,0,1,23,normal,false,9,12,45,4070,0,0,0,false,false,false,0,0,4115,30,0,
773,lookahead,9263,44,14,budget,0,81,true,6,1290,146,234,0.06818181818181818,0.8636363636363636,0.06818181818181818,0,0,9,6,normal,false,5,25,218,7245,1800,0,0,false,false,false,0,0,9263,44,0,
774,lookahead,23135,93,63,budget,3,100,false,5,1920,265,352,0,0.6236559139784946,0.17204301075268819,0.043010752688172046,0.16129032258064516,25,2,normal,false,6,41,0,6650,6310,2055,8120,false,true,false,9000,15,14135,78,3,3|4|2
775,lookahead,8593,27,6,lock,0,80,true,7,1638,111,195,0.037037037037037035,0.9259259259259259,0.037037037037037035,0,0,4,2,normal,false,2,19,383,7490,720,0,0,false,false,false,0,0,8593,27,0,
776,lookahead,42620,117,87,budget,5,100,false,6,3800,366,543,0,0.47863247863247865,0.24786324786324787,0.05982905982905983,0.21367521367521367,29,6,normal,false,9,62,0,9305,10490,4605,18220,false,true,true,17530,25,25090,92,5,2|4|2|4|5
777,lookahead,8570,40,10,budget,0,80,true,7,1290,133,195,0.025,0.875,0.1,0,0,5,1,crash,false,5,20,30,7640,900,0,0,false,false,false,0,0,8570,40,0,
778,lookahead,6796,36,6,budget,0,85,true,6,1005,125,192,0.2222222222222222,0.7222222222222222,0.05555555555555555,0,0,5,12,normal,false,3,20,626,5780,390,0,0,false,false,false,0,0,6796,36,0,
779,lookahead,27591,88,58,budget,4,100,true,8,2500,287,350,0.022727272727272728,0.4318181818181818,0.23863636363636365,0.07954545454545454,0.22727272727272727,20,3,normal,false,5,42,266,8010,5640,3315,10360,false,true,true,7230,20,20361,68,4,3|2|9|2
780,lookahead,5598,30,0,budget,0,59,true,6,1005,79,151,0.2,0.8,0,0,0,4,9,normal,false,3,15,508,5090,0,0,0,false,false,false,0,0,5598,30,0,
781,lookahead,17620,55,25,budget,1,100,true,6,2760,195,276,0,0.7818181818181819,0.10909090909090909,0.01818181818181818,0.09090909090909091,11,3,normal,false,4,32,30,8480,1930,720,6460,false,false,true,5440,5,12180,50,1,6
782,lookahead,720,8,0,lock,0,50,false,3,285,15,24,0,1,0,0,0,0,-1,normal,false,4,3,0,720,0,0,0,false,false,true,0,0,720,8,0,
783,lookahead,5104,36,6,budget,0,83,true,5,660,98,158,0.1388888888888889,0.75,0.1111111111111111,0,0,4,7,crash,false,7,14,349,4215,540,0,0,false,false,false,0,0,5104,36,0,
784,lookahead,1435,17,0,lock,0,63,true,3,208,29,71,0.35294117647058826,0.6470588235294118,0,0,0,1,12,crash,false,4,8,625,810,0,0,0,false,false,false,0,0,1435,17,0,
785,lookahead,18820,75,45,budget,1,100,true,6,1950,218,324,0.013333333333333334,0.68,0.2,0.04,0.06666666666666667,20,2,crash,false,5,39,75,8110,8070,1485,1080,false,false,false,1020,5,17800,70,1,2
786,lookahead,6928,38,8,budget,0,90,true,4,1275,104,180,0.07894736842105263,0.7894736842105263,0.13157894736842105,0,0,5,3,crash,false,8,16,128,4825,760,1215,0,true,false,false,0,0,6928,38,0,
787,lookahead,37080,91,61,budget,5,100,true,6,5140,317,391,0.02197802197802198,0.45054945054945056,0.16483516483516483,0.08791208791208792,0.27472527472527475,18,4,normal,false,5,49,120,7100,5160,2340,22360,false,true,true,21090,25,15990,66,5,2|3|3|10|4
788,lookahead,15603,54,24,budget,2,100,true,4,2060,151,252,0.18518518518518517,0.4444444444444444,0.14814814814814814,0.037037037037037035,0.18518518518518517,8,1,normal,false,6,23,663,3775,1450,2115,7600,false,true,false,7160,10,8443,44,2,2|6
789,lookahead,5210,34,4,budget,0,84,true,5,850,86,155,0.29411764705882354,0.6764705882352942,0.029411764705882353,0,0,3,8,crash,false,12,10,445,3955,810,0,0,false,false,false,0,0,5210,34,0,
790,lookahead,42798,90,60,budget,6,100,true,6,3400,287,468,0.05555555555555555,0.4222222222222222,0.15555555555555556,0.03333333333333333,0.3333333333333333,17,10,normal,false,3,54,573,5975,6350,2940,26960,false,true,true,26190,30,16608,60,5,3|4|2|5|2
791,lookahead,18695,71,41,budget,1,100,true,9,4125,213,314,0,0.676056338028169,0.19718309859154928,0.056338028169014086,0.07042253521126761,16,3,normal,false,6,34,60,6960,4570,5565,1540,false,true,true,1840,5,16855,66,1,8
792,lookahead,22188,76,46,budget,2,100,true,8,2580,244,348,0.02631578947368421,0.5657894736842105,0.21052631578947367,0.06578947368421052,0.13157894736842105,14,2,normal,false,6,37,168,8410,2970,4740,5900,false,true,false,6005,10,16183,66,2,13|2
793,lookahead,4294,30,0,budget,0,57,true,4,420,94,146,0.16666666666666666,0.8333333333333334,0,0,0,3,8,normal,false,4,14,679,3615,0,0,0,false,false,true,0,0,4294,30,0,
794,lookahead,39680,87,57,budget,3,100,true,7,4240,331,449,0.011494252873563218,0.5747126436781609,0.20689655172413793,0.034482758620689655,0.1724137931034483,20,4,normal,false,4,54,15,7620,12580,1485,17980,false,true,true,15635,15,24045,72,2,3|2
795,lookahead,17473,67,37,budget,1,100,true,4,1860,189,296,0.029850746268656716,0.6119402985074627,0.22388059701492538,0.05970149253731343,0.07462686567164178,18,1,normal,false,9,38,68,6400,3730,2655,4620,false,true,false,4680,5,12793,62,1,5
796,lookahead,4853,30,0,budget,0,61,true,4,680,93,144,0.13333333333333333,0.8666666666666667,0,0,0,2,14,crash,false,3,14,158,4695,0,0,0,false,false,false,0,0,4853,30,0,
797,lookahead,5239,30,0,budget,0,62,true,5,840,83,156,0.23333333333333334,0.7666666666666667,0,0,0,3,14,normal,false,5,14,464,4775,0,0,0,false,false,true,0,0,5239,30,0,
798,lookahead,52953,119,94,lock,4,100,true,6,4020,443,644,0.025210084033613446,0.4957983193277311,0.2605042016806723,0.05042016806722689,0.16806722689075632,35,8,normal,false,5,77,473,10575,12380,3825,25700,false,false,false,19465,20,33488,99,4,4|2|3|2
799,lookahead,6896,40,10,budget,0,83,true,6,1050,114,170,0.15,0.775,0.075,0,0,7,2,normal,false,7,16,691,4005,2200,0,0,false,false,true,0,0,6896,40,0,
800,lookahead,5186,30,0,budget,0,67,true,5,1005,89,143,0.1,0.9,0,0,0,2,17,normal,false,5,16,286,4900,0,0,0,false,false,true,0,0,5186,30,0,
801,lookahead,4007,30,0,budget,0,69,true,5,600,85,126,0.16666666666666666,0.8333333333333334,0,0,0,2,19,normal,false,6,10,512,3495,0,0,0,false,false,true,0,0,4007,30,0,
802,lookahead,7385,36,6,budget,0,76,true,6,1065,133,192,0.027777777777777776,0.8888888888888888,0.08333333333333333,0,0,4,7,normal,false,3,20,15,6530,840,0,0,false,false,false,0,0,7385,36,0,
803,lookahead,2857,19,0,lock,0,56,true,4,515,47,91,0.3157894736842105,0.6842105263157895,0,0,0,1,10,crash,false,4,7,427,2430,0,0,0,false,false,false,0,0,2857,19,0,
804,lookahead,20341,43,13,budget,1,100,true,10,7980,142,236,0.046511627906976744,0.7441860465116279,0.046511627906976744,0.046511627906976744,0.11627906976744186,5,20,crash,false,8,18,716,5360,1120,7845,5300,false,true,true,4050,5,16291,38,1,4
805,lookahead,3520,30,0,budget,0,63,false,4,420,73,110,0,1,0,0,0,0,-1,normal,false,2,13,0,3520,0,0,0,false,false,false,0,0,3520,30,0,
806,lookahead,22703,71,41,budget,3,100,true,5,3420,219,321,0.056338028169014086,0.5774647887323944,0.11267605633802817,0.04225352112676056,0.2112676056338028,15,12,normal,false,8,37,393,5455,3600,1395,11860,false,false,false,11480,15,11223,56,2,3|7
807,lookahead,5076,30,0,budget,0,58,true,5,750,90,146,0.1,0.9,0,0,0,3,7,normal,false,5,12,601,4475,0,0,0,false,false,true,0,0,5076,30,0,
808,lookahead,56560,144,114,budget,6,100,true,8,3870,501,688,0.006944444444444444,0.4861111111111111,0.2638888888888889,0.034722222222222224,0.20833333333333334,36,7,normal,false,6,87,15,12000,17180,7065,20300,false,true,false,20700,30,35860,114,4,2|2|4|6
809,lookahead,17596,67,37,budget,1,100,true,4,2025,193,320,0.11940298507462686,0.6119402985074627,0.19402985074626866,0,0.07462686567164178,17,1,crash,false,4,37,546,5650,4810,3150,3440,false,true,false,2850,5,14746,62,1,2
810,lookahead,5546,30,0,budget,0,66,true,5,573,111,160,0,1,0,0,0,0,-1,normal,false,5,14,551,4995,0,0,0,false,false,true,0,0,5546,30,0,
811,lookahead,9895,42,12,budget,0,92,true,7,3590,133,187,0.023809523809523808,0.8571428571428571,0.09523809523809523,0.023809523809523808,0,3,7,crash,false,7,16,0,5660,4100,135,0,true,false,false,0,0,9895,42,0,
812,lookahead,33085,95,65,budget,1,100,true,6,1950,339,523,0,0.6210526315789474,0.28421052631578947,0.042105263157894736,0.05263157894736842,26,2,normal,false,4,59,100,9370,11150,5985,6480,false,false,true,6155,5,26930,90,1,5
813,lookahead,48896,106,76,budget,4,100,true,7,4100,408,592,0.009433962264150943,0.5660377358490566,0.1792452830188679,0.05660377358490566,0.18867924528301888,28,7,normal,false,5,65,231,12560,6990,7275,21840,false,true,true,19690,20,29206,86,3,6|4|4
814,lookahead,8855,32,2,budget,0,82,true,5,1440,133,195,0,0.96875,0.03125,0,0,1,29,normal,false,5,14,50,6615,2190,0,0,false,false,false,0,0,8855,32,0,
815,lookahead,15590,23,22,lock,2,100,false,5,2520,96,119,0,0.13043478260869565,0.2608695652173913,0.21739130434782608,0.391304347826087,7,3,frenzy,false,3,14,0,920,1410,3480,9780,false,true,false,10530,9,5060,14,2,6|7
816,lookahead,9035,42,12,budget,0,93,false,6,1365,149,208,0,0.8333333333333334,0.14285714285714285,0.023809523809523808,0,6,5,normal,false,4,20,0,6740,1890,405,0,true,false,true,0,0,9035,42,0,
817,lookahead,10238,48,18,budget,0,94,true,5,1470,144,217,0.0625,0.7916666666666666,0.14583333333333334,0,0,9,2,normal,false,2,26,343,5175,3280,1440,0,true,false,false,0,0,10238,48,0,
818,lookahead,32713,76,51,lock,3,100,true,6,4320,272,377,0.05263157894736842,0.4605263157894737,0.23684210526315788,0.05263157894736842,0.19736842105263158,21,2,normal,false,4,52,268,5695,7000,3990,15760,false,false,true,15580,15,17133,61,3,5|2|5
819,lookahead,2569,30,0,budget,0,50,true,4,495,54,115,0.43333333333333335,0.5666666666666667,0,0,0,4,7,normal,false,4,13,1019,1550,0,0,0,false,false,false,0,0,2569,30,0,
820,lookahead,16606,57,27,budget,1,100,true,5,1260,182,299,0.10526315789473684,0.6140350877192983,0.15789473684210525,0.03508771929824561,0.08771929824561403,15,3,normal,false,4,34,686,6565,2760,3375,3220,false,true,true,3790,5,12816,52,1,6
821,lookahead,3975,30,0,budget,0,55,true,4,420,83,131,0.03333333333333333,0.9666666666666667,0,0,0,1,26,normal,false,4,15,45,3930,0,0,0,false,false,false,0,0,3975,30,0,
822,lookahead,4574,34,4,budget,0,80,true,5,690,81,132,0.20588235294117646,0.7941176470588235,0,0,0,3,7,normal,false,8,11,534,3680,360,0,0,false,false,true,0,0,4574,34,0,
823,lookahead,17443,63,33,budget,3,100,true,4,1920,176,273,0.06349206349206349,0.5714285714285714,0.1111111111111111,0.015873015873015872,0.23809523809523808,10,1,normal,false,7,24,173,4865,2200,2385,7820,false,true,true,8620,15,8823,48,2,2|3
824,lookahead,5893,30,0,budget,0,65,true,6,1005,96,148,0.1,0.9,0,0,0,3,5,normal,false,4,15,283,5610,0,0,0,false,false,true,0,0,5893,30,0,
825,lookahead,7020,23,15,lock,1,100,false,3,1320,65,80,0,0.4782608695652174,0.21739130434782608,0.08695652173913043,0.21739130434782608,6,3,normal,false,7,10,0,855,1380,1305,3480,false,false,false,2250,5,4770,18,1,5
826,lookahead,34525,102,72,budget,4,100,true,5,2445,311,458,0.0196078431372549,0.4215686274509804,0.29411764705882354,0.06862745098039216,0.19607843137254902,27,10,crash,false,5,63,110,6470,7310,7755,12880,false,true,false,11900,20,22625,82,4,5|9|2|13
827,lookahead,5620,36,6,budget,0,83,true,6,1145,103,142,0,0.8888888888888888,0.1111111111111111,0,0,3,13,normal,false,5,11,80,4490,1050,0,0,false,false,false,0,0,5620,36,0,
828,lookahead,7890,32,2,budget,0,73,false,7,1200,119,178,0,0.96875,0.03125,0,0,1,11,normal,false,4,16,0,7800,90,0,0,false,false,false,0,0,7890,32,0,
829,lookahead,4127,30,0,budget,0,66,true,4,475,67,143,0.2,0.8,0,0,0,2,20,normal,false,7,14,317,3810,0,0,0,false,false,true,0,0,4127,30,0,
830,lookahead,6050,36,6,budget,0,79,false,5,915,115,157,0,0.9166666666666666,0.08333333333333333,0,0,3,5,normal,false,4,18,0,5780,270,0,0,false,false,false,0,0,6050,36,0,
831,lookahead,9410,43,13,budget,1,100,true,5,1080,131,203,0.11627906976744186,0.6744186046511628,0.06976744186046512,0.023255813953488372,0.11627906976744186,7,8,normal,false,6,20,390,5465,260,315,2980,false,true,false,3040,5,6370,38,1,4
832,lookahead,26190,90,60,budget,2,100,true,5,2120,303,434,0.011111111111111112,0.6222222222222222,0.25555555555555554,0,0.1111111111111111,23,3,crash,false,4,54,105,9680,9370,675,6360,false,false,false,6740,10,19450,80,1,3
833,lookahead,2368,13,0,lock,0,52,true,5,780,47,70,0.23076923076923078,0.7692307692307693,0,0,0,2,8,normal,false,3,6,278,2090,0,0,0,false,false,false,0,0,2368,13,0,
834,lookahead,4230,14,8,lock,0,82,false,6,1395,45,66,0,0.9285714285714286,0.07142857142857142,0,0,4,2,normal,false,6,6,0,2130,2100,0,0,false,false,true,0,0,4230,14,0,
835,lookahead,4495,32,2,budget,0,81,false,4,795,94,121,0,1,0,0,0,1,9,normal,false,5,10,0,4015,480,0,0,false,false,false,0,0,4495,32,0,
836,lookahead,12500,47,17,budget,1,100,true,7,1745,159,250,0.1276595744680851,0.6170212765957447,0.10638297872340426,0.0425531914893617,0.10638297872340426,8,4,normal,false,10,21,780,6125,450,2385,2760,false,false,false,2370,5,10130,42,1,7
837,lookahead,23048,61,44,lock,2,100,true,8,4155,194,267,0.04918032786885246,0.5737704918032787,0.18032786885245902,0.03278688524590164,0.16393442622950818,15,2,keto,false,5,40,143,3670,7260,4815,7160,false,true,false,7370,10,15678,51,2,3|3
838,lookahead,4950,36,6,budget,0,90,true,4,645,92,150,0.05555555555555555,0.8611111111111112,0.05555555555555555,0.027777777777777776,0,5,7,normal,false,7,17,170,3955,690,135,0,true,false,false,0,0,4950,36,0,
839,lookahead,2803,30,0,budget,0,54,true,3,395,57,103,0.06666666666666667,0.9333333333333333,0,0,0,0,-1,crash,false,10,10,53,2750,0,0,0,false,false,false,0,0,2803,30,0,
840,lookahead,51963,106,76,budget,4,100,true,6,3640,410,622,0.02830188679245283,0.5566037735849056,0.16981132075471697,0.05660377358490566,0.18867924528301888,29,3,normal,false,4,70,113,11665,9590,7575,23020,false,true,true,18690,20,33273,86,4,3|2|4|2
841,lookahead,20353,70,40,budget,2,100,true,4,1560,228,325,0.04285714285714286,0.5857142857142857,0.18571428571428572,0.04285714285714286,0.14285714285714285,17,11,normal,false,6,40,338,7125,3670,2580,6640,false,true,false,6650,10,13703,60,2,4|5
842,lookahead,3759,30,0,budget,0,56,true,3,495,87,133,0.23333333333333334,0.7666666666666667,0,0,0,1,19,normal,false,7,9,509,3250,0,0,0,false,false,true,0,0,3759,30,0,
843,lookahead,4360,30,0,budget,0,60,true,3,510,98,148,0,1,0,0,0,0,-1,normal,false,9,10,105,4255,0,0,0,false,false,false,0,0,4360,30,0,
844,lookahead,10080,39,9,budget,1,100,true,4,2360,118,183,0.05128205128205128,0.7692307692307693,0.05128205128205128,0,0.1282051282051282,3,11,crash,false,4,20,245,4685,150,240,4760,false,false,false,4160,5,5920,34,1,2
845,lookahead,21840,71,41,budget,1,100,false,6,2625,248,336,0,0.6619718309859155,0.2112676056338028,0.056338028169014086,0.07042253521126761,17,1,normal,false,7,37,0,8080,4410,5610,3740,false,true,false,4440,5,17400,66,1,5
846,lookahead,36310,87,57,budget,5,100,true,7,2220,316,451,0.034482758620689655,0.3793103448275862,0.25287356321839083,0.04597701149425287,0.28735632183908044,21,1,normal,false,3,52,330,8000,6840,5400,15740,false,true,true,15600,25,20710,62,4,9|2|4|5
847,lookahead,6381,40,10,budget,0,81,true,6,1080,106,169,0.225,0.7,0.075,0,0,7,2,normal,false,6,17,481,5450,450,0,0,false,false,false,0,0,6381,40,0,
848,lookahead,5857,36,6,budget,0,90,true,5,858,102,170,0.19444444444444445,0.7222222222222222,0.05555555555555555,0.027777777777777776,0,6,3,normal,false,3,16,892,4230,600,135,0,true,false,false,0,0,5857,36,0,
849,lookahead,11814,56,26,budget,0,98,true,4,1230,149,251,0.17857142857142858,0.48214285714285715,0.26785714285714285,0.07142857142857142,0,16,2,normal,false,4,33,644,4550,2660,3960,0,true,true,false,0,0,11814,56,0,
850,lookahead,6280,30,0,budget,0,67,true,6,960,109,159,0.13333333333333333,0.8666666666666667,0,0,0,2,17,normal,false,3,13,240,6040,0,0,0,false,false,false,0,0,6280,30,0,
851,lookahead,73600,176,146,budget,8,100,true,6,4240,602,857,0.028409090909090908,0.4090909090909091,0.24431818181818182,0.09090909090909091,0.22727272727272727,51,1,normal,false,7,109,435,12170,14310,8445,38240,false,true,false,29720,40,43880,136,8,11|8|8|2|5|2|3|6
852,lookahead,3354,30,0,budget,0,65,true,3,345,69,113,0.2,0.8,0,0,0,2,24,normal,false,7,11,334,3020,0,0,0,false,false,true,0,0,3354,30,0,
853,lookahead,28480,80,56,lock,4,100,true,5,1620,243,342,0.05,0.35,0.2625,0.0875,0.25,18,6,crash,false,8,43,90,4460,4560,6870,12500,false,true,false,12750,20,15730,60,4,9|14|2|2
854,lookahead,18861,65,35,budget,1,100,true,6,2820,226,304,0.046153846153846156,0.6307692307692307,0.18461538461538463,0.06153846153846154,0.07692307692307693,14,19,normal,false,4,38,101,7870,4930,1500,4460,false,true,true,4520,5,14341,60,1,4
855,lookahead,3690,32,2,budget,0,78,true,5,840,79,120,0.0625,0.9375,0,0,0,1,14,crash,false,6,13,120,3390,180,0,0,false,false,false,0,0,3690,32,0,
856,lookahead,21760,81,51,budget,3,100,false,6,1140,275,338,0,0.5679012345679012,0.1728395061728395,0.07407407407407407,0.18518518518518517,18,4,normal,false,6,45,0,8605,3850,1545,7760,false,false,true,6690,15,15070,66,3,5|3|9
857,lookahead,5915,32,2,budget,0,79,true,5,855,102,159,0.03125,0.9375,0.03125,0,0,1,8,crash,false,6,14,0,5825,90,0,0,false,false,false,0,0,5915,32,0,
858,lookahead,4070,32,2,budget,0,73,true,4,585,73,127,0.03125,0.9375,0.03125,0,0,1,2,crash,false,6,18,105,3875,90,0,0,false,false,false,0,0,4070,32,0,
859,lookahead,24940,63,33,budget,1,100,true,6,3060,239,369,0.015873015873015872,0.7619047619047619,0.12698412698412698,0.015873015873015872,0.07936507936507936,13,21,normal,false,6,35,40,8600,8150,2070,6080,false,false,false,5200,5,19740,58,1,3
860,lookahead,100945,211,181,budget,9,100,false,8,7400,723,1082,0,0.4218009478672986,0.2890995260663507,0.07582938388625593,0.2132701421800948,64,2,normal,false,7,136,0,14255,26040,14310,46340,false,true,true,43645,45,57300,166,7,5|3|8|5|3|6|5
861,lookahead,3211,30,0,budget,0,65,true,4,410,66,129,0.43333333333333335,0.5666666666666667,0,0,0,3,13,crash,false,6,10,771,2440,0,0,0,false,false,false,0,0,3211,30,0,
862,lookahead,7453,30,0,budget,0,64,true,5,1185,124,198,0.13333333333333333,0.8666666666666667,0,0,0,2,10,normal,false,3,17,333,7120,0,0,0,false,false,false,0,0,7453,30,0,
863,lookahead,15353,73,43,budget,1,100,true,6,1755,190,271,0.0136986301369863,0.684931506849315,0.1506849315068493,0.0821917808219178,0.0684931506849315,18,4,normal,false,9,31,138,6250,3100,3525,2340,false,true,true,2400,5,12953,68,1,9
864,lookahead,18360,72,42,budget,2,100,false,6,1260,227,314,0,0.7083333333333334,0.1388888888888889,0.013888888888888888,0.1388888888888889,12,9,normal,false,9,35,0,7255,4620,1365,5120,false,false,false,6295,10,12065,62,2,2|2
865,lookahead,23025,58,28,budget,2,100,true,7,3620,222,307,0.034482758620689655,0.7068965517241379,0.08620689655172414,0,0.1724137931034483,8,1,normal,false,5,28,240,8955,3130,1080,9620,false,false,false,7845,10,15180,48,1,3
866,lookahead,6186,30,0,budget,0,69,true,5,1645,101,174,0.16666666666666666,0.8333333333333334,0,0,0,1,17,crash,false,5,15,326,5860,0,0,0,false,false,false,0,0,6186,30,0,
867,lookahead,16470,37,30,lock,2,100,false,4,1740,142,158,0,0.32432432432432434,0.24324324324324326,0.16216216216216217,0.2702702702702703,10,1,normal,false,4,23,0,1690,3100,1740,9940,false,true,false,8950,10,7520,27,2,7|4
868,lookahead,8730,41,11,budget,1,100,true,4,960,132,185,0.04878048780487805,0.7317073170731707,0.07317073170731707,0.024390243902439025,0.12195121951219512,5,5,normal,false,6,18,225,4775,820,90,2820,false,false,false,2550,5,6180,36,1,3
869,lookahead,5310,30,0,budget,0,62,true,6,1485,87,157,0.23333333333333334,0.7666666666666667,0,0,0,3,6,normal,false,3,14,740,4570,0,0,0,false,false,true,0,0,5310,30,0,
870,lookahead,57795,140,110,budget,4,100,true,8,3090,508,772,0.014285714285714285,0.6,0.17857142857142858,0.06428571428571428,0.14285714285714285,43,3,normal,false,8,87,135,14745,17820,8235,16860,false,true,false,15900,20,41895,120,4,2|2|8|2
871,lookahead,10935,54,24,budget,0,90,true,6,1575,179,251,0.018518518518518517,0.8148148148148148,0.14814814814814814,0.018518518518518517,0,11,13,normal,false,5,28,20,8460,2140,315,0,true,false,false,0,0,10935,54,0,
872,lookahead,15500,57,27,budget,1,100,true,5,1440,189,286,0,0.7894736842105263,0.10526315789473684,0.017543859649122806,0.08771929824561403,11,4,normal,false,4,34,90,7730,3840,360,3480,false,false,false,2130,5,13370,52,1,2
873,lookahead,20015,60,30,budget,2,100,true,7,4060,220,307,0,0.6666666666666666,0.15,0.016666666666666666,0.16666666666666666,10,2,normal,false,5,35,40,9610,1470,1215,7680,false,false,true,3850,10,16165,50,2,6|2
874,lookahead,5430,32,2,budget,0,73,true,5,990,86,166,0.15625,0.84375,0,0,0,3,2,normal,false,5,15,585,3885,960,0,0,false,false,true,0,0,5430,32,0,
875,lookahead,15659,57,27,budget,1,100,true,5,1680,207,290,0.03508771929824561,0.5964912280701754,0.24561403508771928,0.03508771929824561,0.08771929824561403,12,1,normal,false,7,29,634,6275,4130,1440,3180,false,true,false,2610,5,13049,52,1,3
876,lookahead,6193,36,6,budget,0,76,true,4,855,116,184,0.027777777777777776,0.8888888888888888,0.08333333333333333,0,0,4,2,normal,false,6,22,343,5280,570,0,0,false,false,true,0,0,6193,36,0,
877,lookahead,5256,30,0,budget,0,65,true,6,1145,90,145,0.13333333333333333,0.8666666666666667,0,0,0,2,22,normal,false,7,9,301,4955,0,0,0,false,false,true,0,0,5256,30,0,
878,lookahead,78372,143,113,budget,7,100,true,7,8060,539,753,0.04195804195804196,0.3706293706293706,0.2517482517482518,0.09090909090909091,0.24475524475524477,38,1,normal,false,5,87,632,10155,11500,15285,40800,false,true,true,39645,35,38727,108,6,2|9|6|2|6|9
879,lookahead,32285,92,62,budget,4,100,true,6,3360,344,473,0,0.5217391304347826,0.1956521739130435,0.06521739130434782,0.21739130434782608,17,8,normal,false,5,60,90,11445,5580,2430,12740,false,true,false,13445,20,18840,72,4,5|4|2|2
880,lookahead,5245,34,4,budget,0,93,true,5,1785,84,129,0.029411764705882353,0.8529411764705882,0.08823529411764706,0.029411764705882353,0,3,2,normal,false,9,11,45,3085,1980,135,0,true,false,false,0,0,5245,34,0,
881,lookahead,4515,30,0,budget,0,67,true,4,450,82,151,0.1,0.9,0,0,0,2,9,crash,false,5,10,240,4275,0,0,0,false,false,false,0,0,4515,30,0,
882,lookahead,5045,32,2,budget,0,71,true,7,1815,85,138,0,1,0,0,0,1,9,normal,false,4,17,30,5015,0,0,0,false,false,true,0,0,5045,32,0,
883,lookahead,19803,66,36,budget,2,100,true,6,1790,228,312,0.06060606060606061,0.4696969696969697,0.22727272727272727,0.09090909090909091,0.15151515151515152,13,1,crash,false,5,34,53,9660,3350,2760,3980,false,true,false,3470,10,16333,56,2,4|10
884,lookahead,30658,72,42,budget,2,100,true,6,3120,262,371,0.027777777777777776,0.6111111111111112,0.16666666666666666,0.05555555555555555,0.1388888888888889,13,21,crash,false,6,39,173,7495,3530,6600,12860,false,true,true,11450,10,19208,62,2,3|3
885,lookahead,5425,32,2,budget,0,71,true,5,765,97,153,0.09375,0.90625,0,0,0,3,9,crash,false,5,14,195,4690,540,0,0,false,false,false,0,0,5425,32,0,
886,lookahead,16735,54,24,budget,2,100,true,6,2910,196,283,0,0.6481481481481481,0.12962962962962962,0.037037037037037035,0.18518518518518517,5,2,normal,false,5,25,180,6805,2760,3390,3600,false,true,true,5790,10,10945,44,2,3|2
887,lookahead,8455,40,10,budget,0,82,true,6,1050,143,213,0,0.9,0.1,0,0,4,15,normal,false,5,19,240,7195,1020,0,0,false,false,true,0,0,8455,40,0,
888,lookahead,82935,139,129,lock,5,100,false,6,4540,526,755,0,0.3237410071942446,0.3597122302158273,0.1366906474820144,0.17985611510791366,50,5,normal,false,7,93,0,6875,16420,17340,42300,false,true,false,32525,25,50410,114,5,3|7|13|4|7
889,lookahead,8250,44,14,budget,0,82,true,5,1170,129,197,0,0.9318181818181818,0.06818181818181818,0,0,7,1,normal,false,7,20,90,6720,1440,0,0,false,false,true,0,0,8250,44,0,
890,lookahead,7270,36,6,budget,0,90,true,8,1515,117,176,0.1111111111111111,0.7777777777777778,0.08333333333333333,0.027777777777777776,0,5,2,normal,false,5,15,335,6540,260,135,0,true,false,false,0,0,7270,36,0,
891,lookahead,1330,12,0,lock,0,50,true,3,225,26,45,0.08333333333333333,0.9166666666666666,0,0,0,1,6,normal,false,2,7,60,1270,0,0,0,false,false,false,0,0,1330,12,0,
892,lookahead,13719,53,23,budget,1,100,true,5,2455,142,219,0.11320754716981132,0.5660377358490566,0.1320754716981132,0.09433962264150944,0.09433962264150944,9,11,normal,false,6,27,294,4355,1570,3600,3900,false,true,true,3835,5,9884,48,1,2
893,lookahead,7355,36,6,budget,0,80,true,6,1015,111,186,0,1,0,0,0,3,2,normal,false,7,17,100,6715,540,0,0,false,false,true,0,0,7355,36,0,
894,lookahead,68054,188,158,budget,10,100,true,5,2340,581,842,0.047872340425531915,0.4095744680851064,0.19680851063829788,0.0797872340425532,0.26595744680851063,51,4,crash,false,9,113,344,11485,14520,7605,34100,false,true,false,31300,50,36754,138,9,5|3|2|3|2|2|4|5|6
895,lookahead,7525,42,12,budget,0,98,false,5,960,119,174,0,0.8095238095238095,0.14285714285714285,0.047619047619047616,0,5,3,normal,false,6,16,0,4630,2130,765,0,true,true,false,0,0,7525,42,0,
896,lookahead,4402,30,0,budget,0,57,true,5,615,84,144,0.23333333333333334,0.7666666666666667,0,0,0,1,7,crash,false,5,10,462,3940,0,0,0,false,false,true,0,0,4402,30,0,
897,lookahead,27705,78,48,budget,4,100,true,6,2970,268,408,0,0.48717948717948717,0.19230769230769232,0.0641025641025641,0.2564102564102564,17,2,normal,false,7,48,40,8470,7390,1305,10500,false,true,true,8980,20,18725,58,3,3|4|3
898,lookahead,3912,30,0,budget,0,62,true,4,510,70,128,0.26666666666666666,0.7333333333333333,0,0,0,3,15,normal,false,9,11,362,3550,0,0,0,false,false,true,0,0,3912,30,0,
899,lookahead,48925,125,95,budget,5,100,true,6,3580,409,598,0.104,0.352,0.232,0.112,0.2,34,4,normal,false,4,81,490,6825,13750,11880,15980,false,true,false,18680,25,30245,100,4,5|4|11|3
900,lookahead,28170,69,39,budget,1,100,true,6,5520,244,363,0.028985507246376812,0.6376811594202898,0.2318840579710145,0.028985507246376812,0.07246376811594203,14,1,normal,false,8,39,180,7605,5730,4095,10560,false,true,false,11385,5,16785,64,1,4
901,lookahead,6341,40,10,budget,0,82,true,5,985,121,179,0.025,0.875,0.1,0,0,6,12,normal,false,5,19,306,4895,1140,0,0,false,false,true,0,0,6341,40,0,
902,lookahead,10633,41,11,budget,1,100,true,4,1580,134,207,0.07317073170731707,0.6829268292682927,0.12195121951219512,0,0.12195121951219512,3,2,crash,false,7,20,188,4825,1080,0,4540,false,false,false,3160,5,7473,36,1,4
903,lookahead,6176,32,2,budget,0,77,true,6,1310,100,167,0.15625,0.8125,0.03125,0,0,2,4,crash,false,4,15,466,5620,90,0,0,false,false,false,0,0,6176,32,0,
904,lookahead,6599,30,0,budget,0,63,true,7,1773,95,190,0.16666666666666666,0.8333333333333334,0,0,0,3,5,normal,false,4,17,889,5710,0,0,0,false,false,true,0,0,6599,30,0,
905,lookahead,2710,7,4,lock,0,81,false,3,990,33,55,0,0.8571428571428571,0.14285714285714285,0,0,2,3,normal,false,1,5,0,1420,1290,0,0,false,false,false,0,0,2710,7,0,
906,lookahead,59205,126,96,budget,8,100,false,7,7360,395,549,0,0.31746031746031744,0.2857142857142857,0.07936507936507936,0.31746031746031744,31,6,normal,false,7,74,0,5575,9320,10830,33480,false,true,false,31940,40,27265,86,8,2|5|3|5|4|5|7|5
907,lookahead,6830,34,4,budget,0,80,true,5,930,122,171,0,1,0,0,0,2,21,normal,false,7,12,180,6290,360,0,0,false,false,false,0,0,6830,34,0,
908,lookahead,22370,56,26,budget,2,100,true,7,4860,183,271,0.017857142857142856,0.6964285714285714,0.07142857142857142,0.03571428571428571,0.17857142857142858,10,5,normal,false,5,28,50,5320,1770,990,14240,false,true,true,14450,10,7920,46,2,3|3
909,lookahead,22038,65,35,budget,1,100,true,6,2160,238,370,0.015384615384615385,0.7076923076923077,0.15384615384615385,0.046153846153846156,0.07692307692307693,15,15,normal,false,4,39,273,8735,4420,5490,3120,false,false,true,4860,5,17178,60,1,2
910,lookahead,6573,30,0,budget,0,68,true,5,1035,100,181,0.13333333333333333,0.8666666666666667,0,0,0,2,24,crash,false,4,14,218,6355,0,0,0,false,false,false,0,0,6573,30,0,
911,lookahead,25370,60,30,budget,2,100,true,10,10035,179,283,0.03333333333333333,0.6,0.13333333333333333,0.06666666666666667,0.16666666666666666,11,7,normal,false,9,29,180,6255,2720,11295,4920,false,true,false,4800,10,20570,50,2,3|3
912,lookahead,37310,77,47,budget,3,100,true,7,5400,283,400,0.05194805194805195,0.5584415584415584,0.15584415584415584,0.03896103896103896,0.19480519480519481,16,2,crash,false,7,40,660,5940,4500,3330,22880,false,true,false,24005,15,13305,62,2,2|2
913,lookahead,3780,30,0,budget,0,67,true,4,450,82,116,0.03333333333333333,0.9666666666666667,0,0,0,1,24,normal,false,6,15,45,3735,0,0,0,false,false,true,0,0,3780,30,0,
914,lookahead,5354,30,0,budget,0,64,true,6,1360,84,147,0.2,0.8,0,0,0,1,20,crash,false,8,9,534,4820,0,0,0,false,false,false,0,0,5354,30,0,
915,lookahead,7990,40,10,budget,0,97,true,4,1720,119,186,0,0.825,0.125,0.05,0,3,1,normal,false,8,15,30,5115,730,2115,0,true,true,false,0,0,7990,40,0,
916,lookahead,47055,110,80,budget,4,100,true,8,4440,395,575,0,0.5545454545454546,0.19090909090909092,0.07272727272727272,0.18181818181818182,27,1,normal,false,7,63,105,11980,6530,11220,17220,false,true,false,14190,20,32865,90,4,3|6|3|3
917,lookahead,10406,51,21,budget,1,100,true,5,795,148,231,0.13725490196078433,0.6274509803921569,0.11764705882352941,0.0196078431372549,0.09803921568627451,11,2,normal,false,5,25,736,6385,840,585,1860,false,false,false,1920,5,8486,46,1,2
918,lookahead,31800,76,46,budget,4,100,true,4,2700,219,337,0.013157894736842105,0.4868421052631579,0.15789473684210525,0.07894736842105263,0.2631578947368421,13,2,normal,false,10,33,45,4015,3850,2430,21460,false,true,true,18120,20,13680,56,4,3|2|3|12
919,lookahead,15594,63,33,budget,1,100,true,5,2235,182,289,0.1111111111111111,0.7142857142857143,0.07936507936507936,0.015873015873015872,0.07936507936507936,16,2,crash,false,5,30,479,6125,3060,2790,3140,false,true,false,2630,5,12964,58,1,3
920,lookahead,5083,32,2,budget,0,79,true,5,1085,92,143,0.09375,0.875,0.03125,0,0,2,20,normal,false,5,13,188,4805,90,0,0,false,false,true,0,0,5083,32,0,
921,lookahead,5360,32,2,budget,0,74,true,4,755,95,148,0.03125,0.9375,0.03125,0,0,2,1,normal,false,3,14,15,5255,90,0,0,false,false,false,0,0,5360,32,0,
922,lookahead,6248,34,4,budget,0,86,true,4,1095,93,165,0.08823529411764706,0.7647058823529411,0.14705882352941177,0,0,4,11,normal,false,5,16,188,4545,480,1035,0,false,false,false,0,0,6248,34,0,
923,lookahead,7070,30,0,budget,0,64,true,5,720,109,179,0.03333333333333333,0.9666666666666667,0,0,0,1,26,normal,false,5,14,45,7025,0,0,0,false,false,true,0,0,7070,30,0,
924,lookahead,8025,38,8,budget,0,87,true,5,705,138,200,0,0.9210526315789473,0.07894736842105263,0,0,3,22,normal,false,4,21,30,7275,720,0,0,false,false,false,0,0,8025,38,0,
925,lookahead,9060,44,14,budget,0,94,true,5,1560,146,208,0,0.8181818181818182,0.1590909090909091,0.022727272727272728,0,6,1,normal,false,5,22,90,5855,2980,135,0,true,false,false,0,0,9060,44,0,
926,lookahead,12935,44,14,budget,0,87,true,5,1560,152,233,0,0.7954545454545454,0.20454545454545456,0,0,7,1,normal,false,4,20,40,6075,6550,270,0,false,false,false,0,0,12935,44,0,
927,lookahead,11073,17,11,lock,1,100,true,4,3360,70,110,0.11764705882352941,0.4117647058823529,0.17647058823529413,0,0.29411764705882354,3,2,normal,false,2,11,103,1010,720,360,8880,false,false,false,9060,5,2013,12,1,2
928,lookahead,22117,59,29,budget,3,100,true,5,2640,192,324,0.1694915254237288,0.4406779661016949,0.1016949152542373,0.03389830508474576,0.2542372881355932,8,10,crash,false,6,30,657,6490,1240,2430,11300,false,true,false,12050,15,10067,44,3,2|4|3
929,lookahead,18158,66,36,budget,0,94,true,6,4395,215,337,0.09090909090909091,0.7575757575757576,0.13636363636363635,0.015151515151515152,0,17,13,crash,false,4,33,378,8720,4770,4290,0,true,false,false,0,0,18158,66,0,
930,lookahead,9861,56,26,budget,0,93,true,5,1830,144,215,0.07142857142857142,0.8035714285714286,0.125,0,0,15,5,normal,false,5,27,126,4590,4740,405,0,true,false,true,0,0,9861,56,0,
931,lookahead,20510,58,28,budget,2,100,true,6,1720,215,315,0.017241379310344827,0.6551724137931034,0.1206896551724138,0.034482758620689655,0.1724137931034483,9,6,normal,false,4,33,275,7840,3150,1845,7400,false,false,true,7710,10,12800,48,1,4
932,lookahead,27845,76,46,budget,2,100,true,5,3860,244,367,0.013157894736842105,0.47368421052631576,0.2631578947368421,0.11842105263157894,0.13157894736842105,18,13,normal,false,4,42,240,6690,5640,5115,10160,false,true,false,10340,10,17505,66,2,4|3
933,lookahead,7983,36,6,budget,0,94,true,5,2010,120,202,0.2222222222222222,0.6666666666666666,0.08333333333333333,0.027777777777777776,0,5,1,normal,false,3,20,818,4695,760,1710,0,true,false,true,0,0,7983,36,0,
934,lookahead,8855,49,19,budget,1,100,true,4,845,147,199,0.04081632653061224,0.7551020408163265,0.08163265306122448,0.02040816326530612,0.10204081632653061,7,1,normal,false,6,22,140,4870,1730,135,1980,false,false,false,2295,5,6560,44,1,2
935,lookahead,6573,30,0,budget,0,63,true,5,930,97,210,0.13333333333333333,0.8666666666666667,0,0,0,3,21,normal,false,3,16,503,6070,0,0,0,false,false,true,0,0,6573,30,0,
936,lookahead,9165,27,30,lock,2,100,false,3,1860,82,95,0,0.25925925925925924,0.25925925925925924,0.14814814814814814,0.3333333333333333,10,1,frenzy,false,2,20,0,390,2760,495,5520,false,true,false,5310,9,3855,18,2,2|4
937,lookahead,4563,30,0,budget,0,56,true,4,565,104,141,0.1,0.9,0,0,0,2,13,normal,false,5,13,318,4245,0,0,0,false,false,true,0,0,4563,30,0,
938,lookahead,24980,49,19,budget,1,100,true,7,4860,185,273,0.02040816326530612,0.7755102040816326,0.061224489795918366,0.04081632653061224,0.10204081632653061,7,13,normal,false,5,26,105,4900,3550,225,16200,false,false,true,15650,5,9330,44,1,2
939,lookahead,12710,53,23,budget,1,100,true,6,3000,147,225,0.11320754716981132,0.5660377358490566,0.18867924528301888,0.03773584905660377,0.09433962264150944,10,2,normal,false,4,27,865,4060,2610,3735,1440,false,false,false,1050,5,11660,48,1,3
940,lookahead,21161,63,33,budget,1,100,true,6,4920,198,322,0.07936507936507936,0.5555555555555556,0.2222222222222222,0.06349206349206349,0.07936507936507936,17,2,crash,false,4,40,1036,4450,4380,1635,9660,false,false,true,9450,5,11711,58,1,3
941,lookahead,11263,42,12,budget,0,96,true,6,2560,143,234,0.09523809523809523,0.8095238095238095,0.07142857142857142,0.023809523809523808,0,7,6,crash,false,6,20,408,4275,5320,1260,0,true,true,false,0,0,11263,42,0,
942,lookahead,7680,32,2,budget,0,75,false,9,2275,117,174,0,1,0,0,0,1,9,normal,false,6,12,0,6870,810,0,0,false,false,false,0,0,7680,32,0,
943,lookahead,28295,70,45,lock,3,100,false,5,3240,225,307,0,0.5428571428571428,0.18571428571428572,0.05714285714285714,0.21428571428571427,15,1,normal,false,7,39,0,4310,7900,945,15140,false,false,true,12760,15,15535,55,2,5|3
944,lookahead,5295,30,0,budget,0,62,true,6,930,94,149,0.1,0.9,0,0,0,2,9,normal,false,5,15,490,4805,0,0,0,false,false,true,0,0,5295,30,0,
945,lookahead,61195,142,112,budget,8,100,true,6,4200,439,666,0.014084507042253521,0.3380281690140845,0.2676056338028169,0.09859154929577464,0.28169014084507044,38,2,crash,false,11,80,15,8400,10520,10560,31700,false,true,false,29530,40,31665,102,8,9|2|5|9|2|3|4|7
946,lookahead,15680,45,15,budget,1,100,true,5,3630,149,223,0.06666666666666667,0.6888888888888889,0.1111111111111111,0.022222222222222223,0.1111111111111111,8,1,normal,false,8,20,180,5510,1860,4530,3600,false,false,false,6870,5,8810,40,1,3
947,lookahead,45185,84,54,budget,4,100,false,6,4620,311,498,0,0.5476190476190477,0.16666666666666666,0.047619047619047616,0.23809523809523808,18,11,normal,false,7,50,0,8360,8780,4065,23980,false,true,false,21905,20,23280,64,3,3|8|3
948,lookahead,45925,101,71,budget,5,100,true,8,7420,335,476,0.009900990099009901,0.46534653465346537,0.22772277227722773,0.04950495049504951,0.24752475247524752,20,8,crash,false,4,57,105,8520,6740,6360,24200,false,true,false,23740,25,22185,76,5,2|2|6|4|2
949,lookahead,9380,18,15,lock,1,100,false,5,2900,52,78,0,0.3888888888888889,0.2777777777777778,0.05555555555555555,0.2777777777777778,5,3,normal,false,4,11,0,450,1950,360,6620,false,false,false,6530,5,2850,13,1,3
950,lookahead,59680,143,113,budget,5,100,true,6,5060,514,702,0,0.5034965034965035,0.24475524475524477,0.07692307692307693,0.17482517482517482,37,3,normal,false,9,83,90,10545,14610,6435,28000,false,true,true,24360,25,35320,118,5,2|5|4|6|2
951,lookahead,28530,74,44,budget,2,100,true,7,3525,283,387,0.013513513513513514,0.527027027027027,0.22972972972972974,0.0945945945945946,0.13513513513513514,16,4,normal,false,6,42,15,8720,7570,3105,9120,false,true,true,10465,10,18065,64,2,3|6
952,lookahead,6975,28,25,lock,1,100,false,4,1580,80,93,0,0.42857142857142855,0.35714285714285715,0.03571428571428571,0.17857142857142858,10,5,normal,false,4,13,0,1290,1910,2115,1660,false,true,false,2230,5,4745,23,1,6
953,lookahead,4913,32,2,budget,0,74,true,5,780,90,131,0.0625,0.9375,0,0,0,2,25,normal,false,3,17,123,4610,180,0,0,false,false,true,0,0,4913,32,0,
954,lookahead,4915,38,8,budget,0,88,false,4,630,103,132,0,0.8947368421052632,0.07894736842105263,0.02631578947368421,0,4,7,normal,false,8,15,0,3760,1020,135,0,false,false,false,0,0,4915,38,0,
955,lookahead,32314,94,64,budget,2,100,true,5,3780,260,423,0.06382978723404255,0.4787234042553192,0.2765957446808511,0.07446808510638298,0.10638297872340426,29,11,normal,false,6,63,309,5075,6180,10290,10460,false,false,true,9530,10,22784,84,2,11|8
956,lookahead,22248,83,53,budget,3,100,true,6,2220,250,358,0.024096385542168676,0.46987951807228917,0.25301204819277107,0.07228915662650602,0.18072289156626506,19,1,normal,false,6,46,428,7085,5120,4095,5520,false,true,false,3720,15,18528,68,3,4|9|3
957,lookahead,5420,38,8,budget,0,81,false,5,675,108,151,0,0.9210526315789473,0.07894736842105263,0,0,3,7,normal,false,7,16,0,4610,810,0,0,false,false,true,0,0,5420,38,0,
958,lookahead,5331,30,0,budget,0,64,true,5,900,89,148,0.1,0.9,0,0,0,1,16,normal,false,7,10,181,5150,0,0,0,false,false,true,0,0,5331,30,0,
959,lookahead,56480,128,98,budget,6,100,true,5,3550,417,644,0.0078125,0.4765625,0.2578125,0.0234375,0.234375,32,1,normal,false,8,72,105,7580,11480,10515,26800,false,false,false,24770,30,31710,98,6,2|3|4|3|2|3
960,lookahead,5956,32,2,budget,0,73,true,5,750,116,165,0.1875,0.78125,0.03125,0,0,5,2,normal,false,3,20,621,5245,90,0,0,false,false,false,0,0,5956,32,0,
961,lookahead,8340,36,6,budget,0,80,true,7,1795,134,184,0,0.9722222222222222,0.027777777777777776,0,0,3,4,normal,false,10,16,60,7350,930,0,0,false,false,false,0,0,8340,36,0,
962,lookahead,14544,68,38,budget,0,99,true,6,1140,211,310,0.04411764705882353,0.6176470588235294,0.2647058823529412,0.07352941176470588,0,16,14,normal,false,5,41,324,6615,4080,3525,0,true,true,true,0,0,14544,68,0,
963,lookahead,18310,65,35,budget,1,100,false,7,1590,229,306,0,0.7384615384615385,0.18461538461538463,0,0.07692307692307693,14,8,normal,false,5,35,0,8585,5160,1845,2720,false,true,true,3390,5,14920,60,1,6
964,lookahead,4019,30,0,budget,0,66,true,4,420,72,143,0.23333333333333334,0.7666666666666667,0,0,0,3,14,normal,false,5,9,334,3685,0,0,0,false,false,true,0,0,4019,30,0,
965,lookahead,4180,30,0,budget,0,66,true,6,1035,77,127,0.13333333333333333,0.8666666666666667,0,0,0,2,20,normal,false,6,11,285,3895,0,0,0,false,false,true,0,0,4180,30,0,
966,lookahead,73751,161,131,budget,7,100,true,6,4740,588,813,0.018633540372670808,0.4409937888198758,0.2732919254658385,0.049689440993788817,0.21739130434782608,48,4,normal,false,7,109,426,8710,18690,4905,41020,false,false,false,38925,35,34826,126,6,3|3|4|3|4|5
967,lookahead,5690,30,0,budget,0,61,true,6,920,89,164,0.2,0.8,0,0,0,5,13,crash,false,2,16,135,5555,0,0,0,false,false,false,0,0,5690,30,0,
968,lookahead,22265,72,42,budget,2,100,false,6,3090,231,316,0,0.6388888888888888,0.19444444444444445,0.027777777777777776,0.1388888888888889,15,1,normal,false,6,33,0,6510,4770,4545,6440,false,true,false,5930,10,16335,62,2,2|10
969,lookahead,15219,57,27,budget,1,100,true,6,1960,185,281,0.10526315789473684,0.6666666666666666,0.10526315789473684,0.03508771929824561,0.08771929824561403,11,5,normal,false,6,32,264,6375,3460,720,4400,false,true,true,4390,5,10829,52,0,
970,lookahead,45574,127,97,budget,5,100,true,5,2520,412,589,0.06299212598425197,0.44881889763779526,0.25984251968503935,0.031496062992125984,0.1968503937007874,34,10,crash,false,6,76,204,9440,11300,3750,20880,false,true,false,18160,25,27414,102,5,3|7|5|3|4
971,lookahead,64850,136,106,budget,8,100,true,6,3180,543,733,0,0.38235294117647056,0.22058823529411764,0.10294117647058823,0.29411764705882354,34,3,normal,false,4,86,80,9935,13020,11895,29920,false,true,false,23610,40,41240,96,8,2|2|7|5|12|3|6|4
972,lookahead,18345,54,24,budget,2,100,false,4,2340,193,272,0,0.6666666666666666,0.14814814814814814,0,0.18518518518518517,7,1,normal,false,4,26,0,5765,4770,630,7180,false,false,true,6150,10,12195,44,2,3|2
973,lookahead,12780,46,16,budget,0,91,true,6,1745,160,258,0.021739130434782608,0.717391304347826,0.2608695652173913,0,0,9,9,normal,false,7,21,380,6555,3460,2385,0,true,false,true,0,0,12780,46,0,
974,lookahead,6873,30,0,budget,0,50,true,8,1770,90,172,0.13333333333333333,0.8666666666666667,0,0,0,3,7,normal,false,4,14,198,6675,0,0,0,false,false,false,0,0,6873,30,0,
975,lookahead,3184,30,0,budget,0,50,true,4,345,73,122,0.23333333333333334,0.7666666666666667,0,0,0,2,13,normal,false,5,14,804,2380,0,0,0,false,false,true,0,0,3184,30,0,
976,lookahead,5470,32,2,budget,0,76,true,4,970,89,160,0.3125,0.6875,0,0,0,7,3,normal,false,5,16,345,4195,930,0,0,false,false,true,0,0,5470,32,0,
977,lookahead,82261,164,134,budget,8,100,true,7,6620,611,787,0.018292682926829267,0.3597560975609756,0.3048780487804878,0.07317073170731707,0.24390243902439024,45,2,normal,false,8,96,91,9295,14420,13995,44460,false,true,false,35110,40,47151,124,8,2|4|3|3|4|10|3|5
978,lookahead,14985,51,21,budget,1,100,true,6,2310,170,246,0.0196078431372549,0.8235294117647058,0.058823529411764705,0,0.09803921568627451,8,2,normal,false,9,26,150,5365,3660,270,5540,false,false,true,4590,5,10395,46,0,
979,lookahead,5154,32,2,budget,0,76,true,5,660,93,151,0.15625,0.8125,0.03125,0,0,2,21,normal,false,8,13,279,4785,90,0,0,false,false,false,0,0,5154,32,0,
980,lookahead,16740,73,43,budget,1,100,true,9,1815,197,292,0,0.7671232876712328,0.1095890410958904,0.0547945205479452,0.0684931506849315,17,2,normal,false,7,35,105,8205,4170,2940,1320,false,true,false,1230,5,15510,68,1,5
981,lookahead,4964,30,0,budget,0,61,true,6,750,92,158,0.2,0.8,0,0,0,1,26,normal,false,7,11,899,4065,0,0,0,false,false,true,0,0,4964,30,0,
982,lookahead,8305,34,4,budget,0,73,true,8,2175,125,187,0,0.9117647058823529,0.08823529411764706,0,0,2,2,normal,false,5,14,90,7915,300,0,0,false,false,false,0,0,8305,34,0,
983,lookahead,4720,32,2,budget,0,73,true,4,675,88,134,0.03125,0.96875,0,0,0,2,14,normal,false,4,10,15,4465,240,0,0,false,false,false,0,0,4720,32,0,
984,lookahead,13320,47,17,budget,1,100,false,5,3120,146,214,0,0.7659574468085106,0.1276595744680851,0,0.10638297872340426,6,2,normal,false,4,28,0,5220,1740,180,6180,false,false,true,5580,5,7740,42,1,2
985,lookahead,5813,32,2,budget,0,74,true,4,600,99,170,0.03125,0.9375,0.03125,0,0,1,1,crash,false,4,17,298,5425,90,0,0,false,false,true,0,0,5813,32,0,
986,lookahead,11220,48,18,budget,0,94,true,5,2565,146,238,0.0625,0.75,0.16666666666666666,0.020833333333333332,0,10,2,normal,false,8,27,340,5605,2800,2475,0,true,false,true,0,0,11220,48,0,
987,lookahead,5628,40,10,budget,0,94,true,5,585,99,164,0.225,0.6,0.15,0.025,0,8,2,normal,false,2,21,783,3420,1290,135,0,true,false,false,0,0,5628,40,0,
988,lookahead,6740,42,12,budget,0,81,false,5,680,119,172,0,0.9047619047619048,0.09523809523809523,0,0,6,3,normal,false,5,21,0,5470,1270,0,0,false,false,false,0,0,6740,42,0,
989,lookahead,35640,128,98,budget,4,100,true,5,3195,365,476,0.0078125,0.5234375,0.28125,0.03125,0.15625,34,3,normal,false,12,62,205,6860,11860,8175,8540,false,true,true,11580,20,24060,108,4,7|2|3|8
990,lookahead,5394,30,0,budget,0,55,true,7,1605,81,154,0.2,0.8,0,0,0,2,9,normal,false,5,13,494,4900,0,0,0,false,false,true,0,0,5394,30,0,
991,lookahead,6981,32,2,budget,0,70,true,6,995,106,200,0.09375,0.90625,0,0,0,4,1,normal,false,4,14,316,6485,180,0,0,false,false,true,0,0,6981,32,0,
992,lookahead,14710,43,13,budget,1,100,true,6,2895,146,244,0.023255813953488372,0.7674418604651163,0.06976744186046512,0.023255813953488372,0.11627906976744186,4,10,normal,false,4,20,45,6525,3270,90,4780,false,false,true,3250,5,11460,38,1,2
993,lookahead,56485,95,65,budget,7,100,false,7,3940,370,477,0,0.3368421052631579,0.23157894736842105,0.06315789473684211,0.3684210526315789,20,13,normal,false,5,55,0,5775,4800,4890,41020,false,true,false,34820,35,21665,60,7,2|4|3|4|6|2|3
994,lookahead,9933,50,20,budget,0,90,true,6,1215,155,231,0.06,0.82,0.1,0.02,0,13,2,normal,false,6,27,263,7405,2130,135,0,true,false,true,0,0,9933,50,0,
995,lookahead,13009,47,17,budget,1,100,true,5,3660,146,239,0.23404255319148937,0.5106382978723404,0.1276595744680851,0.02127659574468085,0.10638297872340426,10,8,normal,false,6,22,1319,3520,1780,1170,5220,false,false,false,4470,5,8539,42,1,3
996,lookahead,18730,69,39,budget,1,100,true,5,1485,222,296,0.014492753623188406,0.5942028985507246,0.2463768115942029,0.07246376811594203,0.07246376811594203,18,2,normal,false,4,38,15,6410,5660,3765,2880,false,true,false,2640,5,16090,64,1,4
997,lookahead,53315,172,142,budget,8,100,true,5,2620,481,701,0.09302325581395349,0.32558139534883723,0.27325581395348836,0.0755813953488372,0.23255813953488372,57,1,normal,false,8,99,855,5610,15160,11010,20680,false,true,false,15700,40,37615,132,8,8|7|3|7|7|5|3|3
998,lookahead,15763,47,17,budget,1,100,true,5,2790,152,232,0.0851063829787234,0.6170212765957447,0.1702127659574468,0.02127659574468085,0.10638297872340426,7,23,normal,false,7,24,113,5515,1800,1215,7120,false,false,true,6670,5,9093,42,1,2
999,lookahead,11805,35,19,lock,1,100,true,6,2540,118,164,0,0.6857142857142857,0.14285714285714285,0.02857142857142857,0.14285714285714285,6,8,normal,false,5,16,30,3830,1560,945,5440,false,false,true,5800,5,6005,30,0,
1000,lookahead,10650,58,28,budget,0,96,true,6,1375,156,223,0.05172413793103448,0.603448275862069,0.27586206896551724,0.06896551724137931,0,14,2,normal,false,6,29,175,5805,2960,1710,0,true,true,false,0,0,10650,58,0,
1001,lookahead,5710,30,0,budget,0,66,true,4,600,108,163,0.06666666666666667,0.9333333333333333,0,0,0,1,22,crash,false,6,10,135,5575,0,0,0,false,false,false,0,0,5710,30,0,
1002,lookahead,8095,40,10,budget,0,83,true,5,1230,107,181,0.025,0.825,0.15,0,0,5,7,normal,false,7,19,125,4850,3120,0,0,false,false,true,0,0,8095,40,0,
1003,lookahead,36801,109,79,budget,3,100,true,6,5420,334,500,0.01834862385321101,0.6055045871559633,0.2018348623853211,0.03669724770642202,0.13761467889908258,26,4,normal,false,6,61,141,9090,10570,720,16280,false,true,true,9940,15,26861,94,2,2|3
1004,lookahead,46438,114,84,budget,6,100,true,6,3980,360,502,0.03508771929824561,0.35964912280701755,0.2543859649122807,0.08771929824561403,0.2631578947368421,28,2,crash,false,8,60,188,6080,6640,9390,24140,false,true,false,23970,30,22468,84,5,5|4|3|7|3
1005,lookahead,16230,58,28,budget,0,99,false,7,1855,231,335,0,0.8103448275862069,0.13793103448275862,0.05172413793103448,0,14,3,normal,false,3,36,0,10450,4010,1770,0,true,true,true,0,0,16230,58,0,
1006,lookahead,14759,66,38,lock,0,97,true,5,990,195,320,0.030303030303030304,0.696969696969697,0.19696969696969696,0.07575757575757576,0,18,2,normal,false,4,39,684,6880,5800,1395,0,true,true,false,0,0,14759,66,0,
1007,lookahead,23900,73,43,budget,3,100,true,6,2370,250,330,0,0.5616438356164384,0.1643835616438356,0.0684931506849315,0.2054794520547945,14,9,normal,false,5,42,50,7725,2890,2475,10760,false,true,true,10700,15,13200,58,3,4|4|2
1008,lookahead,21175,61,31,budget,3,100,false,6,4980,192,269,0,0.5737704918032787,0.14754098360655737,0.03278688524590164,0.2459016393442623,10,13,normal,false,7,30,0,6870,1410,1395,11500,false,true,true,10780,15,10395,46,3,2|8|3
1009,lookahead,17185,59,29,budget,1,100,true,6,3260,170,262,0.01694915254237288,0.6271186440677966,0.22033898305084745,0.05084745762711865,0.0847457627118644,12,17,normal,false,7,31,125,5025,3150,2805,6080,false,true,true,6200,5,10985,54,1,4
1010,lookahead,4545,32,2,budget,0,73,false,4,480,86,125,0,1,0,0,0,1,18,normal,false,5,9,0,4305,240,0,0,false,false,false,0,0,4545,32,0,
1011,lookahead,5855,32,2,budget,0,73,true,7,1185,94,159,0.125,0.84375,0.03125,0,0,5,7,normal,false,4,14,285,4670,900,0,0,false,false,true,0,0,5855,32,0,
1012,lookahead,6908,32,2,budget,0,78,true,7,1620,109,186,0.28125,0.71875,0,0,0,3,4,crash,false,3,17,923,5445,540,0,0,false,false,false,0,0,6908,32,0,
1013,lookahead,9888,50,20,budget,0,94,true,5,1280,143,212,0.1,0.7,0.18,0.02,0,12,4,normal,false,5,27,263,6310,1830,1485,0,true,false,true,0,0,9888,50,0,
1014,lookahead,3074,30,0,budget,0,53,true,6,570,70,128,0.5666666666666667,0.43333333333333335,0,0,0,4,6,crash,false,4,12,1119,1955,0,0,0,false,false,false,0,0,3074,30,0,
1015,lookahead,23725,71,41,budget,1,100,true,7,3160,248,367,0.014084507042253521,0.7323943661971831,0.16901408450704225,0.014084507042253521,0.07042253521126761,17,3,normal,false,3,41,15,11140,4200,90,8280,false,false,false,7950,5,15775,66,1,4
1016,lookahead,7883,32,2,budget,0,73,true,5,1245,128,212,0.09375,0.875,0.03125,0,0,3,2,normal,false,2,18,203,7470,210,0,0,false,false,true,0,0,7883,32,0,
1017,lookahead,102735,248,218,budget,14,100,true,7,5340,799,1127,0.03225806451612903,0.2782258064516129,0.27419354838709675,0.13306451612903225,0.28225806451612906,74,4,normal,false,9,155,570,8590,24350,22665,46560,false,true,true,43935,70,58800,178,12,2|4|4|4|3|7|4|2|3|3|12|2
1018,lookahead,6970,30,0,budget,0,54,true,6,1395,100,168,0.03333333333333333,0.9666666666666667,0,0,0,1,4,normal,false,3,16,165,6805,0,0,0,false,false,true,0,0,6970,30,0,
1019,lookahead,11701,45,15,budget,1,100,true,6,1820,145,225,0.044444444444444446,0.6888888888888889,0.1111111111111111,0.044444444444444446,0.1111111111111111,7,2,normal,false,8,22,616,5705,1410,570,3400,false,true,false,2680,5,9021,40,1,3
1020,lookahead,4530,30,0,budget,0,61,true,4,675,93,141,0.1,0.9,0,0,0,3,7,normal,false,7,10,190,4340,0,0,0,false,false,false,0,0,4530,30,0,
1021,lookahead,3707,21,0,lock,0,53,true,7,1795,46,114,0.5714285714285714,0.42857142857142855,0,0,0,1,15,crash,false,6,5,792,2915,0,0,0,false,false,false,0,0,3707,21,0,
1022,lookahead,7504,32,2,budget,0,72,true,5,1235,121,180,0.15625,0.84375,0,0,0,3,9,normal,false,8,15,314,6920,270,0,0,false,false,true,0,0,7504,32,0,
1023,lookahead,4745,30,0,budget,0,62,true,6,1125,76,126,0.16666666666666666,0.8333333333333334,0,0,0,4,9,crash,false,3,16,170,4575,0,0,0,false,false,false,0,0,4745,30,0,
1024,lookahead,21353,83,53,budget,1,100,true,6,2880,261,391,0.012048192771084338,0.6506024096385542,0.2289156626506024,0.04819277108433735,0.060240963855421686,21,1,normal,false,8,43,473,8555,5930,4935,1460,false,true,false,1490,5,19863,78,1,6
1025,lookahead,21730,71,41,budget,1,100,false,7,2805,250,359,0,0.704225352112676,0.18309859154929578,0.04225352112676056,0.07042253521126761,17,7,normal,false,6,39,0,9755,5840,5175,960,false,true,false,3525,5,18205,66,1,2
1026,lookahead,20448,56,26,budget,2,100,true,6,2400,202,291,0.017857142857142856,0.6071428571428571,0.16071428571428573,0.03571428571428571,0.17857142857142858,9,1,normal,false,5,29,353,6450,1630,1035,10980,false,true,false,8770,10,11678,46,2,4|5
1027,lookahead,5239,30,0,budget,0,66,true,5,1335,90,151,0.16666666666666666,0.8333333333333334,0,0,0,0,-1,crash,false,4,12,279,4960,0,0,0,false,false,false,0,0,5239,30,0,
1028,lookahead,63416,134,104,budget,6,100,true,7,3120,479,735,0.014925373134328358,0.4701492537313433,0.23880597014925373,0.05223880597014925,0.22388059701492538,33,1,normal,false,4,79,306,10970,16440,12300,23400,false,true,true,23120,30,40296,104,5,3|3|3|2|4
1029,lookahead,9591,46,16,budget,0,80,true,7,1465,139,233,0.10869565217391304,0.8260869565217391,0.06521739130434782,0,0,11,2,normal,false,4,24,376,6335,2880,0,0,false,false,false,0,0,9591,46,0,
1030,lookahead,3570,30,0,budget,0,62,true,4,510,69,115,0.03333333333333333,0.9666666666666667,0,0,0,1,17,normal,false,6,12,80,3490,0,0,0,false,false,false,0,0,3570,30,0,
1031,lookahead,21403,75,45,budget,3,100,true,5,3780,235,308,0.05333333333333334,0.44,0.25333333333333335,0.05333333333333334,0.2,17,13,normal,false,10,40,313,5775,3980,1755,9580,false,true,false,9630,15,11773,60,3,4|12|3
1032,lookahead,16605,62,32,budget,2,100,false,4,2220,213,289,0,0.5967741935483871,0.1935483870967742,0.04838709677419355,0.16129032258064516,11,7,normal,false,5,33,0,7030,4110,585,4880,false,true,true,4340,10,12265,52,2,4|6
1033,lookahead,35180,93,63,budget,3,100,true,6,4740,280,422,0.010752688172043012,0.4838709677419355,0.27956989247311825,0.06451612903225806,0.16129032258064516,25,2,crash,false,4,51,85,6505,8250,3480,16860,false,true,false,16420,15,18760,78,3,3|3|2
1034,lookahead,4993,30,0,budget,0,59,true,7,1155,80,144,0.23333333333333334,0.7666666666666667,0,0,0,3,4,normal,false,6,13,393,4600,0,0,0,false,false,true,0,0,4993,30,0,
1035,lookahead,13245,56,26,budget,0,98,true,6,2690,155,258,0.017857142857142856,0.75,0.21428571428571427,0.017857142857142856,0,11,1,crash,false,5,27,30,6190,4910,2115,0,true,true,false,0,0,13245,56,0,
1036,lookahead,120,3,2,lock,0,83,false,1,60,9,0,0,0.3333333333333333,0.6666666666666666,0,0,1,2,keto,false,1,2,0,60,60,0,0,false,false,true,0,0,120,3,0,
1037,lookahead,58825,149,119,budget,7,100,true,6,3620,483,686,0,0.42953020134228187,0.2684563758389262,0.06711409395973154,0.2348993288590604,40,2,normal,false,10,88,300,7835,12240,14310,24140,false,true,true,21440,35,37385,114,7,8|3|3|2|8|3|10
1038,lookahead,6785,34,4,budget,0,75,true,6,990,129,169,0,0.9411764705882353,0.058823529411764705,0,0,2,7,normal,false,3,20,110,6495,180,0,0,false,false,false,0,0,6785,34,0,
1039,lookahead,6340,29,0,lock,0,68,true,5,735,103,152,0,1,0,0,0,0,-1,normal,false,3,14,30,6310,0,0,0,false,false,false,0,0,6340,29,0,
1040,lookahead,6639,32,2,budget,0,73,true,7,1985,110,171,0.125,0.875,0,0,0,3,2,normal,false,3,17,489,5970,180,0,0,false,false,false,0,0,6639,32,0,
1041,lookahead,33360,92,62,budget,4,100,true,5,2630,302,430,0.03260869565217391,0.43478260869565216,0.1956521739130435,0.11956521739130435,0.21739130434782608,23,2,normal,false,5,48,230,6690,8080,3900,14460,false,true,true,12960,20,20400,72,3,4|12|7
1042,lookahead,5180,32,2,budget,0,74,true,5,885,93,141,0.03125,0.9375,0.03125,0,0,2,1,normal,false,7,15,15,5075,90,0,0,false,false,true,0,0,5180,32,0,
1043,lookahead,5568,34,4,budget,0,85,true,5,945,102,147,0.058823529411764705,0.8529411764705882,0.08823529411764706,0,0,3,5,normal,false,9,13,113,5215,240,0,0,false,false,false,0,0,5568,34,0,
1044,lookahead,13605,32,11,lock,1,100,false,8,2175,113,157,0,0.6875,0.0625,0.09375,0.15625,3,1,normal,false,6,13,0,4530,1110,3285,4680,false,true,false,4040,5,9565,27,1,5
1045,lookahead,42535,96,66,budget,6,100,false,7,4215,357,460,0,0.46875,0.17708333333333334,0.041666666666666664,0.3125,18,1,normal,false,7,46,0,8130,5520,7545,21340,false,false,true,19875,30,22660,66,5,3|7|3|2|4
1046,lookahead,52719,121,91,budget,5,100,true,7,4170,394,625,0.06611570247933884,0.4793388429752066,0.19834710743801653,0.049586776859504134,0.2066115702479339,32,1,crash,false,7,74,669,8300,11630,8100,24020,false,true,true,23060,25,29659,96,4,7|2|2|5
1047,lookahead,4773,30,0,budget,0,52,true,8,1695,75,134,0.1,0.9,0,0,0,3,26,normal,false,3,12,128,4645,0,0,0,false,false,true,0,0,4773,30,0,
1048,lookahead,7756,42,12,budget,0,94,true,6,1160,120,186,0.11904761904761904,0.7380952380952381,0.11904761904761904,0.023809523809523808,0,7,18,normal,false,4,17,296,5750,540,1170,0,true,false,false,0,0,7756,42,0,
1049,lookahead,6100,36,6,budget,0,92,true,4,465,109,167,0.027777777777777776,0.8333333333333334,0.1111111111111111,0.027777777777777776,0,4,4,normal,false,3,19,215,5300,450,135,0,true,false,true,0,0,6100,36,0,
1050,lookahead,4718,30,0,budget,0,54,true,6,660,85,160,0.23333333333333334,0.7666666666666667,0,0,0,3,6,crash,false,7,11,1068,3650,0,0,0,false,false,false,0,0,4718,30,0,
1051,lookahead,4765,30,0,budget,0,52,true,4,660,84,140,0.26666666666666666,0.7333333333333333,0,0,0,4,14,normal,false,5,13,490,4275,0,0,0,false,false,true,0,0,4765,30,0,
1052,lookahead,21835,70,40,budget,2,100,true,5,2055,213,332,0,0.6285714285714286,0.17142857142857143,0.05714285714285714,0.14285714285714285,16,1,normal,false,14,37,40,5355,5490,3870,7080,false,false,true,7335,10,14500,60,2,4|4
1053,lookahead,40450,144,114,budget,4,100,false,5,2280,446,607,0,0.5902777777777778,0.19444444444444445,0.0763888888888889,0.1388888888888889,41,1,normal,false,6,79,0,10145,12530,3915,13860,false,true,false,10380,20,30070,124,4,2|8|5|3
1054,lookahead,4762,32,2,budget,0,74,true,5,630,88,140,0.15625,0.8125,0.03125,0,0,3,4,normal,false,4,12,377,4295,90,0,0,false,false,true,0,0,4762,32,0,
1055,lookahead,24060,95,65,budget,1,100,true,5,1700,292,417,0,0.6631578947368421,0.24210526315789474,0.042105263157894736,0.05263157894736842,25,1,normal,false,6,56,50,8695,10420,1035,3860,false,false,false,2250,5,21810,90,1,2
1056,lookahead,3147,30,0,budget,0,62,true,4,410,63,115,0.26666666666666666,0.7333333333333333,0,0,0,3,10,normal,false,5,9,352,2795,0,0,0,false,false,true,0,0,3147,30,0,
1057,lookahead,15805,66,36,budget,2,100,true,5,1330,199,254,0.030303030303030304,0.5454545454545454,0.19696969696969696,0.07575757575757576,0.15151515151515152,13,3,crash,false,10,30,145,4860,4030,3150,3620,false,false,true,3280,10,12525,56,2,10|3
1058,lookahead,28695,70,40,budget,2,100,true,7,6180,227,361,0.08571428571428572,0.5857142857142857,0.15714285714285714,0.02857142857142857,0.14285714285714285,19,10,normal,false,5,37,300,7300,2720,5175,13200,false,true,true,13650,10,15045,60,2,3|5
1059,lookahead,12305,62,32,budget,0,94,true,5,1115,187,273,0,0.7903225806451613,0.1935483870967742,0.016129032258064516,0,14,11,normal,false,6,31,60,7605,3560,1080,0,true,false,false,0,0,12305,62,0,
1060,lookahead,3659,30,0,budget,0,62,true,4,525,77,131,0.23333333333333334,0.7666666666666667,0,0,0,5,6,normal,false,3,18,629,3030,0,0,0,false,false,true,0,0,3659,30,0,
1061,lookahead,4226,30,0,budget,0,58,true,5,675,83,131,0.16666666666666666,0.8333333333333334,0,0,0,3,14,normal,false,6,12,546,3680,0,0,0,false,false,false,0,0,4226,30,0,
1062,lookahead,6200,30,0,budget,0,65,true,4,645,107,168,0,1,0,0,0,0,-1,normal,false,4,13,160,6040,0,0,0,false,false,false,0,0,6200,30,0,
1063,lookahead,4265,30,0,budget,0,64,true,5,555,80,141,0.03333333333333333,0.9666666666666667,0,0,0,1,8,normal,false,8,10,15,4250,0,0,0,false,false,true,0,0,4265,30,0,
1064,lookahead,25880,86,56,budget,2,100,true,6,1920,311,442,0.011627906976744186,0.6976744186046512,0.13953488372093023,0.03488372093023256,0.11627906976744186,21,9,crash,false,6,49,0,12290,4660,2250,6680,false,true,false,6410,10,19470,76,2,5|3
1065,lookahead,6460,36,6,budget,0,77,true,5,895,114,157,0.027777777777777776,0.9722222222222222,0,0,0,4,2,normal,false,6,14,55,6045,360,0,0,false,false,false,0,0,6460,36,0,
1066,lookahead,4235,32,2,budget,0,73,false,4,660,73,113,0,1,0,0,0,1,2,normal,false,11,11,0,3605,630,0,0,false,false,true,0,0,4235,32,0,
1067,lookahead,8606,44,14,budget,0,92,true,5,1320,127,201,0.045454545454545456,0.8181818181818182,0.11363636363636363,0.022727272727272728,0,7,9,normal,false,7,18,226,5170,2400,810,0,true,false,false,0,0,8606,44,0,
1068,lookahead,57498,143,113,budget,7,100,true,6,3400,424,594,0.013986013986013986,0.4125874125874126,0.2727272727272727,0.055944055944055944,0.24475524475524477,39,4,normal,false,6,81,58,4690,13480,6390,32880,false,true,false,31860,35,25638,108,7,9|3|6|2|2|3|4
1069,lookahead,43498,99,69,budget,5,100,true,8,3260,319,459,0.010101010101010102,0.5151515151515151,0.1717171717171717,0.050505050505050504,0.25252525252525254,20,2,crash,false,9,66,253,8170,7790,2985,24300,false,true,true,24300,25,19198,74,4,6|5|2|2
1070,lookahead,8020,34,4,budget,0,80,true,9,2075,114,176,0.029411764705882353,0.9705882352941176,0,0,0,3,9,normal,false,8,14,15,7195,810,0,0,false,false,true,0,0,8020,34,0,
1071,lookahead,1365,18,4,lock,0,78,false,3,240,33,45,0,0.9444444444444444,0.05555555555555555,0,0,2,3,normal,false,4,6,0,1275,90,0,0,false,false,false,0,0,1365,18,0,
1072,lookahead,8196,40,10,budget,0,95,true,6,2050,101,170,0.125,0.675,0.175,0.025,0,6,1,normal,false,6,15,391,4270,3400,135,0,true,true,true,0,0,8196,40,0,
1073,lookahead,64018,141,111,budget,7,100,true,6,4620,464,719,0.014184397163120567,0.48226950354609927,0.2198581560283688,0.03546099290780142,0.24822695035460993,34,1,normal,false,8,82,98,11095,9760,8385,34680,false,true,false,27070,35,36948,106,6,4|3|5|2|2|2
1074,lookahead,41098,116,86,budget,4,100,true,6,4355,357,520,0.008620689655172414,0.45689655172413796,0.2672413793103448,0.09482758620689655,0.1724137931034483,28,1,normal,false,6,60,143,7360,7660,11955,13980,false,true,false,13755,20,27343,96,4,2|10|2|3
1075,lookahead,3141,30,0,budget,0,58,true,3,495,73,142,0.4666666666666667,0.5333333333333333,0,0,0,3,6,normal,false,4,11,1031,2110,0,0,0,false,false,true,0,0,3141,30,0,
1076,lookahead,25425,66,36,budget,2,100,false,7,5100,225,324,0,0.6363636363636364,0.16666666666666666,0.045454545454545456,0.15151515151515152,14,3,normal,false,7,35,0,6590,3410,1245,14180,false,false,false,13360,10,12065,56,2,4|5
1077,lookahead,59640,166,136,budget,8,100,true,7,2720,544,760,0.012048192771084338,0.39759036144578314,0.28313253012048195,0.06626506024096386,0.24096385542168675,46,2,normal,false,6,101,165,11300,15320,8295,24560,false,true,true,23340,40,36300,126,7,6|3|4|4|2|7|5
1078,lookahead,14475,59,29,budget,1,100,true,5,1060,169,253,0.05084745762711865,0.711864406779661,0.13559322033898305,0.01694915254237288,0.0847457627118644,15,3,normal,false,5,31,115,5305,3580,2115,3360,false,true,false,2640,5,11835,54,1,5
1079,lookahead,27100,87,57,budget,3,100,true,4,2180,285,373,0.011494252873563218,0.5402298850574713,0.26436781609195403,0.011494252873563218,0.1724137931034483,21,9,normal,false,6,48,30,5905,7620,2925,10620,false,false,false,9260,15,17840,72,3,4|3|2
1080,lookahead,7299,36,6,budget,0,81,true,5,1050,105,189,0.19444444444444445,0.7222222222222222,0.08333333333333333,0,0,5,3,normal,false,3,18,624,5025,1650,0,0,false,false,false,0,0,7299,36,0,
1081,lookahead,8118,48,18,budget,0,95,true,5,1020,138,195,0.041666666666666664,0.8125,0.125,0.020833333333333332,0,10,2,normal,false,6,22,63,5520,2400,135,0,true,true,false,0,0,8118,48,0,
1082,lookahead,7801,44,14,budget,0,94,true,4,1155,126,194,0.06818181818181818,0.7954545454545454,0.11363636363636363,0.022727272727272728,0,7,1,normal,false,6,17,256,5565,900,1080,0,true,false,false,0,0,7801,44,0,
1083,lookahead,4181,30,0,budget,0,54,true,5,935,72,135,0.3,0.7,0,0,0,3,18,normal,false,5,10,301,3880,0,0,0,false,false,true,0,0,4181,30,0,
1084,lookahead,6780,38,8,budget,0,94,true,5,1545,114,167,0.02631578947368421,0.868421052631579,0.07894736842105263,0.02631578947368421,0,4,6,normal,false,5,20,315,4215,1170,1080,0,true,false,false,0,0,6780,38,0,
1085,lookahead,4893,30,0,budget,0,58,true,6,915,80,140,0.13333333333333333,0.8666666666666667,0,0,0,2,4,normal,false,4,11,383,4510,0,0,0,false,false,true,0,0,4893,30,0,
1086,lookahead,4766,30,0,budget,0,62,true,4,620,90,154,0.23333333333333334,0.7666666666666667,0,0,0,3,12,normal,false,6,14,631,4135,0,0,0,false,false,false,0,0,4766,30,0,
1087,lookahead,6516,34,4,budget,0,98,true,5,895,121,193,0.11764705882352941,0.7647058823529411,0.058823529411764705,0.058823529411764705,0,6,2,normal,false,7,18,556,5035,700,225,0,true,true,true,0,0,6516,34,0,
1088,lookahead,3815,30,0,budget,0,65,true,5,725,79,114,0,1,0,0,0,0,-1,normal,false,7,15,60,3755,0,0,0,false,false,true,0,0,3815,30,0,
1089,lookahead,3873,30,0,budget,0,64,true,4,450,76,121,0.1,0.9,0,0,0,2,14,normal,false,9,12,443,3430,0,0,0,false,false,true,0,0,3873,30,0,
1090,lookahead,5141,32,2,budget,0,74,true,5,745,102,144,0.15625,0.8125,0.03125,0,0,4,7,normal,false,4,15,206,4845,90,0,0,false,false,true,0,0,5141,32,0,
1091,lookahead,13775,61,31,budget,1,100,true,4,1200,165,245,0.04918032786885246,0.6721311475409836,0.16393442622950818,0.03278688524590164,0.08196721311475409,17,2,normal,false,5,33,225,4305,4460,2025,2760,false,false,false,1650,5,12125,56,1,5
1092,lookahead,7280,30,0,budget,0,59,true,5,1155,114,180,0,1,0,0,0,0,-1,normal,false,2,16,30,7250,0,0,0,false,false,false,0,0,7280,30,0,
1093,lookahead,44483,101,71,budget,5,100,true,7,5475,367,451,0.0297029702970297,0.44554455445544555,0.22772277227722773,0.04950495049504951,0.24752475247524752,21,7,normal,false,8,54,143,6215,10800,10065,17260,false,true,true,17360,25,27123,76,4,2|7|4|3
1094,lookahead,55745,134,104,budget,8,100,false,7,4140,478,595,0,0.3805970149253731,0.2462686567164179,0.07462686567164178,0.29850746268656714,31,1,normal,false,7,69,0,7835,8660,8190,31060,false,true,false,31915,40,23830,94,8,3|9|8|4|4|2|4|2
1095,lookahead,63950,134,104,budget,4,100,true,8,2920,539,781,0.007462686567164179,0.4552238805970149,0.2537313432835821,0.13432835820895522,0.14925373134328357,38,13,normal,false,7,90,15,13680,14770,16005,19480,false,true,true,17240,20,46710,114,4,5|6|9|10
1096,lookahead,14146,50,20,budget,0,94,true,7,1770,170,281,0.04,0.76,0.18,0.02,0,9,2,normal,false,9,27,616,9545,1570,2415,0,true,false,false,0,0,14146,50,0,
1097,lookahead,2520,15,0,lock,0,62,true,5,690,38,72,0.13333333333333333,0.8666666666666667,0,0,0,1,7,crash,false,4,5,105,2415,0,0,0,false,false,false,0,0,2520,15,0,
1098,lookahead,85241,170,140,budget,10,100,true,6,3225,624,912,0.01764705882352941,0.3588235294117647,0.2529411764705882,0.07647058823529412,0.29411764705882354,44,2,crash,false,6,106,526,12735,19530,15450,37000,false,true,false,33960,50,51281,120,8,2|10|3|4|4|5|3|9
1099,lookahead,6550,20,17,lock,1,100,false,3,2100,54,73,0,0.45,0.2,0.1,0.25,6,6,keto,true,3,11,0,740,1340,450,4020,false,true,false,3900,5,2650,15,1,2
1100,lookahead,7495,30,0,budget,0,62,true,6,1260,114,170,0.03333333333333333,0.9666666666666667,0,0,0,0,-1,crash,false,4,15,50,7445,0,0,0,false,false,false,0,0,7495,30,0,
1101,lookahead,3774,30,0,budget,0,62,true,4,765,76,133,0.16666666666666666,0.8333333333333334,0,0,0,3,5,normal,false,5,9,369,3405,0,0,0,false,false,false,0,0,3774,30,0,
1102,lookahead,4255,30,0,budget,0,50,true,4,555,84,131,0.1,0.9,0,0,0,3,6,normal,false,4,15,245,4010,0,0,0,false,false,false,0,0,4255,30,0,
1103,lookahead,4166,34,4,budget,0,85,true,5,485,86,137,0.20588235294117646,0.7352941176470589,0.058823529411764705,0,0,5,2,crash,false,10,12,611,3255,300,0,0,false,false,false,0,0,4166,34,0,
1104,lookahead,18976,66,36,budget,0,97,true,6,1910,207,322,0.13636363636363635,0.5303030303030303,0.24242424242424243,0.09090909090909091,0,19,2,normal,false,4,40,886,6405,4080,7605,0,true,true,true,0,0,18976,66,0,
1105,lookahead,14813,63,33,budget,3,100,true,6,1120,173,240,0.015873015873015872,0.5555555555555556,0.1111111111111111,0.07936507936507936,0.23809523809523808,12,16,normal,false,3,35,313,5275,1010,495,7720,false,true,false,5710,15,9103,48,3,4|4|3
1106,lookahead,4705,36,6,budget,0,92,true,4,510,95,134,0.05555555555555555,0.8055555555555556,0.1388888888888889,0,0,5,1,normal,false,6,15,90,3775,570,270,0,true,false,false,0,0,4705,36,0,
1107,lookahead,23880,65,35,budget,3,100,false,8,8240,197,258,0,0.5692307692307692,0.16923076923076924,0.03076923076923077,0.23076923076923078,12,2,normal,false,11,31,0,3980,2000,1800,16100,false,true,false,15020,15,8860,50,3,6|3|2
1108,lookahead,5728,34,4,budget,0,83,true,4,600,107,161,0.11764705882352941,0.7647058823529411,0.11764705882352941,0,0,4,2,crash,false,5,14,173,4215,1340,0,0,false,false,false,0,0,5728,34,0,
1109,lookahead,36940,106,76,budget,6,100,true,7,5280,328,456,0.1320754716981132,0.33962264150943394,0.18867924528301888,0.05660377358490566,0.2830188679245283,28,2,crash,false,4,57,1050,5280,8060,1890,20660,false,false,false,18170,30,18770,76,6,10|2|3|3|2|2
1110,lookahead,6041,36,6,budget,0,84,true,4,645,126,204,0.19444444444444445,0.8055555555555556,0,0,0,5,11,normal,false,4,19,726,4955,360,0,0,false,false,false,0,0,6041,36,0,
1111,lookahead,6016,30,0,budget,0,62,true,5,730,91,172,0.13333333333333333,0.8666666666666667,0,0,0,3,11,normal,false,3,18,376,5640,0,0,0,false,false,true,0,0,6016,30,0,
1112,lookahead,24288,88,58,budget,4,100,true,5,1080,256,402,0.022727272727272728,0.5454545454545454,0.14772727272727273,0.056818181818181816,0.22727272727272727,19,2,crash,false,6,49,248,8770,4230,720,10320,false,false,false,9390,20,14898,68,4,5|3|3|2
1113,lookahead,4826,34,4,budget,0,77,true,5,840,85,153,0.35294117647058826,0.6176470588235294,0.029411764705882353,0,0,5,4,normal,false,5,16,551,4005,270,0,0,false,false,false,0,0,4826,34,0,
1114,lookahead,5968,32,2,budget,0,71,true,5,930,96,158,0.09375,0.90625,0,0,0,3,10,crash,false,4,11,248,4910,810,0,0,false,false,false,0,0,5968,32,0,
1115,lookahead,36340,84,54,budget,4,100,true,5,3920,287,382,0.011904761904761904,0.5238095238095238,0.13095238095238096,0.09523809523809523,0.23809523809523808,15,1,crash,false,12,40,80,5185,5040,3435,22600,false,true,false,15460,20,20880,64,4,2|3|4|5
1116,lookahead,83045,213,183,budget,9,100,false,6,4200,655,951,0,0.45539906103286387,0.25821596244131456,0.07511737089201878,0.2112676056338028,66,1,normal,false,9,128,0,9155,20920,9330,43640,false,true,false,41990,45,41055,168,8,5|2|2|2|9|4|4|6
1117,lookahead,6475,30,0,budget,0,52,true,5,860,91,175,0.03333333333333333,0.9666666666666667,0,0,0,1,8,normal,false,5,13,195,6280,0,0,0,false,false,false,0,0,6475,30,0,
1118,lookahead,10860,43,13,budget,1,100,true,6,1590,155,239,0.023255813953488372,0.7209302325581395,0.09302325581395349,0.046511627906976744,0.11627906976744186,4,2,normal,false,4,20,80,7795,1260,225,1500,false,false,true,1350,5,9510,38,1,2
1119,lookahead,38350,83,53,budget,3,100,true,9,11350,252,367,0.024096385542168676,0.5180722891566265,0.21686746987951808,0.060240963855421686,0.18072289156626506,21,2,normal,false,6,43,60,5520,4070,4500,24200,false,true,true,21675,15,16675,68,3,2|7|3
1120,lookahead,9440,52,22,budget,0,94,false,5,1080,134,196,0,0.7884615384615384,0.15384615384615385,0.057692307692307696,0,9,5,normal,false,6,23,0,5045,2940,1455,0,true,false,false,0,0,9440,52,0,
1121,lookahead,43435,88,58,budget,4,100,true,7,9000,351,474,0.011363636363636364,0.4659090909090909,0.22727272727272727,0.06818181818181818,0.22727272727272727,18,5,normal,false,5,52,215,8390,6860,2790,25180,false,true,true,25115,20,18320,68,3,2|4|3
1122,lookahead,11528,47,17,budget,1,100,true,6,3140,130,230,0.40425531914893614,0.3617021276595745,0.0851063829787234,0.0425531914893617,0.10638297872340426,7,2,crash,false,6,20,1623,2505,3710,630,3060,false,true,false,2970,5,8558,42,1,6
1123,lookahead,47209,122,92,budget,4,100,true,6,2505,399,586,0.040983606557377046,0.3524590163934426,0.3442622950819672,0.09836065573770492,0.16393442622950818,33,1,normal,false,6,78,474,8305,13700,9450,15280,false,true,false,12265,20,34944,102,4,3|13|5|10
1124,lookahead,5460,32,2,budget,0,73,true,5,675,108,154,0.03125,0.9375,0.03125,0,0,2,17,normal,false,4,12,105,5265,90,0,0,false,false,true,0,0,5460,32,0,
1125,lookahead,5927,36,6,budget,0,99,true,5,840,102,154,0.1111111111111111,0.7222222222222222,0.1111111111111111,0.05555555555555555,0,5,2,normal,false,7,15,592,3520,1260,555,0,true,true,false,0,0,5927,36,0,
1126,lookahead,11114,41,11,budget,1,100,true,5,1800,145,214,0.24390243902439024,0.5121951219512195,0.07317073170731707,0.04878048780487805,0.12195121951219512,8,1,normal,false,4,21,859,4800,430,1845,3180,false,true,true,3090,5,8024,36,1,5
1127,lookahead,2768,30,0,budget,0,65,true,6,640,59,112,0.3333333333333333,0.6666666666666666,0,0,0,4,8,crash,false,5,13,1008,1760,0,0,0,false,false,true,0,0,2768,30,0,
1128,lookahead,5655,30,0,budget,0,64,false,5,975,99,147,0,1,0,0,0,0,-1,normal,false,6,11,0,5655,0,0,0,false,false,false,0,0,5655,30,0,
1129,lookahead,4878,30,0,budget,0,62,true,5,690,85,153,0.2,0.8,0,0,0,4,14,normal,false,2,16,538,4340,0,0,0,false,false,false,0,0,4878,30,0,
1130,lookahead,6870,38,8,budget,0,81,false,5,790,129,184,0,0.9473684210526315,0.05263157894736842,0,0,4,26,normal,false,4,20,0,6480,390,0,0,false,false,false,0,0,6870,38,0,
1131,lookahead,4173,30,0,budget,0,69,true,4,720,89,146,0.3333333333333333,0.6666666666666666,0,0,0,3,18,normal,false,4,14,843,3330,0,0,0,false,false,true,0,0,4173,30,0,
1132,lookahead,3708,30,0,budget,0,69,true,4,645,71,130,0.36666666666666664,0.6333333333333333,0,0,0,2,25,crash,false,9,10,678,3030,0,0,0,false,false,false,0,0,3708,30,0,
1133,lookahead,11953,51,21,budget,1,100,true,4,1305,154,237,0.09803921568627451,0.6274509803921569,0.13725490196078433,0.0392156862745098,0.09803921568627451,9,1,normal,false,4,26,298,5370,1690,1935,2660,false,true,false,2390,5,9563,46,1,2
1134,lookahead,5918,34,4,budget,0,84,true,4,510,102,170,0.20588235294117646,0.7352941176470589,0.058823529411764705,0,0,6,5,normal,false,2,25,858,4250,810,0,0,false,false,false,0,0,5918,34,0,
1135,lookahead,4995,30,0,budget,0,65,true,5,990,91,140,0.03333333333333333,0.9666666666666667,0,0,0,1,9,normal,false,7,8,15,4980,0,0,0,false,false,true,0,0,4995,30,0,
1136,lookahead,6846,30,0,budget,0,53,true,6,1030,121,177,0.13333333333333333,0.8666666666666667,0,0,0,2,11,normal,false,3,14,546,6300,0,0,0,false,false,true,0,0,6846,30,0,
1137,lookahead,9036,38,8,budget,0,80,true,7,1735,142,221,0.13157894736842105,0.8421052631578947,0.02631578947368421,0,0,5,9,normal,false,4,21,766,7130,1140,0,0,false,false,false,0,0,9036,38,0,
1138,lookahead,4180,30,0,budget,0,66,true,5,840,86,118,0,1,0,0,0,0,-1,normal,false,6,12,40,4140,0,0,0,false,false,false,0,0,4180,30,0,
1139,lookahead,3988,30,0,budget,0,64,true,3,420,84,141,0.1,0.9,0,0,0,2,11,normal,false,4,15,318,3670,0,0,0,false,false,true,0,0,3988,30,0,
1140,lookahead,4760,38,8,budget,0,85,true,4,795,101,152,0.05263157894736842,0.8157894736842105,0.13157894736842105,0,0,6,6,normal,false,9,13,105,4205,450,0,0,false,false,true,0,0,4760,38,0,
1141,lookahead,7730,32,2,budget,0,82,true,5,1110,113,188,0.0625,0.90625,0.03125,0,0,2,10,crash,false,4,18,15,6605,1110,0,0,false,false,false,0,0,7730,32,0,
1142,lookahead,49664,155,125,budget,5,100,true,6,2440,506,681,0.03225806451612903,0.4838709677419355,0.2709677419354839,0.05161290322580645,0.16129032258064516,42,2,normal,false,9,81,764,9225,17300,6315,16060,false,true,false,17950,25,31714,130,4,6|2|4|3
1143,lookahead,54310,107,77,budget,3,100,true,12,14340,400,616,0.06542056074766354,0.4672897196261682,0.24299065420560748,0.08411214953271028,0.14018691588785046,28,4,normal,false,6,67,1265,8815,16450,4920,22860,false,true,false,20790,15,33520,92,3,4|5|4
1144,lookahead,60900,142,112,budget,8,100,true,6,2980,476,690,0.028169014084507043,0.3591549295774648,0.2676056338028169,0.06338028169014084,0.28169014084507044,39,2,normal,false,6,84,150,10120,9290,4920,36420,false,true,true,32390,40,28510,102,8,3|2|2|3|3|2|7|6
1145,lookahead,42470,96,66,budget,6,100,true,7,3300,309,436,0.010416666666666666,0.3541666666666667,0.25,0.07291666666666667,0.3125,21,2,crash,false,7,49,45,6205,4870,4530,26820,false,true,false,23780,30,18690,66,6,3|4|9|7|3|5
1146,lookahead,17795,54,24,budget,0,97,false,9,2780,183,293,0,0.6481481481481481,0.2962962962962963,0.05555555555555555,0,8,1,normal,false,4,26,0,9030,6920,1845,0,true,true,true,0,0,17795,54,0,
1147,lookahead,33555,83,53,budget,3,100,true,5,3650,254,423,0.0963855421686747,0.46987951807228917,0.20481927710843373,0.04819277108433735,0.18072289156626506,21,2,crash,false,4,46,625,5315,4930,4845,17840,false,false,true,16145,15,17410,68,3,3|4|4
1148,lookahead,5050,32,2,budget,0,74,true,5,760,96,135,0.03125,0.9375,0.03125,0,0,2,11,normal,false,6,11,15,4915,120,0,0,false,false,false,0,0,5050,32,0,
1149,lookahead,17737,41,11,budget,1,100,true,6,3580,158,249,0.1951219512195122,0.5853658536585366,0.0975609756097561,0,0.12195121951219512,4,12,normal,false,4,24,842,4265,2230,1980,8420,false,false,false,7420,5,10317,36,1,2
1150,lookahead,3523,30,0,budget,0,65,true,4,555,69,113,0.1,0.9,0,0,0,2,14,normal,false,3,14,113,3410,0,0,0,false,false,false,0,0,3523,30,0,
1151,lookahead,5905,34,4,budget,0,80,true,4,675,101,165,0.029411764705882353,0.9411764705882353,0.029411764705882353,0,0,3,2,normal,false,5,14,105,5350,450,0,0,false,false,false,0,0,5905,34,0,
1152,lookahead,12510,55,25,budget,1,100,true,5,1620,167,214,0.03636363636363636,0.7090909090909091,0.16363636363636364,0,0.09090909090909091,11,9,normal,false,4,30,180,4720,3020,270,4320,false,false,false,4270,5,8240,50,1,2
1153,lookahead,4824,36,6,budget,0,89,true,4,560,100,145,0.1388888888888889,0.8055555555555556,0.027777777777777776,0.027777777777777776,0,3,1,normal,false,8,15,144,4215,330,135,0,false,false,false,0,0,4824,36,0,
1154,lookahead,4895,30,0,budget,0,60,true,6,1210,86,132,0.06666666666666667,0.9333333333333333,0,0,0,2,21,normal,false,6,11,210,4685,0,0,0,false,false,true,0,0,4895,30,0,
1155,lookahead,10925,56,26,budget,0,92,true,4,1290,163,232,0,0.7321428571428571,0.23214285714285715,0.03571428571428571,0,12,1,normal,false,5,27,70,5600,4580,675,0,true,false,true,0,0,10925,56,0,
1156,lookahead,5945,30,0,budget,0,65,true,9,2700,91,136,0.1,0.9,0,0,0,2,7,normal,false,6,11,120,5825,0,0,0,false,false,false,0,0,5945,30,0,
1157,lookahead,9548,43,13,budget,1,100,true,5,1140,140,197,0.13953488372093023,0.6744186046511628,0.06976744186046512,0,0.11627906976744186,5,8,crash,false,5,21,458,4565,760,585,3180,false,false,false,2280,5,7268,38,1,2
1158,lookahead,5300,32,2,budget,0,78,true,5,955,91,156,0.125,0.84375,0.03125,0,0,2,11,crash,false,3,14,225,4895,180,0,0,false,false,false,0,0,5300,32,0,
1159,lookahead,5380,36,6,budget,0,85,false,5,860,95,141,0,0.8611111111111112,0.1388888888888889,0,0,3,22,normal,false,6,17,0,4150,960,270,0,false,false,false,0,0,5380,36,0,
1160,lookahead,17464,70,40,budget,2,100,true,6,1785,207,311,0.14285714285714285,0.5285714285714286,0.14285714285714285,0.04285714285714286,0.14285714285714285,18,13,normal,false,6,41,669,7090,5190,1455,3060,false,true,true,3030,10,14434,60,2,2|3
1161,lookahead,45290,129,99,budget,3,100,true,6,4290,413,592,0.015503875968992248,0.5736434108527132,0.2248062015503876,0.06976744186046512,0.11627906976744186,42,1,normal,false,13,80,240,10535,11790,5805,16920,false,true,false,15530,15,29760,114,3,3|8|3
1162,lookahead,18765,65,35,budget,1,100,false,5,2400,220,314,0,0.7538461538461538,0.13846153846153847,0.03076923076923077,0.07692307692307693,15,15,normal,false,5,35,0,8455,4850,1620,3840,false,true,true,3900,5,14865,60,1,3
1163,lookahead,3441,30,0,budget,0,63,true,4,465,64,124,0.16666666666666666,0.8333333333333334,0,0,0,2,21,crash,false,6,11,351,3090,0,0,0,false,false,true,0,0,3441,30,0,
1164,lookahead,21280,44,44,lock,2,100,false,5,2430,142,191,0,0.25,0.36363636363636365,0.1590909090909091,0.22727272727272727,17,4,normal,false,4,26,0,585,3770,7005,9920,false,true,false,11540,10,9740,34,2,2|10
1165,lookahead,7440,42,12,budget,0,80,false,6,1045,127,199,0,0.9285714285714286,0.07142857142857142,0,0,5,1,normal,false,5,23,0,6360,1080,0,0,false,false,false,0,0,7440,42,0,
1166,lookahead,5225,34,4,budget,0,80,true,5,775,104,142,0.029411764705882353,0.9411764705882353,0.029411764705882353,0,0,3,26,normal,false,7,18,175,4270,780,0,0,false,false,true,0,0,5225,34,0,
1167,lookahead,17805,70,40,budget,2,100,true,5,2015,217,304,0,0.6285714285714286,0.17142857142857143,0.05714285714285714,0.14285714285714285,14,2,normal,false,4,37,230,6810,2100,3285,5380,false,true,false,6525,10,11280,60,2,5|2
1168,lookahead,5058,30,0,budget,0,62,true,5,645,91,149,0.06666666666666667,0.9333333333333333,0,0,0,1,26,crash,false,7,13,163,4895,0,0,0,false,false,false,0,0,5058,30,0,
1169,lookahead,8160,32,2,budget,0,72,true,6,1210,120,199,0.0625,0.9375,0,0,0,2,2,normal,false,8,16,480,7230,450,0,0,false,false,true,0,0,8160,32,0,
1170,lookahead,16076,43,13,budget,1,100,true,6,2360,176,272,0.13953488372093023,0.6511627906976745,0.09302325581395349,0,0.11627906976744186,5,20,normal,false,5,27,311,7715,960,630,6460,false,false,true,5670,5,10406,38,1,3
1171,lookahead,3477,30,0,budget,0,68,true,5,630,67,119,0.23333333333333334,0.7666666666666667,0,0,0,3,18,normal,false,9,11,497,2980,0,0,0,false,false,true,0,0,3477,30,0,
1172,lookahead,5389,30,0,budget,0,66,true,6,1218,85,138,0.13333333333333333,0.8666666666666667,0,0,0,2,27,normal,false,4,12,304,5085,0,0,0,false,false,true,0,0,5389,30,0,
1173,lookahead,27810,59,46,lock,4,100,false,5,3000,205,266,0,0.3220338983050847,0.23728813559322035,0.1016949152542373,0.3389830508474576,13,2,normal,false,7,29,0,2735,2690,4245,18140,false,true,false,17050,20,10760,39,4,4|2|7|2
1174,lookahead,6490,32,2,budget,0,80,true,5,1005,110,165,0.0625,0.9375,0,0,0,3,12,normal,false,5,17,355,5955,180,0,0,false,false,true,0,0,6490,32,0,
1175,lookahead,5485,30,0,budget,0,52,true,5,1245,76,155,0.03333333333333333,0.9666666666666667,0,0,0,1,6,normal,false,6,12,115,5370,0,0,0,false,false,false,0,0,5485,30,0,
1176,lookahead,4030,30,0,budget,0,62,true,4,645,72,131,0.2,0.8,0,0,0,1,23,normal,false,7,11,260,3770,0,0,0,false,false,true,0,0,4030,30,0,
1177,lookahead,18013,70,40,budget,2,100,true,6,1340,237,314,0.014285714285714285,0.6,0.21428571428571427,0.02857142857142857,0.14285714285714285,15,1,normal,false,7,32,53,7280,3650,2430,4600,false,false,false,5440,10,12573,60,2,2|4
1178,lookahead,17770,62,32,budget,2,100,true,6,1460,219,304,0.06451612903225806,0.6612903225806451,0.08064516129032258,0.03225806451612903,0.16129032258064516,12,10,crash,false,3,33,355,8710,2700,705,5300,false,false,true,4540,10,13230,52,1,3
1179,lookahead,20314,64,34,budget,2,100,true,4,2960,213,308,0.15625,0.453125,0.203125,0.03125,0.15625,14,4,normal,false,3,34,1064,4290,3850,3690,7420,false,true,false,7090,10,13224,54,2,4|5
1180,lookahead,9411,30,0,budget,0,62,true,8,2365,109,231,0.2,0.8,0,0,0,2,13,crash,false,3,16,856,8555,0,0,0,false,false,true,0,0,9411,30,0,
1181,lookahead,15475,61,31,budget,1,100,true,4,1170,189,279,0.01639344262295082,0.6721311475409836,0.19672131147540983,0.03278688524590164,0.08196721311475409,14,1,normal,false,5,36,335,5840,3960,2520,2820,false,true,true,2550,5,12925,56,1,9
1182,lookahead,16035,51,21,budget,1,100,true,5,2260,171,239,0.0196078431372549,0.6862745098039216,0.17647058823529413,0.0196078431372549,0.09803921568627451,7,3,crash,false,4,29,60,5330,2190,1755,6700,false,true,false,6160,5,9875,46,1,7
1183,lookahead,31340,103,73,budget,5,100,true,5,2020,292,399,0.02912621359223301,0.5242718446601942,0.1650485436893204,0.038834951456310676,0.24271844660194175,24,2,crash,false,7,50,120,5590,6400,3630,15600,false,false,false,12870,25,18470,78,5,6|2|2|3|3
1184,lookahead,10785,47,17,budget,1,100,true,5,1590,123,194,0.0851063829787234,0.6808510638297872,0.10638297872340426,0.02127659574468085,0.10638297872340426,8,2,normal,false,6,23,135,5400,1500,1350,2400,false,false,true,2010,5,8775,42,1,4
1185,lookahead,10983,42,12,budget,0,99,true,7,1260,150,232,0.047619047619047616,0.8095238095238095,0.09523809523809523,0.047619047619047616,0,7,1,normal,false,7,25,428,8065,1590,900,0,true,true,true,0,0,10983,42,0,
1186,lookahead,7185,36,6,budget,0,96,true,4,930,124,181,0.027777777777777776,0.8333333333333334,0.1111111111111111,0.027777777777777776,0,4,1,normal,false,3,20,105,6315,630,135,0,true,true,true,0,0,7185,36,0,
1187,lookahead,6713,30,0,budget,0,66,true,7,1140,113,172,0.06666666666666667,0.9333333333333333,0,0,0,1,23,normal,false,6,16,433,6280,0,0,0,false,false,false,0,0,6713,30,0,
1188,lookahead,3491,30,0,budget,0,63,true,4,550,73,122,0.2,0.8,0,0,0,4,18,normal,false,6,14,586,2905,0,0,0,false,false,true,0,0,3491,30,0,
1189,lookahead,6209,32,2,budget,0,78,true,5,1005,110,176,0.09375,0.875,0.03125,0,0,2,2,normal,false,8,14,619,5380,210,0,0,false,false,false,0,0,6209,32,0,
1190,lookahead,6700,30,0,budget,0,60,true,5,1320,117,166,0.03333333333333333,0.9666666666666667,0,0,0,1,25,normal,false,4,14,85,6615,0,0,0,false,false,true,0,0,6700,30,0,
1191,lookahead,5854,32,2,budget,0,75,true,6,960,99,154,0.15625,0.84375,0,0,0,2,8,normal,false,8,13,189,5485,180,0,0,false,false,true,0,0,5854,32,0,
1192,lookahead,7001,30,0,budget,0,65,true,5,705,96,193,0.26666666666666666,0.7333333333333333,0,0,0,6,6,crash,false,3,19,321,6680,0,0,0,false,false,false,0,0,7001,30,0,
1193,lookahead,36045,88,58,budget,4,100,true,5,2100,344,460,0,0.6022727272727273,0.11363636363636363,0.056818181818181816,0.22727272727272727,15,1,normal,false,8,49,30,11555,5280,4320,14860,false,true,false,15580,20,20465,68,2,2|4
1194,lookahead,7385,38,8,budget,0,74,true,5,675,111,207,0.02631578947368421,0.9210526315789473,0.05263157894736842,0,0,3,1,crash,false,4,21,270,6935,180,0,0,false,false,true,0,0,7385,38,0,
1195,lookahead,5557,42,12,budget,0,97,true,4,1115,95,158,0.23809523809523808,0.6428571428571429,0.09523809523809523,0.023809523809523808,0,9,2,normal,false,8,21,392,3320,540,1305,0,true,true,false,0,0,5557,42,0,
1196,lookahead,4951,36,6,budget,0,80,true,5,870,102,147,0.19444444444444445,0.7777777777777778,0.027777777777777776,0,0,6,5,normal,false,3,19,346,4265,340,0,0,false,false,false,0,0,4951,36,0,
1197,lookahead,17900,62,32,budget,0,98,true,7,2765,203,296,0,0.6451612903225806,0.27419354838709675,0.08064516129032258,0,14,2,normal,false,9,31,40,7070,7940,2850,0,true,true,false,0,0,17900,62,0,
1198,lookahead,47470,113,83,budget,5,100,true,8,5685,367,528,0.02654867256637168,0.504424778761062,0.23008849557522124,0.017699115044247787,0.22123893805309736,30,6,normal,false,8,60,205,7660,6860,7905,24840,false,false,false,24045,25,23425,88,5,4|4|3|3|5
1199,lookahead,13830,53,23,budget,1,100,true,8,2080,178,275,0.03773584905660377,0.7358490566037735,0.11320754716981132,0.018867924528301886,0.09433962264150944,10,3,normal,false,5,28,285,10065,1620,360,1500,false,false,true,1410,5,12420,48,1,4
1200,lookahead,8824,38,8,budget,0,92,true,5,1500,127,217,0.13157894736842105,0.7894736842105263,0.07894736842105263,0,0,7,2,crash,false,7,21,669,5875,840,1440,0,true,false,false,0,0,8824,38,0,
1201,lookahead,28875,97,67,budget,3,100,true,5,2080,282,399,0.010309278350515464,0.4845360824742268,0.29896907216494845,0.05154639175257732,0.15463917525773196,24,20,crash,false,8,52,40,6755,7010,3690,11380,false,true,false,10310,15,18565,82,2,2|6
1202,lookahead,3447,32,2,budget,0,71,true,5,855,73,116,0.15625,0.84375,0,0,0,3,8,normal,false,5,14,262,3005,180,0,0,false,false,false,0,0,3447,32,0,
1203,lookahead,87973,155,125,budget,9,100,true,7,5220,569,840,0.03870967741935484,0.2967741935483871,0.25806451612903225,0.11612903225806452,0.2903225806451613,44,2,normal,false,3,103,428,10585,15220,13020,48720,false,true,false,36990,45,50983,110,9,5|5|6|7|4|4|3|3|3
1204,lookahead,7493,42,12,budget,0,92,true,7,1575,121,188,0.09523809523809523,0.8333333333333334,0.07142857142857142,0,0,8,1,normal,false,10,17,153,5930,870,540,0,true,false,false,0,0,7493,42,0,
1205,lookahead,20580,52,22,budget,2,100,true,5,3720,143,239,0.019230769230769232,0.5576923076923077,0.1346153846153846,0.09615384615384616,0.19230769230769232,8,2,normal,false,4,28,165,4235,510,3210,12460,false,true,false,11470,10,9110,42,2,9|3
1206,lookahead,14606,62,32,budget,0,94,true,6,1620,194,292,0.04838709677419355,0.7096774193548387,0.20967741935483872,0.03225806451612903,0,16,2,normal,false,11,29,546,7010,4950,2100,0,true,false,true,0,0,14606,62,0,
1207,lookahead,4193,30,0,budget,0,52,true,4,650,87,146,0.06666666666666667,0.9333333333333333,0,0,0,2,15,normal,false,5,14,608,3585,0,0,0,false,false,false,0,0,4193,30,0,
1208,lookahead,5238,30,0,budget,0,60,true,7,1125,84,142,0.1,0.9,0,0,0,1,29,crash,false,3,14,173,5065,0,0,0,false,false,false,0,0,5238,30,0,
1209,lookahead,66562,156,126,budget,8,100,true,7,2805,500,748,0.057692307692307696,0.4166666666666667,0.1987179487179487,0.07051282051282051,0.2564102564102564,43,1,normal,false,5,82,1197,7770,15580,7215,34800,false,true,false,29880,40,36682,116,8,2|4|2|2|7|11|3|4
1210,lookahead,23065,57,27,budget,1,100,true,6,4140,195,308,0.05263157894736842,0.5789473684210527,0.22807017543859648,0.05263157894736842,0.08771929824561403,14,2,crash,false,7,34,195,5970,6160,2880,7860,false,true,false,7770,5,15295,52,1,6
1211,lookahead,3045,16,14,lock,0,94,false,4,600,49,51,0,0.25,0.6875,0.0625,0,6,2,keto,false,3,10,0,960,1410,675,0,true,false,true,0,0,3045,16,0,
1212,lookahead,8603,54,24,budget,0,92,true,4,630,164,238,0.14814814814814814,0.7037037037037037,0.1111111111111111,0.037037037037037035,0,13,13,crash,false,10,25,858,4480,2590,675,0,true,false,true,0,0,8603,54,0,
1213,lookahead,34165,90,60,budget,2,100,true,6,3180,320,453,0.022222222222222223,0.6111111111111112,0.2111111111111111,0.044444444444444446,0.1111111111111111,23,1,normal,false,9,47,45,11005,5620,5115,12380,false,true,false,10850,10,23315,80,1,3
1214,lookahead,70673,158,128,budget,8,100,true,6,3750,564,800,0.03164556962025317,0.3670886075949367,0.25316455696202533,0.0949367088607595,0.25316455696202533,40,7,crash,false,6,99,173,9020,17960,17460,26060,false,true,false,30370,40,40303,118,7,2|3|6|4|7|2|10
1215,lookahead,4970,30,0,budget,0,63,true,5,710,97,148,0,1,0,0,0,0,-1,normal,false,5,12,425,4545,0,0,0,false,false,false,0,0,4970,30,0,
1216,lookahead,12705,52,22,budget,0,90,true,5,1290,186,272,0.019230769230769232,0.8269230769230769,0.1346153846153846,0.019230769230769232,0,11,1,normal,false,5,31,20,8860,2790,1035,0,true,false,true,0,0,12705,52,0,
1217,lookahead,33465,125,95,budget,3,100,true,6,2355,393,514,0,0.544,0.24,0.096,0.12,36,2,normal,false,6,76,80,12145,6920,7320,7000,false,true,true,8455,15,25010,110,3,8|7|5
1218,lookahead,10492,56,26,budget,0,96,true,4,790,159,250,0.07142857142857142,0.75,0.125,0.05357142857142857,0,10,21,normal,false,8,30,272,5940,3470,810,0,true,true,false,0,0,10492,56,0,
1219,lookahead,37812,121,91,budget,5,100,true,5,2595,387,523,0.024793388429752067,0.4462809917355372,0.24793388429752067,0.0743801652892562,0.2066115702479339,33,1,normal,true,6,75,537,8890,8090,5835,14460,false,true,true,16200,25,21612,96,5,3|3|4|2|3
1220,lookahead,4268,32,2,budget,0,72,true,4,620,90,128,0.03125,0.9375,0.03125,0,0,2,11,normal,false,5,12,108,4070,90,0,0,false,false,false,0,0,4268,32,0,
1221,lookahead,6925,30,0,budget,0,69,true,5,765,109,183,0,1,0,0,0,0,-1,normal,false,5,16,150,6775,0,0,0,false,false,true,0,0,6925,30,0,
1222,lookahead,12850,56,26,budget,2,100,false,5,900,183,224,0,0.625,0.125,0.07142857142857142,0.17857142857142858,9,2,normal,false,4,26,0,6020,1130,1680,4020,false,false,false,4460,10,8390,46,1,4
1223,lookahead,28833,76,46,budget,4,100,true,9,2370,244,386,0.05263157894736842,0.39473684210526316,0.21052631578947367,0.07894736842105263,0.2631578947368421,18,1,crash,false,5,45,1258,6285,2390,2160,16740,false,true,false,13710,20,15123,56,4,4|2|6|4
1224,lookahead,13950,65,35,budget,1,100,false,4,930,194,277,0,0.7538461538461538,0.13846153846153847,0.03076923076923077,0.07692307692307693,14,1,normal,false,5,31,0,7855,3420,675,2000,false,false,true,1550,5,12400,60,0,
1225,lookahead,4713,28,4,lock,0,84,true,5,765,79,150,0.21428571428571427,0.75,0.03571428571428571,0,0,4,3,normal,false,6,15,678,3105,930,0,0,false,false,false,0,0,4713,28,0,
1226,lookahead,26955,107,77,budget,1,100,true,5,1830,322,448,0.009345794392523364,0.5887850467289719,0.2616822429906542,0.09345794392523364,0.04672897196261682,33,5,normal,false,5,58,150,9065,9790,5130,2820,false,true,false,2370,5,24585,102,1,13
1227,lookahead,5950,38,8,budget,0,84,true,5,670,109,156,0.02631578947368421,0.868421052631579,0.10526315789473684,0,0,4,2,normal,false,13,15,15,4645,1290,0,0,false,false,false,0,0,5950,38,0,
1228,lookahead,48198,118,88,budget,4,100,true,7,3600,411,547,0.025423728813559324,0.5169491525423728,0.23728813559322035,0.05084745762711865,0.1694915254237288,32,4,normal,false,4,67,143,10895,6720,8520,21920,false,true,true,19780,20,28418,98,2,3|3
1229,lookahead,6340,32,2,budget,0,83,true,4,1020,102,160,0,0.9375,0.0625,0,0,1,2,normal,false,3,18,120,5140,1080,0,0,false,false,true,0,0,6340,32,0,
1230,lookahead,37730,92,62,budget,2,100,true,7,3120,320,467,0,0.5978260869565217,0.2608695652173913,0.03260869565217391,0.10869565217391304,24,1,normal,false,7,52,30,9125,9890,3525,15160,false,true,false,13190,10,24540,82,2,8|4
1231,lookahead,23854,61,46,lock,2,100,true,5,2040,179,280,0.09836065573770492,0.29508196721311475,0.32786885245901637,0.11475409836065574,0.16393442622950818,20,4,crash,false,3,38,334,2635,6770,5115,9000,false,true,false,8640,10,15214,51,2,11|4
1232,lookahead,2475,15,0,lock,0,60,true,6,945,39,66,0.06666666666666667,0.9333333333333333,0,0,0,0,-1,crash,false,7,5,45,2430,0,0,0,false,false,true,0,0,2475,15,0,
1233,lookahead,17959,47,17,budget,1,100,true,5,4020,171,237,0.1276595744680851,0.6382978723404256,0.0851063829787234,0.0425531914893617,0.10638297872340426,9,3,normal,false,4,26,534,5335,1320,810,9960,false,false,true,9855,5,8104,42,1,3
1234,lookahead,5815,29,4,lock,0,74,true,5,795,100,152,0,0.9655172413793104,0.034482758620689655,0,0,2,17,normal,false,5,11,60,5665,90,0,0,false,false,false,0,0,5815,29,0,
1235,lookahead,12835,55,25,budget,1,100,true,5,2910,149,219,0.12727272727272726,0.5454545454545454,0.18181818181818182,0.05454545454545454,0.09090909090909091,11,3,crash,false,7,24,355,4100,1970,1710,4700,false,true,true,4670,5,8165,50,1,5
1236,lookahead,61445,127,134,lock,6,100,false,5,4440,429,612,0,0.25984251968503935,0.3937007874015748,0.11811023622047244,0.2283464566929134,46,10,frenzy,false,5,86,0,3895,15720,16710,25120,false,true,true,21740,29,39705,98,6,3|6|4|4|5|5
1237,lookahead,25893,93,63,budget,1,100,true,5,1905,298,477,0.06451612903225806,0.5806451612903226,0.23655913978494625,0.06451612903225806,0.053763440860215055,27,4,normal,false,8,57,328,9960,8570,4575,2460,false,true,false,3480,5,22413,88,1,9
1238,lookahead,72660,113,121,lock,11,100,false,6,4020,426,561,0,0.08849557522123894,0.3274336283185841,0.09734513274336283,0.48672566371681414,37,2,keto,false,5,77,0,770,11800,8010,52080,false,true,false,43150,55,29510,58,11,4|3|6|4|4|3|6|3|5|3|2
1239,lookahead,38088,112,82,budget,4,100,true,7,4700,370,505,0.017857142857142856,0.49107142857142855,0.25,0.0625,0.17857142857142858,29,9,normal,false,4,71,143,8615,10090,5400,13840,false,true,false,12330,20,25758,92,4,5|3|5|3
1240,lookahead,61879,128,98,budget,6,100,true,5,3380,483,676,0.046875,0.421875,0.1953125,0.1015625,0.234375,35,1,normal,false,6,76,204,8950,10260,12405,30060,false,true,true,29065,30,32814,98,6,6|3|3|5|7|2
1241,lookahead,48500,116,86,budget,4,100,true,6,2580,415,605,0.008620689655172414,0.5344827586206896,0.20689655172413793,0.07758620689655173,0.1724137931034483,34,1,normal,false,5,73,75,10550,10890,5745,21240,false,true,true,19630,20,28870,96,4,3|2|4|4
1242,lookahead,8466,50,20,budget,0,92,true,4,735,145,217,0.06,0.7,0.2,0.04,0,11,5,normal,false,4,26,311,5305,2220,630,0,true,false,false,0,0,8466,50,0,
1243,lookahead,5310,30,0,budget,0,69,true,5,780,92,147,0.03333333333333333,0.9666666666666667,0,0,0,0,-1,crash,false,6,12,0,5310,0,0,0,false,false,false,0,0,5310,30,0,
1244,lookahead,4535,32,2,budget,0,70,true,3,560,91,150,0,1,0,0,0,1,3,normal,false,4,14,190,4345,0,0,0,false,false,true,0,0,4535,32,0,
1245,lookahead,26098,71,41,budget,3,100,true,7,4650,238,337,0.056338028169014086,0.5915492957746479,0.09859154929577464,0.04225352112676056,0.2112676056338028,14,2,normal,false,8,35,148,7525,1740,4305,12380,false,false,false,13880,15,12218,56,3,2|2|5
1246,lookahead,5486,30,0,budget,0,69,true,5,830,102,159,0.1,0.9,0,0,0,2,15,normal,false,7,13,771,4715,0,0,0,false,false,false,0,0,5486,30,0,
1247,lookahead,13130,67,37,budget,1,100,false,5,1715,199,251,0,0.7164179104477612,0.1791044776119403,0.029850746268656716,0.07462686567164178,13,1,normal,false,9,30,0,6370,3300,1260,2200,false,true,false,2060,5,11070,62,0,
1248,lookahead,5111,30,0,budget,0,69,true,4,485,99,148,0.06666666666666667,0.9333333333333333,0,0,0,1,21,normal,false,3,16,256,4855,0,0,0,false,false,true,0,0,5111,30,0,
1249,lookahead,7546,40,10,budget,0,87,true,5,1020,121,197,0.05,0.9,0.05,0,0,5,2,normal,false,8,15,266,6170,1110,0,0,false,false,true,0,0,7546,40,0,
1250,lookahead,18295,58,28,budget,2,100,true,6,1980,196,299,0,0.603448275862069,0.1206896551724138,0.10344827586206896,0.1724137931034483,11,2,normal,false,4,36,60,7460,3260,1095,6420,false,true,false,5280,10,13015,48,2,8|3
1251,lookahead,35557,75,45,budget,3,100,true,6,2940,277,448,0.04,0.5333333333333333,0.16,0.06666666666666667,0.2,17,6,normal,false,4,53,912,7660,3350,3195,20440,false,false,true,17550,15,18007,60,3,4|2|4
1252,lookahead,6390,30,0,budget,0,68,true,7,1215,100,160,0.06666666666666667,0.9333333333333333,0,0,0,1,5,normal,false,4,13,375,6015,0,0,0,false,false,true,0,0,6390,30,0,
1253,lookahead,11421,46,16,budget,0,97,true,5,1725,149,250,0.06521739130434782,0.782608695652174,0.13043478260869565,0.021739130434782608,0,8,1,normal,false,5,28,426,6885,2220,1890,0,true,true,false,0,0,11421,46,0,
1254,lookahead,6178,34,4,budget,0,84,true,6,1350,99,171,0.058823529411764705,0.9117647058823529,0.029411764705882353,0,0,2,16,crash,false,6,11,53,5945,180,0,0,false,false,false,0,0,6178,34,0,
1255,lookahead,58239,140,110,budget,6,100,true,6,4360,471,649,0.02857142857142857,0.34285714285714286,0.30714285714285716,0.10714285714285714,0.21428571428571427,40,1,normal,false,10,82,564,7485,11710,9360,29120,false,true,false,24980,30,33259,110,6,2|5|5|3|5|8
1256,lookahead,3772,30,0,budget,0,62,true,4,635,73,131,0.3333333333333333,0.6666666666666666,0,0,0,5,7,normal,false,7,11,602,3170,0,0,0,false,false,false,0,0,3772,30,0,
1257,lookahead,7872,32,2,budget,0,74,true,7,755,142,213,0.09375,0.90625,0,0,0,3,6,normal,false,4,18,917,6595,360,0,0,false,false,true,0,0,7872,32,0,
1258,lookahead,1608,11,0,lock,0,53,true,4,540,25,49,0.2727272727272727,0.7272727272727273,0,0,0,1,6,crash,false,5,3,48,1560,0,0,0,false,false,false,0,0,1608,11,0,
1259,lookahead,34610,91,61,budget,5,100,true,5,3425,308,451,0,0.4945054945054945,0.17582417582417584,0.054945054945054944,0.27472527472527475,18,1,normal,false,6,48,150,7025,7170,6345,13920,false,true,true,12905,25,21705,66,5,2|6|3|5|5
1260,lookahead,33240,93,63,budget,3,100,false,8,3380,323,439,0,0.5806451612903226,0.1935483870967742,0.06451612903225806,0.16129032258064516,22,3,normal,false,6,52,0,10295,8220,4005,10720,false,true,true,10250,15,22990,78,2,8|5
1261,lookahead,8321,42,12,budget,0,97,true,5,1230,136,199,0.07142857142857142,0.7857142857142857,0.09523809523809523,0.047619047619047616,0,7,10,normal,false,5,22,341,5910,360,1710,0,true,true,false,0,0,8321,42,0,
1262,lookahead,4004,30,0,budget,0,51,true,5,1015,71,161,0.43333333333333335,0.5666666666666667,0,0,0,4,6,crash,false,5,16,1029,2975,0,0,0,false,false,false,0,0,4004,30,0,
1263,lookahead,15030,28,31,lock,3,100,false,5,2520,98,109,0,0.14285714285714285,0.25,0.07142857142857142,0.5357142857142857,9,1,normal,false,2,17,0,265,1350,1515,11900,false,true,true,12380,15,2650,13,3,2|2|4
1264,lookahead,5995,34,4,budget,0,80,true,5,765,105,169,0.029411764705882353,0.8823529411764706,0.08823529411764706,0,0,2,2,crash,false,5,19,100,5575,320,0,0,false,false,false,0,0,5995,34,0,
1265,lookahead,4340,30,0,budget,0,66,true,4,950,81,135,0.1,0.9,0,0,0,2,21,crash,false,5,12,30,4310,0,0,0,false,false,false,0,0,4340,30,0,
1266,lookahead,19580,58,28,budget,2,100,true,5,2400,169,273,0,0.603448275862069,0.15517241379310345,0.06896551724137931,0.1724137931034483,9,5,normal,false,10,27,30,5750,5070,1170,7560,false,true,false,3870,10,15710,48,2,2|5
1267,lookahead,6535,30,0,budget,0,66,true,7,1875,91,153,0.03333333333333333,0.9666666666666667,0,0,0,0,-1,crash,false,10,10,30,6505,0,0,0,false,false,false,0,0,6535,30,0,
1268,lookahead,7238,30,0,budget,0,60,true,11,3368,87,153,0.16666666666666666,0.8333333333333334,0,0,0,3,19,normal,false,3,13,323,6915,0,0,0,false,false,true,0,0,7238,30,0,
1269,lookahead,78735,192,162,budget,8,100,true,6,3080,625,874,0.020833333333333332,0.3697916666666667,0.296875,0.10416666666666667,0.20833333333333334,61,3,normal,false,6,117,240,8185,21580,13530,35200,false,true,true,33395,40,45340,152,7,3|5|3|4|2|4|3
1270,lookahead,15340,56,26,budget,2,100,true,5,2630,158,209,0,0.6785714285714286,0.10714285714285714,0.03571428571428571,0.17857142857142858,7,27,normal,false,5,32,90,3585,2190,855,8620,false,true,true,9135,10,6205,46,2,3|4
1271,lookahead,5663,30,0,budget,0,62,true,5,855,98,160,0.13333333333333333,0.8666666666666667,0,0,0,1,21,normal,false,4,16,173,5490,0,0,0,false,false,true,0,0,5663,30,0,
1272,lookahead,12213,41,11,budget,1,100,true,5,1740,138,192,0.07317073170731707,0.7317073170731707,0.07317073170731707,0,0.12195121951219512,3,19,normal,false,7,17,368,4255,1230,180,6180,false,false,false,4920,5,7293,36,1,2
1273,lookahead,30830,99,69,budget,1,100,false,8,4320,287,421,0,0.7070707070707071,0.2222222222222222,0.020202020202020204,0.050505050505050504,31,1,normal,false,11,48,0,5835,11730,10845,2420,false,true,true,5340,5,25490,94,1,6
1274,lookahead,6896,42,12,budget,0,83,true,5,735,113,178,0.09523809523809523,0.8095238095238095,0.09523809523809523,0,0,5,2,crash,false,6,16,466,4990,1440,0,0,false,false,false,0,0,6896,42,0,
1275,lookahead,9878,40,10,budget,0,92,true,5,1980,120,219,0.05,0.9,0.025,0.025,0,5,14,normal,false,8,19,543,4880,4320,135,0,true,false,true,0,0,9878,40,0,
1276,lookahead,4491,30,0,budget,0,66,true,5,705,90,131,0.13333333333333333,0.8666666666666667,0,0,0,1,11,normal,false,6,10,181,4310,0,0,0,false,false,true,0,0,4491,30,0,
1277,lookahead,4214,34,4,budget,0,83,true,4,480,88,128,0.08823529411764706,0.8529411764705882,0.058823529411764705,0,0,3,3,normal,false,6,12,189,3575,450,0,0,false,false,true,0,0,4214,34,0,
1278,lookahead,5128,36,6,budget,0,77,true,4,515,92,147,0.05555555555555555,0.8888888888888888,0.05555555555555555,0,0,3,9,crash,false,4,17,158,4270,700,0,0,false,false,false,0,0,5128,36,0,
1279,lookahead,6965,30,0,budget,0,68,true,6,1785,108,161,0.03333333333333333,0.9666666666666667,0,0,0,1,14,normal,false,7,11,45,6920,0,0,0,false,false,true,0,0,6965,30,0,
1280,lookahead,40967,98,68,budget,4,100,true,7,3850,366,536,0.05102040816326531,0.47959183673469385,0.22448979591836735,0.04081632653061224,0.20408163265306123,24,1,normal,false,6,56,1022,7630,13100,5775,13440,false,true,true,10350,20,30617,78,4,3|2|3|2
1281,lookahead,3220,34,4,budget,0,74,true,5,406,67,119,0.2647058823529412,0.6764705882352942,0.058823529411764705,0,0,4,2,crash,false,7,14,715,2325,180,0,0,false,false,false,0,0,3220,34,0,
1282,lookahead,5220,38,8,budget,0,83,false,5,795,102,132,0,0.9210526315789473,0.07894736842105263,0,0,4,1,normal,false,3,20,0,4530,690,0,0,false,false,false,0,0,5220,38,0,
1283,lookahead,3715,30,0,budget,0,59,true,4,390,82,121,0.1,0.9,0,0,0,2,12,crash,false,13,7,310,3405,0,0,0,false,false,false,0,0,3715,30,0,
1284,lookahead,10430,42,12,budget,0,91,true,6,1045,151,256,0.023809523809523808,0.8571428571428571,0.09523809523809523,0.023809523809523808,0,6,1,normal,false,7,23,165,8820,1310,135,0,true,false,true,0,0,10430,42,0,
1285,lookahead,4547,32,2,budget,0,73,true,5,675,95,146,0.28125,0.71875,0,0,0,6,8,normal,false,5,15,737,3540,270,0,0,false,false,true,0,0,4547,32,0,
1286,lookahead,31145,68,38,budget,2,100,true,6,3690,237,345,0,0.6029411764705882,0.19117647058823528,0.058823529411764705,0.14705882352941177,13,7,normal,false,4,37,30,6205,4780,7470,12660,false,true,false,10750,10,20395,58,2,3|4
1287,lookahead,4745,30,0,budget,0,63,true,3,540,89,156,0.03333333333333333,0.9666666666666667,0,0,0,0,-1,crash,false,4,13,75,4670,0,0,0,false,false,false,0,0,4745,30,0,
1288,lookahead,13735,48,18,budget,2,100,true,6,1500,178,256,0.020833333333333332,0.5833333333333334,0.16666666666666666,0.020833333333333332,0.20833333333333334,5,3,normal,false,9,21,305,7430,1350,90,4560,false,false,true,4290,10,9445,38,2,2|3
1289,lookahead,6475,30,0,budget,0,66,true,6,1090,111,172,0.06666666666666667,0.9333333333333333,0,0,0,2,13,normal,false,4,16,120,6355,0,0,0,false,false,true,0,0,6475,30,0,
1290,lookahead,24700,56,26,budget,2,100,true,6,4180,181,259,0.017857142857142856,0.625,0.14285714285714285,0.03571428571428571,0.17857142857142858,8,2,normal,false,11,23,15,4120,1870,4035,14660,false,true,false,14360,10,10340,46,2,2|3
1291,lookahead,49265,93,63,budget,5,100,true,7,4500,333,484,0.03225806451612903,0.3978494623655914,0.21505376344086022,0.08602150537634409,0.26881720430107525,21,1,crash,false,5,53,655,6345,6420,5385,30460,false,true,true,27370,25,21895,68,5,6|4|7|4|4
1292,lookahead,5688,32,2,budget,0,77,true,5,855,101,159,0.0625,0.875,0.0625,0,0,1,14,normal,false,3,16,278,5200,210,0,0,false,false,true,0,0,5688,32,0,
1293,lookahead,27660,75,45,budget,3,100,true,6,3840,248,352,0,0.5733333333333334,0.14666666666666667,0.08,0.2,14,21,normal,false,6,46,30,7405,2860,2565,14800,false,true,true,8410,15,19250,60,3,5|6|6
1294,lookahead,5058,32,2,budget,0,74,true,5,720,88,151,0.03125,0.9375,0.03125,0,0,2,22,normal,false,5,16,198,4770,90,0,0,false,false,true,0,0,5058,32,0,
1295,lookahead,17120,61,31,budget,1,100,true,6,4080,186,269,0.04918032786885246,0.7540983606557377,0.08196721311475409,0.03278688524590164,0.08196721311475409,15,1,normal,false,3,32,260,6465,2670,225,7500,false,true,false,6210,5,10910,56,1,2
1296,lookahead,29405,74,44,budget,2,100,true,6,3615,261,375,0,0.5675675675675675,0.1891891891891892,0.10810810810810811,0.13513513513513514,17,2,normal,false,4,45,60,7285,4270,8490,9300,false,true,true,7240,10,22165,64,2,3|3
1297,lookahead,6938,30,0,budget,0,63,true,5,765,114,182,0.1,0.9,0,0,0,2,26,normal,false,4,15,263,6675,0,0,0,false,false,false,0,0,6938,30,0,
1298,lookahead,29190,90,60,budget,2,100,true,7,4440,311,405,0.011111111111111112,0.5666666666666667,0.25555555555555554,0.05555555555555555,0.1111111111111111,23,2,normal,false,3,60,30,7910,6140,4530,10580,false,false,false,9340,10,19850,80,2,5|10
1299,lookahead,7480,32,2,budget,0,71,true,6,1170,124,176,0,1,0,0,0,1,17,normal,false,8,12,30,6820,630,0,0,false,false,true,0,0,7480,32,0,
1300,lookahead,6073,30,0,budget,0,62,true,5,855,111,162,0.03333333333333333,0.9666666666666667,0,0,0,1,13,normal,false,5,17,123,5950,0,0,0,false,false,true,0,0,6073,30,0,
1301,lookahead,18985,47,17,budget,1,100,true,6,7540,164,255,0,0.7446808510638298,0.1276595744680851,0.02127659574468085,0.10638297872340426,6,4,normal,false,5,25,90,6335,1640,1800,9120,false,true,true,8650,5,10335,42,1,5
1302,lookahead,10975,50,20,budget,0,93,true,5,2160,151,238,0.02,0.9,0.06,0.02,0,10,6,normal,false,5,25,155,6695,3720,405,0,true,false,false,0,0,10975,50,0,
1303,lookahead,13278,49,19,budget,1,100,true,5,1500,143,221,0.12244897959183673,0.5306122448979592,0.1836734693877551,0.061224489795918366,0.10204081632653061,10,12,normal,false,4,30,478,3860,4060,360,4520,false,false,true,3290,5,9988,44,1,6
1304,lookahead,31415,56,58,lock,6,100,false,7,5620,184,235,0,0.125,0.26785714285714285,0.07142857142857142,0.5357142857142857,17,2,frenzy,false,3,37,0,375,3540,6000,21500,false,false,false,25570,30,5845,26,6,2|4|2|3|4|5
1305,lookahead,78720,182,152,budget,8,100,true,6,5120,617,882,0,0.44505494505494503,0.27472527472527475,0.06043956043956044,0.21978021978021978,53,2,normal,false,6,116,80,12105,19560,10035,36940,false,true,true,34890,40,43830,142,7,2|3|2|4|2|8|2
1306,lookahead,13131,47,17,budget,1,100,true,5,2800,146,208,0.10638297872340426,0.574468085106383,0.2127659574468085,0,0.10638297872340426,6,6,crash,false,6,21,256,4675,1290,510,6400,false,false,false,6000,5,7131,42,1,3
1307,lookahead,46726,113,83,budget,5,100,true,7,3120,382,593,0.12389380530973451,0.336283185840708,0.24778761061946902,0.07079646017699115,0.22123893805309736,32,1,crash,false,5,64,1841,8890,5740,7935,22320,false,true,false,18350,25,28376,88,5,4|4|3|4|5
1308,lookahead,5509,32,2,budget,0,82,true,6,776,92,161,0.1875,0.78125,0.03125,0,0,5,10,normal,false,6,14,1279,3420,810,0,0,false,false,true,0,0,5509,32,0,
1309,lookahead,26693,58,28,budget,2,100,true,6,5740,182,296,0.10344827586206896,0.5862068965517241,0.08620689655172414,0.05172413793103448,0.1724137931034483,12,5,normal,false,6,30,243,5195,3110,2625,15520,false,true,true,9930,10,16763,48,2,2|2
1310,lookahead,4720,30,0,budget,0,62,true,4,600,88,157,0.06666666666666667,0.9333333333333333,0,0,0,1,14,crash,false,5,11,175,4545,0,0,0,false,false,false,0,0,4720,30,0,
1311,lookahead,3170,30,0,budget,0,68,true,3,345,65,107,0.03333333333333333,0.9666666666666667,0,0,0,1,28,normal,false,5,8,95,3075,0,0,0,false,false,false,0,0,3170,30,0,
1312,lookahead,32318,90,60,budget,2,100,true,8,2300,332,486,0.03333333333333333,0.5888888888888889,0.23333333333333334,0.03333333333333333,0.1111111111111111,23,1,normal,false,4,53,253,12780,5720,5925,7640,false,true,false,6280,10,26038,80,2,2|5
1313,lookahead,4670,30,0,budget,0,68,true,5,1140,70,141,0.4,0.6,0,0,0,4,3,normal,false,6,14,450,4220,0,0,0,false,false,true,0,0,4670,30,0,
1314,lookahead,42038,90,60,budget,2,100,true,10,9450,309,465,0.044444444444444446,0.5111111111111111,0.2111111111111111,0.12222222222222222,0.1111111111111111,26,2,normal,false,5,52,313,7235,6770,17040,10680,false,true,false,10150,10,31888,80,2,11|5
1315,lookahead,17490,56,26,budget,0,97,true,6,1335,197,359,0.03571428571428571,0.7857142857142857,0.125,0.05357142857142857,0,11,1,crash,false,2,33,680,11415,3190,2205,0,true,true,false,0,0,17490,56,0,
1316,lookahead,6274,30,0,budget,0,67,true,7,1185,97,155,0.06666666666666667,0.9333333333333333,0,0,0,1,10,crash,false,8,9,609,5665,0,0,0,false,false,false,0,0,6274,30,0,
1317,lookahead,24893,58,28,budget,2,100,true,5,4380,194,329,0.10344827586206896,0.5517241379310345,0.13793103448275862,0.034482758620689655,0.1724137931034483,11,2,normal,false,4,34,533,4945,2070,1125,16220,false,false,true,11755,10,13138,48,2,2|5
1318,lookahead,33120,99,74,lock,4,100,true,8,3560,334,432,0.020202020202020204,0.4444444444444444,0.25252525252525254,0.08080808080808081,0.20202020202020202,27,2,frenzy,false,5,57,120,6910,8100,4230,13760,false,true,false,13420,20,19700,79,3,2|7|4
1319,lookahead,5528,34,4,budget,0,73,true,5,795,96,141,0.08823529411764706,0.8823529411764706,0.029411764705882353,0,0,3,13,crash,false,4,14,143,5295,90,0,0,false,false,false,0,0,5528,34,0,
1320,lookahead,21081,62,32,budget,2,100,true,6,2970,208,317,0.12903225806451613,0.532258064516129,0.14516129032258066,0.03225806451612903,0.16129032258064516,15,1,normal,false,5,35,531,6105,3830,1035,9580,false,false,true,9580,10,11501,52,2,2|3
1321,lookahead,34360,101,71,budget,1,100,true,7,2280,364,541,0.009900990099009901,0.5544554455445545,0.3564356435643564,0.0297029702970297,0.04950495049504951,28,3,crash,false,7,63,75,13925,11490,5310,3560,false,true,false,2650,5,31710,96,0,
1322,lookahead,5071,32,10,lock,0,83,true,4,645,98,141,0.09375,0.75,0.15625,0,0,6,9,normal,false,3,20,351,3760,960,0,0,false,false,true,0,0,5071,32,0,
1323,lookahead,3034,30,0,budget,0,62,true,5,436,62,118,0.36666666666666664,0.6333333333333333,0,0,0,6,9,normal,false,6,14,904,2130,0,0,0,false,false,true,0,0,3034,30,0,
1324,lookahead,16833,58,28,budget,2,100,true,4,2120,175,260,0.08620689655172414,0.46551724137931033,0.25862068965517243,0.017241379310344827,0.1724137931034483,13,2,crash,false,5,33,268,4230,2090,1485,8760,false,true,true,7430,10,9403,48,2,10|3
1325,lookahead,16683,70,40,budget,0,94,true,6,1200,261,380,0.02857142857142857,0.8,0.14285714285714285,0.02857142857142857,0,19,24,crash,false,4,40,328,11210,4200,945,0,true,false,false,0,0,16683,70,0,
1326,lookahead,18635,53,23,budget,1,100,true,8,2340,217,303,0,0.8301886792452831,0.05660377358490566,0.018867924528301886,0.09433962264150944,8,7,normal,false,8,28,40,11005,3300,2310,1980,false,false,false,4020,5,14615,48,0,
1327,lookahead,15585,58,28,budget,2,100,true,3,1980,177,223,0.034482758620689655,0.5,0.1724137931034483,0.1206896551724138,0.1724137931034483,12,6,normal,false,5,36,75,3150,1970,4950,5440,false,true,true,3990,10,11595,48,2,7|6
1328,lookahead,3108,30,0,budget,0,53,true,4,480,77,137,0.5,0.5,0,0,0,5,6,normal,false,2,16,1263,1845,0,0,0,false,false,true,0,0,3108,30,0,
1329,lookahead,5336,30,0,budget,0,52,true,5,960,85,153,0.23333333333333334,0.7666666666666667,0,0,0,4,10,normal,false,3,15,591,4745,0,0,0,false,false,true,0,0,5336,30,0,
1330,lookahead,6645,38,8,budget,0,90,true,4,780,109,168,0,0.9210526315789473,0.07894736842105263,0,0,3,2,normal,false,5,14,80,5185,1110,270,0,true,false,true,0,0,6645,38,0,
1331,lookahead,7863,30,0,budget,0,62,true,6,1605,102,197,0.1,0.9,0,0,0,2,13,normal,false,5,14,338,7525,0,0,0,false,false,true,0,0,7863,30,0,
1332,lookahead,94340,167,137,budget,9,100,true,7,6780,642,906,0.005988023952095809,0.41916167664670656,0.23353293413173654,0.0718562874251497,0.2694610778443114,46,9,normal,false,6,114,135,11260,17020,9225,56700,false,true,false,42945,45,51395,122,9,2|5|3|3|3|2|4|2|5
1333,lookahead,33288,74,44,budget,4,100,true,5,2600,278,404,0.05405405405405406,0.5135135135135135,0.13513513513513514,0.02702702702702703,0.2702702702702703,14,2,normal,false,5,43,803,6385,5100,1980,19020,false,true,false,17945,20,15343,54,3,2|2|7
1334,lookahead,4415,30,0,budget,0,65,true,4,720,77,122,0.03333333333333333,0.9666666666666667,0,0,0,1,13,normal,false,7,9,135,4280,0,0,0,false,false,true,0,0,4415,30,0,
1335,lookahead,9135,42,12,budget,0,81,true,5,855,152,212,0,0.9047619047619048,0.09523809523809523,0,0,5,4,normal,false,3,25,90,8325,720,0,0,false,false,true,0,0,9135,42,0,
1336,lookahead,4830,30,0,budget,0,54,true,5,810,90,138,0,1,0,0,0,0,-1,normal,false,5,13,120,4710,0,0,0,false,false,true,0,0,4830,30,0,
1337,lookahead,27695,95,65,budget,3,100,true,8,2615,276,392,0.021052631578947368,0.6,0.15789473684210525,0.06315789473684211,0.15789473684210525,25,5,crash,false,11,54,15,9065,6090,3105,9420,false,true,false,7470,15,20225,80,3,2|4|4
1338,lookahead,14401,49,19,budget,1,100,true,5,2640,154,258,0.10204081632653061,0.6326530612244898,0.12244897959183673,0.04081632653061224,0.10204081632653061,9,1,normal,false,5,23,841,5270,910,3780,3600,false,true,true,3270,5,11131,44,1,5
1339,lookahead,15500,56,26,budget,0,98,true,7,1450,185,289,0.017857142857142856,0.6785714285714286,0.23214285714285715,0.07142857142857142,0,13,3,normal,false,6,27,75,7745,5340,2340,0,true,true,false,0,0,15500,56,0,
1340,lookahead,7094,30,0,budget,0,66,true,6,1350,124,185,0.23333333333333334,0.7666666666666667,0,0,0,3,8,normal,false,3,14,744,6350,0,0,0,false,false,false,0,0,7094,30,0,
1341,lookahead,14918,47,17,budget,1,100,true,6,1545,185,286,0.14893617021276595,0.6595744680851063,0.0851063829787234,0,0.10638297872340426,6,1,normal,false,6,27,1268,8370,990,450,3840,false,false,false,3960,5,10958,42,1,4
1342,lookahead,5621,38,8,budget,0,80,true,4,690,106,175,0.15789473684210525,0.8157894736842105,0.02631578947368421,0,0,7,2,normal,false,4,16,461,4170,990,0,0,false,false,false,0,0,5621,38,0,
1343,lookahead,14611,67,37,budget,1,100,true,5,1560,179,278,0.04477611940298507,0.582089552238806,0.22388059701492538,0.07462686567164178,0.07462686567164178,17,2,crash,false,9,34,446,5140,3310,1515,4200,false,true,false,3030,5,11581,62,1,2
1344,lookahead,7141,40,10,budget,0,91,true,5,795,120,199,0.15,0.775,0.05,0.025,0,7,2,normal,false,6,19,571,5925,510,135,0,true,false,false,0,0,7141,40,0,
1345,lookahead,8340,48,18,budget,0,97,false,4,825,127,177,0,0.75,0.1875,0.0625,0,9,10,normal,false,11,19,0,3815,3430,1095,0,true,true,false,0,0,8340,48,0,
1346,lookahead,13600,45,15,budget,1,100,true,5,3540,137,192,0.044444444444444446,0.6888888888888889,0.13333333333333333,0.022222222222222223,0.1111111111111111,6,2,normal,false,5,23,165,4240,2190,585,6420,false,false,false,6990,5,6610,40,1,3
1347,lookahead,4360,30,0,budget,0,64,true,4,650,91,122,0,1,0,0,0,0,-1,normal,false,8,8,120,4240,0,0,0,false,false,true,0,0,4360,30,0,
1348,lookahead,64585,182,152,budget,6,100,true,7,5040,554,789,0.01098901098901099,0.489010989010989,0.27472527472527475,0.06043956043956044,0.16483516483516483,57,1,normal,false,5,111,495,9830,17040,12480,24740,false,true,true,22750,30,41835,152,6,3|4|2|2|6|4
1349,lookahead,3870,24,0,lock,0,62,true,5,675,77,117,0.16666666666666666,0.8333333333333334,0,0,0,3,8,normal,false,5,11,385,3485,0,0,0,false,false,false,0,0,3870,24,0,
1350,lookahead,4828,30,0,budget,0,69,true,4,610,91,136,0.03333333333333333,0.9666666666666667,0,0,0,1,8,normal,false,8,10,128,4700,0,0,0,false,false,false,0,0,4828,30,0,
1351,lookahead,15470,57,27,budget,1,100,true,6,2155,201,268,0,0.7543859649122807,0.12280701754385964,0.03508771929824561,0.08771929824561403,10,3,normal,false,13,25,30,6810,4110,1440,3080,false,false,true,2990,5,12480,52,1,5
1352,lookahead,3723,30,0,budget,0,65,true,4,720,72,138,0.3,0.7,0,0,0,2,21,normal,false,6,15,538,3185,0,0,0,false,false,true,0,0,3723,30,0,
1353,lookahead,5463,30,0,budget,0,51,true,4,500,105,164,0.1,0.9,0,0,0,2,26,crash,false,4,18,323,5140,0,0,0,false,false,true,0,0,5463,30,0,
1354,lookahead,7240,40,10,budget,0,84,true,6,845,114,184,0.025,0.85,0.125,0,0,3,16,normal,false,5,18,30,6040,1170,0,0,false,false,false,0,0,7240,40,0,
1355,lookahead,7401,40,10,budget,0,85,true,5,830,123,217,0.075,0.875,0.05,0,0,5,2,crash,false,4,22,461,5800,1140,0,0,false,false,false,0,0,7401,40,0,
1356,lookahead,10312,39,9,budget,1,100,true,4,2100,107,195,0.23076923076923078,0.5641025641025641,0.05128205128205128,0.02564102564102564,0.1282051282051282,5,2,normal,false,5,19,707,3645,390,90,5480,false,false,false,3830,5,6482,34,1,3
1357,lookahead,3557,30,0,budget,0,66,true,5,601,65,116,0.16666666666666666,0.8333333333333334,0,0,0,2,20,normal,false,6,10,512,3045,0,0,0,false,false,true,0,0,3557,30,0,
1358,lookahead,19525,56,26,budget,2,100,true,5,2120,183,297,0.017857142857142856,0.6071428571428571,0.16071428571428573,0.03571428571428571,0.17857142857142858,7,2,crash,false,8,22,30,6830,1200,5625,5840,false,true,false,6880,10,12645,46,2,2|7
1359,lookahead,19980,59,29,budget,3,100,true,5,1560,217,287,0.06779661016949153,0.5254237288135594,0.13559322033898305,0.01694915254237288,0.2542372881355932,11,2,normal,false,3,32,660,5100,4070,630,9520,false,true,false,9420,15,10560,44,3,2|3|2
1360,lookahead,16539,60,30,budget,2,100,true,7,1560,194,258,0.11666666666666667,0.4666666666666667,0.16666666666666666,0.08333333333333333,0.16666666666666666,11,3,normal,false,6,30,839,4505,2490,1845,6860,false,true,true,6585,10,9954,50,2,6|6
1361,lookahead,6000,34,4,budget,0,74,false,5,1015,117,158,0,0.9705882352941176,0.029411764705882353,0,0,2,18,normal,false,6,12,0,5910,90,0,0,false,false,false,0,0,6000,34,0,
1362,lookahead,43988,106,76,budget,6,100,true,7,3105,340,508,0.02830188679245283,0.36792452830188677,0.2830188679245283,0.03773584905660377,0.2830188679245283,26,1,normal,false,4,60,433,6180,10840,7515,19020,false,true,true,15330,30,28658,76,6,4|2|3|4|6|3
1363,lookahead,5291,30,0,budget,0,61,true,4,665,94,164,0.23333333333333334,0.7666666666666667,0,0,0,4,9,normal,false,5,16,526,4765,0,0,0,false,false,false,0,0,5291,30,0,
1364,lookahead,6685,32,2,budget,0,79,true,10,2870,95,145,0.0625,0.90625,0.03125,0,0,2,15,normal,false,6,10,90,6505,90,0,0,false,false,false,0,0,6685,32,0,
1365,lookahead,4227,30,0,budget,0,64,true,4,535,86,154,0.16666666666666666,0.8333333333333334,0,0,0,3,13,normal,false,3,17,557,3670,0,0,0,false,false,false,0,0,4227,30,0,
1366,lookahead,5638,30,0,budget,0,59,true,5,1085,99,154,0.1,0.9,0,0,0,1,20,normal,false,5,15,253,5385,0,0,0,false,false,true,0,0,5638,30,0,
1367,lookahead,8755,48,18,budget,0,96,true,6,1065,132,202,0,0.75,0.22916666666666666,0.020833333333333332,0,9,1,normal,false,3,25,30,6510,1720,495,0,true,true,true,0,0,8755,48,0,
1368,lookahead,4508,30,0,budget,0,52,true,3,415,98,151,0.1,0.9,0,0,0,2,11,normal,false,4,11,298,4210,0,0,0,false,false,false,0,0,4508,30,0,
1369,lookahead,34209,86,56,budget,4,100,true,6,2660,314,440,0.046511627906976744,0.4883720930232558,0.20930232558139536,0.023255813953488372,0.23255813953488372,18,8,crash,false,10,46,249,7715,8340,3285,14620,false,true,false,14420,20,19789,66,4,4|2|5|3
1370,lookahead,22105,68,38,budget,0,98,false,7,3460,242,367,0,0.6911764705882353,0.20588235294117646,0.10294117647058823,0,15,5,normal,false,6,39,0,8555,10580,2970,0,true,true,true,0,0,22105,68,0,
1371,lookahead,8650,48,18,budget,0,88,true,5,850,145,218,0.041666666666666664,0.8541666666666666,0.08333333333333333,0.020833333333333332,0,9,2,normal,false,5,20,120,6655,930,945,0,false,false,false,0,0,8650,48,0,
1372,lookahead,5518,36,6,budget,0,82,true,5,720,101,164,0.25,0.6944444444444444,0.05555555555555555,0,0,4,2,crash,false,7,14,638,4550,330,0,0,false,false,false,0,0,5518,36,0,
1373,lookahead,48392,139,109,budget,7,100,true,6,3500,445,621,0.04316546762589928,0.38848920863309355,0.23741007194244604,0.07913669064748201,0.2517985611510791,38,1,normal,false,10,79,367,10355,9550,6960,21160,false,true,true,21625,35,26767,104,7,2|7|2|2|3|3|4
1374,lookahead,8693,38,8,budget,0,80,true,7,2250,119,202,0.05263157894736842,0.9210526315789473,0.02631578947368421,0,0,5,2,crash,false,6,15,238,7555,900,0,0,false,false,false,0,0,8693,38,0,
1375,lookahead,14210,47,17,budget,1,100,true,4,3440,182,244,0.02127659574468085,0.8297872340425532,0.0425531914893617,0,0.10638297872340426,6,2,normal,false,5,21,20,7250,1370,270,5300,false,false,false,4330,5,9880,42,0,
1376,lookahead,52010,148,118,budget,4,100,true,5,3580,472,680,0.02027027027027027,0.5135135135135135,0.25675675675675674,0.07432432432432433,0.13513513513513514,46,1,normal,false,16,89,560,10140,11920,12450,16940,false,true,true,16200,20,35810,128,4,3|3|6|8
1377,lookahead,21125,58,28,budget,2,100,true,6,3280,196,270,0.034482758620689655,0.5517241379310345,0.20689655172413793,0.034482758620689655,0.1724137931034483,12,3,normal,false,6,26,30,5380,6000,2835,6880,false,true,true,7410,10,13715,48,2,4|4
1378,lookahead,6251,30,0,budget,0,66,true,7,1835,105,152,0.1,0.9,0,0,0,1,12,normal,false,7,13,221,6030,0,0,0,false,false,true,0,0,6251,30,0,
1379,lookahead,29923,91,61,budget,3,100,true,5,2660,280,424,0.054945054945054944,0.5164835164835165,0.1978021978021978,0.06593406593406594,0.16483516483516483,24,2,crash,false,4,51,278,7790,6720,5655,9480,false,true,false,9400,15,20523,76,2,3|2
1380,lookahead,86360,218,188,budget,10,100,false,6,3630,724,1013,0,0.3394495412844037,0.3394495412844037,0.09174311926605505,0.22935779816513763,62,1,normal,false,6,130,0,12890,20780,12930,39760,false,true,false,36510,50,49850,168,10,5|2|5|10|5|2|4|2|4|4
1381,lookahead,16086,45,15,budget,1,100,true,5,3285,148,266,0.044444444444444446,0.7333333333333333,0.1111111111111111,0,0.1111111111111111,6,11,normal,false,5,25,426,5595,4950,2955,2160,false,true,false,4325,5,11761,40,0,
1382,lookahead,3717,30,0,budget,0,62,true,4,570,75,120,0.16666666666666666,0.8333333333333334,0,0,0,1,18,normal,false,7,13,387,3330,0,0,0,false,false,false,0,0,3717,30,0,
1383,lookahead,17195,50,20,budget,2,100,true,7,1980,188,258,0,0.66,0.12,0.02,0.2,5,28,normal,false,6,23,30,8935,1520,1350,5360,false,true,true,4130,10,13065,40,2,2|5
1384,lookahead,22030,70,40,budget,2,100,false,5,1530,255,368,0,0.6142857142857143,0.21428571428571427,0.02857142857142857,0.14285714285714285,14,2,normal,false,9,38,0,7965,5950,1755,6360,false,true,false,6300,10,15730,60,0,
1385,lookahead,30005,98,70,lock,2,100,false,5,2340,340,445,0,0.5714285714285714,0.2857142857142857,0.04081632653061224,0.10204081632653061,24,1,normal,false,6,54,0,8405,7680,4860,9060,false,true,false,9480,10,20525,88,2,2|2
1386,lookahead,9735,57,27,budget,1,100,true,4,1875,153,183,0,0.7368421052631579,0.14035087719298245,0.03508771929824561,0.08771929824561403,10,1,normal,false,12,17,60,4285,1380,2070,1940,false,true,false,3015,5,6720,52,1,2
1387,lookahead,4441,30,0,budget,0,52,true,4,915,63,139,0.16666666666666666,0.8333333333333334,0,0,0,3,12,normal,false,4,15,196,4245,0,0,0,false,false,true,0,0,4441,30,0,
1388,lookahead,7025,32,2,budget,0,71,true,5,940,124,201,0.1875,0.8125,0,0,0,3,13,normal,false,5,16,825,6200,0,0,0,false,false,true,0,0,7025,32,0,
1389,lookahead,5845,30,0,budget,0,67,true,6,1230,100,148,0.03333333333333333,0.9666666666666667,0,0,0,1,27,normal,false,3,16,115,5730,0,0,0,false,false,true,0,0,5845,30,0,
1390,lookahead,10050,47,37,lock,1,100,false,4,1900,113,163,0,0.5319148936170213,0.3404255319148936,0.02127659574468085,0.10638297872340426,16,10,normal,false,9,20,0,2080,3780,930,3260,false,true,false,1480,5,8570,42,1,3
1391,lookahead,6490,32,2,budget,0,75,true,7,1665,104,148,0,1,0,0,0,1,23,normal,false,9,11,60,6250,180,0,0,false,false,false,0,0,6490,32,0,
1392,lookahead,6618,38,8,budget,0,85,true,5,660,110,184,0.15789473684210525,0.7631578947368421,0.07894736842105263,0,0,5,4,crash,false,5,18,223,6005,390,0,0,false,false,false,0,0,6618,38,0,
1393,lookahead,5675,30,0,budget,0,67,true,5,960,90,139,0,1,0,0,0,0,-1,normal,false,7,9,60,5615,0,0,0,false,false,false,0,0,5675,30,0,
1394,lookahead,4902,32,2,budget,0,73,true,5,825,84,172,0.28125,0.6875,0.03125,0,0,4,2,crash,false,3,16,987,3825,90,0,0,false,false,false,0,0,4902,32,0,
1395,lookahead,5906,42,12,budget,0,90,true,4,780,97,157,0.09523809523809523,0.7619047619047619,0.11904761904761904,0.023809523809523808,0,7,15,crash,false,5,15,61,3640,2070,135,0,true,false,false,0,0,5906,42,0,
1396,lookahead,14178,55,25,budget,1,100,true,4,2340,152,247,0.07272727272727272,0.6,0.2,0.03636363636363636,0.09090909090909091,12,1,normal,false,3,29,653,3765,4150,450,5160,false,false,false,3700,5,10478,50,1,6
1397,lookahead,24800,52,22,budget,2,100,false,9,4185,218,318,0,0.6730769230769231,0.1346153846153846,0,0.19230769230769232,5,2,normal,false,6,24,0,11740,1830,5550,5680,false,false,false,6550,10,18250,42,2,3|4
1398,lookahead,7263,42,12,budget,0,81,true,5,660,135,182,0.07142857142857142,0.8571428571428571,0.07142857142857142,0,0,8,2,normal,false,11,18,273,5370,1620,0,0,false,false,false,0,0,7263,42,0,
1399,lookahead,7653,40,10,budget,0,80,true,5,715,126,189,0.05,0.9,0.05,0,0,6,1,normal,false,7,16,158,5965,1530,0,0,false,false,false,0,0,7653,40,0,
1400,lookahead,4442,30,0,budget,0,53,true,7,1110,66,138,0.3333333333333333,0.6666666666666666,0,0,0,3,6,normal,false,6,14,602,3840,0,0,0,false,false,true,0,0,4442,30,0,
1401,lookahead,6568,36,6,budget,0,90,true,5,845,116,183,0.05555555555555555,0.8888888888888888,0.027777777777777776,0.027777777777777776,0,5,3,normal,false,4,21,363,5485,540,180,0,true,false,true,0,0,6568,36,0,
1402,lookahead,4651,32,2,budget,0,73,true,7,1148,79,129,0.125,0.875,0,0,0,2,20,crash,false,6,13,436,4035,180,0,0,false,false,false,0,0,4651,32,0,
1403,lookahead,3384,30,0,budget,0,52,true,4,645,73,133,0.4666666666666667,0.5333333333333333,0,0,0,4,17,crash,false,5,14,549,2835,0,0,0,false,false,false,0,0,3384,30,0,
1404,lookahead,2590,32,2,budget,0,73,true,4,435,61,111,0.28125,0.6875,0.03125,0,0,4,2,normal,false,4,13,745,1755,90,0,0,false,false,false,0,0,2590,32,0,
1405,lookahead,38400,97,67,budget,5,100,true,7,2740,323,443,0,0.4845360824742268,0.18556701030927836,0.07216494845360824,0.25773195876288657,21,4,normal,false,8,51,70,6360,5550,8400,18020,false,true,false,19395,25,19005,72,4,3|6|3|7
1406,lookahead,15638,49,19,budget,1,100,true,8,2200,168,261,0.061224489795918366,0.7551020408163265,0.08163265306122448,0,0.10204081632653061,7,6,crash,false,4,25,158,9310,780,450,4940,false,false,false,4640,5,10998,44,1,2
1407,lookahead,48145,122,92,budget,4,100,true,5,3260,386,648,0.05737704918032787,0.5,0.21311475409836064,0.06557377049180328,0.16393442622950818,36,5,normal,false,6,76,900,7805,13560,10680,15200,false,true,true,12215,20,35930,102,3,4|4|4
1408,lookahead,8630,38,8,budget,0,86,true,6,1400,147,206,0,0.9210526315789473,0.07894736842105263,0,0,4,2,normal,false,4,18,60,7610,960,0,0,false,false,false,0,0,8630,38,0,
1409,lookahead,8556,30,0,budget,0,60,true,7,855,128,218,0.1,0.9,0,0,0,2,12,normal,false,3,18,951,7605,0,0,0,false,false,true,0,0,8556,30,0,
1410,lookahead,13035,54,40,lock,0,99,false,5,1330,172,233,0,0.6666666666666666,0.2777777777777778,0.05555555555555555,0,18,2,normal,false,4,32,0,4755,6930,1350,0,true,true,true,0,0,13035,54,0,
1411,lookahead,4519,32,2,budget,0,75,true,4,630,87,151,0.21875,0.78125,0,0,0,3,18,normal,false,5,16,769,3210,540,0,0,false,false,true,0,0,4519,32,0,
1412,lookahead,30114,95,65,budget,3,100,true,8,3120,306,447,0.05263157894736842,0.5368421052631579,0.21052631578947367,0.042105263157894736,0.15789473684210525,22,5,normal,false,7,52,1414,8600,3760,2700,13640,false,true,false,9710,15,20404,80,2,4|2
1413,lookahead,103663,216,186,budget,12,100,true,9,10180,683,944,0.023148148148148147,0.3425925925925926,0.27314814814814814,0.08333333333333333,0.2777777777777778,66,12,normal,false,15,134,93,8035,13600,17895,64040,false,true,false,63180,60,40483,156,10,2|2|2|2|6|2|9|4|6|4
1414,lookahead,25613,82,52,budget,2,100,true,6,2070,280,390,0.024390243902439025,0.6219512195121951,0.18292682926829268,0.04878048780487805,0.12195121951219512,19,3,normal,false,6,42,413,8220,7200,2160,7620,false,true,false,6480,10,19133,72,2,3|3
1415,lookahead,24925,66,36,budget,2,100,true,5,5100,212,291,0.015151515151515152,0.5757575757575758,0.13636363636363635,0.12121212121212122,0.15151515151515152,13,1,normal,false,4,35,320,5165,2190,3150,14100,false,true,false,13785,10,11140,56,2,5|3
1416,lookahead,4233,22,0,lock,0,56,true,5,785,74,118,0.18181818181818182,0.8181818181818182,0,0,0,1,19,crash,false,4,10,223,4010,0,0,0,false,false,false,0,0,4233,22,0,
1417,lookahead,8008,39,9,budget,1,100,true,5,1200,115,176,0.05128205128205128,0.7435897435897436,0.05128205128205128,0.02564102564102564,0.1282051282051282,4,4,normal,false,4,19,223,4355,1320,90,2020,false,false,false,1870,5,6138,34,1,3
1418,lookahead,6385,36,6,budget,0,80,true,4,660,100,170,0.027777777777777776,0.9166666666666666,0.05555555555555555,0,0,4,10,normal,false,4,15,95,4940,1350,0,0,false,false,true,0,0,6385,36,0,
1419,lookahead,8125,36,6,budget,0,80,true,5,2230,109,225,0.3055555555555556,0.6666666666666666,0.027777777777777776,0,0,7,3,normal,false,4,20,655,4820,2650,0,0,false,false,true,0,0,8125,36,0,
1420,lookahead,26746,69,39,budget,3,100,true,5,2720,244,317,0.057971014492753624,0.6231884057971014,0.10144927536231885,0,0.21739130434782608,12,11,normal,false,7,35,106,5985,4500,1695,14460,false,false,false,13680,15,13066,54,2,3|4
1421,lookahead,6900,36,6,budget,0,85,true,5,855,124,204,0.16666666666666666,0.7777777777777778,0.05555555555555555,0,0,3,2,crash,false,4,17,1115,5575,210,0,0,false,false,true,0,0,6900,36,0,
1422,lookahead,11595,41,11,budget,1,100,true,6,1620,157,226,0.024390243902439025,0.7560975609756098,0.0975609756097561,0,0.12195121951219512,4,6,normal,false,4,19,45,7370,860,180,3140,false,false,false,3260,5,8335,36,1,3
1423,lookahead,2203,23,0,lock,0,54,true,4,485,44,69,0.17391304347826086,0.8260869565217391,0,0,0,3,14,normal,false,4,7,68,2135,0,0,0,false,false,false,0,0,2203,23,0,
1424,lookahead,3911,30,0,budget,0,56,true,4,363,88,128,0.06666666666666667,0.9333333333333333,0,0,0,2,5,normal,false,7,11,521,3390,0,0,0,false,false,false,0,0,3911,30,0,
1425,lookahead,4730,9,11,lock,1,100,false,4,2100,34,38,0,0,0.4444444444444444,0,0.5555555555555556,3,1,keto,false,5,4,0,260,1050,360,3060,false,false,false,3990,5,740,4,1,3
1426,lookahead,21156,79,49,budget,1,100,true,6,2410,247,369,0.05063291139240506,0.6075949367088608,0.24050632911392406,0.0379746835443038,0.06329113924050633,23,2,normal,false,6,41,271,8735,8010,1980,2160,false,false,true,1650,5,19506,74,1,3
1427,lookahead,34060,77,47,budget,3,100,true,7,4830,271,405,0.19480519480519481,0.33766233766233766,0.19480519480519481,0.07792207792207792,0.19480519480519481,17,2,crash,false,7,39,1070,6705,5110,5835,15340,false,true,true,17300,15,16760,62,3,4|6|5
1428,lookahead,22076,70,40,budget,2,100,true,5,2560,218,327,0.07142857142857142,0.4857142857142857,0.2571428571428571,0.04285714285714286,0.14285714285714285,15,5,crash,false,10,37,316,5530,4820,2790,8620,false,true,false,8340,10,13736,60,2,4|4
1429,lookahead,4179,30,0,budget,0,64,true,6,611,88,158,0.36666666666666664,0.6333333333333333,0,0,0,2,19,crash,false,4,13,1359,2820,0,0,0,false,false,false,0,0,4179,30,0,
1430,lookahead,6278,30,0,budget,0,63,true,6,875,95,162,0.03333333333333333,0.9666666666666667,0,0,0,1,29,normal,false,4,14,443,5835,0,0,0,false,false,false,0,0,6278,30,0,
1431,lookahead,20573,45,15,budget,1,100,true,6,5240,151,231,0.08888888888888889,0.6666666666666666,0.1111111111111111,0.022222222222222223,0.1111111111111111,7,17,normal,false,4,24,103,5720,1470,900,12380,false,false,true,12290,5,8283,40,1,2
1432,lookahead,55521,114,84,budget,6,100,true,5,3900,384,585,0.06140350877192982,0.37719298245614036,0.21929824561403508,0.07894736842105263,0.2631578947368421,28,2,normal,false,8,70,356,7965,5010,6090,36100,false,true,true,30010,30,25511,84,6,4|4|6|6|5|4
1433,lookahead,4214,32,2,budget,0,78,true,4,425,83,143,0.15625,0.8125,0.03125,0,0,3,4,normal,false,5,13,554,3340,320,0,0,false,false,true,0,0,4214,32,0,
1434,lookahead,6025,36,6,budget,0,80,true,5,1620,92,153,0,0.9444444444444444,0.05555555555555555,0,0,3,1,normal,false,4,20,30,4285,1710,0,0,false,false,true,0,0,6025,36,0,
1435,lookahead,21050,61,31,budget,3,100,true,5,2830,194,255,0.04918032786885246,0.4426229508196721,0.2459016393442623,0.01639344262295082,0.2459016393442623,11,1,normal,false,7,29,240,3800,3280,990,12740,false,false,false,12120,15,8930,46,3,5|4|2
1436,lookahead,8149,40,10,budget,0,99,true,4,1695,105,199,0.15,0.7,0.075,0.075,0,6,5,normal,false,5,22,319,4875,2280,675,0,true,true,true,0,0,8149,40,0,
1437,lookahead,41820,102,72,budget,4,100,false,7,3660,339,538,0,0.6078431372549019,0.16666666666666666,0.029411764705882353,0.19607843137254902,23,1,normal,false,5,58,0,9015,13680,2205,16920,false,false,true,14960,20,26860,82,3,2|2|3
1438,lookahead,9820,51,21,budget,1,100,true,5,1400,143,200,0.0196078431372549,0.6862745098039216,0.13725490196078433,0.058823529411764705,0.09803921568627451,8,2,normal,false,8,22,15,4735,1270,360,3440,false,false,false,3410,5,6410,46,1,2
1439,lookahead,16020,33,29,lock,3,100,false,4,1440,110,137,0,0.15151515151515152,0.2727272727272727,0.12121212121212122,0.45454545454545453,10,4,normal,false,3,21,0,555,1960,1185,12320,false,true,true,10940,15,5080,18,3,3|8|4
1440,lookahead,5366,30,0,budget,0,67,true,5,980,89,160,0.13333333333333333,0.8666666666666667,0,0,0,1,27,crash,false,7,12,151,5215,0,0,0,false,false,false,0,0,5366,30,0,
1441,lookahead,8950,30,0,budget,0,66,true,7,1320,117,203,0.06666666666666667,0.9333333333333333,0,0,0,2,7,normal,false,4,14,110,8840,0,0,0,false,false,true,0,0,8950,30,0,
1442,lookahead,113457,251,238,lock,14,100,true,6,3440,889,1204,0.01593625498007968,0.33067729083665337,0.30278884462151395,0.07171314741035857,0.2788844621513944,80,4,normal,false,7,155,537,11015,28140,21945,51820,false,true,false,50310,70,63147,181,13,5|2|3|2|5|3|2|3|3|4|4|3|4
1443,lookahead,6341,40,10,budget,0,85,true,5,645,127,198,0.175,0.675,0.15,0,0,7,13,normal,false,6,20,1251,3950,1140,0,0,false,false,true,0,0,6341,40,0,
1444,lookahead,25785,67,37,budget,3,100,true,9,4575,251,359,0.014925373134328358,0.6119402985074627,0.11940298507462686,0.029850746268656716,0.22388059701492538,10,4,crash,false,5,32,120,10275,3700,5070,6620,false,true,true,6410,15,19375,52,3,5|3|3
1445,lookahead,3182,30,0,budget,0,65,true,4,585,69,124,0.26666666666666666,0.7333333333333333,0,0,0,3,15,crash,false,3,14,437,2745,0,0,0,false,false,false,0,0,3182,30,0,
1446,lookahead,7473,36,6,budget,0,80,true,10,3150,116,178,0.2222222222222222,0.7222222222222222,0.05555555555555555,0,0,7,3,normal,false,4,17,1068,5865,540,0,0,false,false,false,0,0,7473,36,0,
1447,lookahead,5521,30,0,budget,0,68,true,7,1990,94,139,0.13333333333333333,0.8666666666666667,0,0,0,1,6,normal,false,5,11,136,5385,0,0,0,false,false,true,0,0,5521,30,0,
1448,lookahead,4215,30,0,budget,0,58,true,6,1000,79,146,0.26666666666666666,0.7333333333333333,0,0,0,4,4,normal,false,6,12,905,3310,0,0,0,false,false,false,0,0,4215,30,0,
1449,lookahead,5701,42,12,budget,0,90,true,4,570,96,161,0.09523809523809523,0.7857142857142857,0.09523809523809523,0.023809523809523808,0,10,2,normal,false,6,18,331,3410,1780,180,0,true,false,false,0,0,5701,42,0,
1450,lookahead,4295,34,4,budget,0,76,true,4,495,87,129,0.058823529411764705,0.8823529411764706,0.058823529411764705,0,0,4,4,normal,false,7,15,30,4085,180,0,0,false,false,true,0,0,4295,34,0,
1451,lookahead,6691,38,8,budget,0,82,true,4,585,120,209,0.13157894736842105,0.8157894736842105,0.05263157894736842,0,0,5,3,normal,false,4,21,731,4910,1050,0,0,false,false,false,0,0,6691,38,0,
1452,lookahead,6265,30,0,budget,0,64,false,5,645,102,160,0,1,0,0,0,0,-1,normal,false,4,14,0,6265,0,0,0,false,false,false,0,0,6265,30,0,
1453,lookahead,5999,30,0,budget,0,68,true,5,630,105,158,0.16666666666666666,0.8333333333333334,0,0,0,2,6,crash,false,3,18,424,5575,0,0,0,false,false,false,0,0,5999,30,0,
1454,lookahead,4363,30,0,budget,0,62,true,7,1605,71,109,0.13333333333333333,0.8666666666666667,0,0,0,3,16,normal,false,7,12,233,4130,0,0,0,false,false,false,0,0,4363,30,0,
1455,lookahead,29560,86,56,budget,4,100,false,6,4420,293,397,0,0.5465116279069767,0.1744186046511628,0.046511627906976744,0.23255813953488372,18,9,normal,false,5,52,0,6730,7270,2280,13280,false,true,false,13840,20,15720,66,3,4|5|6
1456,lookahead,31953,80,50,budget,2,100,true,5,4360,262,440,0.0625,0.6,0.175,0.0375,0.125,19,5,crash,false,8,45,288,7115,5040,4290,15220,false,true,false,14010,10,17943,70,2,4|2
1457,lookahead,9478,52,22,budget,0,88,true,4,855,149,221,0.019230769230769232,0.8269230769230769,0.15384615384615385,0,0,11,5,crash,false,9,23,178,5725,2540,1035,0,false,false,true,0,0,9478,52,0,
1458,lookahead,12285,45,15,budget,1,100,true,5,1360,165,268,0.17777777777777778,0.5333333333333333,0.13333333333333333,0.044444444444444446,0.1111111111111111,8,7,normal,false,3,28,975,6765,2340,405,1800,false,true,true,1410,5,10875,40,1,6
1459,lookahead,27336,64,34,budget,2,100,true,10,8560,188,320,0.203125,0.515625,0.109375,0.015625,0.15625,17,2,normal,false,4,36,641,5885,3680,1350,15780,false,false,false,15070,10,12266,54,2,3|2
1460,lookahead,7849,34,4,budget,0,93,true,7,1470,104,169,0.11764705882352941,0.7941176470588235,0.058823529411764705,0.029411764705882353,0,5,6,normal,false,5,14,194,6840,680,135,0,true,false,true,0,0,7849,34,0,
1461,lookahead,72360,147,117,budget,9,100,true,7,4860,537,760,0,0.3741496598639456,0.23129251700680273,0.08843537414965986,0.30612244897959184,38,1,normal,false,4,96,60,10530,11270,7200,43300,false,true,false,36690,45,35670,102,9,2|4|8|3|4|5|3|2|4
1462,lookahead,74270,164,134,budget,8,100,true,6,5400,595,828,0,0.4146341463414634,0.2682926829268293,0.07317073170731707,0.24390243902439024,36,2,normal,false,5,98,30,11990,13800,10350,38100,false,true,false,38810,40,35460,124,7,4|18|2|2|3|2|3
1463,lookahead,6440,30,0,budget,0,62,true,6,960,106,161,0,1,0,0,0,0,-1,normal,false,4,13,30,6410,0,0,0,false,false,false,0,0,6440,30,0,
1464,lookahead,5601,36,6,budget,0,80,true,4,685,106,162,0.027777777777777776,0.9444444444444444,0.027777777777777776,0,0,4,5,normal,false,7,13,226,5105,270,0,0,false,false,false,0,0,5601,36,0,
1465,lookahead,10995,49,19,budget,1,100,true,6,1670,145,212,0.02040816326530612,0.6938775510204082,0.12244897959183673,0.061224489795918366,0.10204081632653061,7,10,normal,false,7,24,60,5625,2650,360,2300,false,true,false,1890,5,9105,44,1,3
1466,lookahead,8875,40,10,budget,0,92,true,5,810,126,205,0.025,0.825,0.125,0.025,0,4,19,normal,false,3,22,55,6640,2000,180,0,true,false,true,0,0,8875,40,0,
1467,lookahead,28481,83,53,budget,1,100,true,6,4560,248,400,0.03614457831325301,0.5542168674698795,0.2891566265060241,0.060240963855421686,0.060240963855421686,23,2,normal,false,4,51,511,6600,9110,4500,7760,false,false,false,10310,5,18171,78,1,3
1468,lookahead,5655,36,6,budget,0,90,true,5,850,98,164,0.027777777777777776,0.8888888888888888,0.027777777777777776,0.05555555555555555,0,3,2,normal,false,6,15,360,4480,500,315,0,true,false,false,0,0,5655,36,0,
1469,lookahead,4303,30,0,budget,0,69,true,4,415,92,146,0.13333333333333333,0.8666666666666667,0,0,0,3,7,normal,false,7,12,513,3790,0,0,0,false,false,true,0,0,4303,30,0,
1470,lookahead,15241,49,19,budget,1,100,true,6,2360,168,232,0.10204081632653061,0.6122448979591837,0.12244897959183673,0.061224489795918366,0.10204081632653061,8,7,normal,false,5,22,646,4530,770,2835,6460,false,true,false,7015,5,8226,44,1,8
1471,lookahead,3895,30,0,budget,0,50,true,3,450,78,136,0.16666666666666666,0.8333333333333334,0,0,0,3,6,normal,false,2,18,245,3650,0,0,0,false,false,false,0,0,3895,30,0,
1472,lookahead,26420,54,24,budget,2,100,true,7,4840,211,317,0.05555555555555555,0.5740740740740741,0.1111111111111111,0.07407407407407407,0.18518518518518517,9,13,crash,false,4,34,120,6680,6700,1980,10940,false,true,false,12870,10,13550,44,1,6
1473,lookahead,17097,64,34,budget,2,100,true,5,3140,196,306,0.09375,0.609375,0.109375,0.03125,0.15625,15,3,normal,false,8,33,697,5895,2230,975,7300,false,false,false,6640,10,10457,54,2,3|2
1474,lookahead,7055,38,8,budget,0,83,true,6,1225,112,163,0,0.9736842105263158,0.02631578947368421,0,0,4,8,normal,false,6,20,30,5815,1210,0,0,false,false,false,0,0,7055,38,0,
1475,lookahead,2782,30,0,budget,0,63,true,3,285,57,106,0.16666666666666666,0.8333333333333334,0,0,0,1,16,normal,false,6,13,227,2555,0,0,0,false,false,false,0,0,2782,30,0,
1476,lookahead,14075,49,46,lock,2,100,false,4,1260,142,201,0,0.3877551020408163,0.30612244897959184,0.10204081632653061,0.20408163265306123,18,2,normal,false,5,27,0,2260,4640,3915,3260,false,true,true,3000,10,11075,39,1,7
1477,lookahead,11043,42,12,budget,0,79,true,8,1785,164,250,0.023809523809523808,0.9523809523809523,0.023809523809523808,0,0,6,15,normal,false,5,20,143,9550,1350,0,0,false,false,true,0,0,11043,42,0,
1478,lookahead,20351,68,45,lock,1,100,true,6,3100,246,336,0.04411764705882353,0.4852941176470588,0.3235294117647059,0.07352941176470588,0.07352941176470588,16,8,normal,false,4,40,176,7010,5920,2205,5040,false,true,true,5380,5,14971,63,0,
1479,lookahead,6838,36,6,budget,0,81,true,8,2345,103,174,0.1388888888888889,0.8055555555555556,0.05555555555555555,0,0,6,4,normal,false,5,14,293,5645,900,0,0,false,false,false,0,0,6838,36,0,
1480,lookahead,4778,30,0,budget,0,54,true,6,840,77,141,0.3333333333333333,0.6666666666666666,0,0,0,4,13,crash,false,2,15,828,3950,0,0,0,false,false,false,0,0,4778,30,0,
1481,lookahead,15503,69,39,budget,1,100,true,6,1530,195,285,0.028985507246376812,0.7101449275362319,0.17391304347826086,0.014492753623188406,0.07246376811594203,15,1,crash,false,8,40,263,7255,4070,1395,2520,false,false,false,3150,5,12353,64,1,2
1482,lookahead,7964,46,16,budget,0,81,true,4,780,136,210,0.10869565217391304,0.8478260869565217,0.043478260869565216,0,0,11,5,normal,false,6,26,429,5795,1740,0,0,false,false,true,0,0,7964,46,0,
1483,lookahead,4918,30,0,budget,0,68,true,5,650,86,145,0.13333333333333333,0.8666666666666667,0,0,0,1,14,crash,false,8,9,673,4245,0,0,0,false,false,false,0,0,4918,30,0,
1484,lookahead,38348,88,58,budget,4,100,true,6,3540,289,417,0.022727272727272728,0.4431818181818182,0.26136363636363635,0.045454545454545456,0.22727272727272727,21,10,normal,false,5,56,248,6970,4140,7170,19820,false,true,true,20295,20,18053,68,4,8|2|5|4
1485,lookahead,5412,34,4,budget,0,86,true,6,823,99,162,0.17647058823529413,0.7352941176470589,0.08823529411764706,0,0,6,2,normal,false,3,18,827,4325,260,0,0,false,false,true,0,0,5412,34,0,
1486,lookahead,19990,62,32,budget,2,100,true,6,2280,225,296,0.016129032258064516,0.6774193548387096,0.04838709677419355,0.0967741935483871,0.16129032258064516,9,1,crash,false,4,29,0,7955,2190,945,8900,false,true,false,5960,10,14030,52,2,6|2
1487,lookahead,5355,30,0,budget,0,56,true,4,600,102,156,0.03333333333333333,0.9666666666666667,0,0,0,1,12,normal,false,5,10,195,5160,0,0,0,false,false,false,0,0,5355,30,0,
1488,lookahead,20990,67,37,budget,3,100,true,5,2820,191,289,0.029850746268656716,0.5074626865671642,0.16417910447761194,0.07462686567164178,0.22388059701492538,16,2,normal,false,6,37,60,5525,3180,705,11520,false,false,false,8200,15,12790,52,3,3|5|5
1489,lookahead,3950,30,0,budget,0,69,true,4,495,85,126,0.03333333333333333,0.9666666666666667,0,0,0,1,13,normal,false,8,10,40,3910,0,0,0,false,false,true,0,0,3950,30,0,
1490,lookahead,12390,43,13,budget,1,100,true,6,4510,118,213,0.23255813953488372,0.6046511627906976,0.046511627906976744,0,0.11627906976744186,5,9,crash,false,5,15,990,3860,2800,0,4740,false,false,true,5230,5,7160,38,0,
1491,lookahead,15633,53,23,budget,1,100,true,5,1440,180,259,0.03773584905660377,0.6981132075471698,0.1320754716981132,0.03773584905660377,0.09433962264150944,10,1,normal,false,5,32,68,6990,2380,1755,4440,false,false,true,4215,5,11418,48,1,3
1492,lookahead,4413,30,0,budget,0,62,true,5,770,79,163,0.43333333333333335,0.5666666666666667,0,0,0,5,8,normal,false,4,14,1213,3200,0,0,0,false,false,false,0,0,4413,30,0,
1493,lookahead,6209,32,2,budget,0,73,true,6,1035,98,175,0.09375,0.875,0.03125,0,0,2,2,normal,false,4,19,264,5855,90,0,0,false,false,true,0,0,6209,32,0,
1494,lookahead,16080,53,23,budget,1,100,true,7,3510,179,241,0.018867924528301886,0.660377358490566,0.16981132075471697,0.05660377358490566,0.09433962264150944,10,7,normal,false,6,25,105,5980,2040,5715,2240,false,true,true,1880,5,14200,48,1,9
1495,lookahead,29761,76,46,budget,2,100,true,7,4980,248,414,0.06578947368421052,0.6052631578947368,0.17105263157894737,0.02631578947368421,0.13157894736842105,19,2,normal,false,4,47,551,7825,10600,4365,6420,false,false,true,8250,10,21511,66,2,4|2
1496,lookahead,5511,30,0,budget,0,64,true,7,1075,90,152,0.13333333333333333,0.8666666666666667,0,0,0,1,10,normal,false,8,12,1146,4365,0,0,0,false,false,true,0,0,5511,30,0,
1497,lookahead,5765,34,4,budget,0,79,true,5,695,110,160,0.029411764705882353,0.9411764705882353,0.029411764705882353,0,0,2,13,crash,false,4,16,60,5345,360,0,0,false,false,false,0,0,5765,34,0,
1498,lookahead,16250,47,17,budget,1,100,false,6,1920,175,249,0,0.8085106382978723,0.06382978723404255,0.02127659574468085,0.10638297872340426,6,7,normal,false,5,28,0,8245,1240,585,6180,false,false,false,4920,5,11330,42,1,3
1499,lookahead,6560,30,4,lock,0,83,true,6,1235,98,147,0,0.9333333333333333,0.06666666666666667,0,0,2,2,normal,false,5,12,30,5720,810,0,0,false,false,false,0,0,6560,30,0,
1500,lookahead,5404,34,4,budget,0,84,true,4,1530,86,129,0.14705882352941177,0.7647058823529411,0.08823529411764706,0,0,3,9,normal,false,7,13,194,3460,1750,0,0,false,false,false,0,0,5404,34,0,
1501,lookahead,81905,193,163,budget,7,100,true,8,3400,664,992,0.02072538860103627,0.38860103626943004,0.35233160621761656,0.05699481865284974,0.18134715025906736,64,1,crash,false,4,129,340,13480,24060,15825,28200,false,true,false,25505,35,56400,158,7,3|12|7|2|6|6|3
1502,lookahead,47110,134,104,budget,6,100,true,5,2520,400,590,0.022388059701492536,0.3656716417910448,0.29850746268656714,0.08955223880597014,0.22388059701492538,39,3,crash,false,5,80,195,7370,10390,8415,20740,false,true,false,18640,30,28470,104,6,18|4|2|4|4|4
1503,lookahead,9585,52,22,budget,0,94,true,5,1140,128,204,0.038461538461538464,0.7307692307692307,0.19230769230769232,0.038461538461538464,0,10,1,crash,false,5,21,15,4680,3270,1620,0,true,false,false,0,0,9585,52,0,
1504,lookahead,17490,56,26,budget,2,100,true,5,3060,149,227,0,0.7678571428571429,0.03571428571428571,0.017857142857142856,0.17857142857142858,7,9,normal,false,7,23,150,4150,1860,270,11060,false,false,true,8480,10,9010,46,1,2
1505,lookahead,41668,131,101,budget,5,100,true,5,3105,393,566,0.030534351145038167,0.4732824427480916,0.2595419847328244,0.04580152671755725,0.19083969465648856,41,10,normal,false,4,78,173,7725,10120,7590,16060,false,true,true,13010,25,28658,106,5,4|5|4|2|4
1506,lookahead,7240,50,20,budget,0,85,false,4,630,134,188,0,0.76,0.24,0,0,9,2,normal,false,7,24,0,5140,2100,0,0,false,false,true,0,0,7240,50,0,
1507,lookahead,43841,106,76,budget,4,100,true,5,3980,392,543,0.04716981132075472,0.5283018867924528,0.19811320754716982,0.03773584905660377,0.18867924528301888,28,3,normal,false,6,67,271,9760,11600,1710,20500,false,false,false,15950,20,27891,86,4,2|4|5|2
1508,lookahead,9785,41,11,budget,1,100,false,5,1950,116,163,0,0.7804878048780488,0.07317073170731707,0.024390243902439025,0.12195121951219512,4,1,normal,false,7,13,0,4375,330,1920,3160,false,false,false,2670,5,7115,36,1,4
1509,lookahead,6961,41,11,budget,1,100,true,4,760,109,164,0.0975609756097561,0.7560975609756098,0.024390243902439025,0,0.12195121951219512,4,1,crash,false,7,14,476,3595,480,270,2140,false,false,false,1800,5,5161,36,0,
1510,lookahead,18965,59,29,budget,1,100,true,6,2325,161,296,0.1016949152542373,0.6271186440677966,0.13559322033898305,0.05084745762711865,0.0847457627118644,11,2,normal,false,5,29,725,5865,2850,6525,3000,false,false,true,2910,5,16055,54,1,2
1511,lookahead,26910,67,37,budget,3,100,true,7,2290,238,391,0,0.582089552238806,0.16417910447761194,0.029850746268656716,0.22388059701492538,10,18,normal,false,5,39,60,8185,5540,2745,10380,false,false,false,11640,15,15270,52,1,4
1512,lookahead,5391,30,0,budget,0,63,true,5,825,90,181,0.36666666666666664,0.6333333333333333,0,0,0,3,18,normal,false,4,15,1326,4065,0,0,0,false,false,true,0,0,5391,30,0,
1513,lookahead,7290,44,14,budget,0,90,true,5,2185,100,150,0.045454545454545456,0.7727272727272727,0.18181818181818182,0,0,8,14,normal,false,4,25,30,2915,3670,675,0,true,false,true,0,0,7290,44,0,
1514,lookahead,11855,45,15,budget,1,100,true,4,2220,141,194,0.022222222222222223,0.8,0.06666666666666667,0,0.1111111111111111,6,17,normal,false,6,21,45,4690,2380,0,4740,false,false,false,4350,5,7505,40,1,2
1515,lookahead,31835,62,32,budget,2,100,true,7,6000,216,325,0.016129032258064516,0.6129032258064516,0.16129032258064516,0.04838709677419355,0.16129032258064516,14,2,normal,false,5,38,45,6825,2360,1665,20940,false,false,true,20090,10,11745,52,2,3|3
1516,lookahead,8805,30,9,lock,1,100,true,5,1800,85,125,0.03333333333333333,0.7,0.03333333333333333,0.06666666666666667,0.16666666666666666,3,5,normal,false,9,11,15,3315,270,525,4680,false,false,false,4935,5,3870,25,1,3
1517,lookahead,22212,56,26,budget,2,100,true,5,7280,176,264,0.17857142857142858,0.5357142857142857,0.10714285714285714,0,0.17857142857142858,11,7,normal,false,6,29,392,4190,2560,450,14620,false,false,false,12260,10,9952,46,2,2|2
1518,lookahead,55005,117,87,budget,5,100,false,6,5520,413,597,0,0.49572649572649574,0.23931623931623933,0.05128205128205128,0.21367521367521367,32,1,normal,false,8,71,0,8885,11390,8130,26600,false,true,true,25550,25,29455,92,5,6|4|2|2|4
1519,lookahead,13931,55,25,budget,1,100,true,4,1860,172,274,0.05454545454545454,0.6363636363636364,0.18181818181818182,0.03636363636363636,0.09090909090909091,13,2,normal,false,5,38,376,5670,1420,1065,5400,false,true,false,4640,5,9291,50,1,4
1520,lookahead,4425,32,2,budget,0,73,true,6,945,90,145,0.28125,0.6875,0.03125,0,0,4,2,normal,false,4,16,1265,3040,120,0,0,false,false,true,0,0,4425,32,0,
1521,lookahead,23790,68,38,budget,2,100,false,7,3240,211,312,0,0.6323529411764706,0.16176470588235295,0.058823529411764705,0.14705882352941177,14,4,normal,false,7,35,0,6115,5110,2445,10120,false,true,true,9640,10,14150,58,2,5|2
1522,lookahead,6345,34,4,budget,0,79,true,6,900,103,181,0.058823529411764705,0.9411764705882353,0,0,0,4,2,normal,false,4,14,655,5240,450,0,0,false,false,true,0,0,6345,34,0,
1523,lookahead,24330,84,54,budget,2,100,true,6,2055,242,370,0.011904761904761904,0.5357142857142857,0.2261904761904762,0.10714285714285714,0.11904761904761904,19,1,normal,false,6,47,15,7680,6820,3375,6440,false,true,true,6885,10,17445,74,2,8|4
1524,lookahead,3130,34,4,budget,0,71,true,3,300,79,107,0.029411764705882353,0.9705882352941176,0,0,0,3,22,normal,false,4,15,75,3055,0,0,0,false,false,true,0,0,3130,34,0,
1525,lookahead,12618,47,17,budget,1,100,true,6,1440,130,241,0.23404255319148937,0.425531914893617,0.2127659574468085,0.02127659574468085,0.10638297872340426,7,1,crash,false,8,25,613,4945,1720,1080,4260,false,true,true,4170,5,8448,42,1,4
1526,lookahead,8865,42,12,budget,0,87,true,5,810,152,216,0.023809523809523808,0.8809523809523809,0.09523809523809523,0,0,6,17,normal,false,4,24,55,7760,1050,0,0,false,false,false,0,0,8865,42,0,
1527,lookahead,11849,46,16,budget,0,94,true,5,2925,160,255,0.15217391304347827,0.7608695652173914,0.06521739130434782,0.021739130434782608,0,9,1,normal,false,5,24,839,6420,1590,3000,0,true,false,true,0,0,11849,46,0,
1528,lookahead,26807,78,48,budget,2,100,true,9,8010,237,352,0.07692307692307693,0.5769230769230769,0.16666666666666666,0.05128205128205128,0.1282051282051282,19,3,crash,false,7,48,557,7245,4710,4275,10020,false,true,false,14250,10,12557,68,2,2|6
1529,lookahead,3065,30,0,budget,0,64,true,3,260,69,97,0,1,0,0,0,0,-1,normal,false,14,12,30,3035,0,0,0,false,false,false,0,0,3065,30,0,
1530,lookahead,29630,91,61,budget,3,100,true,6,4320,261,387,0.01098901098901099,0.45054945054945056,0.31868131868131866,0.054945054945054944,0.16483516483516483,24,4,normal,false,6,42,175,6675,6640,7860,8280,false,true,true,8010,15,21620,76,2,5|11
1531,lookahead,4761,34,4,budget,0,93,true,5,750,82,135,0.058823529411764705,0.8235294117647058,0.11764705882352941,0,0,3,2,normal,false,3,16,211,3640,550,360,0,true,false,false,0,0,4761,34,0,
1532,lookahead,2984,32,2,budget,0,78,true,4,690,65,113,0.21875,0.75,0.03125,0,0,4,4,normal,false,4,12,274,2620,90,0,0,false,false,true,0,0,2984,32,0,
1533,lookahead,1965,20,0,lock,0,65,true,4,495,45,65,0.05,0.95,0,0,0,1,14,normal,false,5,8,15,1950,0,0,0,false,false,false,0,0,1965,20,0,
1534,lookahead,3160,24,2,lock,0,71,false,4,465,63,101,0,1,0,0,0,1,4,normal,false,7,6,0,3160,0,0,0,false,false,false,0,0,3160,24,0,
1535,lookahead,5690,27,0,lock,0,52,true,5,1100,91,143,0,1,0,0,0,0,-1,normal,false,6,12,60,5630,0,0,0,false,false,false,0,0,5690,27,0,
1536,lookahead,7816,32,2,budget,0,73,true,6,1020,114,182,0.09375,0.875,0.03125,0,0,2,18,normal,false,3,14,121,7605,90,0,0,false,false,false,0,0,7816,32,0,
1537,lookahead,4965,30,0,budget,0,66,true,5,840,84,137,0,1,0,0,0,0,-1,normal,false,8,7,30,4935,0,0,0,false,false,true,0,0,4965,30,0,
1538,lookahead,34891,84,54,budget,4,100,true,7,6040,297,426,0.047619047619047616,0.4642857142857143,0.21428571428571427,0.03571428571428571,0.23809523809523808,19,1,crash,false,4,49,806,7800,3990,2955,19340,false,true,true,17000,20,17891,64,4,4|4|4|9
1539,lookahead,18805,50,20,budget,2,100,true,6,3545,150,204,0.02,0.64,0.12,0.02,0.2,6,2,normal,false,9,17,55,3325,1770,4095,9560,false,false,true,11405,10,7400,40,2,3|4
1540,lookahead,17030,75,45,budget,1,100,true,4,945,215,324,0.05333333333333334,0.68,0.14666666666666667,0.05333333333333334,0.06666666666666667,20,1,normal,false,6,32,270,5545,5960,3015,2240,false,true,true,2510,5,14520,70,1,2
1541,lookahead,19895,56,26,budget,2,100,true,5,3240,203,282,0,0.6428571428571429,0.10714285714285714,0.07142857142857142,0.17857142857142858,7,3,normal,false,5,32,30,7390,2230,1665,8580,false,true,true,5930,10,13965,46,2,9|2
1542,lookahead,56710,130,100,budget,6,100,true,7,4050,457,702,0.007692307692307693,0.4230769230769231,0.26153846153846155,0.07692307692307693,0.23076923076923078,34,1,normal,false,5,83,435,11870,9780,7905,26720,false,true,true,26370,30,30340,100,6,2|7|5|4|3|5
1543,lookahead,20341,66,36,budget,2,100,true,5,2000,229,350,0.07575757575757576,0.5757575757575758,0.16666666666666666,0.030303030303030304,0.15151515151515152,15,13,crash,false,5,36,586,7635,3250,1530,7340,false,true,false,7090,10,13251,56,2,4|3
1544,lookahead,6804,32,2,budget,0,78,true,6,1035,120,200,0.125,0.84375,0.03125,0,0,2,1,normal,false,3,17,909,5805,90,0,0,false,false,false,0,0,6804,32,0,
1545,lookahead,13250,55,25,budget,1,100,true,6,2280,169,252,0.18181818181818182,0.6545454545454545,0.07272727272727272,0,0.09090909090909091,9,4,crash,false,7,27,995,4715,2660,180,4700,false,false,true,4010,5,9240,50,0,
1546,lookahead,13271,51,21,budget,1,100,true,5,1050,188,265,0.0392156862745098,0.7647058823529411,0.0784313725490196,0.0196078431372549,0.09803921568627451,8,1,normal,false,7,30,376,7545,1700,1170,2480,false,true,false,2240,5,11031,46,1,3
1547,lookahead,4080,32,2,budget,0,82,true,4,750,82,113,0.03125,0.9375,0.03125,0,0,2,10,normal,false,5,8,15,3855,210,0,0,false,false,false,0,0,4080,32,0,
1548,lookahead,76436,160,146,lock,10,100,true,5,4280,545,789,0.0125,0.28125,0.3,0.09375,0.3125,48,8,normal,false,4,102,366,7105,15390,15075,38500,false,true,false,38565,50,37871,110,10,2|3|3|2|11|5|2|10|2|2
1549,lookahead,7981,56,26,budget,0,95,true,4,885,133,195,0.07142857142857142,0.7142857142857143,0.17857142857142858,0.03571428571428571,0,13,2,normal,false,7,23,176,4045,2950,810,0,true,true,false,0,0,7981,56,0,
1550,lookahead,8065,42,12,budget,0,90,true,5,1800,123,182,0.023809523809523808,0.8571428571428571,0.09523809523809523,0.023809523809523808,0,7,4,normal,false,5,20,75,5575,2280,135,0,true,false,false,0,0,8065,42,0,
1551,lookahead,14840,47,17,budget,1,100,false,6,2885,161,223,0,0.7021276595744681,0.1276595744680851,0.06382978723404255,0.10638297872340426,6,3,normal,false,5,25,0,5345,1630,3105,4760,false,true,false,6085,5,8755,42,1,2
1552,lookahead,7110,38,8,budget,0,80,false,4,630,132,184,0,0.9473684210526315,0.05263157894736842,0,0,4,12,normal,false,5,19,0,6450,660,0,0,false,false,false,0,0,7110,38,0,
1553,lookahead,10830,42,12,budget,0,99,true,6,1230,170,241,0,0.8809523809523809,0.07142857142857142,0.047619047619047616,0,6,26,normal,false,5,20,30,9370,1070,360,0,true,true,false,0,0,10830,42,0,
1554,lookahead,5845,32,2,budget,0,75,true,6,600,106,169,0.03125,0.96875,0,0,0,2,3,normal,false,4,15,210,5095,540,0,0,false,false,false,0,0,5845,32,0,
1555,lookahead,13093,58,28,budget,2,100,true,5,2390,162,230,0.1896551724137931,0.5172413793103449,0.10344827586206896,0.017241379310344827,0.1724137931034483,11,3,normal,false,4,28,663,4660,1140,810,5820,false,false,false,5840,10,7253,48,1,6
1556,lookahead,22814,76,46,budget,2,100,true,6,2635,225,314,0.10526315789473684,0.4868421052631579,0.25,0.02631578947368421,0.13157894736842105,17,2,crash,false,5,43,359,5250,4660,3825,8720,false,false,false,10785,10,12029,66,1,2
1557,lookahead,14984,49,19,budget,1,100,true,7,1910,185,288,0.16326530612244897,0.6530612244897959,0.08163265306122448,0,0.10204081632653061,11,1,crash,false,3,28,1229,8895,970,270,3620,false,false,true,3140,5,11844,44,0,
1558,lookahead,4893,32,2,budget,0,75,true,5,725,101,151,0.03125,0.9375,0.03125,0,0,2,6,normal,false,4,14,178,4595,120,0,0,false,false,false,0,0,4893,32,0,
1559,lookahead,5196,30,0,budget,0,50,true,8,1935,72,154,0.4,0.6,0,0,0,2,22,normal,false,9,10,591,4605,0,0,0,false,false,true,0,0,5196,30,0,
1560,lookahead,30185,91,61,budget,3,100,false,5,2340,290,423,0,0.5824175824175825,0.2087912087912088,0.04395604395604396,0.16483516483516483,19,15,normal,false,11,52,0,7165,5350,4650,13020,false,true,false,12010,15,18175,76,2,3|8
1561,lookahead,5273,30,0,budget,0,67,true,6,955,89,143,0.16666666666666666,0.8333333333333334,0,0,0,3,21,crash,false,6,13,243,5030,0,0,0,false,false,false,0,0,5273,30,0,
1562,lookahead,4560,30,0,budget,0,60,true,5,1150,86,126,0.03333333333333333,0.9666666666666667,0,0,0,0,-1,crash,false,4,13,250,4310,0,0,0,false,false,true,0,0,4560,30,0,
1563,lookahead,32165,54,24,budget,2,100,true,10,13600,190,263,0.037037037037037035,0.6481481481481481,0.1111111111111111,0.018518518518518517,0.18518518518518517,7,1,crash,false,11,18,60,4365,1640,3360,22740,false,false,false,5510,10,26655,44,1,3
1564,lookahead,5510,38,8,budget,0,80,false,4,750,106,151,0,0.9473684210526315,0.05263157894736842,0,0,4,11,normal,false,4,16,0,4250,1260,0,0,false,false,false,0,0,5510,38,0,
1565,lookahead,25000,73,43,budget,3,100,true,5,2905,233,350,0,0.5205479452054794,0.2328767123287671,0.0410958904109589,0.2054794520547945,13,8,normal,false,4,36,30,6805,5680,3705,8780,false,true,true,8810,15,16190,58,3,6|2|7
1566,lookahead,41136,107,77,budget,3,100,true,6,2540,357,564,0.028037383177570093,0.5607476635514018,0.2336448598130841,0.037383177570093455,0.14018691588785046,27,2,normal,false,11,54,406,7980,16350,5220,11180,false,true,false,10565,15,30571,92,3,4|5|2
1567,lookahead,53377,154,124,budget,4,100,true,6,3480,502,759,0.045454545454545456,0.5454545454545454,0.18181818181818182,0.09740259740259741,0.12987012987012986,48,3,normal,false,6,97,587,14985,11220,10185,16400,false,true,true,15510,20,37867,134,4,6|4|4|5
1568,lookahead,5865,28,10,lock,0,86,false,7,1800,60,108,0,0.6785714285714286,0.32142857142857145,0,0,5,1,normal,false,13,9,0,1890,3030,945,0,false,false,true,0,0,5865,28,0,
1569,lookahead,16745,53,23,budget,1,100,true,5,2340,177,263,0.018867924528301886,0.7358490566037735,0.1509433962264151,0,0.09433962264150944,9,10,normal,false,8,25,135,5570,2080,3960,5000,false,false,false,4610,5,12135,48,1,2
1570,lookahead,6918,34,4,budget,0,94,true,5,1080,97,179,0.029411764705882353,0.9117647058823529,0.029411764705882353,0.029411764705882353,0,1,24,crash,false,7,13,158,5585,1040,135,0,true,false,true,0,0,6918,34,0,
1571,lookahead,36275,93,63,budget,3,100,false,7,2760,344,459,0,0.5591397849462365,0.24731182795698925,0.03225806451612903,0.16129032258064516,23,3,normal,false,5,50,0,9535,6370,4950,15420,false,true,false,13745,15,22530,78,3,4|3|2
1572,lookahead,23835,62,32,budget,2,100,false,5,3120,202,280,0,0.6290322580645161,0.1935483870967742,0.016129032258064516,0.16129032258064516,11,6,normal,false,6,35,0,4620,1880,2295,15040,false,false,true,12950,10,10885,52,2,7|4
1573,lookahead,25830,77,47,budget,3,100,true,4,2110,259,327,0.012987012987012988,0.5974025974025974,0.15584415584415584,0.03896103896103896,0.19480519480519481,14,1,normal,false,6,39,75,5540,5270,2565,12380,false,false,false,11990,15,13840,62,3,3|3|5
1574,lookahead,9218,36,6,budget,0,96,true,8,2415,111,188,0.05555555555555555,0.8333333333333334,0.1111111111111111,0,0,5,1,normal,false,12,14,323,5480,2740,675,0,true,true,true,0,0,9218,36,0,
1575,lookahead,6116,30,0,budget,0,62,true,6,1075,90,156,0.2,0.8,0,0,0,3,10,crash,false,5,14,481,5635,0,0,0,false,false,false,0,0,6116,30,0,
1576,lookahead,6480,38,8,budget,0,82,true,4,810,115,164,0.02631578947368421,0.868421052631579,0.10526315789473684,0,0,5,9,normal,false,8,16,150,5070,1260,0,0,false,false,true,0,0,6480,38,0,
1577,lookahead,8403,36,6,budget,0,90,true,5,1095,131,220,0.1111111111111111,0.8055555555555556,0.08333333333333333,0,0,5,3,normal,false,4,17,743,6445,270,945,0,true,false,true,0,0,8403,36,0,
1578,lookahead,87635,172,142,budget,10,100,true,9,7960,619,838,0.011627906976744186,0.36627906976744184,0.23837209302325582,0.09302325581395349,0.29069767441860467,41,1,normal,false,9,107,350,8955,15520,12210,50600,false,true,false,46565,50,41070,122,9,4|5|3|3|2|6|3|2|3
1579,lookahead,3515,28,6,lock,0,87,true,4,670,76,97,0.07142857142857142,0.75,0.17857142857142858,0,0,5,2,normal,false,4,15,30,2825,660,0,0,false,false,false,0,0,3515,28,0,
1580,lookahead,13550,49,19,budget,1,100,true,5,940,164,234,0,0.7346938775510204,0.12244897959183673,0.04081632653061224,0.10204081632653061,8,4,normal,false,6,26,100,6060,2200,1590,3600,false,true,false,3495,5,10055,44,1,3
1581,lookahead,3274,30,0,budget,0,56,true,5,480,72,125,0.3,0.7,0,0,0,3,22,normal,false,4,16,939,2335,0,0,0,false,false,true,0,0,3274,30,0,
1582,lookahead,19161,66,36,budget,2,100,true,4,1665,204,329,0.06060606060606061,0.6212121212121212,0.13636363636363635,0.030303030303030304,0.15151515151515152,13,2,normal,false,6,39,296,7115,3450,2880,5420,false,true,false,5090,10,14071,56,2,3|4
1583,lookahead,15770,56,27,lock,1,100,true,5,3180,166,270,0.08928571428571429,0.6071428571428571,0.16071428571428573,0.05357142857142857,0.08928571428571429,8,1,crash,false,12,25,650,5610,2560,2850,4100,false,true,false,4200,5,11570,51,1,4
1584,lookahead,17205,70,40,budget,0,94,true,6,1980,207,317,0.02857142857142857,0.7571428571428571,0.17142857142857143,0.04285714285714286,0,17,4,crash,false,16,38,90,7990,6770,2355,0,true,false,false,0,0,17205,70,0,
1585,lookahead,20690,73,43,budget,3,100,true,5,2840,221,291,0.0273972602739726,0.5616438356164384,0.1232876712328767,0.0821917808219178,0.2054794520547945,13,3,normal,false,7,33,90,4745,4490,1545,9820,false,true,false,8000,15,12690,58,2,5|2
1586,lookahead,41215,64,59,lock,5,100,false,8,6420,283,390,0,0.28125,0.265625,0.078125,0.375,21,3,frenzy,false,3,43,0,4050,8410,3735,25020,false,true,false,22965,24,18250,40,5,3|4|5|5|3
1587,lookahead,26535,87,57,budget,1,100,true,6,2550,289,448,0.011494252873563218,0.7241379310344828,0.19540229885057472,0.011494252873563218,0.05747126436781609,24,3,normal,false,4,57,140,11140,7030,3645,4580,false,true,false,4220,5,22315,82,1,3
1588,lookahead,27114,99,69,budget,1,100,true,5,1920,324,529,0.06060606060606061,0.6767676767676768,0.13131313131313133,0.08080808080808081,0.050505050505050504,29,4,normal,false,5,60,1154,11320,7130,2730,4780,false,true,true,4300,5,22814,94,0,
1589,lookahead,18420,54,24,budget,2,100,true,5,2520,196,289,0.018518518518518517,0.7037037037037037,0.09259259259259259,0,0.18518518518518517,6,1,normal,false,9,24,105,7830,960,2385,7140,false,false,false,6700,10,11720,44,2,2|3
1590,lookahead,6288,38,8,budget,0,94,true,4,495,124,171,0.05263157894736842,0.8157894736842105,0.10526315789473684,0.02631578947368421,0,4,1,normal,false,6,16,68,5380,330,510,0,true,false,true,0,0,6288,38,0,
1591,lookahead,22575,87,57,budget,1,100,true,5,2700,267,364,0,0.632183908045977,0.28735632183908044,0.022988505747126436,0.05747126436781609,25,3,normal,false,9,47,30,6740,7060,2445,6300,false,false,false,5160,5,17415,82,1,9
1592,lookahead,10035,50,20,budget,0,90,true,5,950,164,256,0.16,0.72,0.1,0.02,0,11,5,normal,false,3,27,880,6830,2190,135,0,true,false,false,0,0,10035,50,0,
1593,lookahead,26831,62,32,budget,2,100,true,7,4920,221,298,0.06451612903225806,0.5645161290322581,0.1935483870967742,0.016129032258064516,0.16129032258064516,12,2,crash,false,7,31,256,4370,5020,3585,13600,false,true,false,8555,10,18276,52,2,2|3
1594,lookahead,20418,72,42,budget,2,100,true,5,2140,255,376,0.05555555555555555,0.5694444444444444,0.18055555555555555,0.05555555555555555,0.1388888888888889,19,2,normal,false,5,49,1433,7695,3580,990,6720,false,true,true,5580,10,14838,62,2,2|4
1595,lookahead,4235,34,4,budget,0,77,true,6,698,85,167,0.35294117647058826,0.5882352941176471,0.058823529411764705,0,0,3,2,crash,false,4,17,1415,2510,310,0,0,false,false,false,0,0,4235,34,0,
1596,lookahead,14551,59,29,budget,1,100,true,5,1260,199,280,0.05084745762711865,0.6440677966101694,0.1864406779661017,0.03389830508474576,0.0847457627118644,12,1,normal,false,4,32,466,7340,1990,1035,3720,false,true,false,3690,5,10861,54,1,5
1597,lookahead,4026,30,0,budget,0,65,true,4,480,91,126,0.1,0.9,0,0,0,2,6,normal,false,4,12,276,3750,0,0,0,false,false,true,0,0,4026,30,0,
1598,lookahead,11025,45,15,budget,1,100,true,4,1920,135,212,0.022222222222222223,0.7777777777777778,0.06666666666666667,0.022222222222222223,0.1111111111111111,5,13,normal,false,6,21,180,5670,1290,405,3480,false,false,true,2085,5,8940,40,1,3
1599,lookahead,56555,136,106,budget,4,100,true,6,4320,508,705,0,0.5514705882352942,0.23529411764705882,0.0661764705882353,0.14705882352941177,39,4,normal,false,4,88,195,10270,16000,7410,22680,false,true,true,23975,20,32580,116,4,2|2|2|6
1600,lookahead,7450,30,0,budget,0,55,true,9,2395,100,163,0.03333333333333333,0.9666666666666667,0,0,0,1,8,normal,false,7,11,180,7270,0,0,0,false,false,false,0,0,7450,30,0,
1601,lookahead,4894,30,0,budget,0,62,true,4,645,98,149,0.16666666666666666,0.8333333333333334,0,0,0,3,9,normal,false,6,11,474,4420,0,0,0,false,false,false,0,0,4894,30,0,
1602,lookahead,6690,36,6,budget,0,77,false,4,585,120,168,0,0.9166666666666666,0.08333333333333333,0,0,3,3,normal,false,6,17,0,6030,660,0,0,false,false,true,0,0,6690,36,0,
1603,lookahead,6146,30,0,budget,0,50,true,6,975,104,184,0.13333333333333333,0.8666666666666667,0,0,0,3,7,normal,false,3,17,481,5665,0,0,0,false,false,false,0,0,6146,30,0,
1604,lookahead,11925,51,21,budget,1,100,true,5,1050,166,233,0.0784313725490196,0.6470588235294118,0.13725490196078433,0.0392156862745098,0.09803921568627451,11,5,crash,false,7,23,235,5485,3280,945,1980,false,false,false,1950,5,9975,46,1,6
1605,lookahead,1688,9,0,lock,0,62,true,6,1005,13,52,0.2222222222222222,0.7777777777777778,0,0,0,0,-1,crash,false,3,3,23,1665,0,0,0,false,false,false,0,0,1688,9,0,
1606,lookahead,5960,44,14,budget,0,85,false,4,525,111,156,0,0.8636363636363636,0.13636363636363635,0,0,6,9,normal,false,8,20,0,4160,1800,0,0,false,false,true,0,0,5960,44,0,
1607,lookahead,11363,54,24,budget,0,92,true,6,1065,170,281,0.16666666666666666,0.6851851851851852,0.12962962962962962,0.018518518518518517,0,13,2,crash,false,6,29,1038,6830,3360,135,0,true,false,false,0,0,11363,54,0,
1608,lookahead,5271,30,0,budget,0,57,true,5,855,88,148,0.1,0.9,0,0,0,2,11,normal,false,5,11,331,4940,0,0,0,false,false,false,0,0,5271,30,0,
1609,lookahead,8800,38,8,budget,0,81,false,5,1470,142,209,0,0.9473684210526315,0.05263157894736842,0,0,3,1,normal,false,4,22,0,6900,1900,0,0,false,false,true,0,0,8800,38,0,
1610,lookahead,6615,36,6,budget,0,82,true,5,1290,99,151,0.027777777777777776,0.9166666666666666,0.05555555555555555,0,0,4,3,normal,false,5,13,15,4740,1860,0,0,false,false,false,0,0,6615,36,0,
1611,lookahead,19741,63,33,budget,1,100,true,5,1525,240,336,0.07936507936507936,0.5873015873015873,0.19047619047619047,0.06349206349206349,0.07936507936507936,14,6,normal,false,3,39,831,6845,5170,3915,2980,false,true,false,2800,5,16941,58,1,8
1612,lookahead,6305,32,2,budget,0,71,true,5,1055,110,148,0,1,0,0,0,1,21,normal,false,8,13,30,6275,0,0,0,false,false,false,0,0,6305,32,0,
1613,lookahead,7050,34,4,budget,0,86,false,4,620,129,176,0,0.9117647058823529,0.08823529411764706,0,0,1,1,normal,false,5,16,0,6750,300,0,0,false,false,true,0,0,7050,34,0,
1614,lookahead,8376,38,8,budget,0,91,true,5,1260,125,211,0.15789473684210525,0.7631578947368421,0.05263157894736842,0.02631578947368421,0,6,10,crash,false,4,18,621,5325,2250,180,0,true,false,false,0,0,8376,38,0,
1615,lookahead,3223,32,2,budget,0,74,true,3,360,74,118,0.125,0.84375,0.03125,0,0,3,2,normal,false,4,15,213,2650,360,0,0,false,false,false,0,0,3223,32,0,
1616,lookahead,5803,30,0,budget,0,64,true,5,1320,95,172,0.1,0.9,0,0,0,1,16,normal,false,4,13,218,5585,0,0,0,false,false,true,0,0,5803,30,0,
1617,lookahead,3715,36,6,budget,0,80,false,4,400,77,107,0,0.9444444444444444,0.05555555555555555,0,0,3,2,normal,false,4,20,0,3295,420,0,0,false,false,false,0,0,3715,36,0,
1618,lookahead,15940,51,21,budget,1,100,true,6,4560,157,247,0.0196078431372549,0.6862745098039216,0.1568627450980392,0.0392156862745098,0.09803921568627451,9,10,normal,false,5,26,130,5015,2250,4725,3820,false,true,true,3430,5,12510,46,1,3
1619,lookahead,4025,32,2,budget,0,74,true,4,615,73,124,0.03125,0.9375,0.03125,0,0,2,1,normal,false,12,12,75,3860,90,0,0,false,false,false,0,0,4025,32,0,
1620,lookahead,9965,51,21,budget,1,100,false,4,1080,140,188,0,0.7254901960784313,0.11764705882352941,0.058823529411764705,0.09803921568627451,8,9,normal,false,7,26,0,4625,1380,540,3420,false,true,true,3000,5,6965,46,1,5
1621,lookahead,4651,29,0,lock,0,62,true,5,885,83,136,0.2413793103448276,0.7586206896551724,0,0,0,5,17,normal,false,3,14,546,4105,0,0,0,false,false,true,0,0,4651,29,0,
1622,lookahead,10956,47,17,budget,1,100,true,5,1180,133,209,0.10638297872340426,0.6382978723404256,0.1276595744680851,0.02127659574468085,0.10638297872340426,6,2,normal,false,6,22,461,4560,930,765,4240,false,false,false,4210,5,6746,42,1,4
1623,lookahead,23210,77,47,budget,1,100,true,6,2470,243,352,0,0.7402597402597403,0.15584415584415584,0.03896103896103896,0.06493506493506493,20,1,normal,false,6,44,260,6465,10420,2745,3320,false,true,false,2850,5,20360,72,1,5
1624,lookahead,7515,44,14,budget,0,91,true,5,1230,107,205,0.20454545454545456,0.6590909090909091,0.11363636363636363,0.022727272727272728,0,8,4,crash,false,7,21,805,4115,2460,135,0,true,false,true,0,0,7515,44,0,
1625,lookahead,57765,171,141,budget,7,100,true,7,2040,527,728,0.005847953216374269,0.4152046783625731,0.2631578947368421,0.1111111111111111,0.2046783625730994,46,4,crash,false,6,101,145,11705,10710,9765,25440,false,true,false,22740,35,35025,136,7,5|3|5|3|2|7|4
1626,lookahead,5345,32,2,budget,0,71,true,6,885,93,146,0.09375,0.90625,0,0,0,3,4,normal,false,6,12,150,4955,240,0,0,false,false,true,0,0,5345,32,0,
1627,lookahead,5905,40,10,budget,0,88,true,4,555,114,154,0.05,0.825,0.1,0.025,0,6,8,normal,false,4,20,180,4495,690,540,0,false,false,false,0,0,5905,40,0,
1628,lookahead,4609,30,0,budget,0,62,true,6,945,74,144,0.13333333333333333,0.8666666666666667,0,0,0,4,13,normal,false,5,16,434,4175,0,0,0,false,false,true,0,0,4609,30,0,
1629,lookahead,11380,59,29,budget,1,100,true,5,1410,170,220,0,0.6440677966101694,0.23728813559322035,0.03389830508474576,0.0847457627118644,13,4,normal,false,3,32,90,5705,2690,495,2400,false,false,true,2310,5,9070,54,1,6
1630,lookahead,3475,30,0,budget,0,64,true,6,963,75,117,0.23333333333333334,0.7666666666666667,0,0,0,3,18,normal,false,5,12,605,2870,0,0,0,false,false,true,0,0,3475,30,0,
1631,lookahead,28446,79,49,budget,1,100,true,6,2625,251,409,0.02531645569620253,0.569620253164557,0.25316455696202533,0.08860759493670886,0.06329113924050633,20,6,normal,false,5,45,491,7885,6640,9450,3980,false,true,false,3890,5,24556,74,1,3
1632,lookahead,3739,30,0,budget,0,55,true,3,395,73,138,0.23333333333333334,0.7666666666666667,0,0,0,3,10,normal,false,4,10,324,3415,0,0,0,false,false,false,0,0,3739,30,0,
1633,lookahead,5281,36,6,budget,0,80,true,6,1015,96,145,0.1111111111111111,0.8611111111111112,0.027777777777777776,0,0,4,2,normal,false,6,14,226,4455,600,0,0,false,false,true,0,0,5281,36,0,
1634,lookahead,36355,58,62,lock,4,100,false,5,4200,245,292,0,0.2413793103448276,0.3275862068965517,0.08620689655172414,0.3448275862068966,16,1,keto,false,5,36,0,2785,3740,2070,27760,false,false,true,26520,20,9835,38,2,7|3
1635,lookahead,49410,99,69,budget,5,100,false,8,3880,394,506,0,0.40404040404040403,0.2828282828282828,0.06060606060606061,0.25252525252525254,22,3,normal,false,9,56,0,7860,10370,5400,25780,false,true,false,24580,25,24830,74,4,2|5|7|4
1636,lookahead,19636,71,41,budget,1,100,true,5,1860,235,340,0.028169014084507043,0.5211267605633803,0.30985915492957744,0.07042253521126761,0.07042253521126761,19,10,normal,false,3,42,501,6300,5650,3285,3900,false,true,false,4160,5,15476,66,1,4
1637,lookahead,66140,154,124,budget,8,100,true,6,5140,544,733,0.012987012987012988,0.38311688311688313,0.2792207792207792,0.06493506493506493,0.2597402597402597,42,2,crash,false,6,87,225,11795,12100,4740,37280,false,true,false,34645,40,31495,114,7,2|3|5|6|3|3|4
1638,lookahead,3395,32,2,budget,0,74,true,4,435,71,108,0.03125,0.9375,0.03125,0,0,2,4,normal,false,7,13,15,3290,90,0,0,false,false,false,0,0,3395,32,0,
1639,lookahead,7245,26,17,lock,1,100,true,4,1050,68,111,0,0.6153846153846154,0.19230769230769232,0,0.19230769230769232,5,1,normal,false,7,10,30,1890,1590,1575,2160,false,false,false,3030,5,4215,21,0,
1640,lookahead,4384,32,2,budget,0,70,true,4,495,94,151,0.15625,0.84375,0,0,0,3,8,normal,false,4,15,604,3600,180,0,0,false,false,false,0,0,4384,32,0,
1641,lookahead,23205,61,31,budget,1,100,false,6,5040,194,300,0,0.6229508196721312,0.22950819672131148,0.06557377049180328,0.08196721311475409,11,18,normal,false,7,35,0,6350,5740,2475,8640,false,false,false,8400,5,14805,56,1,3
1642,lookahead,6863,34,4,budget,0,80,true,5,825,107,205,0.23529411764705882,0.7352941176470589,0.029411764705882353,0,0,5,19,normal,false,3,17,928,5575,360,0,0,false,false,true,0,0,6863,34,0,
1643,lookahead,4895,32,2,budget,0,84,true,4,660,92,137,0.03125,0.90625,0.0625,0,0,1,7,crash,false,4,14,95,4200,600,0,0,false,false,false,0,0,4895,32,0,
1644,lookahead,8750,40,10,budget,0,80,true,6,2250,138,214,0.05,0.9,0.05,0,0,6,7,normal,false,4,18,205,6205,2340,0,0,false,false,true,0,0,8750,40,0,
1645,lookahead,35155,115,85,budget,5,100,false,5,3240,338,447,0,0.5043478260869565,0.22608695652173913,0.05217391304347826,0.21739130434782608,29,9,normal,false,11,67,0,5255,8120,3960,17820,false,true,false,13810,25,21345,90,4,4|4|4|6
1646,lookahead,64826,129,99,budget,7,100,true,6,3720,484,647,0.046511627906976744,0.35658914728682173,0.24031007751937986,0.08527131782945736,0.2713178294573643,34,4,normal,false,5,76,406,6635,7400,8925,41460,false,true,true,37100,35,27726,94,6,3|4|3|3|4|5
1647,lookahead,8115,30,0,budget,0,65,false,6,1120,121,177,0,1,0,0,0,0,-1,normal,false,4,18,0,8115,0,0,0,false,false,true,0,0,8115,30,0,
1648,lookahead,7924,44,14,budget,0,91,true,6,1110,134,207,0.06818181818181818,0.6818181818181818,0.20454545454545456,0.045454545454545456,0,6,5,normal,false,3,23,294,5365,1500,765,0,true,false,true,0,0,7924,44,0,
1649,lookahead,9255,33,12,lock,0,96,true,5,1680,120,178,0,0.8181818181818182,0.12121212121212122,0.06060606060606061,0,4,25,normal,false,6,18,30,4885,3710,630,0,true,true,true,0,0,9255,33,0,
1650,lookahead,8333,36,6,budget,0,90,true,5,1320,135,200,0.08333333333333333,0.8888888888888888,0,0.027777777777777776,0,4,3,normal,false,7,15,278,6060,1860,135,0,true,false,true,0,0,8333,36,0,
1651,lookahead,5115,30,0,budget,0,66,true,4,735,90,145,0.03333333333333333,0.9666666666666667,0,0,0,1,9,normal,false,4,12,135,4980,0,0,0,false,false,true,0,0,5115,30,0,
1652,lookahead,14290,50,20,budget,0,99,true,11,3275,217,288,0.02,0.82,0.12,0.04,0,8,6,normal,false,5,30,205,12230,1630,225,0,true,true,false,0,0,14290,50,0,
1653,lookahead,11030,44,14,budget,0,94,false,7,2315,152,209,0,0.7954545454545454,0.20454545454545456,0,0,6,1,normal,false,5,17,0,7760,2730,540,0,true,false,true,0,0,11030,44,0,
1654,lookahead,9250,34,4,budget,0,76,false,8,2020,137,192,0,1,0,0,0,2,2,normal,false,2,19,0,8040,1210,0,0,false,false,true,0,0,9250,34,0,
1655,lookahead,32915,95,65,budget,1,100,true,9,4160,314,472,0,0.5473684210526316,0.35789473684210527,0.042105263157894736,0.05263157894736842,26,2,normal,false,4,57,60,11320,13210,2265,6060,false,false,false,6500,5,26415,90,1,3
1656,lookahead,6863,34,4,budget,0,82,true,5,1200,122,163,0.058823529411764705,0.8529411764705882,0.08823529411764706,0,0,3,13,normal,false,6,14,98,6345,420,0,0,false,false,false,0,0,6863,34,0,
1657,lookahead,37010,83,53,budget,3,100,true,6,2600,312,471,0.024096385542168676,0.46987951807228917,0.24096385542168675,0.08433734939759036,0.18072289156626506,15,1,crash,false,7,45,105,9505,5440,7560,14400,false,true,false,13540,15,23470,68,3,3|2|8
1658,lookahead,5270,30,0,budget,0,69,false,5,945,90,130,0,1,0,0,0,0,-1,normal,false,5,14,0,5270,0,0,0,false,false,true,0,0,5270,30,0,
1659,lookahead,56910,136,106,budget,4,100,true,8,9030,491,712,0,0.5220588235294118,0.25,0.08088235294117647,0.14705882352941177,36,1,normal,false,6,83,160,12355,12270,8625,23500,false,true,false,21960,20,34950,116,4,2|7|2|5
1660,lookahead,21963,33,32,lock,2,100,true,5,3120,128,181,0.06060606060606061,0.2727272727272727,0.2727272727272727,0.09090909090909091,0.30303030303030304,12,2,crash,false,5,24,23,960,4310,2370,14300,false,true,false,13680,10,8283,23,2,3|2
1661,lookahead,12341,41,11,budget,1,100,true,5,1500,157,210,0.07317073170731707,0.7073170731707317,0.04878048780487805,0.04878048780487805,0.12195121951219512,4,1,normal,false,3,22,276,6525,880,720,3940,false,true,true,2730,5,9611,36,1,3
1662,lookahead,7088,40,10,budget,0,90,true,5,1000,125,195,0.075,0.775,0.15,0,0,7,5,normal,false,4,21,158,6060,600,270,0,true,false,true,0,0,7088,40,0,
1663,lookahead,6475,43,13,budget,1,100,true,4,950,112,155,0.046511627906976744,0.6511627906976745,0.16279069767441862,0.023255813953488372,0.11627906976744186,5,18,keto,false,6,22,150,2895,1930,180,1320,false,false,true,1380,5,5095,38,1,3
1664,lookahead,14585,55,25,budget,1,100,true,5,3180,154,260,0.14545454545454545,0.6,0.16363636363636364,0,0.09090909090909091,11,1,crash,false,6,25,435,5350,3010,630,5160,false,false,false,5920,5,8665,50,0,
1665,lookahead,47885,114,84,budget,6,100,true,5,3690,392,562,0,0.45614035087719296,0.21052631578947367,0.07017543859649122,0.2631578947368421,26,4,normal,false,5,72,30,8760,9440,4755,24900,false,true,true,21740,30,26145,84,5,4|6|6|3|3
1666,lookahead,58033,154,124,budget,10,100,true,7,2960,496,676,0.032467532467532464,0.33116883116883117,0.22727272727272727,0.08441558441558442,0.3246753246753247,40,1,normal,false,4,88,1718,9125,8280,9030,29880,false,true,true,25990,50,32043,104,8,4|5|4|4|4|4|4|3
1667,lookahead,14885,54,24,budget,2,100,true,5,2520,154,248,0.037037037037037035,0.6296296296296297,0.09259259259259259,0.05555555555555555,0.18518518518518517,10,2,normal,false,6,29,90,5110,2520,405,6760,false,true,false,6470,10,8415,44,2,3|3
1668,lookahead,4078,30,0,budget,0,66,true,4,525,84,138,0.13333333333333333,0.8666666666666667,0,0,0,3,7,normal,false,6,12,318,3760,0,0,0,false,false,false,0,0,4078,30,0,
1669,lookahead,49755,114,84,budget,6,100,true,5,3700,439,623,0,0.5263157894736842,0.14035087719298245,0.07017543859649122,0.2631578947368421,26,1,normal,false,4,70,100,11610,7040,5505,25500,false,true,false,23415,30,26340,84,6,2|4|3|2|4|3
1670,lookahead,4093,32,2,budget,0,75,true,6,1230,80,122,0.09375,0.90625,0,0,0,2,11,normal,false,6,15,403,3510,180,0,0,false,false,false,0,0,4093,32,0,
1671,lookahead,4850,20,12,lock,0,97,false,5,1975,64,84,0,0.8,0.15,0.05,0,4,10,normal,false,5,10,0,2330,450,2070,0,true,true,false,0,0,4850,20,0,
1672,lookahead,10150,44,14,budget,0,90,true,8,2010,141,211,0.06818181818181818,0.75,0.1590909090909091,0.022727272727272728,0,9,3,normal,false,5,22,280,6915,2820,135,0,true,false,false,0,0,10150,44,0,
1673,lookahead,10105,46,16,budget,0,84,true,8,1390,155,225,0.021739130434782608,0.8695652173913043,0.10869565217391304,0,0,9,1,normal,false,4,26,85,7980,2040,0,0,false,false,true,0,0,10105,46,0,
1674,lookahead,3025,12,2,lock,0,70,true,7,1335,30,79,0.16666666666666666,0.8333333333333334,0,0,0,2,1,normal,false,4,7,185,2300,540,0,0,false,false,false,0,0,3025,12,0,
1675,lookahead,28002,71,41,budget,3,100,true,6,4300,241,361,0.04225352112676056,0.6056338028169014,0.09859154929577464,0.04225352112676056,0.2112676056338028,17,17,normal,false,3,43,667,5925,5240,810,15360,false,true,false,11710,15,16292,56,3,3|3|3
1676,lookahead,18666,70,40,budget,0,97,true,6,2255,228,344,0.04285714285714286,0.7714285714285715,0.12857142857142856,0.05714285714285714,0,18,2,normal,false,8,40,441,8170,6830,3225,0,true,true,true,0,0,18666,70,0,
1677,lookahead,47980,104,90,lock,6,100,false,6,3860,345,468,0,0.25,0.36538461538461536,0.09615384615384616,0.28846153846153844,31,1,normal,false,5,59,0,3185,11340,3555,29900,false,true,false,26380,30,21600,74,5,5|3|3|11|2
1678,lookahead,31898,97,67,budget,5,100,true,6,4160,292,415,0.030927835051546393,0.4536082474226804,0.15463917525773196,0.10309278350515463,0.25773195876288657,22,3,normal,false,7,51,203,7020,4780,4335,15560,false,true,false,15510,25,16388,72,5,3|4|7|2|3
1679,lookahead,45,1,0,lock,0,50,false,1,45,0,3,0,1,0,0,0,0,-1,normal,false,1,0,0,45,0,0,0,false,false,false,0,0,45,1,0,
1680,lookahead,3009,30,0,budget,0,50,true,4,435,55,121,0.5,0.5,0,0,0,3,15,normal,false,4,11,694,2315,0,0,0,false,false,false,0,0,3009,30,0,
1681,lookahead,15373,60,30,budget,0,98,true,7,1725,203,305,0.08333333333333333,0.6666666666666666,0.16666666666666666,0.08333333333333333,0,15,10,normal,false,6,34,678,7645,4080,2970,0,true,true,true,0,0,15373,60,0,
1682,lookahead,4210,30,0,budget,0,67,false,6,915,86,120,0,1,0,0,0,0,-1,normal,false,6,10,0,4210,0,0,0,false,false,false,0,0,4210,30,0,
1683,lookahead,5895,30,0,budget,0,60,true,4,595,104,181,0.2,0.8,0,0,0,1,9,normal,false,4,17,850,5045,0,0,0,false,false,true,0,0,5895,30,0,
1684,lookahead,6686,32,2,budget,0,82,true,5,795,102,177,0.09375,0.84375,0.0625,0,0,4,3,normal,false,2,17,441,6095,150,0,0,false,false,true,0,0,6686,32,0,
1685,lookahead,60710,133,103,budget,7,100,false,6,4980,422,629,0,0.3609022556390977,0.2631578947368421,0.11278195488721804,0.2631578947368421,35,4,normal,false,7,81,0,5905,13760,8745,32300,false,true,false,30600,35,30110,98,7,2|5|8|3|4|2|3
1686,lookahead,6423,32,2,budget,0,70,true,4,840,99,180,0.1875,0.8125,0,0,0,5,8,normal,false,4,18,648,5415,360,0,0,false,false,true,0,0,6423,32,0,
1687,lookahead,11325,59,29,budget,1,100,true,4,1680,165,214,0,0.7627118644067796,0.13559322033898305,0.01694915254237288,0.0847457627118644,12,5,normal,false,5,24,80,4600,1340,1845,3460,false,true,false,2580,5,8745,54,1,6
1688,lookahead,12829,57,27,budget,1,100,true,5,1110,177,260,0.07017543859649122,0.7192982456140351,0.10526315789473684,0.017543859649122806,0.08771929824561403,12,1,normal,false,6,30,409,6470,3520,90,2340,false,false,true,2250,5,10579,52,1,3
1689,lookahead,7793,36,6,budget,0,94,true,5,1275,125,185,0.05555555555555555,0.8611111111111112,0.05555555555555555,0.027777777777777776,0,4,4,crash,false,12,14,53,7060,410,270,0,true,false,false,0,0,7793,36,0,
1690,lookahead,6860,32,2,budget,0,75,true,6,1350,100,164,0.09375,0.875,0.03125,0,0,3,7,normal,false,4,14,195,5825,840,0,0,false,false,true,0,0,6860,32,0,
1691,lookahead,23495,61,31,budget,3,100,true,5,3740,204,289,0.03278688524590164,0.5901639344262295,0.09836065573770492,0.03278688524590164,0.2459016393442623,10,2,normal,false,4,32,30,5365,2210,2610,13280,false,true,false,12780,15,10715,46,3,2|3|3
1692,lookahead,7192,36,6,budget,0,77,true,7,1575,105,164,0.16666666666666666,0.8055555555555556,0.027777777777777776,0,0,6,8,normal,false,4,15,317,6005,870,0,0,false,false,true,0,0,7192,36,0,
1693,lookahead,24570,82,52,budget,2,100,true,6,2035,270,358,0,0.6219512195121951,0.21951219512195122,0.036585365853658534,0.12195121951219512,19,1,normal,false,6,47,30,9540,5840,1980,7180,false,false,false,6940,10,17630,72,2,2|2
1694,lookahead,22860,56,26,budget,2,100,true,5,3660,208,339,0.017857142857142856,0.6607142857142857,0.14285714285714285,0,0.17857142857142858,9,3,normal,false,4,32,240,8430,3730,540,9920,false,false,true,10200,10,12660,46,2,2|3
1695,lookahead,16070,59,29,budget,1,100,true,5,1350,179,264,0.01694915254237288,0.576271186440678,0.22033898305084745,0.1016949152542373,0.0847457627118644,12,2,normal,false,6,27,125,5320,5150,2955,2520,false,true,true,1960,5,14110,54,1,3
1696,lookahead,16198,57,27,budget,1,100,true,6,1620,177,336,0.19298245614035087,0.49122807017543857,0.17543859649122806,0.05263157894736842,0.08771929824561403,14,1,normal,false,4,33,1428,7070,3510,1710,2480,false,true,true,2390,5,13808,52,1,4
1697,lookahead,59710,96,66,budget,6,100,true,6,4060,390,557,0.041666666666666664,0.3854166666666667,0.16666666666666666,0.09375,0.3125,23,1,crash,false,7,52,150,6700,7770,5910,39180,false,true,false,28800,30,30910,66,6,2|2|4|3|6|3
1698,lookahead,30881,100,70,budget,2,100,true,7,2265,313,535,0.08,0.59,0.15,0.08,0.1,29,2,crash,false,6,65,391,11805,8320,4545,5820,false,true,true,4370,10,26511,90,2,3|3
1699,lookahead,6965,30,0,budget,0,67,true,6,1825,109,157,0.03333333333333333,0.9666666666666667,0,0,0,1,14,normal,false,6,14,15,6950,0,0,0,false,false,true,0,0,6965,30,0,
1700,lookahead,28450,82,52,budget,2,100,true,6,3240,288,398,0,0.5975609756097561,0.2073170731707317,0.07317073170731707,0.12195121951219512,19,1,normal,false,4,53,140,7765,4920,5205,10420,false,true,false,9970,10,18480,72,2,2|3
1701,lookahead,72050,134,117,lock,7,100,true,6,5340,493,695,0.007462686567164179,0.34328358208955223,0.2835820895522388,0.1044776119402985,0.26119402985074625,38,2,crash,false,5,79,45,9010,9230,14085,39680,false,true,false,38190,35,33860,99,7,2|11|5|3|5|5|2
1702,lookahead,8429,46,16,budget,0,94,true,7,1560,135,233,0.21739130434782608,0.6521739130434783,0.10869565217391304,0.021739130434782608,0,9,4,normal,false,2,28,1109,5850,930,540,0,true,false,true,0,0,8429,46,0,
1703,lookahead,6570,30,0,budget,0,56,true,5,770,108,156,0,1,0,0,0,0,-1,normal,false,5,13,30,6540,0,0,0,false,false,true,0,0,6570,30,0,
1704,lookahead,13530,51,21,budget,1,100,true,4,2320,154,217,0.0196078431372549,0.7058823529411765,0.13725490196078433,0.0392156862745098,0.09803921568627451,10,25,normal,false,6,29,50,4260,1480,4680,3060,false,true,true,3030,5,10500,46,1,8
1705,lookahead,3501,27,8,lock,0,82,true,4,360,63,117,0.14814814814814814,0.7777777777777778,0.07407407407407407,0,0,5,1,normal,false,6,10,471,2430,600,0,0,false,false,false,0,0,3501,27,0,
1706,lookahead,7240,36,6,budget,0,77,true,6,900,119,175,0.027777777777777776,0.9444444444444444,0.027777777777777776,0,0,4,18,normal,false,3,17,20,6740,480,0,0,false,false,true,0,0,7240,36,0,
1707,lookahead,86949,178,148,budget,8,100,true,6,5100,626,904,0.016853932584269662,0.42134831460674155,0.28651685393258425,0.05056179775280899,0.2247191011235955,48,2,normal,false,12,101,149,13460,19150,6690,47500,false,true,true,47880,40,39069,138,5,3|3|3|4|5
1708,lookahead,4595,36,6,budget,0,89,false,3,735,93,124,0,0.8888888888888888,0.1111111111111111,0,0,2,7,normal,false,8,10,0,3260,660,675,0,false,false,false,0,0,4595,36,0,
1709,lookahead,11240,54,24,budget,0,98,true,5,1595,170,245,0.037037037037037035,0.7777777777777778,0.16666666666666666,0.018518518518518517,0,11,2,normal,false,5,27,90,7215,1910,2025,0,true,true,false,0,0,11240,54,0,
1710,lookahead,58445,92,62,budget,6,100,true,6,6100,369,563,0,0.44565217391304346,0.1956521739130435,0.03260869565217391,0.32608695652173914,16,1,normal,false,6,49,120,9265,8320,2820,37920,false,false,true,32740,30,25705,62,6,2|3|2|2|3|6
1711,lookahead,33200,92,62,budget,4,100,false,7,3000,266,382,0,0.5108695652173914,0.17391304347826086,0.09782608695652174,0.21739130434782608,22,25,normal,false,9,46,0,6560,6960,6600,13080,false,true,false,11700,20,21500,72,4,2|7|4|4
1712,lookahead,4605,32,2,budget,0,78,true,4,580,89,148,0.21875,0.75,0.03125,0,0,4,8,crash,false,3,13,295,4190,120,0,0,false,false,false,0,0,4605,32,0,
1713,lookahead,6746,38,8,budget,0,79,true,6,1080,118,198,0.2631578947368421,0.7368421052631579,0,0,0,7,3,crash,false,4,24,1146,5120,480,0,0,false,false,true,0,0,6746,38,0,
1714,lookahead,15375,49,19,budget,1,100,true,6,3000,166,206,0,0.6530612244897959,0.16326530612244897,0.08163265306122448,0.10204081632653061,6,2,normal,false,5,27,30,5030,2980,2535,4800,false,true,false,1890,5,13485,44,1,4
1715,lookahead,25033,71,41,budget,1,100,true,9,7020,215,331,0.028169014084507043,0.676056338028169,0.18309859154929578,0.04225352112676056,0.07042253521126761,20,2,normal,false,3,46,118,6515,6220,1440,10740,false,false,false,10650,5,14383,66,1,2
1716,lookahead,6910,42,12,budget,0,80,true,7,1445,119,185,0.23809523809523808,0.6904761904761905,0.07142857142857142,0,0,11,4,normal,false,7,22,360,5120,1430,0,0,false,false,false,0,0,6910,42,0,
1717,lookahead,19353,60,30,budget,2,100,true,7,2640,181,265,0.05,0.48333333333333334,0.26666666666666666,0.03333333333333333,0.16666666666666666,8,1,crash,false,11,29,393,3730,5280,810,9140,false,false,true,8970,10,10383,50,2,3|5
1718,lookahead,35690,84,92,lock,4,100,false,5,2880,289,392,0,0.2261904761904762,0.4166666666666667,0.11904761904761904,0.23809523809523808,29,1,normal,false,3,62,0,1965,10690,3915,19120,false,true,false,18010,20,17680,64,4,2|9|2|2
1719,lookahead,20545,60,30,budget,2,100,true,5,3100,188,280,0,0.6333333333333333,0.16666666666666666,0.03333333333333333,0.16666666666666666,11,11,normal,false,5,36,40,4625,4110,450,11320,false,false,false,9500,10,11045,50,2,2|3
1720,lookahead,6188,30,0,budget,0,62,true,6,1335,89,193,0.43333333333333335,0.5666666666666667,0,0,0,5,8,normal,false,3,15,1203,4985,0,0,0,false,false,false,0,0,6188,30,0,
1721,lookahead,115690,221,191,budget,13,100,true,6,4000,858,1149,0.004524886877828055,0.3755656108597285,0.25339366515837103,0.07239819004524888,0.29411764705882354,63,12,normal,false,6,137,310,17025,21100,20175,57080,false,true,true,55265,65,60425,156,11,8|5|8|4|2|4|4|3|5|4|10
1722,lookahead,10355,45,15,budget,1,100,false,4,1200,147,181,0,0.6888888888888889,0.2,0,0.1111111111111111,5,13,normal,false,3,23,0,3850,2090,1215,3200,false,false,false,3280,5,7075,40,0,
1723,lookahead,7060,32,2,budget,0,72,false,5,1180,117,165,0,0.96875,0.03125,0,0,1,23,normal,false,8,11,0,6880,180,0,0,false,false,false,0,0,7060,32,0,
1724,lookahead,10395,42,12,budget,0,97,false,5,1810,128,192,0,0.8333333333333334,0.14285714285714285,0.023809523809523808,0,6,18,normal,false,5,15,0,4310,4690,1395,0,true,true,false,0,0,10395,42,0,
1725,lookahead,6361,34,4,budget,0,90,true,6,750,102,201,0.35294117647058826,0.5882352941176471,0.058823529411764705,0,0,4,7,normal,false,5,18,1601,4220,270,270,0,true,false,false,0,0,6361,34,0,
1726,lookahead,7990,50,20,budget,0,93,true,4,675,137,202,0,0.7,0.22,0.08,0,8,13,normal,false,11,21,365,4160,2880,585,0,true,false,false,0,0,7990,50,0,
1727,lookahead,20815,68,38,budget,2,100,true,6,3620,205,302,0.11764705882352941,0.5294117647058824,0.14705882352941177,0.058823529411764705,0.14705882352941177,13,3,crash,false,5,34,1050,5290,3660,2655,8160,false,true,true,6090,10,14725,58,2,6|4
1728,lookahead,6695,30,0,budget,0,64,true,5,1295,105,170,0.03333333333333333,0.9666666666666667,0,0,0,1,19,normal,false,5,13,15,6680,0,0,0,false,false,true,0,0,6695,30,0,
1729,lookahead,16075,59,29,budget,1,100,true,5,2940,180,271,0.01694915254237288,0.6271186440677966,0.22033898305084745,0.05084745762711865,0.0847457627118644,13,2,normal,false,4,31,285,5025,2800,2385,5580,false,false,true,3675,5,12400,54,1,3
1730,lookahead,5608,32,2,budget,0,75,true,6,1125,100,157,0.09375,0.875,0.03125,0,0,3,10,normal,false,8,14,123,5395,90,0,0,false,false,true,0,0,5608,32,0,
1731,lookahead,5028,30,0,budget,0,55,true,5,960,86,144,0.1,0.9,0,0,0,2,17,normal,false,7,13,393,4635,0,0,0,false,false,true,0,0,5028,30,0,
1732,lookahead,51755,85,55,budget,5,100,false,6,5820,325,467,0,0.4823529411764706,0.21176470588235294,0.011764705882352941,0.29411764705882354,14,20,normal,false,9,47,0,7505,3520,2250,38480,false,false,false,29180,25,22575,60,5,3|2|3|3|4
1733,lookahead,3249,30,0,budget,0,55,true,5,435,67,115,0.26666666666666666,0.7333333333333333,0,0,0,3,11,crash,false,6,11,569,2680,0,0,0,false,false,false,0,0,3249,30,0,
1734,lookahead,22820,76,46,budget,2,100,false,6,1500,242,342,0,0.6052631578947368,0.19736842105263158,0.06578947368421052,0.13157894736842105,15,2,normal,false,5,39,0,8940,3570,3630,6680,false,true,false,5690,10,17130,66,2,2|4
1735,lookahead,2965,30,0,budget,0,59,true,3,305,59,111,0.03333333333333333,0.9666666666666667,0,0,0,0,-1,crash,false,4,12,30,2935,0,0,0,false,false,false,0,0,2965,30,0,
1736,lookahead,39069,91,61,budget,3,100,true,6,4600,275,446,0.03296703296703297,0.5384615384615384,0.21978021978021978,0.04395604395604396,0.16483516483516483,23,13,normal,false,4,49,459,5240,6390,5940,21040,false,true,false,18930,15,20139,76,2,3|2
1737,lookahead,8225,40,10,budget,0,90,false,4,1500,125,197,0,0.85,0.15,0,0,4,24,normal,false,8,19,0,5735,2130,360,0,true,false,true,0,0,8225,40,0,
1738,lookahead,7430,30,0,budget,0,62,true,8,1515,98,194,0.13333333333333333,0.8666666666666667,0,0,0,2,24,normal,false,7,15,630,6800,0,0,0,false,false,true,0,0,7430,30,0,
1739,lookahead,6120,32,2,budget,0,73,true,5,965,111,173,0.03125,0.9375,0.03125,0,0,2,2,normal,false,5,12,150,5880,90,0,0,false,false,false,0,0,6120,32,0,
1740,lookahead,28780,70,40,budget,2,100,true,6,4640,220,338,0.05714285714285714,0.5714285714285714,0.17142857142857143,0.05714285714285714,0.14285714285714285,15,2,crash,false,8,37,350,5020,4700,3870,14840,false,true,false,13430,10,15350,60,2,4|10
1741,lookahead,6853,30,0,budget,0,66,true,7,1435,101,158,0.03333333333333333,0.9666666666666667,0,0,0,1,17,normal,false,3,17,203,6650,0,0,0,false,false,true,0,0,6853,30,0,
1742,lookahead,16706,53,23,budget,3,100,true,4,2700,157,234,0.11320754716981132,0.4528301886792453,0.09433962264150944,0.05660377358490566,0.2830188679245283,8,3,normal,false,7,21,196,4470,490,1410,10140,false,true,false,9050,15,7656,38,3,3|4|3
1743,lookahead,10116,42,12,budget,0,94,true,7,2015,149,230,0.07142857142857142,0.8095238095238095,0.09523809523809523,0.023809523809523808,0,6,1,normal,false,6,22,656,7085,2240,135,0,true,false,false,0,0,10116,42,0,
1744,lookahead,11420,41,11,budget,1,100,true,6,1820,172,204,0,0.7804878048780488,0.0975609756097561,0,0.12195121951219512,3,2,normal,false,3,24,60,6880,960,300,3220,false,false,false,3460,5,7960,36,1,2
1745,lookahead,10305,40,10,budget,0,92,true,6,1740,139,222,0.05,0.875,0.05,0.025,0,5,12,normal,false,5,22,90,7185,2760,270,0,true,false,false,0,0,10305,40,0,
1746,lookahead,12423,43,13,budget,1,100,true,6,1080,149,231,0.06976744186046512,0.627906976744186,0.16279069767441862,0.023255813953488372,0.11627906976744186,5,16,crash,false,3,27,158,6155,2440,90,3580,false,false,false,2770,5,9653,38,1,2
1747,lookahead,3825,32,2,budget,0,74,false,4,405,80,110,0,1,0,0,0,1,18,normal,false,5,15,0,3645,180,0,0,false,false,false,0,0,3825,32,0,
1748,lookahead,12565,46,16,budget,0,87,false,7,3720,160,247,0,0.9130434782608695,0.08695652173913043,0,0,8,1,normal,false,8,23,0,7645,4920,0,0,false,false,true,0,0,12565,46,0,
1749,lookahead,5963,32,2,budget,0,77,true,6,885,90,166,0.0625,0.90625,0.03125,0,0,2,4,normal,false,4,13,173,5700,90,0,0,false,false,false,0,0,5963,32,0,
1750,lookahead,1640,9,0,lock,0,62,false,4,610,31,40,0,1,0,0,0,0,-1,normal,false,4,4,0,1640,0,0,0,false,false,true,0,0,1640,9,0,
1751,lookahead,58356,116,86,budget,6,100,true,6,8180,360,571,0.02586206896551724,0.4482758620689655,0.2413793103448276,0.02586206896551724,0.25862068965517243,31,1,normal,false,7,64,306,6585,10250,3375,37840,false,false,false,34825,30,23531,86,5,3|2|2|3|2
1752,lookahead,10718,44,14,budget,0,97,true,5,1170,148,226,0.06818181818181818,0.6818181818181818,0.20454545454545456,0.045454545454545456,0,8,2,normal,false,4,25,333,5540,3000,1845,0,true,true,true,0,0,10718,44,0,
1753,lookahead,4485,30,0,budget,0,66,true,5,855,80,129,0.06666666666666667,0.9333333333333333,0,0,0,2,24,normal,false,5,13,135,4350,0,0,0,false,false,true,0,0,4485,30,0,
1754,lookahead,24590,75,45,budget,3,100,true,10,5565,229,333,0.013333333333333334,0.5466666666666666,0.16,0.08,0.2,16,19,normal,false,5,39,15,7490,8130,2295,6660,false,true,false,6735,15,17855,60,3,7|3|6
1755,lookahead,41736,107,77,budget,3,100,true,7,4840,366,535,0.028037383177570093,0.6074766355140186,0.17757009345794392,0.04672897196261682,0.14018691588785046,28,7,normal,false,4,59,66,9910,11950,5910,13900,false,true,false,16970,15,24766,92,3,3|3|4
1756,lookahead,6123,34,4,budget,0,82,true,4,750,112,181,0.14705882352941177,0.8235294117647058,0.029411764705882353,0,0,5,2,normal,false,2,19,833,4030,1260,0,0,false,false,true,0,0,6123,34,0,
1757,lookahead,40040,96,66,budget,4,100,true,5,2430,331,440,0,0.4895833333333333,0.23958333333333334,0.0625,0.20833333333333334,22,1,normal,false,4,55,30,6460,6180,7290,20080,false,true,true,18830,20,21210,76,3,3|3|12
1758,lookahead,3631,30,0,budget,0,63,true,4,495,69,116,0.13333333333333333,0.8666666666666667,0,0,0,2,17,crash,false,6,12,296,3335,0,0,0,false,false,false,0,0,3631,30,0,
1759,lookahead,6343,30,0,budget,0,58,true,5,758,111,169,0.03333333333333333,0.9666666666666667,0,0,0,1,28,normal,false,6,14,593,5750,0,0,0,false,false,false,0,0,6343,30,0,
1760,lookahead,57261,141,111,budget,7,100,true,10,6410,452,665,0.0425531914893617,0.41134751773049644,0.24822695035460993,0.04964539007092199,0.24822695035460993,36,1,normal,false,6,76,786,9300,17030,8025,22120,false,true,false,21955,35,35306,106,6,2|3|4|3|2|2
1761,lookahead,5606,36,6,budget,0,79,true,5,825,90,170,0.08333333333333333,0.8611111111111112,0.05555555555555555,0,0,4,2,crash,false,5,18,371,4785,450,0,0,false,false,true,0,0,5606,36,0,
1762,lookahead,31235,113,83,budget,5,100,true,6,1480,323,457,0,0.5309734513274337,0.20353982300884957,0.04424778761061947,0.22123893805309736,28,16,normal,false,8,56,60,8095,7450,4110,11520,false,true,false,10800,25,20435,88,5,2|2|4|5|5
1763,lookahead,32600,92,62,budget,2,100,true,7,3965,292,421,0.010869565217391304,0.44565217391304346,0.40217391304347827,0.03260869565217391,0.10869565217391304,22,7,normal,false,4,51,90,5965,8510,10155,7880,false,true,false,8870,10,23730,82,2,3|4
1764,lookahead,3261,24,0,lock,0,62,true,5,555,63,101,0.125,0.875,0,0,0,1,9,crash,false,7,8,211,3050,0,0,0,false,false,false,0,0,3261,24,0,
1765,lookahead,8246,44,14,budget,0,94,true,5,945,129,213,0.22727272727272727,0.6363636363636364,0.09090909090909091,0.045454545454545456,0,9,5,normal,false,4,22,1366,4585,1620,675,0,true,false,false,0,0,8246,44,0,
1766,lookahead,30726,75,45,budget,3,100,true,4,2610,259,383,0.04,0.49333333333333335,0.21333333333333335,0.05333333333333334,0.2,15,1,normal,false,6,39,471,5645,6940,1890,15780,false,false,true,13100,15,17626,60,3,2|4|5
1767,lookahead,18964,49,19,budget,1,100,true,7,2820,171,284,0.10204081632653061,0.4897959183673469,0.22448979591836735,0.08163265306122448,0.10204081632653061,9,9,normal,false,4,27,619,5505,3750,5430,3660,false,true,false,5400,5,13564,44,1,9
1768,lookahead,7863,36,6,budget,0,80,true,7,1440,114,193,0.1388888888888889,0.8333333333333334,0.027777777777777776,0,0,5,2,crash,false,4,18,443,6730,690,0,0,false,false,false,0,0,7863,36,0,
1769,lookahead,7355,44,14,budget,0,80,true,4,1590,113,179,0,0.9545454545454546,0.045454545454545456,0,0,7,3,normal,false,8,14,30,4445,2880,0,0,false,false,false,0,0,7355,44,0,
1770,lookahead,20623,77,47,budget,3,100,true,5,1410,253,328,0.05194805194805195,0.5584415584415584,0.16883116883116883,0.025974025974025976,0.19480519480519481,18,2,normal,false,5,38,208,5985,3820,2310,8300,false,false,false,7690,15,12933,62,2,3|3
1771,lookahead,13278,51,21,budget,1,100,true,7,3410,138,229,0.21568627450980393,0.5098039215686274,0.1568627450980392,0.0196078431372549,0.09803921568627451,9,1,crash,false,5,24,683,4430,4040,1845,2280,false,true,false,2280,5,10998,46,1,3
1772,lookahead,11190,44,14,budget,0,93,false,6,1860,144,231,0,0.8409090909090909,0.13636363636363635,0.022727272727272728,0,7,1,normal,false,3,23,0,7590,3420,180,0,true,false,true,0,0,11190,44,0,
1773,lookahead,55541,122,92,budget,6,100,true,8,6870,427,634,0.01639344262295082,0.45901639344262296,0.20491803278688525,0.07377049180327869,0.2459016393442623,29,16,normal,false,4,76,906,10985,6370,12000,25280,false,true,true,22900,30,32641,92,6,6|4|5|2|4|2
1774,lookahead,4535,30,0,budget,0,65,true,6,1110,83,125,0.03333333333333333,0.9666666666666667,0,0,0,1,21,normal,false,4,15,210,4325,0,0,0,false,false,true,0,0,4535,30,0,
1775,lookahead,19036,62,32,budget,2,100,true,4,1800,213,335,0.03225806451612903,0.6290322580645161,0.14516129032258066,0.03225806451612903,0.16129032258064516,10,1,normal,false,5,37,451,6925,2760,1080,7820,false,false,true,5730,10,13306,52,2,2|3
1776,lookahead,4780,18,0,lock,0,67,false,4,740,76,111,0,1,0,0,0,0,-1,normal,false,2,12,0,4780,0,0,0,false,false,true,0,0,4780,18,0,
1777,lookahead,3303,30,0,budget,0,66,true,4,345,75,114,0.06666666666666667,0.9333333333333333,0,0,0,2,21,normal,false,6,13,328,2975,0,0,0,false,false,true,0,0,3303,30,0,
1778,lookahead,45611,110,80,budget,2,100,true,6,3750,386,583,0.05454545454545454,0.4909090909090909,0.3090909090909091,0.05454545454545454,0.09090909090909091,36,2,crash,false,4,74,396,9385,12300,8430,15100,false,true,false,13500,10,32111,100,2,4|2
1779,lookahead,4906,30,0,budget,0,64,true,6,1065,95,146,0.16666666666666666,0.8333333333333334,0,0,0,2,18,normal,false,9,10,691,4215,0,0,0,false,false,false,0,0,4906,30,0,
1780,lookahead,9590,38,8,budget,0,90,true,6,1095,130,217,0,0.9736842105263158,0.02631578947368421,0,0,3,7,normal,false,3,19,60,7535,1050,945,0,true,false,false,0,0,9590,38,0,
1781,lookahead,43980,79,49,budget,3,100,false,9,5460,321,506,0,0.46835443037974683,0.24050632911392406,0.10126582278481013,0.189873417721519,18,1,normal,false,4,51,0,10585,7480,6375,19540,false,true,false,17300,15,26680,64,3,4|4|7
1782,lookahead,11535,45,15,budget,1,100,true,5,1080,143,224,0.022222222222222223,0.7111111111111111,0.1111111111111111,0.044444444444444446,0.1111111111111111,5,6,normal,false,6,21,680,4510,2230,1215,2900,false,true,false,2710,5,8825,40,1,6
1783,lookahead,3195,14,0,lock,0,68,false,4,585,43,82,0,1,0,0,0,0,-1,normal,false,4,6,0,3195,0,0,0,false,false,true,0,0,3195,14,0,
1784,lookahead,5138,32,2,budget,0,70,true,6,1485,89,153,0.09375,0.90625,0,0,0,2,17,crash,false,4,13,298,4840,0,0,0,false,false,false,0,0,5138,32,0,
1785,lookahead,4185,30,0,budget,0,69,true,5,795,75,133,0,1,0,0,0,0,-1,normal,false,6,11,30,4155,0,0,0,false,false,false,0,0,4185,30,0,
1786,lookahead,17988,51,21,budget,1,100,true,6,5100,182,264,0.0392156862745098,0.7450980392156863,0.0784313725490196,0.0392156862745098,0.09803921568627451,8,19,normal,false,7,24,158,5565,4070,2115,6080,false,true,false,6450,5,11538,46,1,4
1787,lookahead,3900,30,0,budget,0,68,false,3,375,86,121,0,1,0,0,0,0,-1,normal,false,7,9,0,3900,0,0,0,false,false,false,0,0,3900,30,0,
1788,lookahead,7138,48,18,budget,0,94,true,4,690,132,190,0.08333333333333333,0.7916666666666666,0.10416666666666667,0.020833333333333332,0,9,2,crash,false,6,24,68,5000,1350,720,0,true,false,false,0,0,7138,48,0,
1789,lookahead,5120,30,0,budget,0,64,true,5,985,89,145,0.3,0.7,0,0,0,1,14,crash,false,7,12,910,4210,0,0,0,false,false,false,0,0,5120,30,0,
1790,lookahead,34509,80,50,budget,2,100,true,7,4240,316,466,0.05,0.5375,0.175,0.1125,0.125,18,1,normal,false,6,49,324,9220,6360,4785,13820,false,true,true,13575,10,20934,70,1,3
1791,lookahead,4509,30,0,budget,0,50,true,4,1080,80,138,0.2,0.8,0,0,0,3,7,normal,false,4,14,149,4360,0,0,0,false,false,true,0,0,4509,30,0,
1792,lookahead,12810,53,23,budget,1,100,true,5,1695,179,262,0.018867924528301886,0.6792452830188679,0.20754716981132076,0,0.09433962264150944,10,3,normal,false,4,32,180,6060,4360,510,1700,false,false,false,1820,5,10990,48,1,3
1793,lookahead,15103,56,26,budget,0,96,true,8,2025,184,290,0.19642857142857142,0.6428571428571429,0.16071428571428573,0,0,17,18,normal,false,5,31,673,6675,6000,1755,0,true,true,true,0,0,15103,56,0,
1794,lookahead,5901,30,0,budget,0,65,true,7,1545,105,155,0.13333333333333333,0.8666666666666667,0,0,0,1,14,crash,false,5,12,66,5835,0,0,0,false,false,false,0,0,5901,30,0,
1795,lookahead,67918,139,109,budget,7,100,true,7,5620,480,686,0.014388489208633094,0.460431654676259,0.22302158273381295,0.050359712230215826,0.2517985611510791,35,2,crash,false,8,86,98,7885,11590,5145,43200,false,true,false,33120,35,34798,104,7,3|2|3|2|3|2|4
1796,lookahead,2971,30,0,budget,0,62,true,4,585,66,95,0.13333333333333333,0.8666666666666667,0,0,0,1,19,normal,false,4,10,166,2805,0,0,0,false,false,false,0,0,2971,30,0,
1797,lookahead,19528,69,39,budget,1,100,true,7,2760,225,318,0.043478260869565216,0.6376811594202898,0.21739130434782608,0.028985507246376812,0.07246376811594203,17,1,normal,false,7,35,358,7300,5490,3060,3320,false,true,true,2890,5,16638,64,1,2
1798,lookahead,19910,76,46,budget,2,100,true,4,1350,252,319,0.02631578947368421,0.618421052631579,0.15789473684210525,0.06578947368421052,0.13157894736842105,17,1,normal,false,8,39,120,6465,5190,1935,6200,false,true,false,5550,10,14360,66,2,3|4
1799,lookahead,26973,94,64,budget,2,100,true,7,1860,309,439,0.031914893617021274,0.6063829787234043,0.22340425531914893,0.031914893617021274,0.10638297872340426,24,5,normal,false,9,56,143,8405,9560,3645,5220,false,true,true,6310,10,20663,84,1,3
1800,lookahead,4370,30,0,budget,0,66,true,4,525,80,132,0.3,0.7,0,0,0,2,5,normal,false,3,16,430,3940,0,0,0,false,false,true,0,0,4370,30,0,
1801,lookahead,24430,70,40,budget,2,100,true,6,1980,230,336,0.05714285714285714,0.5428571428571428,0.17142857142857143,0.08571428571428572,0.14285714285714285,16,12,normal,false,4,41,155,7150,4040,3285,9800,false,true,true,8530,10,15900,60,2,2|4
1802,lookahead,41160,83,53,budget,5,100,true,5,4120,304,424,0,0.5180722891566265,0.12048192771084337,0.060240963855421686,0.30120481927710846,16,5,normal,false,5,48,30,6375,5030,2325,27400,false,true,false,24010,25,17150,58,5,3|2|3|2|4
1803,lookahead,7345,32,2,budget,0,74,false,4,720,124,191,0,1,0,0,0,1,21,normal,false,3,15,0,7165,180,0,0,false,false,false,0,0,7345,32,0,
1804,lookahead,4860,34,4,budget,0,77,true,5,840,95,144,0.11764705882352941,0.8529411764705882,0.029411764705882353,0,0,4,4,crash,false,3,15,255,4275,330,0,0,false,false,true,0,0,4860,34,0,
1805,lookahead,7760,47,18,lock,0,99,true,4,1465,119,185,0.2127659574468085,0.6170212765957447,0.1276595744680851,0.0425531914893617,0,12,2,normal,false,6,23,535,3900,2830,495,0,true,true,false,0,0,7760,47,0,
1806,lookahead,3794,30,0,budget,0,56,true,5,875,71,124,0.2,0.8,0,0,0,2,8,crash,false,5,12,189,3605,0,0,0,false,false,false,0,0,3794,30,0,
1807,lookahead,5690,32,2,budget,0,83,false,4,525,98,169,0,0.9375,0.0625,0,0,1,2,normal,false,3,18,0,5510,180,0,0,false,false,true,0,0,5690,32,0,
1808,lookahead,8724,41,11,budget,1,100,true,7,2090,134,168,0.0975609756097561,0.6341463414634146,0.14634146341463414,0,0.12195121951219512,5,1,normal,false,7,13,144,4510,2470,360,1240,false,false,false,1540,5,7184,36,1,5
1809,lookahead,5385,30,0,budget,0,52,true,5,645,91,155,0.03333333333333333,0.9666666666666667,0,0,0,1,25,normal,false,4,14,130,5255,0,0,0,false,false,true,0,0,5385,30,0,
1810,lookahead,5527,30,0,budget,0,55,true,6,1035,92,176,0.4,0.6,0,0,0,4,7,normal,false,4,14,1122,4405,0,0,0,false,false,false,0,0,5527,30,0,
1811,lookahead,4757,30,0,budget,0,59,true,4,460,93,160,0.26666666666666666,0.7333333333333333,0,0,0,5,11,normal,false,2,18,857,3900,0,0,0,false,false,false,0,0,4757,30,0,
1812,lookahead,42938,121,91,budget,5,100,true,6,3360,406,590,0.05785123966942149,0.48760330578512395,0.19834710743801653,0.049586776859504134,0.2066115702479339,36,2,normal,false,7,72,1243,8365,11620,2370,19340,false,true,false,15000,25,27938,96,5,4|2|4|3|2
1813,lookahead,5128,34,4,budget,0,80,true,4,420,102,145,0.14705882352941177,0.8529411764705882,0,0,0,3,5,normal,false,6,14,248,4700,180,0,0,false,false,true,0,0,5128,34,0,
1814,lookahead,5781,36,6,budget,0,75,true,4,650,108,165,0.08333333333333333,0.8888888888888888,0.027777777777777776,0,0,6,3,normal,false,6,18,316,4745,720,0,0,false,false,true,0,0,5781,36,0,
1815,lookahead,5595,30,0,budget,0,66,false,6,795,98,136,0,1,0,0,0,0,-1,normal,false,5,9,0,5595,0,0,0,false,false,false,0,0,5595,30,0,
1816,lookahead,18660,58,28,budget,2,100,true,5,1860,189,287,0.10344827586206896,0.6379310344827587,0.06896551724137931,0.017241379310344827,0.1724137931034483,9,3,crash,false,5,28,220,6930,3300,450,7760,false,true,false,7200,10,11460,48,1,2
1817,lookahead,3432,32,2,budget,0,71,true,4,540,68,121,0.1875,0.8125,0,0,0,3,9,normal,false,5,12,512,2920,0,0,0,false,false,false,0,0,3432,32,0,
1818,lookahead,3858,30,0,budget,0,57,true,4,460,72,120,0.16666666666666666,0.8333333333333334,0,0,0,3,15,crash,false,6,9,228,3630,0,0,0,false,false,false,0,0,3858,30,0,
1819,lookahead,2290,30,0,budget,0,63,true,4,375,52,90,0.3,0.7,0,0,0,2,9,crash,false,6,10,200,2090,0,0,0,false,false,false,0,0,2290,30,0,
1820,lookahead,8115,40,10,budget,0,90,false,4,1020,114,188,0,0.825,0.175,0,0,5,20,normal,false,4,24,0,4965,2880,270,0,true,false,false,0,0,8115,40,0,
1821,lookahead,2915,30,0,budget,0,69,true,4,555,65,96,0.1,0.9,0,0,0,3,13,normal,false,5,12,90,2825,0,0,0,false,false,true,0,0,2915,30,0,
1822,lookahead,42685,104,74,budget,4,100,true,7,4330,402,549,0,0.5384615384615384,0.20192307692307693,0.0673076923076923,0.19230769230769232,24,2,normal,false,6,65,100,12990,8400,1935,19260,false,true,false,18505,20,24180,84,4,4|3|3|3
1823,lookahead,4337,30,0,budget,0,50,true,4,435,67,168,0.3,0.7,0,0,0,3,11,crash,false,7,14,1022,3315,0,0,0,false,false,true,0,0,4337,30,0,
1824,lookahead,11624,42,12,budget,0,94,true,6,1570,159,251,0.11904761904761904,0.7619047619047619,0.09523809523809523,0.023809523809523808,0,8,2,normal,false,5,24,204,7755,3170,495,0,true,false,false,0,0,11624,42,0,
1825,lookahead,50455,107,77,budget,5,100,true,6,2580,393,567,0.07476635514018691,0.411214953271028,0.19626168224299065,0.08411214953271028,0.2336448598130841,24,4,normal,false,5,61,515,8185,6860,11535,23360,false,true,true,22690,25,27765,82,4,4|3|3|3
1826,lookahead,12496,45,15,budget,1,100,true,5,1980,117,211,0.2,0.5777777777777777,0.1111111111111111,0,0.1111111111111111,9,3,crash,false,3,24,451,4480,1050,1155,5360,false,false,true,5300,5,7196,40,1,2
1827,lookahead,7654,30,0,budget,0,50,true,8,2085,101,190,0.3,0.7,0,0,0,6,4,normal,false,3,18,524,7130,0,0,0,false,false,false,0,0,7654,30,0,
1828,lookahead,9760,52,22,budget,0,90,true,4,690,157,219,0,0.8269230769230769,0.15384615384615385,0.019230769230769232,0,9,2,normal,false,6,28,60,5730,3070,900,0,true,false,true,0,0,9760,52,0,
1829,lookahead,48215,90,68,lock,4,100,false,9,7320,370,487,0,0.5222222222222223,0.2,0.05555555555555555,0.2222222222222222,23,12,keto,false,8,52,0,12145,6500,6570,23000,false,true,true,24695,20,23520,70,4,2|7|5|2
1830,lookahead,4312,30,0,budget,0,56,true,4,450,86,157,0.16666666666666666,0.8333333333333334,0,0,0,2,22,crash,false,6,14,932,3380,0,0,0,false,false,false,0,0,4312,30,0,
1831,lookahead,27740,83,54,lock,2,100,false,5,1860,264,369,0,0.4819277108433735,0.2891566265060241,0.10843373493975904,0.12048192771084337,21,3,normal,false,5,40,0,6905,6690,7485,6660,false,true,false,6855,10,20885,73,2,7|6
1832,lookahead,12398,45,15,budget,1,100,true,5,2400,152,199,0.044444444444444446,0.7111111111111111,0.13333333333333333,0,0.1111111111111111,6,3,normal,false,6,24,68,5925,1020,945,4440,false,false,true,5125,5,7273,40,1,2
1833,lookahead,16930,71,41,budget,1,100,true,5,1440,209,316,0.08450704225352113,0.5352112676056338,0.2535211267605634,0.056338028169014086,0.07042253521126761,19,2,normal,false,5,40,645,6700,4590,1035,3960,false,false,true,3930,5,13000,66,1,2
1834,lookahead,20518,86,56,budget,2,100,true,5,1410,265,326,0.03488372093023256,0.5,0.313953488372093,0.03488372093023256,0.11627906976744186,20,5,normal,false,6,43,218,6540,7970,2070,3720,false,true,true,3770,10,16748,76,2,4|15
1835,lookahead,5145,32,2,budget,0,71,true,5,675,99,133,0,1,0,0,0,1,23,normal,false,5,12,30,4845,270,0,0,false,false,true,0,0,5145,32,0,
1836,lookahead,18341,62,32,budget,2,100,true,6,1500,198,274,0.08064516129032258,0.5161290322580645,0.1935483870967742,0.04838709677419355,0.16129032258064516,14,9,normal,false,7,34,301,6525,4550,1485,5480,false,true,false,4130,10,14211,52,2,11|2
1837,lookahead,57555,116,86,budget,4,100,true,6,3660,437,639,0.017241379310344827,0.4396551724137931,0.3103448275862069,0.0603448275862069,0.1724137931034483,31,10,normal,false,9,64,430,7340,15740,11325,22720,false,true,false,20695,20,36860,96,4,3|3|2|3
1838,lookahead,39059,117,87,budget,3,100,true,5,3860,351,540,0.13675213675213677,0.4700854700854701,0.20512820512820512,0.05982905982905983,0.1282051282051282,35,2,normal,false,5,67,844,6660,10840,6795,13920,false,true,false,12260,15,26799,102,3,2|2|2
1839,lookahead,7700,42,12,budget,0,90,true,6,1295,118,186,0.023809523809523808,0.8809523809523809,0.07142857142857142,0.023809523809523808,0,7,2,normal,false,4,24,45,6560,960,135,0,true,false,true,0,0,7700,42,0,
1840,lookahead,30006,95,65,budget,3,100,true,6,3540,278,437,0.08421052631578947,0.5157894736842106,0.18947368421052632,0.05263157894736842,0.15789473684210525,24,14,crash,false,4,54,626,6235,9830,3795,9520,false,true,false,7935,15,22071,80,3,9|3|2
1841,lookahead,10497,43,13,budget,1,100,true,5,2880,115,184,0.23255813953488372,0.5581395348837209,0.06976744186046512,0.023255813953488372,0.11627906976744186,7,1,crash,false,4,20,557,3890,1020,90,4940,false,false,false,2150,5,8347,38,1,4
1842,lookahead,24450,84,54,budget,2,100,true,5,2880,251,363,0.011904761904761904,0.6309523809523809,0.20238095238095238,0.03571428571428571,0.11904761904761904,22,1,normal,false,6,43,90,6450,6440,3690,7780,false,true,true,7900,10,16550,74,2,3|7
1843,lookahead,4341,30,0,budget,0,68,true,5,675,91,130,0.13333333333333333,0.8666666666666667,0,0,0,1,23,normal,false,6,11,486,3855,0,0,0,false,false,true,0,0,4341,30,0,
1844,lookahead,4104,30,0,budget,0,54,true,5,750,79,133,0.23333333333333334,0.7666666666666667,0,0,0,2,25,normal,false,4,12,439,3665,0,0,0,false,false,true,0,0,4104,30,0,
1845,lookahead,48971,100,70,budget,4,100,true,7,3810,337,475,0.04,0.44,0.22,0.1,0.2,26,3,normal,false,9,54,256,5635,6560,9240,27280,false,true,false,21745,20,27226,80,4,4|2|4|5
1846,lookahead,3860,30,0,budget,0,66,true,4,420,83,119,0.03333333333333333,0.9666666666666667,0,0,0,1,16,normal,false,6,10,195,3665,0,0,0,false,false,true,0,0,3860,30,0,
1847,lookahead,11688,44,14,budget,0,94,true,5,1590,154,265,0.13636363636363635,0.6590909090909091,0.1590909090909091,0.045454545454545456,0,9,2,crash,false,3,28,618,7105,3110,855,0,true,false,false,0,0,11688,44,0,
1848,lookahead,6833,36,6,budget,0,84,true,6,1010,119,176,0.027777777777777776,0.8888888888888888,0.08333333333333333,0,0,4,16,normal,false,5,21,153,4900,1780,0,0,false,false,true,0,0,6833,36,0,
1849,lookahead,10641,50,20,budget,0,99,true,5,1500,137,218,0.12,0.58,0.22,0.08,0,9,2,normal,false,5,25,481,3845,5010,1305,0,true,true,true,0,0,10641,50,0,
1850,lookahead,255,3,0,lock,0,55,false,2,105,6,9,0,1,0,0,0,0,-1,normal,false,3,0,0,255,0,0,0,false,false,false,0,0,255,3,0,
1851,lookahead,5551,36,6,budget,0,80,true,5,735,99,164,0.08333333333333333,0.8611111111111112,0.05555555555555555,0,0,3,13,normal,false,4,18,191,4910,450,0,0,false,false,false,0,0,5551,36,0,
1852,lookahead,5748,30,0,budget,0,50,true,6,1380,87,167,0.1,0.9,0,0,0,3,9,normal,false,5,14,473,5275,0,0,0,false,false,true,0,0,5748,30,0,
1853,lookahead,28934,73,43,budget,3,100,true,6,3440,241,401,0.1095890410958904,0.5205479452054794,0.1506849315068493,0.0136986301369863,0.2054794520547945,15,6,normal,false,4,38,729,5825,9140,540,12700,false,false,false,12010,15,16924,58,2,2|3
1854,lookahead,28793,76,46,budget,2,100,true,5,3980,279,419,0.02631578947368421,0.6710526315789473,0.17105263157894737,0,0.13157894736842105,19,2,normal,false,3,48,343,9590,6000,180,12680,false,false,true,7650,10,21143,66,1,2
1855,lookahead,5860,32,2,budget,0,74,false,6,1135,110,151,0,0.96875,0.03125,0,0,1,1,normal,false,8,11,0,5680,180,0,0,false,false,false,0,0,5860,32,0,
1856,lookahead,33096,92,62,budget,2,100,true,7,4020,301,440,0.03260869565217391,0.5760869565217391,0.21739130434782608,0.06521739130434782,0.10869565217391304,26,9,normal,false,11,55,211,9000,6760,5565,11560,false,true,true,8890,10,24206,82,2,2|7
1857,lookahead,12646,47,17,budget,1,100,true,6,1620,160,217,0.06382978723404255,0.5957446808510638,0.1702127659574468,0.06382978723404255,0.10638297872340426,8,3,crash,false,8,23,361,4880,3750,675,2980,false,true,true,2380,5,10266,42,1,5
1858,lookahead,5265,32,2,budget,0,73,true,5,645,88,137,0,0.96875,0.03125,0,0,1,2,normal,false,3,18,30,5085,150,0,0,false,false,true,0,0,5265,32,0,
1859,lookahead,6860,38,8,budget,0,80,true,6,1800,116,171,0.07894736842105263,0.8421052631578947,0.07894736842105263,0,0,6,11,normal,false,8,18,150,5900,810,0,0,false,false,true,0,0,6860,38,0,
1860,lookahead,77060,133,103,budget,9,100,true,10,5660,535,704,0,0.38345864661654133,0.22556390977443608,0.05263157894736842,0.3383458646616541,32,2,normal,false,6,78,60,8945,15970,6765,45320,false,true,true,48150,45,28910,88,8,4|2|8|2|3|4|2|2
1861,lookahead,11835,39,9,budget,1,100,true,6,1760,137,187,0,0.7948717948717948,0.05128205128205128,0.02564102564102564,0.1282051282051282,3,1,normal,false,13,18,30,6265,510,450,4580,false,true,true,3710,5,8125,34,1,3
1862,lookahead,4870,30,0,budget,0,66,true,5,750,91,130,0,1,0,0,0,0,-1,normal,false,6,12,30,4840,0,0,0,false,false,false,0,0,4870,30,0,
1863,lookahead,6960,36,6,budget,0,94,true,5,1535,110,152,0,0.9722222222222222,0.027777777777777776,0,0,2,5,normal,false,4,14,60,5025,1200,675,0,true,false,false,0,0,6960,36,0,
1864,lookahead,7490,45,15,budget,1,100,false,4,960,107,155,0,0.7333333333333333,0.15555555555555556,0,0.1111111111111111,4,11,normal,false,5,20,0,4150,820,900,1620,false,false,false,2400,5,5090,40,1,5
1865,lookahead,6530,34,4,budget,0,75,true,4,1270,112,169,0.029411764705882353,0.9705882352941176,0,0,0,3,10,normal,false,8,13,135,5255,1140,0,0,false,false,false,0,0,6530,34,0,
1866,lookahead,2936,23,6,lock,0,90,true,4,435,57,92,0.08695652173913043,0.782608695652174,0.08695652173913043,0.043478260869565216,0,3,1,crash,false,5,10,351,2030,420,135,0,true,false,true,0,0,2936,23,0,
1867,lookahead,21207,70,40,budget,2,100,true,7,2720,210,308,0.08571428571428572,0.5285714285714286,0.21428571428571427,0.02857142857142857,0.14285714285714285,16,4,normal,false,6,39,432,5965,3250,1620,9940,false,true,false,8510,10,12697,60,1,7
1868,lookahead,33306,66,36,budget,2,100,true,6,4500,273,413,0.06060606060606061,0.5606060606060606,0.16666666666666666,0.06060606060606061,0.15151515151515152,13,1,normal,false,4,40,516,8465,5370,6675,12280,false,true,true,11050,10,22256,56,2,2|3
1869,lookahead,3339,30,0,budget,0,56,true,3,425,71,121,0.16666666666666666,0.8333333333333334,0,0,0,1,15,normal,false,4,13,404,2935,0,0,0,false,false,true,0,0,3339,30,0,
1870,lookahead,36497,98,68,budget,2,100,true,7,3680,320,474,0.061224489795918366,0.5204081632653061,0.23469387755102042,0.08163265306122448,0.10204081632653061,27,1,normal,false,8,55,547,7975,8230,5445,14300,false,true,true,13040,10,23457,88,2,8|3
1871,lookahead,33020,97,67,budget,3,100,true,6,4640,333,478,0.030927835051546393,0.6185567010309279,0.13402061855670103,0.061855670103092786,0.15463917525773196,22,3,crash,false,8,49,130,9625,6820,1905,14540,false,false,false,15175,15,17845,82,2,2|3
1872,lookahead,3971,30,0,budget,0,66,true,4,635,72,137,0.16666666666666666,0.8333333333333334,0,0,0,1,26,crash,false,4,13,331,3640,0,0,0,false,false,false,0,0,3971,30,0,
1873,lookahead,2641,30,0,budget,0,62,true,3,330,59,100,0.16666666666666666,0.8333333333333334,0,0,0,2,22,crash,false,13,10,316,2325,0,0,0,false,false,true,0,0,2641,30,0,
1874,lookahead,5060,30,0,budget,0,50,true,6,930,83,139,0.1,0.9,0,0,0,3,5,normal,false,4,13,135,4925,0,0,0,false,false,false,0,0,5060,30,0,
1875,lookahead,10538,42,12,budget,0,97,true,6,1470,129,240,0.21428571428571427,0.6190476190476191,0.11904761904761904,0.047619047619047616,0,8,7,crash,false,3,24,608,5835,1410,2685,0,true,true,false,0,0,10538,42,0,
1876,lookahead,4770,33,4,lock,0,80,true,4,605,87,149,0.09090909090909091,0.8787878787878788,0.030303030303030304,0,0,4,2,crash,false,5,15,195,4245,330,0,0,false,false,false,0,0,4770,33,0,
1877,lookahead,5725,32,2,budget,0,73,true,7,1320,100,160,0.09375,0.875,0.03125,0,0,4,2,normal,false,3,19,270,5305,150,0,0,false,false,true,0,0,5725,32,0,
1878,lookahead,47898,74,44,budget,4,100,true,10,10820,284,430,0.13513513513513514,0.4864864864864865,0.08108108108108109,0.02702702702702703,0.2702702702702703,14,2,normal,false,6,43,648,6425,3670,4695,32460,false,false,false,36105,20,11793,54,3,2|3|2
1879,lookahead,9805,41,11,budget,1,100,true,6,1110,122,178,0,0.8048780487804879,0.04878048780487805,0.024390243902439025,0.12195121951219512,4,20,normal,false,6,19,30,6155,330,90,3200,false,false,false,3170,5,6635,36,1,3
1880,lookahead,19381,56,26,budget,0,92,true,8,2640,200,336,0.17857142857142858,0.6428571428571429,0.10714285714285714,0.07142857142857142,0,15,1,normal,false,6,35,641,8370,8480,1890,0,true,false,true,0,0,19381,56,0,
1881,lookahead,23870,73,43,budget,3,100,false,5,2640,220,294,0,0.5753424657534246,0.1506849315068493,0.0684931506849315,0.2054794520547945,14,18,normal,false,6,38,0,4590,4820,3240,11220,false,true,true,9935,15,13935,58,3,2|4|3
1882,lookahead,4520,30,0,budget,0,64,true,5,600,78,128,0.03333333333333333,0.9666666666666667,0,0,0,1,11,normal,false,5,8,75,4445,0,0,0,false,false,false,0,0,4520,30,0,
1883,lookahead,4425,30,0,budget,0,68,false,5,630,86,118,0,1,0,0,0,0,-1,normal,false,4,13,0,4425,0,0,0,false,false,false,0,0,4425,30,0,
1884,lookahead,39921,126,96,budget,4,100,true,5,2520,382,558,0.05555555555555555,0.4523809523809524,0.23809523809523808,0.09523809523809523,0.15873015873015872,33,1,normal,false,6,62,401,6770,11380,5430,15940,false,true,false,11860,20,28061,106,4,3|5|2|6
1885,lookahead,7885,32,17,lock,1,100,false,4,900,129,144,0,0.625,0.15625,0.0625,0.15625,5,1,deep,true,5,15,0,3865,1380,960,1680,false,true,true,1440,5,6445,27,1,2
1886,lookahead,4189,32,2,budget,0,73,true,4,630,77,151,0.28125,0.6875,0.03125,0,0,5,2,normal,false,5,18,669,3400,120,0,0,false,false,false,0,0,4189,32,0,
1887,lookahead,32155,92,62,budget,2,100,false,7,3285,316,438,0,0.5869565217391305,0.20652173913043478,0.09782608695652174,0.10869565217391304,21,14,normal,false,6,57,0,9465,8300,6030,8360,false,true,true,8620,10,23535,82,2,2|2
1888,lookahead,7371,38,8,budget,0,90,true,6,915,120,182,0.07894736842105263,0.8421052631578947,0.05263157894736842,0.02631578947368421,0,5,8,crash,false,6,19,166,6785,150,270,0,true,false,false,0,0,7371,38,0,
1889,lookahead,15008,45,15,budget,1,100,true,4,2500,126,215,0.1111111111111111,0.7333333333333333,0.022222222222222223,0.022222222222222223,0.1111111111111111,9,13,normal,false,5,25,173,4530,990,135,9180,false,false,false,8955,5,6053,40,1,2
1890,lookahead,3291,30,0,budget,0,52,true,4,495,63,112,0.13333333333333333,0.8666666666666667,0,0,0,3,9,normal,false,4,14,146,3145,0,0,0,false,false,true,0,0,3291,30,0,
1891,lookahead,5575,36,6,budget,0,80,true,4,595,120,177,0.08333333333333333,0.8611111111111112,0.05555555555555555,0,0,4,14,normal,false,8,18,275,4880,420,0,0,false,false,false,0,0,5575,36,0,
1892,lookahead,7283,36,6,budget,0,85,true,7,1305,110,180,0.05555555555555555,0.8611111111111112,0.08333333333333333,0,0,5,3,normal,false,4,17,293,5910,1080,0,0,false,false,true,0,0,7283,36,0,
1893,lookahead,37978,105,75,budget,3,100,true,7,2100,327,482,0.01904761904761905,0.47619047619047616,0.24761904761904763,0.11428571428571428,0.14285714285714285,30,20,crash,false,5,63,53,10490,9220,5895,12320,false,true,false,12130,15,25848,90,3,8|5|3
1894,lookahead,4176,30,0,budget,0,69,true,6,1310,82,118,0.13333333333333333,0.8666666666666667,0,0,0,2,6,normal,false,5,12,181,3995,0,0,0,false,false,false,0,0,4176,30,0,
1895,lookahead,42985,109,79,budget,3,100,true,6,5320,406,523,0,0.44036697247706424,0.3486238532110092,0.07339449541284404,0.13761467889908258,29,1,normal,false,10,68,30,8090,13170,5355,16340,false,true,true,14460,15,28525,94,3,2|2|12
1896,lookahead,3658,30,0,budget,0,63,true,4,495,74,107,0.06666666666666667,0.9333333333333333,0,0,0,1,12,normal,false,8,11,188,3470,0,0,0,false,false,false,0,0,3658,30,0,
1897,lookahead,2915,25,2,lock,0,70,true,4,715,61,99,0,1,0,0,0,1,5,normal,false,7,5,115,2800,0,0,0,false,false,false,0,0,2915,25,0,
1898,lookahead,6926,48,18,budget,0,84,true,4,653,120,185,0.10416666666666667,0.75,0.14583333333333334,0,0,11,2,normal,false,10,20,331,4505,2090,0,0,false,false,false,0,0,6926,48,0,
1899,lookahead,4373,30,0,budget,0,65,true,5,750,85,137,0.3333333333333333,0.6666666666666666,0,0,0,2,19,normal,false,7,13,633,3740,0,0,0,false,false,true,0,0,4373,30,0,
1900,lookahead,9680,48,18,budget,0,88,false,7,1235,163,208,0,0.8541666666666666,0.125,0.020833333333333332,0,9,4,normal,false,8,24,0,8105,1440,135,0,false,false,true,0,0,9680,48,0,
1901,lookahead,8580,32,2,budget,0,73,true,8,2040,140,186,0,0.96875,0.03125,0,0,1,2,normal,false,2,17,255,8235,90,0,0,false,false,false,0,0,8580,32,0,
1902,lookahead,4370,36,6,budget,0,84,true,4,540,74,135,0.25,0.6944444444444444,0.05555555555555555,0,0,7,3,crash,false,3,15,460,2860,1050,0,0,false,false,false,0,0,4370,36,0,
1903,lookahead,3826,30,0,budget,0,60,true,5,705,76,114,0.13333333333333333,0.8666666666666667,0,0,0,1,28,normal,false,7,10,291,3535,0,0,0,false,false,true,0,0,3826,30,0,
1904,lookahead,3483,30,0,budget,0,56,true,3,345,79,119,0.16666666666666666,0.8333333333333334,0,0,0,2,17,normal,false,5,10,193,3290,0,0,0,false,false,true,0,0,3483,30,0,
1905,lookahead,7370,43,13,budget,1,100,true,5,825,119,166,0.16279069767441862,0.627906976744186,0.09302325581395349,0,0.11627906976744186,10,1,normal,false,5,22,225,4635,360,270,1880,false,false,false,1440,5,5930,38,1,3
1906,lookahead,5083,30,0,budget,0,52,true,5,840,87,142,0.03333333333333333,0.9666666666666667,0,0,0,1,4,normal,false,10,10,143,4940,0,0,0,false,false,false,0,0,5083,30,0,
1907,lookahead,8845,26,25,lock,1,100,false,4,2100,85,106,0,0.34615384615384615,0.34615384615384615,0.11538461538461539,0.19230769230769232,8,5,keto,true,4,19,0,1105,1760,1260,4720,false,true,false,3940,5,4905,21,1,4
1908,lookahead,7225,28,2,lock,0,71,true,6,1155,113,168,0.03571428571428571,0.9642857142857143,0,0,0,1,11,crash,false,4,12,50,7175,0,0,0,false,false,false,0,0,7225,28,0,
1909,lookahead,6546,32,2,budget,0,74,true,6,1755,101,178,0.15625,0.84375,0,0,0,4,1,normal,false,7,14,456,5910,180,0,0,false,false,false,0,0,6546,32,0,
1910,lookahead,10095,42,12,budget,0,94,true,6,1375,152,217,0.023809523809523808,0.8333333333333334,0.14285714285714285,0,0,7,2,normal,false,6,21,140,7420,1650,885,0,true,false,false,0,0,10095,42,0,
1911,lookahead,84955,171,165,lock,9,100,true,8,8660,646,778,0.005847953216374269,0.38011695906432746,0.2631578947368421,0.08771929824561403,0.2631578947368421,55,1,deep,false,6,100,15,9735,11080,13605,50520,false,true,true,47050,45,37905,126,8,5|4|2|4|5|5|3|2
1912,lookahead,4603,32,2,budget,0,75,true,4,855,85,131,0.125,0.875,0,0,0,3,8,normal,false,7,11,68,4355,180,0,0,false,false,true,0,0,4603,32,0,
1913,lookahead,4938,38,8,budget,0,85,true,4,750,90,141,0.05263157894736842,0.8947368421052632,0.05263157894736842,0,0,4,2,crash,false,6,15,53,3445,1440,0,0,false,false,false,0,0,4938,38,0,
1914,lookahead,15550,53,23,budget,1,100,true,4,2520,189,265,0,0.7358490566037735,0.11320754716981132,0.05660377358490566,0.09433962264150944,7,2,normal,false,7,27,180,5600,2740,2070,4960,false,false,false,6160,5,9390,48,1,3
1915,lookahead,39920,99,69,budget,3,100,false,5,4060,361,528,0,0.6363636363636364,0.13131313131313133,0.08080808080808081,0.15151515151515152,25,5,normal,false,5,56,0,8510,11370,3480,16560,false,true,false,16290,15,23630,84,3,5|3|3
1916,lookahead,6010,36,6,budget,0,82,false,4,630,111,152,0,0.9166666666666666,0.08333333333333333,0,0,3,9,normal,false,7,12,0,5170,840,0,0,false,false,true,0,0,6010,36,0,
1917,lookahead,13348,59,29,budget,1,100,true,5,960,196,283,0.03389830508474576,0.6271186440677966,0.1694915254237288,0.0847457627118644,0.0847457627118644,11,2,normal,false,4,28,328,7170,3180,630,2040,false,true,true,1950,5,11398,54,1,5
1918,lookahead,6538,30,0,budget,0,59,true,5,1065,102,175,0.03333333333333333,0.9666666666666667,0,0,0,1,21,normal,false,7,14,233,6305,0,0,0,false,false,true,0,0,6538,30,0,
1919,lookahead,3668,30,0,budget,0,62,true,4,420,66,128,0.23333333333333334,0.7666666666666667,0,0,0,1,18,crash,false,11,11,248,3420,0,0,0,false,false,false,0,0,3668,30,0,
1920,lookahead,5404,30,0,budget,0,65,true,6,975,87,158,0.16666666666666666,0.8333333333333334,0,0,0,2,11,normal,false,4,14,369,5035,0,0,0,false,false,true,0,0,5404,30,0,
1921,lookahead,77580,189,159,budget,9,100,true,6,4805,610,892,0,0.43915343915343913,0.2275132275132275,0.09523809523809523,0.23809523809523808,51,3,normal,false,6,113,225,11955,20980,10200,34220,false,true,false,36215,45,41365,144,9,5|2|4|4|5|2|3|5|2
1922,lookahead,14477,51,21,budget,1,100,true,6,2100,148,249,0.1568627450980392,0.6078431372549019,0.11764705882352941,0.0196078431372549,0.09803921568627451,9,2,normal,false,6,27,602,5335,4440,360,3740,false,false,true,3250,5,11227,46,1,2
1923,lookahead,11855,50,20,budget,2,100,true,5,1080,143,194,0.12,0.52,0.14,0.02,0.2,9,1,normal,false,7,18,535,3750,1780,450,5340,false,true,false,4630,10,7225,40,2,2|3
1924,lookahead,15951,51,21,budget,1,100,true,6,1860,164,248,0.0784313725490196,0.6078431372549019,0.1568627450980392,0.058823529411764705,0.09803921568627451,11,17,normal,false,4,31,221,6020,1620,1950,6140,false,false,false,4550,5,11401,46,1,9
1925,lookahead,3919,32,2,budget,0,73,true,3,430,85,144,0.1875,0.78125,0.03125,0,0,2,2,crash,false,3,16,354,3475,90,0,0,false,false,true,0,0,3919,32,0,
1926,lookahead,23843,64,34,budget,2,100,true,5,4200,215,322,0.15625,0.421875,0.265625,0,0.15625,15,1,normal,false,8,30,963,4015,5710,3735,9420,false,false,false,11445,10,12398,54,2,4|2
1927,lookahead,8975,50,20,budget,0,90,true,5,990,148,204,0,0.8,0.18,0.02,0,9,2,normal,false,11,21,140,5775,2520,540,0,true,false,true,0,0,8975,50,0,
1928,lookahead,3450,30,0,budget,0,62,true,3,360,76,110,0.06666666666666667,0.9333333333333333,0,0,0,2,13,normal,false,5,11,135,3315,0,0,0,false,false,false,0,0,3450,30,0,
1929,lookahead,18274,67,37,budget,3,100,true,6,2340,191,262,0.07462686567164178,0.44776119402985076,0.208955223880597,0.04477611940298507,0.22388059701492538,15,19,normal,false,6,37,369,4910,3170,1125,8700,false,true,false,8660,15,9614,52,3,3|12|2
1930,lookahead,9900,41,11,budget,1,100,true,6,1095,138,200,0,0.7804878048780488,0.0975609756097561,0,0.12195121951219512,4,14,normal,false,4,20,120,6860,580,0,2340,false,false,false,2080,5,7820,36,1,2
1931,lookahead,31275,65,35,budget,3,100,true,5,3720,262,360,0,0.6,0.12307692307692308,0.046153846153846156,0.23076923076923078,9,12,normal,false,7,38,120,7840,4150,525,18640,false,true,true,15750,15,15525,50,3,2|2|2
1932,lookahead,3506,30,0,budget,0,61,true,4,465,73,130,0.23333333333333334,0.7666666666666667,0,0,0,3,10,crash,false,5,9,581,2925,0,0,0,false,false,false,0,0,3506,30,0,
1933,lookahead,1719,19,0,lock,0,50,true,5,503,33,72,0.3684210526315789,0.631578947368421,0,0,0,2,11,normal,false,10,5,669,1050,0,0,0,false,false,true,0,0,1719,19,0,
1934,lookahead,10345,48,18,budget,0,83,false,5,1290,165,225,0,0.8333333333333334,0.16666666666666666,0,0,9,5,normal,false,4,28,0,6885,3460,0,0,false,false,true,0,0,10345,48,0,
1935,lookahead,29215,87,57,budget,3,100,true,5,1620,323,480,0,0.6206896551724138,0.1724137931034483,0.034482758620689655,0.1724137931034483,21,6,normal,false,5,51,275,10650,4770,5220,8300,false,true,false,8340,15,20875,72,3,4|8|3
1936,lookahead,55540,136,106,budget,4,100,true,8,4920,471,668,0,0.5294117647058824,0.2867647058823529,0.03676470588235294,0.14705882352941177,34,6,normal,false,7,77,30,10380,16450,4680,24000,false,true,true,24390,20,31150,116,3,2|4|6
1937,lookahead,5188,30,0,budget,0,57,true,5,825,77,141,0.16666666666666666,0.8333333333333334,0,0,0,4,7,normal,false,3,15,463,4725,0,0,0,false,false,true,0,0,5188,30,0,
1938,lookahead,46460,93,63,budget,5,100,true,7,4230,340,479,0.010752688172043012,0.5053763440860215,0.1827956989247312,0.03225806451612903,0.26881720430107525,19,27,normal,false,6,58,105,6745,9350,4320,25940,false,false,true,28170,25,18290,68,4,2|4|4|3
1939,lookahead,10983,55,25,budget,1,100,true,4,840,177,252,0.03636363636363636,0.7636363636363637,0.10909090909090909,0,0.09090909090909091,10,1,normal,false,9,27,248,6815,2250,270,1400,false,false,false,1580,5,9403,50,0,
1940,lookahead,13106,54,24,budget,2,100,true,4,1350,156,231,0.09259259259259259,0.5740740740740741,0.1111111111111111,0.037037037037037035,0.18518518518518517,9,2,normal,false,7,26,391,4940,1920,495,5360,false,false,true,4490,10,8616,44,2,2|2
1941,lookahead,7280,36,6,budget,0,83,false,5,915,111,171,0,0.9722222222222222,0.027777777777777776,0,0,3,5,normal,false,9,15,0,6440,840,0,0,false,false,true,0,0,7280,36,0,
1942,lookahead,5962,30,0,budget,0,59,true,6,645,103,199,0.36666666666666664,0.6333333333333333,0,0,0,3,11,normal,false,6,13,1757,4205,0,0,0,false,false,true,0,0,5962,30,0,
1943,lookahead,15625,52,22,budget,2,100,true,5,1860,165,260,0.17307692307692307,0.5,0.11538461538461539,0.019230769230769232,0.19230769230769232,5,4,crash,false,5,28,885,4495,870,675,8700,false,false,false,9120,10,6505,42,2,3|2
1944,lookahead,20835,80,50,budget,2,100,true,6,1560,250,340,0,0.5625,0.2875,0.025,0.125,19,7,keto,false,7,44,180,6955,5110,810,7780,false,false,false,7570,10,13265,70,1,6
1945,lookahead,8950,47,21,lock,1,100,true,4,1840,131,169,0.0425531914893617,0.574468085106383,0.2553191489361702,0.02127659574468085,0.10638297872340426,9,1,keto,false,6,21,185,3480,1640,1305,2340,false,true,false,3280,5,5670,42,1,5
1946,lookahead,52925,126,96,budget,4,100,true,6,4570,429,637,0,0.5079365079365079,0.25396825396825395,0.07936507936507936,0.15873015873015872,34,2,normal,false,9,72,180,8710,14690,10785,18560,false,true,true,15920,20,37005,106,4,2|4|6|6
1947,lookahead,74685,159,129,budget,9,100,false,7,4900,568,770,0,0.4088050314465409,0.25157232704402516,0.05660377358490566,0.2830188679245283,44,2,normal,false,10,99,0,9495,11900,9330,43960,false,true,false,39850,45,34835,114,9,4|5|7|3|5|3|4|4|7
1948,lookahead,17015,30,22,lock,2,100,false,9,6640,123,151,0,0.5333333333333333,0.1,0.03333333333333333,0.3333333333333333,4,1,normal,false,5,11,0,4165,570,1620,10660,false,false,false,7610,10,9405,20,1,2
1949,lookahead,34693,71,41,budget,3,100,true,5,2680,281,416,0.014084507042253521,0.5774647887323944,0.18309859154929578,0.014084507042253521,0.2112676056338028,15,3,normal,false,6,49,388,6975,7210,1800,18320,false,true,true,16815,15,17878,56,3,3|2|3
1950,lookahead,38986,103,73,budget,5,100,true,6,2940,319,498,0.04854368932038835,0.4174757281553398,0.1941747572815534,0.0970873786407767,0.24271844660194175,24,2,normal,false,6,62,346,6950,7680,7830,16180,false,true,false,12080,25,26906,78,5,2|3|6|2|6
1951,lookahead,14541,49,19,budget,1,100,true,5,2500,157,244,0.08163265306122448,0.7346938775510204,0.061224489795918366,0.02040816326530612,0.10204081632653061,7,1,crash,false,6,25,366,5750,1680,525,6220,false,false,false,6220,5,8321,44,1,3
1952,lookahead,9066,42,12,budget,0,86,true,4,1120,121,221,0.09523809523809523,0.8095238095238095,0.09523809523809523,0,0,9,6,normal,false,4,20,321,4865,3880,0,0,false,false,false,0,0,9066,42,0,
1953,lookahead,45467,99,69,budget,5,100,true,6,4430,320,497,0.06060606060606061,0.45454545454545453,0.20202020202020202,0.030303030303030304,0.25252525252525254,23,5,crash,false,8,61,557,7470,7260,1980,28200,false,false,false,25330,25,20137,74,3,6|2|3
1954,lookahead,32263,100,70,budget,2,100,true,7,3035,340,538,0.06,0.59,0.23,0.02,0.1,28,1,crash,false,9,58,663,11500,10310,3150,6640,false,false,true,5200,10,27063,90,2,5|4
1955,lookahead,15714,47,17,budget,1,100,true,6,4845,156,262,0.1276595744680851,0.6382978723404256,0.10638297872340426,0.02127659574468085,0.10638297872340426,5,1,normal,false,4,21,584,4685,1960,6645,1840,false,true,true,3190,5,12524,42,0,
1956,lookahead,3983,30,0,budget,0,65,true,4,620,74,139,0.3,0.7,0,0,0,3,10,normal,false,6,12,788,3195,0,0,0,false,false,true,0,0,3983,30,0,
1957,lookahead,7764,42,12,budget,0,83,true,5,1080,132,196,0.11904761904761904,0.7380952380952381,0.14285714285714285,0,0,7,2,normal,false,7,20,144,5520,2100,0,0,false,false,true,0,0,7764,42,0,
1958,lookahead,53815,116,86,budget,6,100,true,6,2660,436,638,0.02586206896551724,0.4396551724137931,0.25,0.02586206896551724,0.25862068965517243,29,9,crash,false,6,72,150,8755,14840,4230,25840,false,true,false,19990,30,33825,86,5,5|4|4|4|5
1959,lookahead,4811,32,2,budget,0,79,true,4,735,93,151,0.15625,0.84375,0,0,0,2,13,normal,false,5,15,351,4280,180,0,0,false,false,true,0,0,4811,32,0,
1960,lookahead,29796,75,45,budget,3,100,true,6,3940,254,361,0.02666666666666667,0.49333333333333335,0.18666666666666668,0.09333333333333334,0.2,16,3,normal,false,6,38,216,6140,4330,4590,14520,false,true,true,10865,15,18931,60,3,2|7|6
1961,lookahead,4464,32,2,budget,0,70,true,5,705,87,148,0.15625,0.84375,0,0,0,2,2,normal,false,9,9,454,4010,0,0,0,false,false,false,0,0,4464,32,0,
1962,lookahead,80165,179,149,budget,11,100,true,8,6210,640,847,0,0.37988826815642457,0.2569832402234637,0.055865921787709494,0.30726256983240224,46,15,normal,false,5,107,120,11185,14220,14580,40060,false,true,false,37235,55,42930,124,11,2|4|2|4|3|6|4|4|4|2|3
1963,lookahead,6785,38,8,budget,0,80,true,4,890,118,181,0,1,0,0,0,4,2,normal,false,7,18,60,5315,1410,0,0,false,false,false,0,0,6785,38,0,
1964,lookahead,19935,68,38,budget,2,100,true,5,2520,213,296,0.014705882352941176,0.5735294117647058,0.22058823529411764,0.04411764705882353,0.14705882352941177,15,2,normal,false,8,42,15,6610,3510,2580,7220,false,false,false,6200,10,13735,58,2,3|4
1965,lookahead,6446,32,2,budget,0,75,true,7,1410,99,190,0.15625,0.8125,0.03125,0,0,4,6,normal,false,3,16,511,5395,540,0,0,false,false,false,0,0,6446,32,0,
1966,lookahead,2782,30,0,budget,0,52,true,3,330,56,110,0.26666666666666666,0.7333333333333333,0,0,0,2,16,crash,false,11,10,487,2295,0,0,0,false,false,true,0,0,2782,30,0,
1967,lookahead,26298,94,64,budget,0,99,true,7,4315,280,470,0.10638297872340426,0.6595744680851063,0.14893617021276595,0.0851063829787234,0,28,2,normal,false,8,49,673,8340,11420,5865,0,true,true,false,0,0,26298,94,0,
1968,lookahead,49095,117,87,budget,5,100,true,7,4380,391,522,0,0.5128205128205128,0.17094017094017094,0.10256410256410256,0.21367521367521367,30,2,normal,false,8,67,30,8250,7800,7575,25440,false,true,true,28890,25,20205,92,5,4|2|4|3|4
1969,lookahead,4561,30,0,budget,0,64,true,5,840,90,141,0.16666666666666666,0.8333333333333334,0,0,0,1,26,crash,false,8,10,136,4425,0,0,0,false,false,false,0,0,4561,30,0,
1970,lookahead,6642,30,0,budget,0,58,true,7,1525,115,185,0.36666666666666664,0.6333333333333333,0,0,0,1,14,normal,false,4,15,1337,5305,0,0,0,false,false,false,0,0,6642,30,0,
1971,lookahead,4295,32,2,budget,0,71,true,5,655,90,124,0,1,0,0,0,1,2,normal,false,7,13,30,4265,0,0,0,false,false,true,0,0,4295,32,0,
1972,lookahead,6655,36,6,budget,0,78,true,6,1110,119,197,0.3055555555555556,0.6666666666666666,0.027777777777777776,0,0,5,2,normal,false,4,20,1115,4910,630,0,0,false,false,false,0,0,6655,36,0,
1973,lookahead,5020,30,0,budget,0,67,true,4,555,100,148,0.06666666666666667,0.9333333333333333,0,0,0,2,19,normal,false,9,14,150,4870,0,0,0,false,false,false,0,0,5020,30,0,
1974,lookahead,8975,40,10,budget,0,98,true,7,1735,118,196,0,0.875,0.1,0.025,0,3,1,normal,false,7,16,190,6670,1980,135,0,true,true,false,0,0,8975,40,0,
1975,lookahead,3987,30,0,budget,0,66,true,5,710,81,134,0.3,0.7,0,0,0,4,10,normal,false,3,13,922,3065,0,0,0,false,false,false,0,0,3987,30,0,
1976,lookahead,9354,44,14,budget,0,96,true,5,970,148,256,0.11363636363636363,0.7272727272727273,0.13636363636363635,0.022727272727272728,0,9,1,normal,false,2,28,954,5550,960,1890,0,true,true,true,0,0,9354,44,0,
1977,lookahead,6012,34,4,budget,0,76,true,5,690,105,181,0.11764705882352941,0.8529411764705882,0.029411764705882353,0,0,4,6,crash,false,4,19,447,5295,270,0,0,false,false,false,0,0,6012,34,0,
1978,lookahead,7709,34,4,budget,0,82,true,6,1260,118,184,0.08823529411764706,0.8529411764705882,0.058823529411764705,0,0,3,2,normal,false,5,14,179,6230,1300,0,0,false,false,false,0,0,7709,34,0,
1979,lookahead,8473,19,13,lock,1,100,true,7,4405,71,100,0.10526315789473684,0.5789473684210527,0.05263157894736842,0.05263157894736842,0.21052631578947367,4,7,frenzy,false,6,8,313,1730,360,810,5260,false,false,false,5785,4,2688,15,1,3
1980,lookahead,12025,41,11,budget,1,100,true,5,1560,154,219,0.024390243902439025,0.7804878048780488,0.07317073170731707,0,0.12195121951219512,3,2,normal,false,6,16,45,6590,1680,270,3440,false,false,false,3680,5,8345,36,0,
1981,lookahead,21738,65,35,budget,1,100,true,5,2800,242,332,0.06153846153846154,0.6615384615384615,0.15384615384615385,0.046153846153846156,0.07692307692307693,15,2,normal,false,6,38,213,7455,6010,1620,6440,false,false,true,7460,5,14278,60,1,3
1982,lookahead,15256,55,25,budget,1,100,true,5,1900,170,247,0.05454545454545454,0.6181818181818182,0.14545454545454545,0.09090909090909091,0.09090909090909091,11,10,keto,false,8,30,161,5565,2110,2880,4540,false,true,true,4600,5,10656,50,1,2
1983,lookahead,6810,30,0,budget,0,62,true,5,1180,93,181,0.06666666666666667,0.9333333333333333,0,0,0,1,7,crash,false,3,13,15,6795,0,0,0,false,false,false,0,0,6810,30,0,
1984,lookahead,17085,68,38,budget,2,100,true,5,1280,220,309,0.029411764705882353,0.5735294117647058,0.19117647058823528,0.058823529411764705,0.14705882352941177,14,2,normal,false,4,44,200,6795,4460,1350,4280,false,false,false,4190,10,12895,58,2,5|2
1985,lookahead,5215,30,0,budget,0,69,true,5,1125,94,130,0,1,0,0,0,0,-1,normal,false,6,12,120,5095,0,0,0,false,false,true,0,0,5215,30,0,
1986,lookahead,2827,30,0,budget,0,50,true,4,465,63,135,0.43333333333333335,0.5666666666666667,0,0,0,4,5,normal,false,3,15,732,2095,0,0,0,false,false,true,0,0,2827,30,0,
1987,lookahead,43391,105,75,budget,5,100,true,5,3640,387,523,0.05714285714285714,0.4380952380952381,0.22857142857142856,0.0380952380952381,0.23809523809523808,28,2,crash,false,5,53,311,8600,6360,7740,20380,false,true,false,20400,25,22991,80,4,9|3|4|3
1988,lookahead,16550,53,23,budget,1,100,true,6,1680,144,233,0,0.6981132075471698,0.1509433962264151,0.05660377358490566,0.09433962264150944,9,1,normal,false,6,23,30,4945,3450,1845,6280,false,true,false,5210,5,11340,48,1,5
1989,lookahead,29100,89,59,budget,3,100,false,5,2385,286,398,0,0.4606741573033708,0.2696629213483146,0.10112359550561797,0.16853932584269662,22,2,normal,false,6,53,0,7175,5690,6615,9620,false,true,true,9815,15,19285,74,2,7|7
1990,lookahead,5745,30,0,budget,0,62,true,7,1505,94,153,0.03333333333333333,0.9666666666666667,0,0,0,1,12,normal,false,6,12,105,5640,0,0,0,false,false,false,0,0,5745,30,0,
1991,lookahead,8075,44,14,budget,0,90,true,6,840,129,201,0.022727272727272728,0.8636363636363636,0.09090909090909091,0.022727272727272728,0,7,1,normal,false,8,20,740,5160,2040,135,0,true,false,true,0,0,8075,44,0,
1992,lookahead,5835,30,0,budget,0,64,true,6,1125,98,137,0,1,0,0,0,0,-1,normal,false,5,12,30,5805,0,0,0,false,false,true,0,0,5835,30,0,
1993,lookahead,7105,30,0,budget,0,62,false,7,2025,107,162,0,1,0,0,0,0,-1,normal,false,7,14,0,7105,0,0,0,false,false,false,0,0,7105,30,0,
1994,lookahead,4218,30,0,budget,0,64,true,6,525,79,131,0.06666666666666667,0.9333333333333333,0,0,0,2,11,normal,false,5,12,523,3695,0,0,0,false,false,true,0,0,4218,30,0,
1995,lookahead,18701,59,29,budget,1,100,true,6,2820,194,284,0.15254237288135594,0.5423728813559322,0.1864406779661017,0.03389830508474576,0.0847457627118644,14,6,normal,false,6,32,871,5980,2790,1440,7620,false,false,true,4960,5,13741,54,1,2
1996,lookahead,31095,80,50,budget,4,100,true,6,3200,282,372,0,0.5375,0.1625,0.05,0.25,15,2,normal,false,4,47,30,7625,4280,1800,17360,false,true,true,16970,20,14125,60,4,2|3|3|2
1997,lookahead,11516,49,19,budget,1,100,true,4,1680,147,218,0.10204081632653061,0.6326530612244898,0.14285714285714285,0.02040816326530612,0.10204081632653061,7,11,normal,false,5,22,271,4250,2150,1305,3540,false,true,false,3560,5,7956,44,1,4
1998,lookahead,8764,44,14,budget,0,89,true,5,1380,142,221,0.09090909090909091,0.8409090909090909,0.06818181818181818,0,0,9,3,normal,false,6,25,294,6700,1500,270,0,false,false,false,0,0,8764,44,0,
1999,lookahead,5426,30,0,budget,0,67,true,5,1030,105,163,0.1,0.9,0,0,0,2,17,normal,false,6,13,746,4680,0,0,0,false,false,true,0,0,5426,30,0,
2000,lookahead,42635,93,63,budget,5,100,true,5,4080,307,458,0.021505376344086023,0.4731182795698925,0.21505376344086022,0.021505376344086023,0.26881720430107525,20,21,normal,false,5,59,30,6670,5400,4335,26200,false,false,true,25690,25,16945,68,4,3|6|3|3
